repo,sha,category,age_years,files_changed,lines_changed
11ty/buildawesome,358ec48f779fa34e14abef057cc1fa0c1a10aa45,whitespace,2.8876735239688696,84,27339
AUTOMATIC1111/stable-diffusion-webui,9c54b78d9dde5601e916f308d9a9d6953ec39430,formatter,1.1964038139782494,21,3066
ApeWorX/web3.py,05fb86afc398c3f730bd3fdc574b2d45fdfc45eb,formatter,4.230079822293203,10,1651
ApeWorX/web3.py,10edeb1d85817dbf42105128dc15dcc14250142d,lint,4.284297982102568,13,915
ApeWorX/web3.py,2bf7e9e21879359834decc2551aa9e1388401152,formatter,4.24577220701194,12,869
ApeWorX/web3.py,350126eaf5d36fa0387f0a852b10735b66dbb2f3,formatter,4.289747445940122,16,110
ApeWorX/web3.py,39f4453c2fe31be58ae187669a3f355093bf9361,formatter,4.289683277562299,4,132
ApeWorX/web3.py,51b6105c69dbcbe01be552c579c6fc9d66c07188,formatter,4.256776972900347,12,594
ApeWorX/web3.py,69f49ee1ffa8ca98d66d9b960976a490c846c82f,formatter,4.289655328668847,3,34
ApeWorX/web3.py,826425909cb31f47be9d0790b7912c35b8db8ec8,lint,4.2870229358379595,18,3463
ApeWorX/web3.py,831ff0f64a6db983cc2695af803942091ea877a1,formatter,4.2872199406799,31,1786
ApeWorX/web3.py,917e99e474837f1dffcf623785d1d6ad84286912,lint,4.232288133444875,125,12465
ApeWorX/web3.py,b2cc97561d0cf89ad352e4849b13d71f51106f62,formatter,4.270636486931832,8,418
ApeWorX/web3.py,bace32433dc5822bd7ffa05e3a8051ef43bd5e45,formatter,4.284780623368063,3,88
ApeWorX/web3.py,c68f6564ef85c17c5162ce2493d6db16e755516c,formatter,4.2682634610997034,3,1032
ApeWorX/web3.py,c741e55b8ac95fed72a7135e7bb0e9f0d4a40431,formatter,4.276605667097624,10,248
ApeWorX/web3.py,ca1dbbd8087e4c79bd77acdf7cb62705fbc07aa4,formatter,4.2842251945648595,17,842
ApeWorX/web3.py,cdc69f0636524d355af3e489a82129e28c400848,lint,4.229551043171851,100,1604
ApeWorX/web3.py,da0aff211350b32bb5edbedd70ec1cf95dfb201b,formatter,4.268369774634319,3,223
ApeWorX/web3.py,db54c3221a6f097bfc560e31c6e2421dbee82068,formatter,4.284780623368063,1,2
ApeWorX/web3.py,efecadcdea64f9481fcace558a8ea103462e2923,formatter,4.270522156310999,7,68
ApeWorX/web3.py,f13bb3911b026aaf85451118f0d8281e06ef8b10,formatter,4.284780623368063,2,20
ApeWorX/web3.py,fffb936da52d3354191439ef537a11352e85059c,formatter,4.251598790782569,21,384
App-vNext/Polly,63b151ebc191ef35df9e3f29584ca94ec5d7c792,migration,3.7862688861003373,296,99178
App-vNext/Polly,e32730600746b479db0241826b9bdef8eec9bb28,migration,3.7863562818465284,303,100363
ArduPilot/ardupilot,85172b56467668bee9fa0e68081027b13bc18c4a,other,2.8564966600755444,8,84
Automattic/wp-calypso,4537033c6794449ce0a10b69d72daf5fa658d553,formatter,6.446894472329962,3679,34772
Automattic/wp-calypso,5948dacb721fd61e06e193757b066eab21a43cbd,formatter,6.082822838238649,9,71
Automattic/wp-calypso,63917e91dd65dc95273759a786cb706b05d9f89e,formatter,7.730796226582503,143,11291
Automattic/wp-calypso,7e2f527a4197c92a555b825424ddd1ff51f485ab,other,1.6314046061804446,2,15
Automattic/wp-calypso,9f3437d1783480d387f896aa2067510f6fc8b192,other,2.3236744555986513,219,1561
Automattic/wp-calypso,9fb7ac149e55361c0c3a9639ad0caa5e15fc88b0,formatter,4.435341787715162,346,6732
Automattic/wp-calypso,a14b6727ffc1ed68b951c95f8a43ca6e1cb15ccc,formatter,3.685819263822344,1106,6000
Automattic/wp-calypso,b359eb43a7aa2ed3d14381f683965e7f563eef05,formatter,2.3784897140466956,637,2254
Automattic/wp-calypso,b7a4a072ae2a13785fb6ccbf9c34ed8e65739705,other,4.060870408396076,1195,33176
Automattic/wp-calypso,b855b7a8a7e9f6a24e4fc87e8fe251cfd10603fd,formatter,8.987098099982255,3467,135811
Automattic/wp-calypso,d26e6d3d415d1a56256dc3a9beec2a2bab3bf386,formatter,3.0253021459173066,86,1439
Automattic/wp-calypso,d6c65e414a1041b53f2efc726d4bf664e0484718,formatter,3.5278984777042615,38,151
Automattic/wp-calypso,e40f2f68b27bdfa935cf2acd6d604050d5bcbaaa,other,1.6310122125890436,1,1
Automattic/wp-calypso,fb0aab8f67a8738d25d5426343df8599935cdd29,formatter,3.6995798793317616,93,508
BLAKE3-team/BLAKE3,3e14f865d30271c74fc68d417af488ea91b66d48,whitespace,2.8621866998757826,1,4
Bash-it/bash-it,003b0ce802c10ab6e161d7ba5a7d9b6722312cc5,formatter,4.650797842674981,2,1630
Bash-it/bash-it,7c2c2a5525557cbfee98e73de921fd7f7e6811a1,formatter,4.576346680355921,14,415
Bash-it/bash-it,d37505b636ca7bc95301d8daaf9c58a3186ce57a,formatter,4.527187967399295,20,3457
Bash-it/bash-it,d7695d5456b980190b6d1c4a4715b13d1b63c332,formatter,4.633156545491419,2,285
BerriAI/litellm,17bfd415aeb5a57fb646b5cc67da1c730aa7c50b,formatter,0.2668840469490709,215,3118
BerriAI/litellm,2708620d6a599cc73c1950a942d26ac26a7ed3d4,lint,0.15720473039774888,1587,74162
BerriAI/litellm,338e411103ad5d7003e97f34f04fa36bca542dbe,lint,0.15564044794280935,443,5164
BerriAI/litellm,397e8e4918777e4e60a7f5e88699e0a9a7dabb3d,lint,0.1653744581336984,322,1490
BerriAI/litellm,48b5a5a0cc5a694a11219416ee0b6eb6e620e74e,formatter,0.2612718964686795,1355,82810
BerriAI/litellm,4e32a8bf6a1e1af1e04b67c759841ccef44b2235,lint,0.1558061449539889,184,9679
BerriAI/litellm,7b2d3440cba3160277470f7a0180098ae9b87864,migration,0.16495354526326464,262,2130
BerriAI/litellm,7edf3a9cb55548b143df1692f4ed7c4681d7fcf7,formatter,0.32435955205719064,608,29834
BerriAI/litellm,876840e9957bc7e9f7d6a2b58c4d7c53dad16481,other,2.3861248954293104,8,183
BerriAI/litellm,b604e2b20c6db2099085a2f0e59b7e99e87eed6f,lint,0.16509728242958907,1457,62027
BerriAI/litellm,c9887a1f94bc1e7e4bdfe64d640f0509a0bc19dd,other,0.1589535008999417,419,7059
Bogdanp/dramatiq,3dd80a85ec58b39a2ebd9f005af312e3e18ff084,formatter,1.2033265837706288,63,1376
Bogdanp/dramatiq,763b772e352b75d97fa7e6b3513c710dcbe8d327,formatter,1.111865446041524,5,146
CapSoftware/Cap,b0773ee5cd650542153d189bc020753467af21a2,formatter,1.135574061398839,696,181570
CesiumGS/cesium,0207b36ba012628a4de83570d78491a4cce9a40b,other,0.4278463507998073,1,220
CesiumGS/cesium,09a719b8fb4616ecbcd7370e81dcdc998b64b6e2,formatter,2.026643439298299,1514,89900
CesiumGS/cesium,0f9f794b52a6423564bc66d6103c9a09d47a948e,migration,0.4272486500874591,10,5057
CesiumGS/cesium,1143deb5e45ef5a49a2d7cf93945da10b0ebb871,migration,0.5414446282353538,1,494
CesiumGS/cesium,154eb9717014398a79c6b46b467376213d0f98bc,migration,0.5338951948183639,1,2707
CesiumGS/cesium,1e8b83b5207aadc14a37c626f661d0aefb2eba83,migration,0.633065537303217,18,5051
CesiumGS/cesium,254023982555164cd00efec8697ad557796b8bc3,migration,0.42210301163586583,10,1074
CesiumGS/cesium,2cae46317ba6f08d785c6ea7150ef159f49a4cc2,migration,0.1767507668517251,3,621
CesiumGS/cesium,2fd0e8f7e4212bd1e7084299187f70597a6bbfd8,formatter,6.455445629578929,1543,997856
CesiumGS/cesium,38f71256d5a12101588fc9cbc5682f4128cf48cf,migration,0.3702204540269222,1,483
CesiumGS/cesium,498b91422075d589069b5f7b046cc491249af9e8,migration,0.4405888280477603,7,2523
CesiumGS/cesium,50d7fa655b3783f82d2fa360f94aed595b759873,migration,0.4791003118107841,1,1699
CesiumGS/cesium,56c733416702bf6b252c21981d7021788adce99b,migration,0.30150962050346036,9,4280
CesiumGS/cesium,6c8990fbc6be34740f03623b44ef509e71811171,migration,0.550463469972368,3,10728
CesiumGS/cesium,8143df4436b79260e9861f63c6ac134d7910a818,other,4.6904543438030775,1571,119999
CesiumGS/cesium,8185b4d33e60953a4cee7cb8bf6e5a79ece00deb,other,0.44386147869292975,1,1800
CesiumGS/cesium,845947d2a68d07aaa42a84db418f1b68c0f45b17,migration,0.4741410310036251,1,2591
CesiumGS/cesium,899bf65480ab88370c8de06dfd8d1c6dffdfab61,migration,0.5042843245367201,2,1457
CesiumGS/cesium,a37c708ac4a68f2b34f766cdb0a898808ee18ea3,migration,0.6655598017593226,5,5064
CesiumGS/cesium,b0ec78b60e0e2b20c594176cec229cf5a070a48a,migration,0.48218774558268057,1,122
CesiumGS/cesium,b55033ee5f31228ec181fc0dc004c20f33a80b98,other,0.4278119375364413,1,176
CesiumGS/cesium,b80e4fa0cfe28e655c915a6e4bea768e516b2094,migration,0.4822384782112708,1,1680
CesiumGS/cesium,d1623ce1c5a2d932b6a2900867f5af3dbf3f0405,migration,0.4770275306106928,6,2260
CesiumGS/cesium,de556510522d7e8a8f02c93b51d0e4cecd8b6245,migration,0.22751657286992674,2,344
CherryHQ/cherry-studio,4ac8a388347ff35f34de42c3ef4a2f81f03fb3b1,formatter,1.231940958754785,21,14193
Choices-js/Choices,00009d2effa8b41a6ce27ef8b06a35a04215aea6,formatter,2.1325065277460897,8,50
Choices-js/Choices,00433d200d8cccc8b544fbc8f05d5e96bf8ccff7,other,2.0835328732222984,37,1962
Choices-js/Choices,157a47a44a01e3ce4b54ad211b1756ff59985bef,formatter,2.08085671914214,4,31
Choices-js/Choices,33f573247e8badc9ee10defe326f13985342e09b,lint,2.1064548951758053,2,3
Choices-js/Choices,5ad61841143508c9f91f0edd57f81f8b11066e0a,formatter,2.128915760387355,4,21
Choices-js/Choices,5bee41d7ff08e05442b232e3e552dcb6c703568d,other,2.080702239714047,4,120
Choices-js/Choices,62b786d1f13d0934137a62909d3a37db0a3e927e,formatter,2.1323713463634753,5,98
Choices-js/Choices,84a61cad1ddab1e851c98efa619a2cd35af434c1,lint,2.1066208456916877,14,68
Choices-js/Choices,b0199538a82d49de429f35546e412d14fc8bfeb9,lint,2.10277571805207,6,127
Choices-js/Choices,e9382df0ae63edfc7540f82f74cf969342c759c0,other,2.0782046163206327,3,210
Cog-Creators/Red-DiscordBot,14cc701b25cea385fd0d537cdb6475d341c017c5,formatter,8.275278665044237,32,81
Cog-Creators/Red-DiscordBot,16443c8cc0c24cbc5b3dc7de858edb71b9ca6cd3,other,7.266027105990316,20,248
Cog-Creators/Red-DiscordBot,1ecaf6f8d5f2af731bec3eb6ad3a9721ab7a2812,formatter,8.316707480923771,2,95
Cog-Creators/Red-DiscordBot,226d8d734de43e1d5ea96a528a8e480641604db1,formatter,3.35305172129693,7,11
Cog-Creators/Red-DiscordBot,622382f42588ac1d8a52bd3e39bf171c89ff0224,formatter,8.26485157299668,3,12
Cog-Creators/Red-DiscordBot,85afe19455f91af21a0f603705eeb5d9599b45cc,formatter,6.023100806144954,30,137
Cog-Creators/Red-DiscordBot,b88b5a2601f56bda985729352d24842f087a8ade,formatter,8.3171518112911,90,6862
Cog-Creators/Red-DiscordBot,c69e8d31fdadbe10230ec0ea2ef35402e5c4cf43,formatter,4.462478673916901,39,103
Cog-Creators/Red-DiscordBot,d3f406a34a5cae6ea63664e76e8e74be43f9949f,other,8.305487489542932,35,511
Cog-Creators/Red-DiscordBot,e01cdbb0912387749d9459e1d934f9ed393a9b51,formatter,8.316740183030396,12,299
DefinitelyTyped/DefinitelyTyped,05481cc1f767ee8df73f9e450075f86fce53fbd3,formatter,3.0743162344411488,591,35187
DefinitelyTyped/DefinitelyTyped,07b78cb9f9760717cb0880262436a6753d0a97f6,formatter,3.010216556392121,952,97264
DefinitelyTyped/DefinitelyTyped,09e5259775f741b9d8baa279284de06a3f3bfd28,formatter,3.0859193031155727,617,40005
DefinitelyTyped/DefinitelyTyped,0be834b9b536148d6aa365572bc668ed40b8ae84,formatter,3.0201465890942276,1671,114361
DefinitelyTyped/DefinitelyTyped,18d1c4e0b7b846500a2d77091c978d40fc8f7447,formatter,3.1023786029355844,45,7784
DefinitelyTyped/DefinitelyTyped,1e75d3d4cab1e87643d4171b056fd303ba899ce9,formatter,3.0403751235835426,681,28117
DefinitelyTyped/DefinitelyTyped,25061846f16312c6fe4de60969c4cdeb06ab8a50,formatter,3.05287182802241,2,23688
DefinitelyTyped/DefinitelyTyped,3866583ca9244b47878fa0ac8cfdfb23eb2ef0c5,formatter,3.019757395999696,1664,141112
DefinitelyTyped/DefinitelyTyped,3db0a468004b33ab29437f9174d137ae39a04aa7,formatter,3.1300194881740055,2,5433
DefinitelyTyped/DefinitelyTyped,3e16768859508fd925a846cfaec7c8fce3b7702d,formatter,3.012237971201866,485,64773
DefinitelyTyped/DefinitelyTyped,521337ec05e52cc7c740153fe839799d50021cca,formatter,3.0418747623393414,746,37583
DefinitelyTyped/DefinitelyTyped,688320db4a605630c37b70610e8b97f9fd85e9de,formatter,3.012155772302076,3,48
DefinitelyTyped/DefinitelyTyped,72bad25d0f11bdfb26efef984a34e7f9f4eb6cc7,formatter,3.015999727482445,183,12002
DefinitelyTyped/DefinitelyTyped,7e3ed2122891e449b3b42764ad693ecf637ce849,formatter,3.085695331710903,59,7977
DefinitelyTyped/DefinitelyTyped,817274f3280152ba2929a6067c93df8b34c4c9aa,formatter,3.0416580158186934,805,63213
DefinitelyTyped/DefinitelyTyped,824cf7279e4002477305abb270be17f761fc8641,formatter,3.0859105255152484,254,12594
DefinitelyTyped/DefinitelyTyped,841bf968847b863b96924eb4081df7826a8a4ef0,formatter,3.085918225720587,166,8465
DefinitelyTyped/DefinitelyTyped,964e498ae8deab72f825e48b9ebce7c97678f0f5,formatter,3.010351515958121,3103,159871
DefinitelyTyped/DefinitelyTyped,a80f5fb4006291e76ec2fb481461b4b579fc3055,formatter,3.018625307374452,1030,43506
DefinitelyTyped/DefinitelyTyped,a8a179ca7520a9983c401c8c0bd4c203aa6868fc,formatter,3.0122974497426926,54,8461
DefinitelyTyped/DefinitelyTyped,ac2647c1c185030de5b52dde2da7651c0f42e131,formatter,3.0284116979744975,918,124882
DefinitelyTyped/DefinitelyTyped,b36ff6a58d3d9ef64729fa8c73f91bd110594557,formatter,3.022703437523766,812,68612
DefinitelyTyped/DefinitelyTyped,b84746ab5db34e652635f1346d701461a1a7de2d,formatter,3.015115756584785,1599,167212
DefinitelyTyped/DefinitelyTyped,b8a7ab56850afe6e06c9f7267b9c479fcdd4efb8,formatter,3.0481554364083454,407,19416
DefinitelyTyped/DefinitelyTyped,b969f890000ff95740fd7b879cdf3b73e1ea0fe8,formatter,3.0227869673232437,1240,378416
DefinitelyTyped/DefinitelyTyped,c4c6d86caf3a4d88c5ad72579b2093faa7cf7a86,formatter,3.0968410145258196,4,124252
DefinitelyTyped/DefinitelyTyped,d0c02d9f65508d834b39827ba3b9e368607cbc1f,formatter,3.0452449489188025,556,31572
DefinitelyTyped/DefinitelyTyped,d6df71f271f38735049115008ff6b5de169c9450,formatter,3.0088188899029076,56,27631
DefinitelyTyped/DefinitelyTyped,da527cde4392482e6e77810c633b40b600290028,formatter,3.0127674474611505,509,23542
DefinitelyTyped/DefinitelyTyped,dd8677457ec28cd0d26ef40bca302176ceb39a71,formatter,3.0494984092579918,749,4504
DefinitelyTyped/DefinitelyTyped,e4dc6495cdfd9c29449bc91c01bfb9b9ab150f38,formatter,3.015114679189799,843,62961
DefinitelyTyped/DefinitelyTyped,ebeb12c944c2e1ce7dd9bb8e4553b5396f34bb2f,formatter,3.0507937549116537,732,54343
DefinitelyTyped/DefinitelyTyped,f58cd2247f618340c2535d60c6c5dcc286c2900d,formatter,3.07239054934469,1768,148830
DefinitelyTyped/DefinitelyTyped,f87782a6c6f89d8b9eb0eb73500f1b522bf9442b,formatter,3.1354579879331763,45,55066
DefinitelyTyped/DefinitelyTyped,fae616be8a4f6952ede7a8776d157f06797c862e,formatter,3.085703507237559,73,47933
EFForg/rayhunter,9fe75ac961c57e508bf7488ce51d596750fa8d37,formatter,1.4431364869318326,37,2061
EsotericSoftware/spine-runtimes,01cb8449935e245f3d67331a22408b83e3a23e76,license/header,11.170591743351839,18,504
EsotericSoftware/spine-runtimes,02e334942b925ba50a121a9cbcd99acda42f49c0,formatter,5.032278722082794,3,190
EsotericSoftware/spine-runtimes,0bf2fb605976613c8646c3368a879450ad01eec5,formatter,5.117366878343093,5,72
EsotericSoftware/spine-runtimes,0df3eea08b0dba7a4174f9ca645bdcfc499d2471,license/header,9.957548102517302,17,509
EsotericSoftware/spine-runtimes,1800b235458b331b87bed27ce5aee55575163fc7,formatter,5.117377398788247,5,72
EsotericSoftware/spine-runtimes,18bbcfdc6a17bd3659e8b6af9d594f4790b17f6d,formatter,11.550414385124345,2,34
EsotericSoftware/spine-runtimes,26e4fb0d74eea7952e0cbfc94b48ca712687cc84,license/header,12.439437821634092,216,7768
EsotericSoftware/spine-runtimes,27270a5781c93ea7d14f169d73dfa89f38076110,license/header,11.43630320429944,335,8733
EsotericSoftware/spine-runtimes,2902fb2ec9ea4888c0dc2671835fae74b0829e41,formatter,11.98673330671534,38,2462
EsotericSoftware/spine-runtimes,39df4c7cbb2fb3d19a4df9228e362a542717caba,formatter,5.09317654067483,66,1422
EsotericSoftware/spine-runtimes,4047f1ba077f9c74d291e19dca830afd02e51287,license/header,3.168914302735316,791,9733
EsotericSoftware/spine-runtimes,45362e60bf4dce3d68193d3e70a9d5e1855426e9,formatter,7.091783754151139,297,10995
EsotericSoftware/spine-runtimes,462faef9aa4bc390cfbb768fa553b31b9e0da2bb,license/header,13.5313508948716,13,312
EsotericSoftware/spine-runtimes,47ce2a40c18b8ea471e6004f7e2c6cbf5b36af76,license/header,12.997635149694528,190,1128
EsotericSoftware/spine-runtimes,4edc23ac2f1c00782b4f637fb2543d784bd8dda9,license/header,13.449328434354957,1,24
EsotericSoftware/spine-runtimes,528a182c93395709544e1ba9293f6e6d6a8a9431,formatter,11.545994467259868,1,10
EsotericSoftware/spine-runtimes,56ef82b8439a7e46fe45be86c562da85b45c0b5c,formatter,9.561558451846782,89,12301
EsotericSoftware/spine-runtimes,5874b5d276a692f94dc32c634c9b2668954d8962,formatter,11.998075899307931,1,71
EsotericSoftware/spine-runtimes,5aa27771c30a6efb853f1774902a93e2746a2ab6,license/header,9.964064472583466,443,123533
EsotericSoftware/spine-runtimes,61f63549d41f6190655b480bb46bd491f5f14e12,formatter,5.123045447055543,67,28066
EsotericSoftware/spine-runtimes,6e9bcfd1d520d2296a0a61416c0b5338856ce8d0,license/header,13.531394877937485,83,1850
EsotericSoftware/spine-runtimes,7611f551ebd22aac5ce044ef213cf9756cbbcec7,license/header,6.188420697391437,16,388
EsotericSoftware/spine-runtimes,7707f3517fa025ebe74fa000267f70978e41558a,license/header,13.503534267498162,34,850
EsotericSoftware/spine-runtimes,7b27ecda898daa4e1aa3366d0b1332078f3aa093,license/header,9.791616662864095,24,723
EsotericSoftware/spine-runtimes,7c016543210bddd8ea029b495d945c1df6ee7d68,license/header,7.415515565188734,3,105
EsotericSoftware/spine-runtimes,7f7e5f0fec0a955ba1612c88940e9da707a126e5,license/header,7.415531821177783,801,38288
EsotericSoftware/spine-runtimes,842dffbd8379b17e4d8a14d9fcac2bd6130b914c,formatter,7.094711004639136,297,10995
EsotericSoftware/spine-runtimes,87658c7d313c365c717ef6f2a6b35c12a315e252,formatter,5.250002154789971,193,38547
EsotericSoftware/spine-runtimes,91340709d4812efb3f3184a0d1981eb948295f13,formatter,11.160516198950491,28,1788
EsotericSoftware/spine-runtimes,96a998b82d495ece9aa1f257f904005ee4e6ed95,license/header,5.015045092148959,679,2887
EsotericSoftware/spine-runtimes,974ae1d6400367201c424baa6f1572457814d07d,formatter,11.542451453849468,1,2
EsotericSoftware/spine-runtimes,9a347d5eb8ad095c5e739d959de485b6add7f0b3,license/header,12.990642412604254,191,446
EsotericSoftware/spine-runtimes,9d8791385e90e76e22dca5aca9078976db417a3d,license/header,13.531351750449971,13,312
EsotericSoftware/spine-runtimes,babe296157dc51051f69f1e61a5be31869157b0c,formatter,5.063240202043248,3,198
EsotericSoftware/spine-runtimes,bdd90b6854137846525d75aaba14adf01901c65a,formatter,12.085267986158643,2,122
EsotericSoftware/spine-runtimes,c0fdc454a2fb8df095aa47c252c20961a8059257,whitespace,9.95761306309732,442,5282
EsotericSoftware/spine-runtimes,cd5f56173980b382f480c563c6b1baca1855e247,formatter,5.045655151215555,2,5
EsotericSoftware/spine-runtimes,d12b15ca8d53e3c56b31526f67a93196b036f274,formatter,5.117635466575405,177,3706
EsotericSoftware/spine-runtimes,d4f2011aba618b22ebc6e7c5ea230197114f4e72,license/header,13.457963913605598,11,287
EsotericSoftware/spine-runtimes,d520addb9bfdf552881cb6871d70159a80e1ff6b,license/header,12.717552602225771,205,8769
EsotericSoftware/spine-runtimes,e2fccf72d6541c598172a538d4d497e6d13340cc,license/header,13.027197980835044,181,5571
EsotericSoftware/spine-runtimes,e9cce58a1f660c08b480df15ea8d8b7f203f9d87,license/header,1.80688521940832,82,556
EsotericSoftware/spine-runtimes,ec8509b51120f2bb46147e8814e70fbebf8b2887,formatter,13.516853816513297,8,307
EsotericSoftware/spine-runtimes,ef5013143178918ddfc7cabfbddeae7aec7cf84e,license/header,9.964047361016046,30,491
EsotericSoftware/spine-runtimes,f08d58dc985f6a3a0eced59569aa49c519a9b150,license/header,1.487164835095191,1107,14938
EsotericSoftware/spine-runtimes,f84ae17615c506bf98c575bb800d2cf3b793df4d,license/header,9.964604786168783,48,12982
EsotericSoftware/spine-runtimes,f935a4ede0672a17e132b0f3478e52b0030c0af1,license/header,13.471764075848608,27,670
Eventual-Inc/Daft,45e2944e252ccdd563dc20edd9b29762e05cec1d,refactoring,2.0124121289324917,209,2536
FEX-Emu/FEX,2b4ec88daebd35fefb5bf5c73d7fc2b4155771ed,formatter,2.4613017149593124,447,149668
FEX-Emu/FEX,5267cde60e7642852d18f20ae8568643bb5293d5,formatter,1.2000956029609349,31,545
FEX-Emu/FEX,8760c593ece92d7e9fa94c40da0368fd367c9cad,formatter,1.6830628438157529,8,5145
FEX-Emu/FEX,905aa935f5ce344a48ef4d5edab3c31efa8d793e,formatter,2.4538601477932414,4,31
FEX-Emu/FEX,9fdd96af61c969cb5732471223f00eda64b7a069,formatter,1.0464898471366644,25,254
FEX-Emu/FEX,ba2b0ef809f66f1a6d334f000798fa2ceafab26f,formatter,0.6789344880472533,2,406
Flagsmith/flagsmith,1f7083636d3b163588fe9a8b45af289bd40b1a8d,lint,1.613140669759424,27,224
Flagsmith/flagsmith,5de0b425b0ee16b16bfb0fb33b067fa314d040fb,other,1.613430710827186,663,15633
Flagsmith/flagsmith,95a1721cf187835707b7c4f17114d063cf74a3a4,lint,0.5348644700484194,252,4135
Flagsmith/flagsmith,aafc84b1ad52a66f544c604ce3ee7daf8811f8de,lint,0.5340956853499632,250,5802
Flagsmith/flagsmith,f7487ac5278d60e62067e2f4d5976ceb755f4980,formatter,1.6045908750982332,204,1446
GetStream/Vision-Agents,2bead86f3b8991d3b9654165e875e8482cc0428f,formatter,0.8488991241412528,136,5400
Giskard-AI/giskard-oss,7e9ea13e0d06f6d0a1cf1821ee39a08511d02f03,other,3.3105030800821353,58,4951
Giskard-AI/giskard-oss,c75f43099c1fa1ee3863aa5d38eeaafa2f78d745,other,3.310507769919132,52,1532
Giskard-AI/giskard-oss,f7bbe212aec81c3c4bd8aadff08080ab82d31cee,formatter,2.7398904225923393,137,673
GoogleCloudPlatform/generative-ai,030647d76d06d3a69a0f4b716ad1035de6808653,formatter,2.4887127664968185,4,56
GoogleCloudPlatform/generative-ai,0538e91f7c69c34174c722ae1ed1552261c8b805,formatter,1.7279090298375035,1,73
GoogleCloudPlatform/generative-ai,076464885ddf63d57d91cac830ff83f774d5c877,formatter,1.796581901031764,7,15855
GoogleCloudPlatform/generative-ai,08734ab993a4f5ac1a10561919b54c39ec3af04e,other,3.272477374705301,0,0
GoogleCloudPlatform/generative-ai,0c961fcb3c9cb7bfb5e1ab73acbb8fe7caebcbd4,other,2.62281586685933,1,178
GoogleCloudPlatform/generative-ai,12bea7f71729db4d19fa2eac5715d326cae39a22,lint,2.166540009379674,2,387
GoogleCloudPlatform/generative-ai,21d4430e8d4b1e2cc2d65b643f88465c81cb76bd,lint,1.9005169911526858,37,2595
GoogleCloudPlatform/generative-ai,221c0b03b29e4abf5a8d07daf2c47d7752a053a4,lint,2.1716041143813216,5,597
GoogleCloudPlatform/generative-ai,2b29d1d9a7418fa941709179a1f284be91f3195f,move/rename,2.4476916495550993,24,150
GoogleCloudPlatform/generative-ai,33c6bcca6009219efbf05746b9e634c7d4d7dcba,other,3.2751544477400056,0,0
GoogleCloudPlatform/generative-ai,344921c7c585c5e4c54863a58f59efabdbfe06f6,refactoring,2.094597814789464,4,5113
GoogleCloudPlatform/generative-ai,3495535bb8a42cd96bb65058396c464611bf6eb9,other,3.2802428891930946,7,399
GoogleCloudPlatform/generative-ai,38a81c39a9f2afa674eb89d76bfe5e7671eacf6f,formatter,1.8043383210383552,6,5394
GoogleCloudPlatform/generative-ai,3e27e38b7eb154763d4c20d11d9c74a6dc08655a,other,2.0671555821735494,3,2200
GoogleCloudPlatform/generative-ai,3f0974fed57315c6123864fa2334609f3332029a,formatter,1.9717633470225873,6,56
GoogleCloudPlatform/generative-ai,3f89a238eb0b0077ec82544c4fdc1a3fa781416c,other,3.2723992318807515,0,0
GoogleCloudPlatform/generative-ai,401df3220d24516eac92f5b4539a76cd7d757814,lint,3.277447841407458,10,1313
GoogleCloudPlatform/generative-ai,418725cc5d10af3952179afa1ba9f9477c767ac2,lint,3.247436813952899,1,1979
GoogleCloudPlatform/generative-ai,43626f81127ddba7a181df451455e103cebee3a5,other,3.3052457411209977,1,1246
GoogleCloudPlatform/generative-ai,4d099b05aafd58ab6f3bfb816fd312d8d2c7ffcd,formatter,1.8404773493548305,1,1745
GoogleCloudPlatform/generative-ai,5742823bffccefce65087e6530649b4c9beddd67,formatter,3.2015343055238676,1,2680
GoogleCloudPlatform/generative-ai,5a653d1d93f15995a306bfeb0c0c5d8f0b909242,other,3.2458419841813066,7,8172
GoogleCloudPlatform/generative-ai,5aec8dc940fa015601f1a9c727331291daffdc3d,move/rename,3.120052317032981,53,35144
GoogleCloudPlatform/generative-ai,647a33fcaeb34ee456e4518b4ca443f82a92c501,formatter,2.535758105812863,6,3100
GoogleCloudPlatform/generative-ai,6664dd984baa77f8358fa0ed8b57bde2b897e116,formatter,2.0731790757218547,10,1531
GoogleCloudPlatform/generative-ai,67f18b9c0b1beb1174bd55daa2069ab0f9b3e99d,other,2.1500559611630794,1,1875
GoogleCloudPlatform/generative-ai,6862d06d1bed3bfb73e4a15d6d22db70980fa345,formatter,3.311764234289046,1,272
GoogleCloudPlatform/generative-ai,6ba714a7cf1d8d460f5518e5bf220b76088aec09,formatter,1.7028816196415444,9,3323
GoogleCloudPlatform/generative-ai,6d74fa5d6d8a9a694951a8dac296c1cf314c9d5f,formatter,1.807529660050194,12,2614
GoogleCloudPlatform/generative-ai,6ddf4cdd146b928452950408a8c4c1324351681b,other,2.623127329074454,1,115
GoogleCloudPlatform/generative-ai,7a5d55d1087fbf1617294281c0eebd212bf1e52c,other,2.6231452328440694,1,133
GoogleCloudPlatform/generative-ai,7adb28cb68e34608e193bb47d123df7051714a46,other,2.067767003827921,1,2189
GoogleCloudPlatform/generative-ai,800d05b4a3a28fe23b971e702e76df0c41e6d308,formatter,1.9936337680938983,22,166
GoogleCloudPlatform/generative-ai,812b47dfb4c12a5621417a6da8cf5796b44e70d3,formatter,2.5109261160544527,2,2121
GoogleCloudPlatform/generative-ai,824b32b10f7c3701de214784307b4abb22e5fb0f,lint,2.3550165728699266,96,1323
GoogleCloudPlatform/generative-ai,84ab588c313ddfd08aa6288ed2eef5bf784b1a1a,other,2.0836593086926762,4,1113
GoogleCloudPlatform/generative-ai,8db09b75bdf1e2955f06fc77decfd06bfde13957,lint,2.225962557355439,131,3262
GoogleCloudPlatform/generative-ai,8e28e0cfa5031892beaebecbe6308696964cc2e5,other,2.0732346566278803,10,69
GoogleCloudPlatform/generative-ai,94cace18604ef473e77e54a516b76ac263fae42b,formatter,2.429120116865668,1,1844
GoogleCloudPlatform/generative-ai,96f901d9b1f52a2c2dc467679354cfa78b9cec4a,other,2.0348256204527595,24,86
GoogleCloudPlatform/generative-ai,9b71a07da1a2824d108954d5155521ba465df1ef,lint,1.8019035984992522,1,428
GoogleCloudPlatform/generative-ai,9c40a06d35cdb95ddbbf78018d0d87a2a945a35e,other,3.2476312837478134,1,62
GoogleCloudPlatform/generative-ai,9ee2011ee29828b417b7ac9ac31c4a29643a16e7,other,3.3115922313483916,11,13877
GoogleCloudPlatform/generative-ai,a043e43746eea8aeca5dbfb17f2d496a2747b6a3,refactoring,2.507621872385733,1,474
GoogleCloudPlatform/generative-ai,a265634234d6c03c83dda1dd29484bdafbf98489,other,3.2557750589398435,0,0
GoogleCloudPlatform/generative-ai,a27d6c3304d0c8fc5978da93e7c4e7bfebd2eba3,other,3.2775142913276043,0,0
GoogleCloudPlatform/generative-ai,a41f948147f9c16c9b1255038929ab1d1ac07def,other,1.8566847605648085,204,12398
GoogleCloudPlatform/generative-ai,aa073fe0b74e3813593476ff9a13496d24e2adab,formatter,2.48877246685426,31,1210
GoogleCloudPlatform/generative-ai,abf108d802b8f0230b38553d0413153a25a01b97,formatter,2.064391366897356,1,3374
GoogleCloudPlatform/generative-ai,afdcb95a39e574515a080cbe544fe35e7bf6d28b,refactoring,1.9551773582274952,120,408
GoogleCloudPlatform/generative-ai,b086ad4760a3437f0bf21a144b343e48bd0a015d,formatter,2.0370807665982205,141,195109
GoogleCloudPlatform/generative-ai,b5c2d85557d877bc99bf18fdf549423dc54bb108,other,2.2974389053666946,8,596
GoogleCloudPlatform/generative-ai,b5dd69e1fc58a01c0c9bf07c4ed30aa132b77553,other,1.8813652812634674,75,2432
GoogleCloudPlatform/generative-ai,bccaf22a73e3965cb02ed7ca3022ca859c53f2b8,lint,2.7218432960681422,5,400
GoogleCloudPlatform/generative-ai,c867107284b92cc641e6d274f8088b764b9c2fa2,lint,2.945877348087307,11,1404
GoogleCloudPlatform/generative-ai,ca7ceb9f8358a5d79c31d2511f705bcc55c24232,lint,1.788234751692144,6,226
GoogleCloudPlatform/generative-ai,cac56b435fc03002ce6896eec78dff6876bc9dc1,other,3.27765438436383,0,0
GoogleCloudPlatform/generative-ai,cb2d315aab7438ec45db9928536e7c4c3802fc49,formatter,2.3989666831444723,12,327
GoogleCloudPlatform/generative-ai,cbc49cc90875655dcd26647835edfcb41c6b2caf,formatter,2.03201365122823,29,359
GoogleCloudPlatform/generative-ai,cf0063a41156c362f0f9823a016343daf46ab46b,other,2.0643755862296245,3,2672
GoogleCloudPlatform/generative-ai,d6572fcc7d5d602a96f87fe1754fae9c15b058e8,migration,2.735305346414176,8,162
GoogleCloudPlatform/generative-ai,d699c642fa8312e1a0bfc1ad2673bc17648a3c1a,other,3.2802428891930946,2,245
GoogleCloudPlatform/generative-ai,dbca58d5b3fe8bcb3a18b0708692545d4e13c70f,other,3.3491245848860496,0,0
GoogleCloudPlatform/generative-ai,dc699bc4cf3272a79a07ab93b0576d79afbe77de,other,3.255771002864603,42,5844
GoogleCloudPlatform/generative-ai,e32ff08d8f83a614f2b4206a15a5c8aa00adaa48,other,3.3025706327477375,0,0
GoogleCloudPlatform/generative-ai,e8cdc7edfeb79312ebe8dcdcf4662ab64ee5bbc7,formatter,1.5502827844956524,5,7318
GoogleCloudPlatform/generative-ai,eeced39d16e4638ba6df67a6401e15ca376cd73b,style,2.6285766027834816,2,57
GoogleCloudPlatform/generative-ai,f35a605a4eaef3a8f0c65f598fe978294cf0e900,other,3.198936737901488,21,5195
GoogleCloudPlatform/generative-ai,f3fd6359f6424af47ba9d5f63145a69989e5c920,lint,2.2069313255760896,5,23
GoogleCloudPlatform/generative-ai,f5e47957685ffdc4fd4c01385bb11152d8829232,formatter,2.726681813572642,38,10473
GoogleCloudPlatform/generative-ai,fc5d62431a71187ee6f92a8ccc492ca10e5dc2c3,other,3.201499638755799,0,0
GoogleCloudPlatform/generative-ai,ff92e99df5faf575245b635a1accd87e56245149,style,3.1188680381271072,11,3191
GothenburgBitFactory/taskwarrior,93356b39c3086fdf8dd41d7357bb1c115ff69cb1,other,2.159873532841534,418,45650
HKUDS/LightRAG,21f4e698e555ace903ffc725e2914fe57b660bb1,formatter,0.28516544350647705,50,1323
JuliaLang/julia,100a741e7ab38c91d48cc929bb001afc8e09261f,whitespace,4.548372404745608,25,162
JuliaLang/julia,3903fa54a638d4546ef50e56f91f0705a8ab11ef,whitespace,4.548372404745608,116,368
JuliaLang/julia,b03e8ab9c7bd3e001add519571858fa04d6a249b,whitespace,3.410667382817451,10,126
JuliaLang/julia,e66bfa5dd32f93e76068c00ad882c1fc839c5af8,whitespace,4.548372404745608,1,80
JuliaLang/julia,f1b567507731129f90ca0dffc8fbc0ed98b6a15d,whitespace,2.3398089208304813,12,146
JuliaLang/julia,f942c29bb0d02cc24f19712c642ac72ffc85a26b,style,2.338588295687885,49,544
KevinMusgrave/pytorch-metric-learning,025e647af5bdf6262c162e811c97ee0feea3f6a9,whitespace,4.6584957030952925,4,1362
KevinMusgrave/pytorch-metric-learning,ec2a6fe862d8bd1a22c5e3a60051921569fe654a,whitespace,4.673523842117271,34,4716
Kong/insomnia,b30978e33b067c2d156886475966152d46202108,formatter,1.4670269602251123,682,69769
Kong/insomnia,b429feb2f2ec08975ca2ff45b3b5a556aa8d0e35,formatter,1.488401716226836,48,1106
Lightning-AI/pytorch-lightning,2bab2bac01694680b6c3e4f3a19d5bcd361fcaf4,license/header,3.6302890904251273,7,98
Lightning-AI/pytorch-lightning,35401706bf0b89b07bc1748fdc2df612baa2be2a,license/header,5.708736183993713,4,54
Lightning-AI/pytorch-lightning,44d85c12191098b9bad40536375b29b154d91a47,license/header,6.155917465206479,1,14
Lightning-AI/pytorch-lightning,770b7929255389503e907350e2380ff449229816,license/header,3.6218679177123736,623,1246
Lightning-AI/pytorch-lightning,98f7696d1681974d34fad59c03b4b58d9524ed13,license/header,3.654932409308693,215,430
Lightning-AI/pytorch-lightning,d471fa30b3bf95cfe601014bac544754067241ca,other,5.494666387811494,4,52
Lightning-AI/pytorch-lightning,e4c3441b25a8c194a873c8850e9507771de7053c,license/header,3.6549336134560297,119,1630
Lightning-AI/pytorch-lightning,f43028f3ae5333b4ef0b08cc34f5560736381962,license/header,6.08734720004056,62,857
MaaAssistantArknights/MaaAssistantArknights,0d1cd4aefbc639850ec84de2573e370b76f09269,other,0.7707799072172788,36,1465
MaaAssistantArknights/MaaAssistantArknights,35b8562a8efb82238281d486f1c0a2efed3b9b84,formatter,1.9398258422693742,0,0
MaaAssistantArknights/MaaAssistantArknights,d8cf3bdd79e948f30e73877652d7168e85175b76,other,2.1145762985778385,1,38
MaartenGr/BERTopic,39bbfdb8298b5faa32e4bc052080d240f6140bea,lint,2.1547194336704947,52,1722
MaartenGr/BERTopic,6ed123ecc4aec9da26bd48748df670cd5b42b3cd,other,1.4649287334905063,61,2166
MaartenGr/BERTopic,70d7725e5c89bccfe7d4e5a3ccd87e05c642d74b,lint,2.1870332344664996,76,7031
ManimCommunity/manim,24025b60d57301b0a59754c38d77bccd8ed69feb,formatter,2.3549387786143434,22,201
MetaMask/metamask-extension,09d81ac5f2c94d7730d2e981b4f05734858030bf,other,5.424442226278297,2322,190104
MetaMask/metamask-extension,29742b951954f1b463de331df84ff75b22a9498d,other,5.318195616903694,2318,189918
MetaMask/metamask-extension,2ebf8756a4c1023e45e4bd98367f384836cb464a,formatter,5.908609304890105,834,44327
MetaMask/metamask-extension,31175625b446cb5d18b17db23018bca8b14d280c,move/rename,7.52948915633635,1373,107843
MetaMask/metamask-extension,4f3fc95d5062abce22d3c9cac5587269f4c98c91,formatter,6.634919765761655,202,5634
MetaMask/metamask-extension,5a233e463457ca2ac9b3342f4cc848303a44e929,other,5.542044040104444,400,73528
MetaMask/metamask-extension,5fd2b7fc25e709ce658eab0bdee162fa566dd2d9,other,2.6021187606155096,247,2908
MetaMask/metamask-extension,76a2a9bb8b6ea04025328d36404ac3b59121dfc8,formatter,5.651871308337769,1169,65482
MetaMask/metamask-extension,92971d3c87fb778b5900e84bf4129f7c483ba98a,migration,6.72678274013233,375,4766
MetaMask/metamask-extension,9fdf85d3ecdbf73abe5c8d6ad3a99e47dec79f9c,formatter,0.4224754417319441,98,2268
MetaMask/metamask-extension,a78cf0ef3a463c5d9d56453e2f777e08cc2dcce7,formatter,6.623544122493472,273,1417
MetaMask/metamask-extension,b6ccd22d6c0ff6b9797c7aa24429f3df6d031af7,formatter,6.11477400055771,299,1898
MetaMask/metamask-extension,c1e3c229bc008ddc7ca3507e75845ed73b837e1c,other,6.117186097802114,295,818
MetaMask/metamask-extension,c4c12ecd53ee8d1c76d4329af21649ce93d5f9bd,other,2.645070854564352,1098,104324
MetaMask/metamask-extension,dc7325148c1ac03f050422e07156087b53af92d2,formatter,1.590840716657794,57,1155
NVIDIA/DALI,15cf484bbd3571461bd45857d34a35f04663a29e,formatter,4.2720903364007405,21,1898
NVIDIA/DALI,5314b02f9029f45029225dd9dfdd187f29fb13f7,formatter,4.306702189013106,27,1678
NVIDIA/DALI,5b000e779a4eec10516bb7bfe8259eb4e15a0035,formatter,4.296004860952671,21,1245
NVIDIA/DALI,75e58f3369748e36e07e61d2447c6980f9fcd196,formatter,4.309201935508404,24,1380
NVIDIA/DALI,7e71c25746346d1e9d081a6bd4713fce516a68fe,formatter,2.8331649428346894,382,81437
NVIDIA/DALI,8c06d53b7a900eda956c82e317a1ae7bfb240217,formatter,4.273541999391589,20,2283
NVIDIA/DALI,91f0e8cc0336148a6b5d2177486315685838d5d3,lint,4.178436763251958,15,923
NVIDIA/DALI,939084794fd412243055a33893c555b66b7647bf,formatter,4.230251254848278,23,1067
NVIDIA/DALI,953d588ab009ed3ab5fc8efd19f83897e6be6fef,formatter,4.322694913428144,162,6866
NVIDIA/DALI,dd1bc133b58e84fbd61cd04db053aaef5f6900b8,formatter,4.230329777929881,20,1516
NVIDIA/DALI,e719fabb8b2c0aabad4d8c7dffab6cc412a7ac30,formatter,4.247232742667377,14,1277
NVIDIA/DALI,ea2eff0627a85a0274575c7d761b940fd9b45d3c,other,2.318323319897584,133,19545
NVIDIA/apex,16fadfe71c0d57312351c2d8b056251a0c8ce1ef,formatter,0.8325442682586762,177,18089
NVIDIA/apex,1f20398756f0eeba37d6887a2d3f65e0687ec94f,other,0.8350329239232388,196,62973
NVIDIA/apex,27e0e8951352d9d58c88b2895cd8f2c752bda963,other,0.8347922212082034,1,14
NVIDIA/cuml,1bcd5c731a76b261ed12cbb138361f0be58b0cf3,whitespace,1.6829768106573377,47,195
NVIDIA/cuml,2f1157047c4db32897bcfe2c477c55c0708a34ec,other,2.0874333599513273,1,2
NVIDIA/cuml,3bab4d1f79bbf811ce86759de223a0d6aebcd239,other,3.6195240132329456,275,33766
NVIDIA/cuml,6e759810119631e8360287d247afe1f452ff443d,other,1.5523891233807388,34,134
NVIDIA/cuml,6f7a1052f545c7d51d6893ac5791ace574671ed5,license/header,0.9356930818566684,1088,15727
NVIDIA/cuml,71bc290649b52c40d61e4cf98ba2d7643a9ee617,other,1.606521788729181,2,16
NVIDIA/cuml,84989a5aad40cfa0d9bee427b0cfdac8fa177a5f,other,2.526873780008619,1,2
NVIDIA/cuml,990db7190ddbc026dcbf88936a9cd9ad860106fd,other,2.1408339987831773,1,2
NVIDIA/cuml,99f5ee8770683b51a4fd002781247610aeeaeadb,lint,1.2320372588536517,14,461
NVIDIA/cuml,b01e2d1d4cf358dbc0a435a663c546fa9cf3e3cb,formatter,1.4537358037366592,395,5572
NVIDIA/cuml,c52ca5265c8477be9a1d4b3863dd42a6c5527cd2,license/header,2.5518111960351866,2,330
NVIDIA/cuml,cc68aee1b224cdca0587ecd7c57b098b07b9b1af,lint,1.5470089930793216,17,122
NVIDIA/cuml,d41a081cc5809ef0f14e1c7f4f77749ab044ec93,lint,3.5483799148224198,127,641
NVIDIA/cuml,da72b463715e28d29e8db3be8d7c339ddcba4dcb,lint,0.875704584632545,164,2090
NVIDIA/nccl,0f900e1bb7806fcc4252301cf7977d3d68beb0e2,whitespace,0.29610512206251427,19,81
NVIDIA/nccl,50bf0bca1a6b88b2a3e3cebf41f3b827fc9fb19e,formatter,0.29610509037442645,298,40767
NVIDIA/nccl,64632aac5a3157d0de49a66f912d54598ac8ff2a,formatter,0.29610509037442645,7,20
NVIDIA/nccl,754e024b2e27c6c00e54b2be6ee233f04d61072e,formatter,0.29610509037442645,50,352
NVIDIA/nccl,8f93c896f77b6bbdb9e6543c02a46bae7f383631,whitespace,0.29610512206251427,41,402
NVIDIA/nccl,9ec1b126071f4c525f3017a0c0f7c791711b8760,style,0.29610509037442645,45,816
NVIDIA/nccl,9fcb8e72573eab784abdbfb80833aefc9cf6ac7a,refactoring,0.29610512206251427,29,551
NVIDIA/nccl,a0f382ae4eb3be32851e579098ebb0023481ffd6,other,0.29610509037442645,1,2
NVIDIA/nccl,a1234caf1174d761558a978b4cb66f17955a164c,style,0.29610509037442645,10,88
NVIDIA/nccl,a3ce94021e982212cc9c5af7fe74979ac77eddf5,formatter,0.29610509037442645,28,412
NVIDIA/nccl,c18643fb59301bb50a1f69a4e1723fe073b7a22b,formatter,0.29610509037442645,2,7
NVIDIA/nccl,d4ff2c08ca1c187493d409a86f39393dd7e466bb,other,0.29610509037442645,3,18
NVIDIA/nccl,dcc4eac2a5a301a3e8bf3bc10c3252d22383f5f2,other,0.29610512206251427,7,14
NVIDIA/nccl,f4bf55d0033915b030380a8e1733b390235dbae6,formatter,0.29610509037442645,1,12
NicolasHug/Surprise,9750b8834efe8718eb4c7d577ac99f0981442cef,lint,3.7926604367886023,68,3362
NixOS/nix,1d943f581908f35075a84a3d89c2eba3ff35067f,other,1.1116978477450756,19,493
NixOS/nix,385e2c3542c707d95e3784f7f6d623f67e77ab61,formatter,1.1438129642304864,62,898
NixOS/nix,e4f62e46088919428a68bd8014201dc8e379fed7,formatter,1.1966516465130428,587,46439
OSGeo/gdal,00d12b027399a7226b8ffbaa92f3e4cb01f5df08,formatter,3.7869754353943264,4,780
OSGeo/gdal,00d3ec7e72175ce562915951e1fdae527872fc6f,formatter,3.7869788577078105,1,3111
OSGeo/gdal,010ccabf19ede29002e940fbe2f39b90318e1217,formatter,3.78697581565138,7,1328
OSGeo/gdal,0302dfd678a7cac1a4c63a74ab274cec04e1c2e1,formatter,3.7869792062767766,2,1497
OSGeo/gdal,030620d05f171673ef0f95f96b690c5749017cdb,formatter,3.7869762275965217,17,8708
OSGeo/gdal,03a9df0cd7d19b1a033ca40350125f0725716e60,formatter,3.786984561563617,1,364
OSGeo/gdal,053518e2599351a7ac29839594f8664c3ede30d3,formatter,3.786975150201536,6,2987
OSGeo/gdal,0673fcc0b83819f7609f6687a339912302f3cf83,formatter,3.7869764494131366,7,4692
OSGeo/gdal,09c1d3a1bf248610083e10dc7f743cbccca277b5,formatter,3.786976861358278,6,2689
OSGeo/gdal,0c6f48501c15f2ef4d4f47fa9012ffa8817897ca,formatter,3.7869787943316346,1,666
OSGeo/gdal,0ffaf66fdd6c4f7135a9dcf6aa1511d11b15575d,formatter,3.786975720587117,18,4961
OSGeo/gdal,1142a586a5f57da74a3b15b2a01cb7effe65e5f2,formatter,3.7869758473394683,12,3623
OSGeo/gdal,132eb4504c3d186b07c931a2d2ad7129cbd11b9a,formatter,3.7869849735087584,6,6309
OSGeo/gdal,14e6c597f64a96a4095d7168bcb670c1d5294baa,formatter,3.786978604203108,1,552
OSGeo/gdal,15c4e7ad96848c843c034fc1e6c3374e5c8c5911,formatter,3.7869802836717623,3,3388
OSGeo/gdal,162286713a538cee5071fc819fcf939830c6bc21,formatter,3.7869853220777245,2,410
OSGeo/gdal,16a3e6fb5fa615c55dbaf56db59120b76e55b23a,formatter,3.7869780338175274,12,5064
OSGeo/gdal,17ad2e401268e0a2ae2d73f2621b6b4d222687a4,formatter,3.7869771465510684,6,2009
OSGeo/gdal,1810b3ef3fca33ec3e3381cf370c9a8f0678b302,formatter,3.786979618221918,2,229
OSGeo/gdal,19bc75ed6416fb35f0199ec2078b03fc51a8f03f,formatter,3.786982660278348,5,2365
OSGeo/gdal,1ab7b6bc4bcf76939f556bfae20eda80d798e3c3,formatter,3.7869824384617337,1,1521
OSGeo/gdal,1ffa79d8b25dd9152aa0bc9a7c26acb7a7d4a46d,formatter,3.786976512789312,5,4570
OSGeo/gdal,21e61eab44d8177fd8fbe8550b59d1830b34382b,formatter,3.786980854057343,1,301
OSGeo/gdal,2299a46ef4f4b545f99360171d6acb1d0b259bb7,formatter,3.786973850989936,12,18551
OSGeo/gdal,24a0bd7a5e40a62f1f5fbb65668d8214dcbf863b,formatter,3.7869807273049916,7,2851
OSGeo/gdal,28fe21528152426f8724fac770b4184b962342e4,formatter,3.786977590184298,1,326
OSGeo/gdal,2a4df7a98b26f45e92d57ba9ed8d71cc404111b1,formatter,3.786974326311253,28,18924
OSGeo/gdal,2e2bddc39aec67b1d277b50c8dbe08fec453c0a0,formatter,3.7869784774507567,1,615
OSGeo/gdal,30e1d8436f36caa208ca1bd246afb9f06a8e4103,formatter,3.7869761325322586,22,8412
OSGeo/gdal,30f51c21b93c71cf5d79e296603cfc8ba87fd2f2,formatter,3.786979966790884,1,511
OSGeo/gdal,315fa9dcddee6510d7fac8f63ede6f7e57690767,formatter,3.7869779704413515,1,639
OSGeo/gdal,31a8d9e6da538e49dbd4c09d9ea56a6a06d76c5b,formatter,3.7869813927548357,16,21602
OSGeo/gdal,32297606baff1180e35da431e366854e3976cf56,formatter,3.786974167870814,14,3381
OSGeo/gdal,3278f3f3737128f678350f76614b9eb2af2a7171,formatter,3.7869865262250615,6,7839
OSGeo/gdal,3383c9eea634f4890210c1355ecc31e3954a9ad1,formatter,3.7869769881106294,20,7466
OSGeo/gdal,33c23e696130404f4edca5fb3382f8f3275dd0c3,formatter,3.7869838961137727,3,2759
OSGeo/gdal,35ed5367d1c4f31a25758e12e1f144d10013a2a5,formatter,3.786981994828504,1,299
OSGeo/gdal,3624ed59d7a0b30e288bcd325d95e9a2477da1ed,formatter,3.7869812343143967,19,21664
OSGeo/gdal,37cfdc3839820f1706b24237798c0e220c2ff970,formatter,3.786973819301848,84,65659
OSGeo/gdal,37e9d49b3c19f11acd1d436831a5e54d571c445d,formatter,3.786985575582427,1,141
OSGeo/gdal,3954f6a0634151ff34f7c626b1366206e1d7b9ce,formatter,3.786981836388065,3,2169
OSGeo/gdal,39c3aa97c57ae557f286e18dd9fe08fa7bc92f93,formatter,3.7869746115040432,4,2312
OSGeo/gdal,3a53c57768c93eec3145b1fbd14c03205a73b49c,formatter,3.7869834524805435,11,7085
OSGeo/gdal,3ac5c439fd1d1b989796f6dc5070e108fbb87651,formatter,3.7869766712297515,18,5277
OSGeo/gdal,3b368c889ed5b8fe3e292e683d9d954c1f40705e,formatter,3.786978667579284,1,743
OSGeo/gdal,3c5d1aeba3aa9be20080d7b0fc35b55e4bda3d96,formatter,3.7869866846655005,2,784
OSGeo/gdal,3ccc62c521f88900c5bbd63223a66ee7620cb709,formatter,3.786985227013461,3,147
OSGeo/gdal,3d4fb9d468dfa36e3d63c0a94663a5254336bd50,formatter,3.7869783506984054,1,332
OSGeo/gdal,3d5e80908ca657e09f92b52cb7c6e4324beaf2db,formatter,3.7869806639288157,14,15349
OSGeo/gdal,3f2c262d63407dae3c3e4e2dd78a1665eb26091c,formatter,3.7869757522752048,5,525
OSGeo/gdal,4045c386e14f6005e0759fe44e5413ee1b843508,formatter,3.786981899764241,1,2527
OSGeo/gdal,417b23baeccff3109d3d55653e3da90c6535c0f3,formatter,3.786982216645119,2,2018
OSGeo/gdal,420936f397f55ca39f337b4c96f392da84da937c,formatter,3.7869753086419755,1,2048
OSGeo/gdal,4308c27334aafbce9af7ead3cd520b4e40a46497,formatter,3.786977780312825,1,590
OSGeo/gdal,43bf66ce52606797cd8a97db6ce34f8627efb55b,formatter,3.7869851636372855,1,1386
OSGeo/gdal,45a4b4ed9ced6258960782485e1566e05ec05bdf,formatter,3.786979491469567,1,1097
OSGeo/gdal,45b4d39690ff23f3a23226d3646062983f95e63b,formatter,3.786975055137273,13,7313
OSGeo/gdal,46058958e63cbaf7162d73e8731844264ea81511,formatter,3.786981012497782,1,2025
OSGeo/gdal,464e1dbcd31ab73ffa3e7b7eade515cd5a03e291,formatter,3.7869775268081223,17,692
OSGeo/gdal,47a2263cd0950e7faef6e10ac030d587c2e9345e,formatter,3.786979776662357,4,1904
OSGeo/gdal,47cc9295f870703d5f01088561a3060ce4165191,formatter,3.7869767662940146,1,772
OSGeo/gdal,4a181b9881be7d081ed924be2008ef9ba92ebe2e,formatter,3.786977907065176,33,5120
OSGeo/gdal,4aba3660c7a84c87adf8169183e3e57df3802f12,formatter,3.786977716936649,1,1093
OSGeo/gdal,4c8ec92dc7821a7cf2465c4e57a8325f4c0afd4c,formatter,3.786985734022866,6,3754
OSGeo/gdal,4d6899387d445934e7727c1731c1b116a646bde8,formatter,3.7869825969021726,6,2216
OSGeo/gdal,4e8e5beff9365d1561fb3062cac4dc52f16502e3,formatter,3.7869738826780237,2,2955
OSGeo/gdal,50091b26c253f3d887f4ee4f08d6254843148b68,formatter,3.786974389687429,12,13920
OSGeo/gdal,510f7174458e73383cc0220551135758fdde2753,formatter,3.786977400055771,90,65269
OSGeo/gdal,51130e8c9430b024fb50ac24e510d651bcc37b95,formatter,3.7869743579993407,7,5499
OSGeo/gdal,522d9b578d9d2452a589ed48ac34fe1e24cacf0d,formatter,3.7869797132861813,35,21637
OSGeo/gdal,5247bbb4b27c7bf7cd6074deeeac087c1a4144b8,formatter,3.7869873501153446,60,38348
OSGeo/gdal,584990c7484aa55e6660f60af2dd3009bad9cbf8,formatter,3.786976386036961,13,4611
OSGeo/gdal,5934631bc02cceba0d92826a5f74938ca27a1d66,formatter,3.786984054554212,4,1102
OSGeo/gdal,594cd5ef3234acca20eb3920a044cec9da4413c4,formatter,3.7869817730118895,18,7664
OSGeo/gdal,5aa23d13884f2ed80ad3e91e8a7d3f1d7489b83d,formatter,3.7869744213755165,6,4086
OSGeo/gdal,5ad39d99a3ce4482c851028ce14c0197d2c0302a,formatter,3.786985417141988,1,1924
OSGeo/gdal,5ba6633340a8c53987d4e005fbdbbd831c8326d8,formatter,3.7869741044946386,4,1440
OSGeo/gdal,5db56baefb7e17d12a731c788d34017931aa8efa,formatter,3.7869838010495096,1,1507
OSGeo/gdal,5f9bdedb17ea80e92f43424d5aac9c5440c7240d,formatter,3.7869784140745812,1,524
OSGeo/gdal,5fd4ed9c4d3b017b39c6cbb3808aa8dba571a09f,formatter,3.7869746431921314,8,8491
OSGeo/gdal,60f2f366a8e56389f653da9b88ca91b437472bee,formatter,3.7869861776560954,3,2148
OSGeo/gdal,610b7dba0408899ca91a656327be6d335bc5e344,formatter,3.786982501837909,6,2389
OSGeo/gdal,62b4724ce724bb72f75822d0a17ae7335ff815ae,formatter,3.786974548127868,4,1787
OSGeo/gdal,65003f7d66a7842666049f5e11ca7dd93abfd84f,formatter,3.78698335741628,1,467
OSGeo/gdal,659038a9b891b9aa756ce47a926674775e2e6ce1,formatter,3.7869847200040563,11,5287
OSGeo/gdal,66230faaa30cb2f183c4feb7eb9bdb258b59d72f,formatter,3.7869750868253607,5,3259
OSGeo/gdal,68f98a759c3fad8bf75f6aa4907659cddc53c3bd,formatter,3.7869759107156438,4,1783
OSGeo/gdal,6a5faf12aa2c2f9cd6464769690ba75d0a226a20,formatter,3.786983040535402,3,2996
OSGeo/gdal,6a83aeb05bc3bd83b55409f9c5b2a921bf363253,formatter,3.786982818718787,1,490
OSGeo/gdal,6b4ac3bd358db1475625078f2570592ce8ac84e5,formatter,3.786984910132583,4,2409
OSGeo/gdal,6b4c73b19f53b4ae5b90c46c9897d06e7f296f39,formatter,3.786986779729764,8,5029
OSGeo/gdal,6bafb2fc3e87e0711b8ad499e8cef99db8f8e6dd,formatter,3.786975593834766,15,7762
OSGeo/gdal,71a2ccda12b25aec455a7de784cd9e847f8e904f,formatter,3.786975498770502,1,1100
OSGeo/gdal,71e1daafd9b30fe6fb68e8c1dcfef8bb1ace380d,formatter,3.7869762909726976,10,14453
OSGeo/gdal,71f8d8fe2a2ffc37fedf6727e36b0fdc035d7be6,formatter,3.7869770514868053,7,4041
OSGeo/gdal,72250d78642c2e1e98a0a51db86f4c72b2878fb1,formatter,3.7869829771592265,1,1005
OSGeo/gdal,781f758885c4ac6c6d5b6a558ca2308e4f01c318,formatter,3.78697423124699,25,4208
OSGeo/gdal,7831e82c9ef28e69de2f1543f9a5ae41f802d38a,formatter,3.7869787309554592,2,468
OSGeo/gdal,786004d9bbf1bd029e0671fe3043be1ce3edd510,formatter,3.7869772733034197,3,369
OSGeo/gdal,7f005e2a2e1223841e0e5d18fcd2add1b6edfb54,formatter,3.7869749283849217,9,5250
OSGeo/gdal,80a603a046c24446dee9bd73bc88fe124f79c486,formatter,3.786982723654524,1,98
OSGeo/gdal,80b209677131a1657096bcf5c23abb5828f26af1,formatter,3.78697828732223,2,2245
OSGeo/gdal,81bc857c2634d4366d91d2fbe595d8446e431dd2,formatter,3.786974009430375,3,1766
OSGeo/gdal,8546ab726c88e38c0b6531d5619992b2050349e3,formatter,3.786986431160798,1,551
OSGeo/gdal,868eda6c74fce0fdbcbf854aea8f6709738ad0f2,formatter,3.7869848150683194,1,548
OSGeo/gdal,86c7adc8beb4340e17558e9a8cf537da1f832f3f,formatter,3.7869766078535756,20,11094
OSGeo/gdal,8788d8a404076226d9bed04f8400f65f4bb4a8b4,formatter,3.7869805054883767,10,15940
OSGeo/gdal,881308367153a4ae782b017463ea96168e4553cf,formatter,3.786978097193703,14,17748
OSGeo/gdal,8b56d900320f2630b7ca5151df1ff251f645a15b,formatter,3.7869747699444827,8,6575
OSGeo/gdal,8e7166c17a08df8ca77b60e403e67b1acc7d359a,formatter,3.786983198975841,13,10397
OSGeo/gdal,8ec03610edc2a42ed43a8ebcf95323e99032c2e6,formatter,3.7869742946231653,4,606
OSGeo/gdal,92292c790364d49211eb176514ac5cc51919e960,formatter,3.7869839594899486,3,3436
OSGeo/gdal,951c2d9c3eb7d5284eb88fd6b7cf61b63a3466f2,formatter,3.78698437143509,5,2021
OSGeo/gdal,95913ccd9fc0f2a8a33a88c4f741604db64eef29,formatter,3.786983547544807,4,7855
OSGeo/gdal,9661beb300a28d9409aff830ee9cdb7892a2a31d,formatter,3.786981139250133,4,1541
OSGeo/gdal,9701f1a90934e39de2f1ffe2035ade58dca9c1c3,formatter,3.7869756255228535,12,2548
OSGeo/gdal,97bad73a13e0427190570f72fc705c06307d4a7b,formatter,3.786986336096535,1,489
OSGeo/gdal,9a4c7fe32e2261c288f7b357a30e7ecfa3f1ce6f,formatter,3.7869765444774,4,1000
OSGeo/gdal,9a816e43802eb9a87cc211c26824220d886cc62f,formatter,3.7869832940401045,1,603
OSGeo/gdal,9b9cb36189f84374be3cd7bbb3e7d315d75a42b1,formatter,3.7869768296701904,4,2472
OSGeo/gdal,9d1def4dfc1269f879a248bfcfddea94b5a73d77,formatter,3.7869831355996655,2,3092
OSGeo/gdal,9e20d63bb54abdb709c9f4adda7b1367c5275966,formatter,3.7869759424037315,4,523
OSGeo/gdal,9ea22d57af187eb018a4fc84577381be0817fe95,formatter,3.786987159986818,52,37571
OSGeo/gdal,a0a9710550ca3972e0f01b0f6a766bf78f2a2166,formatter,3.7869752452657996,9,5456
OSGeo/gdal,a11bca1150f65804c78b1f3e7ad2f0ef3e47035b,formatter,3.7869870332344666,40,26734
OSGeo/gdal,a3e09700497632b7bbbf6d44b2e9b7800b42c60f,formatter,3.786974833320658,4,774
OSGeo/gdal,a439de9a83389fca5f11f9154de757f70ea482e6,formatter,3.7869858290871297,4,583
OSGeo/gdal,a4ad3eb4cc9c0c3d2548e04516fd37f4947391d7,formatter,3.78698234339747,3,1481
OSGeo/gdal,a4f639313dec051994464e38b48cc94c392c513a,formatter,3.786974991761097,15,7260
OSGeo/gdal,a8c8b93d0d64b7e421f17b2bbae395194cf1b726,formatter,3.7869836109209825,5,2431
OSGeo/gdal,a92a5f68e16c0af4aa5f9fa79b8d1c55ea643ae0,formatter,3.786978921083986,14,4158
OSGeo/gdal,a9ac469a04589333debefbef577f49ecd4b50d05,formatter,3.786982882094963,12,5867
OSGeo/gdal,ab27a8dfb1a4f866194e3290ba06fbbc16ed735b,formatter,3.78698205820468,1,1088
OSGeo/gdal,ab7743ef275d70f03c75f1430ebe4f6a9fca8d12,formatter,3.7869772099272443,3,576
OSGeo/gdal,adcc008ee0761073fd2aa540230d7c45d79f6e57,formatter,3.786975657210941,4,1185
OSGeo/gdal,ae613b2bf7fe6572ec51fe5c662165be23e74c75,formatter,3.7869843080589143,1,2864
OSGeo/gdal,aefd1b7ced23eb6039967a4cddceef402fe186ca,formatter,3.7869778436890003,1,2015
OSGeo/gdal,b078bd6a27109942b10c639f4f224feac6350062,formatter,3.7869854805181635,1,327
OSGeo/gdal,b1ef2b4a84e5a9231a4dd8ce6c9e47116f54d258,formatter,3.78697451643978,13,8721
OSGeo/gdal,b30f325309ab8c89e9d5bfef59d3ce41749ef458,formatter,3.786975213577712,6,5627
OSGeo/gdal,b41414d755749340228ddb7871064e6fa7950e41,formatter,3.786985068573022,6,3037
OSGeo/gdal,b416f5aafdcd4ffdf850416777d0104397bb7389,formatter,3.786976702917839,13,9714
OSGeo/gdal,b46abc0080fe3d4a51e6b3b1777d550fed958c34,formatter,3.7869740411184627,4,325
OSGeo/gdal,b4e54092086531effb53c7e8269818f249c2dc26,formatter,3.786981519507187,11,2594
OSGeo/gdal,b509e8d61ea49399f37f47a62454c32b24f6022a,formatter,3.7869844664993537,2,1454
OSGeo/gdal,b5f91831d2d79fc6a13a0c590b46f455804d0129,formatter,3.7869745798159555,6,1476
OSGeo/gdal,b6ad6005fa7c8ad083abebecb04fa5c2006dbd34,formatter,3.786974674880219,4,642
OSGeo/gdal,b6f007e10f2f1d965daae679c9f4f84574517a77,formatter,3.786973692549497,10,2010
OSGeo/gdal,b70def244c0b037cd4cd5db4758e8183161b8caf,formatter,3.786986621289325,2,2535
OSGeo/gdal,b714ce8cbda82ab399d7ae79101e0c329bcb242d,formatter,3.786980790681167,5,3108
OSGeo/gdal,ba22240bb44c3330ca5d18aacaa34fdd846a168c,formatter,3.786979269652952,1,1529
OSGeo/gdal,ba763baad4722883a47370a2991eb9e57db17906,formatter,3.7869749600730094,6,1367
OSGeo/gdal,bcb7822a254f7f0541b127e3d528c287676ee041,formatter,3.7869799034147085,3,326
OSGeo/gdal,be51a1bcde83999496705e2147b052b6b9ac4390,formatter,3.786976195908434,4,1776
OSGeo/gdal,bec1a77ff2836495135b4a42454e8899e81eab72,formatter,3.7869803470479377,1,1041
OSGeo/gdal,bed780d01063a9fe24d2e3bebb9e1f5eb6385971,formatter,3.7869859875275687,4,2011
OSGeo/gdal,bf146647e0aeb53da0a42519a4bbd24e5d24b088,formatter,3.7869810758739573,1,264
OSGeo/gdal,c0ba79fd53e4de27c8fae2630f686363aa29d795,formatter,3.7869856389586025,1,370
OSGeo/gdal,c39127b8dca9228e728a56dd93fc8ebf7c212060,formatter,2.5342969997718456,573,3418
OSGeo/gdal,c786325120214cb0c2bb6b59d4301d08b8060999,formatter,3.78697553045859,4,699
OSGeo/gdal,ca6b5f598c41b9fc1b76ec106b914ef8674a9f58,formatter,3.7869868747940276,1,9
OSGeo/gdal,cb5dc009cf60be71f12b2718017da4621c92c561,formatter,3.7869869698582908,1,5
OSGeo/gdal,d1c5623cf07c174c38818542022f4b1489dd328b,formatter,3.786976924734454,6,1557
OSGeo/gdal,d3829db87cc127bf1397d31ec31f41c6a11246e2,formatter,3.7869737242375847,2,14
OSGeo/gdal,d55fe83f4b249a228b6ec0c8bd650eff292f0d41,formatter,3.78698161457145,5,4005
OSGeo/gdal,d6b842205cdc4f267870ea4263d485cb57ecb924,formatter,3.786981297690572,1,191
OSGeo/gdal,d7e5c0055c176ff6e70da7aa47a29654ece08ce1,formatter,3.786987445179608,1,68
OSGeo/gdal,d83e5f866a549282e80050b8f9f1ee54590ebacc,formatter,3.786978223946054,1,705
OSGeo/gdal,d915ccec42f50240894f59194ba073f73d2c1a4a,formatter,3.7869776535604736,6,5682
OSGeo/gdal,da3dda56950b2360dc0aaa2a56887ae1b9a14478,formatter,3.786980949121606,1,3171
OSGeo/gdal,dadbf54e204ee3827ef920bb3dd899440782db70,formatter,3.786976354348873,27,11325
OSGeo/gdal,db37fe0089d0f0c92b3b8eb6b8268617cf57b92a,license/header,0.6771391360559739,1273,22995
OSGeo/gdal,dc2c0b148f96a709dd1a5feac849499b42988f0f,formatter,3.7869793647172156,5,3828
OSGeo/gdal,dd94fb7ec70f694decb26f49fffcd80439825839,formatter,3.7869748016325704,18,16493
OSGeo/gdal,e0b2d6e1b9f0ccf90539bc8f6aaa5a6c9b6df2e0,formatter,3.7869741361827263,4,1872
OSGeo/gdal,e215c46b32feda7098d74f5add22eac7786f30f9,formatter,3.7869761008441705,15,14724
OSGeo/gdal,e3eaceffb1be129dbaa187b1d6ba9e7af43e1427,formatter,3.7869822800212942,14,2409
OSGeo/gdal,e420c2ec8ce41af536452ca8cbf25cdb8e7cc81f,formatter,3.7869740728065504,7,6749
OSGeo/gdal,e71bc54062c7b95a9f1670ce2de4cf7c7539f30a,formatter,3.7869742629350776,5,2443
OSGeo/gdal,e817b4c1636f2f6b3142153b0ea7d6af0d0bca28,formatter,3.786976037467995,4,1368
OSGeo/gdal,e8d930be90388a81a04e904210900e8848473af0,formatter,3.7869739777422873,4,260
OSGeo/gdal,e8e22b23600cf9b39b205fad0dae0afed364eaa7,formatter,3.7869798400385326,2,1053
OSGeo/gdal,e92856171a7f2f8ff5fe27090f36bc7b7e97be73,formatter,3.786974706568307,8,2478
OSGeo/gdal,ea7b9180c8bafb818d95b48f2d91f6fb73f0793b,formatter,3.7869771148629807,6,1188
OSGeo/gdal,eb92c932448095d73e568c9f31e6a963512561b8,formatter,3.786980156919411,7,3531
OSGeo/gdal,ebd1e405dd295aeafa9803632ba9e243ad78287d,formatter,3.786984212994651,7,9682
OSGeo/gdal,ed3eb1757f94d267621e8013388d51e5dd1906c1,formatter,3.7869741995589017,2,1683
OSGeo/gdal,ee25de6811ef4ae7afe0548ad3f96114d3a14bf2,formatter,3.7869790795244254,1,832
OSGeo/gdal,ef1aa372779e977033f6665ee2348b20dd22d6d1,formatter,3.7869754037062386,31,41827
OSGeo/gdal,ef5ff12ac5198aacf67380423816a814764d156d,formatter,3.786973946054199,135,62810
OSGeo/gdal,f291010dbe384b5f1c4946e8afb598b52d940cc7,formatter,3.786986241032271,4,817
OSGeo/gdal,f2bbf9045f73727b02f98e66dd9125259296fcf4,formatter,3.7869841496184753,1,237
OSGeo/gdal,f5cc41cafe850c31eb18753ae8c294fde5b10635,formatter,3.7869751185134484,8,2586
OSGeo/gdal,f5f5f747494a9aeb00ffd1636de72882cdb1a954,formatter,3.786983705985246,21,33394
OSGeo/gdal,f631bf10710fa9207894e0b9637deb2cff40d914,formatter,3.786985924151393,1,455
OSGeo/gdal,f731f9b347d6977c72ccfa2653c3eba949897193,formatter,3.786981456131011,5,2278
OSGeo/gdal,f758f061ccb410800861c47915df7aa160760ada,formatter,3.7869744530636043,4,752
OSGeo/gdal,fb02e41ae172342b2400bb167f751da7baab7d3d,formatter,3.7869846249397927,3,1627
OSGeo/gdal,fbc2484163835ae191497275eea31a81461afa51,formatter,3.7869785408269325,2,1013
OSGeo/gdal,fe7824e3c653f0fd57471dcd939e5a0c5201c71d,formatter,3.7869781605698787,2,2225
OSGeo/gdal,ff8e2c54d09d9ad2f8c1a35e332ee18c8f75ac89,formatter,3.7869860825918322,1,1305
OctoPrint/OctoPrint,1f93b2355a2816918e11a55e61b42010d15a6720,formatter,5.976394624432783,184,121723
OctoPrint/OctoPrint,222bf25f6cedec34ea52b25eeb5af0fec22d082f,formatter,1.26728154232261,165,9985
OctoPrint/OctoPrint,2231e81efd32d649798f7a58cdb1755e34902d8a,other,3.6021249397926334,42,125
OctoPrint/OctoPrint,56e800b698e1cf5cc1ea67f36c7152d28f741c85,other,1.2673195046518113,18,139
OctoPrint/OctoPrint,5f2a95d154650366078b0d387e5b01427c4340c0,formatter,5.875078903338657,1,683
OctoPrint/OctoPrint,6b44909f21ee39237b7504cd31ffa6cf28275c33,formatter,5.975746824853601,159,21347
OctoPrint/OctoPrint,822571b6a8177722709597949b96bc2ca477ccd3,style,1.267228749968312,5,113
OctoPrint/OctoPrint,b4f265d9f67508677e1697e74e248b895da7f43c,other,4.634183081096154,64,988
OpenMW/openmw,84f8a6848a8b05502d7618ca7af8cca74f2c3bae,whitespace,4.041257003067407,62,19788
OpenMW/openmw,88ec8a95231341e7962b85716510d414e9f0c424,formatter,4.014733471493396,2,10
OpenMW/openmw,8df0587793a07ec556dc9cb575cd2af4204c456b,formatter,4.073458818161077,1,238
OpenMW/openmw,ddb0522bbf2aa8aa7c9e139ff7395fb8ed6a841f,formatter,4.022696592896798,2199,226326
OpenRCT2/OpenRCT2,0c2a52dd3604a5499006bc42d912c1c4a73c3580,move/rename,1.0492966828909676,12,3000
OpenRCT2/OpenRCT2,0e2f9fbc03a26a47b8f8747926e5260d529af42f,move/rename,1.0939089157603874,12,907
OpenRCT2/OpenRCT2,134f4ac43e2ce03c439007bcbda464bc5333b5a9,other,1.0981035630085938,7,445
OpenRCT2/OpenRCT2,1a37409390b7e461260b1da99c66eaaaaf960dad,other,1.0960728952772074,10,1140
OpenRCT2/OpenRCT2,1bcee698a9dcfd6d45a7d798b9b31e3a0941b0b7,move/rename,1.0939385124344057,17,1176
OpenRCT2/OpenRCT2,1e059d18d04fec2158ec2620565f2670b2c96df8,move/rename,1.096177244150379,26,3307
OpenRCT2/OpenRCT2,238b3979684f9948c2acf98f3009d3284216a0b5,move/rename,1.0960910208634371,32,4442
OpenRCT2/OpenRCT2,439afd9d5d0d91cb458fecc5c58392b61c91f370,move/rename,1.0954368836666921,17,1110
OpenRCT2/OpenRCT2,50de94c5df7f68c1360e1054213ac416461aa714,move/rename,1.0953221094126295,12,951
OpenRCT2/OpenRCT2,620c1f40ef9d852d3c1cc0ca2944f03021e88203,move/rename,1.0957885580652522,24,1819
OpenRCT2/OpenRCT2,6ea5959b2bf10bfbd35ebb4efb7d0957ddf1e91e,move/rename,1.0824574112099778,28,12737
OpenRCT2/OpenRCT2,832a1d1f746615025a21cd0934e0fb576ca33de0,move/rename,1.0515709686414683,41,2638
OpenRCT2/OpenRCT2,86a001875e21218fcecb7f7d0d48288bfec5cbf0,move/rename,1.0954583998783178,13,2543
OpenRCT2/OpenRCT2,9b7ee06e0fd0a81ed462b4377cfbd5ed64cd6d3a,move/rename,1.049759931046721,17,508
OpenRCT2/OpenRCT2,a052437d12b7131083de8db2684534418c9ef8f3,move/rename,1.0955257053768348,33,1480
OpenRCT2/OpenRCT2,afdee8852afdb2fb0ed6da5222dc56c6e60c5b6c,move/rename,1.0954782366212894,25,1445
OpenRCT2/OpenRCT2,bbd67e8dfbff335eab2f0a8e7a1332fa502d11f6,move/rename,1.0952727393718154,13,1201
OpenRCT2/OpenRCT2,bcb803df963d19f8d23fec595e6e7d1ef79600f8,move/rename,1.0962187238573275,18,1980
OpenRCT2/OpenRCT2,e8ef3897dfab86cb879b3de7980e5b695cbe9124,other,1.0962668263746294,33,2891
OpenVPN/openvpn,21f7d6e1ad65b1f7db673bc98764dc7325858e0b,formatter,1.1491750006337618,19,325
OpenVPN/openvpn,2c45d268ca65c522fbabb7c4dab5e721296b4623,formatter,7.117077534413263,1,62
OpenVPN/openvpn,3282632d9325267c850072db7545a884a1637f51,whitespace,4.401959781478946,2,8
OpenVPN/openvpn,3cca3367e6e0ffeccb8e39cb2c739d1dcb086701,formatter,1.1512141607726822,258,27330
OpenVPN/openvpn,4cd4899e8e80efae03c584a760fd107251735723,style,9.693287544046441,69,620
OpenVPN/openvpn,6280d3d5536174934ee22d3840457d61896e0e3a,formatter,7.694663630947854,12,1408
OpenVPN/openvpn,81d882d5302b8b647202a6893b57dfdc61fd6df2,formatter,9.788917693360712,204,121595
OpenVPN/openvpn,9cf7b4925a54d93fbea1cadcf3dc0e11f3ce358f,formatter,6.444519228331686,26,172
OpenVPN/openvpn,abe49856d81f51136d543539202a0bf8fb946474,formatter,4.440759278272112,60,1053
OpenVPN/openvpn,baef44fc8769bbd99f4d699ce9f63180c29a5455,formatter,6.55843790402312,2,125
OpenVPN/openvpn,c1ff8f247f91c88a2df5502eeedf42857f9a6831,formatter,6.25806940324993,10,235
OpenVPN/openvpn,da1574ef7826d73f01e120cbd1ba40ce39a305b7,formatter,6.42289835095191,9,289
OpenVPN/openvpn,e51d9a73693ee742b36e19fb1718e5e27167831d,formatter,4.355476525464548,31,138
OpenVPN/openvpn,f57431cdc88f22fa4d7962946f0d3187fe058539,formatter,7.796771015539838,53,447
OrchardCMS/OrchardCore,05730cfeb221680240feb3d9edca563bc388a1ef,migration,2.1274065518290364,3588,292857
OrchardCMS/OrchardCore,657342d05a221dfaba1fdf46813c0161dd12d4ec,formatter,2.124100185058433,111,416
PHP-CS-Fixer/PHP-CS-Fixer,086f8766024f20530488265071cc7e32128c4863,other,1.239229630897153,332,1901
PHP-CS-Fixer/PHP-CS-Fixer,0a637f43509440d130830a4eb85ccb1686a2a2fd,formatter,0.4480742832154537,198,1740
PHP-CS-Fixer/PHP-CS-Fixer,743fd2531d3a72019a98d0d795f85bc96030bd70,other,1.0792754518721321,130,5744
PHP-CS-Fixer/PHP-CS-Fixer,adf95039e6c28528f19dcae5da7322d953761782,other,1.2147649694526834,394,6584
PHP-CS-Fixer/PHP-CS-Fixer,b7294c5125cdf97c08822630473b83663d994279,other,0.7656530281136715,519,3626
PHP-CS-Fixer/PHP-CS-Fixer,cd245c59a94e44c47c027da59ee555ec94afe161,other,1.0940462836210612,1153,2365
PHP-CS-Fixer/PHP-CS-Fixer,e123e6411cdc1d0ec68b3fb38f3faf1abbc54895,style,0.44820911602910235,589,3941
Portkey-AI/gateway,77f32e57b14bd3585169b7bc884ff9ddf38e8ea1,formatter,2.155260190889041,103,13420
PostgresApp/PostgresApp,5c54667350bf5475799ab678ff443e62cfb05c36,whitespace,1.6163804915456181,7,178
PostgresApp/PostgresApp,93d23787898bff1d331d6ca0a937d97b0191b164,whitespace,6.903855933277562,0,0
PostgresApp/PostgresApp,a3662502047d49c0f98d3eedfc98b833b1c343db,whitespace,1.6283566557659646,10,696
PrismLauncher/PrismLauncher,1d468ac35ad88d8c77cc83f25e3704d9bd7df01b,formatter,3.1613637285471645,594,32610
PrismLauncher/PrismLauncher,4c81d8c53d09196426568c4a31a4e752ed05397a,formatter,2.1082912198646286,7,493
PrismLauncher/PrismLauncher,5c8481a118c8fefbfe901001d7828eaf6866eac4,formatter,1.4210962177098385,20,255
PrismLauncher/PrismLauncher,bbb3b3e6f6e3c0f95873f22e6d0a4aaf350f49d9,whitespace,8.210387418561615,577,109100
PyGithub/PyGithub,07e29fe014b7e214e72b51129fbef55468a7309d,formatter,6.019510355667098,22,113
PyGithub/PyGithub,540a0850017e836f13a8c566abfdf7f6a952ffe3,formatter,6.749155512459756,36,121
PyGithub/PyGithub,6ceb9e9a15dd82942698c4f891627303de05c91e,formatter,6.7500309275737065,193,12721
PyGithub/PyGithub,e113e37de1ec687c68337d777f3629251b35ab28,lint,5.734986057241362,220,1198
Qiskit/qiskit,2eee56616d50a9e26756f855ef4aa0135920ad78,formatter,5.402845463533349,965,83849
Qiskit/qiskit,3763e61f16f97598cb0fa317277ad85fa15db738,formatter,4.65219196009836,165,894
Qiskit/qiskit,75af8fdf4fbbfe6a4906679018b11349f14dd8ff,formatter,0.9998314193728294,124,868
Qiskit/qiskit,9aa2982aacdd39ca3bc2994d7103992059a105d3,formatter,2.6598656425076683,35,319
RSS-Bridge/rss-bridge,4f75591060d95208a301bc6bf460d875631b29cc,formatter,4.249589575886633,398,122991
RSS-Bridge/rss-bridge,951092eef374db048b77bac85e75e3547bfac702,style,4.2306710903237255,42,347
Rapptz/discord.py,44a44e938fb2bd0bb085d8aa4577abeb01653ad3,formatter,1.0359369533804852,88,1215
Redot-Engine/redot-engine,0be6d925dc3c6413bce7a3ccb49631b8e4a6e67a,formatter,6.375489169011585,1552,33877
Redot-Engine/redot-engine,0d350e71086fffce0553811739aae9f6ad66136c,formatter,1.926149295256927,167,931
Redot-Engine/redot-engine,324512e11c1b7663c3cf47bec6ddbe65c6b8db2b,style,1.5613609716835248,1746,8687
Redot-Engine/redot-engine,5be9ff7b6715a661e85f99b108f96340de7ef435,license/header,10.742482920120668,1184,2370
Redot-Engine/redot-engine,5dbf1809c6e3e905b94b8764e99491e608122261,formatter,9.567728280984612,1318,307827
Redot-Engine/redot-engine,6beb1eef9a4537077780ec48c4a7c2b17723ca9e,license/header,1.9209630326767562,3094,12376
Redot-Engine/redot-engine,7e5baa042639ffa835271703c720e2595e90afb8,whitespace,1.6086479009810633,1080,2160
Redot-Engine/redot-engine,9903e6779b70fc03aae70a37b9cf053f4f355b91,other,2.560095919841813,101,1076
Redot-Engine/redot-engine,a7f49ac9a107820a62677ee3fb49d38982a25165,license/header,6.742890777498922,1991,7980
Redot-Engine/redot-engine,b16c309f82c77d606472c3c721a1857e323a09e7,license/header,7.742012763961771,1874,7511
Redot-Engine/redot-engine,b37fc1014abf7adda70dc30b0822d775b3a4433f,formatter,2.0225062742413873,51,298
Redot-Engine/redot-engine,b50a9114b105dafafdda8248a38653bca314a6f3,license/header,8.741133197708317,1647,6619
Redot-Engine/redot-engine,b5334d14f7a471f94bcbd64d5bae2ad853d0b7f1,license/header,5.7398050231956805,2330,9366
Redot-Engine/redot-engine,bb5f390fb9b466be35a5df7651323d7e66afca31,lint,1.898729878064238,46,228
Redot-Engine/redot-engine,bd282ff43f23fe845f29a3e25c8efc01bd65ffb0,license/header,9.088999702131975,1484,2968
Redot-Engine/redot-engine,c7bc44d5ad9aae4902280012f7654e2318cd910e,other,9.739606909270668,1383,2778
Redot-Engine/redot-engine,d95794ec8a7c362b06a9cf080e2554ef77adb667,license/header,3.7310086001470326,2579,149148
Redot-Engine/redot-engine,df61dc4b2bd54a5a40c515493c76f5a458e5b541,license/header,9.476643661114913,1446,1448
Redot-Engine/redot-engine,e06d83860d798b6766b23d6eae48557387a7db85,style,1.737427782847872,15,1016
Redot-Engine/redot-engine,e4213e66b2dd8f5a87d8cf5015ac83ba3143279d,formatter,8.731699780718433,1527,2551
Redot-Engine/redot-engine,e8542b06acca3c1bdeee4b528411771f0819f084,other,1.9657775306106928,3147,6294
Redot-Engine/redot-engine,e956e80c1fa1cc8aefcb1533e5acf5cf3c8ffdd9,formatter,6.386863893325221,130,1482
Redot-Engine/redot-engine,fdaa2920eb21fff3320a17e9239e04dfadecdb00,license/header,11.448414898471366,1109,6724
Redot-Engine/redot-engine,fe52458154c64fb1b741df4f7bd10106395f7cbd,license/header,4.734884084974777,2529,10140
RfidResearchGroup/proxmark3,0033715a595d34e1e603a144c8af35c21587a9fb,lint,6.514130890815524,2,6
RfidResearchGroup/proxmark3,00fb88ee4c85ed2268eb9705bb8ec519e125cb5b,lint,6.414885257434025,1,8
RfidResearchGroup/proxmark3,011f973e7ff145ee0f6ccf58c850765513c43d04,style,6.428827667503232,2,299
RfidResearchGroup/proxmark3,01632eb9b0ade135173320b649f89cf231e9206c,style,5.265590063883185,4,94
RfidResearchGroup/proxmark3,01b9197353107377c9c788b7c034dd123383f33b,style,5.31684766902426,1,9068
RfidResearchGroup/proxmark3,0204714f7ed54adb0c5a0fec4ff3a18a6af71444,style,5.190825189494765,4,393
RfidResearchGroup/proxmark3,0254b2a63ad4a9f2855f0d85aa7bedfe72582b38,lint,4.720622575861282,3,18
RfidResearchGroup/proxmark3,025c98fc53c1433f2babe6a79a1542eca695c33f,lint,6.7459132506908,1,4
RfidResearchGroup/proxmark3,0373696662b0372bf1e1512b8c788990fc0bbd4c,style,7.556062913529546,483,108567
RfidResearchGroup/proxmark3,048291dcb3ea6580699ff48b8d5614cbeb4ec3b0,lint,3.7036362397647475,4,10
RfidResearchGroup/proxmark3,04bf1b8db7666d18dc959104600c2e97882cc789,lint,6.322057349101326,1,25
RfidResearchGroup/proxmark3,05576ba06b8c595f1c44b8903caaef782aaccacc,lint,4.725468793571121,10,88
RfidResearchGroup/proxmark3,05c5179b41d66fe9276339dfc73d5885d6c3f6fc,lint,6.322661862752554,1,3
RfidResearchGroup/proxmark3,0673dd206eb9cd997e71826dbb1536d34ea3fb0e,style,4.793506477045149,3,40
RfidResearchGroup/proxmark3,09bb3f62a1d1d423bdf98c5fa56eb3f22c9c3047,style,5.149718514715948,5,72
RfidResearchGroup/proxmark3,0a19c3e8917f9fa8d157b60afa7a27cf0e784af5,lint,3.7036362397647475,1,1
RfidResearchGroup/proxmark3,0b4d584dd7b276b9efcb7b613023b7208bc48787,lint,4.725489105635409,6,20
RfidResearchGroup/proxmark3,0bad12fcac8e9f8bedfe32ff28c2176c3c8e8857,lint,4.739527942555834,3,16
RfidResearchGroup/proxmark3,0c810ff4fdc3e9acf5b582d0ec305f83e9ab6294,lint,5.067367955738079,1,2
RfidResearchGroup/proxmark3,0cad19b462c3b45523b8107d2d1e506e6225b0cf,lint,5.593106826881638,2,6
RfidResearchGroup/proxmark3,0d38da5de2ad62ad8ac9961bb77da18c37df84bd,style,4.753006185514741,14,280
RfidResearchGroup/proxmark3,0db962640c6bb0033af547305ee29ed3ead33d70,lint,5.067367955738079,1,2
RfidResearchGroup/proxmark3,0dc6f38741b6220ce5a119df5548539b8dcdd4ff,lint,6.740549629883135,1,2
RfidResearchGroup/proxmark3,0eae1e25637871b7163deaa256b65533fe554d25,style,7.159139541663498,1,12
RfidResearchGroup/proxmark3,0fbc101ac51f5d4e292a93a2d378a65f8c2c7002,lint,3.7036362397647475,1,9
RfidResearchGroup/proxmark3,0fbf7d6328ed2088c72564f55bfa3e9b56cc75e8,lint,6.514186788602428,1,11
RfidResearchGroup/proxmark3,0fcd79617d4cec8109377d0194d7e038f43c2fca,lint,6.738326235201663,1,23
RfidResearchGroup/proxmark3,0fee0c97cb7526f58f279e43a91dc0a06e450738,style,5.678054826729536,7,273
RfidResearchGroup/proxmark3,10243d9bce05782ca8300c7d5ea361657295e06b,lint,6.514166571602403,1,12
RfidResearchGroup/proxmark3,10362d68cfb2cf3069939075b77af41d70375987,style,5.191092320075037,2,22
RfidResearchGroup/proxmark3,10e28291236f3de530ad12c06874bbef1ecd3492,lint,5.665328700534895,1,4
RfidResearchGroup/proxmark3,11a95d73510ddee705e85a0c64f017f186bfd35d,lint,5.6653189089157605,1,31
RfidResearchGroup/proxmark3,11afbdfba31ee7f716965a85de5eee16e6b3f289,style,5.115105267827718,1,4
RfidResearchGroup/proxmark3,127aebd8b0e540d0b136b6e858c9abdca52356a1,lint,3.7036362397647475,1,2
RfidResearchGroup/proxmark3,12a28fcd16e5934b8d7bed94ecebf3bbc2ad0121,lint,5.665390650746572,1,14
RfidResearchGroup/proxmark3,12c0eb97fb111def689e761d53beef33f94c277b,lint,5.665311588967476,2,4
RfidResearchGroup/proxmark3,140a7f34a443053e31156a36403e5beaa7f438c5,style,4.679034305523867,9,103
RfidResearchGroup/proxmark3,149236d8b3c20d202cfe042b807289fdd0429abd,style,5.31684766902426,4,38
RfidResearchGroup/proxmark3,155444440eb134bdb70127a6a022819aca1528ac,lint,6.745917053261338,1,2
RfidResearchGroup/proxmark3,15597c6c38e02ec9a456a22487b9e2f84d771a69,lint,6.735280534641418,1,3
RfidResearchGroup/proxmark3,167cca5fc0d8145d476543ae598cfe02d90d9015,lint,4.230859254189165,2,18
RfidResearchGroup/proxmark3,16f51079155218a61434d05b52fc5b25dad9dbf2,lint,6.376220878647299,1,5
RfidResearchGroup/proxmark3,17d7fb8abb600ae6e7a7675efe7892726f11fe38,lint,3.7036362397647475,1,2
RfidResearchGroup/proxmark3,182f239d21390e6c66b071e1637b0f3593972d09,style,6.8893974510102165,7,170
RfidResearchGroup/proxmark3,19a5a70cc89d7f0c5da040f87a3fd2e1fc1445dc,lint,6.418418574289553,1,3
RfidResearchGroup/proxmark3,1a19640d188c34babac184a00946bfece80a3ff4,style,3.189948031535985,9,338
RfidResearchGroup/proxmark3,1a788b1c14ec05a1c5f81a79f9b72ce933cedd06,style,3.1818111326590106,7,1592
RfidResearchGroup/proxmark3,1abcae291cfaace63daca69ca0c138c578614c50,lint,6.738345596623318,1,4
RfidResearchGroup/proxmark3,1afb335478ad34275fe9a6d566d5d9e70b68d240,style,5.8474559535579385,11,178
RfidResearchGroup/proxmark3,1b16b955653139cfad1e5a97e32d5d2af68da78c,lint,6.417386810150329,1,5
RfidResearchGroup/proxmark3,1b9490c6aa8125c591b75c015c7efd84e9ae8de0,lint,6.322648902324638,1,1
RfidResearchGroup/proxmark3,1c9405605766fa8b07a499afd052a4ae41a9c7cd,lint,6.745970796258271,1,2
RfidResearchGroup/proxmark3,1e54cd661c9005ad8a6eaf6362a61fe11026df8d,style,3.2247494739777425,5,984
RfidResearchGroup/proxmark3,1f27be076bb8d0fd2651596fc53c514b65cb713e,other,5.31684766902426,12,578
RfidResearchGroup/proxmark3,1f470483ec473e88424c7e6540b61056bb143e86,style,4.6075676223793955,4,35
RfidResearchGroup/proxmark3,1f9ec97dfd5c12bdf43b8d970b10d6cf6a5fb959,lint,6.738336597206378,1,4
RfidResearchGroup/proxmark3,1fbb838d3aa4bda965ebc4da0e08d17b61ba7bd7,lint,5.590656577179507,1,5
RfidResearchGroup/proxmark3,2022df10680cd245ae27a711402e8571679b373a,style,7.081302697290035,12,403
RfidResearchGroup/proxmark3,20547d773b8e1c940fcfd34d35ea4f13edf1048e,lint,6.514146101097675,1,2
RfidResearchGroup/proxmark3,20696fb44a408abe31e852129af3a4777632f886,style,5.230457671052298,10,446
RfidResearchGroup/proxmark3,2137e2b6c871ebaae3029188db091cf5f278a8dd,lint,6.745921331153193,1,2
RfidResearchGroup/proxmark3,2184b0dde814c5661abcda28be9bcea097b11efa,lint,5.59137859026035,1,41
RfidResearchGroup/proxmark3,221a06321b8b3009e38e6409073e93d0f338f859,lint,4.714346876822065,3,32
RfidResearchGroup/proxmark3,224cb2ffd7432824cec132a97fa02fc9106e4f92,style,6.307347833802317,38,3117
RfidResearchGroup/proxmark3,224e2f68b21947e1fd3e4468233587b246a38c0f,lint,4.732472653180216,1,2
RfidResearchGroup/proxmark3,225d406d21bb1908d487b4f61cf80a8c6a124f24,lint,7.150953019241007,1,2
RfidResearchGroup/proxmark3,23b4a47e94d0578cb6ddb2d24dbeb050cfd6d625,style,4.742836876061551,3,18
RfidResearchGroup/proxmark3,2441b24124c0c0fa8fef4575c5325a589ac67e56,style,5.166795668872157,7,216
RfidResearchGroup/proxmark3,24665367ea0c5fdc44af60a39ac8c4732374fe41,style,5.1287228433087435,6,221
RfidResearchGroup/proxmark3,2517e8b345f8591e38eb4a6221876c0dc401578c,style,2.7976588840722996,10,98
RfidResearchGroup/proxmark3,28dc6c717bf0c3afb051e007cb27c5f927267d28,style,5.138747845210029,6,107
RfidResearchGroup/proxmark3,294d2aa96b2c76107875419a1f540287bbc63c9d,lint,6.5442150543767585,1,2
RfidResearchGroup/proxmark3,295286e68aec9327a3580417009ec506abdf651a,lint,6.322658535503334,1,7
RfidResearchGroup/proxmark3,29f1147aadc64bf9bbcaf9bafcb856da4ece1e68,style,5.940732089892768,24,569
RfidResearchGroup/proxmark3,2a705d3a44c8e0d24da0c3a71940711ce18e0014,style,4.612678055365427,2,10
RfidResearchGroup/proxmark3,2bf2bb301a4554b142538c9691073a6effa9144e,lint,4.722914543564783,10,32
RfidResearchGroup/proxmark3,2c0a8bbd91dd0257c47f3de22a8a84e59a7b6d97,style,6.889394757522752,3,22
RfidResearchGroup/proxmark3,2c73337bde37e2271534b621d454c85e2fe6e364,lint,5.665288013030142,1,7
RfidResearchGroup/proxmark3,2cfe4d33c5a9091611c1c9476d28c9b32f1ce9f0,lint,6.745942372043501,1,2
RfidResearchGroup/proxmark3,2d2b12875492cfd8fa3c5d3fa43bb6b78a5ee906,style,7.541314390194438,2,226
RfidResearchGroup/proxmark3,2db34e0ad6936ec53f28fcad1cd44a5b14519460,lint,5.067367955738079,1,2
RfidResearchGroup/proxmark3,2eaa60e95e38ac6a6fc3b9c9e30ad288df3df764,lint,4.615574948665298,1,2
RfidResearchGroup/proxmark3,2f85bced17dee80fbe0b3cb0e8b481388c570693,lint,6.544078858975334,1,12
RfidResearchGroup/proxmark3,30ae0bf521fb14d76d56b72682a926ea502d1a6c,style,3.703633482901108,6,602
RfidResearchGroup/proxmark3,31125b9d342f0143ada6428e011334ef2da64728,lint,6.417408167921515,1,3
RfidResearchGroup/proxmark3,31df889f97ff93de7cae20079dc545d0aca3fd36,lint,5.66549794661191,1,5
RfidResearchGroup/proxmark3,3235468e05d1fc6c7856071e363f3341388f80ef,style,6.4364663028874185,1,10
RfidResearchGroup/proxmark3,3275decfb091b6ed92a41df1729733eaee7e27c7,lint,5.567204350140695,1,49
RfidResearchGroup/proxmark3,33a17fcd6706e6e27cf7f1b15984d55996762b73,lint,5.662295231576546,1,10
RfidResearchGroup/proxmark3,346af6e3d1f992fb96491cd2bf7e8add340cb3b0,style,7.5506793609146445,5,61
RfidResearchGroup/proxmark3,3491157345763053a6879729ccbe2e9ce26982c8,lint,4.733535186452709,7,55
RfidResearchGroup/proxmark3,35bea0fbaaef34102566b24fe797ca72c21107c1,style,5.109120053489492,3,73
RfidResearchGroup/proxmark3,370c4cf5a43f5a5dd3afd15d0162c8442e8bfc96,style,5.221964851572997,4,203
RfidResearchGroup/proxmark3,372a6958fa41cdd8607032b502cc3f61541d4116,lint,5.48139481456131,1,3
RfidResearchGroup/proxmark3,3771c150f0345b85e1109197306bf2269db9c1b6,style,7.127054877430476,3,42
RfidResearchGroup/proxmark3,3936afcca99f716cc63928fbebd0271a51ed3046,lint,3.7036362397647475,1,3
RfidResearchGroup/proxmark3,395d0f9ebf7c5f7275e5423f802f35b501d50f2e,style,6.9619731538520035,38,606
RfidResearchGroup/proxmark3,39fd06f947a5b949f8e8f1d151965e2e0714d298,lint,6.417405252617436,1,2
RfidResearchGroup/proxmark3,3ad822844f4a0f83de26cfb67808fc13d795cabd,lint,5.665333960757472,1,3
RfidResearchGroup/proxmark3,3ae9070dd83a1f5460f2c4857325847b6d3b9891,style,4.6442980454787435,15,247
RfidResearchGroup/proxmark3,3baf5955781de0b3d58e08efa97feafa6050f690,style,5.1506568940603845,8,281
RfidResearchGroup/proxmark3,3c07e264c95daf0b4e744aa14fdf1e4a2395cfce,lint,5.6655571399599465,1,16
RfidResearchGroup/proxmark3,3c31ee793dba08d7fe93aae3269ea0a0bd9d1037,style,5.225138793824626,15,286
RfidResearchGroup/proxmark3,3c47e78597beb24d2840527acd1e110d4fbe3db4,lint,5.067367955738079,1,1
RfidResearchGroup/proxmark3,3c51ee4547e65e1c7ceaa8d7f87f47b644d0e2d2,style,5.096404511116181,1,6
RfidResearchGroup/proxmark3,3cd282ce873383ecd29b00f96cfce2ba81c04de6,lint,5.593006343955181,1,12
RfidResearchGroup/proxmark3,3ee657c0f70ce1c390c7540febe9cb23991ffd57,lint,5.582621840697645,1,5
RfidResearchGroup/proxmark3,3f370438e5b9ed4ad5abee230e9f1efc7a43380e,lint,5.6620427408928435,1,2
RfidResearchGroup/proxmark3,3f6c914b9917aab460c3417932ee98a00ecc1d01,lint,5.394636474256598,5,17
RfidResearchGroup/proxmark3,3f71be870b7c9c356ea072f5e9362a07524bddab,lint,6.37349066468933,1,22
RfidResearchGroup/proxmark3,3f9ddf9b2978e2f5ce7c87b7749b88cbe170831f,style,5.977044990747078,7,139
RfidResearchGroup/proxmark3,3fd8a640c1f45f3bd4a676222015a39c5e331e3f,lint,5.590971176515325,1,13
RfidResearchGroup/proxmark3,3fead5b93c641e61ca5336e39566c7c325cad789,lint,5.665362796917383,1,2
RfidResearchGroup/proxmark3,404161d8b0b2dccdeccaf4239dbef89f8ddafda1,lint,5.58262843181991,1,7
RfidResearchGroup/proxmark3,41f36ca20b339246848e512a039c2cf18943bed8,style,7.4800722805283035,13,178
RfidResearchGroup/proxmark3,422e0187185fc976a9e41c8bc746cada37e46849,lint,6.322669974903034,1,17
RfidResearchGroup/proxmark3,4320486a3bf7250a77edb7762662aa55fbc51fdc,lint,5.662033709787816,2,12
RfidResearchGroup/proxmark3,43e1c5f22deb0b1e1f337fbb81f2f2bf46bc5703,lint,6.544147843942505,1,2
RfidResearchGroup/proxmark3,45a1a8375242bd7992357f192ed4b478c78f16f0,style,6.012060105964966,1,42
RfidResearchGroup/proxmark3,4620c0b21ef3d17684de5d14ba9569355d43bf82,lint,5.593138926914595,6,87
RfidResearchGroup/proxmark3,46767a07e7bc365d2127d392d8eff1a4876a7fab,lint,5.665368817654067,1,2
RfidResearchGroup/proxmark3,47b60d84de4d9211f0a0ae0a25deb35147c5fbe9,style,7.131823871270312,4,36
RfidResearchGroup/proxmark3,480bd87207c18868e1627c589e665343f5d57d7b,style,5.210600552640251,2,227
RfidResearchGroup/proxmark3,4814dc5bfb38c6c46163b7adee7d371ec7925397,style,4.64679519355084,5,377
RfidResearchGroup/proxmark3,4896390dde5b194cfe4a343ca144493c6dd006bd,lint,6.417400721220878,1,3
RfidResearchGroup/proxmark3,4919d14c13d9d07fbca55a40ca034350bfa82c38,lint,4.739672186731564,1,2
RfidResearchGroup/proxmark3,4a282b32c2d34552a9fb235ca8bf30f3b2af392d,lint,6.418432041726874,1,7
RfidResearchGroup/proxmark3,4ab382065a06a1a0750130e4c6945f94fe9584f5,lint,5.582619432402971,1,2
RfidResearchGroup/proxmark3,4b0096c13520ca01548a89bfe3658749a0309eea,lint,4.718090475828326,1,9
RfidResearchGroup/proxmark3,4b64a45899cb5dc0eea5840b214f70436ee4d7fc,style,3.1852839886429893,5,43
RfidResearchGroup/proxmark3,4c00cc5bcfd02818c7ca383e546ae3e65be09689,lint,5.037468565416889,1,3
RfidResearchGroup/proxmark3,4c44138557112513e836ff65f5da6273548e661a,style,5.331391645752529,9,171
RfidResearchGroup/proxmark3,4e48b10ab9777a833800b5e653af45c5fb8624ae,lint,5.3772658250310545,1,130
RfidResearchGroup/proxmark3,4eb5907637e22924967f212f79ba23ffa053fa2f,lint,6.740465339569549,2,49
RfidResearchGroup/proxmark3,4ed57c7c4d2879797df68f28424eafbdcea666a5,style,6.125604165082263,57,1766
RfidResearchGroup/proxmark3,50429c8476fefdf4e368bf256846663ec57e5960,lint,4.230976658554516,1,2
RfidResearchGroup/proxmark3,506d660c293001d4eddd2263929253110071df1d,lint,5.46045285446295,1,8
RfidResearchGroup/proxmark3,50b1591d0f46c67cd4960f4c43d0e2135d16dd6e,lint,5.593104133394174,1,2
RfidResearchGroup/proxmark3,517f0886ba66963225b9070fff2dd9a545a25738,style,7.154132823788881,2,27
RfidResearchGroup/proxmark3,51ad5c23321b2f1a22f4b6f371f9a8e438dcbcac,lint,6.735289027048951,1,2
RfidResearchGroup/proxmark3,51fb73f4c8dc70233d206204cf119bb96236025f,lint,5.356336666920171,1,9
RfidResearchGroup/proxmark3,536ddd17fde580f98bb30c277d87653e77ac7acc,lint,5.460576913326742,1,20
RfidResearchGroup/proxmark3,53ecdaf78f9fab0654df3b656a9889f296a9607a,lint,6.544173194412757,1,12
RfidResearchGroup/proxmark3,548c2ed9989377799279e3198968f98138de7803,style,7.174488205693716,1,52
RfidResearchGroup/proxmark3,5561466fe8b3a649d8a5567b1f2ddf51a3aab7a2,style,4.728441136208077,4,88
RfidResearchGroup/proxmark3,55fa5e7c35986adf3f1cd9c5f0ffbac7bd44ddbf,style,5.962901646513043,15,427
RfidResearchGroup/proxmark3,56b4a480cdb4efd6b63e242f3f234b0aee9fe4f4,lint,5.665286967323244,1,4
RfidResearchGroup/proxmark3,56d25b0786527f92cea417423c0fc1d46587ebdc,lint,6.745926147742541,1,2
RfidResearchGroup/proxmark3,5768ae9395395def993b1f6436e72ac2bed817ab,style,5.124397292569777,1,28
RfidResearchGroup/proxmark3,58a963d41f5ed25516002d8face2a34ff9d93287,lint,5.067367955738079,4,16
RfidResearchGroup/proxmark3,59cd54e17800f10993c1285205b154f6d866c6e7,lint,5.593130751387938,1,8
RfidResearchGroup/proxmark3,5a4584358c11cbe7342ba158a17d8ecb62a6701a,style,4.718034451289071,12,184
RfidResearchGroup/proxmark3,5ac42add1a7a590e028d1bfa30de1f0dad290cc8,style,3.663449945496489,1,2
RfidResearchGroup/proxmark3,5acd681f8f72ced055d4dc5f129dbfdcacb94427,lint,6.514175982964484,1,2
RfidResearchGroup/proxmark3,5b1e16b14eb0d883433ae54e611de70c4b30d80d,lint,6.323072952315766,1,10
RfidResearchGroup/proxmark3,5b51f4b4ee948fb85a52d5d16881be0a15de1f61,lint,6.738407863715872,1,4
RfidResearchGroup/proxmark3,5c1b99b0487ecfb94a321566b1febd09e526f9b9,lint,6.3226607536694805,1,3
RfidResearchGroup/proxmark3,5d5d9d9be0b86d5343378948d5c9c89df9320a7f,style,3.704094924835856,14,793
RfidResearchGroup/proxmark3,5ddfedbad020fc4e8aad59876a2d60220cb67631,lint,4.7324794027429204,1,2
RfidResearchGroup/proxmark3,5de11784660df530bbe260007c0a23ff7ecc25d1,lint,6.745918194032499,1,2
RfidResearchGroup/proxmark3,5f8cd5caca3cb1e8006c5aaccf8091a9b24c1bed,style,3.2090911856414936,6,484
RfidResearchGroup/proxmark3,60719c77889ee53217304117ada1e3d61149976d,lint,6.745969687175197,1,2
RfidResearchGroup/proxmark3,608d38c4b58daa1e4b6d51bc6c02ca182a323ca8,lint,6.740387925571019,1,2
RfidResearchGroup/proxmark3,60b0742941eaf7ffe6c2ea0b28ff7deedffca25c,style,4.624528671381854,2,10
RfidResearchGroup/proxmark3,6290d505648f8d6bde4be9e1d0e77e941a11c006,style,4.179495272137298,10,69
RfidResearchGroup/proxmark3,62a9a46cc75814ee906548e347bd9ec50cd7082f,style,5.10426489973889,3,49
RfidResearchGroup/proxmark3,62a9f5dcc2029c2be9ce8cb9fc625bcf5a95a618,style,4.747887672066317,3,128
RfidResearchGroup/proxmark3,638d6984456a7c9c9dbafd0a3dc53df5f4b0a188,style,7.203784001318224,2,8
RfidResearchGroup/proxmark3,64ce30c06c8a4c24cb241b6cdacbf64ec9829d74,style,7.4906363284913935,7,85
RfidResearchGroup/proxmark3,6543a498b032c0db9428503bedf2bc2bb2ca6a34,style,5.109862632139326,7,183
RfidResearchGroup/proxmark3,662d3259ca128e0837d6f296b8daaba82e88701f,lint,6.418399910005831,1,3
RfidResearchGroup/proxmark3,66332149571dc7bb3f10d5eeaa65d1009ac42d0d,lint,5.6653074378279715,1,6
RfidResearchGroup/proxmark3,673f087db9b22084b70af6c98e4c48269c5fd351,lint,5.593040440337668,1,48
RfidResearchGroup/proxmark3,67fc919c72b3fbb96b283893a374f9db5914fb44,style,4.253102960934926,5,174
RfidResearchGroup/proxmark3,68d79527e51b4ec34ce82ce2919de23a3fb4d748,lint,4.6637287056049885,1,5
RfidResearchGroup/proxmark3,6a5a5f7397e11b940f2f249e9bdb26224fcb6e3e,style,5.265431972013081,1,6
RfidResearchGroup/proxmark3,6bb301f4dac7a47e44b6396b4747bd4da8333bb4,lint,4.7252263480112555,9,42
RfidResearchGroup/proxmark3,6cadbbc3e74a35a88552659d00becf1d1a21a5ae,lint,6.37621942099526,1,6
RfidResearchGroup/proxmark3,6dbde61c4e625b3cd1cb9164ef8b3649f97e2b3d,lint,4.725453393160443,7,27
RfidResearchGroup/proxmark3,6e0673fd02ad381c457f3dc5aeb5969ee7ccbde4,lint,5.665568294166857,2,31
RfidResearchGroup/proxmark3,6eb02c5f8e12d37dac5ee26135c6392b6618fa35,lint,5.46077772073922,4,14
RfidResearchGroup/proxmark3,6f1ed5a9bf90466534dfa12e8c6702f332bfb979,lint,6.544216163459832,1,10
RfidResearchGroup/proxmark3,6f20f86c2d7eb2f6900172dac6d678bfbff061b6,lint,6.544157255304586,1,6
RfidResearchGroup/proxmark3,71f96ba1e7c9c672563646309fba34252d981b2c,style,3.9511210611706846,12,2017
RfidResearchGroup/proxmark3,72f26825448eaa5a3935efeb2d7f4435642cc184,lint,4.72544677035009,1,18
RfidResearchGroup/proxmark3,72ff81c80f7a2a803554640f49487e80e63e38c8,lint,5.5825776041270565,2,55
RfidResearchGroup/proxmark3,73f62ae27eb9b3b1d4f25cc54b92985b539b1c6b,style,5.175046739929526,6,682
RfidResearchGroup/proxmark3,76f2c2c95e8d8551bc0df3232cc46fa283b4875c,lint,5.662287499683119,1,2
RfidResearchGroup/proxmark3,7750e60ac39193abfaa0d51a7028eade1c8ed107,lint,5.662018467817578,1,24
RfidResearchGroup/proxmark3,777cb5a8ce7d7d68e8a660dff83fb97511e99f84,style,5.904937732907445,23,365
RfidResearchGroup/proxmark3,785d790ea0d3e0cd2b4a10f09735e8cd41d3d715,lint,5.665372588536517,1,51
RfidResearchGroup/proxmark3,78cc7e10a586d38bce09c0ac01d434381582c03f,lint,6.417474364336958,1,4
RfidResearchGroup/proxmark3,7910464a8537714cec4393c10a35ccc5954d2f4f,lint,5.5799037949653965,2,7
RfidResearchGroup/proxmark3,7a867cadcd992f9186d5178310c3a572f99977c5,lint,6.74592034882247,1,2
RfidResearchGroup/proxmark3,7b34b210b4ba6f0dd6d16f7c9fb2e278a25896aa,lint,4.720673752123102,3,92
RfidResearchGroup/proxmark3,7c7dfa7d392fde020cebd2380eb3961f62f6a794,lint,4.720668460212437,1,5
RfidResearchGroup/proxmark3,7c8be44dd68630c62a7cf5848a798a947ed58e39,lint,4.718095609298553,1,27
RfidResearchGroup/proxmark3,7cd509c77c30058d8a6e180c4b30a3f237996755,style,6.424157286992673,3,246
RfidResearchGroup/proxmark3,7ce190593c54a0ed253e469aff6815d38808b0ef,style,5.117650169848151,4,162
RfidResearchGroup/proxmark3,7ce86a0de95592bcf30451e2020bc99599d6d3c8,style,5.103838694957791,2,14
RfidResearchGroup/proxmark3,7dc65bf0f7806e6272dce2ab76a80851def76fcd,lint,6.74584787816564,1,6
RfidResearchGroup/proxmark3,7eac4818abd4d3811bcb21d39d3ab4b980e2aca0,lint,6.74596544097143,2,10
RfidResearchGroup/proxmark3,7ed8f08e096e94a86e1e8022bd6d10d07485f7a1,style,4.237949844094608,4,40
RfidResearchGroup/proxmark3,7efd02b6e0cec3c8954d67495bdf42dc8212aed0,lint,4.725339125915785,5,209
RfidResearchGroup/proxmark3,8029e081535672dae582c7be6a8349cce0aa9c0e,lint,3.1837281035313203,1,31
RfidResearchGroup/proxmark3,805b8e1e448c15ce33b464859598879b1d5de4ad,lint,4.230978433087434,1,14
RfidResearchGroup/proxmark3,8172c708c3b34ba79b5c96d56e08ad21c466aec8,lint,5.441301968464015,1,56
RfidResearchGroup/proxmark3,81c6918ac582d1cd9643404b9e545b5e214eb7a1,lint,4.725192822014348,5,46
RfidResearchGroup/proxmark3,827439bddfc9f99ee6b10b40ac634402c5121eaa,lint,6.375099595659999,1,8
RfidResearchGroup/proxmark3,8338cd850c3db6b14e43c51f8f209a39e69c5328,style,5.067575639465612,2,38
RfidResearchGroup/proxmark3,8472c6ffe7c3a8450fc84e945018851fc7f9cd32,style,5.1670618171217075,5,292
RfidResearchGroup/proxmark3,84bc13884135ddc6d142cc7858cbe40d191f2ea4,lint,5.665490531599361,1,11
RfidResearchGroup/proxmark3,857f0c0d9bce056acbca828155f93a3faa712dec,lint,3.7036362397647475,1,2
RfidResearchGroup/proxmark3,866df868258c2f427493a7f81a4fe23f3281c291,lint,6.74048561994575,1,7
RfidResearchGroup/proxmark3,869ae27f35bd7404725b39a7cb27df5f0dabdb4d,lint,4.725332503105433,2,28
RfidResearchGroup/proxmark3,8760068a0304940654f75e54b8ff2895f15fa6a5,style,5.632167908839709,2,3
RfidResearchGroup/proxmark3,8772edb6b85a886064e08ea555a08b8a9d7923fe,lint,5.067367955738079,3,30
RfidResearchGroup/proxmark3,8792679fc8126abf19fcb900542562a5a8cb46d8,style,6.938591242680052,3,6
RfidResearchGroup/proxmark3,88237e60c138aa7eb54c8601ff8f6b556f3009aa,lint,6.746495202423505,2,4
RfidResearchGroup/proxmark3,886104e4cb151a0f1bccd626e893ce5bb5801cf2,lint,5.567201403148529,1,2
RfidResearchGroup/proxmark3,89a05b47a80d261597d7320d0b292a0989243cd5,lint,4.7229000621086525,9,34
RfidResearchGroup/proxmark3,89becb8d9f13b463129728a0dc511dfcb720a835,lint,4.739532727457094,1,9
RfidResearchGroup/proxmark3,89f43c12216be38534ffbebc61c995d56b2ccc17,lint,6.322665633635004,1,3
RfidResearchGroup/proxmark3,8af75cb220ac5415cdd600aab369553804058cdd,style,3.2168327122468123,4,299
RfidResearchGroup/proxmark3,8d4acbe3a622d642c65547243e7809d9d1315955,style,5.763245620706264,13,155
RfidResearchGroup/proxmark3,8d9dd8b346f742c673988b7207721057ab3fe2e2,style,4.471213812203716,12,376
RfidResearchGroup/proxmark3,8dd963d305a31429bba4ae1418b65142fa39cd24,style,3.0979794724567142,11,984
RfidResearchGroup/proxmark3,8e6258936caea0fda3c6b82d2038cfae66acac66,style,7.196002072400943,5,27
RfidResearchGroup/proxmark3,90a9c215de47d48c4dbf867149f1a06a63f6d017,lint,6.5143137627703,1,2
RfidResearchGroup/proxmark3,90fb78ff1b5bbbd0559ff45fcb642a8b0be52790,lint,5.664478921083986,1,6
RfidResearchGroup/proxmark3,910c4d8c92b85ca0bb6ce70499b86fddba44f0c4,style,2.8963007960047658,9,57
RfidResearchGroup/proxmark3,928c0e41626a443b7e70e03a973a9dbafebbbec1,lint,5.567203621314675,1,6
RfidResearchGroup/proxmark3,9395f8c8ac1a6949a7f241c9a04a23a3264868b1,lint,5.592969047075823,1,2
RfidResearchGroup/proxmark3,94192d0976c7e3e23daa14a7172344855a6f8e2c,style,6.451795954064948,44,1332
RfidResearchGroup/proxmark3,945fb82b48054d4096f82fda892abd21422a0025,style,6.9495198620934415,3,12
RfidResearchGroup/proxmark3,951d6cd218f26cf0c65ee9dfa2b19befd3724842,lint,3.7036362397647475,3,6
RfidResearchGroup/proxmark3,971c0126de3dcac76cc90d01fbcd52c186d58f4c,lint,5.067367955738079,1,2
RfidResearchGroup/proxmark3,977b198816685059c99989bb57b2282229da2678,lint,6.3751310619311985,1,3
RfidResearchGroup/proxmark3,9880df8ca7a41bfaa5e2b31ab40c3e9aa72519f7,style,4.40590368088828,6,18
RfidResearchGroup/proxmark3,9883343cccde13da9e72adee937bcaa7f8541d16,lint,6.322656951098943,1,4
RfidResearchGroup/proxmark3,98d940874625b246803d790985520afccb377ec2,style,7.482156279311481,30,520
RfidResearchGroup/proxmark3,997567a9d68fa9227a25739c52f992988335f4af,lint,6.376220276573631,1,53
RfidResearchGroup/proxmark3,99dcb8122ac77c6c3566b425e46499ecca5cc4e7,lint,5.59313087814029,1,4
RfidResearchGroup/proxmark3,9a746db6f954aee0ad90675311b5f245b3a0ef10,lint,4.739730778005932,1,40
RfidResearchGroup/proxmark3,9b44590f8dd2e52d735031f3784f75a59c01fd5e,style,7.144009810631987,2,4
RfidResearchGroup/proxmark3,9beabaabf528f5e39e399e86d9b9f4610135d268,style,7.184108994346845,29,9804
RfidResearchGroup/proxmark3,9ce99862e89d38af219583a044ed65bad7652a60,style,5.732586635232083,2,57
RfidResearchGroup/proxmark3,9da0073e0dd9758cece4bf215654c4550929c971,lint,5.394776408852384,4,37
RfidResearchGroup/proxmark3,9f36ce1b9d67065150c790e21b37d0df191e2833,lint,5.062030572667123,15,242
RfidResearchGroup/proxmark3,9f4620c92c57af2222a916db376b4a17745d1819,style,7.1729009176870235,9,302
RfidResearchGroup/proxmark3,9fa8d9175b84dea682eee9f135ade182075d66b1,style,4.227029431895962,10,104
RfidResearchGroup/proxmark3,9fac23567be04ffceaaa61891fff530e2b40e0fa,lint,6.740328161837402,1,22
RfidResearchGroup/proxmark3,a0e110941a502bc2135f53b1883c655ba117c331,style,5.746171128349431,5,70
RfidResearchGroup/proxmark3,a24c7334cfe84fd1651b0810ebb48ffba1fbddb0,lint,6.514158871397065,1,10
RfidResearchGroup/proxmark3,a27b3af4cbcc634d49b396a23f8f08688a9a49f0,style,6.012061405176566,1,24
RfidResearchGroup/proxmark3,a40c2727e6c3797f3edf843737d228e0b752c2ba,lint,6.375101972266585,1,8
RfidResearchGroup/proxmark3,a4bc2c552134705370bf7ce1b09040e6babc6ed3,style,4.618608988009227,6,216
RfidResearchGroup/proxmark3,a55e597e362d966789575f11e6dc8dce0936e6c7,style,7.310037423631709,37,386
RfidResearchGroup/proxmark3,a592b349cb69202eb4838c5bb2fff9a428e9ee31,style,5.363167636322154,6,50
RfidResearchGroup/proxmark3,a5f42128099ce68bf2d765f31edcf71baeb1476e,lint,5.665315042969047,1,6
RfidResearchGroup/proxmark3,a68b8983f25260acd01c9cda44a3d39cf288e1cd,style,6.438913573909296,3,36
RfidResearchGroup/proxmark3,a769752aafffd3cb0073fc2c559e68d8a8ccc88b,lint,5.5910081248257155,1,21
RfidResearchGroup/proxmark3,a7ececcb5dfe631fb159c17bcddf574aeb4123ca,lint,6.417411146601769,1,6
RfidResearchGroup/proxmark3,a7f3a42aff1a65d8a101a31d5d26e3818bec169e,lint,4.73248057520217,1,4
RfidResearchGroup/proxmark3,a8aadb27515819c52c6068a29340566616d59a4d,lint,6.514339271680989,2,4
RfidResearchGroup/proxmark3,a8ccba77d63d1576bfac054eba1425e2379b28a3,lint,4.722934126803052,7,69
RfidResearchGroup/proxmark3,a9aaa3040ec12900b86294b4273645771b1f0a6e,lint,6.544135548964434,1,6
RfidResearchGroup/proxmark3,a9b265ff1b9e3c69d14659b27117ffeaf6b2d3f2,lint,5.665548330671534,1,5
RfidResearchGroup/proxmark3,ab249d0d76a11a23aab65a818a9e42671eefda74,style,5.161498149415672,10,269
RfidResearchGroup/proxmark3,abacf673dced8638c3a39f02a7f6b126dcd9414a,lint,4.718101313154359,1,8
RfidResearchGroup/proxmark3,ac233a346a70a55832dfbe3365769b66eac6f486,style,7.183862524399828,6,1457
RfidResearchGroup/proxmark3,ac8e74c1d9de2e74f0ca87b6484ad650cba12837,lint,6.7379181876948815,1,18
RfidResearchGroup/proxmark3,b03f9402c12f76ad7d7e2f09d185d6eb1c2e4271,lint,6.418432136791138,1,4
RfidResearchGroup/proxmark3,b0b51e4222eb73050beac7ded715c256c1aa035f,lint,6.322652895023703,1,3
RfidResearchGroup/proxmark3,b0dbbd3683afeafcf45bfb79c9a2c0a01f88d14d,style,7.213874312368494,15,111
RfidResearchGroup/proxmark3,b2996aa69a8dd85a2d15598b6d7006746825804b,style,5.279760057799072,2,13
RfidResearchGroup/proxmark3,b34851d2812fd5712273ae6ca5e2a25ebb6d8cd8,style,6.393923619033133,1,20
RfidResearchGroup/proxmark3,b3731c60030e3266598eb02f4c56ca011538a30f,lint,4.725775787765863,8,55
RfidResearchGroup/proxmark3,b3f84bf7b3459152e3bfef8e9c9928ff7ccc2236,style,6.414986088929449,7,172
RfidResearchGroup/proxmark3,b538a67ba348f339df71e76fbf53997db21a7477,style,7.542336172586001,2,54
RfidResearchGroup/proxmark3,b55a33b1d7b2950fbe7e42d3b308ef21a06183c3,lint,4.726110794230233,8,45
RfidResearchGroup/proxmark3,b55c186b3a52cbfe542a787243d3e8d3a1bbf49f,style,6.302095248054352,5,42
RfidResearchGroup/proxmark3,b57f40e3d78ef067ab6c592cab69255c1db6e86e,style,6.70237590944812,2,638
RfidResearchGroup/proxmark3,b63495cce72d3bd192a64358d6db01de4f6f8002,lint,6.514320068699774,4,10
RfidResearchGroup/proxmark3,b8458322e15deb33f143ec170427a380434bbf75,lint,3.7036362397647475,1,2
RfidResearchGroup/proxmark3,b86d9f2b969fe44121f7f58929120b1dfa2a84b2,lint,6.417390834537481,1,6
RfidResearchGroup/proxmark3,b910d7ea94d6f53fa99afed7c72fe29f83c6d63c,other,2.6125561196035187,4,68
RfidResearchGroup/proxmark3,b9300e94ce454017f992422b924e8768fd12b917,style,5.103721829289933,4,43
RfidResearchGroup/proxmark3,b9e0b57cd89acc3b4ba5e9fde18aac5084bc8bf9,lint,5.067367955738079,1,4
RfidResearchGroup/proxmark3,ba6ef2a1bcb47ddd59accf70cbae9ce04cb0e128,lint,5.067367955738079,1,1
RfidResearchGroup/proxmark3,ba8e90edfd49c144d814e2664f437a54b252f46c,style,2.880453393160443,11,208
RfidResearchGroup/proxmark3,bb6ea597b4ba00dffa99c67e613db6525fc4f6e0,lint,5.591395638451593,1,11
RfidResearchGroup/proxmark3,bd8824a2f308a597690c91f47efb279801534870,style,7.2040034413263365,3,12
RfidResearchGroup/proxmark3,beb6a8bf110e5323a40684b195e459f323c525e2,lint,5.665332756610135,1,2
RfidResearchGroup/proxmark3,bf597dd2d22d678782da0c49e5bfc27dfca188a6,lint,6.5441474636854515,1,2
RfidResearchGroup/proxmark3,bf8cd5c00b02e6bc9b82f0fb451e2798da6b76a0,other,5.3168288463000986,1,78
RfidResearchGroup/proxmark3,c0f4abb8d474b6e5778996f17380d9c05de1a9b3,lint,5.665479630897154,1,3
RfidResearchGroup/proxmark3,c193eef3261d00d58a07a3f3169b31e583713198,lint,6.745922471924354,1,2
RfidResearchGroup/proxmark3,c2092ee2ed6331b3ecc363cd56b4697af9f6e081,style,4.612681382614648,3,17
RfidResearchGroup/proxmark3,c2eb6395e242986c10155e1917614e6c1dfce112,lint,3.7036362397647475,1,2
RfidResearchGroup/proxmark3,c3024fe9f256e27b4238a4e016a879db29f6b657,lint,6.5441735429817225,1,6
RfidResearchGroup/proxmark3,c349aa0a13174a8989a31d1749c2c055062d6e2d,style,6.389808160316374,1,28
RfidResearchGroup/proxmark3,c3b7f6ca5816e9b3bca9eca2729b6017369524ae,style,2.6944317058331433,4,64
RfidResearchGroup/proxmark3,c3c59e35cbf6687edd548c383ae8c60495f96731,style,5.993954895175806,27,3196
RfidResearchGroup/proxmark3,c46119d7553d1366ada9b875a259ff057b53a4a9,lint,6.544080633508251,1,2
RfidResearchGroup/proxmark3,c4bb26b1ef9a4c2961d42b6de927dd8410ef4f32,style,2.6013250690800316,4,108
RfidResearchGroup/proxmark3,c50c0f1630bc104717c12556f89fffe2d55e33cb,lint,5.661988776079296,2,25
RfidResearchGroup/proxmark3,c5658f2a0b4f0da5028833c214a070368289914f,lint,4.61556968844272,2,8
RfidResearchGroup/proxmark3,c7d2ccb8bd4177e240d836759b64a2802641847f,lint,6.544215719826603,1,13
RfidResearchGroup/proxmark3,c83ff9da0f7975b6c682d1b32a8942255ffbf405,style,7.170666653991431,2,4
RfidResearchGroup/proxmark3,c9984985fdebafcf2975437e18dfe8132f52f450,other,3.7040918827794256,11,698
RfidResearchGroup/proxmark3,ca40ee99d6729a10240156786e57ca9bda96917d,style,5.079836933100109,3,64
RfidResearchGroup/proxmark3,cb5aacd33aee7a22f4e82f2f7274a4e147699892,style,4.416691763632215,2,103
RfidResearchGroup/proxmark3,cc6f497897b762ba8ef96fcdd7b37218414f9f89,lint,6.322669404517454,1,6
RfidResearchGroup/proxmark3,cd19bf81a8fc1d8d88e938f87f799cbb0a0d829e,lint,6.417477786650442,1,3
RfidResearchGroup/proxmark3,cd36770c5ef730598ee184fa8c1e158bfe2cf770,style,5.632160081882019,22,198
RfidResearchGroup/proxmark3,cd825bfac89a878d6717d5a326bd1377d93d067c,lint,4.732488212031333,1,64
RfidResearchGroup/proxmark3,cdb99fe65096ef874da44c00c8f9112148ab9168,lint,6.417350654042132,1,6
RfidResearchGroup/proxmark3,cf63b9e022bb36ea4237e8b4acdbd128b85cffaf,style,5.202175355540345,3,230
RfidResearchGroup/proxmark3,d2a2acf69ce8a73813161f5d237eeb5d0672d4ea,style,7.206395575075418,3,41
RfidResearchGroup/proxmark3,d2c290c7c38276c3760bd93d61186ff36a8e7ad2,lint,4.725201377798058,9,36
RfidResearchGroup/proxmark3,d3248a7059bbb313e6548c79b5420cb1059cad7f,style,3.940209204755748,3,69
RfidResearchGroup/proxmark3,d37547917ea08977174c14fd4367a94f51f5c118,lint,5.062385289122113,1,4
RfidResearchGroup/proxmark3,d39b113b4075ee8afe78d228a8c130cedc071626,lint,6.732869197911121,1,16
RfidResearchGroup/proxmark3,d3c6c430a803156a494d590140727d8aa16e3d3d,lint,5.067367955738079,1,3
RfidResearchGroup/proxmark3,d43f6ffc441adbb7271f6e05f598c48b199bf786,style,5.246853309503892,3,31
RfidResearchGroup/proxmark3,d46d23d079dbcf4cd617722e1d7ceff2c540b4e0,style,5.093284153421046,18,8131
RfidResearchGroup/proxmark3,d793a601da396d2ac9f3cd186319ef562b713c87,style,5.6207867201561585,1,34
RfidResearchGroup/proxmark3,d9195effc7a9e03bb34f55145acd325084534c0a,lint,5.593038824245189,2,17
RfidResearchGroup/proxmark3,d94c74b24b4c680b778c8af3af9410d3ba7cb077,style,7.215204958551981,4,118
RfidResearchGroup/proxmark3,db083034d612831024bc26c76c6f24a3afd37955,style,5.838663396456004,6,35
RfidResearchGroup/proxmark3,db4aa08b78205580474bab5d755ac414ed2c7adb,style,7.505148965700814,28,1234
RfidResearchGroup/proxmark3,dbec6edfa7e411e09b26946ac52e6b7e37225e85,style,4.949773651988744,14,295
RfidResearchGroup/proxmark3,dd5679a53a3454a5af080554aa2194662fba46ea,lint,6.423870129540903,6,155
RfidResearchGroup/proxmark3,ddaa88406414ebdee6dc74d6f99e7177d780bdea,lint,6.745959737115624,1,2
RfidResearchGroup/proxmark3,deb48d231110d4f40141473e6e0711c9080ef9f3,lint,4.725367296625852,10,63
RfidResearchGroup/proxmark3,dec92755b6bc99fabc448aa346dbecb5e25fd864,lint,6.32265466955662,1,3
RfidResearchGroup/proxmark3,dfcb83a15407617d73ba191f171bdbe0ef8c78d7,style,4.591473496083353,5,110
RfidResearchGroup/proxmark3,e2f59d215fed5dbba2e68e21e6c14120587a305f,lint,6.745947917458869,1,2
RfidResearchGroup/proxmark3,e460a4e6ca6fe054ff9a2b58e65ad58679566e68,lint,6.544155956092985,1,2
RfidResearchGroup/proxmark3,e50c2f00ccda2e28c1f9d6bf5ef18bd79ea520fa,lint,6.740489485892463,1,62
RfidResearchGroup/proxmark3,e550f8ccc85b745e3961a096b5e3a602adaa5034,lint,4.726077363297589,18,109
RfidResearchGroup/proxmark3,e5db57747c1568ad44788a2673c82f52192957c9,lint,6.745942467107765,1,12
RfidResearchGroup/proxmark3,e822cf5b1e7f9b76bbbb32df5e4d8f9bfbf06a2a,style,5.144273233705985,4,81
RfidResearchGroup/proxmark3,ea12d31a314122a447625e6f706dfa4cb8727cf1,lint,5.037414410474814,1,15
RfidResearchGroup/proxmark3,ea7f2e03d38bd24b862392af04014646b9ca5942,lint,4.739768962151748,2,15
RfidResearchGroup/proxmark3,eafeb4712655182434a6b0e831f0a8c0b2489ed5,style,6.396511109843588,6,32
RfidResearchGroup/proxmark3,eb23028514e301d878358bf11ce31210517888fc,lint,3.7036362397647475,2,5
RfidResearchGroup/proxmark3,eb3c48cd259c27cf2df20f8afb30703eb2f549cd,style,4.745582268613583,5,44
RfidResearchGroup/proxmark3,eb635a2efc9c12f515f946ff9f7c82883b1e9017,lint,6.745931059396152,1,4
RfidResearchGroup/proxmark3,ebba11b3f551cbca47ac3d88a249bc1b865dcf5c,style,4.725573047380029,5,30
RfidResearchGroup/proxmark3,ecb535cc58b8ba01301c07c0168f3179e2eca2da,style,7.066010786625092,3,20
RfidResearchGroup/proxmark3,ed10409bfd7114ec6ec99c8a68372f9eb64c386e,lint,4.732482825056405,1,15
RfidResearchGroup/proxmark3,ed11e4a093b61b58c20d823bec86bca18b44871c,lint,6.37510263771643,2,8
RfidResearchGroup/proxmark3,eef2a6308138b08bbf04f529957dd9da8b0fb6a8,lint,5.582625833396709,1,3
RfidResearchGroup/proxmark3,ef7c30121715a4123101d8239458748e525946d9,lint,4.79373665931503,1,2
RfidResearchGroup/proxmark3,f13149826c22b7917da90e3aa66429d87a0f6203,lint,6.544214230486475,1,16
RfidResearchGroup/proxmark3,f1df27e6bbecb0c7728129115463006a315d9e77,lint,6.418403332319315,1,23
RfidResearchGroup/proxmark3,f2bc066858b22dfa397d2533dea1e724793dd220,style,5.7039472266585545,33,10543
RfidResearchGroup/proxmark3,f3f3a5a270c637ce90860335d1f6372e609a60b4,style,5.287742635688392,5,333
RfidResearchGroup/proxmark3,f40600f997f9b259f6944236ad7dbc9abae2ace9,style,7.151780997287499,1,2
RfidResearchGroup/proxmark3,f416fa9b4f933b22cbe15f904975b487fa6cd864,lint,6.42397048571501,6,28
RfidResearchGroup/proxmark3,f428b016c12e4cec979a228beeea29175bd6f5c6,lint,6.745981696960478,5,53
RfidResearchGroup/proxmark3,f5aa78e668913218a98131577bd2f658ca9efc76,lint,5.593020096585292,2,13
RfidResearchGroup/proxmark3,f61d19276ba17091742c7a56c70e6eb2c26af007,lint,5.567202131974548,1,2
RfidResearchGroup/proxmark3,f63cf021788ab390594374e5cc7463df24cc8e03,style,5.8912752237179,12,222
RfidResearchGroup/proxmark3,f69739da7918752a8db82fd013c7d52cf43d6b4b,style,6.275483021522549,16,125
RfidResearchGroup/proxmark3,f6e013c7fc5a28166623496c2a179ac57f16b2c4,lint,6.544215244505286,2,14
RfidResearchGroup/proxmark3,f761874347a864421c66db0372e4b7e945f34782,lint,6.5441741767434785,1,26
RfidResearchGroup/proxmark3,fa10e7464eb7f7ac75320228c3cd90ef25bb182f,lint,4.663718850609679,1,32
RfidResearchGroup/proxmark3,fb9f7d6562a1632f8c0ffb2d504a61b0a11c446a,lint,4.663732191294648,1,2
RfidResearchGroup/proxmark3,fd39493cac591d0263db8a805c952e1f5ab60564,lint,3.725817172408548,1,18
RfidResearchGroup/proxmark3,fd4edc390f537c82110f7169b6bdf60f77a9571d,lint,6.745927510330317,1,10
RfidResearchGroup/proxmark3,fd7a25beedbb4870a90f87f45362491ecfd957e8,lint,5.665399998732476,1,10
RfidResearchGroup/proxmark3,fea3185922d51a3432938010ad269ecf5aa466f7,lint,6.740474180546049,1,10
RfidResearchGroup/proxmark3,ffb596373f11fd1a58aded452a26a666c552003d,lint,6.740549946764013,1,2
RfidResearchGroup/proxmark3,ffdd338dea860b765fb5fe26bb996c9adc81f911,style,6.376042664841433,8,263
SWE-agent/SWE-agent,29a4c6dfb6cceff5e657c707ce809bc78f33b778,migration,2.1328576000709814,30,345
SWE-agent/SWE-agent,51699eb03c3c4f36d4b5ef2725f7bd5223874da7,formatter,2.132741970238548,0,0
SWE-agent/SWE-agent,70ba97190a781705203ba838bfe0fb8be7cfa32f,formatter,2.132862226531802,64,1809
SWE-agent/SWE-agent,83988093c08ab5f1cb999f97fc3745f3d3af306f,formatter,2.1326186085126877,16,145
SWE-agent/SWE-agent,f873761e6760a844c1788cb5f4e42de401ab2c38,style,2.1328585507136157,26,226
SixLabors/ImageSharp,0e9a066195a100ae56b4ca49cee9927fb15e1482,migration,4.035965662788045,1782,406978
SixLabors/ImageSharp,5528a2923ccc63d776c91994b0b17a2c3ad5be94,other,4.035742420209395,125,16511
SixLabors/ImageSharp,d14c82023fc01a6fca99c42212cb3c97991fae9e,style,4.035763556163967,3,14
Stirling-Tools/Stirling-PDF,14d4fbb2a36195eedb034785e5a5ff6a47f268c6,formatter,1.2491086140897913,10,284
Stirling-Tools/Stirling-PDF,55d4fda01b2f39f5b7d7b4fda5214bd7ff0fd5dd,refactoring,2.63422227926078,142,34922
Stirling-Tools/Stirling-PDF,5f771b785130154ed47952635b7acef371ffe0ec,formatter,2.7516752224503764,155,10886
Stirling-Tools/Stirling-PDF,7fa5e130d99227c2202ebddfdd91348176ec0c7b,formatter,1.2333194856389587,3,10
Stirling-Tools/Stirling-PDF,ee8030c1c4148062cde15c49c67d04ef03930c55,formatter,1.271591977843689,1,1
SwiftGGTeam/the-swift-programming-language-in-chinese,4039ee0ef4e69d2cf6460861f9444a499503db16,migration,3.4439337275331456,9,2674
SwiftGGTeam/the-swift-programming-language-in-chinese,96f0925407c6bd9eadd9d58d253bad3e1ef7a9f2,migration,3.605872056176642,46,67372
SwiftGGTeam/the-swift-programming-language-in-chinese,c914c44ccdbbda757ee43e5d4c777abf24391a1a,formatter,3.3553652685882325,3,367
TagStudioDev/TagStudio,089c8dd50cbf22e75721ecd2c0e0acfd3deca7f3,formatter,2.408247807184323,46,25258
TagStudioDev/TagStudio,b6e216760557c5507b12f210e1e48c531f49ffa3,lint,2.0463050738966206,67,2098
TagStudioDev/TagStudio,e134cb1ecb888138411e804d15db8b1a7ede0cb0,formatter,0.38649051258650846,34,2165
TeamAmaze/AmazeFileManager,45178b3d348cd1fe768bcfc086b04b15ea5d69ea,formatter,2.589479459781479,371,16833
TeamAmaze/AmazeFileManager,94dae8259f075e4099cd92c258386dc39bfc30c1,formatter,2.5964487476867695,8,74
TryGhost/Ghost,5ad154310fa5b325c2201ff3caeaa4daee8172d3,formatter,0.1112059535579385,5017,1251770
TypeStrong/ts-node,7ff608d1a0f7160e7776c34d7a146c8cc90d76ac,other,0.5979447740005577,72,4401
TypeStrong/ts-node,9d05cb684fc3a6e492832100a125ea07d1cc98c5,formatter,2.785605242477248,88,5191
WebAssembly/binaryen,db9124f1de0478dcac525009b6f1589b44a7edd8,formatter,7.4301504233528535,198,36102
WebAssembly/binaryen,fc5afd738a85b5adf2e7d4729704b2da8c1f1011,formatter,0.675983154612518,24,149
WebAssembly/wabt,e59cf9369004a521814222afbc05ae6b59446cd5,formatter,4.7748478021142295,70,2131
WordPress/gutenberg,0221522f253e094b277a1485b7a2d186cb172632,formatter,2.4194547113848963,151,1181
WordPress/gutenberg,0bee15148fe4330c20cf372cb46a33693e45cb5f,formatter,3.035657020812736,78,1829
WordPress/gutenberg,33d84b036592a5bf31af05b7710f3b2b14163dc4,formatter,4.297958906887723,602,14384
WordPress/gutenberg,4857ad58c1241b3d63d21a6880c989b85746c3dc,formatter,6.665210820848227,1267,34560
WordPress/gutenberg,5d4baa9ab5f57d207cc3a048003216a8574574d9,formatter,2.3402214363576443,112,598
WordPress/gutenberg,7f43eafccea3691044eabf94e94b978435d25bd3,formatter,0.15015165918827794,5564,33422
WordPress/gutenberg,9a34927870df80ac3b2da14d71f81d20ec23e2b6,formatter,2.575318243465916,143,539
WordPress/gutenberg,a4d2df95732fbf4514fe1a155fc0aa37d94412e7,formatter,0.041049794661190964,747,11781
WordPress/gutenberg,c56e8a1910ed74f405b74bbb12fe81dea974e5c3,formatter,3.528376714325551,19,630
WordPress/gutenberg,f63053cace3c02e284f00918e1854284c85b9132,lint,6.666213083377697,1368,42488
XAMPPRocky/tokei,d7c548537cd5828b2d58e09f3207ddacc517b227,formatter,5.936799503130783,1,24
XAMPPRocky/tokei,f356d27ab21e0f93839da90393c0edf9225740c2,formatter,6.471169448880777,1,3164
XRPLF/rippled,0976b2b68b64972af8e6e7c497900b5bce9fe22f,refactoring,0.6157527188379345,403,78908
XRPLF/rippled,0c74270b055133a57a497b5c9fc5a75f7647b1f4,formatter,0.5717484219332268,2,254
XRPLF/rippled,0eebe6a5f4246fced516d52b83ec4e7f47373edd,other,2.4475609678809542,27,104
XRPLF/rippled,1d23148e6dd53957fcb6205c07a5c6cd7b64d50c,other,2.277538501026694,1153,10960
XRPLF/rippled,1d42c4f6de6bf01d1286fc7459b17a37a5189e88,license/header,0.9043229840038532,1353,25473
XRPLF/rippled,1eb0fdac6543706b4b9ddca57fd4102928a1f871,move/rename,0.8020754429994676,1261,8455
XRPLF/rippled,241b9ddde9e11beb7480600fd5ed90e1ef109b21,move/rename,2.4475609678809542,45,8345
XRPLF/rippled,25cca465538a56cce501477f9e5e2c1c7ea2d84c,formatter,0.609669271427485,1,2
XRPLF/rippled,2c1fad102353e11293e3edde1c043224e7d3e983,formatter,0.6096688277942556,786,38225
XRPLF/rippled,2e902dee53aab2a8f27f32971047bb81e022f94f,move/rename,2.2775386277790455,30,3086
XRPLF/rippled,34ef577604782ca8d6e1c17df8bd7470990a52ff,refactoring,0.6517245924911907,678,3519
XRPLF/rippled,3c9f5b62525cb1d6ca1153eeb10433db7d7379fd,lint,0.7281182979694273,107,655
XRPLF/rippled,3d1b3a49b3601a0a7037fa0b19d5df7b5e0e2fc1,move/rename,0.7338508948715998,17,3617
XRPLF/rippled,469ce9f291a4480c38d4ee3baca5136b2f053cd0,formatter,0.610100704743073,14,149
XRPLF/rippled,50760c693510894ca368e90369b0cc2dabfd07f3,formatter,6.4365528747433265,1076,164250
XRPLF/rippled,552377c76f55b403a1c876df873a23d780fcc81c,formatter,1.9566953443861383,82,1710
XRPLF/rippled,5865bd017f777491b4a956f9210be0c4161f5442,refactoring,0.5703207468248536,296,58508
XRPLF/rippled,5f638f55536def0d88b970d1018a465a238e55f4,formatter,0.6705102732780693,1016,93752
XRPLF/rippled,72f4cb097f626b08b02fc3efcb4aa11cb2e7adb8,lint,0.5389807843435496,148,823
XRPLF/rippled,760f16f56835663d9286bd29294d074de26a7ba6,formatter,2.4475609678809542,22,1920
XRPLF/rippled,813bc4d9491b078bb950f8255f93b02f71320478,refactoring,0.8216188810302432,174,68308
XRPLF/rippled,896b8c3b54a22b0497cb0d1ce95e1095f9a227ce,formatter,1.1062979757649505,27,343
XRPLF/rippled,8995564ed6b9e453e144bb663303072a3c1ba305,lint,0.41128514208938577,1498,118020
XRPLF/rippled,8eb233c2ea8ad5a159be73b77f0f5e1496d547ac,refactoring,0.9136933416989885,158,24748
XRPLF/rippled,958d8f375453d80bb1aa4c293b5102c045a3e4b4,formatter,0.6183362169493244,60,1332
XRPLF/rippled,97f0747e103f13e26e45b731731059b32f7679ac,formatter,1.136161907115877,60,12613
XRPLF/rippled,9eb84a561ef8bb066d89f098bd9b4ac71baed67c,move/rename,0.8024127943823358,10,158
XRPLF/rippled,a0e09187b9370805d027c611a7e9ff5a0125282a,formatter,0.6682980011154207,20,1636
XRPLF/rippled,ada83564d894829424b0f4d922b0e737e07abbf7,move/rename,0.9044745798159556,593,2562
XRPLF/rippled,b13370ac0d207217354f1fc1c29aef87769fb8a1,formatter,1.1084283975967755,22,10485
XRPLF/rippled,c14ce956adeabe476ad73c18d73103f347c9c613,formatter,1.1058906253961012,9,220
XRPLF/rippled,d028005aa6319338b0adae1aebf8abe113162960,other,2.2775384376505183,2,430
XRPLF/rippled,dc8b37a52448b005153c13a7f046ad494128cf94,refactoring,1.0322439285623748,192,20540
XRPLF/rippled,e2384885f5f630c8f0ffe4bf21a169b433a16858,other,2.447560999569042,365,169111
XRPLF/rippled,e416ee72ca26fa0c09d2aee1b68bdfb2b7046eed,other,2.2775385644028696,1988,503150
XRPLF/rippled,fe9c8d568fcf6ac21483024e01f58962dd5c8260,formatter,0.6677539800238295,11,914
XRPLF/rippled,ffea3977f0b771fe8e43a8f74e4d393d63a7afd8,move/rename,0.5414098030268462,4,14
YOURLS/YOURLS,3daf6593d89c608a6660a6c0b872eeb2607548ba,other,13.47799259132507,67,27610
ZoneMinder/zoneminder,6c9983155c65848a3e67976445cd20fb4fbfe108,whitespace,5.65152194716962,10,1388
a2aproject/A2A,0f8d9750bcb17f6b8b9f48793b46f7b8510cae24,lint,1.4013985220675844,79,11276
aio-libs/aiohttp,32833c3fe081ff75c0b08ace9cc71e821a72fc5e,lint,5.932434057089259,50,717
aio-libs/aiohttp,3f7d64798d46b8b166139811a377ba231b4f36bf,other,5.92389988465536,11,10250
aio-libs/aiohttp,41c5467a62fb1041b77356ea22b81a74305941ef,other,5.923207024615307,20,62
aio-libs/aiohttp,6ab76b084bf5012b7185046162ed92bedcf073b5,formatter,5.9351681369939415,131,28042
akka/akka-core,894c40cabfdc1b559594c9815ad85caf7d2ea07a,formatter,3.87119780971937,285,2055
alicevision/Meshroom,039e0620ad05d673a2ef9aa501e9a509219671c9,lint,0.6316807044895683,6,372
alicevision/Meshroom,04a425decc1b80f0c67e8c4c98c0062d73836684,lint,0.7363133761756281,2,29
alicevision/Meshroom,0a2ab8cab4f79191b0e7364416701ba561e75b6a,lint,0.8401975118513448,4,49
alicevision/Meshroom,13b8266d14783a4c595c8b731c54fc9c61adfa92,style,2.8931659568534998,15,1052
alicevision/Meshroom,15d9ecd888faa7216cfc5d97d473f5717a3118a3,style,1.080599475245266,1,36
alicevision/Meshroom,18d7f609b1a5cd7c43f970770374b649019c1e73,lint,0.8400804877430477,4,46
alicevision/Meshroom,1b5664c8cc54c55fae58a5be9bf63e9af2f5af95,lint,0.840020280376201,3,36
alicevision/Meshroom,2908aa94a3eda2de71f8c5e6cec8cd78280bbb09,style,2.8931659251654116,3,161
alicevision/Meshroom,2bdf061d2e49f3e1513a59922dc33e69f68552cf,style,2.8931659251654116,4,169
alicevision/Meshroom,2c2b067f072856f2579c644b5f7858da0275be3c,lint,0.6316817818845539,11,81
alicevision/Meshroom,41e885d9ff38cd55772722376d5ef80ff908c559,lint,2.0424513270971176,22,496
alicevision/Meshroom,42157809b90f5f6b275aa8ff9d7310c384ea395a,style,2.2503315207747105,1,91
alicevision/Meshroom,4c0409f573c2694325b104c2686a1532f95cb9bc,lint,2.0424435001394277,17,227
alicevision/Meshroom,571de38ef1a9e72e6c1d2a997b60de5bd3caa5bf,style,1.0513353043323954,1,4
alicevision/Meshroom,5a0b1c0c9547b0d00f3f10fae6994d6d8ea0b45e,style,1.8881707734428474,85,1113
alicevision/Meshroom,5fe886b6b08fa19082dc0e1bf837fa34c2e2de2d,lint,0.83996694932441,2,168
alicevision/Meshroom,61a8dcd4e2878f80b2f320f2b1c3c9b41e999b82,style,2.6356293254239866,57,1096
alicevision/Meshroom,7ad706035874185caa13cfe8f79407cbe5d6edf9,lint,0.31415972697543537,7,41
alicevision/Meshroom,81394d7def1fcbc08cbc2a8721bc1f0a86fe8cc6,lint,0.8401587573199483,8,192
alicevision/Meshroom,81bbe4b045704ac67641c86665f4d2f7327ae9dc,lint,0.06486485030547316,4,64
alicevision/Meshroom,8313e42d8c70e2494277e338ef8fd38824270231,style,2.8931659568534998,4,83
alicevision/Meshroom,856641bc9dc25271062dc94a66da4c08e00f88d1,style,2.8931659568534998,2,37
alicevision/Meshroom,87c0cef605e4ef2b359d7e678155e79b65b2e762,whitespace,1.8095946776687708,1,422
alicevision/Meshroom,8be302115edca60c93b1e97de3f457d91c271666,lint,0.7363133761756281,4,44
alicevision/Meshroom,9af65092b9e881c828430f54a73fb4522bc1e370,style,2.252508714224149,1,59
alicevision/Meshroom,9b4bd68d5aa9e5c3af5e4bfc4fe6aae06437ca88,lint,1.2831490671026948,5,86
alicevision/Meshroom,9b6549cc1dd525658080303f7ad453bd4ec10f52,lint,1.2832074999366239,16,92
alicevision/Meshroom,9c86be7072d09dca8fce380fcc142c98f7e2fe6f,lint,0.34631356630415494,12,238
alicevision/Meshroom,9d2974d2823fe5d6f400eb4658f67d0306b11ac8,style,2.8931659885415875,18,628
alicevision/Meshroom,a44537b65a7c53c89c16e71ae207f37fa6554832,lint,0.840020280376201,6,80
alicevision/Meshroom,aae05532b2409e3bd4c119646afc08656a916cb4,lint,0.840157458108348,5,25
alicevision/Meshroom,adf67e33533a75f5b280e0ee3fc0ece82307199e,lint,0.8401975118513448,1,8
alicevision/Meshroom,b8c173ddd490dc3bf28b193697d675e44616c6f5,lint,0.7272531814840165,1,11
alicevision/Meshroom,c3151e0f97ce07dc752e6d63b7f6f7e5ab1c74e4,lint,0.34496967449996196,1,24
alicevision/Meshroom,d68979f891abb87622e0b8d221a969ffad63d04b,lint,0.3557036656779983,3,31
alicevision/Meshroom,e463f0dce2455f47d5b066f9e9434ed94b2b282f,style,2.893160601566659,6,193
alicevision/Meshroom,e9d80611c7fe185623e5f276a41b7f2de23cb6fe,style,2.8931659251654116,15,720
alicevision/Meshroom,ed96364ad9b667c0cb9f719c6c00e3d554f83291,lint,0.3141596952873476,14,184
alicevision/Meshroom,f2d67706511954aa3e1c026ecc858beb8c08f938,style,2.893160601566659,25,346
alshedivat/al-folio,2d34024961c3a3d27d6fd18ce06a551657983234,formatter,2.7155639212107383,4,11369
alshedivat/al-folio,beb6f27d596e753014cb9bff1939e5f78d66431c,formatter,2.716611751210485,219,61404
andrewyng/aisuite,41b1591f6d121cee2462e7ac204fc4ac60075d61,formatter,0.27384503257535425,110,4984
angr/angr,1961c860f3be91cbec9b8153f5a3f5be23a4658c,other,3.647023379471189,306,1056
angr/angr,2d8158c6e7db52a426db8fd883160f417b683805,whitespace,3.7782981595558596,309,32614
angr/angr,2e627c88fc89e52984229b08c3f1ebc023dfcc2d,lint,3.777921356503663,335,1422
angr/angr,346b2d883deb97ccf1953a107ad6cb6c01c89370,formatter,3.715258986741704,935,56593
angr/angr,74e8f34cebf66f9efc27f8c4aa6968f2dd456852,other,3.778309060258068,16,88
angr/angr,9368fc12e9af6a6a1ad97481fd29889d07ad809a,lint,3.063418257408675,54,10587
angr/angr,97f7d7f31dfa87d1a427d9acb3fd93be9764a075,other,3.702062419195376,10,89
angr/angr,9d6edacbbc5c23f6fc10b27f1dd6b6e8cd43a567,refactoring,3.7735512840013183,49,337
angr/angr,c3d18694750de7a0a5a816c439c38444aa451b1e,formatter,0.8431438385682054,8,13817
angular/angular,006a14da89c58692d411e403b1b1cc8fd733de25,migration,1.5113471556772378,30,81
angular/angular,0460a9dfafe3a7ebbff1b87e52048fb7416bba43,formatter,2.6669861776560957,150,17565
angular/angular,0d78a92431178be73342aeddda4b62d9e49138ba,formatter,2.4204320670773445,439,55127
angular/angular,30a61f12a7d414ad35a1a06eaadff873880d8e8f,refactoring,1.5113441769969833,3,50
angular/angular,31fdf0fbea6b89c8d3d141b2ef8e79c2737287cb,formatter,2.42050127386113,581,98540
angular/angular,33c24624be73a4c16abdd5fb2f93810e151f6a58,migration,1.5113441769969833,14,50
angular/angular,34393874e6b6f53692f1f30d0f536cd72e5220d2,migration,1.5130446865414353,10,20
angular/angular,3d2263cb1f208e561692e41c5a17196c3c57877f,migration,1.516879927497655,32,72
angular/angular,3fa7b2b136696464e0a91b5ec25c6adf272d4d6b,migration,1.4979415101275129,57,272
angular/angular,49234007916980526db78503452bba7121dc91ff,refactoring,1.5113398357289527,3,6
angular/angular,4f458a825d17e776500cc1597efb904e0dfdfe20,migration,1.4983996565011282,37,228
angular/angular,5c0335754a2b45b2a27fa7a9bffe5df93aec4eee,refactoring,1.5113398357289527,23,92
angular/angular,6270bba056cfaadb3fe0b2bf3b17036bdc28b90e,formatter,0.7880672484599589,483,14687
angular/angular,698b0288bee60b8c5926148b79b5b93f454098db,formatter,6.46130421831825,1160,54813
angular/angular,6a207ebfb0b915bcb848e8e17425757314116ce3,migration,1.5130354969959692,43,149
angular/angular,6d3849ffc85cc52b0eba3836b24f10895621acbe,refactoring,1.516879927497655,3,10
angular/angular,6d3f5752f204a5a30f3c09fbf6d4a510a4522bcb,refactoring,1.4980646500367583,34,110
angular/angular,711cb416260ca11ff158fc39b372efa2cf022d36,formatter,2.6968709914568914,161,20904
angular/angular,88ae6517a2490ccbef97126c011a3d5bcaddd637,migration,1.5130354969959692,6,12
angular/angular,894c1c5f100a62866cc7ed3e23d025c8e505c60d,formatter,2.493980720967374,153,1670
angular/angular,8f69c83b848ad0dc3c7ffce2541fc726693dedcf,formatter,2.450106535351231,216,25513
angular/angular,a5b5b7d5ef84b9852d2115dd7a764f4ab3299379,formatter,2.452659200953178,26,1625
angular/angular,ad65f44877f22caadbc8b977b5b720c3c86fcc45,other,1.4979415101275129,4,35
angular/angular,ae047c59c0041e0a43cec020520d40ccd981b444,migration,1.516879927497655,206,997
angular/angular,af77b89e2abb67bba201a53d500874ad572b8384,formatter,0.7886751210484955,132,1391
angular/angular,b1dffa4abe8321a47d79b2ea29ee32a81acfe031,formatter,2.44742331482749,66,12615
angular/angular,b857aafcb9bdb5f1400a4cfedd56657e71ebe8cd,formatter,2.641985955839481,79,26671
angular/angular,bbbe477f479f20722f0fea7ccc46095aad5d4253,formatter,2.6967587205617662,52,6659
angular/angular,bc042935d045c46d09c2c316dcbbc39cbae4615c,migration,1.5130447182295232,4,36
angular/angular,be7c8d4fc6cb3a71bd21fbb228e01cfcdce0717f,migration,1.5002928296194895,11,28
angular/angular,c4b880a025823efadb9d76195c6261f2992c7654,formatter,2.6665288234846756,188,33050
angular/angular,c702e8af0b2144d97b93171dc2806ed1a0346762,migration,1.4983996565011282,31,106
angular/angular,ca517d7f2c38775969a65fde1d88f41ad5f27931,formatter,2.4501055847085964,55,6378
angular/angular,cc34e5fb072e7903e01463953a19d18503a39347,formatter,2.6978744898217863,3,64
angular/angular,cfda43b97d3c1aedc4a1eccf123475617640e696,migration,1.5113471873653257,1,2
angular/angular,dc62446ef7f2898a20d3be1196ecaf2a92a1077d,formatter,2.7040427979314017,28,1266
angular/angular,e5cc624b8736c4e2aa87f86bb268957e656e0994,migration,1.5113441769969833,10,24
angular/angular,ec03e462f3d4ec90d1267474cc344563c949c2cf,formatter,2.6898032486627628,90,6815
angular/angular,f307e95459898b9027d5e13357a809d8952e9017,formatter,2.420496013638553,199,28235
angular/angular,f773e08ee59724739093a33811a62661680df1f0,refactoring,1.5113398674170406,3,6
angular/angular,f9781f9804f1e7c84df356d9aeb267730a7fc499,formatter,2.702399770578244,100,2679
angular/angular,fd544159e300340a25a48e3f40c58795991a4c17,formatter,2.4200241463229144,18,210
ankidroid/Anki-Android,0057a66b198039b2cbf841b9703cd84d1be48d08,migration,4.468847599310467,2,128
ankidroid/Anki-Android,015478d6ab7ff2be72de8a9028c363436d3dc28e,migration,4.073392906938424,14,190
ankidroid/Anki-Android,02ca7e9c4f064bdab0dd9616407c2433a7fe792a,migration,4.5221554237331105,2,736
ankidroid/Anki-Android,02d71489f8dc582fa373824aec87e09607f69e1a,migration,4.225726195908434,5,2814
ankidroid/Anki-Android,033c51f47bdd976978327c8008bbd34b8e640bca,migration,4.078147641138743,2,1501
ankidroid/Anki-Android,0364d9376fa6f91a803cbd3cacf020e35fff7ecd,migration,4.078862302583213,3,100
ankidroid/Anki-Android,037ecd6e78460f05e383a4b377fa4eee738c02bf,migration,4.115237438841991,6,85
ankidroid/Anki-Android,0381ddfd42fb5b9f8d80408fea6ff2c865d0c92b,migration,4.271227628210004,2,127
ankidroid/Anki-Android,044850a3237f878b7fd2cf760f93b56e4c55c745,migration,4.461541562095977,2,187
ankidroid/Anki-Android,050a19d7616ecfe0d016a3d1c068eac7f4e667ed,migration,4.1024454014246965,4,33
ankidroid/Anki-Android,057dff3fbc728b169a0b3cfd3f36c9e25a49477c,migration,4.954585488123305,2,17
ankidroid/Anki-Android,05d3369abe091ed2969b6b6facdc74b7b41f559a,migration,4.392115084797323,2,259
ankidroid/Anki-Android,062dc97f4dc80928dbd69dba56b2c299893042bf,migration,4.392508333967095,2,188
ankidroid/Anki-Android,0634c00624fee1c3229ffce9a33af12eb884d043,migration,4.904408034831546,2,364
ankidroid/Anki-Android,0656b6dfed33f3a1510ff4d4f94a24eab7a0e8e2,migration,4.466907052500824,2,136
ankidroid/Anki-Android,0761cf4bbaf99e0f592c179e129a6c8e4af377b2,migration,4.466920107993003,2,155
ankidroid/Anki-Android,078d4bd3b8ec51351dc6d7dab3abf262e51aabb7,migration,4.3920875478490125,2,292
ankidroid/Anki-Android,080778881be6a9cd323952092054f67307e1b005,migration,4.420335228280985,2,98
ankidroid/Anki-Android,089eeef1f46e69e4f0043dd8f2560c441d703b30,migration,4.0958794078130145,4,131
ankidroid/Anki-Android,09ab288ee1024fedad61a41441e8fa1963ea8237,other,2.6038829632164675,5,608
ankidroid/Anki-Android,0ad72dd72c8c31a69b9c714dcdadb3d509aeeec4,migration,4.4617055162623265,2,714
ankidroid/Anki-Android,0b3bfda242f376b6f76557d9839108f670570502,migration,4.118977742287119,2,710
ankidroid/Anki-Android,0b58a8e6240af9722dbcf2b7b4b733909e6d0314,migration,4.258615135498263,2,136
ankidroid/Anki-Android,0b5a2e8b706db749affc2f6c5783a39c27edc62e,migration,4.959675799173574,2,38
ankidroid/Anki-Android,0c0d6f75c3d6b33c550e74bb9fbc578332af6caf,migration,4.893728420412199,2,234
ankidroid/Anki-Android,0c89553592d8135734bea9e4f9a6dbe32eb9e9ba,migration,4.104514601870865,3,1369
ankidroid/Anki-Android,0c8a93934e28be10527f875a47f7bfdf7f6bde10,migration,4.371081260932391,2,79
ankidroid/Anki-Android,0f943442c3df7461730f7e90f0214c26658fd204,migration,4.4505247230461125,2,104
ankidroid/Anki-Android,10ca3d7ba4e08082a06c903d340d9d64de15e919,migration,4.743267010165539,2,444
ankidroid/Anki-Android,117fa10328043dd6b0cb882b3fad8fef1c7a4a69,migration,4.455396196161939,2,108
ankidroid/Anki-Android,128d6fdf750538a20f11f3f52017f3c0b441c9ce,migration,4.891120268968489,2,46
ankidroid/Anki-Android,131c9fa890f3f8fc91cfa571adaa694b24bbd43a,migration,4.078084550155905,8,3277
ankidroid/Anki-Android,1343029502dbe0f22b257dec7e1d34a876db803b,migration,4.437027340482166,2,210
ankidroid/Anki-Android,140baff5ec78ee88d669eff38efb2f34352ccb66,migration,4.461557881461201,1,81
ankidroid/Anki-Android,14400131179f73515ac8b8ac712cb357b0a7e93f,migration,4.392227894389941,2,52
ankidroid/Anki-Android,146c45cfd491921bdc15db8fdd368ab3232eb034,migration,4.395685761908384,2,74
ankidroid/Anki-Android,14cdd72f34d01fb38e30eab1a5a8ba2e45fac09c,migration,4.118116048115192,4,135
ankidroid/Anki-Android,1531a81585d0dcb73d86e5c813d18d47781e9ffa,refactoring,4.059056328744898,18,364
ankidroid/Anki-Android,15a4bb50842e5771c792f691ad25d3b4d7319d85,migration,4.522092237686009,2,126
ankidroid/Anki-Android,166a240a06ca73f3528554d4f4932be46bc37ec8,migration,4.494318262478769,2,728
ankidroid/Anki-Android,168407e8f0c5edc93e9a86a64c707cd25c0bbafd,migration,4.392051391740817,2,101
ankidroid/Anki-Android,190c230f0dc90297607e3479357621f51fa49e91,migration,4.891546758942378,2,675
ankidroid/Anki-Android,1a1e937a385d3dc059fe8d7f4b74a6865af00a40,migration,4.118813661368418,2,175
ankidroid/Anki-Android,1abdf0597a29390d4f3d5ca53d023ba350aa9f2a,migration,4.115453963546024,2,462
ankidroid/Anki-Android,1b8370a1f5216a80b145a2df405ca4dfae7e01b7,lint,4.233944469794915,2,222
ankidroid/Anki-Android,1b9d30cdd305a0a22e661e3d627ad1845177e08e,migration,4.455409822039699,2,86
ankidroid/Anki-Android,1bb384727b7857f3e804f864430cb73e5eebf508,migration,4.773708140035998,2,255
ankidroid/Anki-Android,1bb9883e54c132cd1dc3235f8932bbab56590236,style,2.740208190736938,101,2968
ankidroid/Anki-Android,1bcdc6df02e8d224282a29b471a2421a301c0517,migration,4.522085868380358,5,2124
ankidroid/Anki-Android,1bd7800ba199a9da927d39ab903c842e3aef9d30,migration,4.078062685375314,3,224
ankidroid/Anki-Android,1c7c04269656d95ce1715e08d84e2b52f1707c10,migration,4.104556335082516,3,445
ankidroid/Anki-Android,1da58ae56626267b6768b808acbc456914793c63,migration,4.450583187568129,2,42
ankidroid/Anki-Android,1e64833dfb7c728bb69c3083f12bc70c44e9d2c1,migration,4.396032968286562,5,628
ankidroid/Anki-Android,2048b4dac17b9d56ea77ee43fe5f1bf2b06d71eb,lint,4.334998225467082,2,169
ankidroid/Anki-Android,206440ff9c92ebc1e0946f2a7b6fba0b41c61dbe,migration,4.691857777524273,2,11
ankidroid/Anki-Android,21475896408fc8b95391dbd65b8e4b41a63c50a2,formatter,4.523923650721221,13,501
ankidroid/Anki-Android,215c81e747cdcf9bf1566ee6724de3165c4589ad,migration,4.455312254417319,2,89
ankidroid/Anki-Android,217430c44c4a9425c38d28cf41cd273453a41ec9,migration,4.431646227850027,2,536
ankidroid/Anki-Android,21aff992d40a5a869f0138a2e4a3b8e4da0b4e20,migration,4.455794768930463,2,255
ankidroid/Anki-Android,21bb0e4dfb25ce290bb5a7da86e74ff751b9ec83,migration,4.438994663726012,2,73
ankidroid/Anki-Android,21c5bcdc8ead083a152d2f983e5ce62f8bf6feb8,lint,4.608671603670748,4,339
ankidroid/Anki-Android,223d77f719911953998083698f02f5557755dd1b,migration,4.450620547823662,2,43
ankidroid/Anki-Android,22c565c3bec6caae2ce5f1c0b8d7f9b8519ec1e3,style,0.806757611478693,177,5373
ankidroid/Anki-Android,236a0d63ab9840c3f91ddac89857ba15a7cd1534,migration,4.097424772479529,2,1688
ankidroid/Anki-Android,2445e6d99fc2716b0b2c6c1dacc393ea20fc2ce7,migration,4.371009424037316,2,98
ankidroid/Anki-Android,24acccfb7af9de678c066c51e949587b64df81ff,migration,4.442650423352853,2,72
ankidroid/Anki-Android,24bc526fd06c6cb4907152ac957c8cef01b16225,migration,4.074620028139022,2,45
ankidroid/Anki-Android,25b95dcad65993e10fa5b05390388d64cc776793,migration,4.891118716252186,2,204
ankidroid/Anki-Android,261ac795ebfd8faf5fafd12a684f1438d280fca7,migration,4.437015520825411,2,792
ankidroid/Anki-Android,26372394335babed3a388d44840caa455fde8949,migration,4.4419275230055515,11,2177
ankidroid/Anki-Android,26df248a0cafad6ee1e5624b9ed86d8f17bf363c,lint,1.8079066532309174,684,35628
ankidroid/Anki-Android,27ffca5a553d1c79fb94407cd912c7a032d04909,migration,4.201279057976525,2,268
ankidroid/Anki-Android,2942f7f6ec01aa9c6ce174903be4d48a247fbbc6,migration,4.118738243719421,3,274
ankidroid/Anki-Android,2958df96e6f960192fadd39cff18430d46d22be5,migration,4.147683537404619,2,218
ankidroid/Anki-Android,2aebc86a519a6037de0f90d511478f9c8c156c4c,migration,4.118083250944305,2,64
ankidroid/Anki-Android,2c720e19bf99709dc56b57b67f104f4160af1e27,migration,4.468863253225847,4,233
ankidroid/Anki-Android,2cadb48133dc4dddf310d6b88b135fbf3e2ce2ba,migration,4.094878064238092,8,1348
ankidroid/Anki-Android,2cd449e284f4271b6e1541577fb493b519f0c8d2,lint,4.349424956270439,2,137
ankidroid/Anki-Android,2dd0f0344091f37abe12028dc07bb9ea94489db3,migration,4.496300130554922,2,19
ankidroid/Anki-Android,2e13a7e6eccf5504f9e9a836f4edf1042c2536c2,migration,4.244588561867823,2,1278
ankidroid/Anki-Android,2e1aa9b36ba473e1b0ecbbc35f4e7c79a02f159a,migration,4.896517669277765,2,88
ankidroid/Anki-Android,2f119ebaece7be50f6399ea8ab4a64f8136faf10,migration,4.461622239967552,5,536
ankidroid/Anki-Android,2f1b2419a0ff8e652c9fcee0efc09891b404847c,migration,4.466954584632545,2,78
ankidroid/Anki-Android,303e8688d284e2faed0d9ca0072f4bbfa9abf7c5,migration,4.896512028798134,2,137
ankidroid/Anki-Android,30567b4dc9dbe949aa13d956360cd0a2ca12cc86,migration,4.4615931819910255,2,46
ankidroid/Anki-Android,308e0368daf0fb74f6002014cc4928fe41dfae82,migration,4.438583827667503,2,461
ankidroid/Anki-Android,31887d14bb0ce6c85793ae1b5727f26cb1b83d24,migration,4.431710776484904,2,22
ankidroid/Anki-Android,319c7dc0816e6233cd29147389a0cec683463248,migration,4.078453716378939,2,169
ankidroid/Anki-Android,31cfbc914a7467eaeeeb74a461821f1166d707f5,migration,4.2138971277917205,18,413
ankidroid/Anki-Android,331081c1cc8d24e583663a66694fcb5eaebf13aa,migration,4.4557538596090955,3,165
ankidroid/Anki-Android,34b6d24571fa62dc0755f5eae49518b9bb99d481,migration,4.462348214059371,3,93
ankidroid/Anki-Android,34e734572d35515944a6fcad1c9498567222004d,migration,4.258970739219713,2,125
ankidroid/Anki-Android,36296fc8c292ae8dfa66085a49e248208d2ec91c,migration,4.556708241437879,2,219
ankidroid/Anki-Android,366e2fcb2abea099330948fbbc90531f432d2408,migration,4.11551708621695,5,134
ankidroid/Anki-Android,370ff170d584f48ad97d3ee425b7411dfd556f2f,migration,4.904399542424012,2,159
ankidroid/Anki-Android,37b1a7b9677c3db075de48025ec687ded58a771c,migration,4.078442372043502,2,64
ankidroid/Anki-Android,380f750f3c96cea6e9ca372652f8d98ddbb3261a,migration,4.114983870763303,2,32
ankidroid/Anki-Android,387c761b3cd5daa19d063c78f5fa8443f52a1354,migration,4.37128349430882,2,137
ankidroid/Anki-Android,38872dcd73dd0ba3ac986c4619cc8003e5ccff84,migration,4.2995560182016375,2,85
ankidroid/Anki-Android,3902af50e23e332104baadafbe95243dc8a2bf67,migration,4.2949126359418965,2,180
ankidroid/Anki-Android,3929d8bbf29c99445306a45fc5f5169fc3bea39a,migration,4.902608088067534,2,171
ankidroid/Anki-Android,394bbb3931fb898a49d00b6c533b6980b2e21e10,migration,4.466499195122569,5,423
ankidroid/Anki-Android,396f5341fd20798ec677b06e24f2e916133ad517,migration,4.118775635663042,2,117
ankidroid/Anki-Android,39dad1f7d35a8fb13f29dda7497d0da9fdb96f39,migration,4.902603144725835,2,33
ankidroid/Anki-Android,3a4ec5a091d26493dbc8a51d93e037c88b7d70dd,lint,4.316241317463939,2,216
ankidroid/Anki-Android,3a554dc9cf30367fdbfe7d2ee2176d65ee61e688,migration,4.438542569777169,2,243
ankidroid/Anki-Android,3ab56ff52204ceb395e43073070adc65167dee8d,migration,4.112055764696935,2,32
ankidroid/Anki-Android,3be10c1492602451b5cb1c46ad092c8c243fc3ad,migration,4.894528924886557,2,106
ankidroid/Anki-Android,3c9da24f2115090a9b3024c9691233f6fd42d189,migration,4.461387082667883,3,656
ankidroid/Anki-Android,3d28ce0cb6dc47b5d7d8d9ada368596a5ea16ef6,migration,4.449602251121759,3,79
ankidroid/Anki-Android,3d2af0eff35841d9872b88c4c948731f2f806cee,migration,4.684975853677086,2,60
ankidroid/Anki-Android,3dda190f50f08bbaa1156837d36eda227669f3bc,migration,4.9574478414074585,2,77
ankidroid/Anki-Android,3e41664fdbfe1796d1a99500fb1bafc4fa308552,migration,4.403282917585622,2,429
ankidroid/Anki-Android,3ea7c2e752abd7249763266400754766e64ad8db,migration,4.450679899612138,2,46
ankidroid/Anki-Android,3eeaadc0edd55207f22ba8f6910fea8f7264e5d0,migration,4.955533880903491,2,609
ankidroid/Anki-Android,3fb9c4f3e734d818b17828704d0d91fe43df09c6,migration,4.240995956599995,6,332
ankidroid/Anki-Android,413441e2c302bcdb35b7c270f959d9391ad8afb1,migration,4.4508702816437244,2,380
ankidroid/Anki-Android,416dae285c5dfad82fbeb0da0419d3a4d1d645af,migration,4.0784896506705195,2,114
ankidroid/Anki-Android,419bf6f18cf92360fb10b53fa02b3513583c4aec,lint,4.37118665551246,2,115
ankidroid/Anki-Android,4248d9d0db15b30a8abfcc28a85a2a2261f85737,migration,4.449583555149948,2,210
ankidroid/Anki-Android,424c7ddae87a14b807d9e3b67b0fb6c5d6cc05b4,migration,4.420272739371815,2,125
ankidroid/Anki-Android,426cc4acd8a18bbb34097ec117137a1325afe3aa,migration,4.455366409359393,2,122
ankidroid/Anki-Android,42854d1998493fbe33fb8e1ed39cbbb0facd122f,migration,4.52740360483687,2,415
ankidroid/Anki-Android,42c4d9fa1766111bbe084713ea283787e1eae3ef,migration,4.206845957867518,2,885
ankidroid/Anki-Android,42eb47f0d2b1f2468b2913e4b3c80370ceef4560,migration,4.111950401804953,2,243
ankidroid/Anki-Android,43099650287301792e6792bc606fc07b54caf890,migration,4.083107524019571,2,18
ankidroid/Anki-Android,439e9aa128ef7e04e39e30ad5a3006e4e13ea79c,migration,4.103272714021345,2,53
ankidroid/Anki-Android,43f1ce1469e7401fc060302f98efead033a1fe0d,migration,4.461632126650949,2,66
ankidroid/Anki-Android,44abac52fb83f3fe807d1b3c69f6f3a0b1516e31,migration,4.39249144421629,2,71
ankidroid/Anki-Android,45570381c57a5cfabeb16e653a53f4032504d31e,migration,4.083133856820544,2,2200
ankidroid/Anki-Android,456d3fa3daaa9c7321e612bec2ec3f89b85b51fa,other,4.899119958425229,2,90
ankidroid/Anki-Android,46cdd774703c88fa7aadd1c67ea207bd8a95a7b8,migration,4.891122075189495,2,208
ankidroid/Anki-Android,488beeb8df77ba3bdb177dff06175a1e31f35d27,migration,4.449823814231754,2,163
ankidroid/Anki-Android,48bd81bdb1c0cc19afb95701e3cd887371e5af42,migration,4.466967133115319,3,100
ankidroid/Anki-Android,49907c76e7fd800c3109b385bd1911f3898a014c,migration,4.521854735467843,2,273
ankidroid/Anki-Android,4a9a28cbddbd3921928465cb29a5e7e35c7bd939,migration,4.118884484244683,2,46
ankidroid/Anki-Android,4b578de29d53cb45990d8a57e95b12c350cc128a,migration,4.466498941617867,2,58
ankidroid/Anki-Android,4c1c9390ca502b314d878dca592e8f662ec179c9,migration,4.436504360280884,3,39
ankidroid/Anki-Android,4ca81fdc3dfccfd13b3f422185dc98adcf07f290,migration,4.891714959312496,3,441
ankidroid/Anki-Android,4e183ec9b82a8d35655229c6eab45b55416b1b81,migration,4.422722703881157,2,123
ankidroid/Anki-Android,4e5c1ff2ab08366d33ac225f9eb38e477b2e5d33,migration,4.467056018201638,2,99
ankidroid/Anki-Android,5026829614e3db8e7c88fdd2185473f20faa045f,migration,4.4507396950338425,3,166
ankidroid/Anki-Android,517611d6e960e22840a9697167fcc34be967f4ca,migration,4.439040769893782,2,38
ankidroid/Anki-Android,51d7e43662c587cc5508c540c437b9ef7a460811,migration,4.468848486576926,2,341
ankidroid/Anki-Android,545eff5891fa247aca8df3002cbf7aaac7b3613b,migration,4.537588504829265,2,85
ankidroid/Anki-Android,5548273bdde36ec83c845f0e932c9f884786a077,lint,4.392201624965143,2,36
ankidroid/Anki-Android,5574094e1d0e7f2c1c508d7ce405fe5afc72875a,migration,4.746013353360205,2,32
ankidroid/Anki-Android,56ea8ec9751b19ca602513819e64c0f6dd09e79e,migration,4.449806259031105,2,215
ankidroid/Anki-Android,5714251163fc6b7de4139238f5b873d36a4058ca,migration,4.746022384465232,2,342
ankidroid/Anki-Android,575a8beb0c350e5bac29a04c17c123a8bc94c0b1,migration,4.450607714148098,2,51
ankidroid/Anki-Android,57958d263252e9914b2c25ef68bffedc1abc292e,migration,4.442636480594215,3,257
ankidroid/Anki-Android,57a4b158959dbbbac107a4c8623dc7731a835bd2,migration,4.403244733439806,3,217
ankidroid/Anki-Android,57df66a2eae9a8bcf4a6791d0cccc7b9070b2b4e,migration,4.537403826653485,28,189
ankidroid/Anki-Android,57f2122918b82100982ea5f56ed0982c60d6640a,migration,4.450779273455523,6,103
ankidroid/Anki-Android,57fefb71ec1f5cb7ac59ec066a9dadbdbfe93b05,migration,4.118086324688823,2,85
ankidroid/Anki-Android,5904c8a2119351c1e7d93dbd73ab88577a27ca30,lint,1.8079066532309174,488,8578
ankidroid/Anki-Android,59a7ae6cac0e20171f6d5df3442e1d6ac9107190,migration,4.461469186503409,3,56
ankidroid/Anki-Android,5ae0e2caa480123123c31e6625e774ba61c0a87c,migration,4.395824428980657,7,3224
ankidroid/Anki-Android,5c753d3e27b77bc6d0a7586282b3f91e32fa9d08,migration,4.438461479960453,2,114
ankidroid/Anki-Android,5d1cb72bb81816670a69db38d2bbc95e706046c5,migration,4.542225359342916,2,39
ankidroid/Anki-Android,5e415b1c3bd46980dcb9e73ffefe387edfea6474,migration,4.438434386645373,2,35
ankidroid/Anki-Android,5eb8dae26af9a44b7f3058d13c3d023319c5b757,migration,4.896519665627298,2,82
ankidroid/Anki-Android,5ed908b024d4548f22c804f9bff6a6371a91b763,migration,4.524769088904099,2,783
ankidroid/Anki-Android,5f2cc77db6ab1f08a9e642b8f9846d792d475ced,style,2.727525413846427,33,2035
ankidroid/Anki-Android,5f94a5ebd19439e04af1efef16fbe2661d059615,migration,4.17106503663143,2,60
ankidroid/Anki-Android,5fcae3dfe2dcd17991f983819a236d372b613d1c,migration,4.370804750678125,2,22
ankidroid/Anki-Android,6138d8ebbbf97766cfff1cbf26a8605d26a3cb31,migration,4.371110635789794,2,61
ankidroid/Anki-Android,61ec185e756451f9fa6a45e65888608b20720e95,migration,4.072891094379801,4,1430
ankidroid/Anki-Android,621701574a7fddbde22a57e8603fd4c8cd5ecdc9,migration,4.466498212791847,2,94
ankidroid/Anki-Android,623ad75e4ed385ad2332a4167d875b93990e3b34,migration,4.449719370294319,2,46
ankidroid/Anki-Android,62c43a8b424549a612af34a437cf7f97111442b6,migration,4.403353708773798,2,33
ankidroid/Anki-Android,6367833d5cf676c56617e0da6b41ecf6ee798a73,migration,4.168323605090374,2,1297
ankidroid/Anki-Android,639cf0d0f96139a6e1cd94ff864e4221ccedfb8c,migration,4.213987628970518,5,558
ankidroid/Anki-Android,6514a045f7370b461238868a8c85e3e00480ea1b,migration,4.392551334702259,2,92
ankidroid/Anki-Android,65a49343d470ccd38c74d06ef239dc5cf9923a16,migration,4.118909232641266,2,409
ankidroid/Anki-Android,65bad3506c50f1ad6e22ea85c1156236b3f7b2fc,migration,4.436948405455421,2,607
ankidroid/Anki-Android,65e33fc3912bb98dd3a76b993181c2c928b9252e,migration,4.461644199812406,2,16
ankidroid/Anki-Android,66e9e98245ad92d5d0df3ecb676e8ee10e3e4aeb,migration,4.455351262453418,2,202
ankidroid/Anki-Android,673a28822bf89a2d12123ebf1478e6197ce77437,migration,4.450595514234289,3,22
ankidroid/Anki-Android,673e3d67a6b38ce9008a03e8bb02e7057e9c56e4,migration,4.214735974852333,2,168
ankidroid/Anki-Android,675b88530b33f2a352b88424b86056978fdb8e3e,migration,4.46696117575481,2,299
ankidroid/Anki-Android,67bcb8ef34248cbf829a81a45e2c186d71d0cb19,migration,4.239595723375668,6,634
ankidroid/Anki-Android,6857229658b74c99b08cf619971c6984fa7617fb,migration,4.395615287601085,2,557
ankidroid/Anki-Android,6946fc6827c642466f1d33cea41ad2bb8a151340,migration,4.241131296423049,3,84
ankidroid/Anki-Android,6a93b1f004ba6ae4efd4bdf18fd7eae8eb455e61,migration,4.896514817349862,2,110
ankidroid/Anki-Android,6b17f60821b580d5500a139cdecb70f9de407bd6,migration,4.488924474611504,4,41
ankidroid/Anki-Android,6befdd515c43fc4f6130d56db9b08ee0d2882f10,other,4.034821627753695,1,74
ankidroid/Anki-Android,6d42573189a2935d915037f9bbf9d266b3712b63,migration,4.3925838149922685,2,107
ankidroid/Anki-Android,6d4f69bce46f222e22e3e481b2fa4915fc6544c0,migration,4.746019469161153,2,177
ankidroid/Anki-Android,6d7e023d8044e9fd0ac355017e747c54fbac02d4,migration,4.291506831951732,9,961
ankidroid/Anki-Android,6e664ce6838c5bddd54e418a5e678058fbb19cee,migration,4.438499885922884,2,195
ankidroid/Anki-Android,6ebb64e62f6b57ddb8ed7ff3d0ea31f3776c3b59,migration,4.11538342586255,2,141
ankidroid/Anki-Android,6fa049cd375faa631a2e61dadaf14e3b3c81dba5,migration,4.07432694501483,3,262
ankidroid/Anki-Android,6fd41ae687a7dc5cd5fefee673cca38c033e378f,migration,4.891509430374933,2,728
ankidroid/Anki-Android,70341d2188b9c9bd5a287bdd069652b7ca58fc02,migration,4.4203490442872715,2,124
ankidroid/Anki-Android,70bacb0e52c99e5eacd3d03dede9161bff775b5b,migration,4.370745430577737,2,440
ankidroid/Anki-Android,71b7d3b7570731f14f6b9b687658d010058f1cb3,migration,4.746025901842979,2,204
ankidroid/Anki-Android,72c44b229dca3d161f7a4e009104644d6f6f7c00,migration,4.423073871270312,2,42
ankidroid/Anki-Android,74118bd0a1094e6b52bdce6e421535728aa1e85e,migration,4.4504980099880855,2,40
ankidroid/Anki-Android,752e7736f30fd2095b8d36e72bc331ffa57c6532,migration,4.919063617005095,2,112
ankidroid/Anki-Android,75f27fddfa7aae6fb42562793e5cb9613cc09a58,migration,4.565864609476006,2,2130
ankidroid/Anki-Android,7609a381ba3d482bd34558edb848585797ca9304,migration,4.527392102060993,2,277
ankidroid/Anki-Android,78ecb433cbb31978421a356f84065c450f4696ff,migration,4.097414632291429,2,2126
ankidroid/Anki-Android,791e63d5bf64fbebc08741899195c73f3659125d,migration,4.074619806322407,2,45
ankidroid/Anki-Android,79483d6a3b228a118604fc5488725deaec7ca4a6,migration,4.25662718330925,13,664
ankidroid/Anki-Android,7a932387be73c38ed3122b36b193d52d880b7d89,migration,4.464478065505615,2,225
ankidroid/Anki-Android,7c4bba280783b9ffacc34f37a270557deeb73b3b,migration,4.438530274799097,3,288
ankidroid/Anki-Android,7c647866760cd61dd275f8d8fe6595988824f147,migration,4.118357828225213,2,90
ankidroid/Anki-Android,7db2c9deca32c8d96cd012f3aaaa6896068defcb,migration,4.321408091870104,2,61
ankidroid/Anki-Android,7dd96a9ac162b3b0d8c8354ed2e28883676b97b0,move/rename,4.463979168251071,3,81
ankidroid/Anki-Android,7e156d138eb1d34f5ca705767c7bd6ac131b89cd,migration,4.4505566329505415,2,31
ankidroid/Anki-Android,7e5fcaac4e16ca61cf758fd468c54550033e9e5d,migration,4.188570803863412,2,48
ankidroid/Anki-Android,7e84523ff7ba256413c370dca8bb529308eaddb5,migration,4.222493250437296,2,177
ankidroid/Anki-Android,7eedb3fff38dd96e6da375c781e290f6d78c3838,migration,4.118089366745253,2,347
ankidroid/Anki-Android,81aba924308759c1674b003a49b5558119140373,migration,4.4384195883083635,2,26
ankidroid/Anki-Android,8204861dc407b544a4c2f8e5dfb26db80178b91d,migration,4.438569568027987,2,66
ankidroid/Anki-Android,8323c5d5876094b14bb85759a202d042269ea3f2,migration,4.449393616751591,2,36
ankidroid/Anki-Android,840c49ec9c2b82af4bf8c7bcfd8bad4d539f2a41,migration,4.437003574416305,2,185
ankidroid/Anki-Android,8427579d10b28a91b854e4e7733f73d9302a9f9f,migration,4.894196390093036,2,215
ankidroid/Anki-Android,8491ebea1780c5c36cd22bd79bc513a2c784ec8f,migration,4.332936535097726,2,84
ankidroid/Anki-Android,850e0fb2c1f71dda6bd4c875a8bf2f0da8e66bdb,migration,4.09588267168606,9,1570
ankidroid/Anki-Android,852ac912d5007a2518058a4a3e49054fe4021135,migration,4.455297044135169,3,3498
ankidroid/Anki-Android,85648e8434f372382650ff34fb35a77fb6129725,migration,4.354918466550054,2,111
ankidroid/Anki-Android,85869384463b634d492ad3cc8e331dde96879c38,migration,4.455644440641874,2,190
ankidroid/Anki-Android,864b373fbd57e4b1fc9eb121e5f71e040354a166,migration,4.901881385149695,2,63
ankidroid/Anki-Android,86ab90a815409b248e58577130980fee1888a1cb,migration,4.448465884604659,2,19
ankidroid/Anki-Android,86ff822ee23b2b99cc638c5b3e84002949f66f51,migration,4.4033676198443485,3,92
ankidroid/Anki-Android,8741aae7215366ed95ad466474906492e77e88c6,migration,4.381437371663244,19,3459
ankidroid/Anki-Android,8866c910b1083fd0a9a8974e8c7f32405da52e02,migration,4.493147926331534,12,3905
ankidroid/Anki-Android,88670c3d75590341ca8f4f146394f0bae84d91e8,migration,4.438393033690775,2,46
ankidroid/Anki-Android,886773c69175501ab70b10d2dbb60bfc271bd4af,migration,4.130652267599564,4,411
ankidroid/Anki-Android,88d71bf32dc22db2fcb55161712fb602c1a591d0,migration,4.438407641899257,2,212
ankidroid/Anki-Android,894857d22cba47c4ea20c8c8a29425fc9590a0a7,migration,4.111021148629807,2,184
ankidroid/Anki-Android,89b81c06f0c4900e8514c409571acdbb1cbdae54,migration,4.466261851344843,2,125
ankidroid/Anki-Android,8abfdd23889deee6bd87b65e0d5a6a1a49cd3a89,migration,4.438602080006084,2,214
ankidroid/Anki-Android,8c8e966384ba03d122b6c20090099340c81448e4,migration,4.461602529976931,2,196
ankidroid/Anki-Android,8d1cffa4b72c3f18bc4bb5c2682d781962789225,migration,4.468886543970391,2,27
ankidroid/Anki-Android,8d7ad82d209f4725f2bcc868d5244bf547ed0569,migration,4.505691782645068,2,646
ankidroid/Anki-Android,8d9e79f90b2bceecb7b846650f6a0bb6605bf4be,migration,4.390676699115269,5,79
ankidroid/Anki-Android,8e1c90463629faac2cb4ec7a1e4b5d870fedf0f2,migration,4.392388331178544,2,102
ankidroid/Anki-Android,8e7029f471614e478e9307acbe198a91521e18f2,migration,4.461612036403276,2,100
ankidroid/Anki-Android,9024e6629b3f3a02e33c94c95c2f0e9e7d819322,migration,4.354821279184729,2,138
ankidroid/Anki-Android,90b28df693e76604bf01c235be93c5dce73435ba,migration,4.395891037341243,2,1142
ankidroid/Anki-Android,91ee9b25bb5bcd3a3299bc2f5ae5652b659655f9,migration,4.395537525033589,4,470
ankidroid/Anki-Android,9239da8b83a36c764bc016fe19a1e65a2f228149,migration,4.466310207366846,2,54
ankidroid/Anki-Android,9478d714e26b21b19c30464df59df1c2081e0177,migration,4.326730042842295,2,807
ankidroid/Anki-Android,94d8d85e121caa9127932f8cebedca0d5d7a496a,migration,4.379473534109057,3,34
ankidroid/Anki-Android,95528563989104466970c7d55da40c4145ba6796,migration,4.486299338352726,2,543
ankidroid/Anki-Android,96731c927cd95cb32a42a0a037f22afa01ff03b5,migration,4.640374648262226,2,120
ankidroid/Anki-Android,96d290fc7762bbab4aa67be0a834b2e83a35265b,migration,4.1154915456181715,3,151
ankidroid/Anki-Android,9740162719c6ab2657f62bc49cf5db98e6461e9e,migration,4.523991780110021,2,306
ankidroid/Anki-Android,9797b7b29d281904bcdb4857f134824e6592fcd3,migration,4.09469050244632,9,39
ankidroid/Anki-Android,98d076a6f2a46685846e35dab608be2cde495561,migration,4.267343207341496,2,230
ankidroid/Anki-Android,9921e406e059587396e01b73db90d78ac4845063,migration,4.3957648553755675,3,713
ankidroid/Anki-Android,999318a919182fe6e4090364a376952aca35058b,migration,4.4663114432022715,2,23
ankidroid/Anki-Android,99986d776b8e27f29f8e256c3a03cf51cb61c48d,migration,4.392418783430933,2,225
ankidroid/Anki-Android,9a17d3e8dbb8207d184e8bcab0f2152977f673bf,migration,4.3956632633660355,2,276
ankidroid/Anki-Android,9a3a89f3f529a313fc8e830e27f2abec00df4951,migration,4.098208989276751,2,104
ankidroid/Anki-Android,9a802f2d6110d6bce29ba2f4072cfa011dc8d904,migration,4.901879705681041,2,62
ankidroid/Anki-Android,9aa3e1646a9393b0a5d6b793fb48bae4acbca399,style,0.8015953684690851,40,1211
ankidroid/Anki-Android,9ae2322f03b6f7e33c16289dd9ffeb257aa37387,migration,4.271272276725734,2,193
ankidroid/Anki-Android,9ae744759ab2a389a26d414a683b575e8c0b209a,migration,4.392142463305194,3,68
ankidroid/Anki-Android,9c917eb21e907d75517cf5f64107a0f4007280d0,migration,4.081767086216949,2,113
ankidroid/Anki-Android,9c9d6b6aa5f757b2f64755cbb94895ccd086d37d,migration,4.461087566861865,2,541
ankidroid/Anki-Android,9cca5a6b594a3e1657ffc3131e6568ecdfeb5e6d,lint,4.039993662382437,2,4
ankidroid/Anki-Android,9d7ce7a8c44bb32fa0830308e826e696d8126bf2,migration,4.466310429183461,2,74
ankidroid/Anki-Android,9e15650e98fa660c1a5201c26fec2306177445a8,migration,4.899115363652496,2,56
ankidroid/Anki-Android,9f4431f65857da2e65e13b15a287fd8592a4ae39,migration,4.74602343017213,2,291
ankidroid/Anki-Android,9f737705038f23d648d6601d04605a575abf28c1,migration,4.956413352092682,2,158
ankidroid/Anki-Android,9fa8b0235f9de8f56e389c197799891baf843340,migration,4.118751932973357,2,206
ankidroid/Anki-Android,a06e727f6094541b763e2dc18a300edb3e17fd26,other,3.6126746013638553,307,2975
ankidroid/Anki-Android,a121be5278edc6da2be4aedb1f20169b232d9a4b,migration,4.45570740487236,4,173
ankidroid/Anki-Android,a33ae50658235955330896c710c9f78bb90c196a,migration,4.438487527568636,2,85
ankidroid/Anki-Android,a582349586af6b0a867b337c2252cdb07c8d9e80,migration,4.4110016921438895,2,230
ankidroid/Anki-Android,a5c496b8ec89ef3cf515496df738f08cc753b4e4,migration,4.403447125256673,2,82
ankidroid/Anki-Android,a6c448289456f3cbfed9f1f6ae8358f52a89703f,migration,4.523678353233453,2,157
ankidroid/Anki-Android,a73eef993c8c29350e526074043cfdfd1f648b84,migration,4.919061684031739,2,136
ankidroid/Anki-Android,a750736198625d6e54d5ad651008650fa258a9da,migration,4.29962440109514,2,136
ankidroid/Anki-Android,a772f12ad09124d15f2da583ca9a0408067f34a2,migration,4.420394009683879,2,114
ankidroid/Anki-Android,a7cceb5a67a7b2d46c8a13cb3832945374287066,migration,4.893719357619084,3,287
ankidroid/Anki-Android,a8695ef2b59e31c342e19547fe998ba30048f66d,migration,4.392363329277258,2,153
ankidroid/Anki-Android,a8ff45928109ca85c4e5952e979f3b182dd06546,migration,4.392183594443177,2,62
ankidroid/Anki-Android,a914abe92800913d354854678bec23fc24f10f29,migration,4.078485214338226,2,139
ankidroid/Anki-Android,a98685af4607b235f9bfe992e4832d4021dbf8ba,migration,4.896549072172789,2,78
ankidroid/Anki-Android,aa1cca72031911f4d87d048a3a6089485b1764dc,migration,4.455380193677593,2,157
ankidroid/Anki-Android,aa35c2a78f4c5993e8801394d21c12869c4d06a2,migration,4.46671198063224,2,306
ankidroid/Anki-Android,aa8f0d45a7eaba6ac258ce24a21a4e60c5a68981,migration,4.395844614292595,2,65
ankidroid/Anki-Android,ab843245483ff393d42af3eb97119b80fbf07321,migration,4.118080399016402,2,116
ankidroid/Anki-Android,acdc570d85822c1d203da996c98e6bdd87ebc9db,migration,4.111081831317971,13,1026
ankidroid/Anki-Android,ae0a1333760ebc8e0ca71652679c6acb016eec5f,migration,4.422586825360611,2,470
ankidroid/Anki-Android,ae545cf1f529f9adcc2a68a9b6ff9fee4f5344d1,migration,4.422636322153776,2,125
ankidroid/Anki-Android,ae858117f453361ee7f1a73d3dfeb5de01626ba8,migration,4.438448646284889,2,211
ankidroid/Anki-Android,aec51a6a6788edb383d19216b9aefeb9d4efdf0a,migration,4.096792088118234,5,817
ankidroid/Anki-Android,aef7f3050752fd16be7cea31806ad0a43513cca7,migration,4.4614946954141,2,13
ankidroid/Anki-Android,aff1bb87900f420ac5a717146d52c6df7b0d76b3,formatter,1.8079066532309174,611,7974
ankidroid/Anki-Android,b0f99d1b9a32c5e1a5e956ce3df9c0a82df14d09,migration,4.1045349139351535,3,2013
ankidroid/Anki-Android,b108df8ebfc88c6ab1e985ebd48f2e1bdfbea381,migration,4.450511414049231,2,38
ankidroid/Anki-Android,b1a8b5644f63f1f32db9998b4a0139555dc50c08,migration,4.8890561703044595,2,230
ankidroid/Anki-Android,b1c2241e4bf263f4a056d5cd099f9a76ce8244f0,migration,4.392457759778944,2,88
ankidroid/Anki-Android,b2862b6a5623f086ae931471495df31e7b6c0261,migration,4.450712823535377,2,39
ankidroid/Anki-Android,b2a03f7375ae6c7c54a8815bcfde37c85d8aaae4,migration,4.455607904276624,2,34
ankidroid/Anki-Android,b312ce26bbfde6af4c46b7830fe8d17d7fbd48b8,migration,4.381491970238548,9,273
ankidroid/Anki-Android,b340f04d7c359dbb2548a8e5bfa2fcccb5feb0ec,migration,4.078043070448957,4,253
ankidroid/Anki-Android,b6be3174af9a0ef4c7e7f9fe25bccc09d5e2f152,migration,4.422708222425026,2,78
ankidroid/Anki-Android,b74db7abeaa73e61e9ae0c79f32377268a9074f2,migration,4.1045900828960376,5,553
ankidroid/Anki-Android,b7583d13cdcd502a962153500d65d9207dfa787c,migration,4.207395651126828,2,1212
ankidroid/Anki-Android,b93e96393b4c507b6f88456c8b6961f62b033461,migration,4.461667173676072,2,104
ankidroid/Anki-Android,b992cd64022c85de452a5dfcd8afdf1c938ea146,migration,4.4392211701777065,2,28
ankidroid/Anki-Android,b9ec9cf446b7ca7300e095959b068aed96d97ec3,migration,4.455492242756103,2,765
ankidroid/Anki-Android,baab194362968dc35682030ddc7d4a41e51c34c2,migration,4.439026858823231,2,53
ankidroid/Anki-Android,bbd6904f00b522bda867ad28b34089057823f3d9,migration,4.410836121885061,2,276
ankidroid/Anki-Android,bc2d6e3b4a9e656962c2b60299a6881081010959,migration,4.455477634547621,2,57
ankidroid/Anki-Android,be56511e88a658097348b06886a9428b50f29d53,migration,4.896513201257384,2,117
ankidroid/Anki-Android,be9f4b8c03730399668191d209ed05e8e36de768,migration,4.395717038051056,2,66
ankidroid/Anki-Android,bfa4bf52b9f19ab34bf1015b51d043edb3ddfc40,migration,4.201517320708799,2,160
ankidroid/Anki-Android,c1b7382e1fb626bf690865505f18ea87e689b14d,migration,4.439057976525465,2,121
ankidroid/Anki-Android,c28d88b368445539ca7c57904a6bb60b0b2f5373,migration,4.522080576469693,2,78
ankidroid/Anki-Android,c2bdd6d09f0c458114ee915ae07112069f4c605a,migration,4.461508638172738,2,102
ankidroid/Anki-Android,c4f0b56956f4cc568fb4b79e111cd4e315e45313,migration,4.354896411640936,2,83
ankidroid/Anki-Android,c5659789dfa88f074ce44f2d8d90468024d122f8,migration,4.90188477577509,2,113
ankidroid/Anki-Android,c63e93a09f86e455ea8c1e9ba13e6ae572550957,other,2.206329949045555,207,1629
ankidroid/Anki-Android,c679a1e29a0f993b00e4754e8221d942f8d576a8,migration,4.438474345324106,2,755
ankidroid/Anki-Android,c85d7dea6a99cf516011ea7692134c72172f3b9f,migration,4.111481861738535,2,575
ankidroid/Anki-Android,c85ee4caa1705159514e52ab83dfca16268af4a9,migration,4.893716220498391,3,345
ankidroid/Anki-Android,c86b96bf40eea0472e2783e984d02da9fee8946a,migration,4.467170982584227,2,752
ankidroid/Anki-Android,c902c5c4d9ecaeb69c08552045f301a7d617202e,migration,4.115283703450199,2,549
ankidroid/Anki-Android,c9bdc4b8e9fa8987c1d1f144e19341d757d572b6,migration,4.3925684779577665,2,94
ankidroid/Anki-Android,cb68d294b4ac63c7b28a2904f62da21d1e414a5d,migration,4.229530224098157,2,154
ankidroid/Anki-Android,cc0d0861f309fd6d57ae101e1a823a7d5515c458,migration,4.450570765837706,2,17
ankidroid/Anki-Android,cc82ddc5681d0a30a8ec7a47db53d09744a38cac,migration,4.115537873602555,4,151
ankidroid/Anki-Android,cd444112f5098baf9899cd6a1349c1c29c56783f,lint,1.8079066532309174,65,694
ankidroid/Anki-Android,cdf58eadb68bae2c257357ed78f53e27c69c4b09,migration,4.403298413060562,6,716
ankidroid/Anki-Android,ce630d3f18c3d254e140d46c08960d13e48041d6,migration,4.115484098917535,2,352
ankidroid/Anki-Android,ced8ebb50bf741c16912db4045c7d00ce100eeb4,migration,4.4364387659391085,2,315
ankidroid/Anki-Android,d109eb503e413a99199eaa9c46319e6216a932dc,migration,4.410855071361574,2,24
ankidroid/Anki-Android,d1919091ad4cbcdf83b90cde7258075a4e8bfac7,migration,4.118823262859026,2,37
ankidroid/Anki-Android,d2475449d4fc59768490d7be487cc8f78669e6cd,migration,4.556937631505565,4,99
ankidroid/Anki-Android,d3b54dd92391534ad8911d1e55720049557c9d7a,migration,4.904397229193601,2,24
ankidroid/Anki-Android,d54663a4455a1889d08628d50c1b46bbfd576059,migration,4.3959251654118185,2,67
ankidroid/Anki-Android,d5ef9e108edf894eccab942f0c97dd561acc132f,migration,4.102300365046772,2,125
ankidroid/Anki-Android,d628f4fd8b8939d0e50c2a04464149db33bb2b7d,migration,4.42281355362892,2,209
ankidroid/Anki-Android,d6398590f74435a03d282be0e5949c6efd6292d9,migration,4.878077452024235,2,429
ankidroid/Anki-Android,d67a3894508cd4bcf3658ecbaa2dea1981075cef,migration,4.598566969604786,2,174
ankidroid/Anki-Android,d67c287685c32b25769de3580653c2f0ff13df25,migration,4.10910516008822,2,186
ankidroid/Anki-Android,d6c25b3ef4d4f663b1d6010f5b8f5d34449dd317,migration,4.115310986893807,2,170
ankidroid/Anki-Android,d6d6f93f2df24d89e7875756bddcba67059d16b2,migration,4.9557077534413265,3,94
ankidroid/Anki-Android,d707e440e93a106e122044c67e5d1195b49adb28,migration,4.901883539939666,2,64
ankidroid/Anki-Android,d717a46c6e659cda1772f7b0ec161e547a9b527d,migration,4.393107714148098,3,527
ankidroid/Anki-Android,d72a257245d5145dd16ee48f7edb5d16520b87eb,migration,4.893725029786802,2,358
ankidroid/Anki-Android,d7f67ad091b76f83ac5dce0939656fd43d729e40,lint,1.808982273683677,39,865
ankidroid/Anki-Android,d8f80b30eb51447e427f8df06210de2acfba87b6,migration,4.171081165868127,2,74
ankidroid/Anki-Android,d9e026d200cbe3dfa8d0d32c23db66efc13f54ac,migration,4.449648135472913,3,41
ankidroid/Anki-Android,daa1101a97ee788221f9aa2ad02dc1b55b254878,migration,4.4554636917889825,2,54
ankidroid/Anki-Android,dab9bb8475f897c5b9893215d51c6a8280030c48,migration,4.466498688113164,2,88
ankidroid/Anki-Android,db8bd332cfc687612dc4e78cec73e615c3bd7b76,migration,4.422601401881005,2,127
ankidroid/Anki-Android,dbd63ff69f3c29e3178773b160834ebd08783cbe,migration,4.679776662357087,2,69
ankidroid/Anki-Android,dc5737d6c56f16df4a40351f35dd2d5ce3518897,migration,4.524808920830481,2,273
ankidroid/Anki-Android,dcba4fbd3a43986edd53357c90fbeb1191a535fc,migration,4.392159226303648,3,120
ankidroid/Anki-Android,dce6f40cedf75ac2d9f711645b46573161a6a817,migration,4.118091458159049,2,100
ankidroid/Anki-Android,dda924aa1a008c120eba228b5c7322bc748f1526,migration,4.2489362625801705,2,393
ankidroid/Anki-Android,de000fcc5e317458eda688ba90e133eaf222c543,migration,4.42264887063655,2,75
ankidroid/Anki-Android,df78c169fb19e0c1220b2566b8410a350831e5f1,migration,4.455430926306183,2,59
ankidroid/Anki-Android,dfbd6d26c540d2805a078c11bae064e7aef39be8,migration,4.39596312774102,2,127
ankidroid/Anki-Android,e002fbb734fb9d01e430546a2e227e292ed8f404,migration,4.902603144725835,2,78
ankidroid/Anki-Android,e00531ed75169932f4eec5f047f626aaf42ae791,migration,4.896510412705656,2,180
ankidroid/Anki-Android,e01f92a49ed96588f748b68b1d702445e5eb0498,migration,4.901882747737471,2,78
ankidroid/Anki-Android,e0abd264a5dab14a98cfbe65e4b8a135f622829e,migration,4.9213775762415395,3,1066
ankidroid/Anki-Android,e230b5cd6444e9f13c34f8c41640ad1914c7e0df,migration,4.118792430349583,2,138
ankidroid/Anki-Android,e2514007f8b1b748cb52838412c78dc0ea44092b,lint,4.267387253783558,2,138
ankidroid/Anki-Android,e27f080ba10ac446777f7510655eb184dc1de7d8,migration,4.439070113063098,2,49
ankidroid/Anki-Android,e3078a2eac2dd0f2bde939250b8fcb41a059a03e,migration,4.951492192055163,3,124
ankidroid/Anki-Android,e34874184bed767b19e00e07f9d33b1502251893,migration,4.393419366491749,4,1415
ankidroid/Anki-Android,e46c876d22267df9ffa904e1da0568e4385517de,migration,4.455693145232844,2,98
ankidroid/Anki-Android,e4febacb0de302a8ce847992d3751523a396b129,migration,4.213960472279261,2,348
ankidroid/Anki-Android,e56ec5506138a72136b566be375691fe1790d79e,migration,4.074621422414886,2,66
ankidroid/Anki-Android,e738028ea1c50fff229e29e0c83301d2235bc3b8,migration,4.449415164651304,2,60
ankidroid/Anki-Android,e7acf937506a80e8d972c71b363855db7fb43f60,migration,4.746020578244226,3,280
ankidroid/Anki-Android,e8202fbc9aa085f8b38e625c08d270046b0d2f1d,migration,4.4385550865718555,2,93
ankidroid/Anki-Android,e82e5fac0048970b1b7bb33f74b266dead71b1e7,migration,4.210564650036758,2,227
ankidroid/Anki-Android,e87c19e0936a77d79d816657634c3865a29ac990,migration,4.896557849773114,3,165
ankidroid/Anki-Android,e8ff1c593db05799c3ec3fe0a6e2adfcd36b03c3,migration,4.466309890485968,2,85
ankidroid/Anki-Android,ec36137661ccd452924a01dfaa2d5f78d9211809,migration,4.122376479833701,2,58
ankidroid/Anki-Android,ed7676948c05cd62a6bce49dfa46cfb2c6c54e87,migration,4.915760989428854,2,15
ankidroid/Anki-Android,eda9633f555d6a8f7bed9f1763198f379e1a4caf,migration,4.3956313534616065,2,1261
ankidroid/Anki-Android,edbb682c12fd0533842372fb23b414fa422e7958,migration,4.466955883844145,2,119
ankidroid/Anki-Android,edd488845d5a2290e11a722744a82f3f44608b94,migration,4.092424962608057,8,631
ankidroid/Anki-Android,ede910646ffe08c90a98db1ca6fd19b7104bab71,migration,4.4663108094405155,2,37
ankidroid/Anki-Android,ee31c182aff77c1186f32b3cf1645310ad2d7908,migration,4.477880922503612,2,898
ankidroid/Anki-Android,ee96297be1e7a3e4ceece9e1a53cc97327997805,migration,4.743265584201587,2,139
ankidroid/Anki-Android,eeb59af6524304b1054b6666a442b1304fde3d60,migration,4.114653142190788,2,234
ankidroid/Anki-Android,eed19989f140af413ce901c52a8e99731a097042,migration,4.2589709610363276,2,155
ankidroid/Anki-Android,efc9bf6d0c1460c682c6b7d47d7b864337ec06cf,migration,4.392647951682004,4,719
ankidroid/Anki-Android,f027010c1c793efee7a1734a024f1631a218018e,migration,4.39599544959059,2,55
ankidroid/Anki-Android,f0ae612e8906f3a173dd4247c094306596663f88,migration,4.420321634091312,2,103
ankidroid/Anki-Android,f1891c5ad7c0fba75353d7a5eccc88df9e907883,migration,4.450692162902122,2,22
ankidroid/Anki-Android,f1cc51008a4bd5be66df12d060b3ba1b4e07c301,migration,4.097862923669734,5,1676
ankidroid/Anki-Android,f2fcdb216ab71213495fa7ed5d30ba42fc9f1ad0,migration,4.450793469718863,2,61
ankidroid/Anki-Android,f35667ac32a43fa3fa0e204ec4faae6701398ab5,migration,4.87754667655335,2,472
ankidroid/Anki-Android,f3e56be471a09c7068bc557810fbf4023748341d,migration,4.118896462341876,2,140
ankidroid/Anki-Android,f4217b431441356115b901e4297c81f3d665b514,migration,4.7737258219889975,2,271
ankidroid/Anki-Android,f43d8e6482f7d84bc74d4ecda716c445fb6a9756,migration,4.430819675767485,2,2014
ankidroid/Anki-Android,f468b7164e75ff1b88e6bd0f25b0509c3b346776,migration,4.26651310619312,2,102
ankidroid/Anki-Android,f52f4cd9d8e36b62a13b13bb753fba51c433fb64,migration,4.078463729814688,2,162
ankidroid/Anki-Android,f56243bde5869e8170ab2c15e8c80ec33a4d6211,migration,4.896516401754252,2,96
ankidroid/Anki-Android,f5a634ffbb638ea0b6adcbdc8d18f12f4eb3f50c,migration,4.098081539787563,2,44
ankidroid/Anki-Android,f5c8c5ebb708f26d0d692ed8373789858a739f6f,migration,4.387817799832687,2,24
ankidroid/Anki-Android,f6c97cb7cfe1113f4d0f5a3a5b448d87999c9c3e,migration,4.106837085202931,3,591
ankidroid/Anki-Android,f86bf55c4063e0804cc1336dc0b8a54a5cef8a5f,formatter,1.8079066532309174,8,38
ankidroid/Anki-Android,f8d3c63bb7b92821d20ff15462fe3711ac489e52,migration,4.466610737191675,2,172
ankidroid/Anki-Android,f94d5db53a45b504fded0d84051138e417ce6fe0,migration,4.461520869774635,2,189
ankidroid/Anki-Android,fa098e30349039b65b4027664ea1c99935001b9d,migration,4.078432231855401,2,170
ankidroid/Anki-Android,fa5c90eb21c56b5c5f7e701400d4980c6475f4f5,migration,4.096618690901717,11,1267
ankidroid/Anki-Android,fa76516913e5da154b45d6466b8178ed161ca8c1,migration,4.43172779298806,2,84
ankidroid/Anki-Android,fab95690f27284a19ebcd5199b3f96aeee9b12a6,migration,4.097591737014222,60,1032
ankidroid/Anki-Android,fb42542a88f0e1b402f034a84882ed6f1a9c7d01,migration,4.449734612264558,2,67
ankidroid/Anki-Android,fbfc6200729caa178bd57fdb7443d6b6106db770,migration,4.430785927953964,2,305
ankidroid/Anki-Android,fc2efb7778ea26eedc304d52d178b00f21004f5b,migration,4.431671102998961,2,201
ankidroid/Anki-Android,fc35ccba20d7a7ef6625bdd09c3de6f13ecd2a0e,migration,4.075964331888357,48,1073
ankidroid/Anki-Android,fc96b0671c33218a6f94549b5af5573c02d874e4,migration,4.118802507161508,2,25
ankidroid/Anki-Android,fe14d1a9ff155ea3772cb0dca4286427ab62a8ad,migration,4.894202062260755,2,168
ankidroid/Anki-Android,ff950de5f0fd90d3fe662b22c3048c4e688bc486,migration,4.466311094633306,4,4116
ansible/ansible,6def4a3180fe03981ba64c6d8db28fed3bb39c0c,other,3.9115044236570586,11,116
ansible/ansible,716631189cb5a3f66b3add98f39e64e98bc17bf7,lint,3.642932954343803,9,105
ansible/ansible,a0495fc31497798a7a833ba7406a9729e1528dd8,style,1.9732126334068496,416,4472
ansible/awx,f506ccab459a9e8474f1771e795f289ad3d90232,formatter,0.11238788754531397,98,890
antiwork/shortest,064151d6b9d66fa6b9480cdaecbe5714982d810b,formatter,1.2477349037949654,49,495
antiwork/shortest,1f7eb309b14e0b0f1c5bea7030336c266eca53f3,style,1.2477365515755316,13,53
antiwork/shortest,2f48d92b28eb16b0410551a62e5286b73e55263c,move/rename,1.2856094569929273,4,469
apache/airflow,01a819a42daa7990c30ab9776208b3dcb9f3a28b,other,3.890251476664892,398,13663
apache/airflow,0a74928894fb57b0160208262ccacad12da23fc7,formatter,2.5375149250893605,773,1210
apache/airflow,2a34dc9e8470285b0ed2db71109ef4265e29688b,formatter,3.938203380485208,488,15653
apache/airflow,4e8f9cc8d02b29c325b8a5a76b4837671bdf5f68,formatter,5.906310460871549,1070,30553
apache/airflow,bfcae349b88fd959e32bfacd027a5be976fe2132,formatter,3.9371808058914493,1143,68505
apache/airflow,d67ac5932dabbf06ae733fc57b48491a8029b8c2,refactoring,4.04650499404264,1097,7906
apache/airflow,fdd9b6f65b608c516b8a062b058972d9a45ec9e3,formatter,6.098782955611327,873,55744
apache/cassandra,3dc33de6eaf34a7bef1d345d2ffb3bf07e6a5748,other,0.7487721182852942,3044,17140
apache/flink,481ccff04f647505721541f45d0f99b1f67f11f4,formatter,5.750933214186123,35,1164
apache/flink,91d81c427aa6312841ca868d54e8ce6ea721cd60,formatter,4.46969167490557,1297,115071
apache/flink,c6997c97c575d334679915c328792b8a3067cfb5,formatter,5.756620116865668,11013,2796871
apache/hbase,9c8c9e7fbf8005ea89fa9b13d6d063b9f0240443,formatter,4.418030870535149,4645,241675
apache/hbase,acf144717bd85d2486cc33fbb0e3622b06c66717,formatter,4.203137025629325,400,4590
apache/iotdb,352269f3ded6f27374b8bf77f155d1369b7513fb,formatter,2.4206460250462647,224,1147
apache/iotdb,70fc76de8b5a032269b2d4f10b956d045b0e95ec,formatter,5.6132023030902225,1574,131358
apache/maka,c633ea5b2524d9463228e01f8d369ef9166c3f05,license/header,0.1081407965117753,2683,52206
apache/maven,de19cfcd2bc8e774818d87472e8e64dc37c0b93d,formatter,3.8550096648667833,1278,115666
apify/apify-mcp-server,e8aa64589499b8a4575d71c4cea59f7fef8b310b,formatter,0.3448592732020179,181,11138
apollographql/apollo-client,104bf11765b1db50292f9656aa8fe48e2d749a83,formatter,3.5055705757091795,1,2157
apollographql/apollo-client,352c4a9ad4d140d58850688bd1b2d5513f62c6cb,formatter,3.0852631695692954,202,61134
apollographql/apollo-client,994ae91f16ea4c8ee28818bd7eaac47e4765c660,formatter,3.082588916774406,3,36
apollographql/apollo-client,ba3e7d9fa7d46e4c636148bbf01552833db0ceda,formatter,3.163403902704895,188,30990
apple/foundationdb,2c788c233db56ccec4ed90d7da31887487b9f3b7,formatter,5.093056316069663,56,1040
apple/foundationdb,69508b980f3cc5aabea6322f292e53b07bb27544,formatter,5.093036891271833,2,4
apple/foundationdb,df90cc89de67ea4748c8cadd18e6fc4ce7fda12e,formatter,5.559155765964459,592,223569
apple/pkl,2b3603b544bae2ad87374b65afaf8ac018216261,formatter,0.43297826830937713,44,5720
apple/swift-nio,c9756e108351a1def2e2c83ff5ee6fb9bcbc3bbf,formatter,2.199174461936269,374,38912
asdf-vm/asdf,28b348a041b3dfd1898eb0073aa1e83bdae70e4a,lint,3.6643831913707,19,562
asdf-vm/asdf,407a6696c0739f5e368543c4fc1b14e41458f177,lint,3.66656760970416,6,31
asdf-vm/asdf,6f64aa8d847d53f272d30bcf2532937c02826080,lint,3.66625507009405,7,116
asdf-vm/asdf,720fd172004c9f29045eb2ad19f35eba47ae31c7,lint,3.660645106091718,4,251
asdf-vm/asdf,90ead5ea0ae06418c58a47f4c7732797af5fe336,lint,3.652541257890334,13,71
asdf-vm/asdf,998180e3625643644603504bea75e3bcc668465f,lint,3.666387114355971,9,168
asdf-vm/asdf,b5e981cf1d9a37af17e48f6a871ff692720df810,lint,3.664939348999924,20,248
asdf-vm/asdf,b8dc5f160447baabab9c69683824512ded577254,formatter,6.81430650619819,28,601
asdf-vm/asdf,d81b81f9de2dc5961624464df04cef7cafae588c,other,3.6880172446573884,16,188
asdf-vm/asdf,ffa018763c10de63e6548372e7eaad2ae53643d6,lint,3.657865490404847,11,28
aseprite/aseprite,09538f9a1aa247919ac19992db173050e173a860,formatter,1.7873711562349481,1538,124542
aseprite/aseprite,b2e4f78b693fac5b31bd4bbadb395fdd8ed007c2,formatter,1.7879068433594443,1511,121408
astral-sh/ruff,04023a2a65ebcde99a3bc2f4d0644092581a65ba,move/rename,0.5754912921134687,6,948
astral-sh/ruff,24dd149e0351b6c27abf8ac9896b9634d1daeb95,refactoring,0.7344777169366492,11,5029
astral-sh/ruff,320a3c68aebf3dd13f3496efa7ecc21f04c4f34a,refactoring,1.5970917623646919,7,3093
astral-sh/ruff,347452f41f5abe651362e936255551a32f45419d,move/rename,0.5808448361092098,7,5199
astral-sh/ruff,34cee06dfa6c558c4ab1460200033ea44b368ae4,move/rename,0.5750094430501685,6,12509
astral-sh/ruff,38c273aa235aca9a4b2d9e229c9d596f9eab2c65,move/rename,0.575212468628793,15,1459
astral-sh/ruff,461994073e2f6cac13a28e60b06038ba50214ffc,other,0.46635377848759096,153,32987
astral-sh/ruff,48cf24d48bbf59fb8b236087e0966291a07674b9,refactoring,0.5806101541308591,8,3163
astral-sh/ruff,4926bd58204839cb75a8ed1397e824bbc8f644ca,move/rename,0.5723844018556544,9,4599
astral-sh/ruff,53ad26f1e10b749e1ef4680603aa9156dd528dc5,move/rename,0.5647210814510609,7,12509
astral-sh/ruff,63b7ee8accd87e1e6b9bf04218d352fd59d255bd,move/rename,0.5828371929424291,2,1741
astral-sh/ruff,7750704dec4865958912876cbe4e9b4445def7f6,move/rename,0.5783002192815677,3,1287
astral-sh/ruff,96d9e0964cb87498ef15510ea7f896ba336659f9,move/rename,0.4957531941592517,18,4432
astral-sh/ruff,9e69010d91cf171d2c6ad1ac0655fa9da62420fc,move/rename,0.5785482102568003,2,94
astral-sh/ruff,a9b2876bd33264c826aaf38e462632f1f7bceb55,move/rename,0.5753434671838162,13,2990
astral-sh/ruff,b4c2825afdd8c1010c3a5859521629d2d1e0a6df,move/rename,0.7758045288615104,74,18335
astral-sh/ruff,b51c4f82ea6b6e40dcf3622dd009d463bb7e2247,move/rename,1.41020888787487,3086,404146
astral-sh/ruff,c20cb8fc39878be34c3f56dc9b1982e13dbf52ac,move/rename,0.5812500316880879,2,2013
astral-sh/ruff,c6b92b918e4d350e4f8aed95a41985f80ca7dfc9,move/rename,1.0533074758536771,7,23608
astral-sh/ruff,d3b9e6000423608a20c3ac563f0e7441decea030,move/rename,0.5835834474104494,3,2075
astral-sh/ruff,d98b514a1c592797035bf09a424cc72ee78fa5b6,move/rename,0.5806728014804675,6,1130
astropy/astropy,059495d362003d3f88c1e7456bfe56693c958e10,formatter,3.887481779349507,31,5609
astropy/astropy,0630d6acf23aab2ef338b35f9a5130ee592e7aa5,formatter,3.891028436890004,51,6276
astropy/astropy,1265c1a9970d467c9372f9143b8cb0a1d37facf1,formatter,3.885492939894035,45,5978
astropy/astropy,128fe2873f25581feda0c2d726181b093bdc306a,style,3.893450262377367,1,10
astropy/astropy,1403108bcd07341657e41d47c99abad373f27644,formatter,3.8783727216264863,47,14534
astropy/astropy,2e948e310fa2882ef3fd483b130297e3c692481f,formatter,3.887462703120643,9,632
astropy/astropy,369402b47317f4752e3dadaa136a1f8ccce74a2e,formatter,3.8861500874591224,10,921
astropy/astropy,3c9c91ae593cad2f669d65bf3e67accc5c49333c,formatter,3.8874843777727075,20,1815
astropy/astropy,420686db541271e8a20ad15e3a2b68bf30655889,formatter,3.89085367708571,51,3474
astropy/astropy,53ba687f90131a7b5a578af32b376b8fac04863a,formatter,3.8771707290795243,55,12984
astropy/astropy,58470fa36befa7efd1e37bbc7374859d7c22223a,formatter,3.8916500621086523,4,326
astropy/astropy,5a4c5fcb00bf917c4bbe3c342b66177cf6cb3c75,formatter,3.885599633685705,4,572
astropy/astropy,5bf365bd9638f3c335963745b46246fabe428a0f,formatter,3.8914627221334954,35,3738
astropy/astropy,616797e13c0b926ad48ea9e9aac22a0421b74d73,formatter,0.5303635574314903,7,64
astropy/astropy,6750c7f86129858b92d83b0086c3b99b9470bf8b,formatter,3.8783655601186404,52,20123
astropy/astropy,6e80e68e817fd629e04e80b45478052b6a4a3c4a,formatter,3.8911453025578626,35,9813
astropy/astropy,7ca4c9e44e762e258b3c455bdfca793b83a93802,formatter,3.891705928207468,23,5008
astropy/astropy,933e3e6eadff215165c838fd91c21e8615d0cf88,formatter,0.5352577825943671,16,4713
astropy/astropy,9d4adb8a5ab74a8c85e0d4b41e65bb78ee19aedb,formatter,3.8751362270895124,15,3448
astropy/astropy,a7cb990203a9d2093fa81bbbbd4ac0f763f6da6b,formatter,3.8914829708216088,29,3885
astropy/astropy,d2165fa02c1a2d79f4a6cb69a5cebeee0b073033,formatter,3.8750408459451924,12,888
astropy/astropy,d8f7f53c7342e4e40c1a76351a3befa1f9b2f2db,formatter,3.8751369559155324,52,15253
astropy/astropy,e789729540438eb891ae83ef1a39171f7a4c007a,formatter,3.878363880649986,18,1283
astropy/astropy,ecfab5a9f56d5f5724f30a6dabe580960136e4c6,formatter,3.8916636562983244,22,2680
astropy/astropy,f5a1738f32d4920ac853c7c0ec6c941ccec47555,other,3.3566676806854767,0,0
astropy/astropy,fa2df9f32e5c041d74f7d1ef3d5a188c521cbc79,formatter,3.891322122087865,23,6282
astropy/astropy,fbbc0cb370d033722fef7f501b6aed4b500812d0,formatter,3.879652571805207,104,19393
awsdocs/aws-doc-sdk-examples,a89ae9751bb71d5fbd4c998adcd34c911c088a1c,lint,2.649656501128096,356,32229
awsdocs/aws-doc-sdk-examples,de7b1ee3fae2e3cd7d81a24c17345040f76b1d75,license/header,2.70465716657794,5534,180439
babel/babel,41085248560b1403b8d0f99f108491e679531c6c,formatter,6.312768239663345,147,2130
babel/babel,5180ecdca48e486b4b0f347fcbd752f865df5e55,formatter,9.25637583339671,30,10954
baserow/baserow,9711d46b29a56cbd43d927948fc5488be53c99ba,formatter,5.4700758612822264,219,25957
beetbox/beets,029de94b206bd64aecc24f24bf011413b86d78e7,refactoring,0.10551670595989555,32,431
beetbox/beets,04c2304879d088ea9be1fad475caf022608a3145,refactoring,0.1691165994879205,20,339
beetbox/beets,07549ed896d9649562d40b75cd30702e6fa6e975,move/rename,1.0698107904276624,5,1307
beetbox/beets,0cd20798aa585f162433423f767c047b7474a70e,other,0.3722491570968641,5,223
beetbox/beets,0ecc345143cf89fabe74bb2e95eedfa1114857a3,refactoring,2.150764538494689,31,378
beetbox/beets,11d41aee7d3253ae702d1519a1b8f78df4596132,refactoring,0.08160351230765331,63,1025
beetbox/beets,11e948121cde969f9ea27caa545a6508145572fb,refactoring,2.132564612011053,27,409
beetbox/beets,1418a80e0531fba1e01d0ad2a4decdefaed6b365,refactoring,0.24172126524197024,1,23
beetbox/beets,14eabc60600ff3c8ef1908100ae7abd3aa998bc4,refactoring,0.11303210637057318,55,472
beetbox/beets,161b0522bbf7f4984173fee4128416b05f6cc5f3,other,1.80420054123254,15,69
beetbox/beets,192217da5d70621089b06b06fff3dbcbeb4c0c4d,formatter,0.5688244353182752,2,36
beetbox/beets,1a045c91668c771686f4c871c84f1680af2e944b,refactoring,1.233712861561082,17,735
beetbox/beets,1ae87783858f53b62ccdc4f9400e035ef03f843a,refactoring,0.08637269627601592,2,420
beetbox/beets,1c16b2b3087e9c3635d68d41c9541c4319d0bdbe,refactoring,1.0823202017897433,56,705
beetbox/beets,1d54f2bf66506e7a45ce5e962106897e3c98f67a,other,0.5468569536339899,3,14
beetbox/beets,1db46dfeb6607c164afb247d8da82443677795c1,lint,6.218175716784546,1,49
beetbox/beets,1ec87a3bdd737abe46c6e614051bf9e314db4619,lint,5.094749664106269,143,7733
beetbox/beets,1fe5bad4b27d2845aad16f0afae91fe389f299fb,other,0.5731734986183994,0,0
beetbox/beets,21e045795d2478a7f45a81bbc095ccf3aa69d59f,refactoring,0.08167753568078688,10,198
beetbox/beets,25ae330044abf04045e3f378f72bbaed739fb30d,move/rename,0.9053995867873349,15,358
beetbox/beets,2616bcc950e592745713f28db0192293410ed3e3,refactoring,2.1325646436991406,9,71
beetbox/beets,26713de0d64b8412ac922d0402929504f6f3c6c7,refactoring,0.1158391322534033,1,36
beetbox/beets,27900f58fbeba06483b77c677045ad1df8e9af45,other,0.11583910056531549,12,38
beetbox/beets,28aee0fde463f1e18dfdba1994e2bdb80833722f,move/rename,1.0259824891626739,2,428
beetbox/beets,29580d2f00eb02f1ce77ebe3e1435804f7252ba1,other,0.328294547113849,36,147
beetbox/beets,29c887db5bff1cfc4c6ea60505636742fa41cccf,refactoring,0.24172126524197024,1,132
beetbox/beets,2a9786aad7bc8114276e1fda2a3d141abf2608f3,refactoring,0.11583910056531549,3,56
beetbox/beets,2e9ace7b20e776ad10127b2f6ac76791e2a19704,refactoring,0.19387779805815397,14,399
beetbox/beets,2f42c8b1c019a90448d33d940b609c18ba644cbc,style,4.805355920602327,1,177
beetbox/beets,2fccf64efe82851861e195b521b14680b480a42a,other,1.082320043349304,8,62
beetbox/beets,33a01fe0b37942a38c8b88d0fc8167edd02ca81b,move/rename,0.11583910056531549,4,16
beetbox/beets,33f1a5d0bef8ca08be79ee7a0d02a018d502680d,move/rename,1.069810663675311,10,741
beetbox/beets,3c8179a762c4387f9c40a12e3b9e560ff1c194ec,refactoring,1.226263467437321,1,17
beetbox/beets,3d0d032987c4c2e9550529fd25e79581b06ade73,refactoring,0.5688244353182752,13,46
beetbox/beets,432fa557258d9ff01e23ed750f9a86a96239599e,lint,5.097518537531371,2,811
beetbox/beets,43572f50b0eb3522239d94149d91223e67d9a009,other,10.610114996070678,3,38
beetbox/beets,43b8cce063b1a1ef079266f362272307fb328d73,refactoring,1.2262634991254089,3,23
beetbox/beets,441c8383873d72d4bb0387cdf1863c0fe9e11098,other,0.5688244353182752,16,73
beetbox/beets,46bdb84b464ffec3f0ce88d53467391be7b7046f,refactoring,2.132564580322965,6,58
beetbox/beets,4a361bd501e85de12c91c2474c423559ca672852,formatter,1.082829397672827,50,866
beetbox/beets,4b69b493d2630b723684f259ee9e7e07c480e8ee,migration,2.120579511749943,9,81
beetbox/beets,4f0ac15b99cc240a6b611d2b70f29f1e576d6418,refactoring,0.08166368798641215,1,126
beetbox/beets,5039c8f6cff474bec54b2106dd7c7d0cd39878f2,refactoring,0.11727285978654904,31,402
beetbox/beets,51f9dd229e64f5106d69f87906a94e75604f346b,refactoring,1.8042005729206276,15,366
beetbox/beets,529aaac7dced71266c6d69866748a7d044ec20ff,move/rename,1.3725354589702639,1,966
beetbox/beets,53d2c8d9db87be4d4750ad879bf46176537be73f,other,10.608395093416483,4,103
beetbox/beets,544ea3af5d85df187e080f407d3aaf84eac4ee63,other,0.32452394985676986,1,20
beetbox/beets,5804a21620098e8da78b1f4a5f85063033586632,other,0.32452394985676986,1,42
beetbox/beets,59c93e70139f70e9fd1c6f3c1bceb005945bec33,move/rename,0.905458875199635,18,5060
beetbox/beets,5c3695da262ec64e52ec8057302fe2d852b62afa,style,0.08160351230765331,8,61
beetbox/beets,5c81f94cf7ced476673d0fa948cc7ecda00bae99,move/rename,1.80420054123254,9,64
beetbox/beets,5d4911e905d3a89793332eb851035e6529c0725e,refactoring,2.1325646436991406,19,180
beetbox/beets,5dc6f45110b99f0cc8dbb94251f9b1f6d69583fa,other,1.3729001254848276,1,290
beetbox/beets,5dcc35112d17976a11ffc468cf436bc3e2342e54,other,0.17650296600501938,4,54
beetbox/beets,5f78d1b82b2292d5ce0c99623ba0ec444b80d24c,lint,2.0226786574390956,15,150
beetbox/beets,6631b6aef6da3e09d3531de6df7995dd5396398f,refactoring,2.132564612011053,15,128
beetbox/beets,68acaa6470a04474a2aefe9b1de71ae7fa10b861,move/rename,1.3820169151012751,16,401
beetbox/beets,6a3380bcb5e803e825bd9485fcc4b70d352947eb,refactoring,2.132564580322965,4,84
beetbox/beets,6acef1d5864716300f2c4add4e19cc6e737cce46,refactoring,0.1158391322534033,1,79
beetbox/beets,6b4f8fa25b744adf05a3e9199e470d663f297502,refactoring,0.08166368798641215,1,26
beetbox/beets,6d1316f463cb7c9390f85bf35b220e250a35004a,lint,5.097843784064694,10,389
beetbox/beets,72caf0d2cdc8fcefe1c252bdb0ac9b11b90cc649,refactoring,1.226263467437321,1,53
beetbox/beets,769dcdc88a1263638ae25944ba6b2be3e8933666,lint,1.1378647615788273,58,1543
beetbox/beets,7970a90214fcd64ab5fef1c71b7bf1413ad6ce86,refactoring,0.19387779805815397,4,44
beetbox/beets,7bad226c33c2d48b5102cff213c67f16eeb09a7b,other,0.32452394985676986,8,100
beetbox/beets,7ef1b61070ed4ed79c4720d019968baf38e38050,refactoring,1.80420054123254,8,342
beetbox/beets,816cddbfd5d0976a31e9d0788db0944c62ad16db,other,0.2501859773873805,3,124
beetbox/beets,856087258b3466f09d557a054e4b7cc4cdc25638,move/rename,0.20734678809541918,3,31
beetbox/beets,85a17ee5039628a6f3cdcb7a03d7d1bd530fbe89,formatter,2.0226815410550865,96,305
beetbox/beets,88202493adb769e667f64a96a3ec0270f46ca60e,refactoring,0.2501859773873805,2,357
beetbox/beets,88627e062b452e936bf0e7e90554cd56e3713288,refactoring,0.11727285978654904,1,411
beetbox/beets,8949562ef8f4e83ef281674c6125b041991d3d26,refactoring,0.20734678809541918,1,52
beetbox/beets,8c5ced3ee11a353546034189736c6001115135a4,other,4.813204457880194,1,299
beetbox/beets,8d03803fcf1b18385e477cb9273553e2431447ce,refactoring,0.20926207949907472,3,97
beetbox/beets,8e4fa56acb73216f36769090b322088ff2ed5364,refactoring,0.0816529457246432,1,63
beetbox/beets,900543baca4cf5fa4dbe52dbe748f98a0371d0ed,move/rename,0.2501686756914341,25,5616
beetbox/beets,9022cb5ed7fddf60c1156dc3ca7e3a540dc8f7f2,refactoring,0.20734678809541918,1,86
beetbox/beets,910354a6c617ed5aa643cff666205b43e1557373,lint,5.097496894567394,12,336
beetbox/beets,9147577b2b19f43ca827e9650261a86fb0450cef,move/rename,1.3820216366263594,5,3973
beetbox/beets,9352a79e4108bd67f7e40b1e944c01e0a7353272,formatter,1.0823872220954698,25,163
beetbox/beets,94ef7d8d1f37d87268abed6a4bd5df054912092f,refactoring,0.2374774063933886,0,0
beetbox/beets,951e32a852b48f87e3dd2ccf71753ee8f7ac2e34,other,0.1691165994879205,25,492
beetbox/beets,98377ab5f6fc1829d79211b376bfd8d82bafaf33,move/rename,1.228856155094177,6,3615
beetbox/beets,9a05d27acfef3788d10dd0a8db72a6c8c15dfbe9,refactoring,2.132564612011053,64,4369
beetbox/beets,9adcb601f86b8758cb179ac5d39ca4857846cb27,refactoring,0.1158391322534033,4,54
beetbox/beets,9b375d0b2d2dc9388892f1b901aae67ab0ad8290,refactoring,0.20734678809541918,1,117
beetbox/beets,9efe87101ce03706660129633e03147a222765cf,refactoring,0.6937156501128096,3,221
beetbox/beets,a59e41a88365e414db3282658d2aa456e0b3468a,move/rename,0.9054042449362436,27,4460
beetbox/beets,a6e5201ff3fad4c69bf24d17bace2ef744b9f51b,formatter,2.941124958805486,186,37258
beetbox/beets,a6fcb7ba0f237530ff394a423a7cbe2ac4853c91,other,0.5468668403173879,10,100
beetbox/beets,ab5acaabb3cd24c482adb7fa4800c89fd6a2f08d,formatter,1.1378475549471443,103,14837
beetbox/beets,abc3dfbf429b179fac25bd1dff72d577cd4d04c7,lint,3.8373058153978756,1,36
beetbox/beets,acf576c455e59e8197359d4517f8c0a5a9f362bb,lint,4.80971645499024,1,84
beetbox/beets,adfb73b66dba0fc799880af176ef6f9ac0a7ee68,formatter,0.3630965916292747,121,1757
beetbox/beets,ae3a2e5729e3c0a5acbd8967ba2f11f4c53acd09,other,0.5688244353182752,34,154
beetbox/beets,aef9c64cb07c8f828d0dd6e69a5485abf2c43396,move/rename,0.2501686756914341,3,34
beetbox/beets,af102c3e2f1c7a49e99839e2825906fe01780eec,lint,5.0975071615078456,8,292
beetbox/beets,b1701c2e12b2de8e5462affe46ecc6816a5fc508,refactoring,0.2092620478109869,1,62
beetbox/beets,b1ae461723316b738f301406198382913207e100,refactoring,0.2501859773873805,2,394
beetbox/beets,b2f52ac12443c102712b735e456fd07a6525786b,other,0.1691165994879205,11,80
beetbox/beets,b3f558584910ab4fc6aa185ec4a4c8554001ba24,other,0.5688232945471139,1,2
beetbox/beets,b8def07121431421118ff7d569f8187aae0520f2,other,0.5084815068319517,15,174
beetbox/beets,bb66b0c378e9bf7d97622a1582d93c4dfcf20fdd,other,0.1691165994879205,2,23
beetbox/beets,bbd32639b4c469fe3d6668f1e3bb17d8ba7a70ce,style,4.809978166907496,1,29
beetbox/beets,c070b29e14cd06419e129b76a6d42a82fe51e190,refactoring,0.28577208025958883,1,8
beetbox/beets,c490ac5810b70f3cf5fd8649669838e8fdb19f4d,formatter,1.3985975486095268,31,138
beetbox/beets,c6b5b3bed31704f7fe8632a6aef1a2348028348f,refactoring,1.2262634991254089,1,65
beetbox/beets,c6b87e869e44bd53fccc9603b682351c96612583,refactoring,0.20734678809541918,1,17
beetbox/beets,c9ad80dad2528af67cdb76c35d7ba5e4824b7600,other,0.28577208025958883,3,19
beetbox/beets,ca4fa6ba10807f4a48a428d23e45c023c15dfa7d,refactoring,1.2262634991254089,2,16
beetbox/beets,ca8544d4bcab503e1e4c2cd6688655c8211aa7a1,other,0.32452394985676986,1,457
beetbox/beets,ca8e9f69a8a0254aa767dc86f6d808d02f6af05d,refactoring,0.2092620478109869,1,26
beetbox/beets,cb82917fe0d5476c74bb946f91ea0d9a9f019c9b,refactoring,2.1325646436991406,26,154
beetbox/beets,d017270196dc8e0e2a4051afa5d05213946cbbbc,other,1.2262722450376455,1,61
beetbox/beets,d24c0d341ec6074c343cd8054083fe358da8fa14,style,0.19387779805815397,22,154
beetbox/beets,d288f872903c79a7ee7c5a7c9cc690809441196e,lint,5.097533937942049,5,226
beetbox/beets,d4fd36a03384b0f71144932833d9c633c1f9545f,style,0.3722491570968641,5,25
beetbox/beets,d8fc064e9c3b428ee6aad5f50d34dc66aba742f2,refactoring,0.11583910056531549,1,86
beetbox/beets,d93ddf8dd43e4f9ed072a03829e287c78d2570a2,other,1.0823200116612164,56,602
beetbox/beets,dc2826fa4b32b625eb4ac9d71934176edde2443e,refactoring,0.19387779805815397,10,101
beetbox/beets,dcc1fd0e4a3e7137d126f224d8f5d9911291652e,refactoring,0.11727285978654904,1,209
beetbox/beets,e21c04e9125a28ae0452374acf03d93315eb4381,lint,12.463244543311278,2,74
beetbox/beets,e26276658052947e9464d9726b703335304c7c13,lint,5.097916413161964,3,18
beetbox/beets,e4baceae1fa03dfd6db9e0bab88ddd2812963ad3,refactoring,0.28577208025958883,6,310
beetbox/beets,e9021e17e9f14af8b4805ce1ec7f32843ada7970,refactoring,0.11727285978654904,2,348
beetbox/beets,ea334bd977ee8ed0cdbd627b7e9564dd08dd43f7,move/rename,0.15385805637944583,4,103
beetbox/beets,ea3d6af6169d33be009b86bf5607baae7cf9652a,refactoring,0.2092620478109869,1,34
beetbox/beets,eda0ef11d67f482fe50bbe581685b8b6a284afb9,refactoring,2.132564612011053,4,66
beetbox/beets,ee4d6eef36269fbf99e0f566487ab21069be279f,refactoring,0.08597022587268993,3,228
beetbox/beets,f0105bef73053098f8755376c88f38cc90d9b23f,refactoring,0.2671568496970619,4,180
beetbox/beets,f167dc29e41439e342c04c073758102b2a2e1af8,refactoring,0.20734678809541918,1,42
beetbox/beets,f36bc497c8c8f89004f3f6879908d3f0b25123e1,lint,2.0226786891271833,29,371
beetbox/beets,f37306b0cc17f17291ea5010178f190a95b29fd5,refactoring,0.11583910056531549,6,24
beetbox/beets,f8b8938fd8bbe91898d0982552bc75d35703d3ef,lint,5.097591578573782,4,154
beetbox/beets,f9359df0d15ea8ee8e3c80bc198e779f185160cb,refactoring,2.132564612011053,11,86
beetbox/beets,fbfdfd54446fab6782ef0629da303f14f0a2ecdf,style,1.80420054123254,3,20
beetbox/beets,fcc4d8481df295019945ac7973906f960c58c9fb,refactoring,2.132564580322965,1,4
beetbox/beets,fcee48fb0a11003afab1f4eb7334dca1e4842606,refactoring,0.20734678809541918,1,8
beetbox/beets,fd46e5b7738a3e11ef01e6fa8dc6fb8e0c7c82ec,move/rename,0.328294547113849,3,380
beetbox/beets,fdb8c28271e8b22d458330598a524067ca37026e,refactoring,2.132564580322965,1,5
beetbox/beets,ffb43290066c78cb72603b7e2a0a1c90056361dd,other,0.5468569536339899,2,23
beeware/toga,10c22a3a5453ca24060caaceee5f93ec095959ae,formatter,3.929013708266788,464,13038
beeware/toga,63ddaa623c66d7386ab29a377cacb791fe334106,lint,3.9446755139807843,70,327
bentoml/OpenLLM,1488fbb167a0ae5b0770f33f50a7ee7f7b2223c9,formatter,2.7685463406596194,106,3311
bentoml/OpenLLM,46c890480640294c3f34706d595559c7ea97dac5,formatter,2.7607208723096814,150,1278
bentoml/OpenLLM,69aae34cf4e6995edf2e2dc1a669fc4bdecf959a,formatter,2.506545649859305,6,428
bentoml/OpenLLM,727361ced761c82351ff539fcafa7af62fb5e2f0,formatter,2.2050580525768755,16,281
bentoml/OpenLLM,787ce1b3b63ecbacde371550f46fa7429f3e4db2,style,2.765954381828783,124,5546
bentoml/OpenLLM,7d893e6cd217ddfe845210503c8f2cf1667d16b6,move/rename,2.7408299427079372,70,1525
bentoml/OpenLLM,806a663e4aa2b174969241f6e310e05762e233f0,style,2.757872810353132,111,688
bentoml/OpenLLM,8c2867d26dfff8a4cf33bc59d5a8dee159f3256a,style,2.82902369001445,128,18682
bentoml/OpenLLM,ac377fe490bd886cf76c3855e6a2a50fc0e03b51,formatter,2.551835976119857,102,8135
bentoml/OpenLLM,b545ad2ad1e3acbb69f6578d8a5ee03613867505,style,2.746207221081451,98,5630
bentoml/OpenLLM,c8c9663d06e49da327ed53a22bea79f78d808aa9,formatter,2.45547227926078,90,3721
bentoml/OpenLLM,d04309188b8fccec6a3ff36a893099806f560551,style,2.501032936598474,2,137
bentoml/OpenLLM,eddbc063743b198d72c21bd7dced59dbd949b9f1,style,2.7682062007250234,67,1964
bilawalsidhu/gods-eye-view,2aca7aecbb38c8554d40ddbc415fec37b3a65ec4,formatter,0.03674620376707988,94,12016
bilawalsidhu/gods-eye-view,b7c2c47b4154c3904337fd86d71caca5d1c602bb,formatter,0.03674553831723579,3,825
binwiederhier/ntfy,2e27f58963feb9e4d1c573d4745d07770777fa7d,formatter,3.351299877050219,0,0
binwiederhier/ntfy,6f6a2d1f693070bf72e89d86748080e4825c9164,formatter,3.35177649757903,49,29595
binwiederhier/ntfy,8319f1cf26113167fb29fe12edaff5db74caf35f,formatter,3.3499919512256953,32,817
binwiederhier/ntfy,c87549e71a10bc789eac8036078228f06e515a8e,other,3.3512000278855174,20,231
binwiederhier/ntfy,ca5d736a7169eb6b4b0d849e061d5bf9565dcc53,other,3.351288817907572,33,2554
binwiederhier/ntfy,f558b4dbe9bb5b9e0e87fada1215de2558353173,other,3.3499919512256953,50,12704
biomejs/biome,409979ff132efdcb1e9fec3526d641966fd3f2bf,whitespace,4.708592510203564,282,114418
biomejs/biome,9b2d5db56ebe3abc1306707e355b3a832295a494,formatter,1.580314726088169,1076,12480
bitsandbytes-foundation/bitsandbytes,4743ff0d43e04e4cc3e5d8b9e7cd016c0defa36d,other,2.395931883286435,1,491
bitsandbytes-foundation/bitsandbytes,4955d136ae083c2be1236d8915913166e1790aad,formatter,1.2240187466727508,11,7273
bitsandbytes-foundation/bitsandbytes,5a4263f4dc05fe8f78f4111beab9f68a81deeab1,formatter,2.4754693639567016,39,4425
bitsandbytes-foundation/bitsandbytes,7727fa4c8c6c1ef2b109120aff4196a0a6bf3ed6,formatter,3.8529094100945573,4,28
bitsandbytes-foundation/bitsandbytes,bfa0e33294f2b1dc25e65a33be2397f989824298,formatter,4.091225726924734,25,5864
bitsandbytes-foundation/bitsandbytes,ea7c14f8ef64924f2d0ff80df3cdabf2c7299848,formatter,4.09053939463077,17,868
bitwarden/clients,02fe7159034b04d763a61fcf0200869e3209fa33,move/rename,4.330857764849038,1236,615203
bitwarden/clients,193434461dbd9c48fe5dcbad95693470aec422ac,formatter,4.790511097168353,589,88080
bitwarden/clients,28bc4113b9bbae4dba2b5af14d460764fce79acf,move/rename,4.4068997642406265,661,287504
bitwarden/clients,28de9439beb87133c8683434df952a0c0be94100,formatter,2.8374367505767233,1145,11510
bitwarden/clients,521feae535d83166e620c3c28dfc3e7b0314a00e,formatter,4.779310752401957,141,22527
bitwarden/clients,56477eb39cfd8a73c9920577d24d75fed36e2cf5,formatter,4.787505482039192,414,60397
bitwarden/clients,7fe51f83daa38df15a105f4a917abd01d94eddd1,other,4.4121124229979465,759,311804
bitwarden/clients,8fe821b9a3f9728bcb02d607ca75add468d380c1,formatter,4.77657993637032,174,32025
bitwarden/clients,910b4a24e649f21acbf4da5b2d422b121d514bd5,formatter,4.7790508150176185,59,8689
bitwarden/clients,980429f4bdcb178d8d92d8202cbdacfaa45c917e,move/rename,4.35287154282962,205,42766
bitwarden/clients,d7492e3cf320410e74ebd0e0675ab994e64bd01a,move/rename,4.327608373260324,1756,376538
bitwarden/server,23b0a1f9df25058ab29785ecad9a233113c10889,formatter,4.789852491951225,531,5940
bitwarden/server,34fb4cca2aa78deb84d4cbc359992a7c6bba7ea5,migration,4.088471937029432,1206,137512
bitwarden/server,7f5f010e1eea400300c47f776604ecf46c4b4f2d,formatter,4.088331907369382,1205,137509
bitwarden/server,bae03feffecbef488cb52f5f5bc133dfdbbaa316,other,4.088356845894491,1208,137533
blender/blender,0105f146bb40bd609ccbda3d3f6aeb8e14ad3f9e,style,5.946214509341648,2,1204
blender/blender,0a3694cd6ebec710da7110e9f168a72d47c71ee0,whitespace,17.06841515197607,58,2744
blender/blender,1166110a9d66af9c5a47cee2be591f50fdc445e8,formatter,5.82307795903364,7,31
blender/blender,1b1129f82a9cf316b54fbc025f8cfcc1a74b8589,style,6.14913111263214,79,393
blender/blender,2abfcebb0eb7989e3d1e7d03f37ecf5c088210af,style,5.973591464496667,342,4934
blender/blender,3076d95ba441cd32706a27d18922a30f8fd28b8a,whitespace,7.458246096027581,121,17372
blender/blender,3a7fd309fce89213b0224b3c6807adb2d1fe7ca8,lint,5.948479859051385,133,316
blender/blender,3d26cd01b9ba6381eb165e11536345ae652dfb41,lint,5.948299680584075,10,24
blender/blender,40d4a4cb1a6b4c3c2a486e8f2868f547530e0811,formatter,5.89667807437828,5,70
blender/blender,41d2d6da0c96d351b47acb64d3e0decdba16cb16,lint,5.996531580348315,104,1192
blender/blender,4b188bb08cf5aaae3c68ab57bbcfa037eef1ac10,style,5.927083998783178,91,375
blender/blender,4eac03d821fa17546f562485f7d073813a5e5943,formatter,5.872892805536543,4,21
blender/blender,6859bb6e67031765e79e525ae62bf2ebf4df2330,formatter,3.417745075671154,1314,15285
blender/blender,8198dbb888856b8c11757586df02aca15f132f90,style,6.149145182143129,5,25
blender/blender,84ef3b80de4915a24a9fd2fd214d0fa44e59b854,lint,5.948368728927422,29,66
blender/blender,8c1726918374e1d2d2123e17bae8db5aadde3433,style,6.0507670735417145,17,160
blender/blender,8c846cccd6bdfd3e90a695fabbf05f53e5466a57,formatter,5.892174088016833,169,11118
blender/blender,91694b9b58ab953f3b313be9389cc1303e472fc2,style,6.149183302912769,1403,7028
blender/blender,afacd184982e58a9c830a3d5366e25983939a7ba,other,15.813696700636298,120,4538
blender/blender,b5d310b569e07a937798a2d38539cfd290149f1c,formatter,5.890130364793267,149,9692
blender/blender,bab9de2a52929fe2b45ecddb1eb09da3378e303b,lint,5.996531580348315,54,191
blender/blender,c0a6bc19794c69843c38451c762e91bc10136e0f,lint,5.94836004639136,23,52
blender/blender,c207f7c22e1439e0b285fba5d2c072bdae23f981,style,6.045128273379471,6,300
blender/blender,c4d8f6a4a8ddc29ed27311ed7578b3c8c31399d2,formatter,5.887450186325957,8,93
blender/blender,cb4b5e12abf1fc6cf9ffc0944e0a1bc406286c63,style,7.8928818097700715,176,488
blender/blender,d1eefc421544e2ea632fb35cb6bcaade4c39ce6b,lint,5.948421711410247,67,180
blender/blender,e12c08e8d170b7ca40f204a5b0423c23a9fbc2c1,formatter,7.458273664663979,4481,2611881
borgbackup/borg,7957af562d5ce8266b177039783be4dc8bdd7898,other,4.233236050903744,78,18951
boto/boto3,50d25e9b90a74763d4f2fa411fa6a5092fcaa98c,formatter,2.304903002763201,22,184
bpftrace/bpftrace,453198bdabdaffdc1cb600038af60644e1326656,formatter,2.66618592668644,160,10406
brndnmtthws/conky,033508a93e6b0440ddbd2376c1e97b69e3308687,formatter,3.9661398838948463,7,27776
brndnmtthws/conky,27b4c8550cfae4fd0f2169962e33f4907a8e7d71,other,19.139958900550106,28,1292
brndnmtthws/conky,281097a2a562ef58e5604a3519f739c715ba5410,move/rename,4.054542804269019,9,1692
brndnmtthws/conky,28f2dcdf10c087efc17a97d0e89ab0514227418e,refactoring,0.42508166020229676,84,1244
brndnmtthws/conky,342f07b8ca101e0c4ef5c75346033c4df241d16d,move/rename,1.7331741957563314,326,79246
brndnmtthws/conky,3a3092902ee8a5fda71996d264f981b98375c6a3,other,7.778394523030903,10,303
brndnmtthws/conky,3d26a4880e92df2c6004d85c1be458e35c6bfc3a,formatter,18.60874546860344,51,18278
brndnmtthws/conky,47ad3f9982baea4069a5c37ffdb2e1523e504f18,refactoring,3.999363291251553,250,168928
brndnmtthws/conky,4b92556fca9cbede3cbac4112f0a24b554390099,lint,8.38527644687809,98,6663
brndnmtthws/conky,9af6fa7903c5cb6f05614deac23373d4d0cf5959,other,7.771821082718584,0,0
brndnmtthws/conky,ae8f1fa8472d6c3a31b4a09be4d19568a3f3f23e,other,1.7331741957563314,130,1182
brndnmtthws/conky,b62e1158300f0644b304f2f8b7e8105ba09073b3,other,5.682955738078942,30,82
brndnmtthws/conky,c6ad28074af3ec1bb4b3cc052df58062ce2a7c9b,other,7.7726601832839,200,148048
brndnmtthws/conky,cbebe447078e28c50957d568303f42d6b8aae126,move/rename,2.863506667173676,3,1207
brndnmtthws/conky,eebc8c653b34eb946d23ceb913ed5d69cc22f10e,formatter,8.386119698582908,180,61102
brndnmtthws/conky,f6d42c5a69fed134a8b4ed0602c892f6f7b6e242,other,2.863506667173676,2,1195
brndnmtthws/conky,ff199355f66216600c4bdc6bec4743afe5b61470,other,17.072625738332444,5,537
cakephp/cakephp,6a0a69422e86bbea3d0ea9b591949727410e6fcb,style,1.8319666261059142,277,3214
cakephp/cakephp,be845a3a01e3271fc075e49dcb81d73b0ec169c5,formatter,11.748235670646691,719,359529
cakephp/cakephp,c61ab5ee95cbf30a1720457c961337b200ab0c73,other,9.30536922959921,932,3704
cakephp/cakephp,df42951a67281549f5ccdf9a65cfe4c2c8c69a6e,style,1.8542815676730804,221,1387
changesets/changesets,303cacdde85c94f2ef4d1408b401165ff25d263d,formatter,0.5523874122239968,88,2636
chocolatey/choco,00025cbc6df2640cb967d3539fdec1b259f77d45,whitespace,8.5750012992116,1,108
chocolatey/choco,016c6914335198e78305db0691ae9b800d14e13c,formatter,11.60913995360864,1,7
chocolatey/choco,0513e70ef2104f8f345e514f86b3202884a849ae,formatter,10.145669062286105,1,2
chocolatey/choco,0666e26fcfe1b95b7685cdcd0ff4bd9e9e51cda3,formatter,10.03487042740893,2,58
chocolatey/choco,09765f6626458f5fb491f43bc24f0755531d9c88,formatter,11.299920494587674,1,12
chocolatey/choco,0a86d5e5e78747f0ae00b5eb04916c19a0e7ba86,license/header,8.586174899231882,276,588
chocolatey/choco,0c4025b48aa62be48fd221918b785ac4ed73e07f,formatter,4.546242584987452,2,30
chocolatey/choco,0d419905ce06cee00ade0f0ebf4ce1eb33b38240,whitespace,5.447072496007301,9,186
chocolatey/choco,0d840334bb4cad0432089e11096769b6353e5c8e,formatter,6.459289394630771,2,4
chocolatey/choco,0efabf0b8309e9301e742441c20a12bbe3e5074c,whitespace,4.545170576976703,1,43
chocolatey/choco,0fe09728612a1ef29317aecf9d9cfa041817d3d8,formatter,7.329132728724618,1,2
chocolatey/choco,1007d8c760d75a63df23521bae612c9f6183c822,formatter,4.551041207189393,1,22
chocolatey/choco,12230d4acafe72da79f3e0761e292440a5783bb6,formatter,10.00489577787918,11,388
chocolatey/choco,13451a7a841f353365953454f91503b0af79392d,formatter,11.699620820341217,1,249
chocolatey/choco,1675a19d8b1c8ad6e3efb11a4202ff4dffe8557c,formatter,7.485789413643623,2,5
chocolatey/choco,179f0f32b4a5f646e5ada6401935627e91be6a98,formatter,5.3723453304433795,1,14
chocolatey/choco,186f9c739ff4654363ce675cfcd71ac7722a24a4,formatter,10.037359811899512,1,1
chocolatey/choco,18b33736da35bde7419e8a2b2a631aafd0a3ba36,formatter,12.02261768955814,39,340
chocolatey/choco,1a20a2e2e90d07e058887c397ec9a88e3c87279e,whitespace,4.258616403021776,6,60
chocolatey/choco,1a9aa99f2c34c2ef4c9eed4a37ad213f75a92965,formatter,9.573842560904504,1,15
chocolatey/choco,1bcd6dc600542f42237779f2213d484a39d66f93,formatter,9.303502516034172,2,2
chocolatey/choco,1dffc0a958a5d85fb0b1ec2506052a88190c01a7,formatter,11.398243402540118,1,4
chocolatey/choco,22284f0f31358eee8100b91a19a4ec6d101f17bf,whitespace,8.594240816792151,3,60
chocolatey/choco,231ac31dfab285e740b50ab583feaf376d3ccd9c,formatter,11.592626213653764,2,74
chocolatey/choco,2456459bfd2094f4b32cb9267ad7eb7d2cb3eec0,whitespace,4.254721049762973,232,2297
chocolatey/choco,252f7c5152cd6c8c254a67d036cd6ea350ba747a,formatter,10.62062378000862,2,4
chocolatey/choco,260c872954782cc987ee9cbfa3f55ce7e809e500,formatter,9.325362733541207,4,8
chocolatey/choco,26447f974f5853866d73e46f71af378a7834bdac,formatter,11.740163890790175,2,44
chocolatey/choco,2854c5ae8e6aa3fbe6f5b5fe51a59190c886cc72,formatter,10.269244524298426,1,7
chocolatey/choco,2a99e3873b1535060a2de8418c52854976552002,whitespace,5.391694457119679,1,74
chocolatey/choco,2b68dae5efb93699dbbc65e6761fd1d5f7a362a2,formatter,11.60907717950668,1,2
chocolatey/choco,2bf2bcd88d9c9b33f2dd092884863365b3fcc55a,formatter,4.546310112302583,1,62
chocolatey/choco,309f33ecc8d454d12d3398cdccba77a3658ba106,formatter,11.609211061677694,1,11
chocolatey/choco,31db2695841501784d0a05530d16ec6a7397dc4a,formatter,10.330604165082262,3,11
chocolatey/choco,32461370879f26c1595083aeed8b49c73f6aaeb5,whitespace,5.446989948538546,3,26
chocolatey/choco,32dc4420f35a55375da9d253e2ee591b4d72a674,formatter,11.650129826095775,4,65
chocolatey/choco,346c050025dc4c51800cc8cd4985d81710c40ebb,formatter,11.4530348949223,1,6
chocolatey/choco,35c98096055d3c034848ffa54fbbc0d284d0e037,formatter,11.609243320151089,1,8
chocolatey/choco,3837ffdc36812fdbb030e938032517c3a5cd8ffc,formatter,7.312800688265267,1,2
chocolatey/choco,38edf1efd9d73e7a5f0502e898e917dd8ecaf242,formatter,4.505293241564631,1,14
chocolatey/choco,3a0ee21a669656f56d661bec487085c422990f70,formatter,9.30344196009836,2,5
chocolatey/choco,3ac4e4e924de7302a6851096ffba091b2b1175f6,license/header,5.3751317907572185,338,678
chocolatey/choco,3da47609824464780f0707868a28c521dc9efdba,formatter,9.325362670165031,1,7
chocolatey/choco,3ff7adb0ecb1b85da9340693f11d9699ae2d50c3,formatter,11.609426223793951,1,21
chocolatey/choco,40095903aebcbe5304c9bc82196cd68f437c547c,formatter,10.653593365781935,2,9
chocolatey/choco,43b139c332bc664700963a0fd6d28e0349c10b47,formatter,10.025810454533932,1,2
chocolatey/choco,44558390a70614440bc9c113e5c7da4576cfeaa4,whitespace,7.334438645524375,1,46
chocolatey/choco,4643bab03d187a381e3a7c2f6d206dda215afae6,formatter,10.757321501001343,1,34
chocolatey/choco,48e668dc1e8ddc75d6135fb6721b00f7326af9bc,formatter,9.344137450249702,1,1
chocolatey/choco,4b6656b10102acee4b7c958adc066571d9f04dd4,whitespace,4.25472371156235,78,156
chocolatey/choco,4f3454295d332f4b41ad84224d0e5b5dc6e20eb8,formatter,11.021898908662255,1,20
chocolatey/choco,4f39b7439e045ed2b65fe72741b753afb3b4d33d,formatter,11.625470441351688,1,22
chocolatey/choco,50a21c48e50c444a436b1be4dd5688c19fab9eac,whitespace,5.1023055302050855,1,4
chocolatey/choco,53694495ec6f0ff266c4a22b7329be1d770adc03,whitespace,4.7570519938144855,1,10
chocolatey/choco,5601e2db63aefa02411b7c40aadd789942e81e7a,formatter,11.31000275686364,1,92
chocolatey/choco,5765e5e80d1dcd31d55c671e145037d919509015,formatter,11.600273214693132,1,18
chocolatey/choco,57f966ff5b51cf43a56e9aa56f844384326ae0a1,whitespace,7.537942017136918,1,6
chocolatey/choco,580a66467783c436fcdd3cdb74a4ee8e94b73fb1,formatter,11.597542525413846,1,1
chocolatey/choco,581db0177e43d6e2b9dd1852a6cef9f25df878dc,formatter,9.366380745050321,3,25
chocolatey/choco,5dcd104ccb9d38fe5e4977ab0c1382cc8703fc77,formatter,8.594756413668973,1,16
chocolatey/choco,5e29a252b52ef4c5c5324844d7796845b00db2d8,formatter,12.097918029254442,3,7
chocolatey/choco,5e7bdb4143e89605ce887543b4ba74f6af488e3c,formatter,12.44361402641519,19,141
chocolatey/choco,5f6439a974db86a729ea449d6d72b295a4ced72d,formatter,11.021946504170153,1,44
chocolatey/choco,67fbbcf5b4f2828e7c3910730e042b90181e0415,formatter,11.677911533196442,1,4
chocolatey/choco,68de28f738dbc2a6537a9c304a199ca5809bc18a,formatter,8.884605673435242,2,18
chocolatey/choco,69f3466674907be27b2929173ac09bee0b8a10ca,formatter,11.170228724617841,1,17
chocolatey/choco,6b4d50bf294f0cdb05ece1664a1e33d3095f9d5e,whitespace,6.919213089715314,1,20
chocolatey/choco,6cc246eb3d71d8f01e4a6f5e608fc836348ad19e,whitespace,7.5442278880523235,1,4
chocolatey/choco,70a6120723a0ffe8505ee238fbf1024f5bca3505,formatter,9.571729504144802,2,189
chocolatey/choco,727879cab1a647af92b701146c26f263b11a78ae,formatter,10.481413257028418,1,3
chocolatey/choco,728deda7ba4a4a46be371aa8da352a1bc597bb90,formatter,9.56597342636956,1,3
chocolatey/choco,742dacca1f32dea0723b16660faeef6dbdcf39a4,whitespace,4.545954888838188,2,38
chocolatey/choco,74af77d178d0750c55262fd09d2ba1fcb5842b84,formatter,10.048582750272518,1,1
chocolatey/choco,75e8063ee322db789dae05ee65af97a22c86c21d,formatter,9.031631651329633,2,4
chocolatey/choco,763ac498364ecd6b9ac6240d70c57ccccca62849,formatter,11.310744828504069,1,2
chocolatey/choco,7709753f8804df22d615398f4cc3d975734af34f,formatter,10.325209965269856,1,10
chocolatey/choco,77be5d8192dc57c9523daf59f70da85cfdda876c,formatter,10.017900347301442,1,64
chocolatey/choco,785f1e970ca2d43de6d5e5181dddc8c9c233fdc6,formatter,12.091127176971632,1,18
chocolatey/choco,7ae1939f734615357247c6a518c52a76a9869077,formatter,11.309998035338555,1,90
chocolatey/choco,7c9e4405477449890cc12ad757df503ffc006e61,whitespace,7.962070436281593,5,78
chocolatey/choco,855b4abc3e348f669091704c3951d7f5c7970956,formatter,11.597744822166451,4,15
chocolatey/choco,865d7477f24e5dc81add0c1d3a587bd1374c4a76,formatter,7.583914112606789,3,6
chocolatey/choco,87c8c5b1676131b3bf2823142921cb1c828e83b0,formatter,11.608257155170229,1,6
chocolatey/choco,8906ea82aa689e0557e03bb6348f3aa4688d37a7,formatter,11.301757262909726,1,1
chocolatey/choco,8bd20a0f6aeb577b48af6c4638de5896021532bb,formatter,9.22436883666692,1,1
chocolatey/choco,8dc774eb615a760581b49913402bc3956d354205,license/header,9.49672142368241,262,1177
chocolatey/choco,8face0175ac571d47ee405254dc0962d0ef1783c,whitespace,4.254723965067052,3,2228
chocolatey/choco,9315a9ec54f0f24770f3184d8cbc1b4493607470,formatter,4.2547684868304305,6,55
chocolatey/choco,939afa30b87728762f5409a6073f9b68bf50d5f0,formatter,9.314572559383477,1,2
chocolatey/choco,968a84a9ebbe08c9b728799bed337ed561ddb4bf,whitespace,7.534532569016656,1,4
chocolatey/choco,97458f8877f07c6cea87d2702b98ccb9f36cb712,formatter,12.091144668796106,4,14
chocolatey/choco,9945cd0bafd3983bc10903d0ec9b01d48210afdd,formatter,11.603861415316754,1,12
chocolatey/choco,998bc44116cb3054ac5717fcd4547bcb03db55d6,formatter,11.433824150125485,1,2
chocolatey/choco,99fd2c2c9d714972bda8cfcf0748d4b27d3584e2,formatter,4.3516026250411945,1,11
chocolatey/choco,9c1bfe1d30e958e4113289bafbd8b1954ad8c3f8,formatter,11.36562796283621,1,2
chocolatey/choco,9d4dd65a1fcfacf07fe4ccd9c63f69b4a3506f7c,whitespace,5.389360819580703,1,8
chocolatey/choco,a2a6eb98e7add1c9646e9f86a4614ee22a78f950,formatter,11.745197258346643,1,8
chocolatey/choco,a2d026d4ef173d68132c2e51c8abbea408eb9f3e,formatter,12.010897089766015,1,4
chocolatey/choco,a374d52a9f5cd3d48687ea25e0b7c059dfeb7d3f,other,4.25472371156235,21,42
chocolatey/choco,a7b1d03f37ede4e771e8ca45fd73717303a1a76b,whitespace,4.688051626232666,3,28
chocolatey/choco,a7d92f53263acf6205965b65bfafa4282563a8cf,formatter,10.461629243034958,1,2
chocolatey/choco,a808f2f2e07cbbbcac021de7e4c74d90c63d523c,formatter,11.742690286967322,1,1
chocolatey/choco,aab0406f70a46212bbb5d023e53a41c786a95ede,whitespace,6.906431097421857,2,28
chocolatey/choco,abdea1856bcb370d3b1ffe782922d793ba9ecb3e,formatter,11.609420012928739,1,16
chocolatey/choco,b09644e00c925d6c17ad01a578fb726d07ccb4a4,formatter,11.30999781352194,2,6
chocolatey/choco,b19c8c24b08d3b4a8d2b2b88d46edead71d0e31a,formatter,12.097929056709003,1,3
chocolatey/choco,b2f54e3e66b919284c168509fce4e6e56f799218,whitespace,7.387415773062591,1,8
chocolatey/choco,b74dbec14fbf5d11f6575542976ce85030c75558,formatter,11.013516997490303,1,1
chocolatey/choco,b7c619f10e42a8dd57b6f42c59b735d74e1890c3,formatter,11.362138977615535,1,7
chocolatey/choco,b8f37f3f0da4ec1b1d4675e0526fdfd7c6c4f645,license/header,1.635737445179608,384,1265
chocolatey/choco,ba3c10b544d919ab39e21c558fed64008f835c34,whitespace,7.322624787689811,1,12
chocolatey/choco,bca094debb96735e793468a6fcc0d59acf6734cd,formatter,7.534536149770578,2,2
chocolatey/choco,be903e4e5585f551aebde1e09f93b46612283b25,formatter,10.149953988896494,1,2
chocolatey/choco,c3ae26769cd7a023cea0e3c0561752bedd05e5da,formatter,10.305214876923467,2,55
chocolatey/choco,c51f9d301fb52cf6fd93a51cac1a55a84d36c1d7,formatter,9.505254423657059,1,4
chocolatey/choco,c819d7bf07b8e576a22b92ecb448b1497b8ab094,formatter,10.46181388952265,2,3
chocolatey/choco,c8bec4424243adf6d4201fb8f6e940e468d00b0b,formatter,11.428583954419855,1,12
chocolatey/choco,c8c28093ac68cff6aa59728ac1d1065996b96a13,formatter,7.515041226202246,2,24
chocolatey/choco,c8d9630c8698f9738b423198d9119d1aac8b2aed,formatter,11.310468349937892,1,6
chocolatey/choco,cd98ee0053aae1c29485bd5f269fcdff7aaa370c,formatter,11.584663662635942,1,7
chocolatey/choco,cee189ccdd0e0a4169044a1d847d0fb8226d4c67,formatter,11.646593150302937,1,16
chocolatey/choco,cf2862201e62edbfbfdf06c454b18ddd1e81e045,whitespace,4.494465580399017,1,14
chocolatey/choco,d12c94c799cd7c1904c14546f81e001fae44161f,formatter,9.514712018657946,1,1
chocolatey/choco,d25ef6dcd5f18852160912f47b460af56611eb62,formatter,9.319257326285902,1,1
chocolatey/choco,d32982a22703e13b2e4708373b755c02211852d7,formatter,7.537229161913453,2,3
chocolatey/choco,d51e259d38312c28ea6e5954ebf7ca4311820699,formatter,10.321460725783963,1,35
chocolatey/choco,d7b2544b7fb627b9b4d2bead9c117e97ca85facd,whitespace,8.587226088168936,5,80
chocolatey/choco,d7b2d08232977971e55aa4ed851345880dc07517,formatter,4.496435502066063,3,21
chocolatey/choco,d91bf41319d4ca2ee48263eb46eca37ea09f210f,whitespace,7.406587002813902,1,10
chocolatey/choco,da4cb2a646c35c0c976085f6d8362c43af696fd8,formatter,11.301968400638831,1,72
chocolatey/choco,dc49f717c6c2f2ade3df292850c648028cd69f61,whitespace,8.594866276269425,1,10
chocolatey/choco,ddf8d2f3692a9f1de472965aa1f5f619acb23c50,formatter,11.642922750779526,1,10
chocolatey/choco,de61b1d1a19a7edd8e9b38921b3b29e54d55ac15,whitespace,4.756872829365984,2,20
chocolatey/choco,e0c753fc4da00c5863ff5d6b25b332d29f83f11f,formatter,7.333652844322762,1,4
chocolatey/choco,e199c22c2b304215835b27778dbbcc63a14b529a,formatter,11.60941579841306,1,8
chocolatey/choco,e2fa59116b8e42ef44f611b9b14362d51db6c5ba,formatter,10.259515647577762,1,3
chocolatey/choco,e387053ab1502088e92ad4a72f65f6da88f4cae4,formatter,12.022156691256622,3,25
chocolatey/choco,e3d3a9fc2c3bf3d54273bd51991fd44eca9bae24,formatter,12.017016281339519,1,66
chocolatey/choco,e4f145e4bcc16d2d0e3360a4e4b253175483fe7b,formatter,11.609079872994144,1,9
chocolatey/choco,e5726d7340a07e0c9127f3518ad95f7d506a5392,formatter,10.401698323066393,1,53
chocolatey/choco,e5ea5a6ca3f58062a2ba9e04a2b616ee036b6cc1,formatter,11.58626463989657,1,32
chocolatey/choco,e63773b5ab1aea63f8b514e30df9921847cbf55c,formatter,9.726555504854614,2,10
chocolatey/choco,e6ad7e7f90fa28417602ec22349add8750aa50ac,formatter,11.606113107460644,1,12
chocolatey/choco,e9515c247972ecf22ece68e080ae96ef0e8ebd6c,formatter,12.33377436813953,1,145
chocolatey/choco,eb30cef11038767da4ac456c2372d66d09080c81,whitespace,5.447051613557432,3,146
chocolatey/choco,ebc811ae6e10693e07b8bab406bcf7f76711209a,formatter,12.022615756584784,1,4
chocolatey/choco,ed46ca7fae1b8afd720bd6dc612cfdefb2a04edf,formatter,4.54582005602454,2,5
chocolatey/choco,f10c55d3fc860b66f7892930b493eda2953e0419,formatter,11.609420836819023,1,18
chocolatey/choco,f1df436680acac307d489a8402390891d8c32573,formatter,11.639969516059523,1,84
chocolatey/choco,f4ae1c9845cddbc83d75f09706b9c0b5e00d32f6,formatter,10.065203310771414,1,28
chocolatey/choco,f5798180e7fd26fb9c3da343d2bdba6ed2798af0,formatter,8.126085126879104,2,8
chocolatey/choco,f6393c625416250e87294bb4f20b94495a1ed923,formatter,12.449614831292621,3,19
chocolatey/choco,f701feabf7f1deccaba335f486f3ca3a4056cccf,formatter,4.123179012345679,2,32
chocolatey/choco,f8b0c6abe5cae1ba8025e0556d8d7dc9d105e4cb,whitespace,7.962052754328592,6,62
chocolatey/choco,f9e586d12fcca2f2e42e43abd329fb4eb97626bc,formatter,8.479000747838873,1,1
chocolatey/choco,fd63e4a8807bb352bd8b7c31f5aa43ed35278171,formatter,7.544892102060993,1,8
chocolatey/choco,fd81fcd6c48688c67e8f8e3a9cd2dd08126870b3,whitespace,7.544107536694805,1,8
chocolatey/choco,fea75e87f0ef7d64eb823f4a091f958594c4fe4e,formatter,12.016357929627095,1,14
chocolatey/choco,ff97904b5c398349b738e16e643fc996c33c73f2,formatter,10.053377664968185,1,1
clash-verge-rev/clash-verge-rev,09969d95ded3099f6a2a399b1db0006e6a9778a5,formatter,1.3168950110274547,89,4636
clash-verge-rev/clash-verge-rev,2ca8e6716daf5975601c0780a8b2e4d8f328b05c,formatter,0.8172023854792506,66,2132
clash-verge-rev/clash-verge-rev,324628dd3d6fd1c4ddc455c422e7a1cb9149b322,refactoring,1.0320556379445838,17,275
clash-verge-rev/clash-verge-rev,627119bb22a530efed45ca6479f1643b201c4dc4,refactoring,1.0320036694805688,119,1793
clash-verge-rev/clash-verge-rev,a981be80efa39b7865ce52a7e271c771e21b79af,refactoring,0.7318144282201435,22,92
clash-verge-rev/clash-verge-rev,bae65a523a727751a13266452d245362a1d1e779,style,0.8086063262098512,52,1280
clash-verge-rev/clash-verge-rev,c672a6fef36cae7e77364642a57e544def7284d9,lint,0.5455682941668568,264,37715
clash-verge-rev/clash-verge-rev,e414b4987905dabf78d7f0204bf13624382b8acf,style,1.0319534121732958,41,576
cloud-custodian/cloud-custodian,0861541554b9afef3702ab2161fb3530e690513b,formatter,3.296943683930337,41,2615
cloudflare/workerd,0523bf8b36a937348f1bb79eceda2463a5c220b5,formatter,2.1118265647577763,189,48853
cloudflare/workerd,21dc6eb66a2344b8e756b897ade27cc107b58153,lint,0.904567204096636,48,472
cloudflare/workerd,5e8537a77e760c160ace3dfe23ee8c76ee5aeeb3,formatter,2.111444406418739,362,45267
cloudflare/workerd,893774eab71fd7be5000436ff2ff0b5dd85ef073,lint,2.1073717266205287,13,200
cloudflare/workerd,b9e9fb144f44494017e77fbe959355e92f10ae69,other,2.0323517314371182,69,238
cloudflare/workerd,d8987b2c4206c8b28b637c24219a580431873d12,lint,0.8598195997160747,31,123
cloudflare/workerd,f457f19039b82536b35659c1f9cb898a198e6cd1,formatter,2.108983763023804,28,906
cloudflare/workerd,fa2c488219a5e96792e61f3d51838595e2907c8d,formatter,2.031533006312267,17,259
cloudflare/workerd,faabf00af72bbce956221b40624f8a3d57f82b7c,formatter,2.0348802507161508,301,1623
cmderdev/cmder,126347025f9cade241beff182738b2527da7535e,style,1.7470003422313485,1,22
cmderdev/cmder,1cfba25beb46c74bb1debca2bcfe7ac470e96172,other,1.8213807767384085,1,358
cmderdev/cmder,3859f6ffc088b2ae78748abc84986f4adcadcd41,whitespace,3.7742118855679774,1,28
cmderdev/cmder,67de97a492c9389f95499db38f9474a1c20ec585,whitespace,10.22131030243111,1,4
cmderdev/cmder,a0d085f93eaa69c22449d0217e8daf9eaea2b180,whitespace,0.7617417040586103,2,914
cmderdev/cmder,abbab3f8b477e917d0a175d0de23cce121096631,other,3.829050815017619,10,79
cmderdev/cmder,be44bac95670b1cbbc91bd657882d985989846f9,whitespace,0.7609214262174563,3,1016
cmderdev/cmder,d6569192fc91167f555c3eff58402ff01f1197ea,whitespace,8.372721182852942,1,56
cmderdev/cmder,efb3338f5cf0eec21e8a75abc62ee14965cb4a7e,formatter,3.7736073402286614,3,24
cmderdev/cmder,f6bc623284914489e891bbac923feb774c862b99,whitespace,0.7675112809592618,4,1064
coder/code-server,9b0340a09276f93c054d705d1b9a5f24cc5dbc97,formatter,1.799245158060182,1,24
coder/coder,95a7c0c4f087744a22c2e88dd3c5d30024d5fb02,formatter,2.125047880700687,962,229640
coder/coder,988c9af0153561397686c119da9d1336d2433fdd,formatter,3.0670861535731486,664,34950
comet-ml/opik,118933eb7554bf8c7ebe632afda5af692d0e24a7,move/rename,0.5340325943671255,2154,264163
compiler-explorer/compiler-explorer,f2c1e0bd315fbce55582c440f2d3c8c922a5083a,formatter,4.393150746571349,244,7710
conda/conda,7679aed18153056f140e56da98011e27ebf4feb1,formatter,3.501048241944888,239,34445
conda/conda,fc92ea3353cce71df24fac31ce333ec9f8cf7ba7,lint,3.9830043792937357,191,3281
crablang/crab,283abbf0e7d20176f76006825b5c52e9a4234e4c,other,1.8676911108576064,53,4184
crablang/crab,95e00bfed801e264e9c4ac817004153ca0f19eb6,formatter,4.729331698228002,52,3094
crablang/crab,971c549ca334b7b7406e61e958efcca9c4152822,formatter,2.718482013841357,15,192
crablang/crab,a06baa56b95674fc626b3c3fd680d6a65357fe60,formatter,4.659097079625827,1160,141024
crablang/crab,b39a1d6f1a30ba29f25d7141038b9a5bf0126e36,formatter,6.22299243288463,4,1989
crablang/crab,c34fbfaad38cf5829ef5cfe780dc9d58480adeaa,formatter,4.721620497122721,144,4812
crablang/crab,cc907f80b95c6ec530c5ee1b05b044a468f07eca,formatter,1.1050118513448424,162,2357
crablang/crab,cf2dff2b1e3fa55fa5415d524200070d0d7aacfe,move/rename,1.6051588523842117,55184,1699526
crablang/crab,f97fddab91fbf290ea5b691fe355d6f915220b6e,other,1.2366565898547417,35,8009
curl/curl,ad9bc5976d6661cd5b03ebc379313bf657701c14,license/header,4.300169467893629,1570,5984
cvxpy/cvxpy,8f839a4be777a569dd49d94d92cb975fdc0b9198,formatter,0.5490308832103835,91,442
cvxpy/cvxpy,99b21e3ea481d5a47c125bfde23c032462ce82d7,migration,0.5003683423327503,151,1398
cvxpy/cvxpy,bebc9e0b17decfcdeebb37e6d72a6333bf42f7bb,other,0.5003078180850254,116,613
dahlbyk/posh-git,4256c20d7fa3514651df10f4dbc38bcd8fa012e3,whitespace,7.569928226481101,33,7515
dask/dask,510bbc380531cbf56a409f1ae68e6fd84a9599e6,other,4.634419252414633,32,233
dask/dask,64e2a9b3b9992503221a074a547827501927d1fa,formatter,6.086058920830482,70,780
dask/dask,7e4beffb339c69278091d4e305c2ae18ddf8c74f,formatter,7.263697017517175,189,45418
dask/dask,80a82008d5b02a08f6ff59d802defcc43247eb1a,lint,4.965533278829822,104,1522
dask/dask,a31c0fc72e1cc59b8b0254965824abb0718c5f56,formatter,5.498518360078079,191,2302
dask/dask,cccb9d8d8e33a891396b1275c2448c352ef40c27,lint,4.540960022308414,109,1567
dask/dask,d6bbbb08c92652eae2820e93edc2f3fe502391d3,other,5.3593772973863665,38,224
dask/dask,d92f4015a1da3da10c04c682ed2acae8469e9576,lint,7.147937422364185,29,169
dbcli/mycli,4c8b5bfb314ed8998b8652613f0669fe58537a62,move/rename,0.5172657616548787,11,305
dbcli/mycli,9dbad2c5be3786eacbb127362b9b37f41b4d4785,other,0.5172675361877963,0,0
dbcli/mycli,d891e5ae670c44b96ecd79fca36da91748d8c44a,refactoring,0.5172572375592567,0,0
dbcli/mycli,eb4526c66f141734b806d4782968135772f39557,other,0.5172829365984739,35,11598
dendronhq/dendron,45f83d58dab06c2fb8c1f262176544adf1a14d4b,style,3.9977125003168807,7,239
dendronhq/dendron,8ab97017ec377d11c0f448ab1e8aaa43c26d1159,formatter,3.997711137729105,73,2485
dendronhq/dendron,b4584c201542ff526626882dff4fa5a637a9298c,formatter,4.881667110299896,93,13852
dependabot/dependabot-core,0f69e2d8016435d393646a30c81e64c1ed0a942c,formatter,1.0293921590995514,30,104
dependabot/dependabot-core,3fc49229761517cf3dc6979018a9a2d84f733ece,formatter,3.062901424696428,489,23742
dependabot/dependabot-core,653539603c43f638abb4d1fbdabe7c4c9df4bd81,formatter,1.0296857175450604,384,17086
dependabot/dependabot-core,cdeed7e3a9e4fb5d2ac4c47e1c0409c64c2c76ef,formatter,1.0293429474991762,12,42
dependabot/dependabot-core,f8acdfb85fdc4749f9cd1f29eb428cafd11478cd,formatter,1.0295512016122899,98,1230
dependabot/dependabot-core,f94250eddf49c168fb1dcc2dfdd4a924ce648370,formatter,1.0217558686338633,6,40
detekt/detekt,a2734b18c133020520183292c9d2ff0593040a1c,other,4.427900062108652,238,52591
dicedb/dicedb,54c97479356ecf41b4b63733494a1be2ab919e17,other,1.7542809655994118,35,6384
dicedb/dicedb,c41dd77a3e93e02be3c4bc75d8c76b7b4169a4ce,formatter,1.7970548457423885,135,52076
discordjs/discord.js,b03c65c34c6e8bab7f97d507d6ccd7c441a14360,formatter,1.3287281035313205,293,8361
discourse/discourse,032205e2029cbf82dc8f05b459fb93adf2503c60,migration,6.553001368925393,1525,127894
discourse/discourse,03a7d532cf8f09b12573b21ef013c21100d52728,formatter,8.294553039521384,1162,90802
discourse/discourse,055310cea496519a996b9c3bf4dc7e716cfe62ba,formatter,3.7309964636094,110,6864
discourse/discourse,0cf6421716d0908da57ad7743a2decb08588b48a,formatter,3.725517086216949,2,288
discourse/discourse,14f29ac2106c19dbee5f39ae2abf09b7d7643e71,formatter,0.06269912794382336,560,9235
discourse/discourse,1ac02422011f89716ab27250d39b0e0212e03892,migration,6.522798786979998,83,4959
discourse/discourse,1c2358ba162eb9f9ba9095c9afe30cf51dd85e04,style,5.841501730169595,178,802
discourse/discourse,1d0d7ddbb5ce5dae9bdbdab3797628b6565fb4c4,migration,1.5546666096281085,301,25986
discourse/discourse,23f24bfb510edb25b18b6a0d5485270c88df9b24,move/rename,5.994708564656374,627,115175
discourse/discourse,436b3b392b9c917510d4ff0d73a5167cd3eb936c,formatter,3.7255174347859152,143,16368
discourse/discourse,445d6ba45fe954fb7de11ce7b1392232160e2b63,move/rename,6.000284622404745,277,38150
discourse/discourse,5012d46cbd3bcf79b7351f7d2d41003496a796c5,formatter,9.177706226075493,871,11538
discourse/discourse,52672b9eabccb1184d85dc7f08062d5a7c18cb73,formatter,6.0717996298831345,1473,19348
discourse/discourse,5a003715d366e1d871f9fcb0656dc9e23e9c2259,formatter,3.725172129693006,696,34046
discourse/discourse,64171730827c58df26a7ad75f0e58f17c2add118,formatter,3.725409156589855,507,29329
discourse/discourse,7a2e8d3ead63c7d99e1069fc7823e933f931ba85,other,6.43850980429437,2313,156531
discourse/discourse,7b2b08cf89bdab332d14b68cd17cdfb4aa8a7113,migration,1.4636669138337517,144,8476
discourse/discourse,7c77cc6a580d7cb49f8c19ceee8cfdd08862259d,formatter,3.7255172129693004,47,2732
discourse/discourse,88d4e242ead238b353f441533a0c4b8ce3fa1f7b,other,0.9269307868785966,352,35000
discourse/discourse,89f26da39d8c977c3dde7ef7e0a5c3f2a4b58e44,migration,0.53523309757396,204,22494
discourse/discourse,95c7cdab941a56686ac5831d2a5c5eca38d780c5,other,4.122789660810708,29,794
discourse/discourse,985900818ff985b04def6aa4c5d99c1aa6dbd45c,whitespace,6.321957943569854,1,1658
discourse/discourse,999ae73c7836ff20a9537e582d52b861355f1ec5,other,1.4967340989175348,82,3163
discourse/discourse,a017f566a84af2e74c132c4acc89028d5f779a29,migration,1.5353364958044973,86,17135
discourse/discourse,ad5082d969ab1f60b5c5b1e89a616117906289f8,formatter,8.317549274976551,79,5912
discourse/discourse,b0fda61a8e75c81e3458c8af9d2afe9d32183457,formatter,3.72542937358988,467,3310
discourse/discourse,b29e0b6e1b6001890ce92f96448258550f80132b,migration,1.5181518873425102,208,19416
discourse/discourse,b66b277dc44bcd2122dc21965dab209c30636214,lint,6.465642222475727,101,4932
discourse/discourse,bbe5d8d5cf1220165842985c0e2cd4c454d501cd,style,5.830091800390397,1070,6040
discourse/discourse,bf88410126f73aab47b7e694e3c5b46453cec1b6,formatter,6.071782328187187,27,546
discourse/discourse,c15056650647e8650288f973d9038500dc9cf7bb,migration,6.53150584962101,70,7888
discourse/discourse,c4644c61d97c823b7dd940ffaf0967a104f4b58c,lint,6.463928245493954,332,3563
discourse/discourse,c8e2e37fa77d3c3c69c7572866017e9bb92befa3,formatter,3.7581476094506554,847,22809
discourse/discourse,ca2dee52db594eeedc1642457abb29b8a18f5996,move/rename,13.355498485309402,48,1454
discourse/discourse,cb932d6ee1b3b3571e4d4d9118635e2dbf58f0ef,formatter,3.7254487983877103,907,104290
discourse/discourse,ce3fe2f4c4ddf166949ee3cec3d9ecbf9108ab52,refactoring,6.021659505158821,883,40247
discourse/discourse,dafd3c3b47f116c6c1dc56cb18df614c11747733,other,6.648947480163257,37,88
discourse/discourse,e41897a3066199f3b7f4c019fb638615dfe1f007,migration,1.4340636486931833,22,1667
django-oscar/django-oscar,c9af48338d37f4536c1bdcc6d3a6395bf6aacedc,lint,3.249773366795954,511,32391
django/django,097e3a70c1481ee7b042b2edd91b2be86fb7b5b6,formatter,3.661810784090045,238,316
django/django,1101467ce0756272a54f4c7bc65c4c335a94111b,other,12.069374794027429,112,1661
django/django,14459f80ee3a9e005989db37c26fd13bb6d2fab2,formatter,3.5849241387177733,193,10266
django/django,1ecf6889cabc9f3f60d3fdd651468cddd8f4da6e,other,1.1891796270945827,109,431
django/django,241b8e1aab7fc71018a059467b2ba17bce6556cc,formatter,0.4527416850457576,17,1671
django/django,305757aec19c9d5111e4d76095ae0acd66163e4b,formatter,2.6787313040281897,235,1411
django/django,4286a23df64f6ce3b9b6ed097f4d1aac7d9e0de4,other,1.0987517428448297,80,616
django/django,534ac4829764f317cf2fbc4a18354fcc998c1425,other,3.636229782999975,120,5396
django/django,69a93a88edb56ba47f624dac7a21aacc47ea474f,other,1.188023265394073,378,4642
django/django,6cff02078799b7c683a0d39630d49ab4fe532e7c,formatter,0.6982730625903111,47,512
django/django,7119f40c9881666b6f9b5cf7df09ee1d21cc8344,refactoring,4.643610825918321,404,8786
django/django,78298b51629e14c0e472898b635bc819d47b7f27,other,1.188023265394073,14,86
django/django,9c19aff7c7561e3a82978a272ecdaad40dda5c00,formatter,4.643610825918321,1992,235555
django/django,b1e33ceceda1e75ff68c7deed8f6659683a195d3,other,11.050630846452203,130,6764
django/django,ba755ca13123d2691a0926ddb64e5d0a2906a880,formatter,3.587742445559865,57,712
django/django,c18861804feb6a97afbeabb51be748dd60a04458,lint,4.168747274824448,7,274
django/django,c5cd8783825b5f6384417dac5f3889b4210b7d08,formatter,4.655619945749994,53,444
django/django,c9178ef17a0e1070f5a25096d8e13385d404dc92,other,11.92168805612594,10,99
django/django,ca88caa1031c0de545d82de8d90dcae0e03651fb,formatter,4.660656798996121,38,407
django/django,f81e6e3a53ee36e3f730a71aa55a5744982dd016,other,1.0987517428448297,230,6164
django/django,fc0a0ebd4fe573299a5f978e77fa3bca8424f661,formatter,0.4502332877024869,31,4680
dlt-hub/dlt,c3ddbaa6e61c44a3809e625c802cb4c7632934a3,formatter,2.8546863513068166,451,24665
docling-project/docling,83d5de095cb30846a0df5336117b6213f2c5b335,license/header,0.10084011458412553,405,1188
dolphin-emu/dolphin,0e3d8e2e9f1b3eab593b09be986c4ff12a0221e2,whitespace,13.533551379065582,9,758
dolphin-emu/dolphin,16a74a9557779cd15890b0a3bb2924cb4b00ad6f,whitespace,11.982777048951759,1,17
dolphin-emu/dolphin,1db10b139cb1f9b92b2e90eb86f236dcd30333b4,whitespace,13.479788450325753,36,883
dolphin-emu/dolphin,1de39a4a6e6b5ef3ec55bd717d4ba02c02ff8d29,whitespace,13.125076843612948,5,4422
dolphin-emu/dolphin,2316cb6876e6d79584ce0cc50771d2fb8495fe45,whitespace,13.455380193677593,324,5750
dolphin-emu/dolphin,248ee12aed057acd0bdd310359c328e8d4fd5e5a,formatter,8.094509975410045,102,22900
dolphin-emu/dolphin,2d4c3c7c918877c844babaa5ac4c23f8a441fb64,formatter,13.760500069713792,2,249
dolphin-emu/dolphin,30c883bcfc65761dc9fb61fea16a25fb61a7e220,whitespace,17.811126733338405,334,60816
dolphin-emu/dolphin,31f037b187525d72c10b83695f780ede1ad9db68,whitespace,9.641551607219814,1,116
dolphin-emu/dolphin,34692ab826abc8f8faa61bdb2280b742424528f1,other,12.747210909574873,1987,585654
dolphin-emu/dolphin,3570c7f03a2aa90aa634f96c0af1969af610f14d,formatter,10.2678960377215,1116,398611
dolphin-emu/dolphin,3b36e0657140a8f54729f55f94ad108547362ed5,whitespace,15.664285085050828,17,5702
dolphin-emu/dolphin,3c6d0fc7106131098fe1a79d2deb0f39671c5252,whitespace,13.972668200370117,10,970
dolphin-emu/dolphin,3fd87a7636ff434118a5d7f7334550be8db55c0b,whitespace,12.617131879483864,242,3428
dolphin-emu/dolphin,40182a48a56b8e294e126c64f5f37910a40c67cd,whitespace,12.637444292341623,65,2099
dolphin-emu/dolphin,40bb9974f21878e64fb03d70e717cb996bf13a29,formatter,8.46790196339392,179,2881
dolphin-emu/dolphin,473cd01181be6c8160ce477f25ca6bd39f8cc083,whitespace,17.60013768474155,27,3236
dolphin-emu/dolphin,49cfded60bb5b444d1828190eacc52bbb49a9cb8,whitespace,17.811042601465257,177,107936
dolphin-emu/dolphin,4a0c8fc0c9b6666e7933683260e2befbc81917ff,whitespace,16.31114387659391,200,189382
dolphin-emu/dolphin,4b5b9ad05c10d95c9af43502ecc6877d6e680c4d,other,15.99278646031384,98,37929
dolphin-emu/dolphin,4b68a543ba30ec18e79c93b742bc6f110ccd4561,whitespace,15.665180368595838,40,1652
dolphin-emu/dolphin,4f889ca1a3cb66ff78f11aa6864edf8ce51b8c93,whitespace,15.492490588637919,10,382
dolphin-emu/dolphin,578c402d2ce5e6a7b6e42a4c7449d9aeac61e5e2,whitespace,17.60014177250488,41,27514
dolphin-emu/dolphin,5e81298ef0147bf36c4aaafa35accc2700777bd3,whitespace,16.273025388495956,8,2294
dolphin-emu/dolphin,664c8d30a055f4762a2a60be77c1c8eaec1a5d85,whitespace,12.50730213957969,52,190
dolphin-emu/dolphin,71ef0a02451393b32fc2304008f87d5b29b61444,whitespace,11.080168707379523,1,16
dolphin-emu/dolphin,7ab0cca6455830a838b1b1e38e2c3f265e4e5d0b,whitespace,13.463518772023221,51,9882
dolphin-emu/dolphin,7efbc879e544cba7f205b3eeaeff050f46fd9607,whitespace,16.302833897381298,1,396
dolphin-emu/dolphin,7f4ebed1ddb7ca9aaa49172946fc1f7dc2dc3c75,whitespace,15.504774951200345,46,1618
dolphin-emu/dolphin,8151b21ec75107b73a5863177f29d6f69b7174fc,whitespace,15.467301284001318,7,230
dolphin-emu/dolphin,84ae817c180556badd1a810fceff4c4168672541,other,11.789459718102771,1,16
dolphin-emu/dolphin,8da425b008b46ef90d649e55c6c0d4a0bc2b556b,formatter,13.4350605876239,35,819
dolphin-emu/dolphin,8f7c6286f4d4b3e1dccc7076012fe6e593e78c8b,other,9.056936902679544,0,0
dolphin-emu/dolphin,8fca9a8e8d547653581ecb4aac12a09a4311eba3,whitespace,15.7449167870814,2,344
dolphin-emu/dolphin,901fe7c00fec5e2aaf55d184edbcb6d092345d52,whitespace,17.811052488148654,142,87668
dolphin-emu/dolphin,90bac5731cc4b15f40be9cf3a51a2c88ca6b53bf,whitespace,15.348403459071665,9,308
dolphin-emu/dolphin,9146b9b261c34f476c9f83934e6da6a463ad51c7,whitespace,17.811067983623595,402,590014
dolphin-emu/dolphin,a41c1b2d0a9fab51f8a75ccdb7dba0890f766820,whitespace,17.23647412984511,94,48178
dolphin-emu/dolphin,a524cecfabbd4e321485e0cbac9325efde2123ef,whitespace,16.298393857581058,3,950
dolphin-emu/dolphin,ab76cbf2fcf31b059edf10c220800150313ddf18,whitespace,16.47611618120516,4,472
dolphin-emu/dolphin,bbb98d8e2e8259213cc231041eba922471555eb9,whitespace,17.811267618576824,1,36
dolphin-emu/dolphin,c579637eafb9e9eb7f83711569254bd8da6d09d2,whitespace,12.90522527061627,568,17156
dolphin-emu/dolphin,d800b5fb74c077522ef7a0752e49968df46e745e,whitespace,12.25434373970137,3,221
dolphin-emu/dolphin,e6fe5ec42f025a710918c1aaf8643da36a13bb3e,whitespace,17.81114517580551,757,457308
dolphin-emu/dolphin,ebb48d019eec1c29a37a406e2db16d7565367faa,whitespace,12.637056398458691,50,2756
dolphin-emu/dolphin,edd9d0e0ef6898a0528ac6389e93e9fca6132ff6,whitespace,13.532198582908713,91,4402
dolphin-emu/dolphin,ee61bd6f2e4db8df8e92be6f92c02b808aa92234,whitespace,9.58216020863437,17,2737
dolphin-emu/dolphin,ef85b9af45922c6ca364930d40f8aacf1a6dfe64,license/header,13.458889364210206,314,1064
dolphin-emu/dolphin,fc1c7c31a08d55be4c756a1ed599d6afeedd9a11,whitespace,15.457787696149264,4,152
domaindrivendev/Swashbuckle.AspNetCore,d62a9f34403136506350e46610f539b2b56a02a5,migration,1.5267934507060106,309,39943
dotnet/aspnetcore,a450cb69b5e4549f5515cdb057a68771f56cefd7,migration,4.900156887722767,9257,1905453
dotnet/msbuild,629447b151dc49cf4d9a57719beff12983cf1907,other,6.151056417471544,91,2589
dotnet/msbuild,9a0cef6f75bf13ffbbde956b8f7d7ad7d6e0d996,whitespace,2.907109127436814,732,10642
dotnet/runtime,1b46271bd978040090987df603c062a715f0af65,move/rename,0.5372358797880701,1,58829
dotnet/runtime,29123fc5becb2b883b9a335392bf8f1fa709b3e9,move/rename,0.5372356579714553,1,54412
dotnet/runtime,2ab9d88c8dd2431fc7a09527dd4adb24848a4ece,move/rename,0.5372359431642457,1,54398
dotnet/runtime,2f4ec5f3f7ec88320804b5cabfb8fce5088b4dbd,move/rename,0.5372356896595432,1,54495
dotnet/runtime,2fdb93ffc36e8c55b713b017e566deae4438938b,move/rename,0.5383221157502471,2,108116
dotnet/runtime,35d6f5a8e0323294d7b9ff4bea3c4213a3db2ccb,move/rename,0.5372358480999823,1,55127
dotnet/runtime,42f56409dc3c7f2443d28230e3e17c50df9d5629,move/rename,0.5372357847238066,1,55066
dotnet/runtime,43fc659bc9145cab1a4a73aae73ac853bc330256,move/rename,0.5372358164118944,1,54402
dotnet/runtime,6fbf6a2dd6b5c701119368c08276a3ba552b6683,move/rename,0.5372358797880701,1,56342
dotnet/runtime,7932b9d8847f277d1fdfe0375a71c35c0a6969f3,move/rename,0.537235721347631,1,55045
dotnet/runtime,7aa69f096ff5b56e3669b0fe344b85b04426a52e,move/rename,0.5372357530357188,1,54266
dotnet/runtime,81e8f3b4f28894173c6cd3a3a76c4e7f856e8a66,move/rename,0.5372358164118944,1,56549
dotnet/runtime,83fa3f4a0493c9c57f44c7cb6e77bb5dfb05ea91,move/rename,0.5372359748523335,1,54233
dotnet/runtime,b22c2d115c34e36fa5711caae405e8ee1292d167,move/rename,0.5372356579714553,1,54825
dotnet/runtime,b3e810d361b0652e4caa9476b88cb66f4ed1eed2,move/rename,0.5372356262833675,1,53312
dotnet/runtime,b5a1146dcfd341e93178530625503dd4fdff5126,move/rename,0.5372356262833675,1,55042
dotnet/runtime,b91cb52f3b3f23cdb45ac7234a7cab974cbed9af,move/rename,0.5372359114761579,1,55358
dotnet/runtime,ba70358a247a319a5e2895fde84b2579172f3d2b,move/rename,0.5372357847238066,1,55333
dotnet/runtime,cdc50607148e41906aafb60e2aeb6aa392d1a249,move/rename,0.537235721347631,1,55306
dotnet/runtime,d49754129145a19ad7aa5a69122e58d09375f4ac,move/rename,0.5372359748523335,1,54233
dotnet/runtime,d682279be75df3debe5413c5fed486cfdabc3534,move/rename,0.5372359114761579,1,57209
elastic/elasticsearch,12ad399c488f0cc60e19b5e1b29c6d569cb4351a,formatter,4.92721848302786,10457,720679
elastic/elasticsearch,1afe4b914301a23fa37c41c78185b7575a431cc4,formatter,5.308618589499835,168,15764
elastic/elasticsearch,559c4e6ef4f9173bbb59043bacd0ac36c7281040,formatter,5.308454920526276,22,1199
elastic/elasticsearch,80dc0247873550bc5f84aed5912d3e80d8289275,move/rename,0.6398460592693994,496,145299
elastic/elasticsearch,d71544976608bdb53fa4d29521fb328e1033ee2f,formatter,5.0857429272188,852,59460
elastic/elasticsearch,fe1083f6c5f29e1fc28b82c1b71be9b7c1ec7a73,formatter,3.4933001559053922,349,4820
electron/electron,34c4c8d5088fa183f56baea28809de6f2a427e02,move/rename,7.282743871523817,531,2884
electron/electron,5d657dece4102e5e5304d42e8004b6ad64c0fcda,other,6.530300624889092,354,43190
electron/electron,d9321f4df751fa32813fab1b6387bbd61bd681d0,move/rename,6.653520736684666,477,70019
electron/forge,0deb74b16aac8f69e973a34598357daa711c688c,formatter,5.046170241082972,218,9022
electron/forge,717faf963b103b55f7041dc26e4fd825215aaf1d,formatter,1.0921636943240298,179,7651
element-hq/element-web,526645c79160ab1ad4b4c3845de27d51263a405e,formatter,3.8008648629807085,1576,128817
element-hq/element-web,7921a6cbf86b035d2b0c1daecb4c24beaf5a5abc,formatter,3.8089562577635814,104,23584
emacs-lsp/lsp-mode,1530757b9c66c88ef77cf97bd023211de9833ed0,lint,6.1124481899764245,1,2
emacs-lsp/lsp-mode,1c18d4362d7cacc3b4ef8ff5cc9f336c123a89e5,lint,6.112572502344919,7,20
emacs-lsp/lsp-mode,220d67462810db2c445ce80efc11eb9151cb2917,lint,6.006695154257612,3,43
emacs-lsp/lsp-mode,3678cf7c6c1f949b39759867aefaa735cef8de17,other,6.008047063148021,1,25
emacs-lsp/lsp-mode,485d8d23d096cb98aa9b79249a3c96c25ad61e6a,lint,6.357405981443455,8,24
emacs-lsp/lsp-mode,48e53d1f4c9558fd88a4ea66bb40312c6558b01b,whitespace,6.05612708190737,1,154
emacs-lsp/lsp-mode,57a33363aa03a38a1c5a57019362735cebdd15a4,other,6.006698893451974,1,170
emacs-lsp/lsp-mode,ad632a1de8e2f3fc337527d1c9644299558d9bda,other,6.006965263518138,1,85
emacs-lsp/lsp-mode,b08232485c050708ea261405ced8d704a5861d49,whitespace,6.11350023449185,3,482
emacs-lsp/lsp-mode,bac42c50b370f3716f258506dc1ae9f62906313f,lint,6.311899795928714,3,27
emacs-lsp/lsp-mode,c7199f6bd95d174b20bb5f6fb4e7b24c6ce1784a,migration,6.08765771161305,9,166
emscripten-core/emscripten,14c106a0a8cbc539d6efe4a4e7b4ee7bbb73a0a6,whitespace,4.211068237128298,2,1193
emscripten-core/emscripten,2384d4e16f5309a642481387edb3774913fab382,formatter,3.146195464800872,15,140
emscripten-core/emscripten,3cd47cff5da467ae7ca2a29490d8b04af897023f,formatter,3.8549753149795927,12,3510
emscripten-core/emscripten,5dbf740fd2064c89bc1112897f960a49caa7b6d1,whitespace,4.57739099297792,3,1936
emscripten-core/emscripten,752f66a7434386b4a8ed6e0e6babdafc23d78047,whitespace,5.404522967526048,1,3446
emscripten-core/emscripten,9b1a5910c4f31cff4949541a42ac956ba45e4701,formatter,11.924369945749994,2,2047
enso-org/enso,0aa7d7ee4d969ec8e8f9d376e72741dca324fdf6,formatter,3.1811969224529113,22,3049
enso-org/enso,5f1333a519235b27fc04457de1fd07b1a0128073,whitespace,2.3670728762643547,184,34618
enso-org/enso,c46262dfb5777fd17c246e1b39ec7039778a63a2,formatter,1.8593883882171014,336,21915
enso-org/enso,c822256e6c531e56e894f9f92654654f63cfd6bc,formatter,4.588421521281719,432,65869
enyo/dropzone,567490b6d9ac61d4694507690039febc5fc5474f,formatter,0.09287366593150304,23,2653
eslint/eslint,0493f53f3fcec4ed69a1808dffa153dcff1380d3,formatter,0.24242477247952948,20,203
eslint/eslint,129882d2fdb4e7f597ed78eeadd86377f3d6b078,formatter,1.53490766091211,1060,827445
eslint/eslint,1f42bd7876ae4192cf7f7f4faf73b4ef3d2563cb,formatter,0.5331545491418865,19,283
esp8266/Arduino,19b7a29720a6f2c95d06e2ea4baa335dcf32e68f,formatter,4.483215738839456,241,31128
esp8266/Arduino,98125f88605cd7e46e9be4e1b3ad0600dd5d2b51,other,7.290515184931681,255,94242
esp8266/Arduino,9bdcd4f36a2e5285267b69b17e8fc26482dc1c72,formatter,6.879060828453368,15,22152
esp8266/Arduino,eea9999dc5eaf464a432f77d5b65269f9baf198d,other,7.289662775369483,255,94242
espressif/esptool,07678b581003da453ec8bafed5993fb32862bbbb,refactoring,4.505548267295358,6,2104
espressif/esptool,1d028a5c90ccaea6f25faf2d8e9cca2097b32c25,other,0.3071636309478541,24,568
espressif/esptool,206970acf821635dbf9adfba99537ac420fef4d2,lint,1.1251082781960606,70,577
espressif/esptool,2e4e77cde269379f3aba2e1344c912f47c5974de,lint,1.5938338783684438,25,440
espressif/esptool,45f1da954eeab4897fb852894fae0c1b901b3926,formatter,4.505545415367455,81,12074
espressif/esptool,47a43b3d187db99faec551f85c48fbaffd2842a6,refactoring,0.5755082135523614,3,14
espressif/esptool,4875e8906fdedeb7ecb2f94aa40877c418df3b70,refactoring,4.505548330671534,118,27234
espressif/esptool,4a2bed194c54a108649d6ff97730d298debe8e71,move/rename,0.5755082135523614,14,323
espressif/esptool,513898db2ac7a1990dc94aa6f49cda3165c442bf,move/rename,4.505548267295358,93,18908
espressif/esptool,5e903cecb4b537326edc1903cbede929d5cbb914,move/rename,0.5755082135523614,15,760
espressif/esptool,6282f98dbfca58add4992c259c0aac3c3ec64d3f,lint,2.6279456929551044,20,787
espressif/esptool,62e8f46eeb8402761e5ec3f0394296b341ec67b7,refactoring,0.6709076102111694,14,420
espressif/esptool,63debb0facdc50b52c7759a01d773f6ebb25bc81,refactoring,4.505548267295358,4,932
espressif/esptool,87c04158ff572aa33ca765f753e5d4fb218471dd,refactoring,0.6709076102111694,14,53
espressif/esptool,889a3ff8ea6d2e51576aea10790cb39f87afdcc3,refactoring,0.5755082135523614,15,752
espressif/esptool,a3dc12379873dd63cf426e7f0e96afd915d6fabe,move/rename,0.5755082135523614,15,988
espressif/esptool,aee798dbe46640f708fe2297b94ff30c11152fca,refactoring,4.505548267295358,14,8838
espressif/esptool,b57f69bd13222b1753446a0f7c17386eda1dc2c9,refactoring,4.505545605495982,19,5610
espressif/esptool,cf124615141fcab4039516130f13d210e38c64f0,refactoring,0.6709076102111694,17,578
espressif/esptool,cfafe84c39e30f4448500984c17070bd51ed7074,formatter,0.5755082135523614,26,482
espressif/esptool,d0708039a37e9e1fc7837bb0c633fcdcb7985bc5,formatter,0.44129724693893074,105,583
espressif/esptool,e17d996bb0faf58d3fe4c77e415246ffb3687976,refactoring,4.505548267295358,3,1317
espressif/esptool,e5f5d9de3b3ecdc096ca14150c4bedd9817b709a,refactoring,4.505548267295358,11,327
eza-community/eza,0e06409b07f060e3afe1c099c4c54e6504847ee0,formatter,2.7905310289755874,0,0
eza-community/eza,2273e29bc006baeb76795ae40c7b8b76f61c6f26,other,2.652169144675134,175,24195
eza-community/eza,2704e0a8499802b4b79f120349ac3bd41e02c208,formatter,1.8423096496565012,1,2
eza-community/eza,29d009a439f43190ec617080e1afd96773264f81,formatter,2.3125811215048038,1,12
eza-community/eza,313e602cde89b2ec8089b7588f57f4601579a249,formatter,1.8504146386290465,1,2
eza-community/eza,4f949fc9bbb1e387b489ad841af56e7be448bef3,other,2.652169144675134,358,64314
eza-community/eza,be0c2d1ba1feebc9ed7b2f24b80619dbf8fdf143,formatter,1.855780731107562,1,129
eza-community/eza,c86edc54435a57466204bf41a0166c7b6f687aeb,formatter,1.7636175121048496,2,6
falcosecurity/falco,50b98b30e588eadce641136da85bc94a60eb6a3d,formatter,1.9988839772352778,169,18348
firecracker-microvm/firecracker,45739f4b57b7b824473b612aefebec8b7c2e31fd,formatter,3.5978851687073794,81,435
firecracker-microvm/firecracker,7221ae7f943bcd127c6710e81d9fa2f520afa073,formatter,3.5589982444799353,4,28
firecracker-microvm/firecracker,7c4687fab64d4dd574fe43cf583a302b43ce53ab,other,2.6590229928765177,59,6281
firecracker-microvm/firecracker,8d2463fa21386d6c0c90b2010aaee5550b505c87,formatter,4.25534761832332,86,9917
firecracker-microvm/firecracker,ae93e49470433648b144a64514eef708cce15143,formatter,4.25534761832332,180,3089
fivetran/great_expectations,02224a3c9f53552207682c54dde70f9bb4cae1c4,formatter,3.1263546657540497,101,342
fivetran/great_expectations,078c1611dd9c70fec6d7b6318f21a063ff6aa9b0,lint,1.737370490785104,538,11497
fivetran/great_expectations,179c974eb23cbd5197459e0c95749f22041f806e,formatter,2.572655746951606,80,2137
fivetran/great_expectations,2bbfb50a6458f09ef197ee1174666a4c4726a850,lint,2.495997160747332,264,2302
fivetran/great_expectations,544f90d0e90807032e517283c1c0971904ebd4e0,formatter,3.186405905392045,86,983
fivetran/great_expectations,582fe60179b9b8bf31ba0a394bfa669f495ce8c6,formatter,3.359070841889117,385,674
fivetran/great_expectations,597b2b625569b6f5f110f8230ac26ab405167da6,formatter,3.567053895099754,60,1590
fivetran/great_expectations,697d5910c8331721e7dc299b1c0a294de84275b5,formatter,2.56971341293381,301,5194
fivetran/great_expectations,85b81029c759dc2b6a8c8956a5babb19e3280494,formatter,3.3664064757776258,64,221
fivetran/great_expectations,8bd2dea55e22188b74d1b20abee480f2c298239d,lint,3.1661677694121226,77,2008
fivetran/great_expectations,c3df7cde688332cb101432909145b37ff4108803,other,3.109947175957614,208,1079
fivetran/great_expectations,d170c89167a96b702edc02b16dbf5984619d0e8f,other,2.529765191269298,890,34558
fivetran/great_expectations,e55b3484a86f654e8b819041dd6cc73730e01a8f,other,3.4891557659644588,44,260
fivetran/great_expectations,edf5dbdc77b418d659dc9d87462cd6df9a85436c,other,2.531952873475803,73,205
fivetran/great_expectations,f5e7df1846102d9a62cc9b9110387925ffae60cc,formatter,3.6429199622277992,224,1151
fivetran/great_expectations,fc5023b4e1f1dad2e9c6faa8897fa92991b821ab,other,2.5619007782594365,38,633
foliojs/pdfkit,a76ab284a8d30c669b5ad2278bbcd050dea13abe,formatter,1.4631312900854312,65,4760
fonttools/fonttools,d584daa8fdc71030f92ee665472d6c7cddd49283,other,3.797383768093898,359,155900
foundry-rs/foundry,710a1584aae8e0f8ca8d5ba552632dc72381091e,other,1.2441542132481558,369,4877
foundry-rs/foundry,860d083183b51a6f8d865408ef1a44aa694d6862,formatter,4.006830557456841,51,2922
frappe/erpnext,0e8f8677b8eb31e7834f72d1c6314d3c3f392ca6,other,1.001141626739676,1,2428
frappe/erpnext,1fe891b287a1b3f225d29ee3d07e7b1824aba9e7,refactoring,5.440637627702994,44,2388
frappe/erpnext,3ffd50c772735877b330d010c1058f623da8721d,other,1.0011555694983143,1,2422
frappe/erpnext,4551d7d6029b6f587f6c99d4f8df5519241c6a86,whitespace,5.11692581184881,1190,2956
frappe/erpnext,494bd9ef78313436f0424b918f200dab8fc7c20b,formatter,4.511272720358963,1395,155230
frappe/erpnext,5f473611bd6ed57703716244a054d3fb5ba9cd23,whitespace,8.651164695667605,1,1496
frappe/erpnext,7a482a69985c952de0e8193c9d4e086aee65ee6d,other,1.2885265356047355,31,96
frappe/erpnext,8fe5feb6a4372bf5f2dfaf65fca41bbcc25c8ce7,other,4.9036529076989375,420,857
frappe/erpnext,915b34391c2066dfc83e60a5813c5a877cebe7ac,other,5.078250785864578,2060,10520
frappe/erpnext,b147b85e6ac19a9220cd1e2958a6ebd99373283a,whitespace,5.080965124090552,44,184
frappe/erpnext,baec607ff5905b1c67531096a9cf50ec7ff00a5d,formatter,4.506195433112784,6,878
frappe/erpnext,eb9ee3f79b94e594fc6dfa4f6514580e125eee8c,refactoring,2.8223607308540575,51,189
frappe/erpnext,ec74a5e56617bbd76ac402451468fd4668af543d,formatter,2.5590845311430526,566,45626
frappe/frappe,26ae0f3460f29116e0c083d57eee9f33763237ea,formatter,2.6469089854741807,128,1253
frappe/frappe,2eec621e95564c359ad22da79501a855c1f32b03,other,4.109547367353664,54,182
frappe/frappe,34460265554242a8d05fb09f049033b1117e1a2b,license/header,5.075955934545086,646,1342
frappe/frappe,40f27f908a3890c9a90d2d96794fc31fcea63c59,formatter,4.158456441554491,560,49817
frappe/frappe,6ca4d4d167a1a009d99062747711de7a994aa633,formatter,1.0128451783405583,35,115
frappe/frappe,745297a49d516e5e3c4bb3e1b0c4235e7d31165d,refactoring,4.606373488478211,13,35
frappe/frappe,81b37cb7d2160866afa2496873656afe53f0c145,migration,4.251885472913022,529,2418
frappe/frappe,84ef6ec677c8657c3243ac456a1ef794bfb34a50,formatter,1.8232464445965473,83,374
frappe/frappe,85e3ee940353d7b0b517b33815148672e9a8b15b,other,4.161477520470505,46,9722
frappe/frappe,8723a2b6ee9dbec800077f18202ba53b0ef553e7,formatter,0.7737583973432707,29,140
frappe/frappe,b2fc959307c7c79f5584625569d5aed04133ba13,whitespace,4.595922281795827,47,945
frappe/frappe,c0c5b2ebdddbe8898ce2d5e5365f4931ff73b6bf,formatter,4.471011768955814,895,61399
frappe/frappe,c35476256f85271fb57584eb0a26f4d9def3caf4,refactoring,2.822283221791264,42,115
frappe/frappe,de9ac897482013f5464a05f3c171da0072619c3a,formatter,2.6521773835779654,464,2893
frappe/frappe,e9bbe03354079cfcef65a77b0c33f57b047a7c93,other,1.889031485284052,1,47
frappe/frappe,f223bc02490902dfcc32892058f13f343d51fbaf,formatter,3.3316714832560144,1,11
frappe/frappe,fa6dc03cc87ad74e11609e7373078366fdcb3e1b,refactoring,3.3155477285978656,89,652
frappe/frappe,fe20515c23a3ac41f1092bf0eaf0a0a452ec2e85,refactoring,5.440746412908459,66,2639
frappe/hrms,1ab1d6238171a5cee3263812402a8b82e7131cb1,formatter,2.458468514715948,168,7074
frappe/hrms,4872c156974291f0c4c88f26033fef0b900ca995,formatter,4.242892140086699,63,196
frappe/hrms,76c895a6c659356151433715a1efe9337e348c11,formatter,4.511202657996805,183,16389
frappe/hrms,920daa1a3ddccaefaf7b9348f850831d6e0a0e6b,formatter,3.1839003916647655,6,126
frappe/hrms,b55d6e27af6bd274dfa47e66a3012ddec68ce798,formatter,4.064976931072072,11,479
frappe/hrms,b68457552bb3540565267f23fbfcee35c9f86e1c,formatter,2.458483471493396,102,1295
frappe/hrms,f37f15b2b5329e3b0b35891e1c4fd82f48562c6d,formatter,3.2656245088346387,38,870
gabime/spdlog,0a53eafe18d983c7c8ba4cadd02d0cc7f7308f28,formatter,3.0154402109159126,104,1519
gabime/spdlog,1a0bfc7a89f2d58e22605a4dc7e18a9a555b65aa,formatter,3.017030604355211,92,5908
gabime/spdlog,4b2a8219d5d1b40062d030441adde7d1fb0d4f84,formatter,3.0154780464927624,27,243
gabime/spdlog,95c226e9c92928e20ccdac0d060e7241859e282b,formatter,3.0167619527467235,1,2
gabime/spdlog,9d52261185b5f2c454c381d626ec5c84d7b195f4,formatter,3.01550127386113,93,2953
geopandas/geopandas,373ac8bf731db1002e09859587c475a5f56c4e8b,other,7.045572065049306,42,242
geopandas/geopandas,44dba4fde90e8010ea6c71c6cf51b34413440177,lint,3.641983769361422,26,69
geopandas/geopandas,479b6e706293ff1a484e4e121682f3a105a53aa9,lint,7.045572065049306,4,46
geopandas/geopandas,50c59d395bc539eb411f9a5c6cdf04d37510060a,formatter,7.045572065049306,5,46
geopandas/geopandas,5dc982edbfc2633cd2c7a22ebd314d1b9b810a9a,other,3.901075366948057,21,745
geopandas/geopandas,7bc3166cfecdd120b544701cff5e37b4482cbbb5,other,7.045572065049306,44,5509
geopandas/geopandas,f4b749d148f0eb13e7e92fbbf7e2eae79de2543a,lint,7.045572065049306,23,168
getmoto/moto,29d01c35bc06d5a8462487d614e33b9e8416ba96,formatter,4.559250608411286,272,3512
getmoto/moto,90bdd725552e8cc1466c2b3c1152e0501519a568,formatter,2.5271236405810327,386,2895
getmoto/moto,96e5b1993d7f2451443bfabff4265029ac6625af,formatter,6.916205319796182,507,100355
getmoto/moto,e00af2f73cb7d27c3755f18b2161b9acbd8ca8aa,formatter,6.9156286916622305,0,0
getpelican/pelican,0bd02c00c078fe041b65fbf4eab13601bb42676d,formatter,1.8890716340913123,5,47
getpelican/pelican,30bde3823f50b9ba8ac5996c1c46bb72031aa6b8,formatter,1.883012903389358,12,97
getpelican/pelican,4af40e80772a58eac8969360e5caeb99e3e26e78,whitespace,1.886713311531929,159,24068
getpelican/pelican,4dedf1795831db99d18941c707923ba48cc28ce7,formatter,0.7912780756458032,21,166
getpelican/pelican,6d8597addb17d5fa3027ead91427939e8e4e89ec,formatter,1.8892719661824726,24,127
getpelican/pelican,7577dd7603f7cb3a09922d1edb65b6eafb6e2ac7,formatter,1.888791067761807,16,154
getpelican/pelican,9d30c5608a58d202b1c02d55651e6ac746bfb173,formatter,1.8889038773544249,5,40
getpelican/pelican,cabdb26cee66e1173cf16cb31d3fe5f9fa4392e7,formatter,2.474354070017999,41,11668
getpelican/pelican,db241feaa445375dc05e189e69287000ffe5fa8e,lint,2.43684636981266,3,146
getpelican/pelican,ecd598f293161a52564aa6e8dfdcc8284dc93970,migration,2.4369851636372855,15,122
getsentry/sentry-javascript,2aa4e94b036675245290596884959e06dcced044,formatter,3.7178954039597434,412,1494
getsentry/sentry-javascript,35205b4cc5783237e69452c39ea001e461d9c84d,other,2.7412234770704997,2183,93056
getsentry/sentry-javascript,413041a34e748582af38c90067cd573f15c85add,migration,0.5686576926001977,212,2635
getsentry/sentry-javascript,90edf65b3d93c89ae576b063a839541022f478cf,formatter,1.0793487781073339,205,3624
getsentry/sentry-javascript,971b51d4b8e92aa1b93c51074e28c7cbed63b486,move/rename,2.510475067812508,280,36346
getsentry/sentry-javascript,a0c7d4029bc6f1100ea7e901e78fb5374dc308e8,lint,0.5582429272187999,65,189
getsentry/sentry-javascript,aecf26f22dbf65ce2c0caadc4ce71b46266c9f45,formatter,2.721790186832966,5,1439
getsentry/sentry-javascript,b1d25bb2462feb02defcdb28221759e26c115d99,formatter,0.6156292937358988,206,1614
getsentry/sentry-javascript,c88ff463a5566194a454b58bc555f183cf9ee813,move/rename,2.5106572743174387,280,36346
getsentry/sentry-javascript,ebc9b539548953bb9dd81d6a18adcdd91e804563,move/rename,2.5105272897812254,280,36346
getsentry/sentry-javascript,ef6b3c7877d5fc8031c08bb28b0ffafaeb01f501,move/rename,3.5476896848936548,656,29959
getsentry/sentry,032754739fd210e1d12c076bad4ce8093cbae574,migration,5.997833390371891,520,10612
getsentry/sentry,04b705571c2045718a4ef297128145436d061914,other,4.849699596927523,5,45
getsentry/sentry,1661de6b7b3a4f35fa48f8998437f92b96d1550f,other,4.849933043070449,74,226
getsentry/sentry,28f5037299c366879d6f1d0572e907919383d27f,lint,2.6628921400866985,958,6014
getsentry/sentry,31aac1b9b0d24eda9c5aef67259bc24dedb94d95,formatter,2.678039965016351,245,33012
getsentry/sentry,3b94d4d576cd74c43f80d113ac6e6ed09644efe4,formatter,6.990810993231425,119,496
getsentry/sentry,49efa19a2fbd37a0b87e0aed234ea8fdae11dd5e,lint,9.457310441858697,347,17221
getsentry/sentry,4a825dfd62b6d61e48982d014f7d7383f61982f2,move/rename,1.1482006236215683,31,4489
getsentry/sentry,527914ee8dab6b8a7c1c8e3ed9f25dc633f43640,formatter,2.67653281618374,2736,14764
getsentry/sentry,652a90266d98b1e74f3617c92aa8c1461e76b58d,formatter,8.918592446827388,564,22137
getsentry/sentry,654fae1b23f20ed765977ccc5d037675b901c5f4,other,4.849570753162471,842,14700
getsentry/sentry,658504a9b2cab9b2c2578cd2e0f474817819a7f9,migration,5.679633368823992,3056,15004
getsentry/sentry,69c3284fff26f5db7da7f96bb72b0f3732d4a867,lint,7.743925647070753,1,22
getsentry/sentry,6fc6ffc848f645a0abf1915a337dc67231548750,lint,2.662819796182219,958,6014
getsentry/sentry,75bd65eef51a75c7f8db3af9ed71188b89d17fb2,lint,6.703532968286562,129,1490
getsentry/sentry,7a00c559245d9a7fc4cd944723753434aad53155,lint,2.663287892615408,286,4521
getsentry/sentry,7dcda5dd9a861130d657ccc2468eb61f55be76b9,move/rename,1.1482745519304383,52,12910
getsentry/sentry,816acaa36cffc042f7f0434434882e9232805ee2,other,4.849539857276852,935,9239
getsentry/sentry,84747dbbabc7e974711c175232ddf71f6194edb6,other,7.653831913706999,830,8913
getsentry/sentry,8592e74bbd014d1d44b7cd973379e5278ceb5b41,move/rename,1.1483999733820063,58,13556
getsentry/sentry,8be17116a26dcc3b2b5d70565f9f9cfbe4c54aca,move/rename,4.623032518315715,295,12211
getsentry/sentry,95767d455b8004ec4b4c5026d84b64b6348e6d37,other,7.12734792886658,2006,154887
getsentry/sentry,98b8f571e16cf9f089bab42212ff610e66152b07,other,4.8503494245443255,584,2385
getsentry/sentry,9ca15377ca03d474e2714802fc2b9a37e7b6e174,formatter,9.43599285116739,125,761
getsentry/sentry,a0f7dbbe7ccb3ca0b286d4ab4d83a5f2594d0b7d,other,4.850351832838999,125,494
getsentry/sentry,a2df8eab9b802966c8af6d0d61e6f97b5fbd3882,formatter,7.899984948158289,1,11
getsentry/sentry,b4914e559b6e70675452d8ed750fbf70ec703f27,move/rename,1.1481617423378203,6,141
getsentry/sentry,b5e15e8611ff64f8d4e2cde8365f92f7769c9c20,lint,2.66644019190306,15,92
getsentry/sentry,b8bf85948d4c4832c60ab31e9f1a5a3c39fd53cf,formatter,5.859739809110959,1395,11331
getsentry/sentry,bdb9c9d3a26fc8a3b73d47776bb5d3009947b46d,other,4.849585107866251,10,508
getsentry/sentry,c8a00d1cf64a349276060458ca51dab9e2538f3e,lint,2.663556227343017,678,7050
getsentry/sentry,cf018ef83b999b5287d1fde7ea523d56d09a228d,formatter,4.412093441833346,40,785
getsentry/sentry,d26544689bfbbb81b0c2873f98e592920dcc91ec,lint,0.6307030636043298,680,5133
getsentry/sentry,d467e8894478662e0ceee9b5137be4ee6620b60d,formatter,7.494384839151266,177,2981
getsentry/sentry,dcbd3b621ebb4660c42fe207dd4fc4094dd2bddd,other,4.849927339214642,2,14
getsentry/sentry,eb55184602940adb1fc09a9c0e33515cac92c7d8,lint,2.660919429867924,961,6039
getsentry/sentry,f736793749a7e0a120a3d5f8630959864e553adb,formatter,9.410554066215429,33,192
getsentry/sentry,f952fedefe679d632077a2b334a913e9e68cfd91,migration,6.4652110426648415,37,407
getsentry/sentry,fe2eb237aee31a1fca51774660a91d13d1b3ecc5,move/rename,1.1485084417065936,22,15703
getsops/sops,72cebfd8a13ff59dd72712b711f08787c9cc6b0a,formatter,1.4840134547620858,7,147
gitbucket/gitbucket,3d5ca44d66c77a46770a65a895c9737c542690f6,formatter,2.8705734910132583,96,6229
gitbucket/gitbucket,7f9445548be650a4d14a87acbf3003330c0af27b,formatter,0.22489840799046823,3,280
gitbucket/gitbucket,a54fb4960ff0762738f4895cdc29bf2715a57f87,formatter,1.3368839201967198,12,28
gitbucket/gitbucket,f1360f44c61f8e12666965c10e79f11cd75d6d30,formatter,2.294912128932492,2,24
gitextensions/gitextensions,1cf12ebc43bbc81a9bafe1178d38624be2024011,other,0.9152972659517834,1299,353217
gitextensions/gitextensions,1cfb0e4441e260ff252f258b08cb403df76801e5,other,2.845838815372525,198,1329
gitextensions/gitextensions,266c19240f4677dd50ab1011ecf8d2b69207da86,other,5.587880859127437,88,211
gitextensions/gitextensions,44073ffb3f59288d3dbac0e3c6c6a17c253d08fb,style,0.748031631049256,92,607
gitextensions/gitextensions,4d609aaaedaf7250fbf9cacd959aac79cc0219ca,migration,2.844085513473775,91,169
gitextensions/gitextensions,649b27841de032b7bcc239373df5e50076be6d7f,other,8.585667351129363,138,2324
gitextensions/gitextensions,6eab7392839c4d103bad1581fba5eaf6f008d766,style,3.9736384579308948,956,4170
gitextensions/gitextensions,87c44feb9f55802e42bacac9cd5f6c987a28b49a,style,0.7480316627373438,133,687
gitextensions/gitextensions,89962d9f88b7efd8995492e2565e2ba1693c30e3,refactoring,2.9496257003067408,468,6725
gitextensions/gitextensions,8d2d71ba426dec75e3df2bd3438cbbdcc7581da6,other,8.58574479681598,88,594
gitextensions/gitextensions,912369eda6c58a54ab595b46c596a5c69d4006d8,migration,2.379068813851497,535,1400
gitextensions/gitextensions,9af8c0909790755a136dd080bcda69f05121c9a2,formatter,8.571865255912996,188,1121
gitextensions/gitextensions,ba7b679180c46ce39948c6bf17386b17d340c1a0,style,2.955349804801379,182,2014
gitextensions/gitextensions,bc286f5c6077c2c44b5ddf685177aebf49340149,whitespace,8.57913748193779,157,954
gitextensions/gitextensions,eafeeab5a5538e2d52076096d4c59dde174d48ec,style,3.9725545985753037,956,4168
github/codeql,08c658e66bf867090033ea096e244a93d46c0aa7,other,3.560321000329556,10,66
github/codeql,159d8e978c51959b380838c080d891b66e763b19,other,3.5602767954470553,10,30
github/codeql,21d5fa836b3a7d020ba45e8b8168b145a9772131,other,3.5603210953938196,21,295
github/codeql,3640b6d3a8ce9edf8e1d3ed106fe8526cf255bc0,other,3.560321000329556,1,8
github/codeql,5ad7ed49dd3de03ec6dcfcb6848758a6a987e11c,other,3.56032413745025,37,340
github/codeql,711d7057f79fb7d72fc3b35e010bd018f9009169,other,3.560321000329556,30,136
github/codeql,730eae952139209fe9fdf598541d608f4c0c0c84,other,3.56032413745025,21,99
github/codeql,8d97fe9ed327a9546ff2eaf515cf0f5214deddd9,other,3.560321000329556,65,492
github/codeql,a5d229903d2f12d45f2c2c38822f1d0e7504ae7f,other,3.560321000329556,38,217
github/codeql,ef97e539ec1971494d4bba5cafe82e00bc8217ac,other,3.56032413745025,26,198
gitkraken/vscode-gitlens,003da86002563f825b51ca95a28afc7ef85f91d8,whitespace,8.383450484193983,37,8302
gitkraken/vscode-gitlens,175a81eabe741aedb30776f092a937bfee7044bc,formatter,6.304725232590565,218,5330
gitkraken/vscode-gitlens,444bf829156b3170c8b4b5156dcf10b06db83779,lint,3.7072160113570107,31,93
gitkraken/vscode-gitlens,4dba4612670c0a942e3daa3e6a34a57aebe257ae,formatter,3.2287906558166655,48,457
gitkraken/vscode-gitlens,59d9071a9bb200c3ef95369a6335f8a0138f461a,formatter,7.087491349152026,235,78472
gitkraken/vscode-gitlens,60f8cb9fb8d1a56772d18a1a81cdd1748d589c2e,other,5.302331197556215,164,808
gitkraken/vscode-gitlens,7015f9c27286d8df526bd15e026334c46c7808dc,formatter,0.17855239308439172,90,7651
gitkraken/vscode-gitlens,85769575493b939733a3dee5a590c2407923f31b,whitespace,7.0849423593682666,2,624
gitkraken/vscode-gitlens,9c2df377d3e1842ed09eea5bb99be00edee9ca9c,other,4.675725783963292,296,1638
gitkraken/vscode-gitlens,9e17dbe2b7457af484c88cc15a45c42b84d2ba3b,formatter,7.228227716936649,2,10
gitkraken/vscode-gitlens,d790e9db047769de079f6838c3578f3a47bf5930,formatter,8.220756172839506,196,9016
gitkraken/vscode-gitlens,e04961ae52e425b5403e557fb1543c65eb178a7f,formatter,1.2706790757218547,179,1282
gitkraken/vscode-gitlens,e306624e31d10148676343d9a8159d726fa09573,formatter,0.7969232768017847,13,112
gitkraken/vscode-gitlens,ed69ce0dbac106b9d5b1a602ad310f05f1faa810,lint,0.37256420006591123,269,898
gitkraken/vscode-gitlens,fbccf2428fd671378202de43ff99deff66168a13,formatter,2.8752596205034604,28,376
godotengine/godot-docs,ecf7d701a0431c5b587fb698733e2ad6f8d90846,whitespace,0.1543788501026694,74,858
godotengine/godot,0be6d925dc3c6413bce7a3ccb49631b8e4a6e67a,formatter,6.380213134078637,1552,33877
godotengine/godot,0d350e71086fffce0553811739aae9f6ad66136c,formatter,1.930873260323979,167,931
godotengine/godot,324512e11c1b7663c3cf47bec6ddbe65c6b8db2b,style,1.5660849367505767,1746,8687
godotengine/godot,5be9ff7b6715a661e85f99b108f96340de7ef435,license/header,10.74720688518772,1184,2370
godotengine/godot,5dbf1809c6e3e905b94b8764e99491e608122261,formatter,9.572452246051665,1318,307827
godotengine/godot,7dae5da1982f4a55ba91557814905faef9ce461b,migration,0.6486498656425077,41,96
godotengine/godot,7e5baa042639ffa835271703c720e2595e90afb8,whitespace,1.613371866048115,1080,2160
godotengine/godot,9903e6779b70fc03aae70a37b9cf053f4f355b91,other,2.5648198849088653,101,1076
godotengine/godot,a3088fecf1837aa22fcf2bccae413598a2e91766,style,0.21696212639744467,144,7942
godotengine/godot,a447ac95ec170ee117c2eae55f1bfff0d0cf0dce,move/rename,0.5790702398154486,160,9144
godotengine/godot,a7f49ac9a107820a62677ee3fb49d38982a25165,license/header,6.7476147425659745,1991,7980
godotengine/godot,b16c309f82c77d606472c3c721a1857e323a09e7,license/header,7.746736729028823,1874,7511
godotengine/godot,b37fc1014abf7adda70dc30b0822d775b3a4433f,formatter,2.027230239308439,51,298
godotengine/godot,b50a9114b105dafafdda8248a38653bca314a6f3,license/header,8.74585716277537,1647,6619
godotengine/godot,b5334d14f7a471f94bcbd64d5bae2ad853d0b7f1,license/header,5.744528988262732,2330,9366
godotengine/godot,bb5f390fb9b466be35a5df7651323d7e66afca31,lint,1.9034538431312902,46,228
godotengine/godot,bd282ff43f23fe845f29a3e25c8efc01bd65ffb0,license/header,9.093723667199027,1484,2968
godotengine/godot,c5df0cb82bc539eff7dcfb2add99d60771fc50c5,whitespace,0.6522175640733135,144,9080
godotengine/godot,c7bc44d5ad9aae4902280012f7654e2318cd910e,other,9.744330874337718,1383,2778
godotengine/godot,d95794ec8a7c362b06a9cf080e2554ef77adb667,license/header,3.735732565214085,2579,149148
godotengine/godot,df61dc4b2bd54a5a40c515493c76f5a458e5b541,license/header,9.481367626181965,1446,1448
godotengine/godot,e06d83860d798b6766b23d6eae48557387a7db85,style,1.7421517479149238,15,1016
godotengine/godot,e380a417526c11f15a9ddb3997292409b10da2af,style,0.5916064909879079,739,1180
godotengine/godot,e4213e66b2dd8f5a87d8cf5015ac83ba3143279d,formatter,8.736423745785485,1527,2551
godotengine/godot,e956e80c1fa1cc8aefcb1533e5acf5cf3c8ffdd9,formatter,6.391587858392273,130,1482
godotengine/godot,eb1b8e8edacc3c7449ea8ac894812720e7ee48bf,style,0.2165829784267498,26,156
godotengine/godot,f5a290ac462765afca34e64dd39f883511510147,move/rename,0.5947006743225087,343,13320
godotengine/godot,fdaa2920eb21fff3320a17e9239e04dfadecdb00,license/header,11.453138863538419,1109,6724
godotengine/godot,fe52458154c64fb1b741df4f7bd10106395f7cbd,license/header,4.739608050041828,2529,10140
google/flax,40a6e074e5224d733f964be00e21e0a1cb98bd2e,other,3.181789806575912,168,14110
google/gson,2c94c757a6a9426cc2fe47bc1c63f69e7c73b7b4,formatter,2.8610682688163864,229,20339
google/gson,c2a0e4634a2100494159add78db2ee06f5eb9be6,whitespace,2.8500452189013106,10,3164
google/perfetto,5dbacf5464d62811e53750cb164fe81ca52c1372,formatter,2.682406773645651,304,16580
google/perfetto,7e63f42d755ca255162f1f327126f90e34465581,formatter,2.536741197049205,400,24999
google/perfetto,e56b1a91dcc4638262843eaead4347d7bf5a73b0,refactoring,4.321987001546379,13,414
graphql-dotnet/graphql-dotnet,1047a9d80ee4a82f570898db148f139437751cf2,style,6.0795468603442595,65,227
graphql-dotnet/graphql-dotnet,12d4361b49e7ee77549176573dbd599c1572a08f,migration,2.5636655512459754,294,41162
gristlabs/grist-core,29541707086d4de9fbe8773f42e0f5f0f845ea54,formatter,0.7700383742743427,87,2434
gristlabs/grist-core,2f2cd7d60144486e67fc2fe0eaf20fcafcd50f21,formatter,0.7700390397241869,463,4050
gristlabs/grist-core,3a859ee5454d9c2b9600c9d9a3bd859d65d496bf,other,0.7696113139148731,74,12443
gristlabs/grist-core,4faa64a1c0c194b32a804b2e562361ba197d8699,formatter,0.7700385644028697,462,4174
gristlabs/grist-core,9c9c45a6894e80748f0e337d4f164d40b503cae5,formatter,0.7700383425862549,962,4091
gristlabs/grist-core,a3082e1f8b59b36154e721eb3d17c6504cf63bb8,formatter,0.7700383742743427,1307,120274
gristlabs/grist-core,a7eb4d6e60c50375a835a5300b8e6beebcfb8422,lint,0.7696086521154968,32,11568
gristlabs/grist-core,a893706c5b9659157878318513f6d6cbe025e51d,formatter,0.770039008036099,473,6165
gristlabs/grist-core,b7e9ebed9dddd931a9bf33ae57dccb6423a7b6ae,formatter,0.7700389763480112,730,12777
gristlabs/grist-core,e44e6217bd223873aef2f1aa2df32dc9c17a3abf,formatter,0.770038691155221,1054,31204
gristlabs/grist-core,e75c8ce28d9470ba5e92ee25aec65869a7051668,formatter,0.7700388812837479,701,21898
grokability/snipe-it,1e5d426e70dcd72fd7e87c2b11ff42fe3cc7a1a4,other,0.5507980328035085,29,1984
grokability/snipe-it,2e7046a810ce1f7562dec9d3ee4fee0cbc7262db,other,0.5508098207721753,11,127
grokability/snipe-it,31043d1f5cb5d287c0ab2ca2ba1ae08665bc6ad5,other,0.5506850964585394,25,500
grokability/snipe-it,317b1a462e079bf96d492dd3782de38b7144be9f,other,0.5507319631404163,5,195
grokability/snipe-it,3e831bf9b3cc060f11c88ec69a9313131de8ee1f,other,0.5507377303723984,15,585
grokability/snipe-it,446f5f3cefdc1837a65fd4bc983741b29f821a78,other,0.5416669835475448,300,6229
grokability/snipe-it,53f2ef2ca11b0571de758b101f08f259de7830cf,other,0.5507202068598372,7,760
grokability/snipe-it,55d46cbefec5fe0bb7e28b859d540977d2cfee46,other,0.5506734669303116,26,850
grokability/snipe-it,84fdb5d6c19bf7882cb91d42fe8768fc0db0ce67,other,0.5506089182954343,5927,377603
grokability/snipe-it,8b658a19b9182bf9a19e34bc9101ee11a13ed85b,other,0.55064884528608,11,518
grokability/snipe-it,8bce38b9187d23089a28a4f3a4ab960ac7471e90,other,0.5508322242502598,44,1465
grokability/snipe-it,93168326da54fa87880570c82df3ccbf3ff152e1,other,0.5507637146044059,29,495
grokability/snipe-it,9623fa4d87e7fb38307028338c6991afb7d4e099,other,0.5508796296296297,92,7681
grokability/snipe-it,9bc92f57c8a29ac0e89c2d3f72f23c6c64567dd8,other,0.5507845019900119,56,4316
grokability/snipe-it,a3c7410c35388af08997b1c52adebda1056488a6,other,0.5508623279336832,5,39
grokability/snipe-it,a613380811f63f51e2951d2f4b8454d5274d5cdf,other,0.5507522435166172,35,1068
grokability/snipe-it,b2c0a21230977443536655e43e524773e2ad9e27,other,0.5506787271528887,13,201
grokability/snipe-it,b5a46a370f85c6e87c8a9fa4a4593424bb027712,other,0.550618868355008,218,1961
grokability/snipe-it,c1a93e3ac890ed1fc1c27ba6c431f6b58ff661d6,other,0.5506272656982787,21,770
grokability/snipe-it,d84eb43278177a9bcdfffe04c94d933eb49f2c48,other,0.5416752858265521,57,154
grokability/snipe-it,de607e7d83704b30f809238c44d3d759196a77db,other,0.5507057254037062,16,271
grokability/snipe-it,ec6caf9b5959c6c57bd7be047e91bbb70fc303a7,other,0.5507698937815296,13,121
grokability/snipe-it,f7b82ad1ff513a25d775c20b58e9a8ce23461ec2,other,0.5508216087408422,7,26
growthbook/growthbook,4136239a48e7169832b22f93f0aae0bd7164a632,formatter,1.1178898902324639,1090,27185
grpc-ecosystem/grpc-gateway,bc0110188a8ef8e232050c3d9b347198dc83536a,formatter,4.457698208989277,33,2873
grpc/grpc,de6ed9ba9fd59f753bbfd4c9a88ff15e03a89de7,formatter,3.3111354792506402,575,72027
guardian/frontend,744c3b90418a47f0fadff5138c7c3923bf7d6fec,formatter,0.8645394770197987,2,8
guardian/frontend,ae850e298ab1a91fca24d7fd6f290c096f8f2e46,formatter,0.4429207544299947,1,3
guidance-ai/guidance,083fb9877b507ed27136441c683ce051edf37e81,formatter,2.091967861941339,23,837
guidance-ai/guidance,18ac24dbeeb09cf2ff0b9dc9825e506b3dbfa89c,lint,0.6708384034273835,45,528
guidance-ai/guidance,57da386795bc94a34275b333da586f171f96d7c8,formatter,2.0919855755824273,52,3925
guidance-ai/guidance,95b1bbe75b049c9d3bdc0346d09116b76f736472,formatter,0.900453076279565,106,2802
halide/Halide,4b2d21154c5eda4e3ece657e4886d45fa78069f1,lint,2.67705902856998,38,237
halide/Halide,512240ed29146f9eac4d73db5bbd0f659f952a23,other,7.9747913973179205,91,1892
halide/Halide,5e17a20783854e158c06729a2c9b788d2e041928,formatter,8.394280426901918,263,2452
halide/Halide,6b9f786292471d92a4d421a45a8a128344079825,formatter,1.7414283088701294,31,1410
halide/Halide,751a6915cf34a06524c6213f3b2283b5d33d1fa2,other,0.5466860914644966,19,274
halide/Halide,822f5da6731ec206ba748e0fdf55a09674343199,other,3.5512938880016223,256,2055
halide/Halide,93226012ef7c4ed05bf2c69bce4bc75e0e601317,lint,0.5483837490810455,141,525
halide/Halide,9baf7fcfcca5d00f79fb8f2b4aa6853783ece035,other,0.550120287981342,114,1368
halide/Halide,a804b09c9059771a2930e96ce3050d6b84bf2f89,other,11.597311043932365,286,652
halide/Halide,b465318a583ff58114ac63ecd8125ca7e648ae35,formatter,6.825117467741527,95,3745
halide/Halide,bd5b85fd402b49c3c1775a37899d66d8388c782e,formatter,0.8486486298070829,34,1282
halide/Halide,c07af18f0c57914afd8fde38b4bb782fea236678,other,0.5479369470428677,22,1887
halide/Halide,e58aa4ede36e41e2e827024196a838c87f2970ae,style,0.5494432719851954,8,181
halide/Halide,e9ee1023649af4cd671b84c9068a0f208f2da3ee,formatter,6.751534527340482,439,13760
halide/Halide,eebc6fe793a030ea11e44b0213d09e9115cc9c4e,move/rename,7.723112562425533,88,196
halide/Halide,f1aa07bf66677393cca617942cd0973b35e1ee54,formatter,6.751560860141455,122,18490
halide/Halide,f700a7121b3652a354e438d81615638887d241c8,lint,0.5494438423707759,44,1778
halide/Halide,fb89ed72cc0710ddba7d0734e38b72e6f6b9c1fd,formatter,7.008869654219586,237,14689
hashicorp/nomad,b0a20b4dc965a38b0c843f47c16685ccad7439da,lint,9.472627544553452,2,6
hashicorp/nomad,f005448366ed3e796a2f22696d8c063dff4677f8,license/header,3.4743542918346138,3379,12579
hashicorp/terraform,0fe906fa8cf2fa02e790075c32ac9d7de91fcd88,license/header,0.6135670646690496,1824,3648
hashicorp/terraform,564e8d30ec6783f9d6ff6403f522b10420fe526c,license/header,0.6135670646690496,1,3
hashicorp/terraform,56c39007e281efd881298513d1f617ba39ac6ba0,other,0.6135670646690496,19,38
hashicorp/terraform,cee1246accc49bff45e9051d22f6f56e8f0b140d,license/header,0.6135670646690496,1,2
headroomlabs-ai/headroom,efd2ac1ca4d88d8f5990259c98b673c603902896,whitespace,0.437110997033995,74,47604
hibernate/hibernate-orm,05a9a8742e1684419ca4bcabcca060dc31048053,move/rename,0.47803128248029003,1049,99662
hibernate/hibernate-orm,09f4af10843fc1d1e1dcd01d1f4856991fa8989d,move/rename,0.4779910386087662,367,18946
hibernate/hibernate-orm,3710fc0e8332992d7b87f66839dc489c4f46a8c8,move/rename,0.4779957601338505,974,90563
hibernate/hibernate-orm,4273f1cde06f3622f50c2846078398c1977a49c4,other,1.5349150125484827,1323,135367
hibernate/hibernate-orm,6acfbba01701d767065ed87207269d96adbdc52f,move/rename,0.47794011585164903,89,5672
hibernate/hibernate-orm,75f4ce5d156e7987579eb32834667975d2d81ad4,other,0.47793041929677793,289,29086
hibernate/hibernate-orm,9580fd1af50a637431a7a51242cdcb35aa3c0fe8,other,0.46399792759905695,0,0
hibernate/hibernate-orm,9c7dd3bf34dfbb2f4fa9eb79a0294c2cc759c836,move/rename,1.6077133558952519,1321,135363
hibernate/hibernate-orm,b2a528f2945cee26667b22b867ccef143b7c430c,move/rename,1.5478369711258144,1,1
hibernate/hibernate-orm,bede74dc6f816065c78e31cd62ef16981dd90497,move/rename,0.47793520419803787,409,16310
hibernate/hibernate-orm,c448b6ba40c93c648b8d645d59ccf4bba55df567,move/rename,0.4778965764189926,149,18516
hibernate/hibernate-orm,c57ae64b723fc6c7cb23a06a6b871869dca6ff3f,other,0.4778855172763455,6,135
hibernate/hibernate-orm,c7cc700acfe372cf6e67d7e60b021a8bf08360c6,move/rename,0.47794626334068496,71,4672
highlight/highlight,50f6fc1ce1a529acd1d1ba2531ccb662200552a7,formatter,3.9678524982888432,1209,209768
highlightjs/highlight.js,d64f68e8aabc67820eec2459bff9a7a0fcc06b95,formatter,4.50967557735696,158,14232
home-assistant/core,053c4428a933c3c04c22642f93c93fccba3e8bfd,formatter,4.506298577838619,388,185552
home-assistant/core,496d90bf00429d9d924caeb0155edc0bf54e86b9,formatter,4.50634481075874,21,28418
home-assistant/core,4de97abc3aa83188666336ce0a015a5bab75bc8f,formatter,7.169109026034933,2676,306800
home-assistant/core,6bb4e7d62c60389608acf4a7d7dacd8f029307dd,formatter,2.5170884034273837,1044,40995
home-assistant/core,706add4a57120a93d7b7fe40e722b00d634c76c2,formatter,2.8439636093999545,161,1139
huggingface/sentence-transformers,0db9a35d3d4b017aa79dfb7e5c6db78592d4ae23,move/rename,0.5267205047278627,50,6912
huggingface/sentence-transformers,86e0a21228683fd7feac002cad5d7ff5536d3f2e,move/rename,0.4882206504930666,56,19612
huggingface/sentence-transformers,89278b37fa5fb5d63541a7b584116665b0f1c29f,other,0.5481805016858062,1,938
huggingface/sentence-transformers,a4318ac5b39e043eda56e40cbef637882f8e4030,other,0.5267542842294725,268,43036
huggingface/transformers,8008e6c83e1467dbe0ae3c81d19b29c17f4ff456,other,0.6285470377975512,1,4732
hylang/hy,1b8d0b4d9670ecbca944decc68e08643500ad3c7,formatter,4.4753297145537045,2,9
hylang/hy,ce6d23806ac4c91e678c34f24d0010829fbbfc94,formatter,4.481103601034299,35,4168
ibis-project/ibis,1fb3a21ab745ecfc915b17b36b57657080ac0344,refactoring,4.3700146715846575,12,68
ibis-project/ibis,20e3f8d39077829e5c9463e7654408ce27a292d8,refactoring,4.3700146715846575,12,58
ibis-project/ibis,2673ac391c89b73fb97bb646eeef898b4d48fe30,move/rename,4.3700146715846575,14,123
ibis-project/ibis,2aecdc910a4f55e5af9b595b52a900a2409c8c52,refactoring,4.3700146715846575,15,88
ibis-project/ibis,37ee8323e84d94551e2cd390f6dca36b6e1d2b60,move/rename,4.3700146715846575,6,23
ibis-project/ibis,4803894dcff2afced4a1fc651d40b235c862791a,move/rename,4.3700146715846575,28,261
ibis-project/ibis,5332737fefbef3eac1063d93034d7ce87ba1c01b,style,4.437797139199432,149,1392
ibis-project/ibis,5c0895a3cf4b5b96af1b8e5d8630f6a595af2002,move/rename,4.3700146715846575,7,36
ibis-project/ibis,64416c25aaa91cc9dfc2ab26f72b3766b9bcf9f4,move/rename,4.3700146715846575,23,99
ibis-project/ibis,6ecaaed58c0a4e7cf38c1f04c7c2527f9587af90,move/rename,4.3700146715846575,20,88
ibis-project/ibis,7901860b279cc15ea6ed40a16bc9aa333c0c0879,move/rename,4.3700146715846575,28,226
ibis-project/ibis,8a3326e73723ccfc15f6636d5664ad7c76abaa56,move/rename,4.3700146715846575,51,497
ibis-project/ibis,8fda6eec76220be87c477a4e40a423a0c91b2390,formatter,3.146790630466195,333,20203
ibis-project/ibis,96b5b584b47e67840faa1ea32a3beaa73065039a,move/rename,4.3700146715846575,12,109
ibis-project/ibis,bb025103420741836cf594aa8163962d03b71b7b,migration,4.437797139199432,4,32
ibis-project/ibis,bcd0091c6d38de2615dd52e4438f3ffe32454396,move/rename,4.3700146715846575,24,160
ibis-project/ibis,cd31389542561a94d9d0207e09c9c906c3831fe9,move/rename,4.3700146715846575,5,31
ibis-project/ibis,d36af084837d4d469efce060268295eec43139fb,formatter,3.9782302202955866,245,4778
ibis-project/ibis,e284a966b7bb32061c2756f9ed0dbc676ae07201,move/rename,4.3700146715846575,4,16
ibis-project/ibis,ecc9d173a889ed9b56228ff62a09e5e0fa97d427,move/rename,4.3700146715846575,2,131
ibis-project/ibis,fa1387ac8d6af8989cccd88ba4bf04d496b5ef3a,move/rename,4.3700146715846575,3,9
icsharpcode/ILSpy,0d9f871a4f7c478fdf3f7b699d74e77506e978a4,formatter,6.092464731158263,963,59015
immutable-js/immutable-js,0355483c301dba5e215e2c3d113125a274444e38,formatter,1.552175735797399,86,1481
immutable-js/immutable-js,67a4fa91a0fe147656886e8dc0227f2c24185b6e,formatter,1.2262919867163535,106,632
instantdb/instant,0fc48ea8251992954bd6f19a940fc5a32adc577e,formatter,0.851188493421553,73,1099
instantdb/instant,d440a98ac5a6e18f050692e410d2ae4b3db792e0,formatter,1.013073712829873,97,2438
instantdb/instant,de921d5ae4821cada6af1f5d11068f8f5d63e27d,formatter,1.6453658072857251,238,12741
instructure/canvas-lms,028e744bdc2a3ae632beef4671e3976b3484d1a0,formatter,4.442524431515705,32,121
instructure/canvas-lms,03e16bc261c135f448f416104dfaa8e2353a8203,formatter,3.5331245405227265,28,104
instructure/canvas-lms,04e28fd25c2e9a9c38092a21f8ff0016b93bda93,formatter,4.432505513727279,99,2383
instructure/canvas-lms,0731bded4fa740fdfe4b3e5ee17fb5ec7c6b2055,formatter,4.448301296676553,23,78
instructure/canvas-lms,0957de01c94a7b133becb128131684b3d94bd8f4,formatter,4.433834385377849,13,80
instructure/canvas-lms,0c585e3278429f1e84362759631326c57f2050a2,formatter,4.445382728724618,32,219
instructure/canvas-lms,157f0ae5d40e62bdb498b5998de1cbab62201f93,formatter,4.445515723629173,67,378
instructure/canvas-lms,16bb07021f97a8e08c8294e36c7b9c7cd8f72350,formatter,4.442556626612924,27,84
instructure/canvas-lms,185501719c381990600ea80c25be28fe5f1ab6a9,formatter,4.442556119603519,36,122
instructure/canvas-lms,1bf181eaa25398da89b68e7f75226ec1e472c6b8,formatter,4.602014253301899,430,8060
instructure/canvas-lms,1ccd29b412137b3cde736eb538df8a8201a80781,formatter,4.462402907698938,137,748
instructure/canvas-lms,2152076574e3fb0197dfb8f20e09bcc3af33e0a6,formatter,4.445209933581768,90,296
instructure/canvas-lms,23f8cf9da04dc70359e4dc34ad786c1612404c2d,formatter,3.5282699571577054,276,3282
instructure/canvas-lms,25271f376e371d6d3f2eca201090fb28d38d2f59,formatter,4.442551810023576,16,41
instructure/canvas-lms,25b301e97dcb76b44acf99612c7e66ff410cb9d4,formatter,4.432506432681826,162,2169
instructure/canvas-lms,274ea77dff81733f70e74fd7aa0eb728e6cfa1d5,formatter,4.565893382259741,66,198
instructure/canvas-lms,2766ab19cdd9a685a73d49a563c700f68e54118c,formatter,4.445382475219915,2,4
instructure/canvas-lms,294d98c6fd30af9ed92f38671e4c8e31cad3e916,formatter,4.451459743453241,115,460
instructure/canvas-lms,299314b162e3b351e1a3f4df0ce5bf101ce2a9dd,formatter,4.464397451010217,127,396
instructure/canvas-lms,2b3a208f9a13a1a90538aad8ac4117e108172c1f,formatter,4.461966182472685,150,625
instructure/canvas-lms,300ca66f2d774c1781cd9a8e472314fd56700988,formatter,4.432502978680255,34,782
instructure/canvas-lms,322f9d8a097d0436d11a13f90b7a9d0757fb093a,formatter,4.46413703830456,11,38
instructure/canvas-lms,33c5c980c58777578f6888639cd1a77d90f169ac,formatter,1.302394858924633,152,1596
instructure/canvas-lms,3512a9557e7a0467f37839bf73c1a0edeaa7b04b,formatter,4.452568699774381,215,1026
instructure/canvas-lms,47bcd425da38c81ac06c5a0b0a7bdce68e6b119c,formatter,4.602082731259665,25,252
instructure/canvas-lms,4896de008ed30710180923831b7db0da6f4fc102,formatter,4.602083618526124,79,786
instructure/canvas-lms,4d43809cae55a8c6cd4c01f90336468bb835dcb7,formatter,4.445212246812178,525,4479
instructure/canvas-lms,502aa068da4a7dd565cb5a78a5bf4d13d6069acc,formatter,2.9972963089715314,838,40315
instructure/canvas-lms,5067ecfb56a365b00862771532897a811c00f215,formatter,4.448295751261186,35,217
instructure/canvas-lms,548a2a17327cd60a09b9b28513e7dbed2c5c56d5,other,5.496987920500925,191,1875
instructure/canvas-lms,578a6e01dae3fdf895941bf9fa32334632546ba0,formatter,4.601620433746546,141,12185
instructure/canvas-lms,5851dc64973c633ebbaa253384ac9fa575a07ff4,formatter,4.4453794331634855,45,206
instructure/canvas-lms,5970adfb0f71061cefa6042e37fab6550f231c88,formatter,4.448839867417041,45,142
instructure/canvas-lms,5dfe4ec681690913668c26149db322c17b7f6a89,formatter,4.464482850406875,5,12
instructure/canvas-lms,5e3e92230797b9ccfe2d9d0c0aad5166bbfd500c,formatter,4.601670564301468,184,2241
instructure/canvas-lms,62fc5c033d6361bcbdbbe3ad8f93ff085b21713d,formatter,3.04931838923112,720,10451
instructure/canvas-lms,6311053d81bdc79d3343fea9035c8f1b7f039b82,formatter,4.464996767815043,74,276
instructure/canvas-lms,649ed905565e8b08695aca150cb79c1380e19ebe,formatter,4.601704185362639,295,12995
instructure/canvas-lms,685f1d979108261855322f10185fe29de78d10c4,formatter,4.587834467766877,76,100
instructure/canvas-lms,687a81dc8e60414c777577125bb675751a2becfd,formatter,4.439537385606003,10,22
instructure/canvas-lms,6b0095610cdcebde8b8fed968f9d76e165c79c8d,formatter,4.601318097700712,426,7180
instructure/canvas-lms,6bdee6ed50740f7991dcb6b0dd73e93d75d83fd2,formatter,4.464508612822268,53,136
instructure/canvas-lms,70dcd31831c71f0413e994275cd2b8a9d25e7c1c,formatter,4.4270795307627955,32,92
instructure/canvas-lms,77b7f059e9233fff20e6caab2c8ede691b371197,formatter,4.4425256990392175,8,39
instructure/canvas-lms,7c1f3bbb0354262145b37acf372547d22d86fc07,formatter,4.602141544350648,91,13127
instructure/canvas-lms,8125858d273d840e7c4c23753cc7ae59b032cc8e,formatter,4.466772156310999,79,730
instructure/canvas-lms,86d0e7ced231f1e75b3c2c0e42472d4aa353421c,formatter,3.582905987781073,2653,47645
instructure/canvas-lms,872e5458af233310179a20c253bb9432da83f3aa,formatter,4.447602099018937,6,12
instructure/canvas-lms,8a906e4000da86dd9f283b72e13f8510eb2d9aed,formatter,4.602006965041702,144,30389
instructure/canvas-lms,8d4fee2d25b3625e2d51d7beafb0684eef501f68,formatter,4.46499797196238,61,334
instructure/canvas-lms,8e0327867e4175851de68983308bf4106c9a5ffc,formatter,4.601703298096179,380,19390
instructure/canvas-lms,95ac9e1a19d968d7a46cc8cbd1f1edf7675651d9,formatter,4.464332395365934,9,22
instructure/canvas-lms,975fa9aabe5f604ef7ffeb9e2f5ef0b5fd4776fa,formatter,4.602081463736153,10,46
instructure/canvas-lms,9a92f3e4f23d38af8cfc9e4ba9dee902db64b633,formatter,4.442544204882501,35,100
instructure/canvas-lms,9b71ed2054a37db914b70c9c4be5e79fcee9b303,formatter,4.4317037100413215,634,7357
instructure/canvas-lms,9c1936f588577dd7ca913614f85e675b9a3fa3f5,formatter,4.602075316247117,3,11
instructure/canvas-lms,9c33ecc8dd5851fec2f7ed9cdb346c10b1ca0bca,formatter,1.3025860014703272,1941,16551
instructure/canvas-lms,9dc8a3966aa10209d45c381234a7e27eb74a40d1,formatter,4.445232400436028,1,3
instructure/canvas-lms,a0096a33755d08a413591915f697b3b943d2d84c,formatter,4.445211834867036,14,61
instructure/canvas-lms,a38ba75856101d16a484109b9a3c7d2b8704ab16,formatter,4.464997591705326,22,48
instructure/canvas-lms,a690e90aa816cd3d9b5ea80434476bf23125bc59,formatter,4.462384813800796,181,724
instructure/canvas-lms,a78f3fca8ca022a97759234218213e4f8d887989,formatter,3.5828627335412073,339,9434
instructure/canvas-lms,ab80e0acea0301d5ac41d7bfb39d9f56e4cb724c,formatter,4.442534413263366,15,132
instructure/canvas-lms,afa38f2686baafdb2d61a401c50ce570084d505c,formatter,4.445378609273202,18,52
instructure/canvas-lms,b07e9bb880faf13b6e86352accbf39160fdae42b,formatter,4.433833751616093,9,18
instructure/canvas-lms,b2b0bff902677f75180fc8e6139badb4a8ec62f4,formatter,3.049838137247446,219,738
instructure/canvas-lms,b2d5e59698aaa4181bfe0a60f31da49d11eb749e,formatter,4.466771807742034,43,109
instructure/canvas-lms,b5f542abdcf38c1308f6be07b5584d140fcac349,formatter,4.445381049255964,54,438
instructure/canvas-lms,b70d3ab89dbfeaeacad20b9be99125928534666e,formatter,4.462145663802064,152,1161
instructure/canvas-lms,b8e71beae40d8ccfadcaebc0faac4ece1cd97580,formatter,4.444917547595508,33,70
instructure/canvas-lms,b973c7ca270fd7204ae7d2861aac22df21dc4b87,formatter,4.580520128273379,45,152
instructure/canvas-lms,ba1fdaf2a9b57c897a70f66e608d9a42043b4d43,formatter,4.464998415595609,147,2290
instructure/canvas-lms,bac1dd1bc055c32f4f92b06f1630bbedbbb7f2e7,formatter,4.442553140923264,13,38
instructure/canvas-lms,bb548e0b2cae6ec8746f54f78a98e8751eb28c33,formatter,4.442526998250818,15,60
instructure/canvas-lms,be9e8519e0a9aae610e0451dcdd259eb88bbe42e,formatter,4.442519298045479,2,4
instructure/canvas-lms,c056882fb98aad0e98e928e5af4890c9cd2388f4,formatter,4.4425493700408145,47,149
instructure/canvas-lms,c06809173f5e9f9d4305e1d338d7b11d00ea8bc0,formatter,4.439958837173929,14,120
instructure/canvas-lms,c119dd49bc5b40836bfffd9d386d487c494b2753,formatter,4.601690337668264,238,7733
instructure/canvas-lms,c2be81fc42dd6dd288f385e21ddf2489a573c187,formatter,4.464505444013486,8,58
instructure/canvas-lms,c2cba46851df512ab26e827e4bdad76b848f6db9,formatter,4.42707918219383,4368,214095
instructure/canvas-lms,c2f9a661921e27266f175669769fa8881031de2a,formatter,4.447678657439096,22,66
instructure/canvas-lms,c302dd8bc186533cca7a68455f5c3ec4da56f1c6,formatter,4.43250348568966,468,5026
instructure/canvas-lms,c3c2c7dd6541be340abf8f012d88061e85d0f1bc,formatter,4.601184247217786,1,2
instructure/canvas-lms,c4bc11261196b705d703d67ca5fb760f8e7a7618,formatter,4.445209078003397,213,840
instructure/canvas-lms,c65d57737a72f79e66b2d8a37594c1c459d5160f,formatter,4.601619514792,584,14105
instructure/canvas-lms,c6f2f9a81beddc714a0523e3780c7eec47b50ebf,formatter,6.559581305295713,127,5469
instructure/canvas-lms,c776b6ef3a39ed345abe81f04d7057ceece80a41,formatter,4.439537037037037,74,180
instructure/canvas-lms,c893bf9d12390b846f5437e98db60046f1e9f364,formatter,6.5534643635764445,152,51265
instructure/canvas-lms,cdc46bd7c155e2448ef32d0248a5da624f8c8ee8,formatter,4.433818604710117,3,5
instructure/canvas-lms,cf213ee24b450e6d3977bbb7d5c292f3897599fe,formatter,4.466771015539838,101,535
instructure/canvas-lms,d665b7a6fd1f173ce8808b6f3fa96234d7415acc,formatter,4.44169677035009,17,50
instructure/canvas-lms,d6cc861d509a9dbf23827a6a2e4c23ac1de8d2ac,formatter,4.44567204096636,12,28
instructure/canvas-lms,d91263c442f0041ad4c17ca037c35254df28c9b9,formatter,4.448061988237382,87,266
instructure/canvas-lms,d93722cffef37701055f09431506581fecf8e46d,formatter,4.602075728192258,206,1084
instructure/canvas-lms,dbfd4d4de421b767f81d6e66750bd43f7faa0c30,formatter,4.4425571019342405,111,452
instructure/canvas-lms,dbfff50c2d62f84b8ff448de6c7c70c1bff3891a,formatter,3.049835982457475,66,371
instructure/canvas-lms,dd84f1faed7d028148e429c257af4ad3842f01d0,formatter,3.588854285496996,624,12342
instructure/canvas-lms,dd8fc67c414faf398380463d4a872c8cbd6121c7,formatter,4.60212614393997,371,5582
instructure/canvas-lms,ddfd72ca17165bfc58271f9c2a85796d5ab34247,formatter,4.466746932593099,126,3105
instructure/canvas-lms,e0b90383b90f4ffdeae76e816aaaefd7fd54b847,formatter,2.3020338999163434,130,1883
instructure/canvas-lms,e216f64638bc47569d8f476eb1cbbdda02ecf0e6,formatter,1.3024885606002992,1292,22767
instructure/canvas-lms,e3688a773968f2a160b5460adf5481e602bafbc2,formatter,4.442526554617588,15,90
instructure/canvas-lms,e62273dfdcf1e60f3e73d7aacde1edae059b7f38,formatter,4.445195832382691,16,72
instructure/canvas-lms,e73cf9ddf4a9748a4255373c97624222bdc29b8c,formatter,4.427080164524552,1893,80401
instructure/canvas-lms,e905d82fb99e636970702dbcc107a6b0beaca299,formatter,4.442525984232008,15,36
instructure/canvas-lms,e910bf28f745b276d132cd2e28201c1a5c534ef9,formatter,4.431702062260755,4,9
instructure/canvas-lms,ea68d75b246914a1164630f1f6afb764e6a08743,formatter,4.60208323826907,6,29
instructure/canvas-lms,eaca556b81d27b45cdd0ab9b74e62b4111c20d00,formatter,4.428736215681801,153,685
instructure/canvas-lms,ecd0798aebf010a58bbb5503a79dc115ddbdbf16,formatter,4.442021446497833,167,1217
instructure/canvas-lms,ee1a5e0768dc905135ad0a5d01861f7626b8504b,formatter,4.442519456485917,13,48
instructure/canvas-lms,eecafdca0b1b58af1c486984b0a849bda7c20f29,formatter,4.439957696402768,73,566
instructure/canvas-lms,efc87c595acba04dac6fd0a15be166cee696b02c,formatter,4.4337904973762265,22,346
instructure/canvas-lms,f23a4917d792f49f46d866d440916b3d089dbf75,formatter,4.466747724795295,57,316
instructure/canvas-lms,f5a4bfe1bc4979671e676d677da494b9971f0b84,formatter,4.445380257053769,50,128
instructure/canvas-lms,f5cdb0d986d870366b9e55a1d3776edc2b53c08b,formatter,4.601675285826552,433,16249
instructure/canvas-lms,f946fffbacc66d07bd28aa3f2c36735a7e89b107,formatter,4.451338980150582,12,24
instructure/canvas-lms,f980a6f3a7517a2d5024ab1abf198dd96a9237b2,formatter,8.680705662027531,2,4897
instructure/canvas-lms,fa07d9b198d4aa6b15dc65e9e64e0cf0788ac289,formatter,4.448839613912338,19,74
instructure/canvas-lms,fc56bce623218d9c0af3dbba12f4c866799149ab,formatter,4.436295155525135,3,10
instructure/canvas-lms,fd6b50710c80e89fe3a397ae882fe6d03fc1eb28,formatter,4.461946314041626,106,890
instructure/canvas-lms,fe75025e1dac56323f12095699b2700542757fe5,formatter,4.447602669404517,142,586
instructure/canvas-lms,ff99d1813848f2b926ddb4d62e9cef1b8d0fb2dd,formatter,4.440467557735696,410,11160
inventree/InvenTree,0bace3f3afaa213c63b5dcc70103f0d232637a9a,refactoring,2.489865959388547,6591,1973532
invoke-ai/InvokeAI,182580ff6970caed400be178c5b888514b75d7f2,other,1.516885251096408,67,585
invoke-ai/InvokeAI,218b6d0546b990fc449c876fb99f44b50c4daa35,formatter,3.180017713641088,148,11756
invoke-ai/InvokeAI,8e9d5c1187b0d36da80571ce4c8ba9b3a37b6c46,formatter,1.5169321177782848,4,6
invoke-ai/InvokeAI,99aac5870e1092b182e6c5f21abcaab6936a4ad1,other,1.5169388039648135,11,32
invoke-ai/InvokeAI,b3dccfaeb636599c02effc377cdd8a87d658256c,move/rename,3.5791513613202524,0,0
ipython/ipython,0233e65d8086d0ec34acb8685b7a5411633f0899,lint,5.741508574796563,1,12
ipython/ipython,50624b84ccdece781750f5eb635a9efbf2fe30d6,formatter,5.741508131163333,1,126
ipython/ipython,6e748726282d1acb9a4f9f264ee679c474c4b8f5,other,6.394480917433518,1,197
ipython/ipython,9c7476a88af3e567426b412f1b3c778401d8f6aa,formatter,5.7413850229421755,1,2
ipython/ipython,a6a7e4dd7e51b892147895006d3a2a6c34b79ae6,formatter,5.741508543108474,1,147
ipython/ipython,b7aaa47412b96379198705955004930c57f9d74a,lint,5.741385054630263,1,16
ipython/ipython,c5ca5a8f25432dfd6b9eccbbe446a8348bf37cfa,lint,5.741508162851421,1,8
janestreet/magic-trace,18c9878c95c38cdeebb8abd108b615f44dc2953f,formatter,4.202132006236216,20,497
janestreet/magic-trace,1f28c8a51ffc664d18aa9f3106eb084d5daf8fa2,formatter,0.46239881993560983,10,84
janestreet/magic-trace,a79dcc8e199781b5fd2c167685652aeb4af09e61,formatter,3.851748009988085,25,1649
janestreet/magic-trace,da1edf3d8fa58bb6153a6c051a07f7042d614b2d,formatter,2.589798273632976,25,564
jart/cosmopolitan,04c6bc478e082263d67c41bedbd033dde2d429eb,other,2.1193994156716607,13,26
jart/cosmopolitan,2b315626f3af765cdfbc61114647412cdb798b3a,other,2.58969297411717,19,1406
jart/cosmopolitan,2fc507c98f53a76718f61f9a36602f86b5ac0cc9,other,2.6003610857606407,657,1328
jart/cosmopolitan,31194165d2afca36c2315a6e7ca2f0797dde09e3,license/header,1.9555511509113495,743,4061
jart/cosmopolitan,369f9740de4534c28d0e81ab2afc99decbb9a3e6,formatter,3.229465295206226,228,9481
jart/cosmopolitan,394d998315f613a888cc6b6c051d4163bdf5cd6f,other,2.6205342611605444,3601,7204
jart/cosmopolitan,3a8e01a77a7c97af0b16fb1651b230cee7f7d4c6,other,2.5897918726392373,202,1820
jart/cosmopolitan,6e6fc38935054db0534d5af4fb99c6193305b946,formatter,2.2323296448399117,863,13830
jart/cosmopolitan,86d884cce24d773e298a2714c1e3d91ecab9be45,other,1.9985856338885086,612,3326
jart/cosmopolitan,89fc95fefd40413706ff1bdaac2e8d98b328dbf1,formatter,2.0923631074606432,38,261
jart/cosmopolitan,c0eacf2eb1e1c0b3bd4f71f12fef258f5b249c3f,formatter,2.5350069080031434,1,3
jart/cosmopolitan,da8baf2aa5ce93b958aca90a0ae69f537806324b,formatter,2.62266249651431,1,9
jart/cosmopolitan,e16a7d8f3b8f906c3ef76e79f57f3adfc7f25186,other,2.6145275622987807,3601,7204
jart/cosmopolitan,f032b5570b4cd87c6bb4abb54c0b98e69c939955,formatter,2.130700782062007,183,2101
javaparser/javaparser,5106428130cd3ff052a57d37a3d192f040da5edf,formatter,2.2979513334347352,1179,82355
javaparser/javaparser,d379a0c00a9e94eb4e9d0ecba5568e58852b411a,formatter,0.1876868012776637,9,2545
jd-opensource/nutui,41772b4225c020af0893516081e57c1389d8b387,formatter,2.011780585342358,1705,51272
jemalloc/jemalloc,554185356bf990155df8d72060c4efe993642baf,formatter,1.363823104418587,1,155
jenkinsci/docker,9ade9569a658c0ed27107915d7597fcc98d7a577,formatter,1.5148497667756737,1,344
jenkinsci/jenkins,e27b310065b3c036b5fc9d123f1d1d99d3058c00,whitespace,4.735256705199381,1322,24400
jenkinsci/jenkins,e3fdfa527e4fefb4b37f04c92a2dd87b8a374b75,lint,4.094151234567901,1066,38621
joomla/joomla-cms,10f250f418851674c2e4104b6b39b9b665496544,other,3.7081565771795066,1042,12254
joomla/joomla-cms,1e7527b60ec42032abe7bfb9c000bacf38f65845,style,3.6615650112809592,911,10872
joomla/joomla-cms,dd91072a956a19a43798515239892edd2b49ac7b,migration,4.257501172459249,1758,5276
joomla/joomla-cms,e7f5cc182bb1cd39c7f085d529888ac4fa6fc77e,migration,4.257506432681827,2572,690428
jupyter/notebook,a7717d90f128368296fe3434deba5acd6031edab,other,4.491866143179456,14,357
jupyterlab/jupyterlab,1bcbf90f26bc9141681965a094c75985b758a2c9,license/header,4.164093910817046,306,1435
jupyterlab/jupyterlab,6df5e0b6e8ec740ffa2f84f198820d1968e4d74d,other,4.508864425685096,164,10492
jupyterlab/jupyterlab,b57ec962a7b8cda65bb89a72223f195564f8387a,lint,4.372139294496413,110,1993
jupyterlab/jupyterlab,d86e3cd521b345abf3c6548585d12d63a4226d55,other,2.3742890143737165,12,245
jupyterlab/jupyterlab,dbdefed9db9332381fe4104bdf53ec314451951f,lint,5.306171508606485,446,4050
jupytext/jupytext,961ce04d240560ea5d54b5d1ab40e6b5d76b4474,other,1.0828050612213858,87,2830
laramies/theHarvester,c13843ec0d513ac7f9c35b7bd0501fa46e356415,formatter,3.181253073744518,50,3075
libfuse/sshfs,d54c7ecbd618afb4df524e0d96dec7fe7cc2935d,whitespace,5.045683448677973,15,153
libgdx/libgdx,2c9030de2ddb983cfaeb5736089453b32c559cc1,other,14.119192270641621,1121,116881
libgdx/libgdx,79cf00af53b7f38667291fbacf544d3074a811bd,formatter,5.030671882525921,1995,471317
libgdx/libgdx,b97b34a82af276a09bec2885854dc391ec65023d,formatter,12.520603087687277,186,23185
libp2p/rust-libp2p,f701b24ec0f99be49444a6e7de950c66b01b2f3f,formatter,5.137503263873045,171,17146
libusb/libusb,0780695dc99f1431dea0570ba33ae1f73dee8133,whitespace,0.32079438867340987,12,56
libusb/libusb,173ba594e7d42a5b9974ca8513a41ec50e93a624,whitespace,0.32079438867340987,11,554
libusb/libusb,bdec8ee57fedc0c313ee1f2955a94d9955aebaa9,whitespace,0.32079438867340987,2,4
libvips/libvips,873ae7305f07a3a1493249148c1d0f0a0407f797,formatter,3.2092362220194186,564,194492
lichess-org/lila,02354d6ac319462e58f1016499912d342efb97d1,formatter,2.0058789958678735,275,5488
lichess-org/lila,02bcdbe4a32467dcc9403e2787126caaa249278b,formatter,3.6810326197175955,1,9
lichess-org/lila,02e1b5a25b222b5bce1b7c4f87044d027b6c506e,lint,0.6098708710421579,63,548
lichess-org/lila,0b0545e15ad527e7fc99c5b854123727ac5f6b5e,formatter,0.7022913339417446,1,2
lichess-org/lila,1aae0c7b022f9e505e1ca7fec3b32efeef9f9981,formatter,2.503618462747484,9,50
lichess-org/lila,1e8dd3f03b5b8bb7fa00195bb45f04208f6170e6,style,0.6213854665754049,158,1802
lichess-org/lila,1ef606c9ecd40f896851f082ba7f14e042bcaef3,formatter,2.550809218698507,2,18
lichess-org/lila,25f3a04cfa92992a2109e7cb3f3ec429a972ca8f,formatter,3.177189868684564,2,12
lichess-org/lila,2b774ffaf8926dc9986954f3c427cbe479e05f6a,formatter,2.2959649973382006,8,95
lichess-org/lila,2ea7f4839ff2b07fac7d8412cf2d14552ef87753,formatter,3.240196497832535,1,2
lichess-org/lila,33e37c6865ac9ec0bb0346e7446af070ee9468dd,other,3.2401992230080867,1,2
lichess-org/lila,35c26fbd9bc0895d0119e4e313003c220417d4bc,formatter,2.076894947651279,267,5224
lichess-org/lila,41b34ff3926db68c05a6a97253983f23ba21184e,formatter,3.2842050409410093,229,2199
lichess-org/lila,42aeb55b54691fb7a60e9a6e600e5551518f7dd6,formatter,4.135791124800365,9,214
lichess-org/lila,49c56bf18f8ffe30f074549d47c48ec590303ffc,formatter,3.9052577192181914,13,30
lichess-org/lila,4c06b75e1315f0cfcb3ebeb56a6d4c9cdcd6d062,formatter,1.7145260095824777,342,1353
lichess-org/lila,6de0742336f1167faddc841fe6d34f1f1fd2f57e,formatter,3.697332686896342,51,154
lichess-org/lila,6fb1e4363f3ed03acbf7aaffa10c63bc591a099f,formatter,3.1556046404035794,1,9
lichess-org/lila,713f23c8070a919013039f41a49461d9424c338a,other,1.60014858544376,51,1372
lichess-org/lila,72d993c45d9b9d17395e0f0a2726af325ef0621c,formatter,3.1293633229396405,416,3789
lichess-org/lila,73e7950a05caaf5e6d697066d7c1b1c0295bf3d8,formatter,4.236668314447233,17,148
lichess-org/lila,75097f533a362ba58cf14a72d2c5df8c5e276148,other,1.600164746368545,258,4456
lichess-org/lila,77ff4f65eba676363012a04f128aa1b96a7c8c2f,formatter,3.2403572198139274,618,4883
lichess-org/lila,7b84562ada7f2985bdc8bff6c190b503ffda8524,other,2.5817325145131442,1082,29602
lichess-org/lila,8262679e7b93391d77c34009da4221bece583158,formatter,3.220968514715948,16,280
lichess-org/lila,84137814df3b827196e1438f3bc654c0dcc1c1f2,formatter,3.33577220701194,3,130
lichess-org/lila,84aa22bcd511a9eea369c3d6e0ee0d6c975076ca,formatter,1.3318880396481354,514,2552
lichess-org/lila,8c93d107a01f21fa39b8103fc8a6a12e9aea86c2,formatter,1.1623564846502903,4,32
lichess-org/lila,94063c367bc120efdbb548e3692a4c260f4ef662,formatter,0.8447252959667402,7,108
lichess-org/lila,9948008e7fcdd0a12961d21f689fc0cf63ef1413,formatter,3.210259493751109,1,2
lichess-org/lila,9f15e99faca15f72e4a98462afe287741e26d34a,formatter,3.2401980505488375,5,39
lichess-org/lila,bddf2f77e51c4b06a7fefdab4e30331e07be2ed8,formatter,1.185512523132304,1109,22170
lichess-org/lila,c6fda0645d33dc6db642c95b0836380ad5fc562b,formatter,0.9598770502192816,4,5
lichess-org/lila,c8059e97d696d0bc3056f42d3001ab240a408cba,other,2.549080316627373,52,292
lichess-org/lila,cbccd3b23a3ff97e7aaa8e3e4904aa4c521f0103,move/rename,1.5206341420133342,1121,50698
lichess-org/lila,cd9708a0d772fe445635ae05306f1cb9365902de,formatter,2.546255640479631,555,1500
lichess-org/lila,ce7eb94ec40148503673a8991ad5ee1c63617897,other,2.5463286815220423,985,4576
lichess-org/lila,e2478dfc217e5bf034a810a5449494b76d471282,formatter,0.9490363652495754,6,70
lichess-org/lila,eea12a89f8550d74518f19ec9cda404e3f73b3d0,formatter,3.9436971442695263,1,2
lichess-org/lila,f058dab0bfdfcf3f40d510526607e3e359354e54,formatter,2.172593543235227,4,8
lichess-org/lila,f5e7d4a6633b060f0ad6ee2cdd5e4161f16b30a2,whitespace,2.550809377138946,84,406
lichess-org/lila,f617815e0a3a2d96de9aca3a04d589c78cbd14e8,formatter,2.104795136512282,52,769
lightgbm-org/LightGBM,1b792e716682254c33ddb5eb845357e84018636d,formatter,2.604076640809187,30,7087
lightgbm-org/LightGBM,50f11a9f3c066eadee475ea567f9e9d49e6bb827,whitespace,0.9597167084949426,11,2708
lightgbm-org/LightGBM,6330d6269c81dfd4c96e664b99239b8ff39ccf91,formatter,2.6220971176515326,10,378
lightgbm-org/LightGBM,dd31208ab7a7aea86762830697b00666f843ded9,formatter,2.5878062653687226,10,3603
linera-io/linera-protocol,359c74a60671e54cd017eda7b0622e3c4a5c6c0b,other,2.465080075797906,16897,956360
linera-io/linera-protocol,f0a4fad16b59fdf726f03eed9d523dbabd610402,other,2.4704071602403226,1,12
linuxmint/cinnamon,18d2377f8839c842232e096570d7b25a46953f39,whitespace,3.91233474662205,1,134
linuxmint/cinnamon,19fa83fb64c300a4a3ca22b5e42ff082fe260bae,whitespace,3.531427041346617,1,116
linuxmint/cinnamon,367ff2c0c9719495a85bc9100d75460003f43865,whitespace,2.8717563439551803,1,331
lllyasviel/stable-diffusion-webui-forge,9c54b78d9dde5601e916f308d9a9d6953ec39430,formatter,2.111424474611504,21,3066
locustio/locust,2e7a8b5697a98d1d314d6fc3ef0589f81f09d7fe,formatter,5.417647444672599,4,10
locustio/locust,313b80f27f525441c449593a3aeaf38389f63c13,formatter,4.582551905087839,16,116
locustio/locust,496c5bd40347b97f917ccacfaf57ceed8f6690b5,formatter,1.534713222805283,1,2
locustio/locust,60f3bceacc4ab9567433d40ae3ed280750f55ff1,lint,2.6984299186249907,4,23
locustio/locust,64428a0b4dfc75a00b175b4231db33704d8f5d36,formatter,2.5722989707709076,8,79
locustio/locust,6ec972f4dbb880bf0c7a11809e6c1ba194c9784c,lint,4.582602510964079,36,223
locustio/locust,7c0fcc213d3988f6e7c6ffef63b24afe00e5fbd9,formatter,6.080983439805308,65,4890
locustio/locust,92268e16d5666d429ccea1742ecb90475f284c89,formatter,1.5347916825107106,3,19
locustio/locust,b5324820b299b1fe7da0608f0cc8ec47f58b1e40,migration,2.700941421400867,21,524
locustio/locust,f99e9df700a8020e4c1967eb42dcb37ddd26e296,style,2.692456207062641,87,744
macvim-dev/macvim,19e1dd6b6aeb96d64122332a8c3d17b9d5ca007b,whitespace,1.3916661279691738,2,110
macvim-dev/macvim,355db99d12a89f05765948b33eecd6d9733e16bb,whitespace,1.4195838403427383,2,112
macvim-dev/macvim,3cf094edaff815141d9941b8dba52b9e77d8dfc1,formatter,1.8569779704413516,3,3205
macvim-dev/macvim,562610cfa327c8ebff12a1700525e17a070d5e2c,whitespace,1.4028086736633965,4,71
macvim-dev/macvim,8ce738de3fd7192fa6274730594305cde780074c,whitespace,1.9042676249144421,2,266
macvim-dev/macvim,a4a00a7ad0cfa26685c057c11a09bec2c962346a,style,1.3916511395036377,9,38
macvim-dev/macvim,c2a9000bc1b4a2cbcfeef55450c184b16906d910,whitespace,1.4029309579942708,17,3194
macvim-dev/macvim,c363ca1ecd1f8db03663ef98dcf41eeacc3c22c7,whitespace,1.7751445927446954,2,17184
macvim-dev/macvim,c673b805ad80d0aef07e745d412a2bf298ba1c07,other,1.772482096230385,1,5791
macvim-dev/macvim,e89aef3f65388a8b627c77f250525f2a264716c5,whitespace,1.3755027632012573,29,230
mamba-org/mamba,01a336c0c154f15d7a5414bce4af85b71718ec65,formatter,4.658813534616067,2,6
mamba-org/mamba,0f4ad44c2e6ea11825c8ea3c4e92cf9bbf633086,formatter,1.8754905949755367,5,22
mamba-org/mamba,1230b9209466fdd386a3160033f1d71af5f244e6,formatter,2.8409570436281593,31,1125
mamba-org/mamba,156edfd89f39cba9c8028b8a35656233fae9bdaf,license/header,3.5475416064593,56,165
mamba-org/mamba,21675b6517ff5da3c4dc91b9083366136308db2d,other,2.813141525337795,88,165
mamba-org/mamba,245de2009e037ac3bd68f68578bfbf35f296efff,other,2.507266743985601,98,1129
mamba-org/mamba,365342cc045a21bfb7a93fccd50a47fdbd573e47,formatter,3.6079143217481686,155,10983
mamba-org/mamba,3719781cdfef64081114741cf1df39573c1c2831,other,4.6678152014094865,10,119
mamba-org/mamba,3dce9901118a837f889139a052ccc915e0b63198,formatter,3.2580838530179737,124,2788
mamba-org/mamba,3e1e97b0e6e49cac042cff7396fbbe5e71a63a9f,lint,2.3439122746976957,123,764
mamba-org/mamba,48d595ae455e6b15778077d3ee898d8f48ee8526,other,3.297894326564758,14,24
mamba-org/mamba,50a627e002d8260fa2e116e5833190a135aff4e8,other,3.255705218394301,125,2985
mamba-org/mamba,557e232ff5c9d44ea9eeeaa68c5975b2f0566074,other,3.8932555707658376,1,8
mamba-org/mamba,5c2951cc181d383e131fc345d439fc2878fe94db,other,6.159255805257687,60,1302
mamba-org/mamba,5fd5c955d1dfa581a8f9a1eb62f1a72f41c6680c,lint,3.873376017187619,2,14
mamba-org/mamba,6e4011c38d52928594e5a8ca5967956edf83bc29,other,3.722437257586128,3,16
mamba-org/mamba,81f2ffe03681f1312f341b655d90b5346275fbed,migration,4.503430330570132,1,6
mamba-org/mamba,98f2530d2384f7e4a03742b5b191919391ce71e6,lint,6.1563911704312115,73,20783
mamba-org/mamba,99290aeebfcc72358f20d22cea31a0d733f1f9ec,lint,1.8013651545111162,1,8
mamba-org/mamba,ad9b2d6b8840825411a3c23251cfbb978ab60e89,formatter,1.863736849443557,77,828
mamba-org/mamba,d0c74588392c584ffc8ba5be92bd0924454b756c,formatter,1.7113681965675462,52,12447
mamba-org/mamba,d116ff891798b0d915d84d496d65ec143412febd,formatter,2.8966307323750855,13,733
mamba-org/mamba,f67914ef8a77d60acef3eb2e598542d23fc26e28,lint,1.806286472989074,16,142
marimo-team/marimo,451981485d4c0fa72ebfca081342e16405909f7d,formatter,1.5940161799376378,196,2029
markbates/goth,042f5311fcab71f9bd8ac33c1e25597799eb34d7,other,2.9553584556493524,1,124
matomo-org/matomo,01c30b930db2e8f96b0c146c21f895832e26fab0,style,2.7862896101097676,11,43
matomo-org/matomo,03a33e890aa214ff8607f86c99d76f6e0ac739c5,whitespace,2.698748098714731,6,35
matomo-org/matomo,04f8ed7c3406afbb155ba3af765169e6579eb3e4,style,2.778753232184957,2,5
matomo-org/matomo,0c3c91336b85412d406bfcad5a55fc9ca34a2bcc,style,2.7036556328744896,6,15
matomo-org/matomo,115527353a9e75e01aa4d263408956ae45403bea,other,6.435292892995665,2496,5849
matomo-org/matomo,16f8db6d5c6e5cf1e79344877749077ead1361bf,whitespace,2.755099025274419,68,86
matomo-org/matomo,1903b100fa47d4f702ce9a6eb05d4e64c0fa7daa,style,2.7972436750576724,170,172
matomo-org/matomo,1ae6df0f08783e8614c9fb14fc4bf7553537ce53,whitespace,2.81511002104089,3,5
matomo-org/matomo,1d0691ca25da156e4ea3fa2a9eed9be55c9dcdf2,style,2.700695870408396,21,61
matomo-org/matomo,22162916d36389c7c7f3380ab3467890a0c2ef6e,style,2.7853564276117324,51,140
matomo-org/matomo,2c5c72e2da4c015efa78069c9c1b407fc55a6483,lint,6.479609602758131,90,414
matomo-org/matomo,2cb62b61716129dca0b5d9fa2f8a5b3ac1eebac4,other,2.783227400055771,6,11
matomo-org/matomo,2e3c5156818f5c3b986243870d02ff99c3319f2f,style,2.7775781111364615,7,39
matomo-org/matomo,318dbb9ad02aa8f1c050b137e59412b7691cc561,style,2.4739108487337442,2,6
matomo-org/matomo,3340b3f7a096a5c1aaf2cb65389d09a59f2d5d54,style,2.473909486145968,9,19
matomo-org/matomo,3d5cd3dbe74422cb472433cecbacc49e08195ef0,whitespace,2.4737355819200446,143,233
matomo-org/matomo,40ba1b12db9016d37942832397674d20cddf1218,style,2.796537284204122,12,29
matomo-org/matomo,4bf4190287d599d4ae6a67ba4bec1366d5cc541c,style,2.783393382259741,3,7
matomo-org/matomo,50d3b2a93bdb01eb1cfad5f6a91bae00cdcb30ae,style,2.818043514082186,12,34
matomo-org/matomo,593437a3fd35381c13fe5cf7fabae5767dc3a519,other,3.380784311861485,645,1248
matomo-org/matomo,5979482c4d14067952a04da279072f211f427ba2,style,2.799531016300352,7,59
matomo-org/matomo,5edd0d8f20380fcd2c238be4d78b74ff91f3f88a,whitespace,2.473908472127158,2,3
matomo-org/matomo,6199cd6f6cad3a9e3cd44649d40fa36b6b84dc9f,style,2.6869652318300505,147,1651
matomo-org/matomo,6678846dfea6f1318681f91f02b086cf80283f50,style,2.6816566532309176,6,65
matomo-org/matomo,67c67f3149728fdad7a1ac1c9a5d95b04db0264f,whitespace,2.8024389687428704,43,1341
matomo-org/matomo,6ca6c341ae3d499448c65e799a5b46773d41e240,style,2.4716361510381017,1,1
matomo-org/matomo,6fa0f5bb8bd0cb06c44db97e226612af9f844a81,style,2.794330747585368,3,7
matomo-org/matomo,73823f71570e858b55de703a7011c87bb68c5aa0,style,2.471258017086217,120,426
matomo-org/matomo,78154fa198983b828dd80fac8af76397b82cae40,style,2.6603244860192157,44,234
matomo-org/matomo,7ccae042b39c80b26243f18f93b1c8042de178ca,style,2.7410258384668036,2,3
matomo-org/matomo,8878b7a5872bfb52a22124f529fcd7de7270f370,whitespace,2.7036594037569395,11,61
matomo-org/matomo,8bfe2c7465a25081d8e5a23fcfa9b2f888272d41,style,2.7797986538900297,555,688
matomo-org/matomo,8f6e92f4b5c0e813fb09f2bae2fb91f7ade024d1,style,2.7775794737242374,3,15
matomo-org/matomo,942300387c974a8313b2bd5ecdb486957cca02c4,formatter,2.7919395327908334,33,300
matomo-org/matomo,9c7fb7b8725590c3442c8f3bbf66d653f2dee431,style,2.6818495386214414,16,74
matomo-org/matomo,a00487b0b841c4b15463b591c7f62176c4b84d15,style,12.002411209977945,228,4173
matomo-org/matomo,a2a63d34ebb460174e1a3e8d8022fe3e3ab4b469,formatter,11.34757291429006,327,1597
matomo-org/matomo,a8fbaf86abc13de414f1e2ceb855a49bb28de593,other,12.309621834360028,888,1792
matomo-org/matomo,aa2674a8241d5e4e55a2f7fbb74292e06eab8780,formatter,3.3559844855122063,28,425
matomo-org/matomo,ae4b03163792f0b6e933933e5d37df87dc3fd566,formatter,13.51164169645347,854,242796
matomo-org/matomo,b16a791aa3650d85af829156129c2bd44c7cb075,other,7.23994752452658,2027,4054
matomo-org/matomo,b244cecbc1a558881ead863590e2a8fb89db6a70,style,2.703653763277309,18,45
matomo-org/matomo,b40e4d1da3296b05e5aa1abe64ee12548023da77,migration,12.827255558090602,48,213
matomo-org/matomo,b5729c235c84ab76680ddf0736ecb543f5c283c2,style,2.796833377696656,13,41
matomo-org/matomo,b9c6430c0569308350c3b33231646016d19924ea,whitespace,2.794697378761376,165,23225
matomo-org/matomo,c148be46f61eea7698da76dc29519497da9248f7,style,2.4794590526529268,274,1786
matomo-org/matomo,c9d77e5929e1bd93f38f83e6ebc6bfb5464d8355,style,2.4784498187441377,5,11
matomo-org/matomo,cc2a090a29878cac4f31b68b6917862e765c2d0d,style,2.7971444913428143,190,782
matomo-org/matomo,cdb91f5ef101306f163246535d639fc02ac86e34,style,2.4716402704895177,45,149
matomo-org/matomo,cf9e1290b23f44c5f2e1465292d609f15f50c840,style,2.4727916254721527,92,382
matomo-org/matomo,d12b0a7b48ec738bc0647c52787c859f0bc41cab,whitespace,2.700771573250184,2,3
matomo-org/matomo,d209158e6ee34dc4b7c50df98c078954a750979f,style,2.7427973610160468,94,110
matomo-org/matomo,d3de8d64f477d14bf10d5cd1d17521f0c19950ed,lint,3.9827099969579436,22,72
matomo-org/matomo,d40e11f6decbe84834ed5f33406189055e6989b8,whitespace,3.2821098562628337,25,437
matomo-org/matomo,d6742943fe234d9f80727ae49ffebfb1539a3e67,style,2.782815011280959,2,3
matomo-org/matomo,d9adcfe6169c6c10059a670f2ed984908eb4e105,whitespace,12.189858164118945,401,11263
matomo-org/matomo,df2a1a4a71f5a98974b1f8ef91ede5fd7b265230,style,2.703341603924253,2,3
matomo-org/matomo,e30646531986050ffdd3bfea4ac1dcfe74ee33e2,style,2.7994372512485106,31,223
matomo-org/matomo,e6085f0604713f764b51295e58d57dd2970ec287,style,2.4606693791669834,2,8
matomo-org/matomo,e61eb912335df967e3b2572641d76ec4282b1a5e,style,2.6237750335893733,269,4337
matomo-org/matomo,e6475d6cc124a9331dd3a6ed1c51892ae1e928a4,style,2.4784520052221968,23,97
matomo-org/matomo,e85334baffc94946ed079ab596ad014fa9f6f029,style,2.6955698468831595,2,5
matomo-org/matomo,f5719461b8342b2fcefe148c8c7174cdc72a89a7,style,2.791338948462494,4,16
matomo-org/matomo,f9d52ca9433e33783e59b209554dfba58f30cec4,other,12.657534761832332,312,1166
matplotlib/matplotlib,046533797725293dfc2a6edb9f536b25f08aa636,other,4.463172547975765,3,32
matplotlib/matplotlib,213061c0804530d04bbbd5c259f10dc8504e5b2b,whitespace,4.463172928232819,26,138
matplotlib/matplotlib,4d306402bb66d6d4c694d8e3e14b91054417070e,migration,3.690746349532284,108,640
matplotlib/matplotlib,686c9e5a413e31c46bb049407d5eca285bcab76d,lint,4.35190565822496,68,228
matplotlib/matplotlib,68daa962de5634753205cba27f21d6edff7be7a2,other,2.478451846781758,0,0
matplotlib/matplotlib,c1a33a481b9c2df605bcb9bef9c19fe65c3dac21,other,4.463173657058839,32,54
mermaid-js/mermaid-live-editor,0ac606b8fbf6f94215cbda1d4511e2dcd30e4655,whitespace,3.906542227545821,64,5934
mermaid-js/mermaid-live-editor,6fde9e22a3ba0b80879a1909fb233367ef20b738,formatter,5.804414277384845,18,2636
meteor/meteor,163f18d512d4320d57c4ddf3e14cc83607000cfa,other,0.45469563591654627,1,2
meteor/meteor,568eace1b0726b3e2fb823292e30b0e2f0efb4ca,lint,0.4546958894212488,43,886
meteor/meteor,5f50d759d3bb08cebada41481d9b38b015c3fca7,formatter,0.4568984650290263,1,50
meteor/meteor,de68f14b9c8e0916a2ac0b239a79d16c5e2adef9,formatter,0.454680172129693,91,5736
mhammond/pywin32,059b7beb928225e389621802db758c75a7b8c58f,formatter,7.00353154232261,764,296938
mhammond/pywin32,858e19a76e08fc175a667ffc97409f2ef15bfc19,formatter,4.991469535072375,449,102232
mhammond/pywin32,b74bfdca97238735adbd1b20d7245cca7070900f,formatter,1.8877249537353917,47,470
micropython/micropython,026fda605e03113d6e753290d65fed774418bc53,formatter,6.282669658022156,3,6
micropython/micropython,06659077a81b85882254cf0953c33b27614e018e,formatter,6.086347345805764,19,92
micropython/micropython,0f78c36c5aa458a954eed39a46942209107a553e,formatter,5.425568325854945,1,14
micropython/micropython,1a3e386c67e03a79eb768cb6e9f6777e002d6660,other,6.507142241488579,24,98
micropython/micropython,2a38d7103672580882fb621a5b76e8d26805d593,formatter,5.552051708621695,1,582
micropython/micropython,3770fab33449a5dadf8eb06edfae0767e75320a6,formatter,4.808243212411591,4,4
micropython/micropython,3dc324d3f1312e40d3a8ed87e7244966bb756f26,formatter,6.502835386721424,472,7199
micropython/micropython,48c7daaa3d7068c127c5bc395ffa72029ab9bba1,formatter,0.27410535021674653,16,361
micropython/micropython,5b700b0af90591d6b1a2c087bb8de6b7f1bfdd2d,formatter,4.4055110654802645,10,56
micropython/micropython,5c32111fa0e31e451b0f1666bdf926be2fdfd82c,formatter,4.446261471087789,47,650
micropython/micropython,69661f3343bedf86e514337cff63d96cc42f8859,formatter,6.588029919892514,539,18786
micropython/micropython,761e4c7ff62896c7d8f8c3dfc3cc98a4cc4f2f6f,other,9.199522967526047,29,104
micropython/micropython,77ed6f69ac35c1663a5633a8ee1d8a2446542204,formatter,6.279956143686466,6,90
micropython/micropython,84fa3312cfa7d2237d4b56952f2cd6e3591210c4,formatter,6.437236386797475,90,402
micropython/micropython,8b2748269244304854b3462cb8902952b4dcb892,formatter,3.6582672002940653,75,329
micropython/micropython,ab2923dfa1174dc177f0a90cb00a7e4ff87958d2,formatter,4.657128583922732,16,166
micropython/micropython,abde0fa2267f9062b28c3c015d7662a550125cc6,whitespace,8.387994144041372,13,8058
micropython/micropython,b1229efbd1509654dec6053865ab828d769e29db,lint,3.4275803609906963,191,564
micropython/micropython,b3f2f18f927fa2fad10daf63d8c391331f5edf58,lint,2.565703570613735,13,35
micropython/micropython,bbd8760bd9a2302e5abee29db279102bb11d7732,formatter,2.9080207303470478,9,291
micropython/micropython,cf490a70917a1b2d38ba9b58e763e0837d0f7ca7,lint,2.9931333814992267,20,44
micropython/micropython,dda9b9c6da5d3c31fa8769e581a753e95a270803,whitespace,2.5654574175475955,53,772
micropython/micropython,decf8e6a8bb940d5829ca3296790631fcece7b21,other,2.5656942860040055,482,12582
micropython/micropython,feb25775851ba0c04b8d1013716f442258879d9c,other,6.5179738002889955,11,76
microsoft/terminal,5bbf61af8c8f12e6c05d07a696bf7d411b330a67,whitespace,6.631391202119299,1,4530
microsoft/terminal,9b92986b49bed8cc41fde4d6ef080921c41e6d9e,formatter,7.304749664106269,523,24243
microsoft/terminal,d07546a6fef73fa4e1fb1c2f01535843d1fcc212,whitespace,5.103922731766675,1,2442
microsoft/terminal,ddae2a1d49d604487d3c963e5eacbeb73861d986,other,4.835384249752833,304,606
microsoft/vscode,0dfc06e0f9de5925de792cdf9f0e6597bb25908f,other,10.848546720916673,1,174
microsoft/vscode,12ab70d329a13dd5b18d892cd40edd7138259bc3,whitespace,8.574459908231297,93,35896
microsoft/vscode,13f4f052582bcec3d6c6c6a70d995c9dee2cac13,other,5.479944704286765,1,450
microsoft/vscode,387a0dcb82df729e316ca2518a9ed81a75482b18,other,7.087729390067686,1,322
microsoft/vscode,494cbbd02d67e87727ec885f98d19551aa33aad1,other,5.156745126372094,172,1313
microsoft/vscode,4a130c40ed876644ed8af2943809d08221375408,formatter,4.659127246685426,954,6033
microsoft/vscode,537ba0ef1791c090bb18bc68d727816c0451c117,other,7.087707778791796,1,322
microsoft/vscode,6b924c51528e663dda5091a1493229a361676aca,other,2.0861250855578373,3932,103768
microsoft/vscode,a3cb14be7f2cceadb17adf843675b1a59537dbbd,other,5.156218818921591,16,580
microsoft/vscode,ae1452eea678f5266ef513f22dacebb90955d6c9,other,5.479993820822877,1,450
microsoft/vscode,ee1655a82ebdfd38bf8792088a6602c69f7bbd94,other,5.153656615205212,292,3063
mlflow/mlflow,43c15f7aea7ca737ce41c02d1d5e996006aa3006,lint,4.509881454863487,8,17
mlflow/mlflow,5ed36a0f88def458496382777620e9a5ebcf0f2a,other,3.10789936497072,297,3483
mlflow/mlflow,9df7c92567c22b00374396ec5a18cb66ea9b8a0c,style,3.107015932770553,279,4211
mlflow/mlflow,d743a40426d5dedbde395a4e6bbdeebadbccd4dc,formatter,6.141065511952747,332,30383
modelcontextprotocol/python-sdk,543961968c0634e93d919d509cce23a1d6a56c21,other,1.304527657363044,90,2829
modelcontextprotocol/python-sdk,89e9c43acf7e23cf766357d776ec1ce63ac2c58e,other,0.8852491951225695,111,2116
mongodb/mongo,134a4083953270e8a11430395357fb70a29047ad,formatter,7.180581159530509,3509,386822
mongodb/mongo,1ce8128b8b286c2500ed8fdf6f7f18382b2cdd14,migration,3.257559446852739,276,2103
mongodb/mongo,1e98a0f23d62eb1f149658d190f0285879d91db5,migration,3.240090152609831,819,7643
mongodb/mongo,43b87324302209cbfa240d6c6b520007669e4ea6,other,3.4021322280528303,625,3666
mongodb/mongo,6dcdd23dd37ef12c87e71cf59ef01cd82432efe0,formatter,10.34201393642102,1523,40907
mongodb/mongo,9c2ed42daa8fbbef4a919c21ec564e2db55e8d60,formatter,11.281893711815854,2167,810007
mongodb/mongo,9ea1d6f0419938770eea612479c75838f75752b7,lint,4.352081115167186,135,5722
mongodb/mongo,a025d43f3ce2efc1fb1282a718f5d286fa0a4dc1,formatter,10.561619388039649,21,13158
mongodb/mongo,a4f458fe4d7a44eba056f5c150753e73067c8e4d,migration,3.1525454090298375,4655,37764
mongodb/mongo,c3996780b76316793758b43fa1fca5b9d0857b6c,lint,10.651581584150886,16,2072
mongodb/mongo,f63255ee677ecae5896d6f35dd712ed60ae8c39a,formatter,3.6358674297158213,410,7078
mozilla/pdf.js,29de9bdce6c9785574994fda0e51533d796a9bb4,formatter,2.701902235911476,8,17918
mozilla/pdf.js,8aa2718d225ad701a5b8a2788b42d221f1e4327d,formatter,6.080279457246432,6,372
mozilla/pdf.js,de36b2aabab2b7fd647d9591f959c4540129541d,formatter,6.760207081653864,205,71995
mruby/mruby,61e8a540869c57ebddac53cf9d243db407d57fff,formatter,5.246652375339062,1,212
mruby/mruby,650ffb9d8410e1ae2206890ef6e2a8643c600454,whitespace,12.66567942429082,1,5840
mruby/mruby,6fc5dc986a5ffc1a74c63ad0617ea1dcc10d3cdd,whitespace,5.406410500164778,5,370
mruby/mruby,90ab714fda6825c4e951d47d7e6ecff033dd14e3,whitespace,1.6938172421223414,1,150
mui/material-ui,02b722a249d1afe001e01827f6197c4b223ea0ce,formatter,6.083197866757929,6,61
mui/material-ui,048ea981091a8441747cf4cc1662a702fe7d0de1,formatter,5.877826862625802,13,170
mui/material-ui,27471b4564eb40ff769352d73a29938d25804e45,formatter,6.527805378102264,855,4907
mui/material-ui,36a9ed95671f83c3e8443e5752964f4181e02894,formatter,5.365460649732553,158,2243
mui/material-ui,3ab4356063cfcca29277f3703635c850f918d56a,other,5.8559065011280955,366,3797
mui/material-ui,4f2a07e140c954b478a6670c009c23a59ec3e2d4,formatter,6.289588340051208,101,3664
mui/material-ui,519518fd1b2ac8d6fb16bf0f4b4cb87841c4c53b,formatter,6.507599912540877,1,6
mui/material-ui,5dc1cbca1055c8440ae8c02fffbad7e6a1e2674e,formatter,8.974540744543312,3,22
mui/material-ui,65d5646a36c2250075534971fae79ea9cf624663,formatter,5.830954730397749,1,6
mui/material-ui,7dc5fce440428d557c111b6c81ddf5dc02ad5d13,other,8.316016395416636,15,287
mui/material-ui,811c1abe39e9865873f23c7ba2c8c575714c2e4a,formatter,6.469067482951809,1,6
mui/material-ui,98263e7470fc07a42480fdfe83c5ef719265a1d3,other,6.483174480949121,39,115
mui/material-ui,9b2b1942eb2a3be39012b24f2df6e48973f3a019,formatter,5.316307608943646,35,1008
mui/material-ui,c26253c58e610032b3f5ece73bebb032b245e45b,formatter,6.431281244454585,1,6
mui/material-ui,c4bd047854861c0658d94b0c2614fc2aa61a39d4,formatter,6.025479662585241,1,12
mui/material-ui,d10f8369897f9faa98548c7e51d6637e0f75e267,other,6.285620611199838,575,11107
mui/material-ui,e0e959a13d2a219dcd674829510b3afafccc687c,style,5.436784894922301,38,129
mui/material-ui,ef96151de118fe2560682bdedf130e69739082ea,other,8.497038558065253,2,9
mui/material-ui,fd7a2545a6832ef342051b293615acf975f408e5,formatter,5.855405797652547,7,147
musescore/MuseScore,25f0d24530ad7e10243b4671519c9168fc83a545,whitespace,1.243795345653662,98,116010
musescore/MuseScore,45b9887603f08523f9a663b164bd9f10b85f8b25,style,6.343467025375821,1191,622457
musescore/MuseScore,4a0c9722961b0c1ad0c185955cb31b52e3ff5d85,formatter,5.458106763505463,186,2081
musescore/MuseScore,9114d609168b327f00ef47b9891733cdb119b512,style,6.1919841496184755,38,828
n8n-io/n8n,56c4c6991fb21ba4b7bdcd22c929f63cc1d1defe,lint,5.088271161305042,108,19974
n8n-io/n8n,5ca2148c7ed06c90f999508928b7a51f9ac7a788,formatter,3.7971349849164704,284,33605
n8n-io/n8n,62c096710fab2f7e886518abdbded34b55e93f62,lint,2.928873393413948,477,1709
nasa/openmct,14a0f84c1bcd56886d7c9e4e6afa8f7d292734e5,formatter,6.80299721778589,99,10391
nasa/openmct,4a9744e916d24122a81092f6b7950054048ba860,license/header,4.678561297437067,945,1910
nasa/openmct,8040b275fcf2ba71b42cd72d4daa64bb25c19c2d,license/header,3.5507363044084466,664,1330
nasa/openmct,caa7bc6faebc204f67aedae3e35fb0d0d3ce27a7,lint,3.350423606357898,976,226605
nasa/openmct,d80b6923541704ab925abf0047cbbc58735c27e2,formatter,4.508903687225898,99,3353
naudio/NAudio,cb7e79d3bf44251a2d74528dad67b02d2fb5ea9a,formatter,0.24187134002585747,1165,213518
navidrome/navidrome,6ee45a9ccc5e7ea4290c89030e67c99c0514bd25,move/rename,5.6416400803609905,141,813
navidrome/navidrome,b3f70538a9138bc279a451f4f358605097210d41,formatter,6.442646050396735,55,604
neondatabase/neon,4c2bb43775947775401cbb9d774823c5723a91f8,formatter,4.024309960199762,84,5963
neovim/neovim,04f2f864e270e772c6326cefdf24947f0130e492,formatter,2.7438934202854464,363,51548
neovim/neovim,07715044887d82f74254e64c4c32fa49b0501bea,formatter,5.045576723198216,2,329
neovim/neovim,08616571f47cc367a5fe59b52295708b9fda3b09,lint,4.757115369990113,20,195
neovim/neovim,09c6ce8c4e4c6415cca9b834539ed0df461373f6,lint,4.0956169670697395,5,19
neovim/neovim,0a83017fe95df0290adb98ec6bf457b96a3fab17,formatter,5.044707011940072,26,938
neovim/neovim,0adc66171a355a12494d87ebb767d509540c7ef9,formatter,4.3818769805054885,4,6199
neovim/neovim,0b0c4f7dfa4a9a564cbf44262d4bea9bdefe2dc9,lint,4.737850787132102,20,73
neovim/neovim,0b3ae64480ea28bb57783c2269a61f0a60ffc55e,formatter,4.423710833523462,25,140
neovim/neovim,0fc8597f011e0927e529abd11bf0ddd8d0d1eaab,formatter,4.97670431211499,34,1181
neovim/neovim,15af08ad176339d1f269ce264bb0efea283c9536,formatter,5.074462474966411,2,779
neovim/neovim,1e49a1c888a3d9a581f4aa409a26ada3ac2417cb,formatter,5.063768759347986,7,9795
neovim/neovim,1f49268c46fcbe65f7e2e2cb620e6f51c059cf9e,migration,5.035787924303496,8,105
neovim/neovim,1ffd527c837fb2465c9659273bbe5447a1352db2,migration,4.078195775344133,38,9332
neovim/neovim,2498e9feb025361576603a0101c86393d211e31e,refactoring,4.098278861510381,38,1525
neovim/neovim,271bb32855853b011fceaf0ad2f829bce66b2a19,other,4.493631740056278,15,56
neovim/neovim,2d240024acbd68c2d3f82bc72cb12b1a4928c6bf,formatter,5.091469059751058,1,794
neovim/neovim,2f9b9e61d7417183f2d9f36d804247c0926be9d4,formatter,5.013673283139402,28,4384
neovim/neovim,30fefee684e641a0c6867446c6de30efa2f0a126,formatter,5.028545960402566,10,4312
neovim/neovim,38dd53c525054daf83dba27d7d46e90e8b41fa50,refactoring,4.949211188430046,12,665
neovim/neovim,3b3dbcf7b7ba5466e6ab643e256f2374b520a6b2,formatter,5.0559993472253915,12,7692
neovim/neovim,40be47e0faef7aa015eb4ba44ceb1ee1a03e97cf,formatter,4.968193018480493,111,2663
neovim/neovim,4472c56d54f447040f6e8610b261b7efa0d04eb6,formatter,4.920572540370624,51,617
neovim/neovim,4547137aaff32b20172870a549d3a28a3c7adf1c,lint,5.232905417395493,54,269
neovim/neovim,45fe4d11add933df76a2ea4bf52ce8904f4a778b,lint,2.823704686034426,20,6204
neovim/neovim,47f99d66440ae8be26b34531989ac61edc1ad9fe,formatter,5.063405772302076,0,0
neovim/neovim,48e67b229415b4e2b3315bd00b817e5f9ab970c8,formatter,5.023123494815829,13,5015
neovim/neovim,4a96e7809f4d9f6ce21869817eb95ff6dcaa1693,lint,4.668819491976576,8,22
neovim/neovim,4ba12b3dda34472c193c9fa8ffd7d3bd5b6c04d6,refactoring,4.5521263657565845,20,400
neovim/neovim,517f0cc634b985057da5b95cf4ad659ee456a77e,lint,2.823806278043958,10,707
neovim/neovim,51a98aa0c2fe3231a0ffc8a78189bc6fafd6abf6,formatter,5.033716030369863,16,9519
neovim/neovim,544ef994df72c3cbe0dca6b856ce2dcbc5169767,formatter,4.406040700179989,3,386
neovim/neovim,6059784770c4c88fb6fe528b9f7634192fa1164e,refactoring,4.949211188430046,19,76
neovim/neovim,61178778230e609d68b271ffd53ffd993cd23c42,formatter,5.073062907191928,0,0
neovim/neovim,61205c1defb64ac5466496b5451e4a7f3171e21e,lint,4.518727057824423,9,32
neovim/neovim,6186df3562e33e92f04ed8c850204ceabc4746e1,move/rename,9.996773233705985,31,669
neovim/neovim,64116d78502e0ca611e13adf9323ef2d3fe708c2,lint,4.644057659644586,9,121
neovim/neovim,69e11b58b4db0952f11a5ff85aa7150b5f5b8db8,other,4.493604615053109,17,117
neovim/neovim,6c5bbf07d988ef55e5e8ba8d70b62c1f0885261b,other,6.639005310923517,7,24692
neovim/neovim,6ed43f8f1caad702f9590d174c5ec142f3d85b18,formatter,5.0453765812355815,1,61
neovim/neovim,6ff245732a5a8ab821598a38fb0c5805e6bd3779,formatter,3.944300200268715,9,90
neovim/neovim,725cbe7d414f609e769081276f2a034e32a4337b,formatter,4.863650816285142,60,802
neovim/neovim,7a26eb8a567cbc831d4f629f9eccb767a44436b8,formatter,5.017804427459629,10,2911
neovim/neovim,7e3bdc75e44b9139d8afaea4381b53ae78b15746,formatter,4.561018835399397,26,309
neovim/neovim,849f104c2789c884428fd45501912c6591a78e12,formatter,4.8538270020533885,9,483
neovim/neovim,853346a94d6aa78c97314a3b217fb5a5408a47f1,formatter,5.0305726037467995,16,3530
neovim/neovim,867e8885991ae450019c18aa5e42546bd4b62c2c,formatter,5.036674652064796,9,1440
neovim/neovim,8c74c895b300bcee5fa937a2329d1d4756567b42,formatter,4.994801569194109,8,2395
neovim/neovim,93f24403f8cc760ff47979c596976b53a8b16358,refactoring,4.100610280883211,35,564
neovim/neovim,9c268263b1792d00b3ffdfd7495af2575862656e,formatter,4.995566171064973,8,2061
neovim/neovim,a68faed02dc8e37b8f10da14dc02e33e6ed93947,formatter,4.91513524475879,60,421
neovim/neovim,aa4f9c5341f5280f16cce0630ea54b84eef717b3,formatter,4.2342770679646105,26,745
neovim/neovim,abc087f4c65ca547cae58518b42aee82ff4a07f6,lint,4.16944450782062,9,57
neovim/neovim,abf758a2977c4e6cab4dfa217f56da853d85851c,lint,3.944257389662078,3,24
neovim/neovim,aefdc6783cb77f09786542c90901a9e7120bea42,formatter,4.396029641037341,37,7777
neovim/neovim,b8dcbcc732baf84fc48d6b272c3ade0bcb129b3b,lint,4.1620282911248,18,143
neovim/neovim,c0767bd4f3ce7b34bb77da0657c49ba10ba1b32e,refactoring,5.135922883869496,7,380
neovim/neovim,c815aadfccd6bada47ecfb09fe188ee7f7c5caf3,lint,4.0132791150150835,21,121
neovim/neovim,caa6992a1071a2ac373bec21085685da4a1790d6,lint,4.842111313914873,29,260
neovim/neovim,cb84f5ee530f0f32b92bed5b4ad41344e8b551aa,formatter,4.253897254544071,7,34
neovim/neovim,d238b8f6003d34cae7f65ff7585b48a2cd9449fb,lint,4.542182421983928,19,51
neovim/neovim,d5b66e88601b4d2fde5d905f9d12847126ba4449,refactoring,5.047931528379851,12,315
neovim/neovim,d90fb1c0bfc1e64c783c385a79e7de87013dadba,formatter,5.003458121023145,37,4306
neovim/neovim,df646572c53f55268a5dbb61628d7c3b302d5663,lint,4.002535934291581,40,134
neovim/neovim,e63e5d1dbd3dd4711efa0ecf9e844ff308b370a6,lint,4.462188315968262,39,102
neovim/neovim,e8067d1490a31ff76143d576dc9948b4f09c6c55,formatter,5.0531607283190105,2,2171
neovim/neovim,ea333badd24f691c753d8048f911d1db349bc2cd,other,4.138911450807412,5,11046
neovim/neovim,eb123b565e201418dd135d2602dc20eea3cead39,lint,3.9663260830988416,4,20
neovim/neovim,ee031eb5256bb83e0d6add2bae6fd943a4186ffe,lint,8.87134015260983,1,170
neovim/neovim,f4ca3a29ddcb0c98e8e09c45a6342af709f8cc45,formatter,5.02823785712475,27,2688
neovim/neovim,f98b8d2d44d289263b1a3b33b6a7f20644ef671c,formatter,4.949211188430046,6,1918
neovim/neovim,ff20d40321399fa187bd350f9619cf6418d7eb6e,lint,4.3260534387912895,16,33
netblue30/firejail,0594c5d3d0f1ddc4049cf2ed38676a1cdc8d6843,lint,4.057468185159835,1,2
netblue30/firejail,0cd20b7e81a7815f57055b38f0746ef14fed2cd0,other,4.042078358303547,1,4
netblue30/firejail,26c74796f3c76b8f0ea0b95a863eb707ecced195,other,4.042078389991635,4,1150
netblue30/firejail,2a79f3a2689711e6151187063bb55a6af3160b6f,other,4.042078326615458,2,89
netblue30/firejail,2d885e5a091f847d7c2128506947b0f67dd2edab,other,4.044109342915811,1,4
netblue30/firejail,2f3c19a87dd49b220f69f27f8c14c627277355d6,other,4.043571881258397,1,8
netblue30/firejail,460fa7a6f98cc1e7aec2953e6523f32677d546c7,other,4.096500430957994,12,303
netblue30/firejail,5b206611c01e42a6d63c596be45bcf085832b035,other,4.042078548432073,1,8
netblue30/firejail,61b15442898eeb1db2d23b6b2eb72a705ceb368a,other,4.099069891246483,15,319
netblue30/firejail,67348ac9c2cdf9d30efbf9fd13eaf0a4adc3be00,lint,4.042078326615458,1,2
netblue30/firejail,6e687c30110a52f267c1779c4eeab82bded9cb77,other,4.0598317679417955,6,56
netblue30/firejail,796fa09636195d8751a7bbc1e1bc88bf8c3ac95a,other,4.057472589804041,2,89
netblue30/firejail,836ffe37ff891886f15243eacc70963368d57a3f,other,4.060241558293407,1,22
netblue30/firejail,877fc99d541af83a9486dfff43580e33dedd8b4c,other,4.098182688163866,1,2
netblue30/firejail,97874c3bf923798b0e3ab119d169aaa9b1314221,other,4.042078326615458,15,452
netblue30/firejail,b900bdc87463d79568aef46cb7e3b373fbff84b1,other,4.042078326615458,1,22
netblue30/firejail,ba828befe06b99b7dc2d504085cb40aa2d710998,other,4.098948906127209,9,196
netblue30/firejail,bfcacff665b750ae7b9fc984496df26fcd7cc53d,other,4.042078326615458,6,56
netblue30/firejail,c5a052ffa4e2ccaf240635db116a49986808a2b6,other,4.043592225010774,4,1152
netblue30/firejail,c6d7474c138f92b3cb3992b5c57750af89eb3b77,other,4.096336223286942,2,178
netblue30/firejail,f43382f1e9707b4fd5e63c7bfe881912aa4ee994,move/rename,5.173321101731437,798,10168
netblue30/firejail,fe0f975f447d59977d90c3226cc8c623b31b20b3,move/rename,5.210311969224529,799,10202
networkx/networkx,3351206a3ce5b3a39bb2fc451e93ef545b96c95b,formatter,6.218618716252187,0,0
networkx/networkx,3c0f096f66ab352cfaf8dbe2d5fc5731cbbc4338,formatter,2.634667940527797,53,546
networkx/networkx,44680a2466c3c429d9c01f55d71952efbb09b25c,formatter,5.364346116307957,20,74
networkx/networkx,5c0b11afb4c0882a070d522ef3fa41482ba935d3,formatter,4.324186851978604,322,1199
networkx/networkx,5fcf01b9a43a097c4f579486023d1279b2b88619,lint,3.6067181281212766,114,1085
networkx/networkx,7297ae8a37dd3356b64d383cb0c55735a6364bcc,lint,3.486307292062768,29,102
networkx/networkx,735e6d856b81989cc12dfa30d8cd8e2ddb7dcead,formatter,5.977473445382412,72,686
networkx/networkx,9094b639455aca34109f0c167f8efd12778d6ccf,formatter,2.234702163662636,269,636
networkx/networkx,99fc1bb6690ac1a45124db2a01c12fd64dcb109b,formatter,6.1086910918447535,139,2676
networkx/networkx,b22d6b36ce0545995c99d233546e8a1fe7e27fc5,formatter,6.218683106446624,450,30298
networkx/networkx,bd675709500ab32cdbd9e4c51dd9f0e169ad776c,formatter,1.6982615915025223,21,125
networkx/networkx,be23fa0e422b51f4526828cb19b8105c89e5dcbb,other,9.04619159885416,64,1379
networkx/networkx,bec833c60c61e838722bf096da75949a9b519d1f,lint,6.2187025946206305,9,37
networkx/networkx,c552ad4182dc6dffa9520041f1951bebf0dc4fc8,formatter,1.6073722970061095,2,1062
networkx/networkx,cea08c3bb8ca5aa2e167d534b0c5629205733762,other,6.2187025946206305,28,408
networkx/networkx,e9c6af06313d853fd6d03799b85905f6ac38691c,lint,5.97742591325069,0,0
networkx/networkx,f30e9392bef0dccbcfd1b73ccb934064f6200fa3,formatter,6.2187025946206305,9,82
networkx/networkx,f6755ffa00211b523c6c0bec5398bc6c3c43c8b1,formatter,4.502360635789794,28,136
networkx/networkx,ff4b3c3948e6b616ce67916f6dc2b5de6583d0d2,whitespace,1.6017295041448019,18,135
nix-community/home-manager,01ea51d7065e0ab06a09df9db4d1c17f6eb2675f,other,0.4798217861941339,218,670
nix-community/home-manager,0b491b460f52e87e23eb17bbf59c6ae64b7664c1,other,1.5001570461632063,200,5230
nix-community/home-manager,0dfec9deb275854a56c97c356c40ef72e3a2e632,other,1.7091335209268133,1,12
nix-community/home-manager,10dca990ae02aaf41ff12c5b18dd3dcf258c0d04,other,1.5203175463279843,1,32
nix-community/home-manager,11ad9d2e42ebf6d00db4d7bae252f1c6b7dd36a4,other,0.47968362613126475,4,14
nix-community/home-manager,20fd9686b85dc64657a176466e23d0f3a5e1f760,other,1.6651746013638553,1,27
nix-community/home-manager,234613d77c939ff2e2c0f2c476a56d80930e5b8b,other,1.6650811848809794,1,79
nix-community/home-manager,2d731a33b193209cb88b874e508ea912765f7d99,other,1.6651640492306132,1,9
nix-community/home-manager,32531e457215000b739da6cd40acfb080823f396,other,1.5536217583086167,1,18
nix-community/home-manager,34d524f3edcf3a04c00ad2c09c24ec9d35d937f9,other,1.6029381195021168,1,8
nix-community/home-manager,439a125afef8c97308ec0c6db75d38e15d92208d,other,1.6039903224579817,100,475
nix-community/home-manager,4b2d3b03becc184f2d1485e109c6a55f94d5f886,other,2.9529320353892565,1,36
nix-community/home-manager,5031c6d2978109336637977c165f82aa49fa16a7,other,1.6271703488224707,1,113
nix-community/home-manager,5209a256fd507322b0dd09ade7bc61923da948cf,other,0.47968362613126475,6,16
nix-community/home-manager,55cf1f16324e694c991e846ad5fc897f0f75ac64,other,1.4990291403655538,1,42
nix-community/home-manager,56374cc64d58451b359bb4e8502387d3a96e7c7b,other,1.5508738307095598,1,39
nix-community/home-manager,5e193cdcab61b5e7096ef3c132fdc0149e14f2d9,other,1.5000493383527265,1,10
nix-community/home-manager,65413f297f8c4c42a99270c15bce7bda1bfea724,other,1.5308780769133268,1,18
nix-community/home-manager,71402c5df34df5ee7b6c10d738018f9f0c8bde2b,other,0.46530572667122977,120,350
nix-community/home-manager,74b0e979375b0ed469e2394820aa50ba2114800b,other,0.47968362613126475,13,107
nix-community/home-manager,74d8d470345b9324f89e14d675c14b92dc4a091d,other,0.47974424544325295,5,11
nix-community/home-manager,9136120c369d91144910a985262e3c3b8e8872d6,formatter,1.0635915595609298,3,18
nix-community/home-manager,95711f926676018d279ba09fe7530d03b5d5b3e2,other,1.5666934747889574,62,1290
nix-community/home-manager,96dee79b178d295b716052feca3ee46abc085abe,other,1.6902834499454964,1,38
nix-community/home-manager,97d7946b5e107dd03cc82f21165251d4e0159655,other,1.6984163244353183,2,38
nix-community/home-manager,9f9e277b60a6e6915ad3a129e06861044b50fdf2,other,3.2069467576748547,360,5525
nix-community/home-manager,a710f337d6f541f5ba50bc2d5daa6c34e9ee5834,other,1.5068517250995006,1,47
nix-community/home-manager,a93d80bcec089abf80894c25ee3934b7e196bbd9,other,0.46530572667122977,78,219
nix-community/home-manager,b34b56689dcc75294e14e8c95db4e054a4e9573f,other,1.6347200991203388,1,45
nix-community/home-manager,b4752b0eda6302b92a6d5dd554c83f188bc3ae6d,formatter,1.1894193474788957,56,1684
nix-community/home-manager,b5142d46a3f912ef99e9cec3e51d757fbeaf14ea,other,1.550820436281593,1,48
nix-community/home-manager,b5976017741653251258112f7e6ee5d8b9e3a832,other,1.5338988072603748,1,27
nix-community/home-manager,bd11e2c5e67385970e59e55ba7a4c35d1ffaee4d,refactoring,4.966877138945928,148,670
nix-community/home-manager,c90cd85b04ff3348978b05ba73ffc8e1b74b9fce,other,1.6651585988795092,1,51
nix-community/home-manager,cba2f9ce95c8d10b66cacf05a275e3ad71959638,formatter,1.4795892906938424,1051,64360
nix-community/home-manager,d7f451d7b13bbe075abecfd345f8b149a000216a,refactoring,1.523026180698152,2,14
nix-community/home-manager,de90ee24082bb8dd44145f5c733b807467856820,other,0.47968362613126475,13,31
nix-community/home-manager,e0be70bcf94be20f8f0f6d215d909b614ab6ebeb,other,1.533952613633483,1,19
nix-community/home-manager,e30c6a41bc8548738341d10c0b17f8fead8e55ee,other,1.548398642482318,1,16
nix-community/home-manager,e3baf274f47678df6289c7482353cb6d38b7be5d,other,1.6651372411083225,1,35
nix-community/home-manager,f2f1076c1f789595c2a2b18b76466fbd691025dd,other,0.9287226848683043,37,738
nix-darwin/nix-darwin,dc1c716ded39758062ed7e6bc410ad274119de9f,formatter,1.5283058597611985,1,168
ntop/ntopng,d395deac4e0d3f6b4f79213290b775298c0c82d6,formatter,3.482858994346845,604,87722
observablehq/plot,03cd93973683d0a46de71805b921a75ca11df2bd,formatter,4.113148496717114,317,8063
obsproject/obs-studio,1739272c4453ac005d315c2e22f43e119561435b,formatter,3.21102270134611,8,37
obsproject/obs-studio,30b63c68490be1b0e0cb250a61c9eca1b01c9076,style,0.3095351357517682,259,11795
obsproject/obs-studio,593664dcdb11951d2538bd78d6620b03ca95392a,formatter,3.21102270134611,14,57
obsproject/obs-studio,64139a6bbd6f85155c709035d82e91f52c2e36fe,formatter,3.1401950718685834,25,122
obsproject/obs-studio,7628265099724671a1682f6b298b509d2fa23855,formatter,3.1400713298856693,10,74
obsproject/obs-studio,a1fbf1015f4079b79dc9ef4f6abecf67920e93cf,formatter,1.9873088574543059,736,68555
obsproject/obs-studio,b8cfacaec38d31413b0cd82718c9dc1e36beb9af,formatter,2.1276458919562957,162,7098
obsproject/obs-studio,dcc07cfe4ed3f7fb60c7a0d1563236eac0a0b053,formatter,3.21102270134611,45,230
obsproject/obs-studio,f4733ec6a26bac21699daf3dfd6857ff5a1d3c07,formatter,2.5543176604051006,11,28
obsproject/obs-studio,f53df7da64d2dfc542c24656720b2f47c8957164,formatter,7.270391759829645,567,67803
obsproject/obs-studio,f8e00d6071ea1426f7f30055016cc7c3d080d64e,formatter,3.305284939285624,36,16014
official-stockfish/Stockfish,08ed4c90db31959521b7ef3186c026edd1e90307,formatter,2.927123450452506,1,9
official-stockfish/Stockfish,0fca5605fa2e5e7240fde5e1aae50952b2612231,formatter,2.7480272580931375,1,5
official-stockfish/Stockfish,2d0237db3f0e596fb06e3ffbadba84dcc4e018f6,formatter,2.9409791302253656,49,13720
official-stockfish/Stockfish,6e4e03fd282d5e1cba514197bf1ef326c990f0d2,refactoring,0.296915386467919,10,100
official-stockfish/Stockfish,dd3e1c4a50fd358c8bf8051c9ef73219669ff6c0,style,0.31220869140872565,50,1586
ohmybash/oh-my-bash,5cd1f0eb1668f06bf20378d6d4308fd4a1890581,whitespace,3.3819783190103174,25,211
onnx/onnx,35092895d9bf3592e58f4710d098f8131afef259,other,4.586306119603519,232,1174
onnx/onnx,529f7cab88eed143fc9f0126147e9732585e4c5e,lint,4.351368450072249,100,1680
onnx/onnx,a525f98d5ed31660b629bab90c680a39658a5c08,formatter,4.354499454964889,134,16430
onnx/onnx,fddb2b6d4ea3fb3dba751d884865042503260899,formatter,4.140464674119705,258,63783
onyx-dot-app/onyx,3134e5f840c12c8f32613ce520101a047c89dcc2,whitespace,0.7439155068826526,1,398
onyx-dot-app/onyx,46af76e98a7252e29cf63e1e995bf1fa4b358389,formatter,0.197819827870307,1749,32366
onyx-dot-app/onyx,7b927e79c25f4ddfd18a067f489e122acd2c89de,formatter,0.5506530914898471,368,3161
onyx-dot-app/onyx,8ddc6df49c2339ae74ff5146cffb95992b9b5012,other,0.09312552285344892,119,778
onyx-dot-app/onyx,9881c0382283cf959e77cfd02e9275a5a6d98615,formatter,0.1977087611225188,501,1607
onyx-dot-app/onyx,ed3f72bc75f3e3a9ae9e4d8cd38278f9c97e78b4,whitespace,0.7409891753492027,1,176
openbao/openbao,1e88fafed1b763bc08dd631b9e118a0dd7e675f9,other,0.19653154866022765,738,16559
openjdk/jdk,0826ceee65ab83f643a77716f8f12d0060369923,refactoring,3.4658794711891905,51,762
openjdk/jdk,0c9658446d111ec944f06b7a8a4e3ae7bf53ee8d,refactoring,3.624131651329632,60,1066
openjdk/jdk,107e184d59c0bbed6441a3c1a9bfd4527da3bce5,refactoring,3.6766150784597054,7,88
openjdk/jdk,1084fd24eb118d4131538c2a3ead714db7d0357b,refactoring,3.6980506439019445,53,1126
openjdk/jdk,13fcd602d37eb0095f169255128588b872639571,refactoring,3.6602137995284814,3,56
openjdk/jdk,182d1b2fb7034b6e9177dc360cbea43d548c3ff0,refactoring,3.660208951251046,3,62
openjdk/jdk,218223e4a31d485935655cb3f186a752defd8fa8,refactoring,3.6601992230080866,3,56
openjdk/jdk,267780bf0adf4bfd831fbc04347e297fa8f3bb01,refactoring,2.6212015172256447,5,220
openjdk/jdk,3758487fda61b27e7e684413793ed28c0b9e64d3,refactoring,3.676453976221259,30,448
openjdk/jdk,4154a980ca28c1ae56db26e3dce64c07c225de12,refactoring,3.5282344348112655,54,1312
openjdk/jdk,42a286a15862d9a05ea3477a9eeab46e7b33e599,refactoring,3.660201948183639,3,24
openjdk/jdk,43288bbd684abfcefdf385ed1e0307070399ccbf,refactoring,3.5694202664334425,13,459
openjdk/jdk,4539899c55c77771b951d005c17550ef9ac94819,refactoring,3.6377795206226073,11,416
openjdk/jdk,49ff52087be8b95cbf369518281312ecc9d83618,refactoring,3.675856275508911,63,3672
openjdk/jdk,4e327db1d127c652ef39e31c164e36ae429a0065,refactoring,3.6300929728496465,24,294
openjdk/jdk,4f16161607edbf69f423ced1d3c24f7af058d46b,refactoring,3.337153142190788,67,228
openjdk/jdk,54f7b6ca34986cc26c5b91c6724b9a1754c94391,refactoring,3.4549192587522497,44,904
openjdk/jdk,5726d31e56530bbe7dee61ae04b126e20cb3611d,refactoring,3.563123463127741,111,11187
openjdk/jdk,599fa774b875da971d66f79e5e43ede2b5ce18aa,refactoring,3.3774365287601085,54,504
openjdk/jdk,5c1ec82656323872c4628026662fe5b62e7a61e3,refactoring,3.6759184792252895,44,1712
openjdk/jdk,5d1f71daf06870810c9ca24e911d6191cc4f3006,refactoring,3.6602105673435243,2,50
openjdk/jdk,62537d200f01d58ff1c236f31f71c5839316db9e,refactoring,3.350910398762897,19,2536
openjdk/jdk,6daff6b26946748360d59a12e9069a08ab5ca06d,refactoring,3.6602118982432126,3,56
openjdk/jdk,71107f4648d8f31a7bcc0aa5202ef46230df583f,refactoring,3.6819887760792964,112,4134
openjdk/jdk,716f1df609e7f0aa7b3b9383d23dde5c71017d02,refactoring,3.649265216619768,6,327
openjdk/jdk,75a4edca6b9fa6b3e66b564aeb4d7ca8acf02491,refactoring,3.416124071539027,83,1616
openjdk/jdk,8cc399b672c6ce08037685b3a3a2db3c53a87b50,refactoring,3.6602048634877176,2,16
openjdk/jdk,90d5041b6a055d6266140ffea2aa9a3b08b32209,refactoring,3.360610819580703,33,3098
openjdk/jdk,90ec19efeda90f13a918b4481fe6ee552ab2af66,refactoring,3.665353163738687,19,806
openjdk/jdk,948f3b3c24709eca3aa6c3f0db6adb9226d6f9ac,refactoring,3.4083861256876316,44,882
openjdk/jdk,998d0baab0fd051c38d9fd6021628eb863b80554,license/header,2.5873149098790784,737,6702
openjdk/jdk,9d5bab11f08a992803399f422d75b17f8607df72,refactoring,3.377496767815043,5,198
openjdk/jdk,a5d8e12872d9de399fa97b33896635d101b71372,refactoring,3.6819853220777246,25,1112
openjdk/jdk,a6bdee48f39993128d8095d40ab417f0102af0f4,refactoring,2.6709660747331863,750,16429
openjdk/jdk,ac9e046748a9bb6ee065dc473d82135ce36043b7,refactoring,3.657191579841306,17,734
openjdk/jdk,ad79e49141f063a61090eda69d96dc580db88949,refactoring,3.660203310771415,3,36
openjdk/jdk,b0376a5f4421fb58c0feeddfce2c2083314e400c,refactoring,3.679214674119705,2,22
openjdk/jdk,b1e96989b693aadea082a01576e25f85ed28ff0d,refactoring,3.6602153205566963,2,56
openjdk/jdk,b3ecd55601d483359819d02e70789bbd412b13da,refactoring,2.662462829872994,10,664
openjdk/jdk,b76a52f2104b63e84e5d09f47ce01dd0cb3935d7,refactoring,3.6651192422744443,47,4074
openjdk/jdk,b77abc6a0daed0e01a9003d42493320376dc98bc,refactoring,3.676616377671306,3,22
openjdk/jdk,b81f0ff43ac8d1431f2f5dccb7499a3a1503823d,refactoring,3.6602005855958626,3,78
openjdk/jdk,bcb340da091e3287da8d2ecfcd017ebcc6613cae,other,2.6883395758866326,9,38
openjdk/jdk,bd5ca953058704087da4bc5796b3ce28ce2a8f78,refactoring,3.7008491773772403,24,288
openjdk/jdk,c109dae48c61c6fbeacadf59d509d37d2c4d2bb8,refactoring,3.6602068915253376,4,46
openjdk/jdk,c1281e6b45ed167df69d29a6039d81854c145ae6,refactoring,2.6709571703805106,74,1160
openjdk/jdk,c4ffe4bf6369d5b271aa8689b8648f3fe8dcabed,refactoring,3.6189143027353157,38,628
openjdk/jdk,c8307e37fdf4453cade84efc113d93dd14333fd0,refactoring,3.660197448475169,2,60
openjdk/jdk,c8ace482edead720c865cf996729a316025d937e,refactoring,3.638244099678049,56,2160
openjdk/jdk,c91cd2814baa8dee2af8af0fecf9185d4a0a44cf,refactoring,3.619111054072553,21,1304
openjdk/jdk,cc396895e5a1dac49f4e341ce91c04b8c092d0af,refactoring,3.394276180698152,125,4134
openjdk/jdk,cfe57466ddecb93b528478d0b053b089dd1ed285,refactoring,3.698608734504525,41,1880
openjdk/jdk,d097b5e6285e1a59632211e006592fedf2047c09,refactoring,3.66019497680432,2,60
openjdk/jdk,d2ce04bb101002abfdb7c8adb3fa8ea267903c36,refactoring,3.465767517174944,45,1146
openjdk/jdk,d98a323a8b972c17a066c597a81b164681ad5589,refactoring,3.6785655436408344,65,1356
openjdk/jdk,eca64795be63c599a637ce2a7f740b2d0a1ec9bc,refactoring,3.6957402020432477,31,1032
openjdk/jdk,f52d35c84b7333809156d201c866793854143888,refactoring,3.6759169581970745,36,1498
openjdk/jdk,fcbf9d052efd16821750fb20813f8030ee828472,refactoring,3.7004189165209014,27,1188
openscad/openscad,1b100be767b02e8374852243a40545bf48b1a6ff,formatter,1.1342898382639999,460,24182
openscad/openscad,9b3163e740cbcc771c6825b679e02bb76a9b2b45,formatter,4.646627817071007,412,77317
openssl/openssl,0f113f3ee4d629ef9a4a30911b22b224772085e5,formatter,11.688289350267448,1054,586560
openssl/openssl,2fab90bb5e1937f1c2125eab144f7f6c39e70087,formatter,0.808282949273709,2091,359811
orhun/git-cliff,00273009e7553229bccc02e9f4a00d6f8acb9cd5,formatter,1.1460622797677897,30,17390
otter-sec/anchor,1c6089e02f04cb18ae849382effff505b039f3dc,other,0.5365852282809846,120,3467
otter-sec/anchor,62865c636aecc6974fc9cfebfc6cf08ca4f0bb72,formatter,0.5114859495018632,130,2780
otter-sec/anchor,a868f4051d7db0a271a6d5d37780f47746294497,other,0.3673070512333004,150,856
oven-sh/bun,4ec410e0d7c5f6a712c323444edbf56b48d432d8,other,1.4549951834106523,542,1240
oven-sh/bun,6b4662ff55f58247cc2fd22e85b4f9805b0950a5,other,1.2985152863335614,81,1366
oven-sh/bun,dedd433cbf2e2fe38e51bc166e08fbcc601ad42b,other,1.3015881118969757,84,1143
oxc-project/oxc,217997bd7c5fec9edc6dabcb668ab664f9c31857,formatter,3.1787150797272288,24,1063
oxc-project/oxc,318d55806f6c50658ad9d88204da47de2e062280,formatter,3.181932529723426,2,37
oxc-project/oxc,523a30a0164932029e977090d441041fff13c735,style,0.8486915037898953,209,14737
oxc-project/oxc,a8e5181ab73e3cee5904af3acc6c5927def9d500,other,0.9259970656830684,72,1572
oxc-project/oxc,ad2835f11b28e28ecec635842c62b407d9149331,formatter,3.3651261502775878,24,382
paramiko/paramiko,7f2c35052183b400827d9949a68b41c90f90a32d,other,8.285481215301544,63,7074
payloadcms/payload,03291472d6e427ff94e61fca0616cca7796a3a95,lint,1.8818924442923417,64,5443
payloadcms/payload,1fbda85cd04a774cb978778b0f813001664c53dd,lint,3.0648047696909777,90,552
payloadcms/payload,5fd3d430001efe86515262ded5e26f00c1451181,lint,2.9679330177199787,16,322
payloadcms/payload,6789e61488a1d3de56f472ac3214faf344030005,lint,2.5457539229852713,695,12111
payloadcms/payload,75a428ddc4672903455998eaba7ae9f9d710bf85,formatter,3.034136943240297,128,2175
payloadcms/payload,7fd736ea5b2e9fc4ef936e9dc9e5e3d722f6d8bf,lint,2.0735401931705835,53,779
payloadcms/payload,83fd4c66222d7846eeb5cc332dfa99bf1e830831,lint,2.2209131873146246,364,5176
payloadcms/payload,86fdad0bb8ab27810599c8a32f3d8cba1341e1df,lint,2.0860762859026036,653,69436
payloadcms/payload,ae7d6f97d205491390f15850e5104c7abded1550,lint,3.0810304649276246,1403,92961
payloadcms/payload,cdaa0acd61d3001407609915bd573b78565d5571,formatter,3.0324294306284383,332,20714
payloadcms/payload,dfac7395fed95fc5d8ebca21b786ce70821942bb,formatter,2.995770337414759,39,158
payloadcms/payload,fb7d1be2f3325d076b7c967b1730afcef37922c2,lint,2.9703413440819326,22,360
pbek/QOwnNotes,0360890a79032079de840a4a0780df61255d455e,lint,2.294054459147717,2,13
pbek/QOwnNotes,097caef2ec7772b0f07b81234ede28f6d5313d5f,lint,1.4808526947549876,222,114813
pbek/QOwnNotes,0cd434e0d5c8fb9cf571ccee4086f1177a32a68e,lint,1.9059256724212235,3,12
pbek/QOwnNotes,0d11bd1fbd899285cd17d4cae7ef861a3f11ebf6,lint,1.669813769107917,3,32
pbek/QOwnNotes,18a3d6f5060b89a7217dd23e0bc2d956084bd34b,formatter,6.628352092681319,103,482
pbek/QOwnNotes,1cea8a186d7820817248d799696c4af82cb6f746,formatter,3.6774712905924405,151,14793
pbek/QOwnNotes,1f0dc719acd7a643230449a69c0b80d538b2bead,lint,1.5904647058077928,1,11
pbek/QOwnNotes,232056ddbd0d78196ea1d3091a07b94ab672a479,formatter,6.636490195705631,152,20869
pbek/QOwnNotes,268e37b387000e8455b4e2a8604879c2160f2bfd,lint,1.891825233858088,1,2
pbek/QOwnNotes,3289322eeace6738317a1b0648f7426372d5b5a2,lint,1.6314861079423024,4,26
pbek/QOwnNotes,3632fe9dd8983bdfe8250528dc605b60c1eb6f28,lint,2.4695103556670976,4,185
pbek/QOwnNotes,368baf866c1dec154c220c0b491d3348640a1051,lint,1.5317052310695363,1,42
pbek/QOwnNotes,3c6f80210de98d8c726e23e61dd89fe6f212903d,lint,1.757876232666616,1,2
pbek/QOwnNotes,462319586d5cf42c997adc149da88ab57fef1d8a,lint,1.5326181331913706,7,340
pbek/QOwnNotes,5a9ecf751b1b2c86c8757c7d3a4c320abff2e2b2,lint,1.5795247103708774,1,3
pbek/QOwnNotes,5d9e27ae62b4340dddde9991a3eb6a2bf9633821,lint,1.963378203665678,2,19
pbek/QOwnNotes,5ecd9e0a714c39750adce2f843959cb53e3206fb,lint,2.37334207924557,1,2
pbek/QOwnNotes,611647e62ea804909d623b81507958d49f9b96f0,lint,1.6020896392628083,1,2
pbek/QOwnNotes,6616e27a87808013ef2a9a90f70521f6a1792b3d,lint,1.5521083669227065,6,46
pbek/QOwnNotes,6db18f0ef0d6e323701bc6b314d4454503b54b82,lint,1.7497337249980986,2,4
pbek/QOwnNotes,6e2afc87cf5ad8515f313ff82fc9815160009f3f,lint,2.07509103987629,2,11
pbek/QOwnNotes,7aa2fb5297bb1ede5e4985f893cfb2ca8f783448,lint,1.532659834714934,474,25480
pbek/QOwnNotes,7b9fb0418a69b32a8aaed8ba282dbb607cb66b8f,lint,1.8969913428144092,1,2
pbek/QOwnNotes,828b5ff3af372f8a38c1506b724b7939355198db,lint,2.068438284280173,1,10
pbek/QOwnNotes,854fc85a2792a4143f59cc3272408f1f57367917,lint,2.3906613303926787,3,133
pbek/QOwnNotes,88ab0866313712753368524e329a6884f4b09cd1,lint,1.74136654878698,1,4
pbek/QOwnNotes,989958c81bed1de2b3097e339a151176cc877243,lint,1.7986006223540447,1,3
pbek/QOwnNotes,9c81abeff9178ac0c6d975f06838e4f8b00564b6,lint,2.0312967082414377,1,3
pbek/QOwnNotes,a1c7a319d38e6fbf46c1fb05c964cbe71bec29ec,lint,1.656090513854032,5,19
pbek/QOwnNotes,af30dbb0b087f62147a0b669e03f6bf6661ef053,lint,3.537912547215251,1,10
pbek/QOwnNotes,b5654bd2514a1a3e31465fda4bec5baac80c079f,lint,1.634163022536568,3,10
pbek/QOwnNotes,b656e95042d8d9db9907beacb52422d50f07cc6e,lint,1.5327172218419651,4,156
pbek/QOwnNotes,b9bebd7286d48d3f9349c500adb9a3263ffc2040,lint,1.6451481734986184,4,12
pbek/QOwnNotes,bc630007d8ae09fb4040a6a2ba4631749e723903,lint,1.798597675361878,4,38
pbek/QOwnNotes,be7b1bf83d918ebd31409e22fc954cfd245a5c0c,lint,1.5300786815220422,3,35
pbek/QOwnNotes,d5532246320051d1d33b484b193c007b51013065,lint,3.5378746165741375,2,20
pbek/QOwnNotes,e12f3048b2363edbf4bdd3e615269dc8c2548dc0,lint,2.467890555682308,1,9
phoenixframework/phoenix_live_view,03a611404e1d38f391f7d0303c5db910fbc2ab59,refactoring,1.3527162078231552,106,27372
phpDocumentor/TypeResolver,0339a6b726db84790d94794e36f502c52e0e518a,style,6.8261704628995865,10,56
phpDocumentor/TypeResolver,0cbfc1c752b9fae8c7a0be740e5d6af496463e1e,style,8.098475264278653,2,21
phpDocumentor/TypeResolver,2e32a6d48972b2c1976ed5d8967145b6cec4a4a9,style,7.09940188734251,1,12
phpDocumentor/TypeResolver,6937c3bf9f57533b310c28c1758f4af6bd777f92,whitespace,5.136418802443785,55,342
phpDocumentor/TypeResolver,81dea8effddb6afc070552d95b8f5bbc2589fe10,style,7.222477723274267,1,2
phpDocumentor/TypeResolver,92a009284c653e8576ee544191f2167f97c93aed,whitespace,5.136418802443785,2,45
phpDocumentor/TypeResolver,d0e860a40b8199a0d5166023bc3764eed7af7d83,formatter,7.222478959109692,35,1081
phpDocumentor/TypeResolver,e64841657859b6a3d1ecf01d6922ce1548ad7382,style,7.099420551626233,1,10
playframework/playframework,0ff248c489e79821f97e853ef6c99732db30b3d6,other,0.4718447220320937,80,634
playframework/playframework,1d93d8df9a7bdfd12463d7ac1a3e5decfd4f32dc,formatter,3.16638974446726,2,20
playframework/playframework,20e0e98f709e90116a29b671d675b03c39db832d,formatter,3.67927925444267,29,204
playframework/playframework,22fac071cbc433042ec0e0738ad908d34d1bb6c0,formatter,3.0507670418536263,2,12
playframework/playframework,27d45299c9af048a10d948bf63a9506f1f61384a,style,3.6368989403503433,121,944
playframework/playframework,33eee4309ab453f6fd90c929378c7b87444cadc3,formatter,3.8957949907470786,149,1907
playframework/playframework,41aa6e9a797a223927088afb37d74994b85bf294,formatter,0.48089737495880547,3,8
playframework/playframework,4f94acc38e29f9da95a01490f47800fd6004f50c,formatter,3.429338511166882,7,126
playframework/playframework,6e6e94d39566c7ad75f13eba7207b5e93fc0ffa9,formatter,3.682151019088904,97,1441
playframework/playframework,7b5c1ba370cb8e4779247de639905323271d839e,formatter,3.7987943633229397,7,30
playframework/playframework,7b6f6e6ebf7ca2cb4de903e9590872ec9b16aeb8,other,3.9468716252186478,334,2247
playframework/playframework,85edcea9246b96e792590079c8949c7cdc6b80b4,formatter,2.2901664258371994,44,185
playframework/playframework,87bcdac6fd18ec4a0de058fd3da1458334e1d209,formatter,3.6789740030927573,108,1683
playframework/playframework,8ac2d8568ca8625251febdf88b603b4e64f56b49,formatter,1.2400901209217432,224,1339
playframework/playframework,9a9dbfd6e2254af83a30adfe377c44c71e544b76,formatter,0.8017774165335767,4,56
playframework/playframework,9c240f23551bdadd30d2e7e418530c92e5f7006c,formatter,0.19841721170177706,3,6
playframework/playframework,a27215c42e66be9b62f9b0eeaf248e3c50dc6ada,formatter,1.5875176819530001,33,94
playframework/playframework,a91cd82abcc56b50a79d0069c5fe1be7962f9885,formatter,1.704808984206657,6,111
playframework/playframework,b8a4e49711895a2b1e088696d91713e6231abfca,formatter,3.527781358531701,128,1106
playframework/playframework,bed8f2fdfccdbec318c11ee7c9503fec96ccf517,formatter,1.00172402210561,1,20
playframework/playframework,cd2507a778ccaaa595117a632cb3c068b5984b83,formatter,3.2535500164778055,2,8
playframework/playframework,e7923768a51fd30e549572c57506f2387b5337d4,formatter,3.681713311531929,33,261
playframework/playframework,ea97026a71db35ac4dcb0d312fa6370fbbe035d9,style,3.6678948652622507,377,3201
playframework/playframework,ec06efad503547d81c3e36e3ebf8cba44c6ce306,formatter,2.870128083250944,6,14
playframework/playframework,f6350816a5726f1bf98da7ef5d870fcf8f3afdad,formatter,2.4110503333586837,11,32
pmndrs/react-spring,5e92d007e7e75041400892b35c167e408407ff70,formatter,0.36323291378305067,66,1344
portainer/portainer,42e7db0ae7897d3cb72b0ea1ecf57ee2dd694169,formatter,6.33507088625244,1,2
portainer/portainer,58d66d3142950bb90a7d85511c034ac9fabba9ba,formatter,3.5956312900854313,226,1403
portainer/portainer,cf5056d9c03b62d91a25c3b9127caac838695f98,formatter,6.437424423910564,714,59987
postgres/postgres,009dbdea02d74c72db2d1a57d5299f94f91fa975,formatter,3.6869863360965347,2,20
postgres/postgres,01529c7040088db2718628d0814058598152bd39,other,2.959813071969985,1,8
postgres/postgres,015d32016d845f8a29b3ec3ab7fa98a69cea1a0f,whitespace,0.5363403427383578,3,27
postgres/postgres,020794ee42a3413b416898e7931a8a3a5b43e9ab,formatter,0.38463321038355264,203,2651
postgres/postgres,0231f838565d2921a0960407c4240237ba1d56ae,formatter,10.642707240094303,1,58
postgres/postgres,0245f8db36f375326c2bae0c3420d3c77714e72d,formatter,3.3681100590665958,402,9179
postgres/postgres,042d9ffc282a8c796d2a5babc600c1a6db150dac,formatter,14.239615465054376,53,5934
postgres/postgres,0686d49da0a34ad92f61f791ea1039dec5d20f41,formatter,25.527263701929172,100,10545
postgres/postgres,075cede74858a9a04e97097b1ccd555121516c20,formatter,29.0601500430958,86,987
postgres/postgres,07842084fe3e11041f83563c851236395f481470,formatter,27.352270895125105,413,22622
postgres/postgres,089003fb462fcce46c02bf47322b429f73c33c50,formatter,23.159655487109287,554,46357
postgres/postgres,0984a3b851abe89bec6c3eff51b03038808e1997,formatter,2.5716396367277614,1,4
postgres/postgres,09c37015d49665c52ae7eabd5852af36851aede4,formatter,0.6765711587699952,1,4
postgres/postgres,0a7832005792fa6dad171f9cadb8d587fe0dd800,formatter,12.403611808249043,854,15230
postgres/postgres,0b8ace8d773257fffeaceda196ed94877c2b74df,whitespace,3.3695412198646286,2,298
postgres/postgres,0d93ce31a584ff454f39df9f94f84376756e074b,formatter,2.83199799731285,1,5
postgres/postgres,0ebd24255581837f9a5b189ef15147b769df116b,formatter,1.254052811367151,24,666
postgres/postgres,15d3f9f6b7849a70281f151f0def7a6d335767d7,formatter,22.08616865667858,53,2023
postgres/postgres,199ad00e4b59a04263fd79fb115aecce2fb0851b,formatter,1.9622232045529444,1,2
postgres/postgres,1c551683cb99d94ebb44be0b94a0e03dd1d9a0f8,formatter,25.397336996476284,23,528
postgres/postgres,1ccd423235a48739d6f7a4d7889705b5f9ecc69b,formatter,29.06470295586483,687,290583
postgres/postgres,1d1612aec7688139e1a5506df1366b4b6a69605d,formatter,1.173293184526073,1,6
postgres/postgres,1dc34982511d91ef8a2b71bdcb870f067c1b3da9,formatter,20.960921172712755,770,66961
postgres/postgres,1e9c8580904625576871eeb2efec7f04d4c3bc1c,formatter,8.25300431591756,18,124
postgres/postgres,203c1b4cc49455364b6bcab8034900d1c016b9cd,whitespace,1.539375015844044,1,5
postgres/postgres,21d304dfedb4f26d0d6587d9ac39b1b5c499bb55,formatter,9.12853908408751,46,546
postgres/postgres,228a1f9542792c6533ef74c2e7aefad0da1d9a7a,formatter,0.45499565873196945,1,2
postgres/postgres,239d769e7e05e0a5ef3bd6828e93e22ef3962780,formatter,16.236247876898116,127,2908
postgres/postgres,23e7b38bfe396f919fdb66057174d29e17086418,formatter,4.386832585494461,287,8746
postgres/postgres,243ee266339bd4a049ff92e101010242169b7287,whitespace,12.688624832053135,2,87
postgres/postgres,250c8ee07ede8a104ae1471f6ebca204d94267dd,formatter,3.7128539876289706,7,34
postgres/postgres,26905e009babe6020fddcf3820e57e2f87c5539c,formatter,10.713831977083174,4,16
postgres/postgres,27cdb3414b3fb4c8fcc069572568390450bb04c9,whitespace,9.682287499683119,15,260
postgres/postgres,286bb240e1c8e279efa2d805c7f700abfb771925,formatter,8.395639180419296,3,51
postgres/postgres,2b03cfeea47834913ff769124f4deba88140f662,formatter,2.1095478426749814,1,20
postgres/postgres,2dd318d277b8e1d8269b030f545240193943162f,formatter,10.47601037467995,1,75
postgres/postgres,301de6a6f609cb3ad2d9d31fd8db9ae6c71e6dea,formatter,1.7642411336730297,16,395
postgres/postgres,30ed71e423ee63b263730b86326da2a629a29f84,whitespace,4.385691846021244,12,3122
postgres/postgres,319dbfa7364721d3343af03a7ce063c2a2c9d385,formatter,29.062237812761428,632,56557
postgres/postgres,328f492d2565cfbe383f13a69425d751fd79415f,whitespace,3.2184382842801735,1,7
postgres/postgres,335f2231a30cb5002219888eef14f4dfce5b0391,formatter,0.7070846008568459,1,2
postgres/postgres,33fe7360afdc0bb1820743ea5bfe3fc7d522f6c4,formatter,10.152752395619439,1,25
postgres/postgres,382ceffdf7f620d8f2d50e451b4167d291ae2348,formatter,9.276599107663447,568,9492
postgres/postgres,3be0a62ffe58f0753d190cbe22acbeb8b4926b85,formatter,10.301840507516415,31,4202
postgres/postgres,3d47b75546d1ef70145f58e162a96f7e0c649389,formatter,2.6058920830481407,1,6
postgres/postgres,3f815dd11374b54deb29228dc0040179864af828,other,0.255417807437828,1,4
postgres/postgres,436a2956d80db29ac1dff640b631620d856b4f70,formatter,20.85511902045783,264,8528
postgres/postgres,4672b6223910687b2aab075bcd2dd54ce90d5171,formatter,1.3314331254594773,1,266
postgres/postgres,46785776c42143af8f5433bb580ff13f2a9f65e1,formatter,23.14630957360509,109,1619
postgres/postgres,47ecbfdfcc71e41d7dcc35f0be04f8adbe88397f,whitespace,2.209899802266332,1,4
postgres/postgres,49e7c6f78ed608c5d5454080ae19c0e7f1b09a04,whitespace,2.6420468286561714,1,4
postgres/postgres,4bc424b968058c7f0aa685821d7039e86faac99c,formatter,10.30848993586331,252,5220
postgres/postgres,4d0cf0b05defcee985d5af38cb0db2b9c2f8dbae,whitespace,2.821281054326058,1,1
postgres/postgres,4e465aac36ce9a9533c68dbdc83e67579880e628,whitespace,3.2057028100996274,1,10
postgres/postgres,519acd1be59e407a62dbe6a5240d9d1dcb8cd062,whitespace,0.49137779805815396,1,4
postgres/postgres,52f77df613cea1803ce86321c37229626d9f213c,formatter,26.467827559763734,434,46977
postgres/postgres,53dcba9be5746cc126bdb949bf81c29ea2cfc24d,formatter,1.856901063452227,1,1
postgres/postgres,56b30e266eaa74f38bdda45067c9a5a63cd24c75,formatter,2.9193919372829367,2,7
postgres/postgres,59f6a57e59fe8353f9edaa3703516ea67e06672b,whitespace,29.060041796587825,413,8966
postgres/postgres,5cbfce562f7cd2aab0cdc4694ce298ec3567930e,formatter,6.3802363931350925,198,3809
postgres/postgres,5dc456b7dda4f7d0d7735b066607c190c74d174a,whitespace,3.1392356833219255,3,29
postgres/postgres,5f0bf6cb0d1f1922a7da68392e50d214b1c2abe3,formatter,18.87486418485563,6,88
postgres/postgres,5faffa0434b484772782ff4763c0b2080222dde0,whitespace,2.7195820658098206,1,2
postgres/postgres,611806cd726fc92989ac918eac48fd8d684869c7,style,2.931658427763835,212,780
postgres/postgres,62e9af4c63fbd36fb9af8450fb44bece76d7766f,whitespace,3.186306943493802,1,2
postgres/postgres,64e401b62b1559d617db5c1e1070d7a05e794c27,whitespace,2.5175629642304864,1,8
postgres/postgres,651902deb1551db8b401fdeab9bdb8a61cee7f9f,formatter,9.298786948310392,24,212
postgres/postgres,6560407c7db2c7e32926a46f5fb52175ac10d9e5,formatter,15.310942150226886,92,1264
postgres/postgres,65e806cba1f0f154d51caa7478e7192ce58d1056,formatter,16.59414080918701,403,13302
postgres/postgres,675fed4df5db4e78d40a0ce9cb785cfba9fa480f,whitespace,2.920566044312622,1,14
postgres/postgres,6783b2372ef13c141649840a836ff0a954ea1d4d,formatter,24.92491770603595,525,4488
postgres/postgres,69a674a170058e63e8178aec8a36a673efce8801,whitespace,3.238414835095191,1,8
postgres/postgres,6e826278f1ebd9967c0f8adda29c8960a812e344,formatter,1.7138726012117524,2,4
postgres/postgres,719fe0779d8d116bf8ee06056fed4c1257f1744c,formatter,0.3846193943772657,4,449
postgres/postgres,7229ebe011dff3f418251a4836f6d098923aa1e1,other,2.09479763987122,1,18
postgres/postgres,736a97bddd16f0511dc62b7e4770376a34f10114,formatter,0.38462671432555073,48,674
postgres/postgres,73873805fb3627cb23937c750fa83ffd8f16fc6c,formatter,1.1833965193804346,4,1109
postgres/postgres,7584649a1c58029a83a7a57d74cedcf1af434c97,formatter,11.954591382107639,7,123
postgres/postgres,76aa615943049c04efd36ab4765c06eda89cdfea,whitespace,1.6639888331178543,1,6
postgres/postgres,785941cdc359c6e595201ffb0df9d28f3f7173a4,formatter,11.516336888736786,71,524
postgres/postgres,796bdda484c838313959f65e2b700f14ac7c0e66,whitespace,1.5374427079372321,1,2
postgres/postgres,7b24959434629970c14fc5ee668585e491e565e4,whitespace,0.6001466841584912,1,40
postgres/postgres,7dcc6f8e6d7a0eb0ce90802311278723843b4bbd,formatter,2.2509334360027378,8,74
postgres/postgres,7e9c216b5236cc61f677787b35e8c8f28f5f6959,formatter,1.0465927700458844,1,2
postgres/postgres,7f7474a8e4002ac9fd4979cc7b16b50b70b70c28,whitespace,2.0081022321089055,1,4
postgres/postgres,807b9e0dff663c5da875af7907a5106c0ff90673,formatter,11.356681401627501,414,11158
postgres/postgres,8255c7a5eeba8f1a38b7a431c04909bde4f5e67d,formatter,7.360390840875098,712,14888
postgres/postgres,82d0ffae3219e4bc153a1306ce23013d168e04a2,formatter,4.253161678961645,8,54
postgres/postgres,84288a86ac74dbeae486b6ff699c017f7d9517bb,formatter,12.402647539736861,7,130
postgres/postgres,86b276a4a9b4b2c63ef00765f0e2867e1bcac4ca,whitespace,0.864313826146475,1,12
postgres/postgres,874da8b1f6143808a4433df645c1e81f6a8bbd1e,formatter,0.5149550346033919,4,28
postgres/postgres,89be0b89ae60c63856fd26d82a104781540e2312,whitespace,3.1286237863462367,1,11
postgres/postgres,8b411b8ff41566a1aa601d1f05aeebbebbdb4a54,formatter,5.711729662585241,10,403
postgres/postgres,8d290c8ec6c182a4df1d089c21fe84c7912f01fe,formatter,10.702491951225696,3,34
postgres/postgres,8de5ca1dc9fa809102acd1983ee19159d0bc469f,whitespace,2.134875117245925,1,2
postgres/postgres,918e7287ed20eb1fe280ab6c4056ccf94dcd53a8,whitespace,1.4203693563515603,1,6
postgres/postgres,927d61eeff78363ea3938c818d07e511ebaf75cf,formatter,14.30606110730854,494,14711
postgres/postgres,92c4dafe1eed511c5af92bcea5311cf627673377,formatter,3.8228193842370777,4,14
postgres/postgres,9301308bd196f614696e0e9492cf0c52f7857f83,whitespace,2.4935568927928613,1,4
postgres/postgres,96c019ffa3f883d139709ea0cfe76dc1bce0f1f8,formatter,2.714050086191599,1,190
postgres/postgres,978772cf5dd642b093382e9ff4b3a353e8a5d1a2,formatter,0.07880453519912795,1,7
postgres/postgres,97add39c038bbdb9082b416ddf04cd20b0d20bf5,whitespace,2.12577800593201,4,4619
postgres/postgres,99e44c3181c779ae0f3539ba7f408661983fbf8e,formatter,0.2553962912262022,7,86
postgres/postgres,9af4159fce6654aa0e081b00d02bca40b978745c,formatter,13.339412217659138,367,8039
postgres/postgres,9e1552607a9dc6bc23e43d46770a9063ade4f3f0,formatter,25.52751958323827,555,61080
postgres/postgres,9e1c9f959422192bbe1b842a2a1ffaf76b080196,formatter,7.250928017339722,15,62
postgres/postgres,9e345415bcd3c4358350b89edfd710469b8bfaf9,whitespace,1.2499293672522624,2,11
postgres/postgres,9ef2dbefc7fb3ac22e1528bc22a41a5c6c6a9539,formatter,9.276763568839202,11,57
postgres/postgres,a32450a5855eed4bfd756ef292ee45d3c754665b,formatter,28.593826875301037,430,23012
postgres/postgres,a361490806435fda6340fa13c0a881767c57c87a,formatter,10.631948722336299,1,22
postgres/postgres,a3a75b982b5bb6fba95ad8b3d48e70439dcd2329,formatter,4.534743326488706,3,35
postgres/postgres,a44d96add2eb377ab70055a54b713c5c78380383,formatter,3.227033297842675,1,2
postgres/postgres,a4cfeeca5a97f2b5969c31aa69ba775af95ee5a3,whitespace,3.2461178606738157,2,18
postgres/postgres,a5422fe3bd7ecd9c64cf4a8acf5f510b8da676c5,formatter,0.24626343574923315,1,4
postgres/postgres,a6fd7b7a5f7bf3a8aa3f3d076cf09d922c1c6dd2,formatter,9.37231734986184,310,6515
postgres/postgres,a7f2f6adc240a2823c2344b89e90bb630dea8803,whitespace,1.9556140200775725,2,10
postgres/postgres,af74855a608da4cd7ef88ceb2241ec1c75537f39,formatter,28.08199612771567,329,8768
postgres/postgres,b0289574bdf1202248201a3143d1459bdf5727fd,formatter,2.560621435090121,1,8
postgres/postgres,b0be28761ec5958bb7bbf9a03d94ee6e1bc59849,formatter,2.5112831457398537,1,3
postgres/postgres,b27644bade0348d0dafd3036c47880a349fe9332,other,1.2933142571044693,16,200
postgres/postgres,b2caf7c0e1ebada614b6aa3004d826080a07e7e4,whitespace,2.8452742287119426,2,4
postgres/postgres,b2e6e768230be334b12dae536ba4c147fba4e9c9,formatter,4.062428226481101,1,111
postgres/postgres,b334612b8aee9f9a34378982d8938b201dfad323,formatter,3.2813621758308615,11,76
postgres/postgres,b3364fc81b78538006da3b3ad5680530d2af8c47,formatter,21.021848366162192,7,2747
postgres/postgres,b406af1806e9fc5c090e58282c7d98f22a4b397f,formatter,2.5716738281745126,1,4
postgres/postgres,b43e8f4b3dc5b361e78f237b136c9c1f817e13c4,formatter,0.17319381068268816,1,6
postgres/postgres,b48f275f18d7da4f4863888ad047cbd699698880,formatter,2.2572912071893936,1,23
postgres/postgres,b5bce6c1ec6061c8a4f730d927e162db7e2ce365,formatter,10.125547791974041,26,326
postgres/postgres,b5d69b7c22ee4c44b8bb99cfa0466ffaf3b5fab9,formatter,6.314090108246508,6,26
postgres/postgres,b6a77c6a6ccf698787201b001cbbbf9c89fe5715,whitespace,2.971141246482622,1,4
postgres/postgres,b6b71b85bc45b49005b5aec87cba2c33fc8baf49,formatter,22.088654872360383,527,39119
postgres/postgres,b6dfee28f2b44e28b123b77a91fb05c47da63501,formatter,3.5642372360382284,3,120
postgres/postgres,b6eb8dde6be32e394a4420dfeb671b5891a87c8b,whitespace,0.5571549167237052,1,6
postgres/postgres,b78542b9e975494bba6db2d2802439c3328d5ef7,formatter,6.623578725885365,2,15
postgres/postgres,b81844b1738c584d92330a5ccd0fbd8b603d2886,formatter,24.933199514538494,818,42429
postgres/postgres,b955df443405e056fd9047ef819a1465654f9d79,whitespace,1.5526546378685324,1,2
postgres/postgres,bc6041b61f6678d32a5cfb70744653cd8f8d01c0,whitespace,3.087762567495627,1,5
postgres/postgres,bd57abbb1910e51e45761b59985745d094ae9e03,formatter,0.3243219066088676,1,4
postgres/postgres,bdf46af748d0f15f257c99bf06e9e25aba6a24f9,formatter,8.43069568027987,167,2221
postgres/postgres,be060cbcd42737693f6fd425db4c139121181cce,formatter,10.560736145968008,1,24
postgres/postgres,be31ac25191b26a8a1db345a727545959654f4cb,formatter,1.6893688366669202,14,109
postgres/postgres,be76af171cdb3e7465c4ef234af403f97ad79b7b,formatter,7.360408396075747,221,2751
postgres/postgres,befa3e648ce018d84cd2a0df701927c56fe3da4e,formatter,11.353926059015894,10,400
postgres/postgres,bf50caf105a901c4f83ac1df3cdaf910c26694a4,formatter,15.475538000354907,446,11005
postgres/postgres,c0e96b49e588b2a5ab501a2acc03b96ff76cf288,formatter,15.741788412300048,1,7
postgres/postgres,c2b0e3a0351e021dea9b61fe2f759570d3fedb70,whitespace,0.8812278817147058,1,2
postgres/postgres,c7b8998ebbf310a156aa38022555a24d98fdbfb4,formatter,9.276630447182296,1107,6951
postgres/postgres,c883453cb29cb40c1e59c3c54d159c5e744da8a9,whitespace,2.1805002281542323,1,6
postgres/postgres,c9d29775195922136c09cc980bb1b7091bf3d859,whitespace,6.667757497401577,78,880
postgres/postgres,cdaa45fd4b09c64d634818e52ef7a2191ce40667,formatter,14.878521497198774,4,1293
postgres/postgres,ce554810329b9b8e862eade08b598148931eb456,formatter,9.372033202778411,66,3059
postgres/postgres,d0cd7bda97a626049aa7d247374909c52399c413,formatter,10.652836400740235,1,29
postgres/postgres,d231be00cbf29bf24e5b4fc79e587982bbc00ebb,formatter,4.62090919461556,1,94
postgres/postgres,d34f9505353dbf3888b3f7000ce2b666bac928d7,whitespace,0.14985461505310924,1,4
postgres/postgres,d69fdf79b8ba7549a9c449e255aab0734cc67a4f,formatter,0.2473384541283241,11,1219
postgres/postgres,d7471402794266078953f1bd113dab4913d631a1,formatter,17.304522618957083,654,23289
postgres/postgres,d8421390996dcd762383a28e57d1f3f16cc5f76f,formatter,8.252998421933228,9,57
postgres/postgres,da256a4a7fdcca35fe7ca808686ad3de6ee22306,formatter,2.3798409257991735,60,1662
postgres/postgres,db6e2b4c52ade524f3db419d75084728e96e1f9c,formatter,7.360330918701042,38,871
postgres/postgres,dd7ea37c435e10f9c5aa3fb257a05c08814a4ad2,formatter,2.574337180267194,2,38
postgres/postgres,de8370d631aabed163f563037fc370bce0864a89,formatter,0.1273109171800137,1,6
postgres/postgres,de94e2af184e25576b13cbda8cf825118835d1cd,formatter,10.484451162319061,14,232
postgres/postgres,def5b065ff22a16a80084587613599fe15627213,formatter,5.386382614647502,230,4547
postgres/postgres,e02ad575d8ab6b44500d2a3fd8c3212345e3aa2b,formatter,6.374908231297691,2,8
postgres/postgres,e1a8b1ad587112e67fdc5aa7b388631dde4dbdda,formatter,1.4907171648034072,1,2
postgres/postgres,e1c1c30f635390b6a3ae4993e8cac213a33e6e3f,formatter,5.25794749917611,19,170
postgres/postgres,e3860ffa4dd0dad0dd9eea4be9cc1412373a8c89,formatter,9.276707164042893,379,3434
postgres/postgres,e50f52a074bdf0d6a9dc384840e641c4c0b0bb1a,formatter,24.071838479478796,446,28445
postgres/postgres,e94a7afe44bfa1bd8dc929204a2d4ac8b3fa9854,formatter,0.9431126574897964,1,4
postgres/postgres,e9718b4bd3e4234ffd5a4907a903367fc483c843,whitespace,2.959805783709788,1,29
postgres/postgres,ea08e6cd5542cb269ecd3e735f1dfa3bb61fbc4f,formatter,24.901721233553882,503,3266
postgres/postgres,eaedf0df7197b21182f6c341a44e4fdaa3cd6ea6,formatter,8.836397381296424,52,421
postgres/postgres,ec4327d106be745534592e8aff14effb716f4dc9,whitespace,1.5070123837047178,1,11
postgres/postgres,ed43677e20369040ca4e50c698010c39d5ac0f47,formatter,5.6974213818541335,1,12
postgres/postgres,f04d4ac919b9ae9b57e977523e4b40979aa8b951,formatter,8.433522796410374,53,3627
postgres/postgres,f63ae72bbcea057534144eaf27ffe3f6e9267511,whitespace,0.866277600324486,1,976
postgres/postgres,f6e8730d11ddfc720eda1dde23794d262ad8cc08,formatter,18.875181889624052,124,1501
postgres/postgres,f7b51d175a02a3b6589f091ca732959618844232,formatter,15.61680606256496,1,149
postgres/postgres,f99a569a2ee3763b4ae174e81250c95ca0fdcbb6,formatter,19.991987476867696,522,38889
postgres/postgres,fa1a8d6a97068295fe30ac646aec7493a6305bc2,formatter,28.081860344259386,574,50626
postgres/postgres,fa27dd40d5c5f56a1ee837a75c97549e992e32a4,formatter,6.374897552412097,33,94
postgres/postgres,fcf70e0dbca1432959be5f3557acd546d639c9ba,formatter,9.867972817958274,3,47
postgres/postgres,fcff1cdf4eadbc6dcba4b9a2cd09f38f466ffa31,formatter,27.351532594367125,109,1822
postgres/postgres,fd6913a18955b0f89ca994b5036c103bcea23f28,formatter,15.22106402261262,5,177
postgres/postgres,fdad19e1cfe4564230092e034c0b2185e4a04909,formatter,0.24902340482165944,1,2
postgres/postgres,fdf5a5efb7b28c13085fe7313658de8d7b9914f6,formatter,18.875315993611682,486,19776
postgresml/postgresml,5d91e570a567c4b9059e66b36421b007d00f889f,whitespace,3.1524022739371818,39,8600
ppy/osu,00c11b2b4e389e48f3995d63484a6bc66a7afbdb,other,3.8455369863360964,6,12
ppy/osu,0ab0c52ad577b3e7b406d09fa6056a56ff997c3e,other,3.2734394567394225,1072,3712
ppy/osu,212d78865a6b5f091173a347bad5686834d1d5fe,other,3.845705757091794,6,14
ppy/osu,32a74f95a5c80a0ed18e693f13a47522099df5c3,whitespace,8.467890397241868,1069,190586
ppy/osu,7bc8908ca9c026fed1d831eb6e58df7624a8d614,other,3.845763587852055,2331,6436
prettier/prettier,060ef1b2ae29348eec056619af5752f20369b010,formatter,2.2168677275838466,3,20
prettier/prettier,1178b4dff2cd78c76e8028b6deb5882348c970d9,formatter,2.808680761528126,3,20
prettier/prettier,16449ce9140cac682eab3fb11e15beed14960da6,formatter,2.4041874540522725,4940,728087
prettier/prettier,29f88611542ed7a8da5df4aa21c59d4610553147,formatter,3.090235347428195,3,24
prettier/prettier,2a68c62ea937b5b4904b66ab157efa7f35ea632e,move/rename,0.05433153978756306,789,61161
prettier/prettier,3a098e32d46cf36a13aa5ef3a58e6dbcec8345c3,formatter,0.8429142900600806,8,55
prettier/prettier,3d8dc612b54cef741a1c31da1011a2d48748a1dd,formatter,5.39452394985677,35,183
prettier/prettier,4985be553e911fef7d83f3341eb143c443473c58,formatter,2.705223908028494,3,23
prettier/prettier,59ec4f2ef4aef37c10a265aa7fc568c596fb4427,formatter,4.298308204679697,4,68
prettier/prettier,64b6e83884c2fa513ec6199b1812e03315ebbb4e,formatter,3.1621405303318375,3,20
prettier/prettier,73668b5973eb616062cfc0a6f100eedde3e4c430,formatter,3.128193842370776,4,25
prettier/prettier,7ad515111e79a3f304d5480d6586314222052333,other,6.399730080868,1047,79446
prettier/prettier,88470cb79ca3b757dd6b93906d9a992aa1a456c3,formatter,0.03645768372753314,3,18
prettier/prettier,8dae4abf41e1ccec3515e8acea159505bbd55f33,other,4.207775306106928,63,2045
prettier/prettier,9dad95b35f935edce4c3d6cfa45c79a0b9c82b9f,formatter,6.528104228458438,229,4170
prettier/prettier,a34b4a711ed9928f8809bed3f4c8572dc3a40efb,formatter,5.32180302050853,5,19
prettier/prettier,b585bd6fa4d750a98e277303c428edfc48fea3f4,other,6.400004277891855,365,65042
prettier/prettier,b6225788966a4a6b49e652044337436642dcd627,other,6.399794344310087,5592,357974
prettier/prettier,b9c3cd4c7016dfb1bb3539c5b3db15fdd54b9f6f,formatter,3.7310243808147643,3,15
prettier/prettier,bb817b1bd04c04e0a8d89cb52c256a38e17fd0f5,formatter,0.2622549560169341,20,423
prettier/prettier,cac3858a34b8be0487befab7d55170f5ed14d452,formatter,1.6392723147514385,3,21
prettier/prettier,cdb149417068f3de364fd8db5e9baaf9d2ff4f8c,other,4.163738750728826,70,2136
prettier/prettier,cef4bcafc7867050582d3107632bde7e722575d1,formatter,6.101981646259538,3,16
prettier/prettier,ece93681f1010796e7d8eb4394196ccaef0cbc9c,move/rename,5.4338916774406165,13352,803637
prettier/prettier,ee0d667fa2bf175c194f2f93c98c25a575454476,formatter,2.7174579182193828,5,29
prettier/prettier,eebf0e4b5ec8ac24393c56ced4b4819d4c551f31,formatter,2.883243307475854,35,459
prettier/prettier,f7c44237331348c001c2907e844cd0d1530b23ff,formatter,4.544959312495247,3,30
prettier/prettier,f8c5b1fd1da4d67bc09d12bc3411b70d0fa4f4a1,other,6.399910386087662,3297,147422
prettier/prettier,fa484156174a6553b4155a0a7455f69e404b61a7,formatter,3.2407816500621087,338,2887
psf/requests,2a6f290bc09324406708a4d404a88a45d848ddf9,formatter,4.397113056759703,39,5229
pwr-Solaar/Solaar,27c90fa736d8a7a1ef6acda4345d3599862e185c,formatter,6.113506540421325,27,1423
pwr-Solaar/Solaar,33521558ed7007c24b24127f1448c2c23ecbfb35,other,6.113506540421325,71,1620
pwr-Solaar/Solaar,627185079f65c9cc471194b7927c833682e4a7a3,lint,6.113506540421325,35,802
pwr-Solaar/Solaar,72a8d311bce64b1536c08e754d22bb91efb66460,formatter,6.113506540421325,44,16589
pwr-Solaar/Solaar,e6369e0c3c240715a0a2daede6c3b225ed63cf60,formatter,6.113506540421325,35,448
py-pdf/pypdf,444fca22836df061d9d23e71ffb7d68edcdfa766,other,4.418463793190864,18,669
py-pdf/pypdf,a89ff74d8c0203278a039d9496a3d8df4d134f84,formatter,4.257247826197176,13,498
py-pdf/pypdf,baeb7d23278de0f8d00ca9f2b656bf0674f08937,formatter,4.2060575899307935,2,9
py-pdf/pypdf,eef03d935dfeacaa75848b39082cf94d833d3174,formatter,4.424901798615864,23,3007
pydantic/pydantic,19223b9ce61537995cbc4c46141148ac619a60af,other,0.8992466157122214,15,1500
pydantic/pydantic,332e77ba3b658c2a57fc72f832587b72311d87c7,formatter,2.315954381828783,86,1810
pydantic/pydantic,33c4812cb3b7160d663620f84dd17eeda1480539,style,1.859457975257941,38,976
pydantic/pydantic,419398d1dd9f3c0babdcfde1d52c249266f59ef0,formatter,2.9297156627880447,18,139
pydantic/pydantic,4f3e794a69e84e4294c605c669e4d1876a18dd50,lint,3.532889034654093,27,295
pydantic/pydantic,918402f01d82694214ff93cd77ff62d5d5beb1ab,formatter,2.6124525312444544,5,87
pydantic/pydantic,c4f0262bd64734751a68846a10edd6cdc6acc6f6,lint,1.3980398382639998,43,1418
pyinfra-dev/pyinfra,2d4792eba3233c77a298d86e9638434688e3a1c5,formatter,4.433546594164322,231,15221
pyinfra-dev/pyinfra,b1dc723d92d8804b559956c97ca720c3837053c9,formatter,0.991202119299313,22,153
pylint-dev/pylint,3f2842400795ae1aaffc4ae6c35c4ef26857c239,formatter,8.0360695363399,87,20541
pylint-dev/pylint,99e9ec4bd3d9303cac431bede2077bcfd042f3a1,formatter,0.6971924671077648,42,935
pypa/pip,069b01932a7d64a81c708c6254cc93e1f89e6783,other,5.167967811240398,8,662
pypa/pip,1897784d59e0d5fcda2dd75fea54ddd8be3d502a,other,5.1319321494663726,3,243
pypa/pip,1bc0eef05679e87f45540ab0a294667cb3c6a88e,other,5.169443335361371,8,219
pypa/pip,2495cf95a6c7eb61ccf1f9f0e8b8d736af914e53,other,5.478568458944913,2,7
pypa/pip,585037a80a1177f1fa92e159a7079855782e543e,style,5.093608607752174,22,120
pypa/pip,79176693d4166757031f4b4d0c118ba4a0332d06,formatter,0.29313182878292393,40,1147
pypa/pip,8a6f6ac19b80a6dc35900a47016c851d9fcd2ee2,other,5.588905081501762,11,254
pypa/pip,8e2e1964a4f0a060f7299a96a911c9e116b2283d,other,5.169781193753644,18,1189
pypa/pip,94999255d5ede440c37137d210666fdf64302e75,formatter,5.093608702816438,169,17521
pypa/pip,acfcae8941bb12ecfc372a05c875a7b414992604,formatter,1.6352019798717266,45,130
pypa/pip,c7ee560e00b85f7486b452c14ff49e4737996eda,other,5.1698614279919894,3,72
pytest-dev/pytest,4546d5445aaefe6a03957db028c263521dfb5c4b,formatter,2.6605301417091285,7,125
pytest-dev/pytest,4588653b2497ed25976b7aaff225b889fb476756,lint,2.6555608474662207,149,1770
pytest-dev/pytest,4788165e69d08e10fc6b9c0124083fb358e2e9b0,formatter,2.413756464369914,52,414
pytest-dev/pytest,5f95dce95602921a70bfbc7d8de2f7712c5e4505,other,7.146989916850457,17,229
pytest-dev/pytest,703e4b11ba76171eccd3f13e723c47b810ded7ef,formatter,8.352302488148656,133,23251
pytest-dev/pytest,75d0b899bbb56d6849e9d69d83a9426ed3f43f8b,lint,7.146992990594976,8,40
pytest-dev/pytest,8b54596639f41dfac070030ef20394b9001fe63c,other,2.662502883615991,63,275
pytest-dev/pytest,8c49561470708761f7321504f5e8343811be87ac,move/rename,10.221822540370624,9,2619
pytest-dev/pytest,9aacb4635e81edd6ecf281d4f6c0cfc8e94ab301,lint,8.35230936446371,34,204
pytest-dev/pytest,a91fe1feddbded535a4322ab854429e3a3961fb4,lint,7.322833960757472,100,1540
pytest-dev/pytest,afc607cfd81458d4e4f3b1f3cf8cc931b933907e,move/rename,8.779940394706822,10,765
pytest-dev/pytest,c9df77cbd6a365dcb73c39618e4842711817e871,move/rename,8.31749622911755,2,786
pytest-dev/pytest,eaa882f3d5340956beb176aa1753e07e3f3f2190,move/rename,8.344959977945091,97,36883
python-pillow/Pillow,46b7e86bab79450ec0a2866c6c0c679afb659d17,formatter,5.741436896341927,101,27770
python-pillow/Pillow,53a7e3500437a9fd5826bc04758f7116bd7e52dc,formatter,7.30884712398915,88,5864
python-pillow/Pillow,8de95676e0fd89f2326b3953488ab66ff29cd2d0,lint,12.097529913554897,56,1078
python-telegram-bot/python-telegram-bot,264b2c9c72691c5937b80e84e061c52dd2d8861a,formatter,5.975444203614977,237,15361
python-telegram-bot/python-telegram-bot,950d9a0751d79b92d78ea44344ce3e3c5b3948f9,formatter,4.4038028874185615,311,21275
python-trio/trio,933f77b96f0092e1baab4474a9208fc2e379aa32,formatter,3.2355875922123354,99,2001
python-trio/trio,b25c02a94e2defcb0fad32976b02218be1133bdf,lint,2.0878406786320887,96,1583
python/mypy,23ee1e7aff357e656e3102435ad0fe3b5074571e,migration,4.117906082845336,197,8063
python/mypy,4276308be01ea498d946a79554b4a10b1cf13ccb,formatter,3.4603541460694096,36,122
python/mypy,8107e53158d83d30bb04d290ac10d8d3ccd344f8,formatter,2.6619250513347024,36,264
python/mypy,97c5ee99bc98dc475512e549b252b23a6e7e0997,formatter,4.180352720105458,275,56538
python/mypy,f98f78216ba9d6ab68c8e69c19e9f3c7926c5efe,refactoring,5.257370554161279,153,4228
python/mypy,fc335cb16315964b923eb1927e3aad1516891c28,lint,4.416076602783481,66,1422
pythonnet/pythonnet,fd7c7e1cbd8e1d7bdb2ec2423c3cf9f95a3abed1,whitespace,0.8054928448297716,7,506
pytorch/pytorch,09670c7d43b9abce862a6bf71d8cc89e64764bdb,lint,5.496298387710092,23,222
pytorch/pytorch,0dc1e6be192b260f1c072d70e1b06a3ac8e109fa,lint,1.7369363322939642,1,2
pytorch/pytorch,134bc4fc34bb02795aa694e66b132dcea5dde1e1,style,2.203790022054909,74,159
pytorch/pytorch,19d01a1ef0c0d65768eb0a5c97a25328eec57fbd,formatter,1.8429639452936852,11,2335
pytorch/pytorch,2e26976ad3b06ce95dd6afccfdbe124802edf28f,other,5.381566437244911,32,71
pytorch/pytorch,30fb2c4abaaaa966999eab11674f25b18460e609,lint,4.304934690851015,564,69166
pytorch/pytorch,44cc873fba5e5ffc4d4d4eef3bd370b653ce1ce1,other,5.418418225720587,162,31449
pytorch/pytorch,4753100a3baa96273204c361c8452afb7b59836f,lint,5.4663293786599745,64,373
pytorch/pytorch,515c4279416f13fcc3c898e560f8ae8f15139a03,formatter,3.3222956118335993,13,3774
pytorch/pytorch,535016967ae65a6027f83d6b935a985996223d49,other,2.2103179899612138,5,1258
pytorch/pytorch,5bcbbf537327f6e8328289c25a3a453a2444d984,lint,5.5042300745303825,111,254
pytorch/pytorch,61c0a3d1cbaf6420e40ab0f9c9019daa21145e69,lint,1.7308979453443862,1,5
pytorch/pytorch,65c2086d452ae6966ce9d7fb3cb2eef2fd0d2add,lint,1.8200031688087814,1,14
pytorch/pytorch,65d5004b09fd8d5deac173a3aaa259f46eaa0d67,lint,5.881843581260933,22,71
pytorch/pytorch,67d8e7b659b19e1ee68208b28bfa7dba73375dbc,formatter,5.099223166527239,1,1209
pytorch/pytorch,6ff1e43a416c43cd82b210e22ac47384494c172e,style,2.1649574428980656,72,125
pytorch/pytorch,737d920b21db9b4292d056ee1329945990656304,refactoring,5.315128748700788,44,797
pytorch/pytorch,740fb229660f388feddc288c127ab12c82e67d36,style,2.2040966359925975,36,75
pytorch/pytorch,75024e228ca441290b6a1c2e564300ad507d7af6,lint,5.444572464319213,151,1167
pytorch/pytorch,76169cf69184bd462b9add40f893f57675f8a057,style,2.2057746469947017,50,81
pytorch/pytorch,7cf0b90e49689d45be91aa539fdf54cf2ea8a9a3,other,2.2595222387000278,40,2377
pytorch/pytorch,8c798e062216278673a75bac0848ea69a8bd3f03,whitespace,5.5720811468552744,238,1597
pytorch/pytorch,95b15c266baaf989ef7b6bbd7c23a2d90bacf687,formatter,4.31235287220828,72,5144
pytorch/pytorch,99014a297c179862af38ee86bac2051434d3db41,formatter,1.8682566481608234,24,1755
pytorch/pytorch,9dc68d1aa9e554d09344a10fff69f7b50b2d23a0,formatter,2.7442093188328642,12,827
pytorch/pytorch,a3abfa5cb57203b6a8ba7dff763f4057db8282a8,style,2.2100763999797195,31,44
pytorch/pytorch,a53cda1ddc15336dc1ff0ce1eff2a49cdc5f882e,move/rename,3.38826713691789,5,9207
pytorch/pytorch,a74b10def961ab090385f291ee06e66db99c1a2f,other,5.501784482977159,3,131
pytorch/pytorch,aecc746fccc4495313167e3a7f94210daf457e1d,style,2.2040859254189167,73,158
pytorch/pytorch,b0043072529b81276a69df29e00555333117646c,lint,5.13486982533526,188,86191
pytorch/pytorch,b25ef91bf158ce459d8654e33c50c8e6ed8db716,style,2.165852694754988,58,74
pytorch/pytorch,b3ad45733bd908b7358959ca1e1f8d026f4507eb,lint,1.9085108816893552,11,972
pytorch/pytorch,b732b52f1e4378f8486ceb5e7026be3321c2651c,style,2.2039218761883035,73,158
pytorch/pytorch,ba48cf653541e9160dfdefa7bfea885c22e48608,style,2.206654688569473,53,165
pytorch/pytorch,c0ed38e644aed812d76b0ec85fae2f6019bf462b,style,2.2057571234821407,126,196
pytorch/pytorch,c147aa306c6386a753fdff24b48d04e803070a63,other,5.692712595381145,5,116
pytorch/pytorch,c686304277f7cd72331f685605325498cff94a0b,other,2.2455529571323547,2,178
pytorch/pytorch,cc11aaaa60aadf28e3ec278bce26a42c1cd68a4f,other,5.479294971734226,6,275
pytorch/pytorch,cee06e74eeb54994b97000a02b715a4e63a97951,formatter,1.7778886860851268,7,879
pytorch/pytorch,d72e863b3ecd3de4c8ea00518e110da964583f4f,lint,2.166807742033615,1,1
pytorch/pytorch,d80939e5e9337e8078f11489afefec59fd42f93b,other,2.2595222387000278,14,919
pytorch/pytorch,dcc3cf7066b4d8cab63ecb73daf1e36b01220a4e,formatter,1.7257960998301518,29,105
pytorch/pytorch,dd3a77bc965adf9fe8ba582ee13bb7f14c9661b0,other,3.184683087433772,181,9510
pytorch/pytorch,e3900d2ba5c9f91a24a9ce34520794c8366d5c54,lint,5.4494608271858445,75,534
pytorch/pytorch,e6ec0efaf87703c5f889cfc20b29be455885d58d,other,3.176283969630137,51,2608
pytorch/pytorch,e74ba1b34a476b46e76b4e32afe2d481f97e9a47,style,2.166660075544401,69,442
pytorch/pytorch,e7eeee473c6cb45942e87de5a616b0eb635513d6,style,2.16786805713996,98,362
pytorch/pytorch,eebc93d41eeffb936cbf20c9052e1e813d0cc052,migration,1.7722322356579714,2,25
pytorch/pytorch,f6838d521a243dbedc50ae96575720bf2cc8a8ad,style,2.2066509493751107,31,62
pytorch/pytorch,f70844bec783bfce43c950ccf180dc494e86f2bf,other,3.1819785408269325,56,3980
pytorch/pytorch,fbe6f42dcf1834213e0baa87b87529161df3c4d7,style,2.16884436712551,78,110
pytorch/pytorch,fe5424d0f8604f6e66d827ae9f94b05cb7119d55,other,2.2529562450883462,2,178
pytorch/vision,332bff937c6711666191880fab57fa2f23ae772e,other,3.164546923720435,39,1270
pytorch/vision,5f0edb97b46e5bff71dc19dedef05c5396eeaea2,formatter,4.985409283342206,183,15772
pytorch/vision,6ca9c76adb6daf2695d603ad623a9cf1c4f4806f,formatter,4.18909863234213,191,1334
pytorch/vision,a095de183d3811d79ed0db2715e7a1c3162fa19d,migration,1.434931331913707,187,3549
pytorch/vision,a335d916db0694770e8152f41e19195de3134523,formatter,3.2529318769488174,1,48
pytorch/vision,d367a01a18a3ae6bee13d8be3b63fd6a581ea46f,lint,4.919946764012472,136,1461
qemu/qemu,0eadd56bf53ab196a16d492d7dd31c62e1c24c32,style,3.560136417218039,5,326
qemu/qemu,48805df9c22a0700fba4b3b548fafaa21726ca68,whitespace,3.532286010342992,32,4168
qemu/qemu,8c7feddddd9218b407792120bcfda0347ed16205,style,3.5828289857276854,1,62
qemu/qemu,ad9e4585b3c7425759d3eea697afbca71d2c2082,whitespace,3.5672647159479807,1,28
qpdf/qpdf,0ac37bc9561f1cf1aca2c55fc0e4702d3febcf75,other,2.0219209318832863,7,159
qpdf/qpdf,0d5c57c151a35be81b98eef6051303301d253112,other,1.6925526972900347,24,2803
qpdf/qpdf,0e92cf6bf399249c603c3d0212e898fd29e71fcd,other,2.015824238852131,0,0
qpdf/qpdf,0f0747b3ae9b2b74d337f92c2861a11e0d0573d4,refactoring,2.0219209001951985,3,57
qpdf/qpdf,113ea4e7ae962d3d0c54cb6bedf255f55b23de84,other,1.9642851484270034,3,16
qpdf/qpdf,12f1eb15ca3fed6310402847559a7c99d3c77847,formatter,4.4801971315942914,244,34191
qpdf/qpdf,1e072e223a61d26b612864978b21aac6a0d0dc19,move/rename,2.0219209318832863,3,62
qpdf/qpdf,1eb5df92f49111e2ef1b9d0d8f12b849720b08c6,other,1.9205232337059852,1,2
qpdf/qpdf,2015f71c7d6e316db6ae3cd6a9189b8ed8308c04,other,1.9694580703222044,5,90
qpdf/qpdf,21f176d374dd229401b5de5bf8a4cb89b10e1731,other,2.0158687606155095,5,26
qpdf/qpdf,253d3aee8fb231a777cae127af52c262dcdeb9a6,move/rename,2.0219209318832863,3,77
qpdf/qpdf,28c13f5492ecc8bb6b8e5419f66ad6e66d5869e7,refactoring,2.0219209001951985,3,46
qpdf/qpdf,336d7833250b9d8d8a28a6f232f659b765925593,move/rename,1.964255203184019,3,16
qpdf/qpdf,3c5700c255f4603b5df9c6d183d13dd71a083cc3,style,3.319025179354577,135,5758
qpdf/qpdf,3fbff845949c56180dfdafc0812da95a168f224b,move/rename,2.0219209318832863,5,99
qpdf/qpdf,44a13951940def9699b2c169e8a8eabd35973934,refactoring,2.0158692359368264,2,58
qpdf/qpdf,477fbd9839b0c876bfafdcc26b492548f253b2bb,other,2.015868633863158,5,68
qpdf/qpdf,49e6365f63f3ad09f04093d421caee04bc042c0d,refactoring,3.3520091832078487,3,16
qpdf/qpdf,4bf09ff1cdda1eed496f2e670ef803175b7fed1e,lint,1.692603429918625,1,2
qpdf/qpdf,54cf0e519c49e3fb44c7ca1de95a1fffbafc211c,lint,1.9107206821811544,0,0
qpdf/qpdf,57da88747e02c9d6bb66b7ff38b4db963fd388c9,move/rename,1.5286043932364946,4,3983
qpdf/qpdf,60965d5f4d608bdccc2ffd4e8753e12cbbbd71d2,formatter,3.351585671914214,196,8212
qpdf/qpdf,698a70e6a84cf7c0db667e9d9e021b4c34c85a3e,style,3.3360347428194794,28,6169
qpdf/qpdf,6b077332d38c093de2618d5e1481b42222106065,other,3.3515872246305167,2,3
qpdf/qpdf,6b9eb14c76cdbee063051d0ba987e8a2961a4139,other,2.0219209001951985,2,61
qpdf/qpdf,6c9903062ff10d35f6fb387f983e02b0134ecb82,other,1.9643084708596343,5,69
qpdf/qpdf,7775aec33e55db7a9440b6bcf402c062df1ee967,refactoring,2.0219209001951985,4,222
qpdf/qpdf,7ede03992a963d56754fc522f4c6f0bf944947cd,other,1.5450242413871778,2,420
qpdf/qpdf,7f023701dd843749cf878baabeb3d33917fda62f,formatter,4.408412109919639,32,317
qpdf/qpdf,83443c116d84494da3ee859f0115898118769dca,move/rename,1.9643430108753517,4,36
qpdf/qpdf,83897e8789acc07c7bc72f24ab1aff7ababaca66,move/rename,1.9694745798159556,3,2937
qpdf/qpdf,83fc18af095248ae22f38a52bf4e7e336f0a7c12,refactoring,1.9643080906025807,3,21
qpdf/qpdf,85d784952f8a7c4d8c9e614663ebc5b1eb747384,refactoring,3.352027879179659,33,3031
qpdf/qpdf,965f0fcd6352348760e77004c8af5b9b44e74326,refactoring,2.0219209001951985,2,38
qpdf/qpdf,98c14e7740cb879be05ce95a22a3c1f2c403bea0,refactoring,2.0219209001951985,3,76
qpdf/qpdf,9ae7bdea966102f9621b22192747a891078e7470,style,3.250632811113646,1,1140
qpdf/qpdf,9e03dc54cc50c173f75375e76b31607a03c3f4a4,other,1.9642860040053742,4,20
qpdf/qpdf,9f0cc086b158b477ad942eb159b929b7b9ae7a0b,other,1.9718033057013207,1,2997
qpdf/qpdf,a1b646fccafbdbc39c78f2bad4c21aa507f0477f,refactoring,2.0219209001951985,2,150
qpdf/qpdf,a3f693c8f982462ce03421e187504efbe31788b9,move/rename,1.9645908434101453,7,388
qpdf/qpdf,a4db9b3149562a6117b1d9edf89e3853480aeba8,move/rename,2.0219209318832863,3,54
qpdf/qpdf,a9b5ebef1f19ae50deee68401dd090c0f5587400,formatter,1.5450372018150937,12,102
qpdf/qpdf,acc57ca09095d5e6247893a54d94e99ba2304c52,other,1.9642417357466981,3,126
qpdf/qpdf,ad10fa30067308d985b8a612a0f6a5390696ce25,move/rename,2.0219209001951985,2,9
qpdf/qpdf,b5a5780019a5b75465671a23f55772a20b007115,other,1.964486272720359,9,1011
qpdf/qpdf,bb045907a043b5c6de9fb804ff11087333747329,move/rename,1.5287817514639896,4,3983
qpdf/qpdf,c648b9a018105a3c30b3e7f3c5f8a058d3ddd92c,other,1.9421086521154967,0,0
qpdf/qpdf,cb7180b1bafd075a00d31dc598ebb01e755a2f09,move/rename,2.0219209001951985,4,155
qpdf/qpdf,d42fda60d55d27bc61828901d09d15d2d536e5a7,other,2.0219209318832863,2,5
qpdf/qpdf,d740c6ccced02147f84a39d5e5f0984d12bac6cb,lint,3.3541768068547673,65,196
qpdf/qpdf,d7b909f97d3effc9540c35b0251bdf1c9abf187c,whitespace,2.2263410398762895,1,800
qpdf/qpdf,efb2e8f613511616744eb16aafc8f7138cd821a1,other,1.6926001343574923,11,4951
qpdf/qpdf,f1800410b6c1f1510890b97fe5e8ce962b69ac94,other,1.6925590349075976,11,152
qpdf/qpdf,f30a5eb05a8fe763184cd8167a4d4531909a34d5,move/rename,2.0219209318832863,3,94
qpdf/qpdf,f5cac93ac63559ddc0aec1b1c61c9e2503c7b8e0,other,1.639678999670444,0,0
qpdf/qpdf,f8e6274a2e004e1b0f0bb5ac8f8fb0fb76f34c66,move/rename,2.0219209318832863,11,1173
qpdf/qpdf,ff2a78f579ebdd06b417e34260a17dba06e71137,other,2.019462221461708,0,0
qtile/qtile,13bee8befc81c1d5738c795b6b707e7ac26c616c,lint,2.055287284204122,28,106
qtile/qtile,4ca8fd2fcac3bb1f076dc4ace5615b75e9e3cd92,lint,2.0443321418612315,115,664
qtile/qtile,5fed8371bdd32a185b8e7f1abd37e01a511f05b9,formatter,2.8732210307501203,17,424
qtile/qtile,65a3d20e2a2423a650bbaa9d5e21dc44fd9366a7,lint,2.0443321418612315,11,32
qtile/qtile,923eb6a209e13d65ed2af1c44d886823b43b8c66,formatter,2.0443321418612315,10,53
qtile/qtile,c8fdbedd248173d3f415b411792a2980d7a448d2,other,4.738722558115953,237,16272
quantumlib/Cirq,01a7cb94a90482557ac26b705adbb379e139a7b2,formatter,4.465633825132456,66,1424
quantumlib/Cirq,032720579c4663ef5942f9c093f13607e455272a,other,0.19504208178061702,476,1075
quantumlib/Cirq,084e273aba66bb31ed4fc524ffbbedadbf840a59,formatter,3.206753143458311,70,825
quantumlib/Cirq,1a6c16a07cb37136a7674dc9f2e114942c88e02b,formatter,2.530408427763835,57,4584
quantumlib/Cirq,250f12964f027c68775c5c7989f7b6000f989f06,other,1.5117240537936978,634,2765
quantumlib/Cirq,27152c63cc74d526e3adca721ac12e8842ac6fa5,formatter,4.463628571247496,409,9221
quantumlib/Cirq,2d15b76c2a9ab1f0e49a3f2348c7cfd159c1a469,style,0.02429693639567014,275,1752
quantumlib/Cirq,5cf0e8df8f3e097b8d496cba1c2d4bd04cb83546,formatter,1.5580677237812761,12,373
quantumlib/Cirq,77fb93af5ebbb5bcf7f8a4dc3fd2fba0e827488c,formatter,4.507126746013639,11,138
quantumlib/Cirq,7a335e3ef297057b4a12f7c21d4e8dd426b44ca0,formatter,5.5599126042538085,133,910
quantumlib/Cirq,8b02d60a9721e19bbe34507343627087a65ac55e,formatter,1.3394676401247243,57,2614
quantumlib/Cirq,9c376c4e72ec924ee909a6c31147d703e69f1078,refactoring,1.364191668567952,410,8965
quantumlib/Cirq,a61e51b53612735e93b3bb8a7605030c499cd6c7,formatter,5.831817913909803,683,70889
quantumlib/Cirq,cb6940a40141dba95cba84f5acc27acbeb65b17c,formatter,4.507199501863259,150,1841
quantumlib/Cirq,d1e68b15fd2a6bf40d286bc0439dc7ce9cbd127c,refactoring,1.3859748840215986,161,2246
quantumlib/Cirq,f14948c48b66ab15e5b0d50cd2eb71bf6513ce4b,formatter,0.6568896874287018,59,829
quarto-dev/quarto-cli,809462301b7e19d95dcf160ae9a85e1fe2c49b0d,formatter,1.0956035630085939,4,128
quartznet/quartznet,24411214e9741b62dc9eaaf86a469b378d3592b7,formatter,3.197703247395239,228,1528
quartznet/quartznet,c84c97d51af696df947275ce3d0c8bc6c3a439c9,migration,3.1977810099627346,460,135543
questdb/questdb,ff3f706e271362f94ae90d8fb0c407903b58b23c,formatter,3.8947203209369534,1405,142382
rabbitmq/rabbitmq-server,1de9fcf582def91d1cee6bea457dd24e8a53a431,formatter,3.674672376860091,46,8884
rabbitmq/rabbitmq-server,209f23fa2f58e0240116b3e8e5be9cd54d34b569,formatter,3.673837205617664,47,8885
rabbitmq/rabbitmq-server,968eefa1bb048e2857a3b2617234b52c9a344767,other,1.7431424442923416,1504,4048
rabbitmq/rabbitmq-server,a4fffbd7e0a312fef2e514ade54fc4310a681542,other,1.1684187010419043,18,5556
rabbitmq/rabbitmq-server,cfa3de4b2b1a07e9f4ef90d0aa6b22252238bc47,other,2.354630073262859,281,441
rabbitmq/rabbitmq-server,d56522a8e3f22430fd7424f86ebda4b011c03a6e,license/header,1.7410667161000837,0,0
rails/rails,0d50cae996c51630361e8514e1f168b0c48957e1,other,8.6777597789439,43,316
rails/rails,12a70404cd164008879e63cc320356e6afee3adc,migration,10.149241323801556,1,4
rails/rails,1607ee299d15c133b2b63dcfc840eddfba7e525b,migration,10.149228141557026,5,22
rails/rails,18707ab17fa492eb25ad2e8f9818a320dc20b823,other,5.1713996945268335,287,1292
rails/rails,18a2513729ab90b04b1c86963e7d5b9213270c81,other,10.149344943848709,28,154
rails/rails,19f8ab2e7d60dcdfd7664d6bea3a9fae55a3618c,other,2.9649036365249577,115,851
rails/rails,1b86d90136efb98c7b331a84ca163587307a49af,other,8.02120043983066,101,730
rails/rails,211adb47e76b358ea15a3f756431c042ab231c23,other,8.6777597789439,19,102
rails/rails,301ce2a6d11bc7a016f7ede71e3c6fd9fa0693a3,migration,10.14923302152255,3,24
rails/rails,35b3de8021e68649cac963bd82a74cc75d1f60f0,other,10.149313002256191,145,12006
rails/rails,3c580182ff3c16d2247aabc85100bf8c6edb0f82,other,13.891456764772986,7,222
rails/rails,411ccbdab2608c62aabdb320d52cb02d446bb39c,other,10.149219173828175,100,1049
rails/rails,477568ee33bee0dc5e57b9df624142296e3951a4,migration,10.149229187263924,8,58
rails/rails,4b6c68dfb810c836f87587a16353317d1a180805,other,10.149321653104165,57,2414
rails/rails,4c0a3d48804a363c7e9272519665a21f601b5248,formatter,8.598108759854995,143,6256
rails/rails,4c208254573c3428d82bd8744860bd86e1c78acb,other,10.149344278398864,38,1126
rails/rails,4df2b779ddfcb27761c71e00e2b241bfa06a0950,other,10.149366396684158,118,1680
rails/rails,55f9b8129a50206513264824abb44088230793c2,formatter,10.123008055111923,362,3606
rails/rails,5ad7f8ab418f0c760dbb584f7c78d94ce32e9ee3,other,13.960454280426902,94,894
rails/rails,5b6eb1d58b48fada298215b2cccda89f993890c3,migration,10.149236222019418,95,4124
rails/rails,5c315a8fa6296904f5e0ba8da919fc395548cf98,migration,10.149229884401855,57,2080
rails/rails,60b67d76dc1d98e4269aac7705e9d8323eb42942,migration,10.149225416381475,3,32
rails/rails,628e51ff109334223094e30ad1365188bbd7f9c6,other,10.149318927928613,96,1142
rails/rails,63fff600accb41b56a3e6ac403d9b1732de3086d,migration,10.149233655284306,68,2246
rails/rails,66a7cfa91045e05f134efc9ac0e226e66161e2e6,other,10.149324885289122,55,542
rails/rails,69ab3eb57e8387b0dd9d672b5e8d9185395baa03,other,10.14927317032981,105,1256
rails/rails,6b3719b7577ab81171bab94a0492ae383dd279fe,other,10.149261382361143,15,320
rails/rails,783763bde97bea3d0c200038453008a8cfff1e88,other,10.149272473191878,95,3190
rails/rails,78d3f84955bccad0ab161c5f2b4c1133813161a3,other,10.149260336654246,1,48
rails/rails,80e66cc4d90bf8c15d1a5f6e3152e90147f00772,whitespace,10.149157825690166,463,23299
rails/rails,82c39e1a0b5114e2d89a80883a41090567a83196,other,8.677759747255811,51,388
rails/rails,8b4e6bf23338e2080af537ea4f295e65a1d11388,other,10.149262333003778,1,76
rails/rails,92e2d16a3c75d549fcd9422a31acd3323b74abaa,other,10.149259734580577,3,38
rails/rails,93c9534c9871d4adad4bc33b5edc355672b59c61,other,10.149340982837732,28,198
rails/rails,94333a4c31bd10c1f358c538a167e6a4589bae2d,other,8.677759747255811,209,3976
rails/rails,9617db2078e8a85c8944392c21dd748f932bbd80,other,10.149366143179456,280,11356
rails/rails,9ed740449884ba5841f756c4a5ccc0bce8f19082,other,10.149258847314117,1,122
rails/rails,a1ac18671a90869ef81d02f2eafe8104e4eea34f,refactoring,8.449646265875732,98,656
rails/rails,a2c843885470dddbad9430963190464a22167921,other,13.967979916089943,4,524
rails/rails,a731125f12c5834de7eae3455fad63ea4d348034,other,10.149396563743757,141,5264
rails/rails,aa3dcabd874a3e82e455e85a1c94a7abaac2900a,style,8.003933315588004,109,542
rails/rails,adca8154c6ffce978a5dbc514273cceecbb15f8e,other,10.149251463989657,10,332
rails/rails,b326e82dc012d81e9698cb1f402502af1788c1e9,other,10.14915037898953,261,1098
rails/rails,b451de0d6de4df6bc66b274cec73b919f823d5ae,whitespace,16.12988620807666,337,4246
rails/rails,b678eb57e93423ac8e2a0cc0b083ce556c6fb130,other,10.149277004588436,28,180
rails/rails,b70fc698e157f2a768ba42efac08c08f4786b01c,other,9.714924867543793,31,1134
rails/rails,b91ff557ef6f621d1b921f358fd5b8a5d9e9090e,other,10.149296239257739,17,514
rails/rails,b95d6e84b00bd926b1118f6a820eca7a870b8c35,whitespace,16.12942042487388,337,4246
rails/rails,bde6547bb6a8ddf18fb687bf20893d3dc87e0358,other,10.149338732983496,47,558
rails/rails,be4a4cd38ff2c2db0f6b69bb72fb3557bd5a6e21,other,13.919987483205313,20,692
rails/rails,c3e7abddfb759eecb30cd59f27103fda4c4827dc,other,10.149300295332978,15,94
rails/rails,d20a52930aa80d7f219465d6fc414a68b16ef2a8,other,13.913582338327377,18,338
rails/rails,d22e522179c1c90e658c3ed0e9b972ec62306209,migration,10.149231025173018,202,4812
rails/rails,d66e7835bea9505f7003e5038aa19b6ea95ceea1,other,10.149396563743757,176,1410
rails/rails,e6ab70c439301d533f14b3387ee181d843a86b30,other,10.149248485309402,15,298
rails/rails,eebb9ddf9ba559a510975c486fe59a4edc9da97d,migration,13.414643192131214,43,700
rails/rails,f8477f13bfe554064bd25a57e5289b4ebaabb504,other,10.14927418434862,29,520
rails/rails,fa911a74e15ef34bb435812f7d9cf7324253476f,migration,10.14923245113697,4,14
rails/rails,fda1863e1a8c120294c56482631d8254ad6125ff,whitespace,8.677759747255811,15,190
rails/rails,fe1f4b2ad56f010a4e9b93d547d63a15953d9dc2,formatter,9.920886917889828,380,4175
rainmeter/rainmeter,2a2cf00ab0c007a7a63229960387fa47a33d9a92,migration,0.15649051258650848,419,215176
rapid7/metasploit-framework,29cc349649f978304712dd0c31dc8861e9627209,formatter,4.4241464179785535,52,2796
rapid7/metasploit-framework,41e4375e43443bb568729a3079d3bf9944cbc669,other,13.083127741019595,2264,558766
rapid7/metasploit-framework,7e5e0f7fc814fee55a1eca148c51f2344da65e59,other,13.08312840646944,886,490144
rapid7/metasploit-framework,84aaf2334ae2de73f27999d4c003448c8e891d3a,other,13.07271148629807,6,1706
rapid7/metasploit-framework,9f3a5dc5d0424c2c1a067b140b1642319dee65c2,other,13.06988722209547,2,478
ray-project/ray,77c68c7472afa07ea60cc02c8bbeb4d88dabd803,migration,0.03406222272923163,25,3086
ray-project/ray,7f1bacc7dc9caf6d0ec042e39499bbf1d9a7d065,formatter,4.667981690622861,1637,134904
react/react,c998bb1ed4b3285398c9c7797135d3f060243c6a,formatter,2.336545301290339,57,202
react/react,fd2b3e13d330a4559f5aa21462e1cb2cbbcf144b,formatter,2.1975728509138843,1898,25104
readthedocs/readthedocs.org,2a6af433b42faa53950d5c23e82774deb4f015d8,lint,1.5558781402895023,575,6773
readthedocs/readthedocs.org,6261427e662d9c3733568c33f760c5f5a2100c6d,other,8.008934202854462,1328,210100
readthedocs/readthedocs.org,7cd99714bc415ec72fe7463646a98a3d8b32ec14,move/rename,4.735444678936294,2418,309326
readthedocs/readthedocs.org,8cae85b14d2dbc99300f17d33a493922ef0481c1,formatter,3.143769900119147,503,22147
readthedocs/readthedocs.org,dc34fb87d9bf0d213c9b299ce142a52612b40242,move/rename,4.813259405024463,2418,309232
redpanda-data/redpanda,0b64b2c3f7dd62a3770dbca42c11b3e92f71297e,formatter,1.920996305168961,261,1938
redpanda-data/redpanda,6c71a11d23fdb05457996994f865dd17c10e2318,formatter,0.9770967690825665,554,98330
redpanda-data/redpanda,77f53ca22fb2ed2fe6cfba40ca6923928e8d8988,other,0.9353403617512105,193,566
redpanda-data/redpanda,b079582532df982b81190a34fd0b1f9621ba8213,formatter,1.0122563819808859,583,18019
redpanda-data/redpanda,e3c23b96330a88fba88b6f1bd4f1fa68086e53fb,other,0.9353659340380764,484,5322
redpanda-data/redpanda,efb217101ea58381443956ce0e9da3678857135c,formatter,0.368239504905316,360,6763
redpanda-data/redpanda,fc822009898f760092ba69ceac439de88d2ade90,formatter,1.9234119831672878,171,1453
reduxjs/redux,312a170df2467536e93362a052b77eb33adcb698,formatter,5.336298546150531,18,649
refined-github/refined-github,01dd06acceb957ae824d346a5ff8736ee7320c8a,lint,3.4000312761426725,12,404
refined-github/refined-github,22df0de10caadcd88304dcb5115cd0f4a8ed7a5a,formatter,0.39612204350140695,6,52
refined-github/refined-github,321cd93154ea24874e77af803c167e28e8db86b6,formatter,0.4423141176768829,9,92
refined-github/refined-github,3dd997a0edb7428086c708fd9f52ff99f26478f4,style,0.4480303635257434,184,1042
refined-github/refined-github,7f974d7a919151fda93bbea3fdfe32637d0b83e8,formatter,0.3819023309757396,61,463
refined-github/refined-github,8cbd2ee126e24dab6031e8995bd483aad61ab49d,formatter,0.027566006286916623,97,1163
refined-github/refined-github,938bc983da8f3f8e1caadce18fa47d67c5d7a22a,style,0.44615205212056686,22,61
refined-github/refined-github,969c06f9b981819f0ba943a98afe7f0148d9a5e3,formatter,0.4423710294825969,28,435
refined-github/refined-github,a4b2f95af2a16ffe4d8b023ef97d14466c24db22,other,0.3890140885238421,21,553
refined-github/refined-github,a62b707f3d893f424458b9453e938071e4271c6e,formatter,3.0636731880751387,41,625
refined-github/refined-github,b0395aa5335d797fc042fbd07c5f46961e23fc2b,other,0.3635747014982128,53,227
refined-github/refined-github,b633a49d8ae561cec86cef56bbaf6b43ca22237f,formatter,0.38801261819656757,26,249
refined-github/refined-github,b6dc0edc94cebdee74d67f5919f46c28cd96b9f8,lint,3.407933524729384,237,1414
refined-github/refined-github,c0e15f48290869d944227bcb4dab5b31e3473e90,formatter,0.44068623722970063,118,2012
renpy/renpy,79d1a211a5ded55a806a243b34c4f78746bd0f80,formatter,1.232418181357264,181,21548
renpy/renpy,ac45df8b827a5e54879114600fd82b496e32303f,formatter,0.2330596750069714,84,2656
rime/weasel,21d2bf9df4227c2f1a738002130a47265e70ada8,formatter,2.470367993763784,108,29904
risingwavelabs/risingwave,0019e5914beec085fb1d36350d10e85f4b528929,lint,4.108592605267828,88,391
risingwavelabs/risingwave,055107da6b969d31cd6aca396f4d9ed209845391,lint,4.018356940958755,39,321
risingwavelabs/risingwave,0c8b828828ae05c1e0c927612ba998801d5706c4,formatter,1.5939073313559966,1320,9688
risingwavelabs/risingwave,0f2d391c420276bf8ae36f7c619ba32a64be5bb6,other,4.491019564225416,19,452
risingwavelabs/risingwave,119e17eee482b6add5d5cb6ceb3b84326bf5ce68,lint,1.7995515501812558,422,4015
risingwavelabs/risingwave,2d30fda2459e223507a5ec3aa39c1c0b2e30fff9,refactoring,4.4180506122138565,84,13028
risingwavelabs/risingwave,56d2f5635bc5a3d2bb3403c59e175fefede45afa,style,4.416583770628945,58,485
risingwavelabs/risingwave,59a023ef55880c67c29c0d6d18f1d40370faa544,other,4.37268135092656,18,1962
risingwavelabs/risingwave,6fd8821f2e053957b183d648bea9c95b6703941f,refactoring,3.5371579270920477,175,2059
risingwavelabs/risingwave,9a6a7f9052d5679165ff57cc01417c742c95351c,style,1.9495254075088093,200,14593
risingwavelabs/risingwave,9ff2f46867cbcd743c3ebc49eac2a7a9a80993d4,move/rename,4.344567774482217,66,19494
risingwavelabs/risingwave,c583e2c6c054764249acf484438c7bf7197765f4,formatter,2.9138456980251983,103,1258
risingwavelabs/risingwave,d57c97d4393733a4d3016e35b737f5cd6681aa05,move/rename,4.432786048368698,135,2178
risingwavelabs/risingwave,d6341b74be3f1913cc93993a95c147999df1ff74,move/rename,1.7746631239384492,9,7844
risingwavelabs/risingwave,d70dba827c303373f3220c9733f7c7443e5c2d37,formatter,3.419812248079702,72,1030
risingwavelabs/risingwave,e7b7842826035b645bc4feddf5ef315d0935e35e,lint,4.01803679620757,170,557
risingwavelabs/risingwave,f2a3fd021059e680b35b24c63cff5f8dbe9f9d5f,other,3.173409416432175,169,1307
risingwavelabs/risingwave,f2c5758789ddd22ba6edbfeb6d7f5279ac919f9c,move/rename,4.405481817375212,149,36656
risingwavelabs/risingwave,f8266748dcb70541da944664552c1944ff8362e4,move/rename,3.3566161241666035,198,66325
robotframework/robotframework,39ccb4364f5879a915f697f256f32e6919717eb0,formatter,0.40195414099931553,85,1542
robotframework/robotframework,a9f153afce8495f66cf0f52b430beeaf346f7b48,style,0.40215703982558876,20,74
robotframework/robotframework,d2cdcfa9863e405983ecafc47e2e7e5af9da68f4,formatter,1.4173259056455498,658,59596
rocketride-org/rocketride-server,86f09182c86776b2d52a619b539a2de9faa9aa88,formatter,0.4085788209496286,255,6677
rocketride-org/rocketride-server,d4f2b35686d3fe369907903e19acaa67be4ff7f8,formatter,0.5727800593201003,252,5311
rtk-ai/rtk,ad63139576f77767299ac1c0f4bca5b52fe80442,formatter,0.0466538646791898,69,2870
ruby/ruby,0d842fecb4f75ab3b1d4097ebdb8e88f51558041,whitespace,4.1723491647020055,1,28
ruby/ruby,0e4bad888e605d424b9222ae0ca43f85c1634e5e,whitespace,0.629705047278627,1,48
ruby/ruby,23f9a0d655c4d405bb2397a147a1523436205486,other,0.6810394960326515,5,1118
ruby/ruby,26a9e0b4e31f7b5a9cbd755e0a15823a8fa51bae,other,0.8466197049205263,7,58
ruby/ruby,2da92388b948821269b18d6b178a680f17e41750,whitespace,1.8387724351661723,1,506
ruby/ruby,2f53985da9ee593fe524d408256835667938c7d7,other,0.8465285066037975,4,46
ruby/ruby,39dc9f9093901d40d2998653948d5da38b18ee2c,whitespace,4.172393654777296,8,2066
ruby/ruby,40b2c8e5e7e6e5f83cee9276dc9c1922a69292d6,whitespace,3.0081519824067735,1,2305
ruby/ruby,48b09aae7ec5632209229dcc294dd0d75a93a17f,whitespace,4.172435292924684,8,2066
ruby/ruby,4ba2c66761d6a293abdfba409241d31063cefd62,whitespace,4.17234285877253,1,28
ruby/ruby,5062c0c621d887367af8a054e5e5d83d7ec57dd3,whitespace,0.8228922351509621,34,4014
ruby/ruby,5b21e94bebed90180d8ff63dad03b8b948361089,whitespace,4.196047829999746,158,77152
ruby/ruby,61aa46c41648c6d1e9b0daa1a292de551fde78df,whitespace,0.3858178061703045,1,34
ruby/ruby,712ac99e4d0384a941c80a9f48f62943ba7d97c0,whitespace,2.1423300567850534,2,314
ruby/ruby,7480cd8d37fd71a41ce12b759090051c7e14fb5a,other,0.3784237394478668,2,36
ruby/ruby,7a56c316418980b8a41fcbdc94067b2bda2ad112,other,1.3166237926838542,3,105
ruby/ruby,8a65cf3b61c60e4cb886f59a73ff6db44364bfa9,whitespace,4.172434880979542,8,2066
ruby/ruby,92ce852366a8ba90b28254f4df36fc3f6b3b12eb,other,0.05972833802317033,5,41
ruby/ruby,9ee713a92c2fe8bf5aac4c2f5b0c4c7e6b475b47,whitespace,0.09659955129667655,60,1547
ruby/ruby,a0f7de814ae5c299d6ce99bed5fb308a05d50ba0,other,2.5959122366719902,6,756
ruby/ruby,a925c74bd239398b97112e24f952c377345c5bff,other,0.059750456308464525,5,41
ruby/ruby,b78e0a6ddf7df8a7568ea71284f593423c739551,other,0.5737931908636905,6,896
ruby/ruby,b839989fd22fef85e2af19de1bc83aa72a5b22bd,other,0.6787543412680305,10,1448
ruby/ruby,bf01f6ae89a95d8f5572e050facfe311c8c28aaf,other,0.3857069295510432,2,35
ruby/ruby,c0a526dd97b22f462f49a2a0062420523303769d,whitespace,0.09660157933429665,60,1547
ruby/ruby,c5e9af9c9d890578182a21e7b71b50334cd5579e,whitespace,3.563509012092174,1,14822
ruby/ruby,d1474affa8e105bece209cc9d594bb0a989859e1,whitespace,2.1423300250969657,1,872
ruby/ruby,d2c5867357ed88eccc28c2b3bd4a46e206e7ff85,whitespace,3.0079087129566253,1,135
ruby/ruby,d4e24021d39e1f80f0055b55d91f8d5f22e15084,other,2.5958310517910106,5,754
ruby/ruby,d7ffd3fea402239b16833cc434404a7af82d44f3,style,4.194858924633052,288,14598
ruby/ruby,e63a2115f64433b21cb5dd67c5bf8b30f87ef293,whitespace,2.1424549712272163,3,742
ruby/ruby,e90282be7ba1bc8e3119f6e1a2c80356ceb3f80a,other,1.3166282290161482,3,105
ruby/ruby,f1c708d02e99c036e48ff56c0e4410592bcc7265,whitespace,0.0965971746900905,1,18
ruby/ruby,f28287d34c03f472ffe90ea262bdde9affd4b965,whitespace,4.172352777144016,1,28
ruby/ruby,fc4acf8cae82e5196186d3278d831f2438479d91,whitespace,4.116075842269374,2,110
rust-lang/book,3a30e4c1fbe641afc066b3af9eb01dcdf5ed8b24,formatter,1.7486790503713845,117,2965
rust-lang/cargo,009876a88af659c10b022ec4c4956f77b983d531,formatter,7.278972640504981,1,6
rust-lang/cargo,0c07056bfeffee213e21cdf1e48875f59f834282,formatter,4.561223540446675,1,10
rust-lang/cargo,0dfdba6f7a7702a7f45d523b028c896084411de8,formatter,6.370831843993206,1,12
rust-lang/cargo,1179e7ef6b88a6940168cbc2e806d48ed20d92ef,formatter,4.356609596420514,1,2
rust-lang/cargo,1839ded4aa5607d3564f02b36e517289ad6ed8e8,formatter,5.3651093872791344,1,76
rust-lang/cargo,189fef1173118ee3be47fa59e22fd2d21bb05bbd,formatter,6.991922294471062,1,4
rust-lang/cargo,1ce80236261a3cd42a95b1f1abcffede87cafef4,formatter,1.236630827439349,498,2441
rust-lang/cargo,1e6828485eea0f550ed7be46ef96107b46aeb162,formatter,8.54692479783,186,48625
rust-lang/cargo,2415a2980f455238e9422cc07abcfa4cbec9be6b,formatter,7.280259018429792,3,12
rust-lang/cargo,29b7e90ba37f311baaf448894bbf04721bed5791,formatter,7.280221689862347,11,240
rust-lang/cargo,384c311692e6ff537b51bcf57f804b917a702c9c,formatter,6.951153953405836,1,5
rust-lang/cargo,3a6cd74434cc1fdd57266740d4827ed162580005,formatter,6.980943227621872,1,4
rust-lang/cargo,3aa99422ca7808f1bc5621fda3a8f32f27273d9b,formatter,5.620312983243339,3,58
rust-lang/cargo,3ca98adbbac5752cdef337f5ac803e7843ab601a,formatter,7.599098378837428,1,6
rust-lang/cargo,3d042688a851d985013ee8ff64a9caef47b7b495,formatter,5.973193367049459,1,5
rust-lang/cargo,404970f2261e2d6c9ba4eac410065fa6226271d9,formatter,8.452225486095267,3,7
rust-lang/cargo,43c253e69a20321cdfd73d632fa5ec641b1aace3,formatter,3.2218991304788704,6,66
rust-lang/cargo,4538ade2d55d7353cfac8a0ce320e3c4a29bc450,formatter,5.752388933252212,1,18
rust-lang/cargo,4787dd3acfb32c6d608342bca115094e1ed866e7,formatter,5.8250171749435955,1,4
rust-lang/cargo,4b6c26dd16786b416190bd0a36e7646d33b9846a,formatter,6.611963457297133,1,10
rust-lang/cargo,511050baefa2ec21c2be8c3eaee2aade1da2c06b,formatter,7.052360667477882,2,15
rust-lang/cargo,56f8848a51e5db5214ec27bb41c7d99ebac21af8,formatter,7.012166958197074,1,3
rust-lang/cargo,577968e44828457dfa62fc10ccd29f42a359b746,formatter,7.16887104849545,1,194
rust-lang/cargo,5c241e102756e340991365d7b376997a9ae95f62,formatter,8.470668238395822,4,35
rust-lang/cargo,5c7979cdf879a6cc9011432098f7ef68ed7f5e37,formatter,8.506671451567927,8,100
rust-lang/cargo,5d201944d7aba8380082dcb9e0c340d92e92850f,formatter,8.404849196390092,13,567
rust-lang/cargo,60afaa77335ab464a5b6c913883ad145ae97d750,formatter,7.050121175247801,2,10
rust-lang/cargo,63a9c7aa6d54ff0580288f1a01795a29b3ea1c75,formatter,7.416552019164955,20,250
rust-lang/cargo,648b39e98101f9b6417fc6ebc88fa7f397a5f509,formatter,6.876560258067787,1,4
rust-lang/cargo,6b07c8da63c0896cc31fa6cb8b47a71fe29c88e2,formatter,7.364758948715998,6,31
rust-lang/cargo,6f8c7d5a87526d10e3bbfa4098a1002076386068,whitespace,6.008915094937511,86,25295
rust-lang/cargo,72d6c5411a215ce5ab0ff22b1e1e1525883b7c33,formatter,4.35522324257865,2,8
rust-lang/cargo,76fb87e2bab025acaff2d6dd919dde0e328267da,formatter,10.539479903414708,1,65
rust-lang/cargo,7a67e88baf0f73196973cadf887bf9a31c13e95f,formatter,1.804157223616498,1,6
rust-lang/cargo,7a6ff7f068acde98230d712637e934c58fc84805,formatter,3.663494910893097,1,9
rust-lang/cargo,7c8ee49bffdeeb138db5e22f14abbf88cf99c547,formatter,3.7533315904885036,1,20
rust-lang/cargo,87124d5ade897b3fb38ce5cd0a2f19a9038dd8a7,formatter,10.113487717697163,1,16
rust-lang/cargo,90954d700ccb71b3df6ecf8ff83891dd3570f887,formatter,8.465565885872183,2,39
rust-lang/cargo,9b2295d11fd2816aa3032403a88d7c055cd2cf58,formatter,8.043520166299086,3,80
rust-lang/cargo,9dc70a3dabb291052a4d117b8348c9b461d1b570,lint,6.980039610109768,1,6
rust-lang/cargo,a4947c2b47fd38857c7332d333fda7bcc405de0c,formatter,8.426926857555708,15,264
rust-lang/cargo,a4e3b81a55b8c142ab1b84f4f209414a72727e86,formatter,7.001066272466854,3,42
rust-lang/cargo,a4e9611453cb4ba3f9bcc34f2851546f57152229,formatter,7.216533893578726,21,178
rust-lang/cargo,a50be59a70af64b83c07f40bc2faef80a73bc908,formatter,7.02675460111035,2,4
rust-lang/cargo,a6ad2de0484f1910d42793f3ec73b111403099b7,formatter,8.520200997541004,1,4
rust-lang/cargo,a82de176952f7c244adbd392d444baaafdfc819c,formatter,7.123050295332979,1,4
rust-lang/cargo,ac2a4382ee5d927d917df026d2236ff5cd668717,formatter,7.050527194716962,2,15
rust-lang/cargo,ad44f0e898721f35173b59f32dae344b964dff22,formatter,5.897156501128096,2,6
rust-lang/cargo,b0c181d91ccfe1d27d4c7133049a6bfe5bacf29b,formatter,8.546924132380155,33,943
rust-lang/cargo,b0fbc89c33780ca3e1f2bfeacc67922ee7abe1dc,formatter,8.520290231196288,1,8
rust-lang/cargo,b48ae60e67096f7cda80a17dfa2a9ff7a916bbf7,formatter,7.401210104697443,6,14
rust-lang/cargo,b9554f37abe4f802dd615a550773105a8b2eb386,formatter,5.924731126574898,5,19
rust-lang/cargo,ba81441f297c6d9799473a62af021236b8bc9ed8,formatter,6.923054890105711,4,47
rust-lang/cargo,c3f8cd3cd2999949c49c8f0e76108ffe7a37bec0,formatter,6.729379357112075,1,2
rust-lang/cargo,c4922052fc7470264f3df491213f74142ac67ebf,formatter,7.26798793317616,1,4
rust-lang/cargo,c56cb4287fa98a42dafea36d0b88bb4441f63c1f,formatter,6.729368361345603,1,6
rust-lang/cargo,c7a79be6f8a8da1d6dee54fe3f5c137d293692b0,formatter,4.994985074910639,1,2
rust-lang/cargo,c973a6d0af55785f3072623b4d29127051a84b90,formatter,5.254145720840621,1,2
rust-lang/cargo,d02f476804ae73d79059e3243ecb4c814f53bea1,formatter,6.548608322559383,1,2
rust-lang/cargo,d0430dd2b11e6ac004e8f39a712ee6425b81e12d,formatter,6.728624578548432,2,8
rust-lang/cargo,d0f7c0ee31c81cd405dc2c163e4ca7638895610c,formatter,7.171699115268588,1,1
rust-lang/cargo,d6d15141f8ef21f1cebeaa4d42606f29e7d00239,other,6.951043742236418,1,12
rust-lang/cargo,d85336084d8855bfbfd431b85beaa5c094dc5e72,formatter,8.37506233046873,12,239
rust-lang/cargo,dac967ce27d4eeb496dcd98ba91641fbe29df957,formatter,7.316426470961036,3,15
rust-lang/cargo,db09895f3c123c36e05175e2c0273bf487068b37,formatter,7.674821532689432,15,149
rust-lang/cargo,dcae5fcf2dc6e040d1cadac14276fd306c058b74,formatter,6.350444425431592,1,21
rust-lang/cargo,ddd5c83b8cf63458bf67ae504bb289ed4e987d38,formatter,4.355224573478338,1,4
rust-lang/cargo,df62c36b214449003997d8ee630c7d5c1c08a90c,formatter,5.233502674474612,2,9
rust-lang/cargo,e06a911de616b3f402f1e142b5202445d333f4eb,formatter,6.447812919867164,1,5
rust-lang/cargo,e84cc17db6ac48620e2723f51bce0703f5590060,formatter,3.149523284406926,23,56
rust-lang/cargo,ebd0d58c1c11f98e804c80b3378d00f9e1000a95,formatter,5.78901266255989,1,54
rust-lang/cargo,ebd10526f3526b695872a8ecb381f65aaf74c019,formatter,7.039031009962735,19,56
rust-lang/cargo,ef4c09f986c0b1f701c765d894da911c2de44724,formatter,9.646829448373767,1,106
rust-lang/cargo,f16efff1509be313f4bed825e7ab974673dd03fc,formatter,7.474497743808148,19,168
rust-lang/cargo,f2b5271a09a13f89a50861ebd71da333836bded3,formatter,5.419601015286333,1,1
rust-lang/cargo,f39302f432f62e29910c876f766eb8a324cee843,formatter,7.3327764151900015,1,93
rust-lang/cargo,fc4ee774483dc6b40f1edbd259879dc4cbcf20a5,formatter,7.055456308464522,2,4
rust-lang/cargo,fecb72464328846dacd0ff8252d105b7818733ab,formatter,7.8119803153598495,124,9577
rust-lang/futures-rs,dd019055ef5bf4309f15db934407e202caf52e14,formatter,5.413506572109412,180,3779
rust-lang/mdBook,154e0fb3080c6ffc225b0d47b5d835e589789892,formatter,8.341892444292341,1,263
rust-lang/mdBook,1d69ccae4854f13552d452d0bffef95cbff70364,formatter,8.127400024082947,11,66
rust-lang/mdBook,2f59943c04f0aa204a9238d6a699ba9cc06c88d9,formatter,6.714781954267751,2,21
rust-lang/mdBook,3688f73052454bf510a5acc85cf55aae450c6e46,formatter,8.076453342459503,10,73
rust-lang/mdBook,382fc4139b96bde3c4b8875b499c720eabc89c6a,formatter,8.958532492965244,32,1427
rust-lang/mdBook,5835da243244bfc5c95c6c6db96f453da4bb5740,formatter,8.155645042715543,34,846
rust-lang/mdBook,742dbbc91700dce1b7d910bca6b3e10a5ae46b86,formatter,7.790893699140619,7,74
rust-lang/mdBook,75bbd55128083897d40c3f5265cc5b1f10314ddb,formatter,9.333686053438791,14,732
rust-lang/mdBook,ad0794a0bd692e4f2ff23b85e361889620e93f51,formatter,10.504294369660558,13,947
rust-lang/mdBook,b88839cc25a6fd1c782101e94318959e8079bb20,formatter,6.978469718863285,1,10
rust-lang/mdBook,c7b67e363bb9ce3383636ee615e8e761bf185b33,formatter,1.1541960098359825,18,265
rust-lang/mdBook,fd9d27e082f5e9eea50e4fa9fa3a22060d02c66b,formatter,8.150219281567674,3,9
rust-lang/rust-analyzer,3e358a6827d83e8d6473913a5e304734aadfed04,other,4.0773692232615915,74,2870
rust-lang/rust-analyzer,4704881b641884de50645637108b6b6f5b68aaf9,other,3.1982950541232538,312,26870
rust-lang/rust-analyzer,932d85b52946d917deab2c23ead552f7f713b828,other,2.733343600273785,248,12159
rust-lang/rust-analyzer,9d2cb42a413e51deb50b36794a2e1605381878fc,other,4.154687143509012,45,1006
rust-lang/rust-analyzer,b2f6fd4f961fc7e4fbfdb80cae2e6065f8436f15,other,3.543847662686643,218,15758
rust-lang/rust-analyzer,c48062fe2ab9a2d913d1985a6b0aec4bf936bfc1,other,3.3138263999797197,613,85523
rust-lang/rust-analyzer,f247090558c9ba3c551566eae5882b7ca865225f,formatter,4.364228109868938,24,1993
rust-lang/rust-analyzer,f532576ac53ddcc666bc8d59e0b6437065e2f599,other,2.7963504829264583,263,15956
rust-lang/rust,1fcae03369abb4c2cc180cd5a49e1f4440a81300,formatter,1.640555111922326,287,10492
rust-lang/rust,283abbf0e7d20176f76006825b5c52e9a4234e4c,other,3.9825612530737446,53,4184
rust-lang/rust,60600a6fa403216bfd66e04f948b1822f6450af7,other,2.029979085862043,16,4417
rust-lang/rust,6e48b96692d63a79a14563f27fe5185f122434f8,migration,2.6049785471645497,1817,9550
rust-lang/rust,7232830d10b6af772e0e4670a2ff61dd23830ed8,move/rename,0.17462804522523892,10,1092
rust-lang/rust,84ac80f1921afc243d71fd0caaa4f2838c294102,formatter,2.1744081615838975,1865,17158
rust-lang/rust,95e00bfed801e264e9c4ac817004153ca0f19eb6,formatter,6.84420184044414,52,3094
rust-lang/rust,971c549ca334b7b7406e61e958efcca9c4152822,formatter,4.833352156057495,15,192
rust-lang/rust,99cb0c6bc399fb94a0ddde7e9b38e9c00d523bad,other,2.1168359444317693,678,7134
rust-lang/rust,a06baa56b95674fc626b3c3fd680d6a65357fe60,formatter,6.773967221841965,1160,141024
rust-lang/rust,b2d2184edea578109a48ec3d8decbee5948e8f35,formatter,2.967181883286435,206,5354
rust-lang/rust,b39a1d6f1a30ba29f25d7141038b9a5bf0126e36,formatter,8.337862575100768,4,1989
rust-lang/rust,c34fbfaad38cf5829ef5cfe780dc9d58480adeaa,formatter,6.83649063933886,144,4812
rust-lang/rust,c682aa162b0d41e21cc6748f4fecfe01efb69d1f,formatter,2.0210036884934217,1455,15540
rust-lang/rust,cc907f80b95c6ec530c5ee1b05b044a468f07eca,formatter,3.2198819935609806,162,2357
rust-lang/rust,cf2dff2b1e3fa55fa5415d524200070d0d7aacfe,move/rename,3.7200289946003497,55184,1699526
rust-lang/rust,ec2cc761bc7067712ecc7734502f703fe3b024c8,migration,2.620951688341319,9925,32802
rust-lang/rust,f97fddab91fbf290ea5b691fe355d6f915220b6e,other,3.3515267320708797,35,8009
rust-windowing/winit,2665c120981af548433645c6383b3580dd8f8fc4,formatter,2.217587237305752,86,501
rust-windowing/winit,3398ebe467c43ccfd91916c5b81ff3c68f598556,formatter,2.160206638020635,9,324
rust-windowing/winit,7b0c7b6cb2c62767ca0c73c857b299883f55a883,formatter,2.4148780959261793,154,9344
saltstack/salt,0b2a5613b345f17339cb90e60b407199b3d26980,other,6.459074200826425,2648,796228
saltstack/salt,5e72e192f9713719ef5ec066c7b6c96302327ec6,other,6.2764912097244405,57,2095
scala/scala3,46a26945a172429740ebdd1fc83517130670080b,other,1.4720504727862702,1,50
scala/scala3,e24e3b64331fa6fdf122fce551ff5436e2a85340,formatter,0.6699810505234872,138,4464
scikit-image/scikit-image,025757f8d5a1ece2687781000560aad79047b6c3,lint,4.001472101807488,67,256
scikit-image/scikit-image,659af605da92732b57b7862f78fe77f3fd161fd0,formatter,2.937308984206657,445,34281
scikit-image/scikit-image,f4978b11499e499cc006c417b3bf0ccf245ca72c,lint,3.9532467297893374,180,1843
scikit-learn/scikit-learn,1fc86b6aacd89da44a3b4e8abf7c3e2ba4336ffe,formatter,4.621666286409613,124,689
scikit-learn/scikit-learn,1fe659545c70d9f805c1c4097dd2fce9a6285a12,formatter,1.171620782315512,239,3748
scikit-learn/scikit-learn,351ace7935a4ea685171cc6d174890f08facd561,formatter,5.285910683955687,79,328
scikit-learn/scikit-learn,3ae7c7615343bbd36acece57825d8b0d70fd9da4,formatter,5.254431832585494,234,2756
scikit-learn/scikit-learn,42173fdb34b5aded79664e045cada719dfbe39dc,formatter,3.2767851484270034,771,11078
scikit-learn/scikit-learn,4abf564cb4ac58d61fbbe83552c28f764284a69d,style,1.1745422021953507,24,188
scikit-learn/scikit-learn,5cdbbf15e3fade7cc2462ef66dc4ea0f37f390e3,lint,1.535131695692955,26,120
scikit-learn/scikit-learn,70a185ae59b4362633d18b0d0083abb1b6f7370c,formatter,4.9805974472076455,262,13372
scikit-learn/scikit-learn,82df48934eba1df9a1ed3be98aaace8eada59e6e,formatter,5.286080468730195,513,102390
scikit-learn/scikit-learn,893d5accaf9d16f447645e704f85a216187564f7,formatter,3.4848158922098005,183,1564
scikit-learn/scikit-learn,b98dc797c480b1b9495f918e201d45ee07f29feb,formatter,1.423976601515958,66,356
scikit-learn/scikit-learn,c4c546355667b070edd5c892b206aa4a97af9a0b,formatter,2.4719391525337797,156,535
scikit-learn/scikit-learn,d4aad64b1eb2e42e76f49db2ccfbe4b4660d092b,formatter,4.50673691915735,25,64
scikit-learn/scikit-learn,fe7c4176828af5231f526e76683fb9bdb9ea0367,formatter,1.536337047177225,93,594
scikit-learn/scikit-learn,ff78e258ccf11068e2b3a433c51517ae56234f88,formatter,1.4593812583973433,81,596
scipy/scipy,05b872da4f498d923dbf5f5f38691b9a21580914,other,2.8733443290998046,18,69
scipy/scipy,06a8231667a412c8f24ebca057bce35ae6080265,formatter,0.31656047988440184,1,693
scipy/scipy,076710d528273563048c2b05bb3ad2f8b03fdb95,lint,3.664909308692676,28,361
scipy/scipy,39787f146137b0ec9d31907989c6f104ba7eed76,other,2.8901772948513194,1,5
scipy/scipy,49858c5fb2bf479b17a0bf42a7397d73f45f1b31,other,2.8895286396937663,1,7
scipy/scipy,664a42c9a7945a0a47f876baa6d27fb4c31c6847,style,2.873344487540244,41,176
scipy/scipy,6c4a3f3551f9ee52a75c8c3999a57bed8ea67deb,lint,3.6675062742413873,305,2467
scipy/scipy,726243cb85d4368d58fb1f95dc1749fb3f3dbce8,formatter,0.6171840063883185,1,145
scipy/scipy,79099da5aefd2f76092b999823e45a6519e41005,move/rename,3.166756724212234,3,730
scipy/scipy,7b921fd28659b02544bfb46368ddadd1048b37aa,style,2.5200389763480113,1,18
scipy/scipy,81662226aac5c6b978825b381d2793b16d3b354f,lint,2.8161320252490682,65,477
scipy/scipy,8870c5d01a6f91a737db4642343ef997a63c8584,other,2.8962331736253706,1,4
scipy/scipy,9c742420ec223836608cab7d75d16f8ece5e0032,whitespace,0.17420862169493245,95,824
scipy/scipy,9cf72e4599e0a22902ef3bc1a42e645240b1734d,lint,2.8603080715897278,170,1067
scipy/scipy,9d41d85c472438cf17211b843de7c770868d25a4,other,2.876573186807615,2,9
scipy/scipy,b9cb3d075dad2b1ee9c145f9e69192d6eeda4f1e,refactoring,3.6215395657464446,180,36809
scipy/scipy,c1c91d3933291046c72a8e1569c0c4703a51ba45,lint,3.658869780971937,18,177
scipy/scipy,c7587c83744164f7b7c8e905de05b5955170acd4,formatter,0.316560448196314,1,244
scipy/scipy,ceafa8e730887b81cf10d483ce375559ebd1de09,other,2.49930650619819,27,4416
scipy/scipy,d1b5af016e907e037136b7a38e485437165490f2,lint,2.2544025211042666,128,1133
scipy/scipy,de0997b2ea6437404b65dea14d4fecfd06bb09e9,other,0.17436896341927144,25,84
scipy/scipy,e2ea689d1300111b8a640f3fbda24e13203f55fc,move/rename,0.15974402362663828,89,19077
scipy/scipy,ecef3490da68a0c53ba543c618bab0c8e15dccee,formatter,2.832459090678632,4,324
scipy/scipy,fa9f13e6906e7d00510d593f7f982db30e4e4f14,lint,2.8152086343701677,177,5180
scrapy/scrapy,303f0a70fcf8067adf0a909c2096a5009162383a,formatter,3.754099868177555,5,277
scrapy/scrapy,c5cdd0d30ceb68ccba04af0e71d1b8e6678e2962,formatter,3.7539435191522803,5,186
scrapy/scrapy,e211ec0aa26ecae0da8ae55d064ea60e1efe4d0d,formatter,3.83622651912693,308,28402
secdev/scapy,08b1f9d67c8e716fd44036a027bdc90dcb9fcfdf,whitespace,4.14080858493675,99,13290
secdev/scapy,0f4a904d2801e8bbbc82880345ad453ceb6ee34f,other,7.995908972798945,0,0
secdev/scapy,0fd7d76550e56831f887664202d743846d3619dd,other,7.993001812558623,0,0
secdev/scapy,10454d1ca243d0fd8d2ab4a148d688e3ea916e49,other,8.354446947803382,0,0
secdev/scapy,1c2fe99c131bb05e009896410766371a2f870175,other,8.459032467614774,0,0
secdev/scapy,203254afd771b42ccf0fcca96ba92dc4075cfe4a,other,8.477024742058966,0,0
secdev/scapy,275ad3246b5231bb046a66bcfdf3654d67fdea20,other,8.495415367455067,0,0
secdev/scapy,453f2592f7b6f2b8677619769f8427932894dc1c,other,8.491709889218445,0,0
secdev/scapy,6861a35d8ed4466df7b2ff82341e60caf9ff869a,other,8.496284033006312,0,0
secdev/scapy,7c61676aef950ca268eac480902dd91cb0abe3a4,other,8.00585107866251,0,0
secdev/scapy,8773983edb0336db7aa84777dee2aa9892508418,other,7.995768562881842,0,0
secdev/scapy,927c157b58918d5fdce9714a3c35627339cc8657,other,8.44234285877253,31,112
secdev/scapy,93232490193ca2b59e3b1425131913d28f408f7a,other,8.428643844905823,0,0
secdev/scapy,9687222c3f0af6ef89ecfe15e5b983e1f7b5b31e,other,7.990106123406089,0,0
secdev/scapy,a35575ff22da176a8b515405faea9a689462da0c,other,8.014741235074911,0,0
secdev/scapy,a58e1b90a704c394216a0b5a864a50931754bdf7,other,7.992842611605445,0,0
secdev/scapy,b770bbc58c26437b354c0bd21dc4e2fcfa3abfdf,other,8.501001470327274,0,0
secdev/scapy,b7a3db73dfd17ec1e7bbace8d52464982bf8ea8d,other,8.469847231728648,0,0
secdev/scapy,dbe409531a22d1245cf4669f72a425b42c83b0db,other,8.43632754075088,26,59
secdev/scapy,e7365b2baeded1a0e1e3b59bc0ad14a78d6e3086,other,8.502045624508835,0,0
secdev/scapy,e89d8965748439adc253714316de7a9a35b8bd73,other,8.355768689634193,0,0
secdev/scapy,f2f1de742aa36167e2c86247a26ed5e7393366ea,other,8.460728033817528,0,0
secdev/scapy,f8525ea9f17cedf148febcab8d1dab51ddca9afe,other,8.449333694577534,9,26
semantic-release/semantic-release,272af210523804de782b3076f05e56bcb4aeeb8f,formatter,3.2143652242249092,1,4
serenity-rs/serenity,4c97810b6d25617fa0a0a4b4769deb751a17d373,formatter,4.068059960199761,99,1280
serenity-rs/serenity,550030264952f0e0043b63f4582bb817ef8bbf37,formatter,8.794913808401146,88,5531
serenity-rs/serenity,9bbb25aac4d651804286f333eb503a72d41e473b,lint,5.313294800618552,112,9866
serenity-rs/serenity,aafc1d04ac04fc9691d7bf56c1b4e8eb7cfd6597,formatter,3.9236943557177986,20,717
serenity-rs/serenity,dae2cb77b407044f44a7a2790d93efba3891854e,formatter,8.647605109387278,55,1634
sgl-project/sglang,28262c20df6f2945c1b1cd7b27b0faef59cb0438,formatter,0.0771778905873704,1411,15944
shap/shap,56394f1c208e384ad3302d596e90f6818943c840,formatter,2.5580436408345375,117,1822
shap/shap,6be5b996cc7f048bf04875a8dc7775b2233dbeb4,formatter,3.315848385175045,123,1053
shap/shap,9438e81732d04f9e9c56d98074e6b35615e21a9a,other,3.3169408003143457,53,109
shap/shap,b2a60a31edcc22ed41778cbe3ef93a499d76277f,whitespace,3.3150837199280048,75,4683
shap/shap,edb34644a218127437f9e6bb1588bc3246a2c222,whitespace,3.2703232818718786,7,7014
shap/shap,fc8a60f9b0854279014ff668db3d84a1d11bbc7e,formatter,2.250825538063731,181,10653
simonw/datasette,2b344f6a34d2adaa305996a1a580ece06397f6e4,formatter,8.436144700484194,1,440
simonw/datasette,35d6ee2790e41e96f243c1ff58be0c9c0519a8ce,formatter,7.39446291859964,31,5460
simonw/datasette,368638555160fb9ac78f462d0f79b1394163fa30,formatter,8.366306499860572,5,1364
software-mansion/react-native-gesture-handler,9cf4245740e01f216850da999a7e630da53c7ea6,formatter,3.910008587471798,26,1745
software-mansion/react-native-reanimated,008ee9322f3d2ed3ffef1996cbab50039fb72a3d,formatter,4.9666044312621995,110,6046
software-mansion/react-native-reanimated,1700461b8c1628754cd92a48eb3ba1bff2be2164,formatter,0.9254448690648212,207,6641
software-mansion/react-native-reanimated,bb3e42154807bc9f220d49d3c2a03521f58c2394,license/header,4.103944786675793,84,4257
software-mansion/react-native-reanimated,e646dce7b85204cddeea4ef3e1ab971a85830562,formatter,5.065157838365402,112,4350
software-mansion/react-native-svg,98c14b4f4588d55ecf1beb92a16e704e4489dd4f,formatter,4.0714891183106445,177,32909
solidusio/solidus,273e5bd54e2b1783206043e316c2de4c9e95eb45,formatter,1.9149661571222145,391,2746
solidusio/solidus,93e2ca325a7ba06a6daa18fdde8d266908a83500,formatter,0.5163274773747053,1355,25334
solidusio/solidus,989ba2e74e49332d2281187d09a2dc7aad75922a,formatter,10.67491387177732,772,11622
solidusio/solidus,b3007bb0973dcb987b0328b4e59306cd2549148d,formatter,8.561429417953203,113,392
solidusio/solidus,c636624093fec55e38f14cade4dee4ec0a829802,formatter,1.9149661571222145,1,66
solidusio/solidus,cc0d6e03e6c2ebd9336bccbbc608bc68cd28450c,formatter,0.5163274139985297,35,126
spack/spack,1377d42c16c6912faa77259c0a1f665210ccfd85,formatter,1.1298632659010825,62,10770
spack/spack,603569e321013a1a63a637813c94c2834d0a0023,formatter,3.6190147222855984,510,4720
spack/spack,f52f6e99dbf1131886a80112b8c79dfc414afb7c,formatter,4.1675675906913074,7220,357195
sphinx-doc/sphinx,000ae2e5000da9b9593560270398d8662f1e496d,refactoring,5.486020990189368,6,161
sphinx-doc/sphinx,02c2c5076bb72858d90bfe19bd10e93f258a94a6,migration,7.079307108271858,1,12
sphinx-doc/sphinx,035019629a8d67f83b1556f7d0ba06ea55f7a284,refactoring,5.49133885339823,9,278
sphinx-doc/sphinx,0573b87c9feafbe9687bc0966180e5a459700a4f,migration,6.734356795193551,1,87
sphinx-doc/sphinx,05f75b7c9427c0354f63639178676da0d67f938f,migration,7.20374043019748,1,83
sphinx-doc/sphinx,073b92d45a59eb5065d304fbaf0fc2d2ff88c5e8,migration,7.290113728547165,1,30
sphinx-doc/sphinx,0832291883a793fb3e025a18eae505bb7182ffab,migration,7.21898252718838,1,40
sphinx-doc/sphinx,086e46bdf212063e5cde6964ab02a24d6f6fe5fc,migration,7.290112651152179,1,15
sphinx-doc/sphinx,086eac39148af091905d0f81bb484c72055c3c0e,migration,7.2932276218723855,1,152
sphinx-doc/sphinx,09d8526ee772f10cd04eb579a8b40e540a99fdc5,migration,7.290110844931173,1,32
sphinx-doc/sphinx,0a1d9e2b491623a198068b3983b1cb37dd88ec41,migration,6.734268797373692,1,22
sphinx-doc/sphinx,0a98664866053312b1aef539f98c656fb5a7e65f,migration,7.210753415975867,1,209
sphinx-doc/sphinx,0b28b3e6f6666383c2eb497972328af8e6fc5fef,style,17.70553083884706,54,324
sphinx-doc/sphinx,0c721434a02958334d0b71396ab73b09a021a6f2,migration,7.219040611453343,1,53
sphinx-doc/sphinx,0cad96233b8b6e6e821183cf28f476ed6f53836e,migration,7.203961708114686,1,35
sphinx-doc/sphinx,0d67436c908970edf44ec146aa793a2dc79ecf0d,migration,6.734268797373692,1,23
sphinx-doc/sphinx,0e1db6ad90a272ff7e5cf86039df905ae91ac4df,other,15.704382969554086,135,272
sphinx-doc/sphinx,1124052f9204fb4a8b867687bc9efc5fb2f3f8f5,migration,6.7342227228940095,1,34
sphinx-doc/sphinx,12a61edd46e87b59f2b50e2524b1a393b8a9ce2a,migration,6.733366193880396,1,3
sphinx-doc/sphinx,13bd831110390c4bbd5248a376291379edbd26e9,migration,7.273937688544122,1,19
sphinx-doc/sphinx,14a9289d780240bbce78ad3640e8e1b1b12df43f,migration,3.7112507922021956,100,1148
sphinx-doc/sphinx,151856819c212229f6f58a8a2cbf9223a4191f94,license/header,13.709835095191016,169,338
sphinx-doc/sphinx,1659cc264cb0311bb546673c7c5a4749a2915de9,migration,7.290076495043983,0,0
sphinx-doc/sphinx,16d4ee2582155bddeaea29ef7d28e4b1dcd3b846,migration,6.73427824042386,1,86
sphinx-doc/sphinx,1734844e7c0e08475da28c41f13e9d581cb6e3e3,migration,6.734222342636956,1,60
sphinx-doc/sphinx,17c719c8de872cc9747040f886e81086641b8cce,migration,7.203961708114686,2,38
sphinx-doc/sphinx,17e26bf29fa6d8f2f40b9da47b1131c30680cd80,migration,7.292908617892362,1,22
sphinx-doc/sphinx,18924f991d6cc169830e76451126d982415643b1,migration,7.273959965269856,1,11
sphinx-doc/sphinx,1ab5e279f8a60865e31194d91bb021eeca02c31c,migration,7.273959965269856,1,10
sphinx-doc/sphinx,1b1ebd2c7539ebf6a1dfa1ea247e659f98fa9eaf,other,7.710087490810454,342,684
sphinx-doc/sphinx,1b597dc4509b393cf7b0107738beb9ee8c440a1d,migration,7.221730866732578,1,70
sphinx-doc/sphinx,1c6a279fa81f27bcc469f988bcc20323e120e295,migration,7.2037401766927776,1,11
sphinx-doc/sphinx,1d371c2cebe4cc598918691aa19043236dd43eef,migration,7.273937688544122,1,106
sphinx-doc/sphinx,1d4c414319598320f95eed245e4a2f9ad3e5a668,refactoring,5.511915354779831,15,136
sphinx-doc/sphinx,1dbd8802f140a036bc203486e00086cdd0c42cee,migration,7.079307139959946,1,17
sphinx-doc/sphinx,1e70267cc8a3a31dbadea4e72971bec4c60cb255,migration,7.290113728547165,1,34
sphinx-doc/sphinx,1fc0985df73ee31f836bcece622e89c36b45254f,migration,7.2963925013308994,1,84
sphinx-doc/sphinx,2049527f03024970855ea3b3c1b10a5de8c462c2,other,6.256995177073034,1,2
sphinx-doc/sphinx,20f2845e218ffee6461868a4c92f0ccd98f6b3ba,migration,7.294335278981925,1,47
sphinx-doc/sphinx,22fd569f9b5d28ce42a157ba8fa2ba1c5af0b09e,migration,7.218982558876467,1,311
sphinx-doc/sphinx,2426cedb8b12b7a59270e55f2f26d63d0014a28f,other,8.713839740664689,267,534
sphinx-doc/sphinx,24f8a3caf03ee2c11a1746413d68a572cb59f23e,migration,7.294335278981925,1,37
sphinx-doc/sphinx,2623ad17f5c1418892966d30897ec3a3c30b12cc,migration,7.203961676426598,1,50
sphinx-doc/sphinx,26f79b0d2dd88b353ac65623897bdfbe8bc07cab,refactoring,3.7112508238902833,132,3053
sphinx-doc/sphinx,2900179436580a53fcf0a9b2b15e31ef8e259979,migration,7.2932276218723855,1,99
sphinx-doc/sphinx,30ddf70742941bf22f78930fd9e25e6b0271e92c,migration,7.219040611453343,1,17
sphinx-doc/sphinx,316c61b172a8f756ca219c5f9c54ff29ef6cd782,migration,7.296461264481456,1,24
sphinx-doc/sphinx,31f93f38dc631b7192ab2dcecc151714835b714d,migration,7.209538684817604,1,18
sphinx-doc/sphinx,320661ee945bb74ce1433f710f5da6728416bd2b,migration,7.221788158795346,1,62
sphinx-doc/sphinx,32fa96d46d7383c83128f516d684bfaa8a54f821,migration,7.203740525261743,1,54
sphinx-doc/sphinx,337780c89f1ed1712ce567ef1db2d10eae4c94b0,migration,6.734264931426978,2,235
sphinx-doc/sphinx,351644024cb12f4f4868396599acf2fd0c743143,migration,7.079307139959946,1,35
sphinx-doc/sphinx,389195632473153bb0b0d4b35cb70da059235bd8,migration,7.209538684817604,1,76
sphinx-doc/sphinx,38e120848fe3c0462e880c0c635f964fad2c3720,license/header,16.70789404137197,5,10
sphinx-doc/sphinx,39c7ee955b71745d2503f61b5ba488345e1b38a4,migration,7.2932276218723855,1,34
sphinx-doc/sphinx,39ec5e0debecf2f5d06bfb8548f2045cce101639,migration,7.2039884211727125,1,162
sphinx-doc/sphinx,3a74ef89b3b386daacd4dfa0752536b3ad9aa402,migration,7.210753415975867,1,53
sphinx-doc/sphinx,3a81e0ad7d4f2db4326fbb3f8346a08fa3e09051,migration,7.221730898420666,1,67
sphinx-doc/sphinx,3be478f0b51d47694ad31aabd1c6204b4d34df68,migration,7.296461296169544,1,72
sphinx-doc/sphinx,3c99d0060557bb33a482f3fe74c1b665fb3de010,migration,7.816028341825741,153,182
sphinx-doc/sphinx,3f5ce569b63163ca4b69aba72ac5cdd445a67dd0,migration,7.279824606433949,1,68
sphinx-doc/sphinx,3f6565df6323534e69d797003d8cb20e99c2c255,migration,7.203740303445129,1,13
sphinx-doc/sphinx,42a02b76e87254e1bc56b7443dd6a314b62ea52a,migration,6.734269304383096,1,34
sphinx-doc/sphinx,436bc15d09c178b70ce404380bd834c6b93bc8dd,migration,7.273959965269856,1,30
sphinx-doc/sphinx,4488815dca86afe623049539dc5d1aaf4e2c428e,migration,7.273937688544122,1,31
sphinx-doc/sphinx,462902aea649ecb6b953651552a1f44f58844e18,migration,7.219040611453343,1,27
sphinx-doc/sphinx,46d7e8558e49f9b314ff77dbbe3ca6d2691c5895,license/header,10.67621881892159,206,412
sphinx-doc/sphinx,47d9035bca9e83d6db30a0726a02dc9265bd66b1,migration,7.294335278981925,1,116
sphinx-doc/sphinx,49f36a67e8c2c4fa96647225975524ea70f7f72e,migration,6.734268797373692,1,16
sphinx-doc/sphinx,4b8937ab29e6750974e34cb0ec0265d62c5894e2,migration,6.734268797373692,1,35
sphinx-doc/sphinx,4ba85181177e732b032486324cc64a0f3bc1ac3d,migration,7.21898252718838,1,15
sphinx-doc/sphinx,4db7a815289964dc4caab065e326b52ad2ec2144,migration,7.279274311100971,1,35
sphinx-doc/sphinx,4ec7fdf24b2c51bf6c3b22979b30829f4d3b910a,migration,6.734368012776637,18,344
sphinx-doc/sphinx,4f5a3269a6053fe659093096d9b635a2c8e7e55e,other,4.576026662357087,270,810
sphinx-doc/sphinx,5115fb0172c3ae42f326ed7c50e2aa10917dfb94,migration,7.2932276218723855,1,6
sphinx-doc/sphinx,52515eeb8622fb484132df55a95dcb4acdacd6a2,license/header,13.464743168048267,8,18
sphinx-doc/sphinx,5466906c7b1ed24f0c138803fd141c5b9f995e6f,migration,6.813716093746039,1,374
sphinx-doc/sphinx,555a52be82be3578470179f9047ed6abb943057e,refactoring,5.491318192764976,4,30
sphinx-doc/sphinx,5562e76585611928ad8628cb9a40a0eb2b3d87fe,other,8.713833656551829,10,20
sphinx-doc/sphinx,55fff64fbec32e919656f2d0b4d1baf4ee6e981c,migration,6.73427824042386,1,24
sphinx-doc/sphinx,561c7853702f00a2480f211d6310a544f996a8b4,migration,7.079307139959946,1,31
sphinx-doc/sphinx,562fc581d1f6297d09e4cb9f0c9e1ee61e29d29d,migration,6.734222342636956,1,117
sphinx-doc/sphinx,567d52f199d74a9ec84c491b5d7c9a4555912db0,license/header,11.705798127867771,184,370
sphinx-doc/sphinx,5694e0ce60316b9cb9709d147e1a699ea9bde6da,whitespace,4.575980873070195,280,1438
sphinx-doc/sphinx,569fde84d49c984282355c768c16426af83132e2,other,2.6707056303394427,42,84
sphinx-doc/sphinx,5716aa7a74b114f56619547b5ab8155c380a4696,migration,7.273937688544122,1,11
sphinx-doc/sphinx,5775912455c25ee82734e1ff319a32f55946d79b,other,4.575679455978908,231,693
sphinx-doc/sphinx,58847682ccd91762608f3a5a023b244675e8470b,migration,7.203961676426598,1,68
sphinx-doc/sphinx,5cc5c53435bd933cf93d09700324e8b808eee39e,migration,7.221671610008365,1,66
sphinx-doc/sphinx,5df8e162f9b2740ac2b74fa15bc3c0be8b56a02b,license/header,17.70248406089183,9,20
sphinx-doc/sphinx,60b1cec446ef184adc91bdaaca93980c49312ba7,migration,7.29007319948285,1,13
sphinx-doc/sphinx,62e5f6935b85db66113c23491a3cf261d7af4ef4,migration,7.221730898420666,1,185
sphinx-doc/sphinx,66b123a9a71dba0b8f26fe85ec218e7fe32dcfa3,migration,7.203961676426598,1,24
sphinx-doc/sphinx,67c133aa77c73f8090d63317138669b27397535e,migration,6.813716093746039,1,614
sphinx-doc/sphinx,6976c051ee1a356950ea0641fdebdfed51d10799,refactoring,5.526900524754734,15,107
sphinx-doc/sphinx,6a9b6d20dc7aa7ff5710c0d9e10c38953106e489,migration,7.209538684817604,1,10
sphinx-doc/sphinx,6b7b51a55aa0dc419d9fd8dae17bbec197bd2724,license/header,10.676216347250742,6,12
sphinx-doc/sphinx,6b8bccec5977f608f0b1e33f31a4888a2ea0d141,other,4.57612866631176,280,840
sphinx-doc/sphinx,6bb7b891a16fbcd5fad1f88fb472505549b9c084,license/header,4.575693462113723,279,856
sphinx-doc/sphinx,6bc357140dbb074eb0d590c1226009f83f97862e,refactoring,7.758461479960453,155,4020
sphinx-doc/sphinx,6bde6b2bae8ef6109d068bf9c0d8b27551540d8c,migration,6.734247566354856,1,164
sphinx-doc/sphinx,6c47f7d4a2ff5cbd26d632e2dfc5e426f6500341,migration,7.221730898420666,1,30
sphinx-doc/sphinx,723e81c6636afdd6f1ea10f151630160c0a3860f,migration,6.733366193880396,1,3
sphinx-doc/sphinx,728bf8c9d892057197393f62f4ec4a7a029ad20f,migration,7.21898252718838,1,17
sphinx-doc/sphinx,7609e67d19ba000b7a01729e543cd0dc6b08d08e,migration,7.273937688544122,1,40
sphinx-doc/sphinx,7806a92e3dcca1231c654c7417d441db98844510,migration,7.209538684817604,1,16
sphinx-doc/sphinx,7e6ea15b68960d809d742c18e0e9baa63a7d0d4c,refactoring,5.486087915430831,6,46
sphinx-doc/sphinx,7f2e9cebf95cb4d300ffb9bc7de8e40691647406,migration,7.273937688544122,1,47
sphinx-doc/sphinx,7f5acbdf1f34ec8ec8e1c5f69f720b43d4577509,migration,6.734295288615104,1,99
sphinx-doc/sphinx,80e3fdb791cf3f610b4c0fc3e27ac37498a8448a,migration,7.2037465459984285,1,119
sphinx-doc/sphinx,823a947bbf2a4bf63558cf0a4ed42056f5da3166,migration,7.079307108271858,1,58
sphinx-doc/sphinx,83bf8451da70c1d1987ef9d864ee028364a25311,migration,6.731818706111999,1,1555
sphinx-doc/sphinx,850bfa07d278fca79965c0fc5c44116e36062ffc,migration,7.296461296169544,1,11
sphinx-doc/sphinx,89e9f199b421752e81be6829ebebd6df49a177cc,migration,7.273959965269856,1,30
sphinx-doc/sphinx,8aa04eb85537e6607718fad35b70758747258248,migration,7.290113728547165,1,98
sphinx-doc/sphinx,8c946570dc6227c70b690a33320916cb7f9dae9e,migration,7.21898252718838,1,84
sphinx-doc/sphinx,9148b6e653fd416e185fa2a1d5c91df279999831,migration,7.221671610008365,1,36
sphinx-doc/sphinx,94dc1d78a44f40c497e0126ecb70a172615baa11,refactoring,5.480476081831318,5,65
sphinx-doc/sphinx,986ac82adff9a700e9549d250f3a1077997ba388,migration,7.203961676426598,1,27
sphinx-doc/sphinx,9a085794a2e13effeebacfeaa443221bfb5125e0,migration,7.273937688544122,1,54
sphinx-doc/sphinx,9a72c800f6b6f43bc7a2f01821eedb2445474a04,migration,7.079307139959946,1,89
sphinx-doc/sphinx,9b38e8746835c677f60296617fcd651880efadac,license/header,6.593959426572363,1,2
sphinx-doc/sphinx,9ba216223a3b7d6d0888e4588709d3923557f096,migration,7.2932276218723855,1,11
sphinx-doc/sphinx,9c5b26756a79ae9bbbe6bf385019687494a85649,migration,7.290071108069054,1,9
sphinx-doc/sphinx,a13cf2c24dd16b37670ee1d359f511cbdfa4402d,formatter,3.6950849240753416,35,485
sphinx-doc/sphinx,a1c10f5d5e9734c6722d04b0b0781a5d88860745,other,3.7113812837478135,42,84
sphinx-doc/sphinx,a2a5bf98df13f55420794f26f0e468cd9c01dc5b,migration,7.273959965269856,1,28
sphinx-doc/sphinx,a3c9edfbe6d50b486ea28876e47b7d6e27379916,migration,7.290113728547165,1,75
sphinx-doc/sphinx,a7f86954a8dab604242616974cac3bfa5f0019a3,migration,6.813716093746039,1,21
sphinx-doc/sphinx,ab1369a837c0e0868928c9c71fb00b0d2b64b075,migration,6.813716093746039,1,395
sphinx-doc/sphinx,acab4029afe8b3ecafa4a5c7e5f6b51482349cd8,migration,7.279274311100971,1,43
sphinx-doc/sphinx,ad81d788f9f6276cf26f46fcc9c9d3b275506e4b,migration,7.219040611453343,1,23
sphinx-doc/sphinx,aeb9e42d2be2b697879120b18a6380edf934e80b,refactoring,5.516998029000938,16,198
sphinx-doc/sphinx,afbf6d811dd4fc514d63e9dc3d6bee78d97b8a0c,migration,7.296461296169544,3,179
sphinx-doc/sphinx,b5276b3965388e7b7264a42d1a442b8c734b1877,migration,7.2932276218723855,1,26
sphinx-doc/sphinx,b5430045ae56dc8a9d53a94a3473cd682720bfde,license/header,11.901878786726494,1,2
sphinx-doc/sphinx,b84771dcd2fe1543acbdf87af3b60b323f41e80b,other,4.711828022409816,314,628
sphinx-doc/sphinx,b93672c4d45f0574e144966d1b4b92a96beb3abb,migration,7.221730866732578,1,90
sphinx-doc/sphinx,b9f0582f06a8fe1b042333b9e8eb3cd575f1db2c,refactoring,5.480486855781175,3,76
sphinx-doc/sphinx,ba8bf2c2cec2dbbabc5c742677ff02f45c894047,migration,7.296461296169544,1,14
sphinx-doc/sphinx,bade33c7e490655c3f5b46d374129294f70449aa,other,7.75510669379167,270,291
sphinx-doc/sphinx,bd578b7ab6c52c28f14875f51cab9511b63b23f1,migration,7.203746641062692,1,30
sphinx-doc/sphinx,be673a714db80d3596f811ccf5421d5653cbe559,migration,7.203961676426598,1,26
sphinx-doc/sphinx,bedab2983244b423fef7f28dec06673aec2f0262,migration,7.273959965269856,1,32
sphinx-doc/sphinx,bf3f9ef3ecc94067a2f9b17f2c863e723cf3e7af,other,9.48193161076888,15,30
sphinx-doc/sphinx,c0b267b5a61a06e80b344ecf925f4b049d93c7bf,migration,7.219040611453343,1,26
sphinx-doc/sphinx,c270efccd7da379895541b6e302c78990b943b2f,migration,7.210753415975867,1,23
sphinx-doc/sphinx,c57e47e0424be5d742ee6d5daf913274c6da069f,other,9.481954045935051,256,512
sphinx-doc/sphinx,c68664ae70dcdbdb20a782001fefd0f09f2206a5,migration,7.209538684817604,1,34
sphinx-doc/sphinx,cc3022b7f059333c0892f0c37a28db19a5e26e8d,migration,7.273959996957943,1,218
sphinx-doc/sphinx,ccdad403c8f7df3669516c140f3fbbd8dd09dda5,migration,7.273959965269856,1,45
sphinx-doc/sphinx,d057c5e6d7c1f0836db14c5546990c6f370972bf,migration,7.21898252718838,1,45
sphinx-doc/sphinx,d0fedc3a4b9f50af53e9f930fdd50deee213a12c,migration,7.203961676426598,1,23
sphinx-doc/sphinx,d141fbf054cf3885538820363460e9e729e3cef0,migration,7.290074276877836,1,48
sphinx-doc/sphinx,d57e338510d10e3685324f3029b15ab41a3817c0,migration,7.21898252718838,1,59
sphinx-doc/sphinx,d59e362f5f7d1df333ad6c3b1c24fabd000230cc,migration,7.294335278981925,1,20
sphinx-doc/sphinx,d79bedb69a790640fafdc43ab47104f0c0be98b7,license/header,11.705788653129515,1,2
sphinx-doc/sphinx,d9469c08ed02634df11cf9dc7a3df3e512cedb8b,migration,7.294335278981925,1,26
sphinx-doc/sphinx,d9def518723fa76428b0f1ec19f50b4a4004c7b3,migration,6.813719801252313,1,261
sphinx-doc/sphinx,da3075d0b7474846a3f86c1ddd272d9640982e02,other,7.7100553274013235,4,8
sphinx-doc/sphinx,db0bbcb136c90beffabf04da959ff5a8386ba7e5,license/header,18.68529888204426,41,164
sphinx-doc/sphinx,dbceb69b43fd5b88259a8ab2839167b3db30e086,migration,7.273959965269856,1,75
sphinx-doc/sphinx,dcff6d7cbceea55f681284c327b24169f4285ae2,migration,7.209538684817604,1,99
sphinx-doc/sphinx,dd24a4ef2dd6d72208469a03a7c5833340efb7b6,refactoring,5.517031650062108,6,158
sphinx-doc/sphinx,dd4741c352ab45e28c9b0c4fbd2d366d224be503,migration,7.2932276218723855,1,14
sphinx-doc/sphinx,dd5f968bfaa80169359ddfaf2f07e9cde9a6f7a5,migration,7.273959965269856,1,131
sphinx-doc/sphinx,dd9d02007c5f2dbeb2a294391b035ff445bae9eb,migration,7.210753415975867,1,81
sphinx-doc/sphinx,e023d1082d574d422ce50a8a99c8c012d6a21f92,other,4.711679278525617,1,2
sphinx-doc/sphinx,e0300313215fb55d24aa5bda1b68eedd798310b6,license/header,12.5505739029584,182,364
sphinx-doc/sphinx,e14c76d94228bf01102417317b1c1613b7cebc86,migration,7.279820138413568,1,46
sphinx-doc/sphinx,e3eb0cc95d64afa3939ad37b1fc95fa24d06a32a,migration,7.210753415975867,1,69
sphinx-doc/sphinx,e505b812a243f79885a276589ee66437c41c6698,migration,7.079307108271858,1,51
sphinx-doc/sphinx,e6094d0aca3fc5fadfaffa7f4a638aaf87785300,migration,6.734269019190306,1,22
sphinx-doc/sphinx,e67e0432b55efc4bcf0bc8794b6a7689714ab72b,migration,7.203961676426598,1,10
sphinx-doc/sphinx,e67f5db2969d3fe14ade5b30e9081ff1ce9adf16,migration,7.21898252718838,1,82
sphinx-doc/sphinx,e7db75dbb16a15f03c74629e8b0f7c6ef3eed2f0,license/header,6.633049154561817,1,2
sphinx-doc/sphinx,ea68fd540705a0efcaa5672a02bffaf48fe250b4,migration,6.733347085963445,1,29
sphinx-doc/sphinx,eaf495c3c42c322fcf774a4c2cf6c7e2d11e2647,other,6.713686211879231,83,166
sphinx-doc/sphinx,eb07a0fee19a0a3e205755c7923e40a56a7a28db,migration,7.21898252718838,1,15
sphinx-doc/sphinx,eb68c237dddbceecb7a295642e51e4ac8a5b36c2,refactoring,5.447493789134788,20,231
sphinx-doc/sphinx,ec2c8f7194d1089534dab058d059bdc7baac2417,migration,7.273959996957943,1,85
sphinx-doc/sphinx,ede4182c5202899231b47094112022fca0cddb3d,migration,6.813719801252313,1,688
sphinx-doc/sphinx,ee6e44a04f40c7f88d6cb9624068c352de8149db,migration,7.221730898420666,1,211
sphinx-doc/sphinx,f0579fcd4a6a5380b896e8baac346a7b98dd70ca,migration,7.210753415975867,1,32
sphinx-doc/sphinx,f05a068be980b7f237135596c9414e4737052681,whitespace,4.533235163637285,5,24
sphinx-doc/sphinx,f076afd920b0b36d63608a63fae72f484d4bd65e,migration,7.203961676426598,1,24
sphinx-doc/sphinx,f078d8264704513ca981d812b1ea3da415502300,migration,7.079307108271858,1,38
sphinx-doc/sphinx,f3e45e485e9caefb9099e0598549b73231401264,migration,7.294335278981925,1,18
sphinx-doc/sphinx,f442de643bbf3f2df45578dff665b8f80b980ac4,migration,7.273959996957943,1,18
sphinx-doc/sphinx,f4c8a0a68e0013808d169357c9f77ebdf19d0f4e,refactoring,3.711250855578371,180,372
sphinx-doc/sphinx,f5620910fcad6ff7db708d809a7a8e1f1961fe90,migration,7.221730866732578,1,63
sphinx-doc/sphinx,f6a56192d150091e10bc8726d68e0632f395ee54,other,16.711439843334094,79,158
sphinx-doc/sphinx,f6d0cb8f3ad5a29e5e5c4f0c85f5736904291703,migration,7.221730866732578,1,80
sphinx-doc/sphinx,f7425c9c3ee3efdf942febad90cde267ef5e7eae,migration,6.813716093746039,1,784
sphinx-doc/sphinx,f81f8d93d13d07d1e409f8a21e5602f0ad7d034c,license/header,16.695262789312242,22,226
sphinx-doc/sphinx,f82d6c429b6379663b71cba783e780535d73343b,migration,7.209538684817604,1,106
sphinx-doc/sphinx,f8ddc44c503b8285ec79cc2450caaa67bf487928,migration,7.273959965269856,1,10
sphinx-doc/sphinx,f9968594206e538f13fa1c27c065027f10d4ea27,other,5.711722025756078,318,636
sphinx-doc/sphinx,f9a74b08f9636284f7692fd8f865dbf387c18daf,migration,7.273959996957943,1,122
sphinx-doc/sphinx,fb09f3463b38c1e5c80aa7eace515b52a25b2a78,migration,6.734222342636956,1,57
sphinx-doc/sphinx,fc523c3ccff5b2227efe4391a68dae7a5b973971,other,6.7140512903389356,196,392
sphinx-doc/sphinx,fdc2bee7d35c41098e924070ee38b3538ed51ab8,migration,7.221671610008365,1,23
sphinx-doc/sphinx,ffe5e129c3bcb4a0ecd80e5863c92d94910ecffd,migration,7.290074276877836,1,15
spring-projects/spring-boot,b07269a018a4a9d4c029aba7dd8a15fa66df681c,other,3.599734041878977,0,0
spring-projects/spring-boot,c4de86c244acdcff69ed0aecacd254399be79ce2,other,3.5997381613303925,0,0
spring-projects/spring-boot,df5898a1464112f185d295d585740de696934a12,formatter,3.5997847428194794,1878,50080
spyder-ide/spyder,5af4f02d1b4d7f47bee0130b3dbcedc402da5248,whitespace,4.161198950490531,6,750
spyder-ide/spyder,646f321f146e5db5c00c01829fd0fdea0497a30e,other,3.6488168935533754,0,0
spyder-ide/spyder,6a4281ed7cc5346e343bfd6543fb428201cf9aa6,formatter,2.403600210408903,10,826
spyder-ide/spyder,a10a6a3ee18881c2b904a9e664bcee5912231508,other,4.849199495525642,2,18026
spyder-ide/spyder,bdfe0b59821951584de3f72768693a151ca8350a,other,4.173217640124724,119,124878
spyder-ide/spyder,c054f122bded27998ca69a24dc5a64df25764453,other,4.849322730499151,1,7046
spyder-ide/spyder,cb81f482d45f3303aefaf680db7d4f9624bc37ee,whitespace,4.16419632671686,6,750
spyder-ide/spyder,d18e7fc9f00510a5763608c9baf38b6721cd4d9c,formatter,2.400190793976728,3,133
sqlalchemy/sqlalchemy,058c230cea83811c3bebdd8259988c5c501f4f7e,lint,3.3378863094785407,309,1347
sqlalchemy/sqlalchemy,1e1a38e7801f410f244e4bbb44ec795ae152e04e,formatter,7.732383229396405,430,190612
sqlalchemy/sqlalchemy,1e1c0084b1804eaae8b7f089435241a2b8f4be60,formatter,0.39227016629908484,173,550
sqlalchemy/sqlalchemy,1e278de4cc9a4181e0747640a960e80efcea1ca9,formatter,7.731720916673004,419,15171
sqlalchemy/sqlalchemy,9b153ff18f12eab7b74a20ce53538666600f8bbf,formatter,2.664240880168327,229,5273
statelyai/xstate,71183da18ae6b0b6b2e8f0c52ea9976232e54f41,formatter,2.1857023030902223,80,1534
statelyai/xstate,94037fe9c429839f0508ddcd287718b659276e3b,formatter,2.179956523943519,45,1924
statelyai/xstate,f51bf4d8907307ace083a0decb34668176c7fad3,formatter,2.815598809795422,22,459
storybookjs/storybook,0a4522a3f84773f39daec4820c49b8a92e9f9d11,other,2.3211295852663065,1,200
storybookjs/storybook,13c46e6c0b7f3dd8cf4ba42d1cfd6714f4777d54,formatter,2.7258728483788373,63,1034
storybookjs/storybook,34e364a0ca1d93555d36a7367d78e8e229493de8,other,2.72609938651862,38,134
storybookjs/storybook,513bb66bb9729ece57581b6eb50e5b338c47c0b9,other,2.1460580335640227,1564,8445
storybookjs/storybook,94ef2fedfc78e7b61c8ece6e4457430eea583ee8,other,0.18008505082769286,5,11
storybookjs/storybook,a41c227037e7e7249b8b376f838f4f8bcc3e3e59,formatter,2.7207666299084847,2,16
storybookjs/storybook,c0896915fb7fb9a8dd416b9aebca17abd909d1c1,other,2.7260896265875734,2,8
storybookjs/storybook,e12039c0593ba021ce27cb7245b6067677f27625,other,2.1462414125282026,75,501
storybookjs/storybook,f6a265a7fb15d661d95228965f705c1c1bd41d70,formatter,0.18008533602048318,323,47304
streamlink/streamlink,045166b52acb62af4d6e3e3635ffaf4bd23c0e31,other,1.9825489580956728,14,2191
streamlink/streamlink,16a1d84386539c8c8e480b73a519e179fcb8703c,migration,1.9825489580956728,106,2048
streamlink/streamlink,57fa6f80e8defa12dde4e6bbc7a1df7a3c492a9a,formatter,3.6379625193297334,203,1975
streamlink/streamlink,656ded9d6c0b04afc160d845c10977989dc57d2b,formatter,3.6207320582046796,37,344
streamlink/streamlink,6700a2f985f0dc43f207052df392794612bac74a,other,5.839578770248688,14,107
streamlink/streamlink,778e48f289b705bfa1df587c1f5440bb206b4f2e,migration,5.914300929094734,38,162
streamlink/streamlink,98991c15f3aa21b9e3ba8f5fe7650abf9e0434de,formatter,1.9379099487920501,255,17723
streamlink/streamlink,9fd14e3f9d2ff129e71686c85e21745688531784,formatter,3.6379625193297334,121,2439
streamlink/streamlink,ae920e12a7912d4b93be0032b9a20b7cbaa323bf,migration,5.937729611884301,54,211
streamlink/streamlink,bf5d3efa6ce8058d769290e4cd64f98a4bd920f7,other,5.839578770248688,29,84
streamlink/streamlink,fcda5b681422718cc0a95b3de45d3fe2698d8e29,migration,5.913273759728243,29,411
supercollider/supercollider,004109ed1d299a1baf14c1e8d0faca12ed14fd42,other,2.0824737939513778,441,516
supercollider/supercollider,1afacd5b6d9f4f07ce9a9728cb23bf51194d4e62,move/rename,15.830686078789261,4578,966318
supercollider/supercollider,2027bac572540fc82f24306ea4f91798c795e50b,formatter,2.3618425038659465,32,588
supercollider/supercollider,d769495d25008dfd30b07a4128aa922d5e46dff6,whitespace,17.00949669810125,717,52841
supercollider/supercollider,f806ace7bd8565dd174e7d47a1b32aaa4175a46e,formatter,7.328883977235278,589,280843
swig/swig,bbdec1f77b3ccb0b85ecdf63cc45ab8117ae2081,formatter,0.5754921160037518,88,50706
symfony/symfony,2e0c0d39bdc99712cc40b8a5b77e267150a92509,other,1.225369419727736,0,0
symfony/symfony,6ae74d38e3d20d0ffcc66c7c3d28767fab76bdfb,other,2.6866622937105484,0,0
symfony/symfony,6ce530c5e90397d88e3a76a56db266c74d651584,other,2.2786344018556544,1351,8380
symfony/symfony,77bd236b8da064c90b19b84a35becfb3e43348db,style,1.2254332712246812,1535,10049
symfony/symfony,9519b54417c09c49496a4a6be238e63be9a73465,other,2.686719807589931,0,0
symfony/symfony,9c1e36257c4df0929179462d6b2bdd00453ac8aa,other,2.686668853144726,0,0
symfony/symfony,ae0a783425b80b78376488619bf9106e69193fa4,other,2.686690115851649,0,0
symfony/symfony,d0bc10e7432901098fe50bcccad53f487978c33d,other,1.22540414987198,0,0
symfony/symfony,f4118e110a46de3ffb799e7d79bf15128d1646ea,formatter,2.6868045098486575,1243,3975
taichi-dev/taichi,02a4048b547e0c00c65856f47351c4ecf0163268,formatter,5.364762339341395,225,23456
taichi-dev/taichi,4fe7f150790012e6d9298614a040bb0053acd0fb,formatter,2.2871102998960633,213,5070
taichi-dev/taichi,e0aa905991a01dfd68b7bcf1ad20f5132408febc,formatter,2.2886915354779833,399,23873
teambit/bit,52196a308de40d0bfbff140ed347ab5713743fac,formatter,3.964485258701549,71,545
teambit/bit,7138e50e497dc837347193b70eddc9234883d1a8,formatter,6.20471037087738,675,8925
teambit/bit,8401bdfb8f56a7a57508c3407a21fea4fea635f0,formatter,3.616802386746774,95,716
teambit/bit,8b89ecadc8ff3a8ccc6fe0c0c33d71279afdfe3d,migration,6.985521649301594,1504,154567
teambit/bit,fe64d0521446da451c86af2036f586f44470b8ba,lint,9.060013277308794,222,6288
tensorflow/tensorboard,010511580c98df3c5e7680b8b1ea81838671ba51,formatter,7.053076406317337,3,216
tensorflow/tensorboard,103aa46362269198a0f997fc1fdcd89d87f0e70a,formatter,7.053076406317337,57,21872
tensorflow/tensorboard,1332da76f09664d31ed13afbaa9824ffd6e7bc77,formatter,6.69437232235658,26,15777
tensorflow/tensorboard,1420ad645db2fa4eca5bb93292f692603e0c1d4b,formatter,7.053076406317337,5,1027
tensorflow/tensorboard,159a9911f3ca2bc9cbf0b1dca1ef54f166cf0fb2,formatter,6.69437232235658,13,2875
tensorflow/tensorboard,1ccf3fe1c122cd89cde577ffc53b31b9b4e5ee20,formatter,6.69437232235658,3,194
tensorflow/tensorboard,242e5cce72971d14dba3505f3d66534a8e8e6c26,formatter,6.69437232235658,4,759
tensorflow/tensorboard,2726634abc010f8a17c21aa6e30877f7bcbe028b,formatter,6.69437232235658,7,1671
tensorflow/tensorboard,2858accc0ec80e8d6a9e02f4dfa12cf47de648dc,formatter,4.9181693157908075,110,2126
tensorflow/tensorboard,388e97cd6e20dd2882e3c9cef44244d63f85bcd1,formatter,6.69437232235658,2,459
tensorflow/tensorboard,3aa9cdf4c979fa4ce1c212debd1504442c93dd82,formatter,6.69437232235658,21,7001
tensorflow/tensorboard,3de1082df62ad697eae99cbd2cd63aa240f21e15,formatter,6.69437232235658,2,28
tensorflow/tensorboard,3e17c44d5bc3c7af72f14059e39d4b872e95d573,formatter,6.4667991545618175,2,1029
tensorflow/tensorboard,40266070914ad915fb4f3e57a890ad9ae7db6b3c,formatter,7.053076406317337,26,7078
tensorflow/tensorboard,47f246bfd7786a31c2cf2bb06e1b3cf35993f706,formatter,6.69437232235658,7,1774
tensorflow/tensorboard,4a7be4447d4d00f92271982ec41a76663778feb1,formatter,7.053076406317337,12,5682
tensorflow/tensorboard,51b9e27fb096c9df055de4461cbdfb344b344700,formatter,6.69437232235658,6,1386
tensorflow/tensorboard,5a3ab3c9282b72cd66b63dd40ebf9e5e50118b6d,formatter,6.69437232235658,16,6097
tensorflow/tensorboard,5aaf86506448c05154c8164c924ab633b1eb8c5e,formatter,7.053076406317337,5,1316
tensorflow/tensorboard,5e8da1bad672050082754624dd9cec50b6bc3238,formatter,6.69437232235658,8,2486
tensorflow/tensorboard,6248d54089524ccff5fe4aedeb2c5089b62c9a12,formatter,6.69437232235658,6,3559
tensorflow/tensorboard,65c31bde8c20820ece126b0f806e488bcb2497b8,formatter,7.053076406317337,15,12485
tensorflow/tensorboard,666b75e91fe505ab28900230cd43970482fd045f,formatter,6.69437232235658,7,1780
tensorflow/tensorboard,6d741a8c7afabd1137af2b63b93680d178199aa6,formatter,5.7296619514791995,26,228
tensorflow/tensorboard,6f10a3d2c4a9e286db6b30886171ce0b938c0aeb,formatter,6.69437232235658,9,905
tensorflow/tensorboard,73d977ea7eda89102eca03a943580a7fddc6f829,formatter,6.69437232235658,7,2183
tensorflow/tensorboard,749332040e8f92cb0858a99d72f6e98a0a5f2854,formatter,7.053076406317337,58,29879
tensorflow/tensorboard,7664c071a00d3b3021d56e04838ceed547fac79c,formatter,6.69437232235658,2,567
tensorflow/tensorboard,7cbe2bafba4d09a1d9670b849b67d1af2769d58c,formatter,7.053076406317337,3,554
tensorflow/tensorboard,89cd022a958b15454e977e28e04900b21e63bdf4,formatter,6.69437232235658,2,1645
tensorflow/tensorboard,8a8025e8e99b03bf6b7ee0aafc7e20d37600f0c7,formatter,6.69437232235658,15,7985
tensorflow/tensorboard,8bc5430e2911822ffab02a598342cda542c5fa2c,formatter,7.053076406317337,1,34
tensorflow/tensorboard,9086d6c9ef8db370ad5d2b3619ba2f077e11cccd,formatter,7.053076406317337,8,2528
tensorflow/tensorboard,90eb2073fa8ebc1ecbe5acc0f96d34488434206f,formatter,7.053076406317337,3,752
tensorflow/tensorboard,9146ae0e87a3403d48ff299041c974bf9d123c39,formatter,6.69437232235658,3,351
tensorflow/tensorboard,91b0c32e8312a75efa944e50d4be0504c8ce5585,formatter,6.69437232235658,2,1911
tensorflow/tensorboard,92a6e98ab07255ed642dd074017558be44b16f7e,formatter,6.69437232235658,4,2186
tensorflow/tensorboard,9ef4eee6ed1d704994e26bdd53d01c4d063f997a,formatter,7.053076406317337,2,231
tensorflow/tensorboard,9f528cc2153314164692b1f2d0167b3ee2e896d5,formatter,5.7296619514791995,85,1121
tensorflow/tensorboard,a14f6779b79493dae4ed0649996bd8b15956ec5c,formatter,7.053076406317337,14,5832
tensorflow/tensorboard,a20f53e11f5d48f5eee66d178427eacd7469bb11,formatter,6.69437232235658,24,5869
tensorflow/tensorboard,ae32a4adcab8c3349c3bff21240078334fef1371,formatter,6.69437232235658,1,4
tensorflow/tensorboard,b3a5c14645da6980ac329b7850aa70be9914ad80,formatter,7.053076406317337,4,209
tensorflow/tensorboard,b3a9aa3b732df93580bb359f6640e0520ce5638a,formatter,7.053076406317337,3,682
tensorflow/tensorboard,ba4e12754d4be543d5b6aa16568081a7155f1e5f,formatter,6.69437232235658,15,5296
tensorflow/tensorboard,bbe629969692b1fd8b5876d57e0a8d756a499c61,formatter,7.053076406317337,2,113
tensorflow/tensorboard,c2d220396a66114231e95d8ca55d7386a771c96d,formatter,6.69437232235658,7,2222
tensorflow/tensorboard,c2fbc3e1f75b39d147a551dd8b937afdb9bf42ea,formatter,6.69437232235658,15,1640
tensorflow/tensorboard,c6020666b2d93541a9324547d7a7b6677e0fc6e4,formatter,6.69437232235658,2,89
tensorflow/tensorboard,c71e21b695ec58f5585f009dc098d513c97fc6a6,formatter,6.69437232235658,7,2155
tensorflow/tensorboard,c88af8dac986e6cfe938167d33899ea9e193d750,formatter,7.053076406317337,8,2500
tensorflow/tensorboard,c92eaa91bacd0fcf8454f56b8ca112073a339828,formatter,6.69437232235658,12,4371
tensorflow/tensorboard,cc77a6320ab5901ad277bac6d98444fe7237098f,formatter,6.69437232235658,15,1903
tensorflow/tensorboard,d539b827b8a7e2c12018dde9f4405b611291ef1a,formatter,7.053076406317337,15,2068
tensorflow/tensorboard,dfc32ae277c76b64893f96ae35b94b49df68408f,formatter,6.69437232235658,3,1016
tensorflow/tensorboard,e42a7f18b33c7a85b51db28d465ec01915a8e725,formatter,5.9718337896417975,125,1540
tensorflow/tensorboard,e6c61797f8cdaa3607fe7bebbee296077ed6a360,formatter,7.053076406317337,3,837
tensorflow/tensorboard,ea4e9bbc885784a283b8b79974132df7c6cdcc50,formatter,6.678038348923873,43,163
tensorflow/tensorboard,ee55f91226a736579b5e2b396190ccc50959f40c,formatter,6.69437232235658,2,655
tensorflow/tensorboard,f53e34d839f1deff8bfd9199413733863e42f1e8,formatter,6.69437232235658,24,12460
tensorflow/tensorboard,fce0c3fbb63b8a3aaab175f5274cf15adac89273,formatter,7.053076406317337,122,27911
tianocore/edk2,053e878bfb5c9d5eca779789b62891add30b14ba,formatter,4.814399447359748,143,27205
tianocore/edk2,0e9ce9146a6dc50a35488e3a4a7a2a4bbaf1eb1c,formatter,2.84282267979821,4,36
tianocore/edk2,111f2228ddf487b0ac3491e416bb3dcdcfa4f979,formatter,4.814399447359748,33,1793
tianocore/edk2,1436aea4d5707e672672a11bda72be2c63c936c3,formatter,4.814399447359748,994,208593
tianocore/edk2,2b16a4fb91b9b31c0d152588f5ac51080c6c0763,formatter,4.814399447359748,38,2599
tianocore/edk2,2f88bd3a1296c522317f1c21377876de63de5be7,formatter,4.814399447359748,975,113805
tianocore/edk2,39de741e2dcb8f11e9b4438e37224797643d8451,formatter,4.814399447359748,56,10423
tianocore/edk2,40b0b23ed34f48c26d711d3e4613a4bb35eeadff,formatter,4.814399447359748,47,5566
tianocore/edk2,429309e0c6b74792d679681a8edd0d5ae0ff850c,formatter,4.814399447359748,142,11586
tianocore/edk2,45ce0a67bb4ee80f27da93777c623f51f344f23b,formatter,4.814399447359748,22,1532
tianocore/edk2,47d20b54f9a65b08aa602a1866c1b59a69088dfc,formatter,4.814399447359748,211,57305
tianocore/edk2,5220bd211df890f2672c23c050082862cd1e82d6,formatter,4.814399447359748,18,1273
tianocore/edk2,731c67e1d77b7741a91762d17659fc9fbcb9e305,formatter,4.814399447359748,85,10162
tianocore/edk2,7c0ad2c33810ead45b7919f8f8d0e282dae52e71,formatter,4.814399447359748,18,677
tianocore/edk2,7c342378317039e632d9a1a5d4cf7c21aec8cb7a,formatter,4.814399447359748,101,8042
tianocore/edk2,7c7184e201a90a1d2376e615e55e3f4074731468,formatter,4.814399447359748,26,1146
tianocore/edk2,91415a36ae7aaeabb2bbab3762f39544f9aed683,formatter,4.814399447359748,41,3419
tianocore/edk2,972e3b0b9d67ef2847c9c1c89e606e6074a7ddda,formatter,2.84282267979821,1,6
tianocore/edk2,a298a84478053872ed9da660a75f182ce81b8ddc,formatter,4.49049997464953,40,2948
tianocore/edk2,a550d468a6ca577d9e9c57a0eafcf2fc9fbb8c97,formatter,4.814399447359748,111,12599
tianocore/edk2,ac0a286f4d747a4c6c603a7b225917293cbe1e9f,formatter,4.814399447359748,445,57657
tianocore/edk2,bcdcc4160d7460c46c08c9395aae81be44ef23a9,formatter,4.814399447359748,30,4246
tianocore/edk2,c1e126b1196de75e0a4cda21e4551ea9bb05e059,formatter,4.814399447359748,35,6848
tianocore/edk2,c411b485b63a671a1e276700cff025c73997233c,formatter,4.814399447359748,185,29806
tianocore/edk2,d1050b9dff1cace252aff86630bfdb59dff5f507,formatter,4.814399447359748,294,60220
tianocore/edk2,e5efcf8be8a1bf59aa98875787475e3144ee4cef,formatter,4.814399447359748,76,8417
tianocore/edk2,e7108d0e9655b1795c94ac372b0449f28dd907df,formatter,4.814399447359748,106,17268
timber/timber,29d729e449a377cdcae81dc80ef3c614bba370c2,move/rename,4.278930305219662,133,32786
timber/timber,34fe63cc8f956a653fe80d3e45ed42036942176f,whitespace,4.278884642685122,113,45666
timber/timber,3a19d4dabbe069fc0133b44f35f4c5e69026d744,formatter,3.977621999138084,6,6
timber/timber,40b44b28f6eae28a453a27a4358e5269097de598,style,3.1867706352827847,4,11
timber/timber,73123a96d3fc055f08da036b0121b469a75e3371,style,4.278787296879357,44,138
timber/timber,7f2fa4b2637f60f509294fbd3df0050047b4cfcc,style,4.278796771617613,2,6
timber/timber,9c65ea505db911b84d32a425f1f3c3b64c926c61,other,3.2004523157654576,10,36
timber/timber,b2474ccd46f9374d52f00c8a195be2266463cf4f,style,4.278806880117626,109,5889
timber/timber,c160302780b0800a3d9ecb3b0ab7c5a311537033,other,4.278817210434253,174,30815
timber/timber,e93cd98ba922529b8432b8ed217532f02cb31fda,style,3.717602574340254,34,256
timber/timber,f0216ce423bb133ce668774a5f75ca86455b7280,whitespace,4.175003580753923,43,9748
timescale/timescaledb,05ba1cf22f0dc9232069b566dd23c3edb2cbaee4,lint,3.9472230144244174,9,101
timescale/timescaledb,11cfd275c355b47b791762e0b518d44f08e0cf43,move/rename,1.211940768626258,65,21645
timescale/timescaledb,20f223ca728a02a67578564496b0946b39cc401b,formatter,0.42038865439703904,192,7126
timescale/timescaledb,21a3f8206c0de98932867096637c7d1e3d04d925,lint,3.6683128311405175,5,344
timescale/timescaledb,272ab4fe6a6f6e00ef7613ec99397a8de02c3282,formatter,0.9709917737724035,394,40873
timescale/timescaledb,2ec065b53823e50dd1ac1d7cf925ae5f90e293ea,formatter,8.223657248966969,3,64
timescale/timescaledb,32c45b75b27e3f690236a9d1c8d13a025316ad2f,formatter,9.569920241082972,20,1384
timescale/timescaledb,34edba16a9385a4b0353e8e07a19dba98d7e3fb9,formatter,7.650505710193424,187,12134
timescale/timescaledb,3e42150e3b0402ae865d9a827d8d178568a0d27e,formatter,8.103751552716304,2,6
timescale/timescaledb,3f5872ec61650519e2c5e6fe1dfb60d07696cac7,other,5.986161590234999,4,899
timescale/timescaledb,44cd71a602ba96029001de6e97a1b44488730080,style,3.6627029622024487,1,7
timescale/timescaledb,5c0939e0354055a5571bd5c9d1e03f9cc251467d,formatter,2.3504637551651584,198,1267
timescale/timescaledb,68aec9593c0f37dddbaa4f2e2b34a9ba3f5b11d9,lint,4.44320553527518,19,125
timescale/timescaledb,7758f5959c8ed64499ab0e6bb66c30464b11dd81,formatter,3.9744517643927293,50,172
timescale/timescaledb,9133319081aef92705f1405087822fc281d215d4,lint,3.660653947068218,2,8
timescale/timescaledb,a3ef0384655d57200e83ad7b13c91a31177b97c1,lint,4.350204673359191,14,114
timescale/timescaledb,a4356f342f1732857a1d8057f71219b50f1919b2,whitespace,3.867068725124851,135,1836
timescale/timescaledb,cb14558c990a38dccefce61f86bda6816e805a7e,move/rename,0.9733900233224326,87,19623
timescale/timescaledb,cdb815d92175949cf0d7c95d5c91accee3f35664,other,1.0966737964864248,233,2896
timescale/timescaledb,cfd65680cd5ab8545ddcf8241239bc4f5fed0e71,other,2.8059904111846277,214,1064
timescale/timescaledb,e75274ee7c6eef1dafc9b4f4d9f71e8e88f76813,lint,4.350204673359191,1,24
timescale/timescaledb,ecf34132c69e1709cd393eab43b5fcbfd7c201db,lint,4.350204673359191,9,16
timescale/timescaledb,f75a51def79796ff7fef58ec950c859fe4e71618,other,3.6647676946282353,31,367
timescale/timescaledb,f862212c8ca19b1af56c7608a68f22b7dd0c985e,lint,3.946902933049408,43,259
timescale/timescaledb,fc827c154a14013e806ff650af9a2c5255a3d30d,lint,1.86643163611935,61,362
tmuxinator/tmuxinator,960085a50a57518c53de98e71753ae3328fc0a6a,formatter,2.481131264734961,31,159
treeverse/dvc,a86470ccbc693d6f0a4f8066cbd1357e5191c4ff,formatter,3.5018053654270287,317,5258
triton-lang/triton,03184de8b535bb24fb1f49cc1f5e008bcbaa73ef,formatter,2.631124293355642,57,3233
triton-lang/triton,0327b9d32db6d1d63d207ccab722bd45e00a6678,other,2.6801468109108426,1,481
triton-lang/triton,053af4e9f8f005e1bc3f8ac9bf285eaf0ac9bf72,refactoring,3.496877709331508,38,5753
triton-lang/triton,312cf97e147e962562877026fd82c928cf6eaa30,refactoring,2.716786922959921,39,733
triton-lang/triton,539fbe5049570f29e73dc6843f984cd4913c5505,move/rename,2.8036403592161636,61,539
triton-lang/triton,53d868113a706988394134ca1f7f85cb3016cc81,lint,2.736614951707354,38,132
triton-lang/triton,5b36cb48ad9ce566dd24ff7183f207a1cb9358b5,style,3.5184665500545034,60,1895
triton-lang/triton,841a77d1b5961b43e1b64e5265bdfe52c133574d,style,2.6307578523081605,27,2441
triton-lang/triton,846d6e7e77891706d179b20f27b1278ac3b9a9ac,other,2.636021021877456,5,73
triton-lang/triton,bc4a8e66da036fafc01b87ee9e210df7ee8fb738,other,2.63184332775623,10,640
triton-lang/triton,df08301e76a56d9ab3f36ff00ab7133672baa8d3,formatter,2.909994391208457,85,7686
triton-lang/triton,f88b01f558df06f010a869e01473253a5f5cd8db,formatter,2.919306030876873,10,585
twisted/twisted,03cabb7f55d54e2b09eefd0e03df2d440f962bc4,formatter,5.99725327654828,1,180
twisted/twisted,1e42d3e2a81ed2476f83e6f53a3f9ec8bc42c8ae,formatter,5.891941687580805,208,5667
twisted/twisted,bc96c774be6e307e8e3e4d39780d37b045d0973a,formatter,5.999156209597688,787,124563
typelevel/cats,1531bf8f3c1b1ecd7e37f1548c5e2756a9d52767,formatter,4.625091166628641,4,30
typelevel/cats,26e3b5a37f91e62927478265d87cfc2932cf27e4,formatter,0.6420782632392831,1,2
typelevel/cats,42490f49d2a62289c8ca0a57357f323982eeb93b,formatter,1.6911284444951453,4,57
typelevel/cats,4836a55c872a4f931b7f8678f98d9009ed3df84a,formatter,4.832412097244404,29,314
typelevel/cats,48e1a5a5af3bda6b2f99cd55bda00e14ef71aea7,formatter,4.832400943037493,6,117
typelevel/cats,54a6f26b178f490d3816c5eac6d2256228bb065e,formatter,4.9749072806550565,17,76
typelevel/cats,6044f9569c62944aa2c2f4d6eca84cb9d7ca0d15,formatter,4.302530927573707,16,44
typelevel/cats,774fb51d1365e1adef7fa71f09b1410941264f60,formatter,7.92947277359495,399,15001
typelevel/cats,8d98a602a7c2b01b26e9935bfecb0e7f2bbd6737,formatter,4.832592148959363,29,314
typelevel/cats,b4d207e9fa9f1463f0827fe20101e7901fecf820,formatter,4.1150027885517275,1,19
typelevel/cats,cdc7d21b5cca65d410b89d480b3ccf19594946c1,formatter,0.9099291454356478,28,104
typelevel/cats,e053e287f092126328ffe7eb268281c81c041eed,migration,7.219738826780237,123,3622
typelevel/cats,f025b0198d55d7f5c09ee976eec9e274d8dd0309,formatter,4.665205402185211,3,88
typelevel/cats,fab4479a6b2975e5243565671a3a33a24469662d,other,1.4496914847770426,37,248
typescript-eslint/typescript-eslint,08bdec47282f74a0ea2ac0e3dcc2dad39fd0913d,formatter,2.106816741450554,3,12
typescript-eslint/typescript-eslint,30d4eae2b1151aa312aa9712d77c553f5fe8b017,formatter,2.096590583567825,7,96
typescript-eslint/typescript-eslint,3b97b550b5f2c02948717265b167fda40fab6b62,formatter,1.9025590349075976,116,2583
typescript-eslint/typescript-eslint,3f02687d964c1e7888e5db62256d56cd72c4f281,formatter,1.9734714617081146,437,47362
typescript-eslint/typescript-eslint,6250dabd3048eab32d7624ab8d697a6e09bb6c9c,formatter,2.1101906038482015,25,764
typescript-eslint/typescript-eslint,865209dd29c00e9a57367496f550dd9e95367d78,formatter,1.9699062983243338,157,4873
typescript-eslint/typescript-eslint,88b44ced40e9acae894215f55f1af051a0d269ac,formatter,2.099337687276599,148,918
typescript-eslint/typescript-eslint,8c291dfb45f15a768560258a31db565f736c44fc,formatter,2.0992401196542194,3,14
typescript-eslint/typescript-eslint,8d35958494eb0c97cc36c3fc0844aea377542315,formatter,1.9408375161609248,82,3536
typescript-eslint/typescript-eslint,9612d812c3329fe6a519aa669fdb84f43d5e97c6,formatter,2.0990970796258273,8,98
typescript-eslint/typescript-eslint,9d97f34a3a84cf36970f7df2384f7c055267e020,formatter,2.098883913859102,17,589
typescript-eslint/typescript-eslint,c08895e6e2c9422e2427497b1c0b13f06f261cdd,formatter,1.9508961708114685,17,222
typescript-eslint/typescript-eslint,cc50e621cbc39ca899bf7b6843cae7bcd4472fe1,formatter,2.0834608778867847,1,9
typescript-eslint/typescript-eslint,d4f69435cc6be99f8656e4c340dcfdab1521795a,formatter,2.098735676984308,3,35
typescript-eslint/typescript-eslint,e87ab8cbf16f0d8cef6fdf6f801f892879029cae,formatter,2.0966776624331382,4,139
typescript-eslint/typescript-eslint,ee38b525449513ce56632aee4a7a8d40871672ee,formatter,2.1022195921109335,28,477
unionlabs/union,31561995a391dfb9de39ae0143cac7d6b680f1ab,formatter,2.367322071386924,58,4011
unionlabs/union,5d892445d9e215589249fc0210d75491bb6b9d85,other,1.831223065125358,1,15
unionlabs/union,636820c253581035e4d1aa3f595965221c8570b4,style,1.8311701777067964,3,124
unionlabs/union,64f5487ff2eaa61aed1dc8921d7fb58b7b9add4f,formatter,2.365486950845438,110,32269
unionlabs/union,75267a1eb446025fe84024617ae5619344687446,style,1.831223096813446,83,7798
unionlabs/union,a77587825b8a63a767c5d6761c98f1a612fc979a,other,1.8305920285446295,1,1
unionlabs/union,c9ee5b0c2b8caa90b2dbe2dd42f89afcf5e45c0c,other,1.831223065125358,2,128
unionlabs/union,ddb429b458aa8bece799109da5c0921832d1b363,other,1.831223065125358,1,2
unionlabs/union,fd9caeb79d9c86904fdd7cc52013d57786f1680c,formatter,1.2287651152178873,608,22750
unit8co/darts,18e2e3fd7d82d239ab24807fcc1033094ea09940,formatter,1.884229662585241,146,2604
unit8co/darts,3416fc7fb1986687d800ab06594c901f93879e44,formatter,4.71536675792836,88,13877
unit8co/darts,38cc6712a6f701703074a7a7c82ce0252fe869ee,lint,4.6266278170710065,136,1587
unit8co/darts,8158d3eaef9d9f6e04f219b029e306d1f1be46d5,formatter,4.616223635510939,21,77
unit8co/darts,96125f839c115e49d44699ab7d911e8413d4d0b6,lint,4.690002123101883,27,569
unit8co/darts,d5cda436e48d4eb773b1b165726556fe6a8db490,migration,0.6238617321976323,128,5025
v8/v8,01452bedfca2b5447a7f62bda87edbbb76259a6e,move/rename,8.051299623545518,20,935
v8/v8,03762b8488de0e393077e3f40fe7b63e675b3af3,move/rename,9.720847814789463,10,188
v8/v8,0476eb39b3c58671720d3ef78730821a5b7d93fa,refactoring,0.6369382969554085,4,153
v8/v8,0525e17847f39f80e3fd163021a58f68d8fcaf06,move/rename,8.026333593175654,4,44
v8/v8,0604031eb1d01c52b6c1c9ae3012d80b23d74a68,move/rename,7.77999565873197,3,359
v8/v8,06bf8261cf2c94fc071652652600b5790f719c05,move/rename,7.374876860090755,170,25762
v8/v8,09050c8a967f5f2956305e5d016b304d7bf5e669,move/rename,9.520808553248663,14,320
v8/v8,09e405453359000d66cc0faaa102854e626bebeb,move/rename,7.785063534616067,27,266
v8/v8,0a01b6202226bbe99c0b83acf6c5a80344f5fb6a,move/rename,8.429133299110198,16,692
v8/v8,0fa243af7096ee5b748b194476be2e4efecaec59,move/rename,7.361674145055391,533,36910
v8/v8,10d8aab1de430695a69e9d75af6ea42c2cdc9d6d,move/rename,8.590725150201536,12,184
v8/v8,19da9f24df7b59fec72b9dd8a979ad0ce5639c87,move/rename,7.795698912464826,45,488
v8/v8,1baf1050113a5418696839c273e05ea5ad1b5c4d,move/rename,8.199201618627525,39,317
v8/v8,1bb48bf91ba8c887884a0fbd674c91f64964d8a5,move/rename,7.788397977032474,31,143
v8/v8,24a51e1eee4e286165dd0bba6afb4c35e8177a25,move/rename,7.347954787436307,45,15276
v8/v8,260eb5bb9b62ea3d5fa6ad0b0e8c2de75d48bad4,move/rename,9.378728230283672,0,0
v8/v8,2b1f79881c3f0b69bfb9274bda57ea50f7304982,move/rename,8.831409359393616,3,1797
v8/v8,3253767622a784866dc34aeb7b5d0f02ebdff61e,move/rename,7.377371631556265,170,25765
v8/v8,32d567d072a1a62e894619d8e13485aed3889382,style,0.39862787410956474,243,2174
v8/v8,35f3e9d0e654e84646a0b98f29e4a2786cdca4b1,move/rename,9.373584271300732,25,1847
v8/v8,37945f731c4d800ef788e3c32f8663773a93450e,move/rename,9.33792474712906,9,587
v8/v8,3cb560adfe26edb586a0e6e655e5a7c4755cad1a,move/rename,7.377645511699242,71,12799
v8/v8,44fe02ced6e4c6b49d627807e3b3fd0edbbeb36e,move/rename,5.105309402489416,309,26677
v8/v8,490fabb4578f8a3c4096fdccff688c17ed5ed00d,move/rename,8.954929589068877,19,1656
v8/v8,4aedeb1bd50c12ebcd6cf954c4cbef1205fff5ac,move/rename,9.68282340862423,4,5
v8/v8,4b39fe3d608916b1cfea015de287511a1623fc7f,move/rename,8.205123298349685,9,333
v8/v8,4c986c625f19e35c95f3492c662822f4695218b4,move/rename,7.3592334651557785,196,5651
v8/v8,4fb60b215801db70c694a799e735b64bfead59bb,move/rename,9.705056848429539,4,1932
v8/v8,5bfe84a0dab60289b3470c080908ce83ac2212d4,move/rename,7.366646639795168,68,10593
v8/v8,5f28539599f6a6a265e18b8c897cc96ccbeec9c4,move/rename,7.375365395340584,260,31397
v8/v8,5f950698c0dc7c36b855961feb929022f74102fb,move/rename,9.674372385732756,13,231
v8/v8,61523c45a335fe3be76498e0b16bf8e7aec0d058,move/rename,7.366814143027353,68,10593
v8/v8,632239011db501e76475d82ff6492f37fa8c1edc,move/rename,7.2866816551322025,10,5919
v8/v8,68deca9b418976ca8b3375e81058a9e0a815357f,move/rename,8.01574479681598,7,423
v8/v8,6fa8283d0e031c9585d190f751907ed45bf85de0,move/rename,7.853962151747915,6,59
v8/v8,71e4c573199466ea4541e3d6b307c9b33d7bb785,move/rename,8.355157363044084,72,191
v8/v8,7366d8954cb1bd277d3283241da2fae62b886c48,move/rename,9.693818477957766,8,134
v8/v8,766ef168fbcac6bd0728cc2c9bb3ae7cbd74278a,move/rename,7.787711106041017,60,305
v8/v8,786ce26341b7ab11b4d42f1c77202530d5138ad2,move/rename,7.364113240550612,25,491
v8/v8,7bbd0bfe5161d57bcf268716ce4d1ce14d6786e6,move/rename,7.379587706289452,133,11835
v8/v8,7be0159e4b1e0b064e215ae4ced34d649cb2552e,move/rename,9.378777220067432,25,1840
v8/v8,7f031160d71a3d836667dc98288eaff4c94e6f56,move/rename,8.83143597738738,19,2481
v8/v8,8175648018bd9f70af866f9fa433f1d79644d86b,move/rename,7.854098125332725,5,58
v8/v8,81a0102fe8586071cc68e9595b26c5c1207ee5b3,move/rename,7.375317356199457,260,31397
v8/v8,81a3c699d6eef936452ac3d10c7c59a2c1e38c0c,move/rename,8.026465003675819,28,4696
v8/v8,878ccb33bd3cf0e6dc018ff8d15843f585ac07be,style,7.359020774710371,393,18245
v8/v8,8ad6b335376c6275ffb3361c662a1a45c853f4fc,move/rename,7.36710947600578,151,24659
v8/v8,8f54d18ba4ad10770e9537a2803459feccfe79a3,move/rename,9.486005272897811,15,1930
v8/v8,93d3b7173fec7d010539057cdbd78d497f09fa9b,move/rename,7.36464788196821,13,5305
v8/v8,95532da70de14206e64060647082766a293f81cb,other,3.1971247496641064,344,13274
v8/v8,95a7cfe0eaabbcff0f730ed60e1805779f6cfe41,style,9.425498675437929,11,465
v8/v8,9a71683d9c8ff9470eda6be5b2b11babac7b9863,move/rename,9.302436275255406,22,3888
v8/v8,9aa861c4bcfed612039259f93c2cd2b01337e99e,move/rename,7.854078351965929,5,58
v8/v8,9ac8b20086f95f1158a1901eefe12e25fd0333e4,move/rename,7.377479434431009,170,25765
v8/v8,a0c3797461810e3159662851e64946e17654236e,move/rename,7.35890596876822,653,33302
v8/v8,a1547aa914aeedd7862f74124c18d2bbaf432c36,move/rename,9.625045123837047,7,74
v8/v8,a3187716d31a0ab9d7051adde6be9bd2b2c6fec1,move/rename,7.380264944102213,25,12128
v8/v8,a48e5ab8804e9e97b5ea577d6f2667bacee92eb2,move/rename,9.778565543640834,9,740
v8/v8,a6c44361c8f2dc07b935e3f2bb3e0d3ad4f4a383,move/rename,8.42950148300251,2,48
v8/v8,a6eeea35cb7ff0c29b6cfdd1c786f382110241ce,move/rename,7.364189355337541,610,64574
v8/v8,a7695520556665ba73ab02c497ab73b162a5fb13,move/rename,7.3666666349785785,68,10593
v8/v8,a8a45d875f0a98b192cf0063ceda12aaf75ddfaf,other,9.740333295307629,11,11
v8/v8,a9db2c74b5bae2345ac52be404748954a3b5050d,move/rename,8.41554101072325,34,642
v8/v8,b090d7e7468236ffce0afdb55bb496bf0073f2ee,move/rename,7.81523411159277,4,606
v8/v8,b490fd66b873c89fca37b21eab58502b6367a864,move/rename,9.300016509493751,7,364
v8/v8,b5a2839b927be04bdb50a236071c11764e4d6400,move/rename,7.787942112201181,11,203
v8/v8,b72941e8b0d2843adf768442024d8950da798db1,move/rename,7.358971404669557,21,104
v8/v8,b90c98fc29a8d896354de4a22c055f6d98376171,move/rename,9.340518068547672,17,2421
v8/v8,bb514c426b9438cfb1149d219ac4ec2d8d1c8458,move/rename,8.965979478794331,4,93
v8/v8,bc35251f5e55a65c3a4acf7cba52cee505c86a46,move/rename,9.701980727304992,4,87
v8/v8,be014256adea1552d4a044ef80616cdab6a7d549,move/rename,7.364561722057444,118,13780
v8/v8,bf372a73d8a5f4029fc9f4f69b675ef0cad80ada,move/rename,7.367000785864578,261,31374
v8/v8,c39cabbcbea26891558b81fd2236c38a7aeada08,move/rename,7.380262979440769,25,3299
v8/v8,c6effdbba9b301244475553538f6eb1b3d9670b9,move/rename,8.221093302405759,6,200
v8/v8,c769745d5856a7eb3a0dbe6af5376c7638944364,move/rename,9.521375231323042,7,403
v8/v8,c7b1ceb801ec7f639a093468d8e6424212cc197c,move/rename,7.996466619768297,14,166
v8/v8,c911f91b5b6219e038c0117b05a8375bdf3db0b0,move/rename,7.788101091337745,30,170
v8/v8,cb67be1a3842fcf6a0da18aee444e3b7ea789e04,move/rename,6.578309123634243,26,448
v8/v8,cc2c11441ce352360acce8638a19f58edf361f7d,move/rename,9.37873913098588,25,1840
v8/v8,d1b27019d3bf86360ea838c317f8505fac6d3a7e,move/rename,5.1055737762060485,309,26677
v8/v8,d953b2ab726acca0b3abe90ce090a16d7ccc2ae3,move/rename,8.965397558749714,24,3343
v8/v8,dd3c4fca2f0a2761b8b95cd47fcd62836d714890,move/rename,8.593169981240653,16,652
v8/v8,dec3298d9cfbe95759774a0e00302a08836b5f3d,move/rename,7.358295529444571,388,11814
v8/v8,dfb453d713d8a05e76f720a6aae2871eec210276,move/rename,9.296871244961594,2,41
v8/v8,e39d2cbe1b1baa6513ddce2d73c981e335cc34fb,move/rename,8.010715073389612,2,126
v8/v8,e50b49a0e38b34e2b28e026f4d1c7e0da0c7bb1a,other,8.97639395898294,1,228
v8/v8,e8a1c25f6afae9b77921abb70fad49da252eb6f0,move/rename,7.845508720561766,17,1278
v8/v8,e9c932233980866074025e65051003d1f298516c,move/rename,8.831299718609781,12,410
v8/v8,ec06bb6ce5641cf65e400ec55b7421f87d04b999,move/rename,5.10242939894035,310,26711
v8/v8,eda00a5c499b7a83479115eb275a816b8a2ed104,move/rename,8.013500709813167,8,275
v8/v8,efc92f0d4aa77bb90f5b56606b6f0d0819fba4af,move/rename,8.41185971049763,2,2
v8/v8,f40638d148b7a435522d5b714993908061e3b10d,move/rename,7.824407147565087,20,852
v8/v8,f44759d9ff52a3e5563e5f2bb23ee2c08222fcfd,move/rename,9.491471911678962,7,731
v8/v8,f455f86d899716df3b9550950ce172f5b867619a,move/rename,7.344627791720536,353,374463
v8/v8,f9a88acbc928f0fc5e9a3acbcd3b4ece52355f3d,move/rename,7.355080392678784,675,28650
valhalla/valhalla,1230f09d784cb5fa734d21afa0576eef54705ee3,formatter,8.370998713463635,439,123869
valhalla/valhalla,2f40cee436b38af682754f701158b9201de03218,lint,4.114206403528786,15,2436
valhalla/valhalla,4a691800566a97526f1ad8b05d2d49702cbeb024,lint,8.37099833320658,165,6488
valkey-io/valkey,54c97479356ecf41b4b63733494a1be2ab919e17,other,2.3143594253048394,35,6384
valkey-io/valkey,af811748e7819a5ac31a6df4b21622aa58c64ae4,formatter,2.0157029685400665,62,4333
valkey-io/valkey,c41dd77a3e93e02be3c4bc75d8c76b7b4169a4ce,formatter,2.357133305447816,135,52076
verl-project/verl,00a10a8ef389556f957a2f36132b2358fd6a109f,formatter,1.2487408421426218,238,8329
verl-project/verl,8e5ad4688a13de81727c014a3c2e2fb26324bc20,lint,1.4243628793064111,179,4130
verl-project/verl,b00f77d8559b48d57a33c0132a5ba1c81891a536,lint,1.4498685894998353,268,19875
vim/vim,19e1dd6b6aeb96d64122332a8c3d17b9d5ca007b,whitespace,1.3964313192384719,2,110
vim/vim,355db99d12a89f05765948b33eecd6d9733e16bb,whitespace,1.4243490316120364,2,112
vim/vim,3cf094edaff815141d9941b8dba52b9e77d8dfc1,formatter,1.8617431617106497,3,3205
vim/vim,562610cfa327c8ebff12a1700525e17a070d5e2c,whitespace,1.4075738649326945,4,71
vim/vim,8ce738de3fd7192fa6274730594305cde780074c,whitespace,1.9090328161837402,2,266
vim/vim,a4a00a7ad0cfa26685c057c11a09bec2c962346a,style,1.3964163307729358,9,38
vim/vim,c2a9000bc1b4a2cbcfeef55450c184b16906d910,whitespace,1.407696149263569,17,3194
vim/vim,c363ca1ecd1f8db03663ef98dcf41eeacc3c22c7,whitespace,1.7799097840139935,2,17184
vim/vim,c673b805ad80d0aef07e745d412a2bf298ba1c07,other,1.7772472874996832,1,5791
vim/vim,e89aef3f65388a8b627c77f250525f2a264716c5,whitespace,1.3802679544705554,29,230
vitejs/vite,134ce6817984bad0f5fb043481502531fee9b1db,formatter,3.8246112505386973,332,7373
vitejs/vite,5170e44920458090b8b43ee9cfe5010c25dfe22b,move/rename,3.824379959185743,183,1180
vitejs/vite,97ad042170f4c71b518239723b733dd98e8e3e76,other,0.10942796663878115,246,1921
vllm-project/vllm,8fcaaf6a165e661f63fc51be906bc05b0767332f,other,0.9681095520571906,944,19613
vllm-project/vllm,d6953beb91da4e9c99be4c0a1304a2d24189535c,formatter,0.9875885048292646,1508,210054
vosen/ZLUDA,21ef5f60a3a5efa17855a30f6b5c7d1968cd46ba,formatter,1.1449075024716708,40,22862
vuejs/core,bfe6b459d3a0ce6168611ee1ac7e6e789709df9d,lint,2.7286486931832585,464,25043
vuejs/vue,72aed6a149b94b5b929fb47370a7a6d4cb7491c5,formatter,2.384445490151342,261,12667
vuejs/vue,af9fc2bcff31d5baa413039818a9b3e011deccaf,move/rename,3.5201089436459045,399,37883
vyperlang/vyper,96daf69740e120cb5af58193db35fc694e3d3e83,formatter,0.3882337693614217,70,1153
wagtail/wagtail,01986cfa1702929352ac8b6d58ada6070da2c700,whitespace,4.627793780262124,143,4142
wagtail/wagtail,a1b3d2176f29bfd5139e302df7a754f7397caf0c,formatter,0.13148842117271275,102,4245
wagtail/wagtail,af942a27e41b47e257b6cd46c01a13cd381fed04,formatter,4.648475834664233,328,35781
wagtail/wagtail,d10f15e55806c6944827d801cd9c2d53f5da4186,formatter,4.618229491469567,907,100392
wagtail/wagtail,f8fc2c3a2052988f7b458e26f621e058d67a76c9,formatter,2.8657470783583037,59,174
wandb/wandb,0181dfcc51fbd54be0d6901ddfd9d0c5fffd711b,formatter,5.936223667199027,35,1638
wandb/wandb,272ce0aed8610df9e012b4645d00bac96d90d188,migration,4.480133913859102,210,2438
wandb/wandb,58405877a36beaba556cce31de304527b5245aa6,formatter,5.93638293152838,56,3872
wandb/wandb,59604ad67d668dd9f05e5d8c4c97995d5b36e0b7,formatter,6.410738997895911,30,1288
wandb/wandb,c28a5728b3e52aa42f1cafb0909a303578c8a46c,formatter,4.487990531599361,112,1750
wandb/wandb,ff03e73ee18e23c94b82ebc6b6067eb9599d2f2f,other,4.372253751869597,48,3681
web-infra-dev/rspack,734ba4cfbec00ab68ff55bac95e7740fe8228229,formatter,1.7630007034755495,26,131
web-infra-dev/rspack,86e3e852568dbc1d30d5f1eb2eced4edb5fc34cb,formatter,0.7654982318047,881,100511
withastro/astro,062623438b5dfd66682a967edc7b7c91bd29e888,formatter,2.606119128197328,296,1060
withastro/astro,1335797903a57716e9a02b0ffd8ca636b3883c62,formatter,4.494537702486881,146,2619
withastro/astro,59e8c71786fd1c154904b3fefa7d26d88f4d92d2,formatter,4.22897977032474,73,1651
withastro/astro,6ddd7678ffb6598ae6e263706813cb5e94535f02,whitespace,4.77095530078333,440,43866
withastro/astro,72c7ae9901de927ae8d9d5be63cbaef4f976422c,formatter,2.143870066164727,492,3711
withastro/starlight,9b172f5ee09697d80f301e9b70aca1946419ce24,formatter,3.1818432010038786,166,15195
wkentaro/labelme,1b2f32ce683938d1ede0ecf956cd59e85cce0fba,other,1.5084883197708316,2,39
wkentaro/labelme,1f7ece25e26ed4e421a2dff3782217967f0443aa,other,1.50832265444774,2,3
wkentaro/labelme,28dd12c1d641fe8b0b528eda9cab75a7fe0de7f6,other,1.5085013752630112,2,13
wkentaro/labelme,34cff8833a442cfcea231e9bc5a719351f92427d,other,1.5084938018100236,2,33
wkentaro/labelme,39c9e2a979ebe52575e0e14be32ec5793e93e9fd,other,1.5084969072426293,2,3
wkentaro/labelme,4aba96809ca188f1a13f353a843cdb09c631ad22,other,1.5085101845514235,2,11
wkentaro/labelme,4c0ef54052a7fd15715be8e8a2f5ba39fba4efaa,other,1.5084812216391614,2,61
wkentaro/labelme,50719a6268d9948e2bd08034e3ea7308d13c1bea,other,1.5085089804040865,2,3
wkentaro/labelme,5c9808446a179176c721bd7a59d621b41c95898c,formatter,6.295832255938348,39,2356
wkentaro/labelme,5e75e6cddf913e51ae413e58233c456bffba72ef,other,1.5084928511673892,2,69
wkentaro/labelme,6a44111aded17402d03715f8b5d816a3ba19ba2f,other,1.5084934215529697,2,7
wkentaro/labelme,6ba57e4a7467f73a6f388716c477639826186db6,other,1.5084798907394732,2,15
wkentaro/labelme,80f5a31723e6be3ae614e68a4aeaef8abec2162c,other,1.508491140010647,2,3
wkentaro/labelme,8a9cb1918d35c01abc804b40acb61f34bf8d4fc7,other,1.5083184716201485,2,317
wkentaro/labelme,9998f0042bcf5287625dbcee8e900c026474a0fe,other,1.5084964636094,2,5
wkentaro/labelme,af7f402a4f6d93ac8fe5c71beb60cd9d11beb342,refactoring,1.023286878596598,8,96
wkentaro/labelme,cbb6d829725f531bdb3cb30bcb13213604a4fe31,other,1.5084953228382387,2,5
wkentaro/labelme,e63d1b8374f7b706a91c51e7ca9478a092a81bbb,other,1.5083235734022866,2,7
wkentaro/labelme,e83f3d68a69fe0a9a33c744fa428efb7a2a176b2,other,1.5084900309275737,2,11
wkentaro/labelme,f3ab366983d82c9dfabc576de9fd87f68a8417ea,refactoring,1.0730903173878876,13,467
wkentaro/labelme,f6f03ddee51f984fd15f7ea6524849e316bc4be7,other,6.764136055973839,1,156
wxWidgets/wxWidgets,03647350fc7cd141953c72e0284e928847d30f44,whitespace,17.10636651709889,436,5559
wxWidgets/wxWidgets,29efc6e4a478652d6f59fb3f5ca7990d78a8ead4,move/rename,17.71358344741045,21,7273
wxWidgets/wxWidgets,2ad1ff540f036e130ed934066b80652c2c5fe158,other,21.707636639034654,1,83
wxWidgets/wxWidgets,2bc6e50eded2a14099655ce0b4c7df582b87c93a,style,6.8543467500697135,9,43
wxWidgets/wxWidgets,2df05fb915516e0563578e34aec45980be51b1f4,other,3.646245088346389,1,15
wxWidgets/wxWidgets,3f66f6a5b3583b02c34854556eb83e3a808524ce,other,13.176939691231272,4075,4081
wxWidgets/wxWidgets,496da2e550ce1f562f727230babc363da190530e,whitespace,8.448931984688317,30,268
wxWidgets/wxWidgets,4f4c5fcfdfe7d1eadce22a68929c82b6cb324075,other,3.949540934671838,1844,27477
wxWidgets/wxWidgets,668a2186cd89fd4576bed224df3624811eebeca1,lint,4.98813262098512,99,266
wxWidgets/wxWidgets,78e788120814699ab0a0d2fab1131285f5e0fd7a,other,17.566330551119222,5,3766
wxWidgets/wxWidgets,8fbca5cb70c8b647d5bd2cacb1e0a2a00358f351,other,7.662845210028646,320,3232
wxWidgets/wxWidgets,9a29fe70bc90b08b4f0bd4c23c1d12ad17cbbed2,other,14.915670234745354,12,3564
wxWidgets/wxWidgets,9a83f860948059b0273b5cc6d9e43fadad3ebfca,refactoring,17.184644459654727,798,20767
wxWidgets/wxWidgets,a3ef8eb50346e04c080ed1711578390080baff8b,whitespace,17.42667455700053,3,5434
wxWidgets/wxWidgets,a9339fe22c1815cfbbf2ed9c300c897256644d18,formatter,20.442929025020913,1,231
wxWidgets/wxWidgets,af61bbe43c4bb8a559e05568909d2726400c462b,whitespace,1.2539831926382234,126,1688
wxWidgets/wxWidgets,b70ed2d8c84cadf10bd42fc052a255fac02391e4,other,7.999752389281821,67,3862
wxWidgets/wxWidgets,b9db5f3061af49519c56e9981d627a5b206507f3,whitespace,18.838476563490254,1,374
wxWidgets/wxWidgets,ca65c0440a7163e4e37e48b1c4329709d722db47,whitespace,22.28299370040814,76,4737
wxWidgets/wxWidgets,db31a0161503c6ea4cc461f4e10b67830b7d6b52,other,3.92642076710523,3,6
wxWidgets/wxWidgets,e43190ea796ac3c1d15c18a88bcf7f3f745bd4bc,style,3.7285138603696097,4,159
wxWidgets/wxWidgets,f58ea625968953ca93585ea7f93dcc07ad032d8f,other,8.018006755900322,93,8728
xbmc/xbmc,0b34dc7e6f61424c8cce7249cdcd6060b8eada9e,formatter,6.347157800339696,139,13078
xbmc/xbmc,537d5e552f68e5cb851ad97b15ec785f73adae60,formatter,2.6392278563642355,3,12463
xbmc/xbmc,71a2c6b734420f540b0d06f6e3334ffe5a9e8225,formatter,6.347157800339696,57,6966
xbmc/xbmc,838cf16f17a7fcf5d49ac0b3d51d9826a9fb7a6e,formatter,6.347157800339696,137,8181
xbmc/xbmc,b86f51b52a671effa00317a3a75fd8912b58bdf6,formatter,0.7801625915785738,1,181
xbmc/xbmc,d1e6fff19c1cf2a266f0429c8d0ddea3195ddcce,formatter,6.347157800339696,132,8468
xournalpp/xournalpp,24fb01b6d3f288eede54fe83fb92ef903e342ab5,formatter,11.41610242857505,350,7276
xournalpp/xournalpp,4cf542b0a54ee6dac98acbe5fa54374271017de9,lint,6.860252078738561,200,982
xournalpp/xournalpp,985d0946e79a42159ab8192680af65836f22be8d,lint,6.854171071310873,206,1377
xournalpp/xournalpp,a2e98f4bd72d60f3c6e142e7f97f7b1992743173,lint,6.875283228128882,284,4266
xournalpp/xournalpp,a3634d7ce464bf2eda1a9ff3a1dd710d8c2e50a5,formatter,11.522420684716202,305,39672
xournalpp/xournalpp,bf3c63fee3445b318dfb36369a686a033a159e1b,formatter,6.750549376378432,596,102208
xournalpp/xournalpp,e241ee1a5ffab6867cad2e1c6ab07a41c900a392,formatter,12.744012440743276,427,31549
xournalpp/xournalpp,eeca67514f50149a3414519933a48742bc481a35,formatter,6.874120021801405,119,1321
yiisoft/yii2,1f6a8230732d829cdf2f3ca6755e4ac32f2c6f4f,other,12.938831596826121,380,9866
yiisoft/yii2,2f8e62d6b64324099b44cbac69395fef0e53b13e,other,0.9152112327933684,12,132
yiisoft/yii2,32d0a922b47ba23fc8d17b3947f8c8ff0b014a31,style,0.38294708723096815,438,441
yiisoft/yii2,7a7d2a9c06c099de8064729ca3fc95fb24241b75,style,13.30298752123102,57,3251
yiisoft/yii2,80545100b3f40423118b5cd413fcdb9c7dd7fa5e,refactoring,0.9491848873171598,17,217
yiisoft/yii2,909396074eef92d62dd34b4709bb7351e722bec3,other,0.960370275306107,361,2218
yiisoft/yii2,9d327baa8b2c80b53d4d405678f03e6b89ff6e38,style,10.335996970618805,30,198
yiisoft/yii2,b5f8a4dc22d5f8188405a2099d85fc154226c9b2,formatter,12.53227270134611,919,192594
yiisoft/yii2,ba0ab403b52124c941dbeb46fbd9efdc12252a5d,formatter,9.290126150277588,504,8680
yiisoft/yii2,c82da8dc829d557e82b12edbed9e37003dfcc9a3,other,0.9847386049636221,73,659
yiisoft/yii2,c960f93dfeefe760eb44bcdfa4463dcc7b29cc43,other,0.9498325284559028,89,1058
yiisoft/yii2,d71f7309aeec1ac0fef223840cb65bbbf96f1f99,other,0.9506101541308591,249,5287
yiisoft/yii2,da20adc82aef3eb5ae0bad3889fe6695e6424f06,refactoring,0.9470281643724491,69,351
yiisoft/yii2,f66d5c8864712aef233b8131c2f99721101f61d0,other,0.6632204920526276,516,780
youki-dev/youki,13a3fd516e9904d5cd7ef20ead76dd70cd172fe7,formatter,2.3773039458006946,158,1964
yugabyte/yugabyte-db,06cd4073e15e99b983787faaa1fb5f9f717a5e04,formatter,1.6865732818718788,393,26178
yugabyte/yugabyte-db,3af60d88dc0d7cd92de6db6b29917a386f153d3a,whitespace,1.761818452607296,24,177
yugabyte/yugabyte-db,4d010b55884ad55edb57e51d69de6f08d12e07d7,formatter,5.364820550358709,451,39197
yugabyte/yugabyte-db,6a56ce7bcdeb0478c791efaa322b58c61007fd39,refactoring,1.7085691243947576,81,1104
yugabyte/yugabyte-db,88af3ecae5f8c4af47bebb52bd80e3018518edb1,formatter,5.938347561284762,388,24057
yugabyte/yugabyte-db,925f01cb8b6f518b850fcf08f8dc6b70fa505bfa,formatter,5.20043472887672,61,1853
yugabyte/yugabyte-db,c31097a5c7fe06cf2f022c4cd4510f795bc37ff6,style,5.2005644599082315,472,15381
yugabyte/yugabyte-db,d65a7c64b78e78d9eda5dfdd593f4fb4df1edf33,style,1.7013466169797449,101,14577
yugabyte/yugabyte-db,f0f54c4a7ade831f367aceb936800cbe18bf4822,lint,1.7804911336730296,74,2176
zed-industries/zed,3a44a59f8ec114ac1ba22f7da1652717ef7e4e5c,formatter,2.1778843448170964,13,164
zed-industries/zed,56a88a848be09cbcb66bcb3d85ec1f5644909f72,formatter,0.586743288463001,15,3971
zed-industries/zed,5ed538f49c54ca464bb9d1e59446060a3a925668,formatter,0.5906202943189596,143,8552
zed-industries/zed,813cc3f5e537372fc86720b5e71b6e1c815440ab,other,2.2373034071032016,7,593
zed-industries/zed,a161a7d0c95ca7505bf9218bfae640ee5444c88b,formatter,2.6232174499961975,13,987
zed-industries/zed,eca93c124a488b4e538946cd2d313bd571aa2b86,other,3.4491290212183436,4,2182
zed-industries/zed,ffdda588b41f7d9d270ffe76cab116f828ad545e,formatter,2.596738852130707,4,1938
zeek/zeek,02206f3215f977ba7752476ba89ca06abe93375c,formatter,5.008212760159201,1,12
zeek/zeek,07e276ab2e351ce71b709139f1933b9ead40d094,formatter,5.013568458944913,2,9
zeek/zeek,26d04fd9fca0868d9c81e02fbffb6f81a00b56e5,other,2.920275654675894,13,41
zeek/zeek,4423574d265749da8e707ab0fbcffcbfaed26614,formatter,5.008212760159201,58,9033
zeek/zeek,9af6b2f48d11b4e287d0f18034a486f76f9f2d61,formatter,5.008212760159201,54,504
zeek/zeek,9cb54f5d449b63006cc9a1f451a47732c92fef2d,formatter,5.013568458944913,118,386
zeek/zeek,a6378531dbc5c357926d98fe785bb719cc70e1b4,whitespace,4.9453422947245675,78,635
zeek/zeek,b2f171ec69eae3a833a9db1b16e5234bd3eaf0b6,formatter,5.037785636423556,714,69120
zeek/zeek,cb99ae2b7c9988656b097ad2789dffd2c0c37939,formatter,5.013568458944913,2,6
zeek/zeek,d70bcd07b9b26036b16092fe950eca40e2f5a032,formatter,1.173602270134611,6,3096
zeek/zeek,e6256446ddef5c5d5240eefff974556f2e12ac46,formatter,2.9202756229878064,3,173
zeek/zeek,e97c14add5b04aedc7f3f9dba59f665cbad793af,formatter,5.008212760159201,5,16
zeek/zeek,f5a76c1aedc7f8886bc6abef0dfaa8065684b1f6,formatter,2.920276193373387,786,313627
zeromq/libzmq,41f459e1dc6f7cdedd1268298153c970e290b2ce,formatter,8.47617781453596,331,27039
zeux/meshoptimizer,3dea31b5c248594a62f49a3e41fc88d7ceae2de3,formatter,2.184539096762745,19,1862
zeux/meshoptimizer,52e8e1f61712928a36b5257a894bb098a4a98b22,formatter,2.028085976119857,3,430
zeux/meshoptimizer,bb4aa0e1372751b74425e77c9a42f972971568bf,whitespace,7.946780680406621,18,12420
