repo,path_hash,capture,future_commits,known_future,flip,evaluable,ndcg_RAW,hit1_RAW,ndcg_W,hit1_W,ndcg_WMC,hit1_WMC,ndcg_DECLARED,hit1_DECLARED
11ty/buildawesome,4b4cf806a0050fd4,0.3,0,0,0.0,False,,,,,,,,
11ty/buildawesome,08cbd213ca95b646,0.5689655172413793,1,1,0.0,True,0.6309297535714575,0.0,0.6309297535714575,0.0,0.6309297535714575,0.0,0.6309297535714575,0.0
11ty/buildawesome,aac97e425d46aafe,0.5407407407407407,2,2,0.0,True,0.6309297535714575,0.0,0.6309297535714575,0.0,0.6309297535714575,0.0,0.6309297535714575,0.0
11ty/buildawesome,f787119ba8d1eb3a,0.6239782016348774,6,6,0.0,True,0.6309297535714575,0.0,0.6309297535714575,0.0,0.6309297535714575,0.0,0.6309297535714575,0.0
11ty/buildawesome,83f360c0e8ddaf15,0.6038095238095238,6,6,0.0,True,0.6309297535714575,0.0,0.6309297535714575,0.0,0.6309297535714575,0.0,0.6309297535714575,0.0
11ty/buildawesome,36f7575047042a15,0.5263157894736842,1,0,0.0,False,,,,,,,,
11ty/buildawesome,0947e2727d6bad8c,0.05555555555555555,0,0,0.0,False,,,,,,,,
11ty/buildawesome,cd8b0d5daef1e85d,0.6465256797583081,6,5,0.0,True,0.6309297535714575,0.0,0.6309297535714575,0.0,0.6309297535714575,0.0,0.6309297535714575,0.0
11ty/buildawesome,d7feed6b3cff9c2c,0.6571428571428571,1,1,0.0,True,0.6309297535714575,0.0,0.6309297535714575,0.0,0.6309297535714575,0.0,0.6309297535714575,0.0
11ty/buildawesome,5ebf815faab95101,0.30303030303030304,0,0,0.0,False,,,,,,,,
11ty/buildawesome,551ccacb05148dbb,0.4897959183673469,18,18,1.0,True,0.6309297535714575,0.0,1.0,1.0,1.0,1.0,1.0,1.0
11ty/buildawesome,e4c10e275fca255d,0.058823529411764705,1,0,0.0,False,,,,,,,,
11ty/buildawesome,f95a786b12fbf6d0,0.5238095238095238,0,0,0.0,False,,,,,,,,
11ty/buildawesome,a98fff1b62dcecdb,0.13043478260869565,2,2,0.0,True,1.0,1.0,0.6309297535714575,0.0,0.6309297535714575,0.0,1.0,1.0
11ty/buildawesome,e8162577b66789df,0.031746031746031744,4,0,0.0,False,,,,,,,,
11ty/buildawesome,6e9b9b0950c1f812,0.3333333333333333,0,0,0.0,False,,,,,,,,
11ty/buildawesome,70a6dc317cd60a73,0.5708333333333333,11,11,0.0,True,0.6309297535714575,0.0,0.6309297535714575,0.0,0.6309297535714575,0.0,0.6309297535714575,0.0
11ty/buildawesome,979a4a52db5287c8,0.25,0,0,0.0,False,,,,,,,,
11ty/buildawesome,40f317beea36b51b,0.6519174041297935,2,2,0.0,True,0.6309297535714575,0.0,0.6309297535714575,0.0,0.6309297535714575,0.0,0.6309297535714575,0.0
11ty/buildawesome,ef495efa0b1aa477,0.3459500378501135,13,13,0.0,True,1.0,1.0,1.0,1.0,1.0,1.0,1.0,1.0
11ty/buildawesome,8688d5d98526e783,0.4681933842239186,3,3,1.0,True,0.6309297535714575,0.0,1.0,1.0,1.0,1.0,1.0,1.0
11ty/buildawesome,b3d72ae97ebb8b89,0.6549295774647887,3,3,0.0,True,0.6309297535714575,0.0,0.6309297535714575,0.0,0.6309297535714575,0.0,0.6309297535714575,0.0
11ty/buildawesome,a6976922b8388121,0.7647058823529411,0,0,0.0,False,,,,,,,,
11ty/buildawesome,5c83a59e450325c0,0.26143790849673204,10,10,0.0,True,1.0,1.0,0.6309297535714575,0.0,0.6309297535714575,0.0,1.0,1.0
11ty/buildawesome,8b8317c75f11caca,0.649895178197065,5,5,0.0,True,0.6309297535714575,0.0,0.6309297535714575,0.0,0.6309297535714575,0.0,0.6309297535714575,0.0
AUTOMATIC1111/stable-diffusion-webui,ed3ee7e0beea2498,0.13496932515337423,13,2,0.0,True,0.6309297535714575,0.0,0.6309297535714575,0.0,0.6309297535714575,0.0,0.6309297535714575,0.0
AUTOMATIC1111/stable-diffusion-webui,3ab0330b32fb1aab,0.015873015873015872,0,0,0.0,False,,,,,,,,
AUTOMATIC1111/stable-diffusion-webui,c766c825471943c0,0.6549520766773163,58,27,1.0,True,0.6654144698274587,0.0,0.9949176901017119,1.0,0.9949176901017119,1.0,0.9973090668432771,1.0
AUTOMATIC1111/stable-diffusion-webui,0b54aae751401ae8,0.20930232558139536,0,0,0.0,False,,,,,,,,
AUTOMATIC1111/stable-diffusion-webui,b4b7969eb6a34dc0,0.9411764705882353,0,0,1.0,False,,,,,,,,
AUTOMATIC1111/stable-diffusion-webui,479163685bafaa4c,0.9669421487603306,15,15,1.0,True,0.6144864698778575,0.0,0.7420581546583167,0.0,0.7420581546583167,0.0,0.7520599419471056,0.0
AUTOMATIC1111/stable-diffusion-webui,18be4c015525ceca,0.9354838709677419,0,0,1.0,False,,,,,,,,
AUTOMATIC1111/stable-diffusion-webui,6b4ebcade51d2d3d,0.16153846153846155,6,0,0.0,False,,,,,,,,
AUTOMATIC1111/stable-diffusion-webui,b67641cf8802a9b9,1.0,0,0,1.0,False,,,,,,,,
AUTOMATIC1111/stable-diffusion-webui,57519d79eb8fca0c,0.9090909090909091,2,0,1.0,False,,,,,,,,
AUTOMATIC1111/stable-diffusion-webui,6b040102aa8f0e3a,0.9204545454545454,3,2,1.0,True,0.6309297535714575,0.0,1.0,1.0,1.0,1.0,1.0,1.0
AUTOMATIC1111/stable-diffusion-webui,362e762d8b52142b,0.4330708661417323,6,1,1.0,True,0.0,0.0,0.0,0.0,0.0,0.0,0.0,0.0
AUTOMATIC1111/stable-diffusion-webui,7c061f70b595941b,0.5952380952380952,0,0,0.0,False,,,,,,,,
AUTOMATIC1111/stable-diffusion-webui,af5cef44524d25c0,0.6571428571428571,0,0,1.0,False,,,,,,,,
AUTOMATIC1111/stable-diffusion-webui,856997acd716f8f4,0.5084745762711864,10,6,1.0,True,0.6309297535714575,0.0,1.0,1.0,1.0,1.0,1.0,1.0
AUTOMATIC1111/stable-diffusion-webui,c888caf5f8628b5c,0.9292035398230089,1,1,1.0,True,1.0,1.0,0.6309297535714575,0.0,0.6309297535714575,0.0,0.43067655807339306,0.0
AUTOMATIC1111/stable-diffusion-webui,e9a27408b64265e3,0.10204081632653061,2,0,0.0,False,,,,,,,,
AUTOMATIC1111/stable-diffusion-webui,ddc07d50fa3b0439,0.015625,1,1,0.0,True,1.0,1.0,1.0,1.0,1.0,1.0,1.0,1.0
AUTOMATIC1111/stable-diffusion-webui,fe2129c140fc5cff,0.3798449612403101,17,16,1.0,True,0.7431339521013032,0.0,0.8848255250013735,1.0,0.8848255250013735,1.0,0.8446128166565944,1.0
AUTOMATIC1111/stable-diffusion-webui,c47505ac02dfa18a,0.8043478260869565,2,1,1.0,True,0.46533827903669656,0.0,0.6309297535714575,0.0,0.6309297535714575,0.0,1.0,1.0
ApeWorX/web3.py,7d395d4ed695958f,0.10594315245478036,3,2,0.0,True,0.9197207891481876,1.0,0.9197207891481876,1.0,0.9197207891481876,1.0,0.8637801104364019,1.0
ApeWorX/web3.py,f89d7fa63a71fe0c,0.04793028322440087,0,0,0.0,False,,,,,,,,
ApeWorX/web3.py,4d7a44b8e586862e,0.005555555555555556,1,0,0.0,False,,,,,,,,
ApeWorX/web3.py,ceb791d2f10b1d2a,0.21052631578947367,1,0,0.0,False,,,,,,,,
ApeWorX/web3.py,c902d776bb4f676f,0.011164274322169059,3,1,0.0,True,0.5,0.0,0.5,0.0,0.46533827903669656,0.0,0.5,0.0
ApeWorX/web3.py,ec90999fae33d709,0.06432748538011696,5,1,0.0,True,0.5,0.0,0.5,0.0,0.5,0.0,0.43067655807339306,0.0
ApeWorX/web3.py,e17a663b5836b351,0.5985663082437276,0,0,1.0,False,,,,,,,,
ApeWorX/web3.py,712a93a627719286,0.08870967741935484,0,0,1.0,False,,,,,,,,
ApeWorX/web3.py,ee2600075dbc710e,0.0,1,1,0.0,True,0.43067655807339306,0.0,0.43067655807339306,0.0,0.40876468265396737,0.0,0.43067655807339306,0.0
ApeWorX/web3.py,7770d198b733db12,0.0,0,0,0.0,False,,,,,,,,
ApeWorX/web3.py,a014bf7aec835e63,0.03571428571428571,0,0,0.0,False,,,,,,,,
ApeWorX/web3.py,9527e1b0fdc445db,0.10344827586206896,1,0,0.0,False,,,,,,,,
ApeWorX/web3.py,2a9b21171d563c43,0.19658119658119658,2,1,0.0,True,1.0,1.0,1.0,1.0,1.0,1.0,1.0,1.0
ApeWorX/web3.py,28c2d1cb37e34812,0.0,0,0,0.0,False,,,,,,,,
ApeWorX/web3.py,6ab4d49ffcc0330f,0.022222222222222223,2,0,0.0,False,,,,,,,,
ApeWorX/web3.py,4b1b2ca6fbd1c7b9,0.058823529411764705,0,0,0.0,False,,,,,,,,
ApeWorX/web3.py,b3cc3ea40d7f0eb6,0.01529051987767584,2,1,0.0,True,0.0,0.0,0.38685280723454163,0.0,0.0,0.0,0.0,0.0
ApeWorX/web3.py,5babff1912af0ba9,0.28846153846153844,2,2,0.0,True,1.0,1.0,1.0,1.0,1.0,1.0,1.0,1.0
ApeWorX/web3.py,4812d2c5b75a43e2,0.00390625,6,4,0.0,True,1.0,1.0,1.0,1.0,1.0,1.0,1.0,1.0
ApeWorX/web3.py,6a53e6eb2925b640,0.2465753424657534,2,1,1.0,True,0.5,0.0,0.5,0.0,0.5,0.0,0.6309297535714575,0.0
ApeWorX/web3.py,e3c2230996dc3235,0.2857142857142857,0,0,1.0,False,,,,,,,,
ApeWorX/web3.py,86b16d49df3dbebf,0.16666666666666666,0,0,0.0,False,,,,,,,,
ApeWorX/web3.py,03b07e8351adaf48,0.03076923076923077,2,1,0.0,True,0.5,0.0,0.5,0.0,0.5,0.0,0.5,0.0
ApeWorX/web3.py,394ec7774db61ad5,0.1836734693877551,4,1,0.0,True,0.6309297535714575,0.0,0.6309297535714575,0.0,0.6309297535714575,0.0,0.0,0.0
ApeWorX/web3.py,dd3b6326551f5fc8,0.3015075376884422,0,0,0.0,False,,,,,,,,
App-vNext/Polly,f7a87e5f3ed56df3,0.6549707602339181,0,0,1.0,False,,,,,,,,
App-vNext/Polly,b8e768c153dcf620,0.5113636363636364,0,0,1.0,False,,,,,,,,
App-vNext/Polly,9422d30782d2158e,0.45454545454545453,0,0,1.0,False,,,,,,,,
App-vNext/Polly,72f7c1e0b53584d5,0.47058823529411764,0,0,1.0,False,,,,,,,,
App-vNext/Polly,115e4e3429026d4f,0.4666666666666667,0,0,1.0,False,,,,,,,,
App-vNext/Polly,f8f916bc545bceab,0.5151515151515151,1,1,1.0,True,1.0,1.0,0.43067655807339306,0.0,0.43067655807339306,0.0,0.43067655807339306,0.0
App-vNext/Polly,c1e00622515f7361,0.6903553299492385,0,0,1.0,False,,,,,,,,
App-vNext/Polly,e57efc988457d8c6,0.41379310344827586,0,0,1.0,False,,,,,,,,
App-vNext/Polly,db30af566d240eda,0.4888888888888889,0,0,1.0,False,,,,,,,,
App-vNext/Polly,9256c5ba03a2f5c5,0.4157303370786517,0,0,1.0,False,,,,,,,,
App-vNext/Polly,721d71ce0e02156f,0.6588235294117647,0,0,1.0,False,,,,,,,,
App-vNext/Polly,8b48007d2b76ba23,0.514745308310992,0,0,1.0,False,,,,,,,,
App-vNext/Polly,6daf7b39fc2e43d9,0.39215686274509803,0,0,1.0,False,,,,,,,,
App-vNext/Polly,263996be0e1bbf78,0.5181818181818182,0,0,1.0,False,,,,,,,,
App-vNext/Polly,1c0636e0e908401c,0.5294117647058824,0,0,1.0,False,,,,,,,,
App-vNext/Polly,c5e70439f5ad4103,0.5555555555555556,0,0,1.0,False,,,,,,,,
App-vNext/Polly,238da6ac5b9b43cb,0.6833333333333333,0,0,1.0,False,,,,,,,,
App-vNext/Polly,e0c5d4edc0620cb8,0.48175182481751827,1,1,1.0,True,1.0,1.0,0.5,0.0,0.43067655807339306,0.0,0.5,0.0
App-vNext/Polly,5b43490c1b25fbe0,0.5416666666666666,0,0,1.0,False,,,,,,,,
App-vNext/Polly,a5ce338196a97b33,0.4444444444444444,0,0,1.0,False,,,,,,,,
App-vNext/Polly,965a2478fd5a5c4c,0.5393700787401575,0,0,1.0,False,,,,,,,,
App-vNext/Polly,5bd1c38789408a50,0.14285714285714285,0,0,0.0,False,,,,,,,,
App-vNext/Polly,5c51ef33b8f90701,0.15789473684210525,0,0,0.0,False,,,,,,,,
App-vNext/Polly,9541fca6aa729161,0.562962962962963,0,0,1.0,False,,,,,,,,
App-vNext/Polly,29b552d25bec9e86,0.6266666666666667,0,0,1.0,False,,,,,,,,
ArduPilot/ardupilot,24210f5c7be44d91,0.02857142857142857,0,0,0.0,False,,,,,,,,
ArduPilot/ardupilot,20aff4d69a6c5d5d,0.014705882352941176,1,0,0.0,False,,,,,,,,
ArduPilot/ardupilot,df1d07961ab85fd9,0.030303030303030304,1,0,0.0,False,,,,,,,,
ArduPilot/ardupilot,f9089339dbe4d119,0.017857142857142856,1,0,0.0,False,,,,,,,,
ArduPilot/ardupilot,9f305e24fc00dfcb,0.0234375,1,0,0.0,False,,,,,,,,
ArduPilot/ardupilot,a0c3b19a9ceafc1f,0.009230769230769232,7,5,0.0,True,0.4293720107284805,0.0,0.4293720107284805,0.0,0.4293720107284805,0.0,0.4293720107284805,0.0
ArduPilot/ardupilot,25a9fdc184bca1e2,0.10810810810810811,1,0,0.0,False,,,,,,,,
ArduPilot/ardupilot,c40cd7a052b74e9e,0.02586206896551724,2,0,0.0,False,,,,,,,,
Automattic/wp-calypso,c370dbe5e75f2882,0.10126582278481013,3,0,0.0,False,,,,,,,,
Automattic/wp-calypso,54bc7c8a033a666e,0.029411764705882353,0,0,1.0,False,,,,,,,,
Automattic/wp-calypso,0019f90c6f548d2d,0.011299435028248588,4,0,0.0,False,,,,,,,,
Automattic/wp-calypso,678ecbaf0e6c6776,0.02127659574468085,0,0,0.0,False,,,,,,,,
Automattic/wp-calypso,f8513cc34c5e253a,0.058823529411764705,1,0,0.0,False,,,,,,,,
Automattic/wp-calypso,b717b038f03a2910,0.019230769230769232,0,0,0.0,False,,,,,,,,
Automattic/wp-calypso,ed337707d3282e19,0.03125,0,0,0.0,False,,,,,,,,
Automattic/wp-calypso,2e906f6ccca2087a,0.0364963503649635,0,0,0.0,False,,,,,,,,
Automattic/wp-calypso,27edac05763aaf2d,0.5652173913043478,3,0,1.0,False,,,,,,,,
Automattic/wp-calypso,88145f192e2f837a,0.04,1,0,0.0,False,,,,,,,,
Automattic/wp-calypso,0859c06ac6aa226c,0.1,0,0,0.0,False,,,,,,,,
Automattic/wp-calypso,001de6ef6e996010,0.017857142857142856,3,0,0.0,False,,,,,,,,
Automattic/wp-calypso,031ae3bc142bb530,0.043478260869565216,0,0,0.0,False,,,,,,,,
Automattic/wp-calypso,c1692eb8470c835f,0.08,3,0,0.0,False,,,,,,,,
Automattic/wp-calypso,1ead53e9a0f8eaa8,0.05309734513274336,1,0,0.0,False,,,,,,,,
Automattic/wp-calypso,c202b9941acdd424,0.027777777777777776,2,0,0.0,False,,,,,,,,
Automattic/wp-calypso,f1613f9205e72c15,0.014598540145985401,1,0,0.0,False,,,,,,,,
Automattic/wp-calypso,b57ff6f17dbfc9fd,0.0,0,0,0.0,False,,,,,,,,
Automattic/wp-calypso,38e27f2f533c9a88,0.13333333333333333,1,0,0.0,False,,,,,,,,
Automattic/wp-calypso,057c9a5a43b25e59,0.0022222222222222222,1,0,0.0,False,,,,,,,,
Automattic/wp-calypso,e6d7c901bafa20dd,0.035398230088495575,3,0,0.0,False,,,,,,,,
Automattic/wp-calypso,62cd700135031451,0.14285714285714285,1,0,0.0,False,,,,,,,,
Automattic/wp-calypso,5681a6611a035b48,0.041666666666666664,0,0,0.0,False,,,,,,,,
Automattic/wp-calypso,99a9fab44c137e1b,0.08333333333333333,3,0,0.0,False,,,,,,,,
Automattic/wp-calypso,2d9ce1be9b59145a,0.012422360248447204,0,0,0.0,False,,,,,,,,
BLAKE3-team/BLAKE3,b0153026c5ecdbd8,0.0026595744680851063,8,6,0.0,True,0.0,0.0,0.0,0.0,0.0,0.0,0.0,0.0
Bash-it/bash-it,6b2ab8485dfaf08c,0.5,1,0,1.0,False,,,,,,,,
Bash-it/bash-it,c7d6cbd23f7d3a7f,0.045454545454545456,1,0,0.0,False,,,,,,,,
Bash-it/bash-it,f54c63fde94c7fad,0.5,0,0,0.0,False,,,,,,,,
Bash-it/bash-it,0d1dec743886c365,0.5342465753424658,1,0,1.0,False,,,,,,,,
Bash-it/bash-it,7d986ebee2f7dd34,0.7727272727272727,1,0,1.0,False,,,,,,,,
Bash-it/bash-it,681fcd671c896da6,0.6875,1,0,1.0,False,,,,,,,,
Bash-it/bash-it,7fc0cc362b557aeb,0.5405405405405406,2,1,0.0,True,1.0,1.0,1.0,1.0,1.0,1.0,1.0,1.0
Bash-it/bash-it,b072cd254c8393a5,0.6025641025641025,1,0,0.0,False,,,,,,,,
Bash-it/bash-it,d008e1016f48d534,0.4,0,0,1.0,False,,,,,,,,
Bash-it/bash-it,82a8de1d8f7825e6,0.4036458333333333,1,1,0.0,True,0.6309297535714575,0.0,0.6309297535714575,0.0,0.6309297535714575,0.0,0.6309297535714575,0.0
Bash-it/bash-it,c467d2646a9e9291,0.601115760111576,7,1,1.0,True,1.0,1.0,0.6309297535714575,0.0,0.6309297535714575,0.0,0.6309297535714575,0.0
Bash-it/bash-it,45cf7931241a7076,0.5,1,0,1.0,False,,,,,,,,
Bash-it/bash-it,90f93fbdfb9ebbf8,0.2,1,0,0.0,False,,,,,,,,
Bash-it/bash-it,c56772fb8d32efe4,0.017543859649122806,1,0,0.0,False,,,,,,,,
Bash-it/bash-it,aa57f91a88a2f8fb,0.4903581267217631,3,1,1.0,True,1.0,1.0,0.6309297535714575,0.0,0.6309297535714575,0.0,0.6309297535714575,0.0
Bash-it/bash-it,e60230c15079cc2b,0.6394279877425945,10,1,0.0,True,1.0,1.0,1.0,1.0,1.0,1.0,1.0,1.0
Bash-it/bash-it,6cb3ad4eae580b96,0.4883720930232558,0,0,1.0,False,,,,,,,,
Bash-it/bash-it,574885fda076ff0d,0.6434108527131783,0,0,1.0,False,,,,,,,,
Bash-it/bash-it,c0702658bab40ff9,0.2972972972972973,2,1,0.0,True,1.0,1.0,1.0,1.0,1.0,1.0,1.0,1.0
Bash-it/bash-it,8a67bcf43c4af736,0.7263843648208469,3,1,1.0,True,1.0,1.0,0.6309297535714575,0.0,0.6309297535714575,0.0,0.6309297535714575,0.0
Bash-it/bash-it,520120faf56a45b9,0.46511627906976744,1,0,1.0,False,,,,,,,,
Bash-it/bash-it,5ff3216fa55b9ea5,0.3684210526315789,4,0,0.0,False,,,,,,,,
Bash-it/bash-it,ba139e91c32cbf19,0.5056179775280899,5,4,0.0,True,1.0,1.0,0.6309297535714575,0.0,0.6309297535714575,0.0,1.0,1.0
Bash-it/bash-it,d2a1ccb49e29ca15,0.5,0,0,0.0,False,,,,,,,,
Bash-it/bash-it,ad8fb803829661a5,0.4523809523809524,0,0,1.0,False,,,,,,,,
BerriAI/litellm,f678f307e5e10371,0.0,108,8,0.0,True,0.8929112054732131,0.0,0.8929112054732131,0.0,0.8929112054732131,0.0,0.8929112054732131,0.0
BerriAI/litellm,6b2327bdddba9fd8,0.0,0,0,0.0,False,,,,,,,,
BerriAI/litellm,4cc423bb4eb0d778,0.0,2,0,0.0,False,,,,,,,,
BerriAI/litellm,833e9303864a226a,0.0,552,82,0.0,True,0.8654860751314636,0.0,0.8654860751314636,0.0,0.8654860751314636,0.0,0.8654860751314636,0.0
Bogdanp/dramatiq,6e5870ec7038a9b8,0.04923599320882852,4,3,0.0,True,0.0,0.0,0.0,0.0,0.0,0.0,0.0,0.0
Bogdanp/dramatiq,3d5a83ca24aaf0a0,0.04411764705882353,0,0,0.0,False,,,,,,,,
Bogdanp/dramatiq,5552a2a18a5cfbea,0.024390243902439025,0,0,0.0,False,,,,,,,,
Bogdanp/dramatiq,54634011579a78d9,0.3333333333333333,0,0,0.0,False,,,,,,,,
Bogdanp/dramatiq,17da8fc6907a21fc,0.12179487179487179,0,0,0.0,False,,,,,,,,
Bogdanp/dramatiq,b294020f7a0a2555,0.1590909090909091,0,0,0.0,False,,,,,,,,
Bogdanp/dramatiq,e52e4ddd58b7ef88,0.004739336492890996,0,0,0.0,False,,,,,,,,
Bogdanp/dramatiq,1b01b90596fb8c9f,0.023121387283236993,0,0,0.0,False,,,,,,,,
Bogdanp/dramatiq,a29718cea2a429da,0.10256410256410256,0,0,0.0,False,,,,,,,,
Bogdanp/dramatiq,701350f004ec952e,0.015706806282722512,1,0,0.0,False,,,,,,,,
Bogdanp/dramatiq,cc4d5d5fbd9f7536,0.10869565217391304,3,2,0.0,True,0.5,0.0,0.5,0.0,0.5,0.0,0.5654648767857288,0.0
Bogdanp/dramatiq,7747ed65a42bd4b5,0.05104408352668213,4,0,0.0,False,,,,,,,,
Bogdanp/dramatiq,2f2a8fb86cc20bd4,0.17647058823529413,1,0,0.0,False,,,,,,,,
Bogdanp/dramatiq,ae29cd0ed5c82d90,0.2,0,0,0.0,False,,,,,,,,
Bogdanp/dramatiq,0a5bd8c62cfd4aa8,0.046511627906976744,2,1,0.0,True,0.46533827903669656,0.0,0.46533827903669656,0.0,0.46533827903669656,0.0,0.5,0.0
Bogdanp/dramatiq,e1156d25d6924bc2,0.04424778761061947,0,0,0.0,False,,,,,,,,
Bogdanp/dramatiq,8baafe6a89af128a,0.014492753623188406,0,0,0.0,False,,,,,,,,
Bogdanp/dramatiq,e7762ab76efb9a4d,0.0041928721174004195,2,1,0.0,True,0.0,0.0,0.0,0.0,0.0,0.0,0.0,0.0
Bogdanp/dramatiq,556812789bdf8b0b,0.5853658536585366,0,0,1.0,False,,,,,,,,
Bogdanp/dramatiq,4e8715c7a425ee52,0.22444444444444445,0,0,0.0,False,,,,,,,,
Bogdanp/dramatiq,8fc94635b1207446,0.024390243902439025,0,0,0.0,False,,,,,,,,
Bogdanp/dramatiq,73ebb8c3b1b4e359,0.10260115606936417,3,3,0.0,True,0.0,0.0,0.0,0.0,0.0,0.0,0.0,0.0
Bogdanp/dramatiq,ebaebbd5b4345264,0.0873015873015873,8,6,0.0,True,0.38685280723454163,0.0,0.4087646826539674,0.0,0.38685280723454163,0.0,0.38685280723454163,0.0
Bogdanp/dramatiq,876c3702c39a169d,0.014285714285714285,0,0,0.0,False,,,,,,,,
Bogdanp/dramatiq,7400addaba258d69,0.014925373134328358,1,1,0.0,True,0.43067655807339306,0.0,0.43067655807339306,0.0,0.43067655807339306,0.0,0.43067655807339306,0.0
CapSoftware/Cap,893c18cd7187fefc,0.8266666666666667,2,2,1.0,True,0.8984680522431183,1.0,0.6721736667122017,0.0,0.6934264036172708,0.0,0.6383296841265744,0.0
CapSoftware/Cap,d967dff5f10b46c2,0.7910447761194029,3,3,1.0,True,0.6309297535714575,0.0,1.0,1.0,1.0,1.0,1.0,1.0
CapSoftware/Cap,ff32ba325c82cae8,0.75,0,0,1.0,False,,,,,,,,
CapSoftware/Cap,ea6d5f717d931a3b,0.8,0,0,1.0,False,,,,,,,,
CapSoftware/Cap,724d2594a9e20f02,0.8387096774193549,4,3,1.0,True,0.5,0.0,0.6309297535714575,0.0,0.6309297535714575,0.0,0.6309297535714575,0.0
CapSoftware/Cap,6a78455c9c40b123,0.43333333333333335,1,0,0.0,False,,,,,,,,
CapSoftware/Cap,f58eb168dc79c433,0.08482142857142858,7,7,0.0,True,0.536797913193754,0.0,0.6634848263711557,0.0,0.6634848263711557,0.0,0.6634848263711557,0.0
CapSoftware/Cap,6b332508b01d1e71,0.9,4,4,1.0,True,0.6309297535714575,0.0,1.0,1.0,1.0,1.0,1.0,1.0
CapSoftware/Cap,6d626d888c708a2a,0.7959183673469388,2,2,1.0,True,0.5,0.0,0.5,0.0,0.6309297535714575,0.0,0.5654648767857288,0.0
CapSoftware/Cap,765854f9dc47ebef,0.864406779661017,6,6,1.0,True,0.6309297535714575,0.0,1.0,1.0,1.0,1.0,1.0,1.0
CapSoftware/Cap,22435a8477953f1f,0.75,1,1,1.0,True,0.6309297535714575,0.0,1.0,1.0,1.0,1.0,1.0,1.0
CapSoftware/Cap,541fe668e66aaed0,0.6862745098039216,0,0,1.0,False,,,,,,,,
CapSoftware/Cap,dccfc81fdb27238e,0.5,2,2,1.0,True,0.9598603945740939,1.0,0.6721736667122017,0.0,0.6721736667122017,0.0,0.6509209298071326,0.0
CapSoftware/Cap,2fd04c9eee812264,0.8375,10,10,1.0,True,0.7519383068080256,0.0,0.703960599157439,0.0,0.703960599157439,0.0,0.703960599157439,0.0
CapSoftware/Cap,47aa50a6e4ec43de,0.3,2,2,0.0,True,1.0,1.0,1.0,1.0,1.0,1.0,1.0,1.0
CapSoftware/Cap,0b4a43b1d4c73ffe,0.9545454545454546,0,0,1.0,False,,,,,,,,
CapSoftware/Cap,fea2be52e98f762e,0.5944444444444444,75,72,1.0,True,0.5800748636259888,0.0,0.9966064064956903,1.0,0.9966064064956903,1.0,0.7129501068000075,0.0
CapSoftware/Cap,fa65c1b1d37c723e,0.8,4,4,1.0,True,0.5126381512382389,0.0,0.5126381512382389,0.0,0.9543941949381196,1.0,0.5126381512382389,0.0
CapSoftware/Cap,e9ab90508a21d970,0.8275862068965517,2,1,1.0,True,0.6309297535714575,0.0,1.0,1.0,1.0,1.0,1.0,1.0
CapSoftware/Cap,35cf12cd6bcb7335,0.8472222222222222,3,3,1.0,True,0.43067655807339306,0.0,0.43067655807339306,0.0,0.6309297535714575,0.0,0.4653382790366966,0.0
CapSoftware/Cap,9133ecc551ac8b30,0.8125,6,6,1.0,True,0.6309297535714575,0.0,0.6309297535714575,0.0,0.6309297535714575,0.0,0.6309297535714575,0.0
CapSoftware/Cap,7d6df41f07d56e59,0.773109243697479,12,11,1.0,True,0.443853612947252,0.0,0.49918169941355545,0.0,0.49918169941355545,0.0,0.4785702609718101,0.0
CapSoftware/Cap,889b1cf99094a6af,0.6285714285714286,3,3,1.0,True,0.6199062332840657,0.0,0.8597186998521972,0.0,0.8597186998521972,0.0,0.8597186998521972,0.0
CapSoftware/Cap,158e561ec4d7aedc,0.6842105263157895,1,0,1.0,False,,,,,,,,
CapSoftware/Cap,76d8203b834fd173,0.8732394366197183,0,0,1.0,False,,,,,,,,
CesiumGS/cesium,91b3deb5a48a199e,0.5588235294117647,1,0,1.0,False,,,,,,,,
CesiumGS/cesium,db1c21174c82de67,0.7222222222222222,1,0,1.0,False,,,,,,,,
CesiumGS/cesium,f8c6beab71707eea,0.8587570621468926,1,1,1.0,True,0.5,0.0,0.0,0.0,0.0,0.0,0.0,0.0
CesiumGS/cesium,8cdd36055c094468,0.8409090909090909,1,1,1.0,True,0.43067655807339306,0.0,0.43067655807339306,0.0,0.19342640361727081,0.0,0.0,0.0
CesiumGS/cesium,4e8fabdca714f7a0,0.9174161896974653,2,0,1.0,False,,,,,,,,
CesiumGS/cesium,d44aaac4fce72d93,0.693069306930693,1,1,1.0,True,0.43067655807339306,0.0,0.43067655807339306,0.0,0.43067655807339306,0.0,0.0,0.0
CesiumGS/cesium,28c127f92b8de251,0.7894736842105263,2,0,1.0,False,,,,,,,,
CesiumGS/cesium,23536c7a97c25791,0.57,1,0,1.0,False,,,,,,,,
CesiumGS/cesium,f0916647bdbf49a8,0.9555555555555556,1,0,1.0,False,,,,,,,,
CesiumGS/cesium,52c14d792e117b64,0.7198697068403909,3,0,1.0,False,,,,,,,,
CesiumGS/cesium,8674ed868f955c8e,0.9690402476780186,2,1,1.0,True,0.5,0.0,0.38685280723454163,0.0,0.43067655807339306,0.0,0.0,0.0
CesiumGS/cesium,5547e6614f6762b5,0.9230769230769231,1,1,1.0,True,0.0,0.0,0.0,0.0,0.0,0.0,0.0,0.0
CesiumGS/cesium,669bd5e7a3591a15,0.9482758620689655,1,0,1.0,False,,,,,,,,
CesiumGS/cesium,43ad4ac9dd51102b,0.7765567765567766,1,0,0.0,False,,,,,,,,
CesiumGS/cesium,eebc83dd8e4275d9,0.6884875846501128,2,2,1.0,True,0.6309297535714575,0.0,0.6309297535714575,0.0,0.43067655807339306,0.0,0.6309297535714575,0.0
CesiumGS/cesium,ae5c3742ec2d5461,0.8987108655616943,2,1,0.0,True,0.40876468265396737,0.0,0.0,0.0,0.0,0.0,0.0,0.0
CesiumGS/cesium,668acf258684a9de,0.8888888888888888,1,0,1.0,False,,,,,,,,
CesiumGS/cesium,4c4b4ae3e4f1d19a,0.8909090909090909,4,2,1.0,True,0.0,0.0,0.0,0.0,0.0,0.0,0.0,0.0
CesiumGS/cesium,9315fde2e076f9eb,0.4457831325301205,0,0,0.0,False,,,,,,,,
CesiumGS/cesium,abe6305b6c8d1e79,0.11347517730496454,1,0,0.0,False,,,,,,,,
CesiumGS/cesium,afd15ebfa58429f0,0.0945945945945946,4,4,0.0,True,0.6309297535714575,0.0,0.6309297535714575,0.0,0.5,0.0,0.5,0.0
CesiumGS/cesium,d2be1fc3fad7f3cb,0.8125,1,0,1.0,False,,,,,,,,
CesiumGS/cesium,060ca713b046332b,0.8703703703703703,1,0,0.0,False,,,,,,,,
CesiumGS/cesium,8f080aefe3203bfc,0.6608187134502924,3,3,1.0,True,0.38685280723454163,0.0,0.38685280723454163,0.0,0.0,0.0,0.0,0.0
CesiumGS/cesium,f4c52b6e7176aafe,0.07936507936507936,1,1,0.0,True,1.0,1.0,1.0,1.0,1.0,1.0,1.0,1.0
CherryHQ/cherry-studio,9601a8f6c734c200,0.0,53,33,0.0,True,0.48274622154310254,0.0,0.3099801367601641,0.0,0.15613005082003523,0.0,0.48274622154310254,0.0
CherryHQ/cherry-studio,46af5a1343cb8833,0.17857142857142858,1,1,0.0,True,1.0,1.0,1.0,1.0,1.0,1.0,1.0,1.0
CherryHQ/cherry-studio,87db21a973eed4fe,0.007633587786259542,32,17,0.0,True,0.6760865941894343,1.0,0.6760865941894343,1.0,0.6760865941894343,1.0,0.6760865941894343,1.0
CherryHQ/cherry-studio,66092f83b2db7aa1,1.0,1,0,1.0,False,,,,,,,,
CherryHQ/cherry-studio,0947e2727d6bad8c,1.0,0,0,1.0,False,,,,,,,,
CherryHQ/cherry-studio,f59a8d50c8dd837c,0.013157894736842105,2,1,0.0,True,0.46533827903669656,0.0,0.5205354372149502,0.0,0.5,0.0,0.5205354372149502,0.0
CherryHQ/cherry-studio,d4c08290def8b2b6,0.9534883720930233,2,0,1.0,False,,,,,,,,
CherryHQ/cherry-studio,622305f818c39f35,0.1724137931034483,5,1,0.0,True,1.0,1.0,1.0,1.0,1.0,1.0,1.0,1.0
CherryHQ/cherry-studio,618cd5b83d62060b,0.3333333333333333,1,0,0.0,False,,,,,,,,
CherryHQ/cherry-studio,fe834803d8e0192a,0.6923076923076923,2,0,1.0,False,,,,,,,,
CherryHQ/cherry-studio,de1a05372575c0ca,0.8444444444444444,2,0,1.0,False,,,,,,,,
CherryHQ/cherry-studio,397f8d868b632cac,0.9285714285714286,1,0,1.0,False,,,,,,,,
CherryHQ/cherry-studio,186d30fad0a6fdb4,0.9615384615384616,5,1,1.0,True,0.5,0.0,1.0,1.0,1.0,1.0,1.0,1.0
CherryHQ/cherry-studio,8a7b43178dd0f7d1,0.782608695652174,1,1,1.0,True,0.40876468265396737,0.0,0.46533827903669656,0.0,0.40876468265396737,0.0,0.5654648767857288,0.0
CherryHQ/cherry-studio,284621e02c5f1058,0.717391304347826,8,7,1.0,True,0.6309297535714575,0.0,0.6309297535714575,0.0,0.6309297535714575,0.0,0.6309297535714575,0.0
CherryHQ/cherry-studio,7f97b92a258e4cf6,0.8465608465608465,3,0,1.0,False,,,,,,,,
CherryHQ/cherry-studio,da257f04078512a4,0.12,1,1,0.0,True,1.0,1.0,1.0,1.0,1.0,1.0,1.0,1.0
Choices-js/Choices,d9ed3534e681797b,0.0,0,0,0.0,False,,,,,,,,
Choices-js/Choices,170562ac3c224039,0.01694915254237288,0,0,0.0,False,,,,,,,,
Choices-js/Choices,2b3df0c949a9af64,0.0,2,0,0.0,False,,,,,,,,
Choices-js/Choices,b96a435d106082a4,0.0,0,0,0.0,False,,,,,,,,
Choices-js/Choices,3c073c0788f3d4b3,0.023809523809523808,0,0,0.0,False,,,,,,,,
Choices-js/Choices,dd8d6fe5ebf456f8,0.0,1,1,0.0,True,0.6309297535714575,0.0,0.6309297535714575,0.0,0.6309297535714575,0.0,0.6309297535714575,0.0
Choices-js/Choices,8621b8181feddee7,0.13043478260869565,0,0,0.0,False,,,,,,,,
Choices-js/Choices,9fec9c348fdaba3d,0.017849553761155972,6,3,0.0,True,0.6309297535714575,0.0,0.6309297535714575,0.0,0.6309297535714575,0.0,0.6309297535714575,0.0
Choices-js/Choices,624dcaf9b67522cf,0.022222222222222223,1,1,0.0,True,0.6309297535714575,0.0,0.6309297535714575,0.0,0.6309297535714575,0.0,0.6309297535714575,0.0
Choices-js/Choices,96e85f8a9658498f,0.0,0,0,0.0,False,,,,,,,,
Choices-js/Choices,979a4a52db5287c8,0.047619047619047616,0,0,0.0,False,,,,,,,,
Choices-js/Choices,2e23e0235120423a,0.03508771929824561,1,1,0.0,True,0.6309297535714575,0.0,1.0,1.0,0.6309297535714575,0.0,0.6309297535714575,0.0
Choices-js/Choices,636d364a64892acb,0.0,0,0,0.0,False,,,,,,,,
Choices-js/Choices,56b06ac8b0462cd3,0.08695652173913043,1,1,0.0,True,1.0,1.0,1.0,1.0,1.0,1.0,1.0,1.0
Choices-js/Choices,bfbd7ced775ac42d,0.058823529411764705,0,0,0.0,False,,,,,,,,
Choices-js/Choices,0e7b8d20f42ca811,0.03409090909090909,0,0,0.0,False,,,,,,,,
Choices-js/Choices,528119d81e5a1073,0.14285714285714285,0,0,0.0,False,,,,,,,,
Choices-js/Choices,bc0be08a0cd7a73f,0.02669902912621359,3,1,0.0,True,1.0,1.0,1.0,1.0,1.0,1.0,1.0,1.0
Choices-js/Choices,b04278ce9293cef5,0.03278688524590164,1,1,0.0,True,0.6309297535714575,0.0,0.6309297535714575,0.0,0.6309297535714575,0.0,0.6309297535714575,0.0
Choices-js/Choices,b2e844953f0752f8,0.07017543859649122,1,1,0.0,True,0.6309297535714575,0.0,0.6309297535714575,0.0,0.6309297535714575,0.0,0.6309297535714575,0.0
Choices-js/Choices,d747150773456988,0.05928853754940711,1,1,0.0,True,1.0,1.0,1.0,1.0,1.0,1.0,1.0,1.0
Choices-js/Choices,16d687d1d42293d9,0.0,1,1,0.0,True,0.6309297535714575,0.0,0.6309297535714575,0.0,0.6309297535714575,0.0,0.6309297535714575,0.0
Choices-js/Choices,35557aee93f59f84,0.06060606060606061,1,0,0.0,False,,,,,,,,
Choices-js/Choices,6884918dc8291219,0.0078125,0,0,0.0,False,,,,,,,,
Choices-js/Choices,744636913ffeee1b,0.0,3,1,0.0,True,0.6309297535714575,0.0,0.6309297535714575,0.0,0.6309297535714575,0.0,0.6309297535714575,0.0
Cog-Creators/Red-DiscordBot,e9c14139daf4f42f,0.005291005291005291,1,0,0.0,False,,,,,,,,
Cog-Creators/Red-DiscordBot,42635903383e7810,0.0,1,1,0.0,True,0.43067655807339306,0.0,0.43067655807339306,0.0,0.43067655807339306,0.0,0.43067655807339306,0.0
Cog-Creators/Red-DiscordBot,6a6af85eb70b58f9,0.051932367149758456,0,0,0.0,False,,,,,,,,
Cog-Creators/Red-DiscordBot,83d5433d650bcca6,0.0019249278152069298,1,0,0.0,False,,,,,,,,
Cog-Creators/Red-DiscordBot,1992f3794ef600df,0.039301310043668124,0,0,0.0,False,,,,,,,,
Cog-Creators/Red-DiscordBot,bd87e54068100b18,0.0,0,0,0.0,False,,,,,,,,
Cog-Creators/Red-DiscordBot,ff9336a30cef2855,0.003444316877152698,0,0,0.0,False,,,,,,,,
Cog-Creators/Red-DiscordBot,ec69e5b31a77a6cd,0.0,0,0,0.0,False,,,,,,,,
Cog-Creators/Red-DiscordBot,4b652aae4e8f6cdc,0.1393939393939394,1,0,0.0,False,,,,,,,,
Cog-Creators/Red-DiscordBot,e52e4ddd58b7ef88,0.0,1,1,0.0,True,0.5654648767857288,0.0,0.6309297535714575,0.0,0.6309297535714575,0.0,0.5654648767857288,0.0
Cog-Creators/Red-DiscordBot,e3222d272a7d5787,0.017793594306049824,0,0,0.0,False,,,,,,,,
Cog-Creators/Red-DiscordBot,771c46ac57290860,0.09611451942740286,0,0,0.0,False,,,,,,,,
Cog-Creators/Red-DiscordBot,3e978ae6f22cb1e1,0.07394366197183098,0,0,0.0,False,,,,,,,,
Cog-Creators/Red-DiscordBot,85933aa74a2d66c3,0.13240418118466898,2,2,0.0,True,0.38685280723454163,0.0,0.38685280723454163,0.0,0.38685280723454163,0.0,0.43067655807339306,0.0
Cog-Creators/Red-DiscordBot,c94dd9447cf834de,0.0,0,0,0.0,False,,,,,,,,
Cog-Creators/Red-DiscordBot,5d87052c769064dc,0.3333333333333333,0,0,0.0,False,,,,,,,,
Cog-Creators/Red-DiscordBot,db8142f6e287b829,0.03304178814382896,2,2,0.0,True,0.5,0.0,0.5,0.0,0.5,0.0,0.43067655807339306,0.0
Cog-Creators/Red-DiscordBot,b1eaf285ff457cba,0.0,0,0,0.0,False,,,,,,,,
Cog-Creators/Red-DiscordBot,4b596822f2aa7959,0.008955223880597015,0,0,0.0,False,,,,,,,,
Cog-Creators/Red-DiscordBot,0f08aaff2f30e8eb,0.03035878564857406,0,0,0.0,False,,,,,,,,
Cog-Creators/Red-DiscordBot,b096295360d8e65a,0.0,1,0,0.0,False,,,,,,,,
Cog-Creators/Red-DiscordBot,e10dd3aca6704a6a,0.023715415019762844,0,0,0.0,False,,,,,,,,
Cog-Creators/Red-DiscordBot,f912434063777a57,0.04422032583397983,0,0,0.0,False,,,,,,,,
Cog-Creators/Red-DiscordBot,8fd2d641da6d7a03,0.0,0,0,0.0,False,,,,,,,,
Cog-Creators/Red-DiscordBot,ce04c1a11ccfeffd,0.0,1,0,0.0,False,,,,,,,,
DefinitelyTyped/DefinitelyTyped,654daf4a5ca5097c,0.05263157894736842,0,0,0.0,False,,,,,,,,
DefinitelyTyped/DefinitelyTyped,ec28cae0eddc0413,0.15,0,0,0.0,False,,,,,,,,
DefinitelyTyped/DefinitelyTyped,8025a8d9e5a4710d,0.21739130434782608,1,0,0.0,False,,,,,,,,
DefinitelyTyped/DefinitelyTyped,5704dcaac7baf492,0.3333333333333333,0,0,0.0,False,,,,,,,,
DefinitelyTyped/DefinitelyTyped,6f7a7ec81760c586,0.15217391304347827,0,0,0.0,False,,,,,,,,
DefinitelyTyped/DefinitelyTyped,f2df6c894951b292,0.25,0,0,0.0,False,,,,,,,,
DefinitelyTyped/DefinitelyTyped,d24fcdc8c0cc5a39,0.125,0,0,0.0,False,,,,,,,,
DefinitelyTyped/DefinitelyTyped,a21810fda86e61bf,0.18181818181818182,0,0,0.0,False,,,,,,,,
DefinitelyTyped/DefinitelyTyped,d896efab4b2d4a0a,0.6666666666666666,1,0,1.0,False,,,,,,,,
DefinitelyTyped/DefinitelyTyped,a7aae919e451973c,0.012048192771084338,0,0,0.0,False,,,,,,,,
DefinitelyTyped/DefinitelyTyped,d25e5c03156939f4,0.5,0,0,1.0,False,,,,,,,,
DefinitelyTyped/DefinitelyTyped,ab1f39ecf76f3eeb,0.6666666666666666,0,0,1.0,False,,,,,,,,
DefinitelyTyped/DefinitelyTyped,4ec099d146dd5c68,0.5,0,0,1.0,False,,,,,,,,
DefinitelyTyped/DefinitelyTyped,74fa96214cbe85f4,0.04905660377358491,0,0,0.0,False,,,,,,,,
DefinitelyTyped/DefinitelyTyped,22f806bedf75867b,0.16666666666666666,0,0,0.0,False,,,,,,,,
DefinitelyTyped/DefinitelyTyped,d29532b21cb9ad17,0.06862745098039216,0,0,0.0,False,,,,,,,,
DefinitelyTyped/DefinitelyTyped,142f2c7641bf348d,0.8125,1,0,1.0,False,,,,,,,,
DefinitelyTyped/DefinitelyTyped,fdb524e2f4783cf5,0.05263157894736842,0,0,0.0,False,,,,,,,,
DefinitelyTyped/DefinitelyTyped,fd3dc123181f1b67,0.2777777777777778,1,0,0.0,False,,,,,,,,
DefinitelyTyped/DefinitelyTyped,79c47e9587f69c84,0.8170731707317073,0,0,1.0,False,,,,,,,,
DefinitelyTyped/DefinitelyTyped,7d2c396f128448ab,0.046875,0,0,0.0,False,,,,,,,,
DefinitelyTyped/DefinitelyTyped,cb8ac2ebc8d0d284,0.2,0,0,0.0,False,,,,,,,,
DefinitelyTyped/DefinitelyTyped,f8a6bc2411daf79f,0.32894736842105265,0,0,0.0,False,,,,,,,,
DefinitelyTyped/DefinitelyTyped,eae8ca0b20ee4030,0.20408163265306123,0,0,0.0,False,,,,,,,,
DefinitelyTyped/DefinitelyTyped,b0fd61b050a89d72,0.11055276381909548,0,0,0.0,False,,,,,,,,
EFForg/rayhunter,6239915357f99c5d,0.11764705882352941,0,0,0.0,False,,,,,,,,
EFForg/rayhunter,1e194ed25a7289cf,0.2743362831858407,14,4,0.0,True,0.5,0.0,0.5,0.0,0.5,0.0,0.6309297535714575,0.0
EFForg/rayhunter,3894b6cfd95b8170,0.12054794520547946,9,8,0.0,True,0.9828422279067397,1.0,1.0,1.0,1.0,1.0,1.0,1.0
EFForg/rayhunter,e58dc9b1d824ea03,0.3333333333333333,0,0,1.0,False,,,,,,,,
EFForg/rayhunter,da4ee170bb582567,0.09090909090909091,2,2,1.0,True,0.8154648767857288,0.5,0.6309297535714575,0.0,0.6309297535714575,0.0,0.6309297535714575,0.0
EFForg/rayhunter,d1c2185f122d71ad,0.6819047619047619,5,5,1.0,True,0.6309297535714575,0.0,1.0,1.0,1.0,1.0,1.0,1.0
EFForg/rayhunter,d85c143f520da0b7,0.14285714285714285,11,11,0.0,True,0.7875074840773653,0.0,0.7875074840773653,0.0,0.7875074840773653,0.0,0.883741767514898,0.0
EFForg/rayhunter,abdde50129192bbc,0.0,15,15,0.0,True,0.9152784110635337,1.0,0.9152784110635337,1.0,0.9228842457397392,1.0,0.9152784110635337,1.0
EFForg/rayhunter,93e247b01232cfd2,0.16666666666666666,0,0,0.0,False,,,,,,,,
EFForg/rayhunter,8f99d8793a7cf91a,0.0,0,0,0.0,False,,,,,,,,
EFForg/rayhunter,228bd8715023db25,0.09523809523809523,0,0,0.0,False,,,,,,,,
EFForg/rayhunter,05628a575a926e3a,0.35542168674698793,2,2,0.0,True,0.5,0.0,0.43067655807339306,0.0,0.43067655807339306,0.0,0.5654648767857288,0.0
EFForg/rayhunter,61798fba9ba44992,0.13761467889908258,0,0,0.0,False,,,,,,,,
EFForg/rayhunter,4eee91df01b26310,0.050505050505050504,1,1,0.0,True,1.0,1.0,1.0,1.0,1.0,1.0,1.0,1.0
EFForg/rayhunter,06bed7db2b61ad28,0.16556291390728478,5,1,0.0,True,1.0,1.0,1.0,1.0,1.0,1.0,1.0,1.0
EFForg/rayhunter,f8cd0fc9fbbb8070,0.13793103448275862,10,3,0.0,True,0.6309297535714575,0.0,0.6309297535714575,0.0,0.6309297535714575,0.0,0.6309297535714575,0.0
EFForg/rayhunter,91f57e021e76cc37,0.275,3,2,0.0,True,1.0,1.0,1.0,1.0,1.0,1.0,1.0,1.0
EFForg/rayhunter,622fd265ab6fbc5a,0.25,5,5,0.0,True,0.9717271130121371,1.0,0.9717271130121371,1.0,0.9717271130121371,1.0,1.0,1.0
EFForg/rayhunter,7a43029538a60c97,0.0,4,3,0.0,True,1.0,1.0,1.0,1.0,1.0,1.0,1.0,1.0
EFForg/rayhunter,5a4c030749608304,0.013282732447817837,20,19,0.0,True,0.8749157517035726,0.0,0.8749157517035726,0.0,0.8749157517035726,0.0,0.8749157517035726,0.0
EFForg/rayhunter,d3a256e7abf16a03,0.2,3,2,1.0,True,0.8154648767857288,0.5,0.8154648767857288,0.5,0.6309297535714575,0.0,0.6309297535714575,0.0
EsotericSoftware/spine-runtimes,b28c7b3ff2c08307,0.0,0,0,0.0,False,,,,,,,,
EsotericSoftware/spine-runtimes,2b9e006a79513f0d,0.1111111111111111,0,0,0.0,False,,,,,,,,
EsotericSoftware/spine-runtimes,60b67e5cf5b06871,0.05660377358490566,6,4,0.0,True,1.0,1.0,1.0,1.0,1.0,1.0,1.0,1.0
EsotericSoftware/spine-runtimes,16a6d33cbcd382f4,0.07627118644067797,2,2,0.0,True,1.0,1.0,1.0,1.0,1.0,1.0,1.0,1.0
EsotericSoftware/spine-runtimes,15245fee8541de33,0.07792207792207792,0,0,0.0,False,,,,,,,,
EsotericSoftware/spine-runtimes,53932a41690a5680,0.0,4,4,0.0,True,0.7542018831477091,0.0,0.7542018831477091,0.0,0.7542018831477091,0.0,0.7542018831477091,0.0
EsotericSoftware/spine-runtimes,e87a588016fcd043,0.0,0,0,0.0,False,,,,,,,,
EsotericSoftware/spine-runtimes,2c8f0fe6ecdf459e,0.06304985337243402,3,3,0.0,True,1.0,1.0,1.0,1.0,1.0,1.0,1.0,1.0
EsotericSoftware/spine-runtimes,59e519111a953ed6,0.525,1,1,0.0,True,1.0,1.0,1.0,1.0,1.0,1.0,1.0,1.0
EsotericSoftware/spine-runtimes,6cf74b8ef07ca634,0.006910167818361303,4,4,0.0,True,0.6309297535714575,0.0,1.0,1.0,1.0,1.0,0.6309297535714575,0.0
EsotericSoftware/spine-runtimes,1306eb0ac7883dbd,0.06818181818181818,1,1,0.0,True,1.0,1.0,1.0,1.0,1.0,1.0,1.0,1.0
EsotericSoftware/spine-runtimes,fa4b5705627e744b,0.0,5,5,0.0,True,0.6309297535714575,0.0,0.6309297535714575,0.0,0.6309297535714575,0.0,0.6309297535714575,0.0
EsotericSoftware/spine-runtimes,71080b4c1c0938e3,0.09597523219814241,2,2,0.0,True,0.6309297535714575,0.0,0.6309297535714575,0.0,0.6309297535714575,0.0,0.6309297535714575,0.0
EsotericSoftware/spine-runtimes,76627bd29dc2f5ff,0.05221518987341772,3,3,0.0,True,0.6309297535714575,0.0,0.6309297535714575,0.0,0.6309297535714575,0.0,0.6309297535714575,0.0
EsotericSoftware/spine-runtimes,1d3616260e05eb60,0.050359712230215826,2,2,0.0,True,1.0,1.0,1.0,1.0,1.0,1.0,1.0,1.0
EsotericSoftware/spine-runtimes,cb547fa8d047b249,0.12,1,1,0.0,True,1.0,1.0,1.0,1.0,1.0,1.0,1.0,1.0
EsotericSoftware/spine-runtimes,d6cc128c3bb57900,0.0,2,2,0.0,True,1.0,1.0,1.0,1.0,1.0,1.0,1.0,1.0
EsotericSoftware/spine-runtimes,27fb444481957e87,0.0,0,0,0.0,False,,,,,,,,
EsotericSoftware/spine-runtimes,75849b52033fac9c,0.0,3,3,0.0,True,0.6309297535714575,0.0,0.6309297535714575,0.0,0.6309297535714575,0.0,0.6309297535714575,0.0
EsotericSoftware/spine-runtimes,d5b0671b0d108b6c,0.0137221269296741,8,8,0.0,True,0.6309297535714575,0.0,0.6309297535714575,0.0,0.6309297535714575,0.0,0.6309297535714575,0.0
EsotericSoftware/spine-runtimes,1a558c1f03d29aa6,0.30357142857142855,3,0,0.0,False,,,,,,,,
EsotericSoftware/spine-runtimes,9436385e04f5ebc3,0.006716417910447761,21,21,0.0,True,0.66886866975526,0.0,0.9797333651293612,1.0,0.9797333651293612,1.0,0.66886866975526,0.0
EsotericSoftware/spine-runtimes,c823251a0baf9a09,0.0,3,3,0.0,True,0.6309297535714575,0.0,0.6309297535714575,0.0,0.6309297535714575,0.0,0.6309297535714575,0.0
EsotericSoftware/spine-runtimes,f3c08e5d902e63c9,0.056768558951965066,1,1,0.0,True,1.0,1.0,1.0,1.0,1.0,1.0,1.0,1.0
EsotericSoftware/spine-runtimes,02d1346edcb56f2c,0.01804123711340206,2,2,0.0,True,0.6309297535714575,0.0,1.0,1.0,1.0,1.0,0.6309297535714575,0.0
Eventual-Inc/Daft,ea82c4ce4a1fec6a,0.2,4,4,0.0,True,0.531730627995306,0.0,0.531730627995306,0.0,0.49102234561022995,0.0,0.6590018048024133,0.0
Eventual-Inc/Daft,b7f077bd4caabcc6,0.023255813953488372,3,0,0.0,False,,,,,,,,
Eventual-Inc/Daft,f88c8c183f0ab94a,0.026710574460300035,15,2,0.0,True,0.0,0.0,0.0,0.0,0.38685280723454163,0.0,0.0,0.0
Eventual-Inc/Daft,d4b2afc4069c6d59,0.06666666666666667,1,0,0.0,False,,,,,,,,
Eventual-Inc/Daft,2902893a81e2d36a,0.023255813953488372,0,0,0.0,False,,,,,,,,
Eventual-Inc/Daft,58c9d9a134324530,0.0967741935483871,8,4,0.0,True,1.0,1.0,1.0,1.0,1.0,1.0,1.0,1.0
Eventual-Inc/Daft,b915d8237bae6b89,0.026578073089700997,10,7,0.0,True,0.5,0.0,0.5,0.0,0.5,0.0,0.5,0.0
Eventual-Inc/Daft,44ac9a25aec2a90e,0.13636363636363635,6,3,0.0,True,1.0,1.0,1.0,1.0,1.0,1.0,1.0,1.0
Eventual-Inc/Daft,956238c0debae224,0.1399014778325123,26,12,1.0,True,1.0,1.0,1.0,1.0,1.0,1.0,0.6309297535714575,0.0
Eventual-Inc/Daft,a9aabf6f5219378d,0.11428571428571428,1,0,1.0,False,,,,,,,,
Eventual-Inc/Daft,63d1a5d4fe76404c,0.16666666666666666,0,0,0.0,False,,,,,,,,
Eventual-Inc/Daft,bcbca7c0cd316aed,0.1875,2,2,0.0,True,0.43067655807339306,0.0,0.43067655807339306,0.0,0.43067655807339306,0.0,0.5,0.0
Eventual-Inc/Daft,2330210aef0d266c,0.0196078431372549,1,0,0.0,False,,,,,,,,
Eventual-Inc/Daft,a5054ff8329c909e,0.3333333333333333,0,0,0.0,False,,,,,,,,
Eventual-Inc/Daft,e492085204e9b15e,0.42857142857142855,0,0,0.0,False,,,,,,,,
Eventual-Inc/Daft,4c23a95cd8dbb409,0.06521739130434782,2,0,0.0,False,,,,,,,,
Eventual-Inc/Daft,1e2981f3b71ba2d4,0.0,10,8,0.0,True,1.0,1.0,1.0,1.0,0.5,0.0,1.0,1.0
Eventual-Inc/Daft,7da7c915e7daf34f,0.022727272727272728,6,0,0.0,False,,,,,,,,
Eventual-Inc/Daft,51bb201e040b1647,0.0030959752321981426,32,22,0.0,True,0.910517611030955,0.0,0.910517611030955,0.0,0.910517611030955,0.0,0.910517611030955,0.0
Eventual-Inc/Daft,487924f6573a12b4,0.04054054054054054,5,3,0.0,True,0.6309297535714575,0.0,0.6309297535714575,0.0,0.6309297535714575,0.0,0.6309297535714575,0.0
Eventual-Inc/Daft,145fc1602ee41230,0.058823529411764705,4,2,0.0,True,0.9197207891481876,1.0,0.9197207891481876,1.0,0.9197207891481876,1.0,0.9197207891481876,1.0
Eventual-Inc/Daft,efb6a232f9cecf0d,0.03529411764705882,14,12,0.0,True,0.38979724734835164,0.0,0.38979724734835164,0.0,0.4349247695282051,0.0,0.38979724734835164,0.0
Eventual-Inc/Daft,11a9a9f3209865f9,0.022222222222222223,0,0,0.0,False,,,,,,,,
Eventual-Inc/Daft,cf22b3dd0a25c612,0.043478260869565216,4,0,0.0,False,,,,,,,,
Eventual-Inc/Daft,fbec1600576758e2,0.0,3,1,0.0,True,0.4391764551026449,0.0,0.46533827903669656,0.0,0.4391764551026449,0.0,0.4391764551026449,0.0
FEX-Emu/FEX,fbce60fd56a0db41,0.5483870967741935,0,0,1.0,False,,,,,,,,
FEX-Emu/FEX,3f53db6d9c36095b,0.0967741935483871,2,0,0.0,False,,,,,,,,
FEX-Emu/FEX,eb5ffc0fe220986d,0.6551724137931034,0,0,1.0,False,,,,,,,,
FEX-Emu/FEX,8b8f366be41fbdb1,0.07172131147540983,16,11,0.0,True,0.6532935646183151,0.0,0.6411523355580278,0.0,0.5909968763349157,0.0,0.6840229974904415,0.0
FEX-Emu/FEX,ae3722ab58e5cec4,0.35,1,0,0.0,False,,,,,,,,
FEX-Emu/FEX,4d11a0ab158192b2,0.08,0,0,0.0,False,,,,,,,,
FEX-Emu/FEX,f15391421618a5b8,0.5526838966202783,9,4,1.0,True,0.6309297535714575,0.0,1.0,1.0,1.0,1.0,1.0,1.0
FEX-Emu/FEX,710638e1a4668870,0.4751984126984127,3,2,1.0,True,0.6309297535714575,0.0,1.0,1.0,1.0,1.0,1.0,1.0
FEX-Emu/FEX,525f26784490b782,0.046511627906976744,0,0,0.0,False,,,,,,,,
FEX-Emu/FEX,c3ff6b04876e79bc,0.030151892994785764,0,0,0.0,False,,,,,,,,
FEX-Emu/FEX,8723881e1f3cd133,0.014925373134328358,38,36,0.0,True,0.9629897119586461,1.0,0.9629897119586461,1.0,0.5900250474893016,0.0,0.9629897119586461,1.0
FEX-Emu/FEX,38586fed928a515f,0.024291497975708502,11,9,0.0,True,0.9238850086262383,1.0,0.9238850086262383,1.0,0.9238850086262383,1.0,0.9502344167898357,1.0
FEX-Emu/FEX,012b1f0695cd675a,0.8105515587529976,4,1,1.0,True,0.6309297535714575,0.0,1.0,1.0,1.0,1.0,1.0,1.0
FEX-Emu/FEX,92ec2a2356c8981e,0.5248713550600344,11,8,1.0,True,0.6509209298071326,0.0,0.8772153153380493,1.0,0.8637801104364019,1.0,0.8984680522431183,1.0
FEX-Emu/FEX,f54dfd71c0c0fae4,0.1256544502617801,0,0,0.0,False,,,,,,,,
FEX-Emu/FEX,873ad476d8992e53,0.043209876543209874,3,2,0.0,True,1.0,1.0,1.0,1.0,1.0,1.0,1.0,1.0
FEX-Emu/FEX,c23c5e45fcd19898,0.4716981132075472,0,0,0.0,False,,,,,,,,
FEX-Emu/FEX,51617cb8e25f245e,0.04,0,0,0.0,False,,,,,,,,
FEX-Emu/FEX,949acb0f4a591558,0.22727272727272727,0,0,0.0,False,,,,,,,,
FEX-Emu/FEX,e79b12ade2cce642,0.3235294117647059,0,0,0.0,False,,,,,,,,
FEX-Emu/FEX,51f421236d48ecb4,0.3448275862068966,0,0,0.0,False,,,,,,,,
FEX-Emu/FEX,fd11db1525b4ca4b,0.07621951219512195,17,14,0.0,True,0.6456322073667936,0.0,0.7432172562785164,0.0,0.840845640226145,1.0,0.7432172562785164,0.0
FEX-Emu/FEX,0beb8e61203fac97,0.711864406779661,0,0,1.0,False,,,,,,,,
FEX-Emu/FEX,153334229f17eee3,0.007751937984496124,6,5,0.0,True,0.6309297535714575,0.0,0.6309297535714575,0.0,0.5,0.0,0.6309297535714575,0.0
FEX-Emu/FEX,ec03eb36af6d6b1d,0.5121951219512195,2,1,1.0,True,0.5,0.0,0.5654648767857288,0.0,0.5654648767857288,0.0,0.6309297535714575,0.0
Flagsmith/flagsmith,3a62c6df332584ff,0.012658227848101266,0,0,0.0,False,,,,,,,,
Flagsmith/flagsmith,c911f59cd1a3ea2a,0.0,2,2,0.0,True,1.0,1.0,1.0,1.0,1.0,1.0,1.0,1.0
Flagsmith/flagsmith,94418155ee054fbd,0.11904761904761904,1,1,0.0,True,0.6309297535714575,0.0,0.6309297535714575,0.0,0.6309297535714575,0.0,0.19342640361727081,0.0
Flagsmith/flagsmith,7efff14fade62c8c,0.015625,1,1,0.0,True,0.46533827903669656,0.0,0.46533827903669656,0.0,0.6309297535714575,0.0,0.5205354372149502,0.0
Flagsmith/flagsmith,3e252bc91fe6c245,0.03067484662576687,1,0,0.0,False,,,,,,,,
Flagsmith/flagsmith,10f45543f3885004,0.046296296296296294,2,2,0.0,True,0.9197207891481876,1.0,0.9197207891481876,1.0,0.9197207891481876,1.0,0.9197207891481876,1.0
Flagsmith/flagsmith,c703d8e3d0b8164c,0.25,0,0,0.0,False,,,,,,,,
Flagsmith/flagsmith,8bd9eb8b88bf3d08,0.02054794520547945,3,2,0.0,True,1.0,1.0,1.0,1.0,1.0,1.0,1.0,1.0
Flagsmith/flagsmith,f5d21a8d28c35007,0.028112449799196786,3,2,0.0,True,0.43067655807339306,0.0,0.43067655807339306,0.0,0.43067655807339306,0.0,0.43067655807339306,0.0
Flagsmith/flagsmith,fa951abe06cfed90,0.03125,0,0,0.0,False,,,,,,,,
Flagsmith/flagsmith,e5510795b8225324,0.03125,0,0,0.0,False,,,,,,,,
Flagsmith/flagsmith,13aa394027d9a1cc,0.030038759689922482,7,7,0.0,True,0.3718176501472149,0.0,0.3718176501472149,0.0,0.3718176501472149,0.0,0.3718176501472149,0.0
Flagsmith/flagsmith,6be8d714e792cb95,0.07692307692307693,0,0,0.0,False,,,,,,,,
Flagsmith/flagsmith,5d6bbff307c4ec5e,0.041666666666666664,0,0,0.0,False,,,,,,,,
Flagsmith/flagsmith,ddf59f8841aa411b,0.0,0,0,0.0,False,,,,,,,,
Flagsmith/flagsmith,8b7efc4588f1b4dc,0.030303030303030304,0,0,0.0,False,,,,,,,,
Flagsmith/flagsmith,ddb587cfc486b66e,0.058823529411764705,0,0,0.0,False,,,,,,,,
Flagsmith/flagsmith,bb6fbcfa2961d48f,0.0392156862745098,1,1,0.0,True,0.5,0.0,0.5,0.0,0.5,0.0,0.1289509357448472,0.0
Flagsmith/flagsmith,daf9402bf8fe5931,0.1724137931034483,0,0,0.0,False,,,,,,,,
Flagsmith/flagsmith,94aa6e3cf2f9f91a,0.016835016835016835,31,10,0.0,True,0.9746569695156997,1.0,0.9344892165434506,1.0,0.9344892165434506,1.0,0.9746569695156997,1.0
Flagsmith/flagsmith,8f2bc7e8fd1381d2,0.05855855855855856,0,0,0.0,False,,,,,,,,
Flagsmith/flagsmith,b808e72285deff77,0.08928571428571429,1,0,0.0,False,,,,,,,,
Flagsmith/flagsmith,ab6bc4bed437432c,0.043209876543209874,4,4,0.0,True,1.0,1.0,1.0,1.0,1.0,1.0,1.0,1.0
Flagsmith/flagsmith,65de5fd2662f5f39,0.03571428571428571,0,0,0.0,False,,,,,,,,
Flagsmith/flagsmith,b2661b466c54ad8f,0.04395604395604396,0,0,0.0,False,,,,,,,,
Giskard-AI/giskard-oss,4cd48bfe96569a07,0.017241379310344827,1,0,0.0,False,,,,,,,,
Giskard-AI/giskard-oss,75bd8ce8eee6daf0,0.05737704918032787,1,0,0.0,False,,,,,,,,
Giskard-AI/giskard-oss,6314708442fdc4ff,0.008064516129032258,1,0,0.0,False,,,,,,,,
Giskard-AI/giskard-oss,6ed44a0ba179b062,0.0,1,1,0.0,True,0.6309297535714575,0.0,0.6309297535714575,0.0,0.6309297535714575,0.0,0.6309297535714575,0.0
Giskard-AI/giskard-oss,94cbc128421075a4,0.020833333333333332,1,1,0.0,True,0.6309297535714575,0.0,0.6309297535714575,0.0,0.6309297535714575,0.0,0.6309297535714575,0.0
Giskard-AI/giskard-oss,4af16586d08692b9,0.005988023952095809,1,0,0.0,False,,,,,,,,
Giskard-AI/giskard-oss,bc0e8c93f6d889b1,0.003293084522502744,1,1,0.0,True,0.0,0.0,0.38685280723454163,0.0,0.38685280723454163,0.0,0.0,0.0
Giskard-AI/giskard-oss,1df45222b39a6a73,0.017094017094017096,1,0,0.0,False,,,,,,,,
Giskard-AI/giskard-oss,8d2715c6ab0ff8f8,0.07692307692307693,1,0,0.0,False,,,,,,,,
Giskard-AI/giskard-oss,2411235074ce3bab,0.034722222222222224,1,0,0.0,False,,,,,,,,
Giskard-AI/giskard-oss,973b3798dd9017e9,0.011194029850746268,1,1,0.0,True,0.0,0.0,0.0,0.0,0.0,0.0,0.0,0.0
Giskard-AI/giskard-oss,fd7b341a83785529,0.027777777777777776,1,1,0.0,True,0.5,0.0,0.5,0.0,0.5,0.0,0.5,0.0
Giskard-AI/giskard-oss,1ec47dc555e399ad,0.058823529411764705,1,1,0.0,True,0.0,0.0,0.0,0.0,0.0,0.0,0.38685280723454163,0.0
Giskard-AI/giskard-oss,956c1e5bd8841f0f,0.0,1,0,0.0,False,,,,,,,,
Giskard-AI/giskard-oss,4e9e778fea14b17f,0.04075235109717868,1,1,0.0,True,0.43067655807339306,0.0,0.43067655807339306,0.0,0.43067655807339306,0.0,0.43067655807339306,0.0
Giskard-AI/giskard-oss,c19ba3fb38f6ec7f,0.009029345372460496,1,1,0.0,True,0.0,0.0,0.0,0.0,0.38685280723454163,0.0,0.38685280723454163,0.0
Giskard-AI/giskard-oss,db20ddfa8e6f1be7,0.006944444444444444,1,0,0.0,False,,,,,,,,
Giskard-AI/giskard-oss,c8daf149715b28f5,0.0,1,0,0.0,False,,,,,,,,
Giskard-AI/giskard-oss,5c3832b31ed620d3,0.15104166666666666,1,0,1.0,False,,,,,,,,
Giskard-AI/giskard-oss,fbcad1954c125c66,0.017241379310344827,1,0,0.0,False,,,,,,,,
Giskard-AI/giskard-oss,06e9639bceca9d33,0.0948905109489051,1,1,1.0,True,0.0,0.0,0.0,0.0,0.0,0.0,0.0,0.0
Giskard-AI/giskard-oss,938ff774e0d6b756,0.0625,1,0,0.0,False,,,,,,,,
Giskard-AI/giskard-oss,972a7a87be054c7d,0.01593625498007968,1,0,0.0,False,,,,,,,,
Giskard-AI/giskard-oss,4d5086d11779d2c7,0.03773584905660377,1,0,0.0,False,,,,,,,,
Giskard-AI/giskard-oss,cf8e49cdba48f3cd,0.010638297872340425,1,0,0.0,False,,,,,,,,
GoogleCloudPlatform/generative-ai,66d6485a95851ae2,0.34394904458598724,1,0,0.0,False,,,,,,,,
GoogleCloudPlatform/generative-ai,f8f9fcc023cc0a48,0.1016949152542373,0,0,0.0,False,,,,,,,,
GoogleCloudPlatform/generative-ai,f7ee94e9fd1de33d,0.023255813953488372,1,1,0.0,True,0.6309297535714575,0.0,0.6309297535714575,0.0,0.6309297535714575,0.0,0.6309297535714575,0.0
GoogleCloudPlatform/generative-ai,2fd3619d2b737212,1.0,0,0,0.0,False,,,,,,,,
GoogleCloudPlatform/generative-ai,789ffce310fb227e,0.0036363636363636364,2,1,0.0,True,0.6309297535714575,0.0,0.6309297535714575,0.0,0.6309297535714575,0.0,0.6309297535714575,0.0
GoogleCloudPlatform/generative-ai,175c0db472664205,0.03508771929824561,1,1,0.0,True,0.6309297535714575,0.0,0.6309297535714575,0.0,0.6309297535714575,0.0,0.6309297535714575,0.0
GoogleCloudPlatform/generative-ai,f88197fa20ddc2e6,0.027906976744186046,3,2,0.0,True,0.6309297535714575,0.0,0.6309297535714575,0.0,0.6309297535714575,0.0,0.6309297535714575,0.0
GoogleCloudPlatform/generative-ai,d99b71de134ba9b5,0.9835796387520526,1,1,1.0,True,0.6309297535714575,0.0,1.0,1.0,1.0,1.0,0.6309297535714575,0.0
GoogleCloudPlatform/generative-ai,7a67f925c5e989e3,0.025052192066805846,2,2,0.0,True,1.0,1.0,1.0,1.0,1.0,1.0,1.0,1.0
GoogleCloudPlatform/generative-ai,452aa9aee6d65597,0.0,1,1,0.0,True,0.6309297535714575,0.0,0.6309297535714575,0.0,0.6309297535714575,0.0,0.6309297535714575,0.0
GoogleCloudPlatform/generative-ai,a5de3e5871ffcc38,0.0,0,0,0.0,False,,,,,,,,
GoogleCloudPlatform/generative-ai,1cab53446b27fbe8,0.03918918918918919,1,1,0.0,True,0.6309297535714575,0.0,0.6309297535714575,0.0,0.6309297535714575,0.0,0.6309297535714575,0.0
GoogleCloudPlatform/generative-ai,3892c888417e70d0,0.5294117647058824,0,0,1.0,False,,,,,,,,
GoogleCloudPlatform/generative-ai,4a1b6783c0f920da,0.01680672268907563,1,1,0.0,True,0.6309297535714575,0.0,0.6309297535714575,0.0,0.6309297535714575,0.0,0.6309297535714575,0.0
GoogleCloudPlatform/generative-ai,43eebf69297805dd,0.5866523143164694,9,9,1.0,True,1.0,1.0,1.0,1.0,1.0,1.0,0.6309297535714575,0.0
GoogleCloudPlatform/generative-ai,ff35278738f143bc,0.02106149957877001,7,5,0.0,True,1.0,1.0,1.0,1.0,0.6309297535714575,0.0,1.0,1.0
GoogleCloudPlatform/generative-ai,35293591f1bd3315,0.13636363636363635,1,1,0.0,True,0.6309297535714575,0.0,0.6309297535714575,0.0,0.6309297535714575,0.0,0.6309297535714575,0.0
GoogleCloudPlatform/generative-ai,8a1417683de5f338,0.007194244604316547,1,0,0.0,False,,,,,,,,
GoogleCloudPlatform/generative-ai,de4ba2d49ff4badd,0.045871559633027525,1,1,0.0,True,0.5,0.0,0.5,0.0,0.5,0.0,0.43067655807339306,0.0
GoogleCloudPlatform/generative-ai,919442c27bcecf95,0.1623931623931624,4,1,0.0,True,1.0,1.0,1.0,1.0,1.0,1.0,1.0,1.0
GoogleCloudPlatform/generative-ai,72599c9dc26becfd,0.9908592321755028,1,1,1.0,True,1.0,1.0,0.6309297535714575,0.0,0.6309297535714575,0.0,0.6309297535714575,0.0
GoogleCloudPlatform/generative-ai,4fbfcae6954900f7,0.1792452830188679,0,0,0.0,False,,,,,,,,
GoogleCloudPlatform/generative-ai,a575bd1ccd029bdd,0.8027397260273973,8,8,1.0,True,1.0,1.0,0.7098097413968655,0.0,0.7098097413968655,0.0,0.7098097413968655,0.0
GoogleCloudPlatform/generative-ai,3506094c22b700ea,0.9756554307116105,2,2,1.0,True,0.6309297535714575,0.0,0.6309297535714575,0.0,0.6309297535714575,0.0,0.6309297535714575,0.0
GoogleCloudPlatform/generative-ai,addfc15e552808e8,0.34375,1,1,0.0,True,0.6309297535714575,0.0,0.6309297535714575,0.0,0.6309297535714575,0.0,0.6309297535714575,0.0
GothenburgBitFactory/taskwarrior,f0e2c7090faf0bf4,0.08791208791208792,1,0,0.0,False,,,,,,,,
GothenburgBitFactory/taskwarrior,f109000e7d5cd9f4,0.14634146341463414,0,0,0.0,False,,,,,,,,
GothenburgBitFactory/taskwarrior,d56b76e8a1af35b6,0.08695652173913043,0,0,0.0,False,,,,,,,,
GothenburgBitFactory/taskwarrior,2145599907764016,0.0,0,0,0.0,False,,,,,,,,
GothenburgBitFactory/taskwarrior,89182bf9db721c01,0.10256410256410256,0,0,0.0,False,,,,,,,,
GothenburgBitFactory/taskwarrior,c7eedca430d1f788,0.2505643340857788,0,0,0.0,False,,,,,,,,
GothenburgBitFactory/taskwarrior,b7ab883311d60841,0.008032128514056224,0,0,0.0,False,,,,,,,,
GothenburgBitFactory/taskwarrior,7a23fc60dc9681f1,0.37681159420289856,0,0,1.0,False,,,,,,,,
GothenburgBitFactory/taskwarrior,fac8ecc4bba9989a,0.4790697674418605,1,0,1.0,False,,,,,,,,
GothenburgBitFactory/taskwarrior,14edd81f1bd5bdf2,0.0,0,0,0.0,False,,,,,,,,
GothenburgBitFactory/taskwarrior,561e887cb052de3a,0.2127659574468085,0,0,0.0,False,,,,,,,,
GothenburgBitFactory/taskwarrior,b5c1f759c12dc835,0.019230769230769232,1,0,0.0,False,,,,,,,,
GothenburgBitFactory/taskwarrior,cdcb4035f51bb367,0.16129032258064516,0,0,0.0,False,,,,,,,,
GothenburgBitFactory/taskwarrior,b8e4cb44c8d9ebdb,0.08333333333333333,0,0,0.0,False,,,,,,,,
GothenburgBitFactory/taskwarrior,bbe0434f0b1e300b,0.2894736842105263,0,0,0.0,False,,,,,,,,
GothenburgBitFactory/taskwarrior,1f253c0508162d85,0.03389830508474576,0,0,0.0,False,,,,,,,,
GothenburgBitFactory/taskwarrior,ab7d24e77a103a4f,0.5382262996941896,1,0,1.0,False,,,,,,,,
GothenburgBitFactory/taskwarrior,e2268cac2f2e4b20,0.33548387096774196,0,0,1.0,False,,,,,,,,
GothenburgBitFactory/taskwarrior,3b4f06b207747278,0.3686708860759494,0,0,0.0,False,,,,,,,,
GothenburgBitFactory/taskwarrior,4bffb4805b19f883,0.10869565217391304,0,0,0.0,False,,,,,,,,
GothenburgBitFactory/taskwarrior,ca582a9cd098237b,0.03571428571428571,0,0,0.0,False,,,,,,,,
GothenburgBitFactory/taskwarrior,285a58f141adf7f9,0.32432432432432434,0,0,0.0,False,,,,,,,,
GothenburgBitFactory/taskwarrior,1fb9da4c562dcfd2,0.4495798319327731,1,0,0.0,False,,,,,,,,
GothenburgBitFactory/taskwarrior,256783c64f07a52f,0.0,0,0,0.0,False,,,,,,,,
GothenburgBitFactory/taskwarrior,1fa114fd37754ac3,0.0,2,0,0.0,False,,,,,,,,
JuliaLang/julia,7b1f31c37e72373f,0.0006784260515603799,13,9,0.0,True,0.7832793076819933,1.0,0.7832793076819933,1.0,0.7832793076819933,1.0,0.7832793076819933,1.0
JuliaLang/julia,58bceebf48ca82dd,0.003278688524590164,2,0,0.0,False,,,,,,,,
JuliaLang/julia,9dbae2301ca8a2ca,1.0,0,0,1.0,False,,,,,,,,
JuliaLang/julia,60c2e3fc03a73566,0.0010695187165775401,3,2,0.0,True,0.0,0.0,0.0,0.0,0.0,0.0,0.0,0.0
JuliaLang/julia,0360835ee328be12,0.03225806451612903,0,0,0.0,False,,,,,,,,
JuliaLang/julia,8bda77d98d22d54b,0.0017793594306049821,10,8,0.0,True,0.11308223319704008,0.0,0.11308223319704008,0.0,0.11308223319704008,0.0,0.11308223319704008,0.0
JuliaLang/julia,bb1b5d8838f907ba,0.03735632183908046,0,0,0.0,False,,,,,,,,
JuliaLang/julia,6d35e03c69202f7b,0.002338269680436477,25,22,0.0,True,0.7989206055717729,1.0,0.76567284252222,1.0,0.7989206055717729,1.0,0.7989206055717729,1.0
JuliaLang/julia,475e1996ebb0ca23,0.0,0,0,0.0,False,,,,,,,,
JuliaLang/julia,9a3b3bbb6c6d2b2b,0.0068143100511073255,3,1,0.0,True,0.0,0.0,0.0,0.0,0.0,0.0,0.0,0.0
JuliaLang/julia,06dac30f89662fa4,0.016129032258064516,1,0,0.0,False,,,,,,,,
JuliaLang/julia,f84044f3a8a57ae2,0.0022371364653243847,0,0,0.0,False,,,,,,,,
JuliaLang/julia,1557af328315fb77,0.0018975332068311196,8,8,0.0,True,0.625704968030342,1.0,0.625704968030342,1.0,0.625704968030342,1.0,0.625704968030342,1.0
JuliaLang/julia,b335630551682c19,0.011976047904191617,12,6,0.0,True,0.6131471927654584,1.0,0.6131471927654584,1.0,0.6131471927654584,1.0,0.6131471927654584,1.0
JuliaLang/julia,cf6e417d01a6e25b,0.0,28,23,0.0,True,0.4495099290415479,0.0,0.4495099290415479,0.0,0.4024225658779353,0.0,0.4495099290415479,0.0
JuliaLang/julia,e3df628c98e92289,0.020134228187919462,3,1,0.0,True,0.0,0.0,0.0,0.0,0.0,0.0,0.0,0.0
JuliaLang/julia,2edf8c1015857a22,0.004694835680751174,2,0,0.0,False,,,,,,,,
JuliaLang/julia,6fa96d2b4e06ec30,0.028708133971291867,1,0,0.0,False,,,,,,,,
JuliaLang/julia,829029ba7e34234a,0.002379535990481856,13,10,0.0,True,0.7626517687404688,1.0,0.7626517687404688,1.0,0.7626517687404688,1.0,0.7626517687404688,1.0
JuliaLang/julia,ec04ad384c133e98,0.0020876826722338203,1,1,0.0,True,0.0,0.0,0.0,0.0,0.0,0.0,0.0,0.0
JuliaLang/julia,7dbb32fa51c8db61,0.0,7,0,0.0,False,,,,,,,,
JuliaLang/julia,b3732e0560f9acbd,0.02040816326530612,3,0,0.0,False,,,,,,,,
JuliaLang/julia,1cd14ebfeeefa446,0.1,0,0,0.0,False,,,,,,,,
JuliaLang/julia,96d89ecd4aa4f0de,1.0,0,0,1.0,False,,,,,,,,
JuliaLang/julia,76ed074a9305c040,0.0012919896640826874,17,11,0.0,True,0.13193675859999024,0.0,0.13193675859999024,0.0,0.13193675859999024,0.0,0.13193675859999024,0.0
KevinMusgrave/pytorch-metric-learning,5d989e21c3c386c3,0.4222222222222222,0,0,1.0,False,,,,,,,,
KevinMusgrave/pytorch-metric-learning,cd3e6816353473fe,0.8,0,0,1.0,False,,,,,,,,
KevinMusgrave/pytorch-metric-learning,728f1acfab272056,0.710172744721689,2,0,1.0,False,,,,,,,,
KevinMusgrave/pytorch-metric-learning,99d6225cd62e25ad,0.5,0,0,1.0,False,,,,,,,,
KevinMusgrave/pytorch-metric-learning,8b55e2d5dca1572a,0.8247422680412371,0,0,1.0,False,,,,,,,,
KevinMusgrave/pytorch-metric-learning,6f64f0cf12e585aa,0.6538461538461539,0,0,1.0,False,,,,,,,,
KevinMusgrave/pytorch-metric-learning,1ea736fb8c611fd1,0.7777777777777778,0,0,1.0,False,,,,,,,,
KevinMusgrave/pytorch-metric-learning,994ff60fcd52e387,0.5384615384615384,4,0,1.0,False,,,,,,,,
KevinMusgrave/pytorch-metric-learning,d715a76311764872,0.9032258064516129,0,0,1.0,False,,,,,,,,
KevinMusgrave/pytorch-metric-learning,d8dba078afa6c8de,0.9178082191780822,0,0,1.0,False,,,,,,,,
KevinMusgrave/pytorch-metric-learning,6babfe8a436bcbd3,0.9682539682539683,0,0,1.0,False,,,,,,,,
KevinMusgrave/pytorch-metric-learning,73e9388e547d8b1b,0.84,0,0,1.0,False,,,,,,,,
KevinMusgrave/pytorch-metric-learning,612b34248ed74090,1.0,0,0,1.0,False,,,,,,,,
KevinMusgrave/pytorch-metric-learning,f44800e697ac7065,0.9166666666666666,0,0,0.0,False,,,,,,,,
KevinMusgrave/pytorch-metric-learning,a3dfd3c8d3ed8553,0.7444444444444445,0,0,1.0,False,,,,,,,,
KevinMusgrave/pytorch-metric-learning,5e7d3a8822bb2a08,0.8932714617169374,0,0,1.0,False,,,,,,,,
KevinMusgrave/pytorch-metric-learning,aabbd22daa656e62,0.8,0,0,1.0,False,,,,,,,,
KevinMusgrave/pytorch-metric-learning,605d2ada8ff8d2bd,0.6666666666666666,0,0,1.0,False,,,,,,,,
KevinMusgrave/pytorch-metric-learning,f767bb9cc2e93981,0.762962962962963,0,0,1.0,False,,,,,,,,
KevinMusgrave/pytorch-metric-learning,deaf4c36790d0eda,0.9166666666666666,0,0,1.0,False,,,,,,,,
KevinMusgrave/pytorch-metric-learning,4bcc306d56dd4a9a,0.75,0,0,1.0,False,,,,,,,,
KevinMusgrave/pytorch-metric-learning,e28517a26e5810db,0.8285714285714286,0,0,1.0,False,,,,,,,,
KevinMusgrave/pytorch-metric-learning,cd91b268b25b33de,0.6984126984126984,0,0,1.0,False,,,,,,,,
KevinMusgrave/pytorch-metric-learning,8233944398b76b33,0.9722222222222222,0,0,1.0,False,,,,,,,,
KevinMusgrave/pytorch-metric-learning,5b0324e6ac02d980,0.94,0,0,1.0,False,,,,,,,,
Kong/insomnia,9601a8f6c734c200,0.5819209039548022,19,7,0.0,True,1.0,1.0,1.0,1.0,1.0,1.0,1.0,1.0
Kong/insomnia,a52e40952cdbf330,0.5714285714285714,2,0,0.0,False,,,,,,,,
Kong/insomnia,8fd316382f642e10,0.14285714285714285,0,0,0.0,False,,,,,,,,
Kong/insomnia,eff26922047d83bc,0.02355072463768116,27,20,0.0,True,0.3666961363127892,0.0,0.3666961363127892,0.0,0.36836132709602243,0.0,0.36836132709602243,0.0
Kong/insomnia,e598080f1eba3592,0.0037546933667083854,3,3,0.0,True,0.3273949503887395,0.0,0.3273949503887395,0.0,0.0,0.0,0.3273949503887395,0.0
Kong/insomnia,51b7b9b982390d2c,0.18450184501845018,12,7,1.0,True,0.9802546915082401,1.0,0.9802546915082401,1.0,0.9802546915082401,1.0,0.6463013002242267,0.0
Kong/insomnia,d351f383ff7e8f22,0.22727272727272727,4,2,0.0,True,1.0,1.0,1.0,1.0,1.0,1.0,1.0,1.0
Kong/insomnia,8077284383b2c5f8,0.03007518796992481,11,4,0.0,True,0.531730627995306,0.0,0.531730627995306,0.0,0.531730627995306,0.0,0.531730627995306,0.0
Kong/insomnia,7daf2bf4e81ecffd,0.17391304347826086,1,0,0.0,False,,,,,,,,
Kong/insomnia,f1dfbe5c4774ecd8,0.22641509433962265,8,2,0.0,True,1.0,1.0,1.0,1.0,1.0,1.0,1.0,1.0
Kong/insomnia,acb470f2f17f228a,0.03076923076923077,2,0,0.0,False,,,,,,,,
Kong/insomnia,86d9cfef74a0187c,0.03669724770642202,12,5,0.0,True,1.0,1.0,1.0,1.0,1.0,1.0,1.0,1.0
Kong/insomnia,133487ab9cc3a498,0.04918032786885246,3,0,0.0,False,,,,,,,,
Kong/insomnia,753daaf8a754d791,0.07272727272727272,5,1,0.0,True,1.0,1.0,1.0,1.0,1.0,1.0,1.0,1.0
Kong/insomnia,bfb3b06049794dc4,0.4166666666666667,2,2,0.0,True,0.6309297535714575,0.0,0.6309297535714575,0.0,0.6309297535714575,0.0,0.5,0.0
Kong/insomnia,edf0f4edd7840780,0.8669950738916257,1,1,1.0,True,0.6309297535714575,0.0,1.0,1.0,1.0,1.0,1.0,1.0
Kong/insomnia,b61ea962185a2edf,0.027210884353741496,3,2,0.0,True,0.43067655807339306,0.0,0.43067655807339306,0.0,0.43067655807339306,0.0,0.38685280723454163,0.0
Kong/insomnia,9386921d178d9176,0.8225806451612904,0,0,1.0,False,,,,,,,,
Kong/insomnia,d4c82733241e2d43,0.6955555555555556,7,1,1.0,True,1.0,1.0,0.6309297535714575,0.0,0.6309297535714575,0.0,0.5,0.0
Kong/insomnia,df01a730fd6bcac3,0.12727272727272726,2,1,0.0,True,0.40876468265396737,0.0,0.40876468265396737,0.0,0.40876468265396737,0.0,0.40876468265396737,0.0
Kong/insomnia,9d36708bc622ed30,0.08695652173913043,3,0,0.0,False,,,,,,,,
Kong/insomnia,603c4ef1a50008a3,0.0,0,0,0.0,False,,,,,,,,
Kong/insomnia,6b88e4f5bff63865,0.011111111111111112,2,0,0.0,False,,,,,,,,
Kong/insomnia,275d1388a00d443d,0.028169014084507043,0,0,0.0,False,,,,,,,,
Kong/insomnia,5f106697db278d3e,0.1449016100178891,16,7,1.0,True,0.3992424290497487,0.0,0.5037878547512562,0.0,0.5037878547512562,0.0,0.3992424290497487,0.0
Lightning-AI/pytorch-lightning,d630ce307f997d38,0.0021141649048625794,3,0,0.0,False,,,,,,,,
Lightning-AI/pytorch-lightning,b6cf1bcaf405286b,0.017857142857142856,0,0,0.0,False,,,,,,,,
Lightning-AI/pytorch-lightning,03e35c1e47a5b442,0.002036659877800407,0,0,0.0,False,,,,,,,,
Lightning-AI/pytorch-lightning,4654601c06a79fc7,0.00411522633744856,0,0,0.0,False,,,,,,,,
Lightning-AI/pytorch-lightning,71b33e0e9a119dde,0.006369426751592357,0,0,0.0,False,,,,,,,,
Lightning-AI/pytorch-lightning,86ade9454fe1aa8d,0.09285714285714286,0,0,0.0,False,,,,,,,,
Lightning-AI/pytorch-lightning,8219ccef2dfcc08c,0.08496732026143791,6,0,0.0,False,,,,,,,,
Lightning-AI/pytorch-lightning,24a9adc328faa1a6,0.005128205128205128,1,1,0.0,True,0.0,0.0,0.0,0.0,0.0,0.0,0.19342640361727081,0.0
Lightning-AI/pytorch-lightning,8af85e96b898867b,0.01694915254237288,0,0,0.0,False,,,,,,,,
Lightning-AI/pytorch-lightning,0cd2d12d726d306c,0.01694915254237288,0,0,0.0,False,,,,,,,,
Lightning-AI/pytorch-lightning,84b610ed3198abcc,0.004366812227074236,2,0,0.0,False,,,,,,,,
Lightning-AI/pytorch-lightning,e9332693a9c527fa,0.0027397260273972603,1,0,0.0,False,,,,,,,,
Lightning-AI/pytorch-lightning,93634e32d5bfa2c8,0.008264462809917356,1,0,0.0,False,,,,,,,,
Lightning-AI/pytorch-lightning,6553c91861145b7f,0.020833333333333332,0,0,0.0,False,,,,,,,,
Lightning-AI/pytorch-lightning,6fec6b163cb4b892,0.058823529411764705,0,0,0.0,False,,,,,,,,
Lightning-AI/pytorch-lightning,938bb2d52d2303e1,0.017543859649122806,0,0,0.0,False,,,,,,,,
Lightning-AI/pytorch-lightning,8a156e6ec9a2aae9,0.0007716049382716049,2,0,0.0,False,,,,,,,,
Lightning-AI/pytorch-lightning,d4e5f15c2e2552b4,0.010869565217391304,1,1,0.0,True,0.1289509357448472,0.0,0.1289509357448472,0.0,0.40876468265396737,0.0,0.1289509357448472,0.0
Lightning-AI/pytorch-lightning,b6dadd28b8daeae0,0.0014265335235378032,0,0,0.0,False,,,,,,,,
Lightning-AI/pytorch-lightning,3beffcd32051796d,0.002150537634408602,1,1,0.0,True,0.5,0.0,0.5,0.0,0.43067655807339306,0.0,0.5,0.0
Lightning-AI/pytorch-lightning,522598d12eb35ec8,0.017241379310344827,0,0,0.0,False,,,,,,,,
Lightning-AI/pytorch-lightning,c304a2aeafc85b3a,0.004524886877828055,0,0,0.0,False,,,,,,,,
Lightning-AI/pytorch-lightning,b193842c4e4cd4f6,0.004016064257028112,1,0,0.0,False,,,,,,,,
Lightning-AI/pytorch-lightning,35b7c510e07d9a8e,0.03125,0,0,0.0,False,,,,,,,,
Lightning-AI/pytorch-lightning,7eaf1173289ce8b1,0.005434782608695652,3,0,0.0,False,,,,,,,,
MaaAssistantArknights/MaaAssistantArknights,480d9e3c30c1a39f,0.14285714285714285,8,5,0.0,True,0.9134015924715543,0.0,0.9134015924715543,0.0,0.9134015924715543,0.0,0.9134015924715543,0.0
MaartenGr/BERTopic,a95596ac7adbae19,0.36363636363636365,2,2,0.0,True,0.5,0.0,0.5,0.0,0.5,0.0,0.0,0.0
MaartenGr/BERTopic,0308efaaf7b3b7c5,0.34285714285714286,0,0,0.0,False,,,,,,,,
MaartenGr/BERTopic,cfd45551f4d8f706,0.02631578947368421,1,1,0.0,True,0.5654648767857288,0.0,0.5654648767857288,0.0,0.5654648767857288,0.0,0.5654648767857288,0.0
MaartenGr/BERTopic,ca9e7d0c89a8d3f9,0.1590909090909091,0,0,0.0,False,,,,,,,,
MaartenGr/BERTopic,477f1339a4795635,0.14893617021276595,1,0,0.0,False,,,,,,,,
MaartenGr/BERTopic,4ab1e7a77ba797e9,0.25,0,0,0.0,False,,,,,,,,
MaartenGr/BERTopic,205e60e9e382162f,0.3333333333333333,0,0,1.0,False,,,,,,,,
MaartenGr/BERTopic,0780fd316af00969,0.12709030100334448,0,0,0.0,False,,,,,,,,
MaartenGr/BERTopic,31b4a357c2ca7ade,0.43478260869565216,0,0,0.0,False,,,,,,,,
MaartenGr/BERTopic,0baeebe18cf4bc89,0.03522504892367906,0,0,0.0,False,,,,,,,,
MaartenGr/BERTopic,1d68cd8af3be9315,0.4423076923076923,0,0,0.0,False,,,,,,,,
MaartenGr/BERTopic,979f8850c527971d,0.4927536231884058,0,0,0.0,False,,,,,,,,
MaartenGr/BERTopic,5f5fe8afe90b3303,0.05263157894736842,0,0,0.0,False,,,,,,,,
MaartenGr/BERTopic,967994742be0e235,0.21714285714285714,0,0,0.0,False,,,,,,,,
MaartenGr/BERTopic,e52e4ddd58b7ef88,0.328125,0,0,0.0,False,,,,,,,,
MaartenGr/BERTopic,7b8b3a4741e58497,0.13953488372093023,1,1,0.0,True,0.43067655807339306,0.0,0.43067655807339306,0.0,0.40876468265396737,0.0,0.43067655807339306,0.0
MaartenGr/BERTopic,2d838a2ff86098d5,0.1134453781512605,0,0,1.0,False,,,,,,,,
MaartenGr/BERTopic,8147132600c8df72,0.2318840579710145,1,1,0.0,True,0.5,0.0,0.5,0.0,0.46533827903669656,0.0,0.5205354372149502,0.0
MaartenGr/BERTopic,bac1f3614967a291,0.14553990610328638,1,1,0.0,True,0.38685280723454163,0.0,0.38685280723454163,0.0,0.38685280723454163,0.0,0.38685280723454163,0.0
MaartenGr/BERTopic,bc37d034bad56458,0.011363636363636364,0,0,0.0,False,,,,,,,,
MaartenGr/BERTopic,c7bca988e89a61fb,0.5194805194805194,0,0,0.0,False,,,,,,,,
MaartenGr/BERTopic,1cc5ef3f88ceffe5,0.1935483870967742,0,0,0.0,False,,,,,,,,
MaartenGr/BERTopic,12826bdacd96872e,0.0949367088607595,1,1,0.0,True,0.46533827903669656,0.0,0.46533827903669656,0.0,0.46533827903669656,0.0,0.40876468265396737,0.0
MaartenGr/BERTopic,5bf3941e6b5c74d8,0.1286549707602339,1,1,0.0,True,0.0,0.0,0.0,0.0,0.0,0.0,0.0,0.0
MaartenGr/BERTopic,e44819035573f656,0.5,0,0,1.0,False,,,,,,,,
ManimCommunity/manim,39f574b5093d3e05,0.0,0,0,0.0,False,,,,,,,,
ManimCommunity/manim,bc5402121fb214a4,0.0,3,2,0.0,True,0.0,0.0,0.0,0.0,0.0,0.0,0.0,0.0
ManimCommunity/manim,9ef4cc50a9bbc144,0.08052434456928839,4,2,0.0,True,0.3065735963827292,0.0,0.3065735963827292,0.0,0.3065735963827292,0.0,0.38685280723454163,0.0
ManimCommunity/manim,dbbe1b3b616cac00,0.001876172607879925,0,0,0.0,False,,,,,,,,
ManimCommunity/manim,5f9e6dec4c165d78,0.0011376564277588168,10,3,0.0,True,0.0,0.0,0.0,0.0,0.0,0.0,0.0,0.0
ManimCommunity/manim,cef1840c6fcabaaf,0.008771929824561403,0,0,0.0,False,,,,,,,,
ManimCommunity/manim,63e2ac1dab8802e5,0.04477611940298507,0,0,0.0,False,,,,,,,,
ManimCommunity/manim,3f967d53f766c19d,0.00446888965280165,13,2,0.0,True,0.0,0.0,0.0,0.0,0.0,0.0,0.0,0.0
ManimCommunity/manim,1488a151ee1066e1,0.0,0,0,0.0,False,,,,,,,,
ManimCommunity/manim,b2a9bbdd948ff6b8,0.0005175983436853002,12,8,0.0,True,0.5308674537892867,0.0,0.5308674537892867,0.0,0.42070250355467026,0.0,0.5308674537892867,0.0
ManimCommunity/manim,52cbc4745d366cda,0.004081632653061225,1,0,0.0,False,,,,,,,,
ManimCommunity/manim,fa8fe466fb7275e6,0.00029824038174768865,17,6,0.0,True,0.0,0.0,0.0,0.0,0.0,0.0,0.0,0.0
ManimCommunity/manim,a14537404665ccfc,0.0,0,0,0.0,False,,,,,,,,
ManimCommunity/manim,a6ebf16eee7f8434,0.0,2,0,0.0,False,,,,,,,,
ManimCommunity/manim,b16c1f514d2b8686,0.0,5,2,0.0,True,0.38685280723454163,0.0,0.38685280723454163,0.0,0.38685280723454163,0.0,0.38685280723454163,0.0
ManimCommunity/manim,63a9c44a44acf85f,0.06976744186046512,9,7,0.0,True,0.47940222556913026,0.0,0.47940222556913026,0.0,0.47940222556913026,0.0,0.5733063212320716,0.0
ManimCommunity/manim,8aaebaeb7e333907,0.005657708628005658,5,3,0.0,True,0.0,0.0,0.0,0.0,0.0,0.0,0.0,0.0
ManimCommunity/manim,c75d304e0719818d,0.0034374104841019765,6,2,0.0,True,0.0,0.0,0.0,0.0,0.0,0.0,0.0,0.0
ManimCommunity/manim,fc1153b28d4ad6fa,0.008414239482200648,6,2,0.0,True,0.25063291767094353,0.0,0.25063291767094353,0.0,0.23719771276929622,0.0,0.25063291767094353,0.0
ManimCommunity/manim,8cf05d12c38d38c8,0.0011198208286674132,7,2,0.0,True,0.6131471927654584,1.0,0.6131471927654584,1.0,0.6131471927654584,1.0,0.6131471927654584,1.0
ManimCommunity/manim,1a4d3d0a888b8883,0.0,7,5,0.0,True,1.0,1.0,1.0,1.0,1.0,1.0,1.0,1.0
ManimCommunity/manim,609da84e0b1851ce,0.00558659217877095,1,1,0.0,True,0.0,0.0,0.0,0.0,0.0,0.0,0.0,0.0
MetaMask/metamask-extension,e1b7bc0e510dbaea,0.17557251908396945,1,0,0.0,False,,,,,,,,
MetaMask/metamask-extension,5f5531a97a93aede,0.0,0,0,0.0,False,,,,,,,,
MetaMask/metamask-extension,6d98af7c4be51dcb,0.056818181818181816,0,0,0.0,False,,,,,,,,
MetaMask/metamask-extension,14ee4b9985d2411e,0.35135135135135137,1,0,1.0,False,,,,,,,,
MetaMask/metamask-extension,ebcf3e077eb0da26,0.18181818181818182,0,0,0.0,False,,,,,,,,
MetaMask/metamask-extension,4abaeb4f03277bcd,0.4666666666666667,1,0,0.0,False,,,,,,,,
MetaMask/metamask-extension,06a2985a6de38219,0.4827586206896552,1,0,1.0,False,,,,,,,,
MetaMask/metamask-extension,bedcc1d805a08769,0.23529411764705882,2,0,1.0,False,,,,,,,,
MetaMask/metamask-extension,cdd29e9c6dd899bd,0.16666666666666666,2,1,0.0,True,0.6309297535714575,0.0,0.6309297535714575,0.0,0.6309297535714575,0.0,0.6309297535714575,0.0
MetaMask/metamask-extension,eb6a1d65c2d07993,1.0,0,0,1.0,False,,,,,,,,
MetaMask/metamask-extension,0138e933a536f11c,0.48148148148148145,0,0,1.0,False,,,,,,,,
MetaMask/metamask-extension,daaf5780701f3227,1.0,0,0,1.0,False,,,,,,,,
MetaMask/metamask-extension,c04432b9aecd562b,1.0,0,0,1.0,False,,,,,,,,
MetaMask/metamask-extension,81742c510e78570e,0.09294871794871795,1,1,0.0,True,0.0,0.0,0.0,0.0,0.0,0.0,0.0,0.0
MetaMask/metamask-extension,9acbb59c1213044c,0.0,5,2,0.0,True,0.0,0.0,0.19342640361727081,0.0,0.19342640361727081,0.0,0.0,0.0
MetaMask/metamask-extension,376ed9a52c0f86d9,0.0784313725490196,3,1,0.0,True,0.46533827903669656,0.0,0.40876468265396737,0.0,0.0,0.0,0.43067655807339306,0.0
MetaMask/metamask-extension,737015fa4e8835f0,0.02702702702702703,6,1,0.0,True,0.0,0.0,0.0,0.0,0.0,0.0,0.0,0.0
MetaMask/metamask-extension,93d378c006f612c1,0.07142857142857142,1,0,0.0,False,,,,,,,,
MetaMask/metamask-extension,1fef3a4810f368d4,0.037037037037037035,0,0,0.0,False,,,,,,,,
MetaMask/metamask-extension,48594442e4d01079,0.04225352112676056,0,0,0.0,False,,,,,,,,
MetaMask/metamask-extension,07e9f376acef1e87,0.0,1,0,0.0,False,,,,,,,,
MetaMask/metamask-extension,53dc11ec8cf17046,0.23076923076923078,2,0,1.0,False,,,,,,,,
MetaMask/metamask-extension,2ec60ff0570ab43b,0.0,0,0,0.0,False,,,,,,,,
MetaMask/metamask-extension,1c2180bbc6fd54b3,0.35714285714285715,1,0,0.0,False,,,,,,,,
MetaMask/metamask-extension,16b9f0ef40e60f59,0.019230769230769232,1,0,0.0,False,,,,,,,,
NVIDIA/DALI,8036fa118c610898,0.21897810218978103,1,1,0.0,True,0.5,0.0,0.5,0.0,0.5,0.0,0.6309297535714575,0.0
NVIDIA/DALI,e6078ae320c5f704,0.09859154929577464,0,0,0.0,False,,,,,,,,
NVIDIA/DALI,961f3e851edf082e,0.037815126050420166,3,0,0.0,False,,,,,,,,
NVIDIA/DALI,7cec8e5d103b9757,0.07468879668049792,1,1,0.0,True,0.43067655807339306,0.0,0.43067655807339306,0.0,0.38685280723454163,0.0,0.5,0.0
NVIDIA/DALI,f89c1965d19a2355,0.07910750507099391,0,0,0.0,False,,,,,,,,
NVIDIA/DALI,6453ae3da9ab51bc,0.07786259541984733,2,0,0.0,False,,,,,,,,
NVIDIA/DALI,107e910e9f2ebfb9,0.16216216216216217,5,1,0.0,True,0.6309297535714575,0.0,0.6309297535714575,0.0,0.6309297535714575,0.0,0.6309297535714575,0.0
NVIDIA/DALI,f8efed382ebfd8e5,0.36824877250409166,2,2,0.0,True,0.6131471927654584,1.0,0.6131471927654584,1.0,0.6131471927654584,1.0,0.6131471927654584,1.0
NVIDIA/DALI,c52186479419df62,0.5085470085470085,0,0,0.0,False,,,,,,,,
NVIDIA/DALI,7fdedda87a53924c,0.04065040650406504,0,0,0.0,False,,,,,,,,
NVIDIA/DALI,4e55a139328b19db,0.2834285714285714,1,0,0.0,False,,,,,,,,
NVIDIA/DALI,e8afe5b7203ae327,0.4870775347912525,0,0,1.0,False,,,,,,,,
NVIDIA/DALI,77898b002607c4ee,0.2648648648648649,0,0,0.0,False,,,,,,,,
NVIDIA/DALI,e8306223ca742fc1,0.1864406779661017,0,0,0.0,False,,,,,,,,
NVIDIA/DALI,43981d4929455fdd,0.28,1,1,0.0,True,0.5,0.0,0.5,0.0,0.5,0.0,0.6309297535714575,0.0
NVIDIA/DALI,4c24f5c5056c9ff8,0.711864406779661,1,0,0.0,False,,,,,,,,
NVIDIA/DALI,b82c4a6dcae0fc85,0.19491525423728814,0,0,0.0,False,,,,,,,,
NVIDIA/DALI,4b4d1eeeab440219,0.5345622119815668,4,4,1.0,True,0.5706417189553201,0.0,0.6934264036172708,0.0,0.6934264036172708,0.0,0.9197207891481876,1.0
NVIDIA/DALI,db5c1f65f58a7e54,0.29560975609756096,0,0,0.0,False,,,,,,,,
NVIDIA/DALI,49fa10af66bce308,0.7944915254237288,0,0,0.0,False,,,,,,,,
NVIDIA/DALI,8244b282a539454d,0.2894736842105263,0,0,0.0,False,,,,,,,,
NVIDIA/DALI,86377204b65d19b7,0.008064516129032258,0,0,0.0,False,,,,,,,,
NVIDIA/DALI,69b4093247268b1f,0.009009009009009009,0,0,0.0,False,,,,,,,,
NVIDIA/DALI,27b7657e02ef2b15,0.9004665629860031,0,0,0.0,False,,,,,,,,
NVIDIA/DALI,39c3d771f213f28e,0.096,0,0,0.0,False,,,,,,,,
NVIDIA/cuml,67529d2f23847bb1,0.06666666666666667,0,0,0.0,False,,,,,,,,
NVIDIA/cuml,43e98e7ce6f8e9b8,0.19101123595505617,2,1,0.0,True,0.40876468265396737,0.0,0.38685280723454163,0.0,0.0,0.0,0.46533827903669656,0.0
NVIDIA/cuml,b2946d58a5b56bfe,0.043478260869565216,1,1,0.0,True,0.5,0.0,0.5,0.0,0.43067655807339306,0.0,0.5654648767857288,0.0
NVIDIA/cuml,dc637b4a91c307d3,0.10526315789473684,1,0,0.0,False,,,,,,,,
NVIDIA/cuml,6e42a91bf35d4e56,0.3879310344827586,2,0,0.0,False,,,,,,,,
NVIDIA/cuml,81edec5487960a37,0.2681564245810056,3,3,0.0,True,0.543791241910304,0.0,0.543791241910304,0.0,0.4836730386695275,0.0,0.543791241910304,0.0
NVIDIA/cuml,185992934a9394dc,0.0967741935483871,25,23,0.0,True,0.40984487162889005,0.0,0.40984487162889005,0.0,0.4305147255402535,0.0,0.40626470204069604,0.0
NVIDIA/cuml,7fd42d8896b7d384,0.08558558558558559,10,9,0.0,True,0.5,0.0,0.5,0.0,0.5,0.0,0.5,0.0
NVIDIA/cuml,895cf2835d7a1ede,0.225,2,2,0.0,True,0.43067655807339306,0.0,0.43067655807339306,0.0,0.43067655807339306,0.0,0.5,0.0
NVIDIA/cuml,a3c4ce41fd0f7452,0.45454545454545453,3,3,1.0,True,0.0,0.0,0.0,0.0,0.0,0.0,0.0,0.0
NVIDIA/cuml,37d811fe37e3ac27,0.06896551724137931,2,0,0.0,False,,,,,,,,
NVIDIA/cuml,732a28abc7522a37,0.004032258064516129,2,0,0.0,False,,,,,,,,
NVIDIA/cuml,41a7b6cfa1dd27d0,0.30678466076696165,4,4,0.0,True,0.5,0.0,0.5,0.0,0.43067655807339306,0.0,0.6309297535714575,0.0
NVIDIA/cuml,eff52b34f068fd4a,0.03787878787878788,6,6,0.0,True,0.0,0.0,0.0,0.0,0.0,0.0,0.0,0.0
NVIDIA/cuml,0b18820a10e63a62,0.038461538461538464,2,0,0.0,False,,,,,,,,
NVIDIA/cuml,beb97703f63d3148,0.11531531531531532,5,5,0.0,True,0.8212377705398237,0.0,0.8212377705398237,0.0,0.8212377705398237,0.0,0.7724397457735778,0.0
NVIDIA/cuml,ab2964d73f6bb95b,0.4989384288747346,0,0,1.0,False,,,,,,,,
NVIDIA/cuml,e11e3780c3060554,0.20020222446916078,7,6,0.0,True,0.9079364505194771,0.0,0.9079364505194771,0.0,0.894999002123018,1.0,0.5104469282277887,0.0
NVIDIA/cuml,dba2e9a2ecf2d255,0.46835443037974683,2,2,1.0,True,0.5,0.0,0.5,0.0,0.27250978843597823,0.0,0.5,0.0
NVIDIA/cuml,591f9fa40f0ba1d3,0.09090909090909091,3,3,0.0,True,0.26356705369117217,0.0,0.3378393603457382,0.0,0.3378393603457382,0.0,0.15536890793038996,0.0
NVIDIA/cuml,3ef73f8b3f5a3bf9,0.39194139194139194,4,0,0.0,False,,,,,,,,
NVIDIA/cuml,c1cf21cbaafbe7d6,0.45977011494252873,1,0,0.0,False,,,,,,,,
NVIDIA/cuml,316442bb11c26093,0.0,6,4,0.0,True,0.6309297535714575,0.0,0.6309297535714575,0.0,0.5205354372149502,0.0,0.6309297535714575,0.0
NVIDIA/cuml,307d64b05a8188b7,0.0034482758620689655,3,0,0.0,False,,,,,,,,
NVIDIA/cuml,4d2a8eefdf2a9783,0.03287671232876712,6,4,0.0,True,0.4144299250118475,0.0,0.36331756126716835,0.0,0.36331756126716835,0.0,0.4144299250118475,0.0
NicolasHug/Surprise,78ae42bd05259b06,0.05405405405405406,0,0,0.0,False,,,,,,,,
NicolasHug/Surprise,107e910e9f2ebfb9,0.9090909090909091,1,1,0.0,True,1.0,1.0,1.0,1.0,1.0,1.0,1.0,1.0
NicolasHug/Surprise,75c298fc46b78bcb,0.0967741935483871,0,0,0.0,False,,,,,,,,
NicolasHug/Surprise,9ae7b5b334bcc44a,0.08,0,0,0.0,False,,,,,,,,
NicolasHug/Surprise,2022cc426cdfb92c,0.125,0,0,0.0,False,,,,,,,,
NicolasHug/Surprise,995a3ff389c7887f,0.13333333333333333,0,0,0.0,False,,,,,,,,
NicolasHug/Surprise,c789c7fc92f556c4,0.18478260869565216,0,0,0.0,False,,,,,,,,
NicolasHug/Surprise,8f06086f5cf6fca9,0.12075471698113208,0,0,0.0,False,,,,,,,,
NicolasHug/Surprise,d92dcc45446e86e5,0.015267175572519083,1,1,0.0,True,0.6309297535714575,0.0,0.6309297535714575,0.0,0.6309297535714575,0.0,0.6309297535714575,0.0
NicolasHug/Surprise,d07164bbe97b0787,0.19230769230769232,0,0,0.0,False,,,,,,,,
NicolasHug/Surprise,88ac3b584a5505d5,0.3132530120481928,0,0,0.0,False,,,,,,,,
NicolasHug/Surprise,a984f36fe11e1024,0.08459214501510574,1,1,0.0,True,0.6309297535714575,0.0,0.6309297535714575,0.0,0.6309297535714575,0.0,0.6309297535714575,0.0
NicolasHug/Surprise,e52e4ddd58b7ef88,0.22641509433962265,0,0,0.0,False,,,,,,,,
NicolasHug/Surprise,5a811d3af37e7b20,0.24770642201834864,0,0,0.0,False,,,,,,,,
NicolasHug/Surprise,abdeee2bb31b60ab,0.12280701754385964,0,0,0.0,False,,,,,,,,
NicolasHug/Surprise,95a59df9d27fb74a,0.38461538461538464,0,0,0.0,False,,,,,,,,
NicolasHug/Surprise,f1dbe79adfb6e39e,0.5510204081632653,0,0,0.0,False,,,,,,,,
NicolasHug/Surprise,091fd5de220d5f54,0.8695652173913043,0,0,0.0,False,,,,,,,,
NicolasHug/Surprise,13209b9966bd29f4,0.125,0,0,0.0,False,,,,,,,,
NicolasHug/Surprise,b113c959f9c2fe44,0.2647058823529412,0,0,0.0,False,,,,,,,,
NicolasHug/Surprise,b9e96320665b481a,0.021739130434782608,0,0,0.0,False,,,,,,,,
NicolasHug/Surprise,0d558a75603fa21c,0.09859154929577464,0,0,0.0,False,,,,,,,,
NicolasHug/Surprise,09231b0ada99a071,0.2222222222222222,0,0,0.0,False,,,,,,,,
NicolasHug/Surprise,a03e0d74e290ecdd,0.14893617021276595,0,0,0.0,False,,,,,,,,
NicolasHug/Surprise,5c7bcb11be4751eb,0.2559852670349908,0,0,0.0,False,,,,,,,,
NixOS/nix,08fa50eca8241012,0.22388059701492538,1,0,0.0,False,,,,,,,,
NixOS/nix,b6bb584730c216b4,0.2222222222222222,0,0,0.0,False,,,,,,,,
NixOS/nix,6d39a21ec7c898ae,0.12878787878787878,6,3,0.0,True,0.8597186998521972,0.0,0.8597186998521972,0.0,0.66967181649423,0.0,0.8597186998521972,0.0
NixOS/nix,86d9b8574d4488b3,0.3229166666666667,0,0,0.0,False,,,,,,,,
NixOS/nix,e61c27617e0e4e0e,0.027777777777777776,2,1,0.0,True,0.5654648767857288,0.0,0.6309297535714575,0.0,0.6309297535714575,0.0,0.5654648767857288,0.0
NixOS/nix,fea63d95be341e3e,0.16312056737588654,11,7,0.0,True,0.5708970931851315,0.0,0.5708970931851315,0.0,0.5708970931851315,0.0,0.5903439792987105,0.0
NixOS/nix,61323ff4b80ee1ef,0.958041958041958,0,0,1.0,False,,,,,,,,
NixOS/nix,28d2cb672251c46b,0.10835913312693499,18,12,0.0,True,0.0,0.0,0.0,0.0,0.0,0.0,0.22304102843555626,0.0
NixOS/nix,5bb6b6e73042f7d8,0.18309859154929578,3,1,0.0,True,1.0,1.0,1.0,1.0,1.0,1.0,1.0,1.0
NixOS/nix,9082a0c6911da678,0.017241379310344827,4,1,0.0,True,1.0,1.0,1.0,1.0,1.0,1.0,1.0,1.0
NixOS/nix,acd1b54b30afde34,0.04032258064516129,1,1,0.0,True,1.0,1.0,1.0,1.0,1.0,1.0,1.0,1.0
NixOS/nix,eb01d0a62c58a910,0.002053388090349076,16,12,0.0,True,1.0,1.0,1.0,1.0,1.0,1.0,1.0,1.0
NixOS/nix,4220e3938c4e52f4,0.13186813186813187,6,4,0.0,True,0.52129602861432,0.0,0.52129602861432,0.0,0.52129602861432,0.0,0.52129602861432,0.0
NixOS/nix,00ce35aad7e1d7c5,0.1674074074074074,11,6,0.0,True,0.25292265988441515,0.0,0.25292265988441515,0.0,0.25292265988441515,0.0,0.28588687131670315,0.0
NixOS/nix,eb5e5e3b3ea91736,0.18478260869565216,8,4,0.0,True,1.0,1.0,1.0,1.0,1.0,1.0,1.0,1.0
NixOS/nix,b8d1ea9a966e568d,0.16279069767441862,10,2,0.0,True,0.5,0.0,0.5,0.0,0.5,0.0,0.5,0.0
NixOS/nix,7df9a3e43b0c786d,0.025,3,2,0.0,True,0.46533827903669656,0.0,0.46533827903669656,0.0,0.46533827903669656,0.0,0.5,0.0
NixOS/nix,e23eedbf9fd66095,0.18439716312056736,4,2,0.0,True,0.38685280723454163,0.0,0.38685280723454163,0.0,0.38685280723454163,0.0,0.38685280723454163,0.0
NixOS/nix,83beba1a61b03300,0.12389380530973451,28,11,0.0,True,1.0,1.0,1.0,1.0,1.0,1.0,1.0,1.0
NixOS/nix,fe254acfaf520814,0.043478260869565216,2,1,0.0,True,1.0,1.0,1.0,1.0,1.0,1.0,1.0,1.0
NixOS/nix,1bb969ff5fd6d604,0.24050632911392406,4,3,0.0,True,0.8957426585530848,1.0,0.8957426585530848,1.0,0.9571852065075719,1.0,0.8957426585530848,1.0
NixOS/nix,c472f3ce56be1ff5,0.8666666666666667,1,0,1.0,False,,,,,,,,
NixOS/nix,94527ff9c7b4c429,0.08888888888888889,0,0,0.0,False,,,,,,,,
NixOS/nix,074f0236ae704b71,0.1050228310502283,21,17,0.0,True,0.8661758966999379,0.0,0.8661758966999379,0.0,0.8661758966999379,0.0,0.5261344910448437,0.0
NixOS/nix,367ffc19ac680edb,0.16716417910447762,13,9,0.0,True,0.4275439218054187,0.0,0.4275439218054187,0.0,0.4275439218054187,0.0,0.448260565317258,0.0
OSGeo/gdal,bf1f89f58d925379,0.2987012987012987,6,5,0.0,True,0.43067655807339306,0.0,0.43067655807339306,0.0,0.43067655807339306,0.0,0.5,0.0
OSGeo/gdal,51e40924e9012823,0.2619047619047619,0,0,0.0,False,,,,,,,,
OSGeo/gdal,b4816159f3e1e3fe,0.14817688130333592,1,1,0.0,True,0.0,0.0,0.0,0.0,0.0,0.0,0.38685280723454163,0.0
OSGeo/gdal,4eb116f254e0682f,0.24,0,0,0.0,False,,,,,,,,
OSGeo/gdal,b8e7d1b50493144d,0.16666666666666666,0,0,0.0,False,,,,,,,,
OSGeo/gdal,8a85a74437fb6118,0.32653061224489793,8,7,0.0,True,1.0,1.0,1.0,1.0,1.0,1.0,1.0,1.0
OSGeo/gdal,630fb20774ae17a5,0.10116959064327485,7,6,0.0,True,1.0,1.0,1.0,1.0,0.6309297535714575,0.0,1.0,1.0
OSGeo/gdal,c3ba302da86c6de6,0.42048517520215634,1,1,0.0,True,1.0,1.0,1.0,1.0,1.0,1.0,1.0,1.0
OSGeo/gdal,fa7722b53b712149,0.17757009345794392,1,1,0.0,True,0.6309297535714575,0.0,0.6309297535714575,0.0,0.6309297535714575,0.0,0.6309297535714575,0.0
OSGeo/gdal,1c8d7040b108d47e,0.197327852004111,5,5,0.0,True,0.5,0.0,0.6309297535714575,0.0,0.6309297535714575,0.0,0.6309297535714575,0.0
OSGeo/gdal,d68bd6991354cb57,0.6308345120226309,0,0,1.0,False,,,,,,,,
OSGeo/gdal,1f35add7959c61ed,0.3446969696969697,0,0,0.0,False,,,,,,,,
OSGeo/gdal,504db86412af8cd9,0.32727272727272727,1,1,0.0,True,0.43067655807339306,0.0,0.38685280723454163,0.0,0.19342640361727081,0.0,0.43067655807339306,0.0
OSGeo/gdal,9375018b39f74fd8,0.42625368731563423,2,2,0.0,True,0.5,0.0,0.6309297535714575,0.0,0.6309297535714575,0.0,0.6309297535714575,0.0
OSGeo/gdal,bb28c4b8b8fa0a13,0.2728719172633254,3,3,0.0,True,0.5,0.0,0.6309297535714575,0.0,0.6309297535714575,0.0,0.6309297535714575,0.0
OSGeo/gdal,f70397a05d6876ee,0.16883116883116883,6,6,0.0,True,1.0,1.0,1.0,1.0,1.0,1.0,1.0,1.0
OSGeo/gdal,7ee6e5aa33e4d90f,0.11627906976744186,0,0,0.0,False,,,,,,,,
OSGeo/gdal,0d5aed70e128c4b2,0.2967741935483871,3,3,0.0,True,0.5,0.0,0.6309297535714575,0.0,0.6309297535714575,0.0,0.6309297535714575,0.0
OSGeo/gdal,cc97bd81a150fad2,0.07777777777777778,0,0,0.0,False,,,,,,,,
OSGeo/gdal,700a55e48a6bfbc2,0.5234521575984991,0,0,1.0,False,,,,,,,,
OSGeo/gdal,fbeaa09dcbaa639a,0.27461139896373055,1,1,0.0,True,0.5,0.0,0.6309297535714575,0.0,0.6309297535714575,0.0,0.6309297535714575,0.0
OSGeo/gdal,ff0f62a71285cb1b,0.8089622641509434,1,1,1.0,True,0.6309297535714575,0.0,0.5,0.0,0.5,0.0,0.6309297535714575,0.0
OSGeo/gdal,4da695116eabe84c,0.4090909090909091,1,0,1.0,False,,,,,,,,
OSGeo/gdal,166527f568de14ef,0.23323615160349853,2,1,0.0,True,0.6309297535714575,0.0,0.6309297535714575,0.0,0.6309297535714575,0.0,0.6309297535714575,0.0
OSGeo/gdal,0589ae465ccb035c,0.16004672897196262,2,2,0.0,True,0.6309297535714575,0.0,0.6309297535714575,0.0,0.6309297535714575,0.0,0.6309297535714575,0.0
OctoPrint/OctoPrint,6e693c2942ec4d96,0.7837837837837838,0,0,0.0,False,,,,,,,,
OctoPrint/OctoPrint,f2beb4460f1bfeef,0.8074534161490683,1,1,0.0,True,1.0,1.0,1.0,1.0,1.0,1.0,1.0,1.0
OctoPrint/OctoPrint,6169cf5ac8c03390,0.5684210526315789,1,1,0.0,True,1.0,1.0,1.0,1.0,1.0,1.0,1.0,1.0
OctoPrint/OctoPrint,205a341ca32d9536,0.03225806451612903,0,0,0.0,False,,,,,,,,
OctoPrint/OctoPrint,4b98cfdf8b8d48a7,0.0,1,1,0.0,True,0.6309297535714575,0.0,0.6309297535714575,0.0,0.6309297535714575,0.0,0.6309297535714575,0.0
OctoPrint/OctoPrint,013fead770456fd7,0.21808510638297873,5,2,1.0,True,1.0,1.0,0.6309297535714575,0.0,0.6309297535714575,0.0,0.6309297535714575,0.0
OctoPrint/OctoPrint,a39413aabfb3b532,0.020833333333333332,0,0,0.0,False,,,,,,,,
OctoPrint/OctoPrint,650f2a110836f85c,0.16666666666666666,0,0,0.0,False,,,,,,,,
OctoPrint/OctoPrint,d793fcd9277fff0b,0.6923076923076923,0,0,0.0,False,,,,,,,,
OctoPrint/OctoPrint,d281561e62bcb9ef,0.7727272727272727,0,0,1.0,False,,,,,,,,
OctoPrint/OctoPrint,53560a0a15c6ed88,0.9606299212598425,0,0,1.0,False,,,,,,,,
OctoPrint/OctoPrint,cced0ab71081008d,0.1437908496732026,1,1,0.0,True,0.5,0.0,0.5,0.0,0.5,0.0,0.5,0.0
OctoPrint/OctoPrint,ae0f9baa1fe0baef,0.5154639175257731,0,0,0.0,False,,,,,,,,
OctoPrint/OctoPrint,7985cf4bac661e35,0.09090909090909091,0,0,0.0,False,,,,,,,,
OctoPrint/OctoPrint,b4427edff4a4994a,0.8333333333333334,0,0,0.0,False,,,,,,,,
OctoPrint/OctoPrint,2bfeea9b6ff45bc3,0.2718707940780619,0,0,0.0,False,,,,,,,,
OctoPrint/OctoPrint,6961cb7b19878e95,0.5555555555555556,0,0,1.0,False,,,,,,,,
OctoPrint/OctoPrint,d9d32ee9b6b8c56f,0.625,0,0,0.0,False,,,,,,,,
OctoPrint/OctoPrint,ce10635e2832d0f2,0.7596899224806202,0,0,1.0,False,,,,,,,,
OctoPrint/OctoPrint,755117b39b168c26,0.35135135135135137,0,0,0.0,False,,,,,,,,
OctoPrint/OctoPrint,07813a2419d98cd3,0.38620689655172413,0,0,0.0,False,,,,,,,,
OctoPrint/OctoPrint,0c29d466cb00a668,0.824945295404814,1,0,0.0,False,,,,,,,,
OctoPrint/OctoPrint,3b10feea41523659,0.38125,0,0,0.0,False,,,,,,,,
OctoPrint/OctoPrint,85c4be51cbc1dd72,0.20958083832335328,1,1,0.0,True,1.0,1.0,1.0,1.0,1.0,1.0,1.0,1.0
OctoPrint/OctoPrint,02469415541b5a91,0.5,0,0,0.0,False,,,,,,,,
OpenMW/openmw,ba4e705c146a358c,0.03508771929824561,0,0,0.0,False,,,,,,,,
OpenMW/openmw,eeb920941ddefb17,0.14814814814814814,0,0,0.0,False,,,,,,,,
OpenMW/openmw,b7ef3d5582b051bf,0.9811320754716981,0,0,1.0,False,,,,,,,,
OpenMW/openmw,5dbf33b1e71aa74e,0.13333333333333333,0,0,0.0,False,,,,,,,,
OpenMW/openmw,ad4b1f70341e0c24,0.043478260869565216,0,0,0.0,False,,,,,,,,
OpenMW/openmw,3c34ec47319a2799,0.13725490196078433,0,0,0.0,False,,,,,,,,
OpenMW/openmw,36f7c81f994f00b7,0.4827586206896552,0,0,0.0,False,,,,,,,,
OpenMW/openmw,9d910c585838cbf4,0.5949367088607594,1,1,1.0,True,0.43067655807339306,0.0,0.38685280723454163,0.0,0.38685280723454163,0.0,0.38685280723454163,0.0
OpenMW/openmw,e8be087ec2089c66,0.0625,0,0,0.0,False,,,,,,,,
OpenMW/openmw,17618711c78b93e6,0.29545454545454547,0,0,0.0,False,,,,,,,,
OpenMW/openmw,8eaf0f410b562ad1,0.3055555555555556,0,0,0.0,False,,,,,,,,
OpenMW/openmw,f50fa11beba2d475,0.01694915254237288,0,0,0.0,False,,,,,,,,
OpenMW/openmw,7e356d5649852f6b,0.2277992277992278,0,0,0.0,False,,,,,,,,
OpenMW/openmw,e529af941288c6f6,0.07518796992481203,3,2,0.0,True,0.38685280723454163,0.0,0.38685280723454163,0.0,0.38685280723454163,0.0,0.5054516636191897,0.0
OpenMW/openmw,2240a48d701d443f,0.19230769230769232,0,0,0.0,False,,,,,,,,
OpenMW/openmw,def09344e367addd,0.10185185185185185,0,0,0.0,False,,,,,,,,
OpenMW/openmw,b01d2e12eae3f5fa,0.19117647058823528,0,0,0.0,False,,,,,,,,
OpenMW/openmw,b97ff9dc80fa8214,0.14682539682539683,0,0,0.0,False,,,,,,,,
OpenMW/openmw,06853da297bc5798,0.08823529411764706,7,6,0.0,True,0.0,0.0,0.0,0.0,0.14704034066641014,0.0,0.0,0.0
OpenMW/openmw,d33ac9fb1a5c809b,0.4351145038167939,0,0,0.0,False,,,,,,,,
OpenMW/openmw,4892bc6a6196d106,0.3170731707317073,0,0,0.0,False,,,,,,,,
OpenMW/openmw,59dbb1e136a7d9e5,0.03571428571428571,0,0,0.0,False,,,,,,,,
OpenMW/openmw,c0e8d800c0eec191,0.14772727272727273,0,0,0.0,False,,,,,,,,
OpenMW/openmw,751de2eb92432579,0.018691588785046728,30,19,0.0,True,0.6496458496129784,0.0,0.5617144401194875,0.0,0.5617144401194875,0.0,0.6496458496129784,0.0
OpenMW/openmw,a313ca6e8b9f4ca1,0.4528301886792453,0,0,1.0,False,,,,,,,,
OpenRCT2/OpenRCT2,a000109f3a113922,0.38235294117647056,3,3,1.0,True,0.8154648767857288,0.5,0.6309297535714575,0.0,0.8154648767857288,0.5,0.6309297535714575,0.0
OpenRCT2/OpenRCT2,7f37ad3d0db709a4,0.35135135135135137,3,3,1.0,True,1.0,1.0,0.6309297535714575,0.0,1.0,1.0,0.6309297535714575,0.0
OpenRCT2/OpenRCT2,63c94e6af369d25d,0.34782608695652173,1,1,1.0,True,1.0,1.0,0.5,0.0,0.5,0.0,0.40876468265396737,0.0
OpenRCT2/OpenRCT2,8f137d5c68fe5bc7,0.00641025641025641,11,8,0.0,True,0.5381376343490022,0.0,0.2960819109658653,0.0,0.2960819109658653,0.0,0.5381376343490022,0.0
OpenRCT2/OpenRCT2,5c58b4a2d06c6e8f,0.6222222222222222,3,3,1.0,True,1.0,1.0,0.6309297535714575,0.0,0.6309297535714575,0.0,0.6309297535714575,0.0
OpenRCT2/OpenRCT2,af0574fc38bcb63e,0.06521739130434782,1,1,0.0,True,0.19342640361727081,0.0,0.19342640361727081,0.0,0.0,0.0,0.40876468265396737,0.0
OpenRCT2/OpenRCT2,42a509814d7563ef,0.5789473684210527,3,1,1.0,True,1.0,1.0,0.5,0.0,0.5,0.0,0.5,0.0
OpenRCT2/OpenRCT2,df4cda8e532fb115,0.0029651593773165306,44,39,0.0,True,0.5912931934484026,0.0,0.48139660016226443,0.0,0.48139660016226443,0.0,0.5912931934484026,0.0
OpenRCT2/OpenRCT2,ede2eadcbfad6840,0.38461538461538464,3,3,1.0,True,1.0,1.0,0.6309297535714575,0.0,1.0,1.0,0.6309297535714575,0.0
OpenRCT2/OpenRCT2,e3008b88df067f59,0.25,3,1,1.0,True,1.0,1.0,0.6309297535714575,0.0,0.6309297535714575,0.0,0.6309297535714575,0.0
OpenRCT2/OpenRCT2,5f127f3a57789dfe,0.6714285714285714,10,9,1.0,True,0.576052795230636,0.0,0.3405110951666708,0.0,0.2765241092055113,0.0,0.07327654498148103,0.0
OpenRCT2/OpenRCT2,2fc56d4db0db89f7,0.6146788990825688,6,3,1.0,True,1.0,1.0,0.43067655807339306,0.0,0.43067655807339306,0.0,0.43067655807339306,0.0
OpenRCT2/OpenRCT2,f8dd02ec3176674c,0.3333333333333333,3,3,0.0,True,0.6309297535714575,0.0,0.6309297535714575,0.0,0.6309297535714575,0.0,0.6309297535714575,0.0
OpenRCT2/OpenRCT2,7f0b621797c59cef,0.6617647058823529,6,1,1.0,True,1.0,1.0,0.5,0.0,0.0,0.0,0.38685280723454163,0.0
OpenRCT2/OpenRCT2,546b2e39fb9581d2,0.591304347826087,5,5,1.0,True,0.8957426585530848,1.0,0.35195904451706733,0.0,0.4441228664487979,0.0,0.23463936301137822,0.0
OpenRCT2/OpenRCT2,66f587f55d898a49,0.14056939501779359,4,2,0.0,True,0.38685280723454163,0.0,0.44615223542686566,0.0,0.44615223542686566,0.0,0.3065735963827292,0.0
OpenRCT2/OpenRCT2,bad689f6224055ae,0.7083333333333334,8,7,1.0,True,0.5354626746463241,0.0,0.4853586793596861,0.0,0.43559309614952174,0.0,0.5248827916050821,0.0
OpenRCT2/OpenRCT2,409710e79c8f2502,0.5686274509803921,5,4,1.0,True,0.898807218688694,1.0,0.6494555664238798,0.0,0.7803090750529907,0.5,0.6338745444206085,0.0
OpenRCT2/OpenRCT2,c0ad9b0f1a5389df,0.4444444444444444,4,4,1.0,True,0.8715925081036436,1.0,0.5390533173112452,0.0,0.58688267143572,0.3333333333333333,0.4849639672862251,0.0
OpenRCT2/OpenRCT2,b17a789c36ec9b6d,0.375,3,3,1.0,True,1.0,1.0,0.6309297535714575,0.0,0.6309297535714575,0.0,0.6309297535714575,0.0
OpenRCT2/OpenRCT2,9f218459938b0d5e,0.4,3,3,1.0,True,1.0,1.0,0.5654648767857288,0.0,0.5654648767857288,0.0,0.5,0.0
OpenRCT2/OpenRCT2,64f99defadb150f4,0.5,5,3,1.0,True,1.0,1.0,0.5654648767857288,0.0,0.5654648767857288,0.0,0.5,0.0
OpenRCT2/OpenRCT2,ce99d95a5f9e3514,0.3888888888888889,3,3,1.0,True,1.0,1.0,0.5,0.0,0.5,0.0,0.5,0.0
OpenRCT2/OpenRCT2,9bdf88e8ae1c6af1,0.0,9,5,0.0,True,0.3031610197508213,0.0,0.0,0.0,0.0,0.0,0.3031610197508213,0.0
OpenRCT2/OpenRCT2,60ac30823e669ae8,0.011560693641618497,29,24,0.0,True,0.5967044283071977,0.0,0.5967044283071977,0.0,0.5967044283071977,0.0,0.5967044283071977,0.0
OpenVPN/openvpn,fc8551cc2f19c8d0,0.08695652173913043,9,7,0.0,True,1.0,1.0,1.0,1.0,1.0,1.0,1.0,1.0
OpenVPN/openvpn,158dd91e3e4a3459,0.17050691244239632,1,1,0.0,True,0.5,0.0,0.5,0.0,0.5,0.0,0.5,0.0
OpenVPN/openvpn,2ad9e6c6a4d80f2b,0.5188679245283019,20,20,1.0,True,0.28253599074757685,0.0,0.02613568741512197,0.0,0.02613568741512197,0.0,0.032979565640487096,0.0
OpenVPN/openvpn,a724f50b58931940,0.07976653696498054,6,5,0.0,True,0.6529399440693054,0.0,0.6529399440693054,0.0,0.6529399440693054,0.0,0.5681212831057169,0.0
OpenVPN/openvpn,9a2f9a2c37d9b7f8,0.1702127659574468,0,0,0.0,False,,,,,,,,
OpenVPN/openvpn,27bc2a92257e73f9,0.01818181818181818,2,2,0.0,True,1.0,1.0,1.0,1.0,1.0,1.0,1.0,1.0
OpenVPN/openvpn,c352dbfea84a922b,0.42661691542288555,3,3,1.0,True,0.38685280723454163,0.0,0.43067655807339306,0.0,0.43067655807339306,0.0,0.38685280723454163,0.0
OpenVPN/openvpn,ea3208608bfbe328,0.6539379474940334,1,1,1.0,True,0.5,0.0,0.6309297535714575,0.0,0.6309297535714575,0.0,0.43067655807339306,0.0
OpenVPN/openvpn,54ac7fa3d7eb4272,0.2665639445300462,40,40,0.0,True,0.8148850336873881,1.0,0.8640366191836947,1.0,0.8841406829875246,1.0,0.8640366191836947,1.0
OpenVPN/openvpn,da9fa188ee8a350f,0.23529411764705882,1,0,0.0,False,,,,,,,,
OpenVPN/openvpn,ae1bb01ad3bae387,0.11439114391143912,3,3,0.0,True,0.626665273802673,0.0,0.543791241910304,0.0,0.543791241910304,0.0,0.5271341073823443,0.0
OpenVPN/openvpn,cce111e9a83183c1,0.5084745762711864,0,0,0.0,False,,,,,,,,
OpenVPN/openvpn,6f5b55b01f998652,0.527927927927928,10,9,1.0,True,0.5,0.0,0.6309297535714575,0.0,0.5,0.0,0.6309297535714575,0.0
OpenVPN/openvpn,0968d64560e776f5,0.27147766323024053,2,2,0.0,True,0.43067655807339306,0.0,0.43067655807339306,0.0,0.43067655807339306,0.0,0.5,0.0
OpenVPN/openvpn,eede2909af4b17a1,0.08,2,2,0.0,True,0.5,0.0,0.5,0.0,0.5,0.0,0.5,0.0
OpenVPN/openvpn,8e9aab7e4456a80f,0.5714285714285714,0,0,1.0,False,,,,,,,,
OpenVPN/openvpn,edbe602e41988188,0.5053003533568905,4,3,1.0,True,0.5,0.0,0.5,0.0,0.5,0.0,0.6309297535714575,0.0
OpenVPN/openvpn,478db573da2cd71d,0.45161290322580644,2,2,0.0,True,0.5,0.0,0.5,0.0,0.38685280723454163,0.0,0.6309297535714575,0.0
OpenVPN/openvpn,556b192ed9b4ff6a,0.42333333333333334,5,5,1.0,True,0.35195904451706733,0.0,0.4441228664487979,0.0,0.4441228664487979,0.0,0.4441228664487979,0.0
OpenVPN/openvpn,d73abdd16ec910cc,0.6620689655172414,3,3,1.0,True,0.5,0.0,0.5,0.0,0.5,0.0,0.43067655807339306,0.0
OpenVPN/openvpn,0bdec7139b85f6c1,0.1853146853146853,1,1,0.0,True,0.5,0.0,0.5,0.0,0.43067655807339306,0.0,0.0,0.0
OpenVPN/openvpn,ff728cfca517620c,0.4230769230769231,0,0,0.0,False,,,,,,,,
OpenVPN/openvpn,2e7c0ae38c39f56d,0.10144927536231885,2,0,0.0,False,,,,,,,,
OpenVPN/openvpn,ea660d32b64a96d1,0.175,1,1,0.0,True,0.5,0.0,0.6309297535714575,0.0,0.6309297535714575,0.0,0.6309297535714575,0.0
OpenVPN/openvpn,53bc8fcf1518f057,0.14566929133858267,2,2,0.0,True,0.6309297535714575,0.0,0.6309297535714575,0.0,0.6309297535714575,0.0,0.6309297535714575,0.0
OrchardCMS/OrchardCore,c33e36203a8d5f3f,0.5,0,0,1.0,False,,,,,,,,
OrchardCMS/OrchardCore,bd7c4a13909112c9,0.75,0,0,1.0,False,,,,,,,,
OrchardCMS/OrchardCore,2b117eef8b0614bd,0.5294117647058824,0,0,1.0,False,,,,,,,,
OrchardCMS/OrchardCore,55ee6ff2de197704,0.7777777777777778,0,0,1.0,False,,,,,,,,
OrchardCMS/OrchardCore,9c63f72319db660d,0.5952380952380952,0,0,1.0,False,,,,,,,,
OrchardCMS/OrchardCore,60c2b5d3045c2914,0.6190476190476191,1,0,1.0,False,,,,,,,,
OrchardCMS/OrchardCore,b27be4c994a4a59e,0.6583333333333333,0,0,1.0,False,,,,,,,,
OrchardCMS/OrchardCore,4eeebeab4a815431,0.660377358490566,1,1,1.0,True,1.0,1.0,0.6309297535714575,0.0,0.6309297535714575,0.0,0.6309297535714575,0.0
OrchardCMS/OrchardCore,1f33743f74532ecf,0.75,0,0,1.0,False,,,,,,,,
OrchardCMS/OrchardCore,5e0a20362a26b49f,0.625,0,0,1.0,False,,,,,,,,
OrchardCMS/OrchardCore,ef80bc724a14fc51,0.4444444444444444,0,0,0.0,False,,,,,,,,
OrchardCMS/OrchardCore,c7c853e2aa02120f,0.42857142857142855,0,0,0.0,False,,,,,,,,
OrchardCMS/OrchardCore,d6bdcbb9200837d8,0.654320987654321,0,0,1.0,False,,,,,,,,
OrchardCMS/OrchardCore,7666c52f91bb9aae,0.7222222222222222,1,1,1.0,True,1.0,1.0,0.6309297535714575,0.0,0.6309297535714575,0.0,0.5,0.0
OrchardCMS/OrchardCore,f68ec1d73876514d,0.5555555555555556,0,0,1.0,False,,,,,,,,
OrchardCMS/OrchardCore,be45fc9678fb37c7,0.8425531914893617,0,0,1.0,False,,,,,,,,
OrchardCMS/OrchardCore,8031a7f1b54561e7,0.7433628318584071,0,0,1.0,False,,,,,,,,
OrchardCMS/OrchardCore,dad7790f21c8177b,0.4,1,0,1.0,False,,,,,,,,
OrchardCMS/OrchardCore,2aac235ce042eef7,0.68,0,0,1.0,False,,,,,,,,
OrchardCMS/OrchardCore,e86cf83b4a0f3f2c,0.8823529411764706,0,0,1.0,False,,,,,,,,
OrchardCMS/OrchardCore,4cc66687ba043ad9,0.7411764705882353,1,0,1.0,False,,,,,,,,
OrchardCMS/OrchardCore,00f6a4b371b6e5dd,0.7213114754098361,4,1,1.0,True,1.0,1.0,0.5654648767857288,0.0,0.6309297535714575,0.0,0.6309297535714575,0.0
OrchardCMS/OrchardCore,5551c2109da8db47,0.5714285714285714,0,0,1.0,False,,,,,,,,
OrchardCMS/OrchardCore,11c35e01e598a157,0.5263157894736842,0,0,1.0,False,,,,,,,,
OrchardCMS/OrchardCore,eecfcef31e45e7f0,0.631578947368421,1,1,1.0,True,1.0,1.0,0.5,0.0,0.5,0.0,0.46533827903669656,0.0
PHP-CS-Fixer/PHP-CS-Fixer,32005148637e7d43,0.007782101167315175,1,0,0.0,False,,,,,,,,
PHP-CS-Fixer/PHP-CS-Fixer,13103451fab03d40,0.05454545454545454,1,1,0.0,True,1.0,1.0,1.0,1.0,1.0,1.0,1.0,1.0
PHP-CS-Fixer/PHP-CS-Fixer,5d18b1b5000be67c,0.08,1,0,0.0,False,,,,,,,,
PHP-CS-Fixer/PHP-CS-Fixer,e3fd6c15d80e1e98,0.01694915254237288,0,0,0.0,False,,,,,,,,
PHP-CS-Fixer/PHP-CS-Fixer,6c9c4c8ed99dfc01,0.08333333333333333,0,0,0.0,False,,,,,,,,
PHP-CS-Fixer/PHP-CS-Fixer,4cd255880dc1cdac,0.08333333333333333,0,0,0.0,False,,,,,,,,
PHP-CS-Fixer/PHP-CS-Fixer,3f7974c782c5740d,0.027210884353741496,1,1,1.0,True,1.0,1.0,0.5,0.0,1.0,1.0,0.6309297535714575,0.0
PHP-CS-Fixer/PHP-CS-Fixer,e6cc96736dcb8fd3,0.01084010840108401,0,0,0.0,False,,,,,,,,
PHP-CS-Fixer/PHP-CS-Fixer,0c1219efa96f1f11,0.06930693069306931,4,2,0.0,True,1.0,1.0,1.0,1.0,1.0,1.0,1.0,1.0
PHP-CS-Fixer/PHP-CS-Fixer,08bd5b0983d79037,0.05434782608695652,0,0,0.0,False,,,,,,,,
PHP-CS-Fixer/PHP-CS-Fixer,a8fd752ab023664c,0.023529411764705882,2,1,0.0,True,1.0,1.0,1.0,1.0,1.0,1.0,1.0,1.0
PHP-CS-Fixer/PHP-CS-Fixer,9e31fcf96922b848,0.08333333333333333,0,0,0.0,False,,,,,,,,
PHP-CS-Fixer/PHP-CS-Fixer,620aedac2cbef865,0.0106951871657754,0,0,0.0,False,,,,,,,,
PHP-CS-Fixer/PHP-CS-Fixer,b9182c37263d9be0,0.04225352112676056,1,1,0.0,True,1.0,1.0,1.0,1.0,1.0,1.0,1.0,1.0
PHP-CS-Fixer/PHP-CS-Fixer,71e469c203e0dcc9,0.008968609865470852,0,0,0.0,False,,,,,,,,
PHP-CS-Fixer/PHP-CS-Fixer,eef1b56a3d115363,0.041666666666666664,0,0,0.0,False,,,,,,,,
PHP-CS-Fixer/PHP-CS-Fixer,acb10953b5a3a911,0.05263157894736842,0,0,0.0,False,,,,,,,,
PHP-CS-Fixer/PHP-CS-Fixer,9eb0720eef56fa33,0.05673758865248227,2,2,0.0,True,1.0,1.0,1.0,1.0,1.0,1.0,1.0,1.0
PHP-CS-Fixer/PHP-CS-Fixer,e2ba6e562e592437,0.047058823529411764,0,0,0.0,False,,,,,,,,
PHP-CS-Fixer/PHP-CS-Fixer,041e144fa7ce2889,0.06896551724137931,0,0,0.0,False,,,,,,,,
PHP-CS-Fixer/PHP-CS-Fixer,201009c5babf613e,0.00823045267489712,1,1,0.0,True,1.0,1.0,1.0,1.0,1.0,1.0,1.0,1.0
PHP-CS-Fixer/PHP-CS-Fixer,c57acddd7a7d8f39,0.05660377358490566,2,2,0.0,True,0.38685280723454163,0.0,0.38685280723454163,0.0,0.38685280723454163,0.0,0.38685280723454163,0.0
PHP-CS-Fixer/PHP-CS-Fixer,fe47dc10f0dd8aa3,0.016260162601626018,1,1,0.0,True,0.5,0.0,0.5,0.0,0.5,0.0,0.5,0.0
PHP-CS-Fixer/PHP-CS-Fixer,982819dbe64db905,0.008928571428571428,2,2,0.0,True,0.0,0.0,0.0,0.0,0.0,0.0,0.0,0.0
PHP-CS-Fixer/PHP-CS-Fixer,74b5c781c19ede29,0.0125,2,2,0.0,True,1.0,1.0,1.0,1.0,1.0,1.0,1.0,1.0
Portkey-AI/gateway,11f2ea992e3a6b76,0.11235955056179775,2,2,0.0,True,1.0,1.0,1.0,1.0,1.0,1.0,1.0,1.0
Portkey-AI/gateway,a9f79fe1e1b32da6,0.3076923076923077,0,0,1.0,False,,,,,,,,
Portkey-AI/gateway,cc19f4021377e44c,0.7142857142857143,1,0,0.0,False,,,,,,,,
Portkey-AI/gateway,a6cd2dd93b2c63e3,0.5454545454545454,0,0,0.0,False,,,,,,,,
Portkey-AI/gateway,51fc5e22a8a7dd2b,0.7846153846153846,0,0,0.0,False,,,,,,,,
Portkey-AI/gateway,2e381b4559b382a3,0.1034928848641656,23,16,0.0,True,0.9871886574467965,1.0,0.9843850013924381,1.0,0.9843850013924381,1.0,0.9843850013924381,1.0
Portkey-AI/gateway,275e410067757f9b,0.6214285714285714,8,8,0.0,True,0.6309297535714575,0.0,0.6309297535714575,0.0,0.6309297535714575,0.0,0.6309297535714575,0.0
Portkey-AI/gateway,873ee8998d83587a,0.48598130841121495,0,0,0.0,False,,,,,,,,
Portkey-AI/gateway,c9736df98f8531a5,0.021052631578947368,3,3,0.0,True,0.5,0.0,0.5,0.0,0.5,0.0,0.5,0.0
Portkey-AI/gateway,406c3e643cc97602,0.5892857142857143,1,0,0.0,False,,,,,,,,
Portkey-AI/gateway,8ce6ac87970247f8,0.3225806451612903,0,0,1.0,False,,,,,,,,
Portkey-AI/gateway,b80a040490131893,0.2558139534883721,0,0,0.0,False,,,,,,,,
Portkey-AI/gateway,00d222be7ac0946a,0.5,0,0,0.0,False,,,,,,,,
Portkey-AI/gateway,7bb6c2b63ac52f40,0.8064516129032258,9,1,0.0,True,1.0,1.0,1.0,1.0,1.0,1.0,1.0,1.0
Portkey-AI/gateway,a4e32d257cbb5de4,0.13278008298755187,11,11,0.0,True,1.0,1.0,1.0,1.0,1.0,1.0,1.0,1.0
Portkey-AI/gateway,83935befbb47fb34,0.4444444444444444,0,0,0.0,False,,,,,,,,
Portkey-AI/gateway,cc25267dcfeef012,0.16304347826086957,5,5,0.0,True,0.5449702648457346,0.0,0.5449702648457346,0.0,0.5449702648457346,0.0,0.43187871689428314,0.0
Portkey-AI/gateway,488ab83f0a405c2e,0.18487394957983194,19,2,0.0,True,0.23719771276929622,0.0,0.23719771276929622,0.0,0.23719771276929622,0.0,0.11859885638464811,0.0
Portkey-AI/gateway,eba4d186a6c981dc,0.26506024096385544,0,0,0.0,False,,,,,,,,
Portkey-AI/gateway,7a3e6bc7b3e54db6,0.8518518518518519,0,0,1.0,False,,,,,,,,
Portkey-AI/gateway,b12b95877e563659,0.2564102564102564,2,1,1.0,True,0.5,0.0,0.5,0.0,0.5,0.0,0.5,0.0
Portkey-AI/gateway,a2a171449d862fe2,0.0959409594095941,15,15,0.0,True,0.7390803982015969,0.0,0.7390803982015969,0.0,0.7390803982015969,0.0,0.7390803982015969,0.0
Portkey-AI/gateway,c6837d6df2707758,0.5086705202312138,3,0,0.0,False,,,,,,,,
Portkey-AI/gateway,86e9023474916909,0.75,0,0,0.0,False,,,,,,,,
Portkey-AI/gateway,446a6e28a8a16493,0.325,0,0,1.0,False,,,,,,,,
PostgresApp/PostgresApp,8841044e0e03c24e,0.013663535439795047,25,25,0.0,True,1.0,1.0,1.0,1.0,1.0,1.0,1.0,1.0
PostgresApp/PostgresApp,eaaf4a2bffaba17f,0.012126111560226353,64,64,0.0,True,1.0,1.0,1.0,1.0,1.0,1.0,1.0,1.0
PostgresApp/PostgresApp,98ac8ab7f83fae32,0.013452914798206279,20,20,0.0,True,1.0,1.0,1.0,1.0,1.0,1.0,1.0,1.0
PostgresApp/PostgresApp,e7ed160fb9607236,0.0016286644951140066,2,2,0.0,True,0.6309297535714575,0.0,0.6309297535714575,0.0,0.6309297535714575,0.0,0.6309297535714575,0.0
PostgresApp/PostgresApp,30d604bfc0f73787,0.13725490196078433,1,1,0.0,True,0.6309297535714575,0.0,0.6309297535714575,0.0,0.6309297535714575,0.0,0.6309297535714575,0.0
PostgresApp/PostgresApp,906871a810937753,0.09473684210526316,1,0,0.0,False,,,,,,,,
PostgresApp/PostgresApp,0c160811beb33fe8,0.013761467889908258,22,22,0.0,True,1.0,1.0,1.0,1.0,1.0,1.0,1.0,1.0
PostgresApp/PostgresApp,0b887189ef879222,0.23170731707317074,1,0,0.0,False,,,,,,,,
PostgresApp/PostgresApp,481bde0618b40a67,0.4589041095890411,1,0,1.0,False,,,,,,,,
PostgresApp/PostgresApp,c22574e3c0981958,0.11971830985915492,2,2,0.0,True,0.9197207891481876,1.0,0.9197207891481876,1.0,0.9197207891481876,1.0,0.9197207891481876,1.0
PostgresApp/PostgresApp,693c7573b4292b56,0.14285714285714285,1,1,0.0,True,0.6309297535714575,0.0,0.6309297535714575,0.0,0.6309297535714575,0.0,0.6309297535714575,0.0
PostgresApp/PostgresApp,5e33359db8e6b709,0.375,1,0,0.0,False,,,,,,,,
PostgresApp/PostgresApp,e9b744e577b5c097,0.013888888888888888,20,20,0.0,True,1.0,1.0,1.0,1.0,1.0,1.0,1.0,1.0
PostgresApp/PostgresApp,4def42543803a131,0.15454545454545454,2,1,0.0,True,0.6309297535714575,0.0,0.6309297535714575,0.0,0.6309297535714575,0.0,0.6309297535714575,0.0
PostgresApp/PostgresApp,adb1380952a19d96,0.5,1,0,0.0,False,,,,,,,,
PostgresApp/PostgresApp,4f0208cc523c52a0,0.17777777777777778,1,0,0.0,False,,,,,,,,
PostgresApp/PostgresApp,fb5b04f205a35c12,0.3888888888888889,1,0,0.0,False,,,,,,,,
PrismLauncher/PrismLauncher,92598a1d24ade4b2,0.34065934065934067,2,1,0.0,True,0.5,0.0,0.5,0.0,0.43067655807339306,0.0,0.5,0.0
PrismLauncher/PrismLauncher,54cbc58d58752a71,0.5,0,0,0.0,False,,,,,,,,
PrismLauncher/PrismLauncher,a0af916377380ee7,0.09523809523809523,1,0,0.0,False,,,,,,,,
PrismLauncher/PrismLauncher,bd343ccb4d1ea490,0.23076923076923078,0,0,0.0,False,,,,,,,,
PrismLauncher/PrismLauncher,229d2ae6926a324e,0.5,4,4,1.0,True,0.19342640361727081,0.0,0.38685280723454163,0.0,0.0,0.0,0.43067655807339306,0.0
PrismLauncher/PrismLauncher,d7aef5ecec2cc688,0.11627906976744186,6,5,0.0,True,0.5,0.0,0.40876468265396737,0.0,0.40876468265396737,0.0,0.5,0.0
PrismLauncher/PrismLauncher,c284300aedc56b8a,0.10476190476190476,3,3,1.0,True,0.5,0.0,0.5654648767857288,0.0,0.5654648767857288,0.0,0.5,0.0
PrismLauncher/PrismLauncher,c634eb1a1a46c2d2,0.4152542372881356,4,0,0.0,False,,,,,,,,
PrismLauncher/PrismLauncher,cdc80996b8f8340e,0.3469387755102041,4,1,1.0,True,0.43067655807339306,0.0,0.38685280723454163,0.0,0.0,0.0,0.38685280723454163,0.0
PrismLauncher/PrismLauncher,c115806ef59a43f5,0.3509933774834437,10,2,0.0,True,0.5572065140536727,0.0,0.5012658353418871,0.0,0.5012658353418871,0.0,0.5839109145779317,0.0
PrismLauncher/PrismLauncher,0c84b56d09b0af3b,0.08450704225352113,2,0,0.0,False,,,,,,,,
PrismLauncher/PrismLauncher,c77d67d3e14014e8,0.32,0,0,1.0,False,,,,,,,,
PrismLauncher/PrismLauncher,61e5ba9cb2a563d8,0.48854961832061067,2,1,0.0,True,0.43067655807339306,0.0,0.38685280723454163,0.0,0.38685280723454163,0.0,0.43067655807339306,0.0
PrismLauncher/PrismLauncher,7365a48aba00a5d2,0.4111111111111111,2,0,0.0,False,,,,,,,,
PrismLauncher/PrismLauncher,3eb9d88e67f71c55,0.4251968503937008,0,0,0.0,False,,,,,,,,
PrismLauncher/PrismLauncher,4b4f27a7b84ca679,0.0213903743315508,15,14,0.0,True,0.6199741996217956,0.0,0.6199741996217956,0.0,0.5352812079044064,0.0,0.6199741996217956,0.0
PrismLauncher/PrismLauncher,ac15b79f66d080c9,0.08065994500458296,37,14,0.0,True,0.03668128359835428,0.0,0.03668128359835428,0.0,0.03668128359835428,0.0,0.03668128359835428,0.0
PrismLauncher/PrismLauncher,4cd2af94e8fb4bdc,0.6983471074380165,1,0,0.0,False,,,,,,,,
PrismLauncher/PrismLauncher,bf838cb81f90912b,0.0,5,2,0.0,True,0.5,0.0,0.5,0.0,0.43067655807339306,0.0,0.5,0.0
PrismLauncher/PrismLauncher,81ae449008d665b0,0.0967741935483871,0,0,0.0,False,,,,,,,,
PrismLauncher/PrismLauncher,eb5259cd8d149424,0.06896551724137931,0,0,0.0,False,,,,,,,,
PrismLauncher/PrismLauncher,dc22cc925ba1693d,0.09574468085106383,0,0,0.0,False,,,,,,,,
PrismLauncher/PrismLauncher,bcd256bae028e3f5,0.17073170731707318,0,0,0.0,False,,,,,,,,
PrismLauncher/PrismLauncher,55d63f241b44b17f,0.018691588785046728,8,6,0.0,True,0.0,0.0,0.0,0.0,0.0,0.0,0.0,0.0
PrismLauncher/PrismLauncher,2033987288a63769,0.15942028985507245,1,0,0.0,False,,,,,,,,
PyGithub/PyGithub,7c80020776af9142,0.0,0,0,0.0,False,,,,,,,,
PyGithub/PyGithub,a24d6ce2f903ea03,0.0,0,0,0.0,False,,,,,,,,
PyGithub/PyGithub,3d74db9c445cc350,0.008583690987124463,2,2,0.0,True,0.5,0.0,0.5,0.0,0.5,0.0,0.5,0.0
PyGithub/PyGithub,60555e8a06f7bef2,0.0,5,3,0.0,True,0.6309297535714575,0.0,0.6309297535714575,0.0,0.43067655807339306,0.0,0.6309297535714575,0.0
PyGithub/PyGithub,8d61276402f807cf,0.24778761061946902,0,0,0.0,False,,,,,,,,
PyGithub/PyGithub,bb653f26118dc2c1,0.013157894736842105,4,4,0.0,True,0.6309297535714575,0.0,0.6309297535714575,0.0,0.6309297535714575,0.0,0.6309297535714575,0.0
PyGithub/PyGithub,c056b6914575e700,0.0,1,1,0.0,True,0.6309297535714575,0.0,0.6309297535714575,0.0,0.5,0.0,0.6309297535714575,0.0
PyGithub/PyGithub,d1362af0351c770b,0.04452054794520548,5,4,0.0,True,0.6309297535714575,0.0,0.6309297535714575,0.0,0.6309297535714575,0.0,0.6309297535714575,0.0
PyGithub/PyGithub,d2a1ed30d8ad4680,0.42452830188679247,0,0,1.0,False,,,,,,,,
PyGithub/PyGithub,9d9ded4d461e19bc,0.17757009345794392,0,0,0.0,False,,,,,,,,
PyGithub/PyGithub,a9cdf635b0680040,0.031382527565733676,6,6,0.0,True,0.43067655807339306,0.0,0.43067655807339306,0.0,0.0,0.0,0.43067655807339306,0.0
PyGithub/PyGithub,49b781a16ea5e982,0.0,0,0,0.0,False,,,,,,,,
PyGithub/PyGithub,7c3a6b7e92a2c75c,0.0,0,0,0.0,False,,,,,,,,
PyGithub/PyGithub,37bebb7eca777e12,0.058823529411764705,0,0,0.0,False,,,,,,,,
PyGithub/PyGithub,22f5eaf1a1eed6d1,0.019417475728155338,4,4,0.0,True,1.0,1.0,1.0,1.0,1.0,1.0,1.0,1.0
PyGithub/PyGithub,ce796927c59b3eb7,0.0129366106080207,4,4,0.0,True,0.6309297535714575,0.0,0.6309297535714575,0.0,0.5654648767857288,0.0,0.6309297535714575,0.0
PyGithub/PyGithub,544d9560cd7f085b,0.0405616224648986,11,10,0.0,True,1.0,1.0,1.0,1.0,1.0,1.0,1.0,1.0
PyGithub/PyGithub,9498df1886cb0674,0.0,0,0,0.0,False,,,,,,,,
PyGithub/PyGithub,6b4f1dcb93df42d0,0.0,0,0,0.0,False,,,,,,,,
PyGithub/PyGithub,1fd9c25a757542c0,0.03515625,2,2,0.0,True,0.6309297535714575,0.0,0.6309297535714575,0.0,1.0,1.0,0.6309297535714575,0.0
PyGithub/PyGithub,24dcecf96708d3d4,0.10714285714285714,1,1,0.0,True,0.6309297535714575,0.0,0.6309297535714575,0.0,0.6309297535714575,0.0,0.6309297535714575,0.0
PyGithub/PyGithub,78d0a22ec8992aae,0.125,0,0,0.0,False,,,,,,,,
PyGithub/PyGithub,a1ea0d596ca8407c,0.0,0,0,0.0,False,,,,,,,,
PyGithub/PyGithub,b71e409dabe8a6a4,0.0,0,0,0.0,False,,,,,,,,
PyGithub/PyGithub,5a01d1a613eec677,0.0,1,1,0.0,True,0.6309297535714575,0.0,0.6309297535714575,0.0,0.5,0.0,0.6309297535714575,0.0
Qiskit/qiskit,6f7ac69029085a69,0.022727272727272728,5,1,0.0,True,0.6309297535714575,0.0,0.6309297535714575,0.0,0.6309297535714575,0.0,0.6309297535714575,0.0
Qiskit/qiskit,b63a6a5399043bf7,0.006289308176100629,4,1,0.0,True,0.43067655807339306,0.0,0.43067655807339306,0.0,0.43067655807339306,0.0,0.40876468265396737,0.0
Qiskit/qiskit,18443e8f68bc67d9,0.058823529411764705,5,4,0.0,True,0.8403030283801005,0.0,0.8403030283801005,0.0,0.8403030283801005,0.0,0.84598267059683,0.0
Qiskit/qiskit,75175d9c6f3e286f,0.001876172607879925,19,15,0.0,True,1.0,1.0,1.0,1.0,1.0,1.0,1.0,1.0
Qiskit/qiskit,a95d670e90cf72b0,0.005847953216374269,5,3,0.0,True,0.5,0.0,0.5,0.0,0.6309297535714575,0.0,0.5,0.0
Qiskit/qiskit,c345420852085338,0.09929078014184398,3,2,0.0,True,0.38685280723454163,0.0,0.38685280723454163,0.0,0.38685280723454163,0.0,0.3065735963827292,0.0
Qiskit/qiskit,c5ffeb363e2624e3,0.14285714285714285,4,3,0.0,True,0.5307212739772434,0.0,0.5307212739772434,0.0,0.5307212739772434,0.0,0.5307212739772434,0.0
Qiskit/qiskit,a13750b6e836f665,0.11818181818181818,2,1,0.0,True,0.6309297535714575,0.0,0.6309297535714575,0.0,0.6309297535714575,0.0,0.0,0.0
Qiskit/qiskit,78f22c977d56c4a6,0.0297029702970297,2,2,0.0,True,0.5437713091520254,0.0,0.5225185722469563,0.0,0.25063291767094353,0.0,0.3065735963827292,0.0
Qiskit/qiskit,9d30dad8d1a813da,0.033112582781456956,3,1,0.0,True,0.43067655807339306,0.0,0.43067655807339306,0.0,0.43067655807339306,0.0,0.0,0.0
Qiskit/qiskit,3e460c80db9b2b95,0.03643724696356275,1,0,0.0,False,,,,,,,,
Qiskit/qiskit,5447e5531a6e91ae,0.09714285714285714,2,2,0.0,True,0.5012658353418871,0.0,0.5012658353418871,0.0,0.5012658353418871,0.0,0.2640681225725909,0.0
Qiskit/qiskit,525c55138e11d21c,0.023809523809523808,1,0,0.0,False,,,,,,,,
Qiskit/qiskit,9a9fbd3ccf9e2411,0.04878048780487805,2,2,0.0,True,0.6934264036172708,0.0,0.6561326178094137,0.0,0.4736622081633582,0.0,0.38685280723454163,0.0
Qiskit/qiskit,5fd80c35713f1aad,0.0053475935828877,2,2,0.0,True,0.5012658353418871,0.0,0.5012658353418871,0.0,0.0,0.0,0.5012658353418871,0.0
Qiskit/qiskit,ce2ecc20bef4cc3d,0.10416666666666667,3,1,0.0,True,0.6309297535714575,0.0,0.5,0.0,0.5,0.0,0.0,0.0
Qiskit/qiskit,212145e019e65179,0.0949367088607595,2,2,0.0,True,0.5706417189553201,0.0,0.5706417189553201,0.0,0.5012658353418871,0.0,0.3065735963827292,0.0
Qiskit/qiskit,55dece968b00965d,0.175,2,0,0.0,False,,,,,,,,
Qiskit/qiskit,fad7b39a2aa659f4,0.045454545454545456,4,1,0.0,True,0.43067655807339306,0.0,0.5,0.0,0.43067655807339306,0.0,0.0,0.0
Qiskit/qiskit,26d267849c2c2f1d,0.0,2,1,0.0,True,0.40876468265396737,0.0,0.40876468265396737,0.0,0.40876468265396737,0.0,0.40876468265396737,0.0
Qiskit/qiskit,796dcfd932631e95,0.19230769230769232,2,2,0.0,True,0.6934264036172708,0.0,0.6509209298071326,0.0,0.5572065140536727,0.0,0.38685280723454163,0.0
Qiskit/qiskit,a7f94778c8a9f53e,0.012244897959183673,6,3,0.0,True,0.8597186998521972,0.0,0.8597186998521972,0.0,0.8597186998521972,0.0,0.8597186998521972,0.0
Qiskit/qiskit,c308c60e644b141e,0.005257623554153523,17,15,0.0,True,0.9829031498184599,1.0,0.9829031498184599,1.0,0.9829031498184599,1.0,0.9829031498184599,1.0
Qiskit/qiskit,47c3d59eb3d6911c,0.16981132075471697,2,1,0.0,True,0.5,0.0,0.5,0.0,0.5,0.0,0.46533827903669656,0.0
Qiskit/qiskit,c43e40f0781914fd,0.01015228426395939,3,1,0.0,True,1.0,1.0,1.0,1.0,1.0,1.0,1.0,1.0
RSS-Bridge/rss-bridge,86f454379f03bfbb,0.07835051546391752,0,0,0.0,False,,,,,,,,
RSS-Bridge/rss-bridge,8533eb7fb7327ba9,0.8035714285714286,4,0,1.0,False,,,,,,,,
RSS-Bridge/rss-bridge,6b5d35944b6517de,0.8125,1,1,1.0,True,0.6309297535714575,0.0,1.0,1.0,1.0,1.0,1.0,1.0
RSS-Bridge/rss-bridge,b66d2a5a5fab0be5,0.9221967963386728,1,0,1.0,False,,,,,,,,
RSS-Bridge/rss-bridge,fc30e6a567dea8ca,0.8604651162790697,0,0,0.0,False,,,,,,,,
RSS-Bridge/rss-bridge,ab78e31a050fec61,0.7037037037037037,1,0,1.0,False,,,,,,,,
RSS-Bridge/rss-bridge,81eea2eb353c79c0,0.8333333333333334,1,0,1.0,False,,,,,,,,
RSS-Bridge/rss-bridge,3f6b63cdcd3da1fc,0.851063829787234,0,0,1.0,False,,,,,,,,
RSS-Bridge/rss-bridge,dd4909f1a9fe228d,0.6666666666666666,0,0,1.0,False,,,,,,,,
RSS-Bridge/rss-bridge,9c0fc4e0311603cd,0.8096514745308311,1,0,1.0,False,,,,,,,,
RSS-Bridge/rss-bridge,3bd40c69c199cb51,0.9644670050761421,1,0,1.0,False,,,,,,,,
RSS-Bridge/rss-bridge,4f8ef3be738ea705,0.6296296296296297,0,0,0.0,False,,,,,,,,
RSS-Bridge/rss-bridge,aa79031c94bcc932,0.9347826086956522,0,0,1.0,False,,,,,,,,
RSS-Bridge/rss-bridge,a48481eaea295fbb,0.4,0,0,1.0,False,,,,,,,,
RSS-Bridge/rss-bridge,dd0652f9775b07c4,0.9368932038834952,0,0,1.0,False,,,,,,,,
RSS-Bridge/rss-bridge,e7a1eb667b350c72,0.9230769230769231,0,0,1.0,False,,,,,,,,
RSS-Bridge/rss-bridge,9e3ec65c1d6f5b00,0.7380952380952381,2,0,1.0,False,,,,,,,,
RSS-Bridge/rss-bridge,22f86e463b9e66a6,0.8602150537634409,1,0,1.0,False,,,,,,,,
RSS-Bridge/rss-bridge,0ba015b13d9884c0,0.7846153846153846,1,0,1.0,False,,,,,,,,
RSS-Bridge/rss-bridge,5bf48b0d565b51db,0.9647058823529412,3,1,1.0,True,1.0,1.0,0.6309297535714575,0.0,0.6309297535714575,0.0,0.38685280723454163,0.0
RSS-Bridge/rss-bridge,dc4e678170e1acc0,0.7555555555555555,0,0,1.0,False,,,,,,,,
RSS-Bridge/rss-bridge,fb1129a36b0565f4,0.2537313432835821,0,0,0.0,False,,,,,,,,
RSS-Bridge/rss-bridge,639834ca90b38475,0.5140845070422535,1,1,1.0,True,0.6309297535714575,0.0,1.0,1.0,1.0,1.0,1.0,1.0
RSS-Bridge/rss-bridge,b7557e9b4fb74182,0.7160493827160493,1,0,1.0,False,,,,,,,,
RSS-Bridge/rss-bridge,dc9ab4889d83a836,0.9759036144578314,2,0,1.0,False,,,,,,,,
Rapptz/discord.py,715b918bcfc75e2f,0.0036529680365296802,1,0,0.0,False,,,,,,,,
Rapptz/discord.py,3644056065968898,0.0036231884057971015,4,2,0.0,True,0.6309297535714575,0.0,0.6309297535714575,0.0,0.6309297535714575,0.0,0.6309297535714575,0.0
Rapptz/discord.py,dfbfd84f37dde4bf,0.020890937019969278,6,4,0.0,True,0.5585075862632192,1.0,0.5585075862632192,1.0,0.5585075862632192,1.0,0.5585075862632192,1.0
Rapptz/discord.py,dd5da04f7a0c2c3e,0.011406844106463879,0,0,0.0,False,,,,,,,,
Rapptz/discord.py,bd360e6d12750dff,0.003015075376884422,3,3,0.0,True,0.7601875334318685,1.0,0.7601875334318685,1.0,0.7601875334318685,1.0,0.7601875334318685,1.0
Rapptz/discord.py,107e910e9f2ebfb9,0.041666666666666664,1,0,0.0,False,,,,,,,,
Rapptz/discord.py,ab03bf6626bcfe05,0.006622516556291391,0,0,0.0,False,,,,,,,,
Rapptz/discord.py,e567fdfa54d0deb5,0.0051513200257566,2,1,0.0,True,0.0,0.0,0.0,0.0,0.0,0.0,0.0,0.0
Rapptz/discord.py,9dd11a93ad3a835c,0.01015228426395939,0,0,0.0,False,,,,,,,,
Rapptz/discord.py,5b34989fd2527410,0.0,1,0,0.0,False,,,,,,,,
Rapptz/discord.py,33a7b4593fc4fdba,0.027777777777777776,0,0,0.0,False,,,,,,,,
Rapptz/discord.py,1c968e837817f6d4,0.009681881051175657,0,0,0.0,False,,,,,,,,
Rapptz/discord.py,98c3111f0e1f1387,0.0012165450121654502,4,2,0.0,True,0.8772153153380493,1.0,0.8772153153380493,1.0,0.8772153153380493,1.0,0.8772153153380493,1.0
Rapptz/discord.py,565760e04e4caa5b,0.054474708171206226,0,0,0.0,False,,,,,,,,
Rapptz/discord.py,acabd29a9fa764cb,0.007385524372230428,0,0,0.0,False,,,,,,,,
Rapptz/discord.py,6afaab6ebc84984f,0.0006203473945409429,1,1,0.0,True,0.6309297535714575,0.0,0.6309297535714575,0.0,0.6309297535714575,0.0,0.6309297535714575,0.0
Rapptz/discord.py,7799b6015d3d7d9e,0.007017543859649123,0,0,0.0,False,,,,,,,,
Rapptz/discord.py,e469ebe2e00da2f7,0.003278688524590164,1,0,0.0,False,,,,,,,,
Rapptz/discord.py,c4d5d087adf557b8,0.002793296089385475,12,8,0.0,True,0.8327487058290999,1.0,0.8327487058290999,1.0,0.8327487058290999,1.0,0.8327487058290999,1.0
Rapptz/discord.py,3708297e29d350ae,0.010309278350515464,0,0,0.0,False,,,,,,,,
Rapptz/discord.py,174d1d95f029b0a9,0.00992063492063492,0,0,0.0,False,,,,,,,,
Rapptz/discord.py,d14b2624201dd9db,0.00980392156862745,0,0,0.0,False,,,,,,,,
Rapptz/discord.py,17da7d4be3b014ac,0.008,1,1,0.0,True,0.6309297535714575,0.0,0.6309297535714575,0.0,0.6309297535714575,0.0,0.5205354372149502,0.0
Rapptz/discord.py,0804a3dd03c69fb2,0.0045045045045045045,0,0,0.0,False,,,,,,,,
Rapptz/discord.py,5a9a41bb6ece6e95,0.007575757575757576,0,0,0.0,False,,,,,,,,
Redot-Engine/redot-engine,663511b664fc21e4,0.036223929747530186,2,0,0.0,False,,,,,,,,
Redot-Engine/redot-engine,767752c116e6b2f5,0.04411764705882353,1,0,0.0,False,,,,,,,,
Redot-Engine/redot-engine,c104be17eafeab09,0.0600375234521576,2,0,0.0,False,,,,,,,,
Redot-Engine/redot-engine,3fabb557ffcb06b8,0.047149122807017545,1,0,0.0,False,,,,,,,,
Redot-Engine/redot-engine,9122c6ae75e45fa3,0.0955223880597015,2,0,0.0,False,,,,,,,,
Redot-Engine/redot-engine,3a958ea4573c75b1,0.36666666666666664,2,0,1.0,False,,,,,,,,
Redot-Engine/redot-engine,e9783f1deeb70f29,1.0,0,0,0.0,False,,,,,,,,
Redot-Engine/redot-engine,5d964a06a1c9a478,0.4578313253012048,1,0,1.0,False,,,,,,,,
Redot-Engine/redot-engine,0c572e6d8f4c20e5,0.15519399249061328,1,0,0.0,False,,,,,,,,
Redot-Engine/redot-engine,629deb7a2de79da7,0.2982456140350877,1,0,1.0,False,,,,,,,,
Redot-Engine/redot-engine,b45bccd33dccf830,1.0,0,0,0.0,False,,,,,,,,
Redot-Engine/redot-engine,665c472c7156a4cc,1.0,0,0,0.0,False,,,,,,,,
Redot-Engine/redot-engine,a5ab0c9351c2bec9,0.03672985781990521,1,0,0.0,False,,,,,,,,
Redot-Engine/redot-engine,52701eeaae348d23,0.17667844522968199,5,1,0.0,True,0.0,0.0,0.0,0.0,0.0,0.0,0.0,0.0
Redot-Engine/redot-engine,c774a788c66d21f8,0.2727272727272727,1,0,1.0,False,,,,,,,,
Redot-Engine/redot-engine,20b34ee6a6f2ffcb,0.0071477980170624855,3,2,0.0,True,0.0,0.0,0.0,0.0,0.0,0.0,0.0,0.0
Redot-Engine/redot-engine,8da85ab9bf3d8728,0.2980769230769231,1,0,1.0,False,,,,,,,,
Redot-Engine/redot-engine,ab20e90fdcf183d5,1.0,0,0,0.0,False,,,,,,,,
Redot-Engine/redot-engine,3b696d7192fdc37a,0.47058823529411764,1,0,1.0,False,,,,,,,,
Redot-Engine/redot-engine,5edddd5568985b93,1.0,0,0,0.0,False,,,,,,,,
Redot-Engine/redot-engine,7ef3074715b6240b,0.28440366972477066,1,0,0.0,False,,,,,,,,
Redot-Engine/redot-engine,eef6a82d8f6028e8,0.32,1,0,0.0,False,,,,,,,,
Redot-Engine/redot-engine,336b91470cfd2336,0.022304832713754646,1,0,0.0,False,,,,,,,,
Redot-Engine/redot-engine,3b5c455bd1f86e34,1.0,0,0,0.0,False,,,,,,,,
Redot-Engine/redot-engine,4b0aa39d9137a903,1.0,0,0,0.0,False,,,,,,,,
RfidResearchGroup/proxmark3,3d56b4a5617912b8,0.08874172185430464,7,4,0.0,True,1.0,1.0,0.9197207891481876,1.0,0.9197207891481876,1.0,0.9197207891481876,1.0
RfidResearchGroup/proxmark3,ead8094c9aa929b8,0.0047169811320754715,2,1,0.0,True,0.6309297535714575,0.0,0.6309297535714575,0.0,0.6309297535714575,0.0,0.6309297535714575,0.0
RfidResearchGroup/proxmark3,a9826d4d27d68c64,0.0,0,0,0.0,False,,,,,,,,
RfidResearchGroup/proxmark3,20e5755190b654a8,0.058823529411764705,0,0,0.0,False,,,,,,,,
RfidResearchGroup/proxmark3,72790d4797e99c3a,0.0,0,0,0.0,False,,,,,,,,
RfidResearchGroup/proxmark3,807d6d10cc8a6510,0.018840153076243746,17,15,0.0,True,1.0,1.0,1.0,1.0,1.0,1.0,1.0,1.0
RfidResearchGroup/proxmark3,8a350c90364e2fb9,0.03,6,5,0.0,True,0.9134015924715543,0.0,0.9385574520455129,1.0,0.9385574520455129,1.0,0.9134015924715543,0.0
RfidResearchGroup/proxmark3,26b78bcc5cccb4f9,0.1527777777777778,4,2,0.0,True,1.0,1.0,1.0,1.0,1.0,1.0,1.0,1.0
RfidResearchGroup/proxmark3,7c53e787f1c90de5,0.0003049710277523635,7,7,0.0,True,0.9373691761066303,0.0,1.0,1.0,1.0,1.0,0.9373691761066303,0.0
RfidResearchGroup/proxmark3,b16e861d8588f1b3,0.0,0,0,0.0,False,,,,,,,,
RfidResearchGroup/proxmark3,6f224a22faefccc6,0.0034376074252320385,2,0,0.0,False,,,,,,,,
RfidResearchGroup/proxmark3,c83bb581b303a3a7,0.04949238578680203,0,0,0.0,False,,,,,,,,
RfidResearchGroup/proxmark3,72b64fa51df423a2,0.018544935805991442,3,1,0.0,True,1.0,1.0,1.0,1.0,1.0,1.0,1.0,1.0
RfidResearchGroup/proxmark3,33d93a4d9935a2a2,0.24,0,0,0.0,False,,,,,,,,
RfidResearchGroup/proxmark3,d8be097c83d7f740,0.034482758620689655,8,1,1.0,True,1.0,1.0,1.0,1.0,1.0,1.0,0.8154648767857288,0.5
RfidResearchGroup/proxmark3,df468878ce5995eb,0.04156769596199525,2,2,0.0,True,0.6309297535714575,0.0,0.6309297535714575,0.0,0.6309297535714575,0.0,0.6309297535714575,0.0
RfidResearchGroup/proxmark3,09fab173f9066e44,0.1650485436893204,0,0,0.0,False,,,,,,,,
RfidResearchGroup/proxmark3,3c7df631818d02ae,0.0,0,0,0.0,False,,,,,,,,
RfidResearchGroup/proxmark3,62a8da4ccffc62ca,0.04807692307692308,0,0,0.0,False,,,,,,,,
RfidResearchGroup/proxmark3,7f5edf6347306a78,0.156524926686217,11,7,0.0,True,1.0,1.0,0.9802546915082401,1.0,0.9802546915082401,1.0,1.0,1.0
RfidResearchGroup/proxmark3,69fccfa9eea94e2a,0.004801920768307323,3,3,0.0,True,1.0,1.0,1.0,1.0,1.0,1.0,1.0,1.0
RfidResearchGroup/proxmark3,bd78b0e52bb806ed,0.0,0,0,0.0,False,,,,,,,,
RfidResearchGroup/proxmark3,9c812bbe8bce3677,0.006389776357827476,0,0,0.0,False,,,,,,,,
RfidResearchGroup/proxmark3,cc41b3e1e2810add,0.07360157016683022,4,4,0.0,True,0.6309297535714575,0.0,1.0,1.0,1.0,1.0,0.6309297535714575,0.0
RfidResearchGroup/proxmark3,b41be39a91dc28bd,0.0,0,0,0.0,False,,,,,,,,
SWE-agent/SWE-agent,0c76c033dbce3470,0.06870229007633588,0,0,1.0,False,,,,,,,,
SWE-agent/SWE-agent,15c410571e14efe1,0.1,1,1,0.0,True,1.0,1.0,1.0,1.0,1.0,1.0,1.0,1.0
SWE-agent/SWE-agent,e52e4ddd58b7ef88,0.07246376811594203,0,0,0.0,False,,,,,,,,
SWE-agent/SWE-agent,1e0de8e69119fdf3,0.0,0,0,0.0,False,,,,,,,,
SWE-agent/SWE-agent,9c1f7363b681d68a,0.006756756756756757,1,1,0.0,True,1.0,1.0,1.0,1.0,1.0,1.0,1.0,1.0
SWE-agent/SWE-agent,d55ef2d8c9c75285,0.0036231884057971015,0,0,0.0,False,,,,,,,,
SWE-agent/SWE-agent,b335630551682c19,0.0,10,8,0.0,True,0.9162658601937634,1.0,0.9060254355346824,1.0,0.9162658601937634,1.0,0.9162658601937634,1.0
SWE-agent/SWE-agent,6ea34892ba951169,0.02631578947368421,0,0,0.0,False,,,,,,,,
SWE-agent/SWE-agent,0adb667cd397bd56,0.17391304347826086,1,0,0.0,False,,,,,,,,
SWE-agent/SWE-agent,bcc8bf4beca3fddb,0.0,0,0,0.0,False,,,,,,,,
SWE-agent/SWE-agent,53d8c3d9277e3afd,0.007891770011273957,3,1,0.0,True,1.0,1.0,1.0,1.0,1.0,1.0,1.0,1.0
SWE-agent/SWE-agent,7fa08302646647af,0.05555555555555555,0,0,0.0,False,,,,,,,,
SWE-agent/SWE-agent,98d0f806abc9af24,0.011111111111111112,1,1,0.0,True,1.0,1.0,1.0,1.0,1.0,1.0,1.0,1.0
SWE-agent/SWE-agent,6d53f871acf223cd,0.003401360544217687,2,1,0.0,True,1.0,1.0,1.0,1.0,1.0,1.0,1.0,1.0
SWE-agent/SWE-agent,696274777d5a9143,0.42857142857142855,0,0,0.0,False,,,,,,,,
SWE-agent/SWE-agent,1bd22fe42e71efeb,0.07317073170731707,1,1,0.0,True,1.0,1.0,1.0,1.0,1.0,1.0,1.0,1.0
SWE-agent/SWE-agent,33c13e0b177bacd2,0.2,0,0,0.0,False,,,,,,,,
SWE-agent/SWE-agent,50c86b7ed8ac2cf9,0.015151515151515152,4,1,0.0,True,1.0,1.0,1.0,1.0,1.0,1.0,1.0,1.0
SWE-agent/SWE-agent,8cbcb8437ba7ecf9,0.00696594427244582,1,0,0.0,False,,,,,,,,
SWE-agent/SWE-agent,a1cb745138d2fa30,0.025,0,0,0.0,False,,,,,,,,
SWE-agent/SWE-agent,fb79e259f0892658,0.033707865168539325,2,0,0.0,False,,,,,,,,
SWE-agent/SWE-agent,637f7b97bba458ba,0.013888888888888888,1,0,0.0,False,,,,,,,,
SWE-agent/SWE-agent,41d4d570606dc21e,0.009708737864077669,0,0,0.0,False,,,,,,,,
SWE-agent/SWE-agent,63a9c44a44acf85f,0.05128205128205128,19,19,0.0,True,0.5,0.0,0.5,0.0,0.5,0.0,0.5,0.0
SWE-agent/SWE-agent,a539f2e066889598,0.0,2,2,0.0,True,1.0,1.0,1.0,1.0,1.0,1.0,1.0,1.0
SixLabors/ImageSharp,52018ba0bb0140c1,0.7432432432432432,0,0,1.0,False,,,,,,,,
SixLabors/ImageSharp,6203c7fd48fa16a2,0.9055944055944056,3,3,1.0,True,1.0,1.0,0.5,0.0,0.5,0.0,0.5,0.0
SixLabors/ImageSharp,174ff91f1a50a1a5,0.5909090909090909,0,0,0.0,False,,,,,,,,
SixLabors/ImageSharp,ac825fb42e881451,0.6307692307692307,1,1,1.0,True,0.43067655807339306,0.0,0.43067655807339306,0.0,0.38685280723454163,0.0,0.43067655807339306,0.0
SixLabors/ImageSharp,071d62fc8fd47bfc,0.5503597122302158,1,1,0.0,True,1.0,1.0,1.0,1.0,1.0,1.0,1.0,1.0
SixLabors/ImageSharp,7114703efdfa09a2,0.746031746031746,0,0,0.0,False,,,,,,,,
SixLabors/ImageSharp,67f7207e00b45135,0.18900343642611683,3,2,0.0,True,1.0,1.0,1.0,1.0,1.0,1.0,1.0,1.0
SixLabors/ImageSharp,f403812bb79a3bf2,0.6971830985915493,0,0,1.0,False,,,,,,,,
SixLabors/ImageSharp,6c930c26ee93042c,0.6,0,0,0.0,False,,,,,,,,
SixLabors/ImageSharp,83f87798971ecdc9,0.700592885375494,2,2,1.0,True,0.8772153153380493,1.0,0.6509209298071326,0.0,0.6509209298071326,0.0,0.6107813243812262,0.0
SixLabors/ImageSharp,f5deb440a98f0bf7,0.5,0,0,0.0,False,,,,,,,,
SixLabors/ImageSharp,e33e392cbccec62d,0.6166666666666667,0,0,1.0,False,,,,,,,,
SixLabors/ImageSharp,5a872a9b75480b80,0.6697247706422018,0,0,1.0,False,,,,,,,,
SixLabors/ImageSharp,3b9d12f638278b4f,0.4587628865979381,7,7,1.0,True,1.0,1.0,0.6309297535714575,0.0,0.6309297535714575,0.0,0.6309297535714575,0.0
SixLabors/ImageSharp,2723eb6bfd1c29dd,0.47368421052631576,0,0,1.0,False,,,,,,,,
SixLabors/ImageSharp,e1b1bfdf4b4a8a0a,0.6611394557823129,4,4,0.0,True,1.0,1.0,1.0,1.0,1.0,1.0,1.0,1.0
SixLabors/ImageSharp,a4eeca4323a48c57,0.6666666666666666,0,0,0.0,False,,,,,,,,
SixLabors/ImageSharp,53b2e1c4871a8e21,0.5333333333333333,0,0,0.0,False,,,,,,,,
SixLabors/ImageSharp,8797ac1d044ef785,0.4728682170542636,0,0,1.0,False,,,,,,,,
SixLabors/ImageSharp,c7b13b961597f666,0.5945945945945946,0,0,1.0,False,,,,,,,,
SixLabors/ImageSharp,6d57bc5695e6e6c0,0.6550976138828634,7,7,1.0,True,1.0,1.0,0.7217055072633222,0.0,0.7217055072633222,0.0,0.7217055072633222,0.0
SixLabors/ImageSharp,73a9e4dc57aa4f24,0.7441860465116279,0,0,1.0,False,,,,,,,,
SixLabors/ImageSharp,49d9ec12cc9b8c47,0.5555555555555556,0,0,1.0,False,,,,,,,,
SixLabors/ImageSharp,67fa00cf330fe600,0.6521739130434783,0,0,1.0,False,,,,,,,,
SixLabors/ImageSharp,0d099d077ae6ba40,0.6692913385826772,0,0,1.0,False,,,,,,,,
Stirling-Tools/Stirling-PDF,bc37d034bad56458,0.5518867924528302,44,30,1.0,True,0.520814892625348,0.0,0.9106326645154603,1.0,0.9106326645154603,1.0,0.9240409813096024,1.0
Stirling-Tools/Stirling-PDF,33fbd7a182c49672,0.8404255319148937,3,2,1.0,True,0.6309297535714575,0.0,0.6309297535714575,0.0,0.6309297535714575,0.0,0.6309297535714575,0.0
Stirling-Tools/Stirling-PDF,49a96e7eea8a94af,0.0,154,118,0.0,True,0.6305990131393591,0.0,0.6714619752733463,0.0,0.6714619752733463,0.0,0.6305990131393591,0.0
Stirling-Tools/Stirling-PDF,c56ccc8364483899,0.043478260869565216,0,0,0.0,False,,,,,,,,
Stirling-Tools/Stirling-PDF,fd60dc2adec58c10,0.04918032786885246,41,37,0.0,True,0.5984384765166201,0.0,0.6742487639782909,0.0,0.6742487639782909,0.0,0.7469953127319088,0.0
Stirling-Tools/Stirling-PDF,e19205c5f3fe6422,0.0,1,0,0.0,False,,,,,,,,
Stirling-Tools/Stirling-PDF,76056236de051551,0.004830917874396135,76,71,0.0,True,0.6552178725391897,0.0,0.6610597408656391,0.0,0.627535711266287,0.0,0.6552178725391897,0.0
Stirling-Tools/Stirling-PDF,699ff98fe113446c,0.011111111111111112,15,15,0.0,True,0.520868469348942,0.0,0.5398963853807109,0.0,0.501683162102762,0.0,0.520868469348942,0.0
Stirling-Tools/Stirling-PDF,ef9ea6b8ad024d71,0.01,0,0,0.0,False,,,,,,,,
TagStudioDev/TagStudio,50c86b7ed8ac2cf9,0.01652892561983471,35,33,0.0,True,0.5534515073992166,0.0,0.5534515073992166,0.0,0.9553006156934356,1.0,0.5534515073992166,0.0
TeamAmaze/AmazeFileManager,cf35bd35340192bb,0.034482758620689655,0,0,0.0,False,,,,,,,,
TeamAmaze/AmazeFileManager,fc90b6871d033a6e,0.6204986149584487,1,1,1.0,True,0.6309297535714575,0.0,1.0,1.0,1.0,1.0,1.0,1.0
TeamAmaze/AmazeFileManager,782c161174c73f23,0.45664739884393063,1,1,0.0,True,1.0,1.0,1.0,1.0,1.0,1.0,1.0,1.0
TeamAmaze/AmazeFileManager,8e3fa5962821785d,0.1,0,0,0.0,False,,,,,,,,
TeamAmaze/AmazeFileManager,ec567794521c74d4,0.0425531914893617,0,0,0.0,False,,,,,,,,
TeamAmaze/AmazeFileManager,705efc28a897cded,0.16216216216216217,0,0,0.0,False,,,,,,,,
TeamAmaze/AmazeFileManager,8fb4bc8fa3312c29,0.04411764705882353,0,0,0.0,False,,,,,,,,
TeamAmaze/AmazeFileManager,a2194c45156958bc,0.11538461538461539,0,0,0.0,False,,,,,,,,
TeamAmaze/AmazeFileManager,0350d9b181619244,0.0,0,0,0.0,False,,,,,,,,
TeamAmaze/AmazeFileManager,2edee5b0694057e0,0.2534246575342466,0,0,0.0,False,,,,,,,,
TeamAmaze/AmazeFileManager,13a4986e4ce9ef41,0.1111111111111111,0,0,0.0,False,,,,,,,,
TeamAmaze/AmazeFileManager,e3136376653c9e05,0.13245033112582782,0,0,0.0,False,,,,,,,,
TeamAmaze/AmazeFileManager,ffbea5791e12b050,0.09230769230769231,0,0,0.0,False,,,,,,,,
TeamAmaze/AmazeFileManager,f3d35bb5b07bf8f8,0.024390243902439025,0,0,0.0,False,,,,,,,,
TeamAmaze/AmazeFileManager,df122c253dc4e0b0,0.05555555555555555,0,0,0.0,False,,,,,,,,
TeamAmaze/AmazeFileManager,2a66e9c66c07ac5b,0.19696969696969696,0,0,0.0,False,,,,,,,,
TeamAmaze/AmazeFileManager,450ed2f87b293e86,0.0625,0,0,0.0,False,,,,,,,,
TeamAmaze/AmazeFileManager,e2f8c27a851f0852,0.2,0,0,0.0,False,,,,,,,,
TeamAmaze/AmazeFileManager,2704daaa6a123f81,0.2079207920792079,0,0,0.0,False,,,,,,,,
TeamAmaze/AmazeFileManager,b307ff8afa225006,0.06315789473684211,0,0,0.0,False,,,,,,,,
TeamAmaze/AmazeFileManager,b847b26092dd5e7a,0.02564102564102564,0,0,0.0,False,,,,,,,,
TeamAmaze/AmazeFileManager,348d47cb2540cd15,0.1452513966480447,0,0,0.0,False,,,,,,,,
TeamAmaze/AmazeFileManager,d67d92c5157aace1,0.14492753623188406,1,0,0.0,False,,,,,,,,
TeamAmaze/AmazeFileManager,891d44fd0a79c518,0.10071942446043165,0,0,0.0,False,,,,,,,,
TeamAmaze/AmazeFileManager,c312d2b164019f18,0.023809523809523808,0,0,0.0,False,,,,,,,,
TypeStrong/ts-node,1bf888cd78a68b13,1.0,0,0,0.0,False,,,,,,,,
TypeStrong/ts-node,52e08b51338deec6,1.0,0,0,1.0,False,,,,,,,,
TypeStrong/ts-node,db741a7517df676b,0.8888888888888888,0,0,0.0,False,,,,,,,,
TypeStrong/ts-node,675e809627520b21,0.8888888888888888,0,0,0.0,False,,,,,,,,
TypeStrong/ts-node,3004543842a32651,0.42857142857142855,0,0,0.0,False,,,,,,,,
TypeStrong/ts-node,7848d35e9994e214,0.2,0,0,0.0,False,,,,,,,,
TypeStrong/ts-node,a0490c603ca3f6d6,0.7333333333333333,0,0,0.0,False,,,,,,,,
TypeStrong/ts-node,c9776f7d577f6dbd,0.6666666666666666,0,0,1.0,False,,,,,,,,
TypeStrong/ts-node,9f5e2e8ee9ae83e1,0.3,0,0,0.0,False,,,,,,,,
TypeStrong/ts-node,1e1ce2352f45d12c,0.15384615384615385,0,0,0.0,False,,,,,,,,
TypeStrong/ts-node,9ef891bf14629264,0.1,0,0,0.0,False,,,,,,,,
TypeStrong/ts-node,86e8be00ccc042a7,1.0,0,0,1.0,False,,,,,,,,
TypeStrong/ts-node,8ff8cf7b52601f18,0.15384615384615385,0,0,0.0,False,,,,,,,,
TypeStrong/ts-node,373b582a48e51e03,1.0,0,0,1.0,False,,,,,,,,
TypeStrong/ts-node,dc224434e6c1c8f8,0.4166666666666667,0,0,0.0,False,,,,,,,,
TypeStrong/ts-node,4d9c237a6842a99a,0.75,0,0,0.0,False,,,,,,,,
TypeStrong/ts-node,f2ef56ff5b75c4a2,1.0,0,0,0.0,False,,,,,,,,
TypeStrong/ts-node,6d25fbce339e1211,1.0,0,0,0.0,False,,,,,,,,
TypeStrong/ts-node,4ad139623689e76c,0.6666666666666666,0,0,1.0,False,,,,,,,,
TypeStrong/ts-node,487642663920a426,0.6,0,0,1.0,False,,,,,,,,
TypeStrong/ts-node,a2a171449d862fe2,0.2529481132075472,1,1,0.0,True,1.0,1.0,1.0,1.0,1.0,1.0,1.0,1.0
TypeStrong/ts-node,a82b5ba5707ad341,0.6,0,0,1.0,False,,,,,,,,
TypeStrong/ts-node,819e0656f777fa66,0.11352657004830918,1,1,0.0,True,1.0,1.0,1.0,1.0,1.0,1.0,1.0,1.0
TypeStrong/ts-node,30678551e2704671,0.5,0,0,0.0,False,,,,,,,,
TypeStrong/ts-node,978a514ade24ecf3,0.6666666666666666,0,0,1.0,False,,,,,,,,
WebAssembly/binaryen,475662620eda9cf7,0.04809619238476954,3,2,0.0,True,0.38685280723454163,0.0,0.38685280723454163,0.0,0.0,0.0,0.38685280723454163,0.0
WebAssembly/binaryen,f522a0c736d1524d,0.10294117647058823,0,0,0.0,False,,,,,,,,
WebAssembly/binaryen,f71562f1ae0bc888,0.007886435331230283,6,5,0.0,True,0.9222914437900975,1.0,0.9060254355346823,1.0,0.8854598815714874,1.0,0.9222914437900975,1.0
WebAssembly/binaryen,2e5f3359fef9fe6a,0.0,0,0,0.0,False,,,,,,,,
WebAssembly/binaryen,503ab0ba884eaf72,0.07992448080553807,17,6,0.0,True,0.7155573508096272,1.0,0.7155573508096272,1.0,0.7155573508096272,1.0,0.7155573508096272,1.0
WebAssembly/binaryen,192faa98f1c3aee6,0.07052896725440806,3,3,0.0,True,0.4796249331362629,0.0,0.4796249331362629,0.0,0.4796249331362629,0.0,0.4796249331362629,0.0
WebAssembly/binaryen,5c83336f7baf6c0f,0.016129032258064516,2,0,0.0,False,,,,,,,,
WebAssembly/binaryen,d35fe3ff4a2f996e,0.05750350631136045,4,4,0.0,True,0.4348079399079101,0.0,0.4348079399079101,0.0,0.4348079399079101,0.0,0.4348079399079101,0.0
WebAssembly/binaryen,9ab8377c726c36e4,0.004901960784313725,14,13,0.0,True,0.5982417774766797,0.0,0.866078971766743,1.0,0.7257079021728202,1.0,0.5982417774766797,0.0
WebAssembly/binaryen,d6216123cb37a702,0.08695652173913043,1,0,0.0,False,,,,,,,,
WebAssembly/binaryen,a03555ee930b0f0e,0.05516014234875445,7,3,0.0,True,0.6433224083306327,0.0,0.6433224083306327,0.0,0.6433224083306327,0.0,0.6433224083306327,0.0
WebAssembly/binaryen,dcf51787792d17b3,0.32075471698113206,0,0,1.0,False,,,,,,,,
WebAssembly/binaryen,c2f8b3972bf7e181,0.011479591836734694,11,11,0.0,True,0.8214559903657318,1.0,0.8214559903657318,1.0,0.8225262801382122,1.0,0.8123766583443335,1.0
WebAssembly/binaryen,a27d250ae185bc50,0.06451612903225806,2,1,0.0,True,0.0,0.0,0.0,0.0,0.0,0.0,0.0,0.0
WebAssembly/binaryen,925a0ed439d65f9c,0.011428571428571429,2,1,0.0,True,0.5,0.0,0.5,0.0,0.5,0.0,0.43067655807339306,0.0
WebAssembly/binaryen,591dd1af9b5a0dfb,0.04009433962264151,10,10,1.0,True,0.9215633883287977,1.0,0.9215633883287977,1.0,0.9215633883287977,1.0,0.6877612214157931,0.0
WebAssembly/binaryen,e1f361a2d97280e8,0.04197390811117414,34,22,1.0,True,0.3923591497957633,0.0,0.3923591497957633,0.0,0.3923591497957633,0.0,0.36558263226151816,0.0
WebAssembly/binaryen,8a2fcfe668c20ad4,0.019801980198019802,1,1,0.0,True,0.5,0.0,0.5,0.0,0.5,0.0,0.5,0.0
WebAssembly/binaryen,33c355080a3da123,0.1125,3,1,0.0,True,0.6309297535714575,0.0,0.5,0.0,0.5,0.0,0.46533827903669656,0.0
WebAssembly/binaryen,b7bff4a58486d2a6,0.06544502617801047,1,1,0.0,True,0.0,0.0,0.0,0.0,0.0,0.0,0.0,0.0
WebAssembly/binaryen,b501bcf0e1de0615,0.15517241379310345,0,0,0.0,False,,,,,,,,
WebAssembly/binaryen,c5ef9dac18a703eb,0.1087378640776699,5,5,1.0,True,0.7974779478881874,1.0,0.7974779478881874,1.0,0.7974779478881874,1.0,0.6012610260559063,0.0
WebAssembly/binaryen,27fb8edb3bf4c1e9,0.0022148394241417496,6,2,0.0,True,0.3065735963827292,0.0,0.3065735963827292,0.0,0.3065735963827292,0.0,0.3065735963827292,0.0
WebAssembly/binaryen,5b72bd6046f9cd09,0.2117787031528852,8,4,0.0,True,0.0,0.0,0.0,0.0,0.0,0.0,0.0,0.0
WebAssembly/binaryen,8d95dc7cb4da80fb,0.01694915254237288,0,0,0.0,False,,,,,,,,
WebAssembly/wabt,22cb3114ee311b8b,0.0064516129032258064,2,1,0.0,True,0.5,0.0,0.5,0.0,0.5,0.0,0.5,0.0
WebAssembly/wabt,dd676fdb10cbb75c,0.002277904328018223,15,4,0.0,True,0.6240505200038379,0.0,0.6240505200038379,0.0,0.6240505200038379,0.0,0.6240505200038379,0.0
WebAssembly/wabt,80fea8bc98f0b27b,0.09722222222222222,3,1,0.0,True,0.5,0.0,0.5,0.0,0.43067655807339306,0.0,0.6309297535714575,0.0
WebAssembly/wabt,76602be0b8dbf097,0.012345679012345678,0,0,0.0,False,,,,,,,,
WebAssembly/wabt,6332c020eebe46d9,0.013422818791946308,1,1,0.0,True,1.0,1.0,1.0,1.0,1.0,1.0,1.0,1.0
WebAssembly/wabt,3f4ddf4e887671e3,0.005076142131979695,4,1,0.0,True,0.0,0.0,0.0,0.0,0.0,0.0,0.0,0.0
WebAssembly/wabt,0c342158529b6197,0.18840579710144928,1,0,0.0,False,,,,,,,,
WebAssembly/wabt,307b0e04c4857774,0.0,0,0,0.0,False,,,,,,,,
WebAssembly/wabt,95125931506f3cc3,0.001775297996449404,22,6,0.0,True,0.49588886707066726,0.0,0.49588886707066726,0.0,0.49588886707066726,0.0,0.49588886707066726,0.0
WebAssembly/wabt,5dca4d3821284e52,0.013333333333333334,4,0,0.0,False,,,,,,,,
WebAssembly/wabt,329cad45c143c85c,0.007352941176470588,1,0,0.0,False,,,,,,,,
WebAssembly/wabt,a54f76993eb66c8c,0.004155844155844156,7,1,0.0,True,0.0,0.0,0.0,0.0,0.0,0.0,0.0,0.0
WebAssembly/wabt,cfee9ac518f95654,0.017467248908296942,3,1,0.0,True,1.0,1.0,1.0,1.0,0.6309297535714575,0.0,1.0,1.0
WebAssembly/wabt,8515f9379a8a053c,0.0,7,0,0.0,False,,,,,,,,
WebAssembly/wabt,6fec8b394ca13ae4,0.026925148088314487,9,4,0.0,True,0.6309297535714575,0.0,0.6309297535714575,0.0,0.6309297535714575,0.0,0.6309297535714575,0.0
WebAssembly/wabt,44c74140970210b7,0.014853857211308098,5,1,0.0,True,0.43067655807339306,0.0,0.43067655807339306,0.0,0.5,0.0,0.43067655807339306,0.0
WebAssembly/wabt,5228fbf904243ddd,0.0076511094108645756,3,1,0.0,True,0.6309297535714575,0.0,0.6309297535714575,0.0,1.0,1.0,0.6309297535714575,0.0
WebAssembly/wabt,169c0f993b31d13e,0.0847457627118644,1,0,0.0,False,,,,,,,,
WebAssembly/wabt,e0f4a781b5171bc2,0.010101010101010102,2,1,0.0,True,0.40876468265396737,0.0,0.43067655807339306,0.0,0.43067655807339306,0.0,0.43067655807339306,0.0
WebAssembly/wabt,ac89816d1e9a3a4d,0.021768707482993196,3,1,0.0,True,0.5,0.0,0.43067655807339306,0.0,0.43067655807339306,0.0,0.5,0.0
WebAssembly/wabt,f900dcbcc10d42ba,0.005274261603375527,13,3,0.0,True,0.23981246656813146,0.0,0.23981246656813146,0.0,0.19004688335796713,0.0,0.23981246656813146,0.0
WebAssembly/wabt,86791887b90e243b,0.0036003600360036,9,3,0.0,True,0.16369747519436975,0.0,0.16369747519436975,0.0,0.16369747519436975,0.0,0.16369747519436975,0.0
WebAssembly/wabt,17c77b6256c86425,0.011428571428571429,3,1,0.0,True,0.5,0.0,0.5,0.0,0.5,0.0,0.5,0.0
WebAssembly/wabt,401450da8c2aba28,0.0,0,0,0.0,False,,,,,,,,
WebAssembly/wabt,6c78a513d91fbb67,0.006211180124223602,2,2,0.0,True,0.6309297535714575,0.0,0.43067655807339306,0.0,0.43067655807339306,0.0,0.6309297535714575,0.0
WordPress/gutenberg,8215a54c42c8247d,0.0,3,2,0.0,True,0.0,0.0,0.0,0.0,0.0,0.0,0.0,0.0
WordPress/gutenberg,677938b63f93b966,0.0,1,0,0.0,False,,,,,,,,
WordPress/gutenberg,5bd9dac756947754,0.002061855670103093,5,3,0.0,True,0.43067655807339306,0.0,0.43067655807339306,0.0,0.43067655807339306,0.0,0.43067655807339306,0.0
WordPress/gutenberg,5f4507326273b3d7,0.05714285714285714,0,0,0.0,False,,,,,,,,
WordPress/gutenberg,c5799de2563f649d,0.005128205128205128,13,10,0.0,True,0.7148993991884522,1.0,0.7148993991884522,1.0,0.45105130175835323,0.0,0.7148993991884522,1.0
WordPress/gutenberg,4781fd54d206ecd5,0.1932367149758454,3,1,0.0,True,0.6309297535714575,0.0,0.6309297535714575,0.0,0.5654648767857288,0.0,0.6309297535714575,0.0
WordPress/gutenberg,cd3303ad473e0bbf,0.004155124653739612,11,5,0.0,True,0.0,0.0,0.0,0.0,0.0,0.0,0.0,0.0
WordPress/gutenberg,2e8756572ef95c7b,0.014925373134328358,3,1,0.0,True,0.43067655807339306,0.0,0.43067655807339306,0.0,0.43067655807339306,0.0,0.43067655807339306,0.0
WordPress/gutenberg,10c6c92b456022e6,0.05555555555555555,1,0,0.0,False,,,,,,,,
WordPress/gutenberg,7738b5475aaea9fb,0.0,1,0,0.0,False,,,,,,,,
WordPress/gutenberg,33afab02047cd004,0.0,1,1,0.0,True,1.0,1.0,0.6309297535714575,0.0,0.6309297535714575,0.0,1.0,1.0
WordPress/gutenberg,b890b1c0cd5952d6,0.03225806451612903,1,0,0.0,False,,,,,,,,
WordPress/gutenberg,5d5883816a0883d8,0.01935483870967742,0,0,0.0,False,,,,,,,,
WordPress/gutenberg,444fdcf81a7295aa,0.011627906976744186,3,2,0.0,True,0.38685280723454163,0.0,0.43067655807339306,0.0,0.43067655807339306,0.0,0.38685280723454163,0.0
WordPress/gutenberg,a6371c108c865465,0.3119266055045872,1,0,0.0,False,,,,,,,,
WordPress/gutenberg,aa8bcead875dfe40,0.08064516129032258,1,1,0.0,True,0.0,0.0,0.0,0.0,0.0,0.0,0.0,0.0
WordPress/gutenberg,71b5248c077c7327,0.0234375,3,1,0.0,True,0.0,0.0,0.0,0.0,0.0,0.0,0.38685280723454163,0.0
WordPress/gutenberg,e20e5e2f8deb5e07,0.5,1,0,1.0,False,,,,,,,,
WordPress/gutenberg,33240dc6c798e6d5,0.008264462809917356,4,0,0.0,False,,,,,,,,
WordPress/gutenberg,088b5b4105cfa18c,0.0,1,0,0.0,False,,,,,,,,
WordPress/gutenberg,afb8008e093529b2,0.37142857142857144,1,0,1.0,False,,,,,,,,
WordPress/gutenberg,d4518cf8ae12c96d,0.0,1,0,0.0,False,,,,,,,,
WordPress/gutenberg,1b657f8574bce753,0.1,1,0,0.0,False,,,,,,,,
WordPress/gutenberg,e588eb9bd76a6d0b,0.06521739130434782,1,0,0.0,False,,,,,,,,
WordPress/gutenberg,cd2562fffe04ca6c,0.057692307692307696,3,3,0.0,True,0.38009376671593426,0.0,0.38009376671593426,0.0,0.38009376671593426,0.0,0.38009376671593426,0.0
XAMPPRocky/tokei,dee50933e51ae370,0.3980487804878049,11,1,0.0,True,0.0,0.0,0.0,0.0,0.0,0.0,0.0,0.0
XRPLF/rippled,58fa7e50daa555f5,0.016,2,0,0.0,False,,,,,,,,
XRPLF/rippled,c6c65bf825ea6812,0.16666666666666666,4,0,0.0,False,,,,,,,,
XRPLF/rippled,cc4455be1984e60e,0.13925925925925925,6,4,0.0,True,0.10654373218155079,0.0,0.10654373218155079,0.0,0.053271866090775395,0.0,0.11861329943102608,0.0
XRPLF/rippled,85ad6450f55d7eb3,0.016129032258064516,11,1,0.0,True,0.43067655807339306,0.0,0.43067655807339306,0.0,0.0,0.0,0.5,0.0
XRPLF/rippled,e9aa05ebff53d06a,0.013157894736842105,8,0,0.0,False,,,,,,,,
XRPLF/rippled,0ae780655b58eb07,0.0,0,0,0.0,False,,,,,,,,
XRPLF/rippled,f55da09dad34f04d,0.14215686274509803,7,0,0.0,False,,,,,,,,
XRPLF/rippled,6df4b55820da7e41,0.14726027397260275,12,0,0.0,False,,,,,,,,
XRPLF/rippled,2111313f9c8b48ea,0.13953488372093023,4,0,0.0,False,,,,,,,,
XRPLF/rippled,2468d09cf7cb4f4a,0.0,0,0,0.0,False,,,,,,,,
XRPLF/rippled,db291525aafcbfcc,0.020833333333333332,0,0,0.0,False,,,,,,,,
XRPLF/rippled,0646295c8a2a4df2,0.21739130434782608,5,0,0.0,False,,,,,,,,
XRPLF/rippled,8a459f45675be62c,0.16666666666666666,7,1,0.0,True,0.43067655807339306,0.0,0.40876468265396737,0.0,0.27250978843597823,0.0,0.43067655807339306,0.0
XRPLF/rippled,60e7ccb2d03988c0,0.09836065573770492,0,0,0.0,False,,,,,,,,
XRPLF/rippled,56d6e0cfba62242d,0.1855921855921856,0,0,0.0,False,,,,,,,,
XRPLF/rippled,760694e1cfe2b413,0.0,4,2,0.0,True,0.6309297535714575,0.0,0.6309297535714575,0.0,0.6309297535714575,0.0,0.6309297535714575,0.0
XRPLF/rippled,2ec790b0db94289f,0.0,4,0,0.0,False,,,,,,,,
XRPLF/rippled,78c2252278a6054c,0.2903225806451613,5,0,0.0,False,,,,,,,,
XRPLF/rippled,946613d620a149bc,0.29417571569595263,10,2,0.0,True,0.0,0.0,0.0,0.0,0.0,0.0,0.16708861178062903,0.0
XRPLF/rippled,472b24616f6e2f1a,0.20786516853932585,4,2,0.0,True,0.0,0.0,0.0,0.0,0.0,0.0,0.19342640361727081,0.0
XRPLF/rippled,526209a22022237d,0.07407407407407407,3,0,0.0,False,,,,,,,,
XRPLF/rippled,3a84a4453b7ad566,0.2918287937743191,9,1,0.0,True,0.5,0.0,0.5,0.0,0.38685280723454163,0.0,0.6309297535714575,0.0
XRPLF/rippled,4e80c2e909206d75,0.16393442622950818,1,1,0.0,True,0.0,0.0,0.0,0.0,0.0,0.0,0.38685280723454163,0.0
XRPLF/rippled,e5b41bfe30b26934,0.7901234567901234,13,0,1.0,False,,,,,,,,
XRPLF/rippled,af32b1a382703da6,0.19480519480519481,9,0,0.0,False,,,,,,,,
YOURLS/YOURLS,2d9a5ee7daf86486,0.030303030303030304,5,5,0.0,True,1.0,1.0,1.0,1.0,1.0,1.0,1.0,1.0
YOURLS/YOURLS,2267db06e46b8e02,0.8173913043478261,0,0,1.0,False,,,,,,,,
YOURLS/YOURLS,90100c94e9222808,0.38461538461538464,0,0,0.0,False,,,,,,,,
YOURLS/YOURLS,744a768781da3904,0.9345238095238095,1,0,1.0,False,,,,,,,,
YOURLS/YOURLS,fd5f4b76c7790f32,0.9324324324324325,0,0,1.0,False,,,,,,,,
YOURLS/YOURLS,10cab7e3222f6c8b,0.08831908831908832,5,4,0.0,True,1.0,1.0,1.0,1.0,1.0,1.0,1.0,1.0
YOURLS/YOURLS,37b5a4bf6eceb350,1.0,0,0,1.0,False,,,,,,,,
YOURLS/YOURLS,1c08b27bcf43583c,0.14803625377643503,13,11,0.0,True,1.0,1.0,1.0,1.0,1.0,1.0,1.0,1.0
YOURLS/YOURLS,458b194824e77773,0.3253012048192771,0,0,0.0,False,,,,,,,,
YOURLS/YOURLS,7173d8696af8df2a,0.017391304347826087,3,3,0.0,True,1.0,1.0,1.0,1.0,1.0,1.0,1.0,1.0
YOURLS/YOURLS,b35647914475d30e,0.2962962962962963,0,0,0.0,False,,,,,,,,
YOURLS/YOURLS,d67cba73799c31c0,0.3188405797101449,0,0,0.0,False,,,,,,,,
YOURLS/YOURLS,44406e5b5ec7c25e,0.592032967032967,0,0,1.0,False,,,,,,,,
YOURLS/YOURLS,b335630551682c19,0.010309278350515464,2,2,0.0,True,1.0,1.0,1.0,1.0,1.0,1.0,1.0,1.0
YOURLS/YOURLS,96e9b108f8115ef3,0.16427889207258833,6,4,0.0,True,1.0,1.0,1.0,1.0,1.0,1.0,1.0,1.0
YOURLS/YOURLS,06572a96a58dc510,0.1171875,4,2,0.0,True,1.0,1.0,1.0,1.0,1.0,1.0,1.0,1.0
YOURLS/YOURLS,b213defca81f47fd,0.09694793536804308,2,0,0.0,False,,,,,,,,
YOURLS/YOURLS,34b917ccee64767d,0.3213367609254499,1,1,0.0,True,1.0,1.0,1.0,1.0,1.0,1.0,1.0,1.0
YOURLS/YOURLS,091c40d09cabceac,0.25301204819277107,0,0,0.0,False,,,,,,,,
YOURLS/YOURLS,8ebd9cb2c0d77559,1.0,0,0,1.0,False,,,,,,,,
YOURLS/YOURLS,0b278cbf1cad1dde,0.3541666666666667,0,0,0.0,False,,,,,,,,
YOURLS/YOURLS,3023437263390c8e,0.9583333333333334,0,0,1.0,False,,,,,,,,
YOURLS/YOURLS,40adbccbaa3c28b0,0.32142857142857145,0,0,0.0,False,,,,,,,,
YOURLS/YOURLS,483f34ef5d156969,0.21743810548977396,4,4,0.0,True,1.0,1.0,1.0,1.0,1.0,1.0,1.0,1.0
YOURLS/YOURLS,84edc87661699e51,0.8849557522123894,0,0,1.0,False,,,,,,,,
ZoneMinder/zoneminder,1fa114fd37754ac3,0.14705882352941177,0,0,1.0,False,,,,,,,,
ZoneMinder/zoneminder,1e7de1ae2d059d21,0.4309327036599764,27,25,1.0,True,0.4982195191552221,0.0,0.3878355025054702,0.0,0.3878355025054702,0.0,0.48939391604407745,0.0
ZoneMinder/zoneminder,68129959ea1d08af,0.2631578947368421,0,0,0.0,False,,,,,,,,
ZoneMinder/zoneminder,eac2775df608eb23,0.35294117647058826,6,4,0.0,True,0.46533827903669656,0.0,0.40876468265396737,0.0,0.40876468265396737,0.0,0.4391764551026449,0.0
ZoneMinder/zoneminder,835c5b5f142fcc79,0.125,2,1,0.0,True,0.6309297535714575,0.0,0.6309297535714575,0.0,0.6309297535714575,0.0,0.6309297535714575,0.0
ZoneMinder/zoneminder,148715d6ea0c0ea0,0.21235521235521235,21,10,1.0,True,0.5,0.0,1.0,1.0,1.0,1.0,1.0,1.0
ZoneMinder/zoneminder,c49cf629bd096210,0.16666666666666666,2,0,1.0,False,,,,,,,,
ZoneMinder/zoneminder,810f714dfab8d194,0.0641025641025641,0,0,0.0,False,,,,,,,,
ZoneMinder/zoneminder,d5e1b1e4baa62946,0.0,1,0,0.0,False,,,,,,,,
ZoneMinder/zoneminder,12a294110595b397,0.16666666666666666,2,0,1.0,False,,,,,,,,
a2aproject/A2A,919442c27bcecf95,0.0,0,0,0.0,False,,,,,,,,
a2aproject/A2A,fe9a7c352a3b388f,0.003257328990228013,1,0,0.0,False,,,,,,,,
a2aproject/A2A,41930f85b7e8deb7,0.12052117263843648,27,7,0.0,True,0.796654115699717,1.0,0.796654115699717,1.0,0.796654115699717,1.0,0.796654115699717,1.0
aio-libs/aiohttp,120bbecb4ac5dd11,0.2625,4,3,0.0,True,0.5,0.0,0.5,0.0,0.5,0.0,0.5,0.0
aio-libs/aiohttp,22691f66d41096da,0.0,0,0,0.0,False,,,,,,,,
aio-libs/aiohttp,1f82cebfdbd1dd41,0.28169014084507044,2,1,0.0,True,0.38685280723454163,0.0,0.0,0.0,0.0,0.0,0.19342640361727081,0.0
aio-libs/aiohttp,5a8fa1ead2817dc6,0.20388349514563106,6,3,0.0,True,0.6309297535714575,0.0,0.6309297535714575,0.0,0.5,0.0,0.6309297535714575,0.0
aio-libs/aiohttp,95f2e54142ed9873,0.08,5,4,0.0,True,0.6240505200038379,0.0,0.6374857249054853,0.0,0.4251724527673773,0.0,0.38685280723454163,0.0
aio-libs/aiohttp,4cbff640f1fc708f,0.027181688125894134,5,4,0.0,True,0.5,0.0,0.5,0.0,0.5,0.0,0.5,0.0
aio-libs/aiohttp,a08b151c0870e7f5,0.11764705882352941,0,0,0.0,False,,,,,,,,
aio-libs/aiohttp,f334e752b4894ef9,0.19881109643328929,40,25,0.0,True,0.15692780520101982,0.0,0.13360413066263613,0.0,0.13360413066263613,0.0,0.15692780520101982,0.0
aio-libs/aiohttp,cfb4675be6288f25,0.012106537530266344,1,0,0.0,False,,,,,,,,
aio-libs/aiohttp,5954cadbd6b57b19,0.16666666666666666,25,22,0.0,True,0.5321752779845181,0.0,0.5321752779845181,0.0,0.5321752779845181,0.0,0.5321752779845181,0.0
aio-libs/aiohttp,fa9062813a095af1,0.12955465587044535,7,4,0.0,True,0.0,0.0,0.0,0.0,0.0,0.0,0.0,0.0
aio-libs/aiohttp,08a6944653efc734,0.12574850299401197,13,10,0.0,True,0.6343151177020143,0.0,0.6343151177020143,0.0,0.6343151177020143,0.0,0.6343151177020143,0.0
aio-libs/aiohttp,c4983cb158a76745,0.18376068376068377,0,0,0.0,False,,,,,,,,
aio-libs/aiohttp,798b7bb41ec23a1b,0.1935483870967742,2,2,0.0,True,0.6309297535714575,0.0,0.6309297535714575,0.0,0.6309297535714575,0.0,0.6309297535714575,0.0
aio-libs/aiohttp,1d1ab1be826b24b5,0.09090909090909091,0,0,0.0,False,,,,,,,,
aio-libs/aiohttp,29db742fa68fd59f,0.20754716981132076,1,1,0.0,True,1.0,1.0,1.0,1.0,1.0,1.0,1.0,1.0
aio-libs/aiohttp,01635c3f6f43968d,0.2876712328767123,8,3,0.0,True,0.6309297535714575,0.0,0.6309297535714575,0.0,0.6309297535714575,0.0,0.6309297535714575,0.0
aio-libs/aiohttp,0fdb71b538dcf0f3,0.17391304347826086,0,0,0.0,False,,,,,,,,
aio-libs/aiohttp,a2dad8e6cbf0a95d,0.05128205128205128,20,12,0.0,True,0.6826820776600308,0.0,0.558854720793415,0.0,0.558854720793415,0.0,0.6826820776600308,0.0
aio-libs/aiohttp,b9ecf408d1b452bd,0.0044286979627989375,7,5,0.0,True,1.0,1.0,1.0,1.0,1.0,1.0,1.0,1.0
aio-libs/aiohttp,e52e4ddd58b7ef88,0.04891304347826087,16,11,0.0,True,0.5815432933806376,0.0,0.5815432933806376,0.0,0.5815432933806376,0.0,0.6324965074305627,0.0
aio-libs/aiohttp,cae78b4fc18133ec,0.12903225806451613,0,0,0.0,False,,,,,,,,
aio-libs/aiohttp,567782242f0ef570,0.1111111111111111,0,0,0.0,False,,,,,,,,
aio-libs/aiohttp,00aa3bc627621f26,0.2222222222222222,0,0,0.0,False,,,,,,,,
aio-libs/aiohttp,9632858c8fdd45d8,0.18588235294117647,12,9,0.0,True,0.38685280723454163,0.0,0.38685280723454163,0.0,0.38685280723454163,0.0,0.38685280723454163,0.0
akka/akka-core,789edc47848bfe8c,0.029411764705882353,0,0,0.0,False,,,,,,,,
akka/akka-core,c7600b9a8cd2a13b,0.021739130434782608,0,0,0.0,False,,,,,,,,
akka/akka-core,7957850a868d7d97,0.0136986301369863,0,0,0.0,False,,,,,,,,
akka/akka-core,78fb69c4478ac5c2,0.034482758620689655,0,0,0.0,False,,,,,,,,
akka/akka-core,1e1a396462780c36,0.078125,0,0,0.0,False,,,,,,,,
akka/akka-core,4db9fe0a3ce60883,0.04285714285714286,0,0,0.0,False,,,,,,,,
akka/akka-core,7de271bf0ce29ec9,0.013126491646778043,0,0,0.0,False,,,,,,,,
akka/akka-core,5c242272a2626133,0.14285714285714285,0,0,0.0,False,,,,,,,,
akka/akka-core,54463b93569af914,0.0,0,0,0.0,False,,,,,,,,
akka/akka-core,1454b50448e4ebba,0.008771929824561403,0,0,0.0,False,,,,,,,,
akka/akka-core,050cd26297de0ec6,0.0,0,0,0.0,False,,,,,,,,
akka/akka-core,1f9518df7afb3a12,0.018518518518518517,0,0,0.0,False,,,,,,,,
akka/akka-core,87eef90dfff8e9dd,0.016666666666666666,0,0,0.0,False,,,,,,,,
akka/akka-core,7a7e628219569f00,0.022222222222222223,0,0,0.0,False,,,,,,,,
akka/akka-core,c0c77626fbcfc3bb,0.0,0,0,0.0,False,,,,,,,,
akka/akka-core,81077302202dc1fc,0.02666666666666667,0,0,0.0,False,,,,,,,,
akka/akka-core,b5240bc4086d59a6,0.0,0,0,0.0,False,,,,,,,,
akka/akka-core,9ea3881755215810,0.0,0,0,0.0,False,,,,,,,,
akka/akka-core,ea3f300c68e0aa7a,0.04477611940298507,0,0,0.0,False,,,,,,,,
akka/akka-core,a05618f696586d91,0.019230769230769232,0,0,0.0,False,,,,,,,,
akka/akka-core,f2aeaa05bb9e1e45,0.041666666666666664,0,0,0.0,False,,,,,,,,
akka/akka-core,500b6a8900362662,0.0,0,0,0.0,False,,,,,,,,
akka/akka-core,c796673e5fd63da3,0.05970149253731343,0,0,0.0,False,,,,,,,,
akka/akka-core,c43cf400f16638d0,0.0,0,0,0.0,False,,,,,,,,
akka/akka-core,c9e3e675c71b7be5,0.0,0,0,0.0,False,,,,,,,,
alicevision/Meshroom,9c819495aa076ae5,0.008130081300813009,1,0,0.0,False,,,,,,,,
alicevision/Meshroom,0b817e745ca2cd94,0.05851063829787234,0,0,0.0,False,,,,,,,,
alicevision/Meshroom,0e5ff4f5f203b1c3,0.07692307692307693,8,2,1.0,True,0.5,0.0,0.46533827903669656,0.0,0.46533827903669656,0.0,0.46533827903669656,0.0
alicevision/Meshroom,ffa80a41caed450a,0.33064516129032256,2,1,0.0,True,0.5,0.0,0.46533827903669656,0.0,0.38685280723454163,0.0,0.46533827903669656,0.0
alicevision/Meshroom,1eaf2884d6d92cbf,0.041666666666666664,0,0,0.0,False,,,,,,,,
alicevision/Meshroom,6c8cd92cf02dfc93,0.038461538461538464,0,0,0.0,False,,,,,,,,
alicevision/Meshroom,bade52ab310357e4,0.022727272727272728,1,1,0.0,True,0.6309297535714575,0.0,0.6309297535714575,0.0,0.6309297535714575,0.0,0.6309297535714575,0.0
alicevision/Meshroom,89514e7241c0e606,0.05555555555555555,0,0,0.0,False,,,,,,,,
alicevision/Meshroom,089c86e48949b93e,0.08333333333333333,0,0,0.0,False,,,,,,,,
alicevision/Meshroom,8ec7cc101761befa,0.008333333333333333,2,1,0.0,True,0.43067655807339306,0.0,0.43067655807339306,0.0,0.43067655807339306,0.0,0.43067655807339306,0.0
alicevision/Meshroom,e52e4ddd58b7ef88,0.0,0,0,0.0,False,,,,,,,,
alicevision/Meshroom,e19e6952417e32e5,0.01904761904761905,1,0,0.0,False,,,,,,,,
alicevision/Meshroom,32666a5be794b7a1,0.014492753623188406,0,0,0.0,False,,,,,,,,
alicevision/Meshroom,62a737a7a6d0e72a,0.010416666666666666,6,4,0.0,True,0.49354567448117154,0.0,0.49354567448117154,0.0,0.49354567448117154,0.0,0.49354567448117154,0.0
alicevision/Meshroom,bb13e0d40b4a7689,0.0,0,0,0.0,False,,,,,,,,
alicevision/Meshroom,717acf837ca347fb,0.0625,0,0,0.0,False,,,,,,,,
alicevision/Meshroom,e75af0f849da9e9d,0.1,0,0,0.0,False,,,,,,,,
alicevision/Meshroom,8a9125110ed6ea39,0.07057416267942583,44,11,0.0,True,0.37306372776267754,0.0,0.37306372776267754,0.0,0.37306372776267754,0.0,0.37306372776267754,0.0
alicevision/Meshroom,75a8a4e85bdcd814,0.046153846153846156,3,2,0.0,True,0.6309297535714575,0.0,0.6309297535714575,0.0,0.6309297535714575,0.0,0.6309297535714575,0.0
alicevision/Meshroom,76b6f8950f867d59,0.06936416184971098,0,0,0.0,False,,,,,,,,
alicevision/Meshroom,b876ffedf37130ba,0.19879518072289157,1,0,0.0,False,,,,,,,,
alicevision/Meshroom,8502225077f9233e,0.043010752688172046,10,0,0.0,False,,,,,,,,
alicevision/Meshroom,489864e19bf415fd,0.17088607594936708,0,0,0.0,False,,,,,,,,
alicevision/Meshroom,aa5698a4abe93605,0.031088082901554404,3,0,0.0,False,,,,,,,,
alicevision/Meshroom,297ebdd03e879077,0.021834061135371178,26,10,1.0,True,1.0,1.0,0.8154648767857287,0.5,0.6309297535714575,0.0,0.6309297535714575,0.0
alshedivat/al-folio,9058a7c7044ff8a3,0.0,1,0,0.0,False,,,,,,,,
alshedivat/al-folio,c4bb6782f092a747,0.0,2,0,0.0,False,,,,,,,,
alshedivat/al-folio,8eb8b135c435f040,0.1375,0,0,0.0,False,,,,,,,,
alshedivat/al-folio,bec7bacbae3b5b45,0.46153846153846156,0,0,1.0,False,,,,,,,,
alshedivat/al-folio,4112e74eb69fb1ea,0.13580246913580246,0,0,0.0,False,,,,,,,,
alshedivat/al-folio,b6f24604d3d04df6,0.0,2,0,0.0,False,,,,,,,,
alshedivat/al-folio,25b0ef0a7f03b444,0.02531645569620253,4,3,0.0,True,0.38009376671593426,0.0,0.3273949503887395,0.0,0.3273949503887395,0.0,0.3273949503887395,0.0
alshedivat/al-folio,2c7c56ba4ee0e90c,0.1375,0,0,0.0,False,,,,,,,,
alshedivat/al-folio,868de1bb8db54b4c,0.058823529411764705,1,1,0.0,True,0.6309297535714575,0.0,0.6309297535714575,0.0,0.6309297535714575,0.0,0.6309297535714575,0.0
alshedivat/al-folio,36830fc3e89a6b33,0.35906040268456374,3,1,0.0,True,0.6309297535714575,0.0,0.5,0.0,0.5,0.0,0.5,0.0
alshedivat/al-folio,156b002eb316c8ca,0.09090909090909091,0,0,0.0,False,,,,,,,,
alshedivat/al-folio,49ff583ae8543275,0.2,1,1,0.0,True,0.5,0.0,0.5,0.0,0.5,0.0,0.5,0.0
alshedivat/al-folio,e7c5b0360a300d20,1.0,1,0,0.0,False,,,,,,,,
alshedivat/al-folio,47e55258696f5b12,0.10204081632653061,0,0,0.0,False,,,,,,,,
alshedivat/al-folio,ae1a9536069418f5,0.6153846153846154,2,0,0.0,False,,,,,,,,
alshedivat/al-folio,cfea0d36cdc877c4,0.045454545454545456,0,0,0.0,False,,,,,,,,
alshedivat/al-folio,79d507b8f0264be4,0.058823529411764705,1,0,0.0,False,,,,,,,,
alshedivat/al-folio,b7d5c9c3ac96103e,0.48,0,0,1.0,False,,,,,,,,
alshedivat/al-folio,bc37d034bad56458,0.07692307692307693,4,3,0.0,True,0.6349938410666528,0.0,0.6349938410666528,0.0,0.6349938410666528,0.0,0.6349938410666528,0.0
alshedivat/al-folio,89273fcd5a1692cc,0.08333333333333333,0,0,0.0,False,,,,,,,,
alshedivat/al-folio,3fa96db64d99b493,0.9952153110047847,1,1,1.0,True,1.0,1.0,1.0,1.0,1.0,1.0,0.6309297535714575,0.0
alshedivat/al-folio,965b513c12e03d41,0.78125,2,1,0.0,True,1.0,1.0,1.0,1.0,1.0,1.0,1.0,1.0
alshedivat/al-folio,b335630551682c19,0.02631578947368421,42,13,0.0,True,0.9513882472475116,1.0,0.9513882472475116,1.0,0.8750115495447923,1.0,0.9513882472475116,1.0
alshedivat/al-folio,09b140a43ebfdd8d,0.003952569169960474,20,20,0.0,True,0.8729697273768271,1.0,0.8729697273768271,1.0,0.664755473385477,1.0,0.8729697273768271,1.0
alshedivat/al-folio,9aabf83c67f2b12f,0.21212121212121213,0,0,0.0,False,,,,,,,,
angr/angr,e302fd74e5ed45fb,0.12258064516129032,2,2,1.0,True,0.38685280723454163,0.0,0.38685280723454163,0.0,0.07737056144690832,0.0,0.43067655807339306,0.0
angr/angr,59ad8e01df32fba1,0.2222222222222222,1,1,0.0,True,0.5,0.0,0.5654648767857288,0.0,0.5654648767857288,0.0,0.6309297535714575,0.0
angr/angr,d0e668ca659e0cff,0.18181818181818182,0,0,0.0,False,,,,,,,,
angr/angr,145a6ce4e2cca4c0,0.17857142857142858,3,2,0.0,True,0.43067655807339306,0.0,0.5654648767857288,0.0,0.0,0.0,0.5,0.0
angr/angr,daf659022658dc4a,0.1206896551724138,1,1,0.0,True,0.46533827903669656,0.0,0.5,0.0,0.5,0.0,0.5,0.0
angr/angr,342ac3a0fe3d19d3,0.08108108108108109,34,32,0.0,True,0.8866619028144211,1.0,0.8866619028144211,1.0,0.8866619028144211,1.0,0.9307231908696811,1.0
angr/angr,92eee2d6321fd82e,0.05343511450381679,2,2,0.0,True,0.0,0.0,0.0,0.0,0.0,0.0,0.38685280723454163,0.0
angr/angr,d041c76ce94bf673,0.024242424242424242,7,6,0.0,True,0.5672601187912242,0.0,0.5672601187912242,0.0,0.7795858045446329,1.0,0.651197451547264,0.0
angr/angr,c6c850658fa19259,0.0,1,1,0.0,True,0.6309297535714575,0.0,0.5,0.0,0.5,0.0,0.6309297535714575,0.0
angr/angr,b8dfa75bc0fbeb43,0.06666666666666667,2,2,0.0,True,0.6309297535714575,0.0,0.38685280723454163,0.0,0.43067655807339306,0.0,0.6309297535714575,0.0
angr/angr,793fca15c784dfa9,0.0410958904109589,1,1,0.0,True,0.5654648767857288,0.0,0.5654648767857288,0.0,0.5654648767857288,0.0,0.5654648767857288,0.0
angr/angr,2b02195709ce37e5,0.16091954022988506,2,2,0.0,True,0.5,0.0,0.5,0.0,0.5,0.0,0.6309297535714575,0.0
angr/angr,3ed244d508a15308,0.1,1,1,0.0,True,0.40876468265396737,0.0,0.40876468265396737,0.0,0.40876468265396737,0.0,0.46533827903669656,0.0
angr/angr,2a8fbfc0c9e4277e,0.059800664451827246,28,26,0.0,True,0.4745633545964553,0.0,0.4745633545964553,0.0,0.4745633545964553,0.0,0.4745633545964553,0.0
angr/angr,68cb30d9a76f4641,0.26,0,0,0.0,False,,,,,,,,
angr/angr,fab9d0d7b06fb880,0.3076923076923077,1,1,0.0,True,0.5,0.0,0.5,0.0,0.5,0.0,0.5654648767857288,0.0
angr/angr,26a696474322cd18,0.0684931506849315,3,3,0.0,True,0.38685280723454163,0.0,0.4087646826539674,0.0,0.4087646826539674,0.0,0.43067655807339306,0.0
angr/angr,60bf27fbf59d8de6,0.038461538461538464,3,2,0.0,True,0.6309297535714575,0.0,0.6309297535714575,0.0,0.6309297535714575,0.0,0.6309297535714575,0.0
angr/angr,d9f7f17373559379,0.03125,3,2,0.0,True,0.6309297535714575,0.0,0.6309297535714575,0.0,0.6309297535714575,0.0,0.6309297535714575,0.0
angr/angr,a844f10b709b8e4c,0.14666666666666667,2,2,0.0,True,0.43067655807339306,0.0,0.4391764551026449,0.0,0.4391764551026449,0.0,0.46533827903669656,0.0
angr/angr,012877e275730682,0.2608695652173913,2,2,0.0,True,0.43067655807339306,0.0,0.46533827903669656,0.0,0.46533827903669656,0.0,0.5,0.0
angr/angr,2d9d1e7dfa05726c,0.04504504504504504,1,1,0.0,True,0.5654648767857288,0.0,0.5654648767857288,0.0,0.5654648767857288,0.0,0.5,0.0
angr/angr,aad98a6613bfbe56,0.164778578784758,4,4,0.0,True,0.3196311965446524,0.0,0.0,0.0,0.0,0.0,0.0,0.0
angr/angr,34fcd469a8143807,0.1111111111111111,2,2,0.0,True,0.6309297535714575,0.0,0.6309297535714575,0.0,0.6309297535714575,0.0,0.6309297535714575,0.0
angr/angr,b607c9305d58c9ad,0.17315175097276264,7,5,0.0,True,0.5069520518174072,0.0,0.23463936301137822,0.0,0.5069520518174072,0.0,0.5992429307166866,0.0
angular/angular,e87711f373c0966a,0.5454545454545454,0,0,1.0,False,,,,,,,,
angular/angular,87ac47d1cee982c3,0.061224489795918366,0,0,0.0,False,,,,,,,,
angular/angular,ac619793331a9f2c,0.0012642225031605564,0,0,0.0,False,,,,,,,,
angular/angular,b4520318fe8163a6,0.171875,1,0,0.0,False,,,,,,,,
angular/angular,2e89725f713691e3,0.09523809523809523,0,0,0.0,False,,,,,,,,
angular/angular,ce77da6bfcb325f1,0.2140221402214022,7,3,1.0,True,0.5,0.0,0.5,0.0,0.5,0.0,1.0,1.0
angular/angular,be179aa3c4f40513,0.057692307692307696,0,0,0.0,False,,,,,,,,
angular/angular,a3cdb024b228210a,0.16666666666666666,1,0,0.0,False,,,,,,,,
angular/angular,54db8245bdae2fd9,0.2483221476510067,1,1,1.0,True,0.38685280723454163,0.0,0.38685280723454163,0.0,0.38685280723454163,0.0,0.43067655807339306,0.0
angular/angular,32a982019a295e3b,0.28888888888888886,0,0,1.0,False,,,,,,,,
angular/angular,e4d1890547f26b92,0.18518518518518517,1,0,0.0,False,,,,,,,,
angular/angular,bd0d958d3e90a48a,0.1863905325443787,1,0,0.0,False,,,,,,,,
angular/angular,8da9f0ed6844d8a3,0.05232558139534884,5,3,0.0,True,0.8597186998521972,0.0,0.8597186998521972,0.0,0.8597186998521972,0.0,0.8597186998521972,0.0
angular/angular,76e6a88b0a64daaf,0.045454545454545456,0,0,1.0,False,,,,,,,,
angular/angular,02ae95f865b4bca6,0.16981132075471697,0,0,0.0,False,,,,,,,,
angular/angular,45b05a0040c8233a,0.5833333333333334,1,1,1.0,True,0.16350587306158695,0.0,0.16350587306158695,0.0,0.07737056144690832,0.0,0.0,0.0
angular/angular,057709947576702a,0.3512396694214876,5,2,0.0,True,0.5,0.0,0.5,0.0,0.5,0.0,0.6309297535714575,0.0
angular/angular,ecbdd139e4ce1fec,0.18617021276595744,0,0,0.0,False,,,,,,,,
angular/angular,0cd859d1db710af8,0.6909090909090909,0,0,1.0,False,,,,,,,,
angular/angular,1630e341d8ab18ff,0.26865671641791045,2,0,0.0,False,,,,,,,,
angular/angular,28a8342d34b7fec0,0.13580246913580246,0,0,0.0,False,,,,,,,,
angular/angular,c08fc93448d2dd6d,0.5882352941176471,0,0,1.0,False,,,,,,,,
angular/angular,32086d4f3c9166d1,0.2440677966101695,2,1,0.0,True,0.19342640361727081,0.0,0.19342640361727081,0.0,0.0,0.0,0.40876468265396737,0.0
angular/angular,7cb5687cda4f32e6,0.09836065573770492,5,0,0.0,False,,,,,,,,
angular/angular,87e3ff6ad1abcc8b,0.3963963963963964,1,0,0.0,False,,,,,,,,
ankidroid/Anki-Android,0c1cb3e8b1d46b61,0.22183098591549297,3,2,0.0,True,0.6309297535714575,0.0,0.6309297535714575,0.0,1.0,1.0,0.5,0.0
ankidroid/Anki-Android,3911e1b9b5c5c291,0.06451612903225806,1,1,0.0,True,0.43067655807339306,0.0,0.43067655807339306,0.0,0.43067655807339306,0.0,0.43067655807339306,0.0
ankidroid/Anki-Android,bc306f8dc816f326,0.3939393939393939,1,1,0.0,True,0.5,0.0,0.46533827903669656,0.0,0.46533827903669656,0.0,0.46533827903669656,0.0
ankidroid/Anki-Android,0db7d1315e99a2aa,0.13541666666666666,13,9,0.0,True,0.7766421432672286,0.0,0.7766421432672286,0.0,0.6657096983124552,0.0,0.6069742413530738,0.0
ankidroid/Anki-Android,8e8833e1e91c338f,0.3089171974522293,43,38,1.0,True,0.824961907869099,1.0,0.7867467957851331,1.0,0.8759153906477203,1.0,0.5558431628125016,0.0
ankidroid/Anki-Android,f94a470589c422f6,0.11940298507462686,2,1,0.0,True,0.6309297535714575,0.0,0.6309297535714575,0.0,0.43067655807339306,0.0,0.6309297535714575,0.0
ankidroid/Anki-Android,1205404294e79f2f,0.19791666666666666,1,1,0.0,True,1.0,1.0,1.0,1.0,1.0,1.0,1.0,1.0
ankidroid/Anki-Android,1e4c0e93f5d63123,0.14772727272727273,2,2,0.0,True,0.6509209298071326,0.0,0.6240505200038379,0.0,0.6240505200038379,0.0,0.38685280723454163,0.0
ankidroid/Anki-Android,25019828cd35465a,0.043478260869565216,1,1,0.0,True,1.0,1.0,1.0,1.0,1.0,1.0,1.0,1.0
ankidroid/Anki-Android,eddf47f0692c4c1d,0.24107142857142858,1,1,0.0,True,0.6309297535714575,0.0,0.5,0.0,0.5,0.0,0.38685280723454163,0.0
ankidroid/Anki-Android,386833afa70cf813,0.03076923076923077,3,2,0.0,True,1.0,1.0,1.0,1.0,1.0,1.0,1.0,1.0
ankidroid/Anki-Android,9ea5124c067b4ead,0.6103286384976526,4,1,1.0,True,1.0,1.0,0.5,0.0,0.43067655807339306,0.0,0.5,0.0
ankidroid/Anki-Android,e46e9146e6b2806a,0.05714285714285714,1,1,0.0,True,1.0,1.0,1.0,1.0,1.0,1.0,1.0,1.0
ankidroid/Anki-Android,defadb4b9f86633b,0.3178294573643411,3,2,1.0,True,1.0,1.0,1.0,1.0,1.0,1.0,0.5,0.0
ankidroid/Anki-Android,9cb93df68976ccc7,0.40625,1,1,0.0,True,0.6309297535714575,0.0,0.6309297535714575,0.0,0.6309297535714575,0.0,0.6309297535714575,0.0
ankidroid/Anki-Android,7b5098feb9267c8c,0.0,0,0,0.0,False,,,,,,,,
ankidroid/Anki-Android,89bce595ddf782b3,0.025,2,2,0.0,True,0.5,0.0,0.5,0.0,0.5,0.0,0.5,0.0
ankidroid/Anki-Android,35e84e8ba1fdf11c,0.2874251497005988,6,6,0.0,True,0.5600110334118286,0.0,0.7378264247076022,0.0,0.7378264247076022,0.0,0.6215669797301413,0.0
ankidroid/Anki-Android,1a73a0373f20bd5a,0.5157894736842106,2,2,1.0,True,0.5,0.0,0.5,0.0,0.5,0.0,0.5,0.0
ankidroid/Anki-Android,d1b32a783b5ed8ae,0.058394160583941604,4,4,0.0,True,1.0,1.0,1.0,1.0,1.0,1.0,1.0,1.0
ankidroid/Anki-Android,0ba43be41a9d77d3,0.13178294573643412,3,3,0.0,True,0.6309297535714575,0.0,0.6309297535714575,0.0,1.0,1.0,0.26350587306158696,0.0
ankidroid/Anki-Android,8c5c9fecb5373470,0.5076923076923077,5,4,1.0,True,0.9327783893101107,1.0,0.9327783893101107,1.0,0.9327783893101107,1.0,0.5196610607458307,0.0
ankidroid/Anki-Android,de536bc155d9142d,0.7253668763102725,4,4,1.0,True,1.0,1.0,0.5,0.0,0.5,0.0,0.38685280723454163,0.0
ankidroid/Anki-Android,73e6303bfb00f30b,0.3333333333333333,5,5,0.0,True,0.0,0.0,0.0,0.0,0.0,0.0,0.38685280723454163,0.0
ankidroid/Anki-Android,5e2d57527f05101f,0.06896551724137931,3,2,1.0,True,0.5,0.0,0.5,0.0,0.43067655807339306,0.0,0.1289509357448472,0.0
ansible/ansible,d8dbe073565cd487,0.043478260869565216,0,0,0.0,False,,,,,,,,
ansible/ansible,fad353b94324ff2b,0.06818181818181818,0,0,0.0,False,,,,,,,,
ansible/ansible,05d2326a6e989b37,0.125,0,0,0.0,False,,,,,,,,
ansible/ansible,7149db7ed3691c0a,0.078125,0,0,0.0,False,,,,,,,,
ansible/ansible,4b6ffb5550f45ca7,0.061224489795918366,0,0,0.0,False,,,,,,,,
ansible/ansible,555aabb1deb80bb2,0.0425531914893617,1,0,0.0,False,,,,,,,,
ansible/ansible,878adfa9960d9ae3,0.0,0,0,0.0,False,,,,,,,,
ansible/ansible,6bfdee1757f46baa,0.008733624454148471,1,0,0.0,False,,,,,,,,
ansible/ansible,3f696c8afa8818d1,0.003861003861003861,0,0,0.0,False,,,,,,,,
ansible/ansible,5704933ee3791e34,0.011131725417439703,5,3,0.0,True,0.38009376671593426,0.0,0.38009376671593426,0.0,0.38009376671593426,0.0,0.38009376671593426,0.0
ansible/ansible,47fc2b77ad780734,0.13333333333333333,0,0,0.0,False,,,,,,,,
ansible/ansible,92410d2b5959a7ff,0.0425531914893617,0,0,0.0,False,,,,,,,,
ansible/ansible,e99b6fcb5e186bda,0.029411764705882353,0,0,0.0,False,,,,,,,,
ansible/ansible,da0dfa6b9f8b1995,0.10909090909090909,0,0,0.0,False,,,,,,,,
ansible/ansible,96eafa7aebd2fdc9,0.05102040816326531,0,0,0.0,False,,,,,,,,
ansible/ansible,8d7a292ab7c0a3c2,0.16216216216216217,0,0,0.0,False,,,,,,,,
ansible/ansible,38cec806ea1a1ee7,0.011036174126302882,9,8,0.0,True,0.34136989042742494,0.0,0.2923133323121536,0.0,0.26884664867267033,0.0,0.34136989042742494,0.0
ansible/ansible,46dfbc5163579abd,0.0078125,3,1,0.0,True,1.0,1.0,1.0,1.0,1.0,1.0,1.0,1.0
ansible/ansible,f15e1b36039c3d60,0.01310615989515072,5,3,0.0,True,0.0,0.0,0.0,0.0,0.0,0.0,0.0,0.0
ansible/ansible,b2b60725a2a003e1,0.00963855421686747,3,1,0.0,True,0.0,0.0,0.0,0.0,0.0,0.0,0.0,0.0
ansible/ansible,ccb2ee43967387ae,0.18181818181818182,0,0,0.0,False,,,,,,,,
ansible/ansible,3b2a97c71f7d085a,0.03333333333333333,0,0,0.0,False,,,,,,,,
ansible/ansible,3507bd5b9ad8e691,0.1111111111111111,0,0,0.0,False,,,,,,,,
ansible/ansible,acdcd084ce50e20e,0.03361344537815126,0,0,0.0,False,,,,,,,,
ansible/ansible,9c124a6cda9c3011,0.004158004158004158,1,0,0.0,False,,,,,,,,
antiwork/shortest,0126c6547dc06661,0.05263157894736842,0,0,0.0,False,,,,,,,,
antiwork/shortest,cdc7da17fb051d2e,0.02,0,0,0.0,False,,,,,,,,
antiwork/shortest,7e59ad612d7606ec,0.045454545454545456,0,0,0.0,False,,,,,,,,
antiwork/shortest,6ca84af08346b70f,0.058823529411764705,0,0,0.0,False,,,,,,,,
antiwork/shortest,f2bdd42fd1e5760b,0.0,0,0,0.0,False,,,,,,,,
antiwork/shortest,5ffa77a4d004c3f5,0.007150153217568948,0,0,0.0,False,,,,,,,,
antiwork/shortest,8f0ad2361988c1f2,0.041666666666666664,0,0,0.0,False,,,,,,,,
antiwork/shortest,50e2e622f8d0791e,0.04081632653061224,0,0,0.0,False,,,,,,,,
antiwork/shortest,a24651b361334125,0.020833333333333332,0,0,0.0,False,,,,,,,,
antiwork/shortest,e17e0fcdb8c25d71,0.09090909090909091,0,0,0.0,False,,,,,,,,
antiwork/shortest,bdee8e342c708df7,0.0196078431372549,0,0,0.0,False,,,,,,,,
antiwork/shortest,7ab478d8968ac357,0.14285714285714285,0,0,0.0,False,,,,,,,,
antiwork/shortest,99b798dd61b44ec9,0.02247191011235955,1,0,0.0,False,,,,,,,,
antiwork/shortest,d82964d925364bb2,0.020618556701030927,1,0,0.0,False,,,,,,,,
antiwork/shortest,d1bbbdcde9e241e0,0.05263157894736842,0,0,0.0,False,,,,,,,,
antiwork/shortest,cdd97ea54a8c9ef3,0.12056737588652482,0,0,1.0,False,,,,,,,,
antiwork/shortest,080c1fea579c88b6,0.06451612903225806,0,0,0.0,False,,,,,,,,
antiwork/shortest,dbbdd57ea128da23,0.0018248175182481751,0,0,0.0,False,,,,,,,,
antiwork/shortest,e21f4a9d221d7b15,0.125,0,0,1.0,False,,,,,,,,
antiwork/shortest,213c8e0885dd88ff,0.09523809523809523,0,0,0.0,False,,,,,,,,
antiwork/shortest,689d1c2c9efa5231,0.06896551724137931,0,0,0.0,False,,,,,,,,
antiwork/shortest,b5c83bb8bf7e7e66,0.0784313725490196,0,0,0.0,False,,,,,,,,
antiwork/shortest,30348591d689b582,0.0,1,0,0.0,False,,,,,,,,
antiwork/shortest,59b12f6776efab82,0.007874015748031496,0,0,0.0,False,,,,,,,,
antiwork/shortest,c27fd0d115f374ae,0.07228915662650602,0,0,0.0,False,,,,,,,,
apache/airflow,27134babc9fc410f,0.01838235294117647,5,0,0.0,False,,,,,,,,
apache/airflow,69897bbd8d832490,0.0125,0,0,0.0,False,,,,,,,,
apache/airflow,918b1da5a2f8f82d,0.07692307692307693,0,0,0.0,False,,,,,,,,
apache/airflow,d2d893cb2045f46b,0.18823529411764706,0,0,0.0,False,,,,,,,,
apache/airflow,cea89d3482791f65,0.1,0,0,0.0,False,,,,,,,,
apache/airflow,271863c95cd9464c,0.0498960498960499,2,0,0.0,False,,,,,,,,
apache/airflow,d4cd3b4cc0b652c7,0.0,74,36,0.0,True,0.6947949436414264,1.0,0.6947949436414264,1.0,0.6918991311995363,1.0,0.6947949436414264,1.0
apache/airflow,c1249dab92dd9a97,0.030303030303030304,1,0,0.0,False,,,,,,,,
apache/airflow,23d13a2c2ca8e41f,0.1927710843373494,1,0,0.0,False,,,,,,,,
apache/airflow,be8ac101e8674234,0.007936507936507936,4,1,0.0,True,1.0,1.0,1.0,1.0,1.0,1.0,1.0,1.0
apache/airflow,2ca130e4644a3e61,0.07854984894259819,6,0,0.0,False,,,,,,,,
apache/airflow,b3d436597f51e50b,0.05855855855855856,0,0,0.0,False,,,,,,,,
apache/airflow,cfed5937bd04eb78,0.07796610169491526,12,2,0.0,True,1.0,1.0,1.0,1.0,1.0,1.0,1.0,1.0
apache/airflow,e8d4f3135ba3e7fa,0.0673076923076923,0,0,0.0,False,,,,,,,,
apache/airflow,8253f751f1b84e90,0.07058823529411765,28,21,0.0,True,0.9892314561887822,1.0,0.9892314561887822,1.0,0.9694182588420555,1.0,0.9919736300538712,1.0
apache/airflow,47564ec2c8d42151,0.019487179487179488,30,12,0.0,True,0.8879528281859161,1.0,0.8879528281859161,1.0,0.8879528281859161,1.0,0.8879528281859161,1.0
apache/airflow,34b2c72b25467de5,0.034482758620689655,0,0,0.0,False,,,,,,,,
apache/airflow,b832a112f499071b,0.043478260869565216,10,8,0.0,True,1.0,1.0,1.0,1.0,1.0,1.0,1.0,1.0
apache/airflow,c6f469502ccc758f,0.0013513513513513514,84,53,0.0,True,0.8365569569937459,1.0,0.8497342329622701,1.0,0.8543253702780844,1.0,0.8365569569937459,1.0
apache/airflow,9a1373e3dbd1a2b8,0.07142857142857142,8,5,0.0,True,1.0,1.0,1.0,1.0,1.0,1.0,1.0,1.0
apache/airflow,875fa7f5cc08ecfc,0.0,0,0,0.0,False,,,,,,,,
apache/airflow,3bcab0322d5b0fa0,0.15139442231075698,1,0,0.0,False,,,,,,,,
apache/airflow,54ea68b5e1e61ac0,0.003903391070992925,179,119,0.0,True,0.8699769753687255,1.0,0.8699769753687255,1.0,0.8699769753687255,1.0,0.8699769753687255,1.0
apache/airflow,72198fb834112500,0.05405405405405406,3,1,0.0,True,0.6309297535714575,0.0,0.6309297535714575,0.0,0.5,0.0,0.6309297535714575,0.0
apache/airflow,51a21e08ce6723c6,0.05263157894736842,4,1,0.0,True,1.0,1.0,1.0,1.0,1.0,1.0,1.0,1.0
apache/flink,9d7e4b631fedca5c,0.48214285714285715,0,0,0.0,False,,,,,,,,
apache/flink,ff35b0a939c775e9,0.40789473684210525,0,0,0.0,False,,,,,,,,
apache/flink,69aa0a3262131c18,0.3,0,0,0.0,False,,,,,,,,
apache/flink,95b3db93249837e1,0.320890635232482,42,26,1.0,True,0.03095771924398574,0.0,0.23068158186931942,0.0,0.23068158186931942,0.0,0.23068158186931942,0.0
apache/flink,798da31d052cade3,0.35443037974683544,0,0,0.0,False,,,,,,,,
apache/flink,2b1a5065b453e3f7,0.6764705882352942,1,0,1.0,False,,,,,,,,
apache/flink,77c6f6adf6749a44,0.6341463414634146,0,0,1.0,False,,,,,,,,
apache/flink,6af698227fe137ca,0.582089552238806,0,0,1.0,False,,,,,,,,
apache/flink,c8e312487b5b8f99,0.29347826086956524,1,0,0.0,False,,,,,,,,
apache/flink,fe5c7ef75ec59091,0.596078431372549,0,0,1.0,False,,,,,,,,
apache/flink,8507965b992d930c,0.3015075376884422,0,0,0.0,False,,,,,,,,
apache/flink,979cad792b1e21ec,0.06009615384615385,1,0,0.0,False,,,,,,,,
apache/flink,351c2685481140b3,0.7843137254901961,0,0,1.0,False,,,,,,,,
apache/flink,9cf2d09663533f38,0.0963855421686747,0,0,0.0,False,,,,,,,,
apache/flink,04f1333e4f2fd5cf,0.05154639175257732,0,0,0.0,False,,,,,,,,
apache/flink,b5c654cc78fd1d96,0.8121739130434783,0,0,1.0,False,,,,,,,,
apache/flink,cf1400b345c43ee6,0.5508474576271186,0,0,1.0,False,,,,,,,,
apache/flink,3c1bb68f37b29672,0.6021505376344086,0,0,1.0,False,,,,,,,,
apache/flink,ffe0b5f9977d2e1f,0.15384615384615385,0,0,0.0,False,,,,,,,,
apache/flink,1f6d0a5ebe5b9944,0.4827586206896552,0,0,1.0,False,,,,,,,,
apache/flink,b968a0709c666625,0.1774193548387097,0,0,0.0,False,,,,,,,,
apache/flink,d545ce0954dcb02d,0.47368421052631576,0,0,0.0,False,,,,,,,,
apache/flink,95cb55d991862d53,0.8450704225352113,0,0,1.0,False,,,,,,,,
apache/flink,4ff58481d6d9278b,0.5760869565217391,0,0,1.0,False,,,,,,,,
apache/flink,d00d39f443f3afda,0.8691099476439791,0,0,1.0,False,,,,,,,,
apache/hbase,0a4b78eaf9d5d2a9,0.07692307692307693,0,0,0.0,False,,,,,,,,
apache/hbase,3c335ec68d08994c,0.12836438923395446,2,1,0.0,True,0.6309297535714575,0.0,0.6309297535714575,0.0,0.6309297535714575,0.0,0.6309297535714575,0.0
apache/hbase,c086ec4cc958bbe0,0.02564102564102564,0,0,0.0,False,,,,,,,,
apache/hbase,4409a6a8dc3a184b,0.01694915254237288,0,0,0.0,False,,,,,,,,
apache/hbase,ed4f74ae55bb1913,0.07317073170731707,1,0,0.0,False,,,,,,,,
apache/hbase,373f64a72766b7cf,0.16666666666666666,0,0,0.0,False,,,,,,,,
apache/hbase,9f6d3fcd5ad3222e,0.0425531914893617,3,3,0.0,True,1.0,1.0,1.0,1.0,0.6309297535714575,0.0,1.0,1.0
apache/hbase,bf138306f4eea6a0,0.06976744186046512,0,0,0.0,False,,,,,,,,
apache/hbase,39987e53515935e6,0.27419354838709675,0,0,0.0,False,,,,,,,,
apache/hbase,1bbcfd2c3b1937c8,0.043478260869565216,0,0,0.0,False,,,,,,,,
apache/hbase,80d97f2b7339ac7a,0.05263157894736842,1,0,0.0,False,,,,,,,,
apache/hbase,fb9113e9029c1e53,0.005649717514124294,1,1,0.0,True,0.6309297535714575,0.0,0.6309297535714575,0.0,0.6309297535714575,0.0,0.6309297535714575,0.0
apache/hbase,0ccbac4363643b8e,0.11354581673306773,1,0,0.0,False,,,,,,,,
apache/hbase,70dda3e30e06e911,0.05084745762711865,1,1,0.0,True,0.6309297535714575,0.0,0.6309297535714575,0.0,0.5654648767857288,0.0,0.6309297535714575,0.0
apache/hbase,e92cb96eb92ab20a,0.05764411027568922,2,1,0.0,True,0.0,0.0,0.0,0.0,0.0,0.0,0.0,0.0
apache/hbase,ed51770e8f34884f,0.09316770186335403,1,0,0.0,False,,,,,,,,
apache/hbase,b8ba674fa9849e9f,0.10582010582010581,3,0,0.0,False,,,,,,,,
apache/hbase,1328fb73e9b45ac2,0.046620046620046623,1,0,0.0,False,,,,,,,,
apache/hbase,9370543862de11a4,0.02459016393442623,1,0,0.0,False,,,,,,,,
apache/hbase,50242bc0502d71cb,0.06060606060606061,0,0,0.0,False,,,,,,,,
apache/hbase,0e55b368bd805325,0.13276465441819774,13,1,0.0,True,0.0,0.0,0.0,0.0,0.0,0.0,0.0,0.0
apache/hbase,1231dc7c9897c644,0.20502092050209206,0,0,0.0,False,,,,,,,,
apache/hbase,7161364486cf1df8,0.15789473684210525,0,0,0.0,False,,,,,,,,
apache/hbase,09d2f48b65fdd9ec,0.030303030303030304,0,0,0.0,False,,,,,,,,
apache/hbase,0738f108c2e08e33,0.030534351145038167,1,0,0.0,False,,,,,,,,
apache/iotdb,84882f4bcfe2f0f7,0.003355704697986577,4,2,0.0,True,1.0,1.0,1.0,1.0,1.0,1.0,1.0,1.0
apache/iotdb,71e5bb9a2035f7b5,0.0006480881399870382,9,8,0.0,True,0.3558398982930782,0.0,0.3558398982930782,0.0,0.3558398982930782,0.0,0.3558398982930782,0.0
apache/iotdb,3a3fa624df531223,0.04932735426008968,0,0,0.0,False,,,,,,,,
apache/iotdb,f90dad8042b2caa5,0.014146772767462422,5,5,0.0,True,0.23463936301137822,0.0,0.23463936301137822,0.0,0.23463936301137822,0.0,0.23463936301137822,0.0
apache/iotdb,385c62ec705c8ebd,0.043859649122807015,3,2,0.0,True,0.3065735963827292,0.0,0.3065735963827292,0.0,0.3065735963827292,0.0,0.3065735963827292,0.0
apache/iotdb,a6238dd231054e49,0.19879518072289157,2,2,0.0,True,0.19342640361727081,0.0,0.19342640361727081,0.0,0.0,0.0,0.6309297535714575,0.0
apache/iotdb,a3a404d1dd2b53bb,0.015873015873015872,0,0,0.0,False,,,,,,,,
apache/iotdb,2e7615d72ef324b6,0.018867924528301886,2,0,0.0,False,,,,,,,,
apache/iotdb,f776b3954cd86936,0.004048582995951417,2,0,0.0,False,,,,,,,,
apache/iotdb,02a39013d78220a9,0.0273972602739726,0,0,0.0,False,,,,,,,,
apache/iotdb,1f7975f72dcada02,0.02666666666666667,2,0,0.0,False,,,,,,,,
apache/iotdb,92edcbe079357ded,0.0036900369003690036,10,8,0.0,True,0.5655583729665954,0.0,0.5655583729665954,0.0,0.5655583729665954,0.0,0.5655583729665954,0.0
apache/iotdb,6584f94e4dc605cd,0.0006325110689437065,16,12,0.0,True,0.460347016618143,0.0,0.4380408989338008,0.0,0.4098386713347838,0.0,0.460347016618143,0.0
apache/iotdb,e13cc3c9d60d542e,0.004308023694130318,1,1,0.0,True,0.5,0.0,0.5,0.0,0.43067655807339306,0.0,0.5,0.0
apache/iotdb,ed2f92106f4fbd60,0.006493506493506494,0,0,0.0,False,,,,,,,,
apache/iotdb,eb2f486fd4be2577,0.0016233766233766235,1,1,0.0,True,0.5,0.0,0.5,0.0,0.0,0.0,0.5,0.0
apache/iotdb,c9f553ed60b35d34,0.047619047619047616,2,0,0.0,False,,,,,,,,
apache/iotdb,420f0bd8ab763aa8,0.005018820577164366,2,1,0.0,True,0.5,0.0,0.5,0.0,0.5,0.0,0.5,0.0
apache/iotdb,dc32590086e1043b,0.01652892561983471,2,0,0.0,False,,,,,,,,
apache/iotdb,3ecf5be898709dad,0.0017605633802816902,0,0,0.0,False,,,,,,,,
apache/iotdb,49d4be9fda16bc15,0.05476673427991886,2,1,0.0,True,0.6309297535714575,0.0,0.6309297535714575,0.0,0.6309297535714575,0.0,0.6309297535714575,0.0
apache/iotdb,685a758389b6332e,0.02727272727272727,1,0,0.0,False,,,,,,,,
apache/iotdb,b1a2a653f3171f25,0.01107011070110701,4,4,0.0,True,0.52129602861432,0.0,0.52129602861432,0.0,0.6399093280453462,0.0,0.6278397607958708,0.0
apache/iotdb,719bd03ce4161070,0.00966183574879227,3,1,0.0,True,0.40876468265396737,0.0,0.40876468265396737,0.0,0.0,0.0,0.43067655807339306,0.0
apache/iotdb,410263915be280ec,0.002680965147453083,2,2,0.0,True,0.5,0.0,0.5,0.0,0.5,0.0,0.5,0.0
apache/maven,f35103f068e191d5,0.010309278350515464,0,0,0.0,False,,,,,,,,
apache/maven,ab176aae81456aea,0.021897810218978103,0,0,0.0,False,,,,,,,,
apache/maven,d887400ad2b5e75c,0.13157894736842105,0,0,0.0,False,,,,,,,,
apache/maven,5d99cd07bd1b02a0,0.04054054054054054,0,0,0.0,False,,,,,,,,
apache/maven,35fe9d0bbf0b6a50,0.060759493670886074,15,9,0.0,True,0.5888184490854218,0.0,0.5321239748243536,0.0,0.39720556942773894,0.0,0.5888184490854218,0.0
apache/maven,317b8d2e1fd80398,0.23148148148148148,1,1,0.0,True,1.0,1.0,1.0,1.0,1.0,1.0,1.0,1.0
apache/maven,96755a1553dbb283,0.2077922077922078,0,0,0.0,False,,,,,,,,
apache/maven,48fe2672cc89f4b4,0.0392156862745098,0,0,0.0,False,,,,,,,,
apache/maven,fb4eef58e7edb0f2,0.06976744186046512,0,0,0.0,False,,,,,,,,
apache/maven,4b2e24fb7853e44d,0.08888888888888889,0,0,0.0,False,,,,,,,,
apache/maven,c006936abbe4770e,0.14285714285714285,0,0,0.0,False,,,,,,,,
apache/maven,5e5890b2aad718a4,0.025,0,0,0.0,False,,,,,,,,
apache/maven,e287e2f34627b1bc,0.05,0,0,0.0,False,,,,,,,,
apache/maven,c064d0bb2cf1639c,0.03125,0,0,0.0,False,,,,,,,,
apache/maven,b1e0e6b9b7fa80c2,0.010582010582010581,0,0,0.0,False,,,,,,,,
apache/maven,b398f1e02fcebedc,0.05,0,0,1.0,False,,,,,,,,
apache/maven,4e3939bb50d1b921,0.10909090909090909,0,0,0.0,False,,,,,,,,
apache/maven,85082fe7b40ff776,0.125,0,0,0.0,False,,,,,,,,
apache/maven,30f906e762f33973,0.0,2,2,0.0,True,0.6966914986557728,1.0,0.6966914986557728,1.0,0.6131471927654584,1.0,0.6966914986557728,1.0
apache/maven,c7088c18c59164d4,0.07017543859649122,0,0,0.0,False,,,,,,,,
apache/maven,55b47e69f2a336b7,0.061855670103092786,0,0,0.0,False,,,,,,,,
apache/maven,68f4df23295184ec,0.017543859649122806,0,0,0.0,False,,,,,,,,
apache/maven,78adf05a88238b91,0.05172413793103448,0,0,0.0,False,,,,,,,,
apache/maven,db728cf877c0cfba,0.0873015873015873,0,0,0.0,False,,,,,,,,
apache/maven,7d202b85e3089290,0.3025210084033613,0,0,0.0,False,,,,,,,,
apollographql/apollo-client,413a98cce8944938,0.0,0,0,0.0,False,,,,,,,,
apollographql/apollo-client,55d7e028db726048,0.0,0,0,0.0,False,,,,,,,,
apollographql/apollo-client,887a160eef7f7a00,0.0,0,0,0.0,False,,,,,,,,
apollographql/apollo-client,b35e52652fde9356,0.4523809523809524,0,0,1.0,False,,,,,,,,
apollographql/apollo-client,d53fada4c18b028e,0.1935483870967742,3,2,0.0,True,0.46533827903669656,0.0,0.46533827903669656,0.0,0.46533827903669656,0.0,0.5654648767857288,0.0
apollographql/apollo-client,374c4b0c21b5ad58,0.045454545454545456,0,0,0.0,False,,,,,,,,
apollographql/apollo-client,61cffa353d7574ee,0.020370370370370372,12,12,0.0,True,1.0,1.0,1.0,1.0,1.0,1.0,1.0,1.0
apollographql/apollo-client,abd59bcb3a480470,0.0,0,0,0.0,False,,,,,,,,
apollographql/apollo-client,7052e787c5d3a1a5,0.05063291139240506,0,0,0.0,False,,,,,,,,
apollographql/apollo-client,97793a779c7ba0aa,0.7142857142857143,0,0,1.0,False,,,,,,,,
apollographql/apollo-client,df70656746a3d5a0,0.003787878787878788,4,4,0.0,True,1.0,1.0,1.0,1.0,1.0,1.0,1.0,1.0
apollographql/apollo-client,a5de3e5871ffcc38,0.07142857142857142,0,0,0.0,False,,,,,,,,
apollographql/apollo-client,61c0c1641f292ca5,0.01527331189710611,1,1,0.0,True,1.0,1.0,1.0,1.0,1.0,1.0,1.0,1.0
apollographql/apollo-client,221ec56332617dc2,0.5977653631284916,5,5,1.0,True,0.43067655807339306,0.0,0.46533827903669656,0.0,0.46533827903669656,0.0,0.5,0.0
apollographql/apollo-client,c8ed05ae3dbd4e51,0.09090909090909091,0,0,0.0,False,,,,,,,,
apollographql/apollo-client,3623591b19e9f5c3,0.08333333333333333,0,0,0.0,False,,,,,,,,
apollographql/apollo-client,ae361d9f034f3f3d,0.005257623554153523,3,2,0.0,True,1.0,1.0,1.0,1.0,1.0,1.0,1.0,1.0
apollographql/apollo-client,28cf524e858dfc7e,0.8852459016393442,0,0,0.0,False,,,,,,,,
apollographql/apollo-client,ac128b616357accb,0.01761252446183953,12,11,0.0,True,1.0,1.0,1.0,1.0,1.0,1.0,1.0,1.0
apollographql/apollo-client,cf9b0e9cce2e11f3,0.05128205128205128,0,0,0.0,False,,,,,,,,
apollographql/apollo-client,326d036af6e89335,0.3333333333333333,0,0,0.0,False,,,,,,,,
apollographql/apollo-client,b5d53ba47de4ef0a,0.07142857142857142,0,0,0.0,False,,,,,,,,
apollographql/apollo-client,31327b96e9fb29a9,0.1299638989169675,0,0,0.0,False,,,,,,,,
apollographql/apollo-client,80ebcd3dc48e85c1,0.03367875647668394,7,5,0.0,True,0.6309297535714575,0.0,0.6309297535714575,0.0,0.6309297535714575,0.0,0.6309297535714575,0.0
apollographql/apollo-client,9aec3b27a22bd75c,0.5,0,0,0.0,False,,,,,,,,
apple/foundationdb,e8890c84cb6aeb3c,0.0979498861047836,7,6,0.0,True,0.0,0.0,0.38685280723454163,0.0,0.38685280723454163,0.0,0.0,0.0
apple/foundationdb,35381f1b44def787,0.14125412541254126,6,5,0.0,True,0.0,0.0,0.0,0.0,0.0,0.0,0.0,0.0
apple/foundationdb,686fb35712162c3c,0.0,1,0,0.0,False,,,,,,,,
apple/foundationdb,ed4119ba51d709d7,0.07112970711297072,2,2,0.0,True,0.0,0.0,0.0,0.0,0.0,0.0,0.0,0.0
apple/foundationdb,83ebc47ff74810b6,0.08483616967233934,10,8,0.0,True,0.0,0.0,0.0,0.0,0.0,0.0,0.0,0.0
apple/foundationdb,5f38819e536d3fdc,0.1067484662576687,11,8,0.0,True,0.45865970635647857,0.0,0.45865970635647857,0.0,0.5150979874023532,0.0,0.6442869262030828,0.0
apple/foundationdb,a91bf1c99b37159e,0.6863173216885007,2,0,1.0,False,,,,,,,,
apple/foundationdb,a0f41526fcfc2be3,0.26384364820846906,3,2,0.0,True,0.0,0.0,0.0,0.0,0.0,0.0,0.0,0.0
apple/foundationdb,14b832d2e65ed7e9,0.2883435582822086,5,4,0.0,True,0.5,0.0,0.5,0.0,0.5,0.0,0.5654648767857288,0.0
apple/foundationdb,b36f777488aee840,0.04680851063829787,9,6,0.0,True,0.0,0.0,0.0,0.0,0.0,0.0,0.0,0.0
apple/foundationdb,208f711a845b2644,0.0,7,4,0.0,True,1.0,1.0,1.0,1.0,1.0,1.0,1.0,1.0
apple/foundationdb,f03e3e652bee80f6,0.061855670103092786,4,3,0.0,True,0.7601875334318685,1.0,0.7601875334318685,1.0,0.9370597127080369,1.0,0.7601875334318685,1.0
apple/foundationdb,92887d8d27b43f81,0.15919629057187018,10,6,1.0,True,0.0,0.0,0.0,0.0,0.0,0.0,0.0,0.0
apple/foundationdb,dead675ae5c066de,0.16638078902229847,6,5,0.0,True,0.0,0.0,0.19342640361727081,0.0,0.0,0.0,0.40876468265396737,0.0
apple/foundationdb,20e54b7dbb4afb5e,0.0,1,0,0.0,False,,,,,,,,
apple/foundationdb,62f1224659d9dd1b,0.16326530612244897,7,6,0.0,True,0.1289509357448472,0.0,0.19342640361727081,0.0,0.09671320180863541,0.0,0.1289509357448472,0.0
apple/foundationdb,5d9ed2492ffe8b4d,0.032805429864253395,11,10,0.0,True,0.5,0.0,0.5,0.0,0.5,0.0,0.5,0.0
apple/foundationdb,f35dd923fa2425ea,0.1949685534591195,4,2,0.0,True,0.5,0.0,0.6309297535714575,0.0,0.6309297535714575,0.0,0.6309297535714575,0.0
apple/foundationdb,7f49b69d241d000d,0.5843520782396088,0,0,1.0,False,,,,,,,,
apple/foundationdb,e997d4de757b1310,0.012658227848101266,2,0,0.0,False,,,,,,,,
apple/foundationdb,2d9238c0e538dbb2,0.11029411764705882,3,2,0.0,True,0.43067655807339306,0.0,0.5,0.0,0.46533827903669656,0.0,0.46533827903669656,0.0
apple/foundationdb,0ed16ce05449a96d,0.6527777777777778,1,0,1.0,False,,,,,,,,
apple/foundationdb,86ee10add3dbf4c3,0.11403508771929824,5,3,0.0,True,0.4087646826539674,0.0,0.43067655807339306,0.0,0.38685280723454163,0.0,0.4653382790366966,0.0
apple/foundationdb,7365043137e1dc00,0.1906779661016949,4,4,1.0,True,0.0,0.0,0.0,0.0,0.0,0.0,0.0,0.0
apple/foundationdb,cf1a7fe22e596582,0.05750798722044728,4,4,0.0,True,0.27541155237618664,0.0,0.27541155237618664,0.0,0.27541155237618664,0.0,0.27541155237618664,0.0
apple/swift-nio,56dc109a2272bd2f,0.22355371900826446,1,0,1.0,False,,,,,,,,
apple/swift-nio,d344d229153bc790,0.03283582089552239,1,0,0.0,False,,,,,,,,
apple/swift-nio,6c43fb5661375f3b,0.015151515151515152,0,0,0.0,False,,,,,,,,
apple/swift-nio,85c5196d51524c85,0.056818181818181816,0,0,0.0,False,,,,,,,,
apple/swift-nio,b66597f731ed3a0b,0.04666666666666667,0,0,0.0,False,,,,,,,,
apple/swift-nio,dff43e676a753a83,0.17827298050139276,3,1,0.0,True,1.0,1.0,1.0,1.0,1.0,1.0,1.0,1.0
apple/swift-nio,c26e6a2f050084d7,0.35135135135135137,1,0,0.0,False,,,,,,,,
apple/swift-nio,2ca8584a33aefaae,0.09090909090909091,0,0,0.0,False,,,,,,,,
apple/swift-nio,914807b070ed1e48,0.006060606060606061,0,0,0.0,False,,,,,,,,
apple/swift-nio,1c89f34c5f0ebf86,0.010869565217391304,0,0,0.0,False,,,,,,,,
apple/swift-nio,5247765cef26a791,0.20050125313283207,4,2,0.0,True,0.0,0.0,0.0,0.0,0.0,0.0,0.27250978843597823,0.0
apple/swift-nio,6c7ad25bf997afbd,0.2850889192886457,4,2,0.0,True,0.0,0.0,0.0,0.0,0.0,0.0,0.0,0.0
apple/swift-nio,5b783a636bbc7391,0.297029702970297,0,0,0.0,False,,,,,,,,
apple/swift-nio,789950a1d12f7839,0.20652173913043478,0,0,0.0,False,,,,,,,,
apple/swift-nio,d1c92f6b1bf272a6,0.005597014925373134,0,0,0.0,False,,,,,,,,
apple/swift-nio,d1b07f87643187b3,0.013888888888888888,0,0,0.0,False,,,,,,,,
apple/swift-nio,2d7f29faa07ef95d,0.05048076923076923,1,0,0.0,False,,,,,,,,
apple/swift-nio,5fed7f5121da8bcc,0.09859154929577464,0,0,0.0,False,,,,,,,,
apple/swift-nio,e49e19fb5d285f9d,0.2657856093979442,0,0,0.0,False,,,,,,,,
apple/swift-nio,172ae8454a148b18,0.07942238267148015,1,0,0.0,False,,,,,,,,
apple/swift-nio,87865399a6c3e46a,0.058823529411764705,0,0,0.0,False,,,,,,,,
apple/swift-nio,907f4d5769b79145,0.08264462809917356,0,0,0.0,False,,,,,,,,
apple/swift-nio,eaa51d57ddc1fdd8,0.025,3,1,0.0,True,0.5,0.0,0.5,0.0,0.5,0.0,0.5,0.0
apple/swift-nio,9d18a407400e9928,0.007827788649706457,1,1,0.0,True,0.0,0.0,0.0,0.0,0.0,0.0,0.0,0.0
apple/swift-nio,7147b4384e789eaf,0.423785594639866,0,0,0.0,False,,,,,,,,
asdf-vm/asdf,c40f556f3c6323f0,0.05925925925925926,0,0,0.0,False,,,,,,,,
asdf-vm/asdf,6807926d016985b5,0.0,1,1,0.0,True,0.46533827903669656,0.0,0.4391764551026449,0.0,0.4391764551026449,0.0,0.46533827903669656,0.0
asdf-vm/asdf,afdab73a1be7d04c,0.41732283464566927,0,0,1.0,False,,,,,,,,
asdf-vm/asdf,8fe1bf99b80bbf90,0.2653061224489796,0,0,0.0,False,,,,,,,,
asdf-vm/asdf,1b23f5f094932d28,0.2967032967032967,0,0,0.0,False,,,,,,,,
asdf-vm/asdf,6cc781bb6f75400e,0.09090909090909091,1,0,0.0,False,,,,,,,,
asdf-vm/asdf,bbd4ebe3c9130b67,0.21638655462184875,1,1,0.0,True,0.43067655807339306,0.0,0.43067655807339306,0.0,0.43067655807339306,0.0,0.43067655807339306,0.0
asdf-vm/asdf,f8479e74b5851526,0.027777777777777776,0,0,0.0,False,,,,,,,,
asdf-vm/asdf,bd67f33f59516bbb,0.205607476635514,0,0,0.0,False,,,,,,,,
asdf-vm/asdf,14b135c2430498d9,0.016574585635359115,0,0,0.0,False,,,,,,,,
asdf-vm/asdf,5f073b7057d5d080,0.0,0,0,0.0,False,,,,,,,,
asdf-vm/asdf,bdb4b7b60ff14436,0.26851851851851855,0,0,1.0,False,,,,,,,,
asdf-vm/asdf,00f86b38079ed637,0.019801980198019802,0,0,0.0,False,,,,,,,,
asdf-vm/asdf,6931b8bbad28c980,0.06545454545454546,0,0,0.0,False,,,,,,,,
asdf-vm/asdf,8a288dd54e094533,0.1958762886597938,1,0,0.0,False,,,,,,,,
asdf-vm/asdf,670c88a0e0a30940,0.1736842105263158,1,1,0.0,True,0.0,0.0,0.0,0.0,0.0,0.0,0.0,0.0
asdf-vm/asdf,a245d1d240fff6c9,0.03404255319148936,0,0,0.0,False,,,,,,,,
asdf-vm/asdf,e54fd940da76a719,0.25,0,0,1.0,False,,,,,,,,
asdf-vm/asdf,b35b9e4d724b68db,0.12568306010928962,0,0,0.0,False,,,,,,,,
asdf-vm/asdf,fa9f4691a0c1a005,0.17473684210526316,1,0,0.0,False,,,,,,,,
asdf-vm/asdf,ffa327aeb34d25a9,0.13513513513513514,0,0,1.0,False,,,,,,,,
asdf-vm/asdf,29f2d3d46ec9d4e9,0.14634146341463414,1,0,0.0,False,,,,,,,,
asdf-vm/asdf,814b7479e1f38b69,0.14772727272727273,0,0,1.0,False,,,,,,,,
asdf-vm/asdf,3ca4d4d81ddee181,0.021897810218978103,1,0,0.0,False,,,,,,,,
asdf-vm/asdf,f6b500e55a302c7e,0.0136986301369863,1,1,0.0,True,0.5,0.0,0.5,0.0,0.5,0.0,0.5,0.0
aseprite/aseprite,ef674f25a41f6f71,0.5588235294117647,0,0,1.0,False,,,,,,,,
aseprite/aseprite,3610dbe1c95d1d94,0.75,2,2,1.0,True,1.0,1.0,0.38685280723454163,0.0,0.38685280723454163,0.0,0.38685280723454163,0.0
aseprite/aseprite,061429bf54c9e61c,0.1095890410958904,0,0,0.0,False,,,,,,,,
aseprite/aseprite,4a694b96dcef8afb,0.35714285714285715,0,0,0.0,False,,,,,,,,
aseprite/aseprite,797180574b81d3ef,0.08970099667774087,0,0,0.0,False,,,,,,,,
aseprite/aseprite,7d1855bb88f247b8,0.17781690140845072,0,0,0.0,False,,,,,,,,
aseprite/aseprite,cf2de58481a346d5,0.12307692307692308,0,0,0.0,False,,,,,,,,
aseprite/aseprite,5de594bdb777c226,0.028985507246376812,0,0,0.0,False,,,,,,,,
aseprite/aseprite,e273357e5fb2beed,0.4375,1,0,0.0,False,,,,,,,,
aseprite/aseprite,ab8bf4eed6213580,0.5344827586206896,1,0,1.0,False,,,,,,,,
aseprite/aseprite,e0ad272a5432b12e,0.0196078431372549,0,0,0.0,False,,,,,,,,
aseprite/aseprite,40ac6aea77158c1f,0.49537037037037035,0,0,1.0,False,,,,,,,,
aseprite/aseprite,07a9f357a3bd0add,0.1360544217687075,0,0,0.0,False,,,,,,,,
aseprite/aseprite,10a94207bb868b72,0.08108108108108109,0,0,0.0,False,,,,,,,,
aseprite/aseprite,67f65561cd1efef2,0.08771929824561403,0,0,0.0,False,,,,,,,,
aseprite/aseprite,b0ee4d3241116c19,0.06060606060606061,0,0,0.0,False,,,,,,,,
aseprite/aseprite,4faf7644c0943c8e,0.5405405405405406,0,0,1.0,False,,,,,,,,
aseprite/aseprite,72ee782947508fba,0.0990990990990991,0,0,0.0,False,,,,,,,,
aseprite/aseprite,12614f3acc467e55,0.025,0,0,0.0,False,,,,,,,,
aseprite/aseprite,c24f78b3519d7639,0.0625,0,0,0.0,False,,,,,,,,
aseprite/aseprite,549772e86dd993a6,0.36363636363636365,0,0,0.0,False,,,,,,,,
aseprite/aseprite,f7555b37b4dc1279,0.19047619047619047,0,0,0.0,False,,,,,,,,
aseprite/aseprite,17f9a78c7f684851,0.5370370370370371,0,0,1.0,False,,,,,,,,
aseprite/aseprite,48bad28ac666751c,0.9242424242424242,0,0,1.0,False,,,,,,,,
aseprite/aseprite,ecec927bbbeb8d02,0.8306451612903226,4,2,1.0,True,0.8772153153380493,1.0,0.5706417189553201,0.0,0.5706417189553201,0.0,0.5706417189553201,0.0
astral-sh/ruff,5edc24d2ef3bd0fa,0.0,11,6,0.0,True,0.5783753957314095,0.0,0.5783753957314095,0.0,0.559969245456243,0.0,0.5783753957314095,0.0
astral-sh/ruff,b853b8d2765fec72,0.1206896551724138,30,17,0.0,True,0.7049591283540728,0.0,0.7049591283540728,0.0,0.7049591283540728,0.0,0.7049591283540728,0.0
astral-sh/ruff,116b81bc69c47180,0.031746031746031744,1,0,0.0,False,,,,,,,,
astral-sh/ruff,f6d6d4fa0364cd4f,0.0018484288354898336,20,4,0.0,True,0.27541155237618664,0.0,0.27541155237618664,0.0,0.27541155237618664,0.0,0.27541155237618664,0.0
astral-sh/ruff,ce61fd40ad4d6cec,0.003918495297805642,39,28,0.0,True,0.9123334729371427,1.0,0.9123334729371427,1.0,0.9176753498873528,1.0,0.9123334729371427,1.0
astral-sh/ruff,2d9bc5f3981657a6,0.007444168734491315,42,36,0.0,True,0.9302753851768384,1.0,0.9302753851768384,1.0,0.9302753851768384,1.0,0.9302753851768384,1.0
astral-sh/ruff,b3fc6ff6e13304bb,0.0,10,7,0.0,True,1.0,1.0,1.0,1.0,0.7217055072633222,0.0,1.0,1.0
astral-sh/ruff,cc1a744f6e01d339,0.009009009009009009,8,6,0.0,True,0.38685280723454163,0.0,0.38685280723454163,0.0,0.38685280723454163,0.0,0.38685280723454163,0.0
astral-sh/ruff,d707cda6c69d930e,0.0,2,0,0.0,False,,,,,,,,
astral-sh/ruff,e1613de6baa8956e,0.0,4,1,0.0,True,1.0,1.0,1.0,1.0,1.0,1.0,1.0,1.0
astral-sh/ruff,0a6de2163edbf4f3,0.0,7,4,0.0,True,0.6309297535714575,0.0,0.6309297535714575,0.0,0.6309297535714575,0.0,0.6309297535714575,0.0
astral-sh/ruff,4fbc5e1ed9adf21d,0.0,3,0,0.0,False,,,,,,,,
astral-sh/ruff,515a7b934d8ad50c,0.0718954248366013,6,3,0.0,True,1.0,1.0,1.0,1.0,1.0,1.0,1.0,1.0
astral-sh/ruff,fb96fc4dbd7a17ec,0.0,4,0,0.0,False,,,,,,,,
astral-sh/ruff,eede6c42be77f056,0.04355108877721943,20,8,0.0,True,1.0,1.0,1.0,1.0,1.0,1.0,1.0,1.0
astral-sh/ruff,86a6d2cbee6f30f4,0.002347417840375587,27,11,0.0,True,0.561482984943644,0.0,0.561482984943644,0.0,0.561482984943644,0.0,0.561482984943644,0.0
astral-sh/ruff,120bb19d00112593,0.0,0,0,0.0,False,,,,,,,,
astral-sh/ruff,13b67134c0224b91,0.0,1,1,0.0,True,0.43067655807339306,0.0,0.43067655807339306,0.0,0.43067655807339306,0.0,0.43067655807339306,0.0
astral-sh/ruff,75b6b3738a2f9809,0.007633587786259542,6,4,0.0,True,0.944847956559586,1.0,0.944847956559586,1.0,0.944847956559586,1.0,0.944847956559586,1.0
astral-sh/ruff,930036f4732c44d2,0.0,0,0,0.0,False,,,,,,,,
astral-sh/ruff,18cbc86c187f415c,0.0,3,1,0.0,True,0.6309297535714575,0.0,0.6309297535714575,0.0,0.6309297535714575,0.0,0.6309297535714575,0.0
astral-sh/ruff,290bab4be3b73920,0.0,14,3,0.0,True,0.9502344167898356,1.0,0.9502344167898356,1.0,1.0,1.0,0.9502344167898356,1.0
astral-sh/ruff,611e24219e58ae41,0.0,5,3,0.0,True,0.19004688335796713,0.0,0.23981246656813146,0.0,0.23981246656813146,0.0,0.19004688335796713,0.0
astral-sh/ruff,85045f8bc84c2a0c,0.0,1,0,0.0,False,,,,,,,,
astral-sh/ruff,7197daff90b6a02b,0.0,1,0,0.0,False,,,,,,,,
astropy/astropy,70b96f14d8274d16,0.0379746835443038,2,0,0.0,False,,,,,,,,
astropy/astropy,9a06664d77459769,0.1,6,5,0.0,True,0.1403860944330722,0.0,0.17714752793103522,0.0,0.1403860944330722,0.0,0.17714752793103522,0.0
astropy/astropy,07329646568d07a8,0.2585034013605442,5,0,0.0,False,,,,,,,,
astropy/astropy,d0823a6c6aeab338,0.25485714285714284,5,4,1.0,True,0.24711688711205218,0.0,0.24711688711205218,0.0,0.24711688711205218,0.0,0.27511096828801057,0.0
astropy/astropy,359f80a7abd327f2,0.0998452012383901,6,5,0.0,True,0.6480409554829326,0.0,0.6480409554829326,0.0,0.6480409554829326,0.0,0.6480409554829326,0.0
astropy/astropy,d2c84247c6288fa5,0.2557651991614256,0,0,0.0,False,,,,,,,,
astropy/astropy,1d709120f5a5eb6c,0.20998796630565583,5,5,0.0,True,0.24900360388932707,0.0,0.1403860944330722,0.0,0.1403860944330722,0.0,0.3175336223641074,0.0
astropy/astropy,45748da81b7ec465,0.13288288288288289,3,3,0.0,True,1.0,1.0,1.0,1.0,1.0,1.0,1.0,1.0
astropy/astropy,5819981cb0e35120,0.1797752808988764,1,1,0.0,True,0.38685280723454163,0.0,0.38685280723454163,0.0,0.38685280723454163,0.0,0.43067655807339306,0.0
astropy/astropy,2fd4e6a12118bc4b,0.05653710247349823,2,1,1.0,True,0.0,0.0,0.0,0.0,0.0,0.0,0.0,0.0
astropy/astropy,91a40bcf6139adba,0.1647840531561462,25,13,0.0,True,0.3814940232691306,0.0,0.3814940232691306,0.0,0.3814940232691306,0.0,0.5146952581732136,0.0
astropy/astropy,d764ef232c437cb6,0.08596491228070176,4,4,0.0,True,0.33773554741886536,0.0,0.1598155982723262,0.0,0.0,0.0,0.41311732856427996,0.0
astropy/astropy,bbb7b44806683afa,0.051829268292682924,6,5,0.0,True,0.5500863464779522,0.0,0.5500863464779522,0.0,0.5879394370415081,0.0,0.6478180753414247,0.0
astropy/astropy,c0450b28b8368b89,0.26905829596412556,4,4,1.0,True,0.0,0.0,0.0,0.0,0.0,0.0,0.0,0.0
astropy/astropy,9c8dcd5c71e47bb3,0.07920792079207921,0,0,0.0,False,,,,,,,,
astropy/astropy,0f1130a4a01fa12e,0.35714285714285715,0,0,0.0,False,,,,,,,,
astropy/astropy,96a278ad1b18a526,0.44155844155844154,5,4,1.0,True,0.52129602861432,0.0,0.52129602861432,0.0,0.52129602861432,0.0,0.8262346571285599,1.0
astropy/astropy,f9b97760db09e609,0.30303030303030304,0,0,0.0,False,,,,,,,,
astropy/astropy,207d636be7a5c1da,0.13541666666666666,0,0,0.0,False,,,,,,,,
astropy/astropy,f0e62a3de7b85aba,0.0,0,0,0.0,False,,,,,,,,
astropy/astropy,e6e5cb63f7c4d748,0.14814814814814814,1,1,0.0,True,0.0,0.0,0.0,0.0,0.0,0.0,0.0,0.0
astropy/astropy,61aff50cc7948d06,0.19090098126672614,0,0,0.0,False,,,,,,,,
astropy/astropy,e33c8fafd1c51e10,0.2963386727688787,0,0,0.0,False,,,,,,,,
astropy/astropy,75ab7e24783b36a1,0.045454545454545456,0,0,0.0,False,,,,,,,,
astropy/astropy,59e3733d25622076,0.14754098360655737,1,0,0.0,False,,,,,,,,
awsdocs/aws-doc-sdk-examples,bf1653497c5ee0dd,0.013071895424836602,0,0,0.0,False,,,,,,,,
awsdocs/aws-doc-sdk-examples,ac3d6155cb1a161e,0.20967741935483872,0,0,0.0,False,,,,,,,,
awsdocs/aws-doc-sdk-examples,2183a1fc6b50900d,0.0,0,0,0.0,False,,,,,,,,
awsdocs/aws-doc-sdk-examples,b986f0110e1db869,0.7796610169491526,0,0,1.0,False,,,,,,,,
awsdocs/aws-doc-sdk-examples,efdb32638a3cb14e,0.5517241379310345,1,0,1.0,False,,,,,,,,
awsdocs/aws-doc-sdk-examples,dcb76d2fdc38c0ba,0.015384615384615385,0,0,0.0,False,,,,,,,,
awsdocs/aws-doc-sdk-examples,10c0d6f519f774e7,0.06666666666666667,0,0,0.0,False,,,,,,,,
awsdocs/aws-doc-sdk-examples,c3347e1b6703051d,0.7708333333333334,0,0,1.0,False,,,,,,,,
awsdocs/aws-doc-sdk-examples,7ff0758918a7538b,0.017391304347826087,0,0,0.0,False,,,,,,,,
awsdocs/aws-doc-sdk-examples,3c2c0e6fe2307076,0.015625,0,0,0.0,False,,,,,,,,
awsdocs/aws-doc-sdk-examples,1bb4c1561c2874c1,0.0051813471502590676,0,0,0.0,False,,,,,,,,
awsdocs/aws-doc-sdk-examples,8aab905ab21b6eaf,0.06896551724137931,0,0,0.0,False,,,,,,,,
awsdocs/aws-doc-sdk-examples,142b12afebda5e0f,0.036036036036036036,0,0,0.0,False,,,,,,,,
awsdocs/aws-doc-sdk-examples,305e38d9e7dcc0e1,0.006369426751592357,0,0,0.0,False,,,,,,,,
awsdocs/aws-doc-sdk-examples,193a9283e6559627,0.043478260869565216,0,0,0.0,False,,,,,,,,
awsdocs/aws-doc-sdk-examples,8a84898ab3091059,0.7027027027027027,0,0,1.0,False,,,,,,,,
awsdocs/aws-doc-sdk-examples,ef86e6e4339f3ff7,0.02830188679245283,0,0,0.0,False,,,,,,,,
awsdocs/aws-doc-sdk-examples,d94cc26a2ae36aa2,0.03409090909090909,0,0,0.0,False,,,,,,,,
awsdocs/aws-doc-sdk-examples,28bcdedbe8ac430e,1.0,0,0,1.0,False,,,,,,,,
awsdocs/aws-doc-sdk-examples,5cbb52ba87d65ddf,1.0,0,0,1.0,False,,,,,,,,
awsdocs/aws-doc-sdk-examples,58fe0d692f1b3d17,0.0,0,0,0.0,False,,,,,,,,
awsdocs/aws-doc-sdk-examples,7047bfd875802768,0.08888888888888889,0,0,0.0,False,,,,,,,,
awsdocs/aws-doc-sdk-examples,24d7b190d3dc1abc,0.7108433734939759,0,0,1.0,False,,,,,,,,
awsdocs/aws-doc-sdk-examples,a7841262f3b9d017,1.0,0,0,1.0,False,,,,,,,,
awsdocs/aws-doc-sdk-examples,623e5829857e3748,0.005025125628140704,0,0,0.0,False,,,,,,,,
babel/babel,891396e2493ae50a,0.006369426751592357,1,1,0.0,True,0.5,0.0,0.5,0.0,0.5,0.0,0.5,0.0
babel/babel,820de982eb575ffe,0.030612244897959183,1,0,0.0,False,,,,,,,,
babel/babel,a902fe64f4dc0e81,0.04728132387706856,4,0,0.0,False,,,,,,,,
babel/babel,8b3f4cfc81f8774a,0.013422818791946308,5,4,0.0,True,1.0,1.0,1.0,1.0,1.0,1.0,1.0,1.0
babel/babel,11f3e2f260d44a37,0.0,2,1,0.0,True,0.6309297535714575,0.0,0.6309297535714575,0.0,0.6309297535714575,0.0,0.6309297535714575,0.0
babel/babel,65d7544becc40caf,0.0007861635220125787,0,0,0.0,False,,,,,,,,
babel/babel,2b1400f3eb0b74db,0.10126582278481013,1,0,0.0,False,,,,,,,,
babel/babel,e420c6e47c0307b7,0.08928571428571429,1,1,0.0,True,1.0,1.0,1.0,1.0,1.0,1.0,1.0,1.0
babel/babel,9b28dda82fa80e5b,0.05263157894736842,0,0,0.0,False,,,,,,,,
babel/babel,6bae30d6340639f0,0.15873015873015872,0,0,0.0,False,,,,,,,,
babel/babel,423a46bc3b33777c,0.047752808988764044,1,1,0.0,True,0.0,0.0,0.0,0.0,0.0,0.0,0.0,0.0
babel/babel,6fb7a067edf6f903,0.05747126436781609,2,0,0.0,False,,,,,,,,
babel/babel,1e18518c9a665efd,0.0425531914893617,1,1,0.0,True,0.38685280723454163,0.0,0.38685280723454163,0.0,0.38685280723454163,0.0,0.43067655807339306,0.0
babel/babel,92df582e307bb11b,0.0425531914893617,1,1,0.0,True,1.0,1.0,1.0,1.0,1.0,1.0,1.0,1.0
babel/babel,468ef2c5f9549450,0.041666666666666664,3,2,0.0,True,1.0,1.0,1.0,1.0,1.0,1.0,1.0,1.0
babel/babel,392c82ef9eeec1c3,0.036414565826330535,1,1,0.0,True,0.0,0.0,0.0,0.0,0.0,0.0,0.0,0.0
babel/babel,7c4f00c38f1f3e82,0.025477707006369428,2,2,0.0,True,1.0,1.0,1.0,1.0,1.0,1.0,1.0,1.0
babel/babel,d46ed26fae4f38a9,0.002178649237472767,9,9,0.0,True,1.0,1.0,0.9674679834891694,1.0,0.8854598815714875,1.0,1.0,1.0
babel/babel,02ec9c7ada7cedda,0.015116279069767442,8,8,0.0,True,0.7821312100379275,0.0,0.7821312100379275,0.0,0.7821312100379275,0.0,0.7821312100379275,0.0
babel/babel,a182b20eac048430,0.003816793893129771,6,5,0.0,True,0.4441228664487979,0.0,0.4441228664487979,0.0,0.4441228664487979,0.0,0.4441228664487979,0.0
babel/babel,fa542183df064922,0.12658227848101267,1,0,0.0,False,,,,,,,,
babel/babel,f7a647772cf84aec,0.12337662337662338,2,2,1.0,True,0.6131471927654584,1.0,0.38685280723454163,0.0,0.38685280723454163,0.0,0.38685280723454163,0.0
babel/babel,a06285c650e7fd44,0.007462686567164179,3,3,0.0,True,0.6309297535714575,0.0,0.6309297535714575,0.0,1.0,1.0,0.6309297535714575,0.0
babel/babel,74e366292c6bc22f,0.031746031746031744,0,0,0.0,False,,,,,,,,
babel/babel,fb5bf124110e3b7b,0.05047619047619047,8,8,1.0,True,0.8262346571285599,1.0,0.52129602861432,0.0,0.52129602861432,0.0,0.41311732856427996,0.0
baserow/baserow,45c4054157897638,0.0,5,0,0.0,False,,,,,,,,
baserow/baserow,4a68f4912019be6f,0.03697749196141479,4,0,0.0,False,,,,,,,,
baserow/baserow,3342d310c5d30c6d,0.02531645569620253,6,2,0.0,True,0.38685280723454163,0.0,0.38685280723454163,0.0,0.38685280723454163,0.0,0.38685280723454163,0.0
baserow/baserow,bb1720e159fcd471,0.017777777777777778,5,0,0.0,False,,,,,,,,
baserow/baserow,fa34c0dd5432abbd,0.026455026455026454,1,0,0.0,False,,,,,,,,
baserow/baserow,85c67d10ab5fc704,0.025896414342629483,8,0,0.0,False,,,,,,,,
baserow/baserow,e26d2a1d66fb6a78,0.06666666666666667,1,0,0.0,False,,,,,,,,
baserow/baserow,7dd467179fea2b1a,0.12200684150513112,2,1,0.0,True,0.0,0.0,0.0,0.0,0.0,0.0,0.0,0.0
baserow/baserow,2beccac8f834ea2f,0.21183206106870228,2,1,0.0,True,0.0,0.0,0.0,0.0,0.38685280723454163,0.0,0.0,0.0
baserow/baserow,004a22eefb1f5487,0.023005032350826744,6,1,0.0,True,0.43067655807339306,0.0,0.43067655807339306,0.0,0.43067655807339306,0.0,0.43067655807339306,0.0
baserow/baserow,e72342af42759678,0.009523809523809525,1,0,0.0,False,,,,,,,,
baserow/baserow,70db090c0a243767,0.03125,0,0,0.0,False,,,,,,,,
baserow/baserow,b564e417d253b6fc,0.2,0,0,0.0,False,,,,,,,,
baserow/baserow,de2d756f78617568,0.0,0,0,0.0,False,,,,,,,,
baserow/baserow,887cfa6f4532e5f6,0.07239819004524888,7,0,0.0,False,,,,,,,,
baserow/baserow,85018ffd766255df,0.0125,9,0,0.0,False,,,,,,,,
baserow/baserow,aacea3e16f9fecd3,0.0,1,0,0.0,False,,,,,,,,
baserow/baserow,b88de16d0d526371,0.1116951379763469,7,1,0.0,True,0.6309297535714575,0.0,0.6309297535714575,0.0,0.6309297535714575,0.0,0.6309297535714575,0.0
baserow/baserow,5983bd7c8ab5373c,0.003780718336483932,4,0,0.0,False,,,,,,,,
baserow/baserow,d44969aadff8742a,0.010401891252955082,4,0,0.0,False,,,,,,,,
baserow/baserow,e4975a6bcb8c12a2,0.00909090909090909,13,0,0.0,False,,,,,,,,
baserow/baserow,052a1baf905de083,0.4,0,0,0.0,False,,,,,,,,
baserow/baserow,33846e5441b9235d,0.3333333333333333,0,0,0.0,False,,,,,,,,
baserow/baserow,ed1397d02fbbc80e,0.18604651162790697,1,0,0.0,False,,,,,,,,
baserow/baserow,ab2e65433887b1d4,0.03694874851013111,8,0,0.0,False,,,,,,,,
beetbox/beets,ebe8521e81c4a33a,0.3389261744966443,0,0,1.0,False,,,,,,,,
beetbox/beets,a8388496f1f95ddb,0.2641509433962264,3,1,1.0,True,0.43067655807339306,0.0,0.5,0.0,0.5,0.0,0.43067655807339306,0.0
beetbox/beets,ee836e317094fc8c,0.2,2,1,0.0,True,0.40876468265396737,0.0,0.40876468265396737,0.0,0.40876468265396737,0.0,0.43067655807339306,0.0
beetbox/beets,aaf7fd3123979de9,0.64,1,0,1.0,False,,,,,,,,
beetbox/beets,bc42b38887a42448,0.5991091314031181,84,61,1.0,True,0.9357078818076516,1.0,0.9357078818076516,1.0,0.5903659432837721,0.0,0.5903659432837721,0.0
beetbox/beets,e100cd040818d590,0.3598130841121495,6,2,0.0,True,0.43067655807339306,0.0,0.43067655807339306,0.0,0.40876468265396737,0.0,0.27250978843597823,0.0
beetbox/beets,1f5bbb25e433a659,0.09090909090909091,0,0,0.0,False,,,,,,,,
beetbox/beets,b82c85c69cbfbda3,0.4028776978417266,0,0,1.0,False,,,,,,,,
beetbox/beets,561a89e1bbe96332,0.24929178470254956,38,24,0.0,True,0.0,0.0,0.1598155982723262,0.0,0.10654373218155079,0.0,0.13770577618809332,0.0
beetbox/beets,ced4aa17382266b8,0.11475409836065574,3,2,0.0,True,0.6309297535714575,0.0,0.6309297535714575,0.0,0.6309297535714575,0.0,0.6309297535714575,0.0
beetbox/beets,6a720e215089a109,0.41968911917098445,5,0,1.0,False,,,,,,,,
beetbox/beets,3420b9b69bb35557,0.06350626118067978,61,25,0.0,True,1.0,1.0,1.0,1.0,1.0,1.0,1.0,1.0
beetbox/beets,4212c22ab3f4e005,0.48484848484848486,1,0,0.0,False,,,,,,,,
beetbox/beets,6be4e5cf90ff67c4,0.2112676056338028,0,0,0.0,False,,,,,,,,
beetbox/beets,a378b7e04325dca0,0.3055555555555556,4,0,0.0,False,,,,,,,,
beetbox/beets,79343d662e965646,0.40476190476190477,3,1,1.0,True,1.0,1.0,1.0,1.0,1.0,1.0,0.0,0.0
beetbox/beets,01f4da9a1d0527d8,0.058319039451114926,31,21,0.0,True,0.7203238475964927,1.0,0.7203238475964927,1.0,0.7203238475964927,1.0,0.7203238475964927,1.0
beetbox/beets,9e6736f74918c060,0.18478260869565216,41,26,0.0,True,0.430676558073393,0.0,0.430676558073393,0.0,0.430676558073393,0.0,0.38685280723454163,0.0
beetbox/beets,1268671ce42e92b3,0.3229166666666667,6,4,0.0,True,0.38685280723454163,0.0,0.40876468265396737,0.0,0.38685280723454163,0.0,0.0,0.0
beetbox/beets,5e25319174c75ef4,0.20152091254752852,11,10,0.0,True,0.38685280723454163,0.0,0.38685280723454163,0.0,0.38685280723454163,0.0,0.43067655807339306,0.0
beetbox/beets,d17e9d1848590dab,0.38292011019283745,24,7,0.0,True,0.5,0.0,0.5,0.0,0.6309297535714575,0.0,0.43067655807339306,0.0
beetbox/beets,11e75d22a48056ab,0.3076923076923077,1,0,0.0,False,,,,,,,,
beetbox/beets,c4f70feda64fe455,0.4107744107744108,4,1,1.0,True,1.0,1.0,1.0,1.0,1.0,1.0,0.0,0.0
beetbox/beets,6bb18988b5bb3dda,0.2249539028887523,17,15,0.0,True,0.38685280723454163,0.0,0.38685280723454163,0.0,0.38685280723454163,0.0,0.38685280723454163,0.0
beetbox/beets,1b27ba7ec0ca34d7,0.46153846153846156,1,1,1.0,True,1.0,1.0,1.0,1.0,1.0,1.0,0.0,0.0
beeware/toga,15d20b57f9e00933,0.25,0,0,1.0,False,,,,,,,,
beeware/toga,af3b1ea0d65dc0cb,0.04294478527607362,1,0,0.0,False,,,,,,,,
beeware/toga,d6deda4a2e658974,0.25,0,0,0.0,False,,,,,,,,
beeware/toga,a418b7634c872649,0.1111111111111111,0,0,0.0,False,,,,,,,,
beeware/toga,21ccee9c121e4c9c,0.1111111111111111,0,0,0.0,False,,,,,,,,
beeware/toga,39d732f61f52fbef,0.25,0,0,0.0,False,,,,,,,,
beeware/toga,08bee8b84818b29b,0.1111111111111111,0,0,0.0,False,,,,,,,,
beeware/toga,e2a912b5f2febb12,0.25,0,0,0.0,False,,,,,,,,
beeware/toga,a48075ef6ec88b9a,0.25,0,0,0.0,False,,,,,,,,
beeware/toga,0fddda2a0ba1458d,0.4230769230769231,5,1,0.0,True,0.43067655807339306,0.0,0.43067655807339306,0.0,0.40876468265396737,0.0,0.43067655807339306,0.0
beeware/toga,a1b1491f99f0f043,0.1111111111111111,0,0,0.0,False,,,,,,,,
beeware/toga,d5f5b0378b7c61e3,0.02631578947368421,0,0,0.0,False,,,,,,,,
beeware/toga,3f4f5d31a3d35573,0.1111111111111111,0,0,0.0,False,,,,,,,,
beeware/toga,7fe47239da859aa3,0.25,0,0,0.0,False,,,,,,,,
beeware/toga,85933aa74a2d66c3,0.17737789203084833,1,1,0.0,True,0.43067655807339306,0.0,0.43067655807339306,0.0,0.43067655807339306,0.0,0.43067655807339306,0.0
beeware/toga,b3f3c4eb58624fde,0.11724137931034483,1,0,0.0,False,,,,,,,,
beeware/toga,54b0f60232c6ecb4,0.25,0,0,0.0,False,,,,,,,,
beeware/toga,cb9a50e058223f9e,0.25,0,0,0.0,False,,,,,,,,
beeware/toga,87a516c6a04e91be,0.09803921568627451,0,0,0.0,False,,,,,,,,
beeware/toga,a546daea1f942747,0.25,0,0,0.0,False,,,,,,,,
beeware/toga,c65c7c91d894ae67,0.25,0,0,0.0,False,,,,,,,,
beeware/toga,c2b19432fc6a47dc,0.0,1,0,0.0,False,,,,,,,,
beeware/toga,5b0d4404c764ecf4,0.07926829268292683,0,0,0.0,False,,,,,,,,
beeware/toga,530908bdbc1b9cfd,0.09574468085106383,0,0,0.0,False,,,,,,,,
beeware/toga,2f42230c58e2a04b,0.25,0,0,0.0,False,,,,,,,,
bentoml/OpenLLM,b335630551682c19,0.0,0,0,0.0,False,,,,,,,,
bentoml/OpenLLM,b3236d4cb260ca6a,0.04878048780487805,0,0,0.0,False,,,,,,,,
bentoml/OpenLLM,42c8dc0bf013ab35,0.0,0,0,0.0,False,,,,,,,,
bentoml/OpenLLM,50c86b7ed8ac2cf9,0.0,3,3,0.0,True,0.5,0.0,0.5,0.0,0.5,0.0,0.5,0.0
bentoml/OpenLLM,63a9c44a44acf85f,0.07692307692307693,3,3,0.0,True,0.5,0.0,0.5,0.0,0.5,0.0,0.5,0.0
bentoml/OpenLLM,fc2a310fcfedfefb,0.0,0,0,0.0,False,,,,,,,,
binwiederhier/ntfy,152b20edb8871a15,0.7970297029702971,1,0,1.0,False,,,,,,,,
binwiederhier/ntfy,6fef71b9e64bc521,0.03333333333333333,0,0,0.0,False,,,,,,,,
binwiederhier/ntfy,a1ee8bb8ed1585db,0.4541984732824427,15,1,0.0,True,0.43067655807339306,0.0,0.43067655807339306,0.0,0.43067655807339306,0.0,0.43067655807339306,0.0
binwiederhier/ntfy,a5c9891d51aaf3e7,0.21739130434782608,2,0,0.0,False,,,,,,,,
binwiederhier/ntfy,26ffc91511e8891f,0.4444444444444444,0,0,1.0,False,,,,,,,,
binwiederhier/ntfy,575fbbc42f3d8987,0.8085106382978723,1,0,1.0,False,,,,,,,,
binwiederhier/ntfy,2bcce65c2de11d48,0.3157894736842105,0,0,0.0,False,,,,,,,,
binwiederhier/ntfy,123bf3568b38095f,0.5,1,0,1.0,False,,,,,,,,
binwiederhier/ntfy,69cd588041586b05,0.4157303370786517,13,13,1.0,True,0.430676558073393,0.0,0.430676558073393,0.0,0.430676558073393,0.0,0.430676558073393,0.0
binwiederhier/ntfy,39440a033eab93e9,0.8037974683544303,2,0,1.0,False,,,,,,,,
binwiederhier/ntfy,a2c0aa5798b2c624,0.45454545454545453,0,0,0.0,False,,,,,,,,
binwiederhier/ntfy,7c87ce4a687ab406,0.8666666666666667,8,0,1.0,False,,,,,,,,
binwiederhier/ntfy,95cd838856049062,0.54,1,0,1.0,False,,,,,,,,
binwiederhier/ntfy,f0a41cd709e70729,0.3625,3,0,1.0,False,,,,,,,,
binwiederhier/ntfy,a87fb722257dd48f,0.4539249146757679,12,11,1.0,True,0.5,0.0,0.5,0.0,0.5,0.0,0.5,0.0
binwiederhier/ntfy,9fa05db58f5f43a1,0.7,0,0,1.0,False,,,,,,,,
binwiederhier/ntfy,d304a6eaf33d74a6,0.8888888888888888,0,0,1.0,False,,,,,,,,
binwiederhier/ntfy,f611a90f8a8d1d8d,0.8639240506329114,6,0,1.0,False,,,,,,,,
binwiederhier/ntfy,1939c8dcd4a80d06,0.9150326797385621,7,0,1.0,False,,,,,,,,
binwiederhier/ntfy,2542bb632e455f79,0.6495327102803738,6,0,1.0,False,,,,,,,,
binwiederhier/ntfy,a7a15e45d2521858,0.7379518072289156,4,0,1.0,False,,,,,,,,
binwiederhier/ntfy,86417f5d827d01cc,0.794973544973545,12,12,1.0,True,0.43067655807339306,0.0,0.4087646826539674,0.0,0.4087646826539674,0.0,0.38685280723454163,0.0
binwiederhier/ntfy,88181c63d3275c3f,0.6762589928057554,0,0,1.0,False,,,,,,,,
binwiederhier/ntfy,12a65ed4fef2211f,0.2112676056338028,8,0,0.0,False,,,,,,,,
binwiederhier/ntfy,be863061ae6506eb,0.5476190476190477,2,0,1.0,False,,,,,,,,
biomejs/biome,b38fe6326bfa2171,0.003125,14,7,0.0,True,0.5173748909382746,0.0,0.5173748909382746,0.0,0.5173748909382746,0.0,0.5173748909382746,0.0
biomejs/biome,958adc1fd2e81769,0.004291845493562232,8,4,0.0,True,1.0,1.0,1.0,1.0,1.0,1.0,1.0,1.0
biomejs/biome,67ec0f0132a6657e,0.016129032258064516,3,3,0.0,True,0.5,0.0,0.5,0.0,0.6309297535714575,0.0,0.5,0.0
biomejs/biome,5e54eba4163de5de,0.010752688172043012,0,0,0.0,False,,,,,,,,
biomejs/biome,ff46d1a9672f770b,0.0058823529411764705,2,1,0.0,True,0.5,0.0,0.5,0.0,0.5,0.0,0.5,0.0
biomejs/biome,ad877e83b6b35c80,0.06382978723404255,0,0,0.0,False,,,,,,,,
biomejs/biome,c41ca3e00a1f8a38,0.0051813471502590676,0,0,0.0,False,,,,,,,,
biomejs/biome,1b878304ee9e3d4a,0.007692307692307693,18,13,0.0,True,1.0,1.0,1.0,1.0,1.0,1.0,1.0,1.0
biomejs/biome,f1bfa243add62b7c,0.0625,0,0,0.0,False,,,,,,,,
biomejs/biome,885de0b1101b8529,0.0031545741324921135,8,5,0.0,True,0.12103812696590094,0.0,0.12103812696590094,0.0,0.12103812696590094,0.0,0.12103812696590094,0.0
biomejs/biome,eedd5141d58a0fea,0.05517241379310345,2,0,0.0,False,,,,,,,,
biomejs/biome,d4ae21dddbfab35e,0.0,1,1,0.0,True,0.38685280723454163,0.0,0.43067655807339306,0.0,0.43067655807339306,0.0,0.38685280723454163,0.0
biomejs/biome,0f8192c2c06e0412,0.03076923076923077,0,0,0.0,False,,,,,,,,
biomejs/biome,fd466804944e70f5,0.010718113612004287,10,8,0.0,True,0.0,0.0,0.0,0.0,0.031235410109882716,0.0,0.0,0.0
biomejs/biome,756c95a5aa29b91e,0.0,2,1,0.0,True,0.6309297535714575,0.0,0.5,0.0,0.5654648767857288,0.0,0.6309297535714575,0.0
biomejs/biome,9f46e905d61a914a,0.010526315789473684,3,3,0.0,True,0.23981246656813146,0.0,0.38009376671593426,0.0,0.38009376671593426,0.0,0.23981246656813146,0.0
biomejs/biome,6b760002444be06d,0.6287878787878788,0,0,1.0,False,,,,,,,,
biomejs/biome,acf592a13302f267,0.030303030303030304,1,0,0.0,False,,,,,,,,
biomejs/biome,0f29a3e9249e8034,0.005405405405405406,35,31,0.0,True,0.9366807411578045,1.0,0.9366807411578045,1.0,0.9366807411578045,1.0,0.9366807411578045,1.0
biomejs/biome,3e9d02a44b45d585,0.006802721088435374,0,0,0.0,False,,,,,,,,
biomejs/biome,52404493b552b907,0.010256410256410256,0,0,0.0,False,,,,,,,,
biomejs/biome,7d3375e5ace03325,0.006535947712418301,3,1,0.0,True,0.46533827903669656,0.0,0.46533827903669656,0.0,0.46533827903669656,0.0,0.5,0.0
biomejs/biome,60d8fad85206ef60,0.02,0,0,0.0,False,,,,,,,,
biomejs/biome,40fa6405c4088c71,0.05660377358490566,0,0,0.0,False,,,,,,,,
biomejs/biome,45aa0e9ae1e7b476,0.01,2,2,0.0,True,0.6934264036172708,0.0,0.6934264036172708,0.0,0.6934264036172708,0.0,0.6934264036172708,0.0
bitsandbytes-foundation/bitsandbytes,e0aa2b260ab4cbc4,0.8184523809523809,14,6,1.0,True,1.0,1.0,1.0,1.0,1.0,1.0,0.6309297535714575,0.0
bitsandbytes-foundation/bitsandbytes,7967f3c2b2edae95,0.1323529411764706,4,0,0.0,False,,,,,,,,
bitsandbytes-foundation/bitsandbytes,4e9f141c2db9b714,0.5,1,0,1.0,False,,,,,,,,
bitsandbytes-foundation/bitsandbytes,759ccdeb969ab61d,0.4619289340101523,1,0,1.0,False,,,,,,,,
bitsandbytes-foundation/bitsandbytes,0bba49c1e13e1ca3,0.7488151658767772,6,4,1.0,True,1.0,1.0,0.6309297535714575,0.0,0.6309297535714575,0.0,0.6309297535714575,0.0
bitsandbytes-foundation/bitsandbytes,8384af03566f84c3,0.13636363636363635,0,0,0.0,False,,,,,,,,
bitsandbytes-foundation/bitsandbytes,f8dbfa8ee0162e50,0.23296703296703297,17,12,0.0,True,0.5513846512949551,0.0,0.5513846512949551,0.0,0.5513846512949551,0.0,0.6695260937463566,0.0
bitsandbytes-foundation/bitsandbytes,1fa223eca43641f7,0.03125,2,2,0.0,True,1.0,1.0,1.0,1.0,1.0,1.0,1.0,1.0
bitsandbytes-foundation/bitsandbytes,17616ba224ba64c8,0.25601374570446733,13,4,0.0,True,0.6309297535714575,0.0,0.6309297535714575,0.0,0.6309297535714575,0.0,0.6309297535714575,0.0
bitsandbytes-foundation/bitsandbytes,fcfd8630837522e8,0.5245901639344263,7,2,1.0,True,1.0,1.0,0.43067655807339306,0.0,0.43067655807339306,0.0,0.38685280723454163,0.0
bitsandbytes-foundation/bitsandbytes,7cdc90c3071b2346,0.7257438551099612,13,8,1.0,True,0.934217869376707,1.0,0.5787641110093001,0.0,0.5787641110093001,0.0,0.5787641110093001,0.0
bitsandbytes-foundation/bitsandbytes,06572a96a58dc510,0.4882032667876588,0,0,1.0,False,,,,,,,,
bitsandbytes-foundation/bitsandbytes,0690412de79326ab,0.0,14,7,0.0,True,0.41499359874812586,0.0,0.41499359874812586,0.0,0.41499359874812586,0.0,0.41499359874812586,0.0
bitsandbytes-foundation/bitsandbytes,c1eafd7cae63c415,0.47,2,0,1.0,False,,,,,,,,
bitsandbytes-foundation/bitsandbytes,f3adc74b0c698cf6,0.06223175965665236,12,7,0.0,True,0.6634848263711557,0.0,0.6634848263711557,0.0,0.6634848263711557,0.0,0.6634848263711557,0.0
bitsandbytes-foundation/bitsandbytes,7948809a4c315209,0.12,1,1,0.0,True,0.5,0.0,0.5,0.0,0.5,0.0,0.6309297535714575,0.0
bitsandbytes-foundation/bitsandbytes,f4dc0b6231053128,0.171875,1,0,0.0,False,,,,,,,,
bitsandbytes-foundation/bitsandbytes,5d3da1562745a0f5,0.6774193548387096,1,1,1.0,True,1.0,1.0,0.6309297535714575,0.0,0.6309297535714575,0.0,0.6309297535714575,0.0
bitsandbytes-foundation/bitsandbytes,4c8960e94fb9801d,0.0,3,2,0.0,True,1.0,1.0,1.0,1.0,1.0,1.0,1.0,1.0
bitsandbytes-foundation/bitsandbytes,5e3704db1a5b9902,0.8978102189781022,7,4,1.0,True,1.0,1.0,1.0,1.0,1.0,1.0,0.5654648767857288,0.0
bitsandbytes-foundation/bitsandbytes,634f94b38e4a7d2b,0.3333333333333333,1,0,0.0,False,,,,,,,,
bitsandbytes-foundation/bitsandbytes,9074da5564543dc1,0.4492753623188406,2,0,1.0,False,,,,,,,,
bitsandbytes-foundation/bitsandbytes,7e6f16872cd724e3,0.45410628019323673,1,0,0.0,False,,,,,,,,
bitsandbytes-foundation/bitsandbytes,6bb333e4e3004a2e,0.23809523809523808,0,0,0.0,False,,,,,,,,
bitsandbytes-foundation/bitsandbytes,859ee3d997b0315a,0.296875,1,0,0.0,False,,,,,,,,
bitwarden/clients,0c9c5103bfe05e13,0.06147540983606557,3,2,0.0,True,1.0,1.0,1.0,1.0,1.0,1.0,0.6131471927654584,1.0
bitwarden/clients,275457bd591ee97b,0.36,0,0,0.0,False,,,,,,,,
bitwarden/clients,cb92ab23c632a54f,0.013157894736842105,3,1,0.0,True,0.4391764551026449,0.0,0.46533827903669656,0.0,0.46533827903669656,0.0,0.46533827903669656,0.0
bitwarden/clients,4512e32200681894,0.012345679012345678,1,1,0.0,True,0.0,0.0,0.0,0.0,0.0,0.0,0.0,0.0
bitwarden/clients,ea4799cd7ce303ff,0.025974025974025976,3,0,0.0,False,,,,,,,,
bitwarden/clients,badcd786b0ef2766,0.0,1,0,0.0,False,,,,,,,,
bitwarden/clients,548b09382ab9b194,0.09523809523809523,0,0,0.0,False,,,,,,,,
bitwarden/clients,787b219e2cd49bc7,0.0,0,0,0.0,False,,,,,,,,
bitwarden/clients,abf45997127b8aa8,0.0,7,0,0.0,False,,,,,,,,
bitwarden/clients,fd21b3bf705efa98,0.4,8,3,1.0,True,0.27250978843597823,0.0,0.27250978843597823,0.0,0.27250978843597823,0.0,0.4391764551026449,0.0
bitwarden/clients,f7a99acbfe3029eb,0.05714285714285714,0,0,0.0,False,,,,,,,,
bitwarden/clients,3d20753d6cf1c3ad,0.5416666666666666,0,0,1.0,False,,,,,,,,
bitwarden/clients,c93c17d4a4a38380,0.02857142857142857,0,0,0.0,False,,,,,,,,
bitwarden/clients,d443d807a8d31158,0.2484076433121019,4,1,1.0,True,0.5,0.0,0.43067655807339306,0.0,0.43067655807339306,0.0,0.43067655807339306,0.0
bitwarden/clients,358d4b55bdea735f,0.06088992974238876,7,2,0.0,True,0.2640681225725909,0.0,0.23719771276929622,0.0,0.0,0.0,0.2640681225725909,0.0
bitwarden/clients,89b53b30240ea18c,0.0,0,0,0.0,False,,,,,,,,
bitwarden/clients,dc01f5fb3330e9f7,0.0,21,13,0.0,True,0.7460962604511466,0.0,0.7460962604511466,0.0,0.8128302730850202,0.3333333333333333,0.7460962604511466,0.0
bitwarden/clients,eb5420fd925b2191,0.5,0,0,1.0,False,,,,,,,,
bitwarden/clients,f3290a027a93766e,0.022222222222222223,0,0,0.0,False,,,,,,,,
bitwarden/clients,039b87e87acf844e,0.027188465499485066,28,11,0.0,True,0.5605662270035187,0.0,0.5605662270035187,0.0,0.5605662270035187,0.0,0.6193100438206509,0.0
bitwarden/clients,f2ac0e1ec9ea15f6,0.8618181818181818,1,0,1.0,False,,,,,,,,
bitwarden/clients,0c885a22726e165e,0.6330275229357798,0,0,1.0,False,,,,,,,,
bitwarden/clients,3fcc69122a9d21ba,0.0038910505836575876,11,7,0.0,True,0.8786765070016705,1.0,0.8826163535480805,1.0,0.8786765070016705,1.0,0.8786765070016705,1.0
bitwarden/clients,cd92ae2bb6529ba6,0.6178010471204188,12,1,1.0,True,0.0,0.0,0.0,0.0,0.0,0.0,0.0,0.0
bitwarden/clients,bd53281292fce419,0.029787234042553193,5,2,0.0,True,1.0,1.0,1.0,1.0,1.0,1.0,1.0,1.0
bitwarden/server,9fba5fde33565bfd,0.5333333333333333,0,0,1.0,False,,,,,,,,
bitwarden/server,ab20c325d7540fca,0.7531914893617021,3,1,1.0,True,1.0,1.0,0.46533827903669656,0.0,0.46533827903669656,0.0,0.38685280723454163,0.0
bitwarden/server,14bb9a0ceee03db1,0.5862068965517241,0,0,1.0,False,,,,,,,,
bitwarden/server,7c03520c9e67212f,0.6666666666666666,0,0,1.0,False,,,,,,,,
bitwarden/server,2e2a57bda4887d81,0.59375,2,2,1.0,True,1.0,1.0,0.5205354372149502,0.0,0.5205354372149502,0.0,0.38685280723454163,0.0
bitwarden/server,83e54fcf7d39e157,0.2983425414364641,2,1,0.0,True,0.5,0.0,0.5,0.0,0.5,0.0,0.5,0.0
bitwarden/server,3c397eaefa18d766,0.6666666666666666,0,0,1.0,False,,,,,,,,
bitwarden/server,9db7d33ecb105776,0.65,1,1,1.0,True,1.0,1.0,0.6309297535714575,0.0,0.5,0.0,0.27250978843597823,0.0
bitwarden/server,48ac80e6c31bf4d5,0.08247422680412371,1,0,0.0,False,,,,,,,,
bitwarden/server,efddc519d09291aa,0.5,0,0,1.0,False,,,,,,,,
bitwarden/server,65c00d5ce4f30752,0.6,0,0,1.0,False,,,,,,,,
bitwarden/server,bf97c879c438913f,0.17142857142857143,1,0,0.0,False,,,,,,,,
bitwarden/server,1b053dd03911069b,0.7088607594936709,0,0,1.0,False,,,,,,,,
bitwarden/server,b724cf6ab8c08c42,0.5833333333333334,1,1,1.0,True,0.5,0.0,0.5,0.0,0.5,0.0,0.43067655807339306,0.0
bitwarden/server,af1ccfbe29b77a0d,0.8434782608695652,1,0,1.0,False,,,,,,,,
bitwarden/server,3a43a68789ec7c3b,0.6354166666666666,0,0,1.0,False,,,,,,,,
bitwarden/server,b906d8ee9ff3a2f8,0.06474820143884892,0,0,0.0,False,,,,,,,,
bitwarden/server,906c13665fed3f3e,0.4782608695652174,0,0,1.0,False,,,,,,,,
bitwarden/server,501659f1e85f1284,0.5833333333333334,0,0,1.0,False,,,,,,,,
bitwarden/server,e3690cea274094e5,0.7101449275362319,0,0,1.0,False,,,,,,,,
bitwarden/server,3abd69ff31b13c3f,0.5128205128205128,0,0,1.0,False,,,,,,,,
bitwarden/server,1b67e66477d37f8c,0.7647058823529411,1,0,1.0,False,,,,,,,,
bitwarden/server,4aad07ea251efcf7,0.6896551724137931,0,0,1.0,False,,,,,,,,
bitwarden/server,aa71cec7cbcec62b,0.2793733681462141,2,1,0.0,True,1.0,1.0,1.0,1.0,1.0,1.0,1.0,1.0
bitwarden/server,84437f59df625960,0.6521739130434783,0,0,1.0,False,,,,,,,,
blender/blender,c21915ca125d8417,0.5,0,0,1.0,False,,,,,,,,
blender/blender,cab658c69dddf8a9,0.05,2,1,0.0,True,0.40876468265396737,0.0,0.40876468265396737,0.0,0.27250978843597823,0.0,0.40876468265396737,0.0
blender/blender,58d69d6590fdbb8c,0.16,1,0,0.0,False,,,,,,,,
blender/blender,6e3a5fb0d9ebba3b,0.3170731707317073,0,0,1.0,False,,,,,,,,
blender/blender,d6ae2bde79381152,0.14285714285714285,1,1,0.0,True,1.0,1.0,1.0,1.0,1.0,1.0,1.0,1.0
blender/blender,72cd53291d4226dd,0.08823529411764706,1,0,0.0,False,,,,,,,,
blender/blender,36ed369f4eb66532,0.0007604562737642585,6,6,0.0,True,0.41363780175807613,0.0,0.41363780175807613,0.0,0.41363780175807613,0.0,0.41363780175807613,0.0
blender/blender,c9869344c1d4c181,0.003424657534246575,18,11,0.0,True,0.5489729419636157,0.0,0.5216019331370395,0.0,0.5216019331370395,0.0,0.5489729419636157,0.0
blender/blender,19d6d9d5a52388ba,0.14285714285714285,1,1,0.0,True,1.0,1.0,1.0,1.0,1.0,1.0,1.0,1.0
blender/blender,7c9a6b2384ead70f,0.0033222591362126247,0,0,0.0,False,,,,,,,,
blender/blender,ba9926028b61e240,0.14285714285714285,1,0,0.0,False,,,,,,,,
blender/blender,f6df264f76f05d49,0.1685823754789272,1,0,0.0,False,,,,,,,,
blender/blender,0f8be2ffb60d50fb,0.12179487179487179,2,2,0.0,True,1.0,1.0,1.0,1.0,1.0,1.0,1.0,1.0
blender/blender,711370ca85a5a6d8,0.2345679012345679,2,0,1.0,False,,,,,,,,
blender/blender,aed2bb42d2f76787,0.6854700854700855,0,0,1.0,False,,,,,,,,
blender/blender,18e92ccd36116ef7,0.10236220472440945,4,3,0.0,True,0.5935568251204684,0.0,0.5935568251204684,0.0,0.5935568251204684,0.0,0.5935568251204684,0.0
blender/blender,dd4e4eba2b10c811,0.008849557522123894,1,0,0.0,False,,,,,,,,
blender/blender,4b86d0120f30c287,0.08108108108108109,0,0,0.0,False,,,,,,,,
blender/blender,4e162c5874ef0aed,0.07142857142857142,1,1,0.0,True,1.0,1.0,1.0,1.0,1.0,1.0,1.0,1.0
blender/blender,c87f98dcf1bf41a1,0.4440677966101695,6,3,1.0,True,0.14704034066641014,0.0,0.2205605109996152,0.0,0.2940806813328203,0.0,0.14704034066641014,0.0
blender/blender,186d17a6d1895270,0.1111111111111111,1,1,0.0,True,1.0,1.0,1.0,1.0,1.0,1.0,1.0,1.0
blender/blender,29a2a14daebc1cc4,0.242503259452412,8,5,1.0,True,0.26130809433667596,0.0,0.1403860944330722,0.0,0.1403860944330722,0.0,0.1403860944330722,0.0
blender/blender,088b1f1db1d8c9ee,0.30985915492957744,0,0,1.0,False,,,,,,,,
blender/blender,26cb2a6f53ece30a,0.3037974683544304,0,0,1.0,False,,,,,,,,
blender/blender,d562d74d7a163ea3,0.5606060606060606,4,1,1.0,True,0.0,0.0,0.0,0.0,0.0,0.0,0.0,0.0
borgbackup/borg,82ed574169aa3612,0.054140127388535034,10,7,0.0,True,1.0,1.0,1.0,1.0,1.0,1.0,1.0,1.0
borgbackup/borg,d2c44773b517b442,0.13900134952766532,19,17,0.0,True,1.0,1.0,1.0,1.0,1.0,1.0,1.0,1.0
borgbackup/borg,7cc33dce56838fe1,0.010638297872340425,8,7,0.0,True,1.0,1.0,1.0,1.0,1.0,1.0,1.0,1.0
borgbackup/borg,2a1d9e4a6bbf5262,0.0754892823858341,79,36,0.0,True,1.0,1.0,1.0,1.0,1.0,1.0,1.0,1.0
borgbackup/borg,0071495c2f67ea25,0.14285714285714285,3,3,1.0,True,0.8154648767857288,0.5,0.8154648767857288,0.5,0.8154648767857288,0.5,0.6309297535714575,0.0
borgbackup/borg,a3924ea7a2b768fa,0.08412698412698413,12,6,0.0,True,1.0,1.0,1.0,1.0,1.0,1.0,1.0,1.0
borgbackup/borg,1edbeb7cc497d347,0.005747126436781609,30,28,0.0,True,1.0,1.0,1.0,1.0,1.0,1.0,1.0,1.0
borgbackup/borg,f1a7575ddf8e10c2,0.0,15,13,0.0,True,1.0,1.0,1.0,1.0,1.0,1.0,1.0,1.0
borgbackup/borg,9e6aa0990628a381,0.06341463414634146,43,28,0.0,True,1.0,1.0,1.0,1.0,1.0,1.0,1.0,1.0
borgbackup/borg,85933aa74a2d66c3,0.2559055118110236,6,4,0.0,True,0.6309297535714575,0.0,0.6309297535714575,0.0,0.6309297535714575,0.0,0.5,0.0
borgbackup/borg,59e3b0d071b9369d,0.0819277108433735,6,5,0.0,True,0.6309297535714575,0.0,0.6309297535714575,0.0,1.0,1.0,0.6309297535714575,0.0
borgbackup/borg,104bcbb5da2afcc7,0.19047619047619047,2,2,1.0,True,1.0,1.0,1.0,1.0,1.0,1.0,0.6309297535714575,0.0
borgbackup/borg,eacc264570f3a432,0.2857142857142857,5,4,1.0,True,1.0,1.0,1.0,1.0,1.0,1.0,0.6309297535714575,0.0
borgbackup/borg,f1471af481bc827a,0.11864406779661017,3,3,0.0,True,1.0,1.0,1.0,1.0,1.0,1.0,1.0,1.0
borgbackup/borg,f6bfbe19a29b1709,0.112141652613828,129,72,0.0,True,1.0,1.0,1.0,1.0,1.0,1.0,1.0,1.0
borgbackup/borg,152de8a1a8f9793a,0.19491525423728814,7,7,0.0,True,0.6309297535714575,0.0,0.6309297535714575,0.0,0.6309297535714575,0.0,0.6309297535714575,0.0
borgbackup/borg,211c558e961fdfc6,0.13114754098360656,1,1,0.0,True,1.0,1.0,1.0,1.0,1.0,1.0,1.0,1.0
borgbackup/borg,37d7d15558b2ed6b,0.1744186046511628,5,2,0.0,True,1.0,1.0,1.0,1.0,1.0,1.0,1.0,1.0
borgbackup/borg,6fd1b9c692b99897,0.0794392523364486,14,14,0.0,True,1.0,1.0,1.0,1.0,1.0,1.0,1.0,1.0
borgbackup/borg,89bfc1a67f4e576e,0.03816793893129771,3,2,0.0,True,1.0,1.0,1.0,1.0,1.0,1.0,1.0,1.0
borgbackup/borg,d5eac3ca1cb75869,0.11669242658423493,72,66,0.0,True,1.0,1.0,1.0,1.0,1.0,1.0,1.0,1.0
borgbackup/borg,ad3d8c5ea304cd9a,0.019553072625698324,3,3,0.0,True,1.0,1.0,1.0,1.0,1.0,1.0,1.0,1.0
borgbackup/borg,f03e26b1664ec4c0,0.031914893617021274,9,7,0.0,True,1.0,1.0,1.0,1.0,1.0,1.0,1.0,1.0
borgbackup/borg,8dc41137b4e630c1,0.23529411764705882,0,0,1.0,False,,,,,,,,
borgbackup/borg,8e5a9c92ac3939e3,0.1631578947368421,2,2,0.0,True,1.0,1.0,1.0,1.0,1.0,1.0,1.0,1.0
boto/boto3,df8767708c0c5b50,0.006688963210702341,2,1,0.0,True,0.0,0.0,0.0,0.0,0.38685280723454163,0.0,0.0,0.0
boto/boto3,9d3644c884a79b99,0.013793103448275862,0,0,0.0,False,,,,,,,,
boto/boto3,f49023d262ec9393,0.03636363636363636,0,0,1.0,False,,,,,,,,
boto/boto3,172db893ca7170a3,0.006211180124223602,0,0,0.0,False,,,,,,,,
boto/boto3,09cb97e1de676ac4,0.01060070671378092,0,0,0.0,False,,,,,,,,
boto/boto3,5876201e636dd58a,0.015384615384615385,0,0,0.0,False,,,,,,,,
boto/boto3,bd46df2fa770cf78,0.0015873015873015873,2,0,0.0,False,,,,,,,,
boto/boto3,33bf386039cd2d50,0.002277904328018223,12,0,0.0,False,,,,,,,,
boto/boto3,fd3d1bbdd7c226a6,0.00847457627118644,0,0,0.0,False,,,,,,,,
boto/boto3,c26b3e6cb3f3edea,0.04081632653061224,0,0,0.0,False,,,,,,,,
boto/boto3,ea47fc7a905e744e,0.002702702702702703,1,0,0.0,False,,,,,,,,
boto/boto3,fc0b367d98056883,0.025974025974025976,0,0,0.0,False,,,,,,,,
boto/boto3,0d59a73e1c905ad1,0.017241379310344827,0,0,0.0,False,,,,,,,,
boto/boto3,e24d8a9f6c966213,0.0031645569620253164,0,0,0.0,False,,,,,,,,
boto/boto3,46657e4bc618150a,0.008968609865470852,0,0,0.0,False,,,,,,,,
boto/boto3,3f1dbc438edab200,0.028037383177570093,0,0,0.0,False,,,,,,,,
boto/boto3,c9553e86709ba80a,0.006535947712418301,1,0,0.0,False,,,,,,,,
boto/boto3,60f61ab7a8d1910d,0.01639344262295082,250,246,0.0,True,0.19549817560833702,0.0,0.19549817560833702,0.0,0.19549817560833702,0.0,0.19523165837106804,0.0
boto/boto3,674a25994f44ac7d,0.004545454545454545,0,0,0.0,False,,,,,,,,
boto/boto3,2e404c51e6cfc8f9,0.0017421602787456446,2,1,0.0,True,0.0,0.0,0.0,0.0,0.0,0.0,0.0,0.0
boto/boto3,e586845cfe93d300,0.001183431952662722,0,0,0.0,False,,,,,,,,
boto/boto3,4d0a4971b82f143c,0.041666666666666664,0,0,0.0,False,,,,,,,,
bpftrace/bpftrace,eda2af09c6bb253f,0.02119460500963391,21,12,0.0,True,0.3039224011899427,0.0,0.10357704604741783,0.0,0.10357704604741783,0.0,0.20374972361868024,0.0
bpftrace/bpftrace,f6bea5bb780ac5ca,0.02565880721220527,29,15,0.0,True,0.6520145740286745,0.0,0.7094472026641538,0.0,0.7094472026641538,0.0,0.6520145740286745,0.0
bpftrace/bpftrace,38dfa21b438fbf50,0.022727272727272728,15,8,0.0,True,0.625704968030342,1.0,0.625704968030342,1.0,0.3947758812878204,0.0,0.625704968030342,1.0
bpftrace/bpftrace,c24f78b3519d7639,0.01020408163265306,9,6,0.0,True,0.5862180879313589,0.0,0.5862180879313589,0.0,0.5862180879313589,0.0,0.5862180879313589,0.0
bpftrace/bpftrace,4a80a36c4dc7f47e,0.0,0,0,0.0,False,,,,,,,,
bpftrace/bpftrace,6b2f0a449fdefd89,0.0026109660574412533,9,4,0.0,True,0.8403030283801005,0.0,0.8403030283801005,0.0,0.8403030283801005,0.0,0.8403030283801005,0.0
bpftrace/bpftrace,8aca53459e60ca8f,0.0,1,1,0.0,True,0.5,0.0,0.5,0.0,0.5,0.0,0.5,0.0
bpftrace/bpftrace,cc0e770d906adc6e,0.05555555555555555,8,3,0.0,True,0.0,0.0,0.0,0.0,0.0,0.0,0.0,0.0
bpftrace/bpftrace,c0c1b9fdab77ac4b,0.03278688524590164,4,1,0.0,True,0.6309297535714575,0.0,0.6309297535714575,0.0,0.6309297535714575,0.0,0.6309297535714575,0.0
bpftrace/bpftrace,17a44cdf8c7c1887,0.08,1,1,0.0,True,0.27250978843597823,0.0,0.27250978843597823,0.0,0.46533827903669656,0.0,0.1289509357448472,0.0
bpftrace/bpftrace,fe0b15ee30529bc4,0.0,0,0,0.0,False,,,,,,,,
bpftrace/bpftrace,f141339ea47051cb,0.047619047619047616,0,0,0.0,False,,,,,,,,
bpftrace/bpftrace,247e8c961d695171,0.02127659574468085,0,0,0.0,False,,,,,,,,
bpftrace/bpftrace,d8773ce79eee0fcf,0.005813953488372093,1,0,0.0,False,,,,,,,,
bpftrace/bpftrace,667f3eebd6fbafe2,0.058823529411764705,0,0,0.0,False,,,,,,,,
bpftrace/bpftrace,516eee413cb7b71b,0.0,3,2,0.0,True,0.5,0.0,0.5,0.0,0.46533827903669656,0.0,0.5,0.0
bpftrace/bpftrace,1628563b07f42649,0.21428571428571427,0,0,0.0,False,,,,,,,,
bpftrace/bpftrace,04761c9452a77678,0.0,1,0,0.0,False,,,,,,,,
bpftrace/bpftrace,a4f1a38c993aba53,0.032520325203252036,0,0,0.0,False,,,,,,,,
bpftrace/bpftrace,f38b31ef7da21a69,0.0069605568445475635,21,12,0.0,True,0.6065022883575205,0.0,0.6065022883575205,0.0,0.6275247038056793,0.0,0.6065022883575205,0.0
bpftrace/bpftrace,92abb2a57c5cfa31,0.047619047619047616,0,0,0.0,False,,,,,,,,
bpftrace/bpftrace,32c7f7e1606a5695,0.001834862385321101,17,11,0.0,True,0.07290067690726897,0.0,0.07290067690726897,0.0,0.07290067690726897,0.0,0.07290067690726897,0.0
bpftrace/bpftrace,c63da876a25401f4,0.025974025974025976,3,1,0.0,True,1.0,1.0,1.0,1.0,1.0,1.0,1.0,1.0
bpftrace/bpftrace,4a907a1dd6be81c8,0.0,11,0,0.0,False,,,,,,,,
bpftrace/bpftrace,94b2761df4b7e623,0.11764705882352941,0,0,0.0,False,,,,,,,,
brndnmtthws/conky,cb11311f67a1f002,0.37037037037037035,0,0,0.0,False,,,,,,,,
brndnmtthws/conky,059bd8dc959d96d2,0.32142857142857145,2,2,0.0,True,1.0,1.0,1.0,1.0,1.0,1.0,1.0,1.0
brndnmtthws/conky,acc7477ca31c5c46,0.4675118858954041,4,4,1.0,True,0.0,0.0,0.0,0.0,0.0,0.0,0.0,0.0
brndnmtthws/conky,304823b2632d35af,0.8595505617977528,2,1,1.0,True,0.0,0.0,0.0,0.0,0.0,0.0,0.0,0.0
brndnmtthws/conky,ea8eb0585db40b8a,0.6363636363636364,1,1,0.0,True,0.6309297535714575,0.0,0.6309297535714575,0.0,0.6309297535714575,0.0,0.6309297535714575,0.0
brndnmtthws/conky,310f8f12765ceae0,0.46808510638297873,1,0,1.0,False,,,,,,,,
brndnmtthws/conky,9ac8042c9c857de6,0.017543859649122806,2,1,0.0,True,0.6309297535714575,0.0,0.6309297535714575,0.0,0.5,0.0,0.5654648767857288,0.0
brndnmtthws/conky,4e8e111ccd6d1e3b,0.030303030303030304,3,2,0.0,True,0.0,0.0,0.0,0.0,0.0,0.0,0.0,0.0
brndnmtthws/conky,0dafb2d38c20327f,0.85,1,1,0.0,True,0.6309297535714575,0.0,0.6309297535714575,0.0,0.6309297535714575,0.0,0.6309297535714575,0.0
brndnmtthws/conky,23904b1b1125f280,0.5131964809384164,3,3,1.0,True,0.2940806813328203,0.0,0.0,0.0,0.0,0.0,0.0,0.0
brndnmtthws/conky,00cd4e2e72a0623d,0.0,0,0,0.0,False,,,,,,,,
brndnmtthws/conky,d584de7a6dfa6925,0.03076923076923077,0,0,0.0,False,,,,,,,,
brndnmtthws/conky,1453c7d756506c15,0.027777777777777776,0,0,0.0,False,,,,,,,,
brndnmtthws/conky,ed2fda04dd25205f,0.017241379310344827,2,2,0.0,True,0.6309297535714575,0.0,0.6309297535714575,0.0,0.5,0.0,0.6309297535714575,0.0
brndnmtthws/conky,579e511aa97d4224,0.875,1,0,0.0,False,,,,,,,,
brndnmtthws/conky,8e71e55ae9b7b667,0.5882352941176471,2,2,1.0,True,0.0,0.0,0.0,0.0,0.0,0.0,0.0,0.0
brndnmtthws/conky,9fccbeb830dc9b37,0.3125,0,0,0.0,False,,,,,,,,
brndnmtthws/conky,5b0a9603c53b6017,0.03333333333333333,0,0,0.0,False,,,,,,,,
brndnmtthws/conky,6a5467e110abc733,0.6270491803278688,4,3,1.0,True,0.1289509357448472,0.0,0.0,0.0,0.0,0.0,0.0,0.0
brndnmtthws/conky,19d017664ffcdcc9,0.17482517482517482,3,1,0.0,True,0.6309297535714575,0.0,0.6309297535714575,0.0,0.6309297535714575,0.0,0.6309297535714575,0.0
brndnmtthws/conky,be0dbdf534b78bb8,0.1320754716981132,8,0,0.0,False,,,,,,,,
brndnmtthws/conky,efc6f508c8febeec,0.0,0,0,0.0,False,,,,,,,,
brndnmtthws/conky,0a68bb5be6b02436,0.009478672985781991,4,2,0.0,True,0.6934264036172708,0.0,0.6934264036172708,0.0,0.6509209298071326,0.0,0.6934264036172708,0.0
brndnmtthws/conky,9cf77423f86cda60,0.38057142857142856,26,25,0.0,True,0.9567574534371579,1.0,0.8637574337885663,1.0,0.8637574337885663,1.0,0.8637574337885663,1.0
brndnmtthws/conky,a1496f9c5b869e8b,0.4641509433962264,1,0,1.0,False,,,,,,,,
cakephp/cakephp,39843deab73fc2fe,0.0625,0,0,0.0,False,,,,,,,,
cakephp/cakephp,a1296e50f2b61f40,0.058823529411764705,0,0,0.0,False,,,,,,,,
cakephp/cakephp,ec2770e3ceaffcb0,0.2647058823529412,0,0,0.0,False,,,,,,,,
cakephp/cakephp,703cda67ba8a32a0,0.2564102564102564,2,1,1.0,True,0.5,0.0,0.6309297535714575,0.0,0.6309297535714575,0.0,0.6309297535714575,0.0
cakephp/cakephp,099c11aa6c0ff28a,0.029850746268656716,1,1,0.0,True,0.6309297535714575,0.0,0.6309297535714575,0.0,1.0,1.0,0.6309297535714575,0.0
cakephp/cakephp,6154babf9a1fc76b,0.14285714285714285,0,0,0.0,False,,,,,,,,
cakephp/cakephp,d9b86ac190cc1746,0.005208333333333333,14,11,0.0,True,0.45599301710112655,0.0,0.45599301710112655,0.0,0.45599301710112655,0.0,0.22552565087917661,0.0
cakephp/cakephp,e21f5457d94760d8,0.6359447004608295,2,2,1.0,True,0.6309297535714575,0.0,0.43067655807339306,0.0,0.5,0.0,0.43067655807339306,0.0
cakephp/cakephp,04aa710f4f3dd36d,0.4766355140186916,2,2,1.0,True,0.5,0.0,0.40876468265396737,0.0,0.40876468265396737,0.0,0.43067655807339306,0.0
cakephp/cakephp,4aa9b99697614998,0.1,0,0,0.0,False,,,,,,,,
cakephp/cakephp,c454faa4da0490d9,0.33774834437086093,2,2,1.0,True,0.38685280723454163,0.0,0.6131471927654584,1.0,0.6131471927654584,1.0,0.6131471927654584,1.0
cakephp/cakephp,3daf27c5efc6d127,0.24327956989247312,10,9,1.0,True,0.6556040163013276,0.0,0.6556040163013276,0.0,0.6556040163013276,0.0,0.6556040163013276,0.0
cakephp/cakephp,8eb0758f3c04010c,0.2962962962962963,0,0,1.0,False,,,,,,,,
cakephp/cakephp,78071a5d959d6d67,0.125,0,0,0.0,False,,,,,,,,
cakephp/cakephp,dadfc37f082f218f,0.10526315789473684,10,0,0.0,False,,,,,,,,
cakephp/cakephp,3782700025686a56,0.017699115044247787,3,3,0.0,True,1.0,1.0,1.0,1.0,0.9751172083949178,1.0,1.0,1.0
cakephp/cakephp,3165ff15d833c14b,0.15384615384615385,0,0,0.0,False,,,,,,,,
cakephp/cakephp,49643f8562f53878,0.1,0,0,0.0,False,,,,,,,,
cakephp/cakephp,eb12781985d1676b,0.022222222222222223,1,1,0.0,True,0.0,0.0,0.0,0.0,0.0,0.0,0.0,0.0
cakephp/cakephp,95fd053c216445d7,0.3326157158234661,11,10,1.0,True,0.5388668879616774,0.0,0.5388668879616774,0.0,0.5388668879616774,0.0,0.5388668879616774,0.0
cakephp/cakephp,fabf75af4e316f6e,0.2786885245901639,1,1,0.0,True,0.0,0.0,0.0,0.0,0.0,0.0,0.0,0.0
cakephp/cakephp,ec5fc45be7c19440,0.014705882352941176,1,1,0.0,True,0.5,0.0,0.5,0.0,0.38685280723454163,0.0,0.4391764551026449,0.0
cakephp/cakephp,b24fba393b9e95ea,0.2989524576954069,7,7,1.0,True,0.5179865520387217,0.0,0.6942203285313089,0.0,0.6942203285313089,0.0,0.6942203285313089,0.0
cakephp/cakephp,ec4413a9dee1cb73,0.004347826086956522,2,2,0.0,True,0.5,0.0,0.5,0.0,0.5,0.0,0.5,0.0
cakephp/cakephp,4ff630f03654e9a7,0.6278625954198473,1,1,1.0,True,0.5,0.0,0.0,0.0,0.0,0.0,0.38685280723454163,0.0
chocolatey/choco,ba7e483f1496640c,0.03765690376569038,0,0,0.0,False,,,,,,,,
chocolatey/choco,505bc26d01022a99,0.040421792618629174,0,0,0.0,False,,,,,,,,
chocolatey/choco,7bf38d9730d318f6,0.00149860843502462,3,3,0.0,True,0.4367467095119258,0.0,0.4367467095119258,0.0,0.4367467095119258,0.0,0.4367467095119258,0.0
chocolatey/choco,b1b3e34aafca5bd0,0.014450867052023121,0,0,0.0,False,,,,,,,,
chocolatey/choco,a124d65d5e252c6e,0.03571428571428571,0,0,0.0,False,,,,,,,,
chocolatey/choco,6a30a49a89e71936,0.017985611510791366,0,0,0.0,False,,,,,,,,
chocolatey/choco,667bb683db90f3c4,0.017543859649122806,0,0,0.0,False,,,,,,,,
chocolatey/choco,afed8deaea4cced2,0.15625,0,0,0.0,False,,,,,,,,
chocolatey/choco,a59ddde42926f575,0.008021390374331552,0,0,0.0,False,,,,,,,,
chocolatey/choco,792d460e6651a97f,0.2,0,0,0.0,False,,,,,,,,
chocolatey/choco,08a411dd3493d2fa,0.011363636363636364,0,0,0.0,False,,,,,,,,
chocolatey/choco,77399447e3ab7b55,0.01639344262295082,0,0,0.0,False,,,,,,,,
chocolatey/choco,3a78ae0d42d926a8,0.0423728813559322,0,0,0.0,False,,,,,,,,
chocolatey/choco,7089177834ca258e,0.08333333333333333,0,0,0.0,False,,,,,,,,
chocolatey/choco,e4b8533a59274299,0.11320754716981132,0,0,0.0,False,,,,,,,,
chocolatey/choco,57e8b080f4020e59,0.22857142857142856,0,0,0.0,False,,,,,,,,
chocolatey/choco,8b928a3f5715e2bc,0.078125,0,0,0.0,False,,,,,,,,
chocolatey/choco,749450c5b8fd41e7,0.07692307692307693,0,0,0.0,False,,,,,,,,
chocolatey/choco,9825be1e553c230c,0.07142857142857142,0,0,0.0,False,,,,,,,,
chocolatey/choco,dd79efbce2a8535b,0.05,0,0,0.0,False,,,,,,,,
chocolatey/choco,459b204f1d5ecf65,0.007692307692307693,0,0,0.0,False,,,,,,,,
chocolatey/choco,15b23c18fdb8f623,0.15789473684210525,0,0,0.0,False,,,,,,,,
chocolatey/choco,eb0ca11377cdb2e9,0.07216494845360824,0,0,0.0,False,,,,,,,,
chocolatey/choco,97f37fd9e66053c5,0.024390243902439025,0,0,0.0,False,,,,,,,,
chocolatey/choco,1827895ba4131132,0.004273504273504274,0,0,0.0,False,,,,,,,,
clash-verge-rev/clash-verge-rev,5c0a30c5041463be,0.02,8,3,0.0,True,0.0,0.0,0.0,0.0,0.0,0.0,0.0,0.0
clash-verge-rev/clash-verge-rev,8e966270b781a489,0.17656765676567657,37,20,0.0,True,0.5927012860026194,0.0,0.5927012860026194,0.0,0.5927012860026194,0.0,0.6279763935513392,0.0
clash-verge-rev/clash-verge-rev,9042ef10135202ef,0.0017761989342806395,5,0,0.0,False,,,,,,,,
clash-verge-rev/clash-verge-rev,13b0db3e38d55e36,0.1641025641025641,12,4,0.0,True,0.5,0.0,0.5,0.0,0.43067655807339306,0.0,0.6309297535714575,0.0
clash-verge-rev/clash-verge-rev,449dd38e3605d169,0.5280898876404494,2,0,0.0,False,,,,,,,,
clash-verge-rev/clash-verge-rev,297ace30bf78e18a,0.002506265664160401,13,7,0.0,True,1.0,1.0,1.0,1.0,0.7217055072633222,0.0,1.0,1.0
clash-verge-rev/clash-verge-rev,f571fecfeef08b9d,0.4670487106017192,12,6,1.0,True,0.47121575059323695,0.0,0.47121575059323695,0.0,0.4555542160896561,0.0,0.49446763958872914,0.0
clash-verge-rev/clash-verge-rev,daac86bd53992942,0.125,4,3,0.0,True,0.543791241910304,0.0,0.543791241910304,0.0,0.3273949503887395,0.0,0.6433224083306327,0.0
clash-verge-rev/clash-verge-rev,402654cd2b09d57f,0.5797101449275363,3,0,1.0,False,,,,,,,,
clash-verge-rev/clash-verge-rev,94e3df93ff79560b,0.0017513134851138354,10,1,0.0,True,0.0,0.0,0.19342640361727081,0.0,0.19342640361727081,0.0,0.19342640361727081,0.0
clash-verge-rev/clash-verge-rev,5540aa81d0e3e4aa,0.05110896817743491,29,17,0.0,True,0.8454274009613192,0.0,0.8454274009613192,0.0,0.8454274009613192,0.0,0.8898419750687447,0.0
clash-verge-rev/clash-verge-rev,26a431300a6b480b,0.013157894736842105,8,4,0.0,True,0.6309297535714575,0.0,0.6309297535714575,0.0,0.43067655807339306,0.0,0.5205354372149502,0.0
clash-verge-rev/clash-verge-rev,1756cdaa613d7dd3,0.21363636363636362,3,0,0.0,False,,,,,,,,
clash-verge-rev/clash-verge-rev,9ebb9187ab367adf,0.022332506203473945,13,7,0.0,True,0.7186363722895477,0.0,0.6634848263711557,0.0,0.6524140826332085,0.0,0.7186363722895477,0.0
clash-verge-rev/clash-verge-rev,6049e1bcf7dd0255,0.04918032786885246,7,3,0.0,True,1.0,1.0,1.0,1.0,1.0,1.0,1.0,1.0
clash-verge-rev/clash-verge-rev,26ad4b834941d9b1,0.08333333333333333,1,0,0.0,False,,,,,,,,
clash-verge-rev/clash-verge-rev,2adee98cfd124928,0.11570247933884298,2,0,0.0,False,,,,,,,,
clash-verge-rev/clash-verge-rev,0b83986029ace553,0.0,8,3,0.0,True,0.43067655807339306,0.0,0.43067655807339306,0.0,0.43067655807339306,0.0,0.43067655807339306,0.0
clash-verge-rev/clash-verge-rev,a94ebfaecf8bb34c,0.04030501089324619,36,22,0.0,True,0.8583942375250425,1.0,0.7120593112985066,0.0,0.7120593112985066,0.0,0.8583942375250425,1.0
clash-verge-rev/clash-verge-rev,22e4ab2ba191f9da,0.1746987951807229,14,8,0.0,True,0.6312514506692649,0.0,0.6312514506692649,0.0,0.6312514506692649,0.0,0.613147099795052,0.0
clash-verge-rev/clash-verge-rev,86039f3519ac76f6,0.014173228346456693,36,15,0.0,True,0.5012748258600065,0.0,0.5012748258600065,0.0,0.5012748258600065,0.0,0.5012748258600065,0.0
clash-verge-rev/clash-verge-rev,cc17f707301673cb,0.034482758620689655,3,0,0.0,False,,,,,,,,
clash-verge-rev/clash-verge-rev,1cd8b18798a1a103,0.05434782608695652,23,4,0.0,True,1.0,1.0,1.0,1.0,1.0,1.0,1.0,1.0
clash-verge-rev/clash-verge-rev,3be743913e2ec269,0.018633540372670808,10,6,0.0,True,0.38685280723454163,0.0,0.38685280723454163,0.0,0.38685280723454163,0.0,0.38685280723454163,0.0
clash-verge-rev/clash-verge-rev,37d740d776df00b2,0.03278688524590164,2,1,0.0,True,0.40876468265396737,0.0,0.40876468265396737,0.0,0.46533827903669656,0.0,0.46533827903669656,0.0
cloud-custodian/cloud-custodian,8f74f1fd13a6e8c6,0.0427807486631016,0,0,0.0,False,,,,,,,,
cloud-custodian/cloud-custodian,b390dca2c34cdfac,0.33613445378151263,0,0,0.0,False,,,,,,,,
cloud-custodian/cloud-custodian,eaa6b752ee3f3454,0.13333333333333333,0,0,0.0,False,,,,,,,,
cloud-custodian/cloud-custodian,6232db25f88c80a8,0.3125,1,0,1.0,False,,,,,,,,
cloud-custodian/cloud-custodian,b918e9d9d0d0b283,0.2746478873239437,0,0,1.0,False,,,,,,,,
cloud-custodian/cloud-custodian,493cbf196d45ba9c,0.18055555555555555,0,0,0.0,False,,,,,,,,
cloud-custodian/cloud-custodian,bc37d034bad56458,0.03125,0,0,0.0,False,,,,,,,,
cloud-custodian/cloud-custodian,e092de653b01e0d6,0.012254901960784314,0,0,0.0,False,,,,,,,,
cloud-custodian/cloud-custodian,e4a9b3d7b55422f1,0.51171875,0,0,1.0,False,,,,,,,,
cloud-custodian/cloud-custodian,15f20c315ece5012,0.014778325123152709,1,0,0.0,False,,,,,,,,
cloud-custodian/cloud-custodian,37df4aa6ced1fc0e,0.01,1,0,0.0,False,,,,,,,,
cloud-custodian/cloud-custodian,76ed074a9305c040,0.0,9,0,0.0,False,,,,,,,,
cloud-custodian/cloud-custodian,85df23a739e31ddc,0.17647058823529413,0,0,0.0,False,,,,,,,,
cloud-custodian/cloud-custodian,1d731ed91f192c52,0.03225806451612903,0,0,0.0,False,,,,,,,,
cloud-custodian/cloud-custodian,83036deb1ccf9f96,0.22433460076045628,0,0,0.0,False,,,,,,,,
cloud-custodian/cloud-custodian,473d3ab3628619c9,0.18226600985221675,1,0,0.0,False,,,,,,,,
cloud-custodian/cloud-custodian,cec0030718c350f1,0.0021949078138718174,2,0,0.0,False,,,,,,,,
cloud-custodian/cloud-custodian,b2b2472c5b93e489,0.4473684210526316,0,0,0.0,False,,,,,,,,
cloud-custodian/cloud-custodian,13e91bf3364c5009,0.00425531914893617,1,0,0.0,False,,,,,,,,
cloud-custodian/cloud-custodian,e13bfa23f6a36a06,0.15,1,0,0.0,False,,,,,,,,
cloud-custodian/cloud-custodian,0ff0fcd33aaaca52,0.030864197530864196,0,0,0.0,False,,,,,,,,
cloud-custodian/cloud-custodian,ad88c04742a85703,0.2,0,0,0.0,False,,,,,,,,
cloud-custodian/cloud-custodian,50c86b7ed8ac2cf9,0.008620689655172414,10,3,0.0,True,1.0,1.0,1.0,1.0,1.0,1.0,1.0,1.0
cloud-custodian/cloud-custodian,a2b92091c3205dd7,0.006729475100942127,0,0,0.0,False,,,,,,,,
cloud-custodian/cloud-custodian,3866c2df15af7d0d,0.36666666666666664,1,0,1.0,False,,,,,,,,
cloudflare/workerd,f355d38d58855cb0,0.24118831822759315,40,24,0.0,True,0.3295517061151661,0.0,0.3295517061151661,0.0,0.3295517061151661,0.0,0.3932611691638229,0.0
cloudflare/workerd,c1f80fdbed6188b2,0.32432432432432434,0,0,0.0,False,,,,,,,,
cloudflare/workerd,cb84a5c80a2c0bc7,0.14285714285714285,3,3,0.0,True,0.0,0.0,0.0,0.0,0.4087646826539674,0.0,0.19342640361727081,0.0
cloudflare/workerd,b4cb281e3afd5161,0.1032258064516129,51,29,0.0,True,0.15987584121430698,0.0,0.12620223592484908,0.0,0.10458923182017772,0.0,0.1334388871754298,0.0
cloudflare/workerd,5a3213cee013251e,0.13636363636363635,5,0,0.0,False,,,,,,,,
cloudflare/workerd,7d4abad446eaa446,0.06451612903225806,0,0,0.0,False,,,,,,,,
cloudflare/workerd,a0e74e70c56e2a78,0.018867924528301886,20,11,0.0,True,0.867326593615542,1.0,0.867326593615542,1.0,0.867326593615542,1.0,0.8913087232458855,1.0
cloudflare/workerd,eddce7c65df92c56,0.2,0,0,1.0,False,,,,,,,,
cloudflare/workerd,4deff98f1edeb190,0.05660377358490566,2,1,0.0,True,0.6309297535714575,0.0,0.6309297535714575,0.0,0.6309297535714575,0.0,0.5654648767857288,0.0
cloudflare/workerd,9431aeef1868b81a,0.10638297872340426,0,0,0.0,False,,,,,,,,
cloudflare/workerd,0eda6c1c064e8547,0.011695906432748537,15,3,0.0,True,0.0,0.0,0.0,0.0,0.0,0.0,0.0,0.0
cloudflare/workerd,50641e6498d9201d,0.14285714285714285,1,1,0.0,True,1.0,1.0,1.0,1.0,1.0,1.0,1.0,1.0
cloudflare/workerd,6a14dd942eb360a6,0.015552099533437015,13,4,0.0,True,0.24424950836964412,0.0,0.24424950836964412,0.0,0.29752137446041954,0.0,0.29752137446041954,0.0
cloudflare/workerd,566a219ad61c08f0,0.25,0,0,0.0,False,,,,,,,,
cloudflare/workerd,e5f6c271b972fe9d,0.1222707423580786,5,4,0.0,True,1.0,1.0,1.0,1.0,1.0,1.0,1.0,1.0
cloudflare/workerd,db4eb9f6fb358daf,0.034375,16,0,0.0,False,,,,,,,,
cloudflare/workerd,5a478473a9818da3,0.3333333333333333,0,0,0.0,False,,,,,,,,
cloudflare/workerd,d7a27261db36c090,0.23008849557522124,1,0,0.0,False,,,,,,,,
cloudflare/workerd,885df51b21d17539,0.26666666666666666,1,1,0.0,True,1.0,1.0,1.0,1.0,1.0,1.0,1.0,1.0
cloudflare/workerd,2e6f313ea4de8650,0.1527777777777778,1,1,0.0,True,0.5,0.0,0.5,0.0,0.5,0.0,0.6309297535714575,0.0
cloudflare/workerd,85cb3d78a11d5a08,0.08533333333333333,48,33,0.0,True,0.5852806948157276,0.0,0.5852806948157276,0.0,0.6100298820575263,0.0,0.6100298820575263,0.0
cloudflare/workerd,467ecb97e3751aa1,0.11564625850340136,2,0,0.0,False,,,,,,,,
cloudflare/workerd,df55da49169425e1,0.2,1,1,1.0,True,0.5205354372149502,0.0,0.5205354372149502,0.0,0.43067655807339306,0.0,0.5,0.0
cloudflare/workerd,2bbf3b4622769fd4,0.6039603960396039,1,0,1.0,False,,,,,,,,
cloudflare/workerd,8854e531150d0fab,0.09144542772861357,10,1,0.0,True,0.5,0.0,0.5,0.0,0.46533827903669656,0.0,0.0,0.0
cmderdev/cmder,af99a1d7989c8505,0.045871559633027525,0,0,0.0,False,,,,,,,,
cmderdev/cmder,06572a96a58dc510,0.005877413937867338,1,1,0.0,True,0.6309297535714575,0.0,0.6309297535714575,0.0,0.6309297535714575,0.0,0.6309297535714575,0.0
cmderdev/cmder,cf23da10e9371420,0.05263157894736842,2,1,0.0,True,0.6309297535714575,0.0,0.6309297535714575,0.0,0.6309297535714575,0.0,0.6309297535714575,0.0
cmderdev/cmder,0d182cdeff4cdb49,0.03314917127071823,4,4,0.0,True,1.0,1.0,1.0,1.0,1.0,1.0,1.0,1.0
cmderdev/cmder,a8bb8d2e8dae7bfb,0.002554278416347382,1,1,0.0,True,0.5,0.0,0.5,0.0,0.43067655807339306,0.0,0.5,0.0
cmderdev/cmder,8438fcdb1b6525ad,0.1394422310756972,8,4,0.0,True,1.0,1.0,1.0,1.0,1.0,1.0,1.0,1.0
cmderdev/cmder,48f1905c8ce7c081,0.058823529411764705,13,6,0.0,True,1.0,1.0,1.0,1.0,1.0,1.0,1.0,1.0
cmderdev/cmder,f5f47d4a2d211425,0.09259259259259259,0,0,0.0,False,,,,,,,,
cmderdev/cmder,41457efdc3d31c19,0.08333333333333333,0,0,0.0,False,,,,,,,,
coder/code-server,e1f89aee8992fa70,0.01362088535754824,9,0,0.0,False,,,,,,,,
coder/coder,21547f5c52e7988d,0.3103448275862069,1,1,1.0,True,1.0,1.0,0.5,0.0,0.5,0.0,0.5,0.0
coder/coder,ad53065e6cd73949,0.733502538071066,20,9,1.0,True,0.9683050157272075,1.0,0.5176310986599653,0.0,0.4805006856328809,0.0,0.4805006856328809,0.0
coder/coder,ad795f592caa36cd,0.5,3,2,0.0,True,1.0,1.0,1.0,1.0,1.0,1.0,1.0,1.0
coder/coder,c80ec702b3ce4d63,0.3916083916083916,20,3,0.0,True,1.0,1.0,1.0,1.0,1.0,1.0,1.0,1.0
coder/coder,7bbef6832e29384d,0.7914438502673797,13,4,0.0,True,1.0,1.0,1.0,1.0,0.6309297535714575,0.0,1.0,1.0
coder/coder,0cbcfff19a447921,0.3650107991360691,175,80,1.0,True,0.3621310517535653,0.0,0.4833719549172894,1.0,0.4833719549172894,1.0,0.5915752492022439,1.0
coder/coder,5e8d94acd06afece,0.4051724137931034,6,3,0.0,True,1.0,1.0,1.0,1.0,1.0,1.0,1.0,1.0
coder/coder,fab4b4e758ea812e,0.42857142857142855,4,2,0.0,True,1.0,1.0,1.0,1.0,1.0,1.0,1.0,1.0
coder/coder,0160497bcb23c508,0.6111111111111112,0,0,1.0,False,,,,,,,,
coder/coder,dcd4a67582932eb6,0.6620370370370371,3,2,1.0,True,1.0,1.0,0.6309297535714575,0.0,0.6309297535714575,0.0,0.6309297535714575,0.0
coder/coder,464010bbd2099dca,0.7,2,2,1.0,True,1.0,1.0,0.6309297535714575,0.0,0.6309297535714575,0.0,0.6309297535714575,0.0
coder/coder,c9daf8fdb8b44096,0.5849056603773585,2,1,1.0,True,1.0,1.0,0.6309297535714575,0.0,0.6309297535714575,0.0,0.6309297535714575,0.0
coder/coder,dc0b4ea671553af0,0.5652173913043478,1,1,1.0,True,1.0,1.0,0.5,0.0,0.5,0.0,0.43067655807339306,0.0
coder/coder,fde955b0a3b2bf55,0.806282722513089,10,3,1.0,True,1.0,1.0,0.5,0.0,0.6309297535714575,0.0,0.5,0.0
coder/coder,31aa4a3f034c827f,0.13636363636363635,9,3,0.0,True,0.5832042050898562,0.0,0.5306165378285054,0.0,0.5354626746463241,0.0,0.33708722402437724,0.0
coder/coder,75b761cdf918b118,0.6982758620689655,1,0,1.0,False,,,,,,,,
coder/coder,afb6372e9477b2c1,0.35714285714285715,2,2,0.0,True,0.6309297535714575,0.0,0.5,0.0,0.5,0.0,0.5,0.0
coder/coder,e2389327797ce5a1,0.7319587628865979,3,2,1.0,True,1.0,1.0,0.6309297535714575,0.0,0.6309297535714575,0.0,0.6309297535714575,0.0
coder/coder,ee0c08340ace9ac3,0.0,8,1,0.0,True,1.0,1.0,1.0,1.0,1.0,1.0,1.0,1.0
coder/coder,4d7a474699fe55ca,0.676923076923077,1,1,1.0,True,1.0,1.0,0.5,0.0,0.5,0.0,0.46533827903669656,0.0
coder/coder,ac571320540bf70b,0.0,7,2,0.0,True,0.6131471927654584,1.0,0.8637801104364019,1.0,0.8637801104364019,1.0,0.6131471927654584,1.0
coder/coder,971499eea504a7ae,0.8411214953271028,4,1,0.0,True,1.0,1.0,1.0,1.0,1.0,1.0,1.0,1.0
coder/coder,3e0238aa67e6e70a,0.5333333333333333,5,2,0.0,True,1.0,1.0,1.0,1.0,1.0,1.0,1.0,1.0
coder/coder,ecc9a18306c03b2b,0.6862745098039216,7,4,1.0,True,0.944847956559586,1.0,0.7967075809905066,0.0,0.7967075809905066,0.0,0.6885288809404666,0.0
coder/coder,f427cf45331a2316,0.48936170212765956,6,1,0.0,True,1.0,1.0,1.0,1.0,1.0,1.0,1.0,1.0
compiler-explorer/compiler-explorer,55e77c5880490192,0.08333333333333333,0,0,0.0,False,,,,,,,,
compiler-explorer/compiler-explorer,9844e9a26318d4ef,0.02097902097902098,15,2,0.0,True,0.0,0.0,0.0,0.0,0.5,0.0,0.0,0.0
compiler-explorer/compiler-explorer,c6b098646bf32c64,0.12195121951219512,0,0,0.0,False,,,,,,,,
compiler-explorer/compiler-explorer,c918820f89da53d6,0.1111111111111111,0,0,0.0,False,,,,,,,,
compiler-explorer/compiler-explorer,aba52602aad4a80f,0.08,0,0,0.0,False,,,,,,,,
compiler-explorer/compiler-explorer,1f6f0344ad507391,0.009615384615384616,0,0,0.0,False,,,,,,,,
compiler-explorer/compiler-explorer,b335630551682c19,0.2647058823529412,4,1,0.0,True,0.5,0.0,0.5,0.0,0.6309297535714575,0.0,0.40876468265396737,0.0
compiler-explorer/compiler-explorer,63bd641104d10e25,0.36764705882352944,4,0,0.0,False,,,,,,,,
compiler-explorer/compiler-explorer,733b817529e48899,0.3602941176470588,0,0,0.0,False,,,,,,,,
compiler-explorer/compiler-explorer,812aa6549909b94f,0.0,2,2,0.0,True,1.0,1.0,1.0,1.0,1.0,1.0,1.0,1.0
compiler-explorer/compiler-explorer,02ab1331159576f0,0.25316455696202533,0,0,0.0,False,,,,,,,,
compiler-explorer/compiler-explorer,2c93d6d713eea58e,0.6022727272727273,1,0,1.0,False,,,,,,,,
compiler-explorer/compiler-explorer,24507cdc5d5d3d5d,0.3333333333333333,0,0,0.0,False,,,,,,,,
compiler-explorer/compiler-explorer,4bbb24bb522bea8b,0.0,1,0,0.0,False,,,,,,,,
compiler-explorer/compiler-explorer,2cf2a11d50a528a6,0.0,2,0,0.0,False,,,,,,,,
compiler-explorer/compiler-explorer,a22c263686553013,0.0,11,0,0.0,False,,,,,,,,
compiler-explorer/compiler-explorer,822eaf41d8b178c5,0.5454545454545454,0,0,1.0,False,,,,,,,,
compiler-explorer/compiler-explorer,7f808538171b1a05,0.06382978723404255,0,0,0.0,False,,,,,,,,
compiler-explorer/compiler-explorer,4849121d3eb5d2ba,0.5194805194805194,1,0,1.0,False,,,,,,,,
compiler-explorer/compiler-explorer,d37d7bb4af1f2aa1,0.8571428571428571,1,1,0.0,True,1.0,1.0,1.0,1.0,1.0,1.0,1.0,1.0
compiler-explorer/compiler-explorer,6cb6764c65a7ba73,0.46236559139784944,0,0,1.0,False,,,,,,,,
compiler-explorer/compiler-explorer,9ff164cdaad45ad5,0.23529411764705882,0,0,0.0,False,,,,,,,,
compiler-explorer/compiler-explorer,d66164bc028da3cf,0.34965034965034963,9,5,0.0,True,1.0,1.0,0.9206587229645393,1.0,0.9206587229645393,1.0,1.0,1.0
compiler-explorer/compiler-explorer,05449bea4a29f8bc,0.14814814814814814,1,0,0.0,False,,,,,,,,
compiler-explorer/compiler-explorer,9b6ce3135a65d57a,0.03571428571428571,0,0,0.0,False,,,,,,,,
conda/conda,fc97a1f403b1db7b,0.0,2,1,0.0,True,1.0,1.0,1.0,1.0,1.0,1.0,1.0,1.0
conda/conda,a07676c24d86fb60,0.0,0,0,0.0,False,,,,,,,,
conda/conda,b874622b0b3ddeef,0.02631578947368421,1,1,0.0,True,0.6309297535714575,0.0,0.6309297535714575,0.0,0.5654648767857288,0.0,0.6309297535714575,0.0
conda/conda,d2ac00b82bc22540,0.0,0,0,0.0,False,,,,,,,,
conda/conda,6fdb9b9eee632cce,0.028985507246376812,9,2,0.0,True,1.0,1.0,1.0,1.0,1.0,1.0,1.0,1.0
conda/conda,b9d60e3af6786074,0.011111111111111112,0,0,0.0,False,,,,,,,,
conda/conda,e093818bff0cdfe0,0.04195804195804196,2,1,0.0,True,0.6309297535714575,0.0,0.6309297535714575,0.0,0.6309297535714575,0.0,0.6309297535714575,0.0
conda/conda,330f063a12422416,0.1610738255033557,2,1,0.0,True,0.40876468265396737,0.0,0.40876468265396737,0.0,0.27250978843597823,0.0,0.40876468265396737,0.0
conda/conda,a1294837571a888f,0.007712082262210797,5,5,0.0,True,0.26130809433667596,0.0,0.1403860944330722,0.0,0.1403860944330722,0.0,0.26130809433667596,0.0
conda/conda,30852b2709103c10,0.07042253521126761,16,12,0.0,True,0.7903569767070864,0.0,0.7903569767070864,0.0,0.7735597278200448,0.0,0.7735597278200448,0.0
conda/conda,a2eadd27d982ad4f,0.01876675603217158,4,2,1.0,True,0.0,0.0,0.0,0.0,0.0,0.0,0.0,0.0
conda/conda,eb4f077c95469377,0.0,3,0,0.0,False,,,,,,,,
conda/conda,fbd4ec57b514dd93,0.14022662889518414,2,1,0.0,True,0.0,0.0,0.0,0.0,0.0,0.0,0.19342640361727081,0.0
conda/conda,65ba2895daf2292b,0.0165016501650165,9,6,0.0,True,0.6060420214023902,0.0,0.5932303811314391,0.0,0.5084882596116177,0.0,0.6060420214023902,0.0
conda/conda,8ad5cf1d1d9a7f5f,0.0,0,0,0.0,False,,,,,,,,
conda/conda,d880228e954d9907,0.23940298507462687,7,6,1.0,True,0.6300059872618923,1.0,0.6300059872618923,1.0,0.6300059872618923,1.0,0.2437195847468319,0.0
conda/conda,b9498a850f87fb8c,0.045454545454545456,0,0,0.0,False,,,,,,,,
conda/conda,d79571671084b87c,0.22448979591836735,11,8,0.0,True,0.5853498223783768,1.0,0.5853498223783768,1.0,0.5815871360157758,1.0,0.5853498223783768,1.0
conda/conda,f3ec8b15d55b5298,0.2893772893772894,4,3,1.0,True,0.46927872602275644,1.0,0.2960819109658652,0.0,0.2960819109658652,0.0,0.2183733547559629,0.0
conda/conda,68cc63c694632f5b,0.0,5,3,0.0,True,1.0,1.0,1.0,1.0,1.0,1.0,1.0,1.0
conda/conda,abc69f610b766ae7,0.07352941176470588,0,0,0.0,False,,,,,,,,
conda/conda,f3725a55bf339595,0.0,21,9,0.0,True,0.480023744701233,0.0,0.480023744701233,0.0,0.480023744701233,0.0,0.480023744701233,0.0
conda/conda,86d53f56d6a9e257,0.05357142857142857,1,0,0.0,False,,,,,,,,
conda/conda,a5db025552eface4,0.03225806451612903,0,0,0.0,False,,,,,,,,
conda/conda,4a150dfb0efad45b,0.28552005438477224,20,16,1.0,True,0.7002665097803356,1.0,0.6891636895115604,1.0,0.6891636895115604,1.0,0.4820891992315614,0.0
crablang/crab,5ece3f2e26922ea2,0.0,0,0,0.0,False,,,,,,,,
crablang/crab,273f3d21932dab70,0.0,0,0,0.0,False,,,,,,,,
crablang/crab,a696712262869279,0.0,0,0,0.0,False,,,,,,,,
crablang/crab,da99dd94eb2e4000,0.0,0,0,0.0,False,,,,,,,,
crablang/crab,341c0eb41dd0f9c9,0.0,0,0,0.0,False,,,,,,,,
crablang/crab,8af212e8df57fd7b,0.0,0,0,0.0,False,,,,,,,,
crablang/crab,c263917dcffc7754,0.0,0,0,0.0,False,,,,,,,,
crablang/crab,0f8f16f802638bbc,0.0,0,0,0.0,False,,,,,,,,
crablang/crab,20cf4c9d746ad6ae,0.0,0,0,0.0,False,,,,,,,,
crablang/crab,5bf46682ac65c0ee,0.0,0,0,0.0,False,,,,,,,,
crablang/crab,fa2e0beb8a391edc,0.0,0,0,0.0,False,,,,,,,,
crablang/crab,267480820e2b00d2,0.0,0,0,0.0,False,,,,,,,,
crablang/crab,c374e6eb460970ab,0.0,0,0,0.0,False,,,,,,,,
crablang/crab,16bba17337b9ad5a,0.0,0,0,0.0,False,,,,,,,,
crablang/crab,0dcfca9a1077ac91,0.0,0,0,0.0,False,,,,,,,,
crablang/crab,e0d5df9aa43bcd09,0.0,0,0,0.0,False,,,,,,,,
crablang/crab,060d9f3789d08b73,0.0,0,0,0.0,False,,,,,,,,
crablang/crab,11150a27dfdbda0b,0.0,0,0,0.0,False,,,,,,,,
crablang/crab,2ad15fdf6c8c06f8,0.0,0,0,0.0,False,,,,,,,,
crablang/crab,fc8a2984205a8718,0.0,0,0,0.0,False,,,,,,,,
crablang/crab,0f9009d036261d34,0.0,0,0,0.0,False,,,,,,,,
crablang/crab,70114c272ed1a8b7,0.0,0,0,0.0,False,,,,,,,,
crablang/crab,d4b6c779834d674c,0.0,0,0,0.0,False,,,,,,,,
crablang/crab,f568bca358b7f3e4,0.0,0,0,0.0,False,,,,,,,,
crablang/crab,e5d3532926779a4f,0.0,0,0,0.0,False,,,,,,,,
curl/curl,4ba791e486d18e65,0.012121212121212121,14,14,0.0,True,0.7217055072633222,0.0,0.7217055072633222,0.0,0.7217055072633222,0.0,0.7217055072633222,0.0
curl/curl,aaef6e94b186fba5,0.034482758620689655,3,3,1.0,True,0.66967181649423,0.0,0.66967181649423,0.0,0.66967181649423,0.0,0.8099531166420328,0.5
curl/curl,4b439ae5110d0548,0.041666666666666664,4,4,0.0,True,0.7967075809905066,0.0,0.7967075809905066,0.0,0.7967075809905066,0.0,0.7967075809905066,0.0
curl/curl,d4ab04ae91f0c62a,0.007194244604316547,22,21,0.0,True,0.7614534037330029,1.0,0.7614534037330029,1.0,0.7614534037330029,1.0,0.916936328776528,1.0
curl/curl,1fa4f6e1864b795c,0.024390243902439025,6,6,0.0,True,1.0,1.0,1.0,1.0,1.0,1.0,1.0,1.0
curl/curl,9a1e32965cf646d3,0.006535947712418301,1,1,0.0,True,0.5205354372149502,0.0,0.5205354372149502,0.0,0.5205354372149502,0.0,0.5654648767857288,0.0
curl/curl,3a173a5d426fe403,0.004291845493562232,4,4,0.0,True,0.5,0.0,0.5,0.0,0.5,0.0,0.5,0.0
curl/curl,b5dd6e452d4c1bb2,0.028985507246376812,3,3,0.0,True,0.5354626746463241,0.0,0.5354626746463241,0.0,0.5354626746463241,0.0,0.543791241910304,0.0
curl/curl,728b33a7b96719d1,0.023809523809523808,6,3,0.0,True,0.6309297535714575,0.0,0.6309297535714575,0.0,0.6309297535714575,0.0,0.6309297535714575,0.0
curl/curl,b805b35962f49812,0.0029411764705882353,18,17,0.0,True,0.6183309067962862,0.0,0.6183309067962862,0.0,0.6183309067962862,0.0,0.6183309067962862,0.0
curl/curl,724bde41cdfd7fca,0.01694915254237288,10,9,0.0,True,0.24207625393180188,0.0,0.24207625393180188,0.0,0.24207625393180188,0.0,0.24207625393180188,0.0
curl/curl,8d7278ccea83f4d9,0.006734006734006734,1,1,0.0,True,0.6309297535714575,0.0,0.6309297535714575,0.0,0.6309297535714575,0.0,0.6309297535714575,0.0
curl/curl,785f1c0cce166c4b,0.022988505747126436,3,3,0.0,True,0.6199062332840657,0.0,0.6199062332840657,0.0,0.6199062332840657,0.0,0.6199062332840657,0.0
curl/curl,becc03aa2ad494ce,0.04081632653061224,0,0,0.0,False,,,,,,,,
curl/curl,b297ec2c9ca4bb1d,0.04878048780487805,1,1,0.0,True,0.40876468265396737,0.0,0.40876468265396737,0.0,0.38685280723454163,0.0,0.40876468265396737,0.0
curl/curl,b855f7d5309d5d39,0.005277044854881266,12,11,0.0,True,0.0,0.0,0.0,0.0,0.0,0.0,0.0,0.0
curl/curl,67c15a9684a0d3aa,0.00847457627118644,17,15,0.0,True,0.5128322061256079,0.0,0.5128322061256079,0.0,0.4928590476247919,0.0,0.5128322061256079,0.0
curl/curl,5bb8cf98a47b4137,0.006944444444444444,17,15,0.0,True,0.5280853065972595,0.0,0.5280853065972595,0.0,0.5280853065972595,0.0,0.5280853065972595,0.0
curl/curl,792293704caea4bd,0.03773584905660377,5,5,0.0,True,0.5879394370415081,0.0,0.5879394370415081,0.0,0.5879394370415081,0.0,0.6478180753414247,0.0
curl/curl,3b30dc363c1e6e24,0.020202020202020204,2,2,0.0,True,0.6721736667122017,0.0,0.6383296841265744,0.0,0.6721736667122017,0.0,0.6721736667122017,0.0
curl/curl,84a778a89cff2b0b,0.02564102564102564,6,6,0.0,True,0.7378264247076022,0.0,0.7378264247076022,0.0,0.7378264247076022,0.0,0.7378264247076022,0.0
curl/curl,9023ed18171e71be,0.05263157894736842,1,0,0.0,False,,,,,,,,
curl/curl,988dfd4c33e8daec,0.011976047904191617,10,9,0.0,True,0.6657096983124552,0.0,0.6657096983124552,0.0,0.6657096983124552,0.0,0.6657096983124552,0.0
curl/curl,acf0184350a031e8,0.003976143141153081,31,30,0.0,True,0.4626882807006454,0.0,0.4626882807006454,0.0,0.4626882807006454,0.0,0.4626882807006454,0.0
curl/curl,07985fdcade0e64d,0.5,0,0,1.0,False,,,,,,,,
dahlbyk/posh-git,50d51a233d8ff488,0.6666666666666666,0,0,1.0,False,,,,,,,,
dahlbyk/posh-git,a5de3e5871ffcc38,0.08695652173913043,0,0,0.0,False,,,,,,,,
dahlbyk/posh-git,99ad54c471cf84c8,0.7411167512690355,0,0,1.0,False,,,,,,,,
dahlbyk/posh-git,db13baa403675e8b,0.5660377358490566,0,0,1.0,False,,,,,,,,
dahlbyk/posh-git,264227ca7eae4776,0.052854122621564484,1,0,0.0,False,,,,,,,,
dahlbyk/posh-git,902c242df5674a32,0.38207547169811323,0,0,1.0,False,,,,,,,,
dahlbyk/posh-git,99708d40557a138c,0.8095238095238095,0,0,1.0,False,,,,,,,,
dahlbyk/posh-git,b335630551682c19,0.08818342151675485,0,0,0.0,False,,,,,,,,
dahlbyk/posh-git,06572a96a58dc510,0.011126564673157162,0,0,0.0,False,,,,,,,,
dahlbyk/posh-git,af3cd6b1ad1a760a,0.30584192439862545,0,0,1.0,False,,,,,,,,
dahlbyk/posh-git,399775fd0c824430,0.4475806451612903,0,0,1.0,False,,,,,,,,
dahlbyk/posh-git,e5aa817955e06f89,0.9130434782608695,0,0,1.0,False,,,,,,,,
dahlbyk/posh-git,54cde84efc67f5b6,0.7069767441860465,0,0,1.0,False,,,,,,,,
dahlbyk/posh-git,cfb01399616be5ef,0.16666666666666666,0,0,0.0,False,,,,,,,,
dahlbyk/posh-git,c81cf0251793f319,1.0,0,0,1.0,False,,,,,,,,
dahlbyk/posh-git,618cd5b83d62060b,1.0,0,0,1.0,False,,,,,,,,
dahlbyk/posh-git,295b472aa06867f4,0.9767441860465116,0,0,0.0,False,,,,,,,,
dahlbyk/posh-git,ba785c1aa48679cf,0.5342019543973942,0,0,1.0,False,,,,,,,,
dahlbyk/posh-git,966a526bc3c4234b,0.21808510638297873,0,0,0.0,False,,,,,,,,
dahlbyk/posh-git,18065b96b2a2f3d5,0.9647058823529412,0,0,1.0,False,,,,,,,,
dahlbyk/posh-git,d0ed4cc3fb70489f,0.8571428571428571,0,0,0.0,False,,,,,,,,
dahlbyk/posh-git,f63c40fa61af4c47,0.9476190476190476,0,0,1.0,False,,,,,,,,
dahlbyk/posh-git,b9a7e286f66ddb81,0.5,0,0,1.0,False,,,,,,,,
dahlbyk/posh-git,20d53b930a01fd2e,0.46292585170340683,0,0,1.0,False,,,,,,,,
dahlbyk/posh-git,7d76d7533653c23b,0.27586206896551724,0,0,0.0,False,,,,,,,,
dask/dask,fee11b514bc43bbb,0.7272727272727273,2,0,1.0,False,,,,,,,,
dask/dask,9ec2dbff7574fa6c,0.1643835616438356,7,6,0.0,True,0.3107378158607799,0.0,0.3273949503887395,0.0,0.3273949503887395,0.0,0.3537443585523369,0.0
dask/dask,ce961485dc8b8afa,0.3134936812066857,7,6,1.0,True,0.0,0.0,0.0,0.0,0.0,0.0,0.0,0.0
dask/dask,7176adb7d4f1bec2,0.1969111969111969,3,1,0.0,True,0.0,0.0,0.0,0.0,0.0,0.0,0.0,0.0
dask/dask,1d130d02b54b78a5,0.0,6,0,0.0,False,,,,,,,,
dask/dask,834884f376261b3b,0.3333333333333333,0,0,0.0,False,,,,,,,,
dask/dask,d1a60cbcd400e569,0.08925318761384335,3,0,0.0,False,,,,,,,,
dask/dask,adde88c46628835f,0.045454545454545456,2,1,0.0,True,1.0,1.0,1.0,1.0,1.0,1.0,1.0,1.0
dask/dask,5599d810c9b68c5a,0.16275862068965516,2,2,0.0,True,0.0,0.0,0.0,0.0,0.0,0.0,0.0,0.0
dask/dask,e3e662ac1e306048,0.07468123861566485,3,0,0.0,False,,,,,,,,
dask/dask,66cc34c549d70143,0.21604938271604937,0,0,0.0,False,,,,,,,,
dask/dask,a31a4643eaa35203,0.23589164785553046,1,0,0.0,False,,,,,,,,
dask/dask,df68bfa1a5c4aa32,0.30718954248366015,1,0,1.0,False,,,,,,,,
dask/dask,aeed19a0f65544b7,0.07216494845360824,1,0,0.0,False,,,,,,,,
dask/dask,54078cfa7ecfe1ae,0.038461538461538464,3,2,0.0,True,1.0,1.0,1.0,1.0,1.0,1.0,1.0,1.0
dask/dask,2c67fabef1c6ed54,0.0,1,0,0.0,False,,,,,,,,
dask/dask,b9651821e5898a5c,0.043478260869565216,0,0,0.0,False,,,,,,,,
dask/dask,3caff58da8c5530a,0.1,2,0,0.0,False,,,,,,,,
dask/dask,8d76c34a776c0146,0.08227848101265822,2,0,0.0,False,,,,,,,,
dask/dask,594691e882ea756e,0.017921146953405017,3,0,0.0,False,,,,,,,,
dask/dask,f9bcf3f90b954648,0.22727272727272727,0,0,0.0,False,,,,,,,,
dask/dask,379f518d94c51b32,0.002890173410404624,1,0,0.0,False,,,,,,,,
dask/dask,ac03942171562257,0.21714285714285714,3,0,0.0,False,,,,,,,,
dask/dask,ddec4e9112475866,0.03536977491961415,1,1,0.0,True,1.0,1.0,1.0,1.0,1.0,1.0,1.0,1.0
dask/dask,18d2a10fcfc8eedd,0.0,1,0,0.0,False,,,,,,,,
dendronhq/dendron,8cff4dea2efcffd1,0.1111111111111111,0,0,0.0,False,,,,,,,,
dendronhq/dendron,6e0439434931d471,0.0,0,0,0.0,False,,,,,,,,
dendronhq/dendron,5d748020e057e3df,0.14130434782608695,0,0,0.0,False,,,,,,,,
dendronhq/dendron,677d091422296a09,0.0006238303181534623,0,0,0.0,False,,,,,,,,
dendronhq/dendron,b7658ca478a1461b,0.010101010101010102,0,0,0.0,False,,,,,,,,
dendronhq/dendron,d8a3b3cd1d7ac1bc,0.24669603524229075,0,0,0.0,False,,,,,,,,
dendronhq/dendron,4cf5929748d795b7,0.060498220640569395,0,0,0.0,False,,,,,,,,
dendronhq/dendron,c37321267b19ae94,0.09090909090909091,0,0,0.0,False,,,,,,,,
dendronhq/dendron,bc37d034bad56458,0.023809523809523808,0,0,0.0,False,,,,,,,,
dendronhq/dendron,4a5a96972d7346d1,0.23076923076923078,0,0,1.0,False,,,,,,,,
dendronhq/dendron,b335630551682c19,0.0,1,0,0.0,False,,,,,,,,
dendronhq/dendron,d3304a1523489790,0.00273224043715847,0,0,0.0,False,,,,,,,,
dendronhq/dendron,bd7519b3172b547f,0.0,0,0,0.0,False,,,,,,,,
dendronhq/dendron,b0fa6dbfd013789f,0.0,0,0,0.0,False,,,,,,,,
dendronhq/dendron,8159cc0d95f739f2,0.017094017094017096,0,0,0.0,False,,,,,,,,
dendronhq/dendron,cc7bab9c58b9a2f7,0.5,0,0,0.0,False,,,,,,,,
dendronhq/dendron,3e86029b7a858b0d,0.05714285714285714,0,0,0.0,False,,,,,,,,
dendronhq/dendron,1394a6127a24832b,0.05405405405405406,0,0,0.0,False,,,,,,,,
dendronhq/dendron,43732b383d08d3c2,0.0017152658662092624,0,0,0.0,False,,,,,,,,
dendronhq/dendron,bd63ed05d1fab8a0,0.5333333333333333,0,0,1.0,False,,,,,,,,
dendronhq/dendron,fd5f6dcf41167cb4,1.0,0,0,1.0,False,,,,,,,,
dendronhq/dendron,cec4c08adf0c7e99,0.00510204081632653,0,0,0.0,False,,,,,,,,
dendronhq/dendron,ceff902659c3cad3,0.006211180124223602,0,0,0.0,False,,,,,,,,
dendronhq/dendron,d63be71398bc34d3,0.08571428571428572,0,0,0.0,False,,,,,,,,
dendronhq/dendron,4e095b50f6bfd351,0.012658227848101266,0,0,0.0,False,,,,,,,,
dependabot/dependabot-core,b59e56e1d8fb2aa6,0.024024024024024024,2,2,0.0,True,1.0,1.0,1.0,1.0,1.0,1.0,1.0,1.0
dependabot/dependabot-core,074e9d913b3d3604,0.11304347826086956,6,5,0.0,True,0.5681212831057169,0.0,0.5681212831057169,0.0,0.5681212831057169,0.0,0.13624256621143366,0.0
dependabot/dependabot-core,94a97db6bb7ef631,0.10126582278481013,5,5,0.0,True,0.21593935844714157,0.0,0.21593935844714157,0.0,0.21593935844714157,0.0,0.5879394370415081,0.0
dependabot/dependabot-core,ea18ccde6259bd19,0.02972972972972973,8,2,0.0,True,1.0,1.0,1.0,1.0,1.0,1.0,1.0,1.0
dependabot/dependabot-core,abe3295cc2a5d579,0.0449438202247191,2,2,0.0,True,0.40876468265396737,0.0,0.40876468265396737,0.0,0.43067655807339306,0.0,0.0,0.0
dependabot/dependabot-core,199a1e82e0f5c755,0.017391304347826087,6,1,0.0,True,0.6309297535714575,0.0,0.6309297535714575,0.0,0.6309297535714575,0.0,0.6309297535714575,0.0
dependabot/dependabot-core,d79f4be712fc7b2b,0.14814814814814814,0,0,0.0,False,,,,,,,,
dependabot/dependabot-core,6fc4f0f8ca1b6ba3,0.0,1,1,0.0,True,0.43067655807339306,0.0,0.43067655807339306,0.0,0.43067655807339306,0.0,0.43067655807339306,0.0
dependabot/dependabot-core,2263f11aec7f08d8,0.026223776223776224,3,0,0.0,False,,,,,,,,
dependabot/dependabot-core,3cf4e94780bd92e9,0.00816326530612245,3,0,0.0,False,,,,,,,,
dependabot/dependabot-core,e90440fc22067057,0.3911007025761124,0,0,0.0,False,,,,,,,,
dependabot/dependabot-core,d83de970a442752e,0.012987012987012988,1,1,0.0,True,0.19342640361727081,0.0,0.38685280723454163,0.0,0.43067655807339306,0.0,0.0,0.0
dependabot/dependabot-core,80498486fad371aa,0.17391304347826086,10,2,0.0,True,0.5,0.0,0.5,0.0,0.46533827903669656,0.0,0.3247431864798987,0.0
dependabot/dependabot-core,0a127d2f09d5f6fa,0.06060606060606061,0,0,0.0,False,,,,,,,,
dependabot/dependabot-core,3107de50e6383606,0.13664596273291926,8,1,0.0,True,0.38685280723454163,0.0,0.38685280723454163,0.0,0.40876468265396737,0.0,0.0,0.0
dependabot/dependabot-core,d63d76d0766d9faa,0.10526315789473684,0,0,0.0,False,,,,,,,,
dependabot/dependabot-core,75984d9f9e2b281e,0.075,6,4,0.0,True,0.061779221778013045,0.0,0.0,0.0,0.0,0.0,0.0,0.0
dependabot/dependabot-core,f380179d144af632,0.009900990099009901,8,4,0.0,True,0.6309297535714575,0.0,0.6309297535714575,0.0,0.6309297535714575,0.0,0.6309297535714575,0.0
dependabot/dependabot-core,eac65d72249cc047,0.2646766169154229,6,3,0.0,True,0.0,0.0,0.0,0.0,0.0,0.0,0.0,0.0
dependabot/dependabot-core,7c9af526bd774f3a,0.13784461152882205,0,0,0.0,False,,,,,,,,
dependabot/dependabot-core,3040e3ac729c838f,0.35733099209833186,5,0,1.0,False,,,,,,,,
dependabot/dependabot-core,f4781b2315ce8443,0.0710801393728223,6,2,0.0,True,0.23719771276929622,0.0,0.23719771276929622,0.0,0.2640681225725909,0.0,0.0,0.0
dependabot/dependabot-core,21aad41d711065e5,0.047619047619047616,4,3,0.0,True,0.6309297535714575,0.0,0.6309297535714575,0.0,0.6309297535714575,0.0,0.6309297535714575,0.0
dependabot/dependabot-core,5f66e87dd384c526,0.0,0,0,0.0,False,,,,,,,,
dependabot/dependabot-core,b829a28a0232bfbf,0.09649122807017543,5,3,0.0,True,0.38685280723454163,0.0,0.38685280723454163,0.0,0.43067655807339306,0.0,0.4087646826539674,0.0
dicedb/dicedb,a5deb5bfe15717e9,0.13740458015267176,0,0,0.0,False,,,,,,,,
dicedb/dicedb,c24f78b3519d7639,0.10354223433242507,0,0,0.0,False,,,,,,,,
dicedb/dicedb,3515437b9a1b5f34,0.10232558139534884,0,0,0.0,False,,,,,,,,
dicedb/dicedb,bb132d62ad3f3a5e,0.16570008285004142,3,1,0.0,True,0.0,0.0,0.0,0.0,0.0,0.0,0.0,0.0
dicedb/dicedb,2a07f9d5c228f52c,0.20974076983503534,0,0,0.0,False,,,,,,,,
dicedb/dicedb,50a5aed161e31641,0.3888888888888889,0,0,1.0,False,,,,,,,,
dicedb/dicedb,04047fb18e77fb28,0.12315112540192925,0,0,0.0,False,,,,,,,,
dicedb/dicedb,cc4f7bc6ba57ce05,0.3317422434367542,0,0,0.0,False,,,,,,,,
dicedb/dicedb,23098f8f0e0ae907,0.06060606060606061,0,0,0.0,False,,,,,,,,
dicedb/dicedb,66801c1dc81b98da,0.10702341137123746,0,0,0.0,False,,,,,,,,
dicedb/dicedb,18680f57f5d32607,0.19988412514484358,4,2,1.0,True,0.0,0.0,0.0,0.0,0.0,0.0,0.0,0.0
dicedb/dicedb,7fc7048ae55e1723,0.06371681415929203,1,0,0.0,False,,,,,,,,
dicedb/dicedb,b6c9fabd695691a6,0.3,0,0,0.0,False,,,,,,,,
dicedb/dicedb,d91cce1c6f5ed42c,0.1276595744680851,1,0,0.0,False,,,,,,,,
dicedb/dicedb,8e85d9823b5ddeb8,0.20526315789473684,0,0,0.0,False,,,,,,,,
dicedb/dicedb,10c36deb51c8cb8c,0.1817269076305221,1,0,0.0,False,,,,,,,,
dicedb/dicedb,03758477a5762fb3,0.4263959390862944,0,0,1.0,False,,,,,,,,
dicedb/dicedb,3f6891fec05432f4,0.2152619589977221,2,2,0.0,True,0.0,0.0,0.0,0.0,0.0,0.0,0.0,0.0
dicedb/dicedb,2a05ab307f9432d9,0.14783405913362366,2,0,0.0,False,,,,,,,,
dicedb/dicedb,dd9a6c95849b3649,0.029657477025898077,1,0,0.0,False,,,,,,,,
dicedb/dicedb,b95cee2ea24f3f42,0.06263498920086392,1,0,0.0,False,,,,,,,,
dicedb/dicedb,4bbdf3e8cafcbb33,0.06358381502890173,0,0,0.0,False,,,,,,,,
dicedb/dicedb,0e7e313bd59d431d,0.2073945696129405,3,0,0.0,False,,,,,,,,
dicedb/dicedb,46da724226abf213,0.05555555555555555,1,0,0.0,False,,,,,,,,
dicedb/dicedb,a15ab9c2644ba75b,0.131286394917946,1,0,0.0,False,,,,,,,,
discordjs/discord.js,61aca1e580425fbc,0.11363636363636363,0,0,0.0,False,,,,,,,,
discordjs/discord.js,164b81cce2094b49,0.10344827586206896,0,0,0.0,False,,,,,,,,
discordjs/discord.js,a814567559a5488e,0.09049773755656108,1,0,0.0,False,,,,,,,,
discordjs/discord.js,efb9bd4173ddd1d4,0.09345794392523364,0,0,0.0,False,,,,,,,,
discordjs/discord.js,b7b221539f62dcbc,0.06759443339960239,1,1,0.0,True,0.0,0.0,0.0,0.0,0.0,0.0,0.0,0.0
discordjs/discord.js,85f8b743e50813df,0.13157894736842105,0,0,0.0,False,,,,,,,,
discordjs/discord.js,4c566bf06a1765b2,0.047619047619047616,0,0,0.0,False,,,,,,,,
discordjs/discord.js,fdc6c4369104e846,0.05555555555555555,0,0,0.0,False,,,,,,,,
discordjs/discord.js,fb77a8a5567d8608,0.1111111111111111,0,0,0.0,False,,,,,,,,
discordjs/discord.js,67ed841ca8756597,0.0752212389380531,1,1,0.0,True,1.0,1.0,1.0,1.0,1.0,1.0,1.0,1.0
discordjs/discord.js,65306960e69ee19a,0.1956521739130435,0,0,0.0,False,,,,,,,,
discordjs/discord.js,75c9b938718461d3,0.05263157894736842,0,0,0.0,False,,,,,,,,
discordjs/discord.js,64b1eb0c4d3977ce,0.045454545454545456,0,0,0.0,False,,,,,,,,
discordjs/discord.js,cea4070218eb47cf,0.056818181818181816,0,0,0.0,False,,,,,,,,
discordjs/discord.js,e891fcc25dc8387d,0.08917197452229299,0,0,1.0,False,,,,,,,,
discordjs/discord.js,8fd6b42af9dde41e,0.06666666666666667,0,0,0.0,False,,,,,,,,
discordjs/discord.js,c20ab13123121992,0.09375,0,0,0.0,False,,,,,,,,
discordjs/discord.js,b5b24eefbec8ce86,0.14666666666666667,0,0,0.0,False,,,,,,,,
discordjs/discord.js,1b3657fd9fd8fbf5,0.058823529411764705,0,0,0.0,False,,,,,,,,
discordjs/discord.js,cbcdad45825f1f1c,0.09259259259259259,0,0,0.0,False,,,,,,,,
discordjs/discord.js,f039735a5e94c269,0.11450381679389313,0,0,0.0,False,,,,,,,,
discordjs/discord.js,4b2bbc328b5e8b75,0.061224489795918366,0,0,0.0,False,,,,,,,,
discordjs/discord.js,7cf61ded29bdd3c4,0.08333333333333333,0,0,0.0,False,,,,,,,,
discordjs/discord.js,fdcfbce743414df8,0.1076923076923077,0,0,0.0,False,,,,,,,,
discordjs/discord.js,89f5573975523dac,0.02631578947368421,1,1,0.0,True,1.0,1.0,1.0,1.0,0.5205354372149502,0.0,1.0,1.0
discourse/discourse,9038a8be96508c97,0.1282051282051282,1,1,0.0,True,1.0,1.0,1.0,1.0,1.0,1.0,1.0,1.0
discourse/discourse,65fe93ecc2ec95fa,0.3103448275862069,0,0,0.0,False,,,,,,,,
discourse/discourse,64decb46165820ab,0.13043478260869565,1,0,0.0,False,,,,,,,,
discourse/discourse,60b8ac193119151d,0.15384615384615385,0,0,0.0,False,,,,,,,,
discourse/discourse,2b2e6029fc62cdcf,0.22727272727272727,0,0,0.0,False,,,,,,,,
discourse/discourse,bb8bcb6ef2e13ab9,0.23955283470854405,38,30,1.0,True,0.17787217356839524,0.0,0.17787217356839524,0.0,0.17787217356839524,0.0,0.16449794288811498,0.0
discourse/discourse,130410686105f369,0.04081632653061224,1,0,0.0,False,,,,,,,,
discourse/discourse,cdcc0eabeb01a6c2,0.22594142259414227,15,10,0.0,True,0.5461894817257589,1.0,0.5461894817257589,1.0,0.5461894817257589,1.0,0.5461894817257589,1.0
discourse/discourse,5ffdd71a6293f2b6,0.07142857142857142,0,0,0.0,False,,,,,,,,
discourse/discourse,06be5dcce2cb41fb,0.3,0,0,0.0,False,,,,,,,,
discourse/discourse,e6d401afd991ec57,0.5357142857142857,1,1,1.0,True,1.0,1.0,1.0,1.0,1.0,1.0,0.6309297535714575,0.0
discourse/discourse,c0e99d259d5c489f,0.46153846153846156,1,1,1.0,True,1.0,1.0,0.6309297535714575,0.0,0.6309297535714575,0.0,0.6309297535714575,0.0
discourse/discourse,24b1f498230b8f3d,0.14285714285714285,0,0,0.0,False,,,,,,,,
discourse/discourse,4c0191dc227c8c0b,0.009708737864077669,1,1,0.0,True,0.5654648767857288,0.0,0.6309297535714575,0.0,0.6309297535714575,0.0,0.5654648767857288,0.0
discourse/discourse,81534b70eeaaa6e8,0.2153846153846154,2,1,0.0,True,0.0,0.0,0.38685280723454163,0.0,0.38685280723454163,0.0,0.38685280723454163,0.0
discourse/discourse,b2b8698ac55a7948,0.0,1,1,0.0,True,1.0,1.0,1.0,1.0,1.0,1.0,1.0,1.0
discourse/discourse,d99ffe6c65446c14,0.2608695652173913,0,0,0.0,False,,,,,,,,
discourse/discourse,e5ad5c0cb3656cd4,0.18181818181818182,0,0,0.0,False,,,,,,,,
discourse/discourse,3dc4c2555482f40d,0.24468085106382978,1,1,1.0,True,1.0,1.0,0.6309297535714575,0.0,0.6309297535714575,0.0,0.6309297535714575,0.0
discourse/discourse,66f33be1e8a8c4f5,0.2544642857142857,0,0,1.0,False,,,,,,,,
discourse/discourse,f6e5daf1b860c45a,0.18181818181818182,1,1,0.0,True,0.5654648767857288,0.0,0.5654648767857288,0.0,0.5654648767857288,0.0,0.5654648767857288,0.0
discourse/discourse,cddab9391f0f429d,0.25,0,0,0.0,False,,,,,,,,
discourse/discourse,0db8d2efd1470670,0.07317073170731707,3,1,0.0,True,0.6309297535714575,0.0,0.6309297535714575,0.0,0.6309297535714575,0.0,0.0,0.0
discourse/discourse,57359c5869a4a1d4,0.2857142857142857,1,1,0.0,True,0.40876468265396737,0.0,0.40876468265396737,0.0,0.43067655807339306,0.0,0.5,0.0
discourse/discourse,26525ee40e09ccba,0.463768115942029,1,1,0.0,True,0.6309297535714575,0.0,0.6309297535714575,0.0,0.6309297535714575,0.0,0.5,0.0
django-oscar/django-oscar,61e45c52d7e99374,0.3404255319148936,0,0,1.0,False,,,,,,,,
django-oscar/django-oscar,4456135553c68a0b,0.2647058823529412,0,0,0.0,False,,,,,,,,
django-oscar/django-oscar,7c8fe9353b33012e,0.3333333333333333,0,0,1.0,False,,,,,,,,
django-oscar/django-oscar,04d4eea5b483723b,0.16129032258064516,0,0,0.0,False,,,,,,,,
django-oscar/django-oscar,b03df937f9fe1f8c,0.1724137931034483,0,0,0.0,False,,,,,,,,
django-oscar/django-oscar,518b34c5b4d664e8,0.07272727272727272,0,0,0.0,False,,,,,,,,
django-oscar/django-oscar,a53d54b292fd1762,0.0,0,0,0.0,False,,,,,,,,
django-oscar/django-oscar,f32c8fbf149e7c61,0.759493670886076,0,0,1.0,False,,,,,,,,
django-oscar/django-oscar,d274d6f80d73cad7,0.4678362573099415,0,0,1.0,False,,,,,,,,
django-oscar/django-oscar,9277a1954279fa2e,0.25396825396825395,0,0,0.0,False,,,,,,,,
django-oscar/django-oscar,3fca2de86505087b,0.46551724137931033,0,0,1.0,False,,,,,,,,
django-oscar/django-oscar,e24ffd10c0e64a04,0.08333333333333333,0,0,0.0,False,,,,,,,,
django-oscar/django-oscar,26916ad44809b62d,0.15789473684210525,0,0,0.0,False,,,,,,,,
django-oscar/django-oscar,8f44fcc6adec00dd,0.24324324324324326,0,0,0.0,False,,,,,,,,
django-oscar/django-oscar,b8c2ded75990fe10,0.23809523809523808,0,0,0.0,False,,,,,,,,
django-oscar/django-oscar,31ec93d0ed507a17,0.3902439024390244,0,0,1.0,False,,,,,,,,
django-oscar/django-oscar,b713699bdaecd527,0.3333333333333333,0,0,1.0,False,,,,,,,,
django-oscar/django-oscar,79d398c43f931b38,0.22468354430379747,0,0,0.0,False,,,,,,,,
django-oscar/django-oscar,8c9d0b3527570def,1.0,0,0,1.0,False,,,,,,,,
django-oscar/django-oscar,120507f603babd2c,0.20634920634920634,0,0,0.0,False,,,,,,,,
django-oscar/django-oscar,96113bdc32800687,0.21052631578947367,0,0,0.0,False,,,,,,,,
django-oscar/django-oscar,15c6a0c8668463e3,0.4418604651162791,0,0,0.0,False,,,,,,,,
django-oscar/django-oscar,84aab7d50e65e2fd,0.1875,0,0,0.0,False,,,,,,,,
django-oscar/django-oscar,2c8ee7f7fa15e7de,0.38095238095238093,0,0,0.0,False,,,,,,,,
django-oscar/django-oscar,d0587f1be7ae89d2,0.06666666666666667,0,0,0.0,False,,,,,,,,
django/django,5892d2939640575b,0.10849056603773585,1,0,0.0,False,,,,,,,,
django/django,17736133d55782dd,0.42857142857142855,0,0,1.0,False,,,,,,,,
django/django,8f1c1cdd4a5130dc,0.3693181818181818,0,0,1.0,False,,,,,,,,
django/django,332aa89eb6d3de27,0.3020833333333333,1,0,1.0,False,,,,,,,,
django/django,ca500ab62d426639,0.005319148936170213,1,1,0.0,True,0.6309297535714575,0.0,0.6309297535714575,0.0,0.6309297535714575,0.0,0.6309297535714575,0.0
django/django,a92282c5e7b4edf5,0.2338403041825095,0,0,0.0,False,,,,,,,,
django/django,cc7c1fe69cbdb180,0.15384615384615385,0,0,0.0,False,,,,,,,,
django/django,d0d4eb1ff8d93e44,0.15151515151515152,0,0,0.0,False,,,,,,,,
django/django,71161bc745570f07,0.20146520146520147,0,0,0.0,False,,,,,,,,
django/django,9c51de80dd3e7297,0.6363636363636364,0,0,1.0,False,,,,,,,,
django/django,1c8b882c73bfda66,0.16779864163004396,14,8,1.0,True,0.0,0.0,0.0,0.0,0.0,0.0,0.0,0.0
django/django,584353f46f1f2a80,0.14444444444444443,4,1,0.0,True,0.0,0.0,0.0,0.0,0.0,0.0,0.0,0.0
django/django,e048b7dcd16653e3,0.04409171075837742,1,0,0.0,False,,,,,,,,
django/django,5b1c57a4d824c726,0.08333333333333333,0,0,0.0,False,,,,,,,,
django/django,ca6f8fc8c3ecc927,0.009708737864077669,3,0,0.0,False,,,,,,,,
django/django,12f716b50d0deef0,0.34946236559139787,0,0,1.0,False,,,,,,,,
django/django,f7c2236a46d670db,0.6590909090909091,0,0,1.0,False,,,,,,,,
django/django,440165a3f81b752a,0.6782006920415224,1,0,1.0,False,,,,,,,,
django/django,3fd16120fca44bdc,0.11353711790393013,1,0,0.0,False,,,,,,,,
django/django,2ba4df7561868965,0.16666666666666666,0,0,0.0,False,,,,,,,,
django/django,df82505a3ef48a99,0.06134969325153374,0,0,0.0,False,,,,,,,,
django/django,ad3486daf49a0018,0.5977859778597786,2,0,1.0,False,,,,,,,,
django/django,3da8a3261ec82a80,0.0967741935483871,1,0,0.0,False,,,,,,,,
django/django,3b5d2708ca112440,0.47058823529411764,0,0,0.0,False,,,,,,,,
django/django,dbc5b519389ee788,0.05660377358490566,0,0,0.0,False,,,,,,,,
dlt-hub/dlt,4c817291233a9029,0.08547008547008547,3,3,0.0,True,1.0,1.0,1.0,1.0,1.0,1.0,1.0,1.0
dlt-hub/dlt,8f8341e7bd32b4a4,0.11917098445595854,3,2,0.0,True,0.6309297535714575,0.0,0.6309297535714575,0.0,0.6309297535714575,0.0,0.6309297535714575,0.0
dlt-hub/dlt,94b298f3d1b42a27,0.03614457831325301,1,1,0.0,True,1.0,1.0,1.0,1.0,1.0,1.0,1.0,1.0
dlt-hub/dlt,1318279ffbe0489a,0.07526881720430108,0,0,0.0,False,,,,,,,,
dlt-hub/dlt,b5a4cced77b4252f,0.08436213991769548,11,6,0.0,True,1.0,1.0,1.0,1.0,1.0,1.0,1.0,1.0
dlt-hub/dlt,e548623fcdbccf81,0.05194805194805195,0,0,0.0,False,,,,,,,,
dlt-hub/dlt,7b1d9efec2b27af1,0.05647840531561462,10,3,0.0,True,0.7601875334318685,1.0,0.7601875334318685,1.0,0.7601875334318685,1.0,0.7601875334318685,1.0
dlt-hub/dlt,677766f90173dec5,0.14492753623188406,2,1,0.0,True,1.0,1.0,1.0,1.0,1.0,1.0,1.0,1.0
dlt-hub/dlt,f2395b28711517d3,0.0641025641025641,2,1,0.0,True,0.6309297535714575,0.0,0.6309297535714575,0.0,0.6309297535714575,0.0,0.6309297535714575,0.0
dlt-hub/dlt,0dfd619e92a23b19,0.07818930041152264,8,5,1.0,True,0.6309297535714575,0.0,0.6309297535714575,0.0,1.0,1.0,0.5,0.0
dlt-hub/dlt,fea8d77aac633e31,0.1,1,1,0.0,True,1.0,1.0,1.0,1.0,1.0,1.0,1.0,1.0
dlt-hub/dlt,2d6d3bbcfbfaf9ce,0.14814814814814814,1,0,0.0,False,,,,,,,,
dlt-hub/dlt,1f43bb54dbfd207f,0.04716981132075472,1,1,0.0,True,0.5,0.0,0.5,0.0,0.46533827903669656,0.0,0.5,0.0
dlt-hub/dlt,f336f2f6ccaa1b64,0.0,0,0,0.0,False,,,,,,,,
dlt-hub/dlt,875510adc10a4362,0.12121212121212122,4,4,0.0,True,0.944847956559586,1.0,0.944847956559586,1.0,0.944847956559586,1.0,0.9639404333166532,1.0
dlt-hub/dlt,380149b649b9ff20,0.26666666666666666,0,0,0.0,False,,,,,,,,
dlt-hub/dlt,ca2dc8f943a4daa3,0.028985507246376812,7,6,0.0,True,1.0,1.0,1.0,1.0,1.0,1.0,1.0,1.0
dlt-hub/dlt,082718fb2ac3457d,0.054945054945054944,2,0,0.0,False,,,,,,,,
dlt-hub/dlt,1c4dd9d630ad552a,0.0,0,0,0.0,False,,,,,,,,
dlt-hub/dlt,fed93630768aa39d,0.7777777777777778,2,2,1.0,True,0.5,0.0,0.5,0.0,0.5,0.0,1.0,1.0
dlt-hub/dlt,b9060360cc1b777a,0.012345679012345678,0,0,0.0,False,,,,,,,,
dlt-hub/dlt,2c1227dfffce8a5d,0.3473684210526316,0,0,0.0,False,,,,,,,,
dlt-hub/dlt,49813157e2e8375f,0.17054263565891473,1,0,0.0,False,,,,,,,,
dlt-hub/dlt,f37af1ce75e8088e,0.25,0,0,0.0,False,,,,,,,,
dlt-hub/dlt,4a715ecdbdd5a268,0.15625,2,1,0.0,True,0.6309297535714575,0.0,0.6309297535714575,0.0,0.6309297535714575,0.0,0.6309297535714575,0.0
dolphin-emu/dolphin,d1913e46525ba120,0.0673076923076923,1,0,0.0,False,,,,,,,,
dolphin-emu/dolphin,67e40ffbde4b39d3,0.4647887323943662,1,1,1.0,True,0.0,0.0,0.0,0.0,0.0,0.0,0.0,0.0
dolphin-emu/dolphin,92d15f3e471520da,0.3902439024390244,0,0,1.0,False,,,,,,,,
dolphin-emu/dolphin,9d9a1db1211feb84,0.5185185185185185,1,1,1.0,True,0.43067655807339306,0.0,0.5,0.0,0.6309297535714575,0.0,0.43067655807339306,0.0
dolphin-emu/dolphin,1c4aad304fc29dff,0.12653061224489795,1,0,0.0,False,,,,,,,,
dolphin-emu/dolphin,a73943499cfdb8f9,0.47843137254901963,1,0,1.0,False,,,,,,,,
dolphin-emu/dolphin,9f932d2166b549f9,0.5121951219512195,0,0,1.0,False,,,,,,,,
dolphin-emu/dolphin,a10bdfcf5f2fb1c7,0.6285714285714286,0,0,1.0,False,,,,,,,,
dolphin-emu/dolphin,f9855adccf400c69,0.4139072847682119,0,0,1.0,False,,,,,,,,
dolphin-emu/dolphin,ba8eb1a658fbab74,0.3879668049792531,1,0,1.0,False,,,,,,,,
dolphin-emu/dolphin,e22f0e741db7b7e7,0.4301369863013699,1,0,1.0,False,,,,,,,,
dolphin-emu/dolphin,d6be82f44eec9a3b,0.08727272727272728,1,0,0.0,False,,,,,,,,
dolphin-emu/dolphin,3a8d82132b667fd3,0.0639269406392694,1,0,0.0,False,,,,,,,,
dolphin-emu/dolphin,02b3cc77991839c5,0.3103448275862069,1,0,0.0,False,,,,,,,,
dolphin-emu/dolphin,2bd094692bcbca12,0.015873015873015872,5,4,0.0,True,0.0,0.0,0.0,0.0,0.0,0.0,0.0,0.0
dolphin-emu/dolphin,44940decd453c245,0.5454545454545454,0,0,1.0,False,,,,,,,,
dolphin-emu/dolphin,ae6b6d44c6dd096e,0.2,0,0,0.0,False,,,,,,,,
dolphin-emu/dolphin,6b4d658dde8c39c9,0.32514450867052025,1,0,0.0,False,,,,,,,,
dolphin-emu/dolphin,8fac5993fb74dfd6,0.0,0,0,0.0,False,,,,,,,,
dolphin-emu/dolphin,9e9e3131fec1705a,0.39043062200956935,4,2,1.0,True,0.5,0.0,0.5,0.0,0.6309297535714575,0.0,0.5,0.0
dolphin-emu/dolphin,f27a002265976792,0.6559139784946236,0,0,0.0,False,,,,,,,,
dolphin-emu/dolphin,395b6e66c724b47e,0.14173228346456693,1,0,1.0,False,,,,,,,,
dolphin-emu/dolphin,a486cc5576510239,0.36363636363636365,0,0,1.0,False,,,,,,,,
dolphin-emu/dolphin,20a210b91371d699,0.05555555555555555,2,1,0.0,True,0.5,0.0,0.5,0.0,0.5,0.0,0.5,0.0
dolphin-emu/dolphin,e74270f8ef435e90,0.2454212454212454,4,1,0.0,True,0.5,0.0,0.6309297535714575,0.0,0.6309297535714575,0.0,0.6309297535714575,0.0
domaindrivendev/Swashbuckle.AspNetCore,24fd0ca6f901a1b8,1.0,1,1,0.0,True,1.0,1.0,1.0,1.0,0.6309297535714575,0.0,1.0,1.0
domaindrivendev/Swashbuckle.AspNetCore,031e6e1e3670062d,0.75,0,0,1.0,False,,,,,,,,
domaindrivendev/Swashbuckle.AspNetCore,72e4cbb9af32aa68,0.4835164835164835,2,2,1.0,True,0.6966914986557728,1.0,0.6240505200038379,0.0,0.5054516636191897,0.0,0.43429234978840087,0.0
domaindrivendev/Swashbuckle.AspNetCore,7e84fd863f7d41bc,0.0,0,0,0.0,False,,,,,,,,
domaindrivendev/Swashbuckle.AspNetCore,576600fc419531c1,0.75,0,0,1.0,False,,,,,,,,
domaindrivendev/Swashbuckle.AspNetCore,018956cf8c6fbb4f,0.8470149253731343,2,1,0.0,True,1.0,1.0,1.0,1.0,1.0,1.0,1.0,1.0
domaindrivendev/Swashbuckle.AspNetCore,b075fefd1a773054,0.56,1,1,1.0,True,1.0,1.0,0.6309297535714575,0.0,0.6309297535714575,0.0,0.6309297535714575,0.0
domaindrivendev/Swashbuckle.AspNetCore,31d9fac2268445eb,0.7027027027027027,0,0,1.0,False,,,,,,,,
domaindrivendev/Swashbuckle.AspNetCore,c47c566af9a06ab5,0.6538461538461539,0,0,1.0,False,,,,,,,,
domaindrivendev/Swashbuckle.AspNetCore,f937a7b3517ee1d7,1.0,1,1,0.0,True,1.0,1.0,1.0,1.0,0.6309297535714575,0.0,1.0,1.0
domaindrivendev/Swashbuckle.AspNetCore,0efa4c605bffb4b0,0.46153846153846156,1,1,0.0,True,0.6309297535714575,0.0,0.6309297535714575,0.0,0.6309297535714575,0.0,0.6309297535714575,0.0
domaindrivendev/Swashbuckle.AspNetCore,d32a81c318259391,0.6,0,0,1.0,False,,,,,,,,
domaindrivendev/Swashbuckle.AspNetCore,7c65ad7564ae30d5,0.8395061728395061,0,0,1.0,False,,,,,,,,
domaindrivendev/Swashbuckle.AspNetCore,1f878e6f68eaefa9,0.5909090909090909,1,0,1.0,False,,,,,,,,
domaindrivendev/Swashbuckle.AspNetCore,28b1714be68e5517,0.9393939393939394,1,0,1.0,False,,,,,,,,
domaindrivendev/Swashbuckle.AspNetCore,292e0d5b7dee195b,0.5833333333333334,0,0,1.0,False,,,,,,,,
domaindrivendev/Swashbuckle.AspNetCore,f7cb0d2548a6fbe9,0.8655913978494624,5,1,0.0,True,1.0,1.0,1.0,1.0,1.0,1.0,1.0,1.0
domaindrivendev/Swashbuckle.AspNetCore,c849b501310bd3a1,0.5294117647058824,0,0,1.0,False,,,,,,,,
domaindrivendev/Swashbuckle.AspNetCore,70f99b840c9cfe44,0.75,0,0,1.0,False,,,,,,,,
domaindrivendev/Swashbuckle.AspNetCore,b5d3c4326b030411,0.42105263157894735,1,1,1.0,True,1.0,1.0,0.6309297535714575,0.0,0.6309297535714575,0.0,0.6309297535714575,0.0
domaindrivendev/Swashbuckle.AspNetCore,86b3ef0d66c95f4c,0.38461538461538464,1,1,0.0,True,0.6309297535714575,0.0,0.6309297535714575,0.0,0.6309297535714575,0.0,0.6309297535714575,0.0
domaindrivendev/Swashbuckle.AspNetCore,d55b70748aeb55cc,1.0,0,0,1.0,False,,,,,,,,
domaindrivendev/Swashbuckle.AspNetCore,e9c4bdfebdfc383f,0.5631067961165048,5,2,0.0,True,1.0,1.0,1.0,1.0,1.0,1.0,1.0,1.0
domaindrivendev/Swashbuckle.AspNetCore,987095f4c2d97782,0.35877862595419846,3,1,0.0,True,1.0,1.0,1.0,1.0,0.6309297535714575,0.0,1.0,1.0
domaindrivendev/Swashbuckle.AspNetCore,dee12bf272e90a5e,1.0,0,0,1.0,False,,,,,,,,
dotnet/aspnetcore,e77f46f9864c3223,0.36363636363636365,0,0,0.0,False,,,,,,,,
dotnet/aspnetcore,432df4562ad99515,0.5454545454545454,0,0,1.0,False,,,,,,,,
dotnet/aspnetcore,c64fcf1c3d1bfb6d,0.375,0,0,0.0,False,,,,,,,,
dotnet/aspnetcore,3e042086691613a9,0.6666666666666666,0,0,1.0,False,,,,,,,,
dotnet/aspnetcore,0e6f68a16e000ad4,0.7586206896551724,0,0,1.0,False,,,,,,,,
dotnet/aspnetcore,1feaa533d7a20856,0.13636363636363635,0,0,0.0,False,,,,,,,,
dotnet/aspnetcore,47b0514758670667,0.5735294117647058,0,0,1.0,False,,,,,,,,
dotnet/aspnetcore,1f2d1cb24606d5ad,0.53125,0,0,1.0,False,,,,,,,,
dotnet/aspnetcore,8e10519716d040cf,0.5294117647058824,0,0,0.0,False,,,,,,,,
dotnet/aspnetcore,00895862dbdfb71c,0.625531914893617,0,0,1.0,False,,,,,,,,
dotnet/aspnetcore,de5df416176b27dd,0.6557377049180327,0,0,1.0,False,,,,,,,,
dotnet/aspnetcore,ccf22ad07d3a8f95,0.6666666666666666,0,0,1.0,False,,,,,,,,
dotnet/aspnetcore,9e08320321a19d83,0.5652173913043478,0,0,1.0,False,,,,,,,,
dotnet/aspnetcore,9c4d9cfb22fa15b0,0.6884057971014492,0,0,1.0,False,,,,,,,,
dotnet/aspnetcore,a8d3e15852046686,0.69064039408867,2,1,1.0,True,0.38685280723454163,0.0,0.0,0.0,0.0,0.0,0.0,0.0
dotnet/aspnetcore,515c91aedd73dfb7,0.625,0,0,1.0,False,,,,,,,,
dotnet/aspnetcore,ab21004465f0f1a5,0.6511627906976745,0,0,1.0,False,,,,,,,,
dotnet/aspnetcore,f199ccb5d8583a3b,0.5757575757575758,0,0,1.0,False,,,,,,,,
dotnet/aspnetcore,6b38ff4669f0d236,0.6595401371520775,0,0,1.0,False,,,,,,,,
dotnet/aspnetcore,49ad2ca4b9c50f5a,0.6805555555555556,0,0,1.0,False,,,,,,,,
dotnet/aspnetcore,d2f9f88a41ba435b,0.8489483747609943,0,0,1.0,False,,,,,,,,
dotnet/aspnetcore,982a53c36ec4da71,0.6825396825396826,0,0,1.0,False,,,,,,,,
dotnet/aspnetcore,b71719933924efd3,0.3333333333333333,0,0,1.0,False,,,,,,,,
dotnet/aspnetcore,4b0e7dc4ea31ffe8,0.75,0,0,1.0,False,,,,,,,,
dotnet/aspnetcore,96713f943e1e99d7,0.7011494252873564,0,0,1.0,False,,,,,,,,
dotnet/msbuild,0df3e8bb014308c6,0.05732484076433121,0,0,0.0,False,,,,,,,,
dotnet/msbuild,ad46ffb050aaa506,0.02112676056338028,0,0,0.0,False,,,,,,,,
dotnet/msbuild,08749e8131277273,0.003861003861003861,1,0,0.0,False,,,,,,,,
dotnet/msbuild,670154276685f1ec,0.014657980456026058,16,6,0.0,True,0.0,0.0,0.0,0.0,0.0,0.0,0.0,0.0
dotnet/msbuild,564f9d3a27b0d083,0.0036101083032490976,4,0,0.0,False,,,,,,,,
dotnet/msbuild,716de37af1e2a571,0.03424657534246575,2,0,0.0,False,,,,,,,,
dotnet/msbuild,664c3e589f3ab9c7,0.029556650246305417,0,0,0.0,False,,,,,,,,
dotnet/msbuild,a1fd85e912bd49fe,0.065,6,0,0.0,False,,,,,,,,
dotnet/msbuild,5d06cb2b3c6992bb,0.043478260869565216,1,0,0.0,False,,,,,,,,
dotnet/msbuild,85f602b4f79b38d3,0.005376344086021506,1,0,0.0,False,,,,,,,,
dotnet/msbuild,801bd62755628f93,0.0078125,1,0,0.0,False,,,,,,,,
dotnet/msbuild,2da4139f7b0ecd11,0.0111731843575419,1,0,0.0,False,,,,,,,,
dotnet/msbuild,b10173132c6392ca,0.024096385542168676,0,0,0.0,False,,,,,,,,
dotnet/msbuild,71139e22d8ab8c21,0.027164685908319185,9,1,0.0,True,0.6309297535714575,0.0,0.6309297535714575,0.0,0.6309297535714575,0.0,0.6309297535714575,0.0
dotnet/msbuild,8f600a0e798e3cbd,0.046153846153846156,0,0,0.0,False,,,,,,,,
dotnet/msbuild,3690b6be63e3d1e8,0.0024390243902439024,2,0,0.0,False,,,,,,,,
dotnet/msbuild,60111c9240fc2564,0.021739130434782608,0,0,0.0,False,,,,,,,,
dotnet/msbuild,ec858f7f9b9988c8,0.00392156862745098,1,0,0.0,False,,,,,,,,
dotnet/msbuild,f051a37814ab8e6e,0.04,0,0,0.0,False,,,,,,,,
dotnet/msbuild,1c165f2f04df958c,0.028400597907324365,4,0,0.0,False,,,,,,,,
dotnet/msbuild,cff36dbb7343bf76,0.010662604722010662,5,0,0.0,False,,,,,,,,
dotnet/msbuild,72b224af9a8c3585,0.006289308176100629,0,0,0.0,False,,,,,,,,
dotnet/msbuild,daec0ccd1a71b5ec,0.06060606060606061,1,0,0.0,False,,,,,,,,
dotnet/msbuild,9201477beed05d61,0.004830917874396135,1,0,0.0,False,,,,,,,,
dotnet/msbuild,3ace29488e6b28fe,0.008620689655172414,6,0,0.0,False,,,,,,,,
elastic/elasticsearch,767e6309b6bae147,0.07201086956521739,5,3,0.0,True,0.0,0.0,0.0,0.0,0.0,0.0,0.0,0.0
elastic/elasticsearch,72f6822f91a8603e,0.018518518518518517,0,0,0.0,False,,,,,,,,
elastic/elasticsearch,9cc3e0fe2a76daff,0.009478672985781991,1,1,0.0,True,0.27250978843597823,0.0,0.27250978843597823,0.0,0.0,0.0,0.0,0.0
elastic/elasticsearch,2188233b6b130ba6,0.15748031496062992,0,0,0.0,False,,,,,,,,
elastic/elasticsearch,ec65db3762d51509,0.14594594594594595,0,0,0.0,False,,,,,,,,
elastic/elasticsearch,171e4959abb243d4,0.2735621072982117,15,3,1.0,True,0.0,0.0,0.0,0.0,0.0,0.0,0.0,0.0
elastic/elasticsearch,e2c5f7cd1734af36,0.2682926829268293,0,0,1.0,False,,,,,,,,
elastic/elasticsearch,9cd334a5951d5e4c,0.005571030640668524,1,0,0.0,False,,,,,,,,
elastic/elasticsearch,571e9dba59822515,0.0,4,0,0.0,False,,,,,,,,
elastic/elasticsearch,054486caa73cba3b,0.5,0,0,1.0,False,,,,,,,,
elastic/elasticsearch,1297b9a8f482a598,0.03260869565217391,0,0,0.0,False,,,,,,,,
elastic/elasticsearch,fc3579742a4a3334,0.020833333333333332,0,0,0.0,False,,,,,,,,
elastic/elasticsearch,f48637c7556f11ff,0.0,0,0,0.0,False,,,,,,,,
elastic/elasticsearch,c57622af099d13dc,0.013157894736842105,0,0,0.0,False,,,,,,,,
elastic/elasticsearch,beed68ca126422d3,0.01,0,0,0.0,False,,,,,,,,
elastic/elasticsearch,6ad6c844723fb8aa,0.15942028985507245,0,0,0.0,False,,,,,,,,
elastic/elasticsearch,c22f588420ffb366,0.0,0,0,0.0,False,,,,,,,,
elastic/elasticsearch,eef149ad9b0e2187,0.11428571428571428,0,0,0.0,False,,,,,,,,
elastic/elasticsearch,a7fcf27c3026102b,0.11711711711711711,0,0,0.0,False,,,,,,,,
elastic/elasticsearch,630bdeadcfc44bbd,0.13690476190476192,0,0,0.0,False,,,,,,,,
elastic/elasticsearch,96ef1b3ce9a413a8,0.013771186440677966,0,0,0.0,False,,,,,,,,
elastic/elasticsearch,54928457db988e16,0.18469656992084432,0,0,0.0,False,,,,,,,,
elastic/elasticsearch,be3c8f88b0d8a668,0.01893939393939394,0,0,0.0,False,,,,,,,,
elastic/elasticsearch,a71fa220b759f9ad,0.058823529411764705,0,0,0.0,False,,,,,,,,
elastic/elasticsearch,508f19d267656f87,0.06722689075630252,0,0,0.0,False,,,,,,,,
electron/electron,a630da12703d94e3,0.0,0,0,0.0,False,,,,,,,,
electron/electron,5649aa4720f65210,0.00881057268722467,4,2,0.0,True,0.0,0.0,0.0,0.0,0.0,0.0,0.0,0.0
electron/electron,4a1c264466abb5fa,0.03571428571428571,4,3,0.0,True,0.3273949503887395,0.0,0.38009376671593426,0.0,0.38009376671593426,0.0,0.38009376671593426,0.0
electron/electron,7570fcb42e65c93c,0.06074766355140187,15,6,0.0,True,0.3734474506451957,0.0,0.3734474506451957,0.0,0.411145570266232,0.0,0.33574933102415944,0.0
electron/electron,a5ba43bc4b4ffbbf,0.027777777777777776,3,2,0.0,True,0.0,0.0,0.0,0.0,0.0,0.0,0.0,0.0
electron/electron,49df12cd58a120d4,0.00546448087431694,6,6,0.0,True,0.3901179022730437,0.0,0.3065735963827292,0.0,0.3065735963827292,0.0,0.3658730245750533,0.0
electron/electron,4299c516933afbb1,0.0,1,0,0.0,False,,,,,,,,
electron/electron,ea2584454778fd33,0.03636363636363636,1,0,0.0,False,,,,,,,,
electron/electron,8d9ec0e66f8ec5f0,0.38095238095238093,2,0,1.0,False,,,,,,,,
electron/electron,301a775b239713c3,0.16806722689075632,1,1,0.0,True,0.0,0.0,0.0,0.0,0.0,0.0,0.0,0.0
electron/electron,293e9c61496bad8d,0.027522935779816515,1,1,0.0,True,0.3293823413269837,0.0,0.5654648767857288,0.0,0.5654648767857288,0.0,0.20438234132698369,0.0
electron/electron,1ed488b298f17385,0.05084745762711865,2,1,0.0,True,1.0,1.0,1.0,1.0,1.0,1.0,1.0,1.0
electron/electron,eb2063dfe87f7fcd,0.07142857142857142,0,0,0.0,False,,,,,,,,
electron/electron,d1587e77ba6ac2a7,0.0,7,5,0.0,True,0.10283552761606227,0.0,0.10283552761606227,0.0,0.10283552761606227,0.0,0.10283552761606227,0.0
electron/electron,bc1527f770e0b3a8,0.03571428571428571,2,1,0.0,True,0.5,0.0,0.5,0.0,0.46533827903669656,0.0,0.5,0.0
electron/electron,c9a41b0e5161ed07,0.21710526315789475,9,7,0.0,True,0.5037878547512562,0.0,0.5037878547512562,0.0,0.6511363564253768,0.5,0.5037878547512562,0.0
electron/electron,73003373d7beb99c,0.4418604651162791,1,0,1.0,False,,,,,,,,
electron/electron,22d2edd4226831a8,0.010582010582010581,6,4,0.0,True,0.22147619339791252,0.0,0.22147619339791252,0.0,0.15969697161989949,0.0,0.28325541517592556,0.0
electron/electron,a52c29998b42e823,0.6666666666666666,0,0,1.0,False,,,,,,,,
electron/electron,16e4cf9ea8ff5129,0.0,0,0,0.0,False,,,,,,,,
electron/electron,acf116449d65ef87,0.008602150537634409,4,3,0.0,True,0.0,0.0,0.0,0.0,0.07352017033320507,0.0,0.0,0.0
electron/electron,9e6e76b31b647f27,0.014084507042253521,4,2,0.0,True,0.2640681225725909,0.0,0.2640681225725909,0.0,0.2640681225725909,0.0,0.2640681225725909,0.0
electron/electron,252462b48b3b0574,0.0014104372355430183,9,8,0.0,True,0.3269813480006573,0.0,0.3269813480006573,0.0,0.3269813480006573,0.0,0.3269813480006573,0.0
electron/electron,08c5d2116306ca43,0.03314917127071823,53,47,1.0,True,0.4001173353637351,0.0,0.4001173353637351,0.0,0.4001173353637351,0.0,0.6341709724399911,1.0
electron/electron,735251eaf48aca01,0.0,3,2,0.0,True,0.43067655807339306,0.0,0.43067655807339306,0.0,0.43067655807339306,0.0,0.43067655807339306,0.0
electron/forge,84c82c56bae20e05,0.08333333333333333,1,0,0.0,False,,,,,,,,
electron/forge,8f98be3fb02e3ef4,0.12931034482758622,6,5,0.0,True,0.6309297535714575,0.0,0.6309297535714575,0.0,0.6309297535714575,0.0,0.6309297535714575,0.0
electron/forge,badcf24d0ea5bbd2,0.27586206896551724,3,3,1.0,True,1.0,1.0,1.0,1.0,1.0,1.0,0.27250978843597823,0.0
electron/forge,ccbaec3872601d05,0.2857142857142857,1,1,0.0,True,0.5654648767857288,0.0,0.6309297535714575,0.0,0.6309297535714575,0.0,0.38685280723454163,0.0
electron/forge,b25ad7cb20c2c717,0.3389830508474576,3,3,0.0,True,1.0,1.0,1.0,1.0,1.0,1.0,1.0,1.0
electron/forge,e7a3eb9e63a853fc,0.2939297124600639,7,6,0.0,True,1.0,1.0,1.0,1.0,1.0,1.0,0.9197207891481876,1.0
electron/forge,43a01a2eda126a27,0.2976190476190476,6,6,0.0,True,0.7378264247076022,0.0,0.9883740555022539,1.0,0.9767481110045078,1.0,0.3493440877749694,0.0
electron/forge,1439098f025dd714,0.15833333333333333,4,4,0.0,True,0.6309297535714575,0.0,0.6309297535714575,0.0,0.6309297535714575,0.0,0.6309297535714575,0.0
electron/forge,706470a5f61dcac8,0.4311377245508982,2,0,0.0,False,,,,,,,,
electron/forge,5de2a2821c0e25fc,0.19047619047619047,0,0,0.0,False,,,,,,,,
electron/forge,41b3ca2f6e250be8,0.14285714285714285,1,1,0.0,True,0.5,0.0,0.43067655807339306,0.0,0.43067655807339306,0.0,0.4391764551026449,0.0
electron/forge,2a475e6a33c55f1f,0.09482758620689655,1,0,0.0,False,,,,,,,,
electron/forge,d1d8524b16d69b5d,0.1412556053811659,10,9,0.0,True,0.9303909392028853,1.0,0.9303909392028853,1.0,0.9303909392028853,1.0,0.9303909392028853,1.0
electron/forge,6a0f39d5ad07b294,0.20353982300884957,5,3,0.0,True,0.6309297535714575,0.0,0.6309297535714575,0.0,0.6309297535714575,0.0,0.5,0.0
electron/forge,b1e56d2fee0dfa6e,0.28,1,1,0.0,True,1.0,1.0,1.0,1.0,1.0,1.0,1.0,1.0
electron/forge,c80dbaaaf489c64b,0.10810810810810811,1,1,0.0,True,0.6309297535714575,0.0,0.6309297535714575,0.0,0.6309297535714575,0.0,0.6309297535714575,0.0
electron/forge,23371acb3864808e,0.16216216216216217,0,0,0.0,False,,,,,,,,
electron/forge,74792a5e1660b104,0.010869565217391304,2,1,0.0,True,1.0,1.0,1.0,1.0,1.0,1.0,1.0,1.0
electron/forge,b57584943435c61a,0.39959016393442626,5,3,1.0,True,1.0,1.0,1.0,1.0,1.0,1.0,0.43067655807339306,0.0
electron/forge,20031f47a5ff390c,0.0,0,0,0.0,False,,,,,,,,
electron/forge,ac56fd72dae12935,0.36363636363636365,5,4,0.0,True,1.0,1.0,1.0,1.0,1.0,1.0,1.0,1.0
electron/forge,b803fcb7f17ed923,0.0,21,12,0.0,True,1.0,1.0,1.0,1.0,1.0,1.0,1.0,1.0
electron/forge,05bb6eaba4899864,0.04878048780487805,1,1,0.0,True,0.6309297535714575,0.0,0.6309297535714575,0.0,0.6309297535714575,0.0,0.6309297535714575,0.0
electron/forge,c6b098646bf32c64,0.023255813953488372,0,0,0.0,False,,,,,,,,
electron/forge,f27a054d91791977,0.2,1,1,0.0,True,0.5,0.0,0.5,0.0,0.5,0.0,0.5654648767857288,0.0
element-hq/element-web,be709f97b53bf284,0.024096385542168676,1,1,0.0,True,0.0644754678724236,0.0,0.0644754678724236,0.0,0.0644754678724236,0.0,0.13625489421798911,0.0
element-hq/element-web,e6c6b9b885981ff4,0.047619047619047616,1,1,0.0,True,1.0,1.0,1.0,1.0,1.0,1.0,1.0,1.0
element-hq/element-web,20ffb1ceb9655601,0.1111111111111111,1,1,0.0,True,0.27250978843597823,0.0,0.27250978843597823,0.0,0.27250978843597823,0.0,0.4391764551026449,0.0
element-hq/element-web,1f693496f32ed3d0,0.019801980198019802,3,1,0.0,True,1.0,1.0,1.0,1.0,1.0,1.0,1.0,1.0
element-hq/element-web,bd0f2e218d5a408d,0.06390977443609022,4,3,0.0,True,0.9502344167898356,1.0,0.9502344167898356,1.0,0.9238850086262381,1.0,1.0,1.0
element-hq/element-web,b74dfc5707b3ea2e,0.38461538461538464,2,0,0.0,False,,,,,,,,
element-hq/element-web,3c6d67c25eff2649,0.25862068965517243,1,1,0.0,True,1.0,1.0,1.0,1.0,1.0,1.0,1.0,1.0
element-hq/element-web,12b16cedbd2a1635,0.0380952380952381,1,1,0.0,True,0.46533827903669656,0.0,0.5,0.0,0.5,0.0,0.43067655807339306,0.0
element-hq/element-web,5daff7ee7b92b7b1,0.21621621621621623,1,1,0.0,True,0.5654648767857288,0.0,0.6309297535714575,0.0,0.6309297535714575,0.0,0.6309297535714575,0.0
element-hq/element-web,58fb34f963968c49,0.01929260450160772,1,1,0.0,True,0.6309297535714575,0.0,0.43067655807339306,0.0,0.43067655807339306,0.0,0.6309297535714575,0.0
element-hq/element-web,c590991289d14650,0.18571428571428572,2,2,0.0,True,0.6309297535714575,0.0,0.6309297535714575,0.0,0.6309297535714575,0.0,0.6309297535714575,0.0
element-hq/element-web,004a935b2cea0a2c,0.3392857142857143,2,1,1.0,True,0.5,0.0,0.6309297535714575,0.0,0.6309297535714575,0.0,0.6309297535714575,0.0
element-hq/element-web,81517a9e3cdecb5b,0.3723404255319149,1,1,0.0,True,0.46533827903669656,0.0,0.4391764551026449,0.0,0.43067655807339306,0.0,0.6309297535714575,0.0
element-hq/element-web,6c75710672e60be5,0.018518518518518517,1,1,0.0,True,1.0,1.0,1.0,1.0,1.0,1.0,1.0,1.0
element-hq/element-web,7c1ff21e69b51956,0.011235955056179775,4,4,0.0,True,1.0,1.0,1.0,1.0,1.0,1.0,1.0,1.0
element-hq/element-web,abbc9c42f3a326c8,0.024096385542168676,2,1,0.0,True,0.6309297535714575,0.0,0.6309297535714575,0.0,0.6309297535714575,0.0,0.6309297535714575,0.0
element-hq/element-web,aaa7d8a47bad59d5,0.3387096774193548,4,3,0.0,True,1.0,1.0,1.0,1.0,1.0,1.0,1.0,1.0
element-hq/element-web,897453f7dbe3f739,0.04040404040404041,1,1,0.0,True,0.38685280723454163,0.0,0.38685280723454163,0.0,0.38685280723454163,0.0,0.43067655807339306,0.0
element-hq/element-web,5675b83914acfe86,0.09,2,2,0.0,True,0.9598603945740939,1.0,1.0,1.0,0.9197207891481876,1.0,1.0,1.0
element-hq/element-web,833fb46e61b76d59,0.29310344827586204,1,1,1.0,True,0.6309297535714575,0.0,1.0,1.0,0.8154648767857288,0.5,0.6309297535714575,0.0
element-hq/element-web,d178c0b2385bf856,0.056910569105691054,1,1,0.0,True,0.6309297535714575,0.0,0.6309297535714575,0.0,0.6309297535714575,0.0,0.6309297535714575,0.0
element-hq/element-web,d216f9ac3e77b63c,0.015625,2,1,0.0,True,0.19342640361727081,0.0,0.19342640361727081,0.0,0.19342640361727081,0.0,0.19342640361727081,0.0
element-hq/element-web,681c1ef0d2c20e22,0.03125,3,3,0.0,True,1.0,1.0,1.0,1.0,1.0,1.0,1.0,1.0
element-hq/element-web,e5ad24c78647d09c,0.047619047619047616,2,2,0.0,True,0.3467132018086354,0.0,0.38685280723454163,0.0,0.8503449055347546,1.0,0.3467132018086354,0.0
element-hq/element-web,454f7f431b8bcf5c,0.08783783783783784,4,1,0.0,True,0.6309297535714575,0.0,0.6309297535714575,0.0,0.6309297535714575,0.0,0.6309297535714575,0.0
emacs-lsp/lsp-mode,9eaba4c9b84dbb85,0.05555555555555555,0,0,0.0,False,,,,,,,,
emacs-lsp/lsp-mode,d1b3fa4736384067,0.47345132743362833,1,1,1.0,True,1.0,1.0,1.0,1.0,1.0,1.0,0.43067655807339306,0.0
emacs-lsp/lsp-mode,b30d0528c8ebfa79,0.0,4,1,0.0,True,0.0,0.0,0.0,0.0,0.0,0.0,0.0,0.0
emacs-lsp/lsp-mode,d60613dfcaf3abac,0.008522727272727272,10,3,0.0,True,0.0,0.0,0.0,0.0,0.0,0.0,0.0,0.0
emacs-lsp/lsp-mode,9e032446f192f5d2,0.0007142857142857143,18,4,0.0,True,0.46262906960053385,0.0,0.47662611018851303,0.0,0.20151514190050246,0.0,0.46262906960053385,0.0
emacs-lsp/lsp-mode,a8a415fb047cb290,0.0,2,1,0.0,True,0.0,0.0,0.19342640361727081,0.0,0.0,0.0,0.0,0.0
emacs-lsp/lsp-mode,98d0f806abc9af24,0.007326007326007326,16,4,0.0,True,0.4030302838010049,0.0,0.4030302838010049,0.0,0.4030302838010049,0.0,0.4030302838010049,0.0
emacs-lsp/lsp-mode,bd7ba86e18f7c89c,0.02088167053364269,50,18,0.0,True,0.11325140109902082,0.0,0.11325140109902082,0.0,0.11325140109902082,0.0,0.11325140109902082,0.0
emacs-lsp/lsp-mode,d1c03bcd1ccd0772,0.0,3,2,0.0,True,0.0,0.0,0.0,0.0,0.0,0.0,0.0,0.0
emacs-lsp/lsp-mode,16d5ab5f7c55ba88,0.004531722054380665,1,0,0.0,False,,,,,,,,
emacs-lsp/lsp-mode,38ee7c1baa03551f,0.015151515151515152,1,0,0.0,False,,,,,,,,
emacs-lsp/lsp-mode,399076a2a496cea0,0.0,0,0,0.0,False,,,,,,,,
emscripten-core/emscripten,9610193a256ebc41,0.02197802197802198,0,0,0.0,False,,,,,,,,
emscripten-core/emscripten,3ee78d5438cf9e45,0.4418604651162791,0,0,0.0,False,,,,,,,,
emscripten-core/emscripten,2963d75b4d65463f,0.0089736399326977,25,15,0.0,True,0.3720000785943664,0.0,0.3720000785943664,0.0,0.3720000785943664,0.0,0.3720000785943664,0.0
emscripten-core/emscripten,e3b65f99ed64c1d0,0.46511627906976744,0,0,0.0,False,,,,,,,,
emscripten-core/emscripten,04a3e8efd9d8047e,0.0,1,0,0.0,False,,,,,,,,
emscripten-core/emscripten,f63c441972f704a6,0.0,0,0,0.0,False,,,,,,,,
emscripten-core/emscripten,73ab65808e3030c7,0.012244897959183673,1,0,0.0,False,,,,,,,,
emscripten-core/emscripten,42294290097bf943,0.0,1,0,0.0,False,,,,,,,,
emscripten-core/emscripten,4f17b70f0c608229,0.2120253164556962,9,1,0.0,True,0.0,0.0,0.0,0.0,0.0,0.0,0.0,0.0
emscripten-core/emscripten,598d3a6c1ecc0665,0.0031847133757961785,3,0,0.0,False,,,,,,,,
emscripten-core/emscripten,2fbeb17c39017cc9,0.015151515151515152,0,0,0.0,False,,,,,,,,
emscripten-core/emscripten,f0c5407cc2a8e1f8,0.17857142857142858,0,0,0.0,False,,,,,,,,
emscripten-core/emscripten,822a9a2a182867bb,0.6152046783625731,3,1,1.0,True,0.0,0.0,0.0,0.0,0.0,0.0,0.0,0.0
emscripten-core/emscripten,c08101d27dfedd07,0.21430904933028422,0,0,0.0,False,,,,,,,,
emscripten-core/emscripten,bcf4e5db7b9154b3,0.005,2,0,0.0,False,,,,,,,,
emscripten-core/emscripten,a4d0f5b7399c8f2c,0.4788235294117647,8,6,1.0,True,0.7350069851388743,0.0,0.2437195847468319,0.0,0.0,0.0,0.31500299363094614,0.0
emscripten-core/emscripten,69ac4fabcec899d9,0.05410821643286573,0,0,0.0,False,,,,,,,,
emscripten-core/emscripten,e874b8e3fe2a7d01,0.01674641148325359,1,1,0.0,True,0.6309297535714575,0.0,0.6309297535714575,0.0,0.6309297535714575,0.0,0.6309297535714575,0.0
emscripten-core/emscripten,5190f55f449246db,0.0,0,0,0.0,False,,,,,,,,
emscripten-core/emscripten,35815902f11e4f61,0.04285714285714286,0,0,0.0,False,,,,,,,,
emscripten-core/emscripten,faaab610d1a4c3c3,0.7368932038834951,9,5,1.0,True,0.7002755876478819,0.0,0.3631143808977028,0.0,0.45676225929604214,0.0,0.45819933371608,0.0
emscripten-core/emscripten,18a7f50dbe4d3a0b,0.005780346820809248,0,0,0.0,False,,,,,,,,
emscripten-core/emscripten,f6802b0878404027,0.05747126436781609,4,4,0.0,True,0.4382444959756785,0.0,0.4382444959756785,0.0,0.11861329943102608,0.0,0.4382444959756785,0.0
emscripten-core/emscripten,e35c6e28f5fe28b0,0.1377551020408163,0,0,0.0,False,,,,,,,,
emscripten-core/emscripten,2b65e4c5dfe8f153,0.0,0,0,0.0,False,,,,,,,,
enso-org/enso,6d044c32fc7f5a8e,0.7,0,0,0.0,False,,,,,,,,
enso-org/enso,6794524a00f3078d,0.5528455284552846,0,0,1.0,False,,,,,,,,
enso-org/enso,7abf5406e8962e93,0.6724832214765101,10,10,0.0,True,0.6265547743497717,1.0,0.44707266036014115,1.0,0.44707266036014115,1.0,0.5623735361588981,1.0
enso-org/enso,e361a34b687e5061,0.58,2,0,1.0,False,,,,,,,,
enso-org/enso,3658ca8ad2a15967,0.0,1,0,0.0,False,,,,,,,,
enso-org/enso,e5f5010605508009,0.8935483870967742,2,1,1.0,True,0.38685280723454163,0.0,0.0,0.0,0.0,0.0,0.0,0.0
enso-org/enso,c881002d410377af,0.15,1,0,0.0,False,,,,,,,,
enso-org/enso,2c283d2b06be7aa8,0.35714285714285715,0,0,1.0,False,,,,,,,,
enso-org/enso,4ac6f9933d907f31,0.4107142857142857,2,1,1.0,True,1.0,1.0,0.6309297535714575,0.0,0.6309297535714575,0.0,0.6309297535714575,0.0
enso-org/enso,603d286aad405997,0.5945945945945946,1,0,0.0,False,,,,,,,,
enso-org/enso,9865e65b8a3e84bb,0.7230046948356808,0,0,1.0,False,,,,,,,,
enso-org/enso,fc43cec5dd835556,0.3125,0,0,0.0,False,,,,,,,,
enso-org/enso,d91ce350bdabbf85,0.46153846153846156,0,0,1.0,False,,,,,,,,
enso-org/enso,02b46bdb32de2ef1,0.6046511627906976,0,0,1.0,False,,,,,,,,
enso-org/enso,a3213d44b73ec3d3,0.5185185185185185,0,0,1.0,False,,,,,,,,
enso-org/enso,ec2879408e0c8b1b,0.2222222222222222,1,0,0.0,False,,,,,,,,
enso-org/enso,7b8c8a74036159eb,0.41025641025641024,2,0,0.0,False,,,,,,,,
enso-org/enso,b0d2e77644e7f084,0.5176991150442478,1,0,1.0,False,,,,,,,,
enso-org/enso,43cd38815aec6f6d,0.0784313725490196,1,0,0.0,False,,,,,,,,
enso-org/enso,bed5cea6575fc66c,0.9459459459459459,1,0,1.0,False,,,,,,,,
enso-org/enso,8b4687ca4ed5452d,0.10714285714285714,2,0,0.0,False,,,,,,,,
enso-org/enso,01f31c7e94b27b01,0.37168141592920356,6,6,0.0,True,0.38168479405610195,0.0,0.21000199575396408,0.0,0.21000199575396408,0.0,0.21000199575396408,0.0
enso-org/enso,7831e52fa6645388,0.14285714285714285,0,0,0.0,False,,,,,,,,
enso-org/enso,92bcfc52046b8583,0.6578947368421053,1,0,0.0,False,,,,,,,,
enso-org/enso,b25f52e68f931915,0.23394495412844038,7,6,0.0,True,0.7350069851388743,0.0,0.6913328016675098,0.0,0.6913328016675098,0.0,0.6913328016675098,0.0
eslint/eslint,45d40ddf01d18905,0.4117647058823529,0,0,0.0,False,,,,,,,,
eslint/eslint,aa36ca8e9350788e,0.75,1,0,1.0,False,,,,,,,,
eslint/eslint,c65c22b7ef5ce793,0.909706546275395,2,1,1.0,True,0.6309297535714575,0.0,1.0,1.0,1.0,1.0,1.0,1.0
eslint/eslint,530a0e775cae0897,0.8947368421052632,3,0,1.0,False,,,,,,,,
eslint/eslint,891c5261db14a885,0.7695852534562212,0,0,1.0,False,,,,,,,,
eslint/eslint,03f029ac68b983bb,0.8173913043478261,0,0,1.0,False,,,,,,,,
eslint/eslint,87858d7a80f46ad9,0.9393139841688655,1,0,1.0,False,,,,,,,,
eslint/eslint,896389246cfee182,0.7333333333333333,1,0,1.0,False,,,,,,,,
eslint/eslint,ce08f18518db2ec1,0.5333333333333333,0,0,1.0,False,,,,,,,,
eslint/eslint,1188982e4e58308d,0.47619047619047616,3,1,1.0,True,0.0,0.0,0.0,0.0,0.0,0.0,0.0,0.0
eslint/eslint,4f2405d2c9c9b729,1.0,0,0,1.0,False,,,,,,,,
eslint/eslint,6104d0b50aee8c04,0.9292929292929293,1,0,1.0,False,,,,,,,,
eslint/eslint,b2eb02fd98d83dc7,0.9498525073746312,0,0,1.0,False,,,,,,,,
eslint/eslint,d46d32957ba664c4,0.7670588235294118,2,0,1.0,False,,,,,,,,
eslint/eslint,6b7b9be747f02370,0.7903225806451613,0,0,1.0,False,,,,,,,,
eslint/eslint,cf722edaad1fe08a,0.6746987951807228,0,0,1.0,False,,,,,,,,
eslint/eslint,068df6637a40453b,0.16666666666666666,0,0,0.0,False,,,,,,,,
eslint/eslint,f8ca4e115377d842,0.3,1,0,0.0,False,,,,,,,,
eslint/eslint,cd7ecfc43bc450d5,0.7307692307692307,0,0,1.0,False,,,,,,,,
eslint/eslint,acc4714549a20b2d,0.6936274509803921,5,2,1.0,True,0.5012658353418871,0.0,0.23719771276929622,0.0,0.23719771276929622,0.0,0.5012658353418871,0.0
eslint/eslint,ddf8a9d02a30996e,0.9095022624434389,1,1,1.0,True,0.0,0.0,0.0,0.0,0.0,0.0,0.0,0.0
eslint/eslint,37ac5a2d21c2b0f0,0.7734138972809668,1,0,1.0,False,,,,,,,,
eslint/eslint,cf6f8e73019f3092,0.21428571428571427,0,0,0.0,False,,,,,,,,
eslint/eslint,a445eec27767a3ae,0.9603174603174603,0,0,1.0,False,,,,,,,,
eslint/eslint,60524d8944840730,0.09523809523809523,1,0,0.0,False,,,,,,,,
esp8266/Arduino,6898062adbafa9b3,0.7857142857142857,0,0,1.0,False,,,,,,,,
esp8266/Arduino,b06b465788f33ae8,0.04741379310344827,0,0,0.0,False,,,,,,,,
esp8266/Arduino,8ca93df802363841,0.5116279069767442,0,0,1.0,False,,,,,,,,
esp8266/Arduino,d31cc72854e72790,0.03389830508474576,0,0,0.0,False,,,,,,,,
esp8266/Arduino,43faf400bc5d8a11,0.16326530612244897,0,0,0.0,False,,,,,,,,
esp8266/Arduino,a3c682d2752bc6c9,0.11940298507462686,0,0,0.0,False,,,,,,,,
esp8266/Arduino,03c57a093ecc24b5,0.11764705882352941,0,0,0.0,False,,,,,,,,
esp8266/Arduino,a92e1b557ff8f4dd,0.06923076923076923,0,0,0.0,False,,,,,,,,
esp8266/Arduino,5012b57c22579d5c,0.007575757575757576,0,0,0.0,False,,,,,,,,
esp8266/Arduino,df59584d29533540,0.13526570048309178,0,0,0.0,False,,,,,,,,
esp8266/Arduino,1809c07b3cae1636,0.5151515151515151,0,0,1.0,False,,,,,,,,
esp8266/Arduino,ed9da46224428cb8,0.15789473684210525,0,0,0.0,False,,,,,,,,
esp8266/Arduino,573c2acc23ed9bf2,0.1,0,0,0.0,False,,,,,,,,
esp8266/Arduino,cd59fe45178c729f,0.011764705882352941,0,0,0.0,False,,,,,,,,
esp8266/Arduino,cd4838fe8a5daf61,0.3142857142857143,0,0,0.0,False,,,,,,,,
esp8266/Arduino,91268a0696bcdfbb,0.0,0,0,0.0,False,,,,,,,,
esp8266/Arduino,1ef32041d1a84952,0.03571428571428571,0,0,0.0,False,,,,,,,,
esp8266/Arduino,b68ef072ef4bcb40,0.9180327868852459,0,0,1.0,False,,,,,,,,
esp8266/Arduino,d5825eaaa3b776b8,0.9158878504672897,0,0,1.0,False,,,,,,,,
esp8266/Arduino,05e5985c99327847,0.06837606837606838,0,0,0.0,False,,,,,,,,
esp8266/Arduino,27c310e0cd2a3e9c,0.5199600798403193,0,0,1.0,False,,,,,,,,
esp8266/Arduino,eca5ed4da60a2ba1,0.375,0,0,0.0,False,,,,,,,,
esp8266/Arduino,fb3fa8b80447cfbe,0.01834862385321101,0,0,0.0,False,,,,,,,,
esp8266/Arduino,64730e434b971bad,0.7615384615384615,0,0,1.0,False,,,,,,,,
esp8266/Arduino,5101e20ccfa82141,0.04854368932038835,0,0,0.0,False,,,,,,,,
espressif/esptool,367c1e18b17a2fd2,0.016042780748663103,2,2,0.0,True,1.0,1.0,1.0,1.0,1.0,1.0,1.0,1.0
espressif/esptool,c7840ec0ad4a3408,0.09166666666666666,1,1,0.0,True,1.0,1.0,1.0,1.0,1.0,1.0,1.0,1.0
espressif/esptool,1900fc97c65c122e,0.010869565217391304,1,1,0.0,True,0.6309297535714575,0.0,0.6309297535714575,0.0,0.6309297535714575,0.0,0.6309297535714575,0.0
espressif/esptool,58da522d1e636f79,0.010869565217391304,1,0,0.0,False,,,,,,,,
espressif/esptool,83f6ee4bd55e0078,0.05144694533762058,2,2,0.0,True,0.9197207891481876,1.0,1.0,1.0,1.0,1.0,1.0,1.0
espressif/esptool,554a64b7e7456b1e,0.012232415902140673,1,1,0.0,True,0.43067655807339306,0.0,0.43067655807339306,0.0,0.43067655807339306,0.0,0.43067655807339306,0.0
espressif/esptool,fb460f25ae8393cc,0.044897959183673466,5,4,0.0,True,1.0,1.0,1.0,1.0,1.0,1.0,1.0,1.0
espressif/esptool,e43e2f259e7570d0,0.19424460431654678,1,1,0.0,True,1.0,1.0,1.0,1.0,1.0,1.0,1.0,1.0
espressif/esptool,2001e8e8812f6813,0.38285714285714284,0,0,0.0,False,,,,,,,,
espressif/esptool,dfa4e4b5370e2306,0.023809523809523808,1,0,0.0,False,,,,,,,,
espressif/esptool,f0411fed3d970717,0.010869565217391304,1,1,0.0,True,0.6309297535714575,0.0,0.6309297535714575,0.0,0.6309297535714575,0.0,0.6309297535714575,0.0
espressif/esptool,5c908c9278a6c294,0.019801980198019802,0,0,0.0,False,,,,,,,,
espressif/esptool,e4955bb0529c7db8,0.1111111111111111,0,0,0.0,False,,,,,,,,
espressif/esptool,c95296ff1a0b22a4,0.0265210608424337,7,7,0.0,True,1.0,1.0,1.0,1.0,1.0,1.0,1.0,1.0
espressif/esptool,cd57dea477030ed3,0.2122905027932961,7,5,0.0,True,0.8069320812880308,0.0,0.8069320812880308,0.0,0.8069320812880308,0.0,0.8069320812880308,0.0
espressif/esptool,b335630551682c19,0.0,1,1,0.0,True,0.8154648767857288,0.5,0.8154648767857288,0.5,0.8154648767857288,0.5,0.8154648767857288,0.5
espressif/esptool,98c2014f3e962029,0.02702702702702703,1,1,0.0,True,1.0,1.0,1.0,1.0,1.0,1.0,1.0,1.0
espressif/esptool,6eff3394287b7ec5,1.0,0,0,0.0,False,,,,,,,,
espressif/esptool,8a743339ce18b3fb,0.24025974025974026,0,0,0.0,False,,,,,,,,
espressif/esptool,d60c04f7d9e2d42e,0.034722222222222224,2,2,0.0,True,0.6721736667122017,0.0,0.6721736667122017,0.0,0.5706417189553201,0.0,0.6934264036172708,0.0
espressif/esptool,85659c19bafa7223,0.0,4,3,0.0,True,0.553145103469468,0.0,0.553145103469468,0.0,0.553145103469468,0.0,0.553145103469468,0.0
espressif/esptool,251a29a3a68cbb56,1.0,0,0,0.0,False,,,,,,,,
espressif/esptool,9a95969393fb40ff,0.34838709677419355,0,0,0.0,False,,,,,,,,
espressif/esptool,2b57dc540854e646,0.005405405405405406,3,2,0.0,True,0.6309297535714575,0.0,0.6309297535714575,0.0,0.6309297535714575,0.0,0.6309297535714575,0.0
espressif/esptool,b035aa3701bf24cd,0.1891891891891892,0,0,0.0,False,,,,,,,,
eza-community/eza,1220207ba0c1a5bd,0.00463821892393321,1,0,0.0,False,,,,,,,,
eza-community/eza,2dc02791959d9770,1.0,0,0,0.0,False,,,,,,,,
eza-community/eza,4ae09f0449300789,1.0,0,0,0.0,False,,,,,,,,
eza-community/eza,af6239e5611b1a57,1.0,0,0,0.0,False,,,,,,,,
eza-community/eza,205588017feef792,1.0,1,0,0.0,False,,,,,,,,
eza-community/eza,78f98376abb52cf6,1.0,1,0,0.0,False,,,,,,,,
eza-community/eza,7da980f2d716f5ac,1.0,1,0,0.0,False,,,,,,,,
eza-community/eza,8d0a4619aaad896b,1.0,1,0,0.0,False,,,,,,,,
eza-community/eza,9f7d446bea00fa2a,1.0,0,0,0.0,False,,,,,,,,
eza-community/eza,915760a997d7ce53,1.0,0,0,0.0,False,,,,,,,,
eza-community/eza,fec65aeb99adba9f,1.0,1,0,0.0,False,,,,,,,,
eza-community/eza,da08e1d9cf4734a4,1.0,1,0,0.0,False,,,,,,,,
eza-community/eza,8735ffa81dbfef4d,0.0,1,0,0.0,False,,,,,,,,
eza-community/eza,f1358db07661813c,1.0,0,0,0.0,False,,,,,,,,
eza-community/eza,1d7f591d632ddecb,1.0,0,0,0.0,False,,,,,,,,
eza-community/eza,84c2a3ae38bbef9c,1.0,1,0,0.0,False,,,,,,,,
eza-community/eza,0485a3134f3f1d71,1.0,1,0,0.0,False,,,,,,,,
eza-community/eza,83f5846768bcd45d,0.007058823529411765,1,0,0.0,False,,,,,,,,
eza-community/eza,1f251c58341812a8,0.0,1,0,0.0,False,,,,,,,,
eza-community/eza,b3bd4d459ace56d6,0.0,1,0,0.0,False,,,,,,,,
eza-community/eza,3435f18b1e0dff4d,0.0,1,0,0.0,False,,,,,,,,
eza-community/eza,80748e15eb499928,0.17364341085271318,0,0,0.0,False,,,,,,,,
eza-community/eza,347f2a3560360135,1.0,0,0,0.0,False,,,,,,,,
eza-community/eza,c3e439bc5182acc4,0.0,0,0,0.0,False,,,,,,,,
eza-community/eza,206b9ce276ab5971,0.0,1,1,0.0,True,0.6309297535714575,0.0,0.46533827903669656,0.0,0.43067655807339306,0.0,0.6309297535714575,0.0
falcosecurity/falco,aee00ce632a29056,0.5172413793103449,0,0,1.0,False,,,,,,,,
falcosecurity/falco,11000c7d1795f9d1,0.6607142857142857,7,4,1.0,True,0.38685280723454163,0.0,0.38685280723454163,0.0,0.38685280723454163,0.0,0.38685280723454163,0.0
falcosecurity/falco,a9f7eb3f95fba989,0.5815217391304348,2,1,1.0,True,0.1289509357448472,0.0,0.0,0.0,0.0,0.0,0.0,0.0
falcosecurity/falco,c0455189be8028f3,0.17307692307692307,0,0,0.0,False,,,,,,,,
falcosecurity/falco,7811952e6cb127e1,0.01639344262295082,4,1,0.0,True,0.19342640361727081,0.0,0.38685280723454163,0.0,0.38685280723454163,0.0,0.38685280723454163,0.0
falcosecurity/falco,67ae49cc953e6839,0.11267605633802817,0,0,0.0,False,,,,,,,,
falcosecurity/falco,71845ab9ed2f352c,0.3620689655172414,0,0,1.0,False,,,,,,,,
falcosecurity/falco,e29703e0d6a8b448,0.2441860465116279,0,0,0.0,False,,,,,,,,
falcosecurity/falco,e26b0cac1259a437,0.03333333333333333,0,0,0.0,False,,,,,,,,
falcosecurity/falco,e8307b5587c155d9,0.5454545454545454,0,0,1.0,False,,,,,,,,
falcosecurity/falco,8774969b3735e645,0.6144578313253012,0,0,1.0,False,,,,,,,,
falcosecurity/falco,eccc7cec03ad22c2,0.2310126582278481,1,0,0.0,False,,,,,,,,
falcosecurity/falco,69f65460a37eb79b,0.08108108108108109,0,0,0.0,False,,,,,,,,
falcosecurity/falco,1fa114fd37754ac3,0.5952380952380952,2,1,1.0,True,0.19342640361727081,0.0,0.0,0.0,0.1289509357448472,0.0,0.40876468265396737,0.0
falcosecurity/falco,1b9a2b0951bd5e65,0.21428571428571427,0,0,0.0,False,,,,,,,,
falcosecurity/falco,536513c0ee62773b,0.20812182741116753,4,2,0.0,True,0.1289509357448472,0.0,0.0,0.0,0.0,0.0,0.38685280723454163,0.0
falcosecurity/falco,86f9dcd3a3f2eda4,0.02631578947368421,3,0,0.0,False,,,,,,,,
falcosecurity/falco,718c723a4d06addb,0.046153846153846156,3,0,0.0,False,,,,,,,,
falcosecurity/falco,c277de32eef40f54,0.22857142857142856,2,0,0.0,False,,,,,,,,
falcosecurity/falco,c77a41c51a0bd5e6,0.023255813953488372,0,0,0.0,False,,,,,,,,
falcosecurity/falco,5bb39bbf9cc0d47d,0.13178294573643412,0,0,0.0,False,,,,,,,,
falcosecurity/falco,f85ec4e7b7be943e,0.36395759717314485,7,1,1.0,True,0.0,0.0,0.0,0.0,0.0,0.0,0.0,0.0
falcosecurity/falco,ff9744c7ba42a1f8,0.20816326530612245,4,1,0.0,True,0.0,0.0,0.0,0.0,0.0,0.0,0.0,0.0
falcosecurity/falco,82bbfc3eff9136eb,0.019230769230769232,3,3,0.0,True,0.4469710104753181,0.0,0.4469710104753181,0.0,0.4841275646907874,0.0,0.4469710104753181,0.0
falcosecurity/falco,545798886898b374,0.1794871794871795,0,0,0.0,False,,,,,,,,
firecracker-microvm/firecracker,b6344df7d0b2061c,0.0,0,0,0.0,False,,,,,,,,
firecracker-microvm/firecracker,d4f9b6b89be9c442,0.0,41,26,0.0,True,0.575548131735981,0.0,0.575548131735981,0.0,0.2991266273067174,0.0,0.575548131735981,0.0
firecracker-microvm/firecracker,5f41fdd76d2341e9,0.10714285714285714,1,0,0.0,False,,,,,,,,
firecracker-microvm/firecracker,0c424438e001367a,0.0,12,5,0.0,True,0.38520020302966707,0.0,0.40198176216091885,0.0,0.40198176216091885,0.0,0.38520020302966707,0.0
firecracker-microvm/firecracker,1d3bb9630b6d9b4a,0.032520325203252036,7,0,0.0,False,,,,,,,,
firecracker-microvm/firecracker,ee3f3ee06e888837,0.03333333333333333,2,0,0.0,False,,,,,,,,
firecracker-microvm/firecracker,1928c5c44215a364,0.02040816326530612,0,0,0.0,False,,,,,,,,
firecracker-microvm/firecracker,1d80f4056fe1a9e1,0.045454545454545456,1,0,0.0,False,,,,,,,,
firecracker-microvm/firecracker,d8abdd84a323dd03,0.017518248175182483,35,18,0.0,True,0.051737672092822845,0.0,0.051737672092822845,0.0,0.051737672092822845,0.0,0.051737672092822845,0.0
firecracker-microvm/firecracker,b6dcb936e4fd3a86,0.010075566750629723,51,37,0.0,True,0.24345219975356405,0.0,0.24345219975356405,0.0,0.24345219975356405,0.0,0.24345219975356405,0.0
firecracker-microvm/firecracker,6780e8ddf8990392,0.006086427267194157,25,13,0.0,True,0.0,0.0,0.0,0.0,0.0,0.0,0.0,0.0
firecracker-microvm/firecracker,c7bd425fd98aad1f,0.19230769230769232,1,0,0.0,False,,,,,,,,
firecracker-microvm/firecracker,c5851a56a914df59,0.43452380952380953,0,0,1.0,False,,,,,,,,
firecracker-microvm/firecracker,a537539146446b9b,0.5243445692883895,0,0,1.0,False,,,,,,,,
firecracker-microvm/firecracker,771a9cf0b3b855f8,0.010128913443830571,0,0,0.0,False,,,,,,,,
firecracker-microvm/firecracker,95671d85d3b003a5,0.08823529411764706,0,0,0.0,False,,,,,,,,
firecracker-microvm/firecracker,213ce9aef1479ad2,0.5,0,0,0.0,False,,,,,,,,
firecracker-microvm/firecracker,99070985e7cf85e5,0.024390243902439025,4,3,0.0,True,0.43067655807339306,0.0,0.43067655807339306,0.0,0.43067655807339306,0.0,0.43067655807339306,0.0
firecracker-microvm/firecracker,7a03a02d9e36cc75,0.0,14,5,0.0,True,0.0,0.0,0.0,0.0,0.0,0.0,0.0,0.0
firecracker-microvm/firecracker,dffb2c9071cb6b80,0.009900990099009901,0,0,0.0,False,,,,,,,,
firecracker-microvm/firecracker,185833cb26d7ac66,0.02127659574468085,0,0,0.0,False,,,,,,,,
firecracker-microvm/firecracker,e52e4ddd58b7ef88,0.0110803324099723,26,11,0.0,True,0.29169451844533734,0.0,0.2606820917608628,0.0,0.25863636417657854,0.0,0.29169451844533734,0.0
firecracker-microvm/firecracker,51e20b76e8bb828a,0.08284023668639054,1,0,0.0,False,,,,,,,,
firecracker-microvm/firecracker,854ef1beb56bc61f,0.24271844660194175,2,0,0.0,False,,,,,,,,
firecracker-microvm/firecracker,b335630551682c19,0.06629834254143646,6,2,0.0,True,0.46533827903669656,0.0,0.43067655807339306,0.0,0.43067655807339306,0.0,0.5,0.0
fivetran/great_expectations,fc7c26be6be6e59a,0.025,1,0,0.0,False,,,,,,,,
fivetran/great_expectations,bd1e298e7d97c540,0.0785876993166287,4,4,0.0,True,0.0,0.0,0.3065735963827292,0.0,0.3065735963827292,0.0,0.0,0.0
fivetran/great_expectations,c19fc7b02f3cc278,0.012269938650306749,0,0,0.0,False,,,,,,,,
fivetran/great_expectations,f8cefece473bfad6,0.03160270880361174,1,0,0.0,False,,,,,,,,
fivetran/great_expectations,8a8413621513d3e6,0.0,0,0,0.0,False,,,,,,,,
fivetran/great_expectations,0e823f5f6c5dbed5,0.025495750708215296,3,2,0.0,True,0.0,0.0,0.0,0.0,0.0,0.0,0.0,0.0
fivetran/great_expectations,5aa61a89be1225e9,0.06220095693779904,1,0,0.0,False,,,,,,,,
fivetran/great_expectations,00c65c6d6ccfe6a8,0.0258732212160414,0,0,0.0,False,,,,,,,,
fivetran/great_expectations,ed3b897519a7aef5,0.028846153846153848,0,0,0.0,False,,,,,,,,
fivetran/great_expectations,8a74fdf3e3997ec8,0.020689655172413793,0,0,0.0,False,,,,,,,,
fivetran/great_expectations,51abc588cd792550,0.028037383177570093,1,1,0.0,True,0.0,0.0,0.0,0.0,0.0,0.0,0.0,0.0
fivetran/great_expectations,bbdf86dbe1c69e42,0.06666666666666667,0,0,0.0,False,,,,,,,,
fivetran/great_expectations,b9995f1aefbdc92a,0.08633093525179857,0,0,0.0,False,,,,,,,,
fivetran/great_expectations,c5492fb530d69dc9,0.012195121951219513,1,1,0.0,True,0.6309297535714575,0.0,0.6309297535714575,0.0,0.6309297535714575,0.0,0.6309297535714575,0.0
fivetran/great_expectations,43cd6d40ed1df5bb,0.0,0,0,0.0,False,,,,,,,,
fivetran/great_expectations,ea699acccbdd94cb,0.03756708407871199,1,0,0.0,False,,,,,,,,
fivetran/great_expectations,04eb926cc5e9f9e5,0.0,1,0,0.0,False,,,,,,,,
fivetran/great_expectations,c599273cbb935a78,0.0,0,0,0.0,False,,,,,,,,
fivetran/great_expectations,ef16a1c265c83537,0.00558659217877095,0,0,0.0,False,,,,,,,,
fivetran/great_expectations,d486a134ba9e83fa,0.027247956403269755,5,3,0.0,True,0.38009376671593426,0.0,0.38009376671593426,0.0,0.38009376671593426,0.0,0.38009376671593426,0.0
fivetran/great_expectations,0d9abd3dba2c9c09,0.01908957415565345,3,2,0.0,True,0.6240505200038379,0.0,0.6240505200038379,0.0,0.6240505200038379,0.0,0.6240505200038379,0.0
fivetran/great_expectations,61e4470da3c6e1a1,0.024793388429752067,0,0,0.0,False,,,,,,,,
fivetran/great_expectations,07277cdc015f5799,0.05343511450381679,1,0,0.0,False,,,,,,,,
fivetran/great_expectations,6f4a80a9d989800d,0.058823529411764705,1,0,0.0,False,,,,,,,,
fivetran/great_expectations,0ac51d44b26171fd,0.0,0,0,0.0,False,,,,,,,,
foliojs/pdfkit,96c2acaa1cd7b323,0.02976190476190476,3,1,0.0,True,0.19342640361727081,0.0,0.19342640361727081,0.0,0.19342640361727081,0.0,0.0,0.0
foliojs/pdfkit,6b3631f12771964b,0.08571428571428572,2,1,0.0,True,0.43067655807339306,0.0,0.40876468265396737,0.0,0.40876468265396737,0.0,0.0,0.0
foliojs/pdfkit,d836798b4db37b72,0.07792207792207792,1,0,0.0,False,,,,,,,,
foliojs/pdfkit,65805fb7edcc71c0,0.2388888888888889,1,0,0.0,False,,,,,,,,
foliojs/pdfkit,4cd443ac16422d29,0.05333333333333334,2,2,0.0,True,0.6309297535714575,0.0,0.6309297535714575,0.0,0.6309297535714575,0.0,0.5,0.0
foliojs/pdfkit,e1790bfc29626518,0.025510204081632654,4,0,0.0,False,,,,,,,,
foliojs/pdfkit,150f54c990258f98,0.015873015873015872,1,0,0.0,False,,,,,,,,
foliojs/pdfkit,a9dea927c112b23c,0.7931034482758621,0,0,1.0,False,,,,,,,,
foliojs/pdfkit,2fa323cb9488db8f,0.05172413793103448,0,0,0.0,False,,,,,,,,
foliojs/pdfkit,11bea48812d05614,0.4222222222222222,1,1,1.0,True,1.0,1.0,0.6309297535714575,0.0,0.6309297535714575,0.0,0.5,0.0
foliojs/pdfkit,5508084f2aa90897,0.8623853211009175,0,0,1.0,False,,,,,,,,
foliojs/pdfkit,0abf96939b22587c,0.031746031746031744,5,0,0.0,False,,,,,,,,
foliojs/pdfkit,111c24be5ed4ceb7,0.65625,0,0,1.0,False,,,,,,,,
foliojs/pdfkit,877b04836098236d,0.06666666666666667,6,1,0.0,True,0.43067655807339306,0.0,0.43067655807339306,0.0,0.5,0.0,0.0,0.0
foliojs/pdfkit,62e7e10db26fabc8,0.8623853211009175,0,0,1.0,False,,,,,,,,
foliojs/pdfkit,721ed69181db4436,0.05555555555555555,5,4,0.0,True,0.43067655807339306,0.0,0.43067655807339306,0.0,0.43067655807339306,0.0,0.0,0.0
foliojs/pdfkit,4503be0d26352357,0.10344827586206896,3,1,0.0,True,1.0,1.0,0.6309297535714575,0.0,0.6309297535714575,0.0,1.0,1.0
foliojs/pdfkit,04e29f4d54f1b170,0.051470588235294115,5,0,0.0,False,,,,,,,,
foliojs/pdfkit,c4032835c09e5f23,0.00881057268722467,4,3,0.0,True,0.5,0.0,0.6309297535714575,0.0,0.5,0.0,0.5,0.0
foliojs/pdfkit,b802f7e8c4e83023,0.3027027027027027,0,0,0.0,False,,,,,,,,
foliojs/pdfkit,9a059bdd091b43f7,0.8285714285714286,0,0,1.0,False,,,,,,,,
foliojs/pdfkit,ff21d89876879c3b,0.09523809523809523,0,0,0.0,False,,,,,,,,
foliojs/pdfkit,9d9be1ba4c93f2ae,0.011904761904761904,2,1,0.0,True,0.5,0.0,0.5,0.0,0.38685280723454163,0.0,0.5,0.0
foliojs/pdfkit,7004e372ce6b213d,0.06115107913669065,2,2,0.0,True,0.6309297535714575,0.0,0.6309297535714575,0.0,0.6309297535714575,0.0,0.5,0.0
foliojs/pdfkit,0ac0ccbb9bfb7156,0.08839779005524862,4,1,0.0,True,0.43067655807339306,0.0,0.43067655807339306,0.0,0.43067655807339306,0.0,0.38685280723454163,0.0
fonttools/fonttools,09f7facfe6b57929,0.208955223880597,0,0,0.0,False,,,,,,,,
fonttools/fonttools,0133091c56e2a25e,0.0006680026720106881,7,4,0.0,True,0.0,0.0,0.0,0.0,0.0,0.0,0.0,0.0
fonttools/fonttools,1d683915da73887b,0.15384615384615385,1,0,0.0,False,,,,,,,,
fonttools/fonttools,98a5b79c97b3564e,0.8367346938775511,1,0,1.0,False,,,,,,,,
fonttools/fonttools,d4e288bfe5e79fce,0.15384615384615385,1,0,0.0,False,,,,,,,,
fonttools/fonttools,bf9034af8050b677,0.9030303030303031,0,0,1.0,False,,,,,,,,
fonttools/fonttools,2b4f2ff8b77cdc38,0.2765957446808511,6,0,0.0,False,,,,,,,,
fonttools/fonttools,3f95c6503d72fb58,0.07665505226480836,1,0,0.0,False,,,,,,,,
fonttools/fonttools,743f0d602bf8f516,0.898936170212766,14,0,1.0,False,,,,,,,,
fonttools/fonttools,a8a51736e1a41daf,0.5412719891745602,12,8,1.0,True,0.6309297535714575,0.0,1.0,1.0,1.0,1.0,1.0,1.0
fonttools/fonttools,d945150976210800,0.07692307692307693,0,0,0.0,False,,,,,,,,
fonttools/fonttools,c945b6b5651d51dc,0.07692307692307693,0,0,0.0,False,,,,,,,,
fonttools/fonttools,feaa8fc297ce4d05,0.1,0,0,0.0,False,,,,,,,,
fonttools/fonttools,430b9b86d24f1703,0.0625,0,0,0.0,False,,,,,,,,
fonttools/fonttools,69bd4c9d722e131f,0.3152804642166344,1,0,1.0,False,,,,,,,,
fonttools/fonttools,1f5c8b46f187635d,0.4095238095238095,1,0,0.0,False,,,,,,,,
fonttools/fonttools,31a79bc6d1fc30cf,0.9403973509933775,1,0,1.0,False,,,,,,,,
fonttools/fonttools,41496ac5b8da0dc6,0.012048192771084338,0,0,0.0,False,,,,,,,,
fonttools/fonttools,3fcb97800ce9034d,0.7916666666666666,0,0,1.0,False,,,,,,,,
fonttools/fonttools,dab5de174c8998d9,0.0016460905349794238,15,13,0.0,True,0.6389994402886557,0.0,0.6389994402886557,0.0,0.6389994402886557,0.0,0.6389994402886557,0.0
fonttools/fonttools,fe131101c0bf3162,0.5517241379310345,1,0,1.0,False,,,,,,,,
fonttools/fonttools,72723a6980b43a2f,0.6223776223776224,1,0,1.0,False,,,,,,,,
fonttools/fonttools,24386b741dfc55e8,0.5862068965517241,0,0,1.0,False,,,,,,,,
fonttools/fonttools,0694b9504c40cbe1,0.2717391304347826,0,0,0.0,False,,,,,,,,
fonttools/fonttools,bb693f9f2e1ccaaf,0.7585227272727273,2,1,1.0,True,0.16350587306158695,0.0,0.16350587306158695,0.0,0.0,0.0,0.16350587306158695,0.0
foundry-rs/foundry,9d0e50a96c88056b,0.007407407407407408,12,1,0.0,True,0.6309297535714575,0.0,0.6309297535714575,0.0,0.6309297535714575,0.0,0.6309297535714575,0.0
foundry-rs/foundry,fd680fc6ab87ff2e,0.016025641025641024,6,0,0.0,False,,,,,,,,
foundry-rs/foundry,882102a2873f5654,0.024390243902439025,8,2,0.0,True,0.8772153153380493,1.0,0.6934264036172708,0.0,0.9197207891481876,1.0,0.8772153153380493,1.0
foundry-rs/foundry,4ad7bd41a7b5de13,0.013071895424836602,17,7,0.0,True,1.0,1.0,1.0,1.0,0.9802546915082401,1.0,1.0,1.0
foundry-rs/foundry,243bf8165e605ec6,0.021897810218978103,10,3,0.0,True,0.5,0.0,0.5654648767857288,0.0,0.6309297535714575,0.0,0.5,0.0
foundry-rs/foundry,764dc7c0acbcdf94,0.03435114503816794,6,2,0.0,True,1.0,1.0,1.0,1.0,1.0,1.0,0.9197207891481876,1.0
foundry-rs/foundry,d71500ccbdf1efc1,0.015037593984962405,3,0,0.0,False,,,,,,,,
foundry-rs/foundry,be502ddcf3eadaee,0.008928571428571428,7,0,0.0,False,,,,,,,,
foundry-rs/foundry,6e326e813e9e7ca9,0.006600660066006601,8,1,0.0,True,0.6309297535714575,0.0,0.6309297535714575,0.0,0.6309297535714575,0.0,0.6309297535714575,0.0
foundry-rs/foundry,5f85cb83a78b85f9,0.02681992337164751,10,1,0.0,True,0.6309297535714575,0.0,0.6309297535714575,0.0,0.6309297535714575,0.0,0.6309297535714575,0.0
foundry-rs/foundry,5b990895b4b91972,0.006082725060827251,16,3,0.0,True,0.7039180890341347,1.0,0.7039180890341347,1.0,0.7039180890341347,1.0,0.7039180890341347,1.0
foundry-rs/foundry,8e34da1ca0637bc7,0.016216216216216217,2,0,0.0,False,,,,,,,,
foundry-rs/foundry,f597e3f8cd8b1a1a,0.04285714285714286,1,1,0.0,True,1.0,1.0,1.0,1.0,1.0,1.0,1.0,1.0
foundry-rs/foundry,3541f53dcbdada36,0.008333333333333333,6,0,0.0,False,,,,,,,,
foundry-rs/foundry,c5b4765d032eafa6,0.004454342984409799,20,3,0.0,True,0.553145103469468,0.0,0.4796249331362629,0.0,0.4796249331362629,0.0,0.553145103469468,0.0
foundry-rs/foundry,cf30b6ccf4d15902,0.00625,9,5,0.0,True,0.39480936517049525,0.0,0.39480936517049525,0.0,0.39480936517049525,0.0,0.39480936517049525,0.0
foundry-rs/foundry,7cf15eff5ea54b62,0.012027491408934709,63,12,0.0,True,0.8278896142196553,1.0,0.8278896142196553,1.0,0.8278896142196553,1.0,0.8278896142196553,1.0
foundry-rs/foundry,20cc500405a858de,0.011363636363636364,8,2,0.0,True,0.6309297535714575,0.0,0.6309297535714575,0.0,0.6309297535714575,0.0,0.6309297535714575,0.0
foundry-rs/foundry,233ddbaaf82aaa9f,0.03982300884955752,19,1,0.0,True,0.0,0.0,0.0,0.0,0.0,0.0,0.0,0.0
foundry-rs/foundry,b13e34aed4441388,0.01984126984126984,8,2,0.0,True,0.38685280723454163,0.0,0.38685280723454163,0.0,0.3065735963827292,0.0,0.38685280723454163,0.0
foundry-rs/foundry,1f8de4b7e23df6e0,0.012853470437017995,20,5,0.0,True,0.4441228664487979,0.0,0.4441228664487979,0.0,0.4441228664487979,0.0,0.4441228664487979,0.0
foundry-rs/foundry,bf249c22f5f3d220,0.04819277108433735,9,2,0.0,True,0.5,0.0,0.5,0.0,0.46533827903669656,0.0,0.40876468265396737,0.0
foundry-rs/foundry,8ab2d387d12dd5ad,0.016,5,0,0.0,False,,,,,,,,
foundry-rs/foundry,b6ce366824690b6a,0.02631578947368421,3,2,0.0,True,1.0,1.0,1.0,1.0,1.0,1.0,1.0,1.0
foundry-rs/foundry,e07f88ab40b65073,0.011764705882352941,8,0,0.0,False,,,,,,,,
frappe/erpnext,853e00c598dd75b6,0.3333333333333333,0,0,0.0,False,,,,,,,,
frappe/erpnext,2ca62c64ce15c628,0.2727272727272727,0,0,0.0,False,,,,,,,,
frappe/erpnext,98475ff6491638a2,0.2463768115942029,0,0,0.0,False,,,,,,,,
frappe/erpnext,37381add523d6eae,0.3494723774053383,31,19,1.0,True,0.11910170321847295,0.0,0.11910170321847295,0.0,0.11639825538071723,0.0,0.14062907216946502,0.0
frappe/erpnext,50d03caa2d9f9c74,0.10897435897435898,7,0,0.0,False,,,,,,,,
frappe/erpnext,500f5c4284d079a5,0.1839080459770115,14,2,1.0,True,0.0,0.0,0.0,0.0,0.0,0.0,0.0,0.0
frappe/erpnext,81899b0d5fc96dc1,0.3,1,0,0.0,False,,,,,,,,
frappe/erpnext,6a38cec49763b8a2,0.1111111111111111,2,0,0.0,False,,,,,,,,
frappe/erpnext,b52b392a579c91bd,0.2634730538922156,7,7,0.0,True,0.38969789222221346,0.0,0.38969789222221346,0.0,0.38969789222221346,0.0,0.45242524223457237,0.0
frappe/erpnext,3a7e6a8157140b75,0.25274725274725274,0,0,0.0,False,,,,,,,,
frappe/erpnext,06cc1229acb62d73,0.2,0,0,0.0,False,,,,,,,,
frappe/erpnext,3e7e128b9f453543,0.2,5,0,0.0,False,,,,,,,,
frappe/erpnext,93310a692ccd170b,0.3382352941176471,2,0,0.0,False,,,,,,,,
frappe/erpnext,2d6761d26d9c1cff,0.05555555555555555,0,0,0.0,False,,,,,,,,
frappe/erpnext,340f7502267c7fc6,0.6666666666666666,2,0,1.0,False,,,,,,,,
frappe/erpnext,d75d87b7f0ad6efa,0.2682926829268293,3,1,0.0,True,0.38685280723454163,0.0,0.38685280723454163,0.0,0.38685280723454163,0.0,0.43067655807339306,0.0
frappe/erpnext,634a68bef1220736,0.031746031746031744,0,0,0.0,False,,,,,,,,
frappe/erpnext,a5f83698c00f4d8d,0.7916666666666666,0,0,1.0,False,,,,,,,,
frappe/erpnext,626bfdb298558a2c,0.21052631578947367,0,0,0.0,False,,,,,,,,
frappe/erpnext,036244d68e09cd05,0.09523809523809523,0,0,0.0,False,,,,,,,,
frappe/erpnext,277836edb93d71b0,0.06451612903225806,0,0,0.0,False,,,,,,,,
frappe/erpnext,cb1b2a81d152e984,0.4375,26,3,1.0,True,0.38009376671593426,0.0,0.0,0.0,0.0,0.0,0.0,0.0
frappe/erpnext,59f193de64bc753c,0.13588850174216027,16,3,1.0,True,0.38685280723454163,0.0,0.38685280723454163,0.0,0.38685280723454163,0.0,0.4087646826539674,0.0
frappe/erpnext,9b5cdbdd28b4bd7f,0.21568627450980393,0,0,0.0,False,,,,,,,,
frappe/erpnext,b2978d911bfc97fa,0.30612244897959184,20,6,0.0,True,0.6074915180456525,0.0,0.6074915180456525,0.0,0.5799960084920718,0.0,0.5799960084920718,0.0
frappe/frappe,cfc38ee9d29cd44d,0.22807017543859648,0,0,0.0,False,,,,,,,,
frappe/frappe,35bae7fb3bed81f3,0.024390243902439025,2,1,0.0,True,1.0,1.0,1.0,1.0,1.0,1.0,1.0,1.0
frappe/frappe,3e4a11f69a7f3c9d,0.13846153846153847,4,2,0.0,True,1.0,1.0,1.0,1.0,1.0,1.0,1.0,1.0
frappe/frappe,947f167d937dad53,0.3076923076923077,4,0,0.0,False,,,,,,,,
frappe/frappe,c15538b25ddc3163,0.24666666666666667,8,1,1.0,True,0.0,0.0,0.0,0.0,0.0,0.0,0.0,0.0
frappe/frappe,ba7eb55da7fa6561,0.1518987341772152,0,0,0.0,False,,,,,,,,
frappe/frappe,c0e92e67ff4474ee,0.15328467153284672,6,1,0.0,True,0.6309297535714575,0.0,0.6309297535714575,0.0,0.6309297535714575,0.0,0.6309297535714575,0.0
frappe/frappe,01ac128cd2c97eba,0.18571428571428572,1,0,0.0,False,,,,,,,,
frappe/frappe,dc4329eb05714a25,0.5918367346938775,2,0,1.0,False,,,,,,,,
frappe/frappe,9922f9ad219e64af,0.018518518518518517,4,1,0.0,True,1.0,1.0,1.0,1.0,1.0,1.0,1.0,1.0
frappe/frappe,3b2803fdc23f7fda,0.5447154471544715,7,0,1.0,False,,,,,,,,
frappe/frappe,23ed768ef04d3836,0.5,0,0,1.0,False,,,,,,,,
frappe/frappe,4370d277012e88ef,0.23076923076923078,3,0,1.0,False,,,,,,,,
frappe/frappe,948185933c983f0e,0.0,1,0,0.0,False,,,,,,,,
frappe/frappe,e2c3bf3dfa8104e1,0.7083333333333334,1,0,1.0,False,,,,,,,,
frappe/frappe,ae12ae3b0d7788a2,0.0,0,0,0.0,False,,,,,,,,
frappe/frappe,c93f876dae55b2c0,0.07313195548489666,2,0,0.0,False,,,,,,,,
frappe/frappe,5f594eacbb995635,0.1388888888888889,2,0,0.0,False,,,,,,,,
frappe/frappe,703294d36b660f1e,0.375,0,0,0.0,False,,,,,,,,
frappe/frappe,07abe10c23ac394b,0.26605504587155965,50,11,0.0,True,0.29329920376422275,0.0,0.29329920376422275,0.0,0.29329920376422275,0.0,0.3701023887073316,0.0
frappe/frappe,11eead7ba5662ee5,0.13636363636363635,4,1,0.0,True,1.0,1.0,1.0,1.0,1.0,1.0,1.0,1.0
frappe/frappe,9f3791102c157fe7,0.1728395061728395,1,0,0.0,False,,,,,,,,
frappe/frappe,8340e1eaf0f8af67,0.10101010101010101,4,0,0.0,False,,,,,,,,
frappe/frappe,ff8489ce830424bd,0.02830188679245283,2,0,0.0,False,,,,,,,,
frappe/frappe,dd5578c96a180f68,0.03636363636363636,0,0,0.0,False,,,,,,,,
frappe/hrms,f01215959c371f9e,0.34615384615384615,9,0,0.0,False,,,,,,,,
frappe/hrms,ab4ee2e221ecd35e,0.42857142857142855,0,0,1.0,False,,,,,,,,
frappe/hrms,0733841e10272a15,0.023715415019762844,7,1,0.0,True,0.0,0.0,0.0,0.0,0.0,0.0,0.0,0.0
frappe/hrms,21b8e502fc990a8f,0.308411214953271,1,0,0.0,False,,,,,,,,
frappe/hrms,bfd01acd3a9240e5,0.3968253968253968,0,0,1.0,False,,,,,,,,
frappe/hrms,7e8a7cd77b1527de,0.026726057906458798,5,2,0.0,True,0.6309297535714575,0.0,0.6309297535714575,0.0,0.5,0.0,0.6309297535714575,0.0
frappe/hrms,acce08982b1a557d,0.3333333333333333,0,0,0.0,False,,,,,,,,
frappe/hrms,260af00fa75ce7ea,0.3103448275862069,4,0,0.0,False,,,,,,,,
frappe/hrms,90254cc754049d50,0.2826086956521739,4,0,0.0,False,,,,,,,,
frappe/hrms,de98e62fbdf5b925,0.038461538461538464,8,2,0.0,True,0.6309297535714575,0.0,0.6309297535714575,0.0,0.6309297535714575,0.0,0.6309297535714575,0.0
frappe/hrms,d6c0882b67ea6b18,0.3333333333333333,1,0,0.0,False,,,,,,,,
frappe/hrms,4653b7f27e762c3b,0.5,0,0,1.0,False,,,,,,,,
frappe/hrms,bf15d12aaefe1ecc,0.01639344262295082,1,0,0.0,False,,,,,,,,
frappe/hrms,78b2b99879e0a9a5,0.75,0,0,1.0,False,,,,,,,,
frappe/hrms,424eac061a17045b,0.3333333333333333,0,0,0.0,False,,,,,,,,
frappe/hrms,870e0cd8c7caa060,0.05714285714285714,3,1,0.0,True,0.43067655807339306,0.0,0.43067655807339306,0.0,0.43067655807339306,0.0,0.43067655807339306,0.0
frappe/hrms,881c172bd384640c,0.14285714285714285,0,0,1.0,False,,,,,,,,
frappe/hrms,74247140e890227d,0.23255813953488372,6,0,0.0,False,,,,,,,,
frappe/hrms,03416f28d7974c36,0.0,0,0,0.0,False,,,,,,,,
frappe/hrms,6809bf57e65fda9b,0.08930581613508443,47,31,0.0,True,0.1639836084096606,0.0,0.1639836084096606,0.0,0.1639836084096606,0.0,0.1639836084096606,0.0
frappe/hrms,e8b099a16b4e2068,0.4819277108433735,2,0,1.0,False,,,,,,,,
frappe/hrms,137b8c18ce7b4a30,0.31007751937984496,7,0,1.0,False,,,,,,,,
frappe/hrms,d205e2dc31389bf5,0.4791666666666667,1,0,1.0,False,,,,,,,,
frappe/hrms,3e6cf96d1ce78cfc,0.07894736842105263,0,0,0.0,False,,,,,,,,
frappe/hrms,f20f12c912ceaf88,0.5185185185185185,0,0,1.0,False,,,,,,,,
gabime/spdlog,4bc314c1d623622d,0.125,3,1,0.0,True,1.0,1.0,1.0,1.0,1.0,1.0,1.0,1.0
gabime/spdlog,c408785aaeaf7a15,0.1095890410958904,0,0,0.0,False,,,,,,,,
gabime/spdlog,b06395e62c1645de,0.15,2,1,0.0,True,1.0,1.0,1.0,1.0,1.0,1.0,1.0,1.0
gabime/spdlog,ca851f6b8739b252,0.1951219512195122,1,0,0.0,False,,,,,,,,
gabime/spdlog,cc0e770d906adc6e,0.2549019607843137,1,1,0.0,True,1.0,1.0,1.0,1.0,1.0,1.0,1.0,1.0
gabime/spdlog,2d5b2bd284c4752a,0.18867924528301888,1,1,0.0,True,1.0,1.0,1.0,1.0,1.0,1.0,1.0,1.0
gabime/spdlog,f6af369a3225a984,0.32323232323232326,1,0,0.0,False,,,,,,,,
gabime/spdlog,9f319bd0a4b88dc2,0.2485207100591716,1,0,0.0,False,,,,,,,,
gabime/spdlog,98ca874eda69d656,0.38016528925619836,3,1,1.0,True,1.0,1.0,1.0,1.0,1.0,1.0,0.5,0.0
gabime/spdlog,284415e7f40019cf,0.1827956989247312,3,1,0.0,True,1.0,1.0,1.0,1.0,1.0,1.0,1.0,1.0
gabime/spdlog,afcd7916daa30cc5,0.22413793103448276,2,1,0.0,True,1.0,1.0,1.0,1.0,1.0,1.0,1.0,1.0
gabime/spdlog,f13f007e9dc338b9,0.4074074074074074,1,0,0.0,False,,,,,,,,
gabime/spdlog,ff16fab2ee0ccfa6,0.35714285714285715,2,1,0.0,True,1.0,1.0,1.0,1.0,1.0,1.0,1.0,1.0
gabime/spdlog,dc5e7833f64ea3ec,0.15714285714285714,0,0,0.0,False,,,,,,,,
gabime/spdlog,21df8a1e8aab0381,0.10344827586206896,3,1,0.0,True,1.0,1.0,1.0,1.0,1.0,1.0,1.0,1.0
gabime/spdlog,68d996c62e3e9a8f,0.0975609756097561,1,0,0.0,False,,,,,,,,
gabime/spdlog,8a066da747f9b793,0.3469387755102041,2,1,0.0,True,1.0,1.0,1.0,1.0,1.0,1.0,1.0,1.0
gabime/spdlog,81cf3e2654f379c4,0.20833333333333334,2,1,0.0,True,1.0,1.0,1.0,1.0,1.0,1.0,1.0,1.0
gabime/spdlog,b5ffc1a3eb11a80e,0.20987654320987653,2,0,0.0,False,,,,,,,,
gabime/spdlog,4ea1fde4c5cd00f8,0.06557377049180328,2,1,0.0,True,1.0,1.0,1.0,1.0,1.0,1.0,1.0,1.0
gabime/spdlog,004e3ea905f99e62,0.16901408450704225,1,0,0.0,False,,,,,,,,
gabime/spdlog,fa22b65d59c3ec25,0.2185430463576159,2,1,0.0,True,1.0,1.0,1.0,1.0,1.0,1.0,1.0,1.0
gabime/spdlog,fac597dc44fd1065,0.24324324324324326,0,0,0.0,False,,,,,,,,
gabime/spdlog,6fd51d98bf01252c,0.2,2,0,0.0,False,,,,,,,,
gabime/spdlog,5eaa0506f1b653b2,0.22608695652173913,1,0,0.0,False,,,,,,,,
geopandas/geopandas,88683843e9e78c85,0.3197278911564626,1,0,1.0,False,,,,,,,,
geopandas/geopandas,c038ce3cf21cf67d,0.06140350877192982,0,0,0.0,False,,,,,,,,
geopandas/geopandas,b72cd7f151b084f7,0.5490196078431373,1,0,1.0,False,,,,,,,,
geopandas/geopandas,edb272c2150acb8b,0.0,1,1,0.0,True,1.0,1.0,1.0,1.0,1.0,1.0,1.0,1.0
geopandas/geopandas,df31f90692292117,0.16020524515393386,9,8,1.0,True,0.7821312100379275,0.0,0.7821312100379275,0.0,0.7821312100379275,0.0,0.9217868789962073,1.0
geopandas/geopandas,20b7929ecbe12bef,0.0,3,1,0.0,True,1.0,1.0,1.0,1.0,1.0,1.0,1.0,1.0
geopandas/geopandas,198c3c0f62218b5c,0.15469613259668508,2,2,0.0,True,0.5706417189553201,0.0,0.5706417189553201,0.0,0.5706417189553201,0.0,0.6934264036172708,0.0
geopandas/geopandas,7ed4ba07bab84f67,0.0,0,0,0.0,False,,,,,,,,
geopandas/geopandas,f3aa74f56201e687,0.0,3,1,0.0,True,1.0,1.0,1.0,1.0,1.0,1.0,1.0,1.0
geopandas/geopandas,f66be483d5a33e3e,0.04951560818083961,4,3,0.0,True,0.6199062332840657,0.0,0.5672074169568709,0.0,0.5672074169568709,0.0,0.6199062332840657,0.0
geopandas/geopandas,e05c6680e60e4182,0.09390444810543658,0,0,0.0,False,,,,,,,,
geopandas/geopandas,c552dff4c953ceaf,0.4666666666666667,1,0,1.0,False,,,,,,,,
geopandas/geopandas,fa9c9849125b2fcb,0.0,0,0,0.0,False,,,,,,,,
geopandas/geopandas,9e0d40e48815e741,0.15294117647058825,1,1,0.0,True,0.43067655807339306,0.0,0.0,0.0,0.19342640361727081,0.0,0.5,0.0
geopandas/geopandas,4a5bf9c0c3c07295,0.4507042253521127,0,0,1.0,False,,,,,,,,
geopandas/geopandas,512ec3ec275984fd,0.0,1,0,0.0,False,,,,,,,,
geopandas/geopandas,bb7a412c96ab8a10,0.0,0,0,0.0,False,,,,,,,,
geopandas/geopandas,e446d347c110d14a,0.07142857142857142,1,1,0.0,True,0.6309297535714575,0.0,0.6309297535714575,0.0,0.6309297535714575,0.0,0.5,0.0
geopandas/geopandas,63a07b136cb3d76a,0.09467455621301775,0,0,0.0,False,,,,,,,,
geopandas/geopandas,b155fa33f0792088,0.0,4,4,0.0,True,0.5627272554209044,0.0,0.5627272554209044,0.0,0.5627272554209044,0.0,0.5627272554209044,0.0
geopandas/geopandas,c5528b37a8a56e28,0.09876543209876543,5,5,0.0,True,0.924133208028394,1.0,0.93252398759402,1.0,0.940914767159646,1.0,0.9515234565959557,1.0
geopandas/geopandas,85b3b586d937731f,0.01899441340782123,2,1,0.0,True,0.0,0.0,0.0,0.0,0.0,0.0,0.0,0.0
geopandas/geopandas,205451176b378b2e,0.2006269592476489,2,2,0.0,True,0.5437713091520254,0.0,0.5437713091520254,0.0,0.5572065140536727,0.0,0.6509209298071326,0.0
geopandas/geopandas,ab23e3b48dbdc0a4,0.10201912858660998,4,4,0.0,True,0.31939394323979897,0.0,0.31939394323979897,0.0,0.31939394323979897,0.0,0.31939394323979897,0.0
geopandas/geopandas,3d42fb9a43fe9841,0.08410757946210269,16,13,0.0,True,0.4533865179114362,0.0,0.4533865179114362,0.0,0.5721100880369673,0.0,0.469331413112921,0.0
getmoto/moto,1c25a74ae153d6ac,0.0,7,2,0.0,True,0.6309297535714575,0.0,0.6309297535714575,0.0,0.6309297535714575,0.0,0.6309297535714575,0.0
getmoto/moto,cf2f90c53ccbd6cc,0.008620689655172414,2,0,0.0,False,,,,,,,,
getmoto/moto,ee4dc8ca4f7847b0,0.014285714285714285,1,0,0.0,False,,,,,,,,
getmoto/moto,511477a1bbcc95a7,0.2,0,0,0.0,False,,,,,,,,
getmoto/moto,80f8e1ef0d831d28,0.11538461538461539,2,2,0.0,True,0.38685280723454163,0.0,0.38685280723454163,0.0,0.38685280723454163,0.0,0.40876468265396737,0.0
getmoto/moto,3597768034d2ad82,0.015873015873015872,0,0,0.0,False,,,,,,,,
getmoto/moto,ba88fecc364ca2c2,0.21428571428571427,0,0,0.0,False,,,,,,,,
getmoto/moto,4d53d2456ab2314d,0.0037593984962406013,7,0,0.0,False,,,,,,,,
getmoto/moto,39f6e1e3ef6a4854,0.2,1,0,0.0,False,,,,,,,,
getmoto/moto,32d9ec7f22801d2c,0.009708737864077669,4,4,0.0,True,0.5797851943955884,0.0,0.5797851943955884,0.0,0.6422502978812101,0.0,0.585819978020326,0.0
getmoto/moto,8aad8f517fd5b893,0.04581467447468136,2,2,0.0,True,0.6309297535714575,0.0,0.6309297535714575,0.0,0.6309297535714575,0.0,0.6309297535714575,0.0
getmoto/moto,f9ea97931cf927f6,0.02564102564102564,0,0,0.0,False,,,,,,,,
getmoto/moto,bee66f315fabfd80,0.18895078922934075,5,2,0.0,True,0.0,0.0,0.0,0.0,0.0,0.0,0.0,0.0
getmoto/moto,f22f779763a873a5,0.0,2,0,0.0,False,,,,,,,,
getmoto/moto,7d659438c06e9132,0.06666666666666667,0,0,0.0,False,,,,,,,,
getmoto/moto,9fd989d5c87a5ef1,0.2578125,0,0,0.0,False,,,,,,,,
getmoto/moto,7e4f38d47933004c,0.0,1,1,0.0,True,1.0,1.0,1.0,1.0,1.0,1.0,1.0,1.0
getmoto/moto,f4d34e5b58b066a2,0.0,0,0,0.0,False,,,,,,,,
getmoto/moto,68aa63c1a3602ddf,0.013157894736842105,1,1,0.0,True,0.6309297535714575,0.0,0.6309297535714575,0.0,0.6309297535714575,0.0,0.6309297535714575,0.0
getmoto/moto,58cffcec6674d94b,0.06746031746031746,4,4,0.0,True,0.6934264036172708,0.0,0.6934264036172708,0.0,0.6934264036172708,0.0,0.6509209298071326,0.0
getmoto/moto,0254741d2faff4bf,0.1631578947368421,2,2,0.0,True,0.43067655807339306,0.0,0.43067655807339306,0.0,0.43067655807339306,0.0,0.43067655807339306,0.0
getmoto/moto,36827a406ea09802,0.1855036855036855,15,9,0.0,True,0.3475825463135603,0.0,0.3475825463135603,0.0,0.3475825463135603,0.0,0.43860034058270864,0.0
getmoto/moto,c0308907a83c54ae,0.053164556962025315,8,2,0.0,True,0.0,0.0,0.0,0.0,0.0,0.0,0.0,0.0
getmoto/moto,72fae6e95b663a05,0.007407407407407408,2,1,0.0,True,0.6309297535714575,0.0,0.6309297535714575,0.0,0.6309297535714575,0.0,0.6309297535714575,0.0
getmoto/moto,7e428f51d1326fc3,0.15151515151515152,0,0,0.0,False,,,,,,,,
getpelican/pelican,8f5e98425799c62c,0.8761061946902655,1,1,1.0,True,0.13625489421798911,0.0,0.6309297535714575,0.0,0.6309297535714575,0.0,0.6309297535714575,0.0
getpelican/pelican,4ebcda955712397b,0.14285714285714285,0,0,0.0,False,,,,,,,,
getpelican/pelican,2957b3bebe4609e9,0.8859649122807017,1,1,1.0,True,0.5,0.0,0.6309297535714575,0.0,0.6309297535714575,0.0,0.6309297535714575,0.0
getpelican/pelican,454dac0bb133e61b,0.8588235294117647,1,1,1.0,True,0.20438234132698369,0.0,0.5654648767857288,0.0,0.5654648767857288,0.0,0.6309297535714575,0.0
getpelican/pelican,7d8bdbbf2cff59fb,0.32642487046632124,0,0,0.0,False,,,,,,,,
getpelican/pelican,b4fb51ca496e22c3,0.1935483870967742,0,0,0.0,False,,,,,,,,
getpelican/pelican,e11226b85416b5fa,0.8245614035087719,0,0,1.0,False,,,,,,,,
getpelican/pelican,3302d2e557d1998b,0.8554216867469879,1,1,1.0,True,0.07737056144690832,0.0,0.40876468265396737,0.0,0.40876468265396737,0.0,0.6309297535714575,0.0
getpelican/pelican,64b4bc05ed9f7e94,0.15770609318996415,0,0,0.0,False,,,,,,,,
getpelican/pelican,6f3b2c6a229a1360,0.8761061946902655,1,1,1.0,True,0.46533827903669656,0.0,0.5,0.0,0.43067655807339306,0.0,1.0,1.0
getpelican/pelican,86fa3be5ca5c1933,0.493862134088763,4,1,1.0,True,0.0,0.0,0.0,0.0,0.0,0.0,0.0,0.0
getpelican/pelican,57c7aa2f4bd875bc,0.9612903225806452,1,1,1.0,True,0.5654648767857288,0.0,0.0,0.0,0.0,0.0,0.6309297535714575,0.0
getpelican/pelican,b6bbc9980eb19e52,0.8827586206896552,2,1,1.0,True,0.5,0.0,0.5,0.0,0.5,0.0,0.6309297535714575,0.0
getpelican/pelican,4af15d5375f18277,0.4117647058823529,0,0,0.0,False,,,,,,,,
getpelican/pelican,8a9e0794a363ef75,0.40487804878048783,0,0,0.0,False,,,,,,,,
getpelican/pelican,28889c8a5b2a0fa8,0.9629629629629629,1,1,1.0,True,0.5,0.0,0.0,0.0,0.0,0.0,0.6309297535714575,0.0
getpelican/pelican,e01fe562e048a988,0.8761061946902655,1,1,1.0,True,0.5,0.0,0.6309297535714575,0.0,0.6309297535714575,0.0,0.6309297535714575,0.0
getpelican/pelican,dea8bf99d0f73c41,0.8153846153846154,0,0,1.0,False,,,,,,,,
getpelican/pelican,3629064bad922c05,0.2,0,0,0.0,False,,,,,,,,
getpelican/pelican,8d6a54ba35475558,0.8761061946902655,1,1,1.0,True,0.13625489421798911,0.0,0.6309297535714575,0.0,0.6309297535714575,0.0,0.6309297535714575,0.0
getpelican/pelican,a9b80a9ab060583e,0.8125,0,0,1.0,False,,,,,,,,
getpelican/pelican,7fb42a8e5a370281,0.45558086560364464,1,0,1.0,False,,,,,,,,
getpelican/pelican,2b20249a6bc9a846,0.16666666666666666,0,0,0.0,False,,,,,,,,
getpelican/pelican,d8a4a1c2ad9e54f6,0.8717948717948718,1,1,1.0,True,0.09671320180863541,0.0,0.6309297535714575,0.0,0.6309297535714575,0.0,0.6309297535714575,0.0
getpelican/pelican,c394d8ca65458f45,0.25333333333333335,1,0,0.0,False,,,,,,,,
getsentry/sentry-javascript,15ba539bac6803c2,0.0,0,0,0.0,False,,,,,,,,
getsentry/sentry-javascript,024a9808f4b77e53,0.0,2,0,0.0,False,,,,,,,,
getsentry/sentry-javascript,fd78f382a5bd25c9,0.7272727272727273,0,0,1.0,False,,,,,,,,
getsentry/sentry-javascript,88765b1214bb4ff1,0.0625,0,0,1.0,False,,,,,,,,
getsentry/sentry-javascript,25a36289b96c52af,0.06060606060606061,1,0,0.0,False,,,,,,,,
getsentry/sentry-javascript,c5b2ba5272dd11b5,0.0,3,1,0.0,True,0.6309297535714575,0.0,0.6309297535714575,0.0,0.6309297535714575,0.0,0.6309297535714575,0.0
getsentry/sentry-javascript,dfc8d350d2153d6e,0.0,3,1,0.0,True,0.5654648767857288,0.0,0.5654648767857288,0.0,0.5654648767857288,0.0,0.5654648767857288,0.0
getsentry/sentry-javascript,a76403ca6d621a97,0.0,0,0,0.0,False,,,,,,,,
getsentry/sentry-javascript,a2527429d6ef4674,0.0,1,0,0.0,False,,,,,,,,
getsentry/sentry-javascript,dac5a874444bb82b,0.0,1,0,0.0,False,,,,,,,,
getsentry/sentry-javascript,752da37218be569a,0.0,1,0,0.0,False,,,,,,,,
getsentry/sentry-javascript,54f30b0e7f87167e,0.0,1,0,0.0,False,,,,,,,,
getsentry/sentry-javascript,b73ad321e18c1ac6,0.0,0,0,0.0,False,,,,,,,,
getsentry/sentry-javascript,e100e68c9d21869e,0.0,11,3,0.0,True,0.0,0.0,0.0,0.0,0.0,0.0,0.0,0.0
getsentry/sentry-javascript,df98c4fb46945950,0.0,0,0,0.0,False,,,,,,,,
getsentry/sentry-javascript,c040daffa54fc6fa,0.0,21,17,0.0,True,0.8684904484858395,1.0,0.8684904484858395,1.0,0.8684904484858395,1.0,0.8684904484858395,1.0
getsentry/sentry-javascript,25b1d9d96810be4b,0.0,0,0,0.0,False,,,,,,,,
getsentry/sentry-javascript,2454d9e57bcd47f9,0.0,0,0,0.0,False,,,,,,,,
getsentry/sentry-javascript,57c13c0cb5bd31f0,0.0,1,1,0.0,True,0.6309297535714575,0.0,0.6309297535714575,0.0,0.6309297535714575,0.0,0.6309297535714575,0.0
getsentry/sentry-javascript,287f80f8ef17e3a5,0.0,1,0,0.0,False,,,,,,,,
getsentry/sentry-javascript,daf4df12ea06634a,0.0,1,1,0.0,True,0.5,0.0,0.5,0.0,0.5,0.0,0.5,0.0
getsentry/sentry-javascript,2366c4d905d0657a,0.0,0,0,0.0,False,,,,,,,,
getsentry/sentry-javascript,9a07f2aa1f31c23a,0.0,3,0,0.0,False,,,,,,,,
getsentry/sentry-javascript,7bd68edd800ade1d,0.0,0,0,0.0,False,,,,,,,,
getsentry/sentry-javascript,dcd116db13069607,0.0,15,7,0.0,True,0.5222879705645255,0.0,0.5222879705645255,0.0,0.49222886894413725,0.0,0.5222879705645255,0.0
getsentry/sentry,ecfd6585b42ad65b,0.0,0,0,0.0,False,,,,,,,,
getsentry/sentry,42e73dc3a64d163d,0.01652892561983471,6,4,0.0,True,0.0,0.0,0.0,0.0,0.0,0.0,0.0,0.0
getsentry/sentry,f5369caf709cbf91,0.0,0,0,0.0,False,,,,,,,,
getsentry/sentry,b69421f5d0bb8058,0.0,0,0,0.0,False,,,,,,,,
getsentry/sentry,c1372c4857de8367,0.023529411764705882,4,0,0.0,False,,,,,,,,
getsentry/sentry,ba49e9d193c52395,0.027777777777777776,9,0,0.0,False,,,,,,,,
getsentry/sentry,23b3659358113e0e,0.07142857142857142,0,0,0.0,False,,,,,,,,
getsentry/sentry,5035e2107818ec4b,0.0,0,0,0.0,False,,,,,,,,
getsentry/sentry,f4feca2bfdb686a4,0.0,1,0,0.0,False,,,,,,,,
getsentry/sentry,f84cc5756c0cbb50,0.22935779816513763,1,0,0.0,False,,,,,,,,
getsentry/sentry,356331c9efd6a991,0.1375722543352601,5,1,0.0,True,0.5,0.0,0.5,0.0,0.5,0.0,0.5,0.0
getsentry/sentry,3e09abbc7122b284,0.16964285714285715,3,1,0.0,True,0.0,0.0,0.0,0.0,0.0,0.0,0.38685280723454163,0.0
getsentry/sentry,83ed1875c8b79041,0.16666666666666666,2,0,0.0,False,,,,,,,,
getsentry/sentry,4b69ad8e031a2634,0.044444444444444446,2,0,0.0,False,,,,,,,,
getsentry/sentry,4c9aa7e307225a48,0.0,0,0,0.0,False,,,,,,,,
getsentry/sentry,737b83a782327b46,0.030303030303030304,1,0,0.0,False,,,,,,,,
getsentry/sentry,eb6f4d8deb01417b,0.03488372093023256,3,0,0.0,False,,,,,,,,
getsentry/sentry,05f2d51a84591991,0.0,1,0,0.0,False,,,,,,,,
getsentry/sentry,4877e2381571d85c,0.008928571428571428,1,1,0.0,True,0.40876468265396737,0.0,0.40876468265396737,0.0,0.40876468265396737,0.0,0.46533827903669656,0.0
getsentry/sentry,e2560ab047cce267,0.03167420814479638,14,3,0.0,True,0.14704034066641014,0.0,0.0,0.0,0.0,0.0,0.14704034066641014,0.0
getsentry/sentry,02d8826b7f2ca12d,0.018518518518518517,0,0,0.0,False,,,,,,,,
getsentry/sentry,8c86f55b90220fef,0.026905829596412557,4,0,0.0,False,,,,,,,,
getsentry/sentry,aa6bad3f478a1e28,0.0,4,2,0.0,True,0.5,0.0,0.5,0.0,0.46533827903669656,0.0,0.5,0.0
getsentry/sentry,04375b37f3acfd73,0.02654867256637168,3,1,0.0,True,0.0,0.0,0.0,0.0,0.0,0.0,0.0,0.0
getsentry/sentry,b9f22f75919e477e,0.0016474464579901153,7,7,0.0,True,0.7851144250702093,0.0,0.7851144250702093,0.0,0.7851144250702093,0.0,0.7851144250702093,0.0
getsops/sops,db1f911b9c253dbd,0.01927860696517413,1,0,1.0,False,,,,,,,,
getsops/sops,373f5578b8f362a3,0.0170261066969353,3,0,0.0,False,,,,,,,,
getsops/sops,ffefc0fd8980b445,0.03559870550161812,0,0,0.0,False,,,,,,,,
getsops/sops,bfefa0adbe3e1198,0.00980392156862745,0,0,0.0,False,,,,,,,,
getsops/sops,774985986bb4d9a6,0.0012004801920768306,18,9,0.0,True,1.0,1.0,1.0,1.0,0.6309297535714575,0.0,1.0,1.0
getsops/sops,eedd9a6d2f399b6b,0.013888888888888888,5,4,0.0,True,0.38685280723454163,0.0,0.38685280723454163,0.0,0.38685280723454163,0.0,0.38685280723454163,0.0
getsops/sops,f13c61794e7141eb,0.030927835051546393,8,7,0.0,True,0.5,0.0,0.5,0.0,0.5,0.0,0.5,0.0
gitbucket/gitbucket,93b31c280037a6d5,0.02531645569620253,0,0,0.0,False,,,,,,,,
gitbucket/gitbucket,dc4ce69ddf773082,0.19318181818181818,0,0,0.0,False,,,,,,,,
gitbucket/gitbucket,2f19a6d5c2beb969,0.33875739644970415,7,5,0.0,True,1.0,1.0,1.0,1.0,1.0,1.0,1.0,1.0
gitbucket/gitbucket,8023d0c644918d9c,0.10416666666666667,0,0,0.0,False,,,,,,,,
gitbucket/gitbucket,2dd4b6e40179ac27,0.00964630225080386,0,0,0.0,False,,,,,,,,
gitbucket/gitbucket,1ed539669c5a96ac,0.48936170212765956,0,0,1.0,False,,,,,,,,
gitbucket/gitbucket,7fb8cd07d69c7d99,0.08994708994708994,4,3,0.0,True,1.0,1.0,1.0,1.0,1.0,1.0,1.0,1.0
gitbucket/gitbucket,bfd632bd244ae144,0.05970149253731343,1,0,0.0,False,,,,,,,,
gitbucket/gitbucket,da55d3a6482d0634,0.05570291777188329,0,0,0.0,False,,,,,,,,
gitbucket/gitbucket,47deeb7e45cad881,0.15315315315315314,1,1,0.0,True,1.0,1.0,1.0,1.0,1.0,1.0,1.0,1.0
gitbucket/gitbucket,8b72e4b5d262a5e7,0.034075104311543813,5,3,0.0,True,0.7601875334318685,1.0,0.7601875334318685,1.0,0.7601875334318685,1.0,0.7601875334318685,1.0
gitbucket/gitbucket,bde887316a3c27d9,0.2857142857142857,0,0,0.0,False,,,,,,,,
gitbucket/gitbucket,57820c2fe3629509,0.08552631578947369,0,0,0.0,False,,,,,,,,
gitbucket/gitbucket,9f9a90b46ee756ba,0.2857142857142857,0,0,0.0,False,,,,,,,,
gitbucket/gitbucket,c341afdd035e6307,0.018518518518518517,0,0,0.0,False,,,,,,,,
gitbucket/gitbucket,e7567d60752095f9,0.20915032679738563,1,0,0.0,False,,,,,,,,
gitbucket/gitbucket,7219e2f24dd4751f,0.007518796992481203,1,0,0.0,False,,,,,,,,
gitbucket/gitbucket,20fb2fb55af2fc50,0.004629629629629629,4,3,0.0,True,1.0,1.0,1.0,1.0,1.0,1.0,1.0,1.0
gitbucket/gitbucket,88d78c4156b4c051,0.043478260869565216,0,0,1.0,False,,,,,,,,
gitbucket/gitbucket,5c49f3e04d75d194,0.043478260869565216,0,0,0.0,False,,,,,,,,
gitbucket/gitbucket,363478beb7151cff,0.022321428571428572,2,1,0.0,True,0.38685280723454163,0.0,0.0,0.0,0.0,0.0,0.0,0.0
gitbucket/gitbucket,59cceaf9e8774ca3,0.3588235294117647,1,0,1.0,False,,,,,,,,
gitbucket/gitbucket,be8b1a27444e333a,0.0646900269541779,4,2,0.0,True,1.0,1.0,1.0,1.0,1.0,1.0,1.0,1.0
gitbucket/gitbucket,df4f8d75c1d741e6,0.2903225806451613,3,2,0.0,True,1.0,1.0,1.0,1.0,1.0,1.0,1.0,1.0
gitbucket/gitbucket,a9917f80555994ba,0.06611570247933884,0,0,0.0,False,,,,,,,,
gitextensions/gitextensions,75f6e264e754d911,0.0,6,6,0.0,True,0.27668379617911987,0.0,0.27668379617911987,0.0,0.29124185733624136,0.0,0.27668379617911987,0.0
gitextensions/gitextensions,63561f3f9272550c,0.027777777777777776,1,1,0.0,True,0.0,0.0,0.19342640361727081,0.0,0.0,0.0,0.0,0.0
gitextensions/gitextensions,9da24614831c3088,0.09876543209876543,3,2,0.0,True,0.6934264036172708,0.0,0.6934264036172708,0.0,0.6934264036172708,0.0,0.6509209298071326,0.0
github/codeql,1be5c7bd02a37b84,0.07017543859649122,0,0,0.0,False,,,,,,,,
github/codeql,1a30d53d18a8d5e3,0.02857142857142857,0,0,0.0,False,,,,,,,,
github/codeql,b52131bc3b614d1c,0.04,0,0,0.0,False,,,,,,,,
github/codeql,e82d3cecd5c4d02f,0.025974025974025976,1,0,0.0,False,,,,,,,,
github/codeql,5b87125965597624,0.027586206896551724,0,0,0.0,False,,,,,,,,
github/codeql,0372f2fae9a13be0,0.045454545454545456,0,0,0.0,False,,,,,,,,
github/codeql,bcdeb5eab3250dc6,0.011428571428571429,0,0,0.0,False,,,,,,,,
github/codeql,835ffdd19452da8a,0.01444043321299639,2,0,0.0,False,,,,,,,,
github/codeql,f5ee5f3fa93968f9,0.0,0,0,0.0,False,,,,,,,,
github/codeql,346e2a1f326d5e81,0.0,1,1,0.0,True,0.6309297535714575,0.0,0.6309297535714575,0.0,0.6309297535714575,0.0,0.6309297535714575,0.0
github/codeql,7b881b013923d737,0.0,3,2,0.0,True,0.6309297535714575,0.0,0.6309297535714575,0.0,0.6309297535714575,0.0,0.6309297535714575,0.0
github/codeql,686702fb8d66fb0c,0.02127659574468085,0,0,0.0,False,,,,,,,,
github/codeql,d659cddac7221372,0.0022026431718061676,6,1,0.0,True,1.0,1.0,1.0,1.0,0.6309297535714575,0.0,1.0,1.0
github/codeql,5cc4a171a6fa4f3b,0.0026845637583892616,1,1,0.0,True,0.19342640361727081,0.0,0.0,0.0,0.0,0.0,0.19342640361727081,0.0
github/codeql,43d183b4c95107d6,0.001358080579447714,3,3,0.0,True,0.5,0.0,0.43067655807339306,0.0,0.0,0.0,0.5,0.0
github/codeql,7b9f03744aec849a,0.01358695652173913,1,1,0.0,True,0.38685280723454163,0.0,0.38685280723454163,0.0,0.38685280723454163,0.0,0.38685280723454163,0.0
github/codeql,e1b62d91b61d6db5,0.0273972602739726,0,0,0.0,False,,,,,,,,
github/codeql,7b9cd5754ada2782,0.0,0,0,0.0,False,,,,,,,,
github/codeql,83b97f5988b88ab0,0.025806451612903226,0,0,0.0,False,,,,,,,,
github/codeql,a135fb8a484a56b6,0.016260162601626018,0,0,0.0,False,,,,,,,,
github/codeql,bb45a4f839dfff0c,0.0,0,0,0.0,False,,,,,,,,
github/codeql,ff0f957350a0077a,0.0163265306122449,0,0,0.0,False,,,,,,,,
github/codeql,9dee3acddeb88440,0.0064516129032258064,2,2,0.0,True,0.38685280723454163,0.0,0.38685280723454163,0.0,0.38685280723454163,0.0,0.38685280723454163,0.0
github/codeql,7928836716d9613d,0.0,0,0,0.0,False,,,,,,,,
github/codeql,1ca064aeea151833,0.010810810810810811,1,1,0.0,True,0.43067655807339306,0.0,0.43067655807339306,0.0,0.43067655807339306,0.0,0.43067655807339306,0.0
gitkraken/vscode-gitlens,8fa4b52909f895e8,0.19617224880382775,16,9,0.0,True,1.0,1.0,1.0,1.0,1.0,1.0,1.0,1.0
gitkraken/vscode-gitlens,9e6d4b9d37100040,0.0055248618784530384,33,16,0.0,True,0.944982667790508,0.0,0.944982667790508,0.0,0.944982667790508,0.0,0.944982667790508,0.0
gitkraken/vscode-gitlens,bf3527fca9da3cb2,0.3942652329749104,9,7,0.0,True,1.0,1.0,1.0,1.0,1.0,1.0,1.0,1.0
gitkraken/vscode-gitlens,f61e0d5a5cb9539a,0.030338389731621937,4,4,0.0,True,1.0,1.0,1.0,1.0,1.0,1.0,1.0,1.0
gitkraken/vscode-gitlens,f8a7f31d1442410e,0.1830065359477124,7,7,0.0,True,1.0,1.0,1.0,1.0,1.0,1.0,1.0,1.0
gitkraken/vscode-gitlens,e50dcf7c3601c13c,0.059574468085106386,4,3,0.0,True,1.0,1.0,1.0,1.0,1.0,1.0,1.0,1.0
gitkraken/vscode-gitlens,88e10994a69fe35a,0.007263922518159807,1,0,0.0,False,,,,,,,,
gitkraken/vscode-gitlens,2902282e1a452ce9,0.0,11,10,0.0,True,1.0,1.0,1.0,1.0,1.0,1.0,1.0,1.0
gitkraken/vscode-gitlens,a54595d3c1c31b6c,0.0,3,1,0.0,True,1.0,1.0,1.0,1.0,1.0,1.0,1.0,1.0
gitkraken/vscode-gitlens,18e509d2c51fbbbb,0.0,11,10,0.0,True,1.0,1.0,1.0,1.0,1.0,1.0,1.0,1.0
gitkraken/vscode-gitlens,fcd78c1f016381ca,0.18085106382978725,2,2,0.0,True,1.0,1.0,1.0,1.0,1.0,1.0,1.0,1.0
gitkraken/vscode-gitlens,ae89311b0038a2b2,0.0,3,3,0.0,True,0.6309297535714575,0.0,0.6309297535714575,0.0,0.6309297535714575,0.0,0.6309297535714575,0.0
gitkraken/vscode-gitlens,4298a5c7ea1aef82,0.0,7,5,0.0,True,1.0,1.0,1.0,1.0,1.0,1.0,1.0,1.0
gitkraken/vscode-gitlens,43b15f79a2abbfd6,0.004424778761061947,5,3,0.0,True,1.0,1.0,1.0,1.0,1.0,1.0,1.0,1.0
gitkraken/vscode-gitlens,a5de3e5871ffcc38,0.09433962264150944,10,5,0.0,True,1.0,1.0,1.0,1.0,1.0,1.0,1.0,1.0
gitkraken/vscode-gitlens,22b0e6b0bb20b6be,0.6206896551724138,4,4,0.0,True,1.0,1.0,1.0,1.0,1.0,1.0,1.0,1.0
gitkraken/vscode-gitlens,00dabb8f49a96425,0.5604395604395604,5,3,0.0,True,1.0,1.0,1.0,1.0,1.0,1.0,1.0,1.0
gitkraken/vscode-gitlens,2b3d4a9f67ba406d,0.002331002331002331,24,24,0.0,True,1.0,1.0,1.0,1.0,1.0,1.0,1.0,1.0
gitkraken/vscode-gitlens,cb39ea504c7d390f,0.009615384615384616,10,8,0.0,True,1.0,1.0,1.0,1.0,1.0,1.0,1.0,1.0
gitkraken/vscode-gitlens,18f0b7cf6e4dfe25,0.010638297872340425,8,2,0.0,True,1.0,1.0,1.0,1.0,1.0,1.0,1.0,1.0
gitkraken/vscode-gitlens,9d416ee97de03ad6,0.015765765765765764,3,2,0.0,True,0.6309297535714575,0.0,0.6309297535714575,0.0,0.6309297535714575,0.0,0.6309297535714575,0.0
gitkraken/vscode-gitlens,6339d6c4bc1338a5,0.02702702702702703,2,2,0.0,True,1.0,1.0,1.0,1.0,1.0,1.0,1.0,1.0
gitkraken/vscode-gitlens,c1ad20e560739933,0.0870712401055409,3,3,0.0,True,1.0,1.0,1.0,1.0,1.0,1.0,1.0,1.0
gitkraken/vscode-gitlens,c45f294e00d65c2d,0.0,3,2,0.0,True,1.0,1.0,1.0,1.0,1.0,1.0,1.0,1.0
gitkraken/vscode-gitlens,8c53c3299714dbd3,0.14285714285714285,3,3,0.0,True,1.0,1.0,1.0,1.0,1.0,1.0,1.0,1.0
godotengine/godot,663511b664fc21e4,0.034103410341034104,11,8,0.0,True,1.0,1.0,0.9782999608327858,1.0,0.942667097708582,1.0,0.942667097708582,1.0
godotengine/godot,767752c116e6b2f5,0.04176904176904177,4,2,0.0,True,0.43067655807339306,0.0,0.0,0.0,0.0,0.0,0.0,0.0
godotengine/godot,c104be17eafeab09,0.05649717514124294,2,2,0.0,True,0.0,0.0,0.0,0.0,0.0,0.0,0.0,0.0
godotengine/godot,3fabb557ffcb06b8,0.045104510451045104,7,3,0.0,True,0.5,0.0,0.0,0.0,0.0,0.0,0.0,0.0
godotengine/godot,9122c6ae75e45fa3,0.08746355685131195,4,3,0.0,True,0.2960819109658652,0.0,0.2960819109658652,0.0,0.2960819109658652,0.0,0.3868528072345416,0.0
godotengine/godot,3a958ea4573c75b1,0.3875,1,1,1.0,True,0.0,0.0,0.0,0.0,0.40876468265396737,0.0,0.0,0.0
godotengine/godot,e9783f1deeb70f29,1.0,1,0,0.0,False,,,,,,,,
godotengine/godot,5d964a06a1c9a478,0.4444444444444444,0,0,1.0,False,,,,,,,,
godotengine/godot,0c572e6d8f4c20e5,0.15307402760351319,8,4,0.0,True,0.4030302838010049,0.0,0.31939394323979897,0.0,0.27511096828801057,0.0,0.31939394323979897,0.0
godotengine/godot,629deb7a2de79da7,0.2857142857142857,5,4,1.0,True,0.6309297535714575,0.0,0.5,0.0,0.5,0.0,0.5,0.0
godotengine/godot,b45bccd33dccf830,1.0,0,0,0.0,False,,,,,,,,
godotengine/godot,665c472c7156a4cc,1.0,0,0,0.0,False,,,,,,,,
godotengine/godot,a5ab0c9351c2bec9,0.0344418052256532,3,3,0.0,True,0.4796249331362629,0.0,0.3273949503887395,0.0,0.3273949503887395,0.0,0.4796249331362629,0.0
godotengine/godot,52701eeaae348d23,0.1708185053380783,9,4,0.0,True,0.0,0.0,0.0,0.0,0.0,0.0,0.0,0.0
godotengine/godot,c774a788c66d21f8,0.2631578947368421,3,1,1.0,True,0.43067655807339306,0.0,0.40876468265396737,0.0,0.40876468265396737,0.0,0.40876468265396737,0.0
godotengine/godot,20b34ee6a6f2ffcb,0.006689734717416378,24,11,0.0,True,0.11655841865509622,0.0,0.11655841865509622,0.0,0.16164937011863917,0.0,0.11655841865509622,0.0
godotengine/godot,8da85ab9bf3d8728,0.28431372549019607,0,0,1.0,False,,,,,,,,
godotengine/godot,ab20e90fdcf183d5,1.0,0,0,0.0,False,,,,,,,,
godotengine/godot,3b696d7192fdc37a,0.45454545454545453,0,0,1.0,False,,,,,,,,
godotengine/godot,5edddd5568985b93,1.0,0,0,0.0,False,,,,,,,,
godotengine/godot,7ef3074715b6240b,0.27102803738317754,1,0,0.0,False,,,,,,,,
godotengine/godot,eef6a82d8f6028e8,0.30612244897959184,1,0,0.0,False,,,,,,,,
godotengine/godot,336b91470cfd2336,0.00749063670411985,2,2,0.0,True,0.40876468265396737,0.0,0.40876468265396737,0.0,0.43067655807339306,0.0,0.40876468265396737,0.0
godotengine/godot,3b5c455bd1f86e34,1.0,0,0,0.0,False,,,,,,,,
godotengine/godot,4b0aa39d9137a903,1.0,0,0,0.0,False,,,,,,,,
google/flax,1bb5fde1a4473f26,0.107981220657277,0,0,0.0,False,,,,,,,,
google/flax,9460ed760322bd17,0.05673758865248227,0,0,0.0,False,,,,,,,,
google/flax,e95705c55fc12d56,0.12048192771084337,0,0,1.0,False,,,,,,,,
google/flax,fb698a48493d9787,0.07874015748031496,1,0,0.0,False,,,,,,,,
google/flax,48cb7386ad7b40b7,0.01818181818181818,0,0,0.0,False,,,,,,,,
google/flax,ac64ef8527ae90a7,0.19248826291079812,1,0,0.0,False,,,,,,,,
google/flax,8d28acc69abeeb35,0.057692307692307696,0,0,0.0,False,,,,,,,,
google/flax,482d4930139217a2,0.05521472392638037,0,0,0.0,False,,,,,,,,
google/flax,94886438e3331793,0.04090073529411765,3,0,0.0,False,,,,,,,,
google/flax,a922cc8012e11919,0.13651315789473684,0,0,0.0,False,,,,,,,,
google/flax,d770e7a425b62e28,0.0763888888888889,0,0,0.0,False,,,,,,,,
google/flax,17151e4404248147,0.11607142857142858,1,0,0.0,False,,,,,,,,
google/flax,c030f0e038ca82a9,0.10144927536231885,1,0,0.0,False,,,,,,,,
google/flax,109a137aec3272bd,0.20121951219512196,0,0,0.0,False,,,,,,,,
google/flax,90d348f39e59ace8,0.015873015873015872,1,0,0.0,False,,,,,,,,
google/flax,0bedefb19447ff15,0.04639175257731959,0,0,0.0,False,,,,,,,,
google/flax,d53cff3509f30c88,0.04358552631578947,5,1,0.0,True,0.6309297535714575,0.0,0.5,0.0,0.5,0.0,0.6309297535714575,0.0
google/flax,c41e94849ec4bfc0,0.0625,0,0,0.0,False,,,,,,,,
google/flax,528d0614f8a1c960,0.0456140350877193,0,0,0.0,False,,,,,,,,
google/flax,de7847677acda028,0.046875,0,0,0.0,False,,,,,,,,
google/flax,a85252f0cc207556,0.10309278350515463,0,0,0.0,False,,,,,,,,
google/flax,59d6487bf3daed15,0.02631578947368421,0,0,0.0,False,,,,,,,,
google/flax,bb78084e6f3dc8fc,0.04411764705882353,0,0,0.0,False,,,,,,,,
google/flax,26197cf921542318,0.0,0,0,0.0,False,,,,,,,,
google/flax,86483905214c5d66,0.03143534994068802,2,0,0.0,False,,,,,,,,
google/gson,1c958046ecf6b0f9,0.09302325581395349,0,0,0.0,False,,,,,,,,
google/gson,54539d9b1e8f8301,0.2631578947368421,0,0,0.0,False,,,,,,,,
google/gson,2002b8d1e823c746,0.13554987212276215,5,1,0.0,True,0.5,0.0,0.5,0.0,0.5,0.0,0.5,0.0
google/gson,e18cea97a88bb993,0.08163265306122448,0,0,0.0,False,,,,,,,,
google/gson,f4d65f1657b0d869,0.3353028064992615,1,0,0.0,False,,,,,,,,
google/gson,b523363ff47e4f33,0.022598870056497175,0,0,0.0,False,,,,,,,,
google/gson,fed34c312ab3a0fa,0.18867924528301888,2,1,0.0,True,0.38685280723454163,0.0,0.38685280723454163,0.0,0.19342640361727081,0.0,0.43067655807339306,0.0
google/gson,d34d5ff35c5c247f,0.1926782273603083,0,0,0.0,False,,,,,,,,
google/gson,bd0d63b0fbfa5f74,0.05,0,0,0.0,False,,,,,,,,
google/gson,61d928a555cf301a,0.7973856209150327,0,0,1.0,False,,,,,,,,
google/gson,8a9139e060e1a656,0.04087193460490463,1,0,0.0,False,,,,,,,,
google/gson,8d2ce2fe55adf66a,0.07357859531772576,0,0,0.0,False,,,,,,,,
google/gson,67e2d64b7bb420cd,0.047619047619047616,0,0,0.0,False,,,,,,,,
google/gson,83ed111263d5c34c,0.06451612903225806,0,0,0.0,False,,,,,,,,
google/gson,9d2febf6f73322a2,0.3028263795423957,0,0,1.0,False,,,,,,,,
google/gson,ef8e780eecb8eaf2,0.11728395061728394,0,0,0.0,False,,,,,,,,
google/gson,708a2da9dcc36250,0.5125,0,0,1.0,False,,,,,,,,
google/gson,a0f56d5eb3683cd8,0.20282542885973764,2,2,0.0,True,0.5,0.0,0.6309297535714575,0.0,0.5,0.0,0.6309297535714575,0.0
google/gson,db8967537af437fe,0.20575221238938052,0,0,0.0,False,,,,,,,,
google/gson,84ace34a709924a2,0.9805825242718447,2,1,1.0,True,0.6309297535714575,0.0,0.6309297535714575,0.0,0.5,0.0,0.6309297535714575,0.0
google/gson,bfa9e2b3a807d7c3,0.12745098039215685,1,1,0.0,True,0.5,0.0,0.6309297535714575,0.0,0.6309297535714575,0.0,0.6309297535714575,0.0
google/gson,bdc18cf7b6cae592,0.027777777777777776,0,0,0.0,False,,,,,,,,
google/gson,884a46613d3246fd,0.203125,0,0,0.0,False,,,,,,,,
google/gson,6e32869a1dd11748,0.05263157894736842,0,0,0.0,False,,,,,,,,
google/gson,2ee3baa76aa42845,0.08860759493670886,0,0,0.0,False,,,,,,,,
google/perfetto,3f6b64f5d4e59d29,0.10869565217391304,6,4,0.0,True,1.0,1.0,1.0,1.0,0.8154648767857288,0.5,1.0,1.0
google/perfetto,0cbd5930a930e249,0.02707275803722504,3,3,0.0,True,1.0,1.0,1.0,1.0,1.0,1.0,1.0,1.0
google/perfetto,76664080ef81a90b,0.0064516129032258064,5,3,0.0,True,1.0,1.0,1.0,1.0,1.0,1.0,1.0,1.0
google/perfetto,6950f8295fb36389,0.17647058823529413,0,0,0.0,False,,,,,,,,
google/perfetto,9547b51f18d2b975,0.03125,2,2,0.0,True,0.6309297535714575,0.0,0.6309297535714575,0.0,0.6309297535714575,0.0,0.6309297535714575,0.0
google/perfetto,82bc062a976a74e6,0.0379746835443038,2,2,0.0,True,0.5,0.0,0.5,0.0,0.6309297535714575,0.0,0.5,0.0
google/perfetto,54364158d96bbd1e,0.35177865612648224,8,6,0.0,True,1.0,1.0,1.0,1.0,1.0,1.0,1.0,1.0
google/perfetto,237a95349de1fda0,0.03773584905660377,1,0,0.0,False,,,,,,,,
google/perfetto,3c1596ede9bb1445,0.018518518518518517,0,0,0.0,False,,,,,,,,
google/perfetto,945598f11f34cc04,0.022988505747126436,11,7,0.0,True,0.6309297535714575,0.0,0.6309297535714575,0.0,0.6309297535714575,0.0,0.6309297535714575,0.0
google/perfetto,7b2d84695caffff2,0.008695652173913044,1,1,0.0,True,1.0,1.0,1.0,1.0,1.0,1.0,1.0,1.0
google/perfetto,1acc586167b2c6f6,0.0,3,3,0.0,True,1.0,1.0,1.0,1.0,1.0,1.0,1.0,1.0
google/perfetto,5a180b57ce30be62,0.12598425196850394,2,2,0.0,True,0.6309297535714575,0.0,0.6309297535714575,0.0,0.5,0.0,0.5,0.0
google/perfetto,d171d0cb31afbd52,0.1414141414141414,1,1,0.0,True,0.6309297535714575,0.0,0.6309297535714575,0.0,0.5,0.0,0.5,0.0
google/perfetto,bd1f85fc95481f48,0.044444444444444446,2,2,0.0,True,1.0,1.0,1.0,1.0,1.0,1.0,1.0,1.0
google/perfetto,cc9070696fad4ef1,0.03333333333333333,4,4,0.0,True,1.0,1.0,1.0,1.0,1.0,1.0,1.0,1.0
google/perfetto,d3b841051ee12dc1,0.029411764705882353,2,2,0.0,True,0.43067655807339306,0.0,0.43067655807339306,0.0,0.5,0.0,0.0,0.0
google/perfetto,8e95bf2dc53a3bad,0.0989010989010989,5,5,1.0,True,1.0,1.0,1.0,1.0,1.0,1.0,0.8154648767857287,0.5
google/perfetto,2b0839fce04063f3,0.2275132275132275,6,6,0.0,True,1.0,1.0,1.0,1.0,1.0,1.0,1.0,1.0
google/perfetto,209d9601dbe74492,0.28225806451612906,0,0,0.0,False,,,,,,,,
google/perfetto,8799dd4ee63af334,0.1895734597156398,2,1,0.0,True,1.0,1.0,1.0,1.0,1.0,1.0,1.0,1.0
google/perfetto,61961cbed4331321,0.22727272727272727,1,1,0.0,True,0.6309297535714575,0.0,0.6309297535714575,0.0,0.4391764551026449,0.0,0.6309297535714575,0.0
google/perfetto,432af3798817e477,0.22544642857142858,12,11,0.0,True,0.7519713890344113,0.0,0.7366066725983481,0.0,0.711528942986792,0.0,0.7519713890344113,0.0
google/perfetto,a9f602dd3aa0cb7d,0.015151515151515152,0,0,0.0,False,,,,,,,,
google/perfetto,5ea75a9c278f1c41,0.03333333333333333,1,1,0.0,True,0.6309297535714575,0.0,0.6309297535714575,0.0,0.6309297535714575,0.0,0.6309297535714575,0.0
graphql-dotnet/graphql-dotnet,b70bbfe6e5f687f0,0.7,0,0,1.0,False,,,,,,,,
graphql-dotnet/graphql-dotnet,d5ae94dbf3d24d78,0.661319073083779,3,1,1.0,True,1.0,1.0,0.6309297535714575,0.0,0.6309297535714575,0.0,0.6309297535714575,0.0
graphql-dotnet/graphql-dotnet,c5354f4f05e587f0,0.5767918088737202,0,0,0.0,False,,,,,,,,
graphql-dotnet/graphql-dotnet,50ffe11fcab896fe,0.82,0,0,1.0,False,,,,,,,,
graphql-dotnet/graphql-dotnet,27c730fdd184224d,0.7083333333333334,1,1,0.0,True,1.0,1.0,1.0,1.0,1.0,1.0,1.0,1.0
graphql-dotnet/graphql-dotnet,f9c93c2bd1211ac3,0.7227722772277227,1,1,1.0,True,1.0,1.0,0.6309297535714575,0.0,0.6309297535714575,0.0,0.6309297535714575,0.0
graphql-dotnet/graphql-dotnet,84d9e8cdaecae25a,0.6142857142857143,1,0,0.0,False,,,,,,,,
graphql-dotnet/graphql-dotnet,1d0937dddc94e83d,0.7192982456140351,0,0,1.0,False,,,,,,,,
graphql-dotnet/graphql-dotnet,bee94a6c5b479143,0.7111111111111111,0,0,0.0,False,,,,,,,,
graphql-dotnet/graphql-dotnet,3c7d3da3888933ba,0.5504587155963303,0,0,0.0,False,,,,,,,,
graphql-dotnet/graphql-dotnet,482ba4920a6d0c41,0.819672131147541,0,0,0.0,False,,,,,,,,
graphql-dotnet/graphql-dotnet,9619e1998936bdb0,0.6097560975609756,0,0,1.0,False,,,,,,,,
graphql-dotnet/graphql-dotnet,caef258855bf2d2e,0.6666666666666666,1,1,1.0,True,1.0,1.0,0.6309297535714575,0.0,0.6309297535714575,0.0,0.6309297535714575,0.0
graphql-dotnet/graphql-dotnet,fd0e80cb237b649f,0.7222222222222222,0,0,0.0,False,,,,,,,,
graphql-dotnet/graphql-dotnet,c85acc0c7de5635b,0.7333333333333333,1,1,0.0,True,1.0,1.0,1.0,1.0,1.0,1.0,1.0,1.0
graphql-dotnet/graphql-dotnet,708782c8cc4e53b7,0.5909090909090909,0,0,1.0,False,,,,,,,,
graphql-dotnet/graphql-dotnet,81db976999675041,0.7101449275362319,1,0,1.0,False,,,,,,,,
graphql-dotnet/graphql-dotnet,34274530830e6345,0.7101449275362319,0,0,1.0,False,,,,,,,,
graphql-dotnet/graphql-dotnet,fa10eafdc7cfef03,0.5964912280701754,1,0,0.0,False,,,,,,,,
graphql-dotnet/graphql-dotnet,75a203f298e09d15,0.7619047619047619,0,0,1.0,False,,,,,,,,
graphql-dotnet/graphql-dotnet,0042550e7407be41,0.6666666666666666,0,0,0.0,False,,,,,,,,
graphql-dotnet/graphql-dotnet,765962b0b600080f,0.676056338028169,1,1,1.0,True,1.0,1.0,0.6309297535714575,0.0,0.6309297535714575,0.0,0.6309297535714575,0.0
graphql-dotnet/graphql-dotnet,59ebe8d6a100377e,0.6470588235294118,0,0,0.0,False,,,,,,,,
graphql-dotnet/graphql-dotnet,83c7574a017894b1,0.8817204301075269,1,1,1.0,True,1.0,1.0,0.6309297535714575,0.0,0.6309297535714575,0.0,0.6309297535714575,0.0
graphql-dotnet/graphql-dotnet,d396aa589768074e,0.7301587301587301,1,1,1.0,True,1.0,1.0,0.5654648767857288,0.0,0.6309297535714575,0.0,0.5,0.0
growthbook/growthbook,e845ef2d92ca5f72,0.04451038575667656,3,3,0.0,True,1.0,1.0,1.0,1.0,1.0,1.0,1.0,1.0
growthbook/growthbook,c2a4e8cef1d45041,0.12359550561797752,1,0,0.0,False,,,,,,,,
growthbook/growthbook,0bc5af95446e5670,0.05232558139534884,4,0,0.0,False,,,,,,,,
growthbook/growthbook,252e5fa73ea03c88,0.04861111111111111,5,2,0.0,True,1.0,1.0,1.0,1.0,1.0,1.0,1.0,1.0
growthbook/growthbook,165f5d95efa352b2,0.04285714285714286,8,6,0.0,True,0.5672074169568709,0.0,0.5672074169568709,0.0,0.5935568251204684,0.0,0.5423246253517888,0.0
growthbook/growthbook,db578cbd9c338aac,0.02622950819672131,8,5,0.0,True,0.5449702648457346,0.0,0.5449702648457346,0.0,0.5449702648457346,0.0,0.5449702648457346,0.0
growthbook/growthbook,2ee511687f474880,0.012658227848101266,2,0,0.0,False,,,,,,,,
growthbook/growthbook,e9dc6a02c866ee9a,0.0064516129032258064,1,0,0.0,False,,,,,,,,
growthbook/growthbook,6de5bae2877609f1,0.07407407407407407,0,0,0.0,False,,,,,,,,
growthbook/growthbook,29e2391fc6049089,0.034482758620689655,3,2,0.0,True,0.11859885638464811,0.0,0.11859885638464811,0.0,0.11859885638464811,0.0,0.0,0.0
growthbook/growthbook,9e8674d163ec3901,0.037037037037037035,4,2,0.0,True,1.0,1.0,1.0,1.0,1.0,1.0,1.0,1.0
growthbook/growthbook,1e7a01a4978cb2e6,0.026515151515151516,18,11,0.0,True,0.3445952813540499,0.0,0.3445952813540499,0.0,0.3445952813540499,0.0,0.3445952813540499,0.0
growthbook/growthbook,93935355affa8ae6,0.18058690744920994,23,14,0.0,True,0.6732934624429354,1.0,0.5562983930884396,1.0,0.5562983930884396,1.0,0.5562983930884396,1.0
growthbook/growthbook,292d3674060d8f81,0.007874015748031496,12,10,0.0,True,0.3733150295464498,0.0,0.3733150295464498,0.0,0.24626567183167,0.0,0.3733150295464498,0.0
growthbook/growthbook,2851a2386d1cfa8c,0.76,4,0,1.0,False,,,,,,,,
growthbook/growthbook,0e2e47087c73a341,0.05357142857142857,14,8,0.0,True,0.48132268789284033,0.0,0.5469250031919253,0.0,0.4844541829721598,0.0,0.24949706559649856,0.0
growthbook/growthbook,038870ca9760d08a,0.028169014084507043,0,0,0.0,False,,,,,,,,
growthbook/growthbook,0ed8a7b5393e3708,0.053231939163498096,6,1,0.0,True,1.0,1.0,1.0,1.0,1.0,1.0,1.0,1.0
growthbook/growthbook,c805a727b6734aec,0.07317073170731707,12,5,0.0,True,0.43187871689428314,0.0,0.43187871689428314,0.0,0.43187871689428314,0.0,0.041768373503851326,0.0
growthbook/growthbook,93917d52743e7e9d,0.03314917127071823,6,3,0.0,True,0.4536139370491393,0.0,0.4536139370491393,0.0,0.3273949503887395,0.0,0.16369747519436975,0.0
growthbook/growthbook,28742c737e523f30,0.011235955056179775,12,11,0.0,True,0.6309297535714575,0.0,0.6309297535714575,0.0,0.6309297535714575,0.0,0.6309297535714575,0.0
growthbook/growthbook,641dd2128df440b0,0.017057569296375266,5,1,0.0,True,0.6309297535714575,0.0,0.6309297535714575,0.0,0.5,0.0,0.6309297535714575,0.0
growthbook/growthbook,32ba8a009407e30a,0.5384615384615384,3,1,1.0,True,0.43067655807339306,0.0,0.43067655807339306,0.0,0.43067655807339306,0.0,0.5,0.0
growthbook/growthbook,545ab2a99f54de88,0.003389830508474576,5,2,0.0,True,0.6309297535714575,0.0,0.6309297535714575,0.0,0.6309297535714575,0.0,0.6309297535714575,0.0
growthbook/growthbook,65bb1774992bb42a,0.05333333333333334,2,0,0.0,False,,,,,,,,
grpc-ecosystem/grpc-gateway,411aaf1bcbdb81d6,0.09420289855072464,0,0,0.0,False,,,,,,,,
grpc-ecosystem/grpc-gateway,272b2870183bbe20,0.5844155844155844,1,0,1.0,False,,,,,,,,
grpc-ecosystem/grpc-gateway,ab29419944ad9f3b,0.46153846153846156,0,0,1.0,False,,,,,,,,
grpc-ecosystem/grpc-gateway,c255ac405628aada,0.002635046113306983,1,0,0.0,False,,,,,,,,
grpc-ecosystem/grpc-gateway,d1f861ec3f058714,0.0062176165803108805,0,0,0.0,False,,,,,,,,
grpc-ecosystem/grpc-gateway,050dd68add910843,0.4444444444444444,1,0,1.0,False,,,,,,,,
grpc-ecosystem/grpc-gateway,a0daa399998e2ff0,0.0053226879574184965,0,0,0.0,False,,,,,,,,
grpc-ecosystem/grpc-gateway,56f2d21ebcc21e2d,0.008379888268156424,0,0,0.0,False,,,,,,,,
grpc-ecosystem/grpc-gateway,ed0d8910d38fbb31,0.7471264367816092,0,0,1.0,False,,,,,,,,
grpc-ecosystem/grpc-gateway,76ed074a9305c040,0.0,6,5,0.0,True,0.7262287617954056,1.0,0.7262287617954056,1.0,0.7262287617954056,1.0,0.7262287617954056,1.0
grpc-ecosystem/grpc-gateway,19161cb7b1c5c2f9,0.6463414634146342,0,0,0.0,False,,,,,,,,
grpc-ecosystem/grpc-gateway,ada14736b250cb65,0.0392156862745098,0,0,0.0,False,,,,,,,,
grpc-ecosystem/grpc-gateway,897f299135d10a90,0.4444444444444444,1,0,1.0,False,,,,,,,,
grpc-ecosystem/grpc-gateway,181671a518837a5f,0.027777777777777776,0,0,0.0,False,,,,,,,,
grpc-ecosystem/grpc-gateway,fd8fde893e1fcf9f,0.07142857142857142,0,0,0.0,False,,,,,,,,
grpc-ecosystem/grpc-gateway,08a6e121e817debe,0.041666666666666664,0,0,0.0,False,,,,,,,,
grpc-ecosystem/grpc-gateway,83f42520181de088,0.3142857142857143,0,0,1.0,False,,,,,,,,
grpc-ecosystem/grpc-gateway,005d0d82a8c98d3c,0.678082191780822,0,0,1.0,False,,,,,,,,
grpc-ecosystem/grpc-gateway,a1fc3d96d9306f6b,0.6363636363636364,0,0,1.0,False,,,,,,,,
grpc-ecosystem/grpc-gateway,90690598e966411e,0.45454545454545453,0,0,1.0,False,,,,,,,,
grpc-ecosystem/grpc-gateway,3b6a4e6677a00dca,0.416,0,0,1.0,False,,,,,,,,
grpc-ecosystem/grpc-gateway,ead3a33190b1b69b,0.19047619047619047,0,0,0.0,False,,,,,,,,
grpc-ecosystem/grpc-gateway,70304970d74748a4,0.8681318681318682,0,0,1.0,False,,,,,,,,
grpc-ecosystem/grpc-gateway,320bc5bec9361fac,0.005714285714285714,1,0,0.0,False,,,,,,,,
grpc-ecosystem/grpc-gateway,edcd7513f48d12c8,0.35294117647058826,0,0,0.0,False,,,,,,,,
grpc/grpc,0eb2c886347946eb,0.203125,0,0,0.0,False,,,,,,,,
grpc/grpc,bfd54a0ea906a54c,0.10714285714285714,0,0,0.0,False,,,,,,,,
grpc/grpc,d55262dfaf7f88aa,0.0625,0,0,0.0,False,,,,,,,,
grpc/grpc,4522848902261989,0.0975609756097561,0,0,0.0,False,,,,,,,,
grpc/grpc,3652cff923fa8450,0.46306306306306305,7,1,1.0,True,0.38685280723454163,0.0,0.38685280723454163,0.0,0.19342640361727081,0.0,0.38685280723454163,0.0
grpc/grpc,c8bffacf2a3d142c,0.19148936170212766,0,0,0.0,False,,,,,,,,
grpc/grpc,c079b74f4d9260ea,0.271356783919598,1,0,0.0,False,,,,,,,,
grpc/grpc,1b4bd856968eaa84,0.05405405405405406,0,0,0.0,False,,,,,,,,
grpc/grpc,ec57ea9730a16dd7,0.518840579710145,1,0,1.0,False,,,,,,,,
grpc/grpc,e5d1c8db4bffa2ce,0.13513513513513514,0,0,0.0,False,,,,,,,,
grpc/grpc,be19d0ff2d3e6e12,0.2647058823529412,0,0,0.0,False,,,,,,,,
grpc/grpc,b0ccb7e51c857413,0.2047244094488189,0,0,0.0,False,,,,,,,,
grpc/grpc,264929b5552a2512,0.1857451403887689,0,0,0.0,False,,,,,,,,
grpc/grpc,2cff93b4fc319e56,0.14705882352941177,0,0,0.0,False,,,,,,,,
grpc/grpc,b73916ca7c9b1601,0.26851851851851855,0,0,0.0,False,,,,,,,,
grpc/grpc,6fe40b2e7da634c7,0.1744186046511628,0,0,0.0,False,,,,,,,,
grpc/grpc,49b2bb915b7cf3ac,0.16,0,0,1.0,False,,,,,,,,
grpc/grpc,60bc4e66bb141bc7,0.28277153558052437,1,0,0.0,False,,,,,,,,
grpc/grpc,8ab29fc4c6dc983a,0.1702127659574468,0,0,0.0,False,,,,,,,,
grpc/grpc,88cfeb4631fbd758,0.2898550724637681,1,0,0.0,False,,,,,,,,
grpc/grpc,0782ae94db9f2c81,0.5196078431372549,0,0,1.0,False,,,,,,,,
grpc/grpc,de9ecdd52931d6ad,0.045454545454545456,0,0,0.0,False,,,,,,,,
grpc/grpc,a71e80ec63a3fbef,0.13846153846153847,0,0,0.0,False,,,,,,,,
grpc/grpc,946ae1916820af3e,0.13513513513513514,0,0,0.0,False,,,,,,,,
grpc/grpc,9106f1666206dbe6,0.6354166666666666,0,0,1.0,False,,,,,,,,
guidance-ai/guidance,393336f577dbc6f1,0.09090909090909091,8,3,0.0,True,0.14704034066641014,0.0,0.14704034066641014,0.0,0.2940806813328203,0.0,0.14704034066641014,0.0
guidance-ai/guidance,ae697b6417a8a698,0.16666666666666666,0,0,0.0,False,,,,,,,,
guidance-ai/guidance,fa7c814b79b03de0,0.058823529411764705,1,1,0.0,True,1.0,1.0,1.0,1.0,1.0,1.0,1.0,1.0
guidance-ai/guidance,251bad82cff45abd,0.07534246575342465,12,10,0.0,True,0.9344892165434506,1.0,0.9746569695156997,1.0,0.5074123612439744,0.0,0.9746569695156997,1.0
guidance-ai/guidance,00fc38d0b86ff352,0.06451612903225806,2,1,0.0,True,1.0,1.0,0.6309297535714575,0.0,0.6309297535714575,0.0,1.0,1.0
guidance-ai/guidance,e1c5318e234c0c24,0.2054794520547945,1,1,0.0,True,0.6309297535714575,0.0,0.6309297535714575,0.0,0.6309297535714575,0.0,0.6309297535714575,0.0
guidance-ai/guidance,545d252ef2e2baae,0.0,6,4,0.0,True,1.0,1.0,1.0,1.0,1.0,1.0,1.0,1.0
guidance-ai/guidance,e60c651b7b6a67e1,0.0,1,1,0.0,True,0.6309297535714575,0.0,0.6309297535714575,0.0,0.6309297535714575,0.0,0.6309297535714575,0.0
guidance-ai/guidance,cabfc03a2a5a74e9,0.3076923076923077,10,9,1.0,True,0.11791892110939568,0.0,0.11264734740027504,0.0,0.11264734740027504,0.0,0.1260092686797478,0.0
guidance-ai/guidance,a0bbe398f7f134a4,0.05583756345177665,2,2,0.0,True,1.0,1.0,1.0,1.0,1.0,1.0,1.0,1.0
guidance-ai/guidance,60f61ab7a8d1910d,0.030534351145038167,25,23,0.0,True,0.5279558273595207,0.0,0.5279558273595207,0.0,0.5279558273595207,0.0,0.5279558273595207,0.0
guidance-ai/guidance,8dc84cb909d7ec16,0.0,3,3,0.0,True,1.0,1.0,1.0,1.0,1.0,1.0,1.0,1.0
guidance-ai/guidance,bc1496ede138da3c,0.08602150537634409,4,3,0.0,True,1.0,1.0,1.0,1.0,1.0,1.0,1.0,1.0
guidance-ai/guidance,50e0403d65d31383,0.0,4,3,0.0,True,0.7757983167962464,0.0,0.7074887171046738,0.0,0.7074887171046738,0.0,0.7757983167962464,0.0
guidance-ai/guidance,fceb64a37686807a,0.29914529914529914,1,0,0.0,False,,,,,,,,
guidance-ai/guidance,3ae6e58f4fd1bf8e,0.04891304347826087,0,0,0.0,False,,,,,,,,
guidance-ai/guidance,3be71d9688758511,0.037900874635568516,6,6,0.0,True,1.0,1.0,1.0,1.0,1.0,1.0,1.0,1.0
guidance-ai/guidance,cb4f8417759341be,0.041666666666666664,0,0,0.0,False,,,,,,,,
halide/Halide,92dcaa84b704af2e,0.12727272727272726,0,0,1.0,False,,,,,,,,
halide/Halide,cfde6787eb18a358,0.22,0,0,0.0,False,,,,,,,,
halide/Halide,bd992a9191dcef98,0.03333333333333333,0,0,0.0,False,,,,,,,,
halide/Halide,740cd682caee5136,0.03076923076923077,1,1,0.0,True,1.0,1.0,1.0,1.0,1.0,1.0,1.0,1.0
halide/Halide,f05f570f18c8db69,0.05,0,0,0.0,False,,,,,,,,
halide/Halide,475f92f5cb74e6fe,0.11428571428571428,1,1,0.0,True,1.0,1.0,1.0,1.0,1.0,1.0,1.0,1.0
halide/Halide,0ac44210dfe83112,0.06,0,0,0.0,False,,,,,,,,
halide/Halide,796cee2e020e2674,0.043478260869565216,0,0,0.0,False,,,,,,,,
halide/Halide,a7e98012c4c1179d,0.029411764705882353,0,0,0.0,False,,,,,,,,
halide/Halide,66edb1f928bdc249,0.04477611940298507,0,0,0.0,False,,,,,,,,
halide/Halide,44ef55209d64c438,0.07142857142857142,0,0,0.0,False,,,,,,,,
halide/Halide,7f7d126cf61480e9,0.024844720496894408,1,0,0.0,False,,,,,,,,
halide/Halide,1265168e9278466e,0.12335329341317365,1,1,0.0,True,0.6309297535714575,0.0,0.6309297535714575,0.0,0.6309297535714575,0.0,0.6309297535714575,0.0
halide/Halide,f5a1cf319b9f60c9,0.10344827586206896,4,0,0.0,False,,,,,,,,
halide/Halide,e97763102d871898,0.003355704697986577,0,0,0.0,False,,,,,,,,
halide/Halide,7cf6c4ebe61508d4,0.0,0,0,0.0,False,,,,,,,,
halide/Halide,67b9bb7419d1ca59,0.03225806451612903,0,0,0.0,False,,,,,,,,
halide/Halide,b50e7584bbbfd656,0.06666666666666667,1,1,0.0,True,1.0,1.0,1.0,1.0,1.0,1.0,1.0,1.0
halide/Halide,20db7177e98aa825,0.09302325581395349,0,0,0.0,False,,,,,,,,
halide/Halide,43255222e9b98789,0.2631578947368421,1,0,0.0,False,,,,,,,,
halide/Halide,08230043e16e71e1,0.09777777777777778,5,0,0.0,False,,,,,,,,
halide/Halide,d16a6c47ca4b7dbc,0.0425531914893617,1,1,0.0,True,1.0,1.0,1.0,1.0,1.0,1.0,1.0,1.0
halide/Halide,9c8eb81304c664bf,0.15789473684210525,0,0,1.0,False,,,,,,,,
halide/Halide,58240a99a50ec656,0.12075471698113208,0,0,0.0,False,,,,,,,,
halide/Halide,4ae8689831d0633c,0.07692307692307693,0,0,0.0,False,,,,,,,,
hashicorp/nomad,f0ca16b8bda00053,0.10810810810810811,3,1,0.0,True,0.6309297535714575,0.0,0.6309297535714575,0.0,0.6309297535714575,0.0,0.5,0.0
hashicorp/nomad,68fc5e3f2c80b605,0.08333333333333333,2,0,0.0,False,,,,,,,,
hashicorp/nomad,116dba467a4618e9,0.015151515151515152,3,0,0.0,False,,,,,,,,
hashicorp/nomad,486d3dc80d0742ca,0.07692307692307693,4,1,0.0,True,0.43067655807339306,0.0,0.38685280723454163,0.0,0.38685280723454163,0.0,0.19342640361727081,0.0
hashicorp/nomad,e2a57a25d8412252,0.09090909090909091,4,1,0.0,True,0.43067655807339306,0.0,0.43067655807339306,0.0,0.43067655807339306,0.0,0.40876468265396737,0.0
hashicorp/nomad,eecaf7a48e6ffab2,0.017937219730941704,3,1,0.0,True,0.5,0.0,0.5,0.0,0.5,0.0,0.5,0.0
hashicorp/nomad,3952aa551ee025b3,0.024096385542168676,2,0,0.0,False,,,,,,,,
hashicorp/nomad,0a52be307f9398b2,0.04081632653061224,2,1,0.0,True,0.43067655807339306,0.0,0.43067655807339306,0.0,0.43067655807339306,0.0,0.5,0.0
hashicorp/nomad,c14f4996cee24191,0.08695652173913043,2,0,0.0,False,,,,,,,,
hashicorp/nomad,d5833d5d01b920eb,0.0196078431372549,2,0,0.0,False,,,,,,,,
hashicorp/nomad,a213a911b1884870,0.012048192771084338,4,2,0.0,True,0.5437713091520254,0.0,0.5437713091520254,0.0,0.5437713091520254,0.0,0.5012658353418871,0.0
hashicorp/nomad,9376d077b64be461,0.008064516129032258,3,2,0.0,True,0.5012658353418871,0.0,0.5012658353418871,0.0,0.5012658353418871,0.0,0.2640681225725909,0.0
hashicorp/nomad,7a72c08ced4ba876,0.01652892561983471,2,0,0.0,False,,,,,,,,
hashicorp/nomad,2095adf43bc342de,0.05555555555555555,2,0,0.0,False,,,,,,,,
hashicorp/nomad,776cc3541f624372,0.012578616352201259,4,2,0.0,True,0.6309297535714575,0.0,0.6309297535714575,0.0,0.6309297535714575,0.0,0.6309297535714575,0.0
hashicorp/nomad,0b67b8a5bd7fd34d,0.013605442176870748,2,1,0.0,True,1.0,1.0,1.0,1.0,1.0,1.0,1.0,1.0
hashicorp/nomad,1f30b17b8664bba3,0.0016736401673640166,4,1,0.0,True,0.0,0.0,0.0,0.0,0.0,0.0,0.0,0.0
hashicorp/nomad,3832c9884922512f,0.018018018018018018,3,1,0.0,True,0.46533827903669656,0.0,0.46533827903669656,0.0,0.46533827903669656,0.0,0.40876468265396737,0.0
hashicorp/nomad,2fe971a33a735879,0.011111111111111112,3,1,0.0,True,0.38685280723454163,0.0,0.38685280723454163,0.0,0.38685280723454163,0.0,0.38685280723454163,0.0
hashicorp/nomad,aff3b8c2a7b92f0b,0.047619047619047616,2,1,0.0,True,1.0,1.0,1.0,1.0,1.0,1.0,1.0,1.0
hashicorp/nomad,76a19528d7bec2e6,0.06818181818181818,5,2,0.0,True,0.6509209298071326,0.0,0.6509209298071326,0.0,0.6509209298071326,0.0,0.6509209298071326,0.0
hashicorp/nomad,fa2fa76a0aa77f79,0.005494505494505495,2,0,0.0,False,,,,,,,,
hashicorp/nomad,bd0a33b63ff4c44c,0.008547008547008548,2,1,0.0,True,0.43067655807339306,0.0,0.43067655807339306,0.0,0.43067655807339306,0.0,0.43067655807339306,0.0
hashicorp/nomad,f1652b80c46c4597,0.08333333333333333,2,0,0.0,False,,,,,,,,
hashicorp/nomad,fffce2e0cdcd9e0b,0.05128205128205128,3,0,0.0,False,,,,,,,,
hibernate/hibernate-orm,8d16cd9822c1afa1,0.9669421487603306,1,0,0.0,False,,,,,,,,
hibernate/hibernate-orm,f43e8e2dac2d79e4,0.9444444444444444,0,0,0.0,False,,,,,,,,
hibernate/hibernate-orm,fa1bbefb26bf0ad4,0.9655172413793104,1,0,0.0,False,,,,,,,,
hibernate/hibernate-orm,03f9a7d338c88d56,0.6,0,0,0.0,False,,,,,,,,
hibernate/hibernate-orm,c314a77576a00f88,0.9893617021276596,0,0,0.0,False,,,,,,,,
hibernate/hibernate-orm,dfb569da24453038,0.9906542056074766,2,0,0.0,False,,,,,,,,
hibernate/hibernate-orm,c480668a3da39239,0.9487179487179487,0,0,0.0,False,,,,,,,,
hibernate/hibernate-orm,3822883a554aea8f,0.9876543209876543,1,0,0.0,False,,,,,,,,
hibernate/hibernate-orm,e68fd0739bdc1e6c,0.990990990990991,1,0,0.0,False,,,,,,,,
hibernate/hibernate-orm,f7f25317676bccc7,0.984375,1,0,0.0,False,,,,,,,,
hibernate/hibernate-orm,c7595c9b2ba852ad,0.9908256880733946,0,0,0.0,False,,,,,,,,
hibernate/hibernate-orm,8f2554f66fe69a5e,0.9923076923076923,1,0,0.0,False,,,,,,,,
hibernate/hibernate-orm,1b6dd4dbc118ca65,0.9836065573770492,0,0,0.0,False,,,,,,,,
hibernate/hibernate-orm,a1fe519735f1a6a0,0.9925373134328358,1,0,0.0,False,,,,,,,,
hibernate/hibernate-orm,08157e72745f8b25,0.9915254237288136,0,0,0.0,False,,,,,,,,
hibernate/hibernate-orm,97e472fefa265a2c,0.9885057471264368,1,0,0.0,False,,,,,,,,
hibernate/hibernate-orm,f6da81e32ad577fa,0.984375,1,0,0.0,False,,,,,,,,
hibernate/hibernate-orm,da84c1ec0f6ed07f,0.993421052631579,1,0,0.0,False,,,,,,,,
hibernate/hibernate-orm,6ea41f55840f7d77,1.0,0,0,0.0,False,,,,,,,,
hibernate/hibernate-orm,91b752f68f3722b7,0.9912280701754386,1,0,0.0,False,,,,,,,,
hibernate/hibernate-orm,af4c2e7e815efce7,0.9852941176470589,0,0,0.0,False,,,,,,,,
hibernate/hibernate-orm,4f7837abf8229c52,0.9807692307692307,1,0,0.0,False,,,,,,,,
hibernate/hibernate-orm,a982fc89b286fc37,0.9861111111111112,0,0,0.0,False,,,,,,,,
hibernate/hibernate-orm,b7531779ea7c146c,0.9883720930232558,1,0,0.0,False,,,,,,,,
hibernate/hibernate-orm,518a7827bfc4ead3,0.9423076923076923,0,0,0.0,False,,,,,,,,
highlight/highlight,2beeaab93c6627b4,0.7777777777777778,0,0,1.0,False,,,,,,,,
highlight/highlight,5122585964fd3a15,1.0,0,0,1.0,False,,,,,,,,
highlight/highlight,f01b554373a5f8bb,0.875,0,0,1.0,False,,,,,,,,
highlight/highlight,8aa4a9b73608aca6,0.8461538461538461,0,0,1.0,False,,,,,,,,
highlight/highlight,451554f1a4365d50,0.3,0,0,0.0,False,,,,,,,,
highlight/highlight,eecdc2a4252718a5,0.7,0,0,1.0,False,,,,,,,,
highlight/highlight,7fc875736bcb6202,0.0967741935483871,0,0,0.0,False,,,,,,,,
highlight/highlight,1cd50b00a3b5caf4,0.43902439024390244,0,0,1.0,False,,,,,,,,
highlight/highlight,9438ad1150658db8,0.8918918918918919,0,0,1.0,False,,,,,,,,
highlight/highlight,997bb33549f08f76,0.8529411764705882,0,0,1.0,False,,,,,,,,
highlight/highlight,aefaa27d14803e2c,0.7256637168141593,0,0,1.0,False,,,,,,,,
highlight/highlight,f6c498f5fc89c7c4,0.9642857142857143,0,0,1.0,False,,,,,,,,
highlight/highlight,364d7fae061a7f01,0.8888888888888888,0,0,1.0,False,,,,,,,,
highlight/highlight,9016fbb359e3202a,0.3622141997593261,0,0,0.0,False,,,,,,,,
highlight/highlight,4f462ca465b1fa72,0.8,0,0,1.0,False,,,,,,,,
highlight/highlight,242a4d4f69e2eb41,0.7916666666666666,0,0,1.0,False,,,,,,,,
highlight/highlight,0f98a5de15ef5c84,0.8260869565217391,0,0,1.0,False,,,,,,,,
highlight/highlight,a5de3e5871ffcc38,0.3621621621621622,0,0,1.0,False,,,,,,,,
highlight/highlight,3a979c8a0dca4322,0.021691973969631236,1,1,0.0,True,0.43067655807339306,0.0,0.43067655807339306,0.0,0.43067655807339306,0.0,0.43067655807339306,0.0
highlight/highlight,074c1ccd04eb2840,0.8333333333333334,0,0,1.0,False,,,,,,,,
highlight/highlight,e4d9bd258485c1e4,0.76,0,0,1.0,False,,,,,,,,
highlight/highlight,1c7111ab6a7f6aab,0.7049180327868853,0,0,0.0,False,,,,,,,,
highlight/highlight,643668d62376e3d0,0.7777777777777778,0,0,1.0,False,,,,,,,,
highlight/highlight,b464af19da258ff2,0.327714093054619,0,0,1.0,False,,,,,,,,
highlight/highlight,8bb9cc7ecdf422f7,0.8709677419354839,0,0,1.0,False,,,,,,,,
highlightjs/highlight.js,c5c04fd753ae0717,0.38823529411764707,0,0,1.0,False,,,,,,,,
highlightjs/highlight.js,dcde58063cec2f70,0.09333333333333334,0,0,0.0,False,,,,,,,,
highlightjs/highlight.js,1c1c36349c593fc0,0.14444444444444443,0,0,0.0,False,,,,,,,,
highlightjs/highlight.js,94b99ffd3a5e5966,0.042105263157894736,0,0,0.0,False,,,,,,,,
highlightjs/highlight.js,82824e3441bff774,0.09090909090909091,0,0,0.0,False,,,,,,,,
highlightjs/highlight.js,6a07da8d2e4a83a3,0.14492753623188406,0,0,0.0,False,,,,,,,,
highlightjs/highlight.js,88b7c1e5fb50c0e1,0.18947368421052632,0,0,0.0,False,,,,,,,,
highlightjs/highlight.js,362e7ec37434a862,0.10344827586206896,0,0,1.0,False,,,,,,,,
highlightjs/highlight.js,15926dfdb23e7914,0.08994708994708994,0,0,0.0,False,,,,,,,,
highlightjs/highlight.js,ec770ac812eb90b1,0.1875,0,0,1.0,False,,,,,,,,
highlightjs/highlight.js,613bb83b75b0a6f8,0.5540540540540541,0,0,0.0,False,,,,,,,,
highlightjs/highlight.js,884a7e16ad7b12f0,0.06060606060606061,0,0,0.0,False,,,,,,,,
highlightjs/highlight.js,7317822590507f45,0.034482758620689655,0,0,0.0,False,,,,,,,,
highlightjs/highlight.js,97413583814a425e,0.06666666666666667,0,0,0.0,False,,,,,,,,
highlightjs/highlight.js,0243345a4123528b,0.02702702702702703,0,0,0.0,False,,,,,,,,
highlightjs/highlight.js,ac1ce220f1161591,0.015734265734265736,0,0,0.0,False,,,,,,,,
highlightjs/highlight.js,cf47a2ba968cc07a,0.4380952380952381,0,0,1.0,False,,,,,,,,
highlightjs/highlight.js,2a0779c2839c37f1,0.195,0,0,0.0,False,,,,,,,,
highlightjs/highlight.js,3adce49981ba8391,0.056818181818181816,0,0,0.0,False,,,,,,,,
highlightjs/highlight.js,b6170d1bee78610d,0.24444444444444444,0,0,0.0,False,,,,,,,,
highlightjs/highlight.js,aef3bca099108244,0.05896805896805897,1,0,0.0,False,,,,,,,,
highlightjs/highlight.js,9a5e8a40ed4ae305,0.023529411764705882,2,0,0.0,False,,,,,,,,
highlightjs/highlight.js,cfb4fddc2ed93092,0.11864406779661017,0,0,0.0,False,,,,,,,,
highlightjs/highlight.js,c44d691bb5ea0a1d,0.1048951048951049,0,0,0.0,False,,,,,,,,
highlightjs/highlight.js,b1f2453477a46f8a,0.005319148936170213,1,0,0.0,False,,,,,,,,
home-assistant/core,42d51cc415986841,0.9487179487179487,0,0,1.0,False,,,,,,,,
home-assistant/core,e40383805eb41a1a,0.06417112299465241,2,0,0.0,False,,,,,,,,
home-assistant/core,39918ea4cd4670ea,0.08038585209003216,2,2,0.0,True,1.0,1.0,1.0,1.0,1.0,1.0,1.0,1.0
home-assistant/core,bacf66ba5884020e,0.05172413793103448,7,4,0.0,True,0.11861329943102608,0.0,0.12815953780955971,0.0,0.12815953780955971,0.0,0.11861329943102608,0.0
home-assistant/core,65d98854aab95670,0.0,4,2,0.0,True,0.0,0.0,0.0,0.0,0.0,0.0,0.0,0.0
home-assistant/core,bb056b9cf5b2e0d7,0.3472222222222222,0,0,0.0,False,,,,,,,,
home-assistant/core,9a4038f4ae184dca,0.010752688172043012,1,1,0.0,True,0.5,0.0,0.43067655807339306,0.0,0.43067655807339306,0.0,0.5,0.0
home-assistant/core,ec6823f114b099e7,0.20670391061452514,5,2,1.0,True,0.2640681225725909,0.0,0.2640681225725909,0.0,0.2640681225725909,0.0,0.3065735963827292,0.0
home-assistant/core,9b625ada9418c136,0.0,4,1,0.0,True,0.6309297535714575,0.0,0.6309297535714575,0.0,0.6309297535714575,0.0,0.6309297535714575,0.0
home-assistant/core,88dcdcdaea929e78,0.2,0,0,0.0,False,,,,,,,,
home-assistant/core,366177ea21ec4f94,0.012048192771084338,1,1,0.0,True,0.46533827903669656,0.0,0.46533827903669656,0.0,0.5205354372149502,0.0,0.5205354372149502,0.0
home-assistant/core,d31c7372d488cdd4,0.014925373134328358,5,2,0.0,True,0.3065735963827292,0.0,0.3065735963827292,0.0,0.3065735963827292,0.0,0.3065735963827292,0.0
home-assistant/core,85f2597d06e31a77,0.04326923076923077,0,0,0.0,False,,,,,,,,
home-assistant/core,cfee868914f425bb,0.03333333333333333,12,4,0.0,True,0.8262346571285599,1.0,0.8262346571285599,1.0,0.8262346571285599,1.0,0.8262346571285599,1.0
home-assistant/core,2c3b808e1a610ae1,0.14678899082568808,5,1,0.0,True,1.0,1.0,1.0,1.0,1.0,1.0,1.0,1.0
home-assistant/core,500ff1afb8dd9c49,0.04727272727272727,8,3,0.0,True,0.0,0.0,0.0,0.0,0.0,0.0,0.0,0.0
home-assistant/core,d582f676704561cd,0.01652892561983471,4,3,0.0,True,0.16350587306158695,0.0,0.16350587306158695,0.0,0.16350587306158695,0.0,0.2043823413269837,0.0
home-assistant/core,5bfe829be849eb05,0.07253886010362694,3,2,1.0,True,1.0,1.0,1.0,1.0,1.0,1.0,0.6309297535714575,0.0
home-assistant/core,10d80fd4aab300a8,0.0944527736131934,2,0,0.0,False,,,,,,,,
home-assistant/core,83dea7ff68056797,0.0,1,1,0.0,True,0.1289509357448472,0.0,0.1289509357448472,0.0,0.20438234132698369,0.0,0.1289509357448472,0.0
home-assistant/core,834bd97afd93d253,0.0071174377224199285,2,1,0.0,True,0.43067655807339306,0.0,0.43067655807339306,0.0,0.43067655807339306,0.0,0.43067655807339306,0.0
home-assistant/core,6b532ff83525821a,0.19327731092436976,2,0,0.0,False,,,,,,,,
home-assistant/core,cbd8c9f710fc6a38,0.07519708914493632,4,2,0.0,True,0.38685280723454163,0.0,0.38685280723454163,0.0,0.38685280723454163,0.0,0.38685280723454163,0.0
home-assistant/core,c7d9706e7d394a54,0.012422360248447204,14,11,0.0,True,0.19217130018102022,0.0,0.19217130018102022,0.0,0.19217130018102022,0.0,0.19217130018102022,0.0
home-assistant/core,ef4347cb62950ab8,0.03550295857988166,3,1,0.0,True,0.43067655807339306,0.0,0.43067655807339306,0.0,0.43067655807339306,0.0,0.43067655807339306,0.0
hylang/hy,2025bb8dc4f3bd2a,0.16108108108108107,6,6,0.0,True,0.6131471927654584,1.0,0.6131471927654584,1.0,0.6131471927654584,1.0,0.6131471927654584,1.0
hylang/hy,485cc1d29b5d7196,0.16666666666666666,0,0,0.0,False,,,,,,,,
hylang/hy,f51b487fd4248fbf,0.13333333333333333,0,0,0.0,False,,,,,,,,
hylang/hy,05fa606cd507e053,0.14333333333333334,0,0,0.0,False,,,,,,,,
hylang/hy,85933aa74a2d66c3,0.0,2,2,0.0,True,1.0,1.0,1.0,1.0,1.0,1.0,1.0,1.0
hylang/hy,38caf60a98cd0944,0.0,0,0,0.0,False,,,,,,,,
hylang/hy,4ab40e5ae6a60e29,0.09662576687116564,2,0,0.0,False,,,,,,,,
hylang/hy,0adb667cd397bd56,0.21014492753623187,0,0,0.0,False,,,,,,,,
hylang/hy,65bca16790c99c8e,0.07900677200902935,1,0,0.0,False,,,,,,,,
hylang/hy,a628be4d38d66544,1.0,0,0,1.0,False,,,,,,,,
hylang/hy,b5b4b7f565aca650,0.2857142857142857,0,0,1.0,False,,,,,,,,
hylang/hy,ddb2a5c238098dd8,0.24725274725274726,2,2,0.0,True,1.0,1.0,1.0,1.0,1.0,1.0,1.0,1.0
hylang/hy,bdb66cf521542fd4,0.05333333333333334,0,0,0.0,False,,,,,,,,
hylang/hy,359f330c6c6c7e7a,0.10752688172043011,3,2,0.0,True,0.6309297535714575,0.0,0.6309297535714575,0.0,0.6309297535714575,0.0,0.6309297535714575,0.0
hylang/hy,a31c7ed5d35f5ed8,0.2222222222222222,0,0,0.0,False,,,,,,,,
hylang/hy,d468ae23efbc3d20,0.09550561797752809,2,2,0.0,True,1.0,1.0,1.0,1.0,1.0,1.0,1.0,1.0
hylang/hy,e95d5d64e8c0b04b,1.0,0,0,1.0,False,,,,,,,,
hylang/hy,55ce87014e86b396,0.21027364378300528,10,10,0.0,True,0.9176601606601069,1.0,0.9176601606601069,1.0,0.7871546029909718,1.0,0.9324441894571632,1.0
hylang/hy,59d6251c848838d5,0.14624505928853754,2,1,0.0,True,1.0,1.0,1.0,1.0,1.0,1.0,1.0,1.0
hylang/hy,ea1374035d86aa0e,0.0622154779969651,4,1,0.0,True,1.0,1.0,1.0,1.0,1.0,1.0,1.0,1.0
hylang/hy,60f61ab7a8d1910d,0.08139534883720931,9,9,0.0,True,1.0,1.0,0.8154648767857288,0.5,0.6309297535714575,0.0,1.0,1.0
hylang/hy,32295c7c05f771b6,0.19117647058823528,10,9,0.0,True,1.0,1.0,1.0,1.0,1.0,1.0,1.0,1.0
hylang/hy,057df51a2b93b648,0.19655172413793104,3,2,0.0,True,0.6309297535714575,0.0,0.6309297535714575,0.0,0.6309297535714575,0.0,0.6309297535714575,0.0
hylang/hy,cc302114b6327f0d,0.011682242990654205,1,1,0.0,True,0.43067655807339306,0.0,0.43067655807339306,0.0,0.5,0.0,0.43067655807339306,0.0
hylang/hy,fb00e09095b6e3b3,0.1238390092879257,6,3,0.0,True,1.0,1.0,1.0,1.0,1.0,1.0,1.0,1.0
ibis-project/ibis,f46b4d0c50442bf2,0.01875,1,1,0.0,True,1.0,1.0,1.0,1.0,1.0,1.0,1.0,1.0
ibis-project/ibis,8947a4e3742259c1,0.0469208211143695,0,0,0.0,False,,,,,,,,
ibis-project/ibis,c0fac3032d75863f,0.008403361344537815,0,0,0.0,False,,,,,,,,
ibis-project/ibis,6c319857188e86c4,0.005770340450086555,2,2,0.0,True,0.5,0.0,0.5,0.0,0.5,0.0,0.5,0.0
ibis-project/ibis,e3c6d12c3752e51a,0.06711409395973154,0,0,0.0,False,,,,,,,,
ibis-project/ibis,12c3cc93625b7b85,0.1115702479338843,0,0,0.0,False,,,,,,,,
ibis-project/ibis,9457b6a49d3924de,0.052364864864864864,0,0,0.0,False,,,,,,,,
ibis-project/ibis,c3915f2476dac4d2,0.006756756756756757,1,1,0.0,True,0.0,0.0,0.0,0.0,0.0,0.0,0.0,0.0
ibis-project/ibis,5400c3fcd73936b7,0.024,0,0,0.0,False,,,,,,,,
ibis-project/ibis,00dade990ef4586e,0.0,5,4,0.0,True,0.6590018048024133,0.0,0.6590018048024133,0.0,0.6399093280453462,0.0,0.6590018048024133,0.0
ibis-project/ibis,893f12ad9f9bb126,0.18095238095238095,0,0,0.0,False,,,,,,,,
ibis-project/ibis,7fa07f5c39a81f80,0.0,2,1,0.0,True,1.0,1.0,1.0,1.0,1.0,1.0,1.0,1.0
ibis-project/ibis,3144c04cc04103a4,0.006309148264984227,0,0,0.0,False,,,,,,,,
ibis-project/ibis,a531c69486e388bd,0.004160887656033287,1,1,0.0,True,1.0,1.0,1.0,1.0,1.0,1.0,1.0,1.0
ibis-project/ibis,d93ef24317e25df7,0.10566518141311267,8,4,0.0,True,0.9197207891481876,1.0,0.9197207891481876,1.0,0.9197207891481876,1.0,0.8772153153380493,1.0
ibis-project/ibis,19cc2fdaa73abaa8,0.37142857142857144,0,0,0.0,False,,,,,,,,
ibis-project/ibis,a768a73571c6e52f,0.04639175257731959,1,0,0.0,False,,,,,,,,
ibis-project/ibis,0f33969f63cdbb10,0.0,1,0,0.0,False,,,,,,,,
ibis-project/ibis,0b29605e3091a18e,0.23255813953488372,1,0,0.0,False,,,,,,,,
ibis-project/ibis,ec07a229092a7601,0.0061162079510703364,3,3,0.0,True,0.4796249331362629,0.0,0.4298593499260986,0.0,0.3273949503887395,0.0,0.4796249331362629,0.0
ibis-project/ibis,55cade9aa8b404a9,0.04678362573099415,0,0,0.0,False,,,,,,,,
ibis-project/ibis,037187265a39e30c,0.2345679012345679,0,0,0.0,False,,,,,,,,
ibis-project/ibis,9dbc5a831a0b6302,0.04225352112676056,1,1,0.0,True,1.0,1.0,1.0,1.0,1.0,1.0,1.0,1.0
ibis-project/ibis,db8a1174da87fe30,0.17043478260869566,1,1,0.0,True,0.5,0.0,0.5,0.0,0.6309297535714575,0.0,0.0,0.0
ibis-project/ibis,7a06849cf06d8f13,0.0,0,0,0.0,False,,,,,,,,
icsharpcode/ILSpy,bd59fed707baa6d3,0.28,14,14,0.0,True,1.0,1.0,1.0,1.0,1.0,1.0,1.0,1.0
icsharpcode/ILSpy,e04920d97bb2162a,0.05457227138643068,5,4,0.0,True,1.0,1.0,1.0,1.0,1.0,1.0,1.0,1.0
icsharpcode/ILSpy,50ca1d835f511e71,0.017857142857142856,6,4,0.0,True,0.4391764551026449,0.0,0.4391764551026449,0.0,0.27250978843597823,0.0,0.46533827903669656,0.0
icsharpcode/ILSpy,9ee4eeec32899809,0.30851063829787234,13,13,0.0,True,1.0,1.0,1.0,1.0,1.0,1.0,1.0,1.0
icsharpcode/ILSpy,052573dc4ea0fd06,0.14349775784753363,1,1,0.0,True,1.0,1.0,1.0,1.0,1.0,1.0,1.0,1.0
icsharpcode/ILSpy,080dce2acfb987ee,0.3008849557522124,2,2,0.0,True,0.43067655807339306,0.0,0.43067655807339306,0.0,0.43067655807339306,0.0,0.5,0.0
icsharpcode/ILSpy,89c33de12e860946,0.0425531914893617,1,1,0.0,True,1.0,1.0,1.0,1.0,1.0,1.0,1.0,1.0
icsharpcode/ILSpy,edf477283d2ea1b4,0.08239700374531835,2,2,0.0,True,0.6309297535714575,0.0,0.6309297535714575,0.0,1.0,1.0,0.6309297535714575,0.0
icsharpcode/ILSpy,6194db1a87909f12,0.03900709219858156,7,4,0.0,True,1.0,1.0,1.0,1.0,1.0,1.0,1.0,1.0
icsharpcode/ILSpy,ace3b528e47f5a2e,0.15656565656565657,0,0,0.0,False,,,,,,,,
icsharpcode/ILSpy,8079ffc6d4606fe0,0.19487179487179487,0,0,0.0,False,,,,,,,,
icsharpcode/ILSpy,e9596f5fcf93e99b,0.1076923076923077,0,0,0.0,False,,,,,,,,
icsharpcode/ILSpy,b26cd3ba56ec813c,0.09090909090909091,0,0,0.0,False,,,,,,,,
icsharpcode/ILSpy,f1d5aa9e5b2f4741,0.18376068376068377,0,0,0.0,False,,,,,,,,
icsharpcode/ILSpy,1c03a8b4f8e5eff3,0.14339622641509434,0,0,0.0,False,,,,,,,,
icsharpcode/ILSpy,dcb7796681eb2f67,0.058823529411764705,3,3,0.0,True,1.0,1.0,1.0,1.0,1.0,1.0,1.0,1.0
icsharpcode/ILSpy,d672af86e6d6b361,0.09230769230769231,0,0,0.0,False,,,,,,,,
icsharpcode/ILSpy,3e45d446fd02fd3d,0.03592814371257485,1,1,0.0,True,0.6309297535714575,0.0,0.6309297535714575,0.0,0.6309297535714575,0.0,0.6309297535714575,0.0
icsharpcode/ILSpy,09089ca20c606ae7,0.20238095238095238,11,11,0.0,True,1.0,1.0,1.0,1.0,1.0,1.0,1.0,1.0
icsharpcode/ILSpy,e525fb8bb1b68a8c,0.13333333333333333,9,9,0.0,True,1.0,1.0,1.0,1.0,0.6309297535714575,0.0,1.0,1.0
icsharpcode/ILSpy,000bbabb7cc95534,0.16847826086956522,4,4,0.0,True,1.0,1.0,0.6309297535714575,0.0,0.6309297535714575,0.0,1.0,1.0
icsharpcode/ILSpy,2843e7b4163096ed,0.2702702702702703,3,3,0.0,True,1.0,1.0,1.0,1.0,1.0,1.0,1.0,1.0
icsharpcode/ILSpy,cc91edc31b2b67cd,0.1503267973856209,1,1,0.0,True,0.5,0.0,0.6309297535714575,0.0,0.6309297535714575,0.0,0.6309297535714575,0.0
icsharpcode/ILSpy,8403b0424dbb7ddb,0.10526315789473684,1,1,0.0,True,1.0,1.0,1.0,1.0,1.0,1.0,1.0,1.0
icsharpcode/ILSpy,6dbe6ac2dad5c69e,0.09090909090909091,8,6,0.0,True,1.0,1.0,1.0,1.0,0.6309297535714575,0.0,1.0,1.0
immutable-js/immutable-js,501eba56a2aaf057,0.015151515151515152,2,2,0.0,True,0.5,0.0,0.5654648767857288,0.0,0.43067655807339306,0.0,0.5,0.0
immutable-js/immutable-js,39a3c562828170f9,0.012578616352201259,0,0,0.0,False,,,,,,,,
immutable-js/immutable-js,1f0ab6889055b741,0.005952380952380952,0,0,0.0,False,,,,,,,,
immutable-js/immutable-js,76c94814c2e64dc5,0.2857142857142857,0,0,0.0,False,,,,,,,,
immutable-js/immutable-js,604e394f9ecdc02c,0.013986013986013986,2,2,0.0,True,0.0,0.0,0.0,0.0,0.0,0.0,0.0,0.0
immutable-js/immutable-js,5638bde485025edb,0.02564102564102564,1,0,0.0,False,,,,,,,,
immutable-js/immutable-js,0e91066755c70dee,0.021739130434782608,3,3,0.0,True,1.0,1.0,1.0,1.0,1.0,1.0,1.0,1.0
immutable-js/immutable-js,4001248a6770cd7b,0.010638297872340425,0,0,0.0,False,,,,,,,,
immutable-js/immutable-js,626cf7c0b47e37ba,0.08746355685131195,0,0,0.0,False,,,,,,,,
immutable-js/immutable-js,78174e97fab28962,0.01875,0,0,0.0,False,,,,,,,,
immutable-js/immutable-js,8d344e07340b05e6,0.08108108108108109,0,0,0.0,False,,,,,,,,
immutable-js/immutable-js,70bbf179bf6b0b2c,0.08333333333333333,0,0,0.0,False,,,,,,,,
immutable-js/immutable-js,36190b1f7c83542a,0.015873015873015872,0,0,0.0,False,,,,,,,,
immutable-js/immutable-js,f0866c322565da3f,0.00909090909090909,0,0,0.0,False,,,,,,,,
immutable-js/immutable-js,33cde40ef32354b7,0.024691358024691357,0,0,0.0,False,,,,,,,,
immutable-js/immutable-js,26dfc55a1bc197d3,0.044444444444444446,0,0,0.0,False,,,,,,,,
immutable-js/immutable-js,2155f9287bedfc97,0.16129032258064516,0,0,0.0,False,,,,,,,,
immutable-js/immutable-js,4031c70c2de3e723,0.05,4,4,1.0,True,1.0,1.0,0.6309297535714575,0.0,0.6309297535714575,0.0,0.8154648767857288,0.5
immutable-js/immutable-js,58c78e3f10b137a5,0.02977667493796526,1,1,0.0,True,1.0,1.0,1.0,1.0,1.0,1.0,1.0,1.0
immutable-js/immutable-js,07f0470cac87e1be,0.05,0,0,0.0,False,,,,,,,,
immutable-js/immutable-js,c109234db6668f09,0.047619047619047616,0,0,0.0,False,,,,,,,,
immutable-js/immutable-js,439a47ad958349e7,0.006269592476489028,0,0,0.0,False,,,,,,,,
immutable-js/immutable-js,bea94e06b2ad3c3c,0.061855670103092786,0,0,0.0,False,,,,,,,,
immutable-js/immutable-js,4ea8382c1603b52f,0.02097902097902098,0,0,0.0,False,,,,,,,,
immutable-js/immutable-js,8faec9310cdb662e,0.05263157894736842,0,0,0.0,False,,,,,,,,
instantdb/instant,ba15bd8222ed6c88,0.012,10,7,0.0,True,0.7610515537556043,0.0,0.7610515537556043,0.0,0.7610515537556043,0.0,0.7610515537556043,0.0
instantdb/instant,86d89be93de63eba,0.014545454545454545,1,1,0.0,True,0.6309297535714575,0.0,0.6309297535714575,0.0,0.6309297535714575,0.0,0.6309297535714575,0.0
instantdb/instant,9596136eb54ac6fa,0.1568627450980392,0,0,0.0,False,,,,,,,,
instantdb/instant,1ea22876b8574c60,0.11538461538461539,1,0,0.0,False,,,,,,,,
instantdb/instant,63ab48b04ee2c85d,0.1368421052631579,1,1,0.0,True,0.6309297535714575,0.0,0.6309297535714575,0.0,0.6309297535714575,0.0,0.6309297535714575,0.0
instantdb/instant,8975da5c65cbd8e4,0.0196078431372549,0,0,0.0,False,,,,,,,,
instantdb/instant,cbe0852c1158b74b,1.0,0,0,1.0,False,,,,,,,,
instantdb/instant,69c1b0bb49e13f70,0.07692307692307693,0,0,0.0,False,,,,,,,,
instantdb/instant,d3e91407f549322a,0.12,0,0,0.0,False,,,,,,,,
instantdb/instant,2cfb9e6b5cc3e69d,0.05091533180778032,9,9,0.0,True,0.571357249525447,0.0,0.571357249525447,0.0,0.5552545703067577,0.0,0.571357249525447,0.0
instantdb/instant,6b53e5f042bb01bb,0.019801980198019802,2,2,0.0,True,1.0,1.0,1.0,1.0,1.0,1.0,1.0,1.0
instantdb/instant,b440f977c89b4b38,0.04,1,1,0.0,True,1.0,1.0,1.0,1.0,1.0,1.0,1.0,1.0
instantdb/instant,35d17d58dd43b9f9,0.025974025974025976,1,0,0.0,False,,,,,,,,
instantdb/instant,decac339fd2a8276,0.08860759493670886,1,0,0.0,False,,,,,,,,
instantdb/instant,1d4484ae644c4ffd,0.3333333333333333,0,0,0.0,False,,,,,,,,
instantdb/instant,437dd5e7130ce8c0,0.2222222222222222,0,0,0.0,False,,,,,,,,
instantdb/instant,b1e66b4bbc9eaf9c,0.21052631578947367,0,0,0.0,False,,,,,,,,
instantdb/instant,95057813b22aa68e,0.26548672566371684,1,1,0.0,True,0.6309297535714575,0.0,0.5,0.0,0.5,0.0,0.5,0.0
instantdb/instant,63f198fc0036beae,1.0,0,0,0.0,False,,,,,,,,
instantdb/instant,d26aee5bae37239f,0.07407407407407407,0,0,0.0,False,,,,,,,,
instantdb/instant,edeb93203482c13b,0.06125,28,27,0.0,True,0.6193936738209466,0.0,0.6193936738209466,0.0,0.6193936738209466,0.0,0.6193936738209466,0.0
instantdb/instant,40994ba0d06f92a9,0.07142857142857142,1,0,0.0,False,,,,,,,,
instantdb/instant,95a128784d2b1d58,1.0,4,0,1.0,False,,,,,,,,
instantdb/instant,a83608f15ee2e776,0.021739130434782608,1,1,0.0,True,1.0,1.0,1.0,1.0,0.6309297535714575,0.0,1.0,1.0
instantdb/instant,1a3f543b50a9044c,0.012096774193548387,1,1,0.0,True,1.0,1.0,1.0,1.0,1.0,1.0,1.0,1.0
instructure/canvas-lms,8faea127299f9375,0.08536585365853659,1,0,0.0,False,,,,,,,,
instructure/canvas-lms,55597be4773f4493,0.024630541871921183,1,1,0.0,True,0.6309297535714575,0.0,0.6309297535714575,0.0,0.6309297535714575,0.0,0.6309297535714575,0.0
instructure/canvas-lms,62d5585bc4fe3355,0.11560693641618497,1,1,0.0,True,0.5,0.0,0.5,0.0,0.5,0.0,0.40876468265396737,0.0
instructure/canvas-lms,6ff18c07ad9a61eb,0.03153153153153153,3,0,0.0,False,,,,,,,,
instructure/canvas-lms,321aa3e6095dacc6,0.6432160804020101,1,1,1.0,True,1.0,1.0,0.6309297535714575,0.0,0.6309297535714575,0.0,0.1289509357448472,0.0
instructure/canvas-lms,ad25342457a72a13,0.03802281368821293,3,3,0.0,True,0.5271341073823443,0.0,0.5271341073823443,0.0,0.3273949503887395,0.0,0.3107378158607799,0.0
instructure/canvas-lms,78a3073d484abaf9,0.041666666666666664,1,0,0.0,False,,,,,,,,
instructure/canvas-lms,6f109c05c54a5ffb,0.10305343511450382,1,1,0.0,True,0.6309297535714575,0.0,0.6309297535714575,0.0,0.6309297535714575,0.0,0.6309297535714575,0.0
instructure/canvas-lms,320549f8f5999860,0.013986013986013986,5,2,0.0,True,0.6309297535714575,0.0,0.6309297535714575,0.0,0.0,0.0,0.5,0.0
instructure/canvas-lms,9f0f675004decde3,0.0967741935483871,0,0,0.0,False,,,,,,,,
instructure/canvas-lms,1cc06161a531bbca,0.05405405405405406,0,0,0.0,False,,,,,,,,
instructure/canvas-lms,c2a2dc4a7077b8f0,0.028070175438596492,2,1,0.0,True,1.0,1.0,1.0,1.0,1.0,1.0,1.0,1.0
instructure/canvas-lms,fe693f4343e70e57,0.037037037037037035,1,1,0.0,True,0.6309297535714575,0.0,0.6309297535714575,0.0,0.5,0.0,0.40876468265396737,0.0
instructure/canvas-lms,1f5a105ba2c201ba,0.022222222222222223,1,1,0.0,True,0.5,0.0,0.5,0.0,0.5,0.0,0.5,0.0
instructure/canvas-lms,02d360503fb48e34,0.03414634146341464,2,1,0.0,True,0.43067655807339306,0.0,0.43067655807339306,0.0,0.19342640361727081,0.0,0.0,0.0
instructure/canvas-lms,816ec6d9522f8009,0.00975609756097561,4,3,0.0,True,1.0,1.0,1.0,1.0,1.0,1.0,1.0,1.0
instructure/canvas-lms,87d04d00a5eea117,0.14285714285714285,1,1,0.0,True,0.5654648767857288,0.0,0.5,0.0,0.5,0.0,0.38685280723454163,0.0
instructure/canvas-lms,683b71c0d7dbeffa,0.11363636363636363,1,0,0.0,False,,,,,,,,
instructure/canvas-lms,d17e44b8cfe95e55,0.37209302325581395,1,1,0.0,True,0.09671320180863541,0.0,0.09671320180863541,0.0,0.0,0.0,0.0,0.0
instructure/canvas-lms,36c9e1fd7b850721,0.11494252873563218,1,0,0.0,False,,,,,,,,
instructure/canvas-lms,280445adb69775cd,0.10638297872340426,1,1,0.0,True,0.6309297535714575,0.0,0.6309297535714575,0.0,0.43067655807339306,0.0,0.6309297535714575,0.0
instructure/canvas-lms,83e15a9b6600df0f,0.05454545454545454,3,2,0.0,True,0.43067655807339306,0.0,0.43067655807339306,0.0,0.38685280723454163,0.0,0.19342640361727081,0.0
instructure/canvas-lms,cd0595647af04890,0.2,1,0,0.0,False,,,,,,,,
instructure/canvas-lms,7f6634ac5878c417,0.13725490196078433,0,0,0.0,False,,,,,,,,
instructure/canvas-lms,85986f71377bcd92,0.1487603305785124,1,1,1.0,True,1.0,1.0,1.0,1.0,1.0,1.0,0.5,0.0
inventree/InvenTree,332d4c036e156e5c,0.0,0,0,0.0,False,,,,,,,,
inventree/InvenTree,0ae7b0e25f26ea6f,0.0,1,1,0.0,True,1.0,1.0,1.0,1.0,1.0,1.0,1.0,1.0
inventree/InvenTree,7d779c0898d78b0a,0.0,0,0,0.0,False,,,,,,,,
inventree/InvenTree,85d40612984b5d5b,0.0,1,1,0.0,True,1.0,1.0,1.0,1.0,1.0,1.0,1.0,1.0
inventree/InvenTree,d1e713254daf0063,0.0,3,3,0.0,True,1.0,1.0,1.0,1.0,1.0,1.0,1.0,1.0
inventree/InvenTree,7c0ed0e6ee9f9f64,0.0,1,1,0.0,True,1.0,1.0,1.0,1.0,1.0,1.0,1.0,1.0
inventree/InvenTree,c6fe3ce3db2fda39,0.0,1,1,0.0,True,1.0,1.0,1.0,1.0,1.0,1.0,1.0,1.0
inventree/InvenTree,31790491d00e9b06,0.0,1,1,0.0,True,1.0,1.0,1.0,1.0,1.0,1.0,1.0,1.0
inventree/InvenTree,db5cb274b8e2cb63,0.0,1,1,0.0,True,0.6309297535714575,0.0,0.6309297535714575,0.0,0.6309297535714575,0.0,0.6309297535714575,0.0
inventree/InvenTree,eed0d48a7e147931,0.0,1,1,0.0,True,1.0,1.0,1.0,1.0,1.0,1.0,1.0,1.0
inventree/InvenTree,c3f54fa3087b6ecd,0.0,1,1,0.0,True,1.0,1.0,1.0,1.0,1.0,1.0,1.0,1.0
inventree/InvenTree,6e19825837f8879a,0.0,1,0,0.0,False,,,,,,,,
inventree/InvenTree,6032a77c57679710,0.0,0,0,0.0,False,,,,,,,,
inventree/InvenTree,716ce8df2309b9b7,0.0,1,1,0.0,True,0.6309297535714575,0.0,0.6309297535714575,0.0,0.6309297535714575,0.0,0.6309297535714575,0.0
inventree/InvenTree,30f30f5d1c82e112,0.0,1,1,0.0,True,0.5,0.0,0.5,0.0,0.5,0.0,0.5,0.0
inventree/InvenTree,98035bae7983f246,0.0,1,1,0.0,True,1.0,1.0,1.0,1.0,1.0,1.0,1.0,1.0
inventree/InvenTree,3f9c4c217f44ac72,0.0,10,10,0.0,True,1.0,1.0,1.0,1.0,1.0,1.0,1.0,1.0
inventree/InvenTree,2e466d7619db6fc9,0.0,1,1,0.0,True,1.0,1.0,1.0,1.0,1.0,1.0,1.0,1.0
inventree/InvenTree,70ce37745669f48e,0.0,1,1,0.0,True,1.0,1.0,1.0,1.0,1.0,1.0,1.0,1.0
inventree/InvenTree,683e704588aea841,0.0,0,0,0.0,False,,,,,,,,
inventree/InvenTree,413cd40527bb1541,0.0,1,1,0.0,True,1.0,1.0,1.0,1.0,1.0,1.0,1.0,1.0
inventree/InvenTree,4defc0fc274eaed7,0.0,1,1,0.0,True,0.6309297535714575,0.0,0.6309297535714575,0.0,0.6309297535714575,0.0,0.6309297535714575,0.0
inventree/InvenTree,9ccce79ec1f237ce,0.0,5,5,0.0,True,1.0,1.0,1.0,1.0,1.0,1.0,1.0,1.0
inventree/InvenTree,ca7a0aa888923e5a,0.0,16,16,0.0,True,1.0,1.0,1.0,1.0,1.0,1.0,1.0,1.0
inventree/InvenTree,c16c1e66f9712a34,0.0,1,0,0.0,False,,,,,,,,
invoke-ai/InvokeAI,61d9e385fdde6724,0.02127659574468085,0,0,0.0,False,,,,,,,,
invoke-ai/InvokeAI,f8b0a96de0d64d4a,0.012965964343598054,2,1,0.0,True,0.6309297535714575,0.0,0.6309297535714575,0.0,0.6309297535714575,0.0,0.6309297535714575,0.0
invoke-ai/InvokeAI,d0ddc4fa9bbe60a3,0.03225806451612903,1,1,0.0,True,0.6309297535714575,0.0,0.6309297535714575,0.0,0.6309297535714575,0.0,0.6309297535714575,0.0
invoke-ai/InvokeAI,32cf7d988fc20c19,0.03695150115473441,0,0,0.0,False,,,,,,,,
invoke-ai/InvokeAI,dd2a8455a2dec8ae,0.02702702702702703,1,1,0.0,True,0.3293823413269837,0.0,0.3293823413269837,0.0,0.3293823413269837,0.0,0.38969182377587847,0.0
invoke-ai/InvokeAI,35e47f9ce384a09d,0.003676470588235294,0,0,0.0,False,,,,,,,,
invoke-ai/InvokeAI,9116b36e4cd2e097,0.0,1,0,0.0,False,,,,,,,,
invoke-ai/InvokeAI,5b104e31eac2e777,0.008264462809917356,1,0,0.0,False,,,,,,,,
invoke-ai/InvokeAI,b7bc9647aab51754,0.018518518518518517,0,0,0.0,False,,,,,,,,
invoke-ai/InvokeAI,6675bb5854d2f659,0.07692307692307693,1,1,0.0,True,0.6309297535714575,0.0,0.6309297535714575,0.0,0.5654648767857288,0.0,0.6309297535714575,0.0
invoke-ai/InvokeAI,8dd0e27c5aaf8a33,0.0,4,1,0.0,True,1.0,1.0,1.0,1.0,1.0,1.0,1.0,1.0
invoke-ai/InvokeAI,74c24e224e3e8203,0.003703703703703704,1,1,0.0,True,0.6309297535714575,0.0,0.6309297535714575,0.0,0.6309297535714575,0.0,0.6309297535714575,0.0
invoke-ai/InvokeAI,23363923261911bf,0.0,0,0,0.0,False,,,,,,,,
invoke-ai/InvokeAI,b7b79479b45978b8,0.001076426264800861,22,10,0.0,True,0.5879394370415081,0.0,0.5879394370415081,0.0,0.5082426448058001,0.0,0.5879394370415081,0.0
invoke-ai/InvokeAI,c762367ed20532d2,0.6666666666666666,0,0,1.0,False,,,,,,,,
invoke-ai/InvokeAI,c48269d151ace8fc,0.0375,6,1,0.0,True,1.0,1.0,1.0,1.0,1.0,1.0,1.0,1.0
invoke-ai/InvokeAI,2e9b4c8b479608b1,0.009900990099009901,1,1,0.0,True,1.0,1.0,1.0,1.0,1.0,1.0,1.0,1.0
invoke-ai/InvokeAI,0622bd1ac6290ae3,0.0,0,0,0.0,False,,,,,,,,
invoke-ai/InvokeAI,0652dfe0a27944c9,0.025,0,0,0.0,False,,,,,,,,
invoke-ai/InvokeAI,fe012d8ab07b10a1,0.0,3,1,0.0,True,0.6309297535714575,0.0,0.6309297535714575,0.0,0.5,0.0,0.6309297535714575,0.0
invoke-ai/InvokeAI,80ea71c361780e7b,0.0012755102040816326,9,1,0.0,True,1.0,1.0,1.0,1.0,1.0,1.0,1.0,1.0
invoke-ai/InvokeAI,1c7ef67a6cd83fa0,0.08333333333333333,1,0,0.0,False,,,,,,,,
invoke-ai/InvokeAI,49df183d1d3983a8,0.06315789473684211,0,0,0.0,False,,,,,,,,
invoke-ai/InvokeAI,4f239734a11eb524,0.06569343065693431,6,4,0.0,True,0.9543941949381196,1.0,0.9639404333166532,1.0,0.9543941949381196,1.0,0.9543941949381196,1.0
invoke-ai/InvokeAI,1ee2545500908ca1,0.008733624454148471,4,1,0.0,True,1.0,1.0,1.0,1.0,0.5,0.0,1.0,1.0
ipython/ipython,776d8acae1dbb42e,0.07903402854006586,10,1,0.0,True,0.0,0.0,0.0,0.0,0.0,0.0,0.0,0.0
janestreet/magic-trace,baf44cf9de100eff,0.25806451612903225,0,0,0.0,False,,,,,,,,
janestreet/magic-trace,9225fd9cea7b7dfa,0.06896551724137931,0,0,0.0,False,,,,,,,,
janestreet/magic-trace,256c7f813e969b7f,0.19926650366748166,5,0,1.0,False,,,,,,,,
janestreet/magic-trace,e8e82f497a0dcfe3,0.5714285714285714,1,0,1.0,False,,,,,,,,
janestreet/magic-trace,cddbfaf2731a27be,0.15217391304347827,0,0,0.0,False,,,,,,,,
janestreet/magic-trace,65b9ea6b03beea2b,0.8,0,0,1.0,False,,,,,,,,
janestreet/magic-trace,6b8629aab5d27d37,0.09673024523160763,3,0,0.0,False,,,,,,,,
janestreet/magic-trace,89dcf9a56d39ea34,0.30434782608695654,3,0,0.0,False,,,,,,,,
janestreet/magic-trace,f196b260e693c715,0.3333333333333333,1,0,0.0,False,,,,,,,,
janestreet/magic-trace,0f8ddec814c35ed6,0.8333333333333334,1,0,1.0,False,,,,,,,,
janestreet/magic-trace,1c5fb329d118434e,0.49019607843137253,0,0,0.0,False,,,,,,,,
janestreet/magic-trace,cbd5e92b5ca35392,0.018867924528301886,0,0,0.0,False,,,,,,,,
janestreet/magic-trace,73428b4294eda963,0.0,1,0,0.0,False,,,,,,,,
janestreet/magic-trace,cb19ab604d7b8da9,0.8333333333333334,1,0,1.0,False,,,,,,,,
janestreet/magic-trace,055f8e32ad9d695a,1.0,1,0,1.0,False,,,,,,,,
janestreet/magic-trace,61f52b0c75b1f84f,0.19230769230769232,1,0,0.0,False,,,,,,,,
janestreet/magic-trace,09a9b3cb6ee01e4b,0.17518248175182483,1,0,0.0,False,,,,,,,,
janestreet/magic-trace,3186fc9cd9f20948,0.02631578947368421,0,0,0.0,False,,,,,,,,
janestreet/magic-trace,0d4460c25a1ed888,0.041237113402061855,0,0,0.0,False,,,,,,,,
janestreet/magic-trace,7b48cb140154ad52,0.16379310344827586,1,0,0.0,False,,,,,,,,
janestreet/magic-trace,cd35f2fd1f239c4c,0.2302025782688766,1,0,0.0,False,,,,,,,,
janestreet/magic-trace,06c1212f7810f8e9,0.125,0,0,0.0,False,,,,,,,,
janestreet/magic-trace,477b6ffc05680e22,0.02252252252252252,2,0,0.0,False,,,,,,,,
janestreet/magic-trace,f73c63bfeb97a41d,0.09090909090909091,0,0,0.0,False,,,,,,,,
janestreet/magic-trace,eebea78fcffa7894,0.14184397163120568,0,0,0.0,False,,,,,,,,
jart/cosmopolitan,caa64b471d83a017,0.0375,0,0,0.0,False,,,,,,,,
jart/cosmopolitan,c9d71038e48473ee,0.027522935779816515,0,0,0.0,False,,,,,,,,
jart/cosmopolitan,d8a1862fb1e7c907,0.03571428571428571,0,0,0.0,False,,,,,,,,
jart/cosmopolitan,0f62d7c3f10bd5d0,0.02040816326530612,0,0,0.0,False,,,,,,,,
jart/cosmopolitan,d4ee1e507436eb6f,0.02040816326530612,0,0,0.0,False,,,,,,,,
jart/cosmopolitan,c632b6414ec88f07,0.005405405405405406,0,0,0.0,False,,,,,,,,
jart/cosmopolitan,4c9f756ddf8557aa,0.05555555555555555,1,1,0.0,True,1.0,1.0,1.0,1.0,1.0,1.0,1.0,1.0
jart/cosmopolitan,a05893417bbaa8d6,0.03636363636363636,0,0,0.0,False,,,,,,,,
jart/cosmopolitan,ccc7ca6352cbe988,0.2222222222222222,0,0,0.0,False,,,,,,,,
jart/cosmopolitan,ba70cc71dd7ee3cd,0.015625,1,1,0.0,True,1.0,1.0,1.0,1.0,1.0,1.0,1.0,1.0
jart/cosmopolitan,ed83c9656640fbb1,0.029411764705882353,1,1,0.0,True,1.0,1.0,1.0,1.0,1.0,1.0,1.0,1.0
jart/cosmopolitan,542431d197b1c1f0,0.0196078431372549,1,1,0.0,True,1.0,1.0,1.0,1.0,1.0,1.0,1.0,1.0
jart/cosmopolitan,ad34541c4a5a948e,0.0273972602739726,1,1,0.0,True,1.0,1.0,1.0,1.0,1.0,1.0,1.0,1.0
jart/cosmopolitan,1c93b040f52d31af,0.023809523809523808,0,0,0.0,False,,,,,,,,
jart/cosmopolitan,77d7ee36266634ba,0.04201680672268908,0,0,0.0,False,,,,,,,,
jart/cosmopolitan,86bd4001ef53befb,0.0847457627118644,0,0,0.0,False,,,,,,,,
jart/cosmopolitan,982cc6277e37490e,0.12307692307692308,0,0,0.0,False,,,,,,,,
jart/cosmopolitan,276516d6a648e031,0.038461538461538464,0,0,0.0,False,,,,,,,,
jart/cosmopolitan,bfd447134fb27842,0.03571428571428571,0,0,0.0,False,,,,,,,,
jart/cosmopolitan,43c2ef34e696fce1,0.027777777777777776,0,0,0.0,False,,,,,,,,
jart/cosmopolitan,5953e257da4ce09b,0.04878048780487805,0,0,0.0,False,,,,,,,,
jart/cosmopolitan,609a9b9b7d97cf33,0.017543859649122806,0,0,0.0,False,,,,,,,,
jart/cosmopolitan,d1689ebbff61a843,0.024390243902439025,0,0,0.0,False,,,,,,,,
jart/cosmopolitan,c2ccf889614ed7a0,0.00980392156862745,0,0,0.0,False,,,,,,,,
jart/cosmopolitan,7e78042bbe193b38,0.013157894736842105,0,0,0.0,False,,,,,,,,
javaparser/javaparser,714be6357f55df80,0.19863013698630136,1,1,0.0,True,0.5,0.0,0.6309297535714575,0.0,0.6309297535714575,0.0,0.6309297535714575,0.0
javaparser/javaparser,cc222badf0e5d851,0.0,1,1,0.0,True,0.0,0.0,0.0,0.0,0.0,0.0,0.0,0.0
javaparser/javaparser,2fddfe2ccf648f97,0.047619047619047616,1,1,0.0,True,0.5,0.0,0.5,0.0,0.5,0.0,0.5,0.0
javaparser/javaparser,44f38bef254eaf08,0.04782608695652174,1,1,0.0,True,0.38685280723454163,0.0,0.43067655807339306,0.0,0.5,0.0,0.43067655807339306,0.0
javaparser/javaparser,3584ee344b1d36b0,0.0,1,1,0.0,True,0.40876468265396737,0.0,0.40876468265396737,0.0,0.40876468265396737,0.0,0.40876468265396737,0.0
javaparser/javaparser,86f4c1f38e790c28,0.42857142857142855,1,1,0.0,True,1.0,1.0,1.0,1.0,1.0,1.0,1.0,1.0
javaparser/javaparser,5ea5920a031aa235,0.4659090909090909,1,1,0.0,True,1.0,1.0,1.0,1.0,1.0,1.0,1.0,1.0
javaparser/javaparser,c1a54a2794bc229c,0.13725490196078433,1,1,0.0,True,0.19342640361727081,0.0,0.19342640361727081,0.0,0.19342640361727081,0.0,0.40876468265396737,0.0
javaparser/javaparser,967fa98b6d34661e,0.1320754716981132,1,1,0.0,True,0.38685280723454163,0.0,0.38685280723454163,0.0,0.38685280723454163,0.0,0.43067655807339306,0.0
javaparser/javaparser,15f6d8440622a393,0.043689320388349516,1,1,0.0,True,0.0,0.0,0.38685280723454163,0.0,0.0,0.0,0.38685280723454163,0.0
javaparser/javaparser,c489cd6468eb62a9,0.12727272727272726,1,1,0.0,True,0.19342640361727081,0.0,0.19342640361727081,0.0,0.19342640361727081,0.0,0.40876468265396737,0.0
javaparser/javaparser,55e9ec3e56c93f01,0.16981132075471697,1,1,0.0,True,0.48711477971984807,0.0,0.48711477971984807,0.0,0.38685280723454163,0.0,0.48711477971984807,0.0
javaparser/javaparser,c1468d638edd83a5,0.5201793721973094,7,3,1.0,True,1.0,1.0,1.0,1.0,1.0,1.0,0.5672074169568709,0.0
javaparser/javaparser,6d1eaa540a89a4af,0.05405405405405406,1,1,0.0,True,0.5,0.0,0.5,0.0,0.6309297535714575,0.0,0.6309297535714575,0.0
javaparser/javaparser,085e5018f31ef7f3,0.10344827586206896,1,1,0.0,True,0.43067655807339306,0.0,0.43067655807339306,0.0,0.5654648767857288,0.0,0.5,0.0
javaparser/javaparser,63e4f63790078234,0.11666666666666667,1,1,0.0,True,1.0,1.0,1.0,1.0,1.0,1.0,1.0,1.0
javaparser/javaparser,0b5535170323e22d,0.044444444444444446,1,1,0.0,True,0.38685280723454163,0.0,0.38685280723454163,0.0,0.46533827903669656,0.0,0.43067655807339306,0.0
javaparser/javaparser,ddaa5e968480411b,0.125,1,1,0.0,True,0.5,0.0,0.5,0.0,0.5,0.0,0.6309297535714575,0.0
javaparser/javaparser,3566b4355a2b9c29,0.14012738853503184,3,1,0.0,True,0.19342640361727081,0.0,0.0,0.0,0.0,0.0,0.38685280723454163,0.0
javaparser/javaparser,39b001e95610b682,0.013605442176870748,1,1,0.0,True,0.0,0.0,0.0,0.0,0.38685280723454163,0.0,0.0,0.0
javaparser/javaparser,e0fc0c4246e365c7,0.3389830508474576,1,1,0.0,True,1.0,1.0,1.0,1.0,1.0,1.0,1.0,1.0
javaparser/javaparser,02ec9ba998d8b7f6,0.4166666666666667,3,1,1.0,True,0.38685280723454163,0.0,0.5,0.0,0.5,0.0,1.0,1.0
javaparser/javaparser,6c591591b9364f49,0.16267942583732056,1,1,0.0,True,0.5,0.0,0.6309297535714575,0.0,0.6309297535714575,0.0,0.6309297535714575,0.0
javaparser/javaparser,15b6ee536d4e1e3e,0.09398496240601503,1,1,0.0,True,0.6309297535714575,0.0,0.6309297535714575,0.0,0.6309297535714575,0.0,0.6309297535714575,0.0
javaparser/javaparser,d721160e06a696b5,0.02027027027027027,1,1,0.0,True,0.0,0.0,0.0,0.0,0.0,0.0,0.0,0.0
jd-opensource/nutui,aea4d25d3cf3b84a,0.08695652173913043,0,0,0.0,False,,,,,,,,
jd-opensource/nutui,6f53ccc3244c9734,1.0,0,0,1.0,False,,,,,,,,
jd-opensource/nutui,e831e0a849242589,0.19444444444444445,0,0,0.0,False,,,,,,,,
jd-opensource/nutui,477d4b5baaf75a13,0.05194805194805195,0,0,0.0,False,,,,,,,,
jd-opensource/nutui,db3b1a68f57f906e,0.22857142857142856,0,0,0.0,False,,,,,,,,
jd-opensource/nutui,07c356a2d887c762,0.031746031746031744,0,0,0.0,False,,,,,,,,
jd-opensource/nutui,9f043b8b1a7b540a,0.1590909090909091,0,0,0.0,False,,,,,,,,
jd-opensource/nutui,aada3d1f7f1d736c,0.1568627450980392,0,0,0.0,False,,,,,,,,
jd-opensource/nutui,d0b140d1d6841d58,0.04878048780487805,0,0,0.0,False,,,,,,,,
jd-opensource/nutui,2edf3494a1fed2a6,0.10256410256410256,0,0,0.0,False,,,,,,,,
jd-opensource/nutui,cf2c13aa52e922d4,0.2,0,0,0.0,False,,,,,,,,
jd-opensource/nutui,a4386d432e27c807,0.35,0,0,0.0,False,,,,,,,,
jd-opensource/nutui,84aa353e5988e122,0.3838383838383838,0,0,1.0,False,,,,,,,,
jd-opensource/nutui,38f9fc8ec22a052a,0.1568627450980392,0,0,0.0,False,,,,,,,,
jd-opensource/nutui,d5adf8ee51f0fc57,0.31629392971246006,0,0,0.0,False,,,,,,,,
jd-opensource/nutui,56271ac5d12146e0,0.18181818181818182,0,0,0.0,False,,,,,,,,
jd-opensource/nutui,2448b368119a5f89,0.6153846153846154,0,0,0.0,False,,,,,,,,
jd-opensource/nutui,61ea2a53586ca9e9,0.39072847682119205,0,0,0.0,False,,,,,,,,
jd-opensource/nutui,0fa7970f32f7fe19,0.047058823529411764,0,0,0.0,False,,,,,,,,
jd-opensource/nutui,cae73ff650a0b778,0.2857142857142857,0,0,0.0,False,,,,,,,,
jd-opensource/nutui,0fbf0a39a9420236,0.1875,0,0,0.0,False,,,,,,,,
jd-opensource/nutui,8819f108a71e047c,0.25,0,0,0.0,False,,,,,,,,
jd-opensource/nutui,9bffdb9ade5274c8,0.6153846153846154,0,0,0.0,False,,,,,,,,
jd-opensource/nutui,f16ff3343683693d,0.03636363636363636,0,0,0.0,False,,,,,,,,
jd-opensource/nutui,6b6d66f42f8410d1,0.38461538461538464,0,0,0.0,False,,,,,,,,
jemalloc/jemalloc,90683b77bc7d1883,0.20165745856353592,4,1,1.0,True,0.5,0.0,0.5,0.0,0.5,0.0,0.43067655807339306,0.0
jenkinsci/docker,e6ffa5dc854b843b,0.755868544600939,36,32,1.0,True,0.5796470426526605,0.0,0.19112757879585535,0.0,0.12069077656421597,0.0,0.5796470426526605,0.0
jenkinsci/jenkins,ea57993d5d195f4e,0.75,0,0,1.0,False,,,,,,,,
jenkinsci/jenkins,37358d6148e18def,0.4,1,0,0.0,False,,,,,,,,
jenkinsci/jenkins,56a48a26d0f38d1b,0.625,0,0,1.0,False,,,,,,,,
jenkinsci/jenkins,e0bfc80fb2d95a14,0.043478260869565216,0,0,0.0,False,,,,,,,,
jenkinsci/jenkins,0c7b416ca4efdf7e,0.8,0,0,1.0,False,,,,,,,,
jenkinsci/jenkins,8d2f15354fefc746,0.9076923076923077,0,0,1.0,False,,,,,,,,
jenkinsci/jenkins,9f9e46758d9ca2cc,0.8461538461538461,0,0,1.0,False,,,,,,,,
jenkinsci/jenkins,a3b9b116a9f1c36d,0.2054794520547945,0,0,0.0,False,,,,,,,,
jenkinsci/jenkins,d36dd6d67792ffd2,0.07272727272727272,0,0,0.0,False,,,,,,,,
jenkinsci/jenkins,3e7b2733565541ef,0.030303030303030304,0,0,0.0,False,,,,,,,,
jenkinsci/jenkins,c15c4d3134ca9e0a,0.025974025974025976,0,0,0.0,False,,,,,,,,
jenkinsci/jenkins,0afafd5d7bcc431b,0.025,0,0,0.0,False,,,,,,,,
jenkinsci/jenkins,7b6b3ec60f9b1918,0.13333333333333333,0,0,0.0,False,,,,,,,,
jenkinsci/jenkins,428d307810d77417,0.10638297872340426,0,0,0.0,False,,,,,,,,
jenkinsci/jenkins,9157540e5110d2de,0.75,0,0,1.0,False,,,,,,,,
jenkinsci/jenkins,c06532908ea6e8e1,0.043478260869565216,0,0,0.0,False,,,,,,,,
jenkinsci/jenkins,06c8023517e1a06a,0.7,0,0,1.0,False,,,,,,,,
jenkinsci/jenkins,7d5ad6ad0f4273c3,0.5555555555555556,0,0,1.0,False,,,,,,,,
jenkinsci/jenkins,f07d6c20b147a0b1,0.75,0,0,1.0,False,,,,,,,,
jenkinsci/jenkins,69c8b3e3ec4f1f68,0.0625,1,1,0.0,True,0.19342640361727081,0.0,0.19342640361727081,0.0,0.0,0.0,0.19342640361727081,0.0
jenkinsci/jenkins,4458fc573725952e,0.9,0,0,1.0,False,,,,,,,,
jenkinsci/jenkins,dca94287f0ea94b6,0.00819672131147541,0,0,0.0,False,,,,,,,,
jenkinsci/jenkins,21ff133062164a55,0.75,0,0,1.0,False,,,,,,,,
jenkinsci/jenkins,3c99bdf0b6b6d202,0.04040404040404041,0,0,0.0,False,,,,,,,,
jenkinsci/jenkins,d148503d8afb307f,1.0,0,0,1.0,False,,,,,,,,
joomla/joomla-cms,4d2ed484fe7a1d00,0.043478260869565216,0,0,0.0,False,,,,,,,,
joomla/joomla-cms,af2aa2937bc8e6be,0.17647058823529413,0,0,0.0,False,,,,,,,,
joomla/joomla-cms,55458b289167ba98,0.3333333333333333,0,0,0.0,False,,,,,,,,
joomla/joomla-cms,c63047b04bcd2bef,0.41203703703703703,0,0,1.0,False,,,,,,,,
joomla/joomla-cms,d805240c5e4818a1,0.4074074074074074,0,0,1.0,False,,,,,,,,
joomla/joomla-cms,48cc93a3572bd769,0.847457627118644,0,0,1.0,False,,,,,,,,
joomla/joomla-cms,624159ce5ca81cdb,0.4444444444444444,0,0,1.0,False,,,,,,,,
joomla/joomla-cms,dd548483b7761de0,0.6104651162790697,0,0,1.0,False,,,,,,,,
joomla/joomla-cms,c395091f51e97f98,0.5344827586206896,0,0,1.0,False,,,,,,,,
joomla/joomla-cms,e371d1188aea52a0,0.876,0,0,1.0,False,,,,,,,,
joomla/joomla-cms,2782cc34d58d4edb,0.09716599190283401,0,0,0.0,False,,,,,,,,
joomla/joomla-cms,1cf8bb9662366ad3,0.7172413793103448,0,0,1.0,False,,,,,,,,
joomla/joomla-cms,9822dc82bea1ad97,0.4426229508196721,0,0,1.0,False,,,,,,,,
joomla/joomla-cms,43ac4c5692e906d4,0.8010849909584087,0,0,1.0,False,,,,,,,,
joomla/joomla-cms,9d3462e80ee8a16d,0.1267605633802817,0,0,0.0,False,,,,,,,,
joomla/joomla-cms,cefe4a2aaffe8fe2,0.3333333333333333,0,0,1.0,False,,,,,,,,
joomla/joomla-cms,9a50b267a1de0ec1,0.5897435897435898,0,0,1.0,False,,,,,,,,
joomla/joomla-cms,3f773b38cfdac144,0.0,0,0,0.0,False,,,,,,,,
joomla/joomla-cms,e088d53fe15b9ba6,0.5930232558139535,0,0,1.0,False,,,,,,,,
joomla/joomla-cms,99c1818f12ba76f6,0.8648648648648649,3,2,1.0,True,0.08354430589031452,0.0,0.0,0.0,0.0,0.0,0.0,0.0
joomla/joomla-cms,5a9c6199124ccdaa,0.7351351351351352,0,0,1.0,False,,,,,,,,
joomla/joomla-cms,7e8b342198ac4906,0.5142857142857142,0,0,1.0,False,,,,,,,,
joomla/joomla-cms,a890db1b9b63e56f,0.4852941176470588,0,0,1.0,False,,,,,,,,
joomla/joomla-cms,5ece6a5aff87b6de,0.005988023952095809,0,0,0.0,False,,,,,,,,
joomla/joomla-cms,f46110700b2dd06f,0.75,0,0,1.0,False,,,,,,,,
jupyter/notebook,5053c0bda6e3ba2f,0.14285714285714285,1,1,0.0,True,0.6309297535714575,0.0,0.6309297535714575,0.0,0.6309297535714575,0.0,0.6309297535714575,0.0
jupyter/notebook,9b3b105ec0db5a87,0.0,18,17,0.0,True,0.6635910240180067,0.0,0.9195963197445388,1.0,0.9195963197445388,1.0,0.6635910240180067,0.0
jupyter/notebook,5a1b054b0308e572,0.025,20,20,0.0,True,0.5,0.0,0.5,0.0,0.5,0.0,0.5,0.0
jupyter/notebook,04389dd8dd41b3b3,0.16666666666666666,0,0,0.0,False,,,,,,,,
jupyter/notebook,a0fdacd2ade87c52,0.0,1,1,0.0,True,1.0,1.0,1.0,1.0,1.0,1.0,1.0,1.0
jupyter/notebook,0aae9537b516d136,0.032520325203252036,5,5,0.0,True,1.0,1.0,1.0,1.0,1.0,1.0,1.0,1.0
jupyter/notebook,60f61ab7a8d1910d,0.0,0,0,0.0,False,,,,,,,,
jupyter/notebook,4864764f0b773fdd,0.14285714285714285,0,0,0.0,False,,,,,,,,
jupyter/notebook,008dcb3426febd76,0.21375921375921375,2,1,0.0,True,0.5,0.0,0.5,0.0,0.5,0.0,0.6309297535714575,0.0
jupyter/notebook,63a9c44a44acf85f,0.08139534883720931,21,20,0.0,True,0.6309297535714575,0.0,0.6309297535714575,0.0,0.6309297535714575,0.0,0.6309297535714575,0.0
jupyterlab/jupyterlab,40c0dfdd8c786d77,0.06666666666666667,0,0,0.0,False,,,,,,,,
jupyterlab/jupyterlab,5ebd1aa93f55d340,0.8333333333333334,0,0,1.0,False,,,,,,,,
jupyterlab/jupyterlab,0c25bfd13f26f55a,0.06578947368421052,2,1,0.0,True,0.5,0.0,0.5,0.0,0.5,0.0,0.5,0.0
jupyterlab/jupyterlab,479a93a4dc35a191,0.8333333333333334,0,0,1.0,False,,,,,,,,
jupyterlab/jupyterlab,bdd0adfa97d47816,0.3333333333333333,0,0,0.0,False,,,,,,,,
jupyterlab/jupyterlab,27fb0a756a88072e,0.8333333333333334,0,0,1.0,False,,,,,,,,
jupyterlab/jupyterlab,352916c4cc928b12,0.0045045045045045045,12,6,0.0,True,0.3015849569682899,0.0,0.3015849569682899,0.0,0.3015849569682899,0.0,0.3015849569682899,0.0
jupyterlab/jupyterlab,d0038cc36a2b83b6,0.005089058524173028,2,0,0.0,False,,,,,,,,
jupyterlab/jupyterlab,ab6be7bde52236b4,0.0,3,0,0.0,False,,,,,,,,
jupyterlab/jupyterlab,fab3eff9fb15d777,0.0,3,0,0.0,False,,,,,,,,
jupyterlab/jupyterlab,fe1c75fc15a2ffff,0.06666666666666667,0,0,0.0,False,,,,,,,,
jupyterlab/jupyterlab,ecac33d06fcb7f8d,0.0,1,0,0.0,False,,,,,,,,
jupyterlab/jupyterlab,aaf2bce259838bee,0.8333333333333334,0,0,1.0,False,,,,,,,,
jupyterlab/jupyterlab,f0c026992fe4bca8,0.0228310502283105,2,0,0.0,False,,,,,,,,
jupyterlab/jupyterlab,0ae7a3564dde209d,0.012987012987012988,2,0,0.0,False,,,,,,,,
jupyterlab/jupyterlab,ce63ab2e2da08129,0.0,0,0,0.0,False,,,,,,,,
jupyterlab/jupyterlab,20c5ee6669c0a723,0.08108108108108109,2,0,0.0,False,,,,,,,,
jupyterlab/jupyterlab,6c4ed906488b8886,0.01282051282051282,2,0,0.0,False,,,,,,,,
jupyterlab/jupyterlab,5631d7e4a6e4a8a1,0.009009009009009009,0,0,0.0,False,,,,,,,,
jupyterlab/jupyterlab,449601fe84fa87cc,0.06666666666666667,0,0,0.0,False,,,,,,,,
jupyterlab/jupyterlab,9283aeb197f5f492,0.002805049088359046,19,2,0.0,True,0.43067655807339306,0.0,0.43067655807339306,0.0,0.6309297535714575,0.0,0.43067655807339306,0.0
jupyterlab/jupyterlab,a0cb59afe9304009,0.010101010101010102,1,0,0.0,False,,,,,,,,
jupyterlab/jupyterlab,57651a00a1cbcec5,0.038834951456310676,2,0,0.0,False,,,,,,,,
jupyterlab/jupyterlab,9f1ba14a95feee09,0.06666666666666667,0,0,0.0,False,,,,,,,,
jupyterlab/jupyterlab,62ca1ab4d2b7d380,0.034482758620689655,1,0,0.0,False,,,,,,,,
jupytext/jupytext,290c703fa9a81521,0.018867924528301886,0,0,0.0,False,,,,,,,,
jupytext/jupytext,45b24396ee1217da,0.03571428571428571,0,0,0.0,False,,,,,,,,
jupytext/jupytext,4f6e254b9082057b,0.03286770747740345,10,7,0.0,True,1.0,1.0,1.0,1.0,1.0,1.0,1.0,1.0
jupytext/jupytext,d78a700bb8b4cf99,0.05521472392638037,3,1,0.0,True,1.0,1.0,1.0,1.0,1.0,1.0,1.0,1.0
jupytext/jupytext,e4600a44548dca1c,0.07065217391304347,1,0,0.0,False,,,,,,,,
jupytext/jupytext,2c4b614be53dbdc2,0.009569377990430622,0,0,0.0,False,,,,,,,,
jupytext/jupytext,85f88e89c36bc2bf,0.011627906976744186,0,0,0.0,False,,,,,,,,
jupytext/jupytext,e52e4ddd58b7ef88,0.028985507246376812,5,5,0.0,True,1.0,1.0,1.0,1.0,1.0,1.0,1.0,1.0
jupytext/jupytext,d96e8fa933d6de98,0.030303030303030304,0,0,0.0,False,,,,,,,,
jupytext/jupytext,926311f7bf03bd09,0.013623978201634877,0,0,0.0,False,,,,,,,,
jupytext/jupytext,32472f26cac60b99,0.02843601895734597,3,2,0.0,True,1.0,1.0,1.0,1.0,1.0,1.0,1.0,1.0
jupytext/jupytext,47d4995b5627a5d1,0.05621301775147929,1,0,0.0,False,,,,,,,,
jupytext/jupytext,c209b5cd23e80ace,0.02564102564102564,3,3,0.0,True,1.0,1.0,1.0,1.0,1.0,1.0,1.0,1.0
jupytext/jupytext,7f67e591d212344b,0.04296875,0,0,0.0,False,,,,,,,,
jupytext/jupytext,f8aa1a8e18d1d1a6,0.016812373907195696,2,1,0.0,True,1.0,1.0,1.0,1.0,1.0,1.0,1.0,1.0
jupytext/jupytext,dde080737245029f,0.059369202226345084,2,0,0.0,False,,,,,,,,
jupytext/jupytext,988c92333f0b27d7,0.03225806451612903,0,0,0.0,False,,,,,,,,
jupytext/jupytext,8d8bcea106b9f0ba,0.01405152224824356,2,1,0.0,True,1.0,1.0,1.0,1.0,1.0,1.0,1.0,1.0
jupytext/jupytext,6e0a066432e3d04b,0.07317073170731707,0,0,0.0,False,,,,,,,,
jupytext/jupytext,380ed5fc8f3d9327,0.031017369727047148,2,1,0.0,True,1.0,1.0,1.0,1.0,1.0,1.0,1.0,1.0
jupytext/jupytext,bd23713ca9d9f039,0.060453400503778336,2,2,0.0,True,1.0,1.0,1.0,1.0,1.0,1.0,1.0,1.0
jupytext/jupytext,162475032f089d17,0.05357142857142857,0,0,0.0,False,,,,,,,,
jupytext/jupytext,9fdf391fe9623989,0.013392857142857142,0,0,0.0,False,,,,,,,,
jupytext/jupytext,7b4bf4651d1f15f2,0.02702702702702703,1,1,0.0,True,1.0,1.0,1.0,1.0,1.0,1.0,1.0,1.0
jupytext/jupytext,beb6ecb13a25b7d5,0.02666666666666667,0,0,0.0,False,,,,,,,,
laramies/theHarvester,aec5667b62aee55f,0.2702702702702703,11,2,0.0,True,0.5,0.0,0.5,0.0,0.5,0.0,0.6309297535714575,0.0
laramies/theHarvester,779d0fed51035cab,0.011111111111111112,9,8,0.0,True,0.0,0.0,0.0,0.0,0.0,0.0,0.0,0.0
laramies/theHarvester,6d577be49e8a9f6c,0.0,11,0,0.0,False,,,,,,,,
laramies/theHarvester,7192026d96d7270b,0.019230769230769232,7,0,0.0,False,,,,,,,,
laramies/theHarvester,bfdaa2c0a0c49662,0.0,5,0,0.0,False,,,,,,,,
laramies/theHarvester,3c53bb1be4e2c962,0.06896551724137931,8,5,0.0,True,1.0,1.0,0.8154648767857287,0.5,0.8154648767857287,0.5,1.0,1.0
laramies/theHarvester,02dba8fce89b9d92,0.06451612903225806,7,3,0.0,True,0.38685280723454163,0.0,0.38685280723454163,0.0,0.38685280723454163,0.0,0.4087646826539674,0.0
laramies/theHarvester,8ec0b2e5751e9792,0.034482758620689655,5,4,0.0,True,0.0,0.0,0.0,0.0,0.0,0.0,0.0,0.0
laramies/theHarvester,bcd7e2d1b6ce5af2,0.07042253521126761,8,7,0.0,True,0.31939394323979897,0.0,0.31939394323979897,0.0,0.31939394323979897,0.0,0.31939394323979897,0.0
laramies/theHarvester,f72f149179e8254b,0.015384615384615385,9,9,0.0,True,0.6309297535714575,0.0,0.6309297535714575,0.0,0.6309297535714575,0.0,0.6309297535714575,0.0
laramies/theHarvester,d377f8d2036a2d04,0.0,5,0,0.0,False,,,,,,,,
laramies/theHarvester,c82056364683b1d0,0.0,1,1,0.0,True,0.38685280723454163,0.0,0.19342640361727081,0.0,0.19342640361727081,0.0,0.38685280723454163,0.0
laramies/theHarvester,1afb2dabe68289ad,0.0,4,0,0.0,False,,,,,,,,
laramies/theHarvester,7caef6d82fdb49d8,0.07246376811594203,7,7,0.0,True,1.0,1.0,1.0,1.0,1.0,1.0,1.0,1.0
laramies/theHarvester,3de36e2b39f7b845,0.0,0,0,0.0,False,,,,,,,,
laramies/theHarvester,227007b2754833b6,0.05263157894736842,2,0,0.0,False,,,,,,,,
laramies/theHarvester,ec7f8c72d57ff456,0.0,1,1,0.0,True,0.8154648767857288,0.5,0.8154648767857288,0.5,0.8154648767857288,0.5,0.8154648767857288,0.5
laramies/theHarvester,75681de1fe96443d,0.04054054054054054,7,6,0.0,True,0.38685280723454163,0.0,0.38685280723454163,0.0,0.43067655807339306,0.0,0.43067655807339306,0.0
laramies/theHarvester,3df273085821b0d2,0.0,3,0,0.0,False,,,,,,,,
laramies/theHarvester,d5c5cd0d2647fff0,0.059322033898305086,7,3,0.0,True,0.5,0.0,0.4087646826539674,0.0,0.4087646826539674,0.0,0.5,0.0
laramies/theHarvester,a31e3aa462440921,0.1724137931034483,2,2,0.0,True,0.38685280723454163,0.0,0.38685280723454163,0.0,0.38685280723454163,0.0,0.38685280723454163,0.0
laramies/theHarvester,2827cd0b6aa67e85,0.0,6,6,0.0,True,1.0,1.0,1.0,1.0,1.0,1.0,1.0,1.0
laramies/theHarvester,afd1e8d0da1be6f8,0.04854368932038835,14,13,0.0,True,0.21900213040227748,0.0,0.21900213040227748,0.0,0.21900213040227748,0.0,0.21900213040227748,0.0
laramies/theHarvester,65eea3163714ae97,0.0625,4,0,0.0,False,,,,,,,,
laramies/theHarvester,b71b16e59ee54a46,0.20833333333333334,3,0,1.0,False,,,,,,,,
libfuse/sshfs,d922311d6f623c10,0.023121387283236993,3,0,0.0,False,,,,,,,,
libfuse/sshfs,fba2c0611f826bd5,0.17777777777777778,0,0,0.0,False,,,,,,,,
libfuse/sshfs,f66e47f67e8948a0,0.0044316419233325945,13,0,0.0,False,,,,,,,,
libfuse/sshfs,2dff4a611d5cfb5a,0.125,0,0,0.0,False,,,,,,,,
libfuse/sshfs,fb327c87db6b2c02,0.09090909090909091,1,0,0.0,False,,,,,,,,
libfuse/sshfs,6ac3f79fc25d95cd,0.45161290322580644,0,0,0.0,False,,,,,,,,
libfuse/sshfs,73b6b33b6d2c3797,1.0,0,0,0.0,False,,,,,,,,
libfuse/sshfs,ed95e6d00a56619a,0.007633587786259542,0,0,0.0,False,,,,,,,,
libfuse/sshfs,30d8f6be6320feea,0.013888888888888888,2,0,0.0,False,,,,,,,,
libfuse/sshfs,63a9c44a44acf85f,1.0,0,0,0.0,False,,,,,,,,
libfuse/sshfs,0d16353e7f1a8593,0.02280130293159609,2,0,0.0,False,,,,,,,,
libfuse/sshfs,510f2a3b94ff5c20,0.009419152276295133,2,0,0.0,False,,,,,,,,
libfuse/sshfs,0dc25ea6fcc93d01,0.0,0,0,0.0,False,,,,,,,,
libfuse/sshfs,5e819ed747a20793,0.011811023622047244,6,0,0.0,False,,,,,,,,
libgdx/libgdx,a80c32dee9d8654c,1.0,0,0,1.0,False,,,,,,,,
libgdx/libgdx,3529b6c5c442c267,0.46464646464646464,0,0,1.0,False,,,,,,,,
libgdx/libgdx,351bdc97d7d5c1c8,1.0,0,0,1.0,False,,,,,,,,
libgdx/libgdx,fa43a6f9d55a2022,0.45652173913043476,0,0,0.0,False,,,,,,,,
libgdx/libgdx,124cdd124a6b2f0a,0.013636363636363636,4,2,1.0,True,0.5,0.0,0.5,0.0,0.0,0.0,0.5,0.0
libgdx/libgdx,596d55ce403f0c8a,0.10344827586206896,0,0,0.0,False,,,,,,,,
libgdx/libgdx,a5c7f7e8c7743ee7,0.8790322580645161,0,0,1.0,False,,,,,,,,
libgdx/libgdx,554566018c1fa303,0.061224489795918366,0,0,0.0,False,,,,,,,,
libgdx/libgdx,bf62a79a4b38658e,1.0,0,0,1.0,False,,,,,,,,
libgdx/libgdx,ab8e360d922b7134,0.5108695652173914,0,0,1.0,False,,,,,,,,
libgdx/libgdx,0c02324bf459f379,1.0,0,0,1.0,False,,,,,,,,
libgdx/libgdx,b018e69fb1b132a8,0.07643312101910828,0,0,0.0,False,,,,,,,,
libgdx/libgdx,58b44bd610d8c8f5,0.008421052631578947,0,0,0.0,False,,,,,,,,
libgdx/libgdx,4bba3e344ded9a1d,0.35294117647058826,0,0,0.0,False,,,,,,,,
libgdx/libgdx,533c6edca7c83a0a,0.9625,0,0,1.0,False,,,,,,,,
libgdx/libgdx,f05745599514a9af,0.09523809523809523,0,0,0.0,False,,,,,,,,
libgdx/libgdx,b8c9c552cb471b49,0.5125858123569794,0,0,1.0,False,,,,,,,,
libgdx/libgdx,4c6c47ae1714a851,0.9943365695792881,0,0,1.0,False,,,,,,,,
libgdx/libgdx,6432cea26d6a8717,0.8181818181818182,0,0,1.0,False,,,,,,,,
libgdx/libgdx,c3ba9ca98c714db6,1.0,0,0,1.0,False,,,,,,,,
libgdx/libgdx,5ba6d8f6acec9c5c,0.25,0,0,0.0,False,,,,,,,,
libgdx/libgdx,1186e3c57c0d66a3,0.5878787878787879,0,0,1.0,False,,,,,,,,
libgdx/libgdx,f0a12dcc41c75d28,0.991304347826087,0,0,1.0,False,,,,,,,,
libgdx/libgdx,091e289454c0d62a,0.2,0,0,0.0,False,,,,,,,,
libgdx/libgdx,b7cca166b3225066,0.967741935483871,0,0,1.0,False,,,,,,,,
libp2p/rust-libp2p,c662b4b9e1dd66b5,0.05128205128205128,1,0,0.0,False,,,,,,,,
libp2p/rust-libp2p,681d06268973c864,0.014925373134328358,2,1,0.0,True,0.43067655807339306,0.0,0.43067655807339306,0.0,0.43067655807339306,0.0,0.43067655807339306,0.0
libp2p/rust-libp2p,9ec8c5fcec2242a8,0.0,1,0,0.0,False,,,,,,,,
libp2p/rust-libp2p,5d0517e00d2e69ff,0.018292682926829267,0,0,0.0,False,,,,,,,,
libp2p/rust-libp2p,6187aba48a113228,0.018691588785046728,2,1,0.0,True,0.5,0.0,0.5,0.0,0.4391764551026449,0.0,0.5,0.0
libp2p/rust-libp2p,f176cef6da6d32fd,0.14919354838709678,1,0,0.0,False,,,,,,,,
libp2p/rust-libp2p,801fcfed15123401,0.0967741935483871,2,0,0.0,False,,,,,,,,
libp2p/rust-libp2p,31fd6ecfa092206a,0.07837582625118036,1,0,0.0,False,,,,,,,,
libp2p/rust-libp2p,1e7a8ad3d1ee2ef9,0.006535947712418301,1,0,0.0,False,,,,,,,,
libp2p/rust-libp2p,51fa6f891ac30be8,0.1402439024390244,1,0,0.0,False,,,,,,,,
libp2p/rust-libp2p,14ba90354317c817,0.04225352112676056,0,0,0.0,False,,,,,,,,
libp2p/rust-libp2p,c441969d6510e60e,0.03255813953488372,1,0,0.0,False,,,,,,,,
libp2p/rust-libp2p,13be5e2ed9e90186,0.011393514460999123,1,1,0.0,True,0.38685280723454163,0.0,0.0,0.0,0.0,0.0,0.38685280723454163,0.0
libp2p/rust-libp2p,b803fcb7f17ed923,0.012437810945273632,11,9,0.0,True,0.5431738323726484,0.0,0.5431738323726484,0.0,0.5431738323726484,0.0,0.5431738323726484,0.0
libp2p/rust-libp2p,0ed9dd4898bd37fb,0.0,1,0,0.0,False,,,,,,,,
libp2p/rust-libp2p,11caf55365d701cd,0.01,0,0,0.0,False,,,,,,,,
libp2p/rust-libp2p,0d5ddf1c14731291,0.04938271604938271,0,0,0.0,False,,,,,,,,
libp2p/rust-libp2p,51ea339d5e40e4b8,0.047244094488188976,2,1,1.0,True,0.38685280723454163,0.0,0.0,0.0,0.0,0.0,0.38685280723454163,0.0
libp2p/rust-libp2p,e90ded327607d9e7,0.023668639053254437,1,0,0.0,False,,,,,,,,
libp2p/rust-libp2p,15bd834e90f0ac8a,0.013207547169811321,1,0,0.0,False,,,,,,,,
libp2p/rust-libp2p,8de6bbf872f019cd,0.13404507710557534,3,1,0.0,True,0.38685280723454163,0.0,0.38685280723454163,0.0,0.0,0.0,0.38685280723454163,0.0
libp2p/rust-libp2p,e7d2002572c38449,0.0,2,1,0.0,True,0.5,0.0,0.5,0.0,0.43067655807339306,0.0,0.5,0.0
libp2p/rust-libp2p,1ed1a31c63b1ebc7,0.03286384976525822,1,0,0.0,False,,,,,,,,
libp2p/rust-libp2p,003710070ca849ff,0.021052631578947368,0,0,0.0,False,,,,,,,,
libp2p/rust-libp2p,8e4d84af2b3f9525,0.015384615384615385,0,0,0.0,False,,,,,,,,
libvips/libvips,a56c3d2b060ced9a,0.31521739130434784,2,2,0.0,True,1.0,1.0,1.0,1.0,1.0,1.0,1.0,1.0
libvips/libvips,2233bbb9d4bd2be3,0.32459016393442625,1,1,0.0,True,1.0,1.0,1.0,1.0,1.0,1.0,1.0,1.0
libvips/libvips,f11fe32f48158ebd,0.43317073170731707,0,0,0.0,False,,,,,,,,
libvips/libvips,b6fccc431bf0ede4,0.3894348894348894,0,0,0.0,False,,,,,,,,
libvips/libvips,791e06df9f241f57,0.13674560733384264,13,9,0.0,True,0.8878128699528257,0.0,0.8878128699528257,0.0,0.8586847193397662,0.0,0.8878128699528257,0.0
libvips/libvips,d6d0f796fd50a988,0.34415584415584416,2,2,0.0,True,1.0,1.0,1.0,1.0,1.0,1.0,1.0,1.0
libvips/libvips,31e9cef618d7cf6d,0.3323442136498516,1,1,0.0,True,1.0,1.0,1.0,1.0,1.0,1.0,1.0,1.0
libvips/libvips,2630e7eafeb207dd,0.22962962962962963,0,0,0.0,False,,,,,,,,
libvips/libvips,dbabe6fed7a496c0,0.4057971014492754,0,0,0.0,False,,,,,,,,
libvips/libvips,ea919c9834f6b810,0.3402061855670103,0,0,0.0,False,,,,,,,,
libvips/libvips,041ab9e9b424baa0,0.2897196261682243,0,0,0.0,False,,,,,,,,
libvips/libvips,107e910e9f2ebfb9,0.8,4,4,0.0,True,1.0,1.0,1.0,1.0,1.0,1.0,1.0,1.0
libvips/libvips,d3a489c2ef3e034d,0.37006701414743115,0,0,0.0,False,,,,,,,,
libvips/libvips,77c0c0077fc5fa52,0.3648315529991783,0,0,0.0,False,,,,,,,,
libvips/libvips,a70df28e2211e489,0.1452513966480447,0,0,0.0,False,,,,,,,,
libvips/libvips,5856939957ed519d,0.3292929292929293,1,1,1.0,True,0.6309297535714575,0.0,1.0,1.0,1.0,1.0,1.0,1.0
libvips/libvips,a8af6c46bd08a887,0.3888888888888889,0,0,0.0,False,,,,,,,,
libvips/libvips,75a60f68d87e374a,0.3225806451612903,0,0,0.0,False,,,,,,,,
libvips/libvips,6060da32e6c2a63b,0.23214285714285715,0,0,0.0,False,,,,,,,,
libvips/libvips,59ab76f688c40b46,0.3979591836734694,1,1,0.0,True,1.0,1.0,1.0,1.0,1.0,1.0,1.0,1.0
libvips/libvips,b2879a30cb4ca3d1,0.289134438305709,0,0,0.0,False,,,,,,,,
libvips/libvips,68009039a373af88,0.2780395852968897,4,4,0.0,True,1.0,1.0,0.9708599922301162,1.0,0.9638614719361266,1.0,0.9889292562620529,1.0
libvips/libvips,8570e4ef2b24383b,0.2656,2,2,0.0,True,1.0,1.0,1.0,1.0,1.0,1.0,1.0,1.0
libvips/libvips,02d8a8f2ce5006bd,0.25824175824175827,0,0,0.0,False,,,,,,,,
libvips/libvips,6f059eaadc9e379b,0.3761904761904762,0,0,0.0,False,,,,,,,,
lichess-org/lila,c7c46b27e883a628,0.12643678160919541,10,6,1.0,True,0.7601875334318685,0.0,0.7601875334318685,0.0,0.7601875334318685,0.0,0.6433224083306327,0.0
lichess-org/lila,8051837aff766774,0.0,0,0,0.0,False,,,,,,,,
lichess-org/lila,e64d24972917085f,0.2,1,1,0.0,True,1.0,1.0,1.0,1.0,1.0,1.0,1.0,1.0
lichess-org/lila,9757495baed87e06,0.09090909090909091,22,20,0.0,True,1.0,1.0,1.0,1.0,1.0,1.0,1.0,1.0
lichess-org/lila,fed7cc31c60c45bb,0.08614232209737828,6,5,0.0,True,0.9717271130121371,1.0,0.9717271130121371,1.0,0.8916030161244672,1.0,0.9717271130121371,1.0
lichess-org/lila,54e4a541a74a4e77,0.5,0,0,1.0,False,,,,,,,,
lichess-org/lila,f304b9df44ebdcf5,0.0,4,2,0.0,True,1.0,1.0,0.6309297535714575,0.0,0.6309297535714575,0.0,1.0,1.0
lichess-org/lila,b1e3aa57337260c4,0.07407407407407407,3,3,0.0,True,1.0,1.0,1.0,1.0,1.0,1.0,1.0,1.0
lichess-org/lila,e34f99c668dda041,0.15,3,0,1.0,False,,,,,,,,
lichess-org/lila,224b3d164ed2992b,0.08333333333333333,2,0,0.0,False,,,,,,,,
lichess-org/lila,42bf2225c5870bf6,0.04048582995951417,22,13,0.0,True,0.9513882472475116,1.0,0.8750115495447923,1.0,0.8750115495447923,1.0,0.9513882472475116,1.0
lichess-org/lila,98f7141e9f035720,0.17083333333333334,3,0,0.0,False,,,,,,,,
lichess-org/lila,3ec5706efb6621ed,0.2540983606557377,4,4,0.0,True,0.9639404333166532,1.0,0.9639404333166532,1.0,0.9639404333166532,1.0,0.9543941949381196,1.0
lichess-org/lila,4630fe6ad4a098b6,0.1054945054945055,48,46,0.0,True,0.9979784303615236,1.0,0.9955628391306913,1.0,0.9955628391306913,1.0,0.9938237774222198,1.0
lichess-org/lila,8fd74420ca55aa91,0.3333333333333333,28,7,0.0,True,0.9373691761066303,0.0,0.9373691761066303,0.0,0.9373691761066303,0.0,0.9373691761066303,0.0
lichess-org/lila,ed9feaa882736ee2,0.03008595988538682,54,42,0.0,True,0.8214470861884309,1.0,0.8743173801985045,1.0,0.9271876742085781,1.0,0.8214470861884309,1.0
lichess-org/lila,26efe5e1df184256,0.05555555555555555,13,6,0.0,True,1.0,1.0,1.0,1.0,1.0,1.0,1.0,1.0
lichess-org/lila,85c5f0afc4ea6520,0.2077922077922078,0,0,0.0,False,,,,,,,,
lichess-org/lila,1c0a1098688ce6f9,0.1292517006802721,36,21,0.0,True,0.6282900521298642,0.0,0.31939394323979897,0.0,0.31939394323979897,0.0,0.31939394323979897,0.0
lichess-org/lila,e6d88fd0ac6a8059,0.22929936305732485,12,11,0.0,True,1.0,1.0,1.0,1.0,1.0,1.0,1.0,1.0
lichess-org/lila,ebfd8aa1efe51331,0.03508771929824561,2,2,0.0,True,1.0,1.0,1.0,1.0,0.5,0.0,1.0,1.0
lichess-org/lila,df0f48d7909e4516,0.08,3,1,0.0,True,0.6309297535714575,0.0,0.6309297535714575,0.0,0.6309297535714575,0.0,0.5,0.0
lichess-org/lila,de59f6386c8c54cd,0.17330210772833723,42,40,0.0,True,0.9897990977497318,1.0,0.9897990977497318,1.0,0.9886829063265803,1.0,0.9897990977497318,1.0
lichess-org/lila,8e32ce797319b89e,0.25757575757575757,2,0,0.0,False,,,,,,,,
lichess-org/lila,af68008551fd822a,0.17446808510638298,11,9,0.0,True,0.9848301680919973,1.0,0.976798189625492,1.0,0.976798189625492,1.0,1.0,1.0
lightgbm-org/LightGBM,0e0a024e0187c38d,0.25757575757575757,1,1,1.0,True,0.8154648767857288,0.5,0.6309297535714575,0.0,0.6309297535714575,0.0,0.5,0.0
lightgbm-org/LightGBM,4e93d670293def4f,0.38593155893536124,10,1,1.0,True,1.0,1.0,1.0,1.0,1.0,1.0,0.38685280723454163,0.0
lightgbm-org/LightGBM,09fdb074097879f4,0.14545454545454545,0,0,0.0,False,,,,,,,,
lightgbm-org/LightGBM,263bfdd4e44ba860,0.27032647119983366,15,7,1.0,True,0.7601875334318685,1.0,0.8099531166420328,1.0,0.8099531166420328,1.0,0.5497655832101642,0.0
lightgbm-org/LightGBM,4583a656084ea62b,0.12740384615384615,12,9,0.0,True,1.0,1.0,1.0,1.0,1.0,1.0,1.0,1.0
lightgbm-org/LightGBM,faa65c8eca939706,0.1782178217821782,0,0,0.0,False,,,,,,,,
lightgbm-org/LightGBM,37f544943a93c2ce,0.014326647564469915,5,5,0.0,True,0.9567574534371579,1.0,0.9567574534371579,1.0,0.47996975781793727,0.0,0.9567574534371579,1.0
lightgbm-org/LightGBM,85933aa74a2d66c3,0.16809116809116809,3,2,0.0,True,0.6309297535714575,0.0,0.6309297535714575,0.0,0.6309297535714575,0.0,0.5,0.0
lightgbm-org/LightGBM,dd558233c7063d57,0.40384615384615385,0,0,1.0,False,,,,,,,,
lightgbm-org/LightGBM,1f8604865fbe213c,0.23979591836734693,0,0,0.0,False,,,,,,,,
lightgbm-org/LightGBM,c4e8c1b08d9e25ea,0.11214953271028037,13,12,0.0,True,0.9013982659193838,1.0,0.9013982659193838,1.0,0.9013982659193838,1.0,0.9013982659193838,1.0
lightgbm-org/LightGBM,74615727fd62edea,0.16569767441860464,13,5,0.0,True,0.9472941807962689,1.0,0.9567574534371579,1.0,0.9567574534371579,1.0,0.9472941807962689,1.0
lightgbm-org/LightGBM,a8af897ad9322dbc,0.1172962226640159,7,5,0.0,True,1.0,1.0,1.0,1.0,1.0,1.0,1.0,1.0
lightgbm-org/LightGBM,cb075898266909e1,0.0,13,11,0.0,True,0.8841481223178906,1.0,0.8841481223178906,1.0,0.8841481223178906,1.0,0.8841481223178906,1.0
lightgbm-org/LightGBM,da8bd23ee10ae633,0.08646616541353383,4,3,1.0,True,1.0,1.0,1.0,1.0,1.0,1.0,0.6309297535714575,0.0
lightgbm-org/LightGBM,86097d7f49a0a06f,0.38181818181818183,1,1,1.0,True,1.0,1.0,0.6309297535714575,0.0,0.6309297535714575,0.0,0.38685280723454163,0.0
lightgbm-org/LightGBM,5324c373acdf3a75,0.1388888888888889,0,0,0.0,False,,,,,,,,
lightgbm-org/LightGBM,eca12c0a30e25b4b,0.75,2,2,1.0,True,1.0,1.0,1.0,1.0,1.0,1.0,0.6309297535714575,0.0
lightgbm-org/LightGBM,25c5c42e96fce8e0,0.21406727828746178,10,9,1.0,True,0.976798189625492,1.0,0.9268989817336446,1.0,0.9268989817336446,1.0,0.6347073540226906,0.0
lightgbm-org/LightGBM,c51664f5025334e5,0.28205128205128205,2,1,0.0,True,0.6309297535714575,0.0,0.6309297535714575,0.0,0.6309297535714575,0.0,0.0,0.0
lightgbm-org/LightGBM,c9d6a9b1213f9c5a,0.46551724137931033,2,2,1.0,True,1.0,1.0,1.0,1.0,1.0,1.0,0.5,0.0
lightgbm-org/LightGBM,e2737b845aedd431,0.07692307692307693,0,0,0.0,False,,,,,,,,
lightgbm-org/LightGBM,9bd633ead0bdfe95,0.14432989690721648,4,2,0.0,True,1.0,1.0,1.0,1.0,1.0,1.0,1.0,1.0
lightgbm-org/LightGBM,5c247cff55bdfed6,0.24489795918367346,0,0,0.0,False,,,,,,,,
lightgbm-org/LightGBM,58213d9b70c6bf8b,0.15914489311163896,4,1,1.0,True,1.0,1.0,1.0,1.0,1.0,1.0,0.5,0.0
linera-io/linera-protocol,bc37d034bad56458,0.02631578947368421,12,10,0.0,True,0.27377123820459426,0.0,0.27377123820459426,0.0,0.27377123820459426,0.0,0.27377123820459426,0.0
linuxmint/cinnamon,64b885f5f187c6bb,0.13359528487229863,4,3,0.0,True,0.5271341073823443,0.0,0.4796249331362629,0.0,0.4796249331362629,0.0,0.626665273802673,0.0
linuxmint/cinnamon,ce633d98ef47ca15,0.11788617886178862,3,2,0.0,True,0.6309297535714575,0.0,0.6309297535714575,0.0,0.5,0.0,0.6309297535714575,0.0
linuxmint/cinnamon,64c1010c40df2a89,0.1609798775153106,9,9,0.0,True,0.5273712271074322,0.0,0.5400870520605108,0.0,0.5400870520605108,0.0,0.5400870520605108,0.0
lllyasviel/stable-diffusion-webui-forge,ed3ee7e0beea2498,0.0,1,0,0.0,False,,,,,,,,
lllyasviel/stable-diffusion-webui-forge,3ab0330b32fb1aab,0.015873015873015872,0,0,0.0,False,,,,,,,,
lllyasviel/stable-diffusion-webui-forge,c766c825471943c0,0.19783616692426584,5,0,0.0,False,,,,,,,,
lllyasviel/stable-diffusion-webui-forge,0b54aae751401ae8,0.20930232558139536,0,0,0.0,False,,,,,,,,
lllyasviel/stable-diffusion-webui-forge,b4b7969eb6a34dc0,0.9411764705882353,0,0,1.0,False,,,,,,,,
lllyasviel/stable-diffusion-webui-forge,479163685bafaa4c,0.5540540540540541,1,0,1.0,False,,,,,,,,
lllyasviel/stable-diffusion-webui-forge,18be4c015525ceca,0.9354838709677419,1,0,1.0,False,,,,,,,,
lllyasviel/stable-diffusion-webui-forge,6b4ebcade51d2d3d,0.16153846153846155,2,0,0.0,False,,,,,,,,
lllyasviel/stable-diffusion-webui-forge,b67641cf8802a9b9,1.0,0,0,1.0,False,,,,,,,,
lllyasviel/stable-diffusion-webui-forge,57519d79eb8fca0c,0.9090909090909091,2,0,1.0,False,,,,,,,,
lllyasviel/stable-diffusion-webui-forge,6b040102aa8f0e3a,0.7560975609756098,0,0,1.0,False,,,,,,,,
lllyasviel/stable-diffusion-webui-forge,362e762d8b52142b,0.4198473282442748,2,0,1.0,False,,,,,,,,
lllyasviel/stable-diffusion-webui-forge,7c061f70b595941b,0.5952380952380952,0,0,0.0,False,,,,,,,,
lllyasviel/stable-diffusion-webui-forge,af5cef44524d25c0,0.6571428571428571,0,0,1.0,False,,,,,,,,
lllyasviel/stable-diffusion-webui-forge,856997acd716f8f4,0.37305699481865284,1,0,0.0,False,,,,,,,,
lllyasviel/stable-diffusion-webui-forge,c888caf5f8628b5c,0.9292035398230089,2,0,1.0,False,,,,,,,,
lllyasviel/stable-diffusion-webui-forge,e9a27408b64265e3,0.09433962264150944,1,0,0.0,False,,,,,,,,
lllyasviel/stable-diffusion-webui-forge,ddc07d50fa3b0439,0.014778325123152709,0,0,0.0,False,,,,,,,,
lllyasviel/stable-diffusion-webui-forge,fe2129c140fc5cff,0.27610208816705334,5,0,0.0,False,,,,,,,,
lllyasviel/stable-diffusion-webui-forge,c47505ac02dfa18a,0.7473684210526316,0,0,1.0,False,,,,,,,,
locustio/locust,add01459bffa773e,0.1,0,0,0.0,False,,,,,,,,
locustio/locust,6ef325a166b83c94,0.037783375314861464,1,0,0.0,False,,,,,,,,
locustio/locust,0a5d25e3b717d98c,0.10714285714285714,2,0,0.0,False,,,,,,,,
locustio/locust,021d9615aa6aadc6,0.3783783783783784,2,0,1.0,False,,,,,,,,
locustio/locust,0d21cf33635780ee,0.10714285714285714,2,0,0.0,False,,,,,,,,
locustio/locust,53e791a096bbfc7e,0.03125,0,0,0.0,False,,,,,,,,
locustio/locust,43ecf2bfa4e97c34,0.0683453237410072,4,0,0.0,False,,,,,,,,
locustio/locust,81a8e34f7c9a9b06,0.014456316781898177,30,24,0.0,True,0.9157067192302109,0.0,0.9157067192302109,0.0,0.9035186361507412,0.0,0.9157067192302109,0.0
locustio/locust,91b0d2583d7e70bb,0.10869565217391304,0,0,0.0,False,,,,,,,,
locustio/locust,8a47c805dad0551d,0.27586206896551724,0,0,1.0,False,,,,,,,,
locustio/locust,e42481282402b484,0.1276595744680851,0,0,0.0,False,,,,,,,,
locustio/locust,85933aa74a2d66c3,0.19306930693069307,7,4,0.0,True,0.6584645692843067,0.0,0.6584645692843067,0.0,0.6584645692843067,0.0,0.6862856989769305,0.0
locustio/locust,66e58f98a3fb5769,0.17338709677419356,0,0,0.0,False,,,,,,,,
locustio/locust,9adfa6515f3daa01,0.030303030303030304,1,0,0.0,False,,,,,,,,
locustio/locust,d6ce2defc4b5d91b,0.046511627906976744,0,0,0.0,False,,,,,,,,
locustio/locust,7fe2d91623abc9cd,0.15404699738903394,19,4,0.0,True,0.6885288809404666,0.0,0.6885288809404666,0.0,0.58688267143572,0.0,0.6885288809404666,0.0
locustio/locust,40220b157577aa2c,0.11538461538461539,0,0,0.0,False,,,,,,,,
locustio/locust,c7c7fba0b6887653,0.19230769230769232,0,0,0.0,False,,,,,,,,
locustio/locust,ef87a31e21982a46,0.16049382716049382,2,0,0.0,False,,,,,,,,
locustio/locust,6df9bef64b3e413b,0.17142857142857143,0,0,0.0,False,,,,,,,,
locustio/locust,e970d7f4c6415bb6,0.2,1,0,0.0,False,,,,,,,,
locustio/locust,4f160301cbb40d06,0.26785714285714285,0,0,0.0,False,,,,,,,,
locustio/locust,754b029840a4c4e7,0.08333333333333333,0,0,0.0,False,,,,,,,,
locustio/locust,f49579bbc435e9c2,0.5531914893617021,0,0,1.0,False,,,,,,,,
locustio/locust,189588e8d0bd1561,0.1956043956043956,4,4,0.0,True,0.0,0.0,0.0,0.0,0.0,0.0,0.0,0.0
macvim-dev/macvim,ddb623c7d8d649ef,0.0006478781988986071,28,21,0.0,True,0.1546799391476114,0.0,0.1546799391476114,0.0,0.1902455280721701,0.0,0.1546799391476114,0.0
macvim-dev/macvim,f4ef62406769e02b,0.0018796992481203006,33,25,0.0,True,0.3949315389358314,0.0,0.3949315389358314,0.0,0.3949315389358314,0.0,0.3949315389358314,0.0
macvim-dev/macvim,340ac6bc5c3f06af,0.023692003948667325,13,8,0.0,True,0.0,0.0,0.2420557233831369,0.0,0.2694764620007301,0.0,0.2420557233831369,0.0
macvim-dev/macvim,04bdb3e603079bce,0.0,0,0,0.0,False,,,,,,,,
macvim-dev/macvim,2beee4147fc290ab,0.15047619047619049,2,1,0.0,True,0.6309297535714575,0.0,0.0,0.0,0.0,0.0,0.6309297535714575,0.0
macvim-dev/macvim,8cb1e0bcf7fdc663,0.001813236627379873,24,10,0.0,True,0.20290041378171972,0.0,0.20290041378171972,0.0,0.1747689036783566,0.0,0.20290041378171972,0.0
macvim-dev/macvim,c93b0ae96e705d43,0.0017006802721088435,3,0,0.0,False,,,,,,,,
macvim-dev/macvim,bdbc2955a3e93588,0.0014074595355383533,10,0,0.0,False,,,,,,,,
macvim-dev/macvim,336fe0683677213d,0.0039915473115754874,10,7,0.0,True,0.35098520806348704,0.0,0.35098520806348704,0.0,0.35098520806348704,0.0,0.35098520806348704,0.0
macvim-dev/macvim,02f14cec58c0040e,0.0028708133971291866,4,1,0.0,True,0.6309297535714575,0.0,0.6309297535714575,0.0,0.6309297535714575,0.0,0.6309297535714575,0.0
macvim-dev/macvim,350d2274a72ac84c,0.004327563249001331,9,2,0.0,True,0.2640681225725909,0.0,0.3065735963827292,0.0,0.5437713091520254,0.0,0.2640681225725909,0.0
macvim-dev/macvim,d5920a54fc6fff9b,0.0,16,6,0.0,True,0.08123986158227729,0.0,0.08123986158227729,0.0,0.08123986158227729,0.0,0.08123986158227729,0.0
macvim-dev/macvim,cd16a44020ec2a52,0.10534716679968077,7,1,0.0,True,0.0,0.0,0.0,0.0,0.0,0.0,0.0,0.0
macvim-dev/macvim,d8a7b8c4e1c9f1a2,0.002336448598130841,2,0,0.0,False,,,,,,,,
macvim-dev/macvim,7d80d5c7ed23fc27,0.0031545741324921135,1,0,0.0,False,,,,,,,,
macvim-dev/macvim,ea763fdb2cbd2223,0.003646677471636953,1545,1058,0.0,True,0.4346530532206852,0.0,0.4346530532206852,0.0,0.4346530532206852,0.0,0.4346530532206852,0.0
macvim-dev/macvim,652732b65cd75921,0.0008831321754489255,12,5,0.0,True,0.5223762172898034,0.0,0.4322382553688798,0.0,0.4322382553688798,0.0,0.23463936301137822,0.0
macvim-dev/macvim,40e056371fe28c3c,0.10204081632653061,5,3,0.0,True,0.6199062332840657,0.0,0.6199062332840657,0.0,0.6199062332840657,0.0,0.6199062332840657,0.0
macvim-dev/macvim,4ec0c852d2522fd6,0.004794520547945206,0,0,0.0,False,,,,,,,,
macvim-dev/macvim,90d7ac1f7cc2e0d9,0.0005192107995846313,9,1,0.0,True,0.0,0.0,0.0,0.0,0.0,0.0,0.0,0.0
macvim-dev/macvim,4516b9bd86fff36e,0.00022701475595913735,21,18,0.0,True,0.2459950595964215,0.0,0.2459950595964215,0.0,0.2459950595964215,0.0,0.2459950595964215,0.0
macvim-dev/macvim,e839d5afaa153b26,0.0036663611365719525,10,3,0.0,True,0.0,0.0,0.0,0.0,0.0,0.0,0.0,0.0
macvim-dev/macvim,11f7e0c255504c5e,0.00041322314049586776,77,34,0.0,True,0.30536134432840617,0.0,0.45804856017012463,0.0,0.45804856017012463,0.0,0.30536134432840617,0.0
macvim-dev/macvim,0bb17c28203dd014,0.000711490572749911,1,0,0.0,False,,,,,,,,
macvim-dev/macvim,a6dcb0608cf96888,0.07397353240583644,8,4,0.0,True,0.38685280723454163,0.0,0.0,0.0,0.0,0.0,0.38685280723454163,0.0
mamba-org/mamba,e3e914be1401f871,0.03296703296703297,2,0,0.0,False,,,,,,,,
mamba-org/mamba,6b4b56ef07033532,0.2926829268292683,0,0,0.0,False,,,,,,,,
mamba-org/mamba,50796b782197444c,0.10416666666666667,2,0,0.0,False,,,,,,,,
mamba-org/mamba,4eae44e50dcce934,0.03728070175438596,2,0,0.0,False,,,,,,,,
mamba-org/mamba,48bbf9a122c992d5,0.0328719723183391,7,4,0.0,True,0.12815953780955971,0.0,0.13770577618809332,0.0,0.11861329943102608,0.0,0.12815953780955971,0.0
mamba-org/mamba,173d536e3860c1e1,0.07916666666666666,0,0,0.0,False,,,,,,,,
mamba-org/mamba,1f90b17483714823,0.09090909090909091,0,0,0.0,False,,,,,,,,
mamba-org/mamba,b13c53b90545af77,0.010948905109489052,1,0,0.0,False,,,,,,,,
mamba-org/mamba,a4bd995df95dafd6,0.0,0,0,0.0,False,,,,,,,,
mamba-org/mamba,a781bedb34c08387,0.028169014084507043,0,0,0.0,False,,,,,,,,
mamba-org/mamba,b121c72b417fa53e,0.09090909090909091,7,6,0.0,True,0.38242046777464533,0.0,0.4131984409338017,0.0,0.5021061365816885,0.0,0.5021061365816885,0.0
mamba-org/mamba,03f2156436b801e4,0.03862660944206009,1,0,0.0,False,,,,,,,,
mamba-org/mamba,015395d88962d58b,0.02315160567587752,2,2,0.0,True,0.0,0.0,0.0,0.0,0.0,0.0,0.0,0.0
mamba-org/mamba,6a24f1aa561dcd71,0.0919661733615222,9,9,0.0,True,0.3585734731064985,0.0,0.3585734731064985,0.0,0.3585734731064985,0.0,0.3585734731064985,0.0
mamba-org/mamba,581c637e4019e69f,0.02912621359223301,2,0,0.0,False,,,,,,,,
mamba-org/mamba,61006eb5c775b143,0.0748663101604278,0,0,0.0,False,,,,,,,,
mamba-org/mamba,e6aea3573059c7c0,0.09523809523809523,2,0,0.0,False,,,,,,,,
mamba-org/mamba,da3c6cf3f89b360e,0.0,22,6,0.0,True,0.43067655807339306,0.0,0.43067655807339306,0.0,0.38685280723454163,0.0,0.43067655807339306,0.0
mamba-org/mamba,3cab47c2cedd7e29,0.024691358024691357,1,0,0.0,False,,,,,,,,
mamba-org/mamba,8e987f55ae5d3a02,0.0051813471502590676,2,1,0.0,True,0.0,0.0,0.0,0.0,0.0,0.0,0.19342640361727081,0.0
mamba-org/mamba,da24ec78e2ee34af,0.06493506493506493,7,7,0.0,True,0.7689664339404199,1.0,0.7689664339404199,1.0,0.512750366213666,0.0,0.7809978695977224,1.0
mamba-org/mamba,c78a0c7b44e7b6c7,0.0,1,0,0.0,False,,,,,,,,
mamba-org/mamba,49ba78317fd8bd57,0.12577639751552794,8,5,0.0,True,0.43187871689428314,0.0,0.3720000785943664,0.0,0.43187871689428314,0.0,0.43187871689428314,0.0
mamba-org/mamba,ee028c65bb6a3534,0.058823529411764705,0,0,0.0,False,,,,,,,,
mamba-org/mamba,16e6bb4b7d3be207,0.058823529411764705,0,0,0.0,False,,,,,,,,
marimo-team/marimo,a817063ee7032cfe,0.0015552099533437014,6,6,0.0,True,0.9767481110045078,1.0,0.9767481110045078,1.0,0.9767481110045078,1.0,0.9767481110045078,1.0
marimo-team/marimo,f23435c0238935bf,0.004709576138147566,9,7,0.0,True,1.0,1.0,1.0,1.0,0.8231817979910552,0.0,1.0,1.0
marimo-team/marimo,d5c44f19e474911f,0.038834951456310676,10,8,0.0,True,1.0,1.0,1.0,1.0,1.0,1.0,1.0,1.0
marimo-team/marimo,c5245b2c9e856636,0.034782608695652174,4,0,0.0,False,,,,,,,,
marimo-team/marimo,175c97271b8a5580,0.0024096385542168677,10,9,0.0,True,0.7601875334318685,1.0,0.7601875334318685,1.0,0.7601875334318685,1.0,0.7601875334318685,1.0
marimo-team/marimo,ddd72f6e0a510191,0.003289473684210526,14,11,0.0,True,1.0,1.0,1.0,1.0,0.9923176417819682,1.0,1.0,1.0
marimo-team/marimo,d3df524aa96725fc,0.0425531914893617,3,1,0.0,True,1.0,1.0,1.0,1.0,0.8154648767857288,0.5,1.0,1.0
marimo-team/marimo,c563cec0a369edb2,0.0,12,7,0.0,True,0.5468897816825863,0.0,0.5468897816825863,0.0,0.5468897816825863,0.0,0.5468897816825863,0.0
marimo-team/marimo,c61df00cafce26a1,0.061224489795918366,4,0,0.0,False,,,,,,,,
marimo-team/marimo,62e15a3716290497,0.004310344827586207,9,7,0.0,True,0.6549457878642929,0.0,0.6549457878642929,0.0,0.6549457878642929,0.0,0.6549457878642929,0.0
marimo-team/marimo,6339416155189042,0.004651162790697674,5,4,0.0,True,1.0,1.0,1.0,1.0,1.0,1.0,1.0,1.0
marimo-team/marimo,fdfead647ed3907e,0.075,5,1,0.0,True,1.0,1.0,1.0,1.0,1.0,1.0,1.0,1.0
marimo-team/marimo,19c4aaa8d31ad64e,0.0,37,21,0.0,True,0.7863587085281679,1.0,0.7863587085281679,1.0,0.7863587085281679,1.0,0.7863587085281679,1.0
marimo-team/marimo,769e2510b9e122ed,0.034482758620689655,3,2,0.0,True,0.6934264036172708,0.0,0.6934264036172708,0.0,0.6934264036172708,0.0,0.6934264036172708,0.0
marimo-team/marimo,4be5c3bdbc728b76,0.0008896797153024911,22,18,0.0,True,0.4327562911278312,0.0,0.42311870421472664,0.0,0.42311870421472664,0.0,0.4327562911278312,0.0
marimo-team/marimo,742b64116b733b7d,0.017786561264822136,15,8,0.0,True,0.7588045489781887,0.0,0.7588045489781887,0.0,0.7588045489781887,0.0,0.7588045489781887,0.0
marimo-team/marimo,bb451ef0535e82fb,0.005172413793103448,5,3,0.0,True,1.0,1.0,1.0,1.0,1.0,1.0,1.0,1.0
marimo-team/marimo,3fb51585ec533708,0.0,43,25,0.0,True,1.0,1.0,1.0,1.0,1.0,1.0,1.0,1.0
marimo-team/marimo,bb106fef5b632630,0.026829268292682926,3,2,0.0,True,1.0,1.0,1.0,1.0,1.0,1.0,1.0,1.0
marimo-team/marimo,72a1d8550dd92f54,0.003228410008071025,28,15,0.0,True,0.9088400280835983,1.0,0.9088400280835983,1.0,0.8672611790288015,1.0,0.9088400280835983,1.0
marimo-team/marimo,86988d3472f5c230,0.00715307582260372,50,35,0.0,True,0.9460920772505519,1.0,0.9460920772505519,1.0,0.8982223574134063,1.0,0.9460920772505519,1.0
marimo-team/marimo,d6855dd865b23c20,0.02486678507992895,26,21,0.0,True,0.8121013840125773,1.0,0.8121013840125773,1.0,0.8121013840125773,1.0,0.8121013840125773,1.0
marimo-team/marimo,ccc8cccb8075cff7,0.0018181818181818182,13,6,0.0,True,0.9502344167898356,1.0,0.9502344167898356,1.0,0.9502344167898356,1.0,0.9502344167898356,1.0
marimo-team/marimo,5a4d04090e6e450c,0.0,1,0,0.0,False,,,,,,,,
marimo-team/marimo,a7fd7ef151ad3d08,0.009900990099009901,11,6,0.0,True,1.0,1.0,1.0,1.0,1.0,1.0,1.0,1.0
markbates/goth,7c1b8c5172fe7687,0.20689655172413793,2,0,1.0,False,,,,,,,,
matomo-org/matomo,2aaa437288b70d38,0.04065040650406504,1,1,0.0,True,0.5,0.0,0.5654648767857288,0.0,0.6309297535714575,0.0,0.4391764551026449,0.0
matomo-org/matomo,29937dc58bcc5a65,0.9184692179700499,3,0,1.0,False,,,,,,,,
matomo-org/matomo,ab618cda87131f11,0.00684931506849315,1,1,0.0,True,0.5,0.0,0.46533827903669656,0.0,0.6309297535714575,0.0,0.46533827903669656,0.0
matomo-org/matomo,670df103590cb109,0.6666666666666666,0,0,1.0,False,,,,,,,,
matomo-org/matomo,9a118c595bdc03fd,0.020202020202020204,0,0,0.0,False,,,,,,,,
matomo-org/matomo,852fde397278e791,0.14285714285714285,0,0,0.0,False,,,,,,,,
matomo-org/matomo,c24a264f55501016,0.014285714285714285,1,0,0.0,False,,,,,,,,
matomo-org/matomo,1b5fb727fe9b4bd8,0.041666666666666664,0,0,0.0,False,,,,,,,,
matomo-org/matomo,a95150f4c5649d05,0.09523809523809523,0,0,0.0,False,,,,,,,,
matomo-org/matomo,fb63fb92f34b3183,0.05172413793103448,2,2,0.0,True,0.5012658353418871,0.0,0.34313402682902294,0.0,0.5012658353418871,0.0,0.2640681225725909,0.0
matomo-org/matomo,8ba148365c0e1666,0.04938271604938271,1,1,0.0,True,0.5,0.0,0.46533827903669656,0.0,0.5,0.0,0.20438234132698369,0.0
matomo-org/matomo,5441b93fdea33739,0.01818181818181818,0,0,0.0,False,,,,,,,,
matomo-org/matomo,15364df47ace6a63,0.015873015873015872,0,0,0.0,False,,,,,,,,
matomo-org/matomo,02fc93235bfd3a86,0.012987012987012988,0,0,0.0,False,,,,,,,,
matomo-org/matomo,e8c702770f642e91,0.06666666666666667,3,3,0.0,True,0.4841275646907874,0.0,0.3107378158607799,0.0,0.0,0.0,0.16369747519436975,0.0
matomo-org/matomo,8c5eb1688f363d06,0.011235955056179775,3,2,0.0,True,0.5654648767857288,0.0,0.6309297535714575,0.0,0.5,0.0,0.5,0.0
matomo-org/matomo,9b5b9c5f4e5ce57b,0.0375,0,0,0.0,False,,,,,,,,
matomo-org/matomo,fbb93622d2c01534,0.037037037037037035,0,0,0.0,False,,,,,,,,
matomo-org/matomo,1ca4704a09afd21e,0.041666666666666664,0,0,0.0,False,,,,,,,,
matomo-org/matomo,3f61dcd559c4111c,0.0,29,15,0.0,True,0.6720705187994039,0.0,0.6720705187994039,0.0,0.6720705187994039,0.0,0.6720705187994039,0.0
matomo-org/matomo,7f591a37f4e870df,0.007692307692307693,3,2,0.0,True,0.6309297535714575,0.0,0.6309297535714575,0.0,0.5,0.0,0.6309297535714575,0.0
matomo-org/matomo,0a596bfe66bad1f9,0.01948051948051948,0,0,0.0,False,,,,,,,,
matomo-org/matomo,e7660b6a3eb51c32,0.07692307692307693,0,0,0.0,False,,,,,,,,
matomo-org/matomo,03abab85319b063c,0.08108108108108109,1,1,0.0,True,0.6309297535714575,0.0,0.6309297535714575,0.0,0.6309297535714575,0.0,0.6309297535714575,0.0
matomo-org/matomo,ef565d032f2cad9b,0.07142857142857142,0,0,0.0,False,,,,,,,,
matplotlib/matplotlib,4c7bc5590bee736c,0.14285714285714285,0,0,0.0,False,,,,,,,,
matplotlib/matplotlib,520bf5e82869599d,0.0,0,0,0.0,False,,,,,,,,
matplotlib/matplotlib,f883675cd20e3f5e,0.0,3,2,0.0,True,0.6131471927654584,1.0,0.6131471927654584,1.0,0.6131471927654584,1.0,0.6131471927654584,1.0
matplotlib/matplotlib,4bb8aa987dcf84bb,0.0,1,0,0.0,False,,,,,,,,
matplotlib/matplotlib,3c08c967cdebbe05,0.000946073793755913,15,8,0.0,True,0.43917156981683586,0.0,0.43917156981683586,0.0,0.43917156981683586,0.0,0.43917156981683586,0.0
matplotlib/matplotlib,3738bd01dcd1fd44,0.002680965147453083,0,0,0.0,False,,,,,,,,
matplotlib/matplotlib,1565d78306cf72de,0.001998001998001998,3,0,0.0,False,,,,,,,,
matplotlib/matplotlib,c0f3394227ee94f9,0.0006150061500615006,5,3,0.0,True,0.66967181649423,0.0,0.66967181649423,0.0,0.66967181649423,0.0,0.66967181649423,0.0
matplotlib/matplotlib,5fe0a531eb6f4d8e,0.0024783147459727386,0,0,0.0,False,,,,,,,,
matplotlib/matplotlib,34559c7ee959645e,0.0007818608287724785,6,0,0.0,False,,,,,,,,
matplotlib/matplotlib,3f7115dd58204520,0.016642547033285094,10,5,0.0,True,0.43354350434265104,0.0,0.43354350434265104,0.0,0.43354350434265104,0.0,0.43354350434265104,0.0
matplotlib/matplotlib,6c3612be4fca30f3,0.0009174311926605505,9,3,0.0,True,0.4796249331362629,0.0,0.5271341073823443,0.0,0.38009376671593426,0.0,0.4796249331362629,0.0
matplotlib/matplotlib,4ee7ef31076edd9e,0.0010968921389396709,26,20,0.0,True,0.8402578988474132,1.0,0.8402578988474132,1.0,0.8402578988474132,1.0,0.8402578988474132,1.0
matplotlib/matplotlib,995233638833e190,0.0008628127696289905,0,0,0.0,False,,,,,,,,
matplotlib/matplotlib,8a4a5d9e43dafb41,0.1,0,0,0.0,False,,,,,,,,
matplotlib/matplotlib,ab6174d6efb49da4,0.011235955056179775,3,2,0.0,True,1.0,1.0,1.0,1.0,1.0,1.0,1.0,1.0
matplotlib/matplotlib,35afbf0e26422afd,0.0,7,6,0.0,True,0.4774827167955007,0.0,0.4338085333241362,0.0,0.4338085333241362,0.0,0.4774827167955007,0.0
matplotlib/matplotlib,c39f25bd36828758,0.07894736842105263,0,0,0.0,False,,,,,,,,
matplotlib/matplotlib,395d4fb9813599f4,0.00546448087431694,3,0,0.0,False,,,,,,,,
matplotlib/matplotlib,31219318ec1480e3,0.0010869565217391304,7,3,0.0,True,0.0,0.0,0.0,0.0,0.0,0.0,0.0,0.0
matplotlib/matplotlib,15e4384b4b0fc626,0.1,0,0,0.0,False,,,,,,,,
matplotlib/matplotlib,3015a2569e698dd5,0.018018018018018018,0,0,0.0,False,,,,,,,,
matplotlib/matplotlib,c36934cc92e95fef,0.0,0,0,0.0,False,,,,,,,,
matplotlib/matplotlib,7a496f2cfdd909d2,0.00819672131147541,0,0,0.0,False,,,,,,,,
matplotlib/matplotlib,04227e6d4900298b,0.00035335689045936394,15,11,0.0,True,0.5303332820816443,0.0,0.5303332820816443,0.0,0.44327621390553396,0.0,0.5303332820816443,0.0
mermaid-js/mermaid-live-editor,4a7b05cd6cc30011,0.2222222222222222,0,0,0.0,False,,,,,,,,
mermaid-js/mermaid-live-editor,0b08e9ebe4d4659f,0.3275862068965517,2,1,0.0,True,1.0,1.0,1.0,1.0,1.0,1.0,1.0,1.0
mermaid-js/mermaid-live-editor,a5de3e5871ffcc38,0.07272727272727272,3,3,0.0,True,1.0,1.0,1.0,1.0,1.0,1.0,1.0,1.0
mermaid-js/mermaid-live-editor,0df4b1aebb21bfe5,0.26153846153846155,3,3,0.0,True,1.0,1.0,1.0,1.0,1.0,1.0,1.0,1.0
mermaid-js/mermaid-live-editor,acd81c08bd9e1a75,0.5263157894736842,2,2,0.0,True,1.0,1.0,1.0,1.0,1.0,1.0,1.0,1.0
mermaid-js/mermaid-live-editor,d85a3b88509d889f,0.09333333333333334,9,8,0.0,True,1.0,1.0,1.0,1.0,1.0,1.0,1.0,1.0
mermaid-js/mermaid-live-editor,1e1270da740e81dd,0.8235294117647058,2,1,0.0,True,1.0,1.0,1.0,1.0,1.0,1.0,1.0,1.0
mermaid-js/mermaid-live-editor,b55cdbef4907b704,0.6111111111111112,1,1,0.0,True,1.0,1.0,1.0,1.0,1.0,1.0,1.0,1.0
mermaid-js/mermaid-live-editor,6171211e1bf8e3b4,0.14285714285714285,2,2,0.0,True,1.0,1.0,1.0,1.0,1.0,1.0,1.0,1.0
mermaid-js/mermaid-live-editor,cb314a9ecd9a41c8,0.0,3,2,0.0,True,1.0,1.0,1.0,1.0,1.0,1.0,1.0,1.0
mermaid-js/mermaid-live-editor,f5a7061a43ba08a4,0.6190476190476191,0,0,0.0,False,,,,,,,,
mermaid-js/mermaid-live-editor,7f339a1bd8556d01,0.5,1,1,0.0,True,1.0,1.0,1.0,1.0,1.0,1.0,1.0,1.0
mermaid-js/mermaid-live-editor,bdbdb96bc7e74709,0.27734375,15,9,0.0,True,1.0,1.0,1.0,1.0,1.0,1.0,1.0,1.0
mermaid-js/mermaid-live-editor,858566d2d4cf0657,0.0,0,0,0.0,False,,,,,,,,
mermaid-js/mermaid-live-editor,eae23b72b528db87,0.16666666666666666,1,0,0.0,False,,,,,,,,
mermaid-js/mermaid-live-editor,cc69d6a97e4f6257,0.5172413793103449,6,5,0.0,True,1.0,1.0,1.0,1.0,1.0,1.0,1.0,1.0
mermaid-js/mermaid-live-editor,bd5430ee7c51dc89,0.8666666666666667,0,0,0.0,False,,,,,,,,
mermaid-js/mermaid-live-editor,6985c3050c025b7b,0.5,2,2,0.0,True,1.0,1.0,1.0,1.0,1.0,1.0,1.0,1.0
mermaid-js/mermaid-live-editor,a51cb5912f1d7079,0.1322314049586777,9,9,0.0,True,1.0,1.0,1.0,1.0,1.0,1.0,1.0,1.0
mermaid-js/mermaid-live-editor,35c1f60c53912d34,0.5428571428571428,2,2,0.0,True,1.0,1.0,1.0,1.0,1.0,1.0,1.0,1.0
mermaid-js/mermaid-live-editor,b5aa13ce0a61c3f1,0.3333333333333333,1,1,0.0,True,1.0,1.0,1.0,1.0,1.0,1.0,1.0,1.0
mermaid-js/mermaid-live-editor,bf663d4f542237eb,0.515748031496063,1,1,0.0,True,1.0,1.0,1.0,1.0,1.0,1.0,1.0,1.0
mermaid-js/mermaid-live-editor,663ade211b3a1552,0.4,1,1,0.0,True,1.0,1.0,1.0,1.0,1.0,1.0,1.0,1.0
mermaid-js/mermaid-live-editor,6cd411d81914d439,0.1111111111111111,0,0,0.0,False,,,,,,,,
mermaid-js/mermaid-live-editor,7b5c8955fc544a11,0.7241379310344828,1,1,0.0,True,1.0,1.0,1.0,1.0,1.0,1.0,1.0,1.0
mhammond/pywin32,e3dd48c762ce8c83,0.696969696969697,1,1,0.0,True,0.6309297535714575,0.0,0.6309297535714575,0.0,0.6309297535714575,0.0,0.6309297535714575,0.0
mhammond/pywin32,89b89d38d9f1be21,0.5652173913043478,0,0,1.0,False,,,,,,,,
mhammond/pywin32,d07a68417859fd5f,0.4,2,2,0.0,True,0.6309297535714575,0.0,0.6309297535714575,0.0,0.6309297535714575,0.0,0.6309297535714575,0.0
mhammond/pywin32,d82bacb6fb4a40d9,0.7918170878459687,0,0,1.0,False,,,,,,,,
mhammond/pywin32,335cdad3d6df7515,0.8823529411764706,0,0,1.0,False,,,,,,,,
mhammond/pywin32,0f6db04d2ec91cd7,0.25301204819277107,0,0,0.0,False,,,,,,,,
mhammond/pywin32,58efa6b6c0415d00,0.5641025641025641,0,0,1.0,False,,,,,,,,
mhammond/pywin32,4b0b8ca0eb512ad4,0.5263157894736842,0,0,1.0,False,,,,,,,,
mhammond/pywin32,a4482b4c91d73f95,0.4659090909090909,0,0,0.0,False,,,,,,,,
mhammond/pywin32,0f99cb925ab3b822,0.7735294117647059,1,1,0.0,True,0.6309297535714575,0.0,0.6309297535714575,0.0,0.6309297535714575,0.0,0.6309297535714575,0.0
mhammond/pywin32,0a5d6829b0ee168a,0.3918918918918919,0,0,0.0,False,,,,,,,,
mhammond/pywin32,d60e42dd5251189a,0.7130044843049327,0,0,1.0,False,,,,,,,,
mhammond/pywin32,d7bd5e1143f378f2,0.5294117647058824,0,0,1.0,False,,,,,,,,
mhammond/pywin32,394b376080683d29,0.7413793103448276,1,1,0.0,True,0.6309297535714575,0.0,0.6309297535714575,0.0,0.6309297535714575,0.0,0.6309297535714575,0.0
mhammond/pywin32,007185934d007129,0.7744034707158352,0,0,1.0,False,,,,,,,,
mhammond/pywin32,e2e64d25a29e8eaa,0.17301038062283736,0,0,0.0,False,,,,,,,,
mhammond/pywin32,dcadac701d5ba98b,0.79296875,0,0,1.0,False,,,,,,,,
mhammond/pywin32,78befcdfd30d7be0,0.18834080717488788,1,1,0.0,True,0.5,0.0,0.5,0.0,0.5,0.0,0.5,0.0
mhammond/pywin32,78722ba8936ed4db,0.8955752212389381,1,1,0.0,True,0.6309297535714575,0.0,0.5,0.0,0.5,0.0,0.5,0.0
mhammond/pywin32,51c1538be24a8bd0,0.7108433734939759,0,0,1.0,False,,,,,,,,
mhammond/pywin32,8888042dc1b65f2f,0.6046511627906976,0,0,1.0,False,,,,,,,,
mhammond/pywin32,a0afad8313e4dcff,0.5151515151515151,2,2,0.0,True,0.6309297535714575,0.0,0.6309297535714575,0.0,0.6309297535714575,0.0,0.6309297535714575,0.0
mhammond/pywin32,dde5ad0d65915374,0.7116788321167883,1,1,0.0,True,0.6309297535714575,0.0,0.6309297535714575,0.0,0.6309297535714575,0.0,0.6309297535714575,0.0
mhammond/pywin32,50bbeb0b21de4d05,0.23076923076923078,0,0,0.0,False,,,,,,,,
mhammond/pywin32,2df0fa9696be0d3d,0.7872340425531915,0,0,1.0,False,,,,,,,,
micropython/micropython,f88cc234de21284b,0.3076923076923077,0,0,0.0,False,,,,,,,,
micropython/micropython,9621022733989787,0.2708333333333333,0,0,0.0,False,,,,,,,,
micropython/micropython,018a758ea64d379d,0.0821529745042493,0,0,0.0,False,,,,,,,,
micropython/micropython,59adfc6ec41cff58,0.2,0,0,0.0,False,,,,,,,,
micropython/micropython,7d12e3affca5d96b,0.6923076923076923,0,0,1.0,False,,,,,,,,
micropython/micropython,60229f5b11f7a943,0.004761904761904762,0,0,0.0,False,,,,,,,,
micropython/micropython,65e8b223d4de1159,0.1076923076923077,0,0,0.0,False,,,,,,,,
micropython/micropython,048b116b58edb064,1.0,0,0,0.0,False,,,,,,,,
micropython/micropython,80b40ee772296121,0.0136986301369863,0,0,0.0,False,,,,,,,,
micropython/micropython,645aeec883171a77,1.0,0,0,1.0,False,,,,,,,,
micropython/micropython,b23d24de4207d763,0.07142857142857142,0,0,0.0,False,,,,,,,,
micropython/micropython,1338d8573ff1f27e,0.06446991404011461,0,0,0.0,False,,,,,,,,
micropython/micropython,07409979bbb83b3d,0.15517241379310345,1,1,0.0,True,0.5,0.0,0.6309297535714575,0.0,0.5654648767857288,0.0,0.6309297535714575,0.0
micropython/micropython,925517faafd689f8,0.174496644295302,1,1,0.0,True,1.0,1.0,1.0,1.0,1.0,1.0,1.0,1.0
micropython/micropython,166f429a818d3c5e,0.06666666666666667,0,0,0.0,False,,,,,,,,
micropython/micropython,a507875bfa7e47e4,0.04065040650406504,2,0,0.0,False,,,,,,,,
micropython/micropython,390fb9ff8da56312,0.06521739130434782,0,0,0.0,False,,,,,,,,
micropython/micropython,22a7d33895bb16ea,0.001443001443001443,0,0,0.0,False,,,,,,,,
micropython/micropython,77694f0c86cbaf4c,0.028169014084507043,0,0,0.0,False,,,,,,,,
micropython/micropython,cdab253b80154fb4,0.3484848484848485,0,0,0.0,False,,,,,,,,
micropython/micropython,20b170092a7624d7,0.007722007722007722,0,0,0.0,False,,,,,,,,
micropython/micropython,8147e2464cdceee6,0.19863013698630136,0,0,0.0,False,,,,,,,,
micropython/micropython,1005d935ddf31583,0.058823529411764705,0,0,0.0,False,,,,,,,,
micropython/micropython,7c2ae9db09b58688,0.0641025641025641,0,0,0.0,False,,,,,,,,
micropython/micropython,30cef9b231b7db5b,0.0028011204481792717,17,14,0.0,True,0.3127959352730324,0.0,0.3127959352730324,0.0,0.3127959352730324,0.0,0.3127959352730324,0.0
microsoft/terminal,52dc90820a85ff61,0.009708737864077669,0,0,0.0,False,,,,,,,,
microsoft/terminal,83a89036e05a58d2,0.027777777777777776,0,0,0.0,False,,,,,,,,
microsoft/terminal,204a17f6c39b4839,0.008849557522123894,2,1,0.0,True,1.0,1.0,1.0,1.0,1.0,1.0,1.0,1.0
microsoft/terminal,a050e774a794d992,0.08333333333333333,0,0,0.0,False,,,,,,,,
microsoft/terminal,6fad5219ff6d3aca,0.23941068139963168,0,0,0.0,False,,,,,,,,
microsoft/terminal,f5f0617a68bf2392,0.027777777777777776,0,0,0.0,False,,,,,,,,
microsoft/terminal,fee6c96a69c5e5b4,0.1346153846153846,0,0,0.0,False,,,,,,,,
microsoft/terminal,93e75da30c994717,0.017699115044247787,2,1,0.0,True,0.0,0.0,0.0,0.0,0.0,0.0,0.0,0.0
microsoft/terminal,e109763b583e0712,0.0022988505747126436,0,0,0.0,False,,,,,,,,
microsoft/terminal,5fc3e10767d231a4,0.05660377358490566,0,0,0.0,False,,,,,,,,
microsoft/terminal,d7ca72e0d5652fee,0.0,14,10,0.0,True,0.6014413772152526,0.0,0.6014413772152526,0.0,0.4186180921093895,0.0,0.6014413772152526,0.0
microsoft/terminal,a026f5432850b9e4,0.022222222222222223,0,0,0.0,False,,,,,,,,
microsoft/terminal,269ddcd0f8b65c61,0.005649717514124294,0,0,0.0,False,,,,,,,,
microsoft/terminal,baf340712d169329,0.05454545454545454,0,0,0.0,False,,,,,,,,
microsoft/terminal,c72509af023eadc8,0.023255813953488372,0,0,0.0,False,,,,,,,,
microsoft/terminal,7e54de412f75a635,0.024054982817869417,1,0,0.0,False,,,,,,,,
microsoft/terminal,8b0de400402bb0b0,0.009708737864077669,0,0,0.0,False,,,,,,,,
microsoft/terminal,2ca4ce0d27903ecb,0.007042253521126761,0,0,0.0,False,,,,,,,,
microsoft/terminal,85be3d88700e9b62,0.0,0,0,0.0,False,,,,,,,,
microsoft/terminal,653def93bf718df5,0.017241379310344827,0,0,0.0,False,,,,,,,,
microsoft/terminal,3c07149e21b26d5f,0.017543859649122806,0,0,0.0,False,,,,,,,,
microsoft/terminal,aff0e37f7c5719f1,0.05,0,0,0.0,False,,,,,,,,
microsoft/terminal,70014401aabe6899,0.012048192771084338,1,1,0.0,True,1.0,1.0,1.0,1.0,1.0,1.0,1.0,1.0
microsoft/terminal,443e43257f1cfd8b,0.008893280632411068,3,2,0.0,True,0.6309297535714575,0.0,0.6309297535714575,0.0,0.6309297535714575,0.0,0.6309297535714575,0.0
microsoft/terminal,49c6a7089244cc62,0.020454545454545454,1,0,0.0,False,,,,,,,,
microsoft/vscode,ac1c8b6828b4c2d4,0.014760147601476014,3,0,0.0,False,,,,,,,,
microsoft/vscode,be278b6bb8fe1947,0.06521739130434782,0,0,0.0,False,,,,,,,,
microsoft/vscode,c4f60ee33c9998c1,0.004901960784313725,1,1,0.0,True,0.5,0.0,0.5,0.0,0.43067655807339306,0.0,0.5,0.0
microsoft/vscode,4e3b8c70fd605cdb,0.03,0,0,0.0,False,,,,,,,,
microsoft/vscode,d3db57cafd259f76,0.9130434782608695,0,0,1.0,False,,,,,,,,
microsoft/vscode,bc20aac9fefb34be,0.5396825396825397,0,0,1.0,False,,,,,,,,
microsoft/vscode,fcdd39566577c2ba,0.028,5,1,0.0,True,0.0,0.0,0.0,0.0,0.0,0.0,0.0,0.0
microsoft/vscode,c405bdd62832fe4c,0.7045454545454546,4,1,1.0,True,0.6309297535714575,0.0,0.43067655807339306,0.0,0.43067655807339306,0.0,1.0,1.0
microsoft/vscode,780f31cc93701dba,0.07017543859649122,0,0,0.0,False,,,,,,,,
microsoft/vscode,956191576b93b2cc,0.07317073170731707,0,0,0.0,False,,,,,,,,
microsoft/vscode,2508c8a1e34d8bdd,0.06779661016949153,1,0,0.0,False,,,,,,,,
microsoft/vscode,eb63203d24363c7e,0.16666666666666666,0,0,0.0,False,,,,,,,,
microsoft/vscode,e6bb2e863ad176ea,0.08303249097472924,9,8,0.0,True,0.0,0.0,0.0,0.0,0.0,0.0,0.0,0.0
microsoft/vscode,3747354ecbf4700b,0.04093567251461988,0,0,0.0,False,,,,,,,,
microsoft/vscode,e309cf33b414edcc,0.02759381898454746,0,0,0.0,False,,,,,,,,
microsoft/vscode,a98dbd5dcbce4670,0.014184397163120567,0,0,0.0,False,,,,,,,,
microsoft/vscode,af0b13ca062cd508,0.037037037037037035,0,0,0.0,False,,,,,,,,
microsoft/vscode,3cad98fcf8613434,0.03389830508474576,0,0,0.0,False,,,,,,,,
microsoft/vscode,57c52038c327113e,0.0398936170212766,3,2,0.0,True,0.6934264036172708,0.0,0.6934264036172708,0.0,0.6934264036172708,0.0,0.6934264036172708,0.0
microsoft/vscode,dc25a7b83244db39,0.03612167300380228,8,3,0.0,True,0.2960819109658652,0.0,0.2960819109658652,0.0,0.2960819109658652,0.0,0.2960819109658652,0.0
microsoft/vscode,01726c7fa4016b93,0.03286978508217446,5,2,0.0,True,0.5,0.0,0.43067655807339306,0.0,0.38685280723454163,0.0,0.5,0.0
microsoft/vscode,10acc68d5c7117e2,0.09803921568627451,1,0,0.0,False,,,,,,,,
microsoft/vscode,b74220fdb508beed,0.05333333333333334,1,1,0.0,True,1.0,1.0,1.0,1.0,1.0,1.0,1.0,1.0
microsoft/vscode,890bbf25abd87a51,0.06666666666666667,0,0,0.0,False,,,,,,,,
microsoft/vscode,1bea564a53de9969,0.004901960784313725,1,0,0.0,False,,,,,,,,
mlflow/mlflow,6a820cdf558b282a,0.07819905213270142,27,10,0.0,True,0.41122554461500466,0.0,0.41122554461500466,0.0,0.41122554461500466,0.0,0.41122554461500466,0.0
mlflow/mlflow,db4280506dc5aa28,0.004347826086956522,0,0,0.0,False,,,,,,,,
mlflow/mlflow,c3916c39b6c996ef,0.011673151750972763,1,0,0.0,False,,,,,,,,
mlflow/mlflow,158ee6fb23c9ade0,0.1111111111111111,0,0,0.0,False,,,,,,,,
mlflow/mlflow,746fba7ff6468236,0.13774104683195593,3,0,1.0,False,,,,,,,,
mlflow/mlflow,dd641a82f4622ec7,0.0196078431372549,0,0,0.0,False,,,,,,,,
mlflow/mlflow,baf6cf8fb84256bf,0.012302284710017574,69,10,0.0,True,0.45893222991541405,0.0,0.45893222991541405,0.0,0.41301700545471104,0.0,0.45893222991541405,0.0
mlflow/mlflow,f2a5597331467e7c,0.0050041701417848205,8,7,0.0,True,0.3851682443570442,0.0,0.3851682443570442,0.0,0.3851682443570442,0.0,0.3851682443570442,0.0
mlflow/mlflow,a6cf2ed01732ba77,0.02976190476190476,2,1,0.0,True,0.38685280723454163,0.0,0.38685280723454163,0.0,0.38685280723454163,0.0,0.0,0.0
mlflow/mlflow,d9fe110424b274ff,0.0,0,0,0.0,False,,,,,,,,
mlflow/mlflow,c68921f8077ae4cf,0.14243759177679882,0,0,0.0,False,,,,,,,,
mlflow/mlflow,ed4cb9e2102e975d,0.025,1,0,0.0,False,,,,,,,,
mlflow/mlflow,1c7d38664830f75c,0.04,0,0,0.0,False,,,,,,,,
mlflow/mlflow,d9cc6298b04ff263,0.006896551724137931,4,1,0.0,True,1.0,1.0,1.0,1.0,1.0,1.0,1.0,1.0
mlflow/mlflow,e3d9ef472de156bb,0.14285714285714285,0,0,1.0,False,,,,,,,,
mlflow/mlflow,a7bffc8e5a9a4dd8,0.03720238095238095,63,27,0.0,True,0.5186857485227749,0.0,0.5186857485227749,0.0,0.5119211320312028,0.0,0.5375603947239856,0.0
mlflow/mlflow,108cad2b73131d75,0.025936599423631124,2,0,0.0,False,,,,,,,,
mlflow/mlflow,b2bb2288a42a6c65,0.01152073732718894,3,1,0.0,True,0.43067655807339306,0.0,0.43067655807339306,0.0,0.43067655807339306,0.0,0.43067655807339306,0.0
mlflow/mlflow,f45d764b3031f323,0.0,0,0,0.0,False,,,,,,,,
mlflow/mlflow,c716eb29a615d1a4,0.05128205128205128,0,0,0.0,False,,,,,,,,
mlflow/mlflow,d1b0c09aa2f4c95e,0.36597938144329895,0,0,1.0,False,,,,,,,,
mlflow/mlflow,ffda7d3f5724f338,0.05788712011577424,3,3,0.0,True,1.0,1.0,1.0,1.0,1.0,1.0,1.0,1.0
mlflow/mlflow,9eab333c1373cc5e,0.1276595744680851,1,1,0.0,True,1.0,1.0,0.6309297535714575,0.0,0.5,0.0,1.0,1.0
mlflow/mlflow,c777e51b96c76ab8,0.06666666666666667,0,0,0.0,False,,,,,,,,
mlflow/mlflow,992b8009afc6b9c2,0.2857142857142857,0,0,0.0,False,,,,,,,,
modelcontextprotocol/python-sdk,90b39d804728390e,0.06896551724137931,13,6,0.0,True,0.6309297535714575,0.0,0.6309297535714575,0.0,0.6309297535714575,0.0,0.5,0.0
modelcontextprotocol/python-sdk,f083d075f463e8b1,0.001040582726326743,29,9,0.0,True,0.5133486987586696,0.0,0.5133486987586696,0.0,0.4634494908668223,0.0,0.5133486987586696,0.0
modelcontextprotocol/python-sdk,ed22c8fef52dc8c1,0.02346041055718475,20,8,0.0,True,0.38685280723454163,0.0,0.38685280723454163,0.0,0.43067655807339306,0.0,0.0,0.0
modelcontextprotocol/python-sdk,29f49c82612bbc9e,0.049107142857142856,3,2,0.0,True,0.6309297535714575,0.0,0.6309297535714575,0.0,0.6309297535714575,0.0,0.40876468265396737,0.0
modelcontextprotocol/python-sdk,abcde01e384b945f,0.018691588785046728,11,5,0.0,True,0.5,0.0,0.5,0.0,0.5,0.0,0.5,0.0
modelcontextprotocol/python-sdk,2a83726d38415103,0.0,8,6,0.0,True,0.5204605076478871,0.0,0.5204605076478871,0.0,0.5204605076478871,0.0,0.5204605076478871,0.0
modelcontextprotocol/python-sdk,2c82340ecf6b6a4c,0.00844205679201842,13,5,0.0,True,0.0,0.0,0.0,0.0,0.0,0.0,0.0,0.0
modelcontextprotocol/python-sdk,e2c00711f742606c,0.012048192771084338,12,5,0.0,True,0.43067655807339306,0.0,0.43067655807339306,0.0,0.43067655807339306,0.0,0.43067655807339306,0.0
modelcontextprotocol/python-sdk,076751b309be973b,0.04371584699453552,1,1,0.0,True,0.5,0.0,0.5,0.0,0.5,0.0,0.5,0.0
modelcontextprotocol/python-sdk,b9cc4f521f80017f,0.013513513513513514,6,1,0.0,True,0.43067655807339306,0.0,0.43067655807339306,0.0,0.43067655807339306,0.0,0.38685280723454163,0.0
modelcontextprotocol/python-sdk,19a44750677a6452,0.011363636363636364,11,6,0.0,True,0.43067655807339306,0.0,0.43067655807339306,0.0,0.4087646826539674,0.0,0.4087646826539674,0.0
modelcontextprotocol/python-sdk,045ed4cd08494a48,0.02631578947368421,7,5,0.0,True,0.5,0.0,0.5,0.0,0.5,0.0,0.5,0.0
modelcontextprotocol/python-sdk,2644de1d5107de80,0.10344827586206896,13,6,0.0,True,0.6309297535714575,0.0,0.6309297535714575,0.0,0.6309297535714575,0.0,0.6309297535714575,0.0
modelcontextprotocol/python-sdk,ed6a22760239e765,0.006147540983606557,7,1,0.0,True,0.5,0.0,0.5,0.0,0.5,0.0,0.5,0.0
modelcontextprotocol/python-sdk,d6a45a1ed1f4ebc1,0.04,5,3,0.0,True,0.6309297535714575,0.0,0.6309297535714575,0.0,0.6309297535714575,0.0,0.43067655807339306,0.0
modelcontextprotocol/python-sdk,93683b9a89cdf450,0.02702702702702703,3,2,0.0,True,0.6309297535714575,0.0,0.6309297535714575,0.0,0.6309297535714575,0.0,0.6309297535714575,0.0
modelcontextprotocol/python-sdk,d46a33f06c2ab296,0.11864406779661017,7,4,0.0,True,0.6309297535714575,0.0,0.6309297535714575,0.0,0.6309297535714575,0.0,0.5,0.0
modelcontextprotocol/python-sdk,5278bd22bb86f582,0.040983606557377046,12,8,0.0,True,0.6309297535714575,0.0,0.6309297535714575,0.0,0.6309297535714575,0.0,0.6309297535714575,0.0
modelcontextprotocol/python-sdk,72a157a0ed0ea636,0.02727272727272727,5,3,0.0,True,0.6182885020492784,0.0,0.6182885020492784,0.0,0.4367467095119258,0.0,0.6182885020492784,0.0
modelcontextprotocol/python-sdk,6643f748c6f203d6,0.022900763358778626,6,4,0.0,True,0.58688267143572,0.0,0.58688267143572,0.0,0.58688267143572,0.0,0.5582439563001192,0.0
modelcontextprotocol/python-sdk,450cf973f68283f2,0.024630541871921183,0,0,0.0,False,,,,,,,,
modelcontextprotocol/python-sdk,cbe797d477654047,0.00819672131147541,20,11,0.0,True,0.6309297535714575,0.0,0.6309297535714575,0.0,0.6309297535714575,0.0,0.6309297535714575,0.0
modelcontextprotocol/python-sdk,2d78210c1f729556,0.007194244604316547,4,4,0.0,True,0.17376534287144002,0.0,0.17376534287144002,0.0,0.17376534287144002,0.0,0.17376534287144002,0.0
modelcontextprotocol/python-sdk,41ed2e8548ae2238,0.04054054054054054,18,6,0.0,True,0.5,0.0,0.5,0.0,0.5,0.0,0.43067655807339306,0.0
modelcontextprotocol/python-sdk,42c069f4857387aa,0.03333333333333333,11,3,0.0,True,0.6309297535714575,0.0,0.6309297535714575,0.0,0.6309297535714575,0.0,0.6309297535714575,0.0
mongodb/mongo,2fb9b8486e66b6e0,0.00980392156862745,0,0,0.0,False,,,,,,,,
mongodb/mongo,e864d034d61ae774,0.0,7,4,0.0,True,0.41311732856427996,0.0,0.41311732856427996,0.0,0.41311732856427996,0.0,0.41311732856427996,0.0
mongodb/mongo,fc0948c8199da6ab,0.011299435028248588,2,1,0.0,True,0.43067655807339306,0.0,0.43067655807339306,0.0,0.43067655807339306,0.0,0.43067655807339306,0.0
mongodb/mongo,cfc9f12a6f5aa4f2,0.005813953488372093,2,0,0.0,False,,,,,,,,
mongodb/mongo,47581e235aeffd0b,0.3617021276595745,3,1,0.0,True,0.38685280723454163,0.0,0.43067655807339306,0.0,0.38685280723454163,0.0,0.0,0.0
mongodb/mongo,4fb3939b25a9cb7a,0.5643564356435643,2,0,1.0,False,,,,,,,,
mongodb/mongo,51a8bbd8ab87908a,0.00423728813559322,9,4,0.0,True,0.27541155237618664,0.0,0.27541155237618664,0.0,0.27541155237618664,0.0,0.27541155237618664,0.0
mongodb/mongo,958509bc06704ef8,0.017241379310344827,1,0,0.0,False,,,,,,,,
mongodb/mongo,17c5151196ee2c1f,0.0,1,0,0.0,False,,,,,,,,
mongodb/mongo,5d9d4e1e35756d1c,0.03225806451612903,4,0,0.0,False,,,,,,,,
mongodb/mongo,24b41a878c95cc46,0.33992094861660077,3,1,1.0,True,0.0,0.0,0.19342640361727081,0.0,0.0,0.0,0.38685280723454163,0.0
mongodb/mongo,850270d084d920c0,0.3508771929824561,3,0,1.0,False,,,,,,,,
mongodb/mongo,df9336ed54de3bcb,0.3943217665615142,7,1,1.0,True,0.0,0.0,0.0,0.0,0.0,0.0,0.0,0.0
mongodb/mongo,6a89116344db710b,0.381201044386423,3,1,1.0,True,0.0,0.0,0.0,0.0,0.0,0.0,0.0,0.0
mongodb/mongo,181f66e4c9d3bea9,0.3540856031128405,3,1,0.0,True,0.38685280723454163,0.0,0.0,0.0,0.0,0.0,0.0,0.0
mongodb/mongo,5fe5202b7f1b40fd,0.037037037037037035,0,0,0.0,False,,,,,,,,
mongodb/mongo,c526a9c5e03ebacf,0.12121212121212122,0,0,0.0,False,,,,,,,,
mongodb/mongo,851c183f03398c04,0.040268456375838924,6,0,0.0,False,,,,,,,,
mongodb/mongo,3f365db16ce91f9f,0.04297994269340974,2,2,0.0,True,0.0,0.0,0.0,0.0,0.0,0.0,0.0,0.0
mongodb/mongo,ce954dd0f0cad9f6,0.3007518796992481,4,2,1.0,True,0.0,0.0,0.0,0.0,0.0,0.0,0.0,0.0
mongodb/mongo,bd4c563b17b9e020,0.2028985507246377,3,0,1.0,False,,,,,,,,
mongodb/mongo,8966c390d7613594,0.1724137931034483,1,1,0.0,True,0.5654648767857288,0.0,0.5,0.0,0.5,0.0,0.5,0.0
mongodb/mongo,b4db1438d30220a4,0.03375527426160337,3,0,0.0,False,,,,,,,,
mongodb/mongo,0cbda3c32be28eb9,0.5,3,0,1.0,False,,,,,,,,
mongodb/mongo,4314f54988baf2e5,0.07692307692307693,0,0,0.0,False,,,,,,,,
mozilla/pdf.js,b3ccd24f3392344e,0.014830508474576272,22,22,0.0,True,1.0,1.0,0.9811997691733314,1.0,1.0,1.0,1.0,1.0
mozilla/pdf.js,97c3578d396496bd,0.044444444444444446,1,1,0.0,True,1.0,1.0,1.0,1.0,1.0,1.0,1.0,1.0
mozilla/pdf.js,23805277aa87af17,0.04054054054054054,13,12,0.0,True,0.6309297535714575,0.0,0.6309297535714575,0.0,0.6309297535714575,0.0,0.6309297535714575,0.0
mozilla/pdf.js,29aa092e3d5e1c65,0.09278350515463918,0,0,0.0,False,,,,,,,,
mozilla/pdf.js,fa6895c9722b3ec2,0.02882882882882883,15,14,0.0,True,0.6309297535714575,0.0,1.0,1.0,1.0,1.0,0.6309297535714575,0.0
mozilla/pdf.js,1f75686043cdf035,0.029978586723768737,8,8,0.0,True,1.0,1.0,0.6752924820125543,0.0,0.6752924820125543,0.0,1.0,1.0
mozilla/pdf.js,e2d40a65b0f10151,0.09090909090909091,5,5,0.0,True,0.7968387581567008,0.0,0.5683945997718942,0.0,0.5683945997718942,0.0,0.7968387581567008,0.0
mozilla/pdf.js,963fab403c3b6017,0.14754098360655737,0,0,0.0,False,,,,,,,,
mozilla/pdf.js,1ca289b298a64ee4,0.07476635514018691,4,3,0.0,True,1.0,1.0,1.0,1.0,1.0,1.0,1.0,1.0
mozilla/pdf.js,4b728b263d79e162,0.08045977011494253,15,14,0.0,True,0.46220636198759657,0.0,0.4719146934027406,0.0,0.4719146934027406,0.0,0.46220636198759657,0.0
mozilla/pdf.js,987d91686287a25a,0.18421052631578946,11,10,0.0,True,1.0,1.0,1.0,1.0,1.0,1.0,0.9864052841291979,1.0
mozilla/pdf.js,e24e4bd32090b0c4,0.048079925070246644,64,58,0.0,True,0.8740824892340432,0.0,0.8740824892340432,0.0,0.8740824892340432,0.0,0.8740824892340432,0.0
mozilla/pdf.js,397a13bea0419714,0.014492753623188406,5,5,0.0,True,1.0,1.0,1.0,1.0,1.0,1.0,1.0,1.0
mozilla/pdf.js,148dd18f1e2ce2f7,0.06523855890944498,33,33,0.0,True,1.0,1.0,1.0,1.0,1.0,1.0,1.0,1.0
mozilla/pdf.js,9ef9678300fc8723,0.072,1,1,0.0,True,1.0,1.0,1.0,1.0,1.0,1.0,1.0,1.0
mozilla/pdf.js,33397ec32c55c4a4,0.18095238095238095,0,0,0.0,False,,,,,,,,
mozilla/pdf.js,3a887818aab376b1,0.03968253968253968,2,2,0.0,True,0.9197207891481876,1.0,0.9197207891481876,1.0,0.6934264036172708,0.0,0.9197207891481876,1.0
mozilla/pdf.js,343e461034ffe73d,0.4175257731958763,5,4,1.0,True,1.0,1.0,1.0,1.0,1.0,1.0,0.5,0.0
mozilla/pdf.js,e29bf5b2bd451429,0.07086614173228346,11,9,0.0,True,0.6309297535714575,0.0,1.0,1.0,1.0,1.0,0.6309297535714575,0.0
mozilla/pdf.js,71bd9238c62846a5,0.0,2,2,0.0,True,0.8772153153380493,1.0,0.8772153153380493,1.0,0.8984680522431183,1.0,0.8772153153380493,1.0
mozilla/pdf.js,ac6c16cbecb05c3e,0.13333333333333333,7,4,0.0,True,1.0,1.0,1.0,1.0,1.0,1.0,1.0,1.0
mozilla/pdf.js,86a9d31555318b78,0.2549019607843137,7,6,0.0,True,1.0,1.0,1.0,1.0,1.0,1.0,1.0,1.0
mozilla/pdf.js,3a17544c785f8df2,0.0,9,7,0.0,True,1.0,1.0,1.0,1.0,1.0,1.0,1.0,1.0
mozilla/pdf.js,28e788fc43e67c19,0.006578947368421052,3,2,0.0,True,1.0,1.0,1.0,1.0,1.0,1.0,1.0,1.0
mozilla/pdf.js,5afa8e81121e5908,0.0066100094428706326,2,1,0.0,True,1.0,1.0,1.0,1.0,1.0,1.0,1.0,1.0
mruby/mruby,73ed8f61828db4cd,0.01169993117687543,30,22,0.0,True,1.0,1.0,1.0,1.0,1.0,1.0,1.0,1.0
mruby/mruby,316bcde97f9803bc,0.0021431633090441492,63,26,0.0,True,1.0,1.0,1.0,1.0,1.0,1.0,1.0,1.0
mruby/mruby,4de7c842a0f87642,0.13729508196721313,6,2,0.0,True,0.23719771276929622,0.0,0.3065735963827292,0.0,0.3065735963827292,0.0,0.2640681225725909,0.0
mruby/mruby,7ee30d3208b9f6bc,0.009358914365933552,20,10,0.0,True,1.0,1.0,1.0,1.0,1.0,1.0,1.0,1.0
mruby/mruby,4c3ecc809498c838,0.06855439642324888,27,5,1.0,True,0.43067655807339306,0.0,0.6309297535714575,0.0,0.6309297535714575,0.0,0.5,0.0
mruby/mruby,9a66270d3c199171,0.9358974358974359,3,0,1.0,False,,,,,,,,
mui/material-ui,554b0f255d49e962,0.04838709677419355,0,0,0.0,False,,,,,,,,
mui/material-ui,fba143deddb4d131,0.02,0,0,0.0,False,,,,,,,,
mui/material-ui,18a06a854418172c,0.0,1,0,0.0,False,,,,,,,,
mui/material-ui,9f9c8550c5f053f4,0.05660377358490566,0,0,0.0,False,,,,,,,,
mui/material-ui,5f6175d769f373d6,0.0,2,0,0.0,False,,,,,,,,
mui/material-ui,ce8cc7c5e11c55a9,0.0,0,0,0.0,False,,,,,,,,
mui/material-ui,bc29ae93d7494d07,0.08661417322834646,4,0,0.0,False,,,,,,,,
mui/material-ui,4d2c300b90c75d33,0.0,1,0,0.0,False,,,,,,,,
mui/material-ui,bc6eac7586670f2a,0.08011869436201781,2,2,0.0,True,0.5225185722469563,0.0,0.5225185722469563,0.0,0.5225185722469563,0.0,0.6107813243812262,0.0
mui/material-ui,90658ca6aa8a2e52,0.0,0,0,0.0,False,,,,,,,,
mui/material-ui,982b1407fed269d6,0.0046439628482972135,8,1,0.0,True,0.0,0.0,0.0,0.0,0.0,0.0,0.0,0.0
mui/material-ui,b335630551682c19,0.0,20,14,0.0,True,0.4378420930849739,0.0,0.4378420930849739,0.0,0.4378420930849739,0.0,0.4378420930849739,0.0
mui/material-ui,8790b7e21a7e6717,0.0,2,0,0.0,False,,,,,,,,
mui/material-ui,ea9ae5a62ac4a407,0.036036036036036036,0,0,0.0,False,,,,,,,,
mui/material-ui,d2cdbb8d3983ab21,0.014925373134328358,4,1,0.0,True,0.0,0.0,0.0,0.0,0.0,0.0,0.19342640361727081,0.0
mui/material-ui,06572a96a58dc510,0.0011148272017837235,29,15,0.0,True,0.9708973637764393,1.0,0.9708973637764393,1.0,0.9708973637764393,1.0,0.9708973637764393,1.0
mui/material-ui,7ccf250460b1353d,0.0891089108910891,1,0,1.0,False,,,,,,,,
mui/material-ui,8e0aa27a7d3a02ec,0.007751937984496124,1,0,0.0,False,,,,,,,,
mui/material-ui,b16687d0265ff1df,0.0,0,0,0.0,False,,,,,,,,
mui/material-ui,2ae56f3025136b47,0.04132231404958678,3,2,0.0,True,1.0,1.0,1.0,1.0,1.0,1.0,1.0,1.0
mui/material-ui,be6f79ccda39c76d,0.0,2,0,0.0,False,,,,,,,,
mui/material-ui,b11bc29ff6a64856,0.2222222222222222,1,0,0.0,False,,,,,,,,
mui/material-ui,51bb0d154187975c,0.00411522633744856,8,3,0.0,True,0.19004688335796713,0.0,0.14704034066641014,0.0,0.07352017033320507,0.0,0.19004688335796713,0.0
mui/material-ui,66671956fb57ac5d,0.08080808080808081,1,0,0.0,False,,,,,,,,
mui/material-ui,5ca1c2e08aa5ed0a,0.0,6,1,0.0,True,0.0,0.0,0.0,0.0,0.0,0.0,0.0,0.0
musescore/MuseScore,0efd95ac4ff1f971,1.0,2,2,1.0,True,1.0,1.0,0.1289509357448472,0.0,0.0,0.0,0.1289509357448472,0.0
musescore/MuseScore,dcbf17d1aae09146,0.9682539682539683,4,2,1.0,True,1.0,1.0,0.4391764551026449,0.0,0.43067655807339306,0.0,0.46533827903669656,0.0
musescore/MuseScore,3134103b843c3e87,0.0,1,1,0.0,True,0.5,0.0,0.5,0.0,0.5,0.0,0.5,0.0
musescore/MuseScore,3ec1551f56c9df55,1.0,0,0,1.0,False,,,,,,,,
musescore/MuseScore,22e02056afb2c77b,1.0,1,1,1.0,True,1.0,1.0,0.6309297535714575,0.0,0.6309297535714575,0.0,0.6309297535714575,0.0
musescore/MuseScore,993bdbc0d091582b,0.9629629629629629,20,15,1.0,True,0.42366358443441027,0.0,0.969800133172847,1.0,0.9895454416646068,1.0,0.969800133172847,1.0
musescore/MuseScore,5a0882c75c9a2a6c,1.0,1,1,1.0,True,1.0,1.0,0.46533827903669656,0.0,0.43067655807339306,0.0,0.46533827903669656,0.0
musescore/MuseScore,a051eeb63a597e93,0.010869565217391304,1,0,0.0,False,,,,,,,,
musescore/MuseScore,f483d496293e3bb8,0.9880952380952381,2,0,1.0,False,,,,,,,,
musescore/MuseScore,3c50a91c95145de0,0.9768177028451,18,13,1.0,True,0.9474995010615089,0.0,0.6461113333075795,0.0,0.6231036454636214,0.0,0.6461113333075795,0.0
musescore/MuseScore,c6b098646bf32c64,1.0,1,0,1.0,False,,,,,,,,
musescore/MuseScore,16301668fbeefe05,0.6633249791144528,18,11,1.0,True,0.13727000886269816,0.0,0.09370135836682386,0.0,0.09370135836682386,0.0,0.09370135836682386,0.0
musescore/MuseScore,f53f2bb6c7ec7409,0.98,2,1,1.0,True,0.24355738985992403,0.0,0.5,0.0,0.43067655807339306,0.0,0.46533827903669656,0.0
musescore/MuseScore,0df61df04aa67ad1,0.0,1,1,0.0,True,0.38685280723454163,0.0,0.38685280723454163,0.0,0.38685280723454163,0.0,0.38685280723454163,0.0
musescore/MuseScore,fef85e5e5da30eb7,1.0,2,1,1.0,True,1.0,1.0,0.6309297535714575,0.0,0.6309297535714575,0.0,0.6309297535714575,0.0
musescore/MuseScore,1d3a638d3e2855c8,0.0045385779122541605,4,4,0.0,True,0.43067655807339306,0.0,0.43067655807339306,0.0,0.43067655807339306,0.0,0.43067655807339306,0.0
musescore/MuseScore,aad69a27cabbdd7f,0.9824561403508771,3,1,1.0,True,0.48711477971984807,0.0,1.0,1.0,1.0,1.0,1.0,1.0
musescore/MuseScore,ebc2e207d007b8d1,0.5144202472042377,20,12,1.0,True,0.5382588874564392,0.0,0.306130577958105,0.0,0.43324541575264974,0.0,0.43324541575264974,0.0
musescore/MuseScore,27eb734e6b7f4663,1.0,3,3,1.0,True,1.0,1.0,0.43067655807339306,0.0,0.0,0.0,0.43067655807339306,0.0
musescore/MuseScore,5bc5bd2335ab961d,1.0,2,2,1.0,True,0.48711477971984807,0.0,0.46533827903669656,0.0,0.46533827903669656,0.0,0.46533827903669656,0.0
musescore/MuseScore,292d078bf25fb1c3,0.990990990990991,4,1,1.0,True,1.0,1.0,0.6309297535714575,0.0,0.6309297535714575,0.0,0.6309297535714575,0.0
musescore/MuseScore,40e5dfbe4f9e8d87,0.9647519582245431,47,37,1.0,True,0.7568302253690998,0.0,0.9520624685567324,1.0,0.9409248889616841,1.0,0.9696806627432466,1.0
musescore/MuseScore,ce72a4e79f2a4c68,0.9736842105263158,3,3,1.0,True,1.0,1.0,0.6309297535714575,0.0,0.5,0.0,0.6309297535714575,0.0
musescore/MuseScore,a0944b1a8a1e79a7,0.00847457627118644,1,0,0.0,False,,,,,,,,
musescore/MuseScore,a118807d79bfa941,0.009708737864077669,2,0,0.0,False,,,,,,,,
n8n-io/n8n,f90609f487169744,0.0016233766233766235,0,0,0.0,False,,,,,,,,
n8n-io/n8n,0f9d8a623eb48b40,0.0,8,1,0.0,True,0.40876468265396737,0.0,0.40876468265396737,0.0,0.40876468265396737,0.0,0.40876468265396737,0.0
n8n-io/n8n,f382b93769cafca9,0.006329113924050633,2,1,0.0,True,1.0,1.0,1.0,1.0,1.0,1.0,1.0,1.0
n8n-io/n8n,1d84b7b3c77e7c8d,0.0,0,0,0.0,False,,,,,,,,
n8n-io/n8n,91f267670e26829d,0.004405286343612335,0,0,0.0,False,,,,,,,,
n8n-io/n8n,8aec3e41a9c710af,0.0023584905660377358,2,0,0.0,False,,,,,,,,
n8n-io/n8n,b5466bac490b0146,0.0,0,0,0.0,False,,,,,,,,
n8n-io/n8n,200b87a9bf0e3cf9,0.0,4,2,0.0,True,0.6309297535714575,0.0,0.40876468265396737,0.0,0.40876468265396737,0.0,0.6309297535714575,0.0
n8n-io/n8n,5f4f91236cfa7cfd,0.0,2,0,0.0,False,,,,,,,,
n8n-io/n8n,03db9a0058489ff3,0.01639344262295082,0,0,0.0,False,,,,,,,,
n8n-io/n8n,29126a1d00cbc889,0.0,0,0,0.0,False,,,,,,,,
n8n-io/n8n,4b603abc95704163,0.00980392156862745,1,1,0.0,True,0.43067655807339306,0.0,0.43067655807339306,0.0,0.43067655807339306,0.0,0.43067655807339306,0.0
n8n-io/n8n,20911973a4fd8c22,0.03571428571428571,0,0,0.0,False,,,,,,,,
n8n-io/n8n,4130156b8534285a,0.0038022813688212928,1,1,0.0,True,0.5,0.0,0.5,0.0,0.5,0.0,0.5,0.0
n8n-io/n8n,af677d0bbe25859a,0.00510204081632653,0,0,0.0,False,,,,,,,,
n8n-io/n8n,a7b94e9d24c7a43f,0.009345794392523364,0,0,0.0,False,,,,,,,,
n8n-io/n8n,8766c9927cb49e88,0.011111111111111112,0,0,0.0,False,,,,,,,,
n8n-io/n8n,af3590f3f9293c4f,0.011363636363636364,0,0,0.0,False,,,,,,,,
n8n-io/n8n,8f0537faddb20631,0.0,1,0,0.0,False,,,,,,,,
n8n-io/n8n,40b984b9569742d5,0.00036469730123997083,1,0,0.0,False,,,,,,,,
n8n-io/n8n,9917e176e820c0c8,0.0,0,0,0.0,False,,,,,,,,
n8n-io/n8n,89210dec4330c4d3,0.0,0,0,0.0,False,,,,,,,,
n8n-io/n8n,2cfd54f80cf1e692,0.0,0,0,0.0,False,,,,,,,,
n8n-io/n8n,b08de6458375a7e3,0.0,0,0,0.0,False,,,,,,,,
n8n-io/n8n,bd7f99f7ee86f2e7,0.0,0,0,0.0,False,,,,,,,,
nasa/openmct,bc33e00d4264e0d1,0.7070707070707071,0,0,1.0,False,,,,,,,,
nasa/openmct,ba1cdf41657d042a,0.42424242424242425,1,0,0.0,False,,,,,,,,
nasa/openmct,cf0e0c533a746678,0.5906976744186047,0,0,1.0,False,,,,,,,,
nasa/openmct,0366c76da2dbcceb,0.9444444444444444,0,0,1.0,False,,,,,,,,
nasa/openmct,dbce239f9efbc9ca,0.09649122807017543,0,0,0.0,False,,,,,,,,
nasa/openmct,e1e5bcbcb9a309ec,0.42452830188679247,0,0,0.0,False,,,,,,,,
nasa/openmct,1db525a4941d108b,0.6186440677966102,0,0,1.0,False,,,,,,,,
nasa/openmct,b1fabab378e01eeb,0.3384615384615385,0,0,1.0,False,,,,,,,,
nasa/openmct,516f9d0448dadba0,0.8161764705882353,1,1,1.0,True,0.6309297535714575,0.0,1.0,1.0,1.0,1.0,1.0,1.0
nasa/openmct,c9a0f599347744d8,0.910025706940874,0,0,1.0,False,,,,,,,,
nasa/openmct,d5b15d6213d2569a,0.6736111111111112,0,0,1.0,False,,,,,,,,
nasa/openmct,65a5011ec1edee57,0.17006802721088435,0,0,0.0,False,,,,,,,,
nasa/openmct,fefcf860fceef1d7,0.7410071942446043,1,0,1.0,False,,,,,,,,
nasa/openmct,2e780647793d86f8,0.2857142857142857,0,0,0.0,False,,,,,,,,
nasa/openmct,2ca79d42d0dd9016,0.9834983498349835,0,0,1.0,False,,,,,,,,
nasa/openmct,b55616276b559ca5,0.5230769230769231,1,0,1.0,False,,,,,,,,
nasa/openmct,e4657470ce8dd5d7,0.3181818181818182,0,0,0.0,False,,,,,,,,
nasa/openmct,d33215c798ae30ea,0.7837837837837838,0,0,1.0,False,,,,,,,,
nasa/openmct,19ce1c6ff5704707,0.236986301369863,7,7,0.0,True,0.4547591170266466,0.0,0.4547591170266466,0.0,0.5304040920024746,0.0,0.4547591170266466,0.0
nasa/openmct,ba6162f297743c0a,0.08287292817679558,0,0,0.0,False,,,,,,,,
nasa/openmct,035bb65e7afb9fc3,0.06666666666666667,0,0,0.0,False,,,,,,,,
nasa/openmct,4edb10beec1b0829,0.4444444444444444,0,0,1.0,False,,,,,,,,
nasa/openmct,8246ed55d2ccfa6f,0.4264705882352941,0,0,1.0,False,,,,,,,,
nasa/openmct,d37749bf5d7548ab,0.5957446808510638,0,0,1.0,False,,,,,,,,
nasa/openmct,65dc201fd0d5225d,0.7202797202797203,0,0,1.0,False,,,,,,,,
navidrome/navidrome,b228ca5467e74261,0.07692307692307693,4,4,1.0,True,1.0,1.0,1.0,1.0,1.0,1.0,0.6309297535714575,0.0
navidrome/navidrome,bcbb5f0c84c1a4f5,0.06060606060606061,2,2,1.0,True,0.46533827903669656,0.0,0.46533827903669656,0.0,0.46533827903669656,0.0,0.38685280723454163,0.0
navidrome/navidrome,4bb46d5dfa8df79e,0.036585365853658534,3,3,0.0,True,0.6309297535714575,0.0,0.6309297535714575,0.0,0.6309297535714575,0.0,0.6309297535714575,0.0
navidrome/navidrome,827c7eb54789acbb,0.021897810218978103,5,3,0.0,True,1.0,1.0,1.0,1.0,1.0,1.0,1.0,1.0
navidrome/navidrome,2d96e3ca0fd5e31f,0.012195121951219513,7,7,0.0,True,0.9802546915082401,1.0,0.9802546915082401,1.0,0.9802546915082401,1.0,0.9802546915082401,1.0
navidrome/navidrome,33ef32bf6c23acb9,0.007042253521126761,72,71,0.0,True,1.0,1.0,1.0,1.0,1.0,1.0,1.0,1.0
navidrome/navidrome,fa92f03fa520f2a5,0.005277044854881266,10,9,0.0,True,0.6309297535714575,0.0,0.6309297535714575,0.0,0.6309297535714575,0.0,0.6309297535714575,0.0
navidrome/navidrome,6a294ff9722e5161,0.023809523809523808,2,1,0.0,True,0.6309297535714575,0.0,0.6309297535714575,0.0,0.6309297535714575,0.0,0.6309297535714575,0.0
navidrome/navidrome,ab967ab1a2f3a1b7,0.009950248756218905,19,18,0.0,True,1.0,1.0,1.0,1.0,1.0,1.0,1.0,1.0
navidrome/navidrome,a2974d46fa71102e,0.005917159763313609,7,6,0.0,True,0.6309297535714575,0.0,0.6309297535714575,0.0,0.6309297535714575,0.0,0.6309297535714575,0.0
navidrome/navidrome,17857c15e7a4e252,0.04054054054054054,2,2,0.0,True,1.0,1.0,1.0,1.0,1.0,1.0,1.0,1.0
navidrome/navidrome,b335630551682c19,0.056818181818181816,1,0,0.0,False,,,,,,,,
navidrome/navidrome,2b0ed63cfceed555,0.00303951367781155,8,7,0.0,True,0.9802546915082401,1.0,0.9802546915082401,1.0,0.9802546915082401,1.0,0.9802546915082401,1.0
navidrome/navidrome,eb525ac022d54449,0.0038314176245210726,24,20,0.0,True,1.0,1.0,1.0,1.0,1.0,1.0,1.0,1.0
navidrome/navidrome,34af678f544a6bc0,0.005494505494505495,4,3,0.0,True,1.0,1.0,1.0,1.0,1.0,1.0,1.0,1.0
navidrome/navidrome,6add67a78654f254,0.00625,8,8,0.0,True,1.0,1.0,1.0,1.0,1.0,1.0,1.0,1.0
navidrome/navidrome,770da3706026c567,0.0038314176245210726,21,16,0.0,True,1.0,1.0,1.0,1.0,1.0,1.0,1.0,1.0
navidrome/navidrome,4e2704406a610927,0.05194805194805195,0,0,0.0,False,,,,,,,,
navidrome/navidrome,e5621f98badebf17,0.0035211267605633804,5,5,0.0,True,1.0,1.0,1.0,1.0,1.0,1.0,1.0,1.0
navidrome/navidrome,095f4540ab1f6b8e,0.018018018018018018,5,5,0.0,True,1.0,1.0,1.0,1.0,1.0,1.0,1.0,1.0
navidrome/navidrome,76ed074a9305c040,0.0,27,26,0.0,True,1.0,1.0,1.0,1.0,1.0,1.0,1.0,1.0
navidrome/navidrome,ebc64c1b4cb225aa,0.007874015748031496,2,2,0.0,True,0.6309297535714575,0.0,0.6309297535714575,0.0,0.6309297535714575,0.0,0.6309297535714575,0.0
navidrome/navidrome,11a7f4868f316ca3,0.041666666666666664,3,3,0.0,True,1.0,1.0,1.0,1.0,1.0,1.0,1.0,1.0
navidrome/navidrome,ccf297247334fe62,0.008130081300813009,13,10,0.0,True,1.0,1.0,1.0,1.0,1.0,1.0,1.0,1.0
navidrome/navidrome,2944e90e3cb7923b,0.02564102564102564,3,3,0.0,True,0.5,0.0,0.5,0.0,0.5,0.0,0.5,0.0
neondatabase/neon,397c4cb98892ca98,0.2727272727272727,0,0,0.0,False,,,,,,,,
neondatabase/neon,5e67a8c2d8a2a9ac,0.11363636363636363,0,0,0.0,False,,,,,,,,
neondatabase/neon,6f4a9d7f67b9fd8e,0.21818181818181817,0,0,0.0,False,,,,,,,,
neondatabase/neon,008603a6c4b410af,0.17857142857142858,0,0,0.0,False,,,,,,,,
neondatabase/neon,692b22f7eca0e873,0.109375,0,0,0.0,False,,,,,,,,
neondatabase/neon,670d67146270588d,0.22857142857142856,0,0,0.0,False,,,,,,,,
neondatabase/neon,0e06f3972dbdcb5c,0.010067114093959731,0,0,0.0,False,,,,,,,,
neondatabase/neon,306049e56ae8fe23,0.0013003901170351106,0,0,0.0,False,,,,,,,,
neondatabase/neon,fd63a39b0f904632,0.03614457831325301,0,0,0.0,False,,,,,,,,
neondatabase/neon,5c6e2f8e30ae36cd,0.23728813559322035,0,0,0.0,False,,,,,,,,
neondatabase/neon,02822615383e6ce7,0.13953488372093023,0,0,0.0,False,,,,,,,,
neondatabase/neon,a5bddb4074d1b376,0.35,0,0,1.0,False,,,,,,,,
neondatabase/neon,250b49e092847379,0.3442622950819672,0,0,0.0,False,,,,,,,,
neondatabase/neon,87f13c1d121abc1f,0.2635135135135135,0,0,0.0,False,,,,,,,,
neondatabase/neon,c9c1843fb6caf7f7,0.12048192771084337,0,0,0.0,False,,,,,,,,
neondatabase/neon,2ebfe76f89004d56,0.08661417322834646,0,0,0.0,False,,,,,,,,
neondatabase/neon,8009b04e1af863e8,0.06896551724137931,0,0,0.0,False,,,,,,,,
neondatabase/neon,1d589ae6a454e306,0.16853932584269662,0,0,0.0,False,,,,,,,,
neondatabase/neon,0fedb3db3ff00a31,0.15517241379310345,0,0,1.0,False,,,,,,,,
neondatabase/neon,47aa82f4b862c050,0.02631578947368421,0,0,0.0,False,,,,,,,,
neondatabase/neon,0469d9b8e244cd22,0.08571428571428572,0,0,0.0,False,,,,,,,,
neondatabase/neon,815b672ca0737336,0.00966183574879227,0,0,0.0,False,,,,,,,,
neondatabase/neon,aad3374c91709637,0.10784313725490197,0,0,0.0,False,,,,,,,,
neondatabase/neon,db1efc0359df7745,0.12784588441331,0,0,0.0,False,,,,,,,,
neondatabase/neon,55c3d8a6a5addb53,0.14457831325301204,0,0,0.0,False,,,,,,,,
neovim/neovim,069345d1591a64a0,0.008695652173913044,1,0,0.0,False,,,,,,,,
neovim/neovim,c9baf58a11444ecc,0.016556291390728478,19,14,0.0,True,0.3234143617657183,0.0,0.3984301332164378,0.0,0.3984301332164378,0.0,0.28647335462133205,0.0
neovim/neovim,955b7a8ce2100cda,0.3942652329749104,4,3,0.0,True,0.19004688335796713,0.0,0.14704034066641014,0.0,0.15536890793038996,0.0,0.0,0.0
neovim/neovim,33aa338d576699d9,0.01818181818181818,1,1,0.0,True,0.27250978843597823,0.0,0.27250978843597823,0.0,0.19342640361727081,0.0,0.0,0.0
neovim/neovim,0ab60f7676c1e038,0.1,1,1,0.0,True,1.0,1.0,1.0,1.0,1.0,1.0,1.0,1.0
neovim/neovim,ed09d89203dee980,0.003076923076923077,22,21,0.0,True,0.988169367582929,1.0,0.988169367582929,1.0,0.988169367582929,1.0,0.988169367582929,1.0
neovim/neovim,512e7fa521c22f4b,0.0,6,2,0.0,True,0.6309297535714575,0.0,0.6309297535714575,0.0,0.6309297535714575,0.0,0.6309297535714575,0.0
neovim/neovim,0a99a82106ad0e7a,1.0,0,0,1.0,False,,,,,,,,
neovim/neovim,6923b547564a1942,0.22413793103448276,2,2,0.0,True,0.6309297535714575,0.0,0.0,0.0,0.0,0.0,0.0,0.0
neovim/neovim,93c458d6523f1fd2,0.00267379679144385,2,2,0.0,True,0.6309297535714575,0.0,0.6309297535714575,0.0,0.6309297535714575,0.0,0.6309297535714575,0.0
neovim/neovim,3ec151711fa4aa58,0.23728813559322035,2,2,0.0,True,1.0,1.0,1.0,1.0,1.0,1.0,1.0,1.0
neovim/neovim,b36669b318d1ea0f,0.002152852529601722,48,32,0.0,True,0.8658488696011677,1.0,0.8658488696011677,1.0,0.8658488696011677,1.0,0.8658488696011677,1.0
neovim/neovim,1f692ddb403537c5,0.10926365795724466,8,5,0.0,True,0.5681212831057169,0.0,0.5082426448058001,0.0,0.5500863464779522,0.0,0.44211666725438137,0.0
neovim/neovim,34773f7b0a8fedeb,0.0,9,8,0.0,True,0.7253957448688627,1.0,0.7253957448688627,1.0,0.7253957448688627,1.0,0.7253957448688627,1.0
neovim/neovim,3dce9b75198ef0d0,0.3448275862068966,0,0,1.0,False,,,,,,,,
neovim/neovim,5b8e70a02d059fb6,0.018867924528301886,2,2,0.0,True,0.6509209298071326,0.0,0.6509209298071326,0.0,0.6509209298071326,0.0,0.6509209298071326,0.0
neovim/neovim,4a0579aeb993ac0e,0.0,1,0,0.0,False,,,,,,,,
neovim/neovim,32cf9cfcc3e0867b,0.15789473684210525,5,3,1.0,True,0.5271341073823443,0.0,0.5271341073823443,0.0,0.5271341073823443,0.0,0.2940806813328203,0.0
neovim/neovim,e188d857a4a8daa3,0.013986013986013986,0,0,0.0,False,,,,,,,,
neovim/neovim,df85e403b5e99452,0.037815126050420166,8,4,0.0,True,0.944847956559586,1.0,0.6278397607958708,0.0,0.46238363047462905,0.0,0.944847956559586,1.0
neovim/neovim,b25ae7381f472683,0.075,5,5,0.0,True,0.7415914148287854,0.0,0.7415914148287854,0.0,0.7415914148287854,0.0,0.7415914148287854,0.0
neovim/neovim,c4096d27ab44d7af,0.0,0,0,0.0,False,,,,,,,,
neovim/neovim,728d3ae352b52f16,0.07428571428571429,19,11,0.0,True,0.7208535639633159,1.0,0.7208535639633159,1.0,0.6007113033027632,1.0,0.7208535639633159,1.0
neovim/neovim,e7a6effa3c1fee08,0.5,0,0,0.0,False,,,,,,,,
neovim/neovim,4acb305677a88bdc,0.021621621621621623,7,7,0.0,True,0.3323010760451619,0.0,0.3444404112983731,0.0,0.3565797465515843,0.0,0.3323010760451619,0.0
netblue30/firejail,005485268291fd64,0.11764705882352941,0,0,0.0,False,,,,,,,,
netblue30/firejail,2d78c04aaff072e0,0.1111111111111111,3,2,0.0,True,0.38685280723454163,0.0,0.38685280723454163,0.0,0.38685280723454163,0.0,0.2640681225725909,0.0
netblue30/firejail,05b847f22deeaa30,0.05263157894736842,1,1,0.0,True,0.40876468265396737,0.0,0.40876468265396737,0.0,0.40876468265396737,0.0,0.46533827903669656,0.0
netblue30/firejail,443859297a4fdefc,0.14516129032258066,1,1,0.0,True,0.38685280723454163,0.0,0.38685280723454163,0.0,0.38685280723454163,0.0,0.43067655807339306,0.0
netblue30/firejail,d370858d210f179c,0.05660377358490566,1,0,1.0,False,,,,,,,,
netblue30/firejail,64468ee3a1a15b03,0.08,0,0,0.0,False,,,,,,,,
netblue30/firejail,f7167e7eacbaa460,0.14814814814814814,1,1,0.0,True,0.6309297535714575,0.0,0.6309297535714575,0.0,0.6309297535714575,0.0,0.5,0.0
netblue30/firejail,f445e960304bf53c,0.0392156862745098,0,0,0.0,False,,,,,,,,
netblue30/firejail,6d8fe44e3fad7065,0.15384615384615385,0,0,0.0,False,,,,,,,,
netblue30/firejail,6c5fa6e51ae3e17e,0.0,0,0,0.0,False,,,,,,,,
netblue30/firejail,481a4c3a4ff919f5,0.0,0,0,0.0,False,,,,,,,,
netblue30/firejail,1c5c16b045ee5292,0.17391304347826086,0,0,1.0,False,,,,,,,,
netblue30/firejail,705f4696341e58e5,0.1,2,1,0.0,True,0.0,0.0,0.0,0.0,0.0,0.0,0.0,0.0
netblue30/firejail,220c7e257837ad4d,0.1111111111111111,0,0,0.0,False,,,,,,,,
netblue30/firejail,83f3c0e49bc758bf,0.041666666666666664,1,0,0.0,False,,,,,,,,
netblue30/firejail,159d1f48b2948a23,0.13333333333333333,0,0,0.0,False,,,,,,,,
netblue30/firejail,3947f3f54bf0da6d,0.08928571428571429,1,1,0.0,True,0.4391764551026449,0.0,0.4391764551026449,0.0,0.4391764551026449,0.0,0.3293823413269837,0.0
netblue30/firejail,443e118ce27845b7,0.04081632653061224,1,0,0.0,False,,,,,,,,
netblue30/firejail,a90847fe64a2dc8b,0.024390243902439025,0,0,0.0,False,,,,,,,,
netblue30/firejail,dfdf76f3f5078201,0.075,0,0,0.0,False,,,,,,,,
netblue30/firejail,a8f347f5979821e3,0.09090909090909091,1,1,0.0,True,0.46533827903669656,0.0,0.46533827903669656,0.0,0.43067655807339306,0.0,0.43067655807339306,0.0
netblue30/firejail,7ba32a4c099dedb7,0.0,9,6,0.0,True,0.5,0.0,0.5,0.0,0.5,0.0,0.5,0.0
netblue30/firejail,2649e71767d265c6,0.015873015873015872,1,1,0.0,True,0.4391764551026449,0.0,0.4391764551026449,0.0,0.4391764551026449,0.0,0.46533827903669656,0.0
netblue30/firejail,548502cf8fabcb4c,0.038461538461538464,0,0,0.0,False,,,,,,,,
netblue30/firejail,c946a5785fb1f464,0.13636363636363635,1,0,1.0,False,,,,,,,,
networkx/networkx,dc4b342d23b906c9,0.11935953420669577,0,0,0.0,False,,,,,,,,
networkx/networkx,de37c4ec706ad2ec,0.006493506493506494,1,0,0.0,False,,,,,,,,
networkx/networkx,e1b8f9a089fecc43,0.016129032258064516,0,0,0.0,False,,,,,,,,
networkx/networkx,0d93adc8051f58d1,0.005263157894736842,0,0,0.0,False,,,,,,,,
networkx/networkx,14537e52d3532967,0.09944751381215469,1,0,0.0,False,,,,,,,,
networkx/networkx,39ddc799b9d0e35a,0.03508771929824561,0,0,0.0,False,,,,,,,,
networkx/networkx,9e32d4d1eacc6ed0,0.016129032258064516,0,0,0.0,False,,,,,,,,
networkx/networkx,57342a3fb4f10196,0.021052631578947368,1,0,0.0,False,,,,,,,,
networkx/networkx,1fa46374918564ce,0.08360548661005879,0,0,0.0,False,,,,,,,,
networkx/networkx,bce0d33358fac118,0.009174311926605505,0,0,0.0,False,,,,,,,,
networkx/networkx,5128bf1929c6801c,0.011363636363636364,0,0,0.0,False,,,,,,,,
networkx/networkx,9c9879c37bf4afed,0.04,0,0,0.0,False,,,,,,,,
networkx/networkx,f9a87c4852d5d5f5,0.2631578947368421,0,0,0.0,False,,,,,,,,
networkx/networkx,e8d7292d8ded12e7,0.007633587786259542,1,0,0.0,False,,,,,,,,
networkx/networkx,641cb73581d00b40,0.058394160583941604,1,0,0.0,False,,,,,,,,
networkx/networkx,f3d52d766b45edc4,0.0009345794392523365,0,0,0.0,False,,,,,,,,
networkx/networkx,12aa75ec179a85fe,0.06666666666666667,1,0,0.0,False,,,,,,,,
networkx/networkx,e4a39f44607e4e91,0.3194444444444444,0,0,0.0,False,,,,,,,,
networkx/networkx,42d715ab1c5bcf01,0.11475409836065574,0,0,0.0,False,,,,,,,,
networkx/networkx,950aae92a8220f22,0.09270998415213946,2,0,0.0,False,,,,,,,,
networkx/networkx,333853dc6aba5305,0.006060606060606061,1,0,0.0,False,,,,,,,,
networkx/networkx,90c35ea6cb20ee0f,0.11788617886178862,1,0,0.0,False,,,,,,,,
networkx/networkx,d6be4828acda0180,0.11650485436893204,0,0,0.0,False,,,,,,,,
networkx/networkx,8c4f6a402d607cd6,0.035856573705179286,0,0,0.0,False,,,,,,,,
networkx/networkx,fd4d6088095ce754,0.06646525679758308,1,0,0.0,False,,,,,,,,
nix-community/home-manager,c1cfacf5fd0c0a0f,0.05405405405405406,0,0,0.0,False,,,,,,,,
nix-community/home-manager,2c92aaeacfcba103,0.10780669144981413,5,3,0.0,True,0.5,0.0,0.43067655807339306,0.0,0.43067655807339306,0.0,0.0,0.0
nix-community/home-manager,bd8f9ff60cf722f3,0.1038961038961039,1,1,0.0,True,0.5,0.0,0.5,0.0,0.5,0.0,0.43067655807339306,0.0
nix-community/home-manager,2a2594e0616c683b,0.019230769230769232,1,1,0.0,True,0.6309297535714575,0.0,0.6309297535714575,0.0,0.6309297535714575,0.0,0.6309297535714575,0.0
nix-community/home-manager,06c907e99f8509b2,0.10638297872340426,0,0,0.0,False,,,,,,,,
nix-community/home-manager,b1adaa2fa88d479c,0.34558823529411764,0,0,0.0,False,,,,,,,,
nix-community/home-manager,2b41fe3cb576a26b,0.4895397489539749,2,2,0.0,True,0.6309297535714575,0.0,0.6309297535714575,0.0,0.6309297535714575,0.0,0.6309297535714575,0.0
nix-community/home-manager,739cd1c393894d64,0.061224489795918366,1,0,0.0,False,,,,,,,,
nix-community/home-manager,17f3a6334b2e2e56,0.3617021276595745,0,0,0.0,False,,,,,,,,
nix-community/home-manager,3fb6d44e741dc6c0,0.3697478991596639,0,0,0.0,False,,,,,,,,
nix-community/home-manager,c459df0b99d630e7,0.5287356321839081,1,0,1.0,False,,,,,,,,
nix-community/home-manager,372658acbbff357e,0.2,0,0,1.0,False,,,,,,,,
nix-community/home-manager,0cee139a7dc7655c,0.2222222222222222,0,0,0.0,False,,,,,,,,
nix-community/home-manager,032c77d817dcffc6,0.23333333333333334,0,0,0.0,False,,,,,,,,
nix-community/home-manager,f72f8c42085869c2,0.6388888888888888,0,0,1.0,False,,,,,,,,
nix-community/home-manager,5c10fd628f8a3e07,0.09259259259259259,1,1,0.0,True,0.5,0.0,0.5654648767857288,0.0,0.5654648767857288,0.0,0.5,0.0
nix-community/home-manager,f72ff3e8025e8b65,0.24,0,0,0.0,False,,,,,,,,
nix-community/home-manager,417f396616b0eb70,0.5238095238095238,1,1,1.0,True,1.0,1.0,1.0,1.0,1.0,1.0,0.0,0.0
nix-community/home-manager,d2f0b1e2a0e2314a,0.6,2,0,1.0,False,,,,,,,,
nix-community/home-manager,5b870e1f41daea2d,0.10344827586206896,0,0,0.0,False,,,,,,,,
nix-community/home-manager,aac03a529e226886,0.8607594936708861,0,0,1.0,False,,,,,,,,
nix-community/home-manager,7c4a255431bd12b7,0.1875,0,0,0.0,False,,,,,,,,
nix-community/home-manager,1ca44ffc65e17350,0.3058252427184466,1,0,0.0,False,,,,,,,,
nix-community/home-manager,7899a4897bc352ca,0.6363636363636364,0,0,1.0,False,,,,,,,,
nix-community/home-manager,1cc580de297308d9,0.4391304347826087,17,9,1.0,True,1.0,1.0,1.0,1.0,1.0,1.0,0.6309297535714575,0.0
nix-darwin/nix-darwin,bc014b16375d3625,0.2392638036809816,1,0,0.0,False,,,,,,,,
ntop/ntopng,a36287f973afdb26,0.1956521739130435,1,1,0.0,True,0.5,0.0,0.46533827903669656,0.0,0.6309297535714575,0.0,0.5,0.0
ntop/ntopng,bd67d43f1c022ade,0.16981132075471697,6,6,0.0,True,0.5210976099127556,0.0,0.5210976099127556,0.0,0.17759056563718323,0.0,0.5600110334118286,0.0
ntop/ntopng,fbd11aa458763e8d,0.16666666666666666,1,1,0.0,True,0.5,0.0,0.6309297535714575,0.0,1.0,1.0,0.6309297535714575,0.0
ntop/ntopng,4e5dccd8480eca37,0.18181818181818182,1,1,0.0,True,0.5,0.0,0.5,0.0,1.0,1.0,0.6309297535714575,0.0
ntop/ntopng,c30f5935c38bc90d,0.0625,1,1,0.0,True,0.43067655807339306,0.0,0.43067655807339306,0.0,0.43067655807339306,0.0,0.5,0.0
ntop/ntopng,c9b4ccf4a2024cad,0.2535211267605634,2,2,0.0,True,0.5572065140536727,0.0,0.6240505200038379,0.0,0.6934264036172708,0.0,0.6509209298071326,0.0
ntop/ntopng,52b4b96404b2dd08,0.13333333333333333,2,2,0.0,True,0.8984680522431183,1.0,0.8984680522431183,1.0,0.8984680522431183,1.0,0.9598603945740939,1.0
ntop/ntopng,6aae40d7bbf2bdd1,0.09523809523809523,2,2,0.0,True,0.5012658353418871,0.0,0.4251724527673773,0.0,0.4251724527673773,0.0,0.5012658353418871,0.0
ntop/ntopng,f0fb12434d9b6294,0.3023255813953488,1,1,0.0,True,0.5,0.0,0.5,0.0,0.5,0.0,0.6309297535714575,0.0
ntop/ntopng,1e986c09d95dd650,0.16279069767441862,1,1,0.0,True,1.0,1.0,1.0,1.0,1.0,1.0,1.0,1.0
ntop/ntopng,fe7259dc60cf68f2,0.10416666666666667,1,1,0.0,True,1.0,1.0,1.0,1.0,1.0,1.0,1.0,1.0
ntop/ntopng,3ca1b0328418a217,0.34805194805194806,7,7,1.0,True,0.536797913193754,0.0,0.5228008726057748,0.0,0.5035856819799127,0.0,0.6273462983072823,0.0
ntop/ntopng,22d980bf3cf4bc37,0.23391812865497075,4,4,0.0,True,0.6312514506692649,0.0,0.6312514506692649,0.0,0.6312514506692649,0.0,0.6885288809404666,0.0
ntop/ntopng,16939ba528f691e5,0.08163265306122448,2,2,0.0,True,0.5706417189553201,0.0,0.5706417189553201,0.0,0.6509209298071326,0.0,0.6721736667122017,0.0
ntop/ntopng,d9c2bf903a63f487,0.23728813559322035,1,1,0.0,True,0.43067655807339306,0.0,0.43067655807339306,0.0,0.6309297535714575,0.0,0.5,0.0
ntop/ntopng,a6dedb58d46693d2,0.22916666666666666,1,1,0.0,True,0.5,0.0,0.5,0.0,0.6309297535714575,0.0,0.6309297535714575,0.0
ntop/ntopng,3f2a645f217ad55d,0.1875,1,1,0.0,True,0.5,0.0,0.5,0.0,0.6309297535714575,0.0,0.6309297535714575,0.0
ntop/ntopng,308bb2d7915273f9,0.43157894736842106,2,2,0.0,True,0.8772153153380493,1.0,0.6131471927654584,1.0,0.6131471927654584,1.0,0.8503449055347546,1.0
ntop/ntopng,1c01a3306cec7bf0,0.2698412698412698,2,2,0.0,True,0.6131471927654584,1.0,0.6131471927654584,1.0,0.6131471927654584,1.0,0.7317460491501064,1.0
ntop/ntopng,4703140bc98b2097,0.4485776805251641,2,2,1.0,True,0.6509209298071326,0.0,0.8772153153380493,1.0,0.8772153153380493,1.0,0.9197207891481876,1.0
ntop/ntopng,a7a9120cd6132891,0.17073170731707318,1,1,0.0,True,1.0,1.0,1.0,1.0,1.0,1.0,1.0,1.0
ntop/ntopng,7631a17c9f6b6f52,0.18181818181818182,1,1,0.0,True,0.5,0.0,0.5,0.0,1.0,1.0,0.6309297535714575,0.0
ntop/ntopng,bc8b1682002230ea,0.16483516483516483,4,4,0.0,True,0.9197207891481876,1.0,0.9197207891481876,1.0,0.9197207891481876,1.0,1.0,1.0
ntop/ntopng,dc40efbb27d4f727,0.3,1,1,0.0,True,0.5,0.0,0.5,0.0,1.0,1.0,0.6309297535714575,0.0
ntop/ntopng,035b9de45eb12add,0.16,3,3,0.0,True,0.9072278740982787,1.0,0.9072278740982787,1.0,0.9072278740982787,1.0,0.9238850086262381,1.0
observablehq/plot,b31f60162ca67769,0.11452513966480447,2,2,0.0,True,1.0,1.0,1.0,1.0,1.0,1.0,1.0,1.0
observablehq/plot,eee16942401d4c91,0.09623430962343096,1,1,1.0,True,1.0,1.0,1.0,1.0,1.0,1.0,0.6309297535714575,0.0
observablehq/plot,945f040bb0c278ab,0.11538461538461539,1,1,0.0,True,0.6309297535714575,0.0,0.6309297535714575,0.0,0.6309297535714575,0.0,0.5,0.0
observablehq/plot,3bbab862616157c6,0.15079365079365079,1,1,0.0,True,0.6309297535714575,0.0,0.6309297535714575,0.0,0.6309297535714575,0.0,0.6309297535714575,0.0
observablehq/plot,e2c4eece768c195d,0.0,0,0,0.0,False,,,,,,,,
observablehq/plot,c2ca0def8befba46,0.28368794326241137,0,0,0.0,False,,,,,,,,
observablehq/plot,74c2a2968158f1fc,0.03007518796992481,0,0,0.0,False,,,,,,,,
observablehq/plot,2443057797761053,0.16470588235294117,3,3,0.0,True,1.0,1.0,1.0,1.0,0.8597186998521972,0.0,1.0,1.0
observablehq/plot,742beb28087fe649,0.10679611650485436,0,0,0.0,False,,,,,,,,
observablehq/plot,9fda28694d42d6e1,0.1978021978021978,0,0,0.0,False,,,,,,,,
observablehq/plot,30813c172a540a62,0.28484848484848485,0,0,0.0,False,,,,,,,,
observablehq/plot,2034baea16fe1d92,0.08559498956158663,2,2,0.0,True,1.0,1.0,1.0,1.0,1.0,1.0,1.0,1.0
observablehq/plot,2f2d066d6f34724b,0.1259259259259259,0,0,0.0,False,,,,,,,,
observablehq/plot,ffb1c7d20a87e8a9,0.10344827586206896,0,0,0.0,False,,,,,,,,
observablehq/plot,649d28c714378db6,0.21875,0,0,0.0,False,,,,,,,,
observablehq/plot,8f62f80a02a317ce,0.26436781609195403,3,3,0.0,True,1.0,1.0,1.0,1.0,1.0,1.0,1.0,1.0
observablehq/plot,b3a963cfa81f0896,0.6,3,3,1.0,True,0.8597186998521972,0.0,1.0,1.0,1.0,1.0,1.0,1.0
observablehq/plot,601ac60c6ad76fb6,0.3157894736842105,1,1,0.0,True,0.6309297535714575,0.0,0.6309297535714575,0.0,0.6309297535714575,0.0,0.6309297535714575,0.0
observablehq/plot,68edde3adfd39e57,0.18333333333333332,1,1,0.0,True,0.6309297535714575,0.0,0.6309297535714575,0.0,0.6309297535714575,0.0,0.6309297535714575,0.0
observablehq/plot,69a2f2f82c40549d,0.0,0,0,0.0,False,,,,,,,,
observablehq/plot,90dbe63978af6da9,0.10344827586206896,1,1,0.0,True,0.6309297535714575,0.0,0.6309297535714575,0.0,0.6309297535714575,0.0,0.6309297535714575,0.0
observablehq/plot,e5143d05e3534b51,0.025,0,0,0.0,False,,,,,,,,
observablehq/plot,050d4142c3661452,0.14754098360655737,1,1,0.0,True,1.0,1.0,1.0,1.0,1.0,1.0,1.0,1.0
observablehq/plot,1cfd13c8abe6c11a,0.3811881188118812,0,0,1.0,False,,,,,,,,
observablehq/plot,fc8cfc7f7d8d1ae5,0.46645367412140576,1,1,0.0,True,1.0,1.0,1.0,1.0,1.0,1.0,1.0,1.0
obsproject/obs-studio,967a9241d1adc567,0.013422818791946308,1,0,0.0,False,,,,,,,,
obsproject/obs-studio,86d472b30dfaf5d5,0.3,0,0,0.0,False,,,,,,,,
obsproject/obs-studio,58d1693ffbdc955d,0.05194805194805195,0,0,0.0,False,,,,,,,,
obsproject/obs-studio,81807457fa28b1bc,0.10086455331412104,0,0,0.0,False,,,,,,,,
obsproject/obs-studio,b1db680284a616a8,0.26629680998613037,3,3,0.0,True,0.9502344167898356,1.0,0.9502344167898356,1.0,0.9502344167898356,1.0,1.0,1.0
obsproject/obs-studio,a45727b21dd90fda,0.11666666666666667,0,0,0.0,False,,,,,,,,
obsproject/obs-studio,a8e7a0fc0f3e4b41,0.08571428571428572,0,0,0.0,False,,,,,,,,
obsproject/obs-studio,53380567ca86272d,0.23711340206185566,0,0,0.0,False,,,,,,,,
obsproject/obs-studio,efd4dd656b3825b3,0.1111111111111111,0,0,0.0,False,,,,,,,,
obsproject/obs-studio,802e85e4baa55376,0.023809523809523808,0,0,0.0,False,,,,,,,,
obsproject/obs-studio,e844fe25ca8e4736,0.050170068027210885,0,0,0.0,False,,,,,,,,
obsproject/obs-studio,a286ef46ff090a72,0.06542056074766354,0,0,0.0,False,,,,,,,,
obsproject/obs-studio,76c8efd0c972d4c9,0.15384615384615385,0,0,0.0,False,,,,,,,,
obsproject/obs-studio,538e412cc6543d2d,0.03804347826086957,0,0,0.0,False,,,,,,,,
obsproject/obs-studio,060c8af3a068c383,0.004369197160021846,0,0,0.0,False,,,,,,,,
obsproject/obs-studio,494928bd63dbef2d,0.10901287553648069,0,0,0.0,False,,,,,,,,
obsproject/obs-studio,29eaf797e22397ff,0.5892857142857143,1,0,1.0,False,,,,,,,,
obsproject/obs-studio,c39b80d480d86df6,0.05555555555555555,0,0,0.0,False,,,,,,,,
obsproject/obs-studio,e67180e21fc99ec4,0.07130434782608695,1,0,0.0,False,,,,,,,,
obsproject/obs-studio,eeceb8f491ce8851,0.2765957446808511,2,2,0.0,True,0.5,0.0,0.5,0.0,0.5,0.0,0.5,0.0
obsproject/obs-studio,b725455f50a97c1b,0.03508771929824561,0,0,0.0,False,,,,,,,,
obsproject/obs-studio,30081413212cd0ba,0.058823529411764705,1,1,0.0,True,0.43067655807339306,0.0,0.43067655807339306,0.0,0.43067655807339306,0.0,0.5,0.0
obsproject/obs-studio,dd8b252e5b852ac3,0.2127659574468085,0,0,0.0,False,,,,,,,,
obsproject/obs-studio,f2c1d52a4aba1327,0.12184873949579832,0,0,0.0,False,,,,,,,,
obsproject/obs-studio,7e9d837b5df00cea,0.6739130434782609,0,0,1.0,False,,,,,,,,
official-stockfish/Stockfish,a5bf0c3b261b4b51,0.17903682719546743,16,9,0.0,True,0.5592097608226757,0.0,0.5592097608226757,0.0,0.5592097608226757,0.0,0.47229755638551846,0.0
official-stockfish/Stockfish,e54829652fc2edb0,0.20833333333333334,9,0,1.0,False,,,,,,,,
official-stockfish/Stockfish,5e10e0eae2cec939,0.0213903743315508,17,3,1.0,True,0.4796249331362629,0.0,0.7601875334318685,1.0,0.7601875334318685,1.0,0.7601875334318685,1.0
official-stockfish/Stockfish,73a56e016c685cf8,0.16666666666666666,1,1,1.0,True,0.0,0.0,0.27250978843597823,0.0,0.27250978843597823,0.0,0.27250978843597823,0.0
official-stockfish/Stockfish,034268b309b97e50,0.11797752808988764,9,1,0.0,True,0.40876468265396737,0.0,0.38685280723454163,0.0,0.43067655807339306,0.0,0.1289509357448472,0.0
official-stockfish/Stockfish,13fa362150fa8634,0.4876712328767123,18,4,1.0,True,0.3903800499921017,1.0,0.24630238874073,0.0,0.24630238874073,0.0,0.15957357724946136,0.0
official-stockfish/Stockfish,2a523082b4e3a1ee,0.13141025641025642,10,3,0.0,True,0.23463936301137822,0.0,0.20210734650054757,0.0,0.20210734650054757,0.0,0.20210734650054757,0.0
official-stockfish/Stockfish,d9c39a0f4329ea10,0.13432835820895522,5,0,1.0,False,,,,,,,,
official-stockfish/Stockfish,10c2312f1cfa9d66,0.5104166666666666,1,0,1.0,False,,,,,,,,
official-stockfish/Stockfish,da313937d54e9247,0.5397350993377483,12,3,1.0,True,0.7653606369886217,1.0,0.6713860725233041,1.0,0.6876520807787193,1.0,0.46927872602275644,1.0
official-stockfish/Stockfish,33f501b6f63de230,0.4405594405594406,17,4,1.0,True,0.4569494273838043,0.0,0.6387878864795979,0.0,0.7224242270408039,0.0,0.6387878864795979,0.0
official-stockfish/Stockfish,48409e2ea320663a,0.2347417840375587,4,2,1.0,True,0.0,0.0,0.0,0.0,0.0,0.0,0.0,0.0
official-stockfish/Stockfish,0f2b7f38c6258a8e,0.4563106796116505,11,1,1.0,True,0.6309297535714575,0.0,1.0,1.0,1.0,1.0,1.0,1.0
official-stockfish/Stockfish,e72cbf6e30e293dd,0.09090909090909091,5,3,0.0,True,0.7601875334318685,1.0,0.7601875334318685,1.0,0.7601875334318685,1.0,0.7601875334318685,1.0
official-stockfish/Stockfish,09baa2695476731e,0.25,4,1,0.0,True,0.0,0.0,0.0,0.0,0.0,0.0,0.0,0.0
official-stockfish/Stockfish,e9f1e5895d661695,0.1225296442687747,13,7,0.0,True,0.6191540969627047,1.0,0.7171809907403115,1.0,0.5701406500739014,1.0,0.7171809907403115,1.0
official-stockfish/Stockfish,be0fd4507d007645,0.08203125,10,4,0.0,True,0.5012658353418871,0.0,0.23719771276929622,0.0,0.23719771276929622,0.0,0.5012658353418871,0.0
official-stockfish/Stockfish,231ff7ea9252f67f,0.125,28,10,0.0,True,0.850140288426797,1.0,0.7504539947717144,1.0,0.7504539947717144,1.0,0.7504539947717144,1.0
official-stockfish/Stockfish,9b3b743971a2908b,0.32231404958677684,16,4,1.0,True,0.6387878864795979,1.0,0.6387878864795979,1.0,0.4030302838010049,0.0,0.4030302838010049,0.0
official-stockfish/Stockfish,c2d7a02df1657115,0.2917933130699088,16,8,0.0,True,0.4671407646484949,0.0,0.46185825921963525,0.0,0.15845120643405325,0.0,0.4832910114624087,0.0
official-stockfish/Stockfish,e428c7a719856e30,0.11834319526627218,27,7,0.0,True,0.561718709030859,0.0,0.5088013258915567,0.0,0.561718709030859,0.0,0.4667740360254302,0.0
official-stockfish/Stockfish,a8800481720f02cf,0.2785714285714286,11,6,1.0,True,0.0,0.0,0.0,0.0,0.0,0.0,0.0,0.0
official-stockfish/Stockfish,3bf10bffc48ecf63,0.0375,7,3,0.0,True,0.7039180890341347,1.0,0.7039180890341347,1.0,0.7039180890341347,1.0,0.7039180890341347,1.0
official-stockfish/Stockfish,de4f1a4d659b771f,0.2054794520547945,1,1,0.0,True,0.0,0.0,0.0,0.0,0.0,0.0,0.0,0.0
official-stockfish/Stockfish,aeb482d3eecf1ef6,0.36432637571157495,21,12,1.0,True,0.4125117381559389,0.0,0.27916452194141095,0.0,0.27916452194141095,0.0,0.26315159254061266,0.0
ohmybash/oh-my-bash,e8ce3279415635cd,0.11363636363636363,0,0,0.0,False,,,,,,,,
ohmybash/oh-my-bash,fd079fed9e4b4ea9,0.002890173410404624,0,0,0.0,False,,,,,,,,
ohmybash/oh-my-bash,c0c14e69fe05d170,0.04060913705583756,0,0,0.0,False,,,,,,,,
ohmybash/oh-my-bash,dfb99e015aabbc0a,0.044444444444444446,0,0,0.0,False,,,,,,,,
ohmybash/oh-my-bash,95eea3f3742d741b,0.0,0,0,0.0,False,,,,,,,,
ohmybash/oh-my-bash,6ae618b89d1f44d9,0.038461538461538464,0,0,0.0,False,,,,,,,,
ohmybash/oh-my-bash,04d98473471c1ea1,0.0033112582781456954,0,0,0.0,False,,,,,,,,
ohmybash/oh-my-bash,5185b7fa1d8c2161,0.11299435028248588,0,0,0.0,False,,,,,,,,
ohmybash/oh-my-bash,341b246721c07eda,0.020202020202020204,3,0,0.0,False,,,,,,,,
ohmybash/oh-my-bash,498b2907e8cbdb7e,0.04878048780487805,0,0,0.0,False,,,,,,,,
ohmybash/oh-my-bash,6ccaa099ffc19dc5,0.019801980198019802,0,0,0.0,False,,,,,,,,
ohmybash/oh-my-bash,5dc310979be51acc,0.003115264797507788,0,0,0.0,False,,,,,,,,
ohmybash/oh-my-bash,dcb4fb7ebb594535,0.1,0,0,0.0,False,,,,,,,,
ohmybash/oh-my-bash,c480ca1e3cfc1a4a,0.009345794392523364,0,0,0.0,False,,,,,,,,
ohmybash/oh-my-bash,8ef2b2bc1741a2c2,0.0,0,0,0.0,False,,,,,,,,
ohmybash/oh-my-bash,68eafa1d338f68de,0.010638297872340425,2,2,0.0,True,0.6309297535714575,0.0,0.6309297535714575,0.0,0.6309297535714575,0.0,0.6309297535714575,0.0
ohmybash/oh-my-bash,bc4502540dd9bd36,0.01694915254237288,0,0,0.0,False,,,,,,,,
ohmybash/oh-my-bash,12b11f8947559b35,0.14084507042253522,0,0,0.0,False,,,,,,,,
ohmybash/oh-my-bash,cf0125ba8dcd7add,0.058823529411764705,0,0,0.0,False,,,,,,,,
ohmybash/oh-my-bash,332dcbf3d63beb1e,0.006369426751592357,0,0,0.0,False,,,,,,,,
ohmybash/oh-my-bash,a59b2f7945bca08e,0.037037037037037035,1,0,0.0,False,,,,,,,,
ohmybash/oh-my-bash,1b08175b326b096c,0.045454545454545456,0,0,0.0,False,,,,,,,,
ohmybash/oh-my-bash,8c6ca45eccbe1b5c,0.0,0,0,0.0,False,,,,,,,,
ohmybash/oh-my-bash,9587f0e4a9256346,0.013793103448275862,1,1,0.0,True,1.0,1.0,1.0,1.0,1.0,1.0,1.0,1.0
ohmybash/oh-my-bash,a8bd2ce0bbd74d3b,0.003861003861003861,0,0,0.0,False,,,,,,,,
onnx/onnx,83cce987de0f38e1,0.0,0,0,0.0,False,,,,,,,,
onnx/onnx,e702454534a97327,0.4444444444444444,3,0,1.0,False,,,,,,,,
onnx/onnx,02263d309b5f73a3,0.08139534883720931,2,1,0.0,True,0.0,0.0,0.0,0.0,0.0,0.0,0.0,0.0
onnx/onnx,c2aacab4d5af61b9,0.05181347150259067,11,6,0.0,True,0.0,0.0,0.0,0.0,0.0,0.0,0.0,0.0
onnx/onnx,edf3d06e29dac4e7,0.23684210526315788,0,0,0.0,False,,,,,,,,
onnx/onnx,a86e2e20be0e3d9e,0.35443037974683544,6,5,1.0,True,0.23463936301137822,0.0,0.2960819109658652,0.0,0.2960819109658652,0.0,0.2960819109658652,0.0
onnx/onnx,67a80ec1accbd55a,0.004219409282700422,6,5,0.0,True,0.0,0.0,0.1670734940154053,0.0,0.1670734940154053,0.0,0.0,0.0
onnx/onnx,103985b224f31f05,0.15384615384615385,0,0,0.0,False,,,,,,,,
onnx/onnx,e67ea371f7159db9,0.022222222222222223,6,3,0.0,True,0.0,0.0,0.0,0.0,0.0,0.0,0.0,0.0
onnx/onnx,e98aa4b715868110,0.48,2,0,1.0,False,,,,,,,,
onnx/onnx,89b55671c9c93536,0.004629629629629629,11,5,0.0,True,0.20567105523212453,0.0,0.20567105523212453,0.0,0.10283552761606227,0.0,0.20567105523212453,0.0
onnx/onnx,3dee18ebeb1c3882,0.0,1,0,0.0,False,,,,,,,,
onnx/onnx,ecc20b8d7f9eba18,0.16292134831460675,0,0,0.0,False,,,,,,,,
onnx/onnx,3f0599fcf88a5990,0.136986301369863,0,0,1.0,False,,,,,,,,
onnx/onnx,64fcb803e531846e,0.4683760683760684,1,1,1.0,True,0.0,0.0,0.0,0.0,0.0,0.0,0.0,0.0
onnx/onnx,43a0d4642484219d,0.1875,1,1,0.0,True,0.40876468265396737,0.0,0.40876468265396737,0.0,0.40876468265396737,0.0,0.40876468265396737,0.0
onnx/onnx,dee4e05e8bc6cc9b,0.4444444444444444,3,3,1.0,True,0.4661067237911699,0.0,0.3107378158607799,0.0,0.14704034066641014,0.0,0.500784699218747,0.0
onnx/onnx,801ecec15297cdaa,0.4,0,0,1.0,False,,,,,,,,
onnx/onnx,901b627f81265041,0.052980132450331126,18,13,0.0,True,0.0,0.0,0.0,0.0,0.0,0.0,0.0,0.0
onnx/onnx,b11aad02f82cb34f,0.36585365853658536,1,0,1.0,False,,,,,,,,
onnx/onnx,fd1130b93ac25b3e,0.0,0,0,0.0,False,,,,,,,,
onnx/onnx,90f0d4c305917b7c,0.29927007299270075,1,0,0.0,False,,,,,,,,
onnx/onnx,af9ff42a6ca3b12f,0.2033898305084746,0,0,0.0,False,,,,,,,,
onnx/onnx,eb6aca7d93f6a378,0.4225352112676056,2,2,1.0,True,0.2640681225725909,0.0,0.3065735963827292,0.0,0.28532085947766006,0.0,0.3065735963827292,0.0
onnx/onnx,b1182d2ca2bcf655,0.2099236641221374,1,1,0.0,True,0.0,0.0,0.0,0.0,0.0,0.0,0.0,0.0
openjdk/jdk,22ff5bffa881a7fc,0.0037593984962406013,1,0,0.0,False,,,,,,,,
openjdk/jdk,18b1ed047b21061c,0.013071895424836602,4,1,0.0,True,0.40876468265396737,0.0,0.40876468265396737,0.0,0.19342640361727081,0.0,0.46533827903669656,0.0
openjdk/jdk,fae343108466c2c1,0.08808290155440414,0,0,0.0,False,,,,,,,,
openjdk/jdk,1c49a6b40a810aef,0.0,3,3,0.0,True,0.8597186998521972,0.0,0.8597186998521972,0.0,0.7601875334318685,0.0,0.8597186998521972,0.0
openjdk/jdk,a85e2eabef0b566e,0.04895104895104895,0,0,0.0,False,,,,,,,,
openjdk/jdk,400846252ea67ab9,0.04430379746835443,0,0,0.0,False,,,,,,,,
openjdk/jdk,ad25274c0295bae8,0.0064516129032258064,3,0,0.0,False,,,,,,,,
openjdk/jdk,34ff59b07b98d713,0.009708737864077669,1,0,0.0,False,,,,,,,,
openjdk/jdk,f4aadf79ce2dc603,0.010033444816053512,2,0,0.0,False,,,,,,,,
openjdk/jdk,aa70c1653b06e09b,0.01824583866837388,17,8,0.0,True,0.0,0.0,0.0,0.0,0.0,0.0,0.0,0.0
openjdk/jdk,918e8de7cb75b02a,0.005494505494505495,0,0,0.0,False,,,,,,,,
openjdk/jdk,64c41be060f03b7a,0.08299595141700405,1,0,0.0,False,,,,,,,,
openjdk/jdk,69b0aaef93945ad4,0.058823529411764705,0,0,0.0,False,,,,,,,,
openjdk/jdk,1c028556b42b1bff,0.02857142857142857,2,0,0.0,False,,,,,,,,
openjdk/jdk,6faeae52c6c7f235,0.07009345794392523,14,3,0.0,True,0.0,0.0,0.0,0.0,0.0,0.0,0.0,0.0
openjdk/jdk,c053b43f3a563834,0.04,0,0,0.0,False,,,,,,,,
openjdk/jdk,7bdd292c94c28255,0.0273972602739726,3,0,0.0,False,,,,,,,,
openjdk/jdk,8bfb20d9b9b1f6b9,0.015765765765765764,0,0,0.0,False,,,,,,,,
openjdk/jdk,26bbb56971712156,0.04938271604938271,0,0,0.0,False,,,,,,,,
openjdk/jdk,bbfa303ac0ee1bf5,0.08108108108108109,0,0,0.0,False,,,,,,,,
openjdk/jdk,489cbc6760ab9ac6,0.05,0,0,0.0,False,,,,,,,,
openjdk/jdk,c6a7cef9593a0661,0.06403940886699508,0,0,0.0,False,,,,,,,,
openjdk/jdk,c816d610b4b27366,0.027848101265822784,0,0,0.0,False,,,,,,,,
openjdk/jdk,ab9ed99dd8343edc,0.009852216748768473,4,1,0.0,True,1.0,1.0,1.0,1.0,1.0,1.0,1.0,1.0
openjdk/jdk,c9dabfbf770c9f99,0.050724637681159424,0,0,0.0,False,,,,,,,,
openscad/openscad,e33b3e7d29df4ebc,0.23529411764705882,1,1,0.0,True,0.46533827903669656,0.0,0.43067655807339306,0.0,0.38685280723454163,0.0,0.43067655807339306,0.0
openscad/openscad,31efc4029e3e4a41,0.6857142857142857,2,2,1.0,True,0.43067655807339306,0.0,0.5,0.0,0.5,0.0,0.5,0.0
openscad/openscad,f696feaa301c2ba2,0.3157894736842105,2,2,0.0,True,0.5,0.0,0.5,0.0,0.5,0.0,0.5,0.0
openscad/openscad,ada0991ad2cd0749,0.007874015748031496,1,0,0.0,False,,,,,,,,
openscad/openscad,48ca547e3cd67c90,0.14285714285714285,1,1,0.0,True,0.5654648767857288,0.0,0.6309297535714575,0.0,0.5,0.0,0.6309297535714575,0.0
openscad/openscad,7cea1992bfaecf01,0.6837837837837838,2,2,1.0,True,0.2640681225725909,0.0,0.6240505200038379,0.0,0.6240505200038379,0.0,0.6509209298071326,0.0
openscad/openscad,458dc90e7c970d18,0.2,8,5,0.0,True,0.4151155322732589,0.0,0.4151155322732589,0.0,0.4151155322732589,0.0,0.5711835623572706,0.0
openscad/openscad,db9203b28541672b,0.2073170731707317,0,0,0.0,False,,,,,,,,
openscad/openscad,9e597f2b9f39e9f0,0.2222222222222222,2,1,0.0,True,0.5,0.0,0.5,0.0,0.38685280723454163,0.0,0.6309297535714575,0.0
openscad/openscad,1a6c56f5f8331051,0.3088235294117647,2,2,0.0,True,0.43067655807339306,0.0,0.43067655807339306,0.0,0.38685280723454163,0.0,0.5,0.0
openscad/openscad,48ee9417583fec9d,0.5791666666666667,2,2,1.0,True,0.6240505200038379,0.0,0.7317460491501064,1.0,0.7317460491501064,1.0,0.8503449055347546,1.0
openscad/openscad,8791d2486473e57b,0.16,1,1,0.0,True,1.0,1.0,1.0,1.0,1.0,1.0,1.0,1.0
openscad/openscad,3241046f406c6ac2,0.29,3,2,0.0,True,0.43067655807339306,0.0,0.43067655807339306,0.0,0.5,0.0,0.5,0.0
openscad/openscad,ddea0991b61e13ff,0.5238095238095238,1,1,1.0,True,0.43067655807339306,0.0,0.5,0.0,0.5,0.0,0.5,0.0
openscad/openscad,68a309b81039aa4a,0.5465116279069767,1,1,1.0,True,0.38685280723454163,0.0,0.43067655807339306,0.0,0.43067655807339306,0.0,0.43067655807339306,0.0
openscad/openscad,6a426948a74079b4,0.0,0,0,0.0,False,,,,,,,,
openscad/openscad,bb22c8ddbbd3cc66,0.09333333333333334,3,3,0.0,True,0.5306165378285054,0.0,0.38009376671593426,0.0,0.3273949503887395,0.0,0.38009376671593426,0.0
openscad/openscad,7764e1208922d8e1,0.3283582089552239,1,0,1.0,False,,,,,,,,
openscad/openscad,e59c376469733074,0.5333333333333333,7,3,1.0,True,0.5,0.0,0.5,0.0,0.5,0.0,0.6309297535714575,0.0
openscad/openscad,fd24deb399cb0947,0.5,0,0,1.0,False,,,,,,,,
openscad/openscad,38f52d09f47920b8,0.43661971830985913,4,3,0.0,True,0.5271341073823443,0.0,0.38009376671593426,0.0,0.6741744480487545,0.0,0.5271341073823443,0.0
openscad/openscad,ad61dad34cefd154,0.42572614107883816,12,10,0.0,True,0.6816842142290052,0.0,0.5979646905639309,0.0,0.7168122847588142,0.0,0.7168122847588142,0.0
openscad/openscad,3016e556c0bb5855,0.36,1,1,0.0,True,0.0,0.0,0.38685280723454163,0.0,0.38685280723454163,0.0,0.43067655807339306,0.0
openscad/openscad,e155029e3202c861,0.31420765027322406,5,5,0.0,True,0.6051906348295047,0.0,0.6051906348295047,0.0,0.6051906348295047,0.0,0.7002755876478819,0.0
openscad/openscad,e667c86528377562,0.5204081632653061,1,1,1.0,True,0.43067655807339306,0.0,0.5,0.0,0.5,0.0,0.5,0.0
openssl/openssl,88a86a9c99aaebc2,0.25,0,0,1.0,False,,,,,,,,
openssl/openssl,23181611f99af0d8,0.4339622641509434,0,0,1.0,False,,,,,,,,
openssl/openssl,013693ee255c83ea,0.36065573770491804,5,0,1.0,False,,,,,,,,
openssl/openssl,f1bfc666d9b7824d,0.5938967136150235,5,1,1.0,True,0.0,0.0,0.0,0.0,0.0,0.0,0.0,0.0
openssl/openssl,67db6b3831d76eda,0.39755351681957185,5,1,1.0,True,0.0,0.0,0.0,0.0,0.0,0.0,0.0,0.0
openssl/openssl,ee7ddb406ac24836,0.024096385542168676,2,0,0.0,False,,,,,,,,
openssl/openssl,1fae329b6e146466,0.6102564102564103,0,0,1.0,False,,,,,,,,
openssl/openssl,304445fed6841989,0.4794520547945205,1,0,1.0,False,,,,,,,,
openssl/openssl,78ed4660fbeb3ac4,0.11956521739130435,2,1,0.0,True,0.0,0.0,0.0,0.0,0.0,0.0,0.0,0.0
openssl/openssl,285163e21c9be149,0.2099236641221374,3,1,1.0,True,0.0,0.0,0.0,0.0,0.0,0.0,0.0,0.0
openssl/openssl,1f4157071f79255a,0.07738095238095238,1,0,0.0,False,,,,,,,,
openssl/openssl,ed378e5d441e0b9c,0.6915422885572139,0,0,1.0,False,,,,,,,,
openssl/openssl,bc4b7d8fa8518b9f,0.2022792022792023,5,0,0.0,False,,,,,,,,
openssl/openssl,3a8acecb412715b1,0.6108786610878661,3,0,1.0,False,,,,,,,,
openssl/openssl,351e1ba3434b990a,0.18518518518518517,0,0,1.0,False,,,,,,,,
openssl/openssl,eb10142c2cce38f4,0.43495531281032773,3,1,1.0,True,0.0,0.0,0.0,0.0,0.0,0.0,0.0,0.0
openssl/openssl,c003570e4501cc33,0.6407766990291263,1,1,1.0,True,1.0,1.0,0.6309297535714575,0.0,0.6309297535714575,0.0,0.6309297535714575,0.0
openssl/openssl,ea8d6a765ecab42e,0.8074534161490683,3,0,1.0,False,,,,,,,,
openssl/openssl,b7c07a85e485d1bf,0.20048899755501223,4,1,1.0,True,0.0,0.0,0.0,0.0,0.0,0.0,0.0,0.0
openssl/openssl,0f0f084af239f330,0.3002257336343115,7,0,1.0,False,,,,,,,,
openssl/openssl,94ecff2d2d93431c,0.3837837837837838,0,0,1.0,False,,,,,,,,
openssl/openssl,80ff5f463c736274,0.02608695652173913,14,5,0.0,True,0.0,0.0,0.0,0.0,0.0,0.0,0.0,0.0
openssl/openssl,fbe1686ba03b341f,0.14919354838709678,6,1,1.0,True,0.0,0.0,0.0,0.0,0.0,0.0,0.0,0.0
openssl/openssl,56096a8675c0c8e5,0.41605839416058393,8,0,1.0,False,,,,,,,,
openssl/openssl,60f07a6e239280aa,0.4659090909090909,0,0,1.0,False,,,,,,,,
orhun/git-cliff,804180bd3aa987c3,0.8922558922558923,5,5,1.0,True,0.6624962212047608,0.0,0.9222914437900975,1.0,1.0,1.0,0.948194295860065,1.0
orhun/git-cliff,df567e9f31214fa9,0.5373134328358209,3,0,1.0,False,,,,,,,,
orhun/git-cliff,b803fcb7f17ed923,0.00411522633744856,20,13,0.0,True,0.07917073560774456,0.0,0.07917073560774456,0.0,0.07917073560774456,0.0,0.07917073560774456,0.0
orhun/git-cliff,cf8bc31787ec4662,0.8843283582089553,32,16,1.0,True,0.379322532119221,0.0,0.6708153727874374,1.0,0.6708153727874374,1.0,0.6708153727874374,1.0
orhun/git-cliff,1746b3518e922db8,0.5679245283018868,17,4,1.0,True,0.6309297535714575,0.0,1.0,1.0,1.0,1.0,1.0,1.0
orhun/git-cliff,289f0398791db3a8,0.9417773237997957,17,8,1.0,True,0.13770577618809332,0.0,0.17376534287144002,0.0,0.17376534287144002,0.0,0.17376534287144002,0.0
orhun/git-cliff,26d62ab23081d155,0.7616279069767442,7,1,1.0,True,0.6309297535714575,0.0,1.0,1.0,1.0,1.0,1.0,1.0
orhun/git-cliff,bbedcd3b835e2aa3,0.6618075801749271,9,3,1.0,True,0.2960819109658652,0.0,0.46927872602275644,1.0,0.46927872602275644,1.0,0.46927872602275644,1.0
orhun/git-cliff,4079b32a57bc47b5,0.7948717948717948,2,1,1.0,True,0.6309297535714575,0.0,1.0,1.0,1.0,1.0,1.0,1.0
orhun/git-cliff,9d830e0be5fc2013,0.7559681697612732,14,8,1.0,True,0.2746042551311373,0.0,0.43523744692131766,0.0,0.43523744692131766,0.0,0.43523744692131766,0.0
orhun/git-cliff,e8a0d66449fbd6b5,0.03773584905660377,7,4,0.0,True,0.8151070506966124,1.0,0.8824270033403305,1.0,0.8824270033403305,1.0,0.8824270033403305,1.0
orhun/git-cliff,a947c9d2523f34e5,0.25,0,0,0.0,False,,,,,,,,
orhun/git-cliff,fb8ea8d3a2eea059,0.910958904109589,16,7,1.0,True,0.6007575709502512,0.0,0.8231817979910552,0.0,0.8231817979910552,0.0,0.8231817979910552,0.0
orhun/git-cliff,1e999f899193674d,0.391304347826087,1,0,1.0,False,,,,,,,,
orhun/git-cliff,f30ef6c50ba991a3,0.5416666666666666,2,0,1.0,False,,,,,,,,
orhun/git-cliff,d6715128f2b8aa1f,0.7992766726943942,21,6,1.0,True,0.560235859070419,0.0,0.8879528281859161,1.0,0.8879528281859161,1.0,0.8879528281859161,1.0
orhun/git-cliff,12f64353fb3d8cb4,0.8697183098591549,8,3,1.0,True,0.3088653145371936,0.0,0.38009376671593426,0.0,0.38009376671593426,0.0,0.38009376671593426,0.0
orhun/git-cliff,3f80abb814a55760,0.723404255319149,1,0,1.0,False,,,,,,,,
orhun/git-cliff,0a438830247e2e92,0.35,0,0,1.0,False,,,,,,,,
orhun/git-cliff,09727b604ca12401,0.8896551724137931,5,0,1.0,False,,,,,,,,
orhun/git-cliff,56d2e9b48d9c6d1f,0.9551900170164492,14,6,1.0,True,0.3868528072345416,0.0,0.38009376671593426,0.0,0.38009376671593426,0.0,0.38009376671593426,0.0
orhun/git-cliff,5221aba536953dc0,0.3333333333333333,1,0,0.0,False,,,,,,,,
orhun/git-cliff,a9ca597c71fe138c,0.64,5,1,1.0,True,0.6309297535714575,0.0,1.0,1.0,1.0,1.0,1.0,1.0
orhun/git-cliff,66cced4c6dfbc084,0.628099173553719,5,1,1.0,True,0.27250978843597823,0.0,0.38685280723454163,0.0,0.6309297535714575,0.0,0.38685280723454163,0.0
orhun/git-cliff,2b1bde2cf3a858b7,1.0,0,0,0.0,False,,,,,,,,
oven-sh/bun,5c2170d7b5404b77,0.0,1,0,0.0,False,,,,,,,,
oven-sh/bun,951ea7b398b03022,0.0,3,1,0.0,True,0.5,0.0,0.5,0.0,0.5,0.0,0.5,0.0
oven-sh/bun,ff7e48a4c939d72a,0.0016638935108153079,2,2,0.0,True,0.0,0.0,0.0,0.0,0.0,0.0,0.0,0.0
oven-sh/bun,6e2f8bde598a3245,0.0,1,0,0.0,False,,,,,,,,
oven-sh/bun,834f99a0de0465fa,0.0,1,1,0.0,True,1.0,1.0,1.0,1.0,1.0,1.0,1.0,1.0
oven-sh/bun,97444894e245c879,0.0,4,1,0.0,True,1.0,1.0,1.0,1.0,1.0,1.0,1.0,1.0
oven-sh/bun,6f8f9cb57c618ee6,0.0,4,2,0.0,True,0.5,0.0,0.5,0.0,0.5,0.0,0.5,0.0
oven-sh/bun,e509461a4297965f,0.0,2,1,0.0,True,0.6309297535714575,0.0,0.6309297535714575,0.0,0.6309297535714575,0.0,0.6309297535714575,0.0
oven-sh/bun,03e3107c2f228179,0.0,2,1,0.0,True,0.6309297535714575,0.0,0.6309297535714575,0.0,0.6309297535714575,0.0,0.6309297535714575,0.0
oven-sh/bun,687e79bd60c63b1b,0.0044444444444444444,1,0,0.0,False,,,,,,,,
oven-sh/bun,98d7e289656887be,0.0,6,3,0.0,True,0.5174418337467067,0.0,0.5174418337467067,0.0,0.543791241910304,0.0,0.5174418337467067,0.0
oven-sh/bun,da26241375f20744,0.0,2,1,0.0,True,0.38685280723454163,0.0,0.0,0.0,0.0,0.0,0.38685280723454163,0.0
oven-sh/bun,afa493c3c786095d,0.0,3,1,0.0,True,0.5,0.0,0.6309297535714575,0.0,0.5654648767857288,0.0,0.5,0.0
oven-sh/bun,8aef03d64b109548,0.0,1,1,0.0,True,1.0,1.0,1.0,1.0,1.0,1.0,1.0,1.0
oven-sh/bun,de6629a07dda0cf0,0.006535947712418301,3,3,0.0,True,0.66967181649423,0.0,0.6199062332840657,0.0,0.6199062332840657,0.0,0.66967181649423,0.0
oven-sh/bun,2e368542c7f35c8c,0.0,3,1,0.0,True,0.43067655807339306,0.0,0.43067655807339306,0.0,0.38685280723454163,0.0,0.43067655807339306,0.0
oven-sh/bun,fa44a2968ea7506c,0.0,5,4,0.0,True,0.3903800499921017,1.0,0.3903800499921017,1.0,0.3903800499921017,1.0,0.3903800499921017,1.0
oven-sh/bun,ef3cebe2e4fa2415,0.0,2,1,0.0,True,0.5,0.0,0.5,0.0,0.38685280723454163,0.0,0.5,0.0
oven-sh/bun,77fa6f70f607e1d4,0.0,2,1,0.0,True,0.6309297535714575,0.0,0.6309297535714575,0.0,0.6309297535714575,0.0,0.6309297535714575,0.0
oven-sh/bun,eda63ff46b953f1e,0.0,3,2,0.0,True,1.0,1.0,1.0,1.0,1.0,1.0,1.0,1.0
oven-sh/bun,d84f55548719247d,0.0,2,1,0.0,True,0.6309297535714575,0.0,0.6309297535714575,0.0,0.6309297535714575,0.0,0.6309297535714575,0.0
oven-sh/bun,8afe4742f940b4b6,0.0,12,4,0.0,True,0.7984848580994974,1.0,0.7984848580994974,1.0,0.7763433706236033,1.0,0.7984848580994974,1.0
oven-sh/bun,47a151cc080d3378,0.005952380952380952,1,0,0.0,False,,,,,,,,
oven-sh/bun,d1e8cd4ead49d407,0.004739336492890996,3,2,0.0,True,0.8772153153380493,1.0,0.8772153153380493,1.0,0.38685280723454163,0.0,0.8772153153380493,1.0
oven-sh/bun,9d29f83923bbb531,0.006896551724137931,3,1,0.0,True,1.0,1.0,1.0,1.0,1.0,1.0,1.0,1.0
oxc-project/oxc,cffe327330063e6d,0.0,24,14,0.0,True,0.4603400308109455,0.0,0.4108688646546597,0.0,0.4108688646546597,0.0,0.4603400308109455,0.0
oxc-project/oxc,05db36532972d605,0.1607717041800643,11,4,0.0,True,0.5209090851403014,0.0,0.49876759766440726,0.0,0.4569494273838043,0.0,0.5627272554209044,0.0
oxc-project/oxc,1edcca5dca85a37a,0.014925373134328358,16,12,0.0,True,0.6215669797301413,0.0,0.6215669797301413,0.0,0.6215669797301413,0.0,0.6215669797301413,0.0
oxc-project/oxc,c8e36ae10ce3072d,0.0,49,40,0.0,True,0.4777131208639103,0.0,0.4777131208639103,0.0,0.4777131208639103,0.0,0.4777131208639103,0.0
oxc-project/oxc,54ec2a72901ed543,0.0,15,3,0.0,True,0.4796249331362629,0.0,0.38009376671593426,0.0,0.38009376671593426,0.0,0.4796249331362629,0.0
oxc-project/oxc,284a24d270e5da42,0.023809523809523808,4,0,0.0,False,,,,,,,,
oxc-project/oxc,895abac1600a8996,0.2351421188630491,6,2,0.0,True,0.0,0.0,0.0,0.0,0.0,0.0,0.0,0.0
oxc-project/oxc,f0e77e0a71201bbf,0.046511627906976744,8,0,0.0,False,,,,,,,,
oxc-project/oxc,2c345f2d9fd37a2e,0.0,23,20,0.0,True,0.6754006118858089,0.0,0.6754006118858089,0.0,0.6754006118858089,0.0,0.6754006118858089,0.0
oxc-project/oxc,90655ce8f3dd3ff3,0.0,5,0,0.0,False,,,,,,,,
oxc-project/oxc,3df82bf83b183d31,0.0018214936247723133,15,1,0.0,True,0.6309297535714575,0.0,0.6309297535714575,0.0,0.5,0.0,0.6309297535714575,0.0
oxc-project/oxc,d4e08bd52e86e515,0.0035335689045936395,7,2,0.0,True,0.19342640361727081,0.0,0.38685280723454163,0.0,0.40876468265396737,0.0,0.19342640361727081,0.0
oxc-project/oxc,980fd2671e2e2867,0.0,5,0,0.0,False,,,,,,,,
oxc-project/oxc,e24e898862a77a20,0.006521739130434782,30,22,0.0,True,0.861600629115786,0.0,0.861600629115786,0.0,0.861600629115786,0.0,0.861600629115786,0.0
oxc-project/oxc,564f18523593863a,0.002664890073284477,69,68,0.0,True,0.840969569828585,1.0,0.840969569828585,1.0,0.840969569828585,1.0,0.840969569828585,1.0
oxc-project/oxc,a2aec7319b30276d,0.009433962264150943,3,3,0.0,True,1.0,1.0,1.0,1.0,1.0,1.0,1.0,1.0
oxc-project/oxc,cc4ee85f44e0c20e,0.02511415525114155,10,1,0.0,True,1.0,1.0,1.0,1.0,1.0,1.0,1.0,1.0
oxc-project/oxc,c63a01780fa10daa,0.014925373134328358,5,0,0.0,False,,,,,,,,
oxc-project/oxc,6afdc30340f1c27b,0.007633587786259542,13,5,0.0,True,0.39480936517049525,0.0,0.39480936517049525,0.0,0.39480936517049525,0.0,0.39480936517049525,0.0
oxc-project/oxc,56aecbb0660e085e,0.0,12,4,0.0,True,0.9410605993303517,0.5,0.8821211986607034,0.0,1.0,1.0,0.9410605993303517,0.5
oxc-project/oxc,28a3e6d05834b2a5,0.0,9,5,0.0,True,0.6256646589861505,0.0,0.6256646589861505,0.0,0.6256646589861505,0.0,0.6256646589861505,0.0
oxc-project/oxc,ad995d35db20ad73,0.0,8,8,0.0,True,0.6309297535714575,0.0,0.6309297535714575,0.0,0.6309297535714575,0.0,0.6309297535714575,0.0
oxc-project/oxc,79d6155264aad0a2,0.002352941176470588,1,1,0.0,True,0.40876468265396737,0.0,0.38685280723454163,0.0,0.43067655807339306,0.0,0.40876468265396737,0.0
oxc-project/oxc,d1b9fd43898a6cd4,0.7804878048780488,7,6,1.0,True,0.9767481110045078,1.0,0.45175903884370044,0.0,0.45175903884370044,0.0,0.45175903884370044,0.0
oxc-project/oxc,54d66636c85458ca,0.0,17,7,0.0,True,0.6478916400650823,0.0,0.6478916400650823,0.0,0.6478916400650823,0.0,0.6478916400650823,0.0
paramiko/paramiko,2cb6ae112eecc233,0.15,1,1,0.0,True,0.43067655807339306,0.0,0.43067655807339306,0.0,0.43067655807339306,0.0,0.5,0.0
paramiko/paramiko,f569651e8d831f8e,0.15144230769230768,0,0,0.0,False,,,,,,,,
paramiko/paramiko,7977fe29caae80e2,0.1077720207253886,0,0,0.0,False,,,,,,,,
paramiko/paramiko,3cbcbddce6aaea42,0.14935064935064934,1,1,0.0,True,0.43067655807339306,0.0,0.43067655807339306,0.0,0.40876468265396737,0.0,0.5,0.0
paramiko/paramiko,2021114857edecda,0.06,2,2,0.0,True,1.0,1.0,1.0,1.0,1.0,1.0,1.0,1.0
paramiko/paramiko,913983e4c5c030e3,0.19128329297820823,0,0,0.0,False,,,,,,,,
paramiko/paramiko,e3b9783b80abb6f7,0.012658227848101266,0,0,0.0,False,,,,,,,,
paramiko/paramiko,e52e4ddd58b7ef88,0.02976190476190476,2,2,0.0,True,1.0,1.0,1.0,1.0,1.0,1.0,1.0,1.0
paramiko/paramiko,06e0bd126b952a7c,0.02877697841726619,0,0,0.0,False,,,,,,,,
paramiko/paramiko,d5eaadd3675f70d2,0.10967741935483871,1,1,0.0,True,0.43067655807339306,0.0,0.5,0.0,0.5,0.0,0.5,0.0
paramiko/paramiko,6f8d19089abc567a,0.06896551724137931,0,0,0.0,False,,,,,,,,
paramiko/paramiko,ff9bd4ae3990bf32,0.1111111111111111,1,1,0.0,True,0.5,0.0,0.5,0.0,0.6309297535714575,0.0,0.5,0.0
paramiko/paramiko,58a440c63d73390d,0.14285714285714285,0,0,0.0,False,,,,,,,,
paramiko/paramiko,31896bf143ef05be,0.06258992805755395,0,0,0.0,False,,,,,,,,
paramiko/paramiko,3dbd46afcf29796e,0.014150943396226415,0,0,0.0,False,,,,,,,,
paramiko/paramiko,0dcbadaa6c70afb6,0.05673758865248227,0,0,0.0,False,,,,,,,,
paramiko/paramiko,6ff887a65aabad36,0.12892561983471074,3,3,0.0,True,1.0,1.0,1.0,1.0,1.0,1.0,1.0,1.0
paramiko/paramiko,beeef3198e4e0c45,0.09898762654668167,5,5,0.0,True,1.0,1.0,1.0,1.0,1.0,1.0,1.0,1.0
paramiko/paramiko,5937726caa140bb7,0.06167400881057269,4,4,0.0,True,0.5,0.0,0.5,0.0,0.5,0.0,0.5,0.0
paramiko/paramiko,ae4161bef59d0219,0.08160621761658031,1,1,0.0,True,0.38685280723454163,0.0,0.38685280723454163,0.0,0.40876468265396737,0.0,0.5,0.0
paramiko/paramiko,ba217426c4b7bf71,0.14652014652014653,7,7,0.0,True,1.0,1.0,1.0,1.0,1.0,1.0,1.0,1.0
paramiko/paramiko,5c9efb90c8debfd8,0.3705357142857143,0,0,0.0,False,,,,,,,,
paramiko/paramiko,37da7019025c60a9,0.2920353982300885,0,0,0.0,False,,,,,,,,
paramiko/paramiko,e4c3f1d7e005cbed,0.09144542772861357,2,2,0.0,True,0.5,0.0,0.43067655807339306,0.0,0.43067655807339306,0.0,0.5,0.0
paramiko/paramiko,5af8e7cab4b95ee0,0.0546875,2,2,0.0,True,0.6309297535714575,0.0,0.6309297535714575,0.0,0.6309297535714575,0.0,0.6309297535714575,0.0
payloadcms/payload,0d810f3f6e07125c,0.0,4,1,0.0,True,0.38685280723454163,0.0,0.38685280723454163,0.0,0.20438234132698369,0.0,0.38685280723454163,0.0
payloadcms/payload,101bcce7fc9ab38c,0.02912621359223301,44,29,0.0,True,0.48987522596082467,0.0,0.3582758185477384,0.0,0.38289530590128806,0.0,0.48987522596082467,0.0
payloadcms/payload,83cb493ccc148406,0.1111111111111111,0,0,0.0,False,,,,,,,,
payloadcms/payload,ea9b956660cab212,0.15384615384615385,0,0,0.0,False,,,,,,,,
payloadcms/payload,1f9d818483deb8c5,0.38636363636363635,0,0,0.0,False,,,,,,,,
payloadcms/payload,985b9bdea11d6edb,0.058823529411764705,0,0,0.0,False,,,,,,,,
payloadcms/payload,9bda6a33921768e2,0.043478260869565216,0,0,0.0,False,,,,,,,,
payloadcms/payload,05b775f65b9350df,0.15384615384615385,0,0,0.0,False,,,,,,,,
payloadcms/payload,6b0bca4a02b5282b,0.03271028037383177,9,3,0.0,True,1.0,1.0,1.0,1.0,1.0,1.0,1.0,1.0
payloadcms/payload,7c6a368de8824989,0.16551724137931034,8,4,0.0,True,0.5665108303518511,0.0,0.5665108303518511,0.0,0.5665108303518511,0.0,0.5945049115278096,0.0
payloadcms/payload,014a1396fb6fd069,0.005128205128205128,9,0,0.0,False,,,,,,,,
payloadcms/payload,0befa16622f715df,0.15749525616698293,12,11,0.0,True,0.2195346260058203,0.0,0.1847024438700604,0.0,0.2018630096061612,0.0,0.24754347532640897,0.0
payloadcms/payload,3ccb2a85d0587847,0.11974110032362459,23,13,0.0,True,0.09866810471533478,0.0,0.09628904745259068,0.0,0.09628904745259068,0.0,0.35305981622538135,0.0
payloadcms/payload,367c607e0daa99d8,0.2777777777777778,6,0,1.0,False,,,,,,,,
payloadcms/payload,bf427b92ec58f05e,0.33636363636363636,6,0,1.0,False,,,,,,,,
payloadcms/payload,0a39acfa998ef328,0.09693877551020408,5,0,0.0,False,,,,,,,,
payloadcms/payload,27d306e94530fe89,0.24100719424460432,3,1,0.0,True,0.19342640361727081,0.0,0.19342640361727081,0.0,0.19342640361727081,0.0,0.40876468265396737,0.0
payloadcms/payload,e22fa52401468822,0.016853932584269662,3,0,0.0,False,,,,,,,,
payloadcms/payload,4eb3539a66d16f5c,0.16005802707930367,33,19,0.0,True,0.5984688837667947,0.0,0.5984688837667947,0.0,0.3671672292642768,0.0,0.5984688837667947,0.0
payloadcms/payload,e5d5f0e24b361fe4,0.1349206349206349,3,1,0.0,True,0.0,0.0,0.4391764551026449,0.0,0.4391764551026449,0.0,0.38685280723454163,0.0
payloadcms/payload,97c1932659a11f70,0.22580645161290322,0,0,1.0,False,,,,,,,,
payloadcms/payload,97482e158f49fa08,0.15384615384615385,0,0,0.0,False,,,,,,,,
payloadcms/payload,26376c626439d57e,0.018867924528301886,0,0,0.0,False,,,,,,,,
payloadcms/payload,6d2bb197e403f4b0,0.2222222222222222,1,0,0.0,False,,,,,,,,
payloadcms/payload,5dcfa834f840b905,0.011695906432748537,6,0,0.0,False,,,,,,,,
pbek/QOwnNotes,e882692101777552,0.1509433962264151,0,0,0.0,False,,,,,,,,
pbek/QOwnNotes,bc581e289f821aca,0.12173913043478261,0,0,0.0,False,,,,,,,,
pbek/QOwnNotes,65b87bda814fd352,0.0,2,2,0.0,True,1.0,1.0,1.0,1.0,1.0,1.0,1.0,1.0
pbek/QOwnNotes,ef62143f7a055082,0.42857142857142855,0,0,0.0,False,,,,,,,,
pbek/QOwnNotes,c106c1999ce1707e,0.0,2,2,0.0,True,1.0,1.0,1.0,1.0,1.0,1.0,1.0,1.0
pbek/QOwnNotes,38692b68dbd46a1f,0.1111111111111111,2,2,0.0,True,1.0,1.0,1.0,1.0,1.0,1.0,1.0,1.0
pbek/QOwnNotes,751b86d0d46f3e80,0.1724137931034483,1,1,0.0,True,1.0,1.0,1.0,1.0,1.0,1.0,1.0,1.0
pbek/QOwnNotes,ba3eaa0d2cc2c05c,0.15306122448979592,0,0,0.0,False,,,,,,,,
pbek/QOwnNotes,9a6d0d037059a13d,0.03125,2,2,0.0,True,1.0,1.0,1.0,1.0,1.0,1.0,1.0,1.0
pbek/QOwnNotes,8653ab024388cd10,0.5555555555555556,0,0,1.0,False,,,,,,,,
pbek/QOwnNotes,7c4cfc2752a8f4c9,1.0,1,1,0.0,True,1.0,1.0,1.0,1.0,1.0,1.0,1.0,1.0
pbek/QOwnNotes,e49b7619b3688089,0.017857142857142856,1,1,0.0,True,1.0,1.0,1.0,1.0,1.0,1.0,1.0,1.0
pbek/QOwnNotes,2bc8f54a876788cf,0.024390243902439025,1,1,0.0,True,1.0,1.0,1.0,1.0,1.0,1.0,1.0,1.0
pbek/QOwnNotes,07985fdcade0e64d,0.16666666666666666,0,0,0.0,False,,,,,,,,
pbek/QOwnNotes,282b496e5e39162d,0.06666666666666667,0,0,0.0,False,,,,,,,,
pbek/QOwnNotes,0c1a7d14299f5f5c,0.013100436681222707,8,8,0.0,True,1.0,1.0,1.0,1.0,1.0,1.0,1.0,1.0
pbek/QOwnNotes,43c45134900dcb86,0.9783549783549783,1,1,1.0,True,1.0,1.0,0.6309297535714575,0.0,0.6309297535714575,0.0,0.6309297535714575,0.0
pbek/QOwnNotes,d11230559646f3a2,0.0,2,2,0.0,True,1.0,1.0,1.0,1.0,1.0,1.0,1.0,1.0
pbek/QOwnNotes,8419ddbdc2f998ab,0.7391304347826086,0,0,1.0,False,,,,,,,,
pbek/QOwnNotes,f123cbaa6bb89001,0.05063291139240506,2,2,0.0,True,1.0,1.0,1.0,1.0,1.0,1.0,1.0,1.0
pbek/QOwnNotes,1709e298ad35611b,0.05,0,0,0.0,False,,,,,,,,
pbek/QOwnNotes,aad406b57cf4b5b9,0.25,1,1,0.0,True,1.0,1.0,1.0,1.0,1.0,1.0,1.0,1.0
pbek/QOwnNotes,310fb4e4c98f5ac7,0.11522633744855967,0,0,0.0,False,,,,,,,,
pbek/QOwnNotes,0e8fa37d665f720b,0.18269230769230768,3,3,0.0,True,0.6309297535714575,0.0,0.6309297535714575,0.0,0.6309297535714575,0.0,0.4391764551026449,0.0
pbek/QOwnNotes,92ab9a36df5d8e9f,0.08024691358024691,0,0,0.0,False,,,,,,,,
phoenixframework/phoenix_live_view,dbc2681b8a06c1d7,0.7222222222222222,0,0,0.0,False,,,,,,,,
phoenixframework/phoenix_live_view,62cf2536cf98f3e6,0.6842105263157895,0,0,0.0,False,,,,,,,,
phoenixframework/phoenix_live_view,77963ca7d2c2b366,0.6042944785276073,3,3,0.0,True,1.0,1.0,1.0,1.0,1.0,1.0,1.0,1.0
phoenixframework/phoenix_live_view,7029e752aa1ddbd9,0.7857142857142857,0,0,0.0,False,,,,,,,,
phoenixframework/phoenix_live_view,7427225b8e078fa9,0.7108433734939759,1,1,1.0,True,1.0,1.0,1.0,1.0,1.0,1.0,0.46533827903669656,0.0
phoenixframework/phoenix_live_view,62366d5d96478526,0.7900677200902935,2,2,0.0,True,1.0,1.0,1.0,1.0,1.0,1.0,1.0,1.0
phoenixframework/phoenix_live_view,e03dd94875462f13,0.7647058823529411,0,0,0.0,False,,,,,,,,
phoenixframework/phoenix_live_view,779ce4fbede0bcd2,0.4426229508196721,0,0,0.0,False,,,,,,,,
phoenixframework/phoenix_live_view,98cfe013da928106,0.5632911392405063,1,0,0.0,False,,,,,,,,
phoenixframework/phoenix_live_view,7f7731baf6b300c9,0.5641025641025641,0,0,0.0,False,,,,,,,,
phoenixframework/phoenix_live_view,e8aad1cf51be40b2,0.5193026151930261,11,10,0.0,True,1.0,1.0,1.0,1.0,1.0,1.0,1.0,1.0
phoenixframework/phoenix_live_view,729ec5dbbdedff9f,1.0,0,0,0.0,False,,,,,,,,
phoenixframework/phoenix_live_view,ce5e3a9b7be88c36,0.8,0,0,0.0,False,,,,,,,,
phoenixframework/phoenix_live_view,9ee98cd1c2b173ac,0.6306413301662708,3,3,0.0,True,0.9238850086262381,1.0,0.9238850086262381,1.0,0.9238850086262381,1.0,0.9238850086262381,1.0
phoenixframework/phoenix_live_view,bc1952d16abe02a8,0.875,2,2,0.0,True,1.0,1.0,1.0,1.0,1.0,1.0,1.0,1.0
phoenixframework/phoenix_live_view,b803fcb7f17ed923,0.03215434083601286,7,6,0.0,True,1.0,1.0,1.0,1.0,1.0,1.0,1.0,1.0
phoenixframework/phoenix_live_view,8e0c3bc885010e12,0.775,0,0,0.0,False,,,,,,,,
phoenixframework/phoenix_live_view,5415c459205b3c24,1.0,0,0,0.0,False,,,,,,,,
phoenixframework/phoenix_live_view,43467db61adceab2,0.6956521739130435,0,0,0.0,False,,,,,,,,
phoenixframework/phoenix_live_view,4e84b8649cbf5122,0.7058823529411765,0,0,0.0,False,,,,,,,,
phoenixframework/phoenix_live_view,5e103435d1fa9a0b,1.0,3,2,0.0,True,1.0,1.0,1.0,1.0,1.0,1.0,1.0,1.0
phoenixframework/phoenix_live_view,bc37d034bad56458,0.03333333333333333,0,0,0.0,False,,,,,,,,
phoenixframework/phoenix_live_view,5ac6a51b36d33ac7,1.0,0,0,0.0,False,,,,,,,,
phoenixframework/phoenix_live_view,73e09b3154c52cf9,0.6216216216216216,1,1,1.0,True,1.0,1.0,1.0,1.0,1.0,1.0,0.6309297535714575,0.0
phoenixframework/phoenix_live_view,b6bca9d497d1bf34,0.9717682020802377,7,3,0.0,True,1.0,1.0,1.0,1.0,1.0,1.0,1.0,1.0
phpDocumentor/TypeResolver,cff57adcfa992667,0.15625,0,0,0.0,False,,,,,,,,
phpDocumentor/TypeResolver,7276754cd4e06b0a,0.10526315789473684,0,0,0.0,False,,,,,,,,
phpDocumentor/TypeResolver,336cbf59f6882311,0.14285714285714285,0,0,0.0,False,,,,,,,,
phpDocumentor/TypeResolver,4d6743f90eefee61,0.14736842105263157,0,0,0.0,False,,,,,,,,
phpDocumentor/TypeResolver,b4f072e910fd496b,0.048,0,0,0.0,False,,,,,,,,
phpDocumentor/TypeResolver,9bc7259d5ae9150c,0.16279069767441862,2,0,0.0,False,,,,,,,,
phpDocumentor/TypeResolver,33566e6a352ba534,0.05,1,0,0.0,False,,,,,,,,
phpDocumentor/TypeResolver,166dda7c30bea8cb,0.14705882352941177,1,0,0.0,False,,,,,,,,
phpDocumentor/TypeResolver,808705a3c737b5d9,0.15625,0,0,0.0,False,,,,,,,,
phpDocumentor/TypeResolver,76ed074a9305c040,0.0,1,0,0.0,False,,,,,,,,
phpDocumentor/TypeResolver,a6f22442ed35ad58,0.15625,3,0,0.0,False,,,,,,,,
phpDocumentor/TypeResolver,bcb12fbf1b17c436,0.023809523809523808,2,0,0.0,False,,,,,,,,
phpDocumentor/TypeResolver,50130ed092ca6d49,0.38596491228070173,1,0,0.0,False,,,,,,,,
phpDocumentor/TypeResolver,54ea2dbc09cf5271,0.08771929824561403,2,0,0.0,False,,,,,,,,
phpDocumentor/TypeResolver,09991182e3bdfc32,0.046511627906976744,1,0,0.0,False,,,,,,,,
phpDocumentor/TypeResolver,e384fcd4a1e122e1,0.1534090909090909,2,0,0.0,False,,,,,,,,
phpDocumentor/TypeResolver,a1307b501798954e,0.05128205128205128,1,0,0.0,False,,,,,,,,
phpDocumentor/TypeResolver,efd17a4552857263,0.05128205128205128,1,0,0.0,False,,,,,,,,
phpDocumentor/TypeResolver,0ebde084cee80b6b,0.05263157894736842,0,0,0.0,False,,,,,,,,
phpDocumentor/TypeResolver,abd9e15f0e9c3945,0.15625,0,0,0.0,False,,,,,,,,
phpDocumentor/TypeResolver,7e9cc31682bf519e,0.05128205128205128,1,0,0.0,False,,,,,,,,
phpDocumentor/TypeResolver,a9428530a2cbbfaf,0.05,1,0,0.0,False,,,,,,,,
phpDocumentor/TypeResolver,00e7bbbb66d4b270,0.12048192771084337,8,0,0.0,False,,,,,,,,
phpDocumentor/TypeResolver,09d2b8885dfa1b58,0.04680851063829787,5,0,0.0,False,,,,,,,,
phpDocumentor/TypeResolver,fa02be89b942e1c7,0.05128205128205128,1,0,0.0,False,,,,,,,,
playframework/playframework,624e1b3f6cc61f1a,0.0379746835443038,3,3,0.0,True,0.0,0.0,0.0,0.0,0.0,0.0,0.0,0.0
playframework/playframework,2b9d8c361f5e13a7,0.027777777777777776,0,0,0.0,False,,,,,,,,
playframework/playframework,79645085a31c4a80,0.08695652173913043,0,0,0.0,False,,,,,,,,
playframework/playframework,c42ccd124d27c63e,0.07142857142857142,1,1,0.0,True,0.5654648767857288,0.0,0.5654648767857288,0.0,0.6309297535714575,0.0,0.5205354372149502,0.0
playframework/playframework,c0ef2b775901f565,0.08333333333333333,11,9,0.0,True,0.0,0.0,0.0,0.0,0.38685280723454163,0.0,0.38685280723454163,0.0
playframework/playframework,c7f4a68ec3f9250d,0.1285140562248996,0,0,0.0,False,,,,,,,,
playframework/playframework,b7f2ba192afa6b52,0.030303030303030304,0,0,0.0,False,,,,,,,,
playframework/playframework,4aa18a5c992a9faf,0.21428571428571427,0,0,0.0,False,,,,,,,,
playframework/playframework,b5af337acfec98d5,0.024390243902439025,0,0,0.0,False,,,,,,,,
playframework/playframework,31658e21924a6ab8,0.15789473684210525,0,0,0.0,False,,,,,,,,
playframework/playframework,aae485c3d1b3e08b,0.022222222222222223,0,0,0.0,False,,,,,,,,
playframework/playframework,c627421b8f848f72,0.2,2,2,0.0,True,1.0,1.0,1.0,1.0,1.0,1.0,1.0,1.0
playframework/playframework,733e28149f16d546,0.03214285714285714,2,2,0.0,True,0.6131471927654584,1.0,0.38685280723454163,0.0,0.3065735963827292,0.0,0.6131471927654584,1.0
playframework/playframework,039dc927703c7a9f,0.09274193548387097,0,0,0.0,False,,,,,,,,
playframework/playframework,90385cde9557227e,0.05263157894736842,0,0,1.0,False,,,,,,,,
playframework/playframework,c7395996b4a79dd6,0.04285714285714286,0,0,0.0,False,,,,,,,,
playframework/playframework,bc49ade0b6153d73,0.19047619047619047,2,2,1.0,True,0.19342640361727081,0.0,0.43067655807339306,0.0,0.43067655807339306,0.0,0.43067655807339306,0.0
playframework/playframework,6933d95e99b69816,0.11538461538461539,0,0,1.0,False,,,,,,,,
playframework/playframework,532bfc5f56783946,0.06493506493506493,0,0,0.0,False,,,,,,,,
playframework/playframework,f0b139aadb4194fe,0.1267605633802817,0,0,1.0,False,,,,,,,,
playframework/playframework,0f3b679cef77b485,0.07407407407407407,0,0,0.0,False,,,,,,,,
playframework/playframework,fa1b23c9cbbcb06d,0.04081632653061224,0,0,0.0,False,,,,,,,,
playframework/playframework,8fc8e2df5f7a5f84,0.047619047619047616,0,0,0.0,False,,,,,,,,
playframework/playframework,37879a166011b6aa,0.006349206349206349,1,1,0.0,True,0.6309297535714575,0.0,0.43067655807339306,0.0,0.0,0.0,0.6309297535714575,0.0
playframework/playframework,c838dd0dc211feb0,0.12244897959183673,0,0,0.0,False,,,,,,,,
portainer/portainer,6f16c41990987fe4,0.0,0,0,0.0,False,,,,,,,,
portainer/portainer,c96508243a19163b,0.09302325581395349,0,0,0.0,False,,,,,,,,
portainer/portainer,f5a02aaa9d9732b9,0.3,1,1,1.0,True,0.5,0.0,0.43067655807339306,0.0,0.46533827903669656,0.0,0.46533827903669656,0.0
portainer/portainer,cc3718e61dcde3d9,0.11594202898550725,1,1,0.0,True,0.6309297535714575,0.0,0.6309297535714575,0.0,0.6309297535714575,0.0,0.6309297535714575,0.0
portainer/portainer,80206b03cc1da835,0.15730337078651685,0,0,0.0,False,,,,,,,,
portainer/portainer,3a969300beeab90e,0.013333333333333334,2,2,0.0,True,0.6309297535714575,0.0,1.0,1.0,1.0,1.0,0.6309297535714575,0.0
portainer/portainer,25676ed66a2afa81,0.014796547472256474,3,3,0.0,True,0.5,0.0,0.5,0.0,0.5,0.0,0.5,0.0
portainer/portainer,4eab7c5da2bcec67,0.0625,2,2,0.0,True,0.6309297535714575,0.0,0.46533827903669656,0.0,0.46533827903669656,0.0,0.5205354372149502,0.0
portainer/portainer,cdfc7a6bdf46ec5d,0.03125,2,2,0.0,True,1.0,1.0,1.0,1.0,1.0,1.0,1.0,1.0
portainer/portainer,f896ada0bc3000f9,0.1111111111111111,0,0,1.0,False,,,,,,,,
portainer/portainer,1821879c8f51d520,1.0,0,0,1.0,False,,,,,,,,
portainer/portainer,8d7e697ba43c8f81,0.06593406593406594,0,0,0.0,False,,,,,,,,
portainer/portainer,482fc7eefb3654e0,0.014084507042253521,0,0,0.0,False,,,,,,,,
portainer/portainer,7a7e10a143df968d,0.51171875,0,0,1.0,False,,,,,,,,
portainer/portainer,b86b1758587593b5,0.028481012658227847,9,9,0.0,True,0.32739495038873956,0.0,0.32739495038873956,0.0,0.32739495038873956,0.0,0.14704034066641017,0.0
portainer/portainer,37c46ad204a96183,0.594059405940594,8,8,0.0,True,1.0,1.0,1.0,1.0,1.0,1.0,1.0,1.0
portainer/portainer,b44057da6844b6c4,0.0,0,0,0.0,False,,,,,,,,
portainer/portainer,aee214a6ebf1730b,0.0,0,0,0.0,False,,,,,,,,
portainer/portainer,60cb46e7852d93bf,0.05555555555555555,4,4,0.0,True,0.9197207891481876,1.0,0.9197207891481876,1.0,0.9197207891481876,1.0,0.9197207891481876,1.0
portainer/portainer,93379490b04017e5,0.03305785123966942,0,0,0.0,False,,,,,,,,
portainer/portainer,679f6f00f0d833f2,0.2857142857142857,0,0,0.0,False,,,,,,,,
portainer/portainer,83d06606fa80d912,0.17582417582417584,0,0,0.0,False,,,,,,,,
portainer/portainer,9a3226ac0a277fe9,0.15625,0,0,0.0,False,,,,,,,,
portainer/portainer,9c56b1901daafc12,0.09090909090909091,0,0,0.0,False,,,,,,,,
portainer/portainer,0ba8e5ffc16bd972,0.16666666666666666,0,0,0.0,False,,,,,,,,
postgres/postgres,a0bb1da7d07d11dd,0.08732394366197183,2,1,0.0,True,0.5,0.0,0.38685280723454163,0.0,0.38685280723454163,0.0,0.38685280723454163,0.0
postgres/postgres,57d3d9b4d4546e12,0.09665427509293681,2,1,0.0,True,0.5,0.0,0.43067655807339306,0.0,0.43067655807339306,0.0,0.0,0.0
postgres/postgres,17b0ef49cab662e6,0.2744380554103502,3,3,1.0,True,0.0,0.0,0.0,0.0,0.0,0.0,0.0,0.0
postgres/postgres,091e4bfa9f200840,0.02444987775061125,3,3,0.0,True,0.45777815652719006,0.0,0.45777815652719006,0.0,0.45777815652719006,0.0,0.40091512072194463,0.0
postgres/postgres,8b83be2feacd6ebe,0.012903225806451613,2,1,0.0,True,0.43067655807339306,0.0,0.43067655807339306,0.0,0.43067655807339306,0.0,0.40876468265396737,0.0
postgres/postgres,70c4cae31520cea4,0.11764705882352941,2,1,0.0,True,1.0,1.0,1.0,1.0,1.0,1.0,1.0,1.0
postgres/postgres,6bda6eef9aa2dfe8,0.08737864077669903,4,2,0.0,True,0.23719771276929622,0.0,0.23719771276929622,0.0,0.23719771276929622,0.0,0.23719771276929622,0.0
postgres/postgres,895f62e73d2140e2,0.0103359173126615,3,3,0.0,True,0.4796249331362629,0.0,0.626665273802673,0.0,0.38009376671593426,0.0,0.626665273802673,0.0
postgres/postgres,6ffc67d67f20863a,0.02616279069767442,8,6,0.0,True,0.3974895222916885,0.0,0.31500299363094614,0.0,0.35624625796131726,0.0,0.3974895222916885,0.0
postgres/postgres,aeb0afc3476da5b9,0.017064846416382253,1,1,0.0,True,0.5,0.0,0.6309297535714575,0.0,0.6309297535714575,0.0,0.6309297535714575,0.0
postgres/postgres,b0a806ac68e3f0f6,0.11161731207289294,2,1,0.0,True,0.6309297535714575,0.0,0.6309297535714575,0.0,0.6309297535714575,0.0,0.5,0.0
postgres/postgres,e7d2c852778b15a1,0.024691358024691357,1,1,0.0,True,0.43067655807339306,0.0,0.43067655807339306,0.0,0.43067655807339306,0.0,0.43067655807339306,0.0
postgres/postgres,101dc759773e30ea,0.02635658914728682,7,6,0.0,True,0.7795858045446329,1.0,0.7795858045446329,1.0,0.7795858045446329,1.0,0.7795858045446329,1.0
postgres/postgres,5ed9a57d43b105c5,0.03125,1,1,0.0,True,0.46533827903669656,0.0,0.5,0.0,0.5,0.0,0.5,0.0
postgres/postgres,470eedb3d0863f39,0.164804469273743,3,1,1.0,True,0.5,0.0,0.43067655807339306,0.0,0.43067655807339306,0.0,0.43067655807339306,0.0
postgres/postgres,ee79932a8450d7ec,0.03723404255319149,2,2,0.0,True,0.7317460491501064,1.0,0.7317460491501064,1.0,0.7317460491501064,1.0,0.7317460491501064,1.0
postgres/postgres,188265f3a47d6504,0.03875968992248062,4,1,0.0,True,0.6309297535714575,0.0,0.6309297535714575,0.0,0.6309297535714575,0.0,0.27250978843597823,0.0
postgres/postgres,627fdfa8481be8b3,0.002421307506053269,2,2,0.0,True,0.3065735963827292,0.0,0.3065735963827292,0.0,0.3065735963827292,0.0,0.3065735963827292,0.0
postgres/postgres,fd29a0507473ce9e,0.12087912087912088,2,2,0.0,True,0.9197207891481876,1.0,0.8772153153380493,1.0,0.8772153153380493,1.0,0.8772153153380493,1.0
postgres/postgres,6bf7d5e646859b75,0.0712957222566646,9,7,0.0,True,0.3355708073586487,0.0,0.32156171073660655,0.0,0.32156171073660655,0.0,0.339273790309682,0.0
postgres/postgres,54ab8d5cc2838c5c,0.01932367149758454,1,1,0.0,True,0.0,0.0,0.0,0.0,0.0,0.0,0.0,0.0
postgres/postgres,269130485e9fbd3a,0.054404145077720206,9,5,0.0,True,0.13624256621143366,0.0,0.13624256621143366,0.0,0.13624256621143366,0.0,0.13624256621143366,0.0
postgres/postgres,e0a79241834cd3e6,0.033743974290305304,4,4,0.0,True,0.7763433706236033,1.0,0.6387878864795979,1.0,0.6387878864795979,1.0,0.6387878864795979,1.0
postgres/postgres,07a2b23d3147f041,0.1276595744680851,1,1,0.0,True,0.6309297535714575,0.0,0.5654648767857288,0.0,0.6309297535714575,0.0,0.5654648767857288,0.0
postgres/postgres,8f908eea849f4267,0.06722689075630252,2,0,0.0,False,,,,,,,,
postgresml/postgresml,e7e474139b888049,0.9,0,0,0.0,False,,,,,,,,
postgresml/postgresml,d256cf82c30f4330,0.30434782608695654,0,0,0.0,False,,,,,,,,
postgresml/postgresml,a946c2ff59f24951,0.5142857142857142,1,0,0.0,False,,,,,,,,
postgresml/postgresml,5f2568529b4163e1,0.7469879518072289,0,0,0.0,False,,,,,,,,
postgresml/postgresml,2aa1f2f5278c3570,0.6456692913385826,0,0,0.0,False,,,,,,,,
ppy/osu,5bf1824637a8e1ef,0.0425531914893617,1,0,0.0,False,,,,,,,,
ppy/osu,757c2f47d90e82f1,0.019230769230769232,1,1,0.0,True,1.0,1.0,1.0,1.0,1.0,1.0,1.0,1.0
ppy/osu,5b29bdff4b85e3d0,0.047619047619047616,0,0,0.0,False,,,,,,,,
ppy/osu,542752c8abc72e2e,0.008849557522123894,0,0,0.0,False,,,,,,,,
ppy/osu,6547e24ede019f90,0.24675324675324675,0,0,0.0,False,,,,,,,,
ppy/osu,cf3aaff0e78762b4,0.06666666666666667,0,0,0.0,False,,,,,,,,
ppy/osu,79b0ef845d173f4e,0.007407407407407408,1,1,0.0,True,0.6309297535714575,0.0,0.6309297535714575,0.0,0.6309297535714575,0.0,0.6309297535714575,0.0
ppy/osu,0614a2d6988f3c56,0.030303030303030304,0,0,0.0,False,,,,,,,,
ppy/osu,c5565e28b83cfde8,0.005649717514124294,1,1,0.0,True,0.6309297535714575,0.0,0.6309297535714575,0.0,0.6309297535714575,0.0,0.6309297535714575,0.0
ppy/osu,4b94489725f8e403,0.018779342723004695,1,1,0.0,True,1.0,1.0,1.0,1.0,1.0,1.0,1.0,1.0
ppy/osu,8c7c4af770fd7258,0.007462686567164179,0,0,0.0,False,,,,,,,,
ppy/osu,5cb413da3a50462e,0.017857142857142856,1,1,0.0,True,0.5,0.0,0.5,0.0,0.5,0.0,0.5,0.0
ppy/osu,5745e7360f1febcd,0.33962264150943394,7,7,0.0,True,0.9802546915082401,1.0,0.969800133172847,1.0,0.969800133172847,1.0,0.9802546915082401,1.0
ppy/osu,908a8e0e55a340d7,0.006756756756756757,0,0,0.0,False,,,,,,,,
ppy/osu,43a53f2f9cb7fb7c,0.04106776180698152,8,7,0.0,True,0.6309297535714575,0.0,0.5,0.0,0.5,0.0,0.6309297535714575,0.0
ppy/osu,9395129a9605aef0,0.008064516129032258,0,0,0.0,False,,,,,,,,
ppy/osu,d15dce32dafc1761,0.007575757575757576,0,0,0.0,False,,,,,,,,
ppy/osu,c4abf092d55795f4,0.002232142857142857,0,0,0.0,False,,,,,,,,
ppy/osu,f87d66d6f27b89b7,0.4117647058823529,0,0,1.0,False,,,,,,,,
ppy/osu,068e200dd5bea348,0.0,1,0,0.0,False,,,,,,,,
ppy/osu,97b18291280a2efa,0.018867924528301886,0,0,0.0,False,,,,,,,,
ppy/osu,83b118586c9a45fa,0.0055248618784530384,1,0,0.0,False,,,,,,,,
ppy/osu,eb04949230d32952,0.004451038575667656,3,3,0.0,True,0.8597186998521972,0.0,0.8597186998521972,0.0,0.7601875334318685,0.0,0.8597186998521972,0.0
ppy/osu,cdc0daa6bec1a7f0,0.0,0,0,0.0,False,,,,,,,,
ppy/osu,3b3ecd2ec8b8b50f,0.011494252873563218,3,1,0.0,True,1.0,1.0,1.0,1.0,1.0,1.0,1.0,1.0
prettier/prettier,23ffe40956d297dc,0.0,0,0,0.0,False,,,,,,,,
prettier/prettier,41538b058182858d,0.0,1,0,0.0,False,,,,,,,,
prettier/prettier,497c2b8db7332ec8,0.0,1,1,0.0,True,0.40876468265396737,0.0,0.40876468265396737,0.0,0.40876468265396737,0.0,0.40876468265396737,0.0
prettier/prettier,c3205c5de7e03ccd,0.0,1,1,0.0,True,0.38685280723454163,0.0,0.38685280723454163,0.0,0.0,0.0,0.38685280723454163,0.0
prettier/prettier,750a9f28796bcafd,0.0,1,0,0.0,False,,,,,,,,
prettier/prettier,8df533848b5f8138,0.0,1,1,0.0,True,0.0,0.0,0.0,0.0,0.0,0.0,0.0,0.0
prettier/prettier,1b26663ab8e8d62f,0.0,1,1,0.0,True,0.6309297535714575,0.0,0.6309297535714575,0.0,0.6309297535714575,0.0,0.6309297535714575,0.0
prettier/prettier,927db60a695bf618,0.0,1,1,0.0,True,1.0,1.0,1.0,1.0,1.0,1.0,1.0,1.0
prettier/prettier,366b06861925fbfe,0.0,0,0,0.0,False,,,,,,,,
prettier/prettier,f4ace4f71ae9dec7,0.0,8,4,0.0,True,0.43067655807339306,0.0,0.43067655807339306,0.0,0.43067655807339306,0.0,0.43067655807339306,0.0
prettier/prettier,d06630ac82788878,0.0,1,0,0.0,False,,,,,,,,
prettier/prettier,d9008cd0ec03860d,0.0,0,0,0.0,False,,,,,,,,
prettier/prettier,f6b899824fbb56f7,0.0,1,0,0.0,False,,,,,,,,
prettier/prettier,cdfc58fb31cd672e,0.0,1,1,0.0,True,1.0,1.0,1.0,1.0,1.0,1.0,1.0,1.0
prettier/prettier,74568c41e2a79057,0.0,2,2,0.0,True,0.5,0.0,0.5,0.0,0.5,0.0,0.5,0.0
prettier/prettier,2fd85645c00a5be2,0.0,1,1,0.0,True,0.20438234132698369,0.0,0.20438234132698369,0.0,0.20438234132698369,0.0,0.20438234132698369,0.0
prettier/prettier,a34dde4951d7ce4a,0.0,1,1,0.0,True,1.0,1.0,1.0,1.0,1.0,1.0,1.0,1.0
prettier/prettier,77ae990fd646a96c,0.0,0,0,0.0,False,,,,,,,,
prettier/prettier,2c363b3a6f3003b1,0.0,0,0,0.0,False,,,,,,,,
prettier/prettier,cf8523a2bb0e4483,0.0,1,1,0.0,True,0.1289509357448472,0.0,0.1289509357448472,0.0,0.1289509357448472,0.0,0.1289509357448472,0.0
prettier/prettier,512a68953496cf94,0.0,1,0,0.0,False,,,,,,,,
prettier/prettier,b7749d1316fcb3c3,0.0,0,0,0.0,False,,,,,,,,
prettier/prettier,78fa58e066ab3c0b,0.0,0,0,0.0,False,,,,,,,,
prettier/prettier,b5a3910c81c8e59b,0.0,1,1,0.0,True,1.0,1.0,1.0,1.0,1.0,1.0,1.0,1.0
prettier/prettier,f50ba0f40884a0cd,0.0,0,0,0.0,False,,,,,,,,
psf/requests,834e9b406d74791f,0.5,0,0,1.0,False,,,,,,,,
psf/requests,e52e4ddd58b7ef88,0.10344827586206896,1,1,0.0,True,0.5,0.0,0.5,0.0,0.5,0.0,0.40876468265396737,0.0
psf/requests,63bd641104d10e25,0.0136986301369863,11,11,0.0,True,0.5108374040613859,0.0,0.5108374040613859,0.0,0.5108374040613859,0.0,0.5108374040613859,0.0
psf/requests,05180dda5cdc530f,0.30296052631578946,9,5,0.0,True,1.0,1.0,1.0,1.0,1.0,1.0,1.0,1.0
psf/requests,b423d06524f8dec6,0.09090909090909091,2,1,0.0,True,0.5,0.0,0.5,0.0,0.5,0.0,0.40876468265396737,0.0
psf/requests,f19a61b3baa79f0a,0.1425233644859813,1,1,0.0,True,1.0,1.0,1.0,1.0,1.0,1.0,1.0,1.0
psf/requests,c9fdd3d9ff2ae2d7,0.13333333333333333,1,1,0.0,True,0.6309297535714575,0.0,0.6309297535714575,0.0,0.6309297535714575,0.0,0.5,0.0
psf/requests,6a13393ada4132be,0.0,0,0,0.0,False,,,,,,,,
psf/requests,fa602a8a75dc9dcc,0.29411764705882354,2,2,0.0,True,1.0,1.0,1.0,1.0,1.0,1.0,1.0,1.0
psf/requests,6a17d5bcb7c3e4c3,0.3181818181818182,0,0,0.0,False,,,,,,,,
psf/requests,33c13e0b177bacd2,0.48004094165813715,4,4,1.0,True,1.0,1.0,1.0,1.0,1.0,1.0,0.6309297535714575,0.0
psf/requests,06673dfe1f4e8c8e,0.125,0,0,0.0,False,,,,,,,,
psf/requests,c25d576890a32eb1,0.03571428571428571,0,0,0.0,False,,,,,,,,
psf/requests,50c86b7ed8ac2cf9,0.7,14,8,0.0,True,1.0,1.0,1.0,1.0,1.0,1.0,1.0,1.0
psf/requests,74adcd7e630252cf,0.2564102564102564,1,1,0.0,True,0.6309297535714575,0.0,0.6309297535714575,0.0,0.6309297535714575,0.0,0.6309297535714575,0.0
psf/requests,60f61ab7a8d1910d,0.3925233644859813,3,3,0.0,True,1.0,1.0,1.0,1.0,1.0,1.0,1.0,1.0
psf/requests,63a9c44a44acf85f,0.7857142857142857,17,2,0.0,True,1.0,1.0,1.0,1.0,1.0,1.0,1.0,1.0
psf/requests,001e61d97d9dee27,0.0,0,0,0.0,False,,,,,,,,
psf/requests,9e08e8c7769db7b5,0.0,0,0,0.0,False,,,,,,,,
psf/requests,81a05ffa79062e44,0.07407407407407407,0,0,0.0,False,,,,,,,,
pwr-Solaar/Solaar,6eb1c980ed9eecd2,0.007110536522301228,2,2,0.0,True,0.6309297535714575,0.0,0.6309297535714575,0.0,0.6309297535714575,0.0,0.6309297535714575,0.0
pwr-Solaar/Solaar,e4c0d8eabae0e32a,0.46652267818574517,2,1,1.0,True,0.43067655807339306,0.0,0.5,0.0,0.5,0.0,0.5,0.0
pwr-Solaar/Solaar,3b052162d80e58fa,0.19884393063583816,7,2,0.0,True,1.0,1.0,1.0,1.0,1.0,1.0,1.0,1.0
pwr-Solaar/Solaar,16c78a6249f5f17a,0.22019867549668873,4,2,0.0,True,0.6309297535714575,0.0,0.6309297535714575,0.0,0.6309297535714575,0.0,0.6309297535714575,0.0
pwr-Solaar/Solaar,84813094e2d7d8d9,0.45454545454545453,2,2,1.0,True,0.43067655807339306,0.0,0.43067655807339306,0.0,0.43067655807339306,0.0,0.5,0.0
pwr-Solaar/Solaar,a7b5e525330421af,0.16666666666666666,0,0,0.0,False,,,,,,,,
pwr-Solaar/Solaar,aff15ced1fe37506,0.004878048780487805,1,0,0.0,False,,,,,,,,
pwr-Solaar/Solaar,36efe3d86e11022d,0.13392857142857142,0,0,0.0,False,,,,,,,,
pwr-Solaar/Solaar,39a8f680bfb36a84,0.16129032258064516,4,1,0.0,True,0.6309297535714575,0.0,0.5,0.0,0.5,0.0,0.5,0.0
pwr-Solaar/Solaar,5eee2dc52b379579,0.23684210526315788,1,0,0.0,False,,,,,,,,
pwr-Solaar/Solaar,74640e416542d407,0.5967741935483871,3,1,1.0,True,0.6309297535714575,0.0,0.6309297535714575,0.0,0.6309297535714575,0.0,0.6309297535714575,0.0
pwr-Solaar/Solaar,423db0e617e28c2c,0.07692307692307693,1,1,0.0,True,1.0,1.0,1.0,1.0,1.0,1.0,1.0,1.0
pwr-Solaar/Solaar,8e4db60bf53a5c3f,0.02404809619238477,15,9,0.0,True,0.6309297535714575,0.0,0.6309297535714575,0.0,0.6309297535714575,0.0,0.6309297535714575,0.0
pwr-Solaar/Solaar,c006ba4591a59df2,0.26881720430107525,6,2,1.0,True,0.6309297535714575,0.0,0.8154648767857288,0.5,0.5,0.0,1.0,1.0
pwr-Solaar/Solaar,2ee60839da51736e,0.2219020172910663,9,3,0.0,True,0.5,0.0,0.5,0.0,0.5,0.0,0.6309297535714575,0.0
pwr-Solaar/Solaar,4dab330bf711d7e2,0.0,2,1,0.0,True,1.0,1.0,1.0,1.0,1.0,1.0,1.0,1.0
pwr-Solaar/Solaar,0410ee313c5b7933,0.51440329218107,0,0,1.0,False,,,,,,,,
pwr-Solaar/Solaar,72376d0b487d7231,0.0,0,0,0.0,False,,,,,,,,
pwr-Solaar/Solaar,0e4d706f6addd00f,0.0,0,0,0.0,False,,,,,,,,
pwr-Solaar/Solaar,92578d439fe847e5,0.107421875,6,2,0.0,True,0.6309297535714575,0.0,0.6309297535714575,0.0,0.6309297535714575,0.0,0.6309297535714575,0.0
pwr-Solaar/Solaar,ecde2d5532d89062,0.00425531914893617,3,2,0.0,True,0.5,0.0,0.6309297535714575,0.0,0.6309297535714575,0.0,0.5,0.0
pwr-Solaar/Solaar,aa7cd97ff1e4df5b,0.07017543859649122,2,1,0.0,True,0.38685280723454163,0.0,0.0,0.0,0.5,0.0,0.43067655807339306,0.0
pwr-Solaar/Solaar,6600766b49dc1c84,0.025,0,0,0.0,False,,,,,,,,
pwr-Solaar/Solaar,373b75d309460a94,0.17455621301775148,3,0,0.0,False,,,,,,,,
pwr-Solaar/Solaar,24c9ba1cc5879552,0.11564625850340136,1,1,0.0,True,0.5,0.0,0.5,0.0,0.5,0.0,0.5,0.0
py-pdf/pypdf,3dcacfecbac262f5,0.011235955056179775,1,0,0.0,False,,,,,,,,
py-pdf/pypdf,05e6e31b7a98f5c2,0.0,10,9,0.0,True,0.5763665556193467,0.0,0.5763665556193467,0.0,0.5763665556193467,0.0,0.5763665556193467,0.0
py-pdf/pypdf,0a65befa2e410a73,0.006289308176100629,1,0,0.0,False,,,,,,,,
py-pdf/pypdf,2376a2cb969cf3bd,0.0,3,1,0.0,True,1.0,1.0,1.0,1.0,1.0,1.0,1.0,1.0
py-pdf/pypdf,9256e36226058b32,0.009009009009009009,2,1,0.0,True,0.40876468265396737,0.0,0.40876468265396737,0.0,0.40876468265396737,0.0,0.40876468265396737,0.0
py-pdf/pypdf,fc6fb456da8b0333,0.0,1,0,0.0,False,,,,,,,,
py-pdf/pypdf,63a9c44a44acf85f,0.0,6,5,0.0,True,0.6309297535714575,0.0,0.6309297535714575,0.0,0.6309297535714575,0.0,0.6309297535714575,0.0
py-pdf/pypdf,e9349fad824a042e,0.09090909090909091,0,0,0.0,False,,,,,,,,
py-pdf/pypdf,1102636ac9e880a7,0.00390625,39,36,0.0,True,0.6361025344279666,0.0,0.6361025344279666,0.0,0.6361025344279666,0.0,0.6361025344279666,0.0
py-pdf/pypdf,7c8c1979f5deef5b,0.019230769230769232,0,0,0.0,False,,,,,,,,
py-pdf/pypdf,5870a741e2fa8d0b,0.024390243902439025,0,0,0.0,False,,,,,,,,
pydantic/pydantic,511b87c4cf4eb448,0.22666666666666666,0,0,0.0,False,,,,,,,,
pydantic/pydantic,e550fd7de7b5c643,0.0,0,0,0.0,False,,,,,,,,
pydantic/pydantic,8cd5050dd67a7443,0.02336448598130841,3,2,0.0,True,0.5654648767857288,0.0,0.5654648767857288,0.0,0.3293823413269837,0.0,0.5654648767857288,0.0
pydantic/pydantic,373d481035edba14,0.016129032258064516,0,0,0.0,False,,,,,,,,
pydantic/pydantic,bdf344dbc80689d6,0.007142857142857143,4,2,0.0,True,0.0,0.0,0.0,0.0,0.0,0.0,0.0,0.0
pydantic/pydantic,06dbaa0a16810a6d,0.0007710100231303007,8,6,0.0,True,0.6309297535714575,0.0,0.6309297535714575,0.0,0.6309297535714575,0.0,0.6309297535714575,0.0
pydantic/pydantic,8d8cc811f2c3674e,0.0419921875,9,8,0.0,True,0.6309297535714575,0.0,0.6309297535714575,0.0,0.6309297535714575,0.0,0.6309297535714575,0.0
pydantic/pydantic,dc570c8a748b87d3,0.006859756097560976,12,6,0.0,True,0.0,0.0,0.0,0.0,0.0,0.0,0.0,0.0
pydantic/pydantic,f900d9f9cfd86aac,0.017350157728706624,7,3,0.0,True,0.4841275646907874,0.0,0.4841275646907874,0.0,0.23981246656813146,0.0,0.5174418337467067,0.0
pydantic/pydantic,95820a10464ee8f0,0.0031746031746031746,5,3,0.0,True,1.0,1.0,1.0,1.0,1.0,1.0,1.0,1.0
pydantic/pydantic,748dfa470546a2c5,0.018957345971563982,2,0,0.0,False,,,,,,,,
pydantic/pydantic,b335630551682c19,0.02857142857142857,5,2,0.0,True,0.4391764551026449,0.0,0.4391764551026449,0.0,0.4391764551026449,0.0,0.48711477971984807,0.0
pydantic/pydantic,677dcd90e360a278,0.03066271018793274,4,4,0.0,True,0.6309297535714575,0.0,0.6309297535714575,0.0,0.6309297535714575,0.0,0.6309297535714575,0.0
pydantic/pydantic,d499446992ad34d7,0.0196078431372549,4,0,0.0,False,,,,,,,,
pydantic/pydantic,8b42a66b797273a3,0.2,0,0,0.0,False,,,,,,,,
pydantic/pydantic,39aecbc26791dd03,1.0,0,0,0.0,False,,,,,,,,
pydantic/pydantic,a61d25fd27b9213b,0.018312101910828025,15,11,0.0,True,0.5,0.0,0.5,0.0,0.43067655807339306,0.0,0.5,0.0
pydantic/pydantic,86a65771e6ad3cc8,0.005089058524173028,10,9,0.0,True,0.0,0.0,0.0,0.0,0.0,0.0,0.0,0.0
pydantic/pydantic,490fb74d49a35ec7,0.004329004329004329,4,1,0.0,True,0.4391764551026449,0.0,0.4391764551026449,0.0,0.40876468265396737,0.0,0.46533827903669656,0.0
pydantic/pydantic,6f2c2ee7a088cc3d,0.0029585798816568047,6,1,0.0,True,0.5,0.0,0.5,0.0,0.5,0.0,0.5,0.0
pydantic/pydantic,e03b04db80c89d8d,0.2,0,0,0.0,False,,,,,,,,
pydantic/pydantic,a13941bfb0678e08,0.001275103602167676,10,5,0.0,True,0.5681212831057169,0.0,0.5681212831057169,0.0,0.5681212831057169,0.0,0.5681212831057169,0.0
pydantic/pydantic,92bb9c198ce3cfac,0.078125,3,3,0.0,True,0.6309297535714575,0.0,0.6309297535714575,0.0,0.38685280723454163,0.0,0.6309297535714575,0.0
pydantic/pydantic,c6bfeba04fa65e00,0.012531328320802004,3,2,0.0,True,0.6309297535714575,0.0,0.6309297535714575,0.0,0.6309297535714575,0.0,0.6309297535714575,0.0
pydantic/pydantic,03eaecce08892bfa,0.0022172949002217295,4,4,0.0,True,1.0,1.0,1.0,1.0,1.0,1.0,1.0,1.0
pyinfra-dev/pyinfra,17da54673d3d8909,0.25,1,0,0.0,False,,,,,,,,
pyinfra-dev/pyinfra,a2d0091264c1e470,0.16666666666666666,1,0,0.0,False,,,,,,,,
pyinfra-dev/pyinfra,8e4b67cf3fd5366f,0.2087912087912088,11,1,0.0,True,1.0,1.0,1.0,1.0,1.0,1.0,1.0,1.0
pyinfra-dev/pyinfra,a40a19b2d69714fe,0.09395973154362416,0,0,0.0,False,,,,,,,,
pyinfra-dev/pyinfra,7b2eb920be64338b,0.29411764705882354,2,0,1.0,False,,,,,,,,
pyinfra-dev/pyinfra,3a4264ff8426739a,0.28,2,0,0.0,False,,,,,,,,
pyinfra-dev/pyinfra,44a476d81b8d0e7a,0.43902439024390244,1,0,1.0,False,,,,,,,,
pyinfra-dev/pyinfra,3fd3639b9838ea5b,0.10256410256410256,4,0,0.0,False,,,,,,,,
pyinfra-dev/pyinfra,f039b20816a1992d,0.3308270676691729,0,0,0.0,False,,,,,,,,
pyinfra-dev/pyinfra,f80a56a4e39239f6,0.25806451612903225,2,2,0.0,True,1.0,1.0,1.0,1.0,1.0,1.0,1.0,1.0
pyinfra-dev/pyinfra,67186f766ea1261d,0.20535714285714285,8,0,0.0,False,,,,,,,,
pyinfra-dev/pyinfra,ca01ba27a170d86b,0.5,2,0,0.0,False,,,,,,,,
pyinfra-dev/pyinfra,68953665ef002f90,0.12598425196850394,0,0,0.0,False,,,,,,,,
pyinfra-dev/pyinfra,85933aa74a2d66c3,0.43037974683544306,4,1,1.0,True,1.0,1.0,1.0,1.0,1.0,1.0,0.6309297535714575,0.0
pyinfra-dev/pyinfra,64f185fd01c3be91,0.18333333333333332,1,0,0.0,False,,,,,,,,
pyinfra-dev/pyinfra,76c2900328011287,0.25,0,0,0.0,False,,,,,,,,
pyinfra-dev/pyinfra,24e57d9fd815bd80,0.034482758620689655,1,0,0.0,False,,,,,,,,
pyinfra-dev/pyinfra,f60873b64b1a543b,0.296875,4,1,0.0,True,1.0,1.0,1.0,1.0,1.0,1.0,1.0,1.0
pyinfra-dev/pyinfra,10aa29f7d4119a2a,0.23076923076923078,3,0,0.0,False,,,,,,,,
pyinfra-dev/pyinfra,9106c17301a5ba56,0.07692307692307693,4,1,0.0,True,1.0,1.0,1.0,1.0,1.0,1.0,1.0,1.0
pyinfra-dev/pyinfra,3d80fb56afb90577,0.08559498956158663,6,1,0.0,True,0.6309297535714575,0.0,0.6309297535714575,0.0,0.6309297535714575,0.0,0.6309297535714575,0.0
pyinfra-dev/pyinfra,1aa04b3ddd9ae5c8,0.23295454545454544,4,0,0.0,False,,,,,,,,
pyinfra-dev/pyinfra,d293800ed80c0101,0.059009483667017915,6,1,0.0,True,0.6309297535714575,0.0,0.6309297535714575,0.0,1.0,1.0,0.6309297535714575,0.0
pyinfra-dev/pyinfra,780b99b012f874a0,0.0,1,0,0.0,False,,,,,,,,
pyinfra-dev/pyinfra,477def1cb8e5293d,0.2857142857142857,1,1,0.0,True,1.0,1.0,1.0,1.0,1.0,1.0,1.0,1.0
pylint-dev/pylint,7fa3613a0470b923,0.14093428345209819,10,6,1.0,True,0.2069033026433278,0.0,0.1983622091293604,0.0,0.12296596988728793,0.0,0.2788337838921981,0.0
pylint-dev/pylint,32257d675e977b13,0.10311750599520383,1,0,0.0,False,,,,,,,,
pylint-dev/pylint,00e5cd9319f06d32,0.10354223433242507,1,0,0.0,False,,,,,,,,
pylint-dev/pylint,76025f0bc82e83cb,0.12751677852348994,1,0,0.0,False,,,,,,,,
pylint-dev/pylint,6bfaf8aedcebcd61,0.3595505617977528,0,0,1.0,False,,,,,,,,
pylint-dev/pylint,70923534ba3d3f39,0.35384615384615387,0,0,0.0,False,,,,,,,,
pylint-dev/pylint,de723e40a7f92dcd,0.08225966303270565,8,3,0.0,True,0.0,0.0,0.0,0.0,0.0,0.0,0.0,0.0
pylint-dev/pylint,42df8bb8e2d7b0a1,0.0,4,4,0.0,True,1.0,1.0,1.0,1.0,1.0,1.0,1.0,1.0
pylint-dev/pylint,f92a1a49c366f1f6,0.0018248175182481751,0,0,0.0,False,,,,,,,,
pylint-dev/pylint,66d93695b01b0759,0.2037037037037037,0,0,0.0,False,,,,,,,,
pylint-dev/pylint,0228810a23bfd655,0.03669724770642202,0,0,0.0,False,,,,,,,,
pylint-dev/pylint,88d4719748807657,0.08426966292134831,17,5,0.0,True,0.6548086577531307,1.0,0.5296347172140421,0.0,0.5296347172140421,0.0,0.6548086577531307,1.0
pylint-dev/pylint,d5b587061ef526df,0.19908814589665655,2,1,0.0,True,0.38685280723454163,0.0,0.0,0.0,0.0,0.0,0.0,0.0
pylint-dev/pylint,94b93503528cbab1,0.03389830508474576,3,2,0.0,True,0.6131471927654584,1.0,0.6131471927654584,1.0,0.6131471927654584,1.0,0.6131471927654584,1.0
pylint-dev/pylint,26d7b9f740481d02,0.0,0,0,0.0,False,,,,,,,,
pylint-dev/pylint,9b76776694be02a0,0.15335598980458792,15,3,0.0,True,0.5338931479009518,0.0,0.19004688335796713,0.0,0.19004688335796713,0.0,0.23981246656813146,0.0
pylint-dev/pylint,50f5c4bf43c14cba,0.022847100175746926,1,1,0.0,True,1.0,1.0,1.0,1.0,1.0,1.0,1.0,1.0
pylint-dev/pylint,a5110b52cac9b8b5,0.1111111111111111,0,0,0.0,False,,,,,,,,
pylint-dev/pylint,1c142afc02e8b8c4,0.07768641905301957,18,13,1.0,True,0.19604317015045675,0.0,0.19604317015045675,0.0,0.19604317015045675,0.0,0.19604317015045675,0.0
pylint-dev/pylint,b3686c0cc0daa842,0.06074766355140187,2,1,0.0,True,0.0,0.0,0.0,0.0,0.0,0.0,0.0,0.0
pylint-dev/pylint,40ae82bda0ba756c,0.007142857142857143,0,0,0.0,False,,,,,,,,
pylint-dev/pylint,1f493e34315057f3,0.2152080344332855,1,0,1.0,False,,,,,,,,
pylint-dev/pylint,adf4fd0d4b9a45c5,0.0,2,0,0.0,False,,,,,,,,
pylint-dev/pylint,f89cb739dadf9a3f,0.11848341232227488,2,1,0.0,True,0.38685280723454163,0.0,0.38685280723454163,0.0,0.38685280723454163,0.0,0.38685280723454163,0.0
pylint-dev/pylint,21c7e815051a4ccf,0.1,0,0,0.0,False,,,,,,,,
pypa/pip,c5f57df7b881361c,0.06046511627906977,0,0,0.0,False,,,,,,,,
pypa/pip,2d8b55c561045bc5,0.11976047904191617,4,3,0.0,True,0.6309297535714575,0.0,0.6309297535714575,0.0,0.6309297535714575,0.0,0.6309297535714575,0.0
pypa/pip,4523dc329d3e372a,0.6666666666666666,0,0,1.0,False,,,,,,,,
pypa/pip,0ffa77b60125cc07,0.23076923076923078,4,4,0.0,True,0.0,0.0,0.0,0.0,0.0,0.0,0.0,0.0
pypa/pip,ebb046839d6a360b,0.19823788546255505,4,3,1.0,True,0.3273949503887395,0.0,0.3273949503887395,0.0,0.2071585439071866,0.0,0.3273949503887395,0.0
pypa/pip,6a334a312dbfe599,0.06748466257668712,5,1,0.0,True,0.0,0.0,0.0,0.0,0.0,0.0,0.0,0.0
pypa/pip,3b1e3d6c6aafc86a,1.0,0,0,1.0,False,,,,,,,,
pypa/pip,629b1eb45f879712,0.16901408450704225,4,3,0.0,True,0.43067655807339306,0.0,0.43067655807339306,0.0,0.43067655807339306,0.0,0.5,0.0
pypa/pip,59d1decf3b7b4266,0.1111111111111111,1,0,0.0,False,,,,,,,,
pypa/pip,92bb16f3005aafbd,0.05982905982905983,1,1,0.0,True,0.0,0.0,0.0,0.0,0.0,0.0,0.0,0.0
pypa/pip,610ff61f1ddb129b,0.06557377049180328,0,0,0.0,False,,,,,,,,
pypa/pip,6fbd1c928e58f61a,0.1725,9,1,1.0,True,0.6309297535714575,0.0,0.5,0.0,0.46533827903669656,0.0,0.5,0.0
pypa/pip,e82afdeaf84bf5be,0.2,1,0,1.0,False,,,,,,,,
pypa/pip,544069f03a5c6107,0.030303030303030304,1,1,0.0,True,0.6309297535714575,0.0,0.6309297535714575,0.0,0.6309297535714575,0.0,0.6309297535714575,0.0
pypa/pip,36551363ec28df93,0.21428571428571427,0,0,0.0,False,,,,,,,,
pypa/pip,6baccff0b8780fd3,1.0,0,0,1.0,False,,,,,,,,
pypa/pip,58ee9eb756d34a1b,0.006024096385542169,1,0,0.0,False,,,,,,,,
pypa/pip,96d476f392cb7e26,0.1386481802426343,2,1,1.0,True,0.0,0.0,0.0,0.0,0.0,0.0,0.0,0.0
pypa/pip,0cb21f1451238701,0.0,2,0,0.0,False,,,,,,,,
pypa/pip,226761ce26bee46b,0.022026431718061675,1,1,0.0,True,1.0,1.0,1.0,1.0,1.0,1.0,1.0,1.0
pypa/pip,acfdf28da3e99619,0.22842639593908629,1,0,0.0,False,,,,,,,,
pypa/pip,ac38863b7583c4e3,0.0033112582781456954,1,0,0.0,False,,,,,,,,
pypa/pip,9c59a7225ee46430,1.0,0,0,1.0,False,,,,,,,,
pypa/pip,3322489f2d1e2ae6,0.16666666666666666,0,0,1.0,False,,,,,,,,
pypa/pip,3becafed813ae9b8,0.2427536231884058,3,1,1.0,True,0.0,0.0,0.0,0.0,0.0,0.0,0.0,0.0
pytest-dev/pytest,551b288d96b2e6f4,0.125,0,0,1.0,False,,,,,,,,
pytest-dev/pytest,981929f4053f77bf,0.005681818181818182,6,4,0.0,True,0.5706417189553201,0.0,0.3065735963827292,0.0,0.3065735963827292,0.0,0.5706417189553201,0.0
pytest-dev/pytest,6453712bce485673,0.09401709401709402,0,0,0.0,False,,,,,,,,
pytest-dev/pytest,873009c2884eb9b5,0.004784688995215311,1,1,0.0,True,1.0,1.0,1.0,1.0,1.0,1.0,1.0,1.0
pytest-dev/pytest,1504539a1ce720b0,0.16473317865429235,14,7,1.0,True,0.6460945859020987,0.0,0.6460945859020987,0.0,0.6460945859020987,0.0,0.4725395037692715,0.0
pytest-dev/pytest,24e5c75c316abab5,0.0625,0,0,0.0,False,,,,,,,,
pytest-dev/pytest,5f95cbb6a58c9144,0.06142506142506143,3,3,0.0,True,0.6309297535714575,0.0,0.6309297535714575,0.0,0.6309297535714575,0.0,0.6309297535714575,0.0
pytest-dev/pytest,6b2ebd562ed70581,0.04639175257731959,1,0,0.0,False,,,,,,,,
pytest-dev/pytest,def42763679b0d50,0.14418604651162792,3,0,0.0,False,,,,,,,,
pytest-dev/pytest,c77f00bd7bc2333b,0.06650041562759768,17,14,0.0,True,0.1767257657597189,0.0,0.1767257657597189,0.0,0.1767257657597189,0.0,0.1767257657597189,0.0
pytest-dev/pytest,8fcbff8c2cca9760,0.13890489913544668,4,1,1.0,True,0.0,0.0,0.0,0.0,0.0,0.0,0.0,0.0
pytest-dev/pytest,91d98ebb951fa6da,0.21428571428571427,0,0,0.0,False,,,,,,,,
pytest-dev/pytest,fba659a65c3f48c4,0.39626168224299063,34,32,0.0,True,0.6598093606421713,0.0,0.6598093606421713,0.0,0.9837461061193684,1.0,0.6598093606421713,0.0
pytest-dev/pytest,2b3245b80cf7c872,0.01634877384196185,4,1,0.0,True,0.43067655807339306,0.0,0.38685280723454163,0.0,0.38685280723454163,0.0,0.43067655807339306,0.0
pytest-dev/pytest,b3a3e4405cffbf91,0.0,0,0,0.0,False,,,,,,,,
pytest-dev/pytest,689af6a98fad782f,0.07343608340888486,11,8,0.0,True,1.0,1.0,1.0,1.0,1.0,1.0,1.0,1.0
pytest-dev/pytest,69245648d7ef8d9b,0.07604166666666666,9,6,0.0,True,0.5962977923413559,1.0,0.5962977923413559,1.0,0.5962977923413559,1.0,0.4770382338730848,1.0
pytest-dev/pytest,61faeb984c13e4c8,0.22,0,0,0.0,False,,,,,,,,
pytest-dev/pytest,ef410a42eab80274,0.15384615384615385,0,0,1.0,False,,,,,,,,
pytest-dev/pytest,d2a6ab6d6e6d5a81,0.03743760399334443,16,14,0.0,True,0.046683951940064215,0.0,0.05890858858657297,0.0,0.046683951940064215,0.0,0.05890858858657297,0.0
pytest-dev/pytest,3a63bf97b1e49a42,0.02197802197802198,21,15,0.0,True,0.9510219121353118,1.0,0.9510219121353118,1.0,0.9407697852087797,1.0,0.9673479414235412,1.0
pytest-dev/pytest,42fd13a6296dcd0d,0.11907810499359796,7,4,0.0,True,0.47662611018851303,0.0,0.4348079399079101,0.0,0.4348079399079101,0.0,0.20151514190050246,0.0
pytest-dev/pytest,b9762f58e667c5d1,0.12717219589257503,4,1,0.0,True,0.43067655807339306,0.0,0.43067655807339306,0.0,0.38685280723454163,0.0,0.5,0.0
pytest-dev/pytest,17544431cfe93ddb,0.00847457627118644,14,10,0.0,True,0.0,0.0,0.0,0.0,0.0,0.0,0.0,0.0
pytest-dev/pytest,7b3ed02bc73dc06b,0.0,2,0,0.0,False,,,,,,,,
python-pillow/Pillow,357dd4dc866684a8,0.0029154518950437317,2,0,0.0,False,,,,,,,,
python-pillow/Pillow,528619d4bc99fb5c,0.11210762331838565,12,10,0.0,True,0.7262287617954056,1.0,0.7262287617954056,1.0,0.7262287617954056,1.0,0.7262287617954056,1.0
python-pillow/Pillow,c2d6142a7813e372,0.018666666666666668,5,3,0.0,True,1.0,1.0,1.0,1.0,1.0,1.0,1.0,1.0
python-pillow/Pillow,431185b18989797e,0.5878552971576227,13,5,1.0,True,0.8637574337885663,1.0,0.8637574337885663,1.0,0.8637574337885663,1.0,0.08353674700770265,0.0
python-pillow/Pillow,8fdbbbea6e7d47ff,0.07692307692307693,2,2,0.0,True,0.4251724527673773,0.0,0.46531205819328353,0.0,0.46531205819328353,0.0,0.5054516636191897,0.0
python-pillow/Pillow,a592fb63b483610c,0.23753976670201485,7,5,1.0,True,0.46927872602275644,0.0,0.2960819109658652,0.0,0.2960819109658652,0.0,0.2960819109658652,0.0
python-pillow/Pillow,e77b1f91efc48bb4,0.772189349112426,0,0,1.0,False,,,,,,,,
python-pillow/Pillow,956c34b31300af3f,0.013333333333333334,2,2,0.0,True,0.7802358045460873,1.0,0.7802358045460873,1.0,0.7802358045460873,1.0,0.7802358045460873,1.0
python-pillow/Pillow,416244cd3f776145,0.023952095808383235,2,0,0.0,False,,,,,,,,
python-pillow/Pillow,4c65bb39d9ccc809,0.047619047619047616,2,0,0.0,False,,,,,,,,
python-pillow/Pillow,bf08fd9e169546fb,0.017467248908296942,6,3,0.0,True,0.23981246656813146,0.0,0.23981246656813146,0.0,0.23981246656813146,0.0,0.23981246656813146,0.0
python-pillow/Pillow,4e34f58024c8f113,0.24375,1,0,0.0,False,,,,,,,,
python-pillow/Pillow,51ee26591a89a201,0.004132231404958678,1,0,0.0,False,,,,,,,,
python-pillow/Pillow,4301c4914c6ab735,0.039603960396039604,6,4,0.0,True,0.8503449055347546,1.0,0.8503449055347546,1.0,0.8503449055347546,1.0,0.8772153153380493,1.0
python-pillow/Pillow,45543f70083bba19,0.195,7,3,0.0,True,0.4796249331362629,0.0,0.626665273802673,0.0,0.626665273802673,0.0,0.3273949503887395,0.0
python-pillow/Pillow,a649b95021c2c70c,0.2599502487562189,9,3,0.0,True,0.6309297535714575,0.0,0.6309297535714575,0.0,0.6309297535714575,0.0,0.6309297535714575,0.0
python-pillow/Pillow,e515c654cff3147b,0.045662100456621,2,1,0.0,True,0.0,0.0,0.0,0.0,0.0,0.0,0.0,0.0
python-pillow/Pillow,4fd9026ffa5b57cb,0.2701298701298701,12,3,1.0,True,0.7836037084784354,0.5,0.626665273802673,0.0,0.626665273802673,0.0,0.6349938410666528,0.0
python-pillow/Pillow,f6e081867d895de4,0.03821656050955414,5,4,0.0,True,0.52129602861432,0.0,0.52129602861432,0.0,0.52129602861432,0.0,0.52129602861432,0.0
python-pillow/Pillow,e42e1f45eaecd64f,0.1622002820874471,27,20,1.0,True,0.6181093256538219,1.0,0.38998356451498567,0.0,0.38998356451498567,0.0,0.38998356451498567,0.0
python-pillow/Pillow,b5ff78e627446341,0.019337016574585635,6,4,0.0,True,1.0,1.0,1.0,1.0,1.0,1.0,1.0,1.0
python-pillow/Pillow,d534511b316cb989,0.13968253968253969,7,6,0.0,True,0.5,0.0,0.5,0.0,0.5,0.0,0.43067655807339306,0.0
python-pillow/Pillow,6020f4969ffd3531,0.05333333333333334,6,5,0.0,True,0.6285070118534373,0.0,0.6285070118534373,0.0,0.6285070118534373,0.0,0.6285070118534373,0.0
python-pillow/Pillow,f5af1d5d4c3d64d2,0.026037428803905614,14,14,0.0,True,0.8619433550293523,1.0,0.8619433550293523,1.0,0.8619433550293523,1.0,0.8619433550293523,1.0
python-pillow/Pillow,bd1e1b1de6e5b72a,0.03438661710037175,7,6,0.0,True,0.2940806813328203,0.0,0.2940806813328203,0.0,0.2940806813328203,0.0,0.2940806813328203,0.0
python-telegram-bot/python-telegram-bot,7967f3c2b2edae95,0.1044776119402985,1,1,0.0,True,0.6309297535714575,0.0,0.6309297535714575,0.0,0.5,0.0,0.6309297535714575,0.0
python-telegram-bot/python-telegram-bot,2a1ef9d60286b6b2,0.03225806451612903,2,2,0.0,True,1.0,1.0,1.0,1.0,1.0,1.0,1.0,1.0
python-telegram-bot/python-telegram-bot,3708f5b283c429d5,0.01098901098901099,1,1,0.0,True,0.43067655807339306,0.0,0.43067655807339306,0.0,0.38685280723454163,0.0,0.43067655807339306,0.0
python-telegram-bot/python-telegram-bot,17dc0c5c9c2a9a6e,0.1286549707602339,1,1,0.0,True,0.6309297535714575,0.0,0.6309297535714575,0.0,0.8154648767857288,0.5,0.6309297535714575,0.0
python-telegram-bot/python-telegram-bot,8e44c84378bed2ef,0.08333333333333333,0,0,0.0,False,,,,,,,,
python-telegram-bot/python-telegram-bot,f8453b73fa501d7c,0.22304832713754646,6,4,0.0,True,0.7180633550838357,0.0,0.7402048425597298,0.0,0.5945049115278096,0.0,0.7180633550838357,0.0
python-telegram-bot/python-telegram-bot,08a6944653efc734,0.10240963855421686,1,1,0.0,True,0.5,0.0,0.5,0.0,0.6309297535714575,0.0,0.46533827903669656,0.0
python-telegram-bot/python-telegram-bot,c531a423f7f37b03,0.05747126436781609,1,1,0.0,True,1.0,1.0,1.0,1.0,1.0,1.0,1.0,1.0
python-telegram-bot/python-telegram-bot,66c2d9230b0ba040,0.12371134020618557,0,0,0.0,False,,,,,,,,
python-telegram-bot/python-telegram-bot,d737b6b4ad04139b,0.06293706293706294,1,1,0.0,True,0.46533827903669656,0.0,0.46533827903669656,0.0,0.43067655807339306,0.0,0.46533827903669656,0.0
python-telegram-bot/python-telegram-bot,ad7eeddbeb827f0e,0.3181818181818182,0,0,0.0,False,,,,,,,,
python-telegram-bot/python-telegram-bot,4b58a4a008d1095c,0.16766467065868262,0,0,0.0,False,,,,,,,,
python-telegram-bot/python-telegram-bot,e52e4ddd58b7ef88,0.08033240997229917,4,4,0.0,True,0.7967075809905066,0.0,0.7967075809905066,0.0,0.7967075809905066,0.0,0.7967075809905066,0.0
python-telegram-bot/python-telegram-bot,a7a0df2528f2d078,0.2679738562091503,0,0,0.0,False,,,,,,,,
python-telegram-bot/python-telegram-bot,de46a47648048e3c,0.03017241379310345,1,1,1.0,True,0.5,0.0,0.5,0.0,0.5,0.0,0.38685280723454163,0.0
python-telegram-bot/python-telegram-bot,7b3ed02bc73dc06b,0.008438818565400843,10,5,0.0,True,0.5316519652587917,1.0,0.5316519652587917,1.0,0.5316519652587917,1.0,0.5316519652587917,1.0
python-telegram-bot/python-telegram-bot,a2f4f608d75b2e58,0.0,1,1,0.0,True,1.0,1.0,1.0,1.0,1.0,1.0,1.0,1.0
python-telegram-bot/python-telegram-bot,058a70d4e1963644,0.0,1,1,0.0,True,1.0,1.0,1.0,1.0,1.0,1.0,1.0,1.0
python-telegram-bot/python-telegram-bot,b6583ef1923d31e0,0.19047619047619047,1,1,1.0,True,1.0,1.0,1.0,1.0,1.0,1.0,0.5,0.0
python-telegram-bot/python-telegram-bot,ff883a90f247861d,0.16666666666666666,1,1,0.0,True,0.6309297535714575,0.0,0.6309297535714575,0.0,0.6309297535714575,0.0,0.5654648767857288,0.0
python-telegram-bot/python-telegram-bot,957868228a6da321,0.1559633027522936,1,1,0.0,True,0.6309297535714575,0.0,0.6309297535714575,0.0,1.0,1.0,0.5,0.0
python-telegram-bot/python-telegram-bot,85f35f24d7cc70f1,0.03754266211604096,5,4,0.0,True,0.6387878864795979,0.0,0.6387878864795979,0.0,0.700567108257611,0.0,0.6387878864795979,0.0
python-telegram-bot/python-telegram-bot,3bee8a2f98a3158e,0.2,0,0,0.0,False,,,,,,,,
python-telegram-bot/python-telegram-bot,f29562e58493f4f0,0.06349206349206349,1,1,0.0,True,0.6309297535714575,0.0,0.6309297535714575,0.0,0.5,0.0,0.5,0.0
python-telegram-bot/python-telegram-bot,147a7a9fa1a056a0,0.12432432432432433,2,2,0.0,True,0.6934264036172708,0.0,0.6934264036172708,0.0,0.6934264036172708,0.0,0.6934264036172708,0.0
python-trio/trio,97dc963d68cd216b,0.08823529411764706,1,0,0.0,False,,,,,,,,
python-trio/trio,76551f8b0157b985,0.007709251101321586,1,1,0.0,True,0.0,0.0,0.0,0.0,0.0,0.0,0.0,0.0
python-trio/trio,c41541c984adc473,0.08,0,0,0.0,False,,,,,,,,
python-trio/trio,4891ad5da1087733,0.04152249134948097,1,0,0.0,False,,,,,,,,
python-trio/trio,577eb26efa2d1664,0.606312292358804,5,4,1.0,True,0.41311732856427996,0.0,0.41311732856427996,0.0,0.3196311965446524,0.0,0.52129602861432,0.0
python-trio/trio,9e904f570939b959,0.006756756756756757,0,0,0.0,False,,,,,,,,
python-trio/trio,093cabec53ce090c,0.028735632183908046,0,0,0.0,False,,,,,,,,
python-trio/trio,11f0c5aa069b7fc1,0.019588638589618023,1,1,0.0,True,0.5,0.0,0.5,0.0,0.5,0.0,0.5,0.0
python-trio/trio,dec295f89f184bf7,0.016733067729083666,2,2,0.0,True,0.0,0.0,0.0,0.0,0.0,0.0,0.0,0.0
python-trio/trio,7c40698b60727729,0.07692307692307693,0,0,0.0,False,,,,,,,,
python-trio/trio,be5a638535daddaa,0.035789473684210524,3,2,0.0,True,0.6309297535714575,0.0,0.6309297535714575,0.0,0.6309297535714575,0.0,0.6309297535714575,0.0
python-trio/trio,4d2d408dce9b1832,0.010075566750629723,2,0,0.0,False,,,,,,,,
python-trio/trio,44e9bee0178d023f,0.0064,7,2,0.0,True,0.5,0.0,0.46533827903669656,0.0,0.43067655807339306,0.0,0.5,0.0
python-trio/trio,725372af96c0246c,0.03076923076923077,1,0,0.0,False,,,,,,,,
python-trio/trio,8f921381e3075fce,0.058823529411764705,0,0,0.0,False,,,,,,,,
python-trio/trio,00e4133823bf6920,0.06415094339622641,2,2,1.0,True,0.2640681225725909,0.0,0.2640681225725909,0.0,0.2640681225725909,0.0,0.3065735963827292,0.0
python-trio/trio,bc57873daa35174b,0.017467248908296942,2,1,0.0,True,0.6309297535714575,0.0,0.6309297535714575,0.0,0.6309297535714575,0.0,0.6309297535714575,0.0
python-trio/trio,00c0a52c537fb02c,0.043824701195219126,0,0,0.0,False,,,,,,,,
python-trio/trio,02709ab45fbc2ba5,0.007751937984496124,1,1,0.0,True,0.0,0.0,0.0,0.0,0.0,0.0,0.0,0.0
python-trio/trio,cee7cc0c30d1205f,0.016260162601626018,4,1,0.0,True,0.43067655807339306,0.0,0.43067655807339306,0.0,0.43067655807339306,0.0,0.5,0.0
python-trio/trio,f3db622dec8ef8b6,0.0056022408963585435,0,0,0.0,False,,,,,,,,
python-trio/trio,7f4bab82707ef666,0.0106951871657754,1,0,0.0,False,,,,,,,,
python-trio/trio,4209f1aaae926b26,0.0,3,2,0.0,True,0.23719771276929622,0.0,0.2640681225725909,0.0,0.2640681225725909,0.0,0.23719771276929622,0.0
python-trio/trio,8a8b9476d4a5133e,0.007666098807495741,3,2,0.0,True,0.0,0.0,0.0,0.0,0.0,0.0,0.0,0.0
python-trio/trio,2855df450ff9b827,0.029239766081871343,1,0,0.0,False,,,,,,,,
python/mypy,fdd32ed24fbe4ba0,0.1853035143769968,13,3,0.0,True,0.0,0.0,0.0,0.0,0.0,0.0,0.0,0.0
python/mypy,b428e72ad628e4d9,0.0,0,0,0.0,False,,,,,,,,
python/mypy,97d13a4232abb428,0.2818181818181818,5,3,0.0,True,0.6182885020492784,0.0,0.6182885020492784,0.0,0.6182885020492784,0.0,0.6797310500037655,0.0
python/mypy,265bbd9d8b179bfc,0.16091687890715442,36,31,0.0,True,0.7852286412364423,1.0,0.8010455323894174,1.0,0.8010455323894174,1.0,0.8010455323894174,1.0
python/mypy,e5c360b6994ccd09,0.3472931562819203,4,3,0.0,True,0.46927872602275644,1.0,0.46927872602275644,1.0,0.46927872602275644,1.0,0.46927872602275644,1.0
python/mypy,4d7515936862a155,0.2848297213622291,6,4,1.0,True,0.8403030283801005,0.0,0.8403030283801005,0.0,0.8403030283801005,0.0,0.6444675286963276,0.0
python/mypy,fd24f83a22c188dc,0.1111111111111111,0,0,0.0,False,,,,,,,,
python/mypy,e2ed7b49654fbffd,0.11441914769410391,11,10,0.0,True,0.7989171698420183,1.0,0.7989171698420183,1.0,0.7989171698420183,1.0,0.7989171698420183,1.0
python/mypy,fba4dacbcb604643,0.07017543859649122,3,3,0.0,True,0.38685280723454163,0.0,0.38685280723454163,0.0,0.38685280723454163,0.0,0.4653382790366966,0.0
python/mypy,36174d3b2bf0201a,0.15267175572519084,1,1,0.0,True,0.5,0.0,0.5,0.0,0.5,0.0,0.6309297535714575,0.0
python/mypy,fd10b68de1c024ae,0.128,3,2,0.0,True,0.5839109145779317,0.0,0.5839109145779317,0.0,0.6240505200038379,0.0,0.6240505200038379,0.0
python/mypy,a1c6d8962d3011c8,0.22535211267605634,3,2,0.0,True,1.0,1.0,1.0,1.0,1.0,1.0,1.0,1.0
python/mypy,7bcda4a513b461a5,0.19131832797427653,4,3,0.0,True,1.0,1.0,1.0,1.0,1.0,1.0,1.0,1.0
python/mypy,8f0d4930bbf87aa2,0.09016393442622951,5,4,1.0,True,0.5945049115278096,0.0,0.5945049115278096,0.0,0.5945049115278096,0.0,0.47662611018851303,0.0
python/mypy,22d8715978487b1d,0.16353887399463807,8,6,0.0,True,0.11204717181408377,0.0,0.11204717181408377,0.0,0.11204717181408377,0.0,0.36296375602510883,0.0
python/mypy,1d8f31778a248bce,0.13333333333333333,9,7,0.0,True,0.2604545425701507,0.0,0.2604545425701507,0.0,0.31939394323979897,0.0,0.569350651460216,0.0
python/mypy,3f83168d29414682,0.32575757575757575,0,0,0.0,False,,,,,,,,
python/mypy,aae1f4f8ea43706b,0.1968365553602812,18,15,0.0,True,0.8707060329467383,1.0,0.8707060329467383,1.0,0.741263166549037,1.0,0.8969676607562205,1.0
python/mypy,c9f0543a93a28cd3,0.13333333333333333,5,3,0.0,True,0.46927872602275644,1.0,0.46927872602275644,1.0,0.46927872602275644,1.0,0.46927872602275644,1.0
python/mypy,2ca8741b5b9fdc8a,0.16666666666666666,0,0,0.0,False,,,,,,,,
python/mypy,cdffaffb73fce8b4,0.10276679841897234,13,10,0.0,True,0.5215847704201647,1.0,0.5215847704201647,1.0,0.5215847704201647,1.0,0.5215847704201647,1.0
python/mypy,a77c4ac8bd602e9c,0.1125879593432369,14,13,0.0,True,0.7899733589415718,1.0,0.7899733589415718,1.0,0.7899733589415718,1.0,0.7899733589415718,1.0
python/mypy,a7d2c40f4be6322c,0.19982471516213848,24,15,0.0,True,0.5511818137651132,0.0,0.5511818137651132,0.0,0.5511818137651132,0.0,0.6007709332512706,0.0
python/mypy,80dee8a782b382f7,0.167420814479638,17,16,1.0,True,0.7224242270408039,0.0,0.7224242270408039,0.0,0.8403030283801005,1.0,0.7813636277104521,0.5
python/mypy,9d811d0b7bd06103,0.6333333333333333,1,0,1.0,False,,,,,,,,
pytorch/pytorch,e3f5cebdc085a06a,0.0,3,0,0.0,False,,,,,,,,
pytorch/pytorch,f8565bf149a002f7,0.14285714285714285,0,0,0.0,False,,,,,,,,
pytorch/pytorch,7da734f3309eb77c,0.3333333333333333,0,0,0.0,False,,,,,,,,
pytorch/pytorch,7ab55176c67ad329,0.01282051282051282,5,1,0.0,True,0.38685280723454163,0.0,0.38685280723454163,0.0,0.38685280723454163,0.0,0.38685280723454163,0.0
pytorch/pytorch,8867e21f9792e3d6,0.07692307692307693,19,6,0.0,True,0.14704034066641014,0.0,0.14704034066641014,0.0,0.15536890793038996,0.0,0.16369747519436975,0.0
pytorch/pytorch,f53ae2f9c0e41a9a,0.21739130434782608,0,0,0.0,False,,,,,,,,
pytorch/pytorch,95e1eb7c29150110,0.12931034482758622,8,4,1.0,True,0.700567108257611,1.0,0.700567108257611,1.0,0.700567108257611,1.0,0.5335872476510206,0.0
pytorch/pytorch,71ca05fed7fd70ba,0.010869565217391304,2,0,0.0,False,,,,,,,,
pytorch/pytorch,424b420e27eb43a9,0.010869565217391304,1,0,0.0,False,,,,,,,,
pytorch/pytorch,1dfffde754d9f3b9,0.20175438596491227,11,3,0.0,True,0.3273949503887395,0.0,0.38009376671593426,0.0,0.4796249331362629,0.0,0.38009376671593426,0.0
pytorch/pytorch,02b301ed0b5cfee4,0.0,5,0,0.0,False,,,,,,,,
pytorch/pytorch,d82876dfeee1a481,0.022727272727272728,0,0,0.0,False,,,,,,,,
pytorch/pytorch,e9993081feee11d3,0.027972027972027972,1,1,0.0,True,0.0,0.0,0.0,0.0,0.0,0.0,0.0,0.0
pytorch/pytorch,f526f1a0b9159a2e,0.005555555555555556,3,0,0.0,False,,,,,,,,
pytorch/pytorch,2f3b00f5623cc154,0.4690721649484536,1,0,0.0,False,,,,,,,,
pytorch/pytorch,6c83815cfdfa6617,0.05,1,0,0.0,False,,,,,,,,
pytorch/pytorch,bb21488a69c56c4b,0.058823529411764705,0,0,0.0,False,,,,,,,,
pytorch/pytorch,1ceed683249d8b6a,0.0,27,17,0.0,True,0.2518118151084268,0.0,0.2261885532040488,0.0,0.2518118151084268,0.0,0.2518118151084268,0.0
pytorch/pytorch,af88235285b109d6,0.10869565217391304,1,0,0.0,False,,,,,,,,
pytorch/pytorch,9a98433761fadd60,0.5882352941176471,3,0,1.0,False,,,,,,,,
pytorch/pytorch,a8f5cb8eab2f0519,0.07939914163090128,8,2,0.0,True,0.0,0.0,0.0,0.0,0.0,0.0,0.0,0.0
pytorch/pytorch,7c692877c9625591,0.09615384615384616,0,0,0.0,False,,,,,,,,
pytorch/pytorch,69e0ff8be2f03076,0.0,0,0,0.0,False,,,,,,,,
pytorch/pytorch,b464a56c932fd0ca,0.04424778761061947,3,2,0.0,True,0.1289509357448472,0.0,0.1289509357448472,0.0,0.1289509357448472,0.0,0.1289509357448472,0.0
pytorch/pytorch,28c807e3b2f73b05,0.001154068090017311,6,0,0.0,False,,,,,,,,
pytorch/vision,f64b72a28b231ecd,0.21666666666666667,0,0,0.0,False,,,,,,,,
pytorch/vision,68dac17b6bf5c1f8,0.2874251497005988,0,0,1.0,False,,,,,,,,
pytorch/vision,468885f2b807a782,0.05652173913043478,1,0,0.0,False,,,,,,,,
pytorch/vision,542113e813e35b88,0.013333333333333334,0,0,0.0,False,,,,,,,,
pytorch/vision,6972b76da668feef,0.06278026905829596,0,0,0.0,False,,,,,,,,
pytorch/vision,bc5f4aaeab88b325,0.11696869851729819,0,0,0.0,False,,,,,,,,
pytorch/vision,732522b37678423c,0.15,0,0,0.0,False,,,,,,,,
pytorch/vision,7c4343df5ec25f6c,0.16666666666666666,1,0,0.0,False,,,,,,,,
pytorch/vision,c1ca975dfaf33e2a,0.19858156028368795,0,0,0.0,False,,,,,,,,
pytorch/vision,7411872242434647,0.04487179487179487,4,4,0.0,True,0.5,0.0,0.6309297535714575,0.0,0.6309297535714575,0.0,0.5,0.0
pytorch/vision,b85f850833136642,0.04,0,0,0.0,False,,,,,,,,
pytorch/vision,4ae1f9c6bb9efe7e,0.029371584699453553,1,0,0.0,False,,,,,,,,
pytorch/vision,513266fb7c25e95c,0.1541095890410959,4,4,0.0,True,0.0,0.0,0.0,0.0,0.0,0.0,0.0,0.0
pytorch/vision,cc7bbc66ec0ae77a,0.06926406926406926,11,6,0.0,True,0.06870140885511446,0.0,0.34350704427557227,0.0,0.45112187662975983,0.0,0.06870140885511446,0.0
pytorch/vision,3ee6d97779dcada3,0.0948905109489051,1,1,0.0,True,0.43067655807339306,0.0,0.43067655807339306,0.0,0.43067655807339306,0.0,0.5,0.0
pytorch/vision,e0d2144159c11cdc,0.0916030534351145,0,0,0.0,False,,,,,,,,
pytorch/vision,38cb58591fe8f6d7,0.08461538461538462,1,1,0.0,True,0.38685280723454163,0.0,0.40876468265396737,0.0,0.40876468265396737,0.0,0.43067655807339306,0.0
pytorch/vision,91ad84288a4471c5,0.030612244897959183,0,0,0.0,False,,,,,,,,
pytorch/vision,1003f09123dbb688,0.22439893143365983,1,0,1.0,False,,,,,,,,
pytorch/vision,15bf8a510fb81146,0.15294117647058825,0,0,0.0,False,,,,,,,,
pytorch/vision,21c078c1988d09c6,0.08482142857142858,0,0,0.0,False,,,,,,,,
pytorch/vision,7e57120c83ad87f3,0.08153078202995008,0,0,0.0,False,,,,,,,,
pytorch/vision,be41216b9faebef5,0.05113636363636364,0,0,0.0,False,,,,,,,,
pytorch/vision,2ff8ba9eaca2fd66,0.1534090909090909,0,0,0.0,False,,,,,,,,
pytorch/vision,319d85b994f8e225,0.12032520325203253,1,0,0.0,False,,,,,,,,
qemu/qemu,dc3d25f3129fdf54,0.006493506493506494,0,0,0.0,False,,,,,,,,
qemu/qemu,8eb9f0a59d0fc735,0.5695652173913044,1,0,1.0,False,,,,,,,,
qemu/qemu,0dee70dce36badd3,0.005659309564233163,1,1,0.0,True,0.0,0.0,0.0,0.0,0.0,0.0,0.0,0.0
qemu/qemu,ab8a1b72871a66fc,0.49422759758108853,0,0,1.0,False,,,,,,,,
qemu/qemu,cf4d1d33b1a87f45,0.14864864864864866,0,0,0.0,False,,,,,,,,
qemu/qemu,8f8ccdeeaa1d3511,0.0053475935828877,1,0,0.0,False,,,,,,,,
qemu/qemu,6fd0f44245c4504c,0.0187207488299532,2,2,0.0,True,0.0,0.0,0.0,0.0,0.0,0.0,0.0,0.0
qemu/qemu,f5898583c5dbefad,0.08996539792387544,0,0,0.0,False,,,,,,,,
qemu/qemu,8ca8fc5bb91ba96a,0.03313253012048193,11,5,0.0,True,0.3720000785943664,0.0,0.3720000785943664,0.0,0.3720000785943664,0.0,0.3720000785943664,0.0
qemu/qemu,7cdccb4a717202c3,0.0,15,13,0.0,True,0.10290931048490994,0.0,0.10290931048490994,0.0,0.10290931048490994,0.0,0.10290931048490994,0.0
qemu/qemu,d85e0dc06065007e,0.06573705179282868,1,0,0.0,False,,,,,,,,
qemu/qemu,22edc9dc4f63e77e,0.024271844660194174,2,1,0.0,True,0.0,0.0,0.0,0.0,0.0,0.0,0.0,0.0
qemu/qemu,d0a205fbbacbede5,0.1,0,0,0.0,False,,,,,,,,
qemu/qemu,00ed47d70388c21b,0.16,0,0,0.0,False,,,,,,,,
qemu/qemu,28f12f673dc164b1,0.21428571428571427,0,0,0.0,False,,,,,,,,
qemu/qemu,caeb373a66fa26ce,0.025477707006369428,0,0,0.0,False,,,,,,,,
qemu/qemu,898fdd782455a0f2,0.003952569169960474,11,9,0.0,True,0.7887407842989472,0.0,0.817864513372056,0.0,0.817864513372056,0.0,0.7887407842989472,0.0
qemu/qemu,304d6d2634adf758,0.0009704027171276079,7,5,0.0,True,0.878961873034099,1.0,0.878961873034099,1.0,0.878961873034099,1.0,0.878961873034099,1.0
qemu/qemu,d3a2b6dc2d537ae1,0.009708737864077669,2,1,0.0,True,0.46533827903669656,0.0,0.46533827903669656,0.0,0.0,0.0,0.46533827903669656,0.0
qemu/qemu,e90f7f7336bf4885,0.016989466530750934,20,12,0.0,True,0.22335399233128342,0.0,0.22335399233128342,0.0,0.22335399233128342,0.0,0.22335399233128342,0.0
qemu/qemu,5d290a12d4e787c4,0.002631578947368421,1,0,0.0,False,,,,,,,,
qemu/qemu,c86a5eb60ae7ca28,0.045845272206303724,5,2,0.0,True,0.38685280723454163,0.0,0.38685280723454163,0.0,0.38685280723454163,0.0,0.38685280723454163,0.0
qemu/qemu,54be9dac6600d4bd,0.0,2,1,0.0,True,0.0,0.0,0.0,0.0,0.0,0.0,0.0,0.0
qemu/qemu,39b4a13bdcfc0b88,0.5705521472392638,1,0,1.0,False,,,,,,,,
qemu/qemu,9c71cda3b4f74ed6,0.10932944606413994,3,3,0.0,True,0.0,0.0,0.0,0.0,0.0,0.0,0.0,0.0
qpdf/qpdf,9ff739d5f573ddcd,0.36328125,2,2,0.0,True,0.5,0.0,0.5,0.0,0.5,0.0,0.5,0.0
qpdf/qpdf,bf27d084a091d0ce,0.24269005847953215,0,0,0.0,False,,,,,,,,
qpdf/qpdf,773491f747665f16,0.0975609756097561,1,1,0.0,True,0.6309297535714575,0.0,0.6309297535714575,0.0,0.6309297535714575,0.0,0.6309297535714575,0.0
qpdf/qpdf,67e7584572481024,0.21951219512195122,1,1,0.0,True,0.5,0.0,0.5,0.0,0.5,0.0,0.6309297535714575,0.0
qpdf/qpdf,5450f2b22154610d,0.34814814814814815,2,2,0.0,True,0.5,0.0,0.5,0.0,0.5,0.0,0.6309297535714575,0.0
qpdf/qpdf,12055bb55b5afe29,0.0,1,1,0.0,True,0.6309297535714575,0.0,0.6309297535714575,0.0,0.6309297535714575,0.0,0.6309297535714575,0.0
qpdf/qpdf,fb9f0e001d2db160,0.1875,0,0,0.0,False,,,,,,,,
qpdf/qpdf,77ffd4af22ac0b30,0.03292181069958848,0,0,0.0,False,,,,,,,,
qpdf/qpdf,93cd2e38de1fd1f0,0.08955223880597014,1,1,0.0,True,0.6309297535714575,0.0,0.6309297535714575,0.0,0.5,0.0,0.6309297535714575,0.0
qpdf/qpdf,55e9142c06276fb8,0.0,6,6,0.0,True,0.6309297535714575,0.0,0.6309297535714575,0.0,0.6309297535714575,0.0,0.6309297535714575,0.0
qpdf/qpdf,a5daeb664cb71f32,0.1079136690647482,3,3,0.0,True,0.6309297535714575,0.0,0.6309297535714575,0.0,0.6309297535714575,0.0,0.6309297535714575,0.0
qpdf/qpdf,a5b2b6fad6b22c6f,0.0016556291390728477,8,7,0.0,True,0.6305569638500157,0.0,0.6305569638500157,0.0,0.6305569638500157,0.0,0.31939394323979897,0.0
qpdf/qpdf,e184c7a6e17bb1a0,0.29545454545454547,0,0,0.0,False,,,,,,,,
qpdf/qpdf,bbae4e59e9dc66f4,0.3197278911564626,0,0,0.0,False,,,,,,,,
qpdf/qpdf,5294686035f724c3,0.125,0,0,0.0,False,,,,,,,,
qpdf/qpdf,cbb1e2a0b6683fbd,0.2169811320754717,0,0,0.0,False,,,,,,,,
qpdf/qpdf,f402bf45e731a735,0.2447418738049713,6,6,0.0,True,0.6215669797301413,0.0,0.6215669797301413,0.0,0.6215669797301413,0.0,0.6215669797301413,0.0
qpdf/qpdf,91c5b46dc84a9460,0.08022462896109106,0,0,0.0,False,,,,,,,,
qpdf/qpdf,86ce344dc69debd7,0.17073170731707318,0,0,0.0,False,,,,,,,,
qpdf/qpdf,105211055d2a9044,0.16326530612244897,0,0,0.0,False,,,,,,,,
qpdf/qpdf,dc22374c751e3e2c,0.13580246913580246,0,0,0.0,False,,,,,,,,
qpdf/qpdf,8e435b97a9914d43,0.033622559652928416,9,9,0.0,True,0.5,0.0,0.5,0.0,0.5,0.0,0.5,0.0
qpdf/qpdf,294460d94eabe207,0.18421052631578946,0,0,0.0,False,,,,,,,,
qpdf/qpdf,a44b5ca4fc8f93ed,0.009523809523809525,0,0,0.0,False,,,,,,,,
qpdf/qpdf,c63cfa67997ab5b8,0.17142857142857143,0,0,0.0,False,,,,,,,,
qtile/qtile,cc516137acc03a81,0.171875,1,0,1.0,False,,,,,,,,
qtile/qtile,03e7f50bb59e1c41,0.030303030303030304,1,0,0.0,False,,,,,,,,
qtile/qtile,acb8d41e2a920fac,0.1111111111111111,3,2,0.0,True,1.0,1.0,1.0,1.0,1.0,1.0,1.0,1.0
qtile/qtile,8606537352d6a3e9,0.05630630630630631,2,0,0.0,False,,,,,,,,
qtile/qtile,0455ac9a3773d4a0,0.023255813953488372,2,2,0.0,True,0.5,0.0,0.5,0.0,0.43067655807339306,0.0,0.5,0.0
qtile/qtile,4f40c727737f0b8d,0.09333333333333334,1,0,0.0,False,,,,,,,,
qtile/qtile,9ca7b85d74a8b663,0.0,3,0,0.0,False,,,,,,,,
qtile/qtile,7008bdff672d9797,0.024752475247524754,2,0,0.0,False,,,,,,,,
qtile/qtile,b25ba37895f03286,0.05555555555555555,2,1,0.0,True,0.6309297535714575,0.0,0.6309297535714575,0.0,0.6309297535714575,0.0,0.6309297535714575,0.0
qtile/qtile,abf231ed497700ee,0.018518518518518517,1,0,0.0,False,,,,,,,,
qtile/qtile,d0362345ff5ae316,0.02702702702702703,1,0,0.0,False,,,,,,,,
qtile/qtile,3017c41b187f4b87,0.0136986301369863,2,2,0.0,True,0.6309297535714575,0.0,0.6309297535714575,0.0,0.6309297535714575,0.0,0.6309297535714575,0.0
qtile/qtile,7a0d20c9b5fd7e01,0.07924528301886792,1,0,0.0,False,,,,,,,,
qtile/qtile,0f685b5c57434012,0.005813953488372093,2,2,0.0,True,1.0,1.0,1.0,1.0,1.0,1.0,1.0,1.0
qtile/qtile,051774ec1f892c1b,0.18181818181818182,0,0,0.0,False,,,,,,,,
qtile/qtile,01affb5514bade2c,0.03125,2,0,0.0,False,,,,,,,,
qtile/qtile,1244236f8d809bd4,0.022988505747126436,2,2,0.0,True,0.38685280723454163,0.0,0.38685280723454163,0.0,0.0,0.0,0.43067655807339306,0.0
qtile/qtile,e6fb81bcf86e574b,0.1702127659574468,0,0,0.0,False,,,,,,,,
qtile/qtile,de7cf480df1b7e94,0.04361370716510903,3,2,0.0,True,0.07906590425643206,0.0,0.07906590425643206,0.0,0.0,0.0,0.07906590425643206,0.0
qtile/qtile,f7b30601465f5a98,0.1016949152542373,0,0,0.0,False,,,,,,,,
qtile/qtile,9a01bdc2198f10d4,0.018518518518518517,1,1,0.0,True,0.1289509357448472,0.0,0.1289509357448472,0.0,0.0,0.0,0.1289509357448472,0.0
qtile/qtile,fcb03c0da86a53ba,0.0,1,0,0.0,False,,,,,,,,
qtile/qtile,7958be32c71a75a3,0.12790697674418605,2,2,0.0,True,0.0,0.0,0.0,0.0,0.0,0.0,0.43067655807339306,0.0
qtile/qtile,0e07116ea77673db,0.11612903225806452,2,2,0.0,True,0.0,0.0,0.0,0.0,0.0,0.0,0.0,0.0
qtile/qtile,a6b88292b7ea168b,0.027149321266968326,2,2,0.0,True,0.38685280723454163,0.0,0.38685280723454163,0.0,0.38685280723454163,0.0,0.43067655807339306,0.0
quantumlib/Cirq,2b5f89ffbffd4adc,0.05,2,1,0.0,True,0.5,0.0,0.5,0.0,0.5,0.0,0.6309297535714575,0.0
quantumlib/Cirq,b5827560eb88b145,0.0,0,0,0.0,False,,,,,,,,
quantumlib/Cirq,e968852177187581,0.014084507042253521,1,0,0.0,False,,,,,,,,
quantumlib/Cirq,c61773ec62f9a1ed,0.19078104993597952,2,1,1.0,True,0.0,0.0,0.0,0.0,0.0,0.0,0.0,0.0
quantumlib/Cirq,e4f967b0cae95145,0.05555555555555555,4,3,0.0,True,0.5174418337467067,0.0,0.5174418337467067,0.0,0.45777815652719006,0.0,0.45777822068112917,0.0
quantumlib/Cirq,4235c6d3422e460a,0.058823529411764705,0,0,0.0,False,,,,,,,,
quantumlib/Cirq,81942bf087e42422,0.0,0,0,0.0,False,,,,,,,,
quantumlib/Cirq,3b222999a1fb1c5e,0.21212121212121213,1,0,0.0,False,,,,,,,,
quantumlib/Cirq,fb4875c304782d09,0.12462006079027356,2,1,0.0,True,0.43067655807339306,0.0,0.43067655807339306,0.0,0.43067655807339306,0.0,0.43067655807339306,0.0
quantumlib/Cirq,17cbebd3b88eba72,0.03225806451612903,0,0,0.0,False,,,,,,,,
quantumlib/Cirq,b6cb000c3a61e0c8,0.08168316831683169,2,1,0.0,True,0.38685280723454163,0.0,0.38685280723454163,0.0,0.0,0.0,0.5,0.0
quantumlib/Cirq,1e6af05b32a15b52,0.015873015873015872,2,1,0.0,True,0.6309297535714575,0.0,0.6309297535714575,0.0,0.5,0.0,0.6309297535714575,0.0
quantumlib/Cirq,b54b3a6eb75cf302,0.05405405405405406,0,0,0.0,False,,,,,,,,
quantumlib/Cirq,6bcf821ef8cd666b,0.023195876288659795,2,1,0.0,True,0.5,0.0,0.5,0.0,0.5,0.0,0.6309297535714575,0.0
quantumlib/Cirq,8f67a9f63454fd10,0.014150943396226415,3,0,0.0,False,,,,,,,,
quantumlib/Cirq,309a5d7bb9fe162e,0.022988505747126436,3,1,0.0,True,0.5,0.0,0.5,0.0,0.43067655807339306,0.0,0.40876468265396737,0.0
quantumlib/Cirq,c4cdb9219ec2a042,0.028395061728395062,11,10,0.0,True,0.9385574520455129,1.0,0.9385574520455129,1.0,0.9385574520455129,1.0,1.0,1.0
quantumlib/Cirq,471a1185536dc4cf,0.09074410163339383,1,1,0.0,True,0.6309297535714575,0.0,0.6309297535714575,0.0,0.6309297535714575,0.0,0.6309297535714575,0.0
quantumlib/Cirq,0bae585dac575fa2,0.28888888888888886,0,0,0.0,False,,,,,,,,
quantumlib/Cirq,8a7f971856cd0170,0.04253112033195021,7,4,0.0,True,0.38685280723454163,0.0,0.38685280723454163,0.0,0.0,0.0,0.43067655807339306,0.0
quantumlib/Cirq,b373d5ec3cabedb2,0.10240963855421686,1,1,0.0,True,0.43067655807339306,0.0,0.43067655807339306,0.0,0.43067655807339306,0.0,0.43067655807339306,0.0
quantumlib/Cirq,adedfc730907df86,0.2097560975609756,0,0,0.0,False,,,,,,,,
quantumlib/Cirq,1e8af7ae5407fe26,0.006535947712418301,1,0,0.0,False,,,,,,,,
quantumlib/Cirq,c201098cba42d2fd,0.05106382978723404,0,0,0.0,False,,,,,,,,
quantumlib/Cirq,8b3cefeb1c3f759c,0.04,0,0,0.0,False,,,,,,,,
quarto-dev/quarto-cli,14aee09d08bd4cff,0.0,0,0,0.0,False,,,,,,,,
quarto-dev/quarto-cli,3794ceb765fded69,0.02763819095477387,0,0,0.0,False,,,,,,,,
quarto-dev/quarto-cli,8db8cafc98f0d728,0.03731343283582089,4,2,0.0,True,0.6309297535714575,0.0,0.6309297535714575,0.0,0.6309297535714575,0.0,0.6309297535714575,0.0
quarto-dev/quarto-cli,98e46fab0e0c817d,0.019543973941368076,0,0,0.0,False,,,,,,,,
quartznet/quartznet,bee513e9a79ff5fc,0.6223776223776224,11,11,0.0,True,1.0,1.0,1.0,1.0,1.0,1.0,1.0,1.0
quartznet/quartznet,f4105ad007e4984f,0.5357142857142857,7,7,0.0,True,1.0,1.0,1.0,1.0,1.0,1.0,1.0,1.0
quartznet/quartznet,65cc6fff450599ed,0.46715328467153283,7,7,1.0,True,1.0,1.0,0.6309297535714575,0.0,0.6309297535714575,0.0,0.6309297535714575,0.0
quartznet/quartznet,629a1aecfc746c71,0.5462962962962963,2,2,0.0,True,1.0,1.0,1.0,1.0,1.0,1.0,1.0,1.0
quartznet/quartznet,5ecc8bcf87c133ec,0.5428571428571428,2,2,0.0,True,1.0,1.0,1.0,1.0,1.0,1.0,1.0,1.0
quartznet/quartznet,6542c191856de134,0.9076492537313433,50,49,0.0,True,1.0,1.0,1.0,1.0,1.0,1.0,1.0,1.0
quartznet/quartznet,8095d0ceeca6f0a4,0.6875,5,5,0.0,True,1.0,1.0,1.0,1.0,1.0,1.0,1.0,1.0
quartznet/quartznet,61aecd43563a7bb1,0.7663551401869159,28,28,0.0,True,1.0,1.0,1.0,1.0,1.0,1.0,1.0,1.0
quartznet/quartznet,b7f7af06b8ee60e5,0.7361878453038674,7,7,0.0,True,1.0,1.0,1.0,1.0,1.0,1.0,1.0,1.0
quartznet/quartznet,23888833df43e6bb,0.5,5,5,0.0,True,1.0,1.0,1.0,1.0,1.0,1.0,1.0,1.0
quartznet/quartznet,30df74f6b6e5bedb,0.8173719376391982,14,14,0.0,True,1.0,1.0,1.0,1.0,1.0,1.0,1.0,1.0
quartznet/quartznet,db9d1e7048d1aed7,0.5333333333333333,2,2,1.0,True,1.0,1.0,0.5,0.0,0.5,0.0,0.5,0.0
quartznet/quartznet,9b2d3e9392feb90b,0.4852941176470588,11,10,0.0,True,1.0,1.0,1.0,1.0,1.0,1.0,1.0,1.0
quartznet/quartznet,161307d6ba2e61f0,0.7416666666666667,7,7,0.0,True,1.0,1.0,1.0,1.0,1.0,1.0,1.0,1.0
quartznet/quartznet,6f2f7bb646cb2dc5,0.8602150537634409,7,7,0.0,True,1.0,1.0,1.0,1.0,1.0,1.0,1.0,1.0
quartznet/quartznet,da596b9d3c1924b3,0.7241379310344828,4,4,0.0,True,1.0,1.0,1.0,1.0,1.0,1.0,1.0,1.0
quartznet/quartznet,ce2ef6ec0406667a,0.5738636363636364,9,9,0.0,True,1.0,1.0,1.0,1.0,1.0,1.0,1.0,1.0
quartznet/quartznet,4c2326e2e13820c9,0.7007299270072993,1,1,1.0,True,1.0,1.0,0.6309297535714575,0.0,0.6309297535714575,0.0,0.6309297535714575,0.0
quartznet/quartznet,2d77932406d8acce,0.5384615384615384,0,0,0.0,False,,,,,,,,
quartznet/quartznet,05a9605865ad401b,0.5098039215686274,1,1,0.0,True,1.0,1.0,1.0,1.0,1.0,1.0,1.0,1.0
quartznet/quartznet,7a3589a4a9806dd7,0.7625,18,18,0.0,True,1.0,1.0,1.0,1.0,1.0,1.0,1.0,1.0
quartznet/quartznet,1dbb0fc054616997,0.09348441926345609,18,18,0.0,True,0.6309297535714575,0.0,0.6309297535714575,0.0,0.6309297535714575,0.0,0.6309297535714575,0.0
quartznet/quartznet,c8eb0188b329d75a,0.49056603773584906,2,2,0.0,True,1.0,1.0,1.0,1.0,1.0,1.0,1.0,1.0
quartznet/quartznet,b712488d4d248980,0.6923076923076923,0,0,0.0,False,,,,,,,,
quartznet/quartznet,7b923281138ac81b,0.9077490774907749,13,13,0.0,True,1.0,1.0,1.0,1.0,1.0,1.0,1.0,1.0
questdb/questdb,8f272a230fb5b61d,0.14285714285714285,2,1,0.0,True,0.6309297535714575,0.0,0.6309297535714575,0.0,0.6309297535714575,0.0,0.5,0.0
questdb/questdb,e02ebe7c86b56f89,0.12691466083150985,6,5,0.0,True,0.7040965536719686,0.0,0.564405081917122,0.0,0.541106098658635,0.0,0.6672406095331843,0.0
questdb/questdb,745f4cfab7e478ac,0.01680672268907563,7,6,0.0,True,0.5177353649514501,0.0,0.5177353649514501,0.0,0.5229617661269151,0.0,0.5177353649514501,0.0
questdb/questdb,48c37587fb221bf3,0.19248826291079812,7,6,0.0,True,0.5064267999755792,0.0,0.5064267999755792,0.0,0.6256863584438503,0.0,0.5064267999755792,0.0
questdb/questdb,475eadb8f4e455e3,0.011235955056179775,4,2,0.0,True,0.9197207891481876,1.0,0.9197207891481876,1.0,0.8772153153380493,1.0,0.9197207891481876,1.0
questdb/questdb,9c417bf4d1c6070f,0.027777777777777776,2,1,0.0,True,0.6309297535714575,0.0,0.6309297535714575,0.0,0.5,0.0,0.6309297535714575,0.0
questdb/questdb,bc81eb5b239ce96f,0.08,6,4,0.0,True,0.7967075809905066,0.0,0.7967075809905066,0.0,0.6229422381190667,0.0,0.7967075809905066,0.0
questdb/questdb,cdc83e853cbcfbe7,0.025423728813559324,4,2,0.0,True,0.5225185722469563,0.0,0.5012658353418871,0.0,0.2640681225725909,0.0,0.28532085947766006,0.0
questdb/questdb,047352bd8393e723,0.2662037037037037,6,4,0.0,True,1.0,1.0,1.0,1.0,0.944847956559586,1.0,0.8262346571285599,1.0
questdb/questdb,8774694bc866ab00,0.0787037037037037,2,1,0.0,True,0.6309297535714575,0.0,0.6309297535714575,0.0,0.6309297535714575,0.0,0.5,0.0
questdb/questdb,8f4ab95dda2f482d,0.16666666666666666,7,3,0.0,True,0.6508205185601091,1.0,0.6508205185601091,1.0,0.46927872602275644,1.0,0.6508205185601091,1.0
questdb/questdb,2860008ca329248e,0.02147239263803681,10,7,0.0,True,0.7072908790226796,1.0,0.7072908790226796,1.0,0.7854672967601968,1.0,0.7072908790226796,1.0
questdb/questdb,a63a2c70acb05f5b,0.0784313725490196,3,3,0.0,True,0.9238850086262381,1.0,0.9238850086262381,1.0,0.9072278740982787,1.0,0.9238850086262381,1.0
questdb/questdb,da4c855a68a5cbb9,0.049079754601226995,5,3,0.0,True,0.5338931479009518,0.0,0.5338931479009518,0.0,0.23981246656813146,0.0,0.5338931479009518,0.0
questdb/questdb,e1092b216606c9cb,0.06896551724137931,2,1,0.0,True,0.6309297535714575,0.0,0.6309297535714575,0.0,0.6309297535714575,0.0,0.6309297535714575,0.0
questdb/questdb,b497e12f1fa37a0f,0.06837606837606838,7,4,0.0,True,0.5706417189553201,0.0,0.5706417189553201,0.0,0.5012658353418871,0.0,0.5706417189553201,0.0
questdb/questdb,e1f492cac6063c64,0.03333333333333333,2,1,0.0,True,0.6309297535714575,0.0,0.6309297535714575,0.0,0.6309297535714575,0.0,0.6309297535714575,0.0
questdb/questdb,6c67cb525dda44a7,0.09433962264150944,4,2,0.0,True,0.6309297535714575,0.0,0.6309297535714575,0.0,0.46533827903669656,0.0,0.46533827903669656,0.0
questdb/questdb,c385b0bff6132398,0.02040816326530612,2,1,0.0,True,0.6309297535714575,0.0,0.6309297535714575,0.0,0.6309297535714575,0.0,0.6309297535714575,0.0
questdb/questdb,5ae63910d489cd78,0.023255813953488372,3,2,0.0,True,1.0,1.0,1.0,1.0,1.0,1.0,1.0,1.0
questdb/questdb,2213504e66ec8a93,0.022988505747126436,2,1,0.0,True,0.6309297535714575,0.0,0.6309297535714575,0.0,0.6309297535714575,0.0,0.6309297535714575,0.0
questdb/questdb,31d045d6ab71e5f3,0.19047619047619047,1,0,0.0,False,,,,,,,,
questdb/questdb,9fa8ffb3a07706c5,0.06006006006006006,9,7,1.0,True,0.7958830702855284,1.0,0.7958830702855284,1.0,0.35098520806348704,0.0,0.5177338737413085,0.0
questdb/questdb,b056e8c14b30348c,0.008620689655172414,2,1,0.0,True,0.6309297535714575,0.0,0.6309297535714575,0.0,0.6309297535714575,0.0,0.6309297535714575,0.0
questdb/questdb,9d37cb4b06767703,0.09523809523809523,3,2,0.0,True,0.6934264036172708,0.0,0.6934264036172708,0.0,0.6374857249054853,0.0,0.6374857249054853,0.0
rabbitmq/rabbitmq-server,f8e8d88c0c95751a,0.034482758620689655,1,1,0.0,True,0.19342640361727081,0.0,0.19342640361727081,0.0,0.19342640361727081,0.0,0.0,0.0
rabbitmq/rabbitmq-server,65086fa867c9a9b4,0.008928571428571428,4,3,0.0,True,0.0,0.0,0.0,0.0,0.0,0.0,0.0,0.0
rabbitmq/rabbitmq-server,a56e07fc150271fd,0.2727272727272727,0,0,0.0,False,,,,,,,,
rabbitmq/rabbitmq-server,c271a6d7fac66e87,0.004424778761061947,5,4,0.0,True,0.8262346571285599,1.0,0.8262346571285599,1.0,0.8262346571285599,1.0,0.8262346571285599,1.0
rabbitmq/rabbitmq-server,3757349a54447372,0.003968253968253968,1,1,0.0,True,0.5,0.0,0.5,0.0,0.40876468265396737,0.0,0.4391764551026449,0.0
rabbitmq/rabbitmq-server,d7b9418c450554cf,0.010101010101010102,4,4,0.0,True,0.531730627995306,0.0,0.531730627995306,0.0,0.4091117643838536,0.0,0.44863190595813024,0.0
rabbitmq/rabbitmq-server,e5987083265152d0,0.015384615384615385,1,1,0.0,True,0.43067655807339306,0.0,0.43067655807339306,0.0,0.43067655807339306,0.0,0.38685280723454163,0.0
rabbitmq/rabbitmq-server,626e2dd8c9edc01c,0.037037037037037035,2,1,0.0,True,0.43067655807339306,0.0,0.43067655807339306,0.0,0.38685280723454163,0.0,0.19342640361727081,0.0
rabbitmq/rabbitmq-server,929ccedf238a04cf,0.007692307692307693,10,3,0.0,True,0.0,0.0,0.0,0.0,0.0,0.0,0.0,0.0
rabbitmq/rabbitmq-server,8de7b2962a0d24e4,0.005434782608695652,2,1,0.0,True,0.0,0.0,0.0,0.0,0.0,0.0,0.0,0.0
rabbitmq/rabbitmq-server,09cc892c528bd0a1,0.0021413276231263384,2,2,0.0,True,0.0,0.0,0.0,0.0,0.0,0.0,0.0,0.0
rabbitmq/rabbitmq-server,e6c70ed16e3afe8d,0.025,1,1,0.0,True,0.19342640361727081,0.0,0.27250978843597823,0.0,0.27250978843597823,0.0,0.0,0.0
rabbitmq/rabbitmq-server,4aef98087380df30,0.0013850415512465374,1,1,0.0,True,0.0,0.0,0.0,0.0,0.0,0.0,0.0,0.0
rabbitmq/rabbitmq-server,280e3f303fd79906,0.05555555555555555,7,5,0.0,True,0.28917961673290754,0.0,0.28917961673290754,0.0,0.28917961673290754,0.0,0.1124040883611987,0.0
rabbitmq/rabbitmq-server,b21baed58bce09b8,0.010416666666666666,2,1,0.0,True,0.40876468265396737,0.0,0.40876468265396737,0.0,0.40876468265396737,0.0,0.0,0.0
rabbitmq/rabbitmq-server,df472f5944156cc1,0.006211180124223602,1,1,0.0,True,0.38685280723454163,0.0,0.38685280723454163,0.0,0.38685280723454163,0.0,0.0,0.0
rabbitmq/rabbitmq-server,cca168029659c19b,0.047619047619047616,1,1,0.0,True,0.5,0.0,0.5,0.0,0.5,0.0,0.43067655807339306,0.0
rabbitmq/rabbitmq-server,04de6b58f84b7bc5,0.02631578947368421,1,1,0.0,True,0.46533827903669656,0.0,0.5,0.0,0.5,0.0,0.38685280723454163,0.0
rabbitmq/rabbitmq-server,79090d3def2c2c8b,0.009345794392523364,2,1,0.0,True,0.6309297535714575,0.0,0.6309297535714575,0.0,0.6309297535714575,0.0,0.5654648767857288,0.0
rabbitmq/rabbitmq-server,bab7306ca2ebd6d0,0.0056179775280898875,2,2,0.0,True,0.0,0.0,0.0,0.0,0.0,0.0,0.0,0.0
rabbitmq/rabbitmq-server,18bfb61a2a0150c4,0.010309278350515464,5,2,0.0,True,0.0,0.0,0.0,0.0,0.0,0.0,0.0,0.0
rabbitmq/rabbitmq-server,e9b3cf362830067a,0.003861003861003861,6,5,0.0,True,0.20567105523212453,0.0,0.0,0.0,0.0,0.0,0.20567105523212453,0.0
rabbitmq/rabbitmq-server,bb2d31870fd8714f,0.018518518518518517,1,1,0.0,True,0.19342640361727081,0.0,0.19342640361727081,0.0,0.19342640361727081,0.0,0.0,0.0
rabbitmq/rabbitmq-server,4250f15afc7f2bd6,0.012658227848101266,1,1,0.0,True,0.43067655807339306,0.0,0.43067655807339306,0.0,0.0,0.0,0.1289509357448472,0.0
rabbitmq/rabbitmq-server,443b474a34b2ae5f,0.011111111111111112,1,1,0.0,True,0.09671320180863541,0.0,0.1289509357448472,0.0,0.1289509357448472,0.0,0.0,0.0
rails/rails,9a767a4e05fa7c6f,0.0228310502283105,2,1,0.0,True,0.0,0.0,0.0,0.0,0.0,0.0,0.0,0.0
rails/rails,4ec89ac99395bebb,0.0016025641025641025,3,0,0.0,False,,,,,,,,
rails/rails,baf71687c395f0e1,0.07526881720430108,6,2,1.0,True,0.0,0.0,0.0,0.0,0.0,0.0,0.0,0.0
rails/rails,283f0ca468d869ee,0.05263157894736842,0,0,0.0,False,,,,,,,,
rails/rails,179f2c9c5e2ed563,0.041474654377880185,1,1,0.0,True,0.46533827903669656,0.0,0.5,0.0,0.5,0.0,0.5,0.0
rails/rails,539c7c07345c8b21,0.024844720496894408,1,0,0.0,False,,,,,,,,
rails/rails,ffd9023828098012,0.16666666666666666,5,0,0.0,False,,,,,,,,
rails/rails,84336ce3bfc57f51,0.12244897959183673,0,0,0.0,False,,,,,,,,
rails/rails,862321b4f7080a04,0.00966183574879227,7,1,0.0,True,1.0,1.0,1.0,1.0,1.0,1.0,1.0,1.0
rails/rails,149c9ced48dd3486,0.047619047619047616,0,0,0.0,False,,,,,,,,
rails/rails,b0e9e928ad4f52e8,0.13137557959814528,3,0,1.0,False,,,,,,,,
rails/rails,b5fdb06af231f549,0.003003003003003003,3,0,0.0,False,,,,,,,,
rails/rails,19c5e74b589e3008,0.10714285714285714,0,0,0.0,False,,,,,,,,
rails/rails,3f752c786661d783,0.290625,6,3,1.0,True,0.5,0.0,0.5,0.0,0.5,0.0,0.43067655807339306,0.0
rails/rails,6beff742d360cbb4,0.02601156069364162,2,0,0.0,False,,,,,,,,
rails/rails,d8e2c36898804baa,0.025210084033613446,0,0,0.0,False,,,,,,,,
rails/rails,db32e7ef97f967ca,0.013422818791946308,3,1,0.0,True,0.0,0.0,0.0,0.0,0.0,0.0,0.0,0.0
rails/rails,0c85c72c5220470c,0.06200676437429538,8,1,0.0,True,0.0,0.0,0.0,0.0,0.0,0.0,0.0,0.0
rails/rails,3f106a6747ccab25,0.20967741935483872,2,0,0.0,False,,,,,,,,
rails/rails,8cb85df2b6e5e054,0.14285714285714285,0,0,1.0,False,,,,,,,,
rails/rails,97a76df2ed41f840,0.2727272727272727,0,0,1.0,False,,,,,,,,
rails/rails,ddba6619db21932b,0.21052631578947367,0,0,0.0,False,,,,,,,,
rails/rails,baa14e0a685a998b,0.27848101265822783,0,0,0.0,False,,,,,,,,
rails/rails,f444aa35d2abc014,0.0830223880597015,6,2,0.0,True,0.0,0.0,0.0,0.0,0.0,0.0,0.0,0.0
rails/rails,7f0f4414aabb8451,0.23809523809523808,1,0,0.0,False,,,,,,,,
rapid7/metasploit-framework,9eb0cd71d85328d7,0.6590909090909091,0,0,1.0,False,,,,,,,,
rapid7/metasploit-framework,121c790792a36893,0.30666666666666664,1,1,0.0,True,0.0,0.0,0.13625489421798911,0.0,0.13625489421798911,0.0,0.0,0.0
rapid7/metasploit-framework,beca04f93c0ed837,0.34074074074074073,1,1,0.0,True,0.40876468265396737,0.0,0.0,0.0,0.0,0.0,0.0,0.0
rapid7/metasploit-framework,13e0764b67c2c50b,0.7287234042553191,0,0,1.0,False,,,,,,,,
rapid7/metasploit-framework,0b9ef086b261164f,0.6060606060606061,0,0,1.0,False,,,,,,,,
rapid7/metasploit-framework,66adb2d2a0b65983,0.30985915492957744,1,0,0.0,False,,,,,,,,
rapid7/metasploit-framework,902aeef191945d5c,0.4791666666666667,0,0,1.0,False,,,,,,,,
rapid7/metasploit-framework,75cfa0c3128c36d0,0.4528301886792453,0,0,1.0,False,,,,,,,,
rapid7/metasploit-framework,68857806d08888fd,0.728021978021978,1,0,1.0,False,,,,,,,,
rapid7/metasploit-framework,7dec6e5dd944a45b,0.375,1,0,1.0,False,,,,,,,,
rapid7/metasploit-framework,5893195338eab884,0.2391304347826087,0,0,0.0,False,,,,,,,,
rapid7/metasploit-framework,68a8637dc9b5869e,0.5681818181818182,4,1,1.0,True,0.0,0.0,0.0,0.0,0.0,0.0,0.0,0.0
rapid7/metasploit-framework,4e778bf944934e9a,0.7363013698630136,0,0,1.0,False,,,,,,,,
rapid7/metasploit-framework,33108edd62cdba37,0.23404255319148937,0,0,0.0,False,,,,,,,,
rapid7/metasploit-framework,118f7e897a4fd36e,0.5163934426229508,2,1,1.0,True,0.0,0.0,0.0,0.0,0.0,0.0,0.0,0.0
rapid7/metasploit-framework,cfcc18dff8fb8fe5,0.44155844155844154,0,0,1.0,False,,,,,,,,
rapid7/metasploit-framework,c339d10f66cb4e46,0.7002398081534772,0,0,1.0,False,,,,,,,,
rapid7/metasploit-framework,bf9855f8bb819331,0.0,0,0,0.0,False,,,,,,,,
rapid7/metasploit-framework,955f3181d80ffd57,0.45348837209302323,1,0,1.0,False,,,,,,,,
rapid7/metasploit-framework,58b1a7a651bc57e5,0.17266187050359713,0,0,0.0,False,,,,,,,,
rapid7/metasploit-framework,2871e34dd06a1b3f,0.6635514018691588,0,0,1.0,False,,,,,,,,
rapid7/metasploit-framework,eeeeb0f888f5843a,0.0,1,1,0.0,True,0.6309297535714575,0.0,0.5,0.0,0.5,0.0,0.6309297535714575,0.0
rapid7/metasploit-framework,aa2a5f1910dfe643,0.8006756756756757,0,0,1.0,False,,,,,,,,
rapid7/metasploit-framework,5e409ee43db21a13,0.2777777777777778,0,0,1.0,False,,,,,,,,
rapid7/metasploit-framework,48f2e6167fb6cbd1,0.5591397849462365,2,0,1.0,False,,,,,,,,
ray-project/ray,58277a8e90d32db4,0.046747967479674794,1,1,0.0,True,0.38685280723454163,0.0,0.38685280723454163,0.0,0.38685280723454163,0.0,0.40876468265396737,0.0
ray-project/ray,708310c9f7245a17,0.2383177570093458,1,0,0.0,False,,,,,,,,
ray-project/ray,e92a343d252af019,0.14624505928853754,1,0,0.0,False,,,,,,,,
ray-project/ray,5941e6cf40dd26c2,0.0663265306122449,3,0,0.0,False,,,,,,,,
ray-project/ray,db66e5f9cd062a53,0.13636363636363635,1,0,0.0,False,,,,,,,,
ray-project/ray,ab984d684d06f7e4,0.01932367149758454,2,0,0.0,False,,,,,,,,
ray-project/ray,37d7b9b30bbcf3d7,0.16483516483516483,2,0,0.0,False,,,,,,,,
ray-project/ray,5d4f118d34804394,0.03007518796992481,1,1,0.0,True,0.0,0.0,0.0,0.0,0.0,0.0,0.0,0.0
ray-project/ray,a0c81396e13bb0aa,0.08029197080291971,1,0,0.0,False,,,,,,,,
ray-project/ray,a4f65013626d4364,0.1111111111111111,0,0,0.0,False,,,,,,,,
ray-project/ray,9ef201265ec3116f,0.0,1,0,0.0,False,,,,,,,,
ray-project/ray,a1e10b15306e41d9,0.05636743215031315,3,2,0.0,True,0.0,0.0,0.0,0.0,0.0,0.0,0.0,0.0
ray-project/ray,43c4a1881ee2bfb2,0.0,1,0,0.0,False,,,,,,,,
ray-project/ray,8e862933df1d268b,0.035398230088495575,1,0,0.0,False,,,,,,,,
ray-project/ray,c569fb1fe30ff7c5,0.5443037974683544,0,0,1.0,False,,,,,,,,
ray-project/ray,3aadecf2fcf702ef,0.02029520295202952,13,3,0.0,True,0.0,0.0,0.0,0.0,0.0,0.0,0.0,0.0
ray-project/ray,eaf9271491cb7022,0.039503386004514675,2,0,0.0,False,,,,,,,,
ray-project/ray,43fe7890d059f747,0.0898876404494382,0,0,0.0,False,,,,,,,,
ray-project/ray,c2ae3a97f1b2217b,0.029069767441860465,2,0,0.0,False,,,,,,,,
ray-project/ray,9478eaf6e441ae7a,0.06890611541774333,4,0,0.0,False,,,,,,,,
ray-project/ray,e84711afb6bcf7d5,0.14461538461538462,0,0,0.0,False,,,,,,,,
ray-project/ray,d204ae817e73a733,0.030837004405286344,0,0,0.0,False,,,,,,,,
ray-project/ray,8a721f325be7e2ad,0.1034047919293821,9,3,0.0,True,0.7601875334318685,1.0,0.7601875334318685,1.0,0.0,0.0,0.7601875334318685,1.0
ray-project/ray,ad663100edd8ad27,0.14860681114551083,2,0,0.0,False,,,,,,,,
ray-project/ray,687067bcfbd2b9cc,0.07017543859649122,0,0,0.0,False,,,,,,,,
react/react,15cc7bba97f12b50,0.05555555555555555,1,1,0.0,True,0.5,0.0,0.6309297535714575,0.0,0.5,0.0,0.6309297535714575,0.0
react/react,b446870a9b978a84,0.034482758620689655,0,0,0.0,False,,,,,,,,
react/react,568e011a386720cf,0.058823529411764705,0,0,0.0,False,,,,,,,,
react/react,ba42e0a9026eb2c4,0.011494252873563218,0,0,0.0,False,,,,,,,,
react/react,4618f0e942ec2a74,0.06896551724137931,0,0,0.0,False,,,,,,,,
react/react,23d39179c9bdb419,0.026785714285714284,0,0,0.0,False,,,,,,,,
react/react,37e638525767ee8e,0.017857142857142856,0,0,0.0,False,,,,,,,,
react/react,fe22dad38d2c1ca8,0.06944444444444445,0,0,0.0,False,,,,,,,,
react/react,7d4879f4a7ce2dd7,0.06557377049180328,0,0,0.0,False,,,,,,,,
react/react,9af07f1fd3b49c36,0.05527638190954774,1,0,0.0,False,,,,,,,,
react/react,fc8ca6a595a94bc3,0.047619047619047616,0,0,0.0,False,,,,,,,,
react/react,91ed0ce49688d280,0.0625,0,0,0.0,False,,,,,,,,
react/react,017dc4d1b3659d29,0.05454545454545454,0,0,0.0,False,,,,,,,,
react/react,43ec1b8811f59112,0.02,1,0,0.0,False,,,,,,,,
react/react,3480452111e1247b,0.038461538461538464,1,0,0.0,False,,,,,,,,
react/react,1987306533357c85,0.15,0,0,0.0,False,,,,,,,,
react/react,92c98b3a2c962156,0.05660377358490566,0,0,0.0,False,,,,,,,,
react/react,5fc83f85ee3924f5,0.16666666666666666,0,0,0.0,False,,,,,,,,
react/react,d55e97f94ea4e5c4,0.029411764705882353,1,0,0.0,False,,,,,,,,
react/react,8b8a6fbdfd31f534,0.2222222222222222,0,0,0.0,False,,,,,,,,
react/react,ed468a9e69420d85,0.09090909090909091,1,0,0.0,False,,,,,,,,
react/react,65efc8f1e769eae8,0.19444444444444445,0,0,0.0,False,,,,,,,,
react/react,edadf65f8dd4c577,0.125,0,0,0.0,False,,,,,,,,
react/react,a1b87d197174933e,0.4,0,0,0.0,False,,,,,,,,
react/react,840abc105d61b106,0.16,0,0,0.0,False,,,,,,,,
readthedocs/readthedocs.org,3d5309826571ddd7,0.3119266055045872,0,0,0.0,False,,,,,,,,
readthedocs/readthedocs.org,a1de8bb51275b902,0.041237113402061855,1,1,0.0,True,0.43067655807339306,0.0,0.43067655807339306,0.0,0.0,0.0,0.5,0.0
readthedocs/readthedocs.org,9860728b42b5ccc0,0.17647058823529413,0,0,0.0,False,,,,,,,,
readthedocs/readthedocs.org,c07e8c5370232af6,0.0,0,0,0.0,False,,,,,,,,
readthedocs/readthedocs.org,36aaabbeb896058a,1.0,0,0,0.0,False,,,,,,,,
readthedocs/readthedocs.org,146f632887587a3b,0.52,0,0,1.0,False,,,,,,,,
readthedocs/readthedocs.org,6b1eb760602f44a8,1.0,0,0,0.0,False,,,,,,,,
readthedocs/readthedocs.org,1f3bed0a6547b140,0.11428571428571428,0,0,0.0,False,,,,,,,,
readthedocs/readthedocs.org,a9a3378cc7fe47ad,1.0,0,0,0.0,False,,,,,,,,
readthedocs/readthedocs.org,b770cd1f84539768,1.0,0,0,0.0,False,,,,,,,,
readthedocs/readthedocs.org,08fb7d7bba498411,0.4596774193548387,0,0,0.0,False,,,,,,,,
readthedocs/readthedocs.org,f7442286ddcd6fc4,0.11764705882352941,0,0,0.0,False,,,,,,,,
readthedocs/readthedocs.org,d2c46cb615526fd3,0.11428571428571428,0,0,0.0,False,,,,,,,,
readthedocs/readthedocs.org,81fd4a9f279f6d8c,0.8043956043956044,0,0,1.0,False,,,,,,,,
readthedocs/readthedocs.org,f57de4a912a1cc87,0.041666666666666664,0,0,0.0,False,,,,,,,,
readthedocs/readthedocs.org,9880b5d3d241e828,0.1,0,0,0.0,False,,,,,,,,
readthedocs/readthedocs.org,da66b4911d09e6c5,0.0,0,0,0.0,False,,,,,,,,
readthedocs/readthedocs.org,417eb1ade21efc7e,1.0,0,0,0.0,False,,,,,,,,
readthedocs/readthedocs.org,9f8d1d68dac60b6d,0.04929577464788732,1,0,0.0,False,,,,,,,,
readthedocs/readthedocs.org,d09e8fd15b06bfc0,0.03571428571428571,0,0,0.0,False,,,,,,,,
readthedocs/readthedocs.org,2350064438cd0533,1.0,0,0,0.0,False,,,,,,,,
readthedocs/readthedocs.org,25048914976bf30c,0.0,7,5,0.0,True,0.21593935844714157,0.0,0.21593935844714157,0.0,0.21593935844714157,0.0,0.21593935844714157,0.0
readthedocs/readthedocs.org,8cefd8262deecd69,1.0,0,0,0.0,False,,,,,,,,
readthedocs/readthedocs.org,fb92e6de9df2dd81,0.14285714285714285,0,0,0.0,False,,,,,,,,
readthedocs/readthedocs.org,49433d45deffa0c6,1.0,0,0,0.0,False,,,,,,,,
redpanda-data/redpanda,81fd350d86c8eb04,0.033950617283950615,2,2,0.0,True,0.6131471927654584,1.0,0.6131471927654584,1.0,0.6131471927654584,1.0,0.6131471927654584,1.0
redpanda-data/redpanda,8c821c8bd9ae4023,0.15517241379310345,1,1,0.0,True,0.43067655807339306,0.0,0.40876468265396737,0.0,0.40876468265396737,0.0,0.46533827903669656,0.0
redpanda-data/redpanda,99e1a8be845600fb,0.003278688524590164,3,1,0.0,True,0.0,0.0,0.0,0.0,0.0,0.0,0.0,0.0
redpanda-data/redpanda,dc44b113bd701394,0.01309328968903437,10,8,0.0,True,0.4841428028800202,0.0,0.4841428028800202,0.0,0.28605504656366215,0.0,0.4841428028800202,0.0
redpanda-data/redpanda,297fa04f6753c070,0.035046728971962614,10,4,0.0,True,1.0,1.0,1.0,1.0,1.0,1.0,1.0,1.0
redpanda-data/redpanda,38b6840c4416d749,0.016666666666666666,2,2,0.0,True,0.5,0.0,0.5,0.0,0.5,0.0,0.5,0.0
redpanda-data/redpanda,dae2f4f4a9252b80,0.11764705882352941,0,0,0.0,False,,,,,,,,
redpanda-data/redpanda,17296540d110ef4d,0.0730593607305936,2,1,0.0,True,0.6309297535714575,0.0,0.6309297535714575,0.0,0.43067655807339306,0.0,0.4391764551026449,0.0
redpanda-data/redpanda,f69d0b72485f81f5,0.019316493313521546,1,1,0.0,True,0.5,0.0,0.5,0.0,0.5654648767857288,0.0,0.5,0.0
redpanda-data/redpanda,8791c7a8023aeb8b,0.012401352874859075,2,2,0.0,True,0.6509209298071326,0.0,0.6240505200038379,0.0,0.5054516636191897,0.0,0.6509209298071326,0.0
redpanda-data/redpanda,2526100bdb158053,0.00683371298405467,16,11,0.0,True,0.4922127887332946,0.0,0.29798603771257376,0.0,0.3371552050944511,0.0,0.4922127887332946,0.0
redpanda-data/redpanda,01886c33d71d07ce,0.001935483870967742,14,9,0.0,True,0.0,0.0,0.0,0.0,0.0,0.0,0.0,0.0
redpanda-data/redpanda,5590a3ba8ba7b2f2,0.014814814814814815,1,1,0.0,True,0.6309297535714575,0.0,0.6309297535714575,0.0,0.6309297535714575,0.0,0.6309297535714575,0.0
redpanda-data/redpanda,8676b458131faad8,0.15416666666666667,0,0,0.0,False,,,,,,,,
redpanda-data/redpanda,2d491f0b635d3c94,0.22712933753943218,1,1,0.0,True,0.6309297535714575,0.0,0.6309297535714575,0.0,0.6309297535714575,0.0,0.6309297535714575,0.0
redpanda-data/redpanda,3db62d43264e42ba,0.061224489795918366,1,0,0.0,False,,,,,,,,
redpanda-data/redpanda,a1ebe2833f11214f,0.044534412955465584,5,2,0.0,True,0.6131471927654584,1.0,0.6131471927654584,1.0,0.6131471927654584,1.0,0.6131471927654584,1.0
redpanda-data/redpanda,aed2609be9c1e2fc,0.0,4,1,0.0,True,0.0,0.0,0.0,0.0,0.0,0.0,0.0,0.0
redpanda-data/redpanda,e9cf3f3c8c423bc5,0.01282051282051282,3,1,0.0,True,0.09671320180863541,0.0,0.09671320180863541,0.0,0.0,0.0,0.1289509357448472,0.0
redpanda-data/redpanda,aa5c3a97068e738d,0.017857142857142856,1,0,0.0,False,,,,,,,,
redpanda-data/redpanda,18cf1f0b618cc8cf,0.007984031936127744,17,15,0.0,True,0.4121044878611142,0.0,0.4121044878611142,0.0,0.4121044878611142,0.0,0.39113751849971207,0.0
redpanda-data/redpanda,7329e9c70c8083d8,0.02702702702702703,0,0,0.0,False,,,,,,,,
redpanda-data/redpanda,bdb0a3eed4bd52cd,0.056856187290969896,1,0,0.0,False,,,,,,,,
redpanda-data/redpanda,dd5c383687443575,0.026785714285714284,2,2,0.0,True,0.8772153153380493,1.0,0.8772153153380493,1.0,0.8772153153380493,1.0,0.8984680522431183,1.0
redpanda-data/redpanda,71f594f408df4657,0.043795620437956206,5,1,0.0,True,0.43067655807339306,0.0,0.43067655807339306,0.0,0.43067655807339306,0.0,0.43067655807339306,0.0
reduxjs/redux,b82b4eff691487ba,0.004555808656036446,3,3,0.0,True,1.0,1.0,1.0,1.0,1.0,1.0,1.0,1.0
reduxjs/redux,6931782a027ea4bd,0.021528525296017224,2,0,0.0,False,,,,,,,,
reduxjs/redux,d38d020775e46c32,0.00967741935483871,4,4,0.0,True,1.0,1.0,1.0,1.0,1.0,1.0,1.0,1.0
reduxjs/redux,ed04192f936877a6,0.06349206349206349,0,0,0.0,False,,,,,,,,
reduxjs/redux,d4a8547cf3611664,0.002004008016032064,3,1,0.0,True,0.0,0.0,0.0,0.0,0.0,0.0,0.0,0.0
reduxjs/redux,74e6311b2472c242,0.0,0,0,0.0,False,,,,,,,,
reduxjs/redux,b8db7dfcd7d4b359,0.02631578947368421,0,0,0.0,False,,,,,,,,
reduxjs/redux,790db5ef206d02c8,0.0,0,0,0.0,False,,,,,,,,
reduxjs/redux,406aff0f0a15ef94,0.0012202562538133007,10,8,0.0,True,0.6470325803039293,1.0,0.6427969068616204,1.0,0.7029071296237491,1.0,0.6470325803039293,1.0
reduxjs/redux,60aaf2a23eb67730,0.027777777777777776,0,0,0.0,False,,,,,,,,
reduxjs/redux,263251b8ec97f0b9,0.0390625,1,1,0.0,True,0.38685280723454163,0.0,0.0,0.0,0.0,0.0,0.38685280723454163,0.0
reduxjs/redux,9043fd343dba2fc6,0.08196721311475409,0,0,0.0,False,,,,,,,,
refined-github/refined-github,d2d05bc1eb33a425,0.04,3,3,0.0,True,0.6309297535714575,0.0,0.6309297535714575,0.0,0.5,0.0,0.6309297535714575,0.0
refined-github/refined-github,6c2870f0391f4adb,0.0,1,0,0.0,False,,,,,,,,
refined-github/refined-github,b236c0d81cdc379b,0.042735042735042736,13,4,0.0,True,1.0,1.0,1.0,1.0,1.0,1.0,1.0,1.0
refined-github/refined-github,4f091437818663a7,0.7232142857142857,50,30,1.0,True,0.9787070551339885,1.0,0.9787070551339885,1.0,0.9787070551339885,1.0,0.7981012281241613,0.5
refined-github/refined-github,f844e5d51964e5a2,0.045454545454545456,9,8,0.0,True,1.0,1.0,1.0,1.0,1.0,1.0,1.0,1.0
refined-github/refined-github,88b718ea71cc8341,0.0,0,0,0.0,False,,,,,,,,
refined-github/refined-github,78bb87ce1ac5fc53,0.03333333333333333,6,5,0.0,True,0.6309297535714575,0.0,0.6309297535714575,0.0,0.6309297535714575,0.0,0.6309297535714575,0.0
refined-github/refined-github,8691b532251d48f6,0.06896551724137931,1,1,0.0,True,1.0,1.0,1.0,1.0,1.0,1.0,1.0,1.0
refined-github/refined-github,885c9bcfd714e565,0.03592814371257485,17,7,0.0,True,1.0,1.0,1.0,1.0,1.0,1.0,1.0,1.0
refined-github/refined-github,00d1c163ff64dfba,0.03636363636363636,2,0,0.0,False,,,,,,,,
refined-github/refined-github,13bd8d3fad0bd285,0.058823529411764705,7,2,0.0,True,1.0,1.0,1.0,1.0,1.0,1.0,1.0,1.0
refined-github/refined-github,7ac86c09c7774e70,0.014492753623188406,4,3,0.0,True,1.0,1.0,1.0,1.0,1.0,1.0,1.0,1.0
refined-github/refined-github,24ad73e2c2877b90,0.01694915254237288,3,3,0.0,True,0.6309297535714575,0.0,0.6309297535714575,0.0,0.6309297535714575,0.0,0.6309297535714575,0.0
refined-github/refined-github,f66f6ed6b0d66278,0.0196078431372549,8,4,0.0,True,1.0,1.0,1.0,1.0,1.0,1.0,1.0,1.0
refined-github/refined-github,55965efa7812e05a,0.013157894736842105,6,3,0.0,True,0.4087646826539674,0.0,0.4087646826539674,0.0,0.38685280723454163,0.0,0.4087646826539674,0.0
refined-github/refined-github,d14a5ec677aafb6b,0.012048192771084338,19,9,0.0,True,1.0,1.0,1.0,1.0,1.0,1.0,1.0,1.0
refined-github/refined-github,62552095d5a56f91,0.06666666666666667,4,4,0.0,True,1.0,1.0,1.0,1.0,1.0,1.0,1.0,1.0
refined-github/refined-github,263a10aa250c213c,0.0,0,0,0.0,False,,,,,,,,
refined-github/refined-github,0d9ee4170d252299,0.1,0,0,0.0,False,,,,,,,,
refined-github/refined-github,4998f02d19d02dcd,0.03296703296703297,11,5,0.0,True,0.6529399440693054,0.0,0.6529399440693054,0.0,0.6529399440693054,0.0,0.6529399440693054,0.0
refined-github/refined-github,53a66eb7f0f6f3de,0.01818181818181818,6,5,0.0,True,1.0,1.0,1.0,1.0,1.0,1.0,1.0,1.0
refined-github/refined-github,bacb1149a10a99b3,0.023809523809523808,4,3,0.0,True,1.0,1.0,1.0,1.0,1.0,1.0,1.0,1.0
refined-github/refined-github,81e4bdd45a3ef659,0.0784313725490196,1,1,0.0,True,0.6309297535714575,0.0,0.6309297535714575,0.0,0.6309297535714575,0.0,0.6309297535714575,0.0
refined-github/refined-github,d5424365adccb881,0.05,0,0,0.0,False,,,,,,,,
refined-github/refined-github,ef553f6830c70d13,0.034482758620689655,4,2,0.0,True,1.0,1.0,1.0,1.0,1.0,1.0,1.0,1.0
renpy/renpy,7fc9b29afcbc8d68,0.056818181818181816,1,1,0.0,True,1.0,1.0,1.0,1.0,1.0,1.0,1.0,1.0
renpy/renpy,2c5eda427d7ef567,0.0741687979539642,2,1,0.0,True,1.0,1.0,1.0,1.0,1.0,1.0,1.0,1.0
renpy/renpy,501f89a264226a42,0.048818897637795275,3,2,0.0,True,1.0,1.0,1.0,1.0,1.0,1.0,1.0,1.0
renpy/renpy,c0c24725fafa03c5,0.2153846153846154,3,1,0.0,True,1.0,1.0,1.0,1.0,1.0,1.0,1.0,1.0
renpy/renpy,1f9b42101f6872b9,0.06382978723404255,2,2,0.0,True,1.0,1.0,1.0,1.0,1.0,1.0,1.0,1.0
renpy/renpy,4a99d001487ee07c,0.16,1,0,0.0,False,,,,,,,,
renpy/renpy,b522cfd3aedcb360,0.10698878343399482,12,8,0.0,True,1.0,1.0,1.0,1.0,1.0,1.0,1.0,1.0
renpy/renpy,78b3bfb885fab974,0.38461538461538464,3,3,0.0,True,1.0,1.0,1.0,1.0,1.0,1.0,1.0,1.0
renpy/renpy,37e61b16a8b3a31f,0.024390243902439025,2,2,0.0,True,1.0,1.0,1.0,1.0,1.0,1.0,1.0,1.0
renpy/renpy,d61f245ee47f9061,0.08718980549966465,4,3,0.0,True,1.0,1.0,1.0,1.0,1.0,1.0,1.0,1.0
renpy/renpy,de06c3261e228f52,0.03225806451612903,6,5,0.0,True,1.0,1.0,0.9385574520455129,1.0,0.9385574520455129,1.0,1.0,1.0
renpy/renpy,2fac11771d9b2cba,0.03307888040712468,13,13,0.0,True,0.9897360235126793,1.0,0.9937114287985053,1.0,0.9937114287985053,1.0,0.9897360235126793,1.0
renpy/renpy,15911eddc759318c,0.006379585326953748,1,1,0.0,True,1.0,1.0,1.0,1.0,1.0,1.0,1.0,1.0
renpy/renpy,1a91d23e47dc96a1,0.059414225941422594,4,4,0.0,True,1.0,1.0,1.0,1.0,1.0,1.0,1.0,1.0
renpy/renpy,26c2ba851880d724,0.0922874093605801,2,1,0.0,True,0.6309297535714575,0.0,0.6309297535714575,0.0,0.6309297535714575,0.0,0.48711477971984807,0.0
renpy/renpy,b5c13f7e43bbc93c,0.07272727272727272,0,0,0.0,False,,,,,,,,
renpy/renpy,1f317646230013a4,0.037037037037037035,1,1,0.0,True,1.0,1.0,1.0,1.0,1.0,1.0,1.0,1.0
renpy/renpy,07d4ef0681ebfeaa,0.07612456747404844,4,2,0.0,True,1.0,1.0,1.0,1.0,1.0,1.0,1.0,1.0
renpy/renpy,576937043415b83f,0.02857142857142857,0,0,0.0,False,,,,,,,,
renpy/renpy,fe7c8791d5d8f0b6,0.14840499306518723,4,4,0.0,True,1.0,1.0,1.0,1.0,1.0,1.0,1.0,1.0
renpy/renpy,15c49f7d3c3a1816,0.03550295857988166,1,1,0.0,True,1.0,1.0,1.0,1.0,1.0,1.0,1.0,1.0
renpy/renpy,a81144facfa68af8,0.13527851458885942,11,10,0.0,True,0.9792072831365213,1.0,0.9864052841291979,1.0,0.9864052841291979,1.0,0.9792072831365213,1.0
renpy/renpy,e99c611c5d5e2a73,0.019230769230769232,3,2,0.0,True,1.0,1.0,1.0,1.0,1.0,1.0,1.0,1.0
renpy/renpy,e3a8d6a8b90c9b7e,0.10687022900763359,1,1,0.0,True,1.0,1.0,1.0,1.0,1.0,1.0,1.0,1.0
renpy/renpy,74ab2208a81ff60a,0.07035928143712575,8,5,0.0,True,0.8818855034348575,1.0,0.8818855034348575,1.0,0.8818855034348575,1.0,0.8818855034348575,1.0
rime/weasel,e66fc694ea8d004d,0.7856093979441997,4,4,1.0,True,0.6309297535714575,0.0,0.5,0.0,0.5,0.0,0.6309297535714575,0.0
rime/weasel,d7ba8373f1f9c5e0,0.9416058394160584,0,0,1.0,False,,,,,,,,
rime/weasel,bd882783dc50d509,0.5806451612903226,0,0,1.0,False,,,,,,,,
rime/weasel,a1830acd52879291,0.6428571428571429,0,0,1.0,False,,,,,,,,
rime/weasel,ae04916ec6907b89,0.8095238095238095,0,0,1.0,False,,,,,,,,
rime/weasel,43ea4d95cfc07c65,0.6176470588235294,0,0,1.0,False,,,,,,,,
rime/weasel,ffd715da59e1817e,0.8305647840531561,0,0,1.0,False,,,,,,,,
rime/weasel,4cb07d643707d247,0.75,0,0,1.0,False,,,,,,,,
rime/weasel,25d66697198c1ab9,0.7096774193548387,1,0,1.0,False,,,,,,,,
rime/weasel,d051c9338f14603e,0.7142857142857143,0,0,1.0,False,,,,,,,,
rime/weasel,4fb955a021bc4228,0.9183673469387755,0,0,1.0,False,,,,,,,,
rime/weasel,ca01fbb0ebc4d847,0.7841726618705036,1,0,1.0,False,,,,,,,,
rime/weasel,5eaa497f481ec896,0.5940366972477065,3,1,1.0,True,0.6309297535714575,0.0,0.5,0.0,0.5,0.0,0.6309297535714575,0.0
rime/weasel,dedcb5ddfc401f42,0.5074626865671642,1,0,1.0,False,,,,,,,,
rime/weasel,d32d68260a39d41f,0.7967032967032966,0,0,1.0,False,,,,,,,,
rime/weasel,8736b99ddbb63737,0.7407407407407407,0,0,1.0,False,,,,,,,,
rime/weasel,d5b3f2da4a312934,0.5217391304347826,0,0,1.0,False,,,,,,,,
rime/weasel,8cafa702f818799c,0.1643835616438356,0,0,0.0,False,,,,,,,,
rime/weasel,36842db73f8596d1,0.7333333333333333,0,0,1.0,False,,,,,,,,
rime/weasel,fa9601d5de0a2064,0.6830985915492958,1,1,1.0,True,0.6309297535714575,0.0,1.0,1.0,1.0,1.0,1.0,1.0
rime/weasel,3a0abc2901330ac2,0.09259259259259259,0,0,0.0,False,,,,,,,,
rime/weasel,b2712283a2906696,0.6929133858267716,0,0,1.0,False,,,,,,,,
rime/weasel,e80548b110b2271f,0.40559440559440557,3,3,1.0,True,0.6309297535714575,0.0,1.0,1.0,1.0,1.0,1.0,1.0
rime/weasel,c5581411ed0db15a,0.5571428571428572,0,0,1.0,False,,,,,,,,
rime/weasel,d029a39d42ce73bf,0.8692579505300353,1,0,1.0,False,,,,,,,,
risingwavelabs/risingwave,79662bea66aef129,0.009779951100244499,3,1,0.0,True,0.0,0.0,0.0,0.0,0.0,0.0,0.0,0.0
risingwavelabs/risingwave,9e88a694c16d5c1d,0.0327455919395466,2,1,0.0,True,0.0,0.0,0.38685280723454163,0.0,0.0,0.0,0.0,0.0
risingwavelabs/risingwave,648a07dcc1fa77e2,0.013333333333333334,2,2,0.0,True,0.5,0.0,0.5,0.0,0.40876468265396737,0.0,0.27250978843597823,0.0
risingwavelabs/risingwave,5d93947e4fc09241,0.009195402298850575,6,3,0.0,True,0.32541025928005457,0.0,0.20210734650054757,0.0,0.09077089626867633,0.0,0.32541025928005457,0.0
risingwavelabs/risingwave,4ed7d6d97687bbcc,0.044444444444444446,1,1,0.0,True,0.0,0.0,0.0,0.0,0.0,0.0,0.0,0.0
risingwavelabs/risingwave,6bee95ea4a236cd5,0.0,1,0,0.0,False,,,,,,,,
risingwavelabs/risingwave,3496518180d69a90,0.04573170731707317,5,2,0.0,True,0.6309297535714575,0.0,0.6309297535714575,0.0,0.6309297535714575,0.0,0.6309297535714575,0.0
risingwavelabs/risingwave,abe0fae35cac6452,0.0063371356147021544,7,4,0.0,True,0.19519002499605084,0.0,0.19519002499605084,0.0,0.19519002499605084,0.0,0.19519002499605084,0.0
risingwavelabs/risingwave,fecbf982d9242245,0.028,2,1,0.0,True,0.38685280723454163,0.0,0.38685280723454163,0.0,0.0,0.0,0.19342640361727081,0.0
risingwavelabs/risingwave,84c57d493a4069a8,0.009345794392523364,1,1,0.0,True,0.1289509357448472,0.0,0.20438234132698369,0.0,0.0,0.0,0.0,0.0
risingwavelabs/risingwave,3cd3cb7432c9aa9f,0.005263157894736842,2,1,0.0,True,0.19342640361727081,0.0,0.19342640361727081,0.0,0.0,0.0,0.0,0.0
risingwavelabs/risingwave,a8de7557ea50df39,0.008771929824561403,1,1,0.0,True,0.46533827903669656,0.0,0.6309297535714575,0.0,0.43067655807339306,0.0,0.40876468265396737,0.0
risingwavelabs/risingwave,7d9021154e5b5723,0.0036188178528347406,3,1,0.0,True,0.38685280723454163,0.0,0.38685280723454163,0.0,0.0,0.0,0.0,0.0
risingwavelabs/risingwave,32009c2212764ae5,0.011428571428571429,19,16,0.0,True,0.6947852699687752,0.0,0.6947852699687752,0.0,0.6947852699687752,0.0,0.6947852699687752,0.0
risingwavelabs/risingwave,f5e264bd688ebbb2,0.019296254256526674,3,3,0.0,True,0.9238850086262381,1.0,0.9238850086262381,1.0,0.8337077037650735,1.0,0.7601875334318685,1.0
risingwavelabs/risingwave,45327953032642a5,0.03225806451612903,1,1,0.0,True,0.5,0.0,0.5,0.0,0.5,0.0,0.5,0.0
risingwavelabs/risingwave,d6fb888e9f78589b,0.0,0,0,0.0,False,,,,,,,,
risingwavelabs/risingwave,2340f8f239906db8,0.05660377358490566,2,0,0.0,False,,,,,,,,
risingwavelabs/risingwave,3d8f09bb7d995afd,0.004651162790697674,8,8,0.0,True,0.8209655610813651,1.0,0.8243049682903193,1.0,0.7620085330518115,1.0,0.7620085330518115,1.0
risingwavelabs/risingwave,2fc74df2c62ee2f8,0.00363901018922853,8,8,0.0,True,0.6403937842521121,1.0,0.6403937842521121,1.0,0.6403937842521121,1.0,0.6403937842521121,1.0
risingwavelabs/risingwave,fd36ecc3ae53163a,0.01601164483260553,6,4,0.0,True,0.531730627995306,0.0,0.531730627995306,0.0,0.6278397607958708,0.0,0.41311732856427996,0.0
risingwavelabs/risingwave,7b07624ead7f8be9,0.005415162454873646,23,22,0.0,True,0.9851686418005079,1.0,0.9851686418005079,1.0,0.9647873068050327,1.0,0.9668612217415701,1.0
risingwavelabs/risingwave,f32ea8762629ca2f,0.011673151750972763,1,1,0.0,True,0.0,0.0,0.0,0.0,0.0,0.0,0.0,0.0
risingwavelabs/risingwave,590f7e4015db0d0c,0.0027548209366391185,10,10,0.0,True,0.8971461822875686,1.0,0.8971461822875686,1.0,0.8971461822875686,1.0,0.8971461822875686,1.0
risingwavelabs/risingwave,b4ad2aa5d942cd06,0.0056179775280898875,1,1,1.0,True,1.0,1.0,0.6309297535714575,0.0,0.6309297535714575,0.0,0.8154648767857288,0.5
robotframework/robotframework,dc79a806ba2eae08,0.5523809523809524,2,2,0.0,True,1.0,1.0,1.0,1.0,1.0,1.0,1.0,1.0
robotframework/robotframework,e7bdea5648be4467,0.15,0,0,1.0,False,,,,,,,,
robotframework/robotframework,f0bedfb330d004dd,0.2857142857142857,0,0,0.0,False,,,,,,,,
robotframework/robotframework,a81ee21458edef3e,0.26595744680851063,0,0,0.0,False,,,,,,,,
robotframework/robotframework,8f73483c412430d9,0.3870967741935484,0,0,0.0,False,,,,,,,,
robotframework/robotframework,bebd9a561e1486eb,0.375,1,1,0.0,True,1.0,1.0,1.0,1.0,1.0,1.0,1.0,1.0
robotframework/robotframework,b67a85960d6d3152,0.20087336244541484,0,0,0.0,False,,,,,,,,
robotframework/robotframework,1e818da274b38993,0.07407407407407407,0,0,0.0,False,,,,,,,,
robotframework/robotframework,9c86da3a2299e8db,0.5675675675675675,1,1,0.0,True,1.0,1.0,1.0,1.0,1.0,1.0,1.0,1.0
robotframework/robotframework,75c69400858c950b,0.2,0,0,0.0,False,,,,,,,,
robotframework/robotframework,ca8244e2488c2619,0.3157894736842105,0,0,0.0,False,,,,,,,,
robotframework/robotframework,0e0455b136d84015,0.4,0,0,0.0,False,,,,,,,,
robotframework/robotframework,c1410a81e176e2a1,0.36363636363636365,0,0,0.0,False,,,,,,,,
robotframework/robotframework,a5febe1d3d9acbd6,0.14285714285714285,0,0,0.0,False,,,,,,,,
robotframework/robotframework,6e49d28a5491becc,0.660377358490566,0,0,0.0,False,,,,,,,,
robotframework/robotframework,7f11de5663cee735,0.1188118811881188,0,0,0.0,False,,,,,,,,
robotframework/robotframework,9552336fe478a47e,0.2903225806451613,0,0,0.0,False,,,,,,,,
robotframework/robotframework,7a8fdf672394bb56,0.20474777448071216,0,0,0.0,False,,,,,,,,
robotframework/robotframework,c893ebaeb8c3f8f4,0.2859315589353612,4,3,0.0,True,1.0,1.0,1.0,1.0,1.0,1.0,1.0,1.0
robotframework/robotframework,d4f9712815c8080f,0.08333333333333333,0,0,0.0,False,,,,,,,,
robotframework/robotframework,08d4c06a6bcece1f,0.22962962962962963,0,0,0.0,False,,,,,,,,
robotframework/robotframework,1492e9ae06a4b354,0.1411764705882353,0,0,0.0,False,,,,,,,,
robotframework/robotframework,034ee6e47690395c,0.08108108108108109,0,0,0.0,False,,,,,,,,
robotframework/robotframework,ad6a268c395f2c03,0.7534246575342466,1,1,0.0,True,1.0,1.0,1.0,1.0,1.0,1.0,1.0,1.0
robotframework/robotframework,c58cec3c997bf366,0.5804529201430274,0,0,0.0,False,,,,,,,,
ruby/ruby,2c91e631cbb83311,0.03081232492997199,13,5,0.0,True,0.8278453205901105,0.0,0.8401498110374592,0.0,0.8401498110374592,0.0,0.8401498110374592,0.0
ruby/ruby,93718ff4559c4b53,0.0003965107057890563,115,102,0.0,True,0.7939944281458979,1.0,0.9194168501208064,1.0,0.9572894988012133,1.0,0.7939944281458979,1.0
ruby/ruby,10eee7c1b45be3d8,0.12960554833116603,20,17,0.0,True,0.6560456650871995,0.0,0.43844445666965437,0.0,0.47511434656485046,0.0,0.43844445666965437,0.0
ruby/ruby,013e433ef2098a14,0.658753709198813,1,1,1.0,True,0.5,0.0,0.6309297535714575,0.0,0.6309297535714575,0.0,0.6309297535714575,0.0
ruby/ruby,54d869fbe29d408d,0.04332129963898917,1,0,0.0,False,,,,,,,,
ruby/ruby,86f0554bfaa1d9be,0.2755102040816326,4,0,0.0,False,,,,,,,,
ruby/ruby,19d67977c159d6b0,0.23529411764705882,0,0,0.0,False,,,,,,,,
ruby/ruby,f6f2c79c208c5c30,0.005797101449275362,1,0,0.0,False,,,,,,,,
ruby/ruby,1ca00e11df6af53f,0.1,1,1,0.0,True,1.0,1.0,1.0,1.0,1.0,1.0,1.0,1.0
ruby/ruby,cfda5a9727db6934,0.008,2,1,0.0,True,1.0,1.0,1.0,1.0,1.0,1.0,1.0,1.0
ruby/ruby,9c24c55048e3300e,0.1190893169877408,7,3,0.0,True,1.0,1.0,1.0,1.0,1.0,1.0,1.0,1.0
ruby/ruby,01301caa7e84f57d,0.037037037037037035,0,0,0.0,False,,,,,,,,
ruby/ruby,f6cbca9739dacdb3,0.023880597014925373,7,6,0.0,True,0.5,0.0,0.5,0.0,0.5,0.0,0.5,0.0
ruby/ruby,179aa7cce5a9e772,0.13186813186813187,2,2,0.0,True,1.0,1.0,0.6309297535714575,0.0,0.6309297535714575,0.0,1.0,1.0
ruby/ruby,5580079ae5a7923a,0.23760932944606414,3,2,0.0,True,0.38685280723454163,0.0,0.38685280723454163,0.0,0.38685280723454163,0.0,0.43067655807339306,0.0
ruby/ruby,f51e7c2b25fcd7d1,0.09463233012721067,18,9,0.0,True,0.11586237271670558,0.0,0.11586237271670558,0.0,0.11586237271670558,0.0,0.11586237271670558,0.0
ruby/ruby,f9541aee6e0fd97c,0.036231884057971016,1,0,0.0,False,,,,,,,,
ruby/ruby,d9dc528f1a860405,0.07142857142857142,0,0,0.0,False,,,,,,,,
ruby/ruby,50781f8542286006,0.23039215686274508,5,4,0.0,True,0.8154648767857288,0.5,0.6309297535714575,0.0,0.6309297535714575,0.0,0.8154648767857288,0.5
ruby/ruby,94169eff8fcc4a40,0.012396694214876033,0,0,0.0,False,,,,,,,,
ruby/ruby,137f9495b323c310,0.007633587786259542,2,0,0.0,False,,,,,,,,
ruby/ruby,9615d083b408e632,0.14285714285714285,0,0,0.0,False,,,,,,,,
ruby/ruby,edb2b21bdafc8137,0.05339805825242718,1,0,0.0,False,,,,,,,,
ruby/ruby,1cae4f3b0e13ea38,0.06573426573426573,7,5,0.0,True,0.9134015924715543,0.0,0.9134015924715543,0.0,0.9134015924715543,0.0,0.9134015924715543,0.0
ruby/ruby,7eb9ad0b142ae44b,0.0,0,0,0.0,False,,,,,,,,
rust-lang/cargo,dffcda363323023b,0.03076923076923077,4,0,0.0,False,,,,,,,,
rust-lang/cargo,789aa4df0aef5798,0.006864988558352402,7,7,0.0,True,0.16310739809365274,0.0,0.16310739809365274,0.0,0.16310739809365274,0.0,0.16310739809365274,0.0
rust-lang/cargo,e28f4409bee2ac66,0.03355704697986577,1,1,0.0,True,0.19342640361727081,0.0,0.19342640361727081,0.0,0.0,0.0,0.0,0.0
rust-lang/cargo,3036641e3a074a06,0.041666666666666664,0,0,0.0,False,,,,,,,,
rust-lang/cargo,689939c5d08e0da1,0.041666666666666664,0,0,0.0,False,,,,,,,,
rust-lang/cargo,dcbfed98c95f62c6,0.027683789603199015,61,55,0.0,True,0.6216847596298746,0.0,0.6216847596298746,0.0,0.39367066165978054,0.0,0.6216847596298746,0.0
rust-lang/cargo,9471d3bf9b82c0af,0.02546916890080429,3,2,0.0,True,0.0,0.0,0.0,0.0,0.0,0.0,0.0,0.0
rust-lang/cargo,5a6d97b5ab514e82,0.02631578947368421,0,0,0.0,False,,,,,,,,
rust-lang/cargo,7314bf52278b3388,0.027472527472527472,7,3,0.0,True,0.3273949503887395,0.0,0.3273949503887395,0.0,0.3273949503887395,0.0,0.3273949503887395,0.0
rust-lang/cargo,5f097607a0379518,0.02702702702702703,0,0,0.0,False,,,,,,,,
rust-lang/cargo,a78dec059e787d4e,0.0035398230088495575,7,3,0.0,True,0.16369747519436975,0.0,0.14704034066641014,0.0,0.14704034066641014,0.0,0.16369747519436975,0.0
rust-lang/cargo,ce60a9b6824902f4,0.004901960784313725,10,0,0.0,False,,,,,,,,
rust-lang/cargo,3fbbd0727729f0c4,0.018867924528301886,0,0,0.0,False,,,,,,,,
rust-lang/cargo,6ec6d9e15eda034b,0.022727272727272728,0,0,0.0,False,,,,,,,,
rust-lang/cargo,a880dc86dd34018e,0.034482758620689655,0,0,0.0,False,,,,,,,,
rust-lang/cargo,0558eaadcb3a8188,0.038461538461538464,0,0,0.0,False,,,,,,,,
rust-lang/cargo,7c0fc19f54befca4,0.01164021164021164,8,6,1.0,True,0.2640681225725909,0.0,0.2640681225725909,0.0,0.2640681225725909,0.0,0.2640681225725909,0.0
rust-lang/cargo,2faec894e2606e77,0.041666666666666664,0,0,0.0,False,,,,,,,,
rust-lang/cargo,e837c4c57422d20a,0.02564102564102564,0,0,0.0,False,,,,,,,,
rust-lang/cargo,33fc5e62ca2fa6b5,0.01836636056065732,21,16,0.0,True,0.44032393052208657,0.0,0.44032393052208657,0.0,0.44032393052208657,0.0,0.44032393052208657,0.0
rust-lang/cargo,d581b597793669af,0.02564102564102564,0,0,0.0,False,,,,,,,,
rust-lang/cargo,a56e3dcd9afaff6a,0.02857142857142857,0,0,0.0,False,,,,,,,,
rust-lang/cargo,13dfe3892ef351c2,0.0,5,2,0.0,True,0.4766127440928323,0.0,0.7029071296237491,1.0,0.6934264036172708,0.0,0.4766127440928323,0.0
rust-lang/cargo,a9eefe16fa35914d,0.005628517823639775,7,4,0.0,True,0.5706417189553201,0.0,0.5706417189553201,0.0,0.5706417189553201,0.0,0.5706417189553201,0.0
rust-lang/cargo,a44965739b35772d,0.19875776397515527,0,0,0.0,False,,,,,,,,
rust-lang/futures-rs,aebd07752408a605,0.15873015873015872,1,1,0.0,True,0.6309297535714575,0.0,0.5,0.0,0.5,0.0,0.6309297535714575,0.0
rust-lang/futures-rs,c8a30e60cab08305,0.043010752688172046,2,2,0.0,True,0.6309297535714575,0.0,0.5,0.0,0.5,0.0,0.6309297535714575,0.0
rust-lang/futures-rs,9f8fa0afd2f5f123,0.0,2,2,0.0,True,0.6309297535714575,0.0,0.6309297535714575,0.0,0.6309297535714575,0.0,0.6309297535714575,0.0
rust-lang/futures-rs,b165b1fd9c3dcb60,0.03296703296703297,2,2,0.0,True,0.6309297535714575,0.0,0.6309297535714575,0.0,0.6309297535714575,0.0,0.6309297535714575,0.0
rust-lang/futures-rs,e89e21cce8eefa6c,0.15841584158415842,1,1,0.0,True,1.0,1.0,1.0,1.0,1.0,1.0,1.0,1.0
rust-lang/futures-rs,2aaf41db47e7c837,0.1794871794871795,2,2,0.0,True,1.0,1.0,1.0,1.0,1.0,1.0,1.0,1.0
rust-lang/futures-rs,2e4e343ffde416f6,0.125,1,1,0.0,True,1.0,1.0,1.0,1.0,1.0,1.0,1.0,1.0
rust-lang/futures-rs,424a22b148a9c5b0,0.046511627906976744,1,1,0.0,True,0.46533827903669656,0.0,0.46533827903669656,0.0,0.5,0.0,0.40876468265396737,0.0
rust-lang/futures-rs,f02c57825fbad4a7,0.0078125,2,2,0.0,True,0.46533827903669656,0.0,0.46533827903669656,0.0,0.46533827903669656,0.0,0.46533827903669656,0.0
rust-lang/futures-rs,0e07e6560531e590,0.017543859649122806,1,1,0.0,True,1.0,1.0,0.6309297535714575,0.0,0.6309297535714575,0.0,1.0,1.0
rust-lang/futures-rs,081c7689e33bc293,0.05511811023622047,1,1,0.0,True,1.0,1.0,1.0,1.0,1.0,1.0,1.0,1.0
rust-lang/futures-rs,6a1b6c5af23678be,0.03937007874015748,2,2,0.0,True,0.5,0.0,0.43067655807339306,0.0,0.46533827903669656,0.0,0.5,0.0
rust-lang/futures-rs,bb82398431f8e974,0.13709677419354838,1,1,0.0,True,1.0,1.0,1.0,1.0,1.0,1.0,1.0,1.0
rust-lang/futures-rs,c93abe2ae1ce2dc4,0.05,3,3,0.0,True,0.6309297535714575,0.0,0.6309297535714575,0.0,0.6309297535714575,0.0,0.6309297535714575,0.0
rust-lang/futures-rs,d1f6fddf76e2c2b3,0.17105263157894737,1,1,0.0,True,1.0,1.0,1.0,1.0,1.0,1.0,1.0,1.0
rust-lang/futures-rs,4789fc30d8b51927,0.009174311926605505,1,1,0.0,True,0.5,0.0,0.5,0.0,0.5,0.0,0.5,0.0
rust-lang/futures-rs,612d031b2d5b6cae,0.011764705882352941,4,4,0.0,True,0.40876468265396737,0.0,0.4391764551026449,0.0,0.5,0.0,0.38685280723454163,0.0
rust-lang/futures-rs,bf9acc7c516f6009,0.010869565217391304,1,1,0.0,True,0.6309297535714575,0.0,0.6309297535714575,0.0,0.6309297535714575,0.0,0.6309297535714575,0.0
rust-lang/futures-rs,5822968e0ae6f727,0.02857142857142857,1,1,0.0,True,1.0,1.0,1.0,1.0,1.0,1.0,1.0,1.0
rust-lang/futures-rs,57ce40c3507df1b1,0.006734006734006734,2,2,0.0,True,0.5,0.0,0.5,0.0,0.40876468265396737,0.0,0.5,0.0
rust-lang/futures-rs,59d1c6dbc5476dc6,0.0,5,5,0.0,True,1.0,1.0,1.0,1.0,1.0,1.0,1.0,1.0
rust-lang/futures-rs,f6a8ba26cf2176b0,0.09615384615384616,1,1,0.0,True,0.5,0.0,0.5,0.0,0.5,0.0,0.6309297535714575,0.0
rust-lang/futures-rs,3b377a499ac9ba31,0.013953488372093023,2,2,0.0,True,0.38685280723454163,0.0,0.38685280723454163,0.0,0.0,0.0,0.38685280723454163,0.0
rust-lang/futures-rs,972fc591218dcbad,0.08547008547008547,2,2,0.0,True,1.0,1.0,1.0,1.0,0.6309297535714575,0.0,1.0,1.0
rust-lang/futures-rs,407bf3e7f349ef43,0.02510460251046025,1,1,0.0,True,1.0,1.0,1.0,1.0,1.0,1.0,1.0,1.0
rust-lang/mdBook,068b6d508d3dd736,0.0,0,0,0.0,False,,,,,,,,
rust-lang/mdBook,5663b7948fed1ad1,0.0,0,0,0.0,False,,,,,,,,
rust-lang/mdBook,a947c9d2523f34e5,0.0,0,0,0.0,False,,,,,,,,
rust-lang/mdBook,a5924475392649a2,0.022058823529411766,1,0,0.0,False,,,,,,,,
rust-lang/mdBook,c596e725ef459dd5,0.057692307692307696,0,0,0.0,False,,,,,,,,
rust-lang/mdBook,05643f021a24da1c,0.032679738562091505,2,1,0.0,True,1.0,1.0,1.0,1.0,1.0,1.0,1.0,1.0
rust-lang/mdBook,46230eb6eb9a3792,0.0,0,0,0.0,False,,,,,,,,
rust-lang/mdBook,d97a27b442016db4,0.008264462809917356,1,0,0.0,False,,,,,,,,
rust-lang/mdBook,3248627473f9a968,0.0,1,0,0.0,False,,,,,,,,
rust-lang/mdBook,8f82af8343c10d89,0.014492753623188406,0,0,0.0,False,,,,,,,,
rust-lang/mdBook,f78c46d2c27cad4c,0.09090909090909091,0,0,0.0,False,,,,,,,,
rust-lang/mdBook,2ccccad6cf02ed5f,0.0,1,1,0.0,True,1.0,1.0,1.0,1.0,1.0,1.0,1.0,1.0
rust-lang/mdBook,80991873b023d575,0.012195121951219513,0,0,0.0,False,,,,,,,,
rust-lang/rust-analyzer,5b592ca71efe7505,0.0,7,2,0.0,True,0.0,0.0,0.0,0.0,0.0,0.0,0.0,0.0
rust-lang/rust-analyzer,195d3d6d1106290b,0.0,20,12,0.0,True,0.1315309024297973,0.0,0.1315309024297973,0.0,0.1315309024297973,0.0,0.1315309024297973,0.0
rust-lang/rust-analyzer,d7fbbf9e16e0e734,0.0,2,1,0.0,True,0.5,0.0,0.5,0.0,0.6309297535714575,0.0,0.5,0.0
rust-lang/rust-analyzer,ae3f722eaa759695,0.0,14,9,0.0,True,1.0,1.0,1.0,1.0,1.0,1.0,1.0,1.0
rust-lang/rust-analyzer,894570cf6f6fc316,0.0,5,1,0.0,True,0.43067655807339306,0.0,0.5,0.0,0.43067655807339306,0.0,0.43067655807339306,0.0
rust-lang/rust-analyzer,84b1b757a7ced438,0.0,3,1,0.0,True,0.0,0.0,0.0,0.0,0.0,0.0,0.0,0.0
rust-lang/rust-analyzer,7fcb2475ee84abe0,0.0,20,12,0.0,True,0.6309297535714575,0.0,1.0,1.0,0.6309297535714575,0.0,0.6309297535714575,0.0
rust-lang/rust-analyzer,b05033ee8e5f4665,0.0,1,1,0.0,True,0.6309297535714575,0.0,0.6309297535714575,0.0,0.6309297535714575,0.0,0.6309297535714575,0.0
rust-lang/rust-analyzer,337713e8ef2fe979,0.0,4,3,0.0,True,0.4653382790366966,0.0,0.4653382790366966,0.0,0.43067655807339306,0.0,0.4653382790366966,0.0
rust-lang/rust-analyzer,f9156f6ae1b37086,0.0,13,10,0.0,True,0.0,0.0,0.0,0.0,0.0,0.0,0.0,0.0
rust-lang/rust-analyzer,b917f1f0b1b54bed,0.0,2,0,0.0,False,,,,,,,,
rust-lang/rust-analyzer,379e5c97596b430a,0.046153846153846156,4,3,1.0,True,0.0,0.0,0.0,0.0,0.0,0.0,0.0,0.0
rust-lang/rust-analyzer,1810e90078620884,0.12334801762114538,3,1,0.0,True,0.0,0.0,0.0,0.0,0.0,0.0,0.0,0.0
rust-lang/rust-analyzer,a03a22f9605d5b82,0.0,8,4,0.0,True,0.13770577618809332,0.0,0.13770577618809332,0.0,0.11861329943102608,0.0,0.13770577618809332,0.0
rust-lang/rust-analyzer,266f75fb23397c5c,0.0,8,0,0.0,False,,,,,,,,
rust-lang/rust-analyzer,dd865155fdab02ce,0.0,4,3,0.0,True,0.2205605109996152,0.0,0.14704034066641014,0.0,0.0,0.0,0.2205605109996152,0.0
rust-lang/rust-analyzer,ef1895bc2ac7cc88,0.0,5,1,0.0,True,0.0,0.0,0.0,0.0,0.0,0.0,0.0,0.0
rust-lang/rust-analyzer,77c8ce803746d1ca,0.0,7,0,0.0,False,,,,,,,,
rust-lang/rust-analyzer,5ae1a752d230a655,0.0,4,0,0.0,False,,,,,,,,
rust-lang/rust-analyzer,8375384b74d1a22f,0.0,1,1,0.0,True,0.6309297535714575,0.0,0.6309297535714575,0.0,0.6309297535714575,0.0,0.6309297535714575,0.0
rust-lang/rust-analyzer,4965c7c392494dc8,0.0,4,4,0.0,True,0.43067655807339306,0.0,0.43067655807339306,0.0,0.43067655807339306,0.0,0.43067655807339306,0.0
rust-lang/rust-analyzer,0fd0fa5017a2f412,0.0009671179883945841,12,8,0.0,True,0.5787641110093001,0.0,0.5787641110093001,0.0,0.9173194127129571,1.0,0.5787641110093001,0.0
rust-lang/rust-analyzer,90deb59979ad896f,0.0,1,0,0.0,False,,,,,,,,
rust-lang/rust-analyzer,54bf89eb5ed83b95,0.0,6,0,0.0,False,,,,,,,,
rust-lang/rust-analyzer,a912e1344ccc0051,0.0,16,8,0.0,True,0.0,0.0,0.0,0.0,0.0,0.0,0.0,0.0
rust-lang/rust,273f3d21932dab70,0.0625,1,0,0.0,False,,,,,,,,
rust-lang/rust,a696712262869279,0.0,0,0,0.0,False,,,,,,,,
rust-lang/rust,8af212e8df57fd7b,0.0,0,0,0.0,False,,,,,,,,
rust-lang/rust,c263917dcffc7754,0.0,0,0,0.0,False,,,,,,,,
rust-lang/rust,f7e104c33ca6aacf,0.04716981132075472,0,0,0.0,False,,,,,,,,
rust-lang/rust,1e47e501d817aa1b,0.0,0,0,0.0,False,,,,,,,,
rust-lang/rust,0f8f16f802638bbc,0.0,0,0,0.0,False,,,,,,,,
rust-lang/rust,5bf46682ac65c0ee,0.2222222222222222,1,0,0.0,False,,,,,,,,
rust-lang/rust,16b55df807225664,0.0,1,0,0.0,False,,,,,,,,
rust-lang/rust,fa2e0beb8a391edc,0.0196078431372549,0,0,0.0,False,,,,,,,,
rust-lang/rust,267480820e2b00d2,0.0,0,0,0.0,False,,,,,,,,
rust-lang/rust,16bba17337b9ad5a,0.0,1,0,0.0,False,,,,,,,,
rust-lang/rust,0dcfca9a1077ac91,0.06666666666666667,0,0,0.0,False,,,,,,,,
rust-lang/rust,e0d5df9aa43bcd09,0.0,0,0,0.0,False,,,,,,,,
rust-lang/rust,060d9f3789d08b73,0.0,0,0,0.0,False,,,,,,,,
rust-lang/rust,2ad15fdf6c8c06f8,0.038461538461538464,0,0,0.0,False,,,,,,,,
rust-lang/rust,ebf1ded77b9ce6c7,0.0,0,0,0.0,False,,,,,,,,
rust-lang/rust,fc8a2984205a8718,0.023529411764705882,7,1,0.0,True,0.6309297535714575,0.0,0.6309297535714575,0.0,0.6309297535714575,0.0,0.6309297535714575,0.0
rust-lang/rust,0f9009d036261d34,0.044444444444444446,0,0,0.0,False,,,,,,,,
rust-lang/rust,f01ac1c7b87c96f9,0.07692307692307693,0,0,0.0,False,,,,,,,,
rust-lang/rust,70114c272ed1a8b7,0.0,0,0,0.0,False,,,,,,,,
rust-lang/rust,04451469d1d88ae8,0.16666666666666666,0,0,0.0,False,,,,,,,,
rust-lang/rust,d4b6c779834d674c,0.018867924528301886,1,0,0.0,False,,,,,,,,
rust-lang/rust,bdbfdb95f37c6500,0.05531914893617021,6,5,0.0,True,0.3720000785943664,0.0,0.3720000785943664,0.0,0.3720000785943664,0.0,0.3720000785943664,0.0
rust-lang/rust,1a784cf5272e84f4,0.05154639175257732,2,1,0.0,True,0.0,0.0,0.0,0.0,0.0,0.0,0.0,0.0
rust-windowing/winit,b803fcb7f17ed923,0.039886039886039885,11,7,0.0,True,0.6651640917528849,0.0,0.6454020356301869,0.0,0.6256399795074888,0.0,0.6256399795074888,0.0
rust-windowing/winit,9a4f3e4537ebb747,0.1111111111111111,0,0,0.0,False,,,,,,,,
rust-windowing/winit,f3dbfb2563c34903,0.0,2,1,0.0,True,1.0,1.0,1.0,1.0,1.0,1.0,1.0,1.0
rust-windowing/winit,d6a4dbe826070a68,0.02680565897244974,2,2,0.0,True,0.3065735963827292,0.0,0.3065735963827292,0.0,0.2640681225725909,0.0,0.3065735963827292,0.0
rust-windowing/winit,a947c9d2523f34e5,1.0,0,0,1.0,False,,,,,,,,
rust-windowing/winit,51afc5d77bc899fd,0.2,1,0,0.0,False,,,,,,,,
rust-windowing/winit,3eb64c07e2773151,1.0,0,0,0.0,False,,,,,,,,
rust-windowing/winit,2e9d962a08321605,0.0,15,6,0.0,True,0.8597186998521972,0.0,0.8597186998521972,0.0,0.8597186998521972,0.0,0.8597186998521972,0.0
rust-windowing/winit,1040309c64844eb1,0.0125,7,3,0.0,True,0.5174418337467067,0.0,0.500784699218747,0.0,0.500784699218747,0.0,0.5174418337467067,0.0
rust-windowing/winit,7fbbc2f36bbcaeaf,0.1956521739130435,0,0,0.0,False,,,,,,,,
saltstack/salt,3e624599f8a20663,0.14189189189189189,1,0,0.0,False,,,,,,,,
saltstack/salt,c6ff6417627c3aa7,0.23651452282157676,0,0,1.0,False,,,,,,,,
saltstack/salt,df753fecda7c6d1d,0.21052631578947367,0,0,0.0,False,,,,,,,,
saltstack/salt,7b35fed4b31af071,0.16153846153846155,0,0,0.0,False,,,,,,,,
saltstack/salt,0d22c8ffa3fb2099,0.4349593495934959,0,0,1.0,False,,,,,,,,
saltstack/salt,5e4a8ac65b9b950f,0.07926829268292683,0,0,0.0,False,,,,,,,,
saltstack/salt,2c3a6a87f0cb6bdb,0.1635434412265758,0,0,0.0,False,,,,,,,,
saltstack/salt,62af6f17d4afe359,0.5555555555555556,0,0,1.0,False,,,,,,,,
saltstack/salt,d324d20f8b7563e4,0.16923076923076924,0,0,0.0,False,,,,,,,,
saltstack/salt,e970aed9edf30e0f,0.24271844660194175,0,0,0.0,False,,,,,,,,
saltstack/salt,a3ee5b689f54809b,0.2727272727272727,0,0,0.0,False,,,,,,,,
saltstack/salt,1d38435cf2b52935,0.2812241521918941,12,3,1.0,True,0.0,0.0,0.0,0.0,0.0,0.0,0.0,0.0
saltstack/salt,7ab898bdc42d7969,0.27029804727646456,1,0,0.0,False,,,,,,,,
saltstack/salt,b55fa23e7894599a,0.07865168539325842,2,0,0.0,False,,,,,,,,
saltstack/salt,44a0689fffbe2bcc,0.4268292682926829,0,0,1.0,False,,,,,,,,
saltstack/salt,d7ae6b88b0f2499f,0.36153846153846153,1,0,0.0,False,,,,,,,,
saltstack/salt,e5aa981c5f85cbc2,0.3067484662576687,2,0,1.0,False,,,,,,,,
saltstack/salt,cbc4856ae9ca77b3,0.20446096654275092,0,0,0.0,False,,,,,,,,
saltstack/salt,a15f2a5ee4c0fa33,0.07754010695187166,0,0,0.0,False,,,,,,,,
saltstack/salt,505c8f08e70c970f,0.23404255319148937,0,0,0.0,False,,,,,,,,
saltstack/salt,2090f3c7e3acc930,0.45454545454545453,0,0,0.0,False,,,,,,,,
saltstack/salt,3168b2ce66c9a282,0.08450704225352113,0,0,0.0,False,,,,,,,,
saltstack/salt,40a2df8c96376baa,0.3597560975609756,0,0,0.0,False,,,,,,,,
saltstack/salt,a36f33f534c089df,0.279319606087735,0,0,0.0,False,,,,,,,,
saltstack/salt,65b0829e42df04ad,0.1643684500827358,8,0,0.0,False,,,,,,,,
scikit-image/scikit-image,1d230d0dc85b54e4,0.12030075187969924,0,0,0.0,False,,,,,,,,
scikit-image/scikit-image,705e582aa195207e,0.27932960893854747,0,0,0.0,False,,,,,,,,
scikit-image/scikit-image,e5025bcae248b108,0.015384615384615385,0,0,0.0,False,,,,,,,,
scikit-image/scikit-image,4e83a386afe0dd8d,0.0,0,0,0.0,False,,,,,,,,
scikit-image/scikit-image,67bef90528f2def7,0.06896551724137931,0,0,0.0,False,,,,,,,,
scikit-image/scikit-image,7d27e428a849fa8e,0.1652892561983471,0,0,0.0,False,,,,,,,,
scikit-image/scikit-image,f0e077050961d228,0.0,0,0,0.0,False,,,,,,,,
scikit-image/scikit-image,98e5ecdcc7a20e9e,0.3153846153846154,0,0,0.0,False,,,,,,,,
scikit-image/scikit-image,535443e83837931e,0.05128205128205128,0,0,0.0,False,,,,,,,,
scikit-image/scikit-image,865acb42f8f1525b,0.05555555555555555,0,0,0.0,False,,,,,,,,
scikit-image/scikit-image,17f361998de70d62,0.04477611940298507,0,0,0.0,False,,,,,,,,
scikit-image/scikit-image,3b977591f3df3413,0.1111111111111111,0,0,0.0,False,,,,,,,,
scikit-image/scikit-image,875f9f6d5621f787,0.012048192771084338,0,0,0.0,False,,,,,,,,
scikit-image/scikit-image,ccb12e0695e287fb,0.216,0,0,0.0,False,,,,,,,,
scikit-image/scikit-image,37abedbcb0b43936,0.12195121951219512,0,0,0.0,False,,,,,,,,
scikit-image/scikit-image,5bb9fabdbd9b0510,0.05161290322580645,0,0,0.0,False,,,,,,,,
scikit-image/scikit-image,538a9353605033e5,0.12987012987012986,0,0,0.0,False,,,,,,,,
scikit-image/scikit-image,85f7dd804e0075c1,0.011235955056179775,0,0,0.0,False,,,,,,,,
scikit-image/scikit-image,747c6c4901c3f413,0.025974025974025976,0,0,0.0,False,,,,,,,,
scikit-image/scikit-image,e4cad641d7df9809,0.02577319587628866,0,0,0.0,False,,,,,,,,
scikit-image/scikit-image,15751608c3c4cbfd,0.136986301369863,0,0,0.0,False,,,,,,,,
scikit-image/scikit-image,4b59a63ec268b258,0.15463917525773196,0,0,0.0,False,,,,,,,,
scikit-image/scikit-image,78a8a19706dbd2a4,0.028169014084507043,1,0,0.0,False,,,,,,,,
scikit-image/scikit-image,9221004536e38b6e,0.012048192771084338,0,0,0.0,False,,,,,,,,
scikit-image/scikit-image,e01ce8d2ff533677,0.0,0,0,0.0,False,,,,,,,,
scikit-learn/scikit-learn,7e3dbdb98a7e429b,0.11398963730569948,1,0,0.0,False,,,,,,,,
scikit-learn/scikit-learn,2b6b9a84815c73ee,0.3425925925925926,2,0,0.0,False,,,,,,,,
scikit-learn/scikit-learn,9d74150615421581,0.27334083239595053,4,0,1.0,False,,,,,,,,
scikit-learn/scikit-learn,2372b49ef0af958c,0.21354166666666666,0,0,0.0,False,,,,,,,,
scikit-learn/scikit-learn,242d777c2b3340f4,0.1016260162601626,1,0,1.0,False,,,,,,,,
scikit-learn/scikit-learn,dcae461ebb8ea2ab,0.078125,5,0,0.0,False,,,,,,,,
scikit-learn/scikit-learn,107e910e9f2ebfb9,0.0,11,4,0.0,True,0.5366281506721102,0.0,0.5366281506721102,0.0,0.5366281506721102,0.0,0.5366281506721102,0.0
scikit-learn/scikit-learn,1a02751b14268cca,0.3838383838383838,0,0,1.0,False,,,,,,,,
scikit-learn/scikit-learn,3d9c732e6dba6166,0.1245753114382786,3,1,1.0,True,0.0,0.0,0.0,0.0,0.0,0.0,0.0,0.0
scikit-learn/scikit-learn,d9955a58037bdb79,0.09543285616905249,18,14,0.0,True,0.4148741535721915,0.0,0.4249255184770383,0.0,0.4349768833818852,0.0,0.4148741535721915,0.0
scikit-learn/scikit-learn,e4616960cf3d0eca,0.023696682464454975,0,0,0.0,False,,,,,,,,
scikit-learn/scikit-learn,ed9de901e19af77a,0.012048192771084338,0,0,0.0,False,,,,,,,,
scikit-learn/scikit-learn,61aa75086609d03a,0.15789473684210525,0,0,0.0,False,,,,,,,,
scikit-learn/scikit-learn,3618b09aaa75ba4c,0.017369727047146403,3,0,0.0,False,,,,,,,,
scikit-learn/scikit-learn,ad87a3818e403647,0.049878345498783457,3,0,0.0,False,,,,,,,,
scikit-learn/scikit-learn,c4f47f30bd49121a,0.09115770282588878,1,0,0.0,False,,,,,,,,
scikit-learn/scikit-learn,8116d0cabd855da2,0.02912621359223301,3,0,0.0,False,,,,,,,,
scikit-learn/scikit-learn,69a94044cca2c315,0.15902140672782875,3,1,0.0,True,0.0,0.0,0.0,0.0,0.0,0.0,0.0,0.0
scikit-learn/scikit-learn,53cc4d6adaa01985,0.03314917127071823,1,0,0.0,False,,,,,,,,
scikit-learn/scikit-learn,351797a5f9424572,0.020833333333333332,0,0,0.0,False,,,,,,,,
scikit-learn/scikit-learn,be5d0efe968de44c,0.2610062893081761,2,2,1.0,True,0.0,0.0,0.0,0.0,0.0,0.0,0.0,0.0
scikit-learn/scikit-learn,da0141afe6be65f8,0.890625,0,0,1.0,False,,,,,,,,
scikit-learn/scikit-learn,197f43857a59af10,0.0343980343980344,3,1,0.0,True,0.38685280723454163,0.0,0.38685280723454163,0.0,0.38685280723454163,0.0,0.38685280723454163,0.0
scikit-learn/scikit-learn,ed594d42c0414d70,0.9042553191489362,2,0,1.0,False,,,,,,,,
scikit-learn/scikit-learn,70698c32a5e16246,0.09620253164556962,1,0,0.0,False,,,,,,,,
scipy/scipy,a65186aedc37565b,0.0,0,0,0.0,False,,,,,,,,
scipy/scipy,139795d27596cd4b,0.0013157894736842105,20,14,0.0,True,0.6275410499854439,1.0,0.6275410499854439,1.0,0.6275410499854439,1.0,0.6275410499854439,1.0
scipy/scipy,771f65b1a0657821,0.006535947712418301,0,0,0.0,False,,,,,,,,
scipy/scipy,236f59d0ef30704e,0.0,0,0,0.0,False,,,,,,,,
scipy/scipy,d99f438b1611592c,0.05,1,0,0.0,False,,,,,,,,
scipy/scipy,e3423470ac442c8e,0.011904761904761904,0,0,0.0,False,,,,,,,,
scipy/scipy,6ba7fcf5a871c674,0.0019342359767891683,30,6,0.0,True,0.20544918463387046,0.0,0.20544918463387046,0.0,0.20544918463387046,0.0,0.20544918463387046,0.0
scipy/scipy,cc6e641abc62d2e6,0.009009009009009009,6,4,0.0,True,0.26880728175632096,0.0,0.2436373453850201,0.0,0.2436373453850201,0.0,0.2436373453850201,0.0
scipy/scipy,2e72cdc9e15a53a7,0.0,1,0,0.0,False,,,,,,,,
scipy/scipy,65890ca177eee762,0.01977401129943503,4,0,0.0,False,,,,,,,,
scipy/scipy,4c400040beb945de,0.0,0,0,0.0,False,,,,,,,,
scipy/scipy,ec3888d32a1a34f3,0.007957559681697613,8,4,0.0,True,0.20151514190050246,0.0,0.20151514190050246,0.0,0.20151514190050246,0.0,0.20151514190050246,0.0
scipy/scipy,78062010e444161e,0.0069864927806241265,6,2,0.0,True,0.38685280723454163,0.0,0.38685280723454163,0.0,0.3065735963827292,0.0,0.38685280723454163,0.0
scipy/scipy,eef2aa68082c3add,0.002053388090349076,0,0,0.0,False,,,,,,,,
scipy/scipy,16c8bbcf8ddc8075,0.02608695652173913,5,1,0.0,True,0.0,0.0,0.0,0.0,0.0,0.0,0.0,0.0
scipy/scipy,b516c6256efec0a2,0.025996533795493933,4,3,0.0,True,0.0,0.0,0.0,0.0,0.0,0.0,0.0,0.0
scipy/scipy,351b7789a58aafb8,0.0199203187250996,1,0,0.0,False,,,,,,,,
scipy/scipy,2ea52e3690d4ab21,0.0017921146953405018,3,0,0.0,False,,,,,,,,
scipy/scipy,63527426aa968995,0.003189792663476874,15,7,0.0,True,0.8155369904682637,1.0,0.8155369904682637,1.0,0.8155369904682637,1.0,0.8155369904682637,1.0
scipy/scipy,1ddb56b9e10cea5a,0.010721944245889922,6,4,0.0,True,0.0,0.0,0.0,0.0,0.0,0.0,0.0,0.0
scipy/scipy,3ee8eb7dfb2f6e56,0.020338983050847456,5,3,0.0,True,0.0,0.0,0.0,0.0,0.0,0.0,0.0,0.0
scipy/scipy,3bdfd9d5dfa794d9,0.0071174377224199285,3,0,0.0,False,,,,,,,,
scipy/scipy,9cb41ea05c78ca21,0.0031914893617021275,2,1,0.0,True,0.5,0.0,0.5,0.0,0.5,0.0,0.5,0.0
scipy/scipy,acfed2ccd14a63b8,0.005305039787798408,0,0,0.0,False,,,,,,,,
scipy/scipy,e9712df463b5f79b,0.004901960784313725,1,1,0.0,True,0.46533827903669656,0.0,0.46533827903669656,0.0,0.46533827903669656,0.0,0.46533827903669656,0.0
scrapy/scrapy,4673e6a723df4e72,0.2698412698412698,3,2,1.0,True,0.5,0.0,0.5,0.0,0.5,0.0,0.5654648767857288,0.0
scrapy/scrapy,bfeaff1ed9c7b0a9,0.035,7,4,0.0,True,0.6309297535714575,0.0,0.6309297535714575,0.0,0.6309297535714575,0.0,0.6309297535714575,0.0
scrapy/scrapy,702d00bf00ca1b63,0.06030150753768844,6,3,0.0,True,0.6309297535714575,0.0,0.6309297535714575,0.0,0.6309297535714575,0.0,0.6309297535714575,0.0
scrapy/scrapy,fdddb8882c636d3e,0.038461538461538464,6,4,0.0,True,1.0,1.0,1.0,1.0,1.0,1.0,1.0,1.0
scrapy/scrapy,d72259f1af675870,0.08979591836734693,3,3,0.0,True,1.0,1.0,1.0,1.0,1.0,1.0,1.0,1.0
scrapy/scrapy,c8e2c2588ecda257,0.08661417322834646,4,3,0.0,True,1.0,1.0,1.0,1.0,1.0,1.0,1.0,1.0
scrapy/scrapy,a6952bc41d380964,0.15625,2,1,1.0,True,1.0,1.0,1.0,1.0,1.0,1.0,0.8154648767857288,0.5
scrapy/scrapy,c27b34a63757194d,0.07777777777777778,10,4,0.0,True,0.13770577618809332,0.0,0.13770577618809332,0.0,0.13770577618809332,0.0,0.4573369727327457,0.0
scrapy/scrapy,17ae8e6adff08edd,0.07633587786259542,3,3,0.0,True,1.0,1.0,1.0,1.0,1.0,1.0,1.0,1.0
scrapy/scrapy,ac2d4bdd6bf360d1,0.2012987012987013,5,3,0.0,True,1.0,1.0,0.6309297535714575,0.0,0.6309297535714575,0.0,1.0,1.0
scrapy/scrapy,f80d42195a9e051c,0.07582938388625593,7,2,0.0,True,0.6309297535714575,0.0,0.6309297535714575,0.0,0.6309297535714575,0.0,0.6309297535714575,0.0
scrapy/scrapy,58f445917634c18e,0.03409090909090909,2,1,0.0,True,1.0,1.0,1.0,1.0,1.0,1.0,1.0,1.0
scrapy/scrapy,34bbf40cbe551007,0.6666666666666666,0,0,1.0,False,,,,,,,,
scrapy/scrapy,611739ac2a153947,0.037257824143070044,13,5,0.0,True,0.5,0.0,0.5,0.0,0.43067655807339306,0.0,0.5,0.0
scrapy/scrapy,d0f11e0e5927935e,0.0,3,0,0.0,False,,,,,,,,
scrapy/scrapy,92153dfedb83b99d,0.26732673267326734,8,6,0.0,True,1.0,1.0,1.0,1.0,1.0,1.0,1.0,1.0
scrapy/scrapy,0fcc176461f10814,0.044444444444444446,3,2,0.0,True,0.5654648767857288,0.0,0.5654648767857288,0.0,0.5654648767857288,0.0,0.5654648767857288,0.0
scrapy/scrapy,65dca6fe5be2b1f6,0.023952095808383235,4,1,0.0,True,1.0,1.0,1.0,1.0,1.0,1.0,1.0,1.0
scrapy/scrapy,bf607f2eb9112575,0.4,0,0,0.0,False,,,,,,,,
scrapy/scrapy,ad89c004d6d0b6e1,0.02857142857142857,5,3,0.0,True,1.0,1.0,1.0,1.0,1.0,1.0,1.0,1.0
scrapy/scrapy,8c6fce7667a43926,0.1,2,1,0.0,True,1.0,1.0,1.0,1.0,1.0,1.0,1.0,1.0
scrapy/scrapy,37d0223c3d82d62b,0.17216117216117216,30,18,0.0,True,1.0,1.0,1.0,1.0,1.0,1.0,1.0,1.0
scrapy/scrapy,245f10c80cc3016d,0.032432432432432434,9,6,0.0,True,0.6309297535714575,0.0,0.6309297535714575,0.0,0.6309297535714575,0.0,0.6309297535714575,0.0
scrapy/scrapy,1ccbbaf8b94c8123,0.05,19,10,0.0,True,1.0,1.0,1.0,1.0,1.0,1.0,1.0,1.0
scrapy/scrapy,ba9e083ee9d11914,0.04487179487179487,3,3,0.0,True,0.43067655807339306,0.0,0.43067655807339306,0.0,0.43067655807339306,0.0,0.43067655807339306,0.0
secdev/scapy,5669ea139651cacf,0.006868131868131868,3,3,0.0,True,0.43067655807339306,0.0,0.43067655807339306,0.0,0.38685280723454163,0.0,0.43067655807339306,0.0
secdev/scapy,f7e9c887c28f2bd5,0.0009852216748768472,13,8,0.0,True,0.9639404333166532,1.0,0.944847956559586,1.0,0.944847956559586,1.0,0.9639404333166532,1.0
secdev/scapy,63041d216f870a56,0.0,1,0,0.0,False,,,,,,,,
secdev/scapy,24e0ee25136d2953,0.00847457627118644,0,0,0.0,False,,,,,,,,
secdev/scapy,bac3172376d0bfc0,0.0,2,2,0.0,True,0.19342640361727081,0.0,0.1289509357448472,0.0,0.1289509357448472,0.0,0.19342640361727081,0.0
secdev/scapy,6fea5095680e9bde,0.18120805369127516,0,0,0.0,False,,,,,,,,
secdev/scapy,280fc0d40d7d9881,0.004,1,1,0.0,True,0.5,0.0,0.5,0.0,0.5,0.0,0.5,0.0
secdev/scapy,049da9d4fd06bfc5,0.0016433853738701725,6,5,0.0,True,0.6309297535714575,0.0,0.6309297535714575,0.0,0.6309297535714575,0.0,0.6309297535714575,0.0
secdev/scapy,d315829a05264a97,0.0,1,0,0.0,False,,,,,,,,
secdev/scapy,17c706fcc6a63fa4,0.1072463768115942,0,0,0.0,False,,,,,,,,
secdev/scapy,ffa5a92829e312ec,0.42915811088295686,1,0,1.0,False,,,,,,,,
secdev/scapy,bd0a0aaf3081c75b,0.0,5,4,0.0,True,0.0,0.0,0.0,0.0,0.0,0.0,0.0,0.0
secdev/scapy,99262f1640e33535,0.0015290519877675841,5,5,0.0,True,0.5624559015507291,0.0,0.6092798407498988,0.0,0.5624559015507291,0.0,0.5624559015507291,0.0
secdev/scapy,ba84429f03a9e67f,0.13636363636363635,0,0,0.0,False,,,,,,,,
secdev/scapy,a0065123662822ae,0.1232876712328767,1,0,0.0,False,,,,,,,,
secdev/scapy,468b0be5e4cea249,0.0019646365422396855,5,2,0.0,True,0.6309297535714575,0.0,0.6309297535714575,0.0,0.6309297535714575,0.0,0.6309297535714575,0.0
secdev/scapy,90d64fd655cf328f,0.0020408163265306124,0,0,0.0,False,,,,,,,,
secdev/scapy,ec41b359e71b07a6,0.000462962962962963,9,4,0.0,True,0.0,0.0,0.0,0.0,0.0,0.0,0.0,0.0
secdev/scapy,19c691ae0be66d29,0.001375515818431912,1,0,0.0,False,,,,,,,,
secdev/scapy,a9efb1b290b70596,0.525691699604743,0,0,1.0,False,,,,,,,,
secdev/scapy,3d12c51c12ef3808,0.0821917808219178,0,0,0.0,False,,,,,,,,
secdev/scapy,92198eae7a3ac679,0.21153846153846154,0,0,0.0,False,,,,,,,,
secdev/scapy,8abb91bad30ea480,0.0002068680182043856,2,1,0.0,True,0.0,0.0,0.0,0.0,0.0,0.0,0.0,0.0
secdev/scapy,6684f6adc0bd8f3f,0.0,2,1,0.0,True,1.0,1.0,1.0,1.0,1.0,1.0,1.0,1.0
secdev/scapy,ea86fbdc4ffb2f8e,0.014423076923076924,1,1,0.0,True,1.0,1.0,0.6309297535714575,0.0,0.6309297535714575,0.0,1.0,1.0
semantic-release/semantic-release,14fdb6448f197192,0.00303951367781155,1,1,0.0,True,0.5,0.0,0.5,0.0,0.5,0.0,0.5,0.0
serenity-rs/serenity,814176372a49e73e,0.11267605633802817,1,0,0.0,False,,,,,,,,
serenity-rs/serenity,107e910e9f2ebfb9,0.5686274509803921,0,0,0.0,False,,,,,,,,
serenity-rs/serenity,55770ba1083852b3,0.02531645569620253,2,0,1.0,False,,,,,,,,
serenity-rs/serenity,897410fb5c877cd1,0.05154639175257732,0,0,0.0,False,,,,,,,,
serenity-rs/serenity,9e1a072132b1793b,0.06315789473684211,0,0,0.0,False,,,,,,,,
serenity-rs/serenity,5ec084d3411c3b7e,0.06666666666666667,0,0,0.0,False,,,,,,,,
serenity-rs/serenity,e6e6c037fcd7c766,0.03481624758220503,3,0,0.0,False,,,,,,,,
serenity-rs/serenity,2f6fb7339d5d3d66,0.07692307692307693,0,0,0.0,False,,,,,,,,
serenity-rs/serenity,22a83da2fe40c751,0.06687898089171974,3,1,0.0,True,0.38685280723454163,0.0,0.19342640361727081,0.0,0.0,0.0,0.43067655807339306,0.0
serenity-rs/serenity,bdeafc68894b7a05,0.11764705882352941,0,0,0.0,False,,,,,,,,
serenity-rs/serenity,eaac8191e1c5a13e,0.0297029702970297,0,0,0.0,False,,,,,,,,
serenity-rs/serenity,7ce7f95075bb8401,0.08235294117647059,0,0,0.0,False,,,,,,,,
serenity-rs/serenity,3995b3dc0b5fd50a,0.03626943005181347,0,0,0.0,False,,,,,,,,
serenity-rs/serenity,f1627ceab8bf227a,0.0049504950495049506,0,0,0.0,False,,,,,,,,
serenity-rs/serenity,d937db9b2059e8ed,0.0,2,0,0.0,False,,,,,,,,
serenity-rs/serenity,5ad154ed1e6261a7,0.0,1,0,0.0,False,,,,,,,,
serenity-rs/serenity,e3b8c1b8b26d5011,0.06493506493506493,0,0,0.0,False,,,,,,,,
serenity-rs/serenity,d3829e11e9f5f5c0,0.103886925795053,4,0,0.0,False,,,,,,,,
serenity-rs/serenity,303fe866daa1a8c4,0.06329113924050633,0,0,0.0,False,,,,,,,,
serenity-rs/serenity,e0cf0ac03f9c02a5,0.02654867256637168,0,0,0.0,False,,,,,,,,
serenity-rs/serenity,7d3a540aff7ac11d,0.004366812227074236,1,0,0.0,False,,,,,,,,
serenity-rs/serenity,a88386ca3a177fa6,0.08695652173913043,0,0,0.0,False,,,,,,,,
serenity-rs/serenity,b335630551682c19,0.008032128514056224,1,0,0.0,False,,,,,,,,
serenity-rs/serenity,ae030146ad938ad8,0.0029175784099197666,6,2,0.0,True,0.0,0.0,0.0,0.0,0.0,0.0,0.0,0.0
serenity-rs/serenity,830f15a8bb1447ce,0.019417475728155338,0,0,0.0,False,,,,,,,,
shap/shap,842389999e754ed3,0.013605442176870748,0,0,0.0,False,,,,,,,,
shap/shap,fe1fc456e240ccaa,0.1809872029250457,0,0,0.0,False,,,,,,,,
shap/shap,5457d167172d2fbe,0.00974025974025974,0,0,0.0,False,,,,,,,,
shap/shap,e95246bd7d04a5f6,0.07051282051282051,0,0,0.0,False,,,,,,,,
shap/shap,74dad63d7118e850,0.0975609756097561,1,0,0.0,False,,,,,,,,
shap/shap,d19b0b2a95339ec7,0.13357400722021662,0,0,0.0,False,,,,,,,,
shap/shap,5e5a94bc5bb74b20,0.12,3,2,0.0,True,0.38685280723454163,0.0,0.40876468265396737,0.0,0.38685280723454163,0.0,0.43067655807339306,0.0
shap/shap,9a46edc02ffe8189,0.1746031746031746,7,2,0.0,True,1.0,1.0,1.0,1.0,1.0,1.0,1.0,1.0
shap/shap,aaac45c56f18d994,0.1946564885496183,3,1,1.0,True,0.43067655807339306,0.0,0.43067655807339306,0.0,0.43067655807339306,0.0,0.5,0.0
shap/shap,02e0b03f9357e09a,0.33394160583941607,3,0,0.0,False,,,,,,,,
shap/shap,70680e14014f9980,0.0028328611898017,0,0,0.0,False,,,,,,,,
shap/shap,c376d06ae56a1fde,0.011342155009451797,0,0,0.0,False,,,,,,,,
shap/shap,bf96f15727be84e6,0.7580645161290323,1,0,1.0,False,,,,,,,,
shap/shap,84b68ee87da9e716,0.2,0,0,0.0,False,,,,,,,,
shap/shap,ba28b4e435a6c1c3,0.03571428571428571,0,0,0.0,False,,,,,,,,
shap/shap,59fa17349fe5adf8,0.06593406593406594,0,0,0.0,False,,,,,,,,
shap/shap,489f83068283cc9a,0.061711079943899017,2,0,0.0,False,,,,,,,,
shap/shap,c671af8467149a10,0.3,0,0,0.0,False,,,,,,,,
shap/shap,1e18ede7428fe533,0.3079710144927536,2,2,0.0,True,0.43067655807339306,0.0,0.43067655807339306,0.0,0.43067655807339306,0.0,0.5,0.0
shap/shap,89bcc31266d9c69f,0.00684931506849315,0,0,0.0,False,,,,,,,,
shap/shap,5b6ebaf056bf514a,0.3548387096774194,0,0,1.0,False,,,,,,,,
shap/shap,a7cd56a8ba5b4a2a,0.2,2,0,0.0,False,,,,,,,,
shap/shap,67d05108bfd93e5e,0.003076923076923077,0,0,0.0,False,,,,,,,,
shap/shap,87391f5782bfe0a8,0.02155887230514096,0,0,0.0,False,,,,,,,,
shap/shap,00c43825e5b2565c,0.2631578947368421,0,0,1.0,False,,,,,,,,
simonw/datasette,5c6dddc0c85981eb,0.043478260869565216,14,13,0.0,True,1.0,1.0,1.0,1.0,1.0,1.0,1.0,1.0
simonw/datasette,43f019e7aa05f397,0.0,1,1,0.0,True,1.0,1.0,1.0,1.0,1.0,1.0,1.0,1.0
simonw/datasette,a65e663100a647fe,0.12212817412333736,21,20,0.0,True,0.9639404333166532,1.0,0.9639404333166532,1.0,0.9639404333166532,1.0,0.9639404333166532,1.0
simonw/datasette,e52e4ddd58b7ef88,0.01282051282051282,32,32,0.0,True,0.9819702166583266,1.0,0.9819702166583266,1.0,0.9543941949381196,1.0,0.9819702166583266,1.0
simonw/datasette,bbe9eade93466fc3,0.05813953488372093,11,8,0.0,True,1.0,1.0,1.0,1.0,1.0,1.0,1.0,1.0
simonw/datasette,400f17d3526d3c74,0.047038327526132406,12,9,0.0,True,1.0,1.0,1.0,1.0,1.0,1.0,1.0,1.0
simonw/datasette,5c9ef29c33ed0fde,0.0,4,3,0.0,True,0.6309297535714575,0.0,0.6309297535714575,0.0,1.0,1.0,0.6309297535714575,0.0
simonw/datasette,9480d31bdde3d9fc,0.0025684931506849314,76,68,0.0,True,1.0,1.0,1.0,1.0,1.0,1.0,1.0,1.0
simonw/datasette,c42c96171310ba36,0.20253164556962025,3,3,0.0,True,1.0,1.0,1.0,1.0,1.0,1.0,1.0,1.0
simonw/datasette,c66d64310c3a2a02,0.002617801047120419,3,3,0.0,True,1.0,1.0,1.0,1.0,1.0,1.0,1.0,1.0
simonw/datasette,83d29b1fb42ebaa9,0.03855421686746988,146,132,0.0,True,1.0,1.0,1.0,1.0,1.0,1.0,1.0,1.0
simonw/datasette,33c13e0b177bacd2,0.18915343915343916,16,15,0.0,True,1.0,1.0,1.0,1.0,1.0,1.0,1.0,1.0
simonw/datasette,29c93c7c1984a571,0.04867634500426986,38,35,0.0,True,1.0,1.0,1.0,1.0,1.0,1.0,1.0,1.0
simonw/datasette,7e121b0bd3a0c254,0.05309734513274336,2,2,0.0,True,0.6309297535714575,0.0,0.6309297535714575,0.0,0.6309297535714575,0.0,0.5,0.0
simonw/datasette,4ccde2f5cf4fc8ce,0.25,4,2,0.0,True,1.0,1.0,1.0,1.0,1.0,1.0,1.0,1.0
simonw/datasette,d38f148b058caf2f,0.0,65,58,0.0,True,1.0,1.0,1.0,1.0,1.0,1.0,1.0,1.0
simonw/datasette,60f61ab7a8d1910d,0.18691588785046728,5,5,0.0,True,0.9717271130121371,1.0,0.9717271130121371,1.0,0.9717271130121371,1.0,0.9717271130121371,1.0
simonw/datasette,98a905cde294e8bc,0.04484304932735426,2,2,0.0,True,1.0,1.0,1.0,1.0,1.0,1.0,1.0,1.0
simonw/datasette,8789098ed2a3a26e,0.05639097744360902,5,4,0.0,True,1.0,1.0,1.0,1.0,1.0,1.0,1.0,1.0
simonw/datasette,c874b0b095156b80,0.0,23,23,0.0,True,0.8154648767857288,0.5,0.8154648767857288,0.5,0.8154648767857288,0.5,0.8154648767857288,0.5
simonw/datasette,a404bcd8a87f87a1,0.005518763796909493,85,68,0.0,True,1.0,1.0,1.0,1.0,1.0,1.0,1.0,1.0
simonw/datasette,5d18894e01294dc4,0.7272727272727273,2,2,0.0,True,1.0,1.0,1.0,1.0,1.0,1.0,1.0,1.0
simonw/datasette,3f6bf963ebd2fc1c,0.45918367346938777,1,1,1.0,True,1.0,1.0,0.6309297535714575,0.0,1.0,1.0,0.6309297535714575,0.0
simonw/datasette,8c3bbe16eac9998c,0.041237113402061855,6,4,0.0,True,1.0,1.0,1.0,1.0,1.0,1.0,1.0,1.0
simonw/datasette,891587ca9b63bd45,0.24532710280373832,8,7,0.0,True,1.0,1.0,1.0,1.0,1.0,1.0,1.0,1.0
software-mansion/react-native-reanimated,46f6d6bde0d70647,0.0,2,2,0.0,True,0.5,0.0,0.5,0.0,0.5,0.0,0.5,0.0
software-mansion/react-native-reanimated,d2bc4bbf14eadc29,0.019801980198019802,4,2,0.0,True,1.0,1.0,1.0,1.0,1.0,1.0,1.0,1.0
software-mansion/react-native-reanimated,9539d0c3c4fd43ec,0.7027027027027027,0,0,0.0,False,,,,,,,,
software-mansion/react-native-reanimated,7ae45ad102eab3b6,0.0,43,19,0.0,True,0.9868993684391876,1.0,0.9765173635593618,1.0,0.9765173635593618,1.0,0.9868993684391876,1.0
software-mansion/react-native-reanimated,1026e0038b722990,0.6521739130434783,1,1,0.0,True,0.5,0.0,0.6309297535714575,0.0,0.6309297535714575,0.0,0.5,0.0
software-mansion/react-native-svg,f238996d5ab0c322,0.17857142857142858,0,0,0.0,False,,,,,,,,
software-mansion/react-native-svg,e24db3a279fa84bf,0.14814814814814814,0,0,0.0,False,,,,,,,,
software-mansion/react-native-svg,12086d01ac730c57,0.03333333333333333,0,0,0.0,False,,,,,,,,
software-mansion/react-native-svg,6b01119113ae33cd,0.15625,0,0,0.0,False,,,,,,,,
software-mansion/react-native-svg,9eafc14a7fced3ec,0.8213969938107869,2,0,1.0,False,,,,,,,,
software-mansion/react-native-svg,f69c74ee636ed35a,0.08695652173913043,0,0,0.0,False,,,,,,,,
software-mansion/react-native-svg,84d7aa31f141dce2,0.7196969696969697,2,0,1.0,False,,,,,,,,
software-mansion/react-native-svg,fee99cd01fb730b2,0.6475770925110133,0,0,1.0,False,,,,,,,,
software-mansion/react-native-svg,3cad2478a7635124,0.8530120481927711,0,0,1.0,False,,,,,,,,
software-mansion/react-native-svg,7c5f81dbc9e7b972,0.08,0,0,0.0,False,,,,,,,,
software-mansion/react-native-svg,e44c1eed2606dabe,0.1891891891891892,0,0,0.0,False,,,,,,,,
software-mansion/react-native-svg,aa2bcce1bcf2ede9,0.7425149700598802,0,0,1.0,False,,,,,,,,
software-mansion/react-native-svg,547e279f92df7988,0.12162162162162163,0,0,0.0,False,,,,,,,,
software-mansion/react-native-svg,7f8adeb6e7faded1,0.6172043010752688,1,0,1.0,False,,,,,,,,
software-mansion/react-native-svg,f11831d30e80c711,0.043478260869565216,0,0,0.0,False,,,,,,,,
software-mansion/react-native-svg,7baa98705acc5f1c,0.1694915254237288,0,0,0.0,False,,,,,,,,
software-mansion/react-native-svg,7b552860eff8701b,0.8662790697674418,0,0,1.0,False,,,,,,,,
software-mansion/react-native-svg,c8941e421f883ea3,0.33707865168539325,0,0,0.0,False,,,,,,,,
software-mansion/react-native-svg,83dd7b8333d91cdd,0.36363636363636365,2,0,1.0,False,,,,,,,,
software-mansion/react-native-svg,4a01d8c1f743aae6,0.6731517509727627,0,0,1.0,False,,,,,,,,
software-mansion/react-native-svg,be4dc8bbb1c43351,0.4235294117647059,0,0,1.0,False,,,,,,,,
software-mansion/react-native-svg,e01c39554fde159c,0.641566265060241,6,0,1.0,False,,,,,,,,
software-mansion/react-native-svg,553a14562867626d,0.37305699481865284,0,0,0.0,False,,,,,,,,
software-mansion/react-native-svg,e40a8ccae9fdbd38,0.08433734939759036,0,0,0.0,False,,,,,,,,
software-mansion/react-native-svg,4297e4a8a84f3ba5,0.4074074074074074,0,0,1.0,False,,,,,,,,
solidusio/solidus,db0c457f58654eb1,0.17333333333333334,1,1,0.0,True,0.6309297535714575,0.0,0.6309297535714575,0.0,0.6309297535714575,0.0,0.6309297535714575,0.0
solidusio/solidus,009660f6f9d4257d,0.0,0,0,0.0,False,,,,,,,,
solidusio/solidus,8e6390607aa8e9b9,0.02531645569620253,0,0,0.0,False,,,,,,,,
solidusio/solidus,34f0c7fe311d4669,0.0056179775280898875,0,0,0.0,False,,,,,,,,
solidusio/solidus,e0e770e3e379bc9a,0.09090909090909091,0,0,0.0,False,,,,,,,,
solidusio/solidus,0646d1c6229be0a2,0.046875,0,0,0.0,False,,,,,,,,
solidusio/solidus,2491c1c5814f54ff,0.0,0,0,0.0,False,,,,,,,,
solidusio/solidus,3e832b7b7dbce712,0.0,0,0,0.0,False,,,,,,,,
solidusio/solidus,f636b9f6a5a91a65,0.0,0,0,0.0,False,,,,,,,,
solidusio/solidus,9bc838cfe44f2c11,0.0,0,0,0.0,False,,,,,,,,
solidusio/solidus,3e128e9fc8f33542,0.03508771929824561,0,0,0.0,False,,,,,,,,
solidusio/solidus,9a7833ec67a1a605,0.2222222222222222,0,0,1.0,False,,,,,,,,
solidusio/solidus,3f41c716206eeb23,0.010309278350515464,0,0,0.0,False,,,,,,,,
solidusio/solidus,5afbdfeb75f68c79,0.03076923076923077,0,0,0.0,False,,,,,,,,
solidusio/solidus,5fd77c56e3652125,0.03333333333333333,1,0,0.0,False,,,,,,,,
solidusio/solidus,90bfc07cdf374915,0.024390243902439025,1,0,0.0,False,,,,,,,,
solidusio/solidus,d09ea66f8227784f,0.011627906976744186,9,1,0.0,True,0.0,0.0,0.0,0.0,0.0,0.0,0.0,0.0
solidusio/solidus,8774bd0299738a50,0.07317073170731707,0,0,0.0,False,,,,,,,,
solidusio/solidus,cedff57fb035105b,0.0,0,0,0.0,False,,,,,,,,
solidusio/solidus,3f4ebd72721bb805,0.04950495049504951,0,0,0.0,False,,,,,,,,
solidusio/solidus,0d84375a604ef646,0.0,1,0,0.0,False,,,,,,,,
solidusio/solidus,023d0efb68bd8869,0.15625,1,0,0.0,False,,,,,,,,
solidusio/solidus,8490797cefc11b7e,0.005208333333333333,2,2,0.0,True,0.43067655807339306,0.0,0.43067655807339306,0.0,0.43067655807339306,0.0,0.43067655807339306,0.0
solidusio/solidus,717b57b084ba42fd,0.027777777777777776,0,0,0.0,False,,,,,,,,
solidusio/solidus,9f57e8dedffc1adf,0.016,0,0,0.0,False,,,,,,,,
spack/spack,6747fd55cd2597f6,0.13680781758957655,44,42,1.0,True,0.6746598219245049,0.0,0.680552083116701,0.0,0.680552083116701,0.0,0.8369255497494046,0.0
spack/spack,87ec9f923510016d,0.0125,1,0,0.0,False,,,,,,,,
spack/spack,5872c9f404801835,0.022071307300509338,4,1,0.0,True,0.6309297535714575,0.0,0.6309297535714575,0.0,0.6309297535714575,0.0,0.6309297535714575,0.0
spack/spack,b21556f38e103cca,0.054945054945054944,20,18,0.0,True,0.7151037953008056,0.0,0.7151037953008056,0.0,0.7151037953008056,0.0,0.7151037953008056,0.0
spack/spack,2be9b33310a329dd,0.10372960372960373,25,19,0.0,True,0.736824405179709,1.0,0.736824405179709,1.0,0.736824405179709,1.0,0.7649280522720509,1.0
spack/spack,d1cab1c15a7cb7f1,0.16996402877697842,22,19,1.0,True,0.6406677585937334,0.0,0.6406677585937334,0.0,0.6406677585937334,0.0,0.9741994531932848,1.0
spack/spack,d85b7d9075897bf1,0.12903225806451613,4,3,0.0,True,0.9238850086262381,1.0,0.9238850086262381,1.0,0.9238850086262381,1.0,0.9502344167898356,1.0
spack/spack,cdbea86f18e822b8,0.18181818181818182,3,0,0.0,False,,,,,,,,
spack/spack,7d67ad2b6643aac7,0.10378057820607858,22,21,1.0,True,0.4808410137103339,0.0,0.4808410137103339,0.0,0.4808410137103339,0.0,0.6417917337778553,0.0
spack/spack,0dc76b5b8370b4d9,0.20481927710843373,1,1,1.0,True,0.0,0.0,0.0,0.0,0.0,0.0,0.0,0.0
spack/spack,c7b58dd475c5805b,0.16276041666666666,12,9,0.0,True,0.6946806366317148,0.0,0.6946806366317148,0.0,0.6946806366317148,0.0,0.7558579748700518,0.0
spack/spack,51dfba9bf0906845,0.10132890365448505,14,14,0.0,True,0.586102831182649,0.0,0.586102831182649,0.0,0.586102831182649,0.0,0.6035899253554863,0.0
spack/spack,6d143e0dcac9099d,0.15702479338842976,2,1,0.0,True,1.0,1.0,1.0,1.0,1.0,1.0,1.0,1.0
spack/spack,e33f57b143d895de,0.05763688760806916,11,9,0.0,True,0.5225856674971475,0.0,0.5225856674971475,0.0,0.5813898285345963,0.0,0.6005340380797561,0.0
spack/spack,a95359f9d137a097,0.07874015748031496,11,11,0.0,True,0.33169261390382904,0.0,0.33169261390382904,0.0,0.4732990324479507,0.0,0.5392847813908939,0.0
spack/spack,321a23b87403347c,0.1,1,1,0.0,True,0.6309297535714575,0.0,0.6309297535714575,0.0,0.6309297535714575,0.0,0.6309297535714575,0.0
spack/spack,02eeec2112c12800,0.19279661016949154,1,1,1.0,True,1.0,1.0,0.6309297535714575,0.0,0.6309297535714575,0.0,0.6309297535714575,0.0
spack/spack,33ff051ec2cfde85,0.41040462427745666,3,1,1.0,True,0.0,0.0,0.0,0.0,0.0,0.0,0.0,0.0
spack/spack,56f8e521b3de4843,0.23972602739726026,0,0,0.0,False,,,,,,,,
spack/spack,11c6ae872c770c77,0.10526315789473684,12,9,0.0,True,0.7528234175916347,1.0,0.7616786513169639,1.0,0.7439681838663057,1.0,0.7439681838663057,1.0
spack/spack,69efdc880e0a8309,0.5568181818181818,2,0,1.0,False,,,,,,,,
spack/spack,e2af2d1e12629bda,0.08661417322834646,2,1,0.0,True,0.5,0.0,0.5,0.0,0.43067655807339306,0.0,0.5,0.0
spack/spack,0b1acc3134090bce,0.060240963855421686,4,3,0.0,True,0.6433224083306327,0.0,0.6433224083306327,0.0,0.6433224083306327,0.0,0.6433224083306327,0.0
spack/spack,6537e8ae941ed92f,0.0,13,8,0.0,True,0.5474918470265493,0.0,0.5474918470265493,0.0,0.5679726963447116,0.0,0.5474918470265493,0.0
spack/spack,22a2d151d9093eb1,0.23618090452261306,1,1,0.0,True,0.6309297535714575,0.0,0.6309297535714575,0.0,0.6309297535714575,0.0,0.6309297535714575,0.0
sphinx-doc/sphinx,41e722ea670cf760,0.5714285714285714,0,0,1.0,False,,,,,,,,
sphinx-doc/sphinx,6d2685a488d0f2d0,0.0,0,0,0.0,False,,,,,,,,
sphinx-doc/sphinx,11ffdc97b1a3d6fc,0.13636363636363635,0,0,0.0,False,,,,,,,,
sphinx-doc/sphinx,0c9f5c836e657201,0.0,0,0,0.0,False,,,,,,,,
sphinx-doc/sphinx,8c15433232ca9ada,0.0,0,0,0.0,False,,,,,,,,
sphinx-doc/sphinx,e2ecb9fb792db2b3,0.0,0,0,0.0,False,,,,,,,,
sphinx-doc/sphinx,972614dbf5ebcd96,0.06666666666666667,1,1,0.0,True,1.0,1.0,1.0,1.0,1.0,1.0,1.0,1.0
sphinx-doc/sphinx,4460376fdfaa63fd,0.0,0,0,0.0,False,,,,,,,,
sphinx-doc/sphinx,6c23bfd312fd3a66,0.0,0,0,0.0,False,,,,,,,,
sphinx-doc/sphinx,59d227b7238745ff,0.07407407407407407,0,0,0.0,False,,,,,,,,
sphinx-doc/sphinx,331d8f4c80624838,0.06896551724137931,0,0,0.0,False,,,,,,,,
sphinx-doc/sphinx,b7d81ace272038f2,0.17391304347826086,0,0,0.0,False,,,,,,,,
sphinx-doc/sphinx,63169ec48c97aa01,0.0,0,0,0.0,False,,,,,,,,
sphinx-doc/sphinx,e25c960e32c12442,0.023076923076923078,1,1,0.0,True,0.6309297535714575,0.0,0.6309297535714575,0.0,0.6309297535714575,0.0,0.6309297535714575,0.0
sphinx-doc/sphinx,8e8c3930c1230a0c,0.03206997084548105,2,2,0.0,True,0.6309297535714575,0.0,1.0,1.0,1.0,1.0,0.6309297535714575,0.0
sphinx-doc/sphinx,1922f5f3e59d1e08,0.0,0,0,0.0,False,,,,,,,,
sphinx-doc/sphinx,34fcd56a3070c081,0.02564102564102564,0,0,0.0,False,,,,,,,,
sphinx-doc/sphinx,5d140f836bc00252,0.01079913606911447,4,4,0.0,True,1.0,1.0,1.0,1.0,1.0,1.0,1.0,1.0
sphinx-doc/sphinx,840fd9b5798eefe6,0.0,1,1,0.0,True,0.6309297535714575,0.0,0.6309297535714575,0.0,0.6309297535714575,0.0,0.6309297535714575,0.0
sphinx-doc/sphinx,0030bdcc3df5adce,0.0367965367965368,2,1,0.0,True,1.0,1.0,1.0,1.0,1.0,1.0,1.0,1.0
sphinx-doc/sphinx,7006b602a136684a,0.0,0,0,0.0,False,,,,,,,,
sphinx-doc/sphinx,aac57cd08727d745,0.0784313725490196,0,0,0.0,False,,,,,,,,
sphinx-doc/sphinx,112c1c106cb3b547,0.0,0,0,0.0,False,,,,,,,,
sphinx-doc/sphinx,9050b61d54293e4c,0.0,0,0,0.0,False,,,,,,,,
sphinx-doc/sphinx,cac47b46465e598f,0.048,0,0,0.0,False,,,,,,,,
spring-projects/spring-boot,8f86eb89ad41d93d,0.037162162162162164,3,2,0.0,True,0.0,0.0,0.0,0.0,0.0,0.0,0.11859885638464811,0.0
spring-projects/spring-boot,e55f44ecab8ae9cc,0.03488372093023256,1,1,0.0,True,0.27250978843597823,0.0,0.27250978843597823,0.0,0.0,0.0,0.27250978843597823,0.0
spring-projects/spring-boot,998acf92017e4fe5,0.3368421052631579,0,0,1.0,False,,,,,,,,
spring-projects/spring-boot,02c348f83658eaa5,0.13114754098360656,0,0,0.0,False,,,,,,,,
spring-projects/spring-boot,fdc092a12acaf3b5,0.01276595744680851,0,0,0.0,False,,,,,,,,
spring-projects/spring-boot,84cb1bd8145973bb,0.041666666666666664,3,3,0.0,True,0.3107378158607799,0.0,0.500784699218747,0.0,0.23721764552757485,0.0,0.500784699218747,0.0
spring-projects/spring-boot,2dd610416ef221c6,0.0,0,0,0.0,False,,,,,,,,
spring-projects/spring-boot,1ac23c1f92db6364,0.12307692307692308,1,0,0.0,False,,,,,,,,
spring-projects/spring-boot,c9b6809c3b713bca,0.14754098360655737,1,0,0.0,False,,,,,,,,
spring-projects/spring-boot,d11a41db8f0339b6,0.0,0,0,0.0,False,,,,,,,,
spring-projects/spring-boot,b1e3df3726d4a12c,0.045454545454545456,0,0,0.0,False,,,,,,,,
spring-projects/spring-boot,c2e9d5bb0e285b04,0.018018018018018018,0,0,0.0,False,,,,,,,,
spring-projects/spring-boot,06d556cdacae547b,0.052941176470588235,0,0,0.0,False,,,,,,,,
spring-projects/spring-boot,dee970a7bf1ad04e,0.030303030303030304,2,1,0.0,True,0.43067655807339306,0.0,0.46533827903669656,0.0,0.40876468265396737,0.0,0.43067655807339306,0.0
spring-projects/spring-boot,ff0e953f8102be87,0.031007751937984496,2,1,0.0,True,0.5,0.0,0.5,0.0,0.38685280723454163,0.0,0.5,0.0
spring-projects/spring-boot,63d7f4f6297cf5c6,0.043209876543209874,0,0,0.0,False,,,,,,,,
spring-projects/spring-boot,9179b0365cb2f3bf,0.010752688172043012,0,0,0.0,False,,,,,,,,
spring-projects/spring-boot,e0364f6078ca9e4d,0.07608695652173914,0,0,0.0,False,,,,,,,,
spring-projects/spring-boot,b25ab810e03286f3,0.015105740181268883,3,3,0.0,True,0.6199062332840657,0.0,0.6199062332840657,0.0,0.5174418337467067,0.0,0.6199062332840657,0.0
spring-projects/spring-boot,876a201e64910252,0.01910828025477707,0,0,0.0,False,,,,,,,,
spring-projects/spring-boot,47cd88bdbe645d7e,0.0611353711790393,2,1,0.0,True,0.0,0.0,0.0,0.0,0.0,0.0,0.38685280723454163,0.0
spring-projects/spring-boot,7e9a452f819f868d,0.0,2,2,0.0,True,0.6509209298071326,0.0,0.6509209298071326,0.0,0.6131471927654584,1.0,0.6509209298071326,0.0
spring-projects/spring-boot,5973dc4c4ed71b5e,0.04081632653061224,0,0,0.0,False,,,,,,,,
spring-projects/spring-boot,047b0dd898baa402,0.0,3,3,0.0,True,0.38009376671593426,0.0,0.38009376671593426,0.0,0.38009376671593426,0.0,0.38009376671593426,0.0
spring-projects/spring-boot,2d32cc6e9433a439,0.05,0,0,0.0,False,,,,,,,,
spyder-ide/spyder,52d8c8365954aa54,0.7777777777777778,2,0,1.0,False,,,,,,,,
spyder-ide/spyder,dd74635af790d42f,0.6148359486447932,7,3,1.0,True,0.6797310500037655,0.0,0.46927872602275644,1.0,0.46927872602275644,1.0,0.46927872602275644,1.0
spyder-ide/spyder,1ce6cc98f74b4118,0.9696969696969697,1,0,1.0,False,,,,,,,,
spyder-ide/spyder,c3af64dda1d4c3c0,0.6993464052287581,0,0,1.0,False,,,,,,,,
spyder-ide/spyder,8bf5387814b9cf11,0.8181818181818182,2,1,1.0,True,0.6309297535714575,0.0,0.5,0.0,0.5,0.0,0.5,0.0
spyder-ide/spyder,bf3e86edadef523d,0.8156028368794326,0,0,1.0,False,,,,,,,,
spyder-ide/spyder,eb3b090b3179f79a,0.9611650485436893,8,6,1.0,True,0.6199062332840657,0.0,0.2940806813328203,0.0,0.2940806813328203,0.0,0.2940806813328203,0.0
spyder-ide/spyder,592dad3a56df2f80,0.11673151750972763,12,10,0.0,True,0.38685280723454163,0.0,0.43067655807339306,0.0,0.43067655807339306,0.0,0.43067655807339306,0.0
spyder-ide/spyder,88906e72a4ce7f68,0.5666666666666667,0,0,1.0,False,,,,,,,,
spyder-ide/spyder,ea6f97263869ea39,0.9919028340080972,0,0,1.0,False,,,,,,,,
spyder-ide/spyder,223a3f75393e78eb,0.37694974003466203,4,3,0.0,True,1.0,1.0,1.0,1.0,1.0,1.0,1.0,1.0
spyder-ide/spyder,689bf938429964f5,0.6181818181818182,12,10,1.0,True,0.5220647456127522,0.0,0.6499807030621186,1.0,0.6499807030621186,1.0,0.7505594469132633,1.0
spyder-ide/spyder,8f2a19ee779b955a,1.0,0,0,1.0,False,,,,,,,,
spyder-ide/spyder,7ffec092141cb723,1.0,0,0,1.0,False,,,,,,,,
spyder-ide/spyder,fe1e50e47a69986c,0.9398280802292264,1,0,1.0,False,,,,,,,,
spyder-ide/spyder,6ed57207d8e4c0d8,0.4688715953307393,1,0,0.0,False,,,,,,,,
spyder-ide/spyder,b648dc0b9db219b2,0.8176638176638177,4,1,1.0,True,0.43067655807339306,0.0,0.6309297535714575,0.0,0.6309297535714575,0.0,0.6309297535714575,0.0
spyder-ide/spyder,32011de7710d6367,0.7403314917127072,14,11,1.0,True,0.2633280239880819,0.0,0.34000245046703914,0.0,0.34000245046703914,0.0,0.34000245046703914,0.0
spyder-ide/spyder,1b64c2ef3c48f8ab,0.8266666666666667,1,1,1.0,True,0.6309297535714575,0.0,1.0,1.0,1.0,1.0,1.0,1.0
spyder-ide/spyder,1b11c33f4fda2e3f,1.0,0,0,1.0,False,,,,,,,,
spyder-ide/spyder,4637abb85bcc2f09,1.0,0,0,1.0,False,,,,,,,,
spyder-ide/spyder,d3eabd8128727022,0.8686868686868687,1,1,1.0,True,0.5,0.0,0.5,0.0,0.5,0.0,0.43067655807339306,0.0
spyder-ide/spyder,91f500392bbe721a,0.6208425720620843,0,0,1.0,False,,,,,,,,
spyder-ide/spyder,8aa222eb84ee5e86,0.648755432635322,7,4,1.0,True,0.531730627995306,0.0,0.8262346571285599,1.0,0.8262346571285599,1.0,0.8262346571285599,1.0
spyder-ide/spyder,045f82700b08ffcf,0.8232931726907631,29,23,1.0,True,0.5842771064457477,0.0,0.5510137313619241,1.0,0.5510137313619241,1.0,0.5510137313619241,1.0
sqlalchemy/sqlalchemy,f2ce349fec75b54f,0.056074766355140186,3,3,0.0,True,1.0,1.0,1.0,1.0,1.0,1.0,1.0,1.0
sqlalchemy/sqlalchemy,dfc15765dd9d7aa8,0.26440677966101694,1,1,0.0,True,1.0,1.0,1.0,1.0,1.0,1.0,1.0,1.0
sqlalchemy/sqlalchemy,ab6a89b11dbead4d,0.09916864608076009,8,4,0.0,True,1.0,1.0,1.0,1.0,1.0,1.0,0.9639404333166532,1.0
sqlalchemy/sqlalchemy,fce83cd64b358861,0.06267806267806268,2,2,0.0,True,1.0,1.0,1.0,1.0,1.0,1.0,1.0,1.0
sqlalchemy/sqlalchemy,e2397ff5e50862ca,0.02763819095477387,4,4,0.0,True,1.0,1.0,1.0,1.0,1.0,1.0,1.0,1.0
sqlalchemy/sqlalchemy,d66bda32e606b493,0.13114754098360656,1,1,1.0,True,1.0,1.0,1.0,1.0,1.0,1.0,0.6309297535714575,0.0
sqlalchemy/sqlalchemy,d1a9bb191d0b3daf,0.44574780058651026,0,0,0.0,False,,,,,,,,
sqlalchemy/sqlalchemy,94c6a6d862df3b98,0.0,3,2,0.0,True,1.0,1.0,1.0,1.0,1.0,1.0,1.0,1.0
sqlalchemy/sqlalchemy,9a6d9bb2a6c422b0,0.2702544603685288,0,0,0.0,False,,,,,,,,
sqlalchemy/sqlalchemy,0f3d626e7b3b351f,0.19086460032626426,0,0,0.0,False,,,,,,,,
sqlalchemy/sqlalchemy,147dab7637a16350,0.17458279845956354,6,5,0.0,True,1.0,1.0,1.0,1.0,1.0,1.0,1.0,1.0
sqlalchemy/sqlalchemy,d90c11a580e2d300,0.49122807017543857,2,2,0.0,True,1.0,1.0,1.0,1.0,1.0,1.0,1.0,1.0
sqlalchemy/sqlalchemy,47fdefb1e46af323,0.18,0,0,0.0,False,,,,,,,,
sqlalchemy/sqlalchemy,ea14e66c9ac93c05,0.05,2,1,0.0,True,1.0,1.0,1.0,1.0,1.0,1.0,1.0,1.0
sqlalchemy/sqlalchemy,18b4e8a5843b90c2,0.2857142857142857,0,0,0.0,False,,,,,,,,
sqlalchemy/sqlalchemy,a5e03005e57351c9,0.028255528255528257,5,4,0.0,True,1.0,1.0,1.0,1.0,1.0,1.0,1.0,1.0
sqlalchemy/sqlalchemy,668bc941734386f7,0.24383983572895276,0,0,0.0,False,,,,,,,,
sqlalchemy/sqlalchemy,35a34eea91c94894,0.04591836734693878,4,3,0.0,True,1.0,1.0,1.0,1.0,1.0,1.0,1.0,1.0
sqlalchemy/sqlalchemy,aad226450861d946,0.057692307692307696,1,1,0.0,True,1.0,1.0,1.0,1.0,1.0,1.0,1.0,1.0
sqlalchemy/sqlalchemy,4dea749d06a82f8d,0.6666666666666666,2,1,1.0,True,1.0,1.0,1.0,1.0,1.0,1.0,0.6309297535714575,0.0
sqlalchemy/sqlalchemy,1c0671eb94249dfd,0.11199560801537195,2,1,0.0,True,1.0,1.0,1.0,1.0,1.0,1.0,1.0,1.0
sqlalchemy/sqlalchemy,64a25de935892d5e,0.0,1,1,0.0,True,1.0,1.0,1.0,1.0,1.0,1.0,1.0,1.0
sqlalchemy/sqlalchemy,ae658bf18acd64b5,0.24894037863803334,5,3,0.0,True,1.0,1.0,1.0,1.0,1.0,1.0,1.0,1.0
sqlalchemy/sqlalchemy,d22bf0711d0eec96,0.23809523809523808,0,0,0.0,False,,,,,,,,
sqlalchemy/sqlalchemy,8b7d41c0b12ea490,0.07380073800738007,1,1,0.0,True,1.0,1.0,1.0,1.0,1.0,1.0,1.0,1.0
statelyai/xstate,355b78bd645faa49,0.20588235294117646,0,0,0.0,False,,,,,,,,
statelyai/xstate,c9a5710111fd709d,0.23076923076923078,1,1,0.0,True,1.0,1.0,1.0,1.0,1.0,1.0,1.0,1.0
statelyai/xstate,4ae5fb99e4e77441,0.21212121212121213,1,1,1.0,True,0.8154648767857288,0.5,0.8154648767857288,0.5,1.0,1.0,1.0,1.0
statelyai/xstate,07985fdcade0e64d,0.08333333333333333,0,0,0.0,False,,,,,,,,
statelyai/xstate,208c9f3ae28696f7,0.25,0,0,0.0,False,,,,,,,,
statelyai/xstate,4c693572aecd574a,0.2857142857142857,0,0,0.0,False,,,,,,,,
statelyai/xstate,75238fc05fb8abe9,0.4,0,0,0.0,False,,,,,,,,
statelyai/xstate,a3d30fc16e3fab57,0.11904761904761904,0,0,0.0,False,,,,,,,,
statelyai/xstate,576859562ca89f62,0.2702702702702703,0,0,0.0,False,,,,,,,,
statelyai/xstate,128bcb01c4897be0,0.1,0,0,0.0,False,,,,,,,,
statelyai/xstate,04881d8ada8e7599,0.8333333333333334,0,0,1.0,False,,,,,,,,
statelyai/xstate,28d0f9a5619b76e9,0.0,2,2,0.0,True,1.0,1.0,1.0,1.0,1.0,1.0,1.0,1.0
statelyai/xstate,c107629a73a6da69,0.0,0,0,0.0,False,,,,,,,,
statelyai/xstate,f6d84be345790e82,0.03225806451612903,0,0,0.0,False,,,,,,,,
statelyai/xstate,07b6b1b963cd7d58,0.14285714285714285,0,0,0.0,False,,,,,,,,
statelyai/xstate,87db21a973eed4fe,0.0,6,2,0.0,True,1.0,1.0,1.0,1.0,1.0,1.0,1.0,1.0
statelyai/xstate,4c86116524e14ddb,0.4642857142857143,0,0,0.0,False,,,,,,,,
statelyai/xstate,c7c10d12b295b659,0.5714285714285714,0,0,1.0,False,,,,,,,,
statelyai/xstate,eece48b873a1af28,0.5,0,0,1.0,False,,,,,,,,
statelyai/xstate,c3b065b944a5d2ce,0.05,0,0,0.0,False,,,,,,,,
statelyai/xstate,559ed91d656758c3,0.075,0,0,0.0,False,,,,,,,,
statelyai/xstate,19564fef6977b83f,0.8076923076923077,0,0,1.0,False,,,,,,,,
statelyai/xstate,599c6dd14508ac6d,0.01694915254237288,2,2,0.0,True,1.0,1.0,1.0,1.0,1.0,1.0,1.0,1.0
statelyai/xstate,465f821f65effb71,0.18181818181818182,0,0,0.0,False,,,,,,,,
statelyai/xstate,74bea2918ba447b7,0.07692307692307693,0,0,0.0,False,,,,,,,,
storybookjs/storybook,936184bd3fee70e6,0.0425531914893617,0,0,0.0,False,,,,,,,,
storybookjs/storybook,e6f8e5904d66c338,0.16666666666666666,1,0,0.0,False,,,,,,,,
storybookjs/storybook,e8cc604f67f49484,0.009933774834437087,22,0,0.0,False,,,,,,,,
storybookjs/storybook,87b8b8a5ffc9bfd5,0.04285714285714286,1,1,0.0,True,0.27250978843597823,0.0,0.27250978843597823,0.0,0.27250978843597823,0.0,0.27250978843597823,0.0
storybookjs/storybook,c7ceb74ac3fbeb19,0.012048192771084338,1,1,0.0,True,0.43067655807339306,0.0,0.43067655807339306,0.0,0.43067655807339306,0.0,0.43067655807339306,0.0
storybookjs/storybook,c5c51d8f6f390682,0.15503875968992248,2,2,0.0,True,0.6240505200038379,0.0,0.6509209298071326,0.0,0.6509209298071326,0.0,0.6509209298071326,0.0
storybookjs/storybook,00bdecfe2c1eea8a,0.010869565217391304,3,2,0.0,True,0.6509209298071326,0.0,0.6509209298071326,0.0,0.6509209298071326,0.0,0.6509209298071326,0.0
storybookjs/storybook,4979566deda539a8,0.025974025974025976,1,1,0.0,True,1.0,1.0,1.0,1.0,1.0,1.0,1.0,1.0
storybookjs/storybook,8e8215e0693816a3,0.0,4,0,0.0,False,,,,,,,,
storybookjs/storybook,b3fbcaa3dbf6f88c,0.07692307692307693,5,4,0.0,True,1.0,1.0,1.0,1.0,1.0,1.0,1.0,1.0
storybookjs/storybook,ea752dd54b88d46c,0.0392156862745098,1,0,0.0,False,,,,,,,,
storybookjs/storybook,e675e8ac39ec699c,0.01652892561983471,1,1,0.0,True,0.43067655807339306,0.0,0.43067655807339306,0.0,0.43067655807339306,0.0,0.43067655807339306,0.0
storybookjs/storybook,a1f8e2707776f3ad,0.06666666666666667,1,0,0.0,False,,,,,,,,
storybookjs/storybook,0f5b3d7826b0e1b7,0.04040404040404041,5,1,0.0,True,1.0,1.0,1.0,1.0,1.0,1.0,1.0,1.0
storybookjs/storybook,1480309c62df1dea,0.04054054054054054,5,4,0.0,True,0.9109725579175765,1.0,0.9109725579175765,1.0,0.9109725579175765,1.0,0.9109725579175765,1.0
storybookjs/storybook,f3c7a2196c86a2e5,0.016891891891891893,1,1,0.0,True,0.5,0.0,0.6309297535714575,0.0,0.6309297535714575,0.0,0.5,0.0
storybookjs/storybook,0ac59910eeeec1f2,0.009174311926605505,5,2,0.0,True,0.9197207891481876,1.0,0.9197207891481876,1.0,0.9197207891481876,1.0,0.9197207891481876,1.0
storybookjs/storybook,e4a1f2ee34ef7049,0.07407407407407407,1,0,0.0,False,,,,,,,,
storybookjs/storybook,748b2fbbf12a8360,0.014150943396226415,0,0,0.0,False,,,,,,,,
storybookjs/storybook,81075d0b21994ef5,0.014084507042253521,2,0,0.0,False,,,,,,,,
storybookjs/storybook,c9c2d5a5aba40213,0.08823529411764706,1,0,0.0,False,,,,,,,,
storybookjs/storybook,ff10b46b6803b9bd,0.0,6,2,0.0,True,1.0,1.0,0.6309297535714575,0.0,0.6309297535714575,0.0,1.0,1.0
storybookjs/storybook,e2eb8fbe040febb4,0.0,4,0,0.0,False,,,,,,,,
storybookjs/storybook,21d854ddea1ed3f9,0.007272727272727273,5,5,0.0,True,0.8637574337885663,1.0,0.8637574337885663,1.0,0.8637574337885663,1.0,0.8637574337885663,1.0
storybookjs/storybook,8a56b07b81dae856,0.10344827586206896,1,0,0.0,False,,,,,,,,
streamlink/streamlink,32c5f1073f3cd22b,0.06435185185185185,1,1,0.0,True,1.0,1.0,1.0,1.0,1.0,1.0,1.0,1.0
streamlink/streamlink,3540be7f4a533389,0.12184873949579832,8,6,0.0,True,1.0,1.0,1.0,1.0,1.0,1.0,1.0,1.0
streamlink/streamlink,571c0395d89a674a,0.125,1,1,0.0,True,0.6309297535714575,0.0,0.6309297535714575,0.0,0.6309297535714575,0.0,0.6309297535714575,0.0
streamlink/streamlink,195c666078e7edad,0.09375,2,2,0.0,True,1.0,1.0,1.0,1.0,1.0,1.0,1.0,1.0
streamlink/streamlink,3b3085734f53d33e,0.18250950570342206,5,5,0.0,True,1.0,1.0,1.0,1.0,1.0,1.0,1.0,1.0
streamlink/streamlink,cdcf64e4a702a3b4,0.16449348044132397,24,24,0.0,True,1.0,1.0,1.0,1.0,1.0,1.0,1.0,1.0
streamlink/streamlink,fc3fc52979a0849d,0.0,0,0,0.0,False,,,,,,,,
streamlink/streamlink,ef22a5bc9f777803,0.5641025641025641,0,0,0.0,False,,,,,,,,
streamlink/streamlink,98bad2c7d3c9e964,0.0,0,0,0.0,False,,,,,,,,
streamlink/streamlink,9d5588ee9eb895f3,0.1148936170212766,1,1,0.0,True,1.0,1.0,1.0,1.0,1.0,1.0,1.0,1.0
streamlink/streamlink,a84baad78daef56d,0.05752753977968176,1,1,0.0,True,1.0,1.0,1.0,1.0,1.0,1.0,1.0,1.0
streamlink/streamlink,5454b7040d76d807,0.36363636363636365,0,0,1.0,False,,,,,,,,
streamlink/streamlink,2194ac66d9d50789,0.0,1,1,0.0,True,1.0,1.0,1.0,1.0,1.0,1.0,1.0,1.0
streamlink/streamlink,e322da2d6b43c455,0.07272727272727272,1,1,0.0,True,1.0,1.0,1.0,1.0,1.0,1.0,1.0,1.0
streamlink/streamlink,d9dbeeef5a27f303,0.24193548387096775,2,2,0.0,True,1.0,1.0,1.0,1.0,1.0,1.0,1.0,1.0
streamlink/streamlink,550ab64693d2f519,0.045871559633027525,1,1,0.0,True,1.0,1.0,1.0,1.0,1.0,1.0,1.0,1.0
streamlink/streamlink,4ffa7ceb336de47f,0.04,0,0,0.0,False,,,,,,,,
streamlink/streamlink,a0d48c28e8d84cb5,0.022058823529411766,1,1,0.0,True,1.0,1.0,1.0,1.0,1.0,1.0,1.0,1.0
streamlink/streamlink,8156ddd5ba4fd19b,0.1368421052631579,2,2,0.0,True,1.0,1.0,1.0,1.0,1.0,1.0,1.0,1.0
streamlink/streamlink,fb06e8b946b2ea08,0.3824884792626728,2,2,0.0,True,0.6309297535714575,0.0,1.0,1.0,1.0,1.0,0.6309297535714575,0.0
streamlink/streamlink,9a1ed1dc8f086477,0.14705882352941177,0,0,0.0,False,,,,,,,,
streamlink/streamlink,7a07ab2b2caee2b3,0.3127962085308057,2,2,0.0,True,1.0,1.0,1.0,1.0,1.0,1.0,1.0,1.0
streamlink/streamlink,e35ec99f3bda7b3a,0.06521739130434782,2,2,0.0,True,1.0,1.0,1.0,1.0,1.0,1.0,1.0,1.0
streamlink/streamlink,e2ee0cebcff349b0,0.09970674486803519,10,10,0.0,True,1.0,1.0,1.0,1.0,1.0,1.0,1.0,1.0
streamlink/streamlink,600f1bbce1a729a1,0.7155963302752294,0,0,0.0,False,,,,,,,,
supercollider/supercollider,29169b645979133c,0.22580645161290322,0,0,0.0,False,,,,,,,,
supercollider/supercollider,d62a528d40c49167,0.0,0,0,0.0,False,,,,,,,,
supercollider/supercollider,590f1794ea0229a3,0.0,0,0,0.0,False,,,,,,,,
supercollider/supercollider,6fca3896f9cf47fa,0.0,1,0,0.0,False,,,,,,,,
supercollider/supercollider,0dcc6c1288208648,0.0,0,0,0.0,False,,,,,,,,
supercollider/supercollider,8a3593d947fa0644,0.14556962025316456,1,0,0.0,False,,,,,,,,
supercollider/supercollider,bd1f634dafd78715,0.7246248896734334,0,0,1.0,False,,,,,,,,
supercollider/supercollider,4b3d9199b62fd292,0.4696969696969697,4,0,1.0,False,,,,,,,,
supercollider/supercollider,b259d7f3f7eecfd0,0.0,0,0,0.0,False,,,,,,,,
supercollider/supercollider,0f4b0b3d5f6c2cb1,0.22772277227722773,1,0,0.0,False,,,,,,,,
supercollider/supercollider,b56438678725700b,0.0,0,0,0.0,False,,,,,,,,
supercollider/supercollider,96d43a46f5855c45,0.391304347826087,0,0,0.0,False,,,,,,,,
supercollider/supercollider,f4b6ed3bfc22c819,0.0,1,1,0.0,True,0.46533827903669656,0.0,0.46533827903669656,0.0,0.46533827903669656,0.0,0.46533827903669656,0.0
supercollider/supercollider,1ffcdfbcea9564c8,0.7263681592039801,0,0,1.0,False,,,,,,,,
supercollider/supercollider,a960fbd140547370,0.0,0,0,0.0,False,,,,,,,,
supercollider/supercollider,158c33b97dc6d06d,0.04316546762589928,0,0,0.0,False,,,,,,,,
supercollider/supercollider,e6b2cf222a666a75,0.0,0,0,0.0,False,,,,,,,,
supercollider/supercollider,a8a8bfd166e789aa,0.8184639255236618,0,0,1.0,False,,,,,,,,
supercollider/supercollider,55d60131c04821ad,0.0,0,0,0.0,False,,,,,,,,
supercollider/supercollider,48fa537195de5d37,0.21818181818181817,0,0,0.0,False,,,,,,,,
supercollider/supercollider,f0c2dd83f3c6ad94,0.35,1,0,0.0,False,,,,,,,,
supercollider/supercollider,2d13f34154d38777,0.417910447761194,0,0,1.0,False,,,,,,,,
supercollider/supercollider,de77388b6a88301d,0.0,0,0,0.0,False,,,,,,,,
supercollider/supercollider,5350ee0f4d53f354,0.25688073394495414,0,0,0.0,False,,,,,,,,
supercollider/supercollider,04559a897c973845,0.0,0,0,0.0,False,,,,,,,,
symfony/symfony,ed04b4b74254d1f8,0.0,3,1,0.0,True,0.0,0.0,0.0,0.0,0.0,0.0,0.0,0.0
symfony/symfony,bbfff9335ca4f071,0.017699115044247787,13,9,0.0,True,0.9268989817336446,1.0,0.9268989817336446,1.0,0.9268989817336446,1.0,0.9268989817336446,1.0
symfony/symfony,b3f3568da2b914a6,0.012698412698412698,2,2,0.0,True,1.0,1.0,1.0,1.0,1.0,1.0,1.0,1.0
symfony/symfony,7cbfbecfde1467f1,0.02564102564102564,0,0,0.0,False,,,,,,,,
symfony/symfony,48c7073ffc296d0c,0.0,0,0,0.0,False,,,,,,,,
symfony/symfony,f47881ec9252be2a,0.006734006734006734,2,2,0.0,True,0.3065735963827292,0.0,0.3065735963827292,0.0,0.3065735963827292,0.0,0.3065735963827292,0.0
symfony/symfony,dca42c0b83454159,0.047619047619047616,0,0,0.0,False,,,,,,,,
symfony/symfony,3d21dd4d562d57eb,0.046153846153846156,0,0,0.0,False,,,,,,,,
symfony/symfony,ffa32ee6539671cd,0.043478260869565216,0,0,0.0,False,,,,,,,,
symfony/symfony,831f94ee101d9dd3,0.012121212121212121,2,0,0.0,False,,,,,,,,
symfony/symfony,2e00bd740c705ad6,0.031322505800464036,8,6,0.0,True,0.7795858045446329,1.0,0.7795858045446329,1.0,0.7795858045446329,1.0,0.7795858045446329,1.0
symfony/symfony,580bed00c9b884da,0.0898876404494382,0,0,0.0,False,,,,,,,,
symfony/symfony,09ea53eab5f9bcb7,0.011560693641618497,4,3,0.0,True,0.5163850183028654,0.0,0.5286383800250664,0.0,0.5163850183028654,0.0,0.5163850183028654,0.0
symfony/symfony,cfbce0e1d6da7f93,0.013157894736842105,12,10,0.0,True,0.0655107834565493,0.0,0.0655107834565493,0.0,0.0655107834565493,0.0,0.0655107834565493,0.0
symfony/symfony,87ffe277c0213fca,0.025806451612903226,6,4,0.0,True,0.0,0.0,0.0,0.0,0.0,0.0,0.19342640361727081,0.0
symfony/symfony,97176316eebf7433,0.04054054054054054,0,0,0.0,False,,,,,,,,
symfony/symfony,33d71c9183bcff07,0.005208333333333333,2,0,0.0,False,,,,,,,,
symfony/symfony,ed47fb4a3054b395,0.027777777777777776,2,1,0.0,True,1.0,1.0,1.0,1.0,0.6309297535714575,0.0,1.0,1.0
symfony/symfony,f20c32713eeb89cf,0.0784313725490196,1,0,0.0,False,,,,,,,,
symfony/symfony,33ee1280b8808b4f,0.03076923076923077,0,0,0.0,False,,,,,,,,
symfony/symfony,aa51d5b53fc97b52,0.025830258302583026,1,0,0.0,False,,,,,,,,
symfony/symfony,ae1ca77d752278d2,0.04891304347826087,7,4,0.0,True,0.0,0.0,0.0,0.0,0.053271866090775395,0.0,0.0,0.0
symfony/symfony,5128596229172c9c,0.0,1,1,0.0,True,0.6309297535714575,0.0,0.6309297535714575,0.0,0.6309297535714575,0.0,0.6309297535714575,0.0
symfony/symfony,d60831372711e547,0.0136986301369863,0,0,0.0,False,,,,,,,,
symfony/symfony,2b6d79d1c7ab7fb0,0.012345679012345678,0,0,0.0,False,,,,,,,,
taichi-dev/taichi,303747bafa2321fe,0.4230769230769231,0,0,0.0,False,,,,,,,,
taichi-dev/taichi,0a3607d510c0f6ab,0.06741573033707865,0,0,0.0,False,,,,,,,,
taichi-dev/taichi,eea0b7148b7fe226,0.43137254901960786,0,0,1.0,False,,,,,,,,
taichi-dev/taichi,c180380281cbad6c,0.18012422360248448,0,0,0.0,False,,,,,,,,
taichi-dev/taichi,91bd1faa07c35f10,0.16071428571428573,0,0,0.0,False,,,,,,,,
taichi-dev/taichi,6eca08135c0ef798,0.5384615384615384,0,0,1.0,False,,,,,,,,
taichi-dev/taichi,e7eb45327a2089a6,0.08333333333333333,0,0,0.0,False,,,,,,,,
taichi-dev/taichi,3c7cde2821b1268e,0.13934426229508196,0,0,1.0,False,,,,,,,,
taichi-dev/taichi,db5f62bc976e7c6a,0.05,0,0,0.0,False,,,,,,,,
taichi-dev/taichi,3dba7b3b93e1a265,0.3137254901960784,0,0,0.0,False,,,,,,,,
taichi-dev/taichi,8641463ffef94529,0.46308724832214765,0,0,1.0,False,,,,,,,,
taichi-dev/taichi,c5966fc918fae31c,0.047619047619047616,0,0,0.0,False,,,,,,,,
taichi-dev/taichi,58b0ebe6a129091d,0.006756756756756757,0,0,0.0,False,,,,,,,,
taichi-dev/taichi,3ea03319ead26208,0.017241379310344827,0,0,0.0,False,,,,,,,,
taichi-dev/taichi,56064b859e79a6b4,0.4642857142857143,0,0,1.0,False,,,,,,,,
taichi-dev/taichi,8456a7e8bc79f9eb,0.41262135922330095,0,0,1.0,False,,,,,,,,
taichi-dev/taichi,692796189e46a99d,0.038461538461538464,0,0,0.0,False,,,,,,,,
taichi-dev/taichi,c7bd0a6f968d0288,0.125,0,0,0.0,False,,,,,,,,
taichi-dev/taichi,76957cc93b0f0e9b,0.03571428571428571,0,0,0.0,False,,,,,,,,
taichi-dev/taichi,54b0d16247300543,0.0,0,0,0.0,False,,,,,,,,
taichi-dev/taichi,4ee3d11096038300,0.3673469387755102,0,0,0.0,False,,,,,,,,
taichi-dev/taichi,30a997c52ac14a81,0.5868725868725869,0,0,1.0,False,,,,,,,,
taichi-dev/taichi,dbc7855e62dee3cc,0.7017543859649122,0,0,1.0,False,,,,,,,,
taichi-dev/taichi,41ded631a8780e30,0.45454545454545453,0,0,1.0,False,,,,,,,,
taichi-dev/taichi,2a9e227025699317,0.5,0,0,1.0,False,,,,,,,,
teambit/bit,771cf274be208170,1.0,0,0,1.0,False,,,,,,,,
teambit/bit,a1d259d8fc4998d9,0.3333333333333333,0,0,0.0,False,,,,,,,,
teambit/bit,fe4b2f0dd29b65e9,0.00819672131147541,1,1,0.0,True,0.5,0.0,0.43067655807339306,0.0,0.43067655807339306,0.0,0.5,0.0
teambit/bit,49576e262f04ce37,0.03225806451612903,2,2,0.0,True,1.0,1.0,1.0,1.0,1.0,1.0,1.0,1.0
teambit/bit,09975310142a9ffc,0.0,2,2,0.0,True,0.6309297535714575,0.0,0.6309297535714575,0.0,0.6309297535714575,0.0,0.6309297535714575,0.0
teambit/bit,fa06c31327704921,0.0064516129032258064,0,0,0.0,False,,,,,,,,
teambit/bit,66be7d4895dca1f8,0.038461538461538464,0,0,0.0,False,,,,,,,,
teambit/bit,da3e766d1592814c,0.47368421052631576,1,0,0.0,False,,,,,,,,
teambit/bit,c35273616f03d724,0.028846153846153848,0,0,0.0,False,,,,,,,,
teambit/bit,8ae6ed8020017d33,0.0,0,0,0.0,False,,,,,,,,
teambit/bit,0f72321249b36080,0.0,0,0,0.0,False,,,,,,,,
teambit/bit,310683208befb420,0.017241379310344827,0,0,0.0,False,,,,,,,,
teambit/bit,78a8a19706dbd2a4,0.0037764350453172208,79,73,0.0,True,0.9863085574681506,1.0,0.9863085574681506,1.0,0.6885833462731907,0.0,0.9863085574681506,1.0
teambit/bit,97a00c4cae55f5c3,0.010309278350515464,1,1,0.0,True,1.0,1.0,1.0,1.0,1.0,1.0,1.0,1.0
teambit/bit,f807e4f0ae7c32f8,0.8,0,0,1.0,False,,,,,,,,
teambit/bit,2f32e7414ccdd7c7,0.030927835051546393,1,1,0.0,True,0.6309297535714575,0.0,0.6309297535714575,0.0,0.6309297535714575,0.0,0.6309297535714575,0.0
teambit/bit,ab2c05136e1f94e8,0.0,0,0,0.0,False,,,,,,,,
teambit/bit,a71bc45b38ac752e,0.018018018018018018,1,1,0.0,True,0.6309297535714575,0.0,0.6309297535714575,0.0,0.6309297535714575,0.0,0.46533827903669656,0.0
teambit/bit,d71a7e0603820453,0.0029850746268656717,4,4,0.0,True,0.6309297535714575,0.0,0.6309297535714575,0.0,0.6309297535714575,0.0,0.6309297535714575,0.0
teambit/bit,437ba967d6485b1e,0.0,2,2,0.0,True,0.6309297535714575,0.0,0.6309297535714575,0.0,0.6309297535714575,0.0,0.6309297535714575,0.0
teambit/bit,5291e1ecbb9d0366,0.006060606060606061,3,3,0.0,True,1.0,1.0,1.0,1.0,1.0,1.0,1.0,1.0
teambit/bit,312745ed574cd38d,0.032418952618453865,1,1,0.0,True,0.6309297535714575,0.0,0.6309297535714575,0.0,0.6309297535714575,0.0,0.6309297535714575,0.0
teambit/bit,83c839e414544368,0.01694915254237288,1,1,0.0,True,0.5,0.0,0.5,0.0,0.5,0.0,0.5,0.0
teambit/bit,fe188986e267a3b3,0.07692307692307693,0,0,0.0,False,,,,,,,,
teambit/bit,638dbf9e4f7701e0,0.15,0,0,0.0,False,,,,,,,,
tensorflow/tensorboard,6ab32b6b3750a282,0.06060606060606061,0,0,0.0,False,,,,,,,,
tensorflow/tensorboard,b8d74530e259716a,0.006550218340611353,0,0,0.0,False,,,,,,,,
tensorflow/tensorboard,6136cc39f17d578c,0.012618296529968454,0,0,0.0,False,,,,,,,,
tensorflow/tensorboard,f3fd8d2764669bdd,0.04583333333333333,0,0,0.0,False,,,,,,,,
tensorflow/tensorboard,fa589e2b2910b516,0.019178082191780823,0,0,0.0,False,,,,,,,,
tensorflow/tensorboard,3429c3b9e8b723a6,0.003937007874015748,0,0,0.0,False,,,,,,,,
tensorflow/tensorboard,85635602b6ebaf22,0.0,0,0,0.0,False,,,,,,,,
tensorflow/tensorboard,55a9f43f24101ec8,0.03225806451612903,0,0,0.0,False,,,,,,,,
tensorflow/tensorboard,30e0361d1092bed7,0.0,1,0,0.0,False,,,,,,,,
tensorflow/tensorboard,b9f04660f246469e,0.053497942386831275,0,0,0.0,False,,,,,,,,
tensorflow/tensorboard,a0fffa9d179a8e0c,0.001984126984126984,1,0,0.0,False,,,,,,,,
tensorflow/tensorboard,c348d806a9c3e242,0.023255813953488372,0,0,0.0,False,,,,,,,,
tensorflow/tensorboard,4d44cc3c565a8b53,0.040983606557377046,0,0,0.0,False,,,,,,,,
tensorflow/tensorboard,825c9d15091543d3,0.0025412960609911056,1,0,0.0,False,,,,,,,,
tensorflow/tensorboard,23e828457a4d465f,0.43119266055045874,0,0,1.0,False,,,,,,,,
tensorflow/tensorboard,3ac49e8f36044a75,0.0037105751391465678,1,0,0.0,False,,,,,,,,
tensorflow/tensorboard,3feb354348e6ad77,0.05714285714285714,0,0,0.0,False,,,,,,,,
tensorflow/tensorboard,2b7802edb1eaf6ef,0.07317073170731707,0,0,0.0,False,,,,,,,,
tensorflow/tensorboard,0cbb2f5566aadbb1,0.02912621359223301,3,0,0.0,False,,,,,,,,
tensorflow/tensorboard,71b04b97b15d3df6,0.006944444444444444,0,0,0.0,False,,,,,,,,
tensorflow/tensorboard,473f0582fcbb5ef7,0.020134228187919462,0,0,0.0,False,,,,,,,,
tensorflow/tensorboard,1d1317dc410887e2,0.005305039787798408,0,0,0.0,False,,,,,,,,
tensorflow/tensorboard,75a085e8288ef48c,0.6118421052631579,0,0,1.0,False,,,,,,,,
tensorflow/tensorboard,dfe6245fec9e5d4e,0.6305418719211823,0,0,1.0,False,,,,,,,,
tensorflow/tensorboard,26263d771873f4ba,0.05,0,0,0.0,False,,,,,,,,
tianocore/edk2,e8680836e3bdb359,0.17387387387387387,1,0,0.0,False,,,,,,,,
tianocore/edk2,57aa2cceed623b53,0.40601503759398494,4,0,0.0,False,,,,,,,,
tianocore/edk2,36ffff731ebb8fab,0.06318681318681318,1,0,0.0,False,,,,,,,,
tianocore/edk2,0a7a78fbac905fe4,0.23333333333333334,0,0,0.0,False,,,,,,,,
tianocore/edk2,a91cffa7fb17f92b,0.08333333333333333,1,1,0.0,True,0.6309297535714575,0.0,0.40876468265396737,0.0,0.40876468265396737,0.0,0.40876468265396737,0.0
tianocore/edk2,9a469b0feade3172,0.0,1,0,0.0,False,,,,,,,,
tianocore/edk2,bdf72976865b5b7b,0.14767932489451477,0,0,0.0,False,,,,,,,,
tianocore/edk2,812b84373ddff756,0.14432989690721648,1,1,0.0,True,0.6309297535714575,0.0,0.0,0.0,0.0,0.0,0.0,0.0
tianocore/edk2,9b9fc4a4c01ff417,0.03208556149732621,1,1,0.0,True,0.43067655807339306,0.0,0.38685280723454163,0.0,0.38685280723454163,0.0,0.38685280723454163,0.0
tianocore/edk2,5466339baf35eb19,0.05263157894736842,1,1,0.0,True,0.5654648767857288,0.0,0.46533827903669656,0.0,0.46533827903669656,0.0,0.46533827903669656,0.0
tianocore/edk2,d392371027f3cdc8,0.125,1,1,0.0,True,0.6309297535714575,0.0,0.38685280723454163,0.0,0.38685280723454163,0.0,0.38685280723454163,0.0
tianocore/edk2,39af89e1a76f7569,0.09558823529411764,0,0,0.0,False,,,,,,,,
tianocore/edk2,913b9e2405f8acd6,0.23741007194244604,0,0,0.0,False,,,,,,,,
tianocore/edk2,81a73f9b1a03b1d8,0.0,0,0,0.0,False,,,,,,,,
tianocore/edk2,75a8bf04fb9e8617,0.13924050632911392,0,0,0.0,False,,,,,,,,
tianocore/edk2,629ed25875221973,0.05917159763313609,1,1,0.0,True,0.5,0.0,0.46533827903669656,0.0,0.46533827903669656,0.0,0.43067655807339306,0.0
tianocore/edk2,94938f74209ecea1,0.14382926074853078,1,0,0.0,False,,,,,,,,
tianocore/edk2,ac4baf4bd3bb18e4,0.1308411214953271,0,0,0.0,False,,,,,,,,
tianocore/edk2,f574fc92fd9d7364,0.08611481975967958,0,0,0.0,False,,,,,,,,
tianocore/edk2,9497d09e87acc7a4,0.08080808080808081,0,0,0.0,False,,,,,,,,
tianocore/edk2,70df52c8091422e8,0.3548387096774194,1,1,0.0,True,0.6309297535714575,0.0,0.6309297535714575,0.0,0.6309297535714575,0.0,0.5,0.0
tianocore/edk2,8b26db422b2b2456,0.10144927536231885,1,1,1.0,True,0.5,0.0,0.0,0.0,0.0,0.0,0.0,0.0
tianocore/edk2,fb288e6c6713fdb2,0.2895204262877442,7,0,0.0,False,,,,,,,,
tianocore/edk2,1500475b1a448d6a,0.02631578947368421,1,1,0.0,True,0.40876468265396737,0.0,0.38685280723454163,0.0,0.38685280723454163,0.0,0.38685280723454163,0.0
tianocore/edk2,96f6f3149646b77a,0.21782178217821782,2,1,0.0,True,0.6309297535714575,0.0,0.38685280723454163,0.0,0.38685280723454163,0.0,0.38685280723454163,0.0
timber/timber,f33ad98927f59381,0.7,1,1,1.0,True,0.5,0.0,1.0,1.0,1.0,1.0,0.6309297535714575,0.0
timber/timber,9cb20011e69c087a,0.8235294117647058,1,1,1.0,True,1.0,1.0,0.5654648767857288,0.0,0.5654648767857288,0.0,0.5,0.0
timber/timber,a388b2fb1a6d2087,0.5824175824175825,1,0,1.0,False,,,,,,,,
timber/timber,14c94dafae043cb9,0.8040201005025126,1,1,1.0,True,1.0,1.0,0.6309297535714575,0.0,0.6309297535714575,0.0,0.43067655807339306,0.0
timber/timber,6ac188236546e8e1,0.8335625859697386,1,1,1.0,True,0.5,0.0,1.0,1.0,1.0,1.0,1.0,1.0
timber/timber,e614d665d2fb862d,0.7801418439716312,0,0,1.0,False,,,,,,,,
timber/timber,3f17c51d404615a4,0.9663865546218487,1,1,1.0,True,1.0,1.0,0.6309297535714575,0.0,0.6309297535714575,0.0,0.5,0.0
timber/timber,dd7574c63cefd65c,0.5128205128205128,2,2,1.0,True,1.0,1.0,0.5,0.0,0.5,0.0,0.43067655807339306,0.0
timber/timber,201f2b5a5eaa9e9e,0.9061116031886626,2,1,1.0,True,1.0,1.0,1.0,1.0,1.0,1.0,0.43067655807339306,0.0
timber/timber,cf66000dfa75996a,0.7272727272727273,0,0,1.0,False,,,,,,,,
timber/timber,1eef954dde3b16ee,0.07142857142857142,1,0,0.0,False,,,,,,,,
timber/timber,40e7eb04902050c0,0.5833333333333334,0,0,1.0,False,,,,,,,,
timber/timber,d2ab9925cad7eac5,0.00625,13,13,0.0,True,0.9487678002313203,1.0,0.9751172083949178,1.0,0.9751172083949178,1.0,0.9487678002313203,1.0
timber/timber,251466f9d046f0ff,0.5925925925925926,0,0,1.0,False,,,,,,,,
timber/timber,cf169d0936e13735,0.7159353348729792,1,1,0.0,True,1.0,1.0,1.0,1.0,1.0,1.0,1.0,1.0
timber/timber,24af91c81fc56ad3,0.25,0,0,0.0,False,,,,,,,,
timber/timber,ca09b684de4d3d19,0.8113207547169812,1,1,1.0,True,1.0,1.0,0.6309297535714575,0.0,0.6309297535714575,0.0,0.6309297535714575,0.0
timber/timber,9f9944e825f756d7,0.8823529411764706,1,1,1.0,True,1.0,1.0,0.6309297535714575,0.0,0.6309297535714575,0.0,0.5,0.0
timber/timber,f6d25625a99dcdfa,0.7790055248618785,1,1,1.0,True,1.0,1.0,1.0,1.0,1.0,1.0,0.0,0.0
timber/timber,4cb93fa35b21f589,0.7033898305084746,2,2,1.0,True,0.8984680522431183,1.0,0.6240505200038379,0.0,0.6240505200038379,0.0,0.6240505200038379,0.0
timber/timber,f4cdc0fcaafb9c8a,0.9855072463768116,1,1,1.0,True,1.0,1.0,0.6309297535714575,0.0,0.6309297535714575,0.0,0.6309297535714575,0.0
timber/timber,176356fdf4ee0f4a,0.8777777777777778,1,1,1.0,True,1.0,1.0,1.0,1.0,0.6309297535714575,0.0,0.0,0.0
timber/timber,d63bbc14dfb578a6,0.55,1,1,1.0,True,1.0,1.0,0.6309297535714575,0.0,0.6309297535714575,0.0,0.6309297535714575,0.0
timber/timber,32a3dc1bb67023d1,0.6558441558441559,0,0,1.0,False,,,,,,,,
timber/timber,1ead1d333b9f57ce,0.3333333333333333,1,1,0.0,True,0.6309297535714575,0.0,0.5,0.0,0.5,0.0,0.5,0.0
timescale/timescaledb,397d1046e5ab554f,0.002652519893899204,13,6,0.0,True,0.8174935137996165,0.0,0.8174935137996165,0.0,0.8037457590228262,0.0,0.8174935137996165,0.0
timescale/timescaledb,622ecfd35b98b46b,0.03625760649087221,15,9,0.0,True,0.5950131732122911,0.0,0.5950131732122911,0.0,0.6251853310882258,0.0,0.43299825753372373,0.0
timescale/timescaledb,185b59529d0f230d,0.02631578947368421,0,0,0.0,False,,,,,,,,
timescale/timescaledb,f178963176ebb767,0.005405405405405406,11,6,0.0,True,0.9502344167898356,1.0,0.9502344167898356,1.0,0.9502344167898356,1.0,0.9751172083949178,1.0
timescale/timescaledb,a39a9c5a4830a79a,0.02857142857142857,13,4,0.0,True,0.6309297535714575,0.0,0.6309297535714575,0.0,0.6309297535714575,0.0,0.5654648767857288,0.0
timescale/timescaledb,f2303a54176865b0,0.009375,4,1,0.0,True,0.43067655807339306,0.0,0.43067655807339306,0.0,0.46533827903669656,0.0,0.46533827903669656,0.0
timescale/timescaledb,c44fd6dfb5885b59,0.005244755244755245,36,18,0.0,True,0.5697025846205707,0.0,0.5601966681768202,0.0,0.45035848985821003,0.0,0.5697025846205707,0.0
timescale/timescaledb,4e6ccd8446da9883,0.02702702702702703,1,1,0.0,True,0.43067655807339306,0.0,0.43067655807339306,0.0,0.40876468265396737,0.0,0.38685280723454163,0.0
timescale/timescaledb,6b06869f43f4dac0,0.2676056338028169,0,0,1.0,False,,,,,,,,
timescale/timescaledb,e8564dcb4c81e23f,0.01870748299319728,10,3,1.0,True,1.0,1.0,0.8597186998521972,0.0,0.8597186998521972,0.0,0.9298593499260985,0.5
timescale/timescaledb,e5c16b63e9ce2059,0.001652892561983471,3,1,0.0,True,1.0,1.0,1.0,1.0,1.0,1.0,1.0,1.0
timescale/timescaledb,c1dfeeaf1e969f08,0.2222222222222222,0,0,0.0,False,,,,,,,,
timescale/timescaledb,1ce7426fd2a43765,0.12244897959183673,0,0,0.0,False,,,,,,,,
timescale/timescaledb,088dfdf0ae23da59,0.16176470588235295,4,2,0.0,True,0.6309297535714575,0.0,0.6309297535714575,0.0,0.6309297535714575,0.0,0.6309297535714575,0.0
timescale/timescaledb,387a51b22d2c54f7,0.007594936708860759,1,1,0.0,True,0.38685280723454163,0.0,0.38685280723454163,0.0,0.38685280723454163,0.0,0.38685280723454163,0.0
timescale/timescaledb,a1544317c2fa3daa,0.021739130434782608,3,0,0.0,False,,,,,,,,
timescale/timescaledb,03208486ebbd60a6,0.49019607843137253,0,0,1.0,False,,,,,,,,
timescale/timescaledb,ee7910468a6b7072,0.0027726432532347504,8,4,0.0,True,1.0,1.0,1.0,1.0,1.0,1.0,1.0,1.0
timescale/timescaledb,bea53ab5c46b8ce4,0.0024271844660194173,17,8,0.0,True,0.8181615409042062,0.0,0.8181615409042062,0.0,0.8181615409042062,0.0,0.7960200534283121,0.0
timescale/timescaledb,f44311b350b577e9,0.012195121951219513,5,3,0.0,True,1.0,1.0,1.0,1.0,1.0,1.0,1.0,1.0
timescale/timescaledb,5707ad6cf3d7f9b9,0.0,0,0,0.0,False,,,,,,,,
timescale/timescaledb,b5b5f5f09a9dd475,0.04519774011299435,1,1,0.0,True,0.0,0.0,0.0,0.0,0.0,0.0,0.0,0.0
timescale/timescaledb,3f5ce307bbd249c9,0.00040816326530612246,8,4,0.0,True,1.0,1.0,1.0,1.0,1.0,1.0,1.0,1.0
timescale/timescaledb,533c3dae5ca1237c,0.020618556701030927,0,0,0.0,False,,,,,,,,
timescale/timescaledb,4b9e67b1f9389f1a,0.0011098779134295228,1,0,0.0,False,,,,,,,,
tmuxinator/tmuxinator,f03e5db90888cf27,0.06060606060606061,0,0,0.0,False,,,,,,,,
tmuxinator/tmuxinator,d09ea66f8227784f,0.3333333333333333,0,0,0.0,False,,,,,,,,
tmuxinator/tmuxinator,55ea999d9028aea9,0.11363636363636363,0,0,0.0,False,,,,,,,,
tmuxinator/tmuxinator,fbd9c132e29b06f5,0.043478260869565216,0,0,0.0,False,,,,,,,,
tmuxinator/tmuxinator,e013992ae474239a,0.016293279022403257,2,2,0.0,True,0.2640681225725909,0.0,0.11859885638464811,0.0,0.0,0.0,0.2640681225725909,0.0
tmuxinator/tmuxinator,c94dbad39af5ac4c,0.03868471953578337,7,4,0.0,True,0.38685280723454163,0.0,0.0,0.0,0.0,0.0,0.0,0.0
tmuxinator/tmuxinator,83b334b691b76a3d,0.4,5,5,1.0,True,1.0,1.0,1.0,1.0,1.0,1.0,0.6309297535714575,0.0
tmuxinator/tmuxinator,ce42698129e69553,0.005,1,0,0.0,False,,,,,,,,
tmuxinator/tmuxinator,9174e6fd40534cab,0.044897959183673466,0,0,0.0,False,,,,,,,,
tmuxinator/tmuxinator,eeed022a8ef9e75d,0.1,1,1,0.0,True,0.43067655807339306,0.0,0.43067655807339306,0.0,0.43067655807339306,0.0,0.40876468265396737,0.0
tmuxinator/tmuxinator,23e028df143136c9,0.03076923076923077,0,0,0.0,False,,,,,,,,
tmuxinator/tmuxinator,2be4a70206f0ccdd,0.10526315789473684,0,0,0.0,False,,,,,,,,
tmuxinator/tmuxinator,f6bf20d8d244dd4a,0.08,0,0,0.0,False,,,,,,,,
tmuxinator/tmuxinator,147630296f4b6df9,0.015873015873015872,0,0,0.0,False,,,,,,,,
tmuxinator/tmuxinator,2c5409a7f467e9f4,0.004301075268817204,2,2,0.0,True,0.2640681225725909,0.0,0.2640681225725909,0.0,0.0,0.0,0.2640681225725909,0.0
tmuxinator/tmuxinator,89eebfcbc0f14b6d,0.04285714285714286,0,0,0.0,False,,,,,,,,
tmuxinator/tmuxinator,50a7110fd6ff7231,0.3333333333333333,0,0,1.0,False,,,,,,,,
tmuxinator/tmuxinator,0d7660d20e3ef1e7,0.0759493670886076,0,0,0.0,False,,,,,,,,
tmuxinator/tmuxinator,3fa19c0a0797c274,0.125,0,0,0.0,False,,,,,,,,
tmuxinator/tmuxinator,7149fef4f06cbcfb,0.041666666666666664,0,0,0.0,False,,,,,,,,
tmuxinator/tmuxinator,8a01b5bbcf37b837,0.0038910505836575876,2,1,0.0,True,0.0,0.0,0.0,0.0,0.0,0.0,0.0,0.0
tmuxinator/tmuxinator,204830690bb577c0,0.028169014084507043,0,0,0.0,False,,,,,,,,
tmuxinator/tmuxinator,90a3e7de92857a08,0.125,0,0,0.0,False,,,,,,,,
tmuxinator/tmuxinator,31e71bda98c524a9,0.07692307692307693,0,0,0.0,False,,,,,,,,
tmuxinator/tmuxinator,ee98e028c59b193d,0.2,1,1,0.0,True,0.5654648767857288,0.0,0.5654648767857288,0.0,0.5654648767857288,0.0,0.38685280723454163,0.0
treeverse/dvc,3cabff7688a6836f,0.05263157894736842,1,0,0.0,False,,,,,,,,
treeverse/dvc,9a241be2eef48591,0.027777777777777776,0,0,0.0,False,,,,,,,,
treeverse/dvc,1c4fb1997e2bdf95,0.007425742574257425,2,2,0.0,True,0.38685280723454163,0.0,0.38685280723454163,0.0,0.38685280723454163,0.0,0.0,0.0
treeverse/dvc,b24f1032354eac3f,0.045454545454545456,1,1,0.0,True,0.43067655807339306,0.0,0.43067655807339306,0.0,0.43067655807339306,0.0,0.0,0.0
treeverse/dvc,a524b5bc8e62939d,0.013477088948787063,2,2,0.0,True,0.0,0.0,0.0,0.0,0.0,0.0,0.0,0.0
treeverse/dvc,5b06f7fdd3439730,0.012106537530266344,0,0,0.0,False,,,,,,,,
treeverse/dvc,a790a203880fd4cd,0.012578616352201259,3,2,0.0,True,0.0,0.0,0.0,0.0,0.0,0.0,0.0,0.0
treeverse/dvc,6ac813c80c9408cd,0.04477611940298507,0,0,0.0,False,,,,,,,,
treeverse/dvc,a4feb36d904a5183,0.01282051282051282,3,3,0.0,True,0.43067655807339306,0.0,0.4653382790366966,0.0,0.27250978843597823,0.0,0.4087646826539674,0.0
treeverse/dvc,44154707ab286e86,0.024875621890547265,0,0,0.0,False,,,,,,,,
treeverse/dvc,26d742db3f778f8b,0.020706455542021926,3,3,0.0,True,0.38009376671593426,0.0,0.3273949503887395,0.0,0.3273949503887395,0.0,0.3273949503887395,0.0
treeverse/dvc,c3fb2a54829a931b,0.006944444444444444,0,0,0.0,False,,,,,,,,
treeverse/dvc,9ebf228ef7c1669c,0.0078125,3,2,0.0,True,0.23719771276929622,0.0,0.23719771276929622,0.0,0.2640681225725909,0.0,0.23719771276929622,0.0
treeverse/dvc,2d2024e289e49b27,0.005361930294906166,2,1,0.0,True,0.6309297535714575,0.0,0.6309297535714575,0.0,0.6309297535714575,0.0,0.6309297535714575,0.0
treeverse/dvc,ca5fa39cbd822147,0.0,0,0,0.0,False,,,,,,,,
treeverse/dvc,91a0aa384811df9c,0.0,1,1,0.0,True,0.43067655807339306,0.0,0.43067655807339306,0.0,0.43067655807339306,0.0,0.43067655807339306,0.0
treeverse/dvc,cbd760a9f6fa442c,0.02962962962962963,1,1,0.0,True,0.27250978843597823,0.0,0.27250978843597823,0.0,0.19342640361727081,0.0,0.0,0.0
treeverse/dvc,c348dbb722269a63,0.0,0,0,0.0,False,,,,,,,,
treeverse/dvc,a1829567d9057845,0.0,0,0,0.0,False,,,,,,,,
treeverse/dvc,e69f69ddbf5d27ac,0.014035087719298246,4,3,0.0,True,0.2940806813328203,0.0,0.2940806813328203,0.0,0.0,0.0,0.2940806813328203,0.0
treeverse/dvc,ffd9820debe921c4,0.047619047619047616,0,0,0.0,False,,,,,,,,
treeverse/dvc,4b2006aba1a51694,0.0,0,0,0.0,False,,,,,,,,
treeverse/dvc,09f598c277953983,0.0,1,0,0.0,False,,,,,,,,
treeverse/dvc,4eafbc0eba34b6b5,0.00847457627118644,0,0,0.0,False,,,,,,,,
treeverse/dvc,b058b3b5b0bede32,0.0047169811320754715,0,0,0.0,False,,,,,,,,
triton-lang/triton,5797a470cda11e8d,0.08767123287671233,0,0,0.0,False,,,,,,,,
triton-lang/triton,f0e7e61833e691ba,0.11023622047244094,5,0,0.0,False,,,,,,,,
triton-lang/triton,293af646f671d3a8,0.02857142857142857,3,1,0.0,True,0.6309297535714575,0.0,0.6309297535714575,0.0,0.6309297535714575,0.0,0.6309297535714575,0.0
triton-lang/triton,f727c7f0e0514dca,0.08735150244584207,43,21,1.0,True,0.427801251106861,0.0,0.427801251106861,0.0,0.25113967797199976,0.0,0.3882840280792875,0.0
triton-lang/triton,3a8183c3addd2134,0.011764705882352941,1,0,0.0,False,,,,,,,,
triton-lang/triton,b1e11d8424065aa2,0.01015228426395939,22,16,0.0,True,0.33701577191046184,0.0,0.33701577191046184,0.0,0.3281179327228975,0.0,0.33701577191046184,0.0
triton-lang/triton,f3470e3313dd2b26,0.0625,0,0,0.0,False,,,,,,,,
triton-lang/triton,980bbab8870c6a2f,0.004784688995215311,37,30,0.0,True,0.7311844491467651,0.0,0.6923912384691543,0.0,0.6641975651218786,0.0,0.7311844491467651,0.0
triton-lang/triton,7935be9afb58d190,0.0149812734082397,18,5,0.0,True,0.15273311123869335,0.0,0.15273311123869335,0.0,0.24207625393180188,0.0,0.15273311123869335,0.0
triton-lang/triton,9df95854a7077fa3,0.25,0,0,1.0,False,,,,,,,,
triton-lang/triton,b3d735d8dd3640d4,0.005555555555555556,2,2,0.0,True,0.6309297535714575,0.0,0.6309297535714575,0.0,1.0,1.0,0.6309297535714575,0.0
triton-lang/triton,f63398e44fb5a8c0,0.00684931506849315,2,2,0.0,True,0.38685280723454163,0.0,0.38685280723454163,0.0,0.38685280723454163,0.0,0.38685280723454163,0.0
triton-lang/triton,b3ca3ad82569f518,0.03763752171395483,4,2,0.0,True,0.0,0.0,0.0,0.0,0.0,0.0,0.0,0.0
triton-lang/triton,161dd372bbb141ab,0.15100671140939598,9,2,0.0,True,0.0,0.0,0.0,0.0,0.0,0.0,0.0,0.0
triton-lang/triton,a39aee419efb3447,0.0,37,28,0.0,True,0.6618559100147119,0.0,0.6618559100147119,0.0,0.655017823005396,0.0,0.6618559100147119,0.0
triton-lang/triton,3eee00a71e5ff853,0.0,21,11,0.0,True,0.8096530168757049,0.0,0.8096530168757049,0.0,0.8096530168757049,0.0,0.8096530168757049,0.0
triton-lang/triton,aed11edc08eb4334,0.006622516556291391,5,0,0.0,False,,,,,,,,
triton-lang/triton,78ce450bd66c3883,0.024390243902439025,1,0,0.0,False,,,,,,,,
triton-lang/triton,a0d79446de93ca8c,0.009708737864077669,4,3,0.0,True,0.16369747519436975,0.0,0.16369747519436975,0.0,0.16369747519436975,0.0,0.16369747519436975,0.0
triton-lang/triton,facc6404ca92d892,0.0,6,0,0.0,False,,,,,,,,
triton-lang/triton,7024778cd3cdb351,0.0,1,1,0.0,True,0.46533827903669656,0.0,0.46533827903669656,0.0,0.46533827903669656,0.0,0.46533827903669656,0.0
triton-lang/triton,c05cf3aed297bf0c,0.002636435539151068,93,55,0.0,True,0.7037049289046236,1.0,0.7037049289046236,1.0,0.7037049289046236,1.0,0.7037049289046236,1.0
triton-lang/triton,bc37d034bad56458,0.07446808510638298,11,5,1.0,True,0.2807721888661444,0.0,0.2807721888661444,0.0,0.2807721888661444,0.0,0.22895985839858982,0.0
triton-lang/triton,0947e2727d6bad8c,1.0,0,0,0.0,False,,,,,,,,
triton-lang/triton,2fdddc00b98b06e7,0.022871664548919948,18,7,0.0,True,0.4853586793596861,0.0,0.6323990200260963,0.0,0.5826334368159319,0.0,0.6323990200260963,0.0
twisted/twisted,39363a033ea3d1a1,0.05278592375366569,1,0,0.0,False,,,,,,,,
twisted/twisted,84abc82328180ff2,0.14,0,0,0.0,False,,,,,,,,
twisted/twisted,3e5ff9480b535b6c,0.3253012048192771,0,0,1.0,False,,,,,,,,
twisted/twisted,5af9e6489c3e75c3,0.1151603498542274,2,0,0.0,False,,,,,,,,
twisted/twisted,8d5979aacf039f19,0.15,0,0,0.0,False,,,,,,,,
twisted/twisted,209d375334eedf2b,0.09898477157360407,0,0,0.0,False,,,,,,,,
twisted/twisted,e37c08b3b95ba160,0.14285714285714285,0,0,0.0,False,,,,,,,,
twisted/twisted,42ed282f35051751,0.4177215189873418,0,0,0.0,False,,,,,,,,
twisted/twisted,8068a4ab15b0196a,0.3695652173913043,0,0,1.0,False,,,,,,,,
twisted/twisted,c1b345f91ce14136,0.23943661971830985,0,0,0.0,False,,,,,,,,
twisted/twisted,0c14d510fa85d06b,0.20952380952380953,2,0,0.0,False,,,,,,,,
twisted/twisted,8a0e82e7c7ee22d0,0.4,0,0,1.0,False,,,,,,,,
twisted/twisted,8e56320816625ac4,0.17857142857142858,2,0,0.0,False,,,,,,,,
twisted/twisted,8364dd1f6c6fa150,0.2288135593220339,2,0,0.0,False,,,,,,,,
twisted/twisted,f2a07336ef831b14,0.08158995815899582,0,0,0.0,False,,,,,,,,
twisted/twisted,2c3f32bc9a94894d,0.12315270935960591,0,0,0.0,False,,,,,,,,
twisted/twisted,8b6b44dea05d6ff7,0.10204081632653061,0,0,0.0,False,,,,,,,,
twisted/twisted,e1e03d2e4dea2b0f,0.05592105263157895,3,0,0.0,False,,,,,,,,
twisted/twisted,1b0ba5b5df8075f6,0.06030701754385965,0,0,0.0,False,,,,,,,,
twisted/twisted,48b22eddf8cd42d1,0.03669724770642202,1,0,0.0,False,,,,,,,,
twisted/twisted,069717594d4d0b8b,0.0948905109489051,0,0,0.0,False,,,,,,,,
twisted/twisted,86dd6a5fcd65e796,0.05084745762711865,1,0,0.0,False,,,,,,,,
twisted/twisted,db0477390f5226df,0.0,0,0,0.0,False,,,,,,,,
twisted/twisted,6c53ee4f9c705993,0.03614457831325301,0,0,0.0,False,,,,,,,,
twisted/twisted,a92206df522e7d65,0.0169971671388102,2,1,0.0,True,0.0,0.0,0.0,0.0,0.0,0.0,0.0,0.0
typelevel/cats,b186ca5e5719ba76,0.0,0,0,0.0,False,,,,,,,,
typelevel/cats,8fd74420ca55aa91,0.0,18,17,0.0,True,1.0,1.0,1.0,1.0,1.0,1.0,1.0,1.0
typelevel/cats,494bf878bb7cd943,0.02127659574468085,0,0,0.0,False,,,,,,,,
typelevel/cats,eb5083fd1ed0747d,0.05263157894736842,0,0,0.0,False,,,,,,,,
typelevel/cats,2d693ec892c14cb6,0.02564102564102564,0,0,0.0,False,,,,,,,,
typelevel/cats,7daecd18226bfb93,0.0,1,0,0.0,False,,,,,,,,
typelevel/cats,ee11ab035dcf46b8,0.041666666666666664,0,0,0.0,False,,,,,,,,
typelevel/cats,29c076beb5b6c618,0.07079646017699115,0,0,0.0,False,,,,,,,,
typelevel/cats,12834d41ebfedb79,0.0,1,1,0.0,True,1.0,1.0,1.0,1.0,1.0,1.0,1.0,1.0
typelevel/cats,2a033c66d54c46ee,0.0,0,0,0.0,False,,,,,,,,
typelevel/cats,12f537b464fa59ad,0.021739130434782608,0,0,0.0,False,,,,,,,,
typelevel/cats,915f73d7b6d87361,0.2704791344667697,1,1,1.0,True,0.0,0.0,0.0,0.0,0.0,0.0,0.0,0.0
typelevel/cats,ae3d4f2e17f9f238,0.09270516717325228,6,5,0.0,True,0.0,0.0,0.0,0.0,0.0,0.0,0.0,0.0
typelevel/cats,9a22fcc5677b7a5a,0.015625,2,0,0.0,False,,,,,,,,
typelevel/cats,8a48f6de6f246fda,0.16161616161616163,0,0,0.0,False,,,,,,,,
typelevel/cats,59142a562da4f160,0.0,0,0,0.0,False,,,,,,,,
typelevel/cats,1f2eeaa7bf965734,0.05,0,0,0.0,False,,,,,,,,
typelevel/cats,9d2176a4b621aa5d,0.012738853503184714,0,0,0.0,False,,,,,,,,
typelevel/cats,e5c4f43e434c7272,0.20164609053497942,2,1,0.0,True,0.0,0.0,0.0,0.0,0.0,0.0,0.0,0.0
typelevel/cats,c4d60f951166e9c4,0.12280701754385964,2,0,0.0,False,,,,,,,,
typelevel/cats,60398b6c2f908b97,0.035398230088495575,3,0,0.0,False,,,,,,,,
typelevel/cats,da759b82b5faa902,0.07360861759425494,2,2,0.0,True,0.0,0.0,0.0,0.0,0.0,0.0,0.0,0.0
typelevel/cats,0dde698c8170cc58,0.0,0,0,0.0,False,,,,,,,,
typelevel/cats,075e276dde166156,0.045454545454545456,0,0,0.0,False,,,,,,,,
typelevel/cats,4a39643ac7bacb5c,0.07317073170731707,0,0,0.0,False,,,,,,,,
typescript-eslint/typescript-eslint,d223166dbaef9e83,0.11850311850311851,3,0,0.0,False,,,,,,,,
typescript-eslint/typescript-eslint,689f824fc4571984,0.25,0,0,0.0,False,,,,,,,,
typescript-eslint/typescript-eslint,9601a8f6c734c200,0.14381720430107528,22,12,0.0,True,0.7743511503051589,0.0,0.5630635209027,0.0,0.5630635209027,0.0,0.4536911131915654,0.0
typescript-eslint/typescript-eslint,3fb81765ab130bf8,0.047936085219707054,3,2,0.0,True,1.0,1.0,1.0,1.0,0.6309297535714575,0.0,1.0,1.0
typescript-eslint/typescript-eslint,ac1c5e8679865e51,0.01845018450184502,4,0,0.0,False,,,,,,,,
typescript-eslint/typescript-eslint,6a83274258fa4207,0.10810810810810811,0,0,0.0,False,,,,,,,,
typescript-eslint/typescript-eslint,1c499adb3145d588,0.1111111111111111,1,1,0.0,True,0.6309297535714575,0.0,0.6309297535714575,0.0,0.6309297535714575,0.0,0.5,0.0
typescript-eslint/typescript-eslint,383e6a811396e99f,0.2727272727272727,0,0,0.0,False,,,,,,,,
typescript-eslint/typescript-eslint,c2fd8118b8d94383,0.21875,0,0,0.0,False,,,,,,,,
typescript-eslint/typescript-eslint,9898c679228c49a3,0.21621621621621623,0,0,0.0,False,,,,,,,,
typescript-eslint/typescript-eslint,68979b47bfc32bb2,0.22777136258660508,3,0,0.0,False,,,,,,,,
typescript-eslint/typescript-eslint,56e1e9d9e3242f05,0.12691466083150985,3,0,0.0,False,,,,,,,,
typescript-eslint/typescript-eslint,b13b9d6173de7200,0.15555555555555556,1,0,0.0,False,,,,,,,,
typescript-eslint/typescript-eslint,ed2147ac16cd7ad6,0.25,0,0,0.0,False,,,,,,,,
typescript-eslint/typescript-eslint,fba192190eb81d47,0.015151515151515152,0,0,0.0,False,,,,,,,,
typescript-eslint/typescript-eslint,4c18ef43d9099bbf,0.05177993527508091,1,0,0.0,False,,,,,,,,
typescript-eslint/typescript-eslint,b9fa6ebfc56ec337,0.2647058823529412,2,0,0.0,False,,,,,,,,
typescript-eslint/typescript-eslint,5b778423e50222a0,0.09523809523809523,3,0,0.0,False,,,,,,,,
typescript-eslint/typescript-eslint,c580d22146b8c4f4,0.05405405405405406,0,0,0.0,False,,,,,,,,
typescript-eslint/typescript-eslint,4832097ebdb8ccf5,0.08,1,0,0.0,False,,,,,,,,
typescript-eslint/typescript-eslint,84ad5ed0e913bf98,0.12571428571428572,1,0,0.0,False,,,,,,,,
typescript-eslint/typescript-eslint,0091afcfbfd40130,0.2,0,0,0.0,False,,,,,,,,
typescript-eslint/typescript-eslint,23cd6b0c305a2944,0.05263157894736842,0,0,0.0,False,,,,,,,,
typescript-eslint/typescript-eslint,ec5bc0bea4bb4653,0.014925373134328358,1,0,0.0,False,,,,,,,,
typescript-eslint/typescript-eslint,b74c900ed201ddb0,0.2,1,0,0.0,False,,,,,,,,
unionlabs/union,a0b4c252bfd44470,0.2963917525773196,0,0,0.0,False,,,,,,,,
unionlabs/union,2c85a1ea1ce546d8,0.0835214446952596,0,0,0.0,False,,,,,,,,
unionlabs/union,a5145375dc1ee808,0.09230769230769231,0,0,0.0,False,,,,,,,,
unionlabs/union,093a588ea18972f1,0.24,2,2,0.0,True,1.0,1.0,1.0,1.0,1.0,1.0,1.0,1.0
unionlabs/union,690e268c24740fa5,0.11764705882352941,0,0,0.0,False,,,,,,,,
unionlabs/union,f3abaefb739bc605,0.6666666666666666,0,0,1.0,False,,,,,,,,
unionlabs/union,2c974cbf9cd062d6,0.25,1,1,0.0,True,1.0,1.0,1.0,1.0,1.0,1.0,1.0,1.0
unionlabs/union,7fe874255a6a3cb1,0.14285714285714285,2,2,0.0,True,1.0,1.0,1.0,1.0,1.0,1.0,1.0,1.0
unionlabs/union,c3e3c91d961f6556,0.1625,0,0,0.0,False,,,,,,,,
unionlabs/union,b4e9e1cf7e852f2c,0.08256880733944955,0,0,0.0,False,,,,,,,,
unionlabs/union,b88a093e2667fd0f,0.1625,0,0,0.0,False,,,,,,,,
unionlabs/union,3f025139b06128e7,0.23636363636363636,0,0,0.0,False,,,,,,,,
unionlabs/union,fdbd2887985398ca,0.1111111111111111,0,0,0.0,False,,,,,,,,
unionlabs/union,c19df55f59ca2595,0.023529411764705882,0,0,0.0,False,,,,,,,,
unionlabs/union,10ad858f35435469,0.2,1,1,0.0,True,0.6309297535714575,0.0,0.6309297535714575,0.0,0.6309297535714575,0.0,0.6309297535714575,0.0
unionlabs/union,e5685c906db304ba,0.4838709677419355,0,0,1.0,False,,,,,,,,
unionlabs/union,917a907d9382161a,0.358974358974359,0,0,0.0,False,,,,,,,,
unionlabs/union,5573ca4d4d4a1553,0.391304347826087,0,0,0.0,False,,,,,,,,
unionlabs/union,efca472a669740bc,0.2191780821917808,1,1,0.0,True,0.6309297535714575,0.0,0.6309297535714575,0.0,0.6309297535714575,0.0,0.6309297535714575,0.0
unionlabs/union,4fb24dd2bad9637c,0.12244897959183673,2,2,0.0,True,0.6309297535714575,0.0,0.6309297535714575,0.0,0.6309297535714575,0.0,0.6309297535714575,0.0
unionlabs/union,cb9e53f13db2cd55,0.14285714285714285,0,0,0.0,False,,,,,,,,
unionlabs/union,0b53ad792613d0a0,0.07547169811320754,0,0,0.0,False,,,,,,,,
unionlabs/union,246b2fdce5fcfa25,0.19753086419753085,1,1,0.0,True,0.6309297535714575,0.0,0.6309297535714575,0.0,0.6309297535714575,0.0,0.6309297535714575,0.0
unionlabs/union,2111bd10babd63c6,0.125,0,0,0.0,False,,,,,,,,
unionlabs/union,2bc6f1ce5d2de52f,0.0024330900243309003,0,0,0.0,False,,,,,,,,
unit8co/darts,b4f08c67d136584c,0.11842105263157894,3,0,0.0,False,,,,,,,,
unit8co/darts,ed2dbabd338ea25a,0.18023255813953487,5,3,0.0,True,0.0,0.0,0.0,0.0,0.0,0.0,0.38685280723454163,0.0
unit8co/darts,9477dbe833e67b83,0.3333333333333333,0,0,0.0,False,,,,,,,,
unit8co/darts,41fa316c464ca119,0.0047169811320754715,0,0,0.0,False,,,,,,,,
unit8co/darts,7af1e5e729124166,0.18611111111111112,7,3,0.0,True,1.0,1.0,1.0,1.0,1.0,1.0,1.0,1.0
unit8co/darts,426c75643ad3a7c2,0.014492753623188406,10,3,0.0,True,1.0,1.0,1.0,1.0,1.0,1.0,1.0,1.0
unit8co/darts,36321ccb367d11f7,0.15897435897435896,2,1,0.0,True,0.6309297535714575,0.0,0.6309297535714575,0.0,0.6309297535714575,0.0,0.6309297535714575,0.0
unit8co/darts,99116a373c89235e,0.018633540372670808,3,3,0.0,True,0.38685280723454163,0.0,0.38685280723454163,0.0,0.38685280723454163,0.0,0.38685280723454163,0.0
unit8co/darts,b5bfde530f1dc580,0.2727272727272727,0,0,0.0,False,,,,,,,,
unit8co/darts,5a4de1ee78005e4b,0.2,9,4,0.0,True,0.5,0.0,0.6309297535714575,0.0,0.5,0.0,0.5,0.0
unit8co/darts,d4cde3621dbd0752,0.0027397260273972603,3,3,0.0,True,0.3273949503887395,0.0,0.7601875334318685,1.0,0.7601875334318685,1.0,0.3273949503887395,0.0
unit8co/darts,a3d33ddc2b4a3e11,0.0,0,0,0.0,False,,,,,,,,
unit8co/darts,81b188f3b6ce8829,0.08759124087591241,3,2,0.0,True,1.0,1.0,1.0,1.0,1.0,1.0,1.0,1.0
unit8co/darts,65b16016ed02bcac,0.21834862385321102,9,5,1.0,True,0.6309297535714575,0.0,1.0,1.0,0.6309297535714575,0.0,1.0,1.0
unit8co/darts,45fd3fc92a9821b0,0.2,1,0,0.0,False,,,,,,,,
unit8co/darts,86d305fbf8763a38,0.010843373493975903,8,4,0.0,True,0.43067655807339306,0.0,0.43067655807339306,0.0,0.43067655807339306,0.0,0.46533827903669656,0.0
unit8co/darts,fa10235d0b5015bb,0.013368983957219251,2,2,0.0,True,0.6309297535714575,0.0,0.6309297535714575,0.0,0.6309297535714575,0.0,0.6309297535714575,0.0
unit8co/darts,4cb13c55415a8e79,0.04065040650406504,5,4,0.0,True,0.6309297535714575,0.0,0.6309297535714575,0.0,0.6309297535714575,0.0,0.6309297535714575,0.0
unit8co/darts,03f2db07011250c4,0.0592863163810059,13,6,0.0,True,1.0,1.0,1.0,1.0,1.0,1.0,1.0,1.0
unit8co/darts,2205c41aabaf7800,0.09779179810725552,1,0,0.0,False,,,,,,,,
unit8co/darts,2902c5ffcdd6f590,0.002628120893561104,3,2,0.0,True,0.5,0.0,0.5,0.0,0.5,0.0,0.5,0.0
unit8co/darts,80fc3fbcd9573134,0.007633587786259542,3,3,0.0,True,0.5,0.0,0.5,0.0,0.5,0.0,0.5,0.0
unit8co/darts,14c7f527fc1028f4,0.21,7,4,1.0,True,0.43067655807339306,0.0,0.46533827903669656,0.0,0.4391764551026449,0.0,0.43067655807339306,0.0
unit8co/darts,6d0f9ed76bd921b9,0.0049504950495049506,3,2,0.0,True,1.0,1.0,0.5,0.0,0.5,0.0,1.0,1.0
unit8co/darts,ecefca98b6a7eff7,0.056338028169014086,3,3,0.0,True,0.5654648767857288,0.0,0.5654648767857288,0.0,0.5654648767857288,0.0,0.6309297535714575,0.0
v8/v8,712f98ffd743340f,0.0009940357852882703,2,1,0.0,True,0.0,0.0,0.0,0.0,0.0,0.0,0.0,0.0
v8/v8,aa125f1fafb0faee,0.2591414944356121,10,8,0.0,True,0.24696084675730837,0.0,0.13777597210996176,0.0,0.13777597210996176,0.0,0.24696084675730837,0.0
v8/v8,6f48455d4a8ee90d,0.034482758620689655,0,0,0.0,False,,,,,,,,
v8/v8,05694beb8d54a218,0.06349206349206349,1,1,0.0,True,1.0,1.0,1.0,1.0,1.0,1.0,1.0,1.0
v8/v8,a704d46bfa18c2d2,0.0021141649048625794,0,0,0.0,False,,,,,,,,
v8/v8,37f0bdd05edc0f87,0.0759493670886076,1,1,0.0,True,0.0,0.0,0.0,0.0,0.0,0.0,0.0,0.0
v8/v8,e49acb05ff5bcf69,0.004555808656036446,18,10,0.0,True,0.7542493064028744,0.0,0.7542493064028744,0.0,0.7355605857290959,0.0,0.7542493064028744,0.0
v8/v8,de130d11d3c80fa4,0.003875968992248062,1,1,0.0,True,0.40876468265396737,0.0,0.40876468265396737,0.0,0.5,0.0,0.40876468265396737,0.0
v8/v8,42b461e1f57253b7,0.1875,0,0,1.0,False,,,,,,,,
v8/v8,4ff7027ba4d8f2c1,0.030303030303030304,0,0,0.0,False,,,,,,,,
v8/v8,1789c80e237e5344,0.001381692573402418,17,9,0.0,True,0.0,0.0,0.0,0.0,0.0,0.0,0.0,0.0
v8/v8,4a5da8e8905b0cf5,0.0,0,0,0.0,False,,,,,,,,
v8/v8,cecca2371cda5520,0.01216333622936577,11,8,0.0,True,0.6629216874931978,1.0,0.678318603854126,1.0,0.678318603854126,1.0,0.6629216874931978,1.0
v8/v8,fa351d7797a68517,0.002325581395348837,1,1,0.0,True,0.0,0.0,0.0,0.0,0.0,0.0,0.0,0.0
v8/v8,18714f4f2b9d56b7,0.0075046904315197,1,1,0.0,True,0.6309297535714575,0.0,0.6309297535714575,0.0,0.6309297535714575,0.0,0.6309297535714575,0.0
v8/v8,79981bd1ea996cda,0.014925373134328358,0,0,0.0,False,,,,,,,,
v8/v8,0dcc5d2b18fd9a03,0.0035650623885918,86,67,0.0,True,0.2869049223601477,0.0,0.09406030591932135,0.0,0.033415331271102446,0.0,0.2869049223601477,0.0
v8/v8,e5a12c6cfaf72336,0.06818181818181818,1,1,0.0,True,0.6309297535714575,0.0,0.6309297535714575,0.0,0.6309297535714575,0.0,0.6309297535714575,0.0
v8/v8,f4e871564a981f7a,0.025,0,0,0.0,False,,,,,,,,
v8/v8,8744fac2bd52e2ba,0.038834951456310676,2,2,0.0,True,0.6309297535714575,0.0,0.6309297535714575,0.0,0.6309297535714575,0.0,0.6309297535714575,0.0
v8/v8,fd3493dd14a3d063,0.0,9,8,0.0,True,0.5,0.0,0.5,0.0,0.5,0.0,0.5,0.0
v8/v8,37b7af52d56b780e,0.005296610169491525,9,5,0.0,True,0.5296347172140421,0.0,0.5147714448836774,0.0,0.5147714448836774,0.0,0.5296347172140421,0.0
v8/v8,ce53269cc4d7d1d8,0.041379310344827586,2,1,0.0,True,0.0,0.0,0.0,0.0,0.0,0.0,0.0,0.0
v8/v8,688583bfcdc1384a,0.02197802197802198,0,0,0.0,False,,,,,,,,
v8/v8,ef64311b45ee31e2,0.011627906976744186,1,1,0.0,True,0.5,0.0,0.5,0.0,0.43067655807339306,0.0,0.5,0.0
valhalla/valhalla,0838e8709a030276,0.01956521739130435,1,0,0.0,False,,,,,,,,
valhalla/valhalla,4e549b2c7a80b225,0.4307692307692308,1,1,1.0,True,0.43067655807339306,0.0,0.43067655807339306,0.0,0.43067655807339306,0.0,0.5,0.0
valhalla/valhalla,7effe401c0d4741e,0.035036496350364967,2,1,0.0,True,0.0,0.0,0.0,0.0,0.0,0.0,0.0,0.0
valhalla/valhalla,184c68ba6c1e85f3,0.9333333333333333,0,0,0.0,False,,,,,,,,
valhalla/valhalla,3f6eefea2a8a496e,0.3698224852071006,2,1,0.0,True,0.43067655807339306,0.0,0.43067655807339306,0.0,0.38685280723454163,0.0,0.6309297535714575,0.0
valhalla/valhalla,3a4b22fff8456f6f,0.008347245409015025,2,1,0.0,True,0.0,0.0,0.0,0.0,0.0,0.0,0.0,0.0
valhalla/valhalla,c12dae31fcbe980e,0.0975609756097561,0,0,0.0,False,,,,,,,,
valhalla/valhalla,a22fee958267ea3c,0.10702875399361023,6,5,0.0,True,0.0,0.0,0.0,0.0,0.0,0.0,0.0,0.0
valhalla/valhalla,a35673b6de468000,0.026348808030112924,4,3,0.0,True,0.0,0.0,0.0,0.0,0.0,0.0,0.0,0.0
valhalla/valhalla,294dab0732a79714,0.0967741935483871,1,0,0.0,False,,,,,,,,
valhalla/valhalla,6449dd300cc844b1,0.1,0,0,0.0,False,,,,,,,,
valhalla/valhalla,d7956f8b03f7afe0,0.2222222222222222,1,0,0.0,False,,,,,,,,
valhalla/valhalla,aeba345020d0578f,0.13333333333333333,0,0,0.0,False,,,,,,,,
valhalla/valhalla,1aaf84a1267b420b,0.0,11,6,0.0,True,0.5846893534084747,0.0,0.5846893534084747,0.0,0.5306457821603178,0.0,0.5846893534084747,0.0
valhalla/valhalla,8eee8bbedce825f6,0.25806451612903225,0,0,0.0,False,,,,,,,,
valhalla/valhalla,fc9ae261121e1991,0.10970464135021098,0,0,0.0,False,,,,,,,,
valhalla/valhalla,75c8e3c4b3d8bdf3,0.013774104683195593,21,12,0.0,True,0.44919877410920733,0.0,0.44919877410920733,0.0,0.3672331886946026,0.0,0.44919877410920733,0.0
valhalla/valhalla,48bd200c2414b8fd,0.1856925418569254,1,1,0.0,True,0.0,0.0,0.0,0.0,0.0,0.0,0.0,0.0
valhalla/valhalla,335903af8df761a6,0.12399540757749714,6,3,1.0,True,0.2960819109658652,0.0,0.6508205185601091,1.0,0.6508205185601091,1.0,0.46927872602275644,1.0
valhalla/valhalla,609dc1848ca61555,0.05263157894736842,0,0,0.0,False,,,,,,,,
valhalla/valhalla,3721ae76ccd5f659,0.16129032258064516,0,0,0.0,False,,,,,,,,
valhalla/valhalla,5b4acf9dce298777,0.20353982300884957,0,0,0.0,False,,,,,,,,
valhalla/valhalla,551c239c7858eff3,0.32,2,1,0.0,True,0.0,0.0,0.0,0.0,0.0,0.0,0.38685280723454163,0.0
valhalla/valhalla,3b952611239ce580,0.027777777777777776,0,0,0.0,False,,,,,,,,
valhalla/valhalla,719e3424584a55d4,0.17391304347826086,4,1,1.0,True,0.8154648767857288,0.5,1.0,1.0,1.0,1.0,1.0,1.0
valkey-io/valkey,a5deb5bfe15717e9,0.075,6,3,0.0,True,0.3273949503887395,0.0,0.2940806813328203,0.0,0.14704034066641014,0.0,0.3273949503887395,0.0
valkey-io/valkey,c24f78b3519d7639,0.09336609336609336,3,0,0.0,False,,,,,,,,
valkey-io/valkey,3515437b9a1b5f34,0.09302325581395349,2,0,0.0,False,,,,,,,,
valkey-io/valkey,bb132d62ad3f3a5e,0.12121212121212122,24,5,0.0,True,0.0,0.0,0.0,0.0,0.0,0.0,0.0,0.0
valkey-io/valkey,2a07f9d5c228f52c,0.1774982529699511,5,1,0.0,True,0.0,0.0,0.0,0.0,0.0,0.0,0.0,0.0
valkey-io/valkey,50a5aed161e31641,0.3888888888888889,1,0,0.0,False,,,,,,,,
valkey-io/valkey,04047fb18e77fb28,0.09171597633136094,2,0,0.0,False,,,,,,,,
valkey-io/valkey,cc4f7bc6ba57ce05,0.2778993435448578,15,11,0.0,True,0.40526864488556913,0.0,0.0,0.0,0.0,0.0,0.45538582698658614,0.0
valkey-io/valkey,23098f8f0e0ae907,0.06060606060606061,0,0,0.0,False,,,,,,,,
valkey-io/valkey,66801c1dc81b98da,0.10702341137123746,2,0,0.0,False,,,,,,,,
valkey-io/valkey,18680f57f5d32607,0.19710870169585765,41,17,0.0,True,0.0,0.0,0.0,0.0,0.0,0.0,0.0,0.0
valkey-io/valkey,7fc7048ae55e1723,0.061946902654867256,2,0,0.0,False,,,,,,,,
valkey-io/valkey,b6c9fabd695691a6,0.3,0,0,0.0,False,,,,,,,,
valkey-io/valkey,8e85d9823b5ddeb8,0.18848167539267016,0,0,0.0,False,,,,,,,,
valkey-io/valkey,10c36deb51c8cb8c,0.1310149615851193,15,3,0.0,True,0.0,0.0,0.2940806813328203,0.0,0.0,0.0,0.0,0.0
valkey-io/valkey,3f6891fec05432f4,0.09859154929577464,14,7,0.0,True,0.5562983930884396,1.0,0.7715039881147672,1.0,0.7958830702855284,1.0,0.7715039881147672,1.0
valkey-io/valkey,2a05ab307f9432d9,0.129002533978346,19,9,0.0,True,0.18687582579751782,0.0,0.256224370374407,0.0,0.27033757566317346,0.0,0.256224370374407,0.0
valkey-io/valkey,dd9a6c95849b3649,0.026185958254269448,44,20,0.0,True,0.29861720346947046,0.0,0.29861720346947046,0.0,0.29861720346947046,0.0,0.29861720346947046,0.0
valkey-io/valkey,b95cee2ea24f3f42,0.05186721991701245,5,0,0.0,False,,,,,,,,
valkey-io/valkey,4bbdf3e8cafcbb33,0.06358381502890173,4,0,0.0,False,,,,,,,,
valkey-io/valkey,46da724226abf213,0.047872340425531915,0,0,0.0,False,,,,,,,,
valkey-io/valkey,70fa7a086f0e690c,0.3584905660377358,0,0,0.0,False,,,,,,,,
valkey-io/valkey,8b249678f86b8934,0.0,11,2,0.0,True,0.0,0.0,0.0,0.0,0.0,0.0,0.0,0.0
valkey-io/valkey,a15ab9c2644ba75b,0.1289144050104384,5,0,0.0,False,,,,,,,,
valkey-io/valkey,cdca649cac9a4d79,0.08411214953271028,2,0,0.0,False,,,,,,,,
verl-project/verl,32c349a79c6c302a,0.12601626016260162,7,0,0.0,False,,,,,,,,
verl-project/verl,01c1546ef61fe7a9,0.16216216216216217,1,0,0.0,False,,,,,,,,
verl-project/verl,54e27d4ccf89d91e,0.167192429022082,1,0,0.0,False,,,,,,,,
verl-project/verl,b5dc17748ad112a5,0.01818181818181818,1,0,0.0,False,,,,,,,,
verl-project/verl,91ff515561b912d9,0.057692307692307696,0,0,0.0,False,,,,,,,,
verl-project/verl,fb8b84592af79a0d,0.3054187192118227,1,1,0.0,True,0.5,0.0,0.5,0.0,0.5,0.0,0.5205354372149502,0.0
verl-project/verl,c597d8eeb617b302,0.052823315118397086,7,1,0.0,True,1.0,1.0,1.0,1.0,1.0,1.0,1.0,1.0
verl-project/verl,a5de3e5871ffcc38,0.13333333333333333,0,0,0.0,False,,,,,,,,
verl-project/verl,afd9b16e2ba798cc,0.28921568627450983,10,0,0.0,False,,,,,,,,
verl-project/verl,46e709121f93d56a,0.3973684210526316,2,1,0.0,True,0.6309297535714575,0.0,0.6309297535714575,0.0,0.5,0.0,0.0,0.0
verl-project/verl,f03376741386ed28,0.19254658385093168,0,0,0.0,False,,,,,,,,
verl-project/verl,ff8735cc6d7dd815,0.07692307692307693,0,0,0.0,False,,,,,,,,
verl-project/verl,eb8449358e093514,0.016666666666666666,0,0,0.0,False,,,,,,,,
verl-project/verl,b3d7855ca3d4ca1e,0.1830065359477124,3,0,0.0,False,,,,,,,,
verl-project/verl,16d3f2b5bd689b37,0.07819905213270142,2,0,0.0,False,,,,,,,,
verl-project/verl,07c65794985259af,0.21445497630331753,9,3,1.0,True,0.20210734650054757,0.0,0.20210734650054757,0.0,0.20210734650054757,0.0,0.0,0.0
verl-project/verl,d2c5bf83e8ddab79,0.39669421487603307,3,0,0.0,False,,,,,,,,
verl-project/verl,97547d0add24c845,0.10256410256410256,2,0,0.0,False,,,,,,,,
verl-project/verl,08d6d3506f31a087,0.013888888888888888,1,0,0.0,False,,,,,,,,
verl-project/verl,59ae9689be848189,0.1349206349206349,2,0,0.0,False,,,,,,,,
verl-project/verl,bd3282ec14566c9b,0.06666666666666667,6,2,0.0,True,0.0,0.0,0.0,0.0,0.0,0.0,0.0,0.0
verl-project/verl,a061c46c0c2fd942,0.012345679012345678,3,0,0.0,False,,,,,,,,
verl-project/verl,15e27c99d1ae70f1,0.10060975609756098,3,0,0.0,False,,,,,,,,
verl-project/verl,409cb95d67838319,0.0,3,1,0.0,True,1.0,1.0,1.0,1.0,1.0,1.0,1.0,1.0
verl-project/verl,4fc61e5056b2ed58,0.37410071942446044,2,1,0.0,True,0.0,0.0,0.0,0.0,0.0,0.0,0.0,0.0
vim/vim,ddb623c7d8d649ef,0.0006478781988986071,27,20,0.0,True,0.164779343511937,0.0,0.164779343511937,0.0,0.20266709047446674,0.0,0.164779343511937,0.0
vim/vim,f4ef62406769e02b,0.0018832391713747645,30,24,0.0,True,0.5065317747038358,0.0,0.5065317747038358,0.0,0.5065317747038358,0.0,0.5065317747038358,0.0
vim/vim,340ac6bc5c3f06af,0.023692003948667325,14,8,0.0,True,0.0,0.0,0.2420557233831369,0.0,0.2694764620007301,0.0,0.2420557233831369,0.0
vim/vim,04bdb3e603079bce,0.0,0,0,0.0,False,,,,,,,,
vim/vim,2beee4147fc290ab,0.15047619047619049,2,1,0.0,True,0.6309297535714575,0.0,0.0,0.0,0.0,0.0,0.6309297535714575,0.0
vim/vim,8cb1e0bcf7fdc663,0.001813236627379873,24,10,0.0,True,0.20290041378171972,0.0,0.20290041378171972,0.0,0.1747689036783566,0.0,0.20290041378171972,0.0
vim/vim,c93b0ae96e705d43,0.0017006802721088435,3,0,0.0,False,,,,,,,,
vim/vim,bdbc2955a3e93588,0.0014074595355383533,10,0,0.0,False,,,,,,,,
vim/vim,336fe0683677213d,0.0039915473115754874,10,7,0.0,True,0.35098520806348704,0.0,0.35098520806348704,0.0,0.35098520806348704,0.0,0.35098520806348704,0.0
vim/vim,02f14cec58c0040e,0.0028708133971291866,4,1,0.0,True,0.6309297535714575,0.0,0.6309297535714575,0.0,0.6309297535714575,0.0,0.6309297535714575,0.0
vim/vim,350d2274a72ac84c,0.004323245759893582,6,1,0.0,True,0.0,0.0,0.0,0.0,0.38685280723454163,0.0,0.0,0.0
vim/vim,d5920a54fc6fff9b,0.0,16,6,0.0,True,0.0,0.0,0.0,0.0,0.0,0.0,0.0,0.0
vim/vim,cd16a44020ec2a52,0.10534716679968077,7,1,0.0,True,0.0,0.0,0.0,0.0,0.0,0.0,0.0,0.0
vim/vim,d8a7b8c4e1c9f1a2,0.002336448598130841,2,0,0.0,False,,,,,,,,
vim/vim,7d80d5c7ed23fc27,0.0031545741324921135,1,0,0.0,False,,,,,,,,
vim/vim,652732b65cd75921,0.0008831321754489255,12,5,0.0,True,0.5223762172898034,0.0,0.4322382553688798,0.0,0.4322382553688798,0.0,0.23463936301137822,0.0
vim/vim,40e056371fe28c3c,0.10204081632653061,5,3,0.0,True,0.6199062332840657,0.0,0.6199062332840657,0.0,0.6199062332840657,0.0,0.6199062332840657,0.0
vim/vim,4ec0c852d2522fd6,0.004794520547945206,0,0,0.0,False,,,,,,,,
vim/vim,90d7ac1f7cc2e0d9,0.0005431830526887561,9,1,0.0,True,0.0,0.0,0.0,0.0,0.0,0.0,0.0,0.0
vim/vim,4516b9bd86fff36e,0.00022768670309653916,21,18,0.0,True,0.2459950595964215,0.0,0.2459950595964215,0.0,0.2459950595964215,0.0,0.2459950595964215,0.0
vim/vim,e839d5afaa153b26,0.0036663611365719525,10,3,0.0,True,0.0,0.0,0.0,0.0,0.0,0.0,0.0,0.0
vim/vim,11f7e0c255504c5e,0.000412796697626419,77,33,0.0,True,0.28164495163257325,0.0,0.43433216747429176,0.0,0.43433216747429176,0.0,0.28164495163257325,0.0
vim/vim,0bb17c28203dd014,0.000711490572749911,1,0,0.0,False,,,,,,,,
vim/vim,a6dcb0608cf96888,0.07397353240583644,8,4,0.0,True,0.38685280723454163,0.0,0.0,0.0,0.0,0.0,0.38685280723454163,0.0
vim/vim,4d23e811c234b1ba,0.0002557544757033248,3,0,0.0,False,,,,,,,,
vitejs/vite,f2bad1f1ef27e0d2,0.01904761904761905,16,14,0.0,True,0.3532557309754349,0.0,0.3532557309754349,0.0,0.3532557309754349,0.0,0.3532557309754349,0.0
vitejs/vite,69c6b5c1cf1c3715,0.1,0,0,0.0,False,,,,,,,,
vitejs/vite,aa53520bfd53e6c2,0.019867549668874173,96,56,0.0,True,0.9170587535836022,1.0,0.9170587535836022,1.0,0.9170587535836022,1.0,0.9170587535836022,1.0
vitejs/vite,f7c1296afcd0f9bd,0.14285714285714285,0,0,0.0,False,,,,,,,,
vitejs/vite,76f0b11942dcf5f9,0.06451612903225806,1,1,0.0,True,0.38685280723454163,0.0,0.38685280723454163,0.0,0.38685280723454163,0.0,0.43067655807339306,0.0
vitejs/vite,5dbd8fa6f9710bde,0.3235294117647059,7,0,1.0,False,,,,,,,,
vitejs/vite,6f5b07ad608d93a8,0.02127659574468085,2,0,0.0,False,,,,,,,,
vitejs/vite,b350d5b1ae72be9b,0.01818181818181818,1,1,0.0,True,0.5,0.0,0.5,0.0,0.43067655807339306,0.0,0.5,0.0
vitejs/vite,2b2fcccf2fb18411,0.0,0,0,0.0,False,,,,,,,,
vitejs/vite,84ac590eb680dc47,0.06666666666666667,16,16,0.0,True,0.26350587306158696,0.0,0.26350587306158696,0.0,0.26350587306158696,0.0,0.3293823413269837,0.0
vitejs/vite,b4feafe944af71fb,0.018691588785046728,3,1,0.0,True,0.43067655807339306,0.0,0.43067655807339306,0.0,0.43067655807339306,0.0,0.43067655807339306,0.0
vitejs/vite,52405ba457a7c957,0.14285714285714285,1,1,0.0,True,1.0,1.0,1.0,1.0,1.0,1.0,1.0,1.0
vitejs/vite,570976a4c3d0cc2a,0.07692307692307693,0,0,0.0,False,,,,,,,,
vitejs/vite,e9aaa88fe7e73b53,0.046153846153846156,1,1,0.0,True,0.6309297535714575,0.0,0.5,0.0,0.5,0.0,0.6309297535714575,0.0
vitejs/vite,e4a00066223b65cc,0.045454545454545456,7,3,0.0,True,0.43067655807339306,0.0,0.43067655807339306,0.0,0.43067655807339306,0.0,0.5,0.0
vitejs/vite,7427ffc4c9748642,0.0,1,0,0.0,False,,,,,,,,
vitejs/vite,d41df705e208c4e8,0.012658227848101266,1,0,0.0,False,,,,,,,,
vitejs/vite,e8c1cecb28eb31fe,0.3,0,0,1.0,False,,,,,,,,
vitejs/vite,27a602e887919d67,0.16,0,0,0.0,False,,,,,,,,
vitejs/vite,4a49b457ff0fce41,0.03783783783783784,15,8,1.0,True,1.0,1.0,1.0,1.0,0.6309297535714575,0.0,0.6309297535714575,0.0
vitejs/vite,f1c970279cf5e5b8,0.058823529411764705,7,3,0.0,True,0.43067655807339306,0.0,0.43067655807339306,0.0,0.43067655807339306,0.0,0.5,0.0
vitejs/vite,2ff9d6929734c74a,0.1111111111111111,1,0,0.0,False,,,,,,,,
vitejs/vite,b9698170b979a26e,0.1111111111111111,0,0,0.0,False,,,,,,,,
vitejs/vite,28653841c52ec4d2,0.041176470588235294,7,5,0.0,True,0.0,0.0,0.0,0.0,0.0,0.0,0.0,0.0
vitejs/vite,3e01555a80473b3b,0.05405405405405406,0,0,0.0,False,,,,,,,,
vosen/ZLUDA,93ea4cba66cec549,0.0625,2,1,0.0,True,1.0,1.0,1.0,1.0,1.0,1.0,1.0,1.0
vosen/ZLUDA,e107e7d448341f82,1.0,0,0,0.0,False,,,,,,,,
vosen/ZLUDA,48a5291125cbae82,1.0,1,0,1.0,False,,,,,,,,
vosen/ZLUDA,8c765322402bb338,0.01015228426395939,1,1,0.0,True,1.0,1.0,1.0,1.0,0.6309297535714575,0.0,1.0,1.0
vosen/ZLUDA,5f1fc9d3a30b2e0e,1.0,0,0,0.0,False,,,,,,,,
vosen/ZLUDA,4f2f8ec5d6ad004b,0.8812344139650873,37,35,1.0,True,0.8449296070545522,0.0,1.0,1.0,1.0,1.0,1.0,1.0
vosen/ZLUDA,5aeea6cf15dade0c,0.0,1,1,0.0,True,0.5,0.0,0.5,0.0,0.5,0.0,0.5,0.0
vosen/ZLUDA,e05c511064a0511b,0.29545454545454547,2,2,0.0,True,1.0,1.0,1.0,1.0,1.0,1.0,1.0,1.0
vosen/ZLUDA,33ad6ea376fb98b7,0.7594501718213058,31,30,1.0,True,0.9134015924715545,0.0,1.0,1.0,1.0,1.0,1.0,1.0
vosen/ZLUDA,dcadbbcd0813db7e,0.6328502415458938,2,2,1.0,True,1.0,1.0,0.9197207891481876,1.0,0.9197207891481876,1.0,0.9197207891481876,1.0
vosen/ZLUDA,6b97b4d5bac4a088,0.27218934911242604,15,12,0.0,True,1.0,1.0,0.9767481110045078,1.0,0.9767481110045078,1.0,0.9767481110045078,1.0
vosen/ZLUDA,0934c6b2aaaea06c,0.041935483870967745,1,1,0.0,True,0.6309297535714575,0.0,0.6309297535714575,0.0,1.0,1.0,0.6309297535714575,0.0
vosen/ZLUDA,a5cd637371d88ae5,0.9701810436634718,2,2,1.0,True,0.6309297535714575,0.0,1.0,1.0,1.0,1.0,1.0,1.0
vosen/ZLUDA,f7e387dc0f5ae532,0.022058823529411766,5,5,0.0,True,1.0,1.0,1.0,1.0,1.0,1.0,1.0,1.0
vosen/ZLUDA,d4de5cb1f07ffd2a,0.7894421115776845,5,3,1.0,True,0.6309297535714575,0.0,1.0,1.0,1.0,1.0,1.0,1.0
vosen/ZLUDA,90ebde2ffd6bf722,0.004201680672268907,4,4,0.0,True,1.0,1.0,1.0,1.0,1.0,1.0,1.0,1.0
vosen/ZLUDA,e8a7a7bd360d78e9,0.8163934426229508,25,25,1.0,True,0.9134015924715545,0.0,1.0000000000000002,1.0,1.0000000000000002,1.0,1.0000000000000002,1.0
vosen/ZLUDA,564c4567f543a309,0.9745283018867924,2,2,1.0,True,0.6309297535714575,0.0,1.0,1.0,1.0,1.0,1.0,1.0
vosen/ZLUDA,e2c26fca39714042,0.225,3,3,0.0,True,1.0,1.0,1.0,1.0,1.0,1.0,1.0,1.0
vosen/ZLUDA,adc3754a262f6847,0.005376344086021506,2,2,0.0,True,1.0,1.0,1.0,1.0,1.0,1.0,1.0,1.0
vosen/ZLUDA,6e106f9b7e16a31e,0.25,1,1,0.0,True,0.6309297535714575,0.0,0.6309297535714575,0.0,0.6309297535714575,0.0,0.6309297535714575,0.0
vosen/ZLUDA,6098a964878fe6bd,0.00023348120476301658,32,31,0.0,True,1.0000000000000002,1.0,1.0000000000000002,1.0,1.0000000000000002,1.0,1.0000000000000002,1.0
vosen/ZLUDA,ebf50701fef6f49e,1.0,0,0,0.0,False,,,,,,,,
vosen/ZLUDA,15cdcb291297acd8,0.8881516587677725,9,9,1.0,True,0.8597186998521972,0.0,1.0,1.0,1.0,1.0,1.0,1.0
vosen/ZLUDA,252ec0f210d7ff5c,0.009009009009009009,10,9,0.0,True,0.7006705188475488,0.0,0.7006705188475488,0.0,0.7006705188475488,0.0,0.7006705188475488,0.0
vuejs/core,28ccce6931cf4b43,0.07142857142857142,4,2,0.0,True,0.5,0.0,0.5,0.0,0.5,0.0,0.6309297535714575,0.0
vuejs/core,01a4bb48fa046331,0.1111111111111111,0,0,0.0,False,,,,,,,,
vuejs/core,c26937c4980f211d,0.06993006993006994,1,0,0.0,False,,,,,,,,
vuejs/core,def41712f6533a31,0.07010309278350516,1,0,0.0,False,,,,,,,,
vuejs/core,941beb1407cae619,0.14084507042253522,2,0,0.0,False,,,,,,,,
vuejs/core,25c9c0c818b1eabe,0.13636363636363635,0,0,0.0,False,,,,,,,,
vuejs/core,95f4e5cf8305f906,0.07547169811320754,0,0,0.0,False,,,,,,,,
vuejs/core,87e1eaad4cfc5391,0.08771929824561403,3,0,0.0,False,,,,,,,,
vuejs/core,48b36cce2a4c251d,0.08187134502923976,0,0,0.0,False,,,,,,,,
vuejs/core,e2b4da57e10195d6,0.11458333333333333,0,0,0.0,False,,,,,,,,
vuejs/core,a88d2577e77f9c19,0.08,0,0,0.0,False,,,,,,,,
vuejs/core,ba40faaceed45298,0.11235955056179775,0,0,0.0,False,,,,,,,,
vuejs/core,e21a6f1540a067cf,0.06103286384976526,0,0,0.0,False,,,,,,,,
vuejs/core,80f75d0da0427367,0.058823529411764705,0,0,0.0,False,,,,,,,,
vuejs/core,04bf522016a27e4c,0.11522633744855967,1,0,0.0,False,,,,,,,,
vuejs/core,bd05499300ce2696,0.14285714285714285,1,0,0.0,False,,,,,,,,
vuejs/core,85490f78b6c63554,0.07971014492753623,2,0,0.0,False,,,,,,,,
vuejs/core,7e0f5fce64b3385a,0.025,0,0,0.0,False,,,,,,,,
vuejs/core,3281b90d7e458923,0.012345679012345678,0,0,0.0,False,,,,,,,,
vuejs/core,d41b8d2a32ccb34b,0.07142857142857142,0,0,0.0,False,,,,,,,,
vuejs/core,f73d4402faacee5f,0.05154639175257732,5,0,0.0,False,,,,,,,,
vuejs/core,5f878b4d1870f9b1,0.04918032786885246,1,0,0.0,False,,,,,,,,
vuejs/core,309d4ad480f3e117,0.10509554140127389,4,0,0.0,False,,,,,,,,
vuejs/core,07826ed1d9f7699d,0.07142857142857142,0,0,0.0,False,,,,,,,,
vuejs/core,bb7c644a14087f16,0.03125,0,0,0.0,False,,,,,,,,
vuejs/vue,db9b03c6b1ac0e1d,0.1590909090909091,0,0,0.0,False,,,,,,,,
vuejs/vue,3a1c89f971f0a1e0,0.0,0,0,0.0,False,,,,,,,,
vuejs/vue,2e26135213b820cf,0.08579881656804733,1,1,0.0,True,1.0,1.0,1.0,1.0,1.0,1.0,1.0,1.0
vuejs/vue,b0e9f46351eed7f9,0.09401709401709402,0,0,0.0,False,,,,,,,,
vuejs/vue,e8dc6446a367081c,0.125,0,0,0.0,False,,,,,,,,
vuejs/vue,1465f6a4e5c26e38,0.16260162601626016,0,0,0.0,False,,,,,,,,
vuejs/vue,657862c2f8122770,0.13138686131386862,0,0,0.0,False,,,,,,,,
vuejs/vue,88a3622f88d396ac,0.016129032258064516,0,0,0.0,False,,,,,,,,
vuejs/vue,889ee28d85e3b6e1,0.2660098522167488,0,0,0.0,False,,,,,,,,
vuejs/vue,9d57604bce017b1f,0.0,0,0,0.0,False,,,,,,,,
vuejs/vue,5ea6e445610fbd4e,0.375,0,0,0.0,False,,,,,,,,
vuejs/vue,a54d80b7b6ec3080,0.14084507042253522,0,0,0.0,False,,,,,,,,
vuejs/vue,9bd206d431af23e1,0.17307692307692307,0,0,1.0,False,,,,,,,,
vuejs/vue,06189797e03206d9,0.17391304347826086,0,0,0.0,False,,,,,,,,
vuejs/vue,ad3b5f70773a930e,0.19230769230769232,0,0,0.0,False,,,,,,,,
vuejs/vue,04b87f1b3154faca,0.1466275659824047,0,0,0.0,False,,,,,,,,
vuejs/vue,98daf764d209a57c,0.08771929824561403,0,0,0.0,False,,,,,,,,
vuejs/vue,2cb5a0f05da95a28,0.2,0,0,0.0,False,,,,,,,,
vuejs/vue,95588cc9c65e4520,0.09154929577464789,0,0,0.0,False,,,,,,,,
vuejs/vue,8d9ebca802ecfbc3,0.2862453531598513,0,0,1.0,False,,,,,,,,
vuejs/vue,98e2665068bde69d,0.1346153846153846,0,0,0.0,False,,,,,,,,
vuejs/vue,9b1b49a8e1351c71,0.05025125628140704,0,0,0.0,False,,,,,,,,
vuejs/vue,0b468a9ad70868c6,0.18940609951845908,0,0,0.0,False,,,,,,,,
vuejs/vue,041c08ae45759d77,0.05333333333333334,0,0,0.0,False,,,,,,,,
vuejs/vue,5a624e635de59123,0.11315789473684211,0,0,0.0,False,,,,,,,,
wagtail/wagtail,2dc885830e703d17,0.028985507246376812,7,1,0.0,True,0.0,0.0,0.0644754678724236,0.0,0.0,0.0,0.0,0.0
wagtail/wagtail,03f7724ed6fc1c05,0.14754098360655737,0,0,0.0,False,,,,,,,,
wagtail/wagtail,d41d2cfdd477f0b6,0.0,2,2,0.0,True,0.6309297535714575,0.0,0.6309297535714575,0.0,0.6309297535714575,0.0,0.6309297535714575,0.0
wagtail/wagtail,d2b660c5c883f6dc,0.2422062350119904,2,0,1.0,False,,,,,,,,
wagtail/wagtail,d6b9babeaf5d43a7,0.0,0,0,0.0,False,,,,,,,,
wagtail/wagtail,9c1756f833ab3d85,0.17915904936014626,3,0,0.0,False,,,,,,,,
wagtail/wagtail,cdd2a03c935e02bc,0.039886039886039885,3,0,0.0,False,,,,,,,,
wagtail/wagtail,41d8d5611581ebca,0.24561403508771928,0,0,0.0,False,,,,,,,,
wagtail/wagtail,9d93622cd5966c6e,0.2712215320910973,3,3,1.0,True,0.0,0.0,0.0,0.0,0.0,0.0,0.0,0.0
wagtail/wagtail,1b4cafb4966714c0,0.16,0,0,0.0,False,,,,,,,,
wagtail/wagtail,bab8c19f35f494ab,0.08878504672897196,1,1,0.0,True,0.0,0.0,0.0,0.0,0.0,0.0,0.0,0.0
wagtail/wagtail,9069e1a29efdba2f,0.35625,1,0,1.0,False,,,,,,,,
wagtail/wagtail,1044caae0d6e7ac6,0.04,0,0,0.0,False,,,,,,,,
wagtail/wagtail,f732d1eb05c4dc49,0.034482758620689655,1,1,1.0,True,0.5,0.0,0.5,0.0,0.5,0.0,0.5,0.0
wagtail/wagtail,5270c72db18f4848,0.25,0,0,0.0,False,,,,,,,,
wagtail/wagtail,683a04407b21bfc8,0.4968553459119497,0,0,1.0,False,,,,,,,,
wagtail/wagtail,d7c6a512b53d2594,0.09446254071661238,1,0,0.0,False,,,,,,,,
wagtail/wagtail,2bbc1a0c8b16d84c,0.029411764705882353,7,0,0.0,False,,,,,,,,
wagtail/wagtail,e5e909755293ea11,0.0,0,0,0.0,False,,,,,,,,
wagtail/wagtail,4c9ce03bcc0f800b,0.36363636363636365,0,0,0.0,False,,,,,,,,
wagtail/wagtail,1bfa0d07a927fba2,0.3278008298755187,1,0,0.0,False,,,,,,,,
wagtail/wagtail,1c60cb571f52e6a6,0.1554054054054054,4,2,0.0,True,0.40876468265396737,0.0,0.40876468265396737,0.0,0.38685280723454163,0.0,0.40876468265396737,0.0
wagtail/wagtail,a9bff72ed0b6e694,0.4528301886792453,2,2,0.0,True,0.0,0.0,0.0,0.0,0.0,0.0,0.0,0.0
wagtail/wagtail,c4a07db3999ef470,0.08196721311475409,0,0,0.0,False,,,,,,,,
wagtail/wagtail,2e7b8629248f67c6,0.22141119221411193,1,0,0.0,False,,,,,,,,
wandb/wandb,72c0d74c9e2f496e,0.002531645569620253,5,4,0.0,True,0.27541155237618664,0.0,0.27541155237618664,0.0,0.27541155237618664,0.0,0.27541155237618664,0.0
wandb/wandb,3f66c8acad7e9cc3,0.13380281690140844,3,2,1.0,True,0.0,0.0,0.0,0.0,0.0,0.0,0.0,0.0
wandb/wandb,d3d050c9a74197cc,0.007622273978403557,70,63,0.0,True,0.3063116233372012,0.0,0.3063116233372012,0.0,0.3063116233372012,0.0,0.3063116233372012,0.0
wandb/wandb,071312d3877670a3,0.04953560371517028,3,0,0.0,False,,,,,,,,
wandb/wandb,6cb45ab5bc8f3608,0.022727272727272728,1,0,0.0,False,,,,,,,,
wandb/wandb,9a9e11a7efe515a3,0.0,1,1,0.0,True,1.0,1.0,1.0,1.0,1.0,1.0,1.0,1.0
wandb/wandb,5a9fd042486bb8df,0.0223463687150838,3,1,0.0,True,0.1289509357448472,0.0,0.19342640361727081,0.0,0.19342640361727081,0.0,0.0,0.0
wandb/wandb,9daa0fce20c92540,0.07450980392156863,25,24,0.0,True,0.5783988511722313,0.0,0.5783988511722313,0.0,0.5783988511722313,0.0,0.5783988511722313,0.0
wandb/wandb,413280492b908631,0.015873015873015872,0,0,0.0,False,,,,,,,,
wandb/wandb,775667ab9d0a0e88,0.006445672191528545,6,4,0.0,True,0.41311732856427996,0.0,0.41311732856427996,0.0,0.41311732856427996,0.0,0.3558398982930782,0.0
wandb/wandb,2eb6cb7a0a6d9737,0.0,2,0,0.0,False,,,,,,,,
wandb/wandb,894e6e08408ec069,0.013559322033898305,3,3,0.0,True,0.0,0.0,0.0,0.0,0.0,0.0,0.0,0.0
wandb/wandb,d093c0b2bbd2120d,0.03838383838383838,8,6,0.0,True,0.5087125996079576,0.0,0.5087125996079576,0.0,0.3424985031845269,0.0,0.453721580500796,0.0
wandb/wandb,12ee5266ff065f42,0.010940919037199124,3,1,0.0,True,0.38685280723454163,0.0,0.38685280723454163,0.0,0.38685280723454163,0.0,0.38685280723454163,0.0
wandb/wandb,78a8a19706dbd2a4,0.018433179723502304,55,46,0.0,True,0.6073051353442153,0.0,0.548143701536705,0.0,0.548143701536705,0.0,0.548143701536705,0.0
wandb/wandb,d67f961834769672,0.04477611940298507,3,1,0.0,True,0.0,0.0,0.0,0.0,0.0,0.0,0.0,0.0
wandb/wandb,dd72b4531ab55a77,0.04529616724738676,3,2,0.0,True,0.0,0.0,0.0,0.0,0.0,0.0,0.0,0.0
wandb/wandb,0f9d9c4e61e5b266,0.008746355685131196,8,5,0.0,True,0.5449702648457346,0.0,0.5449702648457346,0.0,0.5449702648457346,0.0,0.43187871689428314,0.0
wandb/wandb,e52e4ddd58b7ef88,0.0,22,22,0.0,True,0.8889102381786095,1.0,0.8889102381786095,1.0,0.8925113729183934,1.0,0.8889102381786095,1.0
wandb/wandb,0786334403ed9c20,0.20454545454545456,1,0,0.0,False,,,,,,,,
wandb/wandb,ba2b9dff0762c1dd,0.016666666666666666,6,4,0.0,True,0.5,0.0,0.5,0.0,0.43067655807339306,0.0,0.5,0.0
wandb/wandb,02fbe8fd88483d2c,0.06143344709897611,3,2,0.0,True,0.6509209298071326,0.0,0.6509209298071326,0.0,0.6509209298071326,0.0,0.6509209298071326,0.0
wandb/wandb,e2f541137b2be33e,0.04285714285714286,1,1,0.0,True,0.46533827903669656,0.0,0.46533827903669656,0.0,0.46533827903669656,0.0,0.43067655807339306,0.0
wandb/wandb,12ecbd14bfbb1db2,0.03278688524590164,5,3,0.0,True,0.38009376671593426,0.0,0.38009376671593426,0.0,0.3537443585523369,0.0,0.38009376671593426,0.0
wandb/wandb,266727d9e31ef4ab,0.02,4,2,0.0,True,0.38685280723454163,0.0,0.38685280723454163,0.0,0.38685280723454163,0.0,0.0,0.0
web-infra-dev/rspack,d3f94114cda1156f,0.001786511835640911,4,4,0.0,True,0.5855700749881525,1.0,0.6111262568604922,1.0,0.6366824387328317,1.0,0.5855700749881525,1.0
web-infra-dev/rspack,1f5053e8e2768e65,0.004473503097040606,87,82,0.0,True,0.5419719233259368,0.0,0.5341389042187278,0.0,0.5341389042187278,0.0,0.5419719233259368,0.0
web-infra-dev/rspack,c13a2e435f76707e,0.0,2,0,0.0,False,,,,,,,,
web-infra-dev/rspack,26ce71468538ae66,0.0011074197120708748,6,5,0.0,True,0.47149703786152036,0.0,0.3733885769453798,0.0,0.39668756020386675,0.0,0.47149703786152036,0.0
web-infra-dev/rspack,1e932f6c20be2fe4,0.010526315789473684,3,3,0.0,True,0.856131533257298,1.0,0.856131533257298,1.0,0.5307212739772434,0.0,0.9571852065075719,1.0
web-infra-dev/rspack,4ee12d4389cfb90e,0.0,8,3,0.0,True,1.0,1.0,1.0,1.0,1.0,1.0,1.0,1.0
web-infra-dev/rspack,21f441ffeff21046,0.002840909090909091,7,3,0.0,True,0.7601875334318685,1.0,0.7601875334318685,1.0,0.4796249331362629,0.0,0.7601875334318685,1.0
web-infra-dev/rspack,666ef0c0582303ce,0.007407407407407408,7,3,0.0,True,0.6876520807787193,1.0,0.6876520807787193,1.0,0.6713860725233041,1.0,0.6876520807787193,1.0
web-infra-dev/rspack,75d001733998d80e,0.0,15,5,0.0,True,0.6054350704257709,0.0,0.6054350704257709,0.0,0.6054350704257709,0.0,0.6054350704257709,0.0
web-infra-dev/rspack,0d64b75f0221f54e,0.002577319587628866,51,38,0.0,True,0.32046756427213036,0.0,0.32046756427213036,0.0,0.32046756427213036,0.0,0.32046756427213036,0.0
web-infra-dev/rspack,ba05d6e700715728,0.0,51,43,0.0,True,0.6487421498207179,0.0,0.6487421498207179,0.0,0.593610115726816,0.0,0.6487421498207179,0.0
web-infra-dev/rspack,ced80a62fecc529b,0.0,1,1,0.0,True,0.6309297535714575,0.0,0.6309297535714575,0.0,0.6309297535714575,0.0,0.6309297535714575,0.0
web-infra-dev/rspack,16cc37556a894ad4,0.0028530670470756064,23,17,0.0,True,0.7842763063995581,0.0,0.8228266540519764,0.0,0.7457259587471399,0.0,0.7457259587471399,0.0
web-infra-dev/rspack,2e9d962a08321605,0.00205761316872428,258,222,0.0,True,0.5139056231381355,0.0,0.4044880035550828,0.0,0.6201665928738638,0.0,0.5139056231381355,0.0
web-infra-dev/rspack,1e29ce8ab6ee7abb,0.0,6,5,0.0,True,0.5296005515185647,0.0,0.5296005515185647,0.0,0.5296005515185647,0.0,0.5296005515185647,0.0
web-infra-dev/rspack,8670d9cc875d0889,0.002288329519450801,13,11,0.0,True,0.23515245217818756,0.0,0.23515245217818756,0.0,0.23515245217818756,0.0,0.23515245217818756,0.0
web-infra-dev/rspack,53219490380f9d42,0.002770083102493075,8,7,0.0,True,0.2755255890579538,0.0,0.0829414668794317,0.0,0.0829414668794317,0.0,0.2755255890579538,0.0
web-infra-dev/rspack,6f5d1fd81f8e4189,0.012779552715654952,9,2,0.0,True,1.0,1.0,1.0,1.0,1.0,1.0,1.0,1.0
web-infra-dev/rspack,a08e45dea9402b61,0.007518796992481203,19,13,0.0,True,0.8241700502780823,0.0,0.8241700502780823,0.0,0.8241700502780823,0.0,0.8241700502780823,0.0
web-infra-dev/rspack,b78b92e695f35db2,0.007936507936507936,16,4,0.0,True,0.44863202901255467,0.0,0.4277229438722532,0.0,0.32507358545652854,0.0,0.44863202901255467,0.0
web-infra-dev/rspack,a56822bd4be1ed20,0.005988023952095809,8,6,0.0,True,0.8400079830158563,1.0,0.49588886707066726,0.0,0.49588886707066726,0.0,0.8400079830158563,1.0
web-infra-dev/rspack,10226bd7f1d5b64d,0.047619047619047616,0,0,1.0,False,,,,,,,,
web-infra-dev/rspack,18c60b97bd338458,0.0017699115044247787,23,14,0.0,True,0.18105799576149073,0.0,0.17656249789110176,0.0,0.16188772266409793,0.0,0.18105799576149073,0.0
web-infra-dev/rspack,3341177cf73f27cd,0.0,10,3,0.0,True,0.5174418337467067,0.0,0.6433224083306327,0.0,0.6433224083306327,0.0,0.5174418337467067,0.0
web-infra-dev/rspack,f12415bf360e919c,0.0008223684210526315,48,45,0.0,True,0.22192010744482316,0.0,0.22192010744482316,0.0,0.19649795936295394,0.0,0.22192010744482316,0.0
withastro/astro,10ca39cc15ae720b,0.014084507042253521,4,2,0.0,True,0.1289509357448472,0.0,0.0,0.0,0.0,0.0,0.1289509357448472,0.0
withastro/astro,0649ed25cc58f368,0.044642857142857144,2,0,0.0,False,,,,,,,,
withastro/astro,07e9597e4b77073c,0.0,1,0,0.0,False,,,,,,,,
withastro/astro,04e44d3cde1db4d5,0.007106598984771574,28,9,0.0,True,0.5376932973453407,1.0,0.5376932973453407,1.0,0.5376932973453407,1.0,0.6070293511817547,1.0
withastro/astro,dedfa49b2bb946a9,0.01048951048951049,2,0,0.0,False,,,,,,,,
withastro/astro,b2d5bdd6911a67a4,0.6666666666666666,1,0,1.0,False,,,,,,,,
withastro/astro,5cdb5c9ed1105cc3,0.0,3,0,0.0,False,,,,,,,,
withastro/astro,b3af0baa49fe223b,0.0,0,0,0.0,False,,,,,,,,
withastro/astro,ba52cb0f30f0e533,0.09523809523809523,5,1,0.0,True,0.46533827903669656,0.0,0.46533827903669656,0.0,0.46533827903669656,0.0,0.46533827903669656,0.0
withastro/astro,b58329e9d8fcde39,0.027777777777777776,6,0,0.0,False,,,,,,,,
withastro/astro,3ec712aba256fd07,0.5454545454545454,0,0,1.0,False,,,,,,,,
withastro/astro,6f1a5db26f5ed6e5,0.02040816326530612,0,0,0.0,False,,,,,,,,
withastro/astro,3974ff1a07864eae,0.018691588785046728,4,0,0.0,False,,,,,,,,
withastro/astro,2723cd8558108214,0.03278688524590164,2,0,0.0,False,,,,,,,,
withastro/astro,649900cd84eb428e,0.005154639175257732,1,0,0.0,False,,,,,,,,
withastro/astro,db79b5bde475851e,0.0,1,0,0.0,False,,,,,,,,
withastro/astro,fd61ab97626e4ecd,0.0,0,0,0.0,False,,,,,,,,
withastro/astro,d871d8733c589083,0.031413612565445025,2,0,0.0,False,,,,,,,,
withastro/astro,6e064c5b8fffac83,0.025,2,1,0.0,True,0.19342640361727081,0.0,0.19342640361727081,0.0,0.40876468265396737,0.0,0.19342640361727081,0.0
withastro/astro,f972aece6f7aaebf,0.018867924528301886,1,0,0.0,False,,,,,,,,
withastro/astro,2bf04fb895fb2519,0.028985507246376812,6,1,0.0,True,1.0,1.0,1.0,1.0,1.0,1.0,1.0,1.0
withastro/astro,d892335a727b50bd,0.01694915254237288,1,0,0.0,False,,,,,,,,
withastro/astro,d6396529200efd25,0.041666666666666664,1,0,0.0,False,,,,,,,,
withastro/astro,31e6f65a8527fa0c,0.009933774834437087,4,0,0.0,False,,,,,,,,
withastro/astro,c9ed1d418b8c761f,0.0,2,0,0.0,False,,,,,,,,
withastro/starlight,293232950b38496d,0.007594936708860759,1,1,0.0,True,0.1289509357448472,0.0,0.27250978843597823,0.0,0.27250978843597823,0.0,0.27250978843597823,0.0
withastro/starlight,cd6ed97f3086ddb7,0.19343065693430658,7,6,0.0,True,0.9197207891481876,1.0,1.0,1.0,1.0,1.0,1.0,1.0
withastro/starlight,f8c7ce44fd7e6567,0.04081632653061224,5,5,0.0,True,1.0,1.0,1.0,1.0,1.0,1.0,1.0,1.0
withastro/starlight,ee58eb4e8df4c09e,0.1875,2,2,0.0,True,0.46533827903669656,0.0,0.5654648767857288,0.0,0.5654648767857288,0.0,0.5654648767857288,0.0
withastro/starlight,a4ddedcdd72d2919,0.0,1,0,0.0,False,,,,,,,,
withastro/starlight,c95145a18001260b,0.08163265306122448,2,2,0.0,True,1.0,1.0,1.0,1.0,1.0,1.0,1.0,1.0
withastro/starlight,b27b5d7927ba9b7c,0.02127659574468085,0,0,0.0,False,,,,,,,,
withastro/starlight,b5701ab211d9be29,0.0,1,0,0.0,False,,,,,,,,
withastro/starlight,efab6a5fc99b8504,0.4205607476635514,2,1,1.0,True,0.6309297535714575,0.0,0.43067655807339306,0.0,0.5,0.0,0.6309297535714575,0.0
withastro/starlight,98a8a4ef1c460c17,0.03333333333333333,2,1,0.0,True,0.27250978843597823,0.0,0.40876468265396737,0.0,0.40876468265396737,0.0,0.40876468265396737,0.0
withastro/starlight,9c1058234fd8126f,0.08823529411764706,2,1,0.0,True,1.0,1.0,0.6309297535714575,0.0,0.6309297535714575,0.0,1.0,1.0
withastro/starlight,a48ecab110ae8c37,0.0,7,1,0.0,True,1.0,1.0,0.6309297535714575,0.0,0.6309297535714575,0.0,1.0,1.0
withastro/starlight,596fab03bd0326b4,0.0970464135021097,4,1,0.0,True,1.0,1.0,1.0,1.0,1.0,1.0,1.0,1.0
withastro/starlight,0bcd59acd2356a88,0.48717948717948717,2,2,1.0,True,0.6309297535714575,0.0,0.6309297535714575,0.0,0.6309297535714575,0.0,0.6309297535714575,0.0
withastro/starlight,e59eb387db6d776b,0.0,5,3,0.0,True,0.6309297535714575,0.0,0.6309297535714575,0.0,0.6309297535714575,0.0,0.6309297535714575,0.0
withastro/starlight,3cea567050916c34,0.05847953216374269,3,2,0.0,True,0.38685280723454163,0.0,0.5,0.0,0.5,0.0,0.43067655807339306,0.0
withastro/starlight,c2037955ec42b7cd,0.0,2,1,0.0,True,1.0,1.0,1.0,1.0,1.0,1.0,1.0,1.0
withastro/starlight,4c65fc770580b991,0.08801955990220049,6,2,0.0,True,1.0,1.0,1.0,1.0,1.0,1.0,1.0,1.0
withastro/starlight,72285cb7f6e2e9d2,0.046153846153846156,0,0,0.0,False,,,,,,,,
withastro/starlight,657bb12431a0ea76,0.050761421319796954,3,3,0.0,True,0.9238850086262381,1.0,1.0,1.0,1.0,1.0,0.9502344167898356,1.0
withastro/starlight,ded76a066c537050,0.5689655172413793,3,2,1.0,True,0.6934264036172708,0.0,1.0,1.0,1.0,1.0,1.0,1.0
withastro/starlight,cab79b9089707c78,0.0220125786163522,5,4,0.0,True,0.944847956559586,1.0,0.9819702166583266,1.0,1.0,1.0,0.9819702166583266,1.0
withastro/starlight,6d47891295052778,0.004228329809725159,2,2,0.0,True,0.6309297535714575,0.0,0.6309297535714575,0.0,0.6309297535714575,0.0,0.6309297535714575,0.0
withastro/starlight,ebd74cebc0603c20,0.3711340206185567,4,4,1.0,True,0.6590018048024133,0.0,0.7967075809905066,0.0,0.7967075809905066,0.0,0.7967075809905066,0.0
withastro/starlight,106c9656e7875d69,0.2,0,0,0.0,False,,,,,,,,
wkentaro/labelme,b803fcb7f17ed923,0.0,8,8,0.0,True,1.0,1.0,1.0,1.0,1.0,1.0,1.0,1.0
wkentaro/labelme,26f58ddfde125e70,0.25922592259225924,241,236,0.0,True,0.9967547560377041,1.0,0.9967547560377041,1.0,0.9967547560377041,1.0,0.9924951203281414,1.0
wkentaro/labelme,9f10744d6c7b85ba,0.18032786885245902,12,11,0.0,True,1.0,1.0,1.0,1.0,1.0,1.0,1.0,1.0
wkentaro/labelme,8d749bfdddb720a1,0.16129032258064516,18,18,0.0,True,0.6309297535714575,0.0,0.6309297535714575,0.0,0.6309297535714575,0.0,0.6309297535714575,0.0
wkentaro/labelme,61a1c715bb716ccf,0.0945945945945946,9,8,0.0,True,1.0,1.0,1.0,1.0,1.0,1.0,1.0,1.0
wkentaro/labelme,b084bdaec18bd8d3,0.07142857142857142,12,12,0.0,True,1.0,1.0,1.0,1.0,1.0,1.0,1.0,1.0
wkentaro/labelme,e847071bd8b9cd77,0.2653061224489796,1,1,0.0,True,1.0,1.0,1.0,1.0,1.0,1.0,1.0,1.0
wkentaro/labelme,7df5c051911e1926,0.17142857142857143,2,2,0.0,True,1.0,1.0,1.0,1.0,1.0,1.0,1.0,1.0
wkentaro/labelme,237981aa969a7375,0.1891891891891892,1,1,0.0,True,1.0,1.0,1.0,1.0,1.0,1.0,1.0,1.0
wkentaro/labelme,d404122be309aca8,0.25,1,1,0.0,True,1.0,1.0,1.0,1.0,1.0,1.0,1.0,1.0
wkentaro/labelme,0bc2cf8f5cdc9d93,0.11206896551724138,9,9,0.0,True,1.0,1.0,1.0,1.0,1.0,1.0,1.0,1.0
wkentaro/labelme,e2bebdcbc17551f8,0.14285714285714285,2,2,0.0,True,1.0,1.0,1.0,1.0,1.0,1.0,1.0,1.0
wkentaro/labelme,6181a41a7bc5782e,0.028368794326241134,14,14,0.0,True,1.0,1.0,1.0,1.0,1.0,1.0,1.0,1.0
wkentaro/labelme,d445826c6a9fb5de,0.20689655172413793,8,8,0.0,True,1.0,1.0,1.0,1.0,1.0,1.0,1.0,1.0
wkentaro/labelme,0f10ffa6d37d90de,0.13978494623655913,2,2,0.0,True,1.0,1.0,1.0,1.0,1.0,1.0,1.0,1.0
wkentaro/labelme,ee84a1fce4f0ce85,0.0,0,0,0.0,False,,,,,,,,
wkentaro/labelme,d3f5c5224bb4fc62,0.03076923076923077,3,3,0.0,True,1.0,1.0,1.0,1.0,1.0,1.0,1.0,1.0
wkentaro/labelme,c36f141476944274,0.08823529411764706,15,15,0.0,True,1.0,1.0,1.0,1.0,1.0,1.0,1.0,1.0
wkentaro/labelme,bc86e03be465d646,0.2692307692307692,15,15,0.0,True,0.8154648767857288,0.5,0.8154648767857288,0.5,0.8154648767857288,0.5,0.8154648767857288,0.5
wkentaro/labelme,4cb07fba5297db2c,0.0641025641025641,5,5,0.0,True,0.6309297535714575,0.0,0.6309297535714575,0.0,0.6309297535714575,0.0,0.6309297535714575,0.0
wkentaro/labelme,86022ef48b8ff2d4,0.14285714285714285,8,8,0.0,True,1.0,1.0,1.0,1.0,1.0,1.0,1.0,1.0
wkentaro/labelme,8d6b3784d27960f9,0.1507537688442211,14,14,0.0,True,1.0,1.0,1.0,1.0,1.0,1.0,1.0,1.0
wkentaro/labelme,7b04d17815ef0375,0.022727272727272728,8,8,0.0,True,1.0,1.0,1.0,1.0,1.0,1.0,1.0,1.0
wkentaro/labelme,2c798ab4d2a1f294,0.29411764705882354,2,2,0.0,True,1.0,1.0,1.0,1.0,1.0,1.0,1.0,1.0
wkentaro/labelme,c29d43c632d9da4d,0.2397003745318352,47,45,0.0,True,1.0,1.0,1.0,1.0,1.0,1.0,1.0,1.0
wxWidgets/wxWidgets,ddccf33e9bc20561,0.01912568306010929,0,0,0.0,False,,,,,,,,
wxWidgets/wxWidgets,edb6048ad1b22f5b,0.016778523489932886,0,0,0.0,False,,,,,,,,
wxWidgets/wxWidgets,90a318b9d1989327,0.0,0,0,0.0,False,,,,,,,,
wxWidgets/wxWidgets,84ccd3ea69136ab2,0.015625,0,0,0.0,False,,,,,,,,
wxWidgets/wxWidgets,737c773342f48cb9,0.0,0,0,0.0,False,,,,,,,,
wxWidgets/wxWidgets,c94c083b67678c48,0.0,0,0,0.0,False,,,,,,,,
wxWidgets/wxWidgets,b236236493033110,0.0072992700729927005,2,2,0.0,True,0.8772153153380493,1.0,0.8984680522431183,1.0,1.0,1.0,0.8772153153380493,1.0
wxWidgets/wxWidgets,d444fa3f47a28bdf,0.013888888888888888,0,0,0.0,False,,,,,,,,
wxWidgets/wxWidgets,96ccd9ac39ec09eb,0.04967602591792657,0,0,0.0,False,,,,,,,,
wxWidgets/wxWidgets,5ecdaf6b41e2241b,0.006775067750677507,12,7,0.0,True,0.9048504844691447,1.0,0.9048504844691447,1.0,0.9048504844691447,1.0,0.9048504844691447,1.0
wxWidgets/wxWidgets,e49b81657819229f,0.005681818181818182,0,0,0.0,False,,,,,,,,
wxWidgets/wxWidgets,92b10387093e1bf4,0.011764705882352941,1,1,0.0,True,0.6309297535714575,0.0,0.6309297535714575,0.0,0.6309297535714575,0.0,0.6309297535714575,0.0
wxWidgets/wxWidgets,33e005433ca07512,0.0708955223880597,0,0,0.0,False,,,,,,,,
wxWidgets/wxWidgets,7e4c5cd1124cc314,0.010309278350515464,0,0,0.0,False,,,,,,,,
wxWidgets/wxWidgets,bdcf65d517aa1ed0,0.4750499001996008,0,0,1.0,False,,,,,,,,
wxWidgets/wxWidgets,9a1a5115d94f0383,0.016129032258064516,1,1,0.0,True,1.0,1.0,1.0,1.0,1.0,1.0,1.0,1.0
wxWidgets/wxWidgets,5923665352ef0ed7,0.023715415019762844,1,1,0.0,True,1.0,1.0,1.0,1.0,1.0,1.0,1.0,1.0
wxWidgets/wxWidgets,111aa67632201729,0.005847953216374269,0,0,0.0,False,,,,,,,,
wxWidgets/wxWidgets,1255a8cec4926113,0.0,0,0,0.0,False,,,,,,,,
wxWidgets/wxWidgets,d748198f1587c91d,0.033126293995859216,0,0,0.0,False,,,,,,,,
wxWidgets/wxWidgets,b7f87ab7515111e2,0.0,0,0,0.0,False,,,,,,,,
wxWidgets/wxWidgets,d89e89ce1d599d7f,0.07436399217221135,0,0,0.0,False,,,,,,,,
wxWidgets/wxWidgets,6f8adde34c674fbe,0.0,0,0,0.0,False,,,,,,,,
wxWidgets/wxWidgets,0f8dc1b362f0607d,0.03937007874015748,0,0,0.0,False,,,,,,,,
wxWidgets/wxWidgets,670827ec4acf1028,0.015625,0,0,0.0,False,,,,,,,,
xbmc/xbmc,98f8d5e54006a79d,0.8208955223880597,0,0,1.0,False,,,,,,,,
xbmc/xbmc,8b99b4698b5ef5d3,0.0,0,0,0.0,False,,,,,,,,
xbmc/xbmc,4052370bddf0bafb,0.029850746268656716,0,0,0.0,False,,,,,,,,
xbmc/xbmc,86c6de7da8fbe253,0.603448275862069,0,0,0.0,False,,,,,,,,
xbmc/xbmc,9da038b088641fcd,0.14189189189189189,3,2,0.0,True,1.0,1.0,1.0,1.0,1.0,1.0,1.0,1.0
xbmc/xbmc,aa8914cc3591f6b2,0.07262569832402235,2,0,0.0,False,,,,,,,,
xbmc/xbmc,9f5a92487aba1d20,0.16326530612244897,0,0,0.0,False,,,,,,,,
xbmc/xbmc,649930fcaecb1736,0.5777777777777777,0,0,0.0,False,,,,,,,,
xbmc/xbmc,6090c429a681900b,0.008,4,1,0.0,True,0.46533827903669656,0.0,0.46533827903669656,0.0,0.46533827903669656,0.0,0.43067655807339306,0.0
xbmc/xbmc,5308e11d02e71920,0.07262569832402235,1,1,1.0,True,1.0,1.0,0.6309297535714575,0.0,0.6309297535714575,0.0,0.6309297535714575,0.0
xbmc/xbmc,1149f93c04cd96fe,0.6086956521739131,2,2,1.0,True,1.0,1.0,0.5,0.0,0.5,0.0,0.5,0.0
xbmc/xbmc,15ecf422de417638,0.26666666666666666,0,0,0.0,False,,,,,,,,
xbmc/xbmc,ff06e6d04e35f124,0.48936170212765956,0,0,0.0,False,,,,,,,,
xbmc/xbmc,e4f6c675229fc4f6,0.7434782608695653,7,5,1.0,True,0.7002755876478819,0.0,0.878961873034099,1.0,0.878961873034099,1.0,0.8472668887613066,1.0
xbmc/xbmc,de2663c0cf782f23,0.10975609756097561,0,0,0.0,False,,,,,,,,
xbmc/xbmc,f479c54da273cad4,0.5263157894736842,0,0,0.0,False,,,,,,,,
xbmc/xbmc,34d0b0b6881934bd,0.7704918032786885,0,0,1.0,False,,,,,,,,
xbmc/xbmc,e9f2846f87e38f98,0.41304347826086957,1,1,1.0,True,1.0,1.0,0.43067655807339306,0.0,0.43067655807339306,0.0,0.43067655807339306,0.0
xbmc/xbmc,db781ea807ede596,0.475,0,0,0.0,False,,,,,,,,
xbmc/xbmc,db93da350880a4a8,0.02912621359223301,0,0,0.0,False,,,,,,,,
xbmc/xbmc,26af34ffc2782940,0.6190476190476191,0,0,0.0,False,,,,,,,,
xbmc/xbmc,dcc708875656c067,0.14285714285714285,0,0,0.0,False,,,,,,,,
xbmc/xbmc,df1dfd7ac4bba0f3,0.07746478873239436,3,1,0.0,True,1.0,1.0,1.0,1.0,1.0,1.0,1.0,1.0
xbmc/xbmc,de2858586b4501f5,0.02631578947368421,1,1,0.0,True,1.0,1.0,1.0,1.0,1.0,1.0,1.0,1.0
xbmc/xbmc,129fd5f5cbdc7e5d,0.10975609756097561,1,1,0.0,True,0.6309297535714575,0.0,0.5654648767857288,0.0,0.6309297535714575,0.0,0.46533827903669656,0.0
xournalpp/xournalpp,ab5e6fb07a065cde,0.4852941176470588,0,0,1.0,False,,,,,,,,
xournalpp/xournalpp,0534891fbc8b89b4,0.5147058823529411,1,0,0.0,False,,,,,,,,
xournalpp/xournalpp,cda428ed6e081c64,0.18181818181818182,0,0,0.0,False,,,,,,,,
xournalpp/xournalpp,0798d40520682169,0.016666666666666666,1,0,0.0,False,,,,,,,,
xournalpp/xournalpp,00a66edce54b9ad9,0.3298429319371728,2,1,1.0,True,0.38685280723454163,0.0,0.40876468265396737,0.0,0.40876468265396737,0.0,0.38685280723454163,0.0
xournalpp/xournalpp,20c58d9db8679981,0.14285714285714285,0,0,0.0,False,,,,,,,,
xournalpp/xournalpp,c27b60680326600a,0.15789473684210525,2,0,0.0,False,,,,,,,,
xournalpp/xournalpp,b694a2beb45bd134,0.2345679012345679,1,0,0.0,False,,,,,,,,
xournalpp/xournalpp,e0e4d4debfc22fde,0.14864864864864866,1,1,0.0,True,0.0,0.0,0.0,0.0,0.0,0.0,0.0,0.0
xournalpp/xournalpp,65577377628a5009,0.041666666666666664,0,0,0.0,False,,,,,,,,
xournalpp/xournalpp,6d9fcf6c7b24e3f4,0.6,2,0,1.0,False,,,,,,,,
xournalpp/xournalpp,12fa97bf3e3fda35,0.15384615384615385,0,0,0.0,False,,,,,,,,
xournalpp/xournalpp,754f780910f546b6,0.2222222222222222,0,0,0.0,False,,,,,,,,
xournalpp/xournalpp,532f6c8a0e933359,0.6206896551724138,0,0,1.0,False,,,,,,,,
xournalpp/xournalpp,c8805004e1769ec9,0.010714285714285714,5,4,0.0,True,0.6131471927654584,1.0,0.6131471927654584,1.0,0.6131471927654584,1.0,0.6131471927654584,1.0
xournalpp/xournalpp,9c1efc651fd4bbe1,0.3333333333333333,0,0,1.0,False,,,,,,,,
xournalpp/xournalpp,db634e3952c6c711,0.46153846153846156,0,0,1.0,False,,,,,,,,
xournalpp/xournalpp,f5707c983e086803,0.15384615384615385,0,0,1.0,False,,,,,,,,
xournalpp/xournalpp,d2b4b64684b38769,0.719626168224299,0,0,1.0,False,,,,,,,,
yiisoft/yii2,ef368faf63a7d9e3,0.040229885057471264,0,0,0.0,False,,,,,,,,
yiisoft/yii2,bb6d92ef0c5eff31,0.6,1,1,1.0,True,0.0,0.0,0.0,0.0,0.0,0.0,0.0,0.0
yiisoft/yii2,6661889609def69d,0.18181818181818182,0,0,0.0,False,,,,,,,,
yiisoft/yii2,86eea34a659e440a,0.00558659217877095,1,0,0.0,False,,,,,,,,
yiisoft/yii2,3857b02500b884a0,0.16666666666666666,0,0,0.0,False,,,,,,,,
yiisoft/yii2,9235ee73bde72355,0.14705882352941177,0,0,0.0,False,,,,,,,,
yiisoft/yii2,4613be23815b1132,0.0,3,1,0.0,True,0.0,0.0,0.0,0.0,0.0,0.0,0.0,0.0
yiisoft/yii2,2d4f0b445dca6dce,0.06395348837209303,0,0,0.0,False,,,,,,,,
yiisoft/yii2,22ba32796248afc1,0.3,1,0,0.0,False,,,,,,,,
yiisoft/yii2,48128f23d18e14df,0.16666666666666666,0,0,0.0,False,,,,,,,,
yiisoft/yii2,0f2068fd8a8b2c87,0.08163265306122448,1,0,0.0,False,,,,,,,,
yiisoft/yii2,0308a325125f1ead,0.07655502392344497,1,0,0.0,False,,,,,,,,
yiisoft/yii2,e6a3dd2628f9c50a,0.2889288928892889,3,1,1.0,True,0.0,0.0,0.6309297535714575,0.0,0.6309297535714575,0.0,0.0,0.0
yiisoft/yii2,13401ec35bcceac4,0.5640802092414996,5,3,1.0,True,0.38009376671593426,0.0,0.4298593499260986,0.0,0.4796249331362629,0.0,0.38009376671593426,0.0
yiisoft/yii2,2252943dc404f8b5,0.022556390977443608,0,0,0.0,False,,,,,,,,
yiisoft/yii2,73e8a1d978917c55,0.2222222222222222,1,1,0.0,True,0.5,0.0,0.6309297535714575,0.0,0.6309297535714575,0.0,0.6309297535714575,0.0
yiisoft/yii2,0926af475c2a20dc,0.4473684210526316,1,0,0.0,False,,,,,,,,
yiisoft/yii2,99bfcbf49dab757a,0.39473684210526316,0,0,1.0,False,,,,,,,,
yiisoft/yii2,72359478a9d7e739,0.6666666666666666,4,2,1.0,True,0.38685280723454163,0.0,0.5654648767857288,0.0,0.5,0.0,0.5,0.0
yiisoft/yii2,5bf9bfbab9981775,0.00390625,2,1,0.0,True,0.43067655807339306,0.0,0.43067655807339306,0.0,0.43067655807339306,0.0,0.43067655807339306,0.0
yiisoft/yii2,4760f44ad00c338e,0.3431952662721893,2,1,1.0,True,0.40876468265396737,0.0,0.6309297535714575,0.0,0.6309297535714575,0.0,0.5,0.0
yiisoft/yii2,dacd0f0a5c3818e9,0.1,0,0,0.0,False,,,,,,,,
yiisoft/yii2,651377d73d3d66e3,0.004662004662004662,1,1,0.0,True,0.43067655807339306,0.0,0.43067655807339306,0.0,0.43067655807339306,0.0,0.43067655807339306,0.0
yiisoft/yii2,a17ce21668dde055,0.3645833333333333,2,1,1.0,True,0.0,0.0,0.38685280723454163,0.0,0.38685280723454163,0.0,0.38685280723454163,0.0
yiisoft/yii2,0ddf20a77133eeb2,0.0,1,0,0.0,False,,,,,,,,
youki-dev/youki,7b156dd785f9cb43,0.012024048096192385,3,0,0.0,False,,,,,,,,
youki-dev/youki,5758b613f4f73143,0.10344827586206896,0,0,0.0,False,,,,,,,,
youki-dev/youki,78e95ee49a6dc9a1,0.04,0,0,0.0,False,,,,,,,,
youki-dev/youki,68d97378905b9b13,0.016666666666666666,0,0,0.0,False,,,,,,,,
youki-dev/youki,3adca54967bec82a,0.036585365853658534,3,0,0.0,False,,,,,,,,
youki-dev/youki,bcb8b6ad74a920cb,0.013201320132013201,4,0,0.0,False,,,,,,,,
youki-dev/youki,8e1d8684b674f55a,0.0380952380952381,3,0,0.0,False,,,,,,,,
youki-dev/youki,b0f79d7a9d35c79d,0.023076923076923078,0,0,0.0,False,,,,,,,,
youki-dev/youki,45d9b22764d9b5ec,0.16494845360824742,1,0,0.0,False,,,,,,,,
youki-dev/youki,a39a4e5725670dcb,0.03389830508474576,0,0,0.0,False,,,,,,,,
youki-dev/youki,c9a55bb01a91574a,0.0365296803652968,1,0,0.0,False,,,,,,,,
youki-dev/youki,45f76cf2a1059261,0.044444444444444446,0,0,0.0,False,,,,,,,,
youki-dev/youki,53304acee0f58a72,0.04918032786885246,0,0,0.0,False,,,,,,,,
youki-dev/youki,4d3b3765aa717721,0.06153846153846154,2,1,0.0,True,0.43067655807339306,0.0,0.43067655807339306,0.0,0.5,0.0,0.5,0.0
youki-dev/youki,fc1bd9e8f4776105,0.002366863905325444,0,0,0.0,False,,,,,,,,
youki-dev/youki,03cb057a2b21c6d8,0.011299435028248588,5,2,0.0,True,0.43067655807339306,0.0,0.43067655807339306,0.0,0.43067655807339306,0.0,0.43067655807339306,0.0
youki-dev/youki,387ea3e75d16cf54,0.04225352112676056,0,0,0.0,False,,,,,,,,
youki-dev/youki,5b5b3ed98a8c3fcd,0.00631578947368421,0,0,0.0,False,,,,,,,,
youki-dev/youki,aa9bcff73ceb5e0e,0.024390243902439025,4,0,0.0,False,,,,,,,,
youki-dev/youki,00c61a3b999b3f0f,0.13333333333333333,1,0,0.0,False,,,,,,,,
youki-dev/youki,cc625ae1d5ddcf30,0.06299212598425197,0,0,0.0,False,,,,,,,,
youki-dev/youki,54c4c6b1c0869e60,0.029411764705882353,0,0,0.0,False,,,,,,,,
youki-dev/youki,2c13b197214c55a6,0.045060658578856154,5,0,0.0,False,,,,,,,,
youki-dev/youki,6ef377439194116c,0.045454545454545456,1,0,0.0,False,,,,,,,,
youki-dev/youki,10c989310fea87b8,0.05925925925925926,1,0,0.0,False,,,,,,,,
yugabyte/yugabyte-db,831d25466d4dcc8d,0.16,1,0,0.0,False,,,,,,,,
yugabyte/yugabyte-db,22e9e4316d210cdc,0.017543859649122806,0,0,0.0,False,,,,,,,,
yugabyte/yugabyte-db,62fa44a2786e8a13,0.1941747572815534,1,0,1.0,False,,,,,,,,
yugabyte/yugabyte-db,7d1f9092de5f842f,0.0,1,1,0.0,True,1.0,1.0,1.0,1.0,1.0,1.0,1.0,1.0
yugabyte/yugabyte-db,f04808870490db2b,0.05,0,0,0.0,False,,,,,,,,
yugabyte/yugabyte-db,8848f3b66f4d5ba1,0.003735325506937033,0,0,0.0,False,,,,,,,,
yugabyte/yugabyte-db,c9f1cb92958c6716,0.16842105263157894,1,0,0.0,False,,,,,,,,
yugabyte/yugabyte-db,440e6f700b5643be,0.11019283746556474,1,0,0.0,False,,,,,,,,
yugabyte/yugabyte-db,eea6936867567185,0.06666666666666667,0,0,0.0,False,,,,,,,,
yugabyte/yugabyte-db,cfd90991932f72bb,0.04627450980392157,11,3,0.0,True,0.38364913903790027,0.0,0.38364913903790027,0.0,0.38364913903790027,0.0,0.38364913903790027,0.0
yugabyte/yugabyte-db,026a6fa5b53ab861,0.06666666666666667,3,2,0.0,True,0.38685280723454163,0.0,0.38685280723454163,0.0,0.38685280723454163,0.0,0.38685280723454163,0.0
yugabyte/yugabyte-db,0bea5f45f8132d12,0.0,0,0,0.0,False,,,,,,,,
yugabyte/yugabyte-db,efc6a263c5f5b859,0.0,4,4,0.0,True,0.5706417189553201,0.0,0.5706417189553201,0.0,0.5706417189553201,0.0,0.5706417189553201,0.0
yugabyte/yugabyte-db,d5c4835c43da931a,0.11764705882352941,0,0,0.0,False,,,,,,,,
yugabyte/yugabyte-db,dda3fa3fc2aaad0c,0.125,0,0,0.0,False,,,,,,,,
yugabyte/yugabyte-db,2ede27ad1720946e,0.07563025210084033,1,1,0.0,True,0.6309297535714575,0.0,0.6309297535714575,0.0,0.6309297535714575,0.0,0.6309297535714575,0.0
yugabyte/yugabyte-db,c5fb9178e3306d38,0.08978675645342311,13,5,0.0,True,0.7609096232928763,0.0,0.7609096232928763,0.0,0.7609096232928763,0.0,0.7609096232928763,0.0
yugabyte/yugabyte-db,84f09da999b0961b,0.005284552845528455,7,3,0.0,True,0.6309297535714575,0.0,0.6309297535714575,0.0,0.6309297535714575,0.0,0.6309297535714575,0.0
yugabyte/yugabyte-db,719397f8cc8e9d79,0.0603448275862069,0,0,0.0,False,,,,,,,,
yugabyte/yugabyte-db,d2e769bfb4d4e1fa,0.06289308176100629,2,0,1.0,False,,,,,,,,
yugabyte/yugabyte-db,ce460c676bb6ddd2,0.0020304568527918783,3,0,0.0,False,,,,,,,,
yugabyte/yugabyte-db,bc22494a3bfd2aa0,0.3125,1,0,0.0,False,,,,,,,,
yugabyte/yugabyte-db,32a6f1b7adee74e2,0.0,0,0,0.0,False,,,,,,,,
yugabyte/yugabyte-db,283fac6bc255eee9,0.041004450095359184,30,25,0.0,True,0.6873350513619172,0.0,0.8285889082218737,1.0,0.6873350513619172,0.0,0.6873350513619172,0.0
yugabyte/yugabyte-db,3eab6b02ed5c117e,0.0015467904098994587,1,1,0.0,True,0.6309297535714575,0.0,0.5,0.0,0.5,0.0,0.5,0.0
zed-industries/zed,1c5fe7be8e7aedb1,0.004784688995215311,18,1,0.0,True,0.40876468265396737,0.0,0.40876468265396737,0.0,0.38685280723454163,0.0,0.40876468265396737,0.0
zed-industries/zed,b803fcb7f17ed923,0.10077519379844961,17,12,0.0,True,0.23713255188900895,0.0,0.32470626253202267,0.0,0.132162547959402,0.0,0.23713255188900895,0.0
zed-industries/zed,a17ee3cb662999eb,0.04712041884816754,20,6,0.0,True,0.7672735788411231,1.0,0.7672735788411231,1.0,0.7672735788411231,1.0,0.7672735788411231,1.0
zed-industries/zed,0bfe97d422eca8c2,0.05813953488372093,8,1,1.0,True,0.0,0.0,0.0,0.0,0.0,0.0,0.0,0.0
zed-industries/zed,df2a9990ea717fc5,0.004366812227074236,14,0,0.0,False,,,,,,,,
zed-industries/zed,90c0cb07588e2f30,0.0,30,4,0.0,True,0.20151514190050246,0.0,0.20151514190050246,0.0,0.20151514190050246,0.0,0.20151514190050246,0.0
zed-industries/zed,9d4d86c9145be3b7,0.1111111111111111,2,0,0.0,False,,,,,,,,
zed-industries/zed,42e01d7aacb60673,0.0810942843185149,287,151,0.0,True,0.6210633142674713,1.0,0.6925988005612064,1.0,0.6925988005612064,1.0,0.6360179862611313,1.0
zed-industries/zed,1c0d972ee49103af,0.0,3,0,0.0,False,,,,,,,,
zed-industries/zed,970b7c42d1bc6633,0.0,1,0,0.0,False,,,,,,,,
zed-industries/zed,81050a24d2a45e7c,0.15099925980754997,197,110,1.0,True,0.4420921187667768,0.0,0.5196632997188876,0.0,0.13550323103982623,0.0,0.5196632997188876,0.0
zed-industries/zed,7145c9b07d735fa9,0.5555555555555556,0,0,1.0,False,,,,,,,,
zed-industries/zed,e434af22b3787c52,0.6086956521739131,6,3,1.0,True,0.3107378158607799,0.0,0.500784699218747,0.0,0.500784699218747,0.0,0.15536890793038996,0.0
zed-industries/zed,eb3c5f86a694d29f,0.0036101083032490976,18,6,0.0,True,0.5799960084920718,0.0,0.5799960084920718,0.0,0.5799960084920718,0.0,0.5799960084920718,0.0
zed-industries/zed,abb804d570c3104a,0.109375,11,3,0.0,True,0.19004688335796713,0.0,0.19004688335796713,0.0,0.19004688335796713,0.0,0.17687217927616844,0.0
zed-industries/zed,c0d7b29f214b669b,0.0,5,0,0.0,False,,,,,,,,
zed-industries/zed,68fe26d5c6ba3421,0.0,7,1,0.0,True,0.0,0.0,0.0,0.0,0.0,0.0,0.0,0.0
zed-industries/zed,9ed6d3c8f52cf7b6,0.4523809523809524,14,1,0.0,True,1.0,1.0,1.0,1.0,1.0,1.0,1.0,1.0
zed-industries/zed,5056c2f7365c7435,0.20803212851405622,197,107,1.0,True,0.35332427644256953,0.0,0.3557491000901037,0.0,0.10428499696695899,0.0,0.3557491000901037,0.0
zed-industries/zed,3e9627631213861d,0.15789473684210525,56,23,1.0,True,0.0,0.0,0.06423738583987594,0.0,0.04718642435821157,0.0,0.09437284871642314,0.0
zed-industries/zed,de4a5a52c33023cf,0.005025125628140704,9,1,0.0,True,0.40876468265396737,0.0,0.43067655807339306,0.0,0.43067655807339306,0.0,0.40876468265396737,0.0
zed-industries/zed,857874fbc15b9474,0.011363636363636364,13,2,0.0,True,0.5,0.0,0.5,0.0,0.5,0.0,0.5,0.0
zed-industries/zed,41b91ef9370e666e,0.5833333333333334,2,0,1.0,False,,,,,,,,
zed-industries/zed,5f5ba13f510d3149,0.01639344262295082,9,0,0.0,False,,,,,,,,
zed-industries/zed,7b7dabbece7a54e0,0.044820717131474105,71,15,0.0,True,0.313343131347227,0.0,0.313343131347227,0.0,0.29344314426488793,0.0,0.313343131347227,0.0
zeek/zeek,0fea8d983406a06f,0.5454545454545454,0,0,1.0,False,,,,,,,,
zeek/zeek,18e23e9ec39f8d0a,0.375,0,0,0.0,False,,,,,,,,
zeek/zeek,153fa71f366b109a,0.9059233449477352,7,3,1.0,True,0.8597186998521972,0.0,0.66967181649423,0.0,0.66967181649423,0.0,0.4796249331362629,0.0
zeek/zeek,095cdb238e86609c,0.8512396694214877,0,0,1.0,False,,,,,,,,
zeek/zeek,3fb8f7512734bf24,0.16216216216216217,0,0,0.0,False,,,,,,,,
zeek/zeek,1cae972eb5017162,0.4,1,1,0.0,True,1.0,1.0,1.0,1.0,1.0,1.0,1.0,1.0
zeek/zeek,9a3e02eb4b13e6a9,0.6292372881355932,3,2,1.0,True,0.5,0.0,0.5,0.0,0.5,0.0,0.6309297535714575,0.0
zeek/zeek,00b1d38f60da9756,0.7066666666666667,0,0,1.0,False,,,,,,,,
zeek/zeek,fd4ed504d3be528b,0.7333333333333333,1,1,1.0,True,0.5,0.0,0.6309297535714575,0.0,0.5,0.0,0.6309297535714575,0.0
zeek/zeek,e0dd486bfcaf42ec,0.55,0,0,1.0,False,,,,,,,,
zeek/zeek,2c099011df88de6b,0.19642857142857142,0,0,1.0,False,,,,,,,,
zeek/zeek,df19b26653a1b1e4,0.3557692307692308,1,1,1.0,True,0.43067655807339306,0.0,0.5,0.0,0.5,0.0,0.43067655807339306,0.0
zeek/zeek,3cf9e4a0c07d6343,0.5151515151515151,0,0,1.0,False,,,,,,,,
zeek/zeek,1cd42fe3ea59219e,0.7979274611398963,1,1,1.0,True,1.0,1.0,0.43067655807339306,0.0,0.43067655807339306,0.0,0.0,0.0
zeek/zeek,5be110066caed3b8,0.5714285714285714,0,0,1.0,False,,,,,,,,
zeek/zeek,9b7355621053ac87,0.8849557522123894,6,4,1.0,True,0.762346330035624,0.0,0.5805078709398304,0.0,0.5805078709398304,0.0,0.4569494273838043,0.0
zeek/zeek,3fbeb7fb8feceb11,0.4782608695652174,0,0,1.0,False,,,,,,,,
zeek/zeek,d2f876f40f3f7f21,0.006568144499178982,1,1,0.0,True,0.38685280723454163,0.0,0.38685280723454163,0.0,0.38685280723454163,0.0,0.38685280723454163,0.0
zeek/zeek,df2699510e8493c2,0.03333333333333333,0,0,0.0,False,,,,,,,,
zeek/zeek,6f4c3c81797c83c3,0.8811074918566775,9,6,1.0,True,0.7899980042460358,0.0,0.4256624093258268,0.0,0.40382531759014445,0.0,0.7924857104264468,1.0
zeek/zeek,70794414de1ddfa8,0.8581560283687943,2,2,1.0,True,0.6309297535714575,0.0,1.0,1.0,1.0,1.0,1.0,1.0
zeek/zeek,1967e23391bf2d86,0.5454545454545454,0,0,1.0,False,,,,,,,,
zeek/zeek,5da873a4c6a437a1,0.35714285714285715,1,0,1.0,False,,,,,,,,
zeek/zeek,b2cfa3e0d94e6e4b,0.5178571428571429,1,0,1.0,False,,,,,,,,
zeek/zeek,9992c6b6cccacf80,0.5972302365839585,6,6,1.0,True,0.7883773914853737,0.0,0.9304509197357168,1.0,0.9304509197357168,1.0,0.8400079830158563,1.0
zeromq/libzmq,d5efaad5c682065a,0.13636363636363635,0,0,0.0,False,,,,,,,,
zeromq/libzmq,9726252739e491dd,0.3220338983050847,0,0,1.0,False,,,,,,,,
zeromq/libzmq,826bff21b9106a4e,0.021505376344086023,0,0,0.0,False,,,,,,,,
zeromq/libzmq,88065d41c33b72a7,0.10344827586206896,0,0,0.0,False,,,,,,,,
zeromq/libzmq,8e30e16237e649bc,0.36585365853658536,0,0,1.0,False,,,,,,,,
zeromq/libzmq,061abd151dc48713,0.5116279069767442,0,0,1.0,False,,,,,,,,
zeromq/libzmq,ba212a4606ba2289,0.36585365853658536,0,0,1.0,False,,,,,,,,
zeromq/libzmq,364694f4d903550c,0.018867924528301886,0,0,0.0,False,,,,,,,,
zeromq/libzmq,25e3ff5c1ffe3535,0.036458333333333336,0,0,1.0,False,,,,,,,,
zeromq/libzmq,562874686b94df42,0.3446327683615819,0,0,1.0,False,,,,,,,,
zeromq/libzmq,570167005c979157,0.0,0,0,0.0,False,,,,,,,,
zeromq/libzmq,8243f3f5b675b515,0.48148148148148145,0,0,1.0,False,,,,,,,,
zeromq/libzmq,808aa33859be0694,0.09243697478991597,0,0,0.0,False,,,,,,,,
zeromq/libzmq,0f3d2f95690ec3d3,0.47540983606557374,0,0,1.0,False,,,,,,,,
zeromq/libzmq,e3e83c17d7804493,0.28,0,0,0.0,False,,,,,,,,
zeromq/libzmq,152d5d491bb86493,0.18198198198198198,1,0,1.0,False,,,,,,,,
zeromq/libzmq,714ff56361bfedd5,0.4482758620689655,0,0,1.0,False,,,,,,,,
zeromq/libzmq,e87bb3068655a758,0.025974025974025976,0,0,0.0,False,,,,,,,,
zeromq/libzmq,56e2b1c39ae5e6e0,0.01834862385321101,2,0,0.0,False,,,,,,,,
zeromq/libzmq,ac70d525f48c105f,0.014814814814814815,0,0,0.0,False,,,,,,,,
zeromq/libzmq,a8dfc85c200224d0,0.22018348623853212,0,0,1.0,False,,,,,,,,
zeromq/libzmq,d7d905742457828e,0.5527950310559007,0,0,1.0,False,,,,,,,,
zeromq/libzmq,ba4289d13d03534e,0.07933194154488518,0,0,0.0,False,,,,,,,,
zeromq/libzmq,4eb9b6f1670b566a,0.0,0,0,0.0,False,,,,,,,,
zeromq/libzmq,99a9456de3443f21,0.02040816326530612,0,0,0.0,False,,,,,,,,
zeux/meshoptimizer,7252e1cab42dfa99,0.25510204081632654,1,1,0.0,True,1.0,1.0,1.0,1.0,1.0,1.0,1.0,1.0
zeux/meshoptimizer,a09935c52184bca6,0.9298245614035088,1,1,0.0,True,1.0,1.0,1.0,1.0,1.0,1.0,1.0,1.0
zeux/meshoptimizer,aab40ce3a0ebbc6d,0.5916334661354582,1,1,0.0,True,1.0,1.0,1.0,1.0,1.0,1.0,1.0,1.0
zeux/meshoptimizer,87db21a973eed4fe,0.4418604651162791,5,5,0.0,True,1.0,1.0,1.0,1.0,1.0,1.0,1.0,1.0
zeux/meshoptimizer,1585840da6764cb8,0.07407407407407407,2,2,0.0,True,1.0,1.0,1.0,1.0,1.0,1.0,1.0,1.0
zeux/meshoptimizer,235385261fc0ed12,0.12442396313364056,1,1,0.0,True,1.0,1.0,1.0,1.0,1.0,1.0,1.0,1.0
zeux/meshoptimizer,cb0618c14c125bb7,0.5454545454545454,1,1,1.0,True,1.0,1.0,0.6309297535714575,0.0,0.6309297535714575,0.0,0.6309297535714575,0.0
zeux/meshoptimizer,1e7de1ae2d059d21,0.06880733944954129,11,11,0.0,True,1.0,1.0,1.0,1.0,1.0,1.0,1.0,1.0
zeux/meshoptimizer,281e38a36526f925,0.14222222222222222,11,11,0.0,True,1.0,1.0,1.0,1.0,1.0,1.0,1.0,1.0
zeux/meshoptimizer,b46773f16389432a,0.0,1,1,0.0,True,1.0,1.0,1.0,1.0,1.0,1.0,1.0,1.0
zeux/meshoptimizer,33e0bb0f7fb5cff6,0.8918918918918919,1,1,0.0,True,1.0,1.0,1.0,1.0,1.0,1.0,1.0,1.0
zeux/meshoptimizer,840fa93661302ba9,0.04113614103819784,12,12,0.0,True,1.0,1.0,1.0,1.0,1.0,1.0,1.0,1.0
zeux/meshoptimizer,4dafd05605d62a05,0.21089143253555323,19,19,0.0,True,1.0,1.0,1.0,1.0,1.0,1.0,1.0,1.0
zeux/meshoptimizer,8b2f26316c40d666,0.19745222929936307,22,22,0.0,True,1.0,1.0,1.0,1.0,1.0,1.0,1.0,1.0
zeux/meshoptimizer,ce7f473e596dab98,0.2696078431372549,4,4,0.0,True,1.0,1.0,1.0,1.0,1.0,1.0,1.0,1.0
zeux/meshoptimizer,04ea05645f04a2a2,0.4444444444444444,1,1,0.0,True,1.0,1.0,1.0,1.0,1.0,1.0,1.0,1.0
zeux/meshoptimizer,2e4fd1da7e2dc73f,0.8978978978978979,0,0,0.0,False,,,,,,,,
zeux/meshoptimizer,7c0fe739f6a91d2c,0.2625,4,4,0.0,True,1.0,1.0,1.0,1.0,1.0,1.0,1.0,1.0
zeux/meshoptimizer,0e3d89a486fe645f,0.15333333333333332,2,2,0.0,True,1.0,1.0,1.0,1.0,1.0,1.0,1.0,1.0
zeux/meshoptimizer,5fc71c5e5530da93,0.18695652173913044,4,4,0.0,True,1.0,1.0,1.0,1.0,1.0,1.0,1.0,1.0
zeux/meshoptimizer,989c263881fbaf3f,0.19193548387096773,1,1,0.0,True,1.0,1.0,1.0,1.0,1.0,1.0,1.0,1.0
zeux/meshoptimizer,7b3cadacd2b23326,0.7987152034261242,0,0,0.0,False,,,,,,,,
zeux/meshoptimizer,8a3fe5e089258a87,1.0,0,0,0.0,False,,,,,,,,
zeux/meshoptimizer,b18ccd15ec95e2a9,0.21232876712328766,3,3,0.0,True,1.0,1.0,1.0,1.0,1.0,1.0,1.0,1.0
zeux/meshoptimizer,716fdf2371cd0eb5,0.10215053763440861,3,3,0.0,True,1.0,1.0,1.0,1.0,1.0,1.0,1.0,1.0
