repo,capture,captured,unblamable,raw_dis,raw_tvd,raw_flip,raw_owner_abs,raw_major_change,raw_top3_change,w_dis,w_tvd,w_flip,w_owner_abs,w_major_change,w_top3_change,wmc_dis,wmc_tvd,wmc_flip,wmc_owner_abs,wmc_major_change,wmc_top3_change,files,any_flip
11ty/buildawesome,0.44921153305100747,0.96,0.05891121913230708,0.02134991188949823,0.04583631855206372,0.08,0.03967643150573564,0.12,0.36,0.03727776130817803,0.05042026617936918,0.08,0.04069252678092953,0.04,0.04,0.05532758556127555,0.06841061706227014,0.12,0.053344080675795554,0.08,0.08,25,1.0
AUTOMATIC1111/stable-diffusion-webui,0.4749792190805032,0.95,0.09683741423870203,0.37297485162925453,0.3894312086660774,0.55,0.1517583468646882,0.6,0.7,0.2773739677441904,0.20696732122121936,0.2,0.15097825245686422,0.4,0.65,0.2888848192140606,0.20495455965460013,0.2,0.15056632105944873,0.45,0.65,20,1.0
ApeWorX/web3.py,0.1272823935915985,0.96,0.00571816574073922,0.09024005993402495,0.09316237612703493,0.2,0.038239201895135445,0.56,0.36,0.11996479517475005,0.11413237757959868,0.2,0.06288879631659466,0.6,0.36,0.1807999333542301,0.14588742964895057,0.24,0.08820355685882415,0.64,0.6,25,1.0
App-vNext/Polly,0.4841377636648225,1.0,0.07034331146311051,0.37740886184433026,0.41479266994802627,0.72,0.11669106295520186,0.68,0.8,0.0988139442816218,0.08475378983526907,0.2,0.047606474467570783,0.36,0.28,0.18451503910919104,0.1673749499795328,0.28,0.09422094889384797,0.48,0.36,25,1.0
ArduPilot/ardupilot,0.029912092028979875,1.0,0.0,0.029912092028979875,0.029912092028979875,0.0,0.029912092028979875,0.25,0.5,0.03229130139940447,0.028997011501893495,0.0,0.028813995396476222,0.25,0.5,0.036426482430885115,0.031010188661483546,0.0,0.027424055946254744,0.25,0.625,8,0.0
Automattic/wp-calypso,0.09252345794347112,0.8,0.0,0.09229089980393625,0.09229089980393625,0.08,0.015154058593499053,0.36,0.28,0.14422334791204616,0.11861271070788407,0.12,0.0333756483754972,0.44,0.4,0.1928593790813235,0.15715897907455045,0.12,0.040022579106460725,0.48,0.52,25,1.0
BLAKE3-team/BLAKE3,0.0026109660574412533,1.0,0.0,0.0,0.0,0.0,0.0,0.0,0.0,0.0391644908616188,0.013054830287206269,0.0,0.0026109660574412663,0.0,0.0,0.06527415143603134,0.02610966057441254,0.0,0.0026109660574412663,1.0,0.0,1,0.0
Bash-it/bash-it,0.36383665915742697,0.92,0.008642998721232566,0.2295715051592609,0.23363365423762797,0.52,0.14330544304450182,0.24,0.16,0.08133298432136604,0.07870641217867277,0.16,0.029131089617903127,0.12,0.16,0.08631767326068855,0.08256102317333587,0.16,0.027774102690173965,0.12,0.16,25,1.0
BerriAI/litellm,0.10059196955123596,0.96,0.002622625615198128,0.09629216298763998,0.09852959430173497,0.0,0.08192229488459649,0.56,0.56,0.12954106018824776,0.10794375422822368,0.0,0.08052074627960813,0.56,0.56,0.1860472439600427,0.1472597750684358,0.04,0.111108804670602,0.56,0.68,25,0.0
Bogdanp/dramatiq,0.08141468377101287,0.96,0.003646550031739359,0.07783076993071929,0.08140762751034882,0.0,0.05317436348504475,0.4,0.56,0.09173188861483317,0.08956429890411063,0.04,0.05442616925076028,0.4,0.56,0.14018615720940142,0.13372710172750685,0.08,0.0903084265828922,0.56,0.64,25,0.0
CapSoftware/Cap,0.5077487679314712,1.0,0.021617060924290898,0.49931550521225054,0.5076892241854253,0.84,0.17275501606881552,0.56,0.88,0.10516424946887705,0.09941258015091287,0.08,0.04498216035383043,0.28,0.56,0.11407198813496519,0.09922890009841169,0.08,0.04329805690430282,0.28,0.56,25,1.0
CesiumGS/cesium,0.40060116104909255,1.0,0.0725066174523154,0.3508863339795425,0.36161356553591917,0.36,0.10714012091504652,0.6,0.88,0.22560859800106686,0.16838563321763622,0.08,0.08678044245617107,0.64,0.76,0.30886281543226585,0.23892751663878886,0.16,0.11871816726651632,0.76,0.84,25,1.0
CherryHQ/cherry-studio,0.28939896540652515,0.875,0.06990769402741234,0.24491630018442334,0.28939896540652515,0.25,0.03296326768528397,0.125,0.5,0.005031194160937642,0.046641936836524435,0.0,0.03354913356060689,0.125,0.125,0.06999532145146273,0.10237918769511692,0.0,0.07884924197362997,0.625,0.5,8,1.0
Choices-js/Choices,0.06268059757755251,0.72,0.000224904374021444,0.015925896623287576,0.0160132647893621,0.0,0.015913679727121436,0.08,0.08,0.0379267446546043,0.028749528469072142,0.0,0.017847234592770357,0.08,0.08,0.08910962914070941,0.07406068463932307,0.04,0.038317527105612044,0.28,0.24,25,0.0
Cog-Creators/Red-DiscordBot,0.010662393869595556,0.52,0.0008683566668857892,0.008176993981607577,0.008831405710134578,0.0,0.002762007860418295,0.12,0.0,0.03002938025013348,0.023965736223010535,0.04,0.012458045343008284,0.12,0.04,0.06927947785217009,0.05545314918277033,0.08,0.026606093604298248,0.16,0.36,25,0.0
DefinitelyTyped/DefinitelyTyped,0.21268868995136042,0.88,0.0026666666666666666,0.21192678518945565,0.21268868995136042,0.24,0.10608097048777376,0.64,0.8,0.2459651835265661,0.2340182138295964,0.32,0.11926861305109143,0.64,0.76,0.29133482021172,0.27442172698310957,0.32,0.13444669129468692,0.72,0.8,25,1.0
EFForg/rayhunter,0.14729294015041083,0.8333333333333334,0.00686094204818175,0.1407071456858285,0.14562454329965097,0.16666666666666666,0.0945850284837847,0.5,0.5,0.14713650225224448,0.1351835213362841,0.1111111111111111,0.09031186591605882,0.5555555555555556,0.5,0.14235989816708375,0.12983717187759913,0.05555555555555555,0.08458881993845546,0.4444444444444444,0.4444444444444444,18,1.0
EsotericSoftware/spine-runtimes,0.10334418601819366,0.72,0.010979526300125999,0.06334722256379056,0.05774316912316789,0.04,0.04494840171779264,0.52,0.52,0.1525642925589924,0.13528642973446992,0.16,0.07529839126741539,0.48,0.64,0.1666937975374091,0.14231562169550752,0.16,0.07802762689292098,0.32,0.64,25,1.0
Eventual-Inc/Daft,0.036082185150663894,0.92,0.011402729593769765,0.02498747697582285,0.0339323910792659,0.0,0.02455855965943321,0.24,0.28,0.06085376815321873,0.054963469918827626,0.0,0.043350287016882046,0.32,0.28,0.11369266136388888,0.10452545278581779,0.04,0.0760694735157063,0.56,0.24,25,0.0
FEX-Emu/FEX,0.25037064300170714,1.0,0.016038072017512367,0.2412854191398266,0.24983730966837378,0.2,0.149936321223036,0.8,0.88,0.07534823233115368,0.06369995912367633,0.0,0.043330496791172,0.44,0.68,0.09026181762042733,0.06773646159995922,0.0,0.04310230885462318,0.4,0.72,25,1.0
Flagsmith/flagsmith,0.07493162725656308,0.96,0.0031070300315674416,0.06847618189317778,0.07109906170761925,0.04,0.054351793268137986,0.48,0.52,0.08225814907524871,0.07975890765583026,0.08,0.05506560941406539,0.48,0.52,0.10958299437922488,0.09542394074899374,0.08,0.0652828234902778,0.52,0.56,25,1.0
GetStream/Vision-Agents,0.05711582064915865,0.72,0.02976465243816834,0.029514736760070718,0.05275938909097806,0.0,0.047557789173882946,0.24,0.2,0.05563833168085651,0.04375395022042644,0.04,0.036925053284307896,0.24,0.2,0.11436607341809318,0.09827791637821781,0.08,0.05448641712050843,0.36,0.24,25,0.0
Giskard-AI/giskard-oss,0.10416666666666667,1.0,0.041666666666666664,0.0,0.03894927536231881,0.0,0.03623188405797095,0.0,0.0,0.0,0.03894927536231881,0.0,0.03623188405797095,0.0,0.0,0.0,0.03894927536231881,0.0,0.03623188405797095,0.0,0.0,1,0.0
GoogleCloudPlatform/generative-ai,0.29971879467691664,1.0,0.04830484680513694,0.24335492515332452,0.25148899106562306,0.28,0.06945094680744787,0.28,0.4,0.07970934164233319,0.07912079193716128,0.08,0.03453102491737584,0.16,0.28,0.09177397125103628,0.08986628864384585,0.12,0.04429960185641442,0.24,0.4,25,1.0
GothenburgBitFactory/taskwarrior,0.1827290760267641,0.84,0.012317286294963495,0.17258317122691189,0.18267212804475513,0.24,0.11742134031933078,0.56,0.64,0.08508749217874342,0.0873336643700822,0.04,0.0678156779408559,0.48,0.64,0.1299019988882114,0.12264799850916198,0.0,0.09143640812380699,0.56,0.72,25,1.0
HKUDS/LightRAG,0.024191726923252155,1.0,2.097535395909806e-05,0.005654228126614546,0.005660412884707415,0.0,0.0030894612987307822,0.04,0.04,0.016350772571355962,0.012261594805701562,0.0,0.009586703811563626,0.04,0.04,0.057503619559607894,0.04582351581019892,0.04,0.037829413753518365,0.16,0.16,25,0.0
JuliaLang/julia,0.10564896428878971,0.84,0.0,0.1052566748503235,0.1052566748503235,0.08,0.023401523099354515,0.12,0.28,0.1025300605315352,0.08652799081270582,0.12,0.05268231588299706,0.36,0.28,0.13810052025159342,0.11308613467013838,0.16,0.0626535936103951,0.48,0.32,25,1.0
KevinMusgrave/pytorch-metric-learning,0.7786974797347962,1.0,0.10247361404402099,0.6992144435699353,0.7122085716517533,0.88,0.14341901893418244,0.72,0.8,0.00844144943044299,0.011861663141172651,0.0,0.011565607823138415,0.08,0.04,0.023746037687634815,0.026255241588845946,0.0,0.025866378846217744,0.16,0.12,25,1.0
Kong/insomnia,0.16020845340180734,0.92,0.0015941057116173147,0.1412164676283206,0.14190277253153086,0.12,0.07199340299358466,0.4,0.2,0.1179248930313411,0.11052291652814131,0.12,0.06750157251442239,0.32,0.24,0.14495310517986124,0.13054840188924038,0.16,0.07481423892888528,0.44,0.32,25,1.0
Lightning-AI/pytorch-lightning,0.017786982248852435,1.0,0.0015650356294536819,0.016334550777563156,0.017720451618474055,0.08,0.010928372693683021,0.24,0.16,0.03518158725055421,0.02783174060482623,0.12,0.01326538364510348,0.32,0.12,0.21464683175566004,0.19754812223466542,0.36,0.10095903798612421,0.6,0.52,25,1.0
MaaAssistantArknights/MaaAssistantArknights,0.016672059082702008,1.0,0.0028862745098039216,0.00692033973200529,0.007667539873323079,0.0,0.006405189073578259,0.04,0.08,0.08652723059433094,0.06274136877057718,0.0,0.05637182907000167,0.2,0.2,0.19255352376424745,0.1487758336634017,0.04,0.13795999163975717,0.6,0.4,25,0.0
MaartenGr/BERTopic,0.2014148616361684,0.96,0.01900511643234134,0.18798999947899322,0.20132222587178192,0.08,0.19263180504513225,0.84,0.88,0.08921394914470408,0.09390922620635447,0.04,0.08610973743595726,0.28,0.32,0.10347590437416697,0.10764353136560206,0.04,0.09798747393138785,0.36,0.44,25,1.0
ManimCommunity/manim,0.010330592450510817,0.6818181818181818,0.0016995541499758504,0.008503422864049478,0.010136959229912269,0.0,0.005654301235040774,0.13636363636363635,0.09090909090909091,0.028385709224840214,0.025304662141582376,0.0,0.01334077199244959,0.22727272727272727,0.18181818181818182,0.10936181530232904,0.09233743892266601,0.09090909090909091,0.03945124742587427,0.36363636363636365,0.4090909090909091,22,0.0
MetaMask/metamask-extension,0.15649112497919024,0.68,0.014642739142019719,0.09029821869585382,0.08977197577920211,0.04,0.02723955530602411,0.28,0.36,0.09597948917816923,0.06254944037391466,0.0,0.02568086859288541,0.28,0.36,0.1289482208945967,0.09575399773666088,0.04,0.049454149843077874,0.32,0.44,25,1.0
NVIDIA/DALI,0.2520303316866098,1.0,0.017935976680694823,0.1666331456193173,0.17629340579620748,0.08,0.14156439730183673,0.52,0.56,0.15549661129932058,0.16060571628363426,0.08,0.13103672740082614,0.52,0.44,0.25201835154108027,0.24977180288574133,0.16,0.18355656848636856,0.64,0.56,25,1.0
NVIDIA/apex,0.3973027075422063,0.96,0.038339094205975026,0.2979124424329643,0.309073594365207,0.24,0.21274074696808465,0.6,0.72,0.199575966779765,0.1956235684982799,0.08,0.14912026062009445,0.56,0.76,0.21481986267650555,0.20130231790792924,0.08,0.14814784561480268,0.52,0.64,25,1.0
NVIDIA/cuml,0.16866562094294374,1.0,0.024039478374635163,0.1513358781640939,0.16849150866041365,0.2,0.08893601112728945,0.4,0.68,0.22415079876230265,0.22453733366813952,0.28,0.11185633359471397,0.56,0.76,0.2419377860328922,0.23476313104352373,0.24,0.1118107749938251,0.52,0.8,25,1.0
NVIDIA/nccl,0.032789817675431425,0.28,0.0,0.032789817675431425,0.03278981767543143,0.0,0.027495700028372615,0.24,0.2,0.10454716895717885,0.09905196581187711,0.08,0.06983788433175687,0.4,0.24,0.21618716505184835,0.20058866283813856,0.16,0.12932180515374173,0.44,0.44,25,0.0
NicolasHug/Surprise,0.3136684678140218,1.0,0.01815632602284228,0.13786608343437393,0.1411384401139439,0.16,0.08233150145108548,0.12,0.12,0.1343422483180417,0.13552154597612487,0.16,0.08637195049496171,0.12,0.12,0.1556561662345029,0.13671018171649119,0.12,0.08318095412658984,0.24,0.32,25,1.0
NixOS/nix,0.1026998572310052,1.0,0.0034420989382215393,0.09988515718029896,0.10269985723100522,0.12,0.0758352372055919,0.64,0.72,0.10413049599218711,0.08852152925698985,0.12,0.05723541697274664,0.56,0.56,0.12884106490500988,0.11223346113434386,0.12,0.08411372588837633,0.6,0.56,25,1.0
OSGeo/gdal,0.2198627042692845,1.0,0.015553548747083814,0.21411736748750726,0.21981178119597278,0.16,0.09577699259282951,0.44,0.76,0.10709204076636299,0.08939328636369721,0.04,0.054404347540531896,0.36,0.44,0.1974565758958352,0.17610719947502215,0.08,0.12976674653491216,0.64,0.72,25,1.0
OctoPrint/OctoPrint,0.39542276100017837,0.96,0.0322142384401792,0.17641600641900532,0.1827735110311907,0.2,0.13915637052888497,0.36,0.4,0.13337758268077848,0.10962394553698257,0.08,0.08679567788247733,0.32,0.4,0.17363584180287106,0.1383647034794196,0.12,0.09432881409241206,0.36,0.44,25,1.0
OpenMW/openmw,0.22990200700680996,1.0,0.023999740795400553,0.21735252608071196,0.22990200700680996,0.28,0.1351502069570035,0.64,0.72,0.10991165027080471,0.07481431094279405,0.04,0.038806361066264214,0.44,0.36,0.12041610841071897,0.08419015653763039,0.08,0.04580138374123586,0.4,0.36,25,1.0
OpenRCT2/OpenRCT2,0.15157299834141272,0.76,0.04329920601870954,0.1111110085170411,0.134847135868695,0.2,0.061226384170160915,0.32,0.28,0.23673273787777965,0.18635318395849462,0.32,0.07934861769555945,0.56,0.44,0.2638241045985068,0.20462621345959234,0.32,0.09552018428804519,0.64,0.56,25,1.0
OpenVPN/openvpn,0.2658310850427632,1.0,0.035079243444273954,0.2448991003884956,0.2636259133900938,0.32,0.14253916733693056,0.76,0.6,0.10585691117907213,0.11057776772718707,0.08,0.059723058242054684,0.64,0.32,0.19535797899981322,0.19012758041003747,0.12,0.12011159207808544,0.8,0.44,25,1.0
OrchardCMS/OrchardCore,0.5986018123185273,1.0,0.10888803370269104,0.5075309015969851,0.5542667222126613,0.92,0.2183710643325416,0.56,0.68,0.20030485968238615,0.12941332058657343,0.04,0.07100731567957368,0.44,0.52,0.22068789501791933,0.14861468685350798,0.12,0.09106517636002193,0.44,0.52,25,1.0
PHP-CS-Fixer/PHP-CS-Fixer,0.08064549604175468,1.0,0.026753930327399065,0.0387211926527208,0.05615071798682437,0.08,0.03586708081209983,0.24,0.24,0.10383963513491605,0.10929117213909353,0.2,0.07517070211678087,0.24,0.28,0.27353678262419096,0.2541749575821713,0.32,0.19928000455105668,0.56,0.56,25,1.0
Portkey-AI/gateway,0.43295409306840044,1.0,0.018550865202786967,0.07429876579409168,0.07899500700954853,0.12,0.05943648105224475,0.2,0.24,0.08992469544956172,0.08064578108707339,0.12,0.0610066342981628,0.2,0.2,0.11355173926409357,0.09739440197312098,0.12,0.07164281064729157,0.24,0.24,25,1.0
PostgresApp/PostgresApp,0.16559845656386304,1.0,0.021291085064666596,0.0038583752343423327,0.013508997466472489,0.0625,0.012166643404370195,0.0,0.0,0.013159445884887195,0.009888932084893753,0.0625,0.00941250047013999,0.0,0.0,0.021697162999871324,0.015511823407647847,0.0,0.014454346075165506,0.0,0.0,16,1.0
PrismLauncher/PrismLauncher,0.19421779482256124,0.92,0.0016413782724526995,0.11402338231191157,0.11147811878887845,0.08,0.10263016540709671,0.36,0.44,0.09187475447443173,0.06394102777274627,0.12,0.0531127309055484,0.36,0.48,0.16375944522201594,0.12870677233169622,0.08,0.09377870929060403,0.68,0.48,25,1.0
PyGithub/PyGithub,0.051219078362384284,0.68,0.0030379407279770817,0.039567523901320484,0.04198196277410026,0.08,0.02746902538449818,0.16,0.08,0.058447457304016896,0.0570758867435479,0.12,0.038799380248205145,0.12,0.12,0.2558820716393864,0.231199280085748,0.24,0.1189721422748402,0.68,0.64,25,1.0
Qiskit/qiskit,0.05899092066711484,0.92,0.0029801545205980317,0.0550450728192942,0.05768112652939164,0.0,0.044149262305653456,0.48,0.6,0.06291593538718165,0.0588187333032466,0.0,0.04098893019212348,0.44,0.6,0.16531475523822262,0.13766029788066086,0.08,0.09184636971681209,0.76,0.68,25,0.0
RSS-Bridge/rss-bridge,0.7394574485601754,1.0,0.10584519663223187,0.7150738788940363,0.7290782099611356,0.84,0.15925943151763747,0.64,0.72,0.2244847323590362,0.1982487091436806,0.16,0.1333390059301048,0.6,0.56,0.2437804570893594,0.2038772956951855,0.2,0.1284154586799461,0.56,0.6,25,1.0
Rapptz/discord.py,0.006724295433311965,0.92,0.0011706347734942598,0.003644219771834866,0.004533432216561597,0.0,0.0035047870282931635,0.04,0.04,0.051935616816041454,0.04535876982744931,0.04,0.009026449023897548,0.08,0.12,0.14831091246169745,0.12605853774007955,0.12,0.06304538214834586,0.4,0.24,25,0.0
Redot-Engine/redot-engine,0.5116230597684346,1.0,0.003225698780554862,0.13229501104979355,0.13046981942206493,0.24,0.07932883386951461,0.2,0.32,0.07079065471084459,0.06221207206473369,0.0,0.05153393148490869,0.2,0.2,0.1827974277307519,0.16657332248779708,0.2,0.10833192763168059,0.32,0.36,25,1.0
RfidResearchGroup/proxmark3,0.033467645002167166,0.8,0.005075661853117194,0.015631820770515736,0.015921945456787996,0.0,0.011595343670149598,0.04,0.08,0.13780653914138558,0.12492455731779722,0.28,0.05727420463205906,0.08,0.16,0.1683436700813125,0.14821577862717922,0.32,0.0669037908986514,0.04,0.36,25,0.0
SWE-agent/SWE-agent,0.04714703254203569,0.76,0.021877767807312865,0.016750172720196615,0.023055928323096025,0.04,0.02086762361857592,0.04,0.08,0.02248980812745842,0.021586231156091956,0.04,0.01859934786231616,0.04,0.16,0.035629854496218125,0.03373177164364869,0.0,0.030088172562299464,0.12,0.16,25,1.0
SixLabors/ImageSharp,0.5598951147041394,1.0,0.1121708537557836,0.37524063902855737,0.40391223262478754,0.6,0.17634702176844239,0.44,0.36,0.11343781330167875,0.06948496434026424,0.08,0.05051252420118851,0.2,0.2,0.16028439583477042,0.11383446880820282,0.08,0.08222913533647241,0.28,0.28,25,1.0
Stirling-Tools/Stirling-PDF,0.14176189955271906,0.75,0.04419128797216405,0.11727158047470548,0.14151486397959653,0.25,0.045790199777236036,0.25,0.25,0.04006063461801896,0.04908188370185605,0.0,0.04516079218176226,0.0,0.125,0.05761515601595672,0.05506389114963898,0.0,0.041963209361561296,0.0,0.375,8,1.0
TagStudioDev/TagStudio,0.14273700829374827,0.96,0.006296301363425339,0.012118520591368904,0.01394570298143152,0.04,0.013858253488743557,0.04,0.08,0.022417941672345988,0.021931317149277416,0.04,0.017110714483738944,0.04,0.12,0.0827389508626184,0.08023771913046535,0.08,0.06516608398059656,0.28,0.48,25,1.0
TeamAmaze/AmazeFileManager,0.09986102907264581,0.84,0.002618446376099726,0.09761646062444877,0.0998331596096511,0.0,0.08500021836365755,0.48,0.52,0.08544507860027237,0.07854286663368176,0.0,0.06534038786527185,0.52,0.52,0.24453690124233377,0.22765905679374776,0.08,0.18946014291891294,0.72,0.72,25,0.0
TryGhost/Ghost,0.6354829083038771,0.96,0.05535833246912036,0.5202698939668643,0.5316031304024712,0.68,0.2250663520751325,0.72,0.64,0.19214559609707893,0.1617058334529874,0.16,0.09417209094987591,0.56,0.32,0.2207357287746108,0.18052118197290867,0.2,0.1047222915530433,0.48,0.44,25,1.0
TypeStrong/ts-node,0.37383633042606007,0.96,0.0028181818181818186,0.15078787878787878,0.1507878787878788,0.2,0.07612121212121213,0.2,0.24,0.1360608131428177,0.1360608131428177,0.12,0.08272747980948437,0.2,0.24,0.16433790229006628,0.16335088930305333,0.12,0.10929028324244726,0.4,0.44,25,1.0
WebAssembly/binaryen,0.06477956525960274,0.92,0.0010836171787457875,0.06380234398168802,0.06460844677023042,0.16,0.038483416697644914,0.24,0.32,0.0723208454845013,0.058559885815077956,0.2,0.031276469437346216,0.28,0.24,0.17435633498468028,0.14639485567550592,0.24,0.10672497570065939,0.52,0.6,25,1.0
WebAssembly/wabt,0.03453201430700119,0.92,0.0001238390092879257,0.034408944484106356,0.03453201430700119,0.0,0.014265084713079674,0.08,0.2,0.03985491940989059,0.021825166426288286,0.0,0.012777425902235193,0.08,0.04,0.11544499020404071,0.07816381594543217,0.04,0.0569631369585839,0.28,0.24,25,0.0
WordPress/gutenberg,0.005141970732226885,0.24,0.001009035938703254,0.00406956350563,0.005035161653455189,0.0,0.002413954585646503,0.04,0.16,0.043430026624842216,0.04064456593520735,0.04,0.0266910039475877,0.08,0.12,0.14381046185396099,0.13337794296413355,0.16,0.06727329162278656,0.24,0.32,25,0.0
XAMPPRocky/tokei,0.3832391713747646,1.0,0.006591337099811676,0.07156398104265403,0.07285458001981414,0.0,0.06911621638507326,0.0,0.0,0.11516587677725118,0.06919029640935016,0.0,0.02975384011210186,0.0,0.0,0.23601895734597156,0.15421408234485587,0.0,0.057816781356824665,1.0,1.0,1,0.0
XRPLF/rippled,0.2005224330767347,1.0,0.007965091008720462,0.19767795017006237,0.19994690511770263,0.16,0.1087815891539157,0.48,0.48,0.1598625229480493,0.14592598704252985,0.08,0.09108358822219507,0.52,0.4,0.22520985854771827,0.19583251048572609,0.12,0.12061246876432476,0.64,0.56,25,1.0
YOURLS/YOURLS,0.5025192086075836,0.96,0.0958517433769694,0.4649561897047914,0.4997694609511962,0.48,0.07157371510581526,0.2,0.88,0.14266828884577484,0.15844443169045344,0.2,0.09668029518972705,0.16,0.2,0.16182075949371125,0.17732949286848773,0.2,0.10879949386024278,0.2,0.2,25,1.0
ZoneMinder/zoneminder,0.10451651877753498,0.6,0.002505275914665998,0.09605889053765956,0.09833254829270355,0.3,0.037771640818052225,0.3,0.4,0.03149593250875096,0.02677189792371539,0.0,0.008619295300376062,0.2,0.0,0.04085848574570894,0.031693956833125446,0.0,0.015399941478423825,0.2,0.0,10,1.0
a2aproject/A2A,0.032025437059762,0.6666666666666666,0.030910609857978277,0.0,0.02109094098044374,0.0,0.02109094098044373,0.0,0.0,0.0,0.02109094098044374,0.0,0.02109094098044373,0.0,0.0,0.0,0.02109094098044374,0.0,0.02109094098044373,0.0,0.0,3,0.0
aio-libs/aiohttp,0.12059653624062529,0.92,0.005813164641263374,0.04877045108324209,0.05274137088273059,0.0,0.03718207398157177,0.2,0.2,0.06975148207152068,0.05733159519301917,0.0,0.0339206916238253,0.16,0.2,0.13532139412842564,0.10239302164389633,0.08,0.053771756855712616,0.28,0.36,25,0.0
akka/akka-core,0.031156901587740017,0.72,0.004772625631804708,0.026548354347521883,0.031156901587740017,0.04,0.020340478173382148,0.24,0.28,0.13717246743736028,0.11869614715648855,0.16,0.06448991185530038,0.36,0.48,0.16896679605648476,0.142608860329914,0.16,0.08783586681912237,0.52,0.44,25,1.0
alicevision/Meshroom,0.07441567522711573,0.96,0.014351021368247794,0.0596762239040599,0.07171499297652169,0.08,0.06151482975992024,0.32,0.08,0.06559109984294852,0.06850576537767399,0.04,0.05651717432850547,0.36,0.04,0.07497448602713434,0.07666950420188616,0.04,0.06153432064150386,0.44,0.16,25,1.0
alshedivat/al-folio,0.1880432666958839,0.92,0.033026488937813216,0.1555411069341864,0.17924294209057132,0.24,0.07869375337425391,0.52,0.6,0.0658330857975925,0.0816944769002876,0.08,0.04255373619768003,0.4,0.4,0.08954049728233066,0.10361210829158131,0.12,0.055306258437079855,0.48,0.44,25,1.0
andrewyng/aisuite,0.06026324069216438,0.88,0.004462738562514661,0.014103786710979069,0.01507993555962067,0.0,0.01507993555962067,0.04,0.68,0.022560439538210995,0.019547586462525867,0.0,0.019376298550640988,0.04,0.68,0.028959623318713473,0.025184363742014895,0.0,0.02389908645559826,0.04,0.72,25,0.0
angr/angr,0.11018171353588263,0.88,0.02577337589772284,0.0881490801598258,0.11018171353588263,0.0,0.08415648379720471,0.68,0.44,0.09935190381970312,0.11485215720018989,0.08,0.08108013997067541,0.72,0.52,0.1400667466539478,0.147594015126902,0.16,0.09450543082219409,0.68,0.56,25,0.0
angular/angular,0.16808243575794699,0.96,0.003370010857536968,0.16591033525957335,0.167908450444611,0.16,0.10182147028236997,0.64,0.64,0.1351883170941946,0.12953488967524024,0.08,0.07540840358082052,0.48,0.6,0.21929587835247688,0.1995446129732062,0.2,0.12255974261488765,0.64,0.76,25,1.0
ankidroid/Anki-Android,0.2691515886580101,0.92,0.017579549845148205,0.22241580670990546,0.2277954076383809,0.36,0.1372355193522627,0.36,0.4,0.22518396223086826,0.20744210438012609,0.32,0.13260184874848055,0.36,0.44,0.30610045898568294,0.29443322812248707,0.44,0.2163326845666781,0.6,0.64,25,1.0
ansible/ansible,0.0416041484345413,1.0,0.016066346587905636,0.0220558225173639,0.03402446813073659,0.04,0.026696900719138075,0.28,0.16,0.06478252470773799,0.058925274134174775,0.12,0.039972703163731575,0.44,0.28,0.13503403065584274,0.12134156781969291,0.2,0.0820914922089285,0.56,0.44,25,1.0
ansible/awx,0.023144169644951834,0.96,0.0,0.023144169644951834,0.023144169644951834,0.0,0.01512132740076301,0.2,0.2,0.05187680604171429,0.04858123049385734,0.08,0.02376762901990502,0.24,0.28,0.1449389412891512,0.12374108338426691,0.16,0.07277829329759027,0.4,0.48,25,0.0
antiwork/shortest,0.07965421864628493,0.88,0.0,0.07161812910790706,0.07161812910790705,0.04,0.026913580621845953,0.24,0.36,0.12647299651753097,0.11238596651304837,0.12,0.05256725001718924,0.32,0.44,0.1497473951816966,0.1266244041741572,0.12,0.05667856183025668,0.32,0.48,25,1.0
apache/airflow,0.04439661382525304,0.96,0.004271438481595565,0.02812356732837058,0.030006464954585053,0.0,0.024125272746138758,0.12,0.24,0.06104053559124468,0.04440821161807329,0.0,0.027996090431387132,0.24,0.28,0.20242666345483268,0.17430158754171132,0.04,0.13665397915428412,0.76,0.64,25,0.0
apache/cassandra,0.019560181586588784,1.0,0.006824493400953946,0.01166113758061801,0.0181316778339619,0.0,0.012903181000638572,0.04,0.44,0.036281467611215944,0.02650781156632025,0.04,0.01764210350182222,0.04,0.48,0.2185863784421461,0.19296979341314757,0.16,0.14023200379051393,0.72,0.84,25,0.0
apache/flink,0.4355374454957449,1.0,0.057975212092271536,0.41275598714882866,0.4355374454957448,0.48,0.23611650302810716,0.68,0.96,0.11163468605661596,0.09615432718669177,0.04,0.06336847605977106,0.4,0.72,0.3149946721303732,0.28380542917543183,0.08,0.23002013734336021,0.88,0.92,25,1.0
apache/hbase,0.0733354005958286,1.0,0.0028511616011883973,0.06538552085220145,0.06789295024077677,0.0,0.04868969039451437,0.52,0.52,0.11433850502875159,0.10052956165327212,0.04,0.04605262558064636,0.56,0.56,0.3297964864612476,0.2901911690540686,0.12,0.22277155133651816,0.88,0.72,25,0.0
apache/iotdb,0.025171593593237843,0.84,0.004610185020281764,0.02077724366589673,0.02517144226686216,0.0,0.013474752600001406,0.16,0.28,0.05162613070902837,0.042186894457715125,0.08,0.015872128032447867,0.2,0.28,0.24759062548614696,0.2020907374479381,0.2,0.12981896154147335,0.64,0.64,25,0.0
apache/maka,0.1395939412263992,1.0,0.04400787170452448,0.08352881221719959,0.1138797688444224,0.08,0.09547649709135268,0.48,0.48,0.09250233163298878,0.11543921056258927,0.08,0.09689549134162562,0.48,0.48,0.11687600006364267,0.13320875085008413,0.12,0.10606796569021988,0.56,0.48,25,1.0
apache/maven,0.07149598626439864,1.0,0.0002802084712509479,0.0005,0.0005154073516425887,0.04,1.5407351642586777e-05,0.0,0.0,0.013404862548573222,0.013420269900215808,0.04,0.011777412757358658,0.0,0.0,0.1493079220547186,0.14755800639364852,0.12,0.135460143245571,0.56,0.6,25,1.0
apify/apify-mcp-server,0.10854009642096546,0.84,0.0019715824245440973,0.10686282692602475,0.10854009642096546,0.16,0.07697358914630426,0.48,0.64,0.10761501935972452,0.10188981359980516,0.16,0.08146570849722429,0.4,0.6,0.13921187997374937,0.12318764220841676,0.2,0.09431676895974739,0.4,0.64,25,1.0
apollographql/apollo-client,0.12668153220209258,0.92,0.0027345413429789543,0.09135261081139526,0.0926967479214122,0.12,0.05816438279636778,0.12,0.12,0.15536836810418417,0.12979191511529373,0.08,0.0745753454101371,0.36,0.24,0.21561888362145024,0.17615848221845107,0.2,0.10105479370579466,0.44,0.36,25,1.0
apple/foundationdb,0.21281306563262412,0.92,0.014742688719491703,0.2060125873703949,0.21281306563262412,0.12,0.1477019079675844,0.56,0.64,0.08658655589841364,0.07176313669734372,0.08,0.04633242502895052,0.4,0.56,0.16176937790365206,0.1404131675953307,0.08,0.09938289196772869,0.56,0.72,25,1.0
apple/pkl,0.14045610534760006,1.0,0.011071171788347958,0.10785825944733739,0.11501143911948741,0.24,0.0627358124009624,0.28,0.36,0.05708166445041079,0.054359326483895645,0.12,0.0438196932937093,0.12,0.16,0.1191677044605192,0.1083067086357445,0.16,0.08310854744052158,0.24,0.32,25,1.0
apple/swift-nio,0.08956439966155032,0.96,0.009880128397355954,0.07987273371853405,0.08848741484590313,0.0,0.0617596028888168,0.56,0.52,0.09297493467019798,0.08208360728119214,0.0,0.05404673800672841,0.56,0.48,0.23328353040697308,0.19639480176503912,0.04,0.15318476498264413,0.76,0.68,25,0.0
asdf-vm/asdf,0.1363248281049941,0.96,0.012774001432520587,0.12221074499268378,0.129258087299479,0.28,0.03556485191141278,0.4,0.6,0.1486198255825235,0.148820715662205,0.28,0.03568685484433572,0.4,0.64,0.1963597571788906,0.17301556073563557,0.28,0.032454261369638325,0.44,0.68,25,1.0
aseprite/aseprite,0.35908015043691777,1.0,0.0639765299101117,0.3250964027147249,0.3430155917056528,0.4,0.15124375053292996,0.48,0.68,0.05010155873107435,0.038234767187874136,0.0,0.027183822672616365,0.2,0.36,0.06595272431756925,0.05105836755731792,0.0,0.04006005180329707,0.24,0.4,25,1.0
astral-sh/ruff,0.05682657132115751,0.52,3.1746031746031745e-05,0.013891679453599457,0.013882828891929197,0.0,0.013431134212012136,0.0,0.0,0.0400491220071244,0.03416335581176973,0.08,0.02057725070333882,0.04,0.0,0.11682388216112591,0.09539237361117081,0.16,0.053277022576748434,0.28,0.28,25,0.0
astropy/astropy,0.19293780193892168,0.96,0.010584276374242979,0.17931849362578856,0.18689003752356137,0.2,0.10366576551317122,0.72,0.76,0.1745482577424659,0.17183667046582354,0.16,0.09329255311556268,0.68,0.76,0.20704449586623483,0.18674753293630306,0.2,0.0946824883614195,0.72,0.8,25,1.0
awsdocs/aws-doc-sdk-examples,0.20932920102475117,0.92,0.0270031665503785,0.20361932842256586,0.20650721196547395,0.16,0.1059400647197222,0.48,0.72,0.3088905084807098,0.30558205771480035,0.32,0.1249111834084629,0.56,0.8,0.3167029187038934,0.31318978138708947,0.32,0.13040994049865579,0.52,0.8,25,1.0
babel/babel,0.04849167123706289,0.92,0.00030592734225621415,0.04820519592234898,0.04849167123706289,0.08,0.023470677111717197,0.44,0.32,0.04969104194972867,0.04548525445130659,0.12,0.010850552435811282,0.08,0.24,0.09155563790560908,0.07955633508201894,0.16,0.03194196874240971,0.32,0.32,25,1.0
baserow/baserow,0.11319327547978462,1.0,0.0008667410860867,0.0020666057927512696,0.0024404067748977714,0.0,0.0021068188803465694,0.0,0.0,0.00776138326611225,0.00697910949371349,0.04,0.003089782531215727,0.0,0.0,0.07590833109475413,0.06561267733308672,0.08,0.03301534745425434,0.12,0.24,25,0.0
beetbox/beets,0.2709776836914378,1.0,0.024189752438860665,0.1999483294116121,0.21337913447365042,0.28,0.08617250386252434,0.52,0.68,0.2220728688839736,0.21611734120540155,0.32,0.0839343443534192,0.52,0.64,0.2874804365932332,0.26903373111159573,0.4,0.119781548370202,0.6,0.72,25,1.0
beeware/toga,0.16112590634657084,0.96,0.0012868862693254013,0.08931591753887197,0.08991550066411351,0.04,0.08668620096742354,0.44,0.56,0.09913076328170643,0.09483745278669355,0.0,0.08847380608239043,0.48,0.48,0.11171534561630458,0.10205442171961385,0.04,0.08865697732142554,0.48,0.52,25,1.0
bentoml/OpenLLM,0.020950594121325827,0.3333333333333333,0.0040650406504065045,0.0032051282051282055,0.0055425265791119414,0.0,0.005542526579111935,0.0,0.0,0.13140841682448035,0.12771786108330652,0.16666666666666666,0.10214708482759877,0.16666666666666666,0.16666666666666666,0.16097830929759863,0.1572877535564248,0.16666666666666666,0.13171697730071705,0.16666666666666666,0.16666666666666666,6,0.0
bilawalsidhu/gods-eye-view,0.15728537678399823,1.0,0.002639553567040594,0.14101868642076476,0.14247651230533187,0.0,0.14137044347665245,0.8,0.84,0.13515764097113853,0.13653205218389122,0.0,0.13542598335521178,0.8,0.84,0.1603814480422925,0.16096144718769756,0.04,0.15093352055580442,0.84,0.88,25,0.0
binwiederhier/ntfy,0.447335211110148,1.0,0.062316403088015046,0.414539940554392,0.4333691881260229,0.56,0.1343378679598435,0.52,0.52,0.17311092904671316,0.15389030022916256,0.16,0.10914183769606907,0.52,0.44,0.1901159042329187,0.14872314224446778,0.16,0.0985676950163882,0.52,0.48,25,1.0
biomejs/biome,0.032531792443165244,0.84,0.0028555903866248696,0.031017546551490728,0.03248544045179944,0.04,0.009048760316551685,0.12,0.16,0.03562041694917775,0.024788542823418244,0.0,0.015482804618325914,0.28,0.2,0.08557471136234666,0.06430976107016129,0.0,0.047723936995792006,0.44,0.32,25,1.0
bitsandbytes-foundation/bitsandbytes,0.2267545379325543,0.96,0.02023698932353248,0.19435825758621367,0.2056277877877784,0.32,0.05953069424152041,0.48,0.44,0.17849115608474467,0.17580293438526845,0.28,0.06304551896031203,0.44,0.48,0.2094333295934987,0.18825842666282921,0.28,0.07447858968752397,0.48,0.52,25,1.0
bitwarden/clients,0.11342723004737526,0.68,0.012710798632904544,0.10457643810186946,0.11276148554747906,0.12,0.054481648197159976,0.36,0.44,0.13633243383818472,0.12233113860266308,0.12,0.0708459004203249,0.4,0.4,0.1928787774079448,0.17350216791753165,0.24,0.08611490658471738,0.6,0.48,25,1.0
bitwarden/server,0.5810369482809873,0.96,0.13869020545351404,0.5203185853994846,0.5647646712118848,0.92,0.22370251977335637,0.64,0.68,0.09322076240063064,0.11096332728250463,0.08,0.08699907597631357,0.48,0.64,0.11415910079003762,0.12990777294085065,0.08,0.09984307992654115,0.52,0.72,25,1.0
blender/blender,0.1349829756437902,0.88,0.011224521243032243,0.10117229093138976,0.10730437635739662,0.2,0.03498173142609182,0.12,0.16,0.12245861382477057,0.10281995570232802,0.12,0.05832776826129957,0.12,0.2,0.15307955652654096,0.12486745571028544,0.24,0.06622433348553824,0.24,0.24,25,1.0
borgbackup/borg,0.06969462531843586,1.0,0.006470200928857656,0.03523031646792963,0.037344255908426625,0.04,0.03416016496355135,0.04,0.04,0.04266198594979259,0.0352917700410787,0.04,0.030319660766719193,0.04,0.04,0.09078108006974114,0.07315074989721192,0.08,0.055932692575959855,0.16,0.32,25,1.0
boto/boto3,0.013649960441195479,1.0,0.0010494980043420964,0.006039411710775628,0.006921865394769694,0.045454545454545456,0.004406381324846417,0.045454545454545456,0.045454545454545456,0.018224289720079032,0.013206648434825398,0.045454545454545456,0.008787576953493166,0.045454545454545456,0.09090909090909091,0.08329864027129587,0.06863419090531984,0.09090909090909091,0.054968995196099345,0.2727272727272727,0.09090909090909091,22,1.0
bpftrace/bpftrace,0.027273127964681062,0.68,0.0,0.01863332798441427,0.018633327984414267,0.0,0.014712359427874307,0.12,0.16,0.04712722866580313,0.03299314017293517,0.0,0.024855377231605125,0.2,0.24,0.07012257133406835,0.05018656990916665,0.0,0.028938107634454386,0.24,0.32,25,0.0
brndnmtthws/conky,0.27770701526756,0.92,0.014836807573679356,0.14976909513131248,0.15164502056897816,0.24,0.06997109767345598,0.36,0.48,0.0800280307828189,0.06389139554499933,0.04,0.02680794842803726,0.4,0.4,0.29757073279099566,0.27284315911852003,0.28,0.17522275093225137,0.56,0.56,25,1.0
cakephp/cakephp,0.19110823244346078,0.96,0.027235962692227517,0.1722004258374099,0.1873402169344522,0.24,0.06076496872381807,0.32,0.6,0.08285886985824495,0.07314130898712178,0.04,0.03806180947545616,0.28,0.16,0.16669834451756121,0.14516478764163054,0.08,0.08781517422832057,0.6,0.32,25,1.0
changesets/changesets,0.021718847812317334,0.72,0.0,0.021718847812317334,0.02171884781231733,0.04,0.015792802419131592,0.16,0.0,0.049375611781292815,0.03348386777654903,0.04,0.021981537060832026,0.24,0.04,0.11124575804267611,0.08183113967616672,0.08,0.04121728366835473,0.4,0.28,25,1.0
chocolatey/choco,0.0657534766526905,1.0,0.002018178341727989,0.05027949548968858,0.051856373691739475,0.04,0.043286501632094014,0.36,0.4,0.09662989615717381,0.06453450301069835,0.04,0.03216352279345673,0.32,0.48,0.11717889835556594,0.10224435932071867,0.08,0.05993457467300848,0.48,0.52,25,1.0
clash-verge-rev/clash-verge-rev,0.24384681666101585,0.92,0.007097058151909173,0.13951774087792265,0.14394937992123646,0.24,0.0724585015494331,0.24,0.36,0.17348852570838183,0.1553772663831073,0.28,0.07674743074209696,0.32,0.36,0.1941890087237309,0.1681566963891559,0.32,0.08287878973789976,0.44,0.4,25,1.0
cloud-custodian/cloud-custodian,0.15747910769750295,1.0,0.01033302441070919,0.1351181155723677,0.14229876302951527,0.16,0.07678486681329555,0.4,0.6,0.19168296942246724,0.1861429751767589,0.24,0.10046067646985783,0.44,0.64,0.2385317157828286,0.22356402131386857,0.2,0.13002563821972468,0.48,0.72,25,1.0
cloudflare/workerd,0.12740542331134866,1.0,0.0038972920288033604,0.12417926537871858,0.12733372196024578,0.12,0.08073755214936346,0.48,0.56,0.13169655251143458,0.11382930816531193,0.08,0.0712128161136269,0.44,0.52,0.18233467313342616,0.1522031424475487,0.12,0.08987635940506272,0.48,0.64,25,1.0
cmderdev/cmder,0.3057177602966169,1.0,0.08003815775491824,0.0006651104469918868,0.0046361226182401166,0.0,0.004025377032552025,0.0,0.0,0.1625288555222757,0.15741687671361185,0.2222222222222222,0.1381108118090673,0.4444444444444444,0.3333333333333333,0.18135053975459273,0.16922709888796858,0.0,0.16323525041616516,0.5555555555555556,0.3333333333333333,9,0.0
coder/code-server,0.011904761904761904,1.0,0.0,0.011904761904761904,0.011904761904761883,0.0,0.011904761904761862,0.0,0.0,0.006944444444444444,0.004960317460317458,0.0,0.004960317460317443,0.0,0.0,0.03869047619047619,0.03273809523809522,0.0,0.02480158730158727,1.0,1.0,1,0.0
coder/coder,0.42956097447647035,0.96,0.004541479260369814,0.3438121485269761,0.34575880980023643,0.64,0.12401487215381402,0.44,0.4,0.15784174061981632,0.12810946646604807,0.16,0.06390661620224312,0.36,0.36,0.19750545020335575,0.1441794641120401,0.16,0.05878271524661596,0.36,0.36,25,1.0
comet-ml/opik,0.015493218530143673,0.64,0.0,0.007186858392237975,0.007186858392237979,0.0,0.0071868583922379825,0.04,0.16,0.04071601408107926,0.03759223986476124,0.04,0.02754109498096918,0.12,0.16,0.07187428919276065,0.06651664044789127,0.08,0.051180011878406,0.24,0.36,25,0.0
compiler-explorer/compiler-explorer,0.29706979879609213,0.84,0.027605078956762775,0.20292355730550782,0.21672648574379363,0.28,0.12700255961144313,0.48,0.32,0.19471459757565074,0.20631945422631506,0.24,0.145690014836073,0.52,0.32,0.22445695490693798,0.22671883851867947,0.28,0.15726835326312108,0.48,0.44,25,1.0
conda/conda,0.1068917391517642,0.88,0.01363367001129246,0.09403853154801275,0.10327346978402235,0.2,0.06712838119320573,0.24,0.32,0.13069753853428673,0.12217054263590202,0.16,0.08038467253023647,0.32,0.32,0.20730873435450164,0.17350569267432392,0.12,0.12224355648861314,0.4,0.52,25,1.0
crablang/crab,0.0,0.0,0.0,0.0,0.0,0.0,0.0,0.0,0.0,0.002,0.002000000000000001,0.0,0.0020000000000000018,0.04,0.04,0.00592156862745098,0.00592156862745098,0.0,0.005921568627450981,0.04,0.08,25,0.0
curl/curl,0.022762612132111372,1.0,0.011381306066055686,0.011554104641444024,0.022762612132111372,0.0,0.018442031132233153,0.04,0.28,0.0530774494767071,0.05116301484427356,0.0,0.02798757182499299,0.04,0.28,0.1002891033025747,0.09016423867782461,0.04,0.0565483711301792,0.2,0.36,25,0.0
cvxpy/cvxpy,0.05879927049577747,0.96,0.006989144444940658,0.017138093793848237,0.023710830898296478,0.04,0.012375419089987428,0.12,0.4,0.02542511918082495,0.023900055173959666,0.0,0.010853777120014407,0.2,0.32,0.169502143672965,0.14757847382970732,0.12,0.09413378494801662,0.68,0.68,25,1.0
dahlbyk/posh-git,0.535150766838919,1.0,0.10334602350495578,0.37201313326011365,0.3978021004548446,0.64,0.14106548770705168,0.32,0.52,0.05608066355780836,0.07409832145824172,0.24,0.04033256709433121,0.28,0.2,0.08857866017212267,0.09730484606285415,0.24,0.05959586275498447,0.28,0.2,25,1.0
dask/dask,0.14703112266298132,1.0,0.011751239783154259,0.13702834988129087,0.14641104286419304,0.24,0.07044310418473491,0.52,0.72,0.1431695261306323,0.13891335019769127,0.24,0.06566040473235085,0.56,0.6,0.20589750206043023,0.18672250017253408,0.24,0.0884390825030301,0.76,0.8,25,1.0
dbcli/mycli,0.000818608061221991,0.35294117647058826,0.0,0.00025577784015759405,0.00025577784015759237,0.0,0.0002557778401575901,0.0,0.0,0.007327556990584857,0.004870063808882534,0.0,0.004009433180048414,0.0,0.0,0.03912500445929412,0.03308742755057049,0.0,0.02828503086261435,0.11764705882352941,0.11764705882352941,17,0.0
dendronhq/dendron,0.14992545925340173,0.44,0.0,0.114031141930513,0.114031141930513,0.16,0.05771561771561771,0.12,0.16,0.07980639136555331,0.07162173912274415,0.08,0.025500578280827566,0.16,0.16,0.10514979067181851,0.09494570384169576,0.12,0.03277983837869946,0.24,0.24,25,1.0
dependabot/dependabot-core,0.0635970816224727,0.96,0.0010021805128560633,0.06164228522607128,0.06250735097376406,0.08,0.03548254218022275,0.32,0.4,0.0853350531189196,0.07374387520374256,0.12,0.04237392196086977,0.32,0.44,0.15669431677334658,0.11927352202201719,0.08,0.05810521410484858,0.44,0.64,25,1.0
dicedb/dicedb,0.13604252742705994,1.0,0.010198932073466565,0.12580791739352956,0.1359756710082147,0.0,0.09744513691815314,0.8,0.84,0.07657837777813438,0.07219963871986664,0.0,0.047096166239472215,0.56,0.52,0.14633562960147434,0.13601860288786194,0.04,0.0943783697344299,0.6,0.6,25,0.0
discordjs/discord.js,0.08598203420284166,1.0,0.06421911840058821,0.014596739714276125,0.07779833334762727,0.0,0.04856089492361064,0.68,0.56,0.034322631573349784,0.08677554558311426,0.08,0.04933255447347694,0.68,0.6,0.13888279150469754,0.17694631540873637,0.16,0.1163705533288414,0.72,0.68,25,0.0
discourse/discourse,0.22193196544265523,0.96,0.07924028573283856,0.1756753161599468,0.19458096078387815,0.16,0.11355466044465874,0.68,0.56,0.18109524785416053,0.1773120704639084,0.16,0.10000105361992045,0.52,0.68,0.22455235997857828,0.20920858231098996,0.2,0.11737135246254438,0.6,0.76,25,1.0
django-oscar/django-oscar,0.38990852265294396,0.96,0.018405901467798424,0.3781903542347056,0.38990852265294396,0.56,0.12971512316867567,0.56,0.96,0.3901483678705904,0.39370567889100583,0.56,0.13327980977901388,0.6,0.96,0.4481496151401139,0.4380241352459096,0.64,0.15645325506871577,0.72,1.0,25,1.0
django/django,0.19091950330129442,1.0,0.014304758326276501,0.179728077228665,0.19028350055262722,0.24,0.08687486469978536,0.68,0.76,0.21244801680345052,0.2089612467015862,0.28,0.08766775028672785,0.68,0.8,0.2474681133348389,0.23817210329909236,0.32,0.10644756743713589,0.6,0.76,25,1.0
dlt-hub/dlt,0.11955878485949668,0.96,0.015496182459721624,0.09957906328533823,0.11442421845481925,0.08,0.09750346761568444,0.6,0.48,0.06923129454228488,0.07828454745844107,0.04,0.057881265823054216,0.44,0.44,0.10245811792456899,0.09827500421244262,0.04,0.06535637981837836,0.48,0.48,25,1.0
docling-project/docling,0.1302465345861614,1.0,0.12247344518280728,0.007850874112121382,0.06920404244624369,0.08,0.10765075464676305,0.16,0.44,0.011588299865244412,0.06999363074180537,0.08,0.10626566880536453,0.16,0.44,0.044040163214587216,0.0908118820266142,0.12,0.11884229865060983,0.24,0.48,25,1.0
dolphin-emu/dolphin,0.3259022023980155,0.96,0.06947656169958752,0.21356376838800092,0.2507753543170736,0.36,0.06982931200810848,0.6,0.68,0.056372715759992115,0.06844573819075885,0.12,0.032198849068036176,0.44,0.32,0.07692393807242145,0.08367387805280053,0.12,0.040348575642414494,0.44,0.4,25,1.0
domaindrivendev/Swashbuckle.AspNetCore,0.6069506161504777,1.0,0.07459779155704985,0.4429898220318103,0.4664628668322443,0.76,0.20310670364480443,0.56,0.44,0.11312998008619651,0.0846696929326363,0.12,0.06199774992998692,0.32,0.2,0.22836315323934872,0.19046680587319237,0.32,0.09940115580165104,0.52,0.44,25,1.0
dotnet/aspnetcore,0.5686969640836756,1.0,0.09216537557900219,0.4810714285984504,0.5223376751344246,0.84,0.2191425894225193,0.76,0.72,0.11475502169469523,0.08438759379495085,0.08,0.04906786960826486,0.44,0.4,0.15124942757459395,0.11074238102967211,0.12,0.052076927202102025,0.44,0.52,25,1.0
dotnet/msbuild,0.022879218504203092,0.92,0.0,0.022879218504203092,0.022879218504203092,0.0,0.022222115775471153,0.08,0.24,0.019573115154316464,0.011729763971338267,0.0,0.009862346142838907,0.0,0.04,0.04693513694835533,0.037456601073512744,0.0,0.017655966920022918,0.12,0.36,25,0.0
dotnet/runtime,0.6923385694419336,1.0,0.11403487051642612,0.6326303448100294,0.6665884079235838,0.9444444444444444,0.33097927842299196,0.7777777777777778,0.9444444444444444,0.789748858844391,0.6128242329206018,0.9444444444444444,0.2571091169401621,0.7777777777777778,0.9444444444444444,0.6993601736897787,0.3648848111333986,0.5555555555555556,0.07181126304924247,0.7777777777777778,0.9444444444444444,18,1.0
elastic/elasticsearch,0.14177032086966687,0.8,0.0015661004726389167,0.1014735263004743,0.10272728341275895,0.08,0.04744250341317187,0.48,0.44,0.12230320598590495,0.11464981421880525,0.12,0.05817011919110266,0.52,0.4,0.21886442556337546,0.18767097619853831,0.16,0.09324871158020613,0.68,0.52,25,1.0
electron/electron,0.11286614296677319,0.8,0.0,0.11276449112433355,0.11157680824500657,0.16,0.04448195105882755,0.24,0.32,0.15153968638380547,0.14390057003551127,0.2,0.04773004748374153,0.28,0.36,0.21203179047976214,0.19634415231331787,0.28,0.08009790949745063,0.56,0.48,25,1.0
electron/forge,0.14815948803914872,0.88,0.0015383975272875083,0.114512176466519,0.11281645064764677,0.12,0.08504386414702529,0.24,0.28,0.15006249013283374,0.1325929044711959,0.12,0.0922167349728444,0.32,0.24,0.16458951669377705,0.1404520969362674,0.12,0.09875735133001476,0.4,0.32,25,1.0
element-hq/element-web,0.18243203104340933,0.84,0.016090222947727835,0.1704543974816486,0.17902354280680297,0.2,0.08013805824425635,0.56,0.56,0.07764974289710681,0.0791427260248294,0.04,0.029976310134376957,0.36,0.56,0.10326403836036864,0.10112196567834973,0.12,0.044094136292312805,0.36,0.6,25,1.0
emacs-lsp/lsp-mode,0.048350412659344776,0.6666666666666666,0.006607929515418502,0.04455638614331501,0.048065860670642536,0.08333333333333333,0.008462071674751664,0.08333333333333333,0.16666666666666666,0.06812907468075638,0.06904870997298794,0.16666666666666666,0.026154121459219994,0.16666666666666666,0.25,0.1542617439177766,0.1290005586474718,0.16666666666666666,0.03939760376439399,0.25,0.4166666666666667,12,1.0
emscripten-core/emscripten,0.15896352539064015,0.8,0.030527883274186388,0.14023177036470755,0.15627528658193884,0.16,0.08811701018514588,0.4,0.56,0.049091906109438074,0.02975143413836528,0.0,0.019195523639700906,0.16,0.4,0.13606092059705527,0.11077357331467119,0.12,0.08297654173284624,0.28,0.56,25,1.0
enso-org/enso,0.5263301133747791,0.9411764705882353,0.01866926862635002,0.4809342729970115,0.48683431505545144,0.7647058823529411,0.13044559727296146,0.7058823529411765,0.8823529411764706,0.12415458869802233,0.12464839417952384,0.5294117647058824,0.08798536675082758,0.0,0.23529411764705882,0.13928912736197277,0.12665223306964202,0.5294117647058824,0.08662786110313067,0.0,0.29411764705882354,17,1.0
enyo/dropzone,0.17457334204962724,1.0,0.017852948085506224,0.0,0.0,0.0,0.0,0.0,0.0,0.0,0.0,0.0,0.0,0.0,0.0,0.0,0.0,0.0,0.0,0.0,0.0,6,0.0
eslint/eslint,0.7605156019442977,0.96,0.06496435493150582,0.7460741887733393,0.757848774550466,0.92,0.3177029528942008,0.84,0.96,0.39540277508662824,0.39798583446953034,0.6,0.10426938540087197,0.68,0.96,0.40058451782081095,0.39602813779071633,0.6,0.09850608866281613,0.64,0.96,25,1.0
esp8266/Arduino,0.2361694017802944,0.92,0.017256710959153633,0.2275875324932116,0.2361694017802944,0.32,0.13138279775250228,0.72,0.8,0.10497684829528389,0.09674130970465164,0.08,0.05753341886467024,0.4,0.52,0.1637940015772149,0.14930812237486696,0.08,0.09738871003339772,0.56,0.6,25,1.0
espressif/esptool,0.12263165148042426,0.84,0.006384411429057622,0.06849243393411011,0.07343232206746249,0.0,0.06738693916507921,0.36,0.48,0.03794742074738109,0.036974421443967946,0.0,0.028355573178938758,0.12,0.2,0.05849244109935295,0.05694612138510171,0.0,0.04644897680619836,0.2,0.36,25,0.0
eza-community/eza,0.5994875688519852,0.72,0.003773314203730273,0.003870967741935484,0.007299733300472665,0.0,0.003167318816527589,0.04,0.04,0.05916418323269472,0.062563022111597,0.04,0.018487296835211706,0.08,0.12,0.06154367178623699,0.06492904365930358,0.04,0.018658196431698762,0.08,0.12,25,0.0
falcosecurity/falco,0.30938087941205017,1.0,0.013218565386974863,0.3043492542710814,0.30938087941205017,0.52,0.11070351450187038,0.52,0.88,0.2386555006551939,0.21566335999852917,0.28,0.06964291484970993,0.56,0.84,0.3492081164727983,0.31543827367696525,0.32,0.14591332107749622,0.88,0.96,25,1.0
firecracker-microvm/firecracker,0.17083257352798653,0.88,0.0062505585397953315,0.1640297697890095,0.1686758287919503,0.28,0.09415980315039424,0.52,0.56,0.18041114223462806,0.172246383074613,0.28,0.09532985717007446,0.56,0.56,0.20412180072040523,0.18872681797138213,0.32,0.10209791338318802,0.68,0.68,25,1.0
fivetran/great_expectations,0.06686168729647976,0.68,0.001785351511079451,0.022919605373460827,0.02365516149875151,0.0,0.01662370136558379,0.28,0.16,0.04026857659159959,0.029812137204943592,0.0,0.01715445546077611,0.16,0.12,0.11012619632847442,0.08720884858729368,0.08,0.052900122990179425,0.24,0.2,25,0.0
foliojs/pdfkit,0.1646841577645229,1.0,0.006024220969084263,0.16164705492586276,0.16320267628304141,0.2,0.0830961255745287,0.36,0.56,0.14091744124418754,0.13296561637042767,0.08,0.07559296627885571,0.48,0.52,0.15976635212907334,0.14489230997219615,0.16,0.07808951012044223,0.44,0.52,25,1.0
fonttools/fonttools,0.4639993014917712,1.0,0.049871335558038785,0.4452880955160062,0.46226646531390886,0.56,0.15289967255233647,0.72,0.84,0.17078412160844447,0.17907938568946932,0.2,0.10453275857133786,0.56,0.6,0.18719144698955584,0.18813531368792463,0.24,0.11165514687291438,0.56,0.64,25,1.0
foundry-rs/foundry,0.005087536349729494,0.72,0.0001637812315561676,0.004605856788580616,0.004712638527483828,0.0,0.003700405612433524,0.0,0.0,0.02856426333909943,0.01648189814073914,0.04,0.010611174330640268,0.04,0.08,0.08795576660462757,0.06831483708600526,0.08,0.03230826690370398,0.32,0.24,25,0.0
frappe/erpnext,0.28402512816612274,1.0,0.034400244372727366,0.2554890265464494,0.2835417732368151,0.4,0.13276344689736916,0.64,0.72,0.22077239757761763,0.23621028836212438,0.32,0.11995149690117725,0.6,0.72,0.23561347852448083,0.2493737817739037,0.28,0.13780368811949953,0.64,0.76,25,1.0
frappe/frappe,0.21119271492083327,0.96,0.02558946041901299,0.18931832715961117,0.2046089934837459,0.28,0.12443822904947874,0.6,0.6,0.19899646398252016,0.18153872067813842,0.2,0.1056067841547997,0.64,0.6,0.21802421795124657,0.19509899599118122,0.2,0.11243677746886505,0.68,0.68,25,1.0
frappe/hrms,0.22680197078610895,0.92,0.01054533513022054,0.21744385416150852,0.22360852274468412,0.32,0.13489082318284643,0.6,0.68,0.20067335918925722,0.19892216065333188,0.24,0.1323457608758255,0.6,0.72,0.2167809266866446,0.2053213680565902,0.2,0.13466179238819825,0.64,0.72,25,1.0
gabime/spdlog,0.16877282315357217,0.88,0.0001818181818181818,0.0631265082685212,0.0631265082685212,0.04,0.058441206597326045,0.4,0.4,0.11452138099008796,0.08573032107606847,0.0,0.06621665497567972,0.32,0.56,0.14432728040146114,0.10643294529524923,0.0,0.07683405021825145,0.44,0.6,25,1.0
geopandas/geopandas,0.09530101620491883,0.88,0.01492657335235505,0.07587947819742247,0.08610955640214189,0.12,0.045849422891445786,0.36,0.2,0.11270251905857846,0.10158257249755387,0.16,0.04712590498363904,0.36,0.2,0.22734321191377965,0.1994035549384686,0.24,0.11509910181302345,0.6,0.6,25,1.0
getmoto/moto,0.07509756348337317,0.8,0.012512664842177843,0.06291748208281993,0.07452311123138042,0.12,0.03881234285295635,0.36,0.36,0.06957068440353772,0.07647913434222944,0.04,0.040658964108477545,0.36,0.36,0.11665578989241031,0.11429493130193905,0.12,0.05962141063245781,0.44,0.52,25,1.0
getpelican/pelican,0.6252580215918871,1.0,0.015266623601997795,0.5819744202751437,0.5861709302993312,0.76,0.24097154385099046,0.84,0.92,0.19287534517021435,0.1930469203757763,0.28,0.1141435736139098,0.36,0.44,0.20626058398855965,0.20506104968452907,0.24,0.11869327538311625,0.36,0.52,25,1.0
getsentry/sentry,0.0427465531510394,0.8,0.0020324512226977715,0.0405009969767094,0.04239092339354736,0.08,0.02624014609120392,0.24,0.2,0.06114579512687508,0.05904552542343908,0.12,0.03173168731974611,0.32,0.28,0.13446189125707947,0.10791361040190343,0.08,0.06600612957984214,0.52,0.4,25,1.0
getsentry/sentry-javascript,0.06910735853080556,0.4,0.0025396825396825397,0.06685464576961822,0.06910735853080556,0.04,0.026745238541566917,0.16,0.36,0.11341465125292474,0.11174852951545924,0.08,0.05129042751978404,0.24,0.44,0.14358225501429575,0.1346285014673988,0.12,0.06216129625230245,0.32,0.44,25,1.0
getsops/sops,0.013130479009514678,0.8571428571428571,0.0,0.0056639264442913395,0.005663926444291347,0.0,0.004263366220201721,0.14285714285714285,0.14285714285714285,0.02699626988588761,0.020853224512623482,0.14285714285714285,0.003951264986901856,0.14285714285714285,0.2857142857142857,0.13104658383618678,0.10726127198995804,0.42857142857142855,0.04744413075823962,0.14285714285714285,0.14285714285714285,7,0.0
gitbucket/gitbucket,0.10597656085932351,1.0,0.009968332829741624,0.09762255330006112,0.10396625379083094,0.12,0.059602623808913104,0.56,0.56,0.12826219610377765,0.10668781339455871,0.12,0.07531925179064146,0.36,0.24,0.16333639556567758,0.1297054478280439,0.16,0.07462985058027372,0.4,0.36,25,1.0
gitextensions/gitextensions,0.6609819822937912,1.0,0.09722571014775347,0.6049561416024155,0.6405259775466284,0.92,0.24060633954341534,0.68,0.96,0.25514441007427613,0.18581590915522425,0.24,0.08990823819655398,0.6,0.56,0.3114259761493709,0.23952566229630276,0.28,0.11504238863191679,0.68,0.68,25,1.0
github/codeql,0.017833273336607548,0.8,0.0,0.01658327333660755,0.01658327333660755,0.0,0.011534522936441305,0.04,0.2,0.028357098461112052,0.024399399988266523,0.04,0.016187830750553838,0.04,0.2,0.08314213244408539,0.07447357729685701,0.16,0.05790748584270999,0.2,0.4,25,0.0
gitkraken/vscode-gitlens,0.03658920902050812,0.76,0.011296173109742175,0.003809907991915297,0.0050738155482403504,0.0,0.004622036141259513,0.0,0.0,0.011937314454062549,0.008502535285936978,0.0,0.00850253528593698,0.0,0.0,0.02846546524143222,0.019750219902589232,0.0,0.018265337203928672,0.04,0.0,25,0.0
godotengine/godot,0.40641581499714946,0.96,0.005422649633673459,0.132457568567508,0.134306838308291,0.2,0.07196666818532935,0.28,0.32,0.0531348332074449,0.04854801724833562,0.04,0.0382229959155262,0.28,0.24,0.17986637411558246,0.1662946795344646,0.24,0.11018443251015367,0.32,0.28,25,1.0
godotengine/godot-docs,0.02878702715937352,0.96,0.003421373691717777,0.025527766855259884,0.028745462123921726,0.0,0.021960839655065557,0.08,0.12,0.03588325487436725,0.029457205932038558,0.08,0.009372222078021887,0.24,0.12,0.10623830030781142,0.09752089510166115,0.12,0.057950148051474304,0.4,0.24,25,0.0
google/flax,0.07164310364159696,0.84,0.013893806632647982,0.05393989652494165,0.06542730435603084,0.0,0.034445867762688924,0.52,0.36,0.11687518073165892,0.11028807121470537,0.08,0.04235769090079505,0.48,0.52,0.30481660596970644,0.2728382624176814,0.28,0.0898682880024296,0.76,0.84,25,0.0
google/gson,0.2622504215384403,1.0,0.03102915411926778,0.23891899381893056,0.25257958366522015,0.28,0.1297209126091884,0.52,0.6,0.15821453812437236,0.1406697398539458,0.04,0.0872813233412806,0.44,0.52,0.21100322972330343,0.1802617632552744,0.08,0.10470999772507089,0.56,0.6,25,1.0
google/perfetto,0.07053846462464869,0.88,0.0037125966553120116,0.04359395540832686,0.044444153271153024,0.0,0.03700783620736571,0.12,0.04,0.03999047652168802,0.029244258168607377,0.0,0.02236217154577301,0.12,0.08,0.218394859543623,0.19400330579231548,0.08,0.13277538134994513,0.64,0.56,25,0.0
graphql-dotnet/graphql-dotnet,0.6271341792651824,0.96,0.10164505284749602,0.29673603908431845,0.3122679927180689,0.36,0.18289280922288667,0.44,0.28,0.10146447931348052,0.06782689010668383,0.04,0.05570021491217134,0.16,0.16,0.196187870436979,0.1594289650191196,0.08,0.1277461939871609,0.36,0.36,25,1.0
gristlabs/grist-core,0.18374279617736797,1.0,0.008305116882303508,0.17084979448396523,0.1772300131379492,0.12,0.1383708296449322,0.76,0.44,0.17855906522672033,0.17166836501395114,0.08,0.1282661436342044,0.68,0.44,0.19281837996217152,0.17602797727372302,0.04,0.13091024840130033,0.68,0.52,25,1.0
grokability/snipe-it,0.46198398156460746,0.96,0.005864274212100299,0.004195533769063181,0.004195533769063179,0.0,0.004195533769063178,0.08,0.04,0.006613311546840959,0.006613311546840959,0.0,0.006613311546840959,0.04,0.08,0.014517075764916825,0.013557075764916826,0.0,0.012445964653805718,0.08,0.12,25,0.0
growthbook/growthbook,0.0423875912059615,1.0,0.0,0.040766469844638574,0.040766469844638574,0.0,0.024431406837947915,0.24,0.32,0.07746821365047114,0.0661336637437005,0.04,0.044925628265822144,0.24,0.36,0.11950829892522757,0.09918239218242456,0.08,0.07183217497500564,0.28,0.52,25,0.0
grpc-ecosystem/grpc-gateway,0.3009038997646982,0.96,0.033124723147442865,0.21671380694993253,0.23427055592173537,0.4,0.09705937702424779,0.32,0.24,0.06082720104512197,0.07615508160098554,0.08,0.02955817747412055,0.24,0.16,0.11917287864010392,0.12239908204222961,0.16,0.06253276108433774,0.36,0.36,25,1.0
grpc/grpc,0.21557306895159706,1.0,0.01649832195151737,0.20233524753361792,0.21437254691873972,0.12,0.12786755672196745,0.68,0.96,0.24347879900882696,0.24489487963275386,0.08,0.1371931553232707,0.68,0.96,0.3061574820409821,0.30361556864004685,0.12,0.18355094521615306,0.72,1.0,25,1.0
guardian/frontend,0.006608446086364913,1.0,0.0,0.006608446086364913,0.006608446086364915,0.0,0.0,0.0,0.0,0.20237895287063892,0.18544490652482784,0.3333333333333333,0.04770483306152893,0.6666666666666666,0.6666666666666666,0.25753421936150345,0.23228801514158212,0.3333333333333333,0.06603582761279882,0.6666666666666666,0.3333333333333333,3,0.0
guidance-ai/guidance,0.10012979952634986,0.92,0.02892911056491744,0.06440941328428804,0.08487469009123473,0.04,0.07231489196871874,0.64,0.56,0.07164927583543278,0.08085739264415874,0.04,0.06773384958117624,0.6,0.44,0.13849519844373898,0.14043705097822748,0.08,0.10775106539409926,0.72,0.48,25,1.0
halide/Halide,0.0946790706279595,0.92,0.0027319122445846706,0.086071039893438,0.08676838460096258,0.08,0.06399201049415078,0.32,0.24,0.0788154818364712,0.06283968653741107,0.04,0.047435636391491974,0.28,0.24,0.1075943954500694,0.08622268945899841,0.04,0.061689611243493564,0.36,0.32,25,1.0
hashicorp/nomad,0.05384388962492568,1.0,0.05384388962492568,0.0,0.04758453493780334,0.04,0.03732299275038573,0.12,0.24,0.03160695213058033,0.06902979747811198,0.08,0.05374860189097575,0.2,0.28,0.07390725063121918,0.10404238231685908,0.08,0.07765176999665611,0.32,0.36,25,1.0
hashicorp/terraform,0.012402871060851313,1.0,0.0,0.012402871060851313,0.012402871060851308,0.0,0.0024642613127694225,0.16,0.44,0.017305726520065515,0.01568384841530249,0.04,0.003931400883139371,0.2,0.44,0.07501768720134408,0.06587073631285188,0.08,0.03504309815137771,0.36,0.6,25,0.0
headroomlabs-ai/headroom,0.7132903206061034,1.0,0.13388792820570583,0.6868143271637437,0.7096173077340591,0.88,0.041727175735621624,0.12,0.96,0.004375108209395308,0.028128699378138663,0.0,0.027233468309841816,0.08,0.0,0.024901334426522027,0.04431662467982646,0.08,0.037916110627342285,0.16,0.08,25,1.0
hibernate/hibernate-orm,0.5658961692538502,0.96,0.0,0.00556705977774658,0.00556705977774658,0.0,0.004175455407418807,0.0,0.28,0.15832090546910593,0.1576704989650409,0.28,0.033992189453018226,0.0,0.28,0.1926776333495686,0.19005191820352824,0.28,0.05741166133940538,0.2,0.4,25,0.0
highlight/highlight,0.6694649987048161,1.0,0.004703979550576989,0.6688297593983867,0.6694649987048161,0.84,0.14752698230869032,0.8,0.88,0.22488061774954954,0.2202808845545064,0.08,0.13914428058589795,0.8,0.76,0.2429270247067126,0.23229089278476459,0.08,0.14114607709445948,0.84,0.8,25,1.0
highlightjs/highlight.js,0.14288028655998525,1.0,0.001517451713027132,0.0942487152204475,0.09487419899455458,0.2,0.057739645970615615,0.16,0.32,0.150552166826083,0.13095075829119868,0.24,0.06331128313171222,0.2,0.32,0.16013513723742412,0.13720974221048068,0.24,0.06787761395353678,0.24,0.32,25,1.0
home-assistant/core,0.17531557865925645,0.88,0.007738105376178139,0.16899586978258324,0.17497832886999334,0.24,0.04432886018333657,0.36,0.44,0.08315196963847395,0.07953360599093,0.16,0.05066138170633005,0.52,0.36,0.12915090658725764,0.11015117208698881,0.2,0.06547929717698713,0.48,0.4,25,1.0
huggingface/sentence-transformers,0.051382295383397614,0.36,0.0,0.009865689865689866,0.009865689865689867,0.0,0.003521367521367522,0.0,0.04,0.0254313982588548,0.018818967078393575,0.0,0.009228887635053185,0.04,0.08,0.08426482468366103,0.07015554210839949,0.04,0.04552361834042479,0.2,0.32,25,0.0
huggingface/transformers,0.4916165090283749,1.0,0.07760103181427343,0.3880214402237241,0.4249321151090497,1.0,0.3736620148993084,1.0,0.0,0.47727802377068285,0.4310916006687196,1.0,0.37108247921573145,1.0,0.0,0.42694010720111863,0.17383481553604666,0.0,0.0436964087084227,0.0,0.0,1,1.0
hylang/hy,0.19716803341245007,0.92,0.025629683499876644,0.17435251991921782,0.19716803341245007,0.12,0.06183994336986259,0.68,0.72,0.19899075279099906,0.20056569609820035,0.12,0.06396664921461676,0.68,0.64,0.21385749428970777,0.20881174875507189,0.12,0.07107849653587736,0.68,0.68,25,1.0
ibis-project/ibis,0.04159958811754436,0.88,0.0,0.03876204129416373,0.03689416922795619,0.08,0.023115345496638115,0.28,0.12,0.062060141159405474,0.05042580506267447,0.08,0.030946472353510703,0.28,0.16,0.1161456884860004,0.08796301522749901,0.08,0.04557206746523034,0.44,0.4,25,1.0
icsharpcode/ILSpy,0.06823480586236595,0.84,0.01708999413518151,0.051928506553264746,0.06823480586236595,0.0,0.052856721423735466,0.48,0.68,0.05739405507966563,0.05180308991401942,0.0,0.032591322426361875,0.32,0.52,0.14187664204196546,0.11498326067425685,0.0,0.09376045921467807,0.4,0.68,25,0.0
immutable-js/immutable-js,0.0430469931678441,0.96,0.0029312101381929207,0.027688093114064567,0.030093689708787463,0.0,0.026110785470092605,0.24,0.12,0.07192276498344345,0.06923506395626662,0.0,0.05896988682018334,0.36,0.16,0.07987274190423319,0.07254013542667673,0.0,0.056234026966598814,0.44,0.28,25,0.0
instantdb/instant,0.10848602741588471,0.88,0.002352941176470588,0.09951392182164855,0.0996819890485393,0.04,0.05244571776547091,0.24,0.52,0.07713973961711547,0.07264075742075776,0.0,0.061529371985896655,0.24,0.52,0.14285674635992474,0.12022712290442915,0.04,0.07998416379111162,0.28,0.64,25,1.0
instructure/canvas-lms,0.14223415355316552,0.96,0.013103820248913515,0.13386069149821173,0.13542391622973757,0.16,0.07805420206271696,0.44,0.24,0.15906280625670313,0.14352272043507416,0.16,0.07283563176941693,0.44,0.24,0.25725195886190966,0.23379657300168646,0.16,0.1453985357966265,0.52,0.52,25,1.0
inventree/InvenTree,0.02908353609083536,0.08,0.021333333333333333,0.0,0.0,0.0,0.0,0.0,0.0,0.01568237857636314,0.010492127532523867,0.0,0.008147591149935598,0.0,0.0,0.03502158600164523,0.02510069016602408,0.08,0.022764474405389555,0.04,0.0,25,0.0
invoke-ai/InvokeAI,0.013416685879196137,0.68,0.0034785868690591385,0.010114100875451901,0.01326551146113743,0.0,0.006168810575880705,0.08,0.12,0.0332445684839565,0.02892792335541563,0.04,0.01729899072691781,0.12,0.16,0.11136561460524629,0.0956128905175006,0.08,0.06284548370654913,0.28,0.36,25,0.0
ipython/ipython,0.07650273224043716,1.0,0.01639344262295082,0.056666666666666664,0.07138433515482696,0.0,0.006885245901639359,1.0,1.0,0.13555555555555557,0.11255009107468124,1.0,0.03748633879781421,1.0,0.0,0.19111111111111112,0.14533697632058287,1.0,0.005792349726775947,1.0,0.0,1,0.0
janestreet/magic-trace,0.2172655593185085,0.92,0.007302905327076606,0.2037033021704819,0.20538412457431085,0.2,0.0727332734288413,0.56,0.64,0.177350106002,0.17018206903219915,0.2,0.045550019431579554,0.36,0.4,0.1914998754140953,0.1745702478981766,0.2,0.041804556674039865,0.4,0.44,25,1.0
jart/cosmopolitan,0.04320325291561298,0.92,0.0,0.036002226432365746,0.036002226432365746,0.0,0.036002226432365746,0.04,0.8,0.020954607384746696,0.020954607384746696,0.0,0.0209546073847467,0.0,0.76,0.04308226695921478,0.04308226695921478,0.04,0.03797588398049138,0.04,0.76,25,0.0
javaparser/javaparser,0.1545561115207362,0.96,0.01814571458235501,0.14373428174266167,0.15285267695296925,0.08,0.07213546513374702,0.4,0.48,0.09633834873055948,0.09828014323690872,0.0,0.06951313031458974,0.36,0.6,0.28803493627083054,0.2707816540786346,0.12,0.1861050830686458,0.76,0.84,25,1.0
jd-opensource/nutui,0.28281782701180785,1.0,8.948545861297538e-05,0.11031969676325624,0.11037888557556753,0.16,0.07457217923141922,0.12,0.2,0.16709468463264376,0.14914755248123793,0.24,0.101225433638902,0.2,0.24,0.2537172117647014,0.23549941619699757,0.28,0.18257910311503725,0.44,0.48,25,1.0
jemalloc/jemalloc,0.16953316953316952,1.0,0.004914004914004914,0.1654320987654321,0.16938756938756938,1.0,0.11035277701944368,1.0,1.0,0.20493827160493827,0.1448175448175448,1.0,0.09315375982042645,1.0,1.0,0.24938271604938272,0.1674947674947675,1.0,0.04647071313737977,1.0,1.0,1,1.0
jenkinsci/docker,0.34309623430962344,1.0,0.0502092050209205,0.30837004405286345,0.34309623430962344,1.0,0.043536762943984675,0.0,1.0,0.45374449339207046,0.36774003280924555,1.0,0.04432934584262621,1.0,1.0,0.5066079295154186,0.39168340921239375,1.0,0.006672442076935847,1.0,1.0,1,1.0
jenkinsci/jenkins,0.2420875478370136,1.0,0.03808292641346556,0.21688590116664408,0.24099797365000275,0.28,0.07427729548463646,0.48,0.56,0.18263265409417978,0.18207357353359138,0.24,0.08334188114345753,0.32,0.32,0.2705844766930774,0.26371356372468946,0.28,0.14773275665430818,0.68,0.6,25,1.0
joomla/joomla-cms,0.4265471355651874,1.0,0.04733884950085646,0.40311978253054065,0.4194953529500829,0.68,0.1879107181848986,0.56,0.84,0.11844290905947863,0.10207523071283575,0.08,0.06423665273215028,0.48,0.56,0.2003222701120897,0.1697843711066552,0.08,0.11339618024026031,0.72,0.8,25,1.0
jupyter/notebook,0.08120986258047119,0.7777777777777778,0.002777777777777778,0.06008328578027771,0.060724311421303336,0.0,0.03815213752851315,0.3333333333333333,0.2222222222222222,0.05523309968427834,0.0486985782561399,0.0,0.04259043678482895,0.1111111111111111,0.0,0.05907470724929017,0.051358152724225004,0.0,0.044363486430219014,0.0,0.0,9,0.0
jupyterlab/jupyterlab,0.15001378807025645,0.68,0.09088755722267837,0.1009683165951525,0.12180870351914194,0.16,0.04722609142148288,0.16,0.2,0.14102790202820475,0.15507399276175762,0.2,0.07037367708088663,0.28,0.4,0.20851531907459261,0.2134320793176698,0.2,0.11577309895716019,0.44,0.6,25,1.0
jupytext/jupytext,0.03136968531506807,1.0,0.0009807897994517176,0.004687696022850947,0.0046906182503502775,0.0,0.0044992306905416645,0.0,0.0,0.003998167788317774,0.0034922548584735893,0.0,0.0031834803710058335,0.0,0.04,0.03596697177331865,0.035435034119987156,0.08,0.013814192824348238,0.08,0.16,25,0.0
laramies/theHarvester,0.020805634503424,0.72,0.008505896090192599,0.012552834636354558,0.0207430955904528,0.0,0.008841022128569003,0.2,0.28,0.04377597283854842,0.04610612894534102,0.0,0.01969410636158956,0.32,0.36,0.047817159534445854,0.04825935436039328,0.0,0.022959414750270878,0.36,0.28,25,0.0
libfuse/sshfs,0.20921952128754248,0.9285714285714286,0.040092845430856415,0.03162015136031718,0.06636237843039963,0.0,0.05767270941464257,0.2857142857142857,0.35714285714285715,0.030005519030249006,0.05866561222557741,0.0,0.05002500476773998,0.21428571428571427,0.2857142857142857,0.04705056348289398,0.07529615939506544,0.0,0.06721014126718708,0.2857142857142857,0.35714285714285715,14,0.0
libgdx/libgdx,0.5895183398025494,0.96,0.08957037723979201,0.5722713450487806,0.5894892546223576,0.64,0.2340911719921575,0.72,0.96,0.2820770186982993,0.2795372685066602,0.36,0.09667828213838471,0.6,0.76,0.3881668211620062,0.36841549478503643,0.44,0.15518097984194668,0.72,0.92,25,1.0
libp2p/rust-libp2p,0.06412111411507093,0.92,0.0025144246228135836,0.05592414101441427,0.058209148217846396,0.08,0.034164174739067986,0.28,0.28,0.09991048138520629,0.07743782288630749,0.12,0.038801406784577254,0.4,0.44,0.2093982034023246,0.1655606728651484,0.28,0.10690187163434199,0.6,0.8,25,1.0
libusb/libusb,0.02173710595001335,1.0,0.000887353188025651,0.019300081451304785,0.02010028148911695,0.0,0.010785551488414721,0.23809523809523808,0.19047619047619047,0.019804255842208327,0.01169198620528825,0.047619047619047616,0.003724304234196922,0.0,0.09523809523809523,0.0759602878546202,0.05412482980822664,0.14285714285714285,0.0332130402611384,0.19047619047619047,0.14285714285714285,21,0.0
libvips/libvips,0.35434235372289813,1.0,0.01188800990620141,0.3103771123281984,0.31782711086471294,0.08,0.3029031035809751,0.44,0.36,0.043972501559171616,0.04024363506079142,0.0,0.04009817965278778,0.32,0.0,0.053494729317237456,0.04120823441536686,0.0,0.04104482180079602,0.32,0.32,25,1.0
lichess-org/lila,0.09733998431635517,0.88,0.0010202150537634408,0.06963383776375691,0.06891340086897996,0.04,0.05798542437037025,0.32,0.44,0.12180986101879981,0.11264769496918646,0.08,0.06371011210480211,0.24,0.44,0.13022665524753774,0.11521217224741566,0.12,0.06189592038942553,0.24,0.52,25,1.0
lightgbm-org/LightGBM,0.21276630255738052,0.96,0.02638243338103293,0.18826061911346922,0.19182069279876232,0.28,0.11593107271206307,0.36,0.32,0.18324763526191185,0.173360853269812,0.2,0.11266421644791766,0.4,0.32,0.2505389024946839,0.22787238318724248,0.24,0.1504294937211627,0.44,0.44,25,1.0
linera-io/linera-protocol,0.01694915254237288,1.0,0.01694915254237288,0.0,0.016949152542372857,0.0,0.004675628287551137,0.0,0.0,0.0,0.016949152542372857,0.0,0.004675628287551137,0.0,0.0,0.0,0.016949152542372857,0.0,0.004675628287551137,0.0,0.0,1,0.0
linuxmint/cinnamon,0.10948851085149507,1.0,0.015873015873015872,0.09017102776069778,0.10268269909589851,0.0,0.058640204049099275,0.3333333333333333,0.6666666666666666,0.08260344788321833,0.0630502607547084,0.0,0.03253057320489172,0.6666666666666666,0.6666666666666666,0.14827491972398715,0.09300972421488923,0.0,0.02871603926123299,0.3333333333333333,1.0,3,0.0
lllyasviel/stable-diffusion-webui-forge,0.44494869216886423,0.95,0.09071985996951981,0.3412152713130325,0.36262661950014163,0.55,0.13406808935037245,0.55,0.6,0.26216879595669673,0.19548549028192094,0.25,0.1423904189625178,0.5,0.6,0.2756539447966891,0.19546483236434523,0.25,0.14034800770057781,0.6,0.6,20,1.0
locustio/locust,0.0933289866133981,1.0,0.045587745803332774,0.049722054038381015,0.0867676064891993,0.0,0.059044860170892645,0.64,0.56,0.07030224391699023,0.0893543539216563,0.08,0.05194731442572113,0.64,0.56,0.15479685795243842,0.1612855674248349,0.16,0.09271383800739919,0.64,0.68,25,0.0
macvim-dev/macvim,0.018486098079374978,0.92,0.0019879168451914773,0.016596348704051647,0.018481842445317708,0.0,0.010001025200153266,0.12,0.2,0.06445254813084265,0.05171564500162755,0.0,0.03922469002047728,0.28,0.48,0.08428193078377764,0.07181081789256065,0.0,0.05829567874389641,0.32,0.52,25,0.0
mamba-org/mamba,0.12231260461003121,0.92,0.01898280884110121,0.08171286333308664,0.09848415684599882,0.04,0.049383647322219296,0.2,0.4,0.08197790457677541,0.08198595093428222,0.12,0.05200563051767891,0.16,0.32,0.14346595533729342,0.13293092867527023,0.2,0.09447285925832753,0.4,0.52,25,1.0
marimo-team/marimo,0.007838132469033959,0.84,0.0019005060229796216,0.0013895165444605694,0.002281051901391021,0.0,0.001549426634371449,0.04,0.08,0.042596767077727644,0.035820201275476526,0.0,0.027053957132182414,0.2,0.16,0.06990477208423414,0.05805191120380176,0.04,0.04628101674834342,0.36,0.28,25,0.0
markbates/goth,0.2027491408934708,1.0,0.003436426116838488,0.2,0.20272544140300985,1.0,0.002725441403009843,0.0,1.0,0.22758620689655173,0.2127740253584548,1.0,0.002725441403009843,0.0,1.0,0.24482758620689654,0.2259509420547458,1.0,0.002725441403009843,0.0,1.0,1,1.0
matomo-org/matomo,0.034559225493347494,0.9166666666666666,0.00020767976940616693,0.02574913302068806,0.025892568452653596,0.0,0.02204464329594059,0.16666666666666666,0.08333333333333333,0.0485110873782665,0.04397482854830448,0.0,0.01836911004784147,0.25,0.16666666666666666,0.11472751586810637,0.10316299958468673,0.0,0.049570434084113685,0.375,0.5833333333333334,24,0.0
matplotlib/matplotlib,0.007241531685686847,0.84,0.0,0.007241531685686847,0.007241531685686849,0.04,0.006069771541576654,0.04,0.04,0.05607248533987667,0.044712004143650896,0.08,0.024594382218367204,0.24,0.2,0.14945858238523158,0.12952343901108948,0.2,0.06874733215833227,0.48,0.32,25,1.0
mermaid-js/mermaid-live-editor,0.2642208714446216,0.84,0.0,0.009303642800045676,0.009303642800045682,0.0,0.009303642800045683,0.04,0.08,0.006575539568345323,0.004509992006394882,0.0,0.004222222222222221,0.0,0.0,0.018605614756315246,0.013682924337221949,0.0,0.010538011695906428,0.0,0.0,25,0.0
meteor/meteor,0.1644375129439638,0.48,0.005510593312698897,0.1617800019034895,0.16430689643403695,0.28,0.05802518879371455,0.4,0.4,0.13758595252101982,0.12538663103538633,0.24,0.05259988772280181,0.4,0.4,0.2425496175951599,0.22549434714738276,0.32,0.12076687008503034,0.6,0.64,25,1.0
mhammond/pywin32,0.6024076029392726,1.0,0.041332517688267546,0.570158185581579,0.5830355520689421,0.88,0.30195426978457535,0.92,0.88,0.1478656673737483,0.1431305709654137,0.04,0.1342206493352222,0.76,0.84,0.14826507443571196,0.1434555313678256,0.04,0.1345109176300886,0.76,0.84,25,1.0
micropython/micropython,0.13419214197222906,0.96,0.03921180753128416,0.06115918156563735,0.08855557436229225,0.04,0.07897501581398354,0.32,0.44,0.06115650691056822,0.08531039303846245,0.04,0.07836895240944987,0.28,0.4,0.11872399158069767,0.13845723753748826,0.12,0.10708476021971024,0.4,0.48,25,1.0
microsoft/terminal,0.01567660023341773,0.76,0.0013335154826958106,0.014366394774031944,0.01567660023341773,0.0,0.015224829917843736,0.08,0.44,0.0204836701929423,0.016387282808739037,0.04,0.014649454573339847,0.08,0.28,0.04298173469026078,0.03582527357300498,0.04,0.030261442210516017,0.16,0.36,25,0.0
microsoft/vscode,0.07736097465931727,1.0,0.0,0.07511001303023282,0.0750719902165446,0.04,0.051605904936977275,0.56,0.52,0.08883686181438492,0.08001493249711024,0.04,0.05582420298862923,0.56,0.52,0.2081461722533819,0.1861360325416559,0.16,0.13562062983719497,0.68,0.72,25,1.0
mlflow/mlflow,0.04126605301823884,0.92,0.006043449255989828,0.031700720485303244,0.036105010070680475,0.16,0.017464227265139253,0.28,0.2,0.09384913524272685,0.07218681784345934,0.16,0.04431683777578365,0.32,0.28,0.1718189666528226,0.13023378071856442,0.2,0.07587901547106798,0.4,0.48,25,1.0
modelcontextprotocol/python-sdk,0.026684481669219075,0.68,0.0,0.026684481669219075,0.026684481669219072,0.04,0.024340256327845734,0.12,0.12,0.14067886607813104,0.12483514464273654,0.12,0.07055802265419266,0.28,0.36,0.18327017585769034,0.15473169646554014,0.16,0.07835948407084775,0.44,0.48,25,1.0
mongodb/mongo,0.14522038601641418,0.84,0.039157263495786944,0.11636112626346211,0.1423079045081703,0.24,0.04824223911419067,0.4,0.44,0.0983561656875293,0.09312554544545279,0.2,0.05677054919453624,0.56,0.24,0.1520172702626335,0.13783535215827739,0.28,0.07264727053646604,0.6,0.44,25,1.0
mozilla/pdf.js,0.0801725856600433,0.92,0.000547086749021662,0.013353595848410272,0.013521417654189656,0.0,0.012124478712568481,0.12,0.04,0.11017055638864148,0.08129122608850131,0.08,0.061501052883403684,0.24,0.16,0.20631146208397017,0.15612601605128593,0.12,0.11160948396912648,0.6,0.56,25,0.0
mruby/mruby,0.1717137529137236,0.8333333333333334,0.025332675508730945,0.16583210161150527,0.17155723925148167,0.3333333333333333,0.012450046692699631,0.5,0.3333333333333333,0.05145662674527161,0.04616470420311966,0.16666666666666666,0.01179139322857689,0.0,0.16666666666666666,0.062357513784730846,0.05508163885025554,0.16666666666666666,0.019926166579521187,0.0,0.16666666666666666,6,1.0
mui/material-ui,0.033750830447746336,0.68,0.0009495548961424333,0.026968812816089538,0.027863530195433476,0.04,0.02535566347081708,0.28,0.28,0.07477595333659232,0.06649129966722328,0.12,0.028204700279169482,0.2,0.24,0.1387172617888282,0.12828428170851403,0.16,0.04513178163667491,0.28,0.32,25,1.0
musescore/MuseScore,0.7969884486862361,0.96,0.12651342809558613,0.7158823190471605,0.7266631848034146,0.88,0.16952469530620554,0.64,0.84,0.08551010152497034,0.0822580722103384,0.12,0.03394843073249811,0.16,0.2,0.12806470658837102,0.1072502765011766,0.04,0.06361083250273189,0.44,0.4,25,1.0
n8n-io/n8n,0.011920400841623347,0.48,0.0,0.00949174326767371,0.00949174326767371,0.0,0.009352645749197475,0.0,0.16,0.057784316655134324,0.05101326085764184,0.04,0.045009967175579035,0.12,0.28,0.16627853091946057,0.15184295317063273,0.08,0.13331178929508622,0.48,0.6,25,0.0
nasa/openmct,0.36669698765229114,0.88,0.0514251684394124,0.33593940607623574,0.3528486357229779,0.56,0.1435833925264113,0.56,0.44,0.1902260584926676,0.16011185477873804,0.24,0.06803833896435096,0.32,0.24,0.3222741478995202,0.2743775089256295,0.28,0.15735904868987616,0.56,0.64,25,1.0
naudio/NAudio,0.6458848311687413,0.96,0.08991541071633743,0.02388475836431227,0.026150620949020775,0.04,0.007785841074806937,0.0,0.0,0.007160784912834614,0.004434946909955678,0.0,0.004406245018240087,0.0,0.04,0.013530053809984552,0.004850041249578319,0.0,0.004821339357862731,0.0,0.08,25,1.0
navidrome/navidrome,0.02371796377712758,1.0,0.0,0.009164213086970492,0.009164213086970496,0.0,0.009164213086970498,0.0,0.0,0.0275273586876386,0.01228998807540123,0.0,0.010357473608232946,0.0,0.08,0.05015929079168711,0.027197884369115397,0.0,0.019404850836113752,0.04,0.12,25,0.0
neondatabase/neon,0.14855900988482046,1.0,0.01380777044433567,0.12348992340065917,0.1342441900219656,0.12,0.09378820128760226,0.28,0.2,0.12103701377418184,0.12318690551405691,0.12,0.07888803330307663,0.32,0.2,0.1441207131168863,0.12160600635976897,0.12,0.07547861828451861,0.4,0.24,25,1.0
neovim/neovim,0.13955309253230108,0.8,0.0014782608605785497,0.1381051048766616,0.13932939987268833,0.16,0.00722357318805665,0.16,0.28,0.1822526560863873,0.1706490276337187,0.12,0.022670443531556214,0.24,0.28,0.24985481513102387,0.22384357653816545,0.16,0.042235970640397656,0.32,0.4,25,1.0
netblue30/firejail,0.07816181962044273,1.0,0.0,0.07816181962044273,0.07816181962044272,0.08,0.051344096824499946,0.68,0.56,0.08514498460360771,0.0796433011019242,0.08,0.05139796887837201,0.72,0.56,0.14211851467425796,0.1313643059200492,0.08,0.09036476494228823,0.72,0.56,25,1.0
networkx/networkx,0.061796715218124826,0.96,0.008885206427149569,0.043184850842144844,0.04991559618198184,0.0,0.030959141254265708,0.4,0.4,0.11391244385796184,0.09734342118685346,0.16,0.055011548319245644,0.4,0.4,0.21930316621001084,0.19428430786508805,0.24,0.10770156108070611,0.64,0.52,25,0.0
nix-community/home-manager,0.22754226094403393,1.0,0.011241535566893272,0.21704728559592976,0.22444833280179124,0.24,0.16489532902382514,0.8,0.72,0.28663255678598637,0.28105099020783003,0.28,0.1530044237829109,0.68,0.72,0.2957682217095622,0.2822696640689594,0.28,0.15287482897809457,0.64,0.68,25,1.0
nix-darwin/nix-darwin,0.23708206686930092,1.0,0.0,0.057750759878419454,0.05775075987841947,0.0,0.05775075987841949,0.0,0.0,0.0851063829787234,0.030395136778115478,0.0,0.03039513677811545,0.0,0.0,0.0851063829787234,0.030395136778115478,0.0,0.03039513677811545,0.0,0.0,1,0.0
ntop/ntopng,0.15593751489321853,1.0,0.01212479780173809,0.14582900562713008,0.1559261091333098,0.12,0.09719053930787519,0.8,0.88,0.13337490774736796,0.11081695651041432,0.08,0.0704282550126233,0.68,0.68,0.36147921921514653,0.2782966016863305,0.4,0.2088978734708747,0.72,0.72,25,1.0
observablehq/plot,0.15511875833743802,0.92,0.007791960875144942,0.1269511924177663,0.13246001864290394,0.12,0.11744958866817261,0.24,0.04,0.11464994037056381,0.11715207143653618,0.08,0.10718199150493402,0.28,0.08,0.12140042433263025,0.1156245935931274,0.04,0.11204570360402596,0.28,0.08,25,1.0
obsproject/obs-studio,0.12429230843916668,0.92,0.015392576588324595,0.08652892085364255,0.09840487796169767,0.0,0.07279821014626356,0.6,0.56,0.0805150223107187,0.08335870376072953,0.0,0.056980778598089345,0.52,0.6,0.12867621194010967,0.1221889992075603,0.04,0.09100847300974926,0.52,0.6,25,0.0
official-stockfish/Stockfish,0.19404717671702393,1.0,0.018507747175735712,0.1368885040941616,0.14822909337538476,0.44,0.06062421606654406,0.44,0.48,0.07724985922805366,0.06397433257536318,0.08,0.026277340855291813,0.4,0.44,0.1792870564781527,0.13723811605626396,0.12,0.05939474082722842,0.56,0.6,25,1.0
ohmybash/oh-my-bash,0.03481698607161146,0.84,0.008864169481740564,0.026147525938738803,0.034816650979042144,0.0,0.031816105559339836,0.2,0.52,0.07726043661095307,0.07729533718460574,0.16,0.04445429256144058,0.04,0.08,0.08884334868958271,0.08880344374538321,0.2,0.04594245260964007,0.04,0.12,25,0.0
onnx/onnx,0.25035214904859027,0.84,0.019974368228630843,0.23910247929017495,0.24976524377612086,0.36,0.12245716875971598,0.44,0.44,0.2208605291259917,0.2194574427487599,0.4,0.11982952106456125,0.4,0.36,0.2709106385218019,0.25006974072089766,0.44,0.1316164435838068,0.44,0.4,25,1.0
onyx-dot-app/onyx,0.03345823392855548,0.88,0.004048278269912245,0.029256735681924963,0.03306261470916365,0.0,0.02884526826053513,0.32,0.56,0.04428105319004353,0.04635492240147134,0.0,0.041762702154502104,0.36,0.56,0.10193291580031362,0.0920917018835695,0.0,0.07816906107427994,0.52,0.6,25,0.0
openbao/openbao,0.04436499900140605,1.0,0.0,0.04436499900140605,0.04436499900140606,0.04,0.030739494566137,0.28,0.4,0.07025241695544499,0.05226420446817312,0.04,0.032364688990062944,0.28,0.48,0.18050559084511864,0.14746506962975858,0.2,0.08431709751289411,0.4,0.56,25,1.0
openjdk/jdk,0.030340494547063446,0.96,0.0,0.030340494547063446,0.030340494547063446,0.0,0.024104130366487935,0.16,0.4,0.06003185736335422,0.04643609444461205,0.0,0.03136694011361134,0.24,0.48,0.17092743454691336,0.1468133741920838,0.16,0.08558816707149637,0.44,0.64,25,0.0
openscad/openscad,0.28065298068688027,1.0,0.010765019638742244,0.24550050165438794,0.24442092138392968,0.12,0.1407153703057004,0.56,0.68,0.10716430001378108,0.10006456996975092,0.08,0.0520592947847234,0.44,0.48,0.24054577952714282,0.22190281802214437,0.2,0.1332545850917033,0.52,0.56,25,1.0
openssl/openssl,0.2015002854470237,1.0,0.0059231157899353225,0.1981201744013453,0.1993103390301059,0.32,0.07076067103981779,0.48,0.68,0.04697820150097094,0.03682252466154948,0.04,0.018135848041462874,0.2,0.2,0.11585704612120112,0.09356217698329872,0.08,0.058685465417983244,0.32,0.24,25,1.0
orhun/git-cliff,0.4571618375541735,1.0,0.01590472697092134,0.4028805604313373,0.4116372261303303,0.76,0.14200834593567188,0.52,0.76,0.044561683446675,0.03638047637891677,0.04,0.018522612800157972,0.2,0.2,0.129403467913779,0.10390012174691707,0.08,0.04776170862296828,0.28,0.32,25,1.0
otter-sec/anchor,0.03789537784943371,0.76,0.001568253968253968,0.03369986435658383,0.03495337385286789,0.0,0.01336850158865667,0.08,0.32,0.044505828096585404,0.04553120071074018,0.0,0.023289706313194998,0.12,0.32,0.08008175285899354,0.07608976478127674,0.0,0.04791863000639441,0.16,0.56,25,0.0
oven-sh/bun,0.0,0.0,0.0,0.0,0.0,0.0,0.0,0.0,0.0,0.022503974460735373,0.014153640551997948,0.0,0.010848847652657156,0.0,0.2,0.04274532318417778,0.03716960214060237,0.0,0.033215006754297005,0.0,0.2,5,0.0
oxc-project/oxc,0.08142641318367128,0.88,0.0007201867816091953,0.0768708995659389,0.07734292608174828,0.04,0.06860492543623367,0.64,0.64,0.09460813602302556,0.08726997494724785,0.04,0.07052341922617117,0.68,0.72,0.1120786124474925,0.09902546456415505,0.04,0.08017944377321207,0.64,0.72,25,1.0
paramiko/paramiko,0.10937293579130715,0.96,0.006694294411689275,0.10368789691359258,0.10937293579130715,0.04,0.044000353539565176,0.56,0.44,0.12938759816835577,0.11997381590143523,0.04,0.04527872761933088,0.56,0.48,0.16639355843461104,0.1502453358592811,0.12,0.06444491714569445,0.6,0.52,25,1.0
payloadcms/payload,0.09311409261327887,0.84,0.017694021637531764,0.06581256413546305,0.07812687959527982,0.2,0.036595037848224134,0.28,0.4,0.14277661444460918,0.13362897954742323,0.32,0.057920007711965475,0.44,0.48,0.18038281749782467,0.1546689671749208,0.32,0.06149252931196686,0.52,0.52,25,1.0
pbek/QOwnNotes,0.10011359990114674,0.76,0.014883299434705012,0.03557318588405241,0.03415623129971913,0.08,0.03148956463305246,0.12,0.12,0.026823614892819977,0.02040857268023956,0.04,0.02040857268023956,0.12,0.12,0.03576459701768337,0.027833348344004184,0.04,0.027107153525472452,0.08,0.24,25,1.0
phoenixframework/phoenix_live_view,0.7270208952330199,1.0,0.016911756170922866,0.03181246947177448,0.033506755202234464,0.0,0.033506755202234464,0.04,0.04,0.032137311113400714,0.02732420457858578,0.0,0.0273084381026184,0.04,0.04,0.06868950055126853,0.0621799139073658,0.0,0.061117924204091026,0.32,0.4,25,0.0
phpDocumentor/TypeResolver,0.09925744705046173,1.0,0.030995076808052916,0.06693542920839896,0.07511282065459124,0.04,0.04497223238001349,0.76,0.64,0.04547030258355762,0.061622510183537295,0.04,0.03029467507538164,0.4,0.48,0.22008562008920077,0.22388295158489324,0.08,0.17399911308063268,0.68,0.72,25,1.0
playframework/playframework,0.06520414883167773,0.96,0.0026531192376373297,0.05747444253703555,0.05908077111122597,0.2,0.03468091272168948,0.32,0.28,0.2568106892846699,0.23059720376660675,0.36,0.11077887692957569,0.6,0.36,0.27242335531285594,0.24580300749217046,0.4,0.12156153301973031,0.48,0.36,25,1.0
pmndrs/react-spring,0.27153212532459253,1.0,0.004877870931943009,0.12241987730911708,0.12399025898021376,0.28,0.06600499128166906,0.08,0.08,0.1268351535419684,0.11680559413190439,0.24,0.06559094857131537,0.08,0.08,0.13112725488325006,0.12109769547318606,0.24,0.06922731220767901,0.08,0.16,25,1.0
portainer/portainer,0.22765824792019715,0.88,0.016734250479377915,0.17743912676944568,0.18082587781873605,0.28,0.06083090156099314,0.32,0.36,0.15208540195433376,0.13848625160783487,0.16,0.08077067196437955,0.4,0.36,0.16051464646027383,0.14517719273862126,0.16,0.08564309578298848,0.44,0.36,25,1.0
postgres/postgres,0.08458833081559862,0.92,0.005843241149119467,0.05986853083842503,0.06080399794656824,0.04,0.03697869117104452,0.2,0.32,0.047361393554414113,0.036417487058025236,0.0,0.017193136383120654,0.2,0.2,0.11963908461595237,0.09477361947934394,0.0,0.06405556133600246,0.44,0.4,25,1.0
postgresml/postgresml,0.6222581567036964,1.0,0.11759029662936973,0.008695652173913044,0.0403250531005842,0.0,0.039794830407052915,0.0,0.0,0.0034782608695652175,0.032642752518591736,0.0,0.030346011509415138,0.0,0.0,0.009929873772791023,0.03786548677358405,0.0,0.03415553531893893,0.0,0.0,5,0.0
ppy/osu,0.12619087428515388,0.88,0.0263143168660025,0.046735373159071385,0.05751528988038835,0.04,0.03526694194174714,0.24,0.12,0.023607470963648125,0.023741741842578233,0.0,0.01932104884817389,0.24,0.04,0.06509231601184451,0.05867285597785912,0.0,0.0494268762131632,0.44,0.24,25,1.0
prettier/prettier,0.006267775467775468,0.12,0.0,0.005037006237006238,0.005037006237006238,0.0,0.004637006237006238,0.04,0.04,0.016456198603455357,0.011656198603455356,0.0,0.00863811742264355,0.04,0.08,0.040271878299450975,0.03277623190278311,0.0,0.024486553940942114,0.12,0.12,25,0.0
psf/requests,0.1636641871586652,0.8421052631578947,0.01216518186806451,0.1142799178288945,0.12031725878329667,0.10526315789473684,0.09842231254804777,0.3157894736842105,0.2631578947368421,0.10884935924088267,0.10640673506839582,0.15789473684210525,0.06982457745473052,0.2631578947368421,0.21052631578947367,0.15852542781720635,0.13611000094136524,0.10526315789473684,0.07668811770738782,0.42105263157894735,0.47368421052631576,19,1.0
pwr-Solaar/Solaar,0.11951747957152355,0.88,0.021741582152371,0.09991485116830841,0.11721145603194115,0.08,0.0499339248464209,0.48,0.48,0.05050562459136104,0.04535071005254307,0.08,0.03395879667815921,0.12,0.2,0.08087005418470307,0.07301018061113519,0.08,0.052480559545433465,0.2,0.2,25,1.0
py-pdf/pypdf,0.014653248302516292,0.6363636363636364,0.0049367366342426685,0.0,0.0006952353090727959,0.0,0.0006952353090727937,0.0,0.0,0.0057032617496489335,0.006398497058721724,0.09090909090909091,0.0024720800233134347,0.0,0.0,0.02809393453055664,0.025950671290824488,0.09090909090909091,0.014030020077338012,0.18181818181818182,0.09090909090909091,11,0.0
pydantic/pydantic,0.10454847329866883,0.96,0.01204071227623215,0.017151555591567627,0.028791582593914927,0.0,0.02322426580360408,0.16,0.08,0.043073550721438064,0.03689661303001981,0.0,0.026960333334348014,0.2,0.12,0.11157324521413088,0.08975123289459926,0.12,0.05760810151353749,0.32,0.28,25,0.0
pyinfra-dev/pyinfra,0.10361464542688703,0.84,0.005967248211871096,0.06766605518616192,0.06766848174525475,0.16,0.055946702316069234,0.24,0.24,0.09546685985270706,0.08329155242827384,0.2,0.06434570066837753,0.24,0.2,0.14850732610135023,0.1099015455541728,0.24,0.07390180542983135,0.36,0.4,25,1.0
pylint-dev/pylint,0.08774875847112386,0.96,0.011246068268995298,0.05899519529284661,0.06744518487525225,0.16,0.0369020866206145,0.44,0.32,0.10410039541859571,0.09323388515620906,0.24,0.049029152053911854,0.4,0.4,0.19090054994675665,0.16330932245170668,0.28,0.09686056464146109,0.48,0.56,25,1.0
pypa/pip,0.17014854560776554,0.92,0.0033820911924903945,0.1630889274493395,0.1655028391047972,0.16,0.11619910037135993,0.56,0.56,0.17397242962594534,0.1664024777628807,0.2,0.11664231741050787,0.76,0.64,0.22647837830403972,0.20483774780218508,0.24,0.14094627383039593,0.72,0.68,25,1.0
pytest-dev/pytest,0.08174943500529429,1.0,0.026565739196352755,0.053235339493740874,0.07444969051706128,0.08,0.035494550521476854,0.52,0.28,0.08750347141253152,0.0923529155830217,0.12,0.04932908852080909,0.56,0.36,0.11683949285238274,0.10682092110291741,0.16,0.050861879559500445,0.48,0.36,25,1.0
python-pillow/Pillow,0.1607620945258491,0.96,0.015254571085469236,0.1341415350101201,0.14596240787694184,0.16,0.07887426181545697,0.32,0.4,0.13311257037352323,0.1141892695066224,0.12,0.03795462077682829,0.28,0.36,0.14850386269298974,0.1228478030118151,0.12,0.04305611993058621,0.28,0.4,25,1.0
python-telegram-bot/python-telegram-bot,0.11995443575452441,1.0,0.0039945949800085576,0.0883041517441059,0.08792451271192286,0.04,0.058582311138791116,0.28,0.24,0.10299393484779173,0.09449861254870222,0.04,0.05989086913974652,0.32,0.28,0.2306035309760164,0.1990476490759942,0.16,0.1402957462437722,0.6,0.6,25,1.0
python-trio/trio,0.0532309353937202,0.92,0.0009623691155420226,0.04956321979791618,0.05011439263682953,0.08,0.02015638022153781,0.2,0.4,0.08193685213993905,0.0694284929077856,0.08,0.0321848861469959,0.28,0.48,0.11801286323519772,0.10331077810683292,0.12,0.06489948080502889,0.36,0.52,25,1.0
python/mypy,0.1688797202794085,0.96,0.006945637993223888,0.16176531123670557,0.16637045020604355,0.04,0.09410374793920004,0.6,0.64,0.17548124548156344,0.1659617380913595,0.04,0.08537148401284228,0.64,0.68,0.2393281516801116,0.2121140135856523,0.12,0.12121731877466738,0.6,0.72,25,1.0
pythonnet/pythonnet,0.6824742717599861,1.0,0.12478817478817479,0.679421768707483,0.6824742717599861,0.6666666666666666,0.0918810686667829,0.6666666666666666,1.0,0.0286281179138322,0.035425672211386476,0.0,0.03542567221138646,0.16666666666666666,0.3333333333333333,0.058715623001337286,0.05448115376686804,0.0,0.049108100893815156,0.16666666666666666,0.8333333333333334,6,1.0
pytorch/pytorch,0.17164085400928075,0.84,0.016659940522080387,0.15954833269595298,0.171289609643844,0.28,0.08231004276515211,0.36,0.6,0.10831048578634128,0.1119116817314508,0.12,0.0645753525946988,0.32,0.56,0.12697595670384437,0.12323969976215736,0.12,0.06910957372217948,0.4,0.52,25,1.0
pytorch/vision,0.08226152409893663,1.0,0.004611478708712223,0.07677316964016963,0.08025038346438333,0.04,0.05950515910953345,0.52,0.44,0.0868275825846017,0.08407262899182086,0.04,0.05845673309102356,0.52,0.48,0.16071652878268916,0.14430998185003788,0.16,0.08826204379945857,0.52,0.56,25,1.0
qemu/qemu,0.1010848248743946,0.92,0.003470747999632492,0.0993790162420157,0.1010848248743946,0.12,0.052373539711021516,0.28,0.24,0.02528469039194031,0.0190748443047587,0.0,0.009594138292196816,0.04,0.08,0.08002220821542753,0.06451489160184253,0.04,0.02818446074933979,0.28,0.24,25,1.0
qpdf/qpdf,0.18506244502759364,0.92,0.0011119540030838304,0.1064371889248746,0.1063615158953263,0.0,0.10560655736456587,0.4,0.12,0.14547509466718053,0.12939901881959268,0.12,0.12201602132836709,0.4,0.16,0.14436923220076134,0.13971169403899078,0.12,0.13027134800537893,0.4,0.16,25,0.0
qtile/qtile,0.10618060025777586,1.0,0.00823973611165724,0.08518867896330727,0.09012132109451208,0.12,0.05510779204767502,0.28,0.44,0.09824397437566262,0.09303919153982797,0.08,0.050641735911154055,0.32,0.44,0.1287935878987912,0.11279295710211253,0.16,0.055191563508855124,0.44,0.52,25,1.0
quantumlib/Cirq,0.16545370586354133,1.0,0.00505882970964704,0.1608710412884329,0.16481521093132262,0.08,0.05966249244565767,0.44,0.64,0.04831441555873066,0.04966244233596375,0.0,0.02667377827421899,0.32,0.36,0.1532108982324752,0.14422002054484215,0.12,0.08008264878024156,0.44,0.56,25,1.0
quarto-dev/quarto-cli,0.021085384328907494,0.75,0.006923771325716233,0.0026228111448809086,0.006915711788213954,0.0,0.0062939379221751,0.0,0.0,0.08221385834841113,0.06488473511285874,0.0,0.05485612780373439,0.25,0.25,0.1289480968602162,0.10500004666024962,0.25,0.08462302304867012,0.25,0.5,4,0.0
quartznet/quartznet,0.37401579899328374,1.0,0.06441037575071276,0.0749677785811917,0.07797690773273162,0.08,0.03089274252968079,0.16,0.44,0.023644072589573482,0.018272498344375582,0.0,0.016021608757147966,0.04,0.24,0.04627344679934706,0.03861147006298237,0.04,0.02573203095802472,0.04,0.36,25,1.0
questdb/questdb,0.07876332950964254,0.96,0.022464176269652584,0.032848652715067095,0.04569867103571666,0.04,0.036970809568611554,0.24,0.28,0.04761429144650081,0.050124208607922605,0.04,0.03349828474599751,0.24,0.32,0.15245487477362685,0.1286442765212804,0.16,0.0707486617495399,0.6,0.52,25,1.0
rabbitmq/rabbitmq-server,0.04211163612426952,0.2,0.0018116401043910102,0.04031904926227892,0.042007428164214884,0.08,0.011724919441915432,0.12,0.12,0.054933835457169955,0.050895520143918765,0.0,0.030301920025909986,0.08,0.12,0.19980104498066503,0.18747140425620668,0.24,0.12643467191628566,0.56,0.36,25,1.0
rails/rails,0.05743368694278397,0.84,0.0033045230730162985,0.053310729625551195,0.056425546532469645,0.16,0.04187996093750597,0.36,0.24,0.09194653008107871,0.08077861862422095,0.12,0.03636853923763006,0.44,0.36,0.17680456050530616,0.14273966267225405,0.2,0.06595135643959196,0.52,0.52,25,1.0
rainmeter/rainmeter,0.8537751089166568,1.0,0.17706913840712624,0.3515134284195377,0.3515134284195377,0.28,0.25256489504494106,0.64,0.72,0.07706295265178334,0.09242171351116663,0.2,0.0658702904678292,0.2,0.16,0.08981808908595905,0.09905673114359484,0.2,0.06865090634373733,0.28,0.32,25,1.0
rapid7/metasploit-framework,0.4593705441890586,1.0,0.06913009728012186,0.4212645637161269,0.45767242295545346,0.84,0.09933145944618822,0.52,0.92,0.22095724647569348,0.233860404731729,0.2,0.14994771065583878,0.32,0.4,0.22485061802813064,0.23656983659934214,0.2,0.14974323330699335,0.32,0.44,25,1.0
ray-project/ray,0.12314402987126517,0.88,0.009139336529784419,0.11656499377844055,0.12291011174261018,0.12,0.09495303703095852,0.6,0.6,0.13327975649379437,0.12360099767016586,0.08,0.08388191972263312,0.52,0.6,0.19968985183931076,0.1745313726994451,0.12,0.11917701181116482,0.64,0.76,25,1.0
react/react,0.11356728223413526,1.0,0.0,0.11342751372572732,0.11342751372572732,0.08,0.08631398705649751,0.76,0.8,0.09679028152670112,0.08992226180165237,0.08,0.059586648505812405,0.52,0.72,0.13229800788801682,0.12162120726883643,0.12,0.07720712039674259,0.56,0.72,25,1.0
readthedocs/readthedocs.org,0.40274121318505496,0.88,0.022954317509860163,0.14772316353036508,0.15377327291276685,0.08,0.09492621705903222,0.48,0.56,0.151194886315589,0.1561991794127518,0.08,0.09715557535653399,0.48,0.56,0.2057947415013669,0.2047267225275709,0.16,0.12287087465335901,0.6,0.8,25,1.0
redpanda-data/redpanda,0.098414333967139,0.88,0.005686513782614351,0.09445369887590455,0.09765474616981913,0.08,0.06414225229362971,0.48,0.56,0.09263506435150134,0.09213817620402551,0.04,0.07045746491275576,0.44,0.56,0.11215138363552307,0.10271029842278956,0.08,0.07350023739360688,0.44,0.64,25,1.0
reduxjs/redux,0.023108363677668026,0.8333333333333334,0.001543803232083144,8.95094880057286e-05,0.0015221158172354966,0.0,0.0007667072030673993,0.08333333333333333,0.08333333333333333,0.07718779875687712,0.06833715940254041,0.16666666666666666,0.022116751228250034,0.3333333333333333,0.16666666666666666,0.10029811664070576,0.08582233084092204,0.25,0.02831198009058106,0.25,0.4166666666666667,12,0.0
refined-github/refined-github,0.11633765302207698,0.88,0.001426884006614694,0.09048434701362515,0.08183240107848908,0.0,0.06398595594153933,0.32,0.28,0.14641199525896725,0.10380058372431845,0.04,0.07557286984643961,0.4,0.32,0.15502293707146492,0.10986227710444654,0.04,0.0809863140025731,0.44,0.4,25,0.0
renpy/renpy,0.06554444094990827,1.0,0.003395460704036937,0.0035988761952839353,0.004387577241813407,0.0,0.00438757724181341,0.08,0.0,0.020114812595124515,0.018533864022504606,0.0,0.018008204764676156,0.12,0.16,0.03930449892730692,0.0371151418276366,0.0,0.03604242635712551,0.12,0.32,25,0.0
rime/weasel,0.6552054039608709,1.0,0.05491850331989072,0.6414534666729823,0.6552054039608707,0.88,0.1594546937439442,0.64,1.0,0.20320557487611268,0.19649517472453387,0.08,0.12483152601341198,0.72,0.88,0.21642950573231012,0.20185798081445547,0.12,0.12859963604134778,0.76,0.88,25,1.0
risingwavelabs/risingwave,0.04646915632376004,0.88,0.001176470588235294,0.01019461755314698,0.011371088141382268,0.0,0.005486314596069974,0.08,0.16,0.022613724503626108,0.01748700526170959,0.04,0.007179712139267242,0.12,0.2,0.13616728852341664,0.11577219508830643,0.16,0.07568317206709405,0.52,0.44,25,0.0
robotframework/robotframework,0.2125376523685671,0.88,0.029198763894809784,0.03313152045384981,0.034664110976909523,0.0,0.034664110976909523,0.16,0.12,0.04688859083738721,0.042588659833087,0.0,0.04200511541053329,0.2,0.12,0.07684290543862099,0.06346718356369765,0.0,0.0596442669490668,0.24,0.24,25,0.0
rocketride-org/rocketride-server,0.04525901860620321,0.92,0.005764348174596123,0.03736107484190762,0.038084554078531736,0.0,0.03724293813896131,0.2,0.76,0.02018246585154869,0.019840141655447407,0.04,0.014215079985706676,0.04,0.16,0.05456056296924676,0.0527720258927538,0.12,0.025172510196344918,0.08,0.2,25,0.0
rtk-ai/rtk,0.024549392793012804,1.0,0.0,0.013869351440924622,0.013869351440924625,0.0,0.008348236119286201,0.12,0.2,0.031159323497799242,0.023069895693654918,0.0,0.014790853307494136,0.28,0.2,0.05026889347481886,0.033496882854004636,0.0,0.020825799717643853,0.28,0.24,25,0.0
ruby/ruby,0.10007857371891792,0.96,0.004873338547584101,0.06513571768900714,0.06675621669833184,0.12,0.028210653672703617,0.32,0.4,0.06445007993664026,0.054252525304804,0.08,0.03745942422644283,0.28,0.28,0.12066675692074344,0.09754179400917556,0.12,0.05937655519057565,0.36,0.28,25,1.0
rust-lang/book,0.03461757686712577,0.92,0.0003791219458080262,0.02789844553186787,0.028223154227231782,0.04,0.018125601516788725,0.24,0.12,0.02280630257858284,0.023043819297225206,0.04,0.012892053628522835,0.24,0.12,0.04613841158248913,0.04319502020161647,0.08,0.028546772031753487,0.28,0.16,25,1.0
rust-lang/cargo,0.049931069097280414,0.96,0.001587536613551052,0.042587664211504624,0.037087314552451296,0.0,0.013518718158125987,0.12,0.64,0.031997633274798425,0.03142279425473353,0.0,0.019318375102462117,0.16,0.6,0.11090702864086849,0.09957766179478061,0.12,0.0632354820465865,0.28,0.24,25,0.0
rust-lang/futures-rs,0.0513900385839478,0.92,0.0,0.0513900385839478,0.0513900385839478,0.04,0.029587422052107213,0.2,0.44,0.07401319585572033,0.0555008645802672,0.0,0.036511645274671954,0.28,0.48,0.17424007566169597,0.14311152604196825,0.12,0.10603830952047347,0.48,0.72,25,1.0
rust-lang/mdBook,0.017851352843858623,0.5384615384615384,0.0,0.008347512457665296,0.008347512457665294,0.0,0.0020529135057236834,0.07692307692307693,0.0,0.03881739870361441,0.024211699530557056,0.0,0.006845215696070708,0.23076923076923078,0.15384615384615385,0.11525248928025558,0.0954260742953768,0.0,0.0702007585612491,0.46153846153846156,0.5384615384615384,13,0.0
rust-lang/rust,0.028448299995396047,0.48,0.0,0.028448299995396047,0.028448299995396047,0.0,0.023783519506238103,0.2,0.28,0.03044829999539605,0.03044829999539605,0.0,0.025783519506238098,0.24,0.28,0.03848751568167055,0.037703201956180356,0.0,0.032254107741532215,0.32,0.32,25,0.0
rust-lang/rust-analyzer,0.05279670517322229,0.16,0.002486950621150433,0.04917927981355891,0.05124917763305342,0.08,0.012497526641005594,0.12,0.08,0.072961643620998,0.05854865056937375,0.16,0.021134674129685865,0.28,0.08,0.1401269215529693,0.10529369808597533,0.2,0.04068554516005842,0.36,0.32,25,1.0
rust-windowing/winit,0.25706886740605384,0.8,0.051275795999560655,0.15583128599162763,0.15668976204876833,0.1,0.08241031341107272,0.3,0.3,0.1705619620991759,0.16277862250586897,0.1,0.08774364674440605,0.3,0.2,0.16201375369206183,0.14595512928804777,0.1,0.06802325958387231,0.3,0.2,10,1.0
saltstack/salt,0.28513338818457473,1.0,0.10099576149422759,0.20033494322514137,0.28500438675122547,0.52,0.1290502545638697,0.8,0.92,0.243737677492573,0.2961232322222861,0.52,0.11793453030132134,0.72,0.96,0.2728762457075311,0.31149243978879954,0.52,0.12012417952744908,0.64,0.96,25,1.0
scala/scala3,0.11010997844093945,0.84,0.004612669482449384,0.06635669207563752,0.07007370046357647,0.04,0.06052036697620924,0.52,0.52,0.06554409433581382,0.05548557102977446,0.0,0.04921583470828806,0.4,0.44,0.05714685135878323,0.05357834197216172,0.0,0.04716481318227836,0.24,0.32,25,1.0
scikit-image/scikit-image,0.06683823897976698,0.88,0.005656201103678613,0.060011034057320965,0.06540328949172015,0.04,0.043586978515131616,0.36,0.44,0.05684606439608939,0.05873343625009128,0.0,0.038480249904540215,0.28,0.4,0.06987278883507679,0.06857301740692649,0.0,0.04736731458904935,0.28,0.36,25,1.0
scikit-learn/scikit-learn,0.18591836464362793,1.0,0.012961187540908324,0.17599560931242805,0.17166950739364928,0.28,0.07260313331921762,0.6,0.76,0.1925036409863888,0.17390792140281794,0.16,0.06963921112926247,0.76,0.72,0.2119684300626264,0.18070891363784308,0.12,0.07125393126152973,0.68,0.68,25,1.0
scipy/scipy,0.009395594628213934,0.84,0.000919578641467503,0.008483049237359321,0.009155220970500864,0.0,0.003213769434021907,0.04,0.08,0.050096808263114044,0.04157560589200083,0.04,0.0238102866136496,0.32,0.2,0.09687269558021178,0.08322404269472393,0.12,0.048153732558370486,0.4,0.2,25,0.0
scrapy/scrapy,0.1123252872557697,0.88,0.005189521643219003,0.10778731549893258,0.11227982644849599,0.04,0.0374985575625327,0.6,0.56,0.12218741243430471,0.11409497333743206,0.08,0.039230981238256815,0.52,0.56,0.15148374576298604,0.13302523077126976,0.08,0.040546090435200535,0.68,0.64,25,1.0
secdev/scapy,0.07500763872144374,0.64,0.0,0.07071778364897996,0.07071778364897996,0.04,0.03750683060533195,0.2,0.32,0.10180382299803911,0.0953491410719039,0.04,0.054994150078198245,0.32,0.52,0.13554932166280323,0.12173390772549438,0.04,0.07401794921396329,0.44,0.52,25,1.0
semantic-release/semantic-release,0.0029498525073746312,1.0,0.0,0.0029498525073746312,0.002949852507374638,0.0,0.0,0.0,0.0,0.02064896755162242,0.020648967551622432,0.0,0.008849557522123908,1.0,0.0,0.0471976401179941,0.04129793510324484,0.0,0.03834808259587019,0.0,0.0,1,0.0
serenity-rs/serenity,0.07083541299037399,0.92,0.004650519167141113,0.05752681715868422,0.06062723702112294,0.08,0.013510405356692522,0.2,0.2,0.07543378400347028,0.07406699212263444,0.16,0.02398817252015509,0.36,0.24,0.12218729233596201,0.10346702076520983,0.2,0.03554296030316925,0.44,0.36,25,1.0
sgl-project/sglang,0.017512593648396958,0.64,0.0015852296502857869,0.01610467425644763,0.017512593648396954,0.0,0.017298968814737685,0.08,0.28,0.02114466391526054,0.018966557853166043,0.0,0.017627827013726508,0.12,0.28,0.13185939487701057,0.11243650926473235,0.12,0.05555215836477609,0.32,0.56,25,0.0
shap/shap,0.19751017938154525,1.0,0.029459618047555064,0.18194977505293536,0.19426540821387725,0.16,0.0791468751391571,0.44,0.56,0.10380925649136773,0.10040946200336708,0.08,0.07102944536800097,0.4,0.36,0.13881036461776206,0.1261845595859142,0.08,0.0667927986309936,0.4,0.44,25,1.0
simonw/datasette,0.06273918974015905,0.8,0.0032770836411159894,0.03101219429337898,0.03149857315579578,0.04,0.01890343145539092,0.16,0.08,0.020761868551172253,0.0209898708505004,0.0,0.020408546694007018,0.16,0.12,0.06857640195524321,0.06058252473108396,0.08,0.04868156925808011,0.2,0.32,25,1.0
software-mansion/react-native-reanimated,0.06203447040727008,0.88,0.004415164455251075,0.05806149298071478,0.06191728843601431,0.04,0.051825869452804374,0.48,0.56,0.07282802492371732,0.07251313098255287,0.04,0.05739244517044442,0.56,0.56,0.1201623438364676,0.10475764542240001,0.04,0.08085279542163422,0.6,0.68,25,1.0
software-mansion/react-native-svg,0.4118590711155703,1.0,0.037849064088427184,0.2929090373030032,0.30655001160179285,0.48,0.10613905904987382,0.4,0.6,0.04098156968123576,0.03534060577276365,0.0,0.02571526016867105,0.12,0.28,0.1060408138279541,0.09470281159051668,0.0,0.08319788967998232,0.36,0.52,25,1.0
solidusio/solidus,0.1529884043311689,1.0,0.0024701754385964914,0.15080510375932943,0.15235794274425948,0.12,0.09453059838522751,0.8,0.68,0.14632982862987137,0.13714489245210276,0.12,0.08624746802935274,0.68,0.56,0.18202664893333823,0.16631345048547433,0.16,0.09760850490340962,0.76,0.56,25,1.0
spack/spack,0.12471357646470338,0.88,0.004747686890434559,0.08457689927981765,0.08758713244939433,0.16,0.042235202257774856,0.48,0.28,0.1653825576153087,0.13854760215161885,0.32,0.06073300849933861,0.56,0.36,0.18796063331630802,0.1603916872815606,0.32,0.062154804595110795,0.6,0.4,25,1.0
sphinx-doc/sphinx,0.03759879071535285,0.6,0.010966520021319228,0.022265044709430547,0.025550624818649118,0.04,0.01997768209975458,0.12,0.04,0.0626016780033667,0.04945258365155941,0.08,0.016480182895812448,0.16,0.08,0.10277310738159805,0.07817475201144587,0.08,0.03759845867124319,0.2,0.28,25,1.0
spring-projects/spring-boot,0.0520676168740526,0.68,0.0,0.04447965486792194,0.04447965486792194,0.04,0.029206405532973982,0.32,0.36,0.05389033859928143,0.04631120710834662,0.04,0.030953508804173798,0.2,0.44,0.19982267433929962,0.1766310061984507,0.16,0.13812598846524055,0.92,0.72,25,1.0
spyder-ide/spyder,0.7543595467333319,1.0,0.12815017681604052,0.7179445734895293,0.7427432671750577,0.96,0.2660394772716139,0.88,0.96,0.05615545201094327,0.08441290808012132,0.12,0.040292842535832187,0.36,0.04,0.16099126159234028,0.16285695816613777,0.16,0.10292245090551466,0.52,0.32,25,1.0
sqlalchemy/sqlalchemy,0.10828896625155933,0.8,0.00914366212123033,0.043601073029456865,0.04575454226426942,0.04,0.04071220178667719,0.16,0.12,0.07749823393540826,0.07125749032312362,0.08,0.0549900746541508,0.2,0.2,0.1184826846889345,0.1055655980970618,0.16,0.07481599947079082,0.24,0.24,25,1.0
statelyai/xstate,0.2228294911751425,0.96,0.013908609668806018,0.21342907225329252,0.22245924291524358,0.2,0.14879968440218885,0.76,0.76,0.14128741110200335,0.1472830293029955,0.12,0.12491631796483198,0.72,0.72,0.15132559426660616,0.14895603685695472,0.12,0.1240085375952802,0.72,0.72,25,1.0
storybookjs/storybook,0.08114032778755587,0.72,0.01971889338973457,0.006406911459258334,0.020711313570865246,0.0,0.012352150475976676,0.2,0.16,0.051776390777041575,0.04857693930573344,0.08,0.03284037219709096,0.28,0.2,0.09306873760963949,0.0823571547586116,0.16,0.063242611088474,0.44,0.32,25,0.0
streamlink/streamlink,0.137187545686734,0.8,0.027531372125749142,0.008646683519461119,0.029904016511395137,0.0,0.026570683178061803,0.12,0.08,0.06304537356103376,0.05461294209734399,0.0,0.04662344930063709,0.16,0.12,0.08415747434895753,0.07388400781249804,0.0,0.06371335950130229,0.28,0.32,25,0.0
supercollider/supercollider,0.1483225375567574,0.52,0.007633823904870671,0.14428532035647146,0.14832253755675737,0.12,0.0680820901426454,0.36,0.48,0.10141161158396374,0.09496766029773754,0.04,0.059166048945100955,0.36,0.68,0.1533853907810962,0.1471158787316288,0.08,0.10121813086756117,0.44,0.64,25,1.0
swig/swig,0.24746518798139625,1.0,0.00412126657184703,0.12355476560326839,0.12492681655425411,0.28,0.0549743642466066,0.12,0.2,0.1488809477128681,0.12422591240097094,0.16,0.10042210896631058,0.12,0.16,0.19717160759131352,0.1678077436578693,0.2,0.13365292569284273,0.32,0.32,25,1.0
symfony/symfony,0.015097283275740453,0.92,0.0,0.011770982458067012,0.010818601505686058,0.0,0.005833319354775348,0.04,0.16,0.03881446803708064,0.02913366825893908,0.0,0.01440060901563466,0.12,0.28,0.15532070506485096,0.13114982175823456,0.0,0.08654033958588146,0.4,0.52,25,0.0
taichi-dev/taichi,0.1998122486537159,0.92,0.009001211375359721,0.15656201472079004,0.16169417823314217,0.12,0.11764644528903387,0.48,0.6,0.15212954659661462,0.1518092320147536,0.12,0.09892524122608934,0.44,0.52,0.22489716753481706,0.21894508885995606,0.24,0.14446549916721088,0.56,0.52,25,1.0
teambit/bit,0.2178748146600915,0.72,0.0008351099022274499,0.21048475165729602,0.21069329600992626,0.28,0.0752956379895509,0.36,0.32,0.1662428301421615,0.1642261847270746,0.2,0.05180361138824575,0.32,0.28,0.17333699485287546,0.16734566421386854,0.2,0.08012847331080998,0.32,0.36,25,1.0
tensorflow/tensorboard,0.2701521041308279,0.92,0.04132409352259904,0.2502825705485386,0.2701331167890557,0.36,0.09656629566586959,0.44,0.64,0.1864166331721205,0.17619092760681027,0.12,0.0890231979099048,0.4,0.64,0.27959527281942714,0.2620641645407242,0.2,0.16718831659267536,0.56,0.84,25,1.0
tianocore/edk2,0.10675536862796782,1.0,0.004705408258196494,0.10259280253044502,0.10675530550743396,0.04,0.07934560961691582,0.76,0.56,0.0629101329623787,0.056285001912646786,0.0,0.03697536168052069,0.16,0.28,0.10029265375667079,0.08757380504975383,0.08,0.04584047698189578,0.32,0.32,25,1.0
timber/timber,0.4516585131582979,0.84,0.023011912306230314,0.38443529104721824,0.3895868359398478,0.56,0.18279977867115232,0.56,0.56,0.23137129320884484,0.20266808700498445,0.36,0.08970713822315055,0.44,0.44,0.28913346096642134,0.24634804828376144,0.36,0.10244275319753882,0.48,0.48,25,1.0
timescale/timescaledb,0.03551150709906861,0.6,0.009923351077449254,0.01917618260926565,0.026265576711374094,0.0,0.01774598396315508,0.24,0.12,0.040023717124757885,0.03899719689801662,0.04,0.028857198990875254,0.24,0.12,0.1022519227214946,0.08305374802847477,0.08,0.06060792922264832,0.4,0.24,25,0.0
tmuxinator/tmuxinator,0.07429469953924796,1.0,0.06753024034670486,0.0068992918693501605,0.06361534067386244,0.04,0.03739400688451768,0.32,0.4,0.03747992055534618,0.0828726174825615,0.12,0.04387742075328342,0.48,0.44,0.10022090908220921,0.13723134765011297,0.28,0.0738271946408181,0.56,0.6,25,1.0
treeverse/dvc,0.016692072285850033,0.76,0.0002606712284131639,0.01638567939199997,0.016586382908308307,0.04,0.010641015298443007,0.12,0.04,0.04331354809087643,0.03148011952322498,0.04,0.020630500178583686,0.24,0.08,0.137565739747883,0.10041724928404049,0.2,0.060060900206125666,0.48,0.24,25,1.0
triton-lang/triton,0.05937033221121617,0.76,0.0007860763359108136,0.05606858380010859,0.0567712451347493,0.08,0.022439752469954825,0.2,0.16,0.07444360807029239,0.055774882933681005,0.04,0.03786512636610695,0.32,0.12,0.15121190413547464,0.11920502087319924,0.2,0.07016126395177029,0.44,0.36,25,1.0
twisted/twisted,0.11991547780757114,0.92,0.023734952718024546,0.09945183578831596,0.11983106344676925,0.04,0.08199119452589228,0.72,0.76,0.10990005828822559,0.12077599161702006,0.08,0.07460119119724563,0.6,0.68,0.14981422508016567,0.14856841364305493,0.04,0.0907792313872151,0.68,0.84,25,1.0
typelevel/cats,0.06330884162706198,0.84,0.003930227319088211,0.05949629778493882,0.0633079777303429,0.16,0.01944991307006145,0.2,0.28,0.07829365682833857,0.07569753696970656,0.12,0.03226011259791487,0.24,0.36,0.1039396549124276,0.09605700320072504,0.2,0.030229031327655993,0.32,0.52,25,1.0
typescript-eslint/typescript-eslint,0.08443400879565054,0.96,0.014272241271853423,0.0586176179639676,0.07077152233791169,0.0,0.051665149753808565,0.48,0.4,0.09516399183983724,0.10160320846623849,0.04,0.07213681981152904,0.6,0.48,0.1542431824581495,0.13294790742301812,0.08,0.08778398265276122,0.56,0.44,25,0.0
unionlabs/union,0.22354775267741117,0.88,0.01732336628888353,0.18381987391414825,0.18807922105323974,0.16,0.1208239747716708,0.44,0.36,0.16404472244140555,0.16460619049956404,0.08,0.11402463197602017,0.44,0.4,0.15404653924196196,0.15066787303634224,0.08,0.09854046444586397,0.48,0.4,25,1.0
unit8co/darts,0.024325580284202012,0.88,0.001851318535296304,0.019322771521385097,0.020915499245953442,0.04,0.01218358353859304,0.16,0.24,0.042972587311200836,0.036211210432368746,0.0,0.02586601312472849,0.2,0.2,0.09367559370907276,0.07281220461502232,0.08,0.05172686492801997,0.36,0.4,25,1.0
v8/v8,0.03639536425527979,0.76,0.0012563525847817973,0.016149912064006428,0.017377315488730852,0.04,0.008147492287402979,0.12,0.16,0.03454022024301155,0.0266859071230293,0.08,0.009544181121360702,0.12,0.28,0.1738695194388241,0.15078819797805607,0.16,0.1032288009945634,0.6,0.44,25,1.0
valhalla/valhalla,0.10827206249920977,1.0,0.011680770103390642,0.09821112664954,0.10826268840855065,0.16,0.055953762924183144,0.76,0.48,0.07193982356370549,0.0661315754594136,0.08,0.030784713862248694,0.4,0.28,0.1129487794505382,0.0914214442114903,0.08,0.036069255583993376,0.56,0.4,25,1.0
valkey-io/valkey,0.10540709554298827,0.96,0.00958234892675908,0.09579165658196054,0.10535342227898291,0.0,0.07568100788588414,0.56,0.64,0.07061137932961171,0.06350719197192924,0.0,0.038263566730767334,0.4,0.36,0.13377432184594248,0.12159565828350156,0.04,0.07757720778321932,0.56,0.44,25,0.0
verl-project/verl,0.10557339240887169,0.88,0.008678483234700364,0.09284090802656297,0.09912293044078853,0.08,0.06408670388033577,0.48,0.52,0.1226820524773351,0.1173795606964142,0.12,0.07484341714734473,0.56,0.52,0.2231777032608952,0.18836427481880516,0.08,0.11563974175541364,0.8,0.68,25,1.0
vim/vim,0.01847594636261983,0.92,0.001987404391944928,0.016586691473542,0.01847169195358536,0.0,0.010019710676854272,0.12,0.2,0.062267493757076436,0.05176261985454645,0.0,0.04064855110799556,0.28,0.44,0.08168040975622212,0.07142943790847195,0.0,0.05986744279651691,0.32,0.48,25,0.0
vitejs/vite,0.07774434432964515,0.92,0.00022503682004305112,0.07465408436425786,0.07458157524063555,0.04,0.04436764738942195,0.4,0.44,0.12103020497827234,0.1106830043606946,0.12,0.05588008762227679,0.44,0.56,0.13552767122961948,0.1184773719726216,0.24,0.05401598627321314,0.48,0.56,25,1.0
vllm-project/vllm,0.12475601911000092,1.0,0.007468718931259211,0.1157149544366615,0.12168741209671569,0.0,0.0828555946757942,0.8,0.52,0.12027298275025317,0.11712646379290888,0.0,0.07390133501563512,0.92,0.56,0.18143106800996897,0.1653550247606071,0.08,0.0932772022206063,0.8,0.68,25,0.0
vosen/ZLUDA,0.2948441140485615,0.8,0.012181532862512598,0.1630554930127696,0.16468406089926346,0.2,0.03558618967386681,0.16,0.12,0.017152990885138615,0.015932280831197868,0.0,0.015691254576668482,0.04,0.12,0.05951159159908137,0.052648164886535,0.08,0.03605541963933498,0.08,0.12,25,1.0
vuejs/core,0.08620526324969915,1.0,0.0008282523787086482,0.08253238390972319,0.08330175894019605,0.0,0.06517093766496337,0.52,0.36,0.10845916160233962,0.08956091889980654,0.04,0.06289194890179493,0.48,0.44,0.13665615587902225,0.10254125353490676,0.12,0.0636347794417902,0.56,0.48,25,0.0
vuejs/vue,0.1844063769079435,1.0,0.0064808446455505275,0.11529818415762579,0.11652295838326854,0.16,0.08944578199326267,0.36,0.4,0.08888536331099939,0.08554175671751782,0.04,0.07046081005886118,0.32,0.16,0.11341766386586881,0.09677268542925212,0.08,0.07763945889674646,0.4,0.16,25,1.0
vyperlang/vyper,0.028406303893997658,0.96,0.008744607527341429,0.01966185397082076,0.028389133462166077,0.04,0.020904492281298717,0.2,0.48,0.03122464547146194,0.03621408346429799,0.0,0.026402142037023433,0.24,0.52,0.056674099085569835,0.059689742589552536,0.04,0.04340231241926425,0.36,0.56,25,1.0
wagtail/wagtail,0.1738723725150144,0.8,0.003045994512436724,0.17110321650576155,0.17348746754886238,0.2,0.10850843675282035,0.52,0.6,0.18023657975199783,0.1811366813687773,0.16,0.13217703913768986,0.6,0.64,0.2613316707223839,0.2504178079197731,0.32,0.18064272312663884,0.68,0.68,25,1.0
wandb/wandb,0.027111589725983997,0.88,0.007474747474747475,0.014589849852818495,0.021233614060034475,0.0,0.0138037253370519,0.12,0.08,0.09262613421380941,0.07882518481087422,0.04,0.06014824605781476,0.2,0.16,0.16049684536847175,0.15004917719062413,0.12,0.11645509954865733,0.36,0.36,25,0.0
web-infra-dev/rspack,0.6528579159716449,1.0,0.001961182801103629,0.48162375472753644,0.482436601608393,0.64,0.09434906109753995,0.2,0.6,0.3753219437829894,0.36629491489045113,0.32,0.11670119740518542,0.32,0.68,0.39567846945396423,0.3842874722514148,0.36,0.1286769189679193,0.4,0.68,25,1.0
withastro/astro,0.12715675091443496,0.84,0.005320789489328815,0.125030483150964,0.1260639792633609,0.12,0.06155238142560424,0.2,0.32,0.09163622838633881,0.07488107887512273,0.04,0.04952654501610104,0.36,0.24,0.15172230951407265,0.12636893896406837,0.12,0.07655471201150826,0.36,0.36,25,1.0
withastro/starlight,0.1859616159440357,0.84,0.0005077778381412868,0.1769430560009432,0.17739018737260714,0.24,0.10215476393446268,0.6,0.72,0.0372025172075847,0.032136211165543015,0.04,0.02312150771495336,0.08,0.2,0.04404204161706774,0.037868225235456326,0.04,0.02978179182706077,0.12,0.28,25,1.0
wkentaro/labelme,0.07258920903734588,0.625,0.0027292576419213972,0.002834552495697074,0.0028589208674999382,0.0,0.002858920867499934,0.0,0.0,0.006883336919104991,0.006871152733203554,0.0,0.006798047617794942,0.125,0.125,0.008903022805507746,0.008092519015550657,0.0,0.007245462667889266,0.125,0.25,8,0.0
wxWidgets/wxWidgets,0.014745553725542766,0.68,0.0028987749050349287,0.007404779393393384,0.008827237566605601,0.0,0.004503907272578087,0.04,0.08,0.09312627588977421,0.08160089000453884,0.2,0.025265485080009475,0.04,0.16,0.11921042115876405,0.10143433762723611,0.2,0.038436040788453994,0.08,0.32,25,0.0
xbmc/xbmc,0.267323534124276,0.92,0.04243313458043775,0.0675072071534753,0.07507713161279084,0.12,0.06217432848107203,0.04,0.04,0.019568928030070033,0.014870752773688092,0.0,0.013039038533251257,0.0,0.0,0.04840158513626043,0.04092901595345345,0.0,0.03815395408657284,0.08,0.08,25,1.0
xournalpp/xournalpp,0.2652874047677244,0.95,0.03827917342897931,0.215170724931113,0.2257048273869536,0.4,0.0865708324132852,0.5,0.6,0.12285461029495351,0.10693054869876965,0.1,0.05811024610488173,0.45,0.5,0.13914130706118058,0.12116859844742786,0.1,0.06287278627791991,0.5,0.5,20,1.0
yiisoft/yii2,0.27088965734565024,1.0,0.03809274190289077,0.24274154845468204,0.26738623584435783,0.32,0.12465816520133577,0.52,0.8,0.08743309433574606,0.10106775136766516,0.08,0.05617860881575978,0.4,0.44,0.15814845008964412,0.14939174017863846,0.08,0.07672378069721368,0.48,0.56,25,1.0
youki-dev/youki,0.048968587482760145,0.92,0.01900656045568169,0.0316205882268712,0.048967773662132716,0.12,0.02551540247503519,0.28,0.32,0.09250065219678034,0.0925369422116503,0.08,0.039017655770741184,0.4,0.44,0.12879270813441143,0.1290448558510557,0.16,0.07195067461057729,0.4,0.4,25,1.0
yugabyte/yugabyte-db,0.11670555810003945,0.88,0.007603167069461411,0.10965836826414131,0.11409743617625721,0.12,0.05529985312023767,0.48,0.32,0.08141581796475798,0.07582053468729975,0.04,0.05332222898784618,0.52,0.36,0.13351084550538203,0.11372811005069648,0.08,0.07726880604604494,0.4,0.44,25,1.0
zed-industries/zed,0.354338143703706,0.84,0.03460841522495472,0.3330334527103373,0.352203406697065,0.48,0.217771609125149,0.68,0.72,0.09778052582920807,0.11363970332471098,0.08,0.05644697678276682,0.24,0.4,0.1856301679148059,0.19608050733072055,0.16,0.11666181577987242,0.44,0.6,25,1.0
zeek/zeek,0.5315528841726317,0.92,0.09437644333184395,0.4966694420223462,0.5128859821616176,0.72,0.18684259675236123,0.68,0.88,0.16559528906127322,0.13792232988084252,0.16,0.05003501057360567,0.48,0.56,0.1885869022101115,0.15707564759593043,0.12,0.06433029076159415,0.48,0.68,25,1.0
zeromq/libzmq,0.12504818481387972,0.84,0.019586544421925887,0.1068967970197056,0.11833751196103064,0.24,0.051914770514697006,0.28,0.2,0.06163392954270331,0.04681244310639185,0.04,0.02486068571997621,0.24,0.08,0.09746520517114408,0.07648543505987009,0.08,0.04117508671459337,0.4,0.2,25,1.0
zeux/meshoptimizer,0.3732800014344592,0.9166666666666666,0.058989557719954115,0.02497178319074265,0.025106960489978597,0.041666666666666664,0.008692819075837188,0.0,0.041666666666666664,0.006911023449484989,0.005520666403803327,0.0,0.0029623371494388318,0.0,0.041666666666666664,0.0081454087223318,0.005381076366720915,0.0,0.001737741401800048,0.0,0.041666666666666664,24,1.0
