repo,capture,captured,unblamable,raw_dis,raw_tvd,raw_flip,raw_owner_abs,raw_major_change,raw_top3_change,w_dis,w_tvd,w_flip,w_owner_abs,w_major_change,w_top3_change,wmc_dis,wmc_tvd,wmc_flip,wmc_owner_abs,wmc_major_change,wmc_top3_change,files,any_flip
11ty/buildawesome,0.10617065965142038,0.16,0.01598419272015026,0.013731157731157732,0.015543730840092258,0.0,0.015543730840092253,0.04,0.04,0.003546079936323839,0.004894839704690729,0.0,0.0038558786657296863,0.0,0.0,0.020280312407109546,0.019399398446351558,0.0,0.016842148890199696,0.08,0.04,25,0.0
AUTOMATIC1111/stable-diffusion-webui,0.0,0.0,0.0,0.0,0.0,0.0,0.0,0.0,0.0,0.008544891381154402,0.007836176648840393,0.0,0.007781902564715564,0.0,0.04,0.06711070021544642,0.06591351872600894,0.04,0.05449607003419907,0.16,0.16,25,0.0
ApeWorX/web3.py,0.04479268421497934,0.48,0.003417664148492408,0.029648298535429846,0.03253145680914485,0.04,0.012550945634845606,0.16,0.16,0.036497895435704766,0.03651959523737249,0.04,0.013910300657104102,0.16,0.16,0.12064502818315573,0.10439537824924278,0.16,0.05827336932924089,0.2,0.4,25,1.0
App-vNext/Polly,0.06631029441692603,0.16,0.015125046443154513,0.05782909061726735,0.0640664420103327,0.08,0.028879391210276703,0.12,0.12,0.038541875180092486,0.02496761054741801,0.04,0.015951090333083742,0.08,0.04,0.08179838785565029,0.06126998395059514,0.04,0.032820509286720013,0.2,0.12,25,1.0
ArduPilot/ardupilot,0.0,0.0,0.0,0.0,0.0,0.0,0.0,0.0,0.0,0.011827127985939951,0.011827127985939951,0.0,0.011827127985939954,0.04,0.0,0.024789543861451574,0.024789543861451574,0.0,0.024789543861451574,0.12,0.08,25,0.0
Automattic/wp-calypso,0.008578439964943034,0.12,0.0,0.008578439964943034,0.008578439964943034,0.0,0.0011428571428571432,0.08,0.04,0.059802850062069826,0.050057764456489615,0.08,0.024267305978591756,0.12,0.12,0.09139270742822553,0.07898971747799399,0.12,0.04052880084434518,0.16,0.2,25,0.0
BLAKE3-team/BLAKE3,0.0,0.0,0.0,0.0,0.0,0.0,0.0,0.0,0.0,0.002275510057780263,0.002176007570218072,0.0,0.0021760075702180704,0.04,0.0,0.0058758616324681425,0.002962673336659052,0.0,0.0028355546925912557,0.0,0.04,25,0.0
Bash-it/bash-it,0.0428764005602241,0.12,0.001056547619047619,0.04071264014744279,0.041631668548142695,0.04,0.02481210430583748,0.04,0.04,0.11638208542959036,0.10664698557312428,0.24,0.07046967792326905,0.2,0.12,0.1296725434116088,0.1196174435551427,0.24,0.07993076268301333,0.2,0.16,25,1.0
BerriAI/litellm,0.026918495706050757,0.28,0.0013887660327288808,0.023788418654609556,0.024986438089497333,0.0,0.013546203935219957,0.16,0.16,0.06693972765864356,0.06195587265624065,0.08,0.0264291056801137,0.16,0.12,0.16425059444893775,0.15356359577878265,0.2,0.06641234978054364,0.32,0.4,25,0.0
Bogdanp/dramatiq,0.03959387113310462,0.48,0.0024321848114684133,0.037000934968569175,0.03936720497769414,0.0,0.03137077286608541,0.4,0.28,0.0457378654100529,0.04476895294315538,0.0,0.032048410113498536,0.32,0.28,0.1044972483391616,0.09600610839277841,0.12,0.06117592982648694,0.4,0.4,25,0.0
CapSoftware/Cap,0.09462036208647114,0.2,0.00932683435160289,0.08983309391530751,0.09458577808517422,0.12,0.030444427614376882,0.08,0.16,0.015895089077090453,0.015426376733814804,0.0,0.009800981913427726,0.16,0.16,0.017165086288757955,0.013922269007390783,0.0,0.009359236510411097,0.12,0.24,25,1.0
CesiumGS/cesium,0.24679329449732726,0.4,0.014969734952343647,0.2181798455739674,0.21395109881771618,0.28,0.058270374757708944,0.32,0.32,0.09614561308475908,0.06936741049938859,0.08,0.029516999552791443,0.32,0.24,0.1074613136780811,0.0783706672341826,0.08,0.03612471309667782,0.36,0.32,25,1.0
CherryHQ/cherry-studio,0.0,0.0,0.0,0.0,0.0,0.0,0.0,0.0,0.0,0.0003806228373702422,0.00038062283737024194,0.0,0.0003806228373702414,0.0,0.0,0.056909213539482834,0.05067990343832077,0.08,0.03774490063459523,0.36,0.4,25,0.0
Choices-js/Choices,0.003897826953748006,0.12,3.305785123966942e-05,0.001139629859387924,0.001153957662572031,0.0,0.0011539576625720293,0.0,0.0,0.014856117487769287,0.008339950391487588,0.0,0.005219440639283848,0.0,0.0,0.030890582877138893,0.024574097355972793,0.04,0.02059669586032074,0.12,0.12,25,0.0
Cog-Creators/Red-DiscordBot,0.00010869565217391303,0.04,0.0,0.00010869565217391303,0.00010869565217391303,0.0,0.0,0.0,0.0,0.002173913043478261,0.0015217391304347828,0.0,0.0,0.0,0.0,0.21983422803685781,0.21757812066077695,0.16,0.1431240210616266,0.4,0.56,25,0.0
DefinitelyTyped/DefinitelyTyped,0.08357687496353298,0.36,0.0,0.08357687496353298,0.083576874963533,0.08,0.04499354770096046,0.24,0.36,0.11542042663996878,0.10494423616377828,0.08,0.05863604117633802,0.24,0.36,0.1197682527269253,0.1092920622507348,0.08,0.06298386726329454,0.24,0.36,25,1.0
EFForg/rayhunter,0.00046692607003891054,0.04,0.0,0.00046692607003891054,0.00046692607003891054,0.0,0.0,0.0,0.0,0.0021536730579907177,0.002153673057990717,0.0,0.001686746987951806,0.0,0.0,0.018314529854087977,0.015325617968446231,0.04,0.007858134755454282,0.12,0.04,25,0.0
EsotericSoftware/spine-runtimes,0.05546032243466717,0.2,0.01650084655662038,0.036144926151681765,0.03216776948196558,0.04,0.012478616484915377,0.08,0.08,0.04753561966566527,0.03060754268469801,0.08,0.0145482365274284,0.12,0.12,0.05037798700484571,0.03743299444310085,0.08,0.024129181291488094,0.08,0.08,25,1.0
Eventual-Inc/Daft,0.006666666666666666,0.04,0.0044444444444444444,0.0025,0.006666666666666667,0.0,0.003333333333333335,0.04,0.04,0.05095398759299959,0.05322948086240766,0.08,0.018515815409530473,0.08,0.12,0.09590771286442919,0.09468897302167056,0.2,0.04789261982825489,0.24,0.24,25,0.0
FEX-Emu/FEX,0.027131208302446256,0.08,0.0025302693353101064,0.02541238471673254,0.02713120830244626,0.0,0.02713120830244626,0.08,0.08,0.00282021151586369,0.003897982489531785,0.0,0.003897982489531784,0.04,0.04,0.0032847276448959477,0.004207659908886623,0.0,0.00420765990888662,0.04,0.08,25,0.0
Flagsmith/flagsmith,0.007510725920462229,0.12,0.0,0.00515778474399164,0.00515778474399164,0.0,0.004698014629049112,0.04,0.08,0.026174551578507135,0.024235157639113193,0.0,0.021835993584776725,0.12,0.08,0.04867149597671598,0.04673210203732204,0.0,0.04433293798298557,0.24,0.16,25,0.0
GetStream/Vision-Agents,0.003240173897613344,0.08,0.002686540679620264,0.0005776173285198556,0.0028203339579026872,0.0,0.0026044769631617015,0.04,0.0,0.012269607257206933,0.008254604351994472,0.04,0.006742673220299307,0.04,0.04,0.0430702905465696,0.03698067028198093,0.12,0.021011370879820808,0.12,0.16,25,0.0
Giskard-AI/giskard-oss,0.0,0.0,0.0,0.0,0.0,0.0,0.0,0.0,0.0,0.0026051282051282056,0.0020923076923076945,0.0,0.0020923076923076954,0.0,0.0,0.010320707042399305,0.00775660447829674,0.0,0.00775660447829674,0.0,0.12,25,0.0
GoogleCloudPlatform/generative-ai,0.04044618437282137,0.08,0.008460342146189735,0.03826429980276134,0.03834773512964684,0.04,0.001030180889015675,0.0,0.0,0.0021301775147928993,0.0016447802307354904,0.0,0.001644780230735492,0.04,0.0,0.01052729988256889,0.010075276729265678,0.0,0.010075276729265678,0.08,0.08,25,1.0
GothenburgBitFactory/taskwarrior,0.13539813133695955,0.52,0.011748766587690201,0.12711135561977785,0.13535868248196042,0.04,0.10423398790434966,0.36,0.48,0.07585412422279926,0.08296307541341338,0.04,0.06625151818550071,0.44,0.44,0.16217962330290356,0.16680145408228633,0.08,0.14484898625453557,0.6,0.6,25,1.0
HKUDS/LightRAG,0.001516376306620209,0.08,0.0,0.0,0.0,0.0,0.0,0.0,0.0,0.0,0.0,0.0,0.0,0.0,0.0,0.02062860173103842,0.018099567958555215,0.0,0.01809956795855521,0.0,0.12,25,0.0
JuliaLang/julia,0.002490842490842491,0.08,0.0,0.002490842490842491,0.002490842490842491,0.0,0.002490842490842491,0.0,0.04,0.03844385905302188,0.0303401143250055,0.04,0.007829028423806107,0.08,0.08,0.09848380432744568,0.08636478565207499,0.16,0.041666968614640476,0.36,0.28,25,0.0
KevinMusgrave/pytorch-metric-learning,0.048,0.08,0.009555555555555555,0.04293460925039872,0.047393939393939384,0.08,0.017635300372142473,0.04,0.04,0.010879879177876856,0.00923531321752142,0.0,0.009071570527462935,0.04,0.0,0.013369224957545217,0.011724658997189781,0.0,0.011560916307131295,0.04,0.04,25,1.0
Kong/insomnia,0.022846686806531725,0.2,0.0033121019108280254,0.01923289029810769,0.021555961777230122,0.04,0.01723735567795384,0.04,0.08,0.0696869131659359,0.058879578683696414,0.08,0.024449818977625815,0.08,0.2,0.11297495755132225,0.10577698633322356,0.08,0.06925681265637344,0.16,0.28,25,1.0
Lightning-AI/pytorch-lightning,0.009518508692435099,0.36,0.0014814814814814814,0.008165232339158746,0.009390303564229971,0.0,0.004784512529867507,0.0,0.04,0.011482773211341524,0.011999843430082384,0.0,0.005390573135928108,0.0,0.04,0.10173308494620216,0.09823507627005947,0.08,0.07936537670388721,0.2,0.32,25,0.0
MaaAssistantArknights/MaaAssistantArknights,0.0,0.0,0.0,0.0,0.0,0.0,0.0,0.0,0.0,0.006344827586206897,0.004965517241379311,0.0,0.0002758620689655178,0.04,0.0,0.061245287668402655,0.05959011525460956,0.04,0.047351870740502976,0.2,0.16,25,0.0
MaartenGr/BERTopic,0.08680770884746244,0.44,0.014548463315213376,0.07605922389663299,0.08633086630931697,0.0,0.08010438059134163,0.32,0.44,0.05311151161938914,0.05606625542197329,0.0,0.04954066169640463,0.24,0.32,0.05938364625655156,0.05910591457090192,0.0,0.04928080354448859,0.28,0.28,25,0.0
ManimCommunity/manim,0.0,0.0,0.0,0.0,0.0,0.0,0.0,0.0,0.0,0.03668600801441382,0.0364521412014973,0.04,0.02868607449162045,0.16,0.08,0.10973257217810664,0.10746462059459656,0.08,0.0903085031749925,0.32,0.24,25,0.0
MetaMask/metamask-extension,0.09166666666666666,0.16,0.003333333333333333,0.08681818181818182,0.09,0.08,0.007272727272727271,0.04,0.16,0.09051803098861923,0.09171945701357466,0.08,0.007325517619635264,0.04,0.16,0.1331777765334672,0.13027756533335022,0.08,0.0416750626137988,0.16,0.44,25,1.0
NVIDIA/DALI,0.041197779015699265,0.12,0.005603578614076699,0.03669073477351126,0.03979858442424674,0.08,0.018819058102665317,0.12,0.12,0.04957274336019192,0.046221552234023446,0.08,0.02597677977416371,0.12,0.12,0.23880740377963383,0.2301698472393211,0.32,0.10174228045141018,0.56,0.64,25,1.0
NVIDIA/apex,0.24898306991722877,0.84,0.013533672579272644,0.21314732694455493,0.21817990026859962,0.2,0.13613795083183697,0.48,0.68,0.15597923556014937,0.1412128950373329,0.04,0.10031439772962919,0.52,0.76,0.1609772609669182,0.13666104045064875,0.08,0.09326503038999158,0.44,0.72,25,1.0
NVIDIA/cuml,0.11147786511423183,0.68,0.022692385632070135,0.09667976547700982,0.111395349433672,0.16,0.06717018517456534,0.24,0.36,0.15536120244579898,0.1565914046047622,0.2,0.08848961869843762,0.36,0.48,0.23671861152718005,0.23015412041577143,0.28,0.12378819023694577,0.44,0.52,25,1.0
NVIDIA/nccl,0.0,0.0,0.0,0.0,0.0,0.0,0.0,0.0,0.0,0.029673689962580903,0.028192208481099424,0.0,0.016243947491243336,0.04,0.16,0.043698392850636994,0.03766630026670821,0.0,0.023059944310196014,0.08,0.28,25,0.0
NicolasHug/Surprise,0.10304065465210714,0.36,0.005285101915842884,0.042000053611769984,0.042980717848984024,0.0,0.038801988534497046,0.08,0.08,0.04008544537394525,0.04073109422496401,0.0,0.037335428069304205,0.08,0.08,0.08471914363560341,0.0743286127347715,0.04,0.051138186161031045,0.16,0.16,25,0.0
NixOS/nix,0.047543499487831375,0.32,0.0014147377142561235,0.04633141006751396,0.047543499487831375,0.04,0.03416136053942586,0.2,0.2,0.04670991407552054,0.04636424272657579,0.08,0.029379084546987212,0.2,0.2,0.06118988649205281,0.06047631060753647,0.08,0.042754112991415474,0.2,0.24,25,1.0
OSGeo/gdal,0.09407368459436678,0.36,0.0063640967947536705,0.09052452452258,0.09407182699355296,0.04,0.04508500636514974,0.2,0.32,0.06686495273898281,0.0542270241555341,0.04,0.025464406091810946,0.24,0.32,0.11237697724570016,0.09464891377246797,0.08,0.054117598719549305,0.32,0.36,25,1.0
OctoPrint/OctoPrint,0.19137274481295624,0.56,0.015870210060659633,0.09785377101159419,0.10152695059972144,0.12,0.05428868775206832,0.04,0.04,0.060691205079101626,0.04870722207563968,0.04,0.03483015462307005,0.04,0.04,0.1091691017456198,0.09280687884208275,0.08,0.044855309141710153,0.12,0.12,25,1.0
OpenMW/openmw,0.11637219682177553,0.52,0.014435708957752074,0.10752228719106094,0.11637219682177553,0.16,0.052994960222391606,0.28,0.44,0.051078446256285444,0.03115143222797715,0.04,0.012195567234388117,0.16,0.24,0.10867664504019013,0.08575506906867428,0.12,0.05601731990145432,0.24,0.36,25,1.0
OpenRCT2/OpenRCT2,0.10065977866019535,0.28,0.010254216167924093,0.08524460806350082,0.09028959813648114,0.24,0.02813616473337566,0.24,0.2,0.12192117893657282,0.09992492857385506,0.16,0.03419901797113071,0.24,0.4,0.2743469969118826,0.24764495704030845,0.4,0.17123169465945576,0.6,0.64,25,1.0
OpenVPN/openvpn,0.1512528307608035,0.6,0.024603171331941665,0.1346717542419592,0.14851063130414746,0.12,0.0922996596311147,0.52,0.28,0.04382361517364417,0.05282260439989891,0.0,0.03477168492470214,0.36,0.04,0.15859184146498218,0.1539836737861112,0.04,0.11279686383739325,0.56,0.44,25,1.0
OrchardCMS/OrchardCore,0.17517993644309435,0.28,0.03303064834643782,0.15725146496638762,0.16986092255583504,0.24,0.05696365910717553,0.24,0.24,0.08325242627601848,0.05808475894186284,0.08,0.023887117842672626,0.24,0.16,0.1429273703502323,0.11152975328864309,0.12,0.05633587471712609,0.4,0.44,25,1.0
PHP-CS-Fixer/PHP-CS-Fixer,0.04671811194931216,0.56,0.013146737525888656,0.02277187229904203,0.030584050687716306,0.04,0.022875775354818693,0.12,0.12,0.07032154962239294,0.06452606999172089,0.08,0.04097938597618147,0.2,0.16,0.1993104966829007,0.17996764371152157,0.12,0.14248012620022715,0.52,0.6,25,1.0
Portkey-AI/gateway,0.07594014326115187,0.28,0.0038953016433480375,0.029551500798157698,0.03184370935501774,0.04,0.020020794179006568,0.08,0.12,0.07030120302230441,0.062183876378166414,0.04,0.030102327344149003,0.12,0.12,0.10045166604859164,0.09786003009292292,0.08,0.05812631631946633,0.2,0.2,25,1.0
PostgresApp/PostgresApp,0.0038546202640150867,0.08,0.00042105263157894734,6.514657980456027e-05,0.00041005139503412426,0.0,0.0003697378452020983,0.0,0.0,0.003662137783593704,0.000958566629339305,0.0,0.0009585666293393035,0.0,0.0,0.0075209802921639805,0.00481740913790958,0.0,0.004817409137909579,0.0,0.04,25,0.0
PrismLauncher/PrismLauncher,0.04524584324295756,0.16,0.0007142857142857143,0.02339536541889483,0.020590170613700023,0.04,0.006979781003310417,0.12,0.12,0.04125767011757638,0.03511983411943758,0.08,0.025341844275150346,0.12,0.16,0.14622952191988126,0.12752362955904403,0.0,0.08941435603051062,0.44,0.4,25,1.0
PyGithub/PyGithub,0.0028368794326241137,0.04,0.00028368794326241134,0.0025714285714285713,0.0028247213779128673,0.0,0.0001134751773049647,0.04,0.0,0.006207792207792207,0.0064610850142765045,0.0,0.0037498388136686022,0.08,0.04,0.07432999316724834,0.06959465533589337,0.04,0.04268330982047755,0.28,0.24,25,0.0
Qiskit/qiskit,0.011494750024223439,0.12,0.0013307240704500977,0.010390302921218297,0.011465118516581838,0.0,0.011257539505830513,0.08,0.08,0.012121280233770054,0.011556660878941756,0.0,0.011320117349725552,0.08,0.08,0.07067676643571888,0.06886758343167952,0.08,0.05740841107249641,0.28,0.28,25,0.0
RSS-Bridge/rss-bridge,0.2231722832548662,0.32,0.03991936498764777,0.21105749956557307,0.21938667246497698,0.24,0.02906497529735178,0.16,0.24,0.07924086948016065,0.07402536083705563,0.04,0.05315723918791984,0.16,0.2,0.08010859896986,0.0748343762581707,0.04,0.05263292127570157,0.16,0.2,25,1.0
Rapptz/discord.py,0.001388956518139396,0.32,4.920049200492005e-05,0.0011190558407591393,0.0011344461424454052,0.0,0.0011344461424454022,0.04,0.0,0.00640905139675892,0.004606212493416364,0.0,0.0031071769681101837,0.04,0.04,0.10558386400929896,0.09348503817698268,0.04,0.07393436392601538,0.32,0.2,25,0.0
Redot-Engine/redot-engine,0.22373749355337805,0.32,0.0005194805194805195,0.04894050107217503,0.04847775329363777,0.04,0.003977411530138114,0.08,0.04,0.0068061646818348654,0.0053900343887786995,0.0,0.002764729062707567,0.04,0.0,0.0249347430733481,0.02170891405680623,0.04,0.0028951862683492015,0.04,0.04,25,1.0
RfidResearchGroup/proxmark3,0.032639056653383076,0.2,0.0033424643136327507,0.02800055778095478,0.0290431042443628,0.04,0.012018098779471029,0.0,0.0,0.08852201228719368,0.08466168763192186,0.16,0.04190198410364886,0.16,0.08,0.15870484849387184,0.1528770343026049,0.24,0.09084462354007428,0.28,0.2,25,1.0
SWE-agent/SWE-agent,0.0,0.0,0.0,0.0,0.0,0.0,0.0,0.0,0.0,0.02459049959049959,0.024590499590499592,0.04,0.01959049959049959,0.08,0.08,0.08818024318024317,0.08818024318024317,0.08,0.04830844830844831,0.2,0.2,25,0.0
SixLabors/ImageSharp,0.1834353415798002,0.28,0.02117730540266074,0.10904732714751521,0.11136911123081489,0.16,0.060299153785908784,0.16,0.16,0.021139555516007137,0.019877925706422456,0.0,0.010466645405387474,0.16,0.12,0.035917702617901975,0.03360021297546882,0.0,0.023614130486376395,0.28,0.28,25,1.0
Stirling-Tools/Stirling-PDF,0.0,0.0,0.0,0.0,0.0,0.0,0.0,0.0,0.0,0.00872386352772688,0.008614124158728252,0.0,0.008119694034668496,0.0,0.0,0.02834148654028795,0.026638109301472025,0.0,0.02331034370791123,0.12,0.48,25,0.0
SwiftGGTeam/the-swift-programming-language-in-chinese,0.05583247670975668,0.12,0.021727021671151828,0.042911446672851364,0.05544975544413258,0.08,0.014633878352880292,0.12,0.12,0.051529641599215845,0.05792804937481928,0.08,0.035667068722544965,0.12,0.12,0.12036274910229945,0.12029580538007119,0.12,0.07526904178285426,0.24,0.36,25,1.0
TagStudioDev/TagStudio,0.037498083529961264,0.24,0.00937066326282454,0.017570864414216764,0.021555025213759977,0.08,0.010910912980002048,0.04,0.04,0.00846297373950406,0.008110605151883063,0.08,0.004538527821279627,0.08,0.0,0.08022877405127604,0.07467201789351154,0.08,0.054877887630450886,0.28,0.44,25,1.0
TeamAmaze/AmazeFileManager,0.015417432199814046,0.2,0.0,0.015417432199814046,0.015417432199814046,0.0,0.011962715218681969,0.04,0.12,0.08282610270107074,0.08282610270107074,0.08,0.038286358021605384,0.28,0.28,0.21500733126742194,0.19251752656699161,0.24,0.10697244693617057,0.32,0.36,25,0.0
TryGhost/Ghost,0.4637450608965268,0.64,0.042809477128229,0.26648515542715573,0.27445410588923586,0.36,0.05846880086854591,0.24,0.4,0.10451412106125817,0.10726672867365554,0.04,0.03820073959076178,0.16,0.32,0.13054739568091148,0.1360462321826525,0.08,0.06523106192985435,0.24,0.44,25,1.0
TypeStrong/ts-node,0.10390533968340669,0.32,0.0,0.04,0.04,0.04,0.0,0.0,0.04,0.05101489757914339,0.05101489757914339,0.04,0.011014897579143389,0.0,0.04,0.08092710827347699,0.08092710827347699,0.08,0.02378425113061984,0.08,0.08,25,1.0
WebAssembly/binaryen,0.0016319869441044472,0.08,0.0,0.0016319869441044472,0.0016319869441044465,0.0,0.0016319869441044465,0.0,0.0,0.06086547507733917,0.049591452852112985,0.08,0.014873167575722773,0.12,0.08,0.1061559357046409,0.0916545443687901,0.08,0.050073409206466586,0.32,0.4,25,0.0
WebAssembly/wabt,6.543075245365322e-05,0.04,0.0,6.543075245365322e-05,6.543075245365321e-05,0.0,0.0,0.0,0.0,0.014387495456197745,0.014191203198836789,0.0,0.010705198109778264,0.04,0.0,0.016987459105779715,0.014910941475826976,0.0,0.008711377680843332,0.08,0.04,25,0.0
WordPress/gutenberg,0.008906798595595277,0.12,0.0,0.008906798595595277,0.008906798595595278,0.0,0.008740823491860839,0.08,0.04,0.022195704190488916,0.016030661282326743,0.0,0.011272223595304038,0.16,0.08,0.08934579460391373,0.0798768079330922,0.04,0.07076974989270379,0.28,0.28,25,0.0
XAMPPRocky/tokei,0.0,0.0,0.0,0.0,0.0,0.0,0.0,0.0,0.0,0.005001942501942502,0.0042612017612017605,0.0,0.002964905464905463,0.0,0.0,0.005281662781662782,0.004540922040922039,0.0,0.0032446257446257423,0.0,0.04,25,0.0
XRPLF/rippled,0.08655929672987638,0.6,0.001379310344827586,0.08307830642233627,0.08440835568342,0.0,0.05297831437065033,0.4,0.4,0.08699658499908508,0.08376567910153873,0.0,0.0556918115996413,0.44,0.36,0.13439499764622614,0.12489336754606015,0.0,0.09214856930538831,0.6,0.6,25,0.0
YOURLS/YOURLS,0.1122661207987256,0.24,0.01813211754660817,0.10528213329411479,0.11226480706323466,0.12,0.013452888726322639,0.12,0.24,0.036568763069255696,0.04003735234494577,0.04,0.031017197335729413,0.08,0.0,0.09162315238559411,0.09166570635887172,0.08,0.0467156230559339,0.2,0.16,25,1.0
ZoneMinder/zoneminder,0.0,0.0,0.0,0.0,0.0,0.0,0.0,0.0,0.0,0.010182802520830689,0.010182802520830689,0.04,0.003985619422239141,0.0,0.0,0.05430292487347681,0.05163625820681014,0.04,0.04398680593763956,0.16,0.16,25,0.0
a2aproject/A2A,0.00013377926421404682,0.04,0.0,0.0,0.0,0.0,0.0,0.0,0.0,0.02923155715794028,0.02758423819718848,0.04,0.015538970620106292,0.0,0.0,0.03241160731914266,0.030543171719363778,0.04,0.018276787503254503,0.0,0.0,25,0.0
aio-libs/aiohttp,0.038260952100625106,0.28,0.0013869817500329245,0.024234890082747977,0.025105707893671503,0.04,0.02154384587525079,0.16,0.08,0.03360318569710091,0.031079155940251537,0.04,0.024943441929653233,0.16,0.08,0.06573155711949336,0.05166156712941401,0.08,0.04242582364431157,0.2,0.12,25,1.0
akka/akka-core,0.0,0.0,0.0,0.0,0.0,0.0,0.0,0.0,0.0,0.034575687919051225,0.027675950206937344,0.0,0.017954016055740426,0.08,0.08,0.137977694438024,0.1261601602011716,0.12,0.0950464831955058,0.24,0.36,25,0.0
alicevision/Meshroom,0.02783807662733796,0.6,0.014387963068075722,0.013462096726831942,0.02679923333897476,0.04,0.01972754965844099,0.12,0.04,0.021107884476591014,0.021240580517356375,0.04,0.013012409981044255,0.04,0.04,0.05129085516075204,0.04609398955580227,0.08,0.030321854090042642,0.16,0.08,25,1.0
alshedivat/al-folio,0.04659761556901516,0.24,0.009106583072100313,0.03898358042403953,0.04490289311770042,0.08,0.02399384091394679,0.12,0.12,0.011185771744595275,0.011533278585890762,0.0,0.006901362158842492,0.04,0.08,0.05540368089942393,0.05601419679049318,0.0,0.050395289413218664,0.12,0.2,25,1.0
andrewyng/aisuite,0.008686520376175549,0.08,0.0008662486938349007,0.0021965317919075147,0.0024111354727260658,0.0,0.002411135472726067,0.04,0.0,0.003219930464145388,0.002351908387173432,0.0,0.0023519083871734315,0.04,0.0,0.007128906037290277,0.006260883960318322,0.0,0.006260883960318322,0.04,0.0,25,0.0
angr/angr,0.026159450687945344,0.36,0.0038177255493956437,0.022425893868819085,0.026159450687945344,0.0,0.01975547700551561,0.16,0.08,0.0617156921709765,0.062025874271176396,0.04,0.05342946231072885,0.2,0.12,0.1051584951738145,0.10333827523868123,0.12,0.05862127653801006,0.24,0.2,25,0.0
angular/angular,0.025683279393687607,0.24,0.0003122453486866656,0.024677254525278844,0.024415582089746833,0.04,0.016998273444784804,0.24,0.16,0.03269893587041198,0.028304311746581864,0.04,0.01998814392131574,0.2,0.16,0.1041662892099329,0.09332569506233197,0.08,0.07762358671629263,0.44,0.32,25,1.0
ankidroid/Anki-Android,0.038798390488141175,0.2,0.0013850415512465374,0.029008409231872916,0.030006818619455766,0.08,0.018458605073068308,0.08,0.12,0.0720230157815434,0.06195504899242647,0.12,0.04157522405625588,0.08,0.2,0.1334734056933759,0.11775018372617847,0.2,0.07883385980348431,0.32,0.44,25,1.0
ansible/ansible,0.0,0.0,0.0,0.0,0.0,0.0,0.0,0.0,0.0,0.019771428571428572,0.019314285714285714,0.04,0.016800000000000002,0.04,0.04,0.0204,0.01994285714285714,0.04,0.017200000000000003,0.04,0.08,25,0.0
ansible/awx,0.00012658227848101267,0.04,0.0,0.0,0.0,0.0,0.0,0.0,0.0,0.017693915990423702,0.014596901065050571,0.04,0.006070805662401733,0.0,0.0,0.15185115634475552,0.14397365632063563,0.2,0.07080645620899853,0.2,0.24,25,0.0
antiwork/shortest,0.010002299040343672,0.28,0.0,0.004042107719425131,0.004042107719425131,0.04,0.003821113244287011,0.04,0.04,0.016359443798493037,0.010598671236637311,0.0,0.00893075289884499,0.04,0.08,0.10783276083121239,0.09412237123269879,0.08,0.07710877942630603,0.16,0.28,25,1.0
apache/airflow,0.001320450885668277,0.08,0.00037037037037037035,0.0009535419206284708,0.0012927596430237643,0.0,0.0011577648351317603,0.0,0.0,0.0026064121156981544,0.0029456298380934483,0.0,0.00151653460566624,0.04,0.0,0.43983872732195345,0.43114539381938405,0.32,0.20811178538964417,0.8,0.92,25,0.0
apache/cassandra,0.005130590703205199,0.36,0.0014288683533830848,0.003713972048829081,0.005130590703205199,0.0,0.0039158645090474845,0.0,0.16,0.03437299192019454,0.028100402571353184,0.04,0.02509346276295055,0.08,0.2,0.2518438256764755,0.2357189114439303,0.08,0.19617279572482604,0.56,0.76,25,0.0
apache/flink,0.11728592647631043,0.36,0.016670591065031076,0.10826268145289884,0.11728592647631043,0.12,0.04754901367646907,0.32,0.32,0.04914103546440367,0.04526487496309512,0.08,0.025580540071002956,0.24,0.28,0.2786664197615387,0.2618770879445389,0.28,0.20192625080248472,0.76,0.84,25,1.0
apache/hbase,0.039258514623456725,0.56,0.0009834291159784231,0.03676235687336784,0.037512483341046496,0.0,0.024254318662280196,0.36,0.24,0.042053733409152395,0.03851169061873723,0.04,0.021988822433201643,0.32,0.28,0.20815170129329988,0.18727487993743594,0.04,0.15980327073356704,0.6,0.56,25,0.0
apache/iotdb,0.002002763928977521,0.12,0.0017360972623108545,0.00026845637583892615,0.002002763928977523,0.0,0.0010510533669058652,0.0,0.04,0.008305570392772839,0.007810782692626455,0.0,0.005114256626929556,0.08,0.08,0.20982403745371972,0.20156501819713135,0.08,0.17048966807472787,0.68,0.68,25,0.0
apache/maka,0.0818456671384335,0.56,0.02768287400274862,0.05273570620738962,0.07148685961199945,0.04,0.06250674437609252,0.24,0.2,0.060777178339293476,0.07396818492061091,0.04,0.06097034492848016,0.24,0.2,0.14889046679578896,0.15353477321086365,0.08,0.11072483552406905,0.4,0.56,25,1.0
apache/maven,0.02557177407881633,0.16,0.00018779342723004695,0.02237316561844864,0.022527297959665748,0.0,0.014901624984006063,0.12,0.08,0.1101498734369442,0.10567415370977615,0.08,0.02259078240740405,0.08,0.28,0.1620690269633912,0.14636857812633594,0.12,0.04668664245600044,0.36,0.52,25,0.0
apify/apify-mcp-server,0.029966076882185635,0.28,0.0008169129720853859,0.02931395322685428,0.029966076882185635,0.08,0.020126776572779656,0.2,0.12,0.03417359086718927,0.027604944672269566,0.04,0.01715817605562002,0.16,0.16,0.07528928416383024,0.056699257673941454,0.08,0.03913282881783558,0.2,0.32,25,1.0
apollographql/apollo-client,0.04966371681415929,0.16,0.0,0.02233038348082596,0.022330383480825958,0.0,0.017551622418879056,0.04,0.0,0.027256590059491465,0.025455851256279517,0.0,0.019114018704201655,0.04,0.0,0.06897413500989731,0.06184792490739835,0.0,0.054979868816510236,0.2,0.2,25,0.0
apple/foundationdb,0.04123487256454753,0.16,0.0021126066118915296,0.03982506198560127,0.04123473242713561,0.04,0.030342255150119967,0.08,0.16,0.06491593049667033,0.05288704064434593,0.08,0.022576636852268423,0.12,0.12,0.15759700409462157,0.13605298010327052,0.12,0.09297360238666631,0.4,0.4,25,1.0
apple/pkl,0.0,0.0,0.0,0.0,0.0,0.0,0.0,0.0,0.0,0.0,0.0,0.0,0.0,0.0,0.0,0.0004,0.00040000000000000024,0.0,0.0,0.0,0.0,25,0.0
apple/swift-nio,0.07063204885433408,0.68,0.012263330347124388,0.06036764032807171,0.06939075383589798,0.04,0.05751348095768092,0.32,0.36,0.08331073680960006,0.07874796843907336,0.08,0.05395750335279441,0.4,0.32,0.22056911566443485,0.19441834852963477,0.12,0.11942056028451027,0.44,0.6,25,1.0
asdf-vm/asdf,0.009464646464646464,0.08,0.0018181818181818182,0.007841269841269842,0.009172438672438672,0.04,0.0007799422799422806,0.04,0.04,0.008555555555555556,0.008490620490620491,0.04,0.0012344877344877348,0.04,0.04,0.027759054340935875,0.022031640833034563,0.04,0.012105814626720548,0.08,0.08,25,1.0
aseprite/aseprite,0.17912808803934915,0.8,0.0155,0.16549681759819423,0.16666604836742502,0.16,0.09875944727391221,0.32,0.36,0.019144867704334944,0.016036092973910728,0.0,0.014755773293591047,0.2,0.16,0.059973261031213455,0.05610279185488426,0.0,0.054180657848539725,0.4,0.48,25,1.0
astral-sh/ruff,0.026083916083916085,0.04,0.0,0.0,0.0,0.0,0.0,0.0,0.0,0.02058109238336595,0.01708298129904797,0.0,0.012772943804426298,0.12,0.16,0.03407820162341184,0.02886657270659586,0.0,0.02302626189699832,0.16,0.2,25,0.0
astropy/astropy,0.061339311547939396,0.36,0.0037160938372241305,0.05806508332902526,0.06054519036282047,0.04,0.0428011568755036,0.24,0.16,0.06088996634759506,0.060465074895662205,0.04,0.04522041315145295,0.24,0.16,0.07738127793947647,0.07218853659885474,0.08,0.04818794028114404,0.32,0.16,25,1.0
awsdocs/aws-doc-sdk-examples,0.08213119913921105,0.48,0.02744622237852412,0.054848786007020874,0.06879786580587771,0.04,0.0633507391097743,0.28,0.36,0.08457497562194861,0.09547190366721456,0.04,0.04080603064986419,0.28,0.4,0.10074903741950443,0.12573221557279907,0.08,0.06860859794614514,0.28,0.52,25,1.0
babel/babel,0.00011142061281337047,0.04,0.0,0.00011142061281337047,0.00011142061281336985,0.0,8.35654596100266e-05,0.0,0.0,0.025046406639885846,0.023180111375261894,0.04,0.012121615553534876,0.0,0.04,0.0454040308648836,0.042980632536192796,0.04,0.0318664264080591,0.04,0.04,25,0.0
baserow/baserow,0.0,0.0,0.0,0.0,0.0,0.0,0.0,0.0,0.0,0.002664701391682915,0.0018823053036633535,0.0,0.0015563069336552004,0.04,0.0,0.03486195767196119,0.03074553483983143,0.0,0.025807576725859507,0.2,0.24,25,0.0
beetbox/beets,0.18528143933613012,0.6,0.01228400284499886,0.08755165742823015,0.09427016310684648,0.16,0.043118952767322326,0.36,0.28,0.12647137521406374,0.11763319013887567,0.2,0.05842077766149677,0.32,0.24,0.21185546035498726,0.19405207494611867,0.28,0.11725638978278868,0.44,0.48,25,1.0
beeware/toga,0.008684197115629616,0.16,0.003333333333333333,0.004844926871528308,0.007572199598801037,0.0,0.006057048083649524,0.04,0.04,0.08493457503168765,0.08486969035831331,0.04,0.04283202274810328,0.16,0.24,0.10708952934274997,0.10046982628314112,0.04,0.052278381534148724,0.2,0.32,25,0.0
bentoml/OpenLLM,0.001951219512195122,0.04,0.000975609756097561,0.0,0.0005609756097560959,0.0,0.0005609756097560936,0.0,0.0,0.10084552951256719,0.09684868502357435,0.04,0.09071169872220448,0.32,0.2,0.16571888560523385,0.15915994961297303,0.08,0.14366478525777293,0.36,0.24,25,0.0
bilawalsidhu/gods-eye-view,0.0,0.0,0.0,0.0,0.0,0.0,0.0,0.0,0.0,0.0,0.0,0.0,0.0,0.0,0.0,0.12283828981301564,0.12153747680488555,0.16,0.09976753931819429,0.28,0.48,25,0.0
binwiederhier/ntfy,0.02088888888888889,0.08,0.0017391304347826085,0.01997979797979798,0.020770311813790077,0.04,0.011857707509881426,0.0,0.0,0.037413608281718934,0.031546038004519904,0.04,0.006873046338730942,0.0,0.12,0.08430042077568226,0.07619717357033488,0.16,0.048601315228896824,0.16,0.28,25,1.0
biomejs/biome,0.0,0.0,0.0,0.0,0.0,0.0,0.0,0.0,0.0,0.0009876543209876543,0.0009876543209876543,0.0,0.0009876543209876543,0.0,0.0,0.01272807608660451,0.011891256002922502,0.04,0.011054435919240496,0.04,0.08,25,0.0
bitsandbytes-foundation/bitsandbytes,0.022754788697313833,0.2,0.0006779661016949153,0.0220885116663378,0.02275478869731384,0.0,0.010856363585761603,0.12,0.16,0.021865906943216325,0.01857335586944774,0.04,0.014343303492343775,0.12,0.12,0.1277831717366236,0.12338501170374838,0.16,0.048101415231259076,0.2,0.28,25,0.0
bitwarden/clients,0.0005194805194805195,0.04,0.0,0.0005194805194805195,0.0005194805194805196,0.0,0.0005194805194805197,0.0,0.0,0.0029026994205869844,0.0017203920440717715,0.0,0.0006557667205026662,0.0,0.04,0.07330782603046203,0.06962278844359311,0.04,0.06055129564999639,0.12,0.2,25,0.0
bitwarden/server,0.06744772264283856,0.16,0.012486466590088403,0.061643689643689645,0.06705006914544082,0.08,0.016496728472968056,0.04,0.08,0.010857142857142857,0.014721949722032224,0.0,0.011070756595383275,0.08,0.04,0.08644934301685148,0.0788855784531694,0.08,0.035910842825407865,0.16,0.2,25,1.0
blender/blender,0.015010323842642902,0.12,0.0,0.015010323842642902,0.015010323842642902,0.08,0.004825581395348837,0.12,0.04,0.024612270910578826,0.023157030920051832,0.04,0.017488674206173612,0.2,0.08,0.042676501475059164,0.0413150874633386,0.04,0.03403140826186375,0.24,0.16,25,1.0
borgbackup/borg,0.0016836962691884972,0.08,0.00046620046620046625,0.0003700263955420862,0.0004964722767049478,0.0,0.0004964722767049468,0.0,0.04,0.011070468760201466,0.009316128658515584,0.0,0.007607312925525847,0.04,0.04,0.051161854533169564,0.048759020752188464,0.04,0.04299167366311511,0.16,0.16,25,0.0
boto/boto3,0.0,0.0,0.0,0.0,0.0,0.0,0.0,0.0,0.0,0.0018503118503118503,0.0018503118503118523,0.0,0.0018503118503118542,0.0,0.0,0.005634095634095635,0.004553014553014552,0.0,0.0034719334719334706,0.04,0.04,25,0.0
bpftrace/bpftrace,0.0,0.0,0.0,0.0,0.0,0.0,0.0,0.0,0.0,0.027703051112918285,0.02546062687049405,0.0,0.021932348697054585,0.12,0.16,0.0987234331985239,0.09389442886951958,0.16,0.07175507436841391,0.2,0.24,25,0.0
brndnmtthws/conky,0.16110986645075248,0.36,0.01967269771531259,0.10423517175493167,0.11362726809989213,0.12,0.046760244610401874,0.24,0.2,0.057214991629251484,0.05368499163307079,0.0,0.0444901067986344,0.16,0.2,0.08777135753604781,0.08009704286457403,0.04,0.06800268713066675,0.24,0.24,25,1.0
cakephp/cakephp,0.090072577488175,0.52,0.01111177130784974,0.08261735563085428,0.08956987317989212,0.12,0.05717023790820564,0.32,0.28,0.08765928272736176,0.08408676328272963,0.12,0.028322831667687506,0.32,0.28,0.153778265094028,0.1502586085995863,0.16,0.0932645116589998,0.48,0.48,25,1.0
changesets/changesets,0.01124418311199332,0.16,0.0,0.01124418311199332,0.01124418311199332,0.0,0.009437731499090093,0.04,0.04,0.03402759325024217,0.03402759325024217,0.04,0.021248791406924195,0.12,0.08,0.08949071280508553,0.08685659173761028,0.08,0.055372143310741556,0.28,0.24,25,0.0
chocolatey/choco,0.04095716979539434,0.52,0.0022776496818422308,0.02829291221696546,0.02954419471089317,0.0,0.023612935358446517,0.24,0.32,0.0541240958465462,0.03560219459432948,0.0,0.024903632660363398,0.2,0.28,0.11241925009405042,0.09953372318394667,0.08,0.06560733256082041,0.28,0.48,25,0.0
clash-verge-rev/clash-verge-rev,0.10736315351559844,0.44,0.0016929273637629897,0.06584820105898276,0.06630915475961557,0.16,0.030209881214690117,0.16,0.08,0.07604415543653248,0.07179159372684865,0.24,0.03070290589607386,0.16,0.08,0.12070682817659756,0.10925784908097891,0.24,0.0583280336671819,0.28,0.2,25,1.0
cloud-custodian/cloud-custodian,0.0,0.0,0.0,0.0,0.0,0.0,0.0,0.0,0.0,0.0002040816326530612,0.00013605442176870756,0.0,6.802721088435382e-05,0.0,0.0,0.020520091437384674,0.01935718416921424,0.04,0.01832388663967611,0.08,0.08,25,0.0
cloudflare/workerd,0.025932324804291793,0.28,0.0021027085255016604,0.02394675818849622,0.025932324804291793,0.0,0.020610018560971385,0.2,0.16,0.03981989398175048,0.028878270016709447,0.0,0.010317339967648342,0.16,0.2,0.05112272102646865,0.03802797753444654,0.0,0.01575462095194327,0.12,0.36,25,0.0
cmderdev/cmder,0.10635469000307837,0.32,0.025110033088066867,0.00023943976091707925,0.0016690041425664421,0.0,0.0014491357317187293,0.0,0.0,0.06696406754625116,0.06421846528259645,0.08,0.05515762508169592,0.24,0.16,0.07644540114588871,0.0710333237869199,0.0,0.06434477173469955,0.32,0.16,25,0.0
coder/code-server,0.0,0.0,0.0,0.0,0.0,0.0,0.0,0.0,0.0,0.025055788924707948,0.022411672775775236,0.04,0.00862003670580344,0.04,0.04,0.06892553282458987,0.05334808658981945,0.16,0.02992977134882632,0.12,0.16,25,0.0
coder/coder,0.024864864864864864,0.04,0.0,0.024864864864864864,0.024864864864864864,0.04,0.007567567567567566,0.0,0.0,0.02006880669862101,0.014512333851418702,0.04,0.008515981886533021,0.08,0.08,0.05965047039873552,0.046997810758195285,0.04,0.03257805987081101,0.2,0.24,25,1.0
comet-ml/opik,0.0,0.0,0.0,0.0,0.0,0.0,0.0,0.0,0.0,0.0,0.0,0.0,0.0,0.0,0.0,0.05770024109108195,0.057700241091081954,0.04,0.04881135220219306,0.2,0.24,25,0.0
compiler-explorer/compiler-explorer,0.0,0.0,0.0,0.0,0.0,0.0,0.0,0.0,0.0,0.04772562177131597,0.047412898759120206,0.08,0.00210534164136976,0.0,0.04,0.1273691165563438,0.12102093583132469,0.12,0.05101659073734965,0.12,0.24,25,0.0
conda/conda,0.004556055305680493,0.08,0.001584207896051974,0.003073276256642754,0.00434513542479087,0.0,0.002612073797716856,0.0,0.04,0.019859922249564895,0.020622486945109143,0.04,0.016614778327804752,0.04,0.08,0.08417150718714078,0.08130014719381094,0.08,0.03270768425579314,0.12,0.24,25,0.0
crablang/crab,0.0,0.0,0.0,0.0,0.0,0.0,0.0,0.0,0.0,0.0,0.0,0.0,0.0,0.0,0.0,0.01606414225609272,0.01606414225609272,0.0,0.01606414225609272,0.04,0.04,25,0.0
curl/curl,0.003682483339027923,0.28,0.0018412416695139616,0.0018583146399698003,0.003682483339027923,0.04,0.0023288963537815067,0.0,0.0,0.1025376384241515,0.09436527128218637,0.08,0.06159836282758904,0.36,0.12,0.14166533498040185,0.12625463435848538,0.16,0.07803880764266924,0.44,0.2,25,1.0
cvxpy/cvxpy,0.011762371338087012,0.32,0.002886048494252131,0.008547282119103751,0.011340192876419212,0.0,0.007612761569536272,0.12,0.08,0.021418425031432986,0.019011566358200723,0.04,0.01114295445671873,0.08,0.04,0.1510588739804607,0.13831108093507194,0.16,0.07806199997178041,0.32,0.36,25,0.0
dahlbyk/posh-git,0.4055354452522316,0.64,0.07277722936214488,0.26418175662119947,0.2777564598793707,0.44,0.12633024557955225,0.36,0.44,0.06291272057826008,0.07313759501489936,0.2,0.05104002324535187,0.16,0.16,0.078572823123639,0.083273667256956,0.2,0.057591927150735155,0.2,0.2,25,1.0
dask/dask,0.04835434336956564,0.4,0.0018908350273420034,0.033414823382956954,0.0348199271909361,0.08,0.0033779831780393044,0.2,0.2,0.06894579284664405,0.04673140137271691,0.08,0.009323651014942202,0.28,0.2,0.090768709505095,0.07061093471771437,0.08,0.02320875956813798,0.28,0.28,25,1.0
dbcli/mycli,0.0,0.0,0.0,0.0,0.0,0.0,0.0,0.0,0.0,0.0073785979184918474,0.0053726292428346025,0.0,0.001369958629565704,0.0,0.04,0.03736530559544327,0.0339165609874279,0.0,0.028710882855362017,0.08,0.2,25,0.0
dendronhq/dendron,0.0034285714285714284,0.04,0.0011428571428571427,0.0,0.0,0.0,0.0,0.0,0.0,0.04096952690590303,0.03803300522911115,0.04,0.006324311080109823,0.04,0.0,0.09278342818659374,0.0875366046812533,0.16,0.0361870335438469,0.08,0.12,25,0.0
dependabot/dependabot-core,0.014573340524707625,0.16,0.000274914089347079,0.014322207930978804,0.01456287666663559,0.0,0.004762364875044572,0.16,0.04,0.026948998630208196,0.02581268904269824,0.04,0.006340029294359905,0.12,0.08,0.04966863005940786,0.04109966263984665,0.04,0.019468778564413525,0.08,0.08,25,0.0
detekt/detekt,0.027401837928153715,0.08,0.005480367585630743,0.02293796207007393,0.023910692836237174,0.0,0.023910692836237167,0.08,0.04,0.058057022335923004,0.046914947100038434,0.04,0.025059415137656856,0.08,0.2,0.10425506623000942,0.07899442341223556,0.08,0.04647473403345951,0.2,0.28,25,0.0
dicedb/dicedb,0.0,0.0,0.0,0.0,0.0,0.0,0.0,0.0,0.0,0.0009692392274206194,0.0009692392274206197,0.0,0.0007734806629834256,0.0,0.0,0.008855503245476973,0.008659744681039779,0.04,0.00597882419927934,0.04,0.04,25,0.0
discordjs/discord.js,0.030490086311204322,0.2,0.010614697104138099,0.01932222040836069,0.02953770535882337,0.04,0.015947725340802087,0.12,0.2,0.04356070502360852,0.047410530038017165,0.04,0.03408036409055164,0.12,0.2,0.07931931130449178,0.07972038258445599,0.08,0.06436341028683018,0.28,0.36,25,1.0
discourse/discourse,0.01171071034228929,0.12,0.0,0.011104649736228685,0.010377377008955958,0.0,0.006535885167464117,0.04,0.08,0.0149665717082424,0.013559164300834994,0.0,0.006842251583922281,0.08,0.12,0.09286234173682172,0.08056169804967496,0.04,0.06477646487793871,0.28,0.32,25,0.0
django-oscar/django-oscar,0.1353995192292791,0.56,0.0059559332053423,0.13053450661817334,0.1353995192292791,0.16,0.05571337560039061,0.48,0.52,0.16183800826209546,0.15704456882340298,0.2,0.06027513780790336,0.48,0.52,0.19165133720429683,0.17885168043221747,0.2,0.07524458228582573,0.52,0.56,25,1.0
django/django,0.16062768911850733,0.6,0.010002753614042712,0.1553619414840167,0.16049189960805482,0.24,0.07282625769262373,0.36,0.48,0.1640934586071521,0.16507888384652591,0.24,0.07189990864493721,0.4,0.52,0.2613648851691034,0.25357017868257364,0.36,0.13608802837298734,0.56,0.64,25,1.0
dlt-hub/dlt,0.01393697917523466,0.2,0.001870599151525252,0.011960562691593835,0.013698896967909642,0.0,0.011177372130832221,0.12,0.12,0.018021385663590427,0.01722295920677763,0.0,0.011369674921731831,0.16,0.12,0.09117079831983946,0.08391220054916493,0.12,0.046707499732526324,0.28,0.16,25,0.0
docling-project/docling,0.08322982816826247,0.36,0.0813929872367436,0.0017395478340563272,0.042861537621904935,0.08,0.08202451467564584,0.08,0.16,0.0315673697439126,0.06130491097716526,0.08,0.09651096752688149,0.16,0.16,0.04254664795997881,0.06808479609441553,0.08,0.10192828050927323,0.12,0.24,25,1.0
dolphin-emu/dolphin,0.08116070313386844,0.28,0.015017564412581145,0.06965106159429135,0.08017529925649784,0.12,0.0243516757341961,0.12,0.28,0.025278618851988104,0.02798258334447119,0.08,0.016719338517574893,0.16,0.04,0.0785645177990745,0.07710725606981549,0.12,0.05700783426143796,0.36,0.28,25,1.0
domaindrivendev/Swashbuckle.AspNetCore,0.1765345905751278,0.28,0.027963252083271238,0.16437205086372458,0.1720909022204987,0.24,0.07799734085490181,0.2,0.12,0.032102393526459216,0.029400516898148175,0.08,0.023820677442569452,0.16,0.08,0.14840782043515796,0.14242267385270857,0.16,0.10658314639387925,0.44,0.44,25,1.0
dotnet/aspnetcore,0.29449392973818184,0.48,0.046764510358363556,0.22064408697329851,0.2377379413818301,0.36,0.09954366515678262,0.36,0.36,0.04543830416507158,0.04186604083487686,0.0,0.0248128331253272,0.36,0.28,0.14635724274355874,0.13568710839259285,0.12,0.06839718273637638,0.56,0.52,25,1.0
dotnet/msbuild,0.004265806385014476,0.28,4.667444574095682e-05,0.003935108270634466,0.003981782716375422,0.0,0.003953865290885506,0.0,0.08,0.07001768618798378,0.06450009495662237,0.08,0.046550667766335325,0.16,0.28,0.13221206043034164,0.12078835223246459,0.12,0.07341544907628336,0.2,0.64,25,0.0
dotnet/runtime,0.0,0.0,0.0,0.0,0.0,0.0,0.0,0.0,0.0,0.01764719075936995,0.014462287336117572,0.04,0.013400559244019044,0.04,0.12,0.10297454012691974,0.0988954676952138,0.08,0.0748798501656014,0.32,0.48,25,0.0
elastic/elasticsearch,0.020873351349531114,0.2,0.00022099447513812155,0.01795210966585849,0.01816696540557611,0.0,0.011243263122757802,0.16,0.04,0.025778825756011314,0.02251547912412808,0.0,0.013049369272370642,0.12,0.04,0.13127375617918,0.11828283736210678,0.04,0.09972355398285689,0.32,0.44,25,0.0
electron/electron,0.08565190326072639,0.36,0.0,0.04286974315755012,0.042869743157550114,0.04,0.011268782084979785,0.16,0.12,0.09941060645351399,0.08963768683146249,0.12,0.02705845144279939,0.28,0.2,0.1645388155702902,0.14611466023704092,0.2,0.06018390900111953,0.48,0.48,25,1.0
electron/forge,0.05308711429117584,0.28,0.0022402966747248764,0.030465026339315932,0.030730376478075007,0.04,0.022590802013512237,0.0,0.04,0.051113944408576445,0.04569488244093785,0.12,0.03057974002754757,0.08,0.12,0.13425646790463205,0.1255483787958819,0.16,0.09503153339797024,0.36,0.36,25,1.0
element-hq/element-web,0.0019962894248608536,0.08,0.0,0.0019962894248608536,0.001996289424860852,0.0,0.0016326530612244873,0.0,0.0,0.012964218745170095,0.01089182397452096,0.0,0.010164551247248235,0.0,0.0,0.11115161836622789,0.10570333592873624,0.08,0.09721320504128597,0.28,0.44,25,0.0
emacs-lsp/lsp-mode,0.0009334567550849815,0.12,0.0,0.0009334567550849815,0.0009334567550849809,0.0,2.6631158455392433e-05,0.0,0.0,0.029873258873478647,0.0272541581318739,0.04,0.021095505312331748,0.2,0.12,0.11300662863200614,0.10253680115751754,0.08,0.0651021098495679,0.4,0.48,25,0.0
emscripten-core/emscripten,0.0,0.0,0.0,0.0,0.0,0.0,0.0,0.0,0.0,0.04338916819779495,0.04024921214717739,0.08,0.02407311151824657,0.04,0.04,0.08787891134170989,0.07892369424691562,0.08,0.05499012897681141,0.2,0.24,25,0.0
enso-org/enso,0.0,0.0,0.0,0.0,0.0,0.0,0.0,0.0,0.0,0.03265549697017035,0.026991884582457323,0.04,0.0037246833097020725,0.04,0.04,0.057083729727772495,0.055180280738502924,0.08,0.01823643006204455,0.08,0.12,25,0.0
enyo/dropzone,0.022709474806523702,0.24,0.0005073823879332943,0.00020850040096230955,0.0003029636100673626,0.0,0.0003029636100673638,0.0,0.0,0.0009928932578692577,0.0005145752264558945,0.0,0.0001799600428291015,0.0,0.0,0.0023131385273461903,0.0014139795937377208,0.0,0.001039596881881284,0.0,0.0,25,0.0
eslint/eslint,0.5235414735722359,0.68,0.07141066297795348,0.5140017291216263,0.5223100187055273,0.6,0.2112392641110705,0.64,0.64,0.26572151296290003,0.24599665941335427,0.32,0.07501821662085596,0.48,0.64,0.2665138191799834,0.24438647606521918,0.32,0.07280285481260228,0.48,0.6,25,1.0
esp8266/Arduino,0.1468290810348721,0.44,0.014525351053440943,0.1446923341215201,0.1468290810348721,0.2,0.04100751444794787,0.36,0.4,0.05519242457855435,0.05371948193253953,0.04,0.042610306253755,0.2,0.36,0.07684387868940645,0.07562233575571191,0.08,0.057530225735951526,0.36,0.44,25,1.0
espressif/esptool,0.0730035388339901,0.56,0.006161618516781666,0.05920340968248079,0.06334061557255016,0.0,0.06136109583484298,0.32,0.36,0.035333185341737926,0.03716090677482279,0.0,0.034554221628963294,0.16,0.24,0.052591580622961626,0.05361132869092023,0.0,0.04991629398363091,0.2,0.28,25,0.0
eza-community/eza,0.1723088803088803,0.28,0.00015444015444015445,0.0,2.8134446739098326e-05,0.0,2.8134446739098705e-05,0.0,0.0,0.019417714000144835,0.0156785711471097,0.04,0.010776893807504226,0.04,0.04,0.02280379553370487,0.019212730080709804,0.04,0.014412963569129808,0.08,0.04,25,0.0
falcosecurity/falco,0.1137050773586944,0.4,0.0019334043313785536,0.11244491151708325,0.1137050773586944,0.12,0.051507256653514855,0.24,0.4,0.09884000868018053,0.08592607162375251,0.04,0.050716021574625805,0.36,0.4,0.15866284674299547,0.13770547906258754,0.04,0.10124096734283539,0.52,0.56,25,1.0
firecracker-microvm/firecracker,0.00456751927474516,0.32,0.0005960946778442505,0.0039810329273493265,0.004484630931718304,0.0,0.0017829502389539364,0.08,0.0,0.016975868175574532,0.012401927987009138,0.04,0.003668055828668393,0.08,0.04,0.06543128723800616,0.05074598602896023,0.04,0.023435981111535064,0.24,0.24,25,0.0
fivetran/great_expectations,0.012384405893023871,0.24,0.003704513596860107,0.005955060790688,0.005607740090586743,0.0,0.005146714570221329,0.04,0.12,0.005955060790688,0.005607740090586743,0.0,0.005146714570221329,0.04,0.12,0.08181656931193203,0.07487101583964649,0.08,0.0406704955803523,0.24,0.28,25,0.0
foliojs/pdfkit,0.06932833750682044,0.32,0.006476190476190476,0.06768164011818756,0.06932833750682044,0.08,0.03126755047751817,0.16,0.16,0.04620654375086139,0.043002210471677384,0.04,0.0352118868188403,0.24,0.24,0.06394028195576279,0.051361611180184334,0.04,0.037776595120519445,0.2,0.28,25,1.0
fonttools/fonttools,0.05172927808725001,0.2,0.006229946847795817,0.04672936935177386,0.05172927808725002,0.08,0.03639987285599482,0.16,0.2,0.023156895209544063,0.028004891949210898,0.04,0.018389772432241415,0.12,0.2,0.05060764383050545,0.05533293427725322,0.08,0.04190829095075993,0.16,0.2,25,1.0
foundry-rs/foundry,0.0026882433582004935,0.24,0.0,0.0026882433582004935,0.002688243358200495,0.0,0.002308275331905254,0.0,0.04,0.014602440405197967,0.010135902637686439,0.0,0.0060824038261082045,0.04,0.04,0.09585447585072206,0.08697609778764867,0.08,0.07205341890539643,0.2,0.12,25,0.0
frappe/erpnext,0.0467754854327979,0.32,0.01684574005674923,0.030915655150949267,0.04613272757903087,0.0,0.03531734053812256,0.2,0.2,0.05826583303038628,0.0696182777645719,0.04,0.05608512068882039,0.24,0.24,0.07650109106526194,0.0872455858523817,0.08,0.06661980197223136,0.32,0.32,25,0.0
frappe/frappe,0.056785596403601764,0.44,0.008584970084242033,0.04854904915331359,0.05314960809360445,0.12,0.030436593600815253,0.24,0.28,0.06040220434137031,0.055444755292857445,0.12,0.03517118869058513,0.28,0.24,0.08092670728761352,0.06584545054993393,0.12,0.03516067453383848,0.36,0.28,25,1.0
frappe/hrms,0.029192838349826573,0.28,0.003455781257789866,0.021102149484502425,0.024086164388172994,0.0,0.009186647171343482,0.12,0.12,0.0568337314426337,0.05841205858767533,0.04,0.017221408386497924,0.2,0.16,0.07524054403229656,0.0733293022078132,0.04,0.03252859939769879,0.32,0.24,25,0.0
gabime/spdlog,0.13360528920059994,0.72,0.0007657597876575978,0.03412834886341115,0.034240811691202445,0.08,0.03347158092197168,0.12,0.12,0.1087682256607891,0.08567262658304615,0.12,0.0496339297878727,0.24,0.24,0.13724655959056173,0.11028431519272608,0.16,0.0685172478408773,0.32,0.32,25,1.0
geopandas/geopandas,0.034437440051768804,0.32,0.0044106539221324325,0.03075086427174345,0.03443744005176881,0.04,0.01878952371076429,0.24,0.12,0.03461424773754623,0.03182736477824151,0.04,0.015521976712967032,0.24,0.12,0.06591813961083136,0.05893482738466859,0.04,0.038806139424206465,0.2,0.24,25,1.0
getmoto/moto,0.022334722052934044,0.2,0.002369780104980608,0.02037907303439008,0.022155192235067962,0.04,0.009610151144863455,0.08,0.04,0.06754290354305477,0.06518952950159958,0.08,0.02250833508242337,0.16,0.08,0.1252699162988002,0.11943747519834423,0.24,0.04963190491982041,0.36,0.16,25,1.0
getpelican/pelican,0.3181779591967815,0.52,0.012654938574938575,0.31580953048776705,0.3180914181494255,0.44,0.11444168333461296,0.36,0.52,0.10338452669604989,0.09144611941583916,0.16,0.05381391588830418,0.24,0.24,0.11288259619411939,0.10094418891390866,0.16,0.05896559818284363,0.28,0.28,25,1.0
getsentry/sentry,0.0038700968912155024,0.2,0.0,0.0038700968912155024,0.0038700968912155033,0.0,0.0024316526610644274,0.0,0.0,0.0355477355983847,0.02926402295401631,0.08,0.016820080686062465,0.16,0.12,0.11756516988001041,0.09545574504658852,0.08,0.06797385756891462,0.28,0.36,25,0.0
getsentry/sentry-javascript,0.019579454978816,0.16,0.0,0.01830961370897473,0.018309613708974732,0.0,0.018181818181818184,0.08,0.08,0.02824873564490178,0.02659550779359086,0.0,0.026467712266434313,0.08,0.08,0.11626118613312872,0.11022150589856032,0.08,0.050995413851905765,0.12,0.2,25,0.0
getsops/sops,0.0,0.0,0.0,0.0,0.0,0.0,0.0,0.0,0.0,0.021704856777401263,0.017065137507364925,0.0,0.01619245105310209,0.04,0.0,0.07757674007350915,0.0697538820113341,0.04,0.04255784045530362,0.16,0.12,25,0.0
gitbucket/gitbucket,0.005285714285714285,0.08,0.0,0.005285714285714285,0.005285714285714287,0.0,0.005285714285714289,0.04,0.04,0.13885969288959793,0.13041047178598084,0.16,0.07562203326570491,0.04,0.04,0.19205242150501448,0.1787018806005243,0.24,0.07861268657573273,0.12,0.08,25,0.0
gitextensions/gitextensions,0.35903928985900696,0.6,0.055746499739297475,0.3246161617825454,0.34169939839933106,0.52,0.10746451151772078,0.32,0.48,0.14395130164934028,0.11329749946836223,0.12,0.053189806913458086,0.36,0.36,0.2085433445177876,0.17606359536464453,0.16,0.09440970982035257,0.52,0.6,25,1.0
github/codeql,0.0,0.0,0.0,0.0,0.0,0.0,0.0,0.0,0.0,0.020048943270300334,0.020048943270300334,0.0,0.01866963292547275,0.08,0.12,0.038639658800429036,0.0372176918612534,0.0,0.03467896122657074,0.2,0.2,25,0.0
gitkraken/vscode-gitlens,0.01750936014546385,0.2,0.0008581706063720451,0.001506849315068493,0.0015369768375992027,0.0,0.0015369768375991999,0.0,0.0,0.005404673140280909,0.003937777369360371,0.0,0.003937777369360367,0.0,0.0,0.0334505747704798,0.029759260372504953,0.0,0.023811624323603085,0.08,0.12,25,0.0
godotengine/godot,0.2068351873299755,0.28,0.0,0.046539984377945966,0.046392382901931206,0.04,0.0020437956204379572,0.08,0.04,0.004130325505941128,0.0033128533156014496,0.0,0.0014686350913780766,0.0,0.0,0.08092712979549688,0.07802543668689763,0.08,0.0178066082212407,0.12,0.08,25,1.0
godotengine/godot-docs,0.0006756756756756757,0.04,0.0,0.0006756756756756757,0.0006756756756756756,0.0,0.0006756756756756754,0.0,0.04,0.035260365955683645,0.0231551179069704,0.04,0.016761551576358284,0.04,0.0,0.12466218617436427,0.0991629091891983,0.04,0.0822160394141441,0.16,0.16,25,0.0
google/flax,0.021685484617898515,0.2,0.006825132711429085,0.015076740607487555,0.021647476500478612,0.04,0.013470971338194684,0.12,0.16,0.07460485496598453,0.078246559064798,0.08,0.05239372936800586,0.24,0.28,0.16886008333457114,0.1561603661636739,0.16,0.09599279267830443,0.52,0.64,25,1.0
google/gson,0.12272496020345537,0.72,0.009122036379527474,0.10787562403278632,0.11432798105477998,0.08,0.09049477329452255,0.4,0.4,0.09157146951364345,0.08844988473090173,0.12,0.05874970896564415,0.36,0.44,0.18343389188752418,0.1655408503269938,0.08,0.1120910277794286,0.52,0.6,25,1.0
google/perfetto,0.00125,0.04,0.0,0.0,0.0,0.0,0.0,0.0,0.0,0.0015062761506276152,0.00033472803347280256,0.0,0.0001673640167363999,0.04,0.0,0.1408782369651585,0.13928669990034442,0.16,0.1034658168794619,0.4,0.48,25,0.0
graphql-dotnet/graphql-dotnet,0.05925,0.08,0.005166666666666666,0.03780952380952381,0.03895833333333333,0.04,0.022958333333333334,0.08,0.08,0.1359188912430993,0.12519762102270937,0.2,0.050355811436331326,0.08,0.12,0.18817415476509713,0.1734329265615139,0.24,0.08577494050454762,0.2,0.28,25,1.0
gristlabs/grist-core,0.14611956569307386,0.52,0.006071078926239388,0.13884817308238134,0.14300778631979452,0.04,0.11839025249114174,0.36,0.24,0.16232821013076695,0.16088976765874713,0.08,0.1244301217204817,0.44,0.32,0.1694013862685993,0.16467405896379594,0.08,0.12604452649452258,0.48,0.4,25,1.0
grokability/snipe-it,0.27489181065479273,0.72,0.002971572050519419,0.0013820132013201319,0.0014297811360083385,0.0,0.001429781136008339,0.04,0.0,0.008704620462046205,0.006664061142956401,0.0,0.0063991662324127145,0.08,0.0,0.010736081340092771,0.006088261294930361,0.0,0.00500349492355638,0.08,0.04,25,0.0
growthbook/growthbook,0.004568004004623722,0.16,0.0,0.004568004004623722,0.004568004004623722,0.0,0.00344124344124344,0.08,0.04,0.014762515563639729,0.013115868916993081,0.0,0.011803923168427616,0.12,0.08,0.0421921575456782,0.032294432677301824,0.0,0.025685392719078912,0.16,0.24,25,0.0
grpc-ecosystem/grpc-gateway,0.04490106544901065,0.08,0.002770167427701674,0.026666666666666665,0.02678082191780822,0.04,0.0015525114155251175,0.0,0.0,0.007901572112098427,0.004457579190816394,0.08,0.0021153131895741873,0.04,0.04,0.0510726210995058,0.04627524471957714,0.12,0.03634848807997433,0.16,0.28,25,1.0
grpc/grpc,0.001834862385321101,0.04,0.0003669724770642202,0.0014814814814814814,0.0018314644920149488,0.0,0.00013251783893985624,0.04,0.0,0.03101201951288217,0.027018060389353817,0.04,0.013831201685780947,0.12,0.12,0.2046336013505354,0.18862491558564162,0.08,0.13535699521531389,0.48,0.6,25,0.0
guardian/frontend,0.0,0.0,0.0,0.0,0.0,0.0,0.0,0.0,0.0,0.10180950099333275,0.08203950397118769,0.12,0.025616905479054517,0.16,0.2,0.14814066087519565,0.13012702484665373,0.12,0.07520908424106697,0.24,0.28,25,0.0
guidance-ai/guidance,0.043150884341701994,0.4,0.013191829200561117,0.02398172468389466,0.032717648225205745,0.0,0.022576676508335655,0.2,0.16,0.030711882371891656,0.032417800528826216,0.0,0.02298310602303352,0.16,0.16,0.08879708646810627,0.0840031615308154,0.08,0.06789440837377268,0.4,0.4,25,0.0
halide/Halide,0.04214020965627572,0.48,0.0005687390650797172,0.025800938147529248,0.02592097680225959,0.0,0.0184505744882596,0.04,0.08,0.03134418034907603,0.026011195991905996,0.0,0.009810332027597027,0.04,0.12,0.08379328720547857,0.07426645062740764,0.04,0.05111576758227566,0.12,0.2,25,0.0
hashicorp/nomad,0.03773026334437017,0.64,0.03724245846632139,0.0004938271604938272,0.03439553762509793,0.0,0.027884764415543904,0.12,0.16,0.018962766439282627,0.048211323255892224,0.08,0.040202676199954185,0.12,0.2,0.04188339443657749,0.068119791751712,0.08,0.05648242298340542,0.24,0.36,25,0.0
hashicorp/terraform,0.007185641496819275,0.32,0.0,0.007185641496819275,0.007185641496819275,0.0,0.0016703960660762452,0.12,0.12,0.007185641496819275,0.007185641496819275,0.0,0.0016703960660762452,0.12,0.12,0.020039715855263075,0.019365017060082354,0.0,0.013175072834158606,0.16,0.24,25,0.0
headroomlabs-ai/headroom,0.011339449541284402,0.04,0.001798165137614679,0.009990393852065321,0.0113394495412844,0.0,0.0006546633882381969,0.0,0.04,0.000682046888386946,0.0008676554829953548,0.0,0.0002509936634675536,0.0,0.0,0.055504972620738835,0.051439271672045234,0.04,0.04431628731172589,0.08,0.24,25,0.0
hibernate/hibernate-orm,0.03924528301886793,0.04,0.0,0.0,0.0,0.0,0.0,0.0,0.0,0.05827962757367949,0.05405605377486406,0.04,0.03951649250844049,0.08,0.12,0.09814797115943005,0.09035987876491129,0.04,0.07203684443708255,0.28,0.36,25,0.0
highlight/highlight,0.04,0.04,0.0,0.04,0.04,0.04,0.0003125,0.0,0.04,0.0492574602393835,0.04925746023938351,0.04,0.009569960239383507,0.08,0.08,0.05299568599285316,0.051537352659519836,0.04,0.011224852659519833,0.08,0.2,25,1.0
highlightjs/highlight.js,0.027876916441916394,0.16,0.0,0.02337295965548983,0.02337295965548983,0.08,0.011506075212860185,0.04,0.0,0.02914645373822501,0.024126912734578686,0.08,0.010676732268504862,0.0,0.0,0.04084363846474516,0.03543824537106668,0.08,0.021224501064380702,0.04,0.04,25,1.0
home-assistant/core,0.008813430738828523,0.12,0.001137650068237576,0.007154655025893155,0.008006727146173325,0.0,0.0027942464239647438,0.08,0.04,0.01792016784369091,0.013886325780217059,0.0,0.008453856732099013,0.08,0.04,0.05299321002656458,0.043386331587582865,0.04,0.015162507442419764,0.12,0.12,25,0.0
huggingface/sentence-transformers,0.013347484748984945,0.2,0.0,0.0032432432432432435,0.0032432432432432444,0.0,0.0010810810810810833,0.04,0.04,0.01890641673628969,0.017249527204909354,0.04,0.010275520849985944,0.08,0.12,0.06227717297406465,0.055583170373836005,0.08,0.04519044254536709,0.12,0.24,25,0.0
huggingface/transformers,0.0,0.0,0.0,0.0,0.0,0.0,0.0,0.0,0.0,0.005715369334235405,0.004223893980147893,0.0,0.00380076280948499,0.04,0.0,0.13556719570754228,0.12321452146442685,0.2,0.08097402513277091,0.44,0.6,25,0.0
hylang/hy,0.050460437365881496,0.12,0.0032763988637914145,0.04747327961158501,0.05046043736588149,0.04,0.005000813516016937,0.08,0.12,0.055565245818647434,0.05631556546622436,0.04,0.01062650654387541,0.12,0.2,0.1394553595456468,0.13873160156699216,0.08,0.06280862273213522,0.28,0.32,25,1.0
ibis-project/ibis,0.0,0.0,0.0,0.0,0.0,0.0,0.0,0.0,0.0,0.0014427291643304802,0.000810725276915985,0.0,0.0007875503058846989,0.0,0.0,0.0048042462527567,0.0018396441520577144,0.0,0.0003541035896285805,0.0,0.0,25,0.0
icsharpcode/ILSpy,0.013418899112976888,0.24,0.0026126424132026016,0.010921333348776336,0.01341889911297689,0.0,0.012396821059964723,0.08,0.16,0.012475308814181787,0.012894412015717385,0.0,0.012171959430870011,0.04,0.16,0.053715110803133924,0.05215485488873467,0.04,0.04723597162293549,0.2,0.2,25,0.0
immutable-js/immutable-js,0.013387220669560248,0.4,0.00044444444444444447,0.012957757498524044,0.013352264364941023,0.0,0.012665287508481615,0.08,0.12,0.01798723595657393,0.016449770033875263,0.0,0.014946466646803611,0.12,0.12,0.061189539346613,0.059419812729374355,0.0,0.05354450912921101,0.24,0.32,25,0.0
instantdb/instant,0.0,0.0,0.0,0.0,0.0,0.0,0.0,0.0,0.0,0.0,0.0,0.0,0.0,0.0,0.0,0.001099706744868035,0.0010997067448680349,0.0,0.0010997067448680342,0.0,0.08,25,0.0
instructure/canvas-lms,0.0871595282900623,0.48,0.0016806722689075631,0.042438279459103743,0.043811966264580296,0.08,0.02994699387227933,0.24,0.08,0.09143456808245443,0.08187190176059024,0.16,0.029735555610622355,0.24,0.24,0.2289080767889979,0.21004738544109716,0.32,0.0978461857484138,0.68,0.64,25,1.0
inventree/InvenTree,0.003357125276888998,0.08,0.0,0.0008368200836820083,0.0008368200836820083,0.0,0.0008368200836820083,0.0,0.0,0.004473572647096163,0.0033673477303512254,0.0,0.0028069168022847933,0.04,0.0,0.023796223340555436,0.01307799615905541,0.0,0.009198094491653465,0.04,0.08,25,0.0
invoke-ai/InvokeAI,0.0,0.0,0.0,0.0,0.0,0.0,0.0,0.0,0.0,0.00346986346986347,0.001818181818181818,0.0,0.0,0.0,0.0,0.013435681264405005,0.010983999612723354,0.0,0.00676581779454154,0.04,0.08,25,0.0
ipython/ipython,0.0,0.0,0.0,0.0,0.0,0.0,0.0,0.0,0.0,0.06127637775527647,0.05087561602281733,0.16,0.026168583236168965,0.28,0.2,0.13586518673413514,0.11758143548915743,0.2,0.08200817408244576,0.44,0.48,25,0.0
janestreet/magic-trace,0.057987329212959675,0.28,0.0015094339622641509,0.056625878972486124,0.05776993904137151,0.0,0.035485476811090086,0.08,0.2,0.030385290012464827,0.026001625173343607,0.0,0.0075056340985590175,0.08,0.16,0.03496338923845138,0.0295354406789901,0.0,0.011167605929544935,0.08,0.16,25,0.0
jart/cosmopolitan,0.0116698460248117,0.28,0.0,0.009447623802589478,0.00944762380258948,0.0,0.009447623802589481,0.08,0.24,0.009447623802589478,0.00944762380258948,0.0,0.009447623802589481,0.08,0.24,0.010120046710078465,0.010120046710078464,0.0,0.010120046710078464,0.08,0.28,25,0.0
javaparser/javaparser,0.11001797480568735,0.36,0.008435763923627944,0.10682566159944938,0.10985524030825665,0.12,0.020371822252865098,0.2,0.32,0.08090005981416963,0.07995569249996773,0.08,0.028970125763936646,0.16,0.32,0.17048507686782752,0.15349890121336915,0.16,0.08451719137301661,0.36,0.52,25,1.0
jd-opensource/nutui,0.21070755419018958,0.8,0.0,0.09086506857364794,0.09086506857364794,0.08,0.0688630045901598,0.2,0.28,0.11690903235199322,0.10778941597030414,0.12,0.07990489538270991,0.28,0.32,0.19480123098865817,0.18449762900193087,0.2,0.11934815114937938,0.4,0.48,25,1.0
jemalloc/jemalloc,0.0,0.0,0.0,0.0,0.0,0.0,0.0,0.0,0.0,0.09542932824421069,0.09147322798224225,0.16,0.04210947412244487,0.16,0.16,0.1856401825823765,0.16459371316733573,0.32,0.07738468149061313,0.32,0.4,25,0.0
jenkinsci/docker,0.0,0.0,0.0,0.0,0.0,0.0,0.0,0.0,0.0,0.012391548099065872,0.006473748312245168,0.04,0.0038132103695675745,0.08,0.0,0.019484723693632883,0.012082184160699587,0.04,0.006480888531259519,0.08,0.0,25,0.0
jenkinsci/jenkins,0.06116912783857549,0.28,0.0023362510773678284,0.05886506513428623,0.06116036421928144,0.12,0.005659604962991276,0.16,0.16,0.09779698479350478,0.09780910849009551,0.12,0.009872414084510388,0.04,0.16,0.22991249244330217,0.2285969639313641,0.24,0.07266912384459066,0.36,0.36,25,1.0
joomla/joomla-cms,0.22873137888772568,0.44,0.030282548409134094,0.21703648159048758,0.22730223592392795,0.32,0.08323405508043949,0.28,0.44,0.09196034633772364,0.0859009690629463,0.08,0.04109526158247693,0.32,0.24,0.16632589922090418,0.14898842650501254,0.08,0.09589729812599744,0.56,0.48,25,1.0
jupyter/notebook,0.015238095238095238,0.08,0.0,0.014745484400656815,0.014745484400656811,0.0,0.012972085385878485,0.04,0.04,0.004546289373875581,0.004546289373875582,0.0,0.0027728903590972555,0.0,0.0,0.007330172157758366,0.005571930399516605,0.0,0.003065930652137543,0.04,0.0,25,0.0
jupyterlab/jupyterlab,0.10424294840503429,0.24,0.05992063492063492,0.07106952978385446,0.09135026894519065,0.16,0.04800315072556229,0.12,0.12,0.07757215420514317,0.09651241726927509,0.16,0.05097308775748826,0.16,0.16,0.13733942074824065,0.15738956568505083,0.16,0.0950469402576375,0.28,0.48,25,1.0
jupytext/jupytext,0.0028999957338663967,0.12,0.0,0.0,0.0,0.0,0.0,0.0,0.0,0.0,0.0,0.0,0.0,0.0,0.0,0.012839895841552908,0.00903779689102817,0.04,0.006950840369289042,0.04,0.04,25,0.0
laramies/theHarvester,0.008303030303030303,0.08,0.008,0.00030303030303030303,0.008303030303030302,0.0,0.003999999999999999,0.04,0.04,0.015367868201305628,0.018686038365015277,0.04,0.011274941863332628,0.04,0.08,0.027872845250114395,0.029823001868565787,0.04,0.021828886271953066,0.08,0.32,25,0.0
libfuse/sshfs,0.0898843277809983,0.32,0.0061693796934093,0.003715248251078785,0.009884327780998297,0.0,0.00808999546818039,0.08,0.12,0.002816125581264569,0.006967136701867359,0.0,0.004566424033216783,0.04,0.08,0.011425781345887176,0.015002614046021188,0.0,0.013043368523686115,0.04,0.08,25,0.0
libgdx/libgdx,0.2137257096468765,0.44,0.021801252589804355,0.20880781168433388,0.2137257096468765,0.2,0.12938645261020817,0.32,0.44,0.40914055270615646,0.408192731337016,0.48,0.10801897203437892,0.28,0.56,0.4587081723560395,0.4562730950248002,0.52,0.14140263178325838,0.44,0.68,25,1.0
libp2p/rust-libp2p,0.016476864538372278,0.24,0.0005104887716176172,0.01067598156576543,0.011041633113429174,0.04,0.0038866041890195757,0.04,0.0,0.053716960394488485,0.04046297372096607,0.12,0.022429649932538164,0.16,0.08,0.13536569843391238,0.09514831148461898,0.24,0.034365948198883396,0.52,0.48,25,1.0
libusb/libusb,0.010360490289410633,0.2,0.0006660115985764676,0.009663676381637724,0.010256479334034858,0.0,0.007075646005304027,0.08,0.08,0.021546578808495368,0.01971383450211886,0.04,0.015178442788148408,0.08,0.08,0.16904393548875343,0.15344586618728276,0.24,0.056809830113799774,0.4,0.4,25,0.0
libvips/libvips,0.2620934777007071,0.68,0.015659022490016706,0.25273671243982476,0.2604841973623992,0.16,0.22318524463719516,0.6,0.36,0.06311677428170648,0.05911940443668767,0.0,0.05891338038010924,0.48,0.16,0.09425558995857765,0.08911794930358237,0.04,0.08850656709983547,0.56,0.44,25,1.0
lichess-org/lila,0.03955380791328797,0.16,0.0017391304347826085,0.030365510777881913,0.030757507844016138,0.04,0.02952039444195428,0.12,0.08,0.05264116343885001,0.05214345566103564,0.12,0.04671134492534817,0.16,0.16,0.09698306527686419,0.09393811561110459,0.12,0.047979988825529014,0.16,0.2,25,1.0
lightgbm-org/LightGBM,0.015147392290249433,0.08,9.259259259259259e-05,0.014863393153084901,0.014942021665588126,0.0,0.012010538167316427,0.04,0.04,0.050020965206252745,0.04400961729032527,0.04,0.0322939184480606,0.08,0.16,0.08570640894894786,0.07628784433391156,0.04,0.058939854895336374,0.16,0.28,25,0.0
linera-io/linera-protocol,0.0,0.0,0.0,0.0,0.0,0.0,0.0,0.0,0.0,0.0021756046672579553,0.0017732576429494913,0.0,0.0010393964794635391,0.0,0.04,0.11716983940859173,0.11414875043187585,0.12,0.06411877563172835,0.24,0.36,25,0.0
linuxmint/cinnamon,0.0,0.0,0.0,0.0,0.0,0.0,0.0,0.0,0.0,0.030994431571700495,0.0200047795080036,0.0,0.019074337798039222,0.12,0.04,0.04528353135744314,0.0336945001909649,0.04,0.029932631834340587,0.12,0.04,25,0.0
lllyasviel/stable-diffusion-webui-forge,0.0,0.0,0.0,0.0,0.0,0.0,0.0,0.0,0.0,0.0011474694589877835,0.0009380453752181506,0.0,0.0009380453752181506,0.0,0.04,0.027116055846422342,0.026906631762652705,0.04,0.015597731239092498,0.04,0.04,25,0.0
locustio/locust,0.03193165245334322,0.24,0.017007427144142356,0.01591358956093414,0.030697821219428167,0.0,0.022132244751452878,0.12,0.2,0.018878365100142805,0.025858289543726834,0.0,0.016630470734952364,0.16,0.16,0.044672513424524454,0.04717590834320014,0.0,0.03105987986397377,0.28,0.32,25,0.0
macvim-dev/macvim,0.0,0.0,0.0,0.0,0.0,0.0,0.0,0.0,0.0,0.00495959096157018,0.0017619165429655279,0.0,0.001471218868546922,0.0,0.0,0.019810654791357414,0.016612980372752762,0.0,0.016322282698334155,0.04,0.04,25,0.0
mamba-org/mamba,0.027150302922309338,0.16,0.0,0.027150302922309338,0.027150302922309338,0.04,0.016494565217391302,0.04,0.12,0.02639233575816678,0.021810435881821574,0.04,0.01001915538132573,0.04,0.12,0.13205825990231998,0.12843976555248707,0.16,0.10144694855376049,0.44,0.52,25,1.0
marimo-team/marimo,0.0,0.0,0.0,0.0,0.0,0.0,0.0,0.0,0.0,0.010833936064426081,0.010489108478219187,0.0,0.010316694685115743,0.0,0.04,0.04594185734498534,0.043748770899843824,0.08,0.03210685428579099,0.08,0.2,25,0.0
markbates/goth,0.008109965635738832,0.04,0.0001374570446735395,0.008,0.008109017656120394,0.04,0.00010901765612039371,0.0,0.04,0.018949525697046814,0.017456720941227216,0.04,0.007812363644814854,0.0,0.08,0.05497924754779205,0.05269095289500523,0.04,0.03841045572289763,0.12,0.2,25,1.0
matomo-org/matomo,0.0066527265321829,0.2,0.0,0.006271774151230519,0.006271774151230515,0.0,0.0062717741512305115,0.08,0.04,0.0747411449141181,0.07379626302435432,0.16,0.05527675513395884,0.28,0.2,0.14637410353333988,0.14063781889667865,0.2,0.10483350998154288,0.52,0.44,25,0.0
matplotlib/matplotlib,0.00329604720187144,0.16,0.0,0.00329604720187144,0.00329604720187144,0.0,0.003076923076923077,0.04,0.0,0.04158413415228965,0.02996330610828103,0.08,0.01879359141679679,0.2,0.04,0.10462654300816089,0.09031547346053906,0.12,0.07359540449743361,0.32,0.28,25,0.0
mermaid-js/mermaid-live-editor,0.03227415396906922,0.2,0.0,0.0,0.0,0.0,0.0,0.0,0.0,0.0,0.0,0.0,0.0,0.0,0.0,0.03280154555446749,0.03267292819112343,0.0,0.03267292819112343,0.04,0.08,25,0.0
meteor/meteor,0.0024,0.04,0.0,0.0024,0.002400000000000001,0.0,0.002400000000000002,0.04,0.04,0.06197625699390051,0.05503659949270048,0.04,0.010320705158848078,0.08,0.2,0.08436482559225204,0.07818862075962221,0.04,0.03296008033090863,0.12,0.28,25,0.0
mhammond/pywin32,0.4985366604849633,0.8,0.04604358441167948,0.36471363386487704,0.3741502678417408,0.56,0.2183032303652385,0.6,0.56,0.09762268564068048,0.09724545476193129,0.08,0.09315736747311981,0.48,0.52,0.10634538638689879,0.1056236847987709,0.08,0.10149427519590987,0.52,0.52,25,1.0
micropython/micropython,0.04913522338674788,0.16,0.011770000614641878,0.04510554334554334,0.047608776521324045,0.04,0.007529192930202266,0.08,0.12,0.005357810903494814,0.006075212812725539,0.0,0.004418834001614618,0.0,0.12,0.010736231370680577,0.009264214485777675,0.0,0.0063689727378570486,0.04,0.16,25,1.0
microsoft/terminal,0.01612403100775194,0.08,0.0,0.01612403100775194,0.01612403100775194,0.0,0.01612403100775194,0.08,0.08,0.02759604278727955,0.0266369664472112,0.0,0.026531425550113577,0.16,0.2,0.06832067594548512,0.06494444649363765,0.0,0.06207597134742304,0.28,0.4,25,0.0
microsoft/vscode,0.009308796239368217,0.24,0.0,0.008315801889085732,0.008315801889085733,0.0,0.005453698852081872,0.08,0.12,0.015927916137182804,0.01385242308307138,0.0,0.009145263790287479,0.08,0.16,0.10324106376019286,0.09291387476125372,0.04,0.07528355334607409,0.4,0.44,25,0.0
mlflow/mlflow,0.0,0.0,0.0,0.0,0.0,0.0,0.0,0.0,0.0,0.023335760339809112,0.02157643448633769,0.0,0.01942069992553984,0.04,0.04,0.06759256229972176,0.06404392379804742,0.04,0.05158106177677983,0.2,0.24,25,0.0
modelcontextprotocol/python-sdk,0.0010084033613445378,0.04,0.0,0.0010084033613445378,0.0010084033613445382,0.0,0.0,0.04,0.04,0.039768309122749555,0.023216584984818517,0.04,0.006059113300492611,0.04,0.04,0.04548014929062569,0.04454489871630424,0.08,0.01232852204220316,0.08,0.24,25,0.0
mongodb/mongo,0.0272233869089215,0.12,0.005031446540880503,0.024834354738431475,0.0272233869089215,0.04,0.014355459029003212,0.08,0.04,0.06069104032434332,0.051815962511645476,0.08,0.018094773170416606,0.12,0.28,0.1263946055636136,0.10459985940657786,0.08,0.056215234976205376,0.28,0.48,25,1.0
mozilla/pdf.js,0.0022888283378746594,0.04,0.00021798365122615803,0.0008767123287671233,0.0009585308499122855,0.0,0.0009585308499122869,0.0,0.0,0.040004006807721544,0.03839478866057207,0.04,0.01467683994262335,0.0,0.0,0.06593076857526053,0.05521861152876495,0.04,0.028213003999934913,0.16,0.24,25,0.0
mruby/mruby,5.598320503848845e-05,0.04,0.0,5.598320503848845e-05,5.5983205038487046e-05,0.0,2.799160251924171e-05,0.0,0.0,0.0450261426746135,0.043051388338872766,0.04,0.018251088287434762,0.12,0.08,0.06881758518131245,0.06623130896966933,0.04,0.040160121503577326,0.2,0.16,25,0.0
mui/material-ui,0.0,0.0,0.0,0.0,0.0,0.0,0.0,0.0,0.0,0.04900312432665374,0.03361850894203835,0.04,0.03126556776556776,0.08,0.2,0.07922534654887596,0.061174064497593904,0.04,0.05615445665445664,0.2,0.32,25,0.0
musescore/MuseScore,0.01924222086638194,0.08,0.004431970713849908,0.015134637628885212,0.017568215509508437,0.04,0.011028934640222653,0.04,0.0,0.07678889968954832,0.07338713602370056,0.12,0.051960568166513975,0.08,0.08,0.12895097826809285,0.11905658178167312,0.12,0.07782736328307274,0.28,0.36,25,1.0
n8n-io/n8n,0.0,0.0,0.0,0.0,0.0,0.0,0.0,0.0,0.0,0.03149684194461422,0.030363680797721747,0.04,0.005105866023869952,0.0,0.0,0.034913168079292685,0.02684732210833638,0.0,0.021301146936468163,0.16,0.24,25,0.0
nasa/openmct,0.35662754105060857,0.8,0.0735122062127635,0.3017932245675987,0.3226824031545716,0.44,0.0987618264289857,0.28,0.2,0.13883832394960038,0.11178946133992353,0.08,0.07429170591231649,0.2,0.2,0.3062112927150672,0.2507347028465725,0.12,0.19311757956802594,0.8,0.72,25,1.0
naudio/NAudio,0.43535482262111136,0.6,0.06764376877198494,0.0799349963739392,0.08258973702214208,0.12,0.01786287573064091,0.04,0.04,0.015960091908247837,0.01260897063193888,0.0,0.012608970631938882,0.08,0.12,0.015293858319230096,0.011534384827416526,0.0,0.011534384827416528,0.04,0.12,25,1.0
navidrome/navidrome,0.0007985839461743076,0.08,0.0,0.00013143483023001095,0.00013143483023001057,0.0,0.00013143483023001057,0.0,0.0,0.02804595817946489,0.026403214691998116,0.08,0.02247198144175095,0.04,0.04,0.07266538777764799,0.06884478400150813,0.04,0.0628939180473432,0.16,0.24,25,0.0
neondatabase/neon,0.01,0.04,0.0021428571428571425,0.00830188679245283,0.009898921832884098,0.0,0.005795148247978436,0.0,0.04,0.019931255972988445,0.017803646903245093,0.0,0.01210796183810936,0.04,0.04,0.1087873159431004,0.10100541332370089,0.12,0.08026135678756069,0.24,0.24,25,0.0
neovim/neovim,0.06142627692963264,0.2,0.0011111111111111111,0.0584532290975244,0.05918338782768313,0.04,0.014825396825396823,0.08,0.12,0.050539684881841226,0.049269188143309064,0.04,0.008119323005236417,0.08,0.12,0.11729783157559347,0.11489936013175793,0.08,0.0690991688005852,0.24,0.24,25,1.0
netblue30/firejail,0.043403819388763004,0.52,0.0,0.043403819388763004,0.043403819388763004,0.12,0.016628011504633736,0.28,0.12,0.07296005835578546,0.06349476546062881,0.12,0.025476550521308372,0.32,0.2,0.13899836088556247,0.12307666523511154,0.2,0.03139372826386745,0.4,0.32,25,1.0
networkx/networkx,0.05365810579628968,0.76,0.004357700259196737,0.04106307944647936,0.04366176826893946,0.08,0.02824753401049981,0.16,0.12,0.10199953747127317,0.08554277827012859,0.12,0.0506362241390784,0.2,0.2,0.14977009831844523,0.12651570192178302,0.12,0.08264408129500588,0.24,0.28,25,1.0
nix-community/home-manager,0.056532905190411833,0.24,0.0005095541401273886,0.05470344145505125,0.05487438865044882,0.04,0.03946792511495303,0.16,0.12,0.09073180232212179,0.0889204827602372,0.12,0.04043247614319832,0.16,0.16,0.12847707569307218,0.12535428072135152,0.16,0.07444917756783512,0.24,0.28,25,1.0
nix-darwin/nix-darwin,0.009483282674772036,0.04,0.0,0.002310030395136778,0.0023100303951367786,0.0,0.0023100303951367794,0.0,0.0,0.01453265429689373,0.011742700689470918,0.0,0.010033977039669368,0.08,0.0,0.05176740082580081,0.04766669831031366,0.0,0.04534781903718505,0.12,0.12,25,0.0
ntop/ntopng,0.012993284985226967,0.16,0.0015606060606060607,0.011620550548662742,0.012993284985226967,0.0,0.009510674117057097,0.08,0.08,0.03304081712942546,0.031209861435174843,0.0,0.02422587364673995,0.08,0.08,0.10099022087397419,0.08536006150367903,0.08,0.07566983336052989,0.12,0.12,25,0.0
observablehq/plot,0.02175142429044995,0.2,0.0,0.018683577682780336,0.018683577682780336,0.0,0.018683577682780336,0.0,0.0,0.01783930955135932,0.017258493764562455,0.0,0.017258493764562455,0.0,0.0,0.062220143283885844,0.061748166882705895,0.08,0.03919350635336182,0.04,0.04,25,0.0
obsproject/obs-studio,0.011804036643203014,0.12,0.0007717041800643087,0.011141130101639574,0.011793915932644792,0.0,0.008395564964959848,0.08,0.08,0.010607716555742948,0.010758683821569734,0.0,0.007495243421551488,0.08,0.08,0.08850366269438198,0.0856129695601486,0.08,0.04357188576848656,0.12,0.24,25,0.0
official-stockfish/Stockfish,0.07125343524235264,0.52,0.007729446937409472,0.06192478139833102,0.0671555515187868,0.2,0.03424668956978513,0.32,0.2,0.04833567464375939,0.03855351800794994,0.04,0.01925285549593638,0.28,0.2,0.1570361680783531,0.13221957668850098,0.12,0.08463647034841383,0.64,0.44,25,1.0
ohmybash/oh-my-bash,0.0015970884178976663,0.08,0.00011560693641618497,0.0014814814814814814,0.0015967533253283448,0.0,0.001537441940558304,0.0,0.04,0.03196751068573253,0.025449525805078935,0.04,0.014591031530651008,0.08,0.04,0.057872638890860736,0.050554654010207145,0.08,0.034783339222958704,0.16,0.08,25,0.0
onnx/onnx,0.046028258389934545,0.28,0.0011963529794855095,0.045030944299046055,0.04582410290635984,0.08,0.030715631703911023,0.08,0.12,0.062430333527338296,0.0577382610270655,0.08,0.03914796132400534,0.12,0.2,0.09995474972331918,0.08782430585365936,0.16,0.057578754676962766,0.12,0.28,25,1.0
onyx-dot-app/onyx,0.003379239030723624,0.2,0.00032808687164470477,0.0025539065776330042,0.00287283354822095,0.0,0.0025352709952743036,0.0,0.12,0.05901570063592896,0.05491177108738794,0.04,0.012268916917983602,0.04,0.12,0.09608785999549721,0.08682390861259077,0.08,0.04125359629962288,0.12,0.28,25,0.0
openbao/openbao,0.0001234567901234568,0.04,0.0,0.0001234567901234568,0.0001234567901234565,0.0,0.0,0.0,0.0,0.0329140446883672,0.020325709226468522,0.04,0.01056276936840836,0.16,0.04,0.06962088205957728,0.059748509100176414,0.08,0.036052970915429264,0.24,0.12,25,0.0
openjdk/jdk,0.0,0.0,0.0,0.0,0.0,0.0,0.0,0.0,0.0,0.003261184330287776,0.0020892298720665637,0.0,0.0018882248469409336,0.0,0.0,0.16246586359124787,0.157055354703761,0.16,0.10908397525363629,0.44,0.4,25,0.0
openscad/openscad,0.052123802123802125,0.12,0.002948717948717949,0.04523877762632088,0.04545713545713546,0.08,0.0060678876422821035,0.08,0.12,0.07666567377197457,0.06690849240257786,0.12,0.022099380292427688,0.08,0.2,0.08482127825975899,0.07387964120763671,0.08,0.027553925746973143,0.08,0.24,25,1.0
openssl/openssl,0.06987226988527458,0.28,0.005016504365411635,0.06702327282343341,0.06550061069037873,0.04,0.03725219841699925,0.24,0.24,0.03373696302534387,0.025183520431586795,0.0,0.019306711168115914,0.2,0.04,0.0819257387803194,0.06695095877021705,0.04,0.03500187621606695,0.28,0.2,25,1.0
orhun/git-cliff,0.05453280455562335,0.12,0.0010181818181818183,0.0528955557781562,0.05340464668724711,0.08,0.008798816776398665,0.0,0.08,0.0019344123104515774,0.0018602377288143071,0.0,0.0006029075402209694,0.0,0.08,0.03825239600097899,0.035776748265629765,0.04,0.023090362726828226,0.08,0.12,25,1.0
otter-sec/anchor,0.010688767008307171,0.12,0.00125,0.00938676323438319,0.010314182589221899,0.0,0.00725806451612903,0.0,0.04,0.009623100014294563,0.010550519369133274,0.0,0.00725806451612903,0.0,0.04,0.03490638886169201,0.033638461096885224,0.04,0.031123332684058234,0.08,0.2,25,0.0
oven-sh/bun,0.0,0.0,0.0,0.0,0.0,0.0,0.0,0.0,0.0,0.011555160721405177,0.011555160721405177,0.04,0.011420932533485716,0.0,0.0,0.0245639678838216,0.02360243876518859,0.0,0.02273377278793937,0.12,0.12,25,0.0
oxc-project/oxc,0.0,0.0,0.0,0.0,0.0,0.0,0.0,0.0,0.0,0.01989795987159898,0.016343431380520496,0.04,0.008140347049775678,0.04,0.04,0.02950743596165635,0.026113209215038024,0.04,0.018470188947718444,0.16,0.16,25,0.0
paramiko/paramiko,0.01568977582158965,0.2,0.0007922077922077922,0.014983727015517662,0.015689775821589657,0.0,0.0066029455769610855,0.16,0.08,0.01929396321803512,0.01665698987928141,0.0,0.004771927998969312,0.12,0.12,0.03735966324338701,0.034287400037074936,0.04,0.022189470564584896,0.16,0.16,25,0.0
payloadcms/payload,0.01802320274036949,0.16,0.0,0.01802320274036949,0.01802320274036949,0.08,0.00441711756025578,0.08,0.08,0.022688021115848687,0.020872995080639164,0.08,0.007974159205905601,0.08,0.08,0.10607268945888304,0.10181299811708422,0.12,0.04593590135871563,0.24,0.28,25,1.0
pbek/QOwnNotes,0.16414687124253213,0.48,0.02336636984558186,0.15143480405388376,0.1552337021769468,0.2,0.07946259554308253,0.28,0.24,0.061774502333243816,0.06141495207245571,0.04,0.058616823107473646,0.24,0.24,0.06861285628219677,0.06733346903624843,0.04,0.06328340033587265,0.28,0.32,25,1.0
phoenixframework/phoenix_live_view,0.049159420289855066,0.08,0.0017391304347826085,0.0,0.0,0.0,0.0,0.0,0.0,0.012668343453373199,0.008974188131149786,0.0,0.003148276920663262,0.16,0.0,0.08200545489274988,0.07164424129764103,0.08,0.023730380912564866,0.2,0.2,25,0.0
phpDocumentor/TypeResolver,0.023920236329578494,0.24,0.007850080925166827,0.016643592612931326,0.02038274887511644,0.0,0.007577592609711632,0.12,0.08,0.013767997338872432,0.0192603415151575,0.0,0.006078581723241088,0.04,0.08,0.2726588417914534,0.26776620471116297,0.0,0.24456936571220989,0.8,0.72,25,0.0
playframework/playframework,0.011955130939597644,0.2,0.002352941176470588,0.007519246478286239,0.009578070007698001,0.04,0.005281824377663042,0.0,0.04,0.1318175480819947,0.1262034889385238,0.12,0.08577998307839078,0.32,0.32,0.13781803987160876,0.1300530846707902,0.08,0.0875238357082149,0.36,0.36,25,1.0
pmndrs/react-spring,0.0,0.0,0.0,0.0,0.0,0.0,0.0,0.0,0.0,0.0019047619047619048,0.0019047619047619035,0.0,0.0019047619047619024,0.0,0.04,0.004354664942900237,0.004354664942900236,0.0,0.004354664942900235,0.0,0.08,25,0.0
portainer/portainer,0.001322314049586777,0.04,0.0,0.001322314049586777,0.0013223140495867774,0.0,0.0003305785123966953,0.0,0.0,0.02763765801578306,0.018477165071440687,0.0,0.009490595235716642,0.12,0.04,0.05121411724649926,0.03883687990396987,0.04,0.024776881730401844,0.2,0.12,25,0.0
postgres/postgres,0.01939132951979919,0.32,0.0025979251055393182,0.012889202660152928,0.012983988493668441,0.04,0.008169491423493363,0.08,0.12,0.016445222752605425,0.01220682659527663,0.08,0.008833292723459776,0.04,0.0,0.05473123254746076,0.04904417744425487,0.08,0.03517868541821073,0.16,0.32,25,1.0
postgresml/postgresml,0.0,0.0,0.0,0.0,0.0,0.0,0.0,0.0,0.0,0.0,0.0,0.0,0.0,0.0,0.0,0.0022144035621285306,0.0022144035621285297,0.0,0.0022144035621285284,0.0,0.08,25,0.0
ppy/osu,0.03312087064233288,0.44,0.007058823529411765,0.008161932521630052,0.010682940924991396,0.0,0.010156625135517707,0.08,0.04,0.028626730881165255,0.026959327077538536,0.0,0.024080070111594264,0.12,0.08,0.13510313708910632,0.1268661494260889,0.04,0.12018296377795594,0.36,0.36,25,0.0
prettier/prettier,0.005,0.04,0.0,0.005,0.005,0.0,0.0,0.04,0.04,0.00789855072463768,0.005579710144927535,0.0,0.0005797101449275344,0.04,0.04,0.040654218538289245,0.038335377958579095,0.0,0.032507791751682544,0.04,0.12,25,0.0
psf/requests,0.03302040074206045,0.32,0.003789343752814072,0.027316302055432493,0.029702067173776527,0.0,0.027649742686669424,0.2,0.08,0.06255088009131832,0.04835342573632526,0.08,0.03459702196652092,0.28,0.12,0.07976085733362764,0.05766933800888692,0.04,0.03763093563656086,0.32,0.2,25,0.0
pwr-Solaar/Solaar,0.014102409638554218,0.12,0.002248995983935743,0.010478723404255319,0.01222049901734598,0.04,0.001981628642228488,0.04,0.12,0.03252525726079999,0.023672457007487498,0.0,0.021131878317764155,0.12,0.08,0.08325954240797653,0.07394300895736741,0.04,0.06855210674408684,0.28,0.4,25,1.0
py-pdf/pypdf,0.0036363636363636364,0.04,0.0018181818181818182,0.0,0.0001731601731601723,0.0,0.00017316017316017175,0.0,0.0,0.06695307208885794,0.0650644402894043,0.08,0.028236340354006496,0.12,0.08,0.09169422978766631,0.08512631271191408,0.08,0.04206232004112559,0.2,0.2,25,0.0
pydantic/pydantic,0.017085797589878892,0.2,0.010012392031882615,0.0073251734622281125,0.01700562137577315,0.0,0.01196313814639492,0.08,0.08,0.03080080835839058,0.02882760628202182,0.0,0.026659532140012692,0.16,0.12,0.10963955083928331,0.10484796367603368,0.08,0.07882100289402691,0.24,0.28,25,0.0
pyinfra-dev/pyinfra,0.0,0.0,0.0,0.0,0.0,0.0,0.0,0.0,0.0,0.011945945945945946,0.0039819819819819835,0.0,0.003981981981981986,0.04,0.0,0.01881748131109833,0.010853517347134372,0.0,0.010381981981981987,0.12,0.04,25,0.0
pylint-dev/pylint,0.0,0.0,0.0,0.0,0.0,0.0,0.0,0.0,0.0,0.04,0.04,0.04,0.0,0.0,0.04,0.05795923148525827,0.05769663585960534,0.04,0.016542320488729452,0.04,0.04,25,0.0
pypa/pip,0.019441825048465956,0.24,0.0006660231660231661,0.01680064764620223,0.016140283448327422,0.04,0.003776424953314428,0.04,0.12,0.03980541055189201,0.030503565968560218,0.04,0.012267173330051229,0.12,0.12,0.10809735260225802,0.09128121720560557,0.24,0.04226620437808271,0.32,0.28,25,1.0
pytest-dev/pytest,0.012212653638415602,0.24,0.007292380343196481,0.0031543054471125454,0.008359298388774274,0.0,0.006505413833139533,0.08,0.04,0.021837131129583697,0.02243875929794732,0.0,0.018493030134269384,0.12,0.16,0.08096641987180382,0.07771109055535995,0.04,0.058179810037023556,0.32,0.32,25,0.0
python-pillow/Pillow,0.0852478811305376,0.2,0.00397474923939086,0.07332361727821751,0.07453719911028861,0.2,0.012219193566843374,0.12,0.08,0.09823911443206956,0.0822865229248698,0.08,0.05215257782586371,0.36,0.28,0.13300371059080238,0.11444573531841336,0.16,0.0789839480943974,0.36,0.32,25,1.0
python-telegram-bot/python-telegram-bot,0.016975460110749758,0.16,0.0,0.016473522899863806,0.015370657921270023,0.04,0.00566741252617744,0.04,0.08,0.0175074439819382,0.015118740601954318,0.04,0.005980184029218274,0.04,0.08,0.08802994290219072,0.07923180539959061,0.12,0.04504461418892143,0.2,0.2,25,1.0
python-trio/trio,0.012276532919177088,0.4,0.001113671319453802,0.007530654629243827,0.00861486627012275,0.04,0.004114941475820626,0.04,0.2,0.062444187869571295,0.05270372709713644,0.08,0.020217160964707225,0.16,0.28,0.10491481670020912,0.0935355274026773,0.12,0.058905973515940895,0.24,0.32,25,1.0
python/mypy,0.037688904033017764,0.2,0.0011322454737260406,0.036746784783544074,0.03717654165925006,0.0,0.018031428555517624,0.2,0.16,0.09450961095843852,0.08557849865421707,0.04,0.01980185314260359,0.24,0.24,0.17685401420324567,0.1649953101110938,0.08,0.0960771348241651,0.4,0.48,25,0.0
pythonnet/pythonnet,0.0,0.0,0.0,0.0,0.0,0.0,0.0,0.0,0.0,0.01632133243594255,0.012969294939596936,0.0,0.004089375666135781,0.04,0.04,0.10854241107536844,0.10141043748753274,0.04,0.06926532592794085,0.2,0.24,25,0.0
pytorch/pytorch,0.000392156862745098,0.04,0.000392156862745098,0.0,0.0003902154921374487,0.0,0.00030479518540089235,0.0,0.0,0.037199862989754647,0.03536903279001255,0.12,0.022230265059718368,0.16,0.12,0.09102405173378714,0.08574430077395943,0.12,0.0611244747435983,0.28,0.28,25,0.0
pytorch/vision,0.07465597960334963,0.52,0.003148940187984644,0.07055447296589375,0.07251990374098312,0.08,0.044922902857520694,0.32,0.32,0.0793199002693897,0.07736921622322518,0.04,0.048913495713662034,0.4,0.32,0.14143178718823815,0.13038440798278303,0.16,0.07552972753515902,0.48,0.48,25,1.0
qemu/qemu,0.0,0.0,0.0,0.0,0.0,0.0,0.0,0.0,0.0,0.03090512412554972,0.029054568386581964,0.04,0.013553283245758496,0.08,0.04,0.14876196316408186,0.14426312897651003,0.16,0.07845571798667704,0.28,0.24,25,0.0
qpdf/qpdf,0.006829268292682928,0.04,0.0,0.0,0.0,0.0,0.0,0.0,0.0,0.0,0.0,0.0,0.0,0.0,0.0,0.019977096226186142,0.019778091251061763,0.0,0.019579086275937387,0.12,0.12,25,0.0
qtile/qtile,0.05525838993040565,0.44,0.0018438219441810962,0.03531999901638374,0.03682232765615336,0.08,0.02716850071027404,0.2,0.24,0.043072891520484546,0.042179204544829506,0.08,0.027284183635708937,0.24,0.28,0.07127826685894484,0.06533708549154646,0.08,0.037826917788046074,0.36,0.36,25,1.0
quantumlib/Cirq,0.23504080118831502,0.72,0.003611601392091952,0.23093908774455157,0.23273401098041263,0.2,0.0623502708760226,0.28,0.48,0.044756752714232045,0.03915697670761822,0.04,0.02204138829116139,0.16,0.28,0.19024518246089125,0.17939791432657926,0.24,0.09223315594132153,0.32,0.48,25,1.0
quarto-dev/quarto-cli,0.0,0.0,0.0,0.0,0.0,0.0,0.0,0.0,0.0,0.03174481658692185,0.030502392344497607,0.04,0.020414673046251997,0.04,0.04,0.07528622254938044,0.07278064041221936,0.08,0.030271868482394805,0.12,0.16,25,0.0
quartznet/quartznet,0.011683983162203333,0.08,0.0033484889007756088,0.0031676565395060783,0.003613339825773935,0.0,0.0036133398257739337,0.0,0.0,0.007044125485418411,0.0024242874944910616,0.0,0.0024028913992784375,0.0,0.04,0.008010595561954733,0.003216923495535496,0.0,0.003195527400322873,0.0,0.08,25,0.0
questdb/questdb,0.02087134115206915,0.28,0.006543174406395529,0.011568129673168488,0.015921781828889342,0.04,0.011695693659301343,0.08,0.04,0.0202688400528235,0.020642513271638768,0.04,0.014387366417025085,0.04,0.04,0.21190063716819002,0.19551014577789583,0.16,0.16016627319598084,0.6,0.72,25,1.0
rabbitmq/rabbitmq-server,0.0,0.0,0.0,0.0,0.0,0.0,0.0,0.0,0.0,0.014622481825176252,0.006956301799853546,0.0,0.005040096266256706,0.0,0.0,0.07052829569957013,0.0603007118327788,0.04,0.04218582167789104,0.2,0.16,25,0.0
rails/rails,0.02759801564055037,0.32,0.002026386918939171,0.02596767318801249,0.026063591977483556,0.04,0.013227706196797273,0.08,0.12,0.03607338283706497,0.030918226805150963,0.08,0.008325326715627876,0.08,0.12,0.15199767537844763,0.13376273103939593,0.16,0.043527531213740686,0.28,0.32,25,1.0
rainmeter/rainmeter,0.13410083491044344,0.16,0.028214780474566954,0.04037548108514034,0.040375481085140344,0.04,0.039579461184642825,0.08,0.08,0.008326293062986951,0.010851199865562015,0.0,0.008989233801962608,0.0,0.08,0.03097514258445379,0.0269497215679831,0.0,0.02393102869291174,0.08,0.16,25,1.0
rapid7/metasploit-framework,0.13906503340713866,0.28,0.02301347420964646,0.1278438823085971,0.13906503340713866,0.16,0.07179115622416182,0.2,0.28,0.05346140760552576,0.056319175412986464,0.04,0.04543498739141273,0.08,0.12,0.055818496456490306,0.05638416612065069,0.04,0.04704239455151912,0.08,0.12,25,1.0
ray-project/ray,0.0016485674213584454,0.08,0.00018433179723502304,0.0014702093397745571,0.001643447093657472,0.0,0.00020634178558442406,0.04,0.0,0.0911180390762296,0.08965396320823964,0.12,0.019836833712796865,0.12,0.2,0.17750396002142968,0.1725032656249429,0.16,0.08783152462325576,0.4,0.48,25,0.0
react/react,0.013506245171267736,0.28,0.0,0.013506245171267736,0.013506245171267736,0.0,0.012636679953876432,0.08,0.24,0.014887173896711752,0.013491450123909723,0.0,0.010727265591020505,0.04,0.24,0.07260999073736916,0.060463126063838794,0.04,0.050130319187979354,0.24,0.36,25,0.0
readthedocs/readthedocs.org,0.2935408612004799,0.72,0.009355212245224266,0.07287055543964537,0.07949881628886976,0.04,0.06810825988699903,0.32,0.36,0.0757962094957342,0.08044796487849049,0.04,0.06829444324983618,0.32,0.36,0.17262374430389957,0.17319172338689817,0.08,0.14900217091369863,0.52,0.68,25,1.0
redpanda-data/redpanda,0.022454943772741806,0.24,0.0,0.022454943772741806,0.022454943772741806,0.0,0.017603244688074445,0.08,0.08,0.0535436897646913,0.042628116571467596,0.0,0.03825860549367919,0.08,0.12,0.11581665221165695,0.1073898850876432,0.16,0.07823136584642659,0.2,0.28,25,0.0
reduxjs/redux,0.0011111111111111111,0.04,0.0,0.0,0.0,0.0,0.0,0.0,0.0,0.04491447640439787,0.03688735935356818,0.08,0.020707297869158866,0.12,0.08,0.04769194519901302,0.03876364237743234,0.08,0.02166892710880403,0.12,0.08,25,0.0
refined-github/refined-github,0.048788469238321384,0.6,0.0007692307692307692,0.033928322125717385,0.03089981756739538,0.0,0.02077280554753493,0.16,0.16,0.06649053683586598,0.0371556860533415,0.04,0.017035331004974577,0.16,0.12,0.10505405836658765,0.07111731196585573,0.04,0.04664230816940762,0.2,0.2,25,0.0
renpy/renpy,0.02805632975164022,0.2,0.003923127687231277,0.0,3.878673716206161e-05,0.0,3.878673716206205e-05,0.0,0.0,0.041897330538305785,0.041875154456793705,0.04,0.0018188152226819266,0.0,0.12,0.046420643612543104,0.04623563000081983,0.04,0.004734410008482515,0.04,0.2,25,0.0
rime/weasel,0.2930971282349363,0.52,0.02231875442789785,0.28420368155809445,0.2930971282349363,0.4,0.09721883278412496,0.24,0.52,0.17137094007177456,0.16880264135343503,0.08,0.09474030191471455,0.44,0.52,0.18864159100439737,0.18540005099147489,0.08,0.09419816470173487,0.48,0.52,25,1.0
risingwavelabs/risingwave,0.008393087694476374,0.2,0.002312819488522456,0.006263660695652527,0.008143445710028202,0.0,0.0014447850303573474,0.12,0.08,0.025389123920324344,0.02295528816021584,0.0,0.018380801019270646,0.12,0.08,0.10682428995748396,0.09910041735312257,0.04,0.060499010031201284,0.16,0.32,25,0.0
robotframework/robotframework,0.05519398192939786,0.2,0.008350564337251868,0.01330332831139903,0.013402437682532893,0.0,0.013402437682532893,0.04,0.04,0.024274260324028067,0.023849724253325225,0.0,0.023395215019199056,0.08,0.04,0.07945356581296044,0.07611184223692931,0.08,0.030212506085693328,0.16,0.2,25,0.0
rocketride-org/rocketride-server,0.002391304347826087,0.04,0.0,0.002391304347826087,0.002391304347826087,0.0,0.0,0.04,0.04,0.016573518485940592,0.016237648557583934,0.04,0.012477820260588737,0.04,0.04,0.025689559938586796,0.02523638795744422,0.04,0.020303539132589785,0.08,0.2,25,0.0
rtk-ai/rtk,0.0029232291640728797,0.16,0.0,0.0029232291640728797,0.002923229164072878,0.04,0.0,0.0,0.0,0.009679035348119546,0.006176888505669855,0.0,0.002856647007520463,0.04,0.0,0.02417580894762445,0.019316293633854637,0.04,0.006243454480457009,0.08,0.08,25,1.0
ruby/ruby,0.008551961665169212,0.08,0.00010482180293501049,0.0057509446237769945,0.005808891306219259,0.0,0.004142224639552592,0.04,0.0,0.045485001157139084,0.026454098358213603,0.04,0.010489201898170455,0.04,0.08,0.09906941902511442,0.07688021993671726,0.08,0.04102799704843104,0.12,0.2,25,0.0
rust-lang/book,0.0,0.0,0.0,0.0,0.0,0.0,0.0,0.0,0.0,0.017501661129568108,0.015596899224806202,0.0,0.0155968992248062,0.04,0.08,0.28180035514160784,0.27818130752256026,0.24,0.10615019738975519,0.32,0.52,25,0.0
rust-lang/cargo,0.004675066312997347,0.16,0.0,0.0041710875331564985,0.0041710875331565,0.0,0.0026558355437665804,0.0,0.12,0.016908129845539757,0.015624429622932782,0.04,0.01332544755942583,0.0,0.12,0.0572328035723954,0.05307983468741631,0.08,0.040205789545692365,0.12,0.2,25,0.0
rust-lang/futures-rs,0.04790086318074388,0.4,0.0,0.04790086318074388,0.04790086318074388,0.08,0.028717990990285505,0.12,0.24,0.0761110711849216,0.06020021433865165,0.08,0.04216254589879909,0.16,0.28,0.12255332417945347,0.1074574049202505,0.2,0.07721221870104424,0.36,0.28,25,1.0
rust-lang/mdBook,0.00033057851239669424,0.04,0.0,0.00033057851239669424,0.00033057851239669424,0.0,0.0,0.0,0.0,0.00751404958677686,0.004991735537190082,0.0,0.0035999999999999986,0.08,0.04,0.01833687110337828,0.015483978541394806,0.0,0.012108771929824558,0.12,0.12,25,0.0
rust-lang/rust,0.02218789945264853,0.28,0.0,0.02218789945264853,0.02218789945264853,0.0,0.019603531556163126,0.12,0.16,0.03546618397705066,0.03509235220134972,0.0,0.025248692846485708,0.2,0.2,0.08660119885952833,0.08345696281227895,0.0,0.07073432446167532,0.36,0.36,25,0.0
rust-lang/rust-analyzer,0.0,0.0,0.0,0.0,0.0,0.0,0.0,0.0,0.0,0.045584530980752325,0.041959917949912696,0.0,0.02016385898448081,0.12,0.08,0.1582167850059407,0.14866124676480255,0.2,0.04991888604521092,0.2,0.2,25,0.0
rust-windowing/winit,0.020853032765583555,0.4,0.0002241104338635563,0.01715110107467749,0.016876292972223338,0.0,0.014287907610988542,0.12,0.0,0.03471884768212593,0.024599007911715858,0.0,0.022302203274884955,0.12,0.0,0.1273289026270945,0.11192182888241212,0.08,0.0910535147545865,0.32,0.2,25,0.0
saltstack/salt,0.026004600793603387,0.2,0.008882079067064251,0.01802094558846242,0.025985598502769686,0.0,0.010037625164277985,0.12,0.12,0.0370855152144525,0.039132638724540494,0.0,0.021690444825526674,0.2,0.2,0.19114150186085366,0.18401537120685277,0.16,0.13397977254463178,0.48,0.44,25,0.0
scala/scala3,0.0,0.0,0.0,0.0,0.0,0.0,0.0,0.0,0.0,0.001095890410958904,0.000365296803652968,0.0,0.0,0.0,0.0,0.0045091324200913245,0.003595890410958904,0.0,0.002682648401826484,0.08,0.04,25,0.0
scikit-image/scikit-image,0.040934894510599514,0.36,0.0026845258913918285,0.03861919197185467,0.040934894510599514,0.0,0.025259887489386373,0.24,0.24,0.050583422698303994,0.050475740844775824,0.0,0.03154534542195877,0.32,0.32,0.23215224345862107,0.2309935842537507,0.24,0.09921944464228527,0.44,0.48,25,0.0
scikit-learn/scikit-learn,0.09577887030953207,0.64,0.008108206682802634,0.0800045583367826,0.08408016828454153,0.08,0.05761565069489099,0.36,0.4,0.12877902938226501,0.11743606839197397,0.12,0.0628973431686727,0.6,0.6,0.18263321687292466,0.1587454806158631,0.12,0.08295261496465478,0.56,0.64,25,1.0
scipy/scipy,0.00019047619047619048,0.04,0.0,0.00019047619047619048,0.00019047619047619016,0.0,0.0001904761904761898,0.0,0.0,0.023909858601729162,0.0214260080864539,0.04,0.015548851426688546,0.12,0.0,0.11903535665668327,0.1092748263824567,0.12,0.06097931696231327,0.24,0.24,25,0.0
scrapy/scrapy,0.022882332899896746,0.32,0.0004427803672856015,0.02250103946957946,0.022882332899896746,0.04,0.005936158769233996,0.08,0.12,0.042620925672187664,0.04203713574506269,0.08,0.02450687010586323,0.12,0.2,0.15458773443367818,0.15116699109641316,0.2,0.12235836354021674,0.48,0.52,25,1.0
secdev/scapy,0.006794471153119097,0.16,0.0,0.006794471153119097,0.006794471153119098,0.0,0.0057119136571191385,0.08,0.08,0.02540205000761678,0.02309280668893267,0.0,0.009203057666340388,0.16,0.16,0.03199922345953333,0.02796214556453983,0.0,0.013236886934843248,0.12,0.16,25,0.0
semantic-release/semantic-release,0.00011799410029498524,0.04,0.0,0.00011799410029498524,0.00011799410029498553,0.0,0.0,0.0,0.0,0.047589698383106234,0.04545794473418757,0.12,0.02913572810588546,0.08,0.04,0.07246275161564807,0.06712885472381319,0.16,0.04211001232773926,0.12,0.08,25,0.0
serenity-rs/serenity,0.020768216918953093,0.44,0.0015533820712879765,0.014336108573561823,0.015666687664963853,0.04,0.005819017200024595,0.12,0.08,0.033949671102478984,0.026697056184148478,0.04,0.013099623750415427,0.28,0.08,0.07865799310895542,0.06074025461611972,0.0,0.03218199013210401,0.44,0.16,25,1.0
sgl-project/sglang,0.0028732587892204373,0.2,0.0,0.0028732587892204373,0.002873258789220439,0.0,0.0025924741167602083,0.0,0.08,0.02279194470528056,0.014359827640141836,0.04,0.009021367097693805,0.08,0.08,0.05795754443442467,0.04741902734405276,0.04,0.035065542009464025,0.2,0.32,25,0.0
shap/shap,0.09259639679782854,0.4,0.015561213343671616,0.07877100789274653,0.0910497792411467,0.08,0.044225144744882525,0.2,0.2,0.034865818360976346,0.04502724313439888,0.04,0.038375102065805876,0.2,0.16,0.05661831811353391,0.06334588624786472,0.04,0.04595316723798547,0.2,0.28,25,1.0
simonw/datasette,0.00049079754601227,0.04,0.0,0.0,0.0,0.0,0.0,0.0,0.0,0.0037283328521619404,0.0036625974372071356,0.0,0.0036625974372071378,0.0,0.08,0.04985708166075979,0.049668646859301925,0.04,0.015382932573587636,0.08,0.12,25,0.0
software-mansion/react-native-gesture-handler,0.0,0.0,0.0,0.0,0.0,0.0,0.0,0.0,0.0,0.01018181818181818,0.00721885521885522,0.04,0.003663299663299664,0.0,0.0,0.08919089919350127,0.08558417872245919,0.16,0.02422644877569713,0.04,0.24,25,0.0
software-mansion/react-native-reanimated,0.0,0.0,0.0,0.0,0.0,0.0,0.0,0.0,0.0,0.003821384095356698,0.0027254936843977952,0.0,0.0016438356164383582,0.0,0.0,0.04797329697793407,0.04620934529428471,0.0,0.03436322818600416,0.12,0.2,25,0.0
software-mansion/react-native-svg,0.01973314606741573,0.08,0.0,0.01973314606741573,0.019733146067415733,0.0,0.018033707865168537,0.08,0.04,0.06500860958813158,0.06500860958813158,0.08,0.017045065174409763,0.0,0.04,0.08701306696386388,0.08600834998273178,0.08,0.03683833420191299,0.08,0.16,25,0.0
solidusio/solidus,0.0630561423061943,0.4,0.0013675213675213677,0.062027475790802124,0.062055353517794905,0.12,0.03536261463203548,0.32,0.4,0.09022673322487945,0.0742443703300386,0.12,0.03914000840278151,0.28,0.32,0.09730224319464485,0.07989358249775849,0.16,0.040120561479479754,0.28,0.32,25,1.0
spack/spack,0.06273055123848818,0.52,0.004359841344515093,0.04697961039531744,0.04967869097269139,0.08,0.03087837378375216,0.2,0.24,0.05474615711432416,0.05479811695830254,0.08,0.03597451591598468,0.24,0.2,0.1498270060449172,0.1419056680321056,0.2,0.08356201443527735,0.36,0.4,25,1.0
sphinx-doc/sphinx,0.002022192845411209,0.08,0.0005063493971077194,0.0015254787406686141,0.0017951081719737813,0.0,0.0017951081719737804,0.0,0.0,0.028593521896240027,0.02456123515375209,0.08,0.0062996603001538335,0.0,0.08,0.20376230104564771,0.19630719671507868,0.2,0.08232271190386803,0.28,0.32,25,0.0
spring-projects/spring-boot,0.000486815415821501,0.04,0.0,0.000486815415821501,0.000486815415821501,0.0,0.0,0.04,0.0,0.004953359186668064,0.0034117770365666446,0.0,0.0025192821075605597,0.04,0.0,0.2572240151455913,0.24568564727678896,0.24,0.21270216890685079,0.76,0.72,25,0.0
spyder-ide/spyder,0.037142857142857144,0.04,0.006753246753246753,0.0365625,0.037142857142857144,0.04,0.012924107142857143,0.04,0.04,0.012359122173848748,0.011974145013375176,0.08,0.005629516681181057,0.0,0.0,0.22123618396294417,0.2172174169700985,0.36,0.09241088003447193,0.28,0.24,25,1.0
sqlalchemy/sqlalchemy,0.10878274011408384,0.6,0.007305297651549757,0.04533972955918693,0.04605600909898896,0.04,0.03426561650584356,0.16,0.24,0.061855137432731355,0.05681234189109897,0.12,0.04197202406225932,0.12,0.28,0.10228161390085548,0.08307745318224055,0.12,0.06544512011494845,0.2,0.32,25,1.0
statelyai/xstate,0.0,0.0,0.0,0.0,0.0,0.0,0.0,0.0,0.0,0.01309788267962513,0.01309788267962513,0.0,0.013097882679625129,0.0,0.0,0.016353947047166185,0.014244952939547958,0.0,0.014244952939547955,0.0,0.0,25,0.0
storybookjs/storybook,0.013730952380952382,0.16,0.010487301587301587,0.002194548872180451,0.007811988304093565,0.0,0.006808020050125312,0.0,0.0,0.023255884381496377,0.019791928464572287,0.08,0.016787960210604035,0.04,0.0,0.07270727519545697,0.07312045397574102,0.16,0.028783152388439436,0.12,0.12,25,0.0
streamlink/streamlink,0.0797216861531496,0.6,0.005467424318713311,0.008261743672357592,0.009470207300503134,0.0,0.008630492740622957,0.08,0.04,0.06808624564195666,0.0491270891635706,0.08,0.03398333820329958,0.08,0.04,0.07013811853789857,0.05087146433349768,0.08,0.035631779977182025,0.04,0.04,25,0.0
supercollider/supercollider,0.00787878787878788,0.04,0.004242424242424243,0.004067796610169492,0.00787878787878788,0.0,0.007447354904982024,0.04,0.04,0.023238524618227084,0.023484772406847754,0.0,0.022494571040432797,0.2,0.16,0.052002379184365,0.05160147751227688,0.0,0.05017984317205608,0.32,0.32,25,0.0
swig/swig,0.021818181818181816,0.04,0.0,0.007272727272727273,0.007272727272727272,0.0,0.007272727272727271,0.04,0.04,0.014341226256523653,0.012523044438341837,0.0,0.00895161586691327,0.04,0.08,0.021238369433445224,0.019420187615263408,0.0,0.015848759043834842,0.08,0.12,25,0.0
symfony/symfony,0.0037789740312603477,0.16,0.0,0.0037015296943774824,0.0036628075259360466,0.0,0.0030499933564907033,0.0,0.04,0.009993413188818466,0.0077038700724431615,0.0,0.004829246061583253,0.04,0.04,0.20817841329458758,0.19646985010934276,0.2,0.1552668861280208,0.52,0.52,25,0.0
taichi-dev/taichi,0.062042192118015385,0.44,0.005570933564582146,0.0374378754971415,0.04186432087594703,0.0,0.011709627671002152,0.28,0.08,0.03406030061289908,0.033705324548125457,0.04,0.016920531104224215,0.24,0.08,0.0993193536532768,0.09553178677327535,0.12,0.06612232921059902,0.4,0.24,25,0.0
teambit/bit,0.021990034955063593,0.16,0.0,0.021990034955063593,0.021990034955063596,0.04,0.021909389793773278,0.04,0.08,0.0031843513913155153,0.0025468705925443948,0.0,0.0024662254312540722,0.0,0.04,0.021186180394552424,0.018978515907785553,0.0,0.01841260838535629,0.04,0.2,25,1.0
tensorflow/tensorboard,0.08886942185113103,0.32,0.01019815313582147,0.08355259181465768,0.08886942185113103,0.12,0.051909986205927704,0.16,0.28,0.0329707103898291,0.029162854214736588,0.08,0.019252299242016033,0.12,0.28,0.1963112415763676,0.17897868742798437,0.16,0.14536756140586232,0.6,0.68,25,1.0
tianocore/edk2,0.04958933021903384,0.36,0.0034855605978150873,0.046467286934367504,0.04958933021903384,0.0,0.04164599456185794,0.28,0.24,0.024633963527169893,0.02676498316696592,0.0,0.023790480926929994,0.2,0.28,0.037884481204381204,0.04000650534192836,0.0,0.036317885178472176,0.28,0.4,25,0.0
timber/timber,0.1610216273310761,0.32,0.025852695426530622,0.12900997457325286,0.13572936414684597,0.2,0.097402315689247,0.28,0.24,0.05877369086940309,0.04536506001776276,0.08,0.03219001074949209,0.2,0.12,0.11895269001716618,0.09056788508048795,0.08,0.06801432990797406,0.32,0.36,25,1.0
timescale/timescaledb,0.030405470138383663,0.28,0.004292608679511453,0.025880512413380064,0.028900840865625593,0.0,0.011979562645305144,0.16,0.2,0.0224333908710659,0.023938184646134095,0.0,0.006153967270543264,0.16,0.2,0.12282754898958535,0.11261038526826064,0.2,0.06535953433565059,0.4,0.52,25,0.0
tmuxinator/tmuxinator,0.05734934034463993,0.52,0.050892112285717384,0.006598852310480218,0.049326487262571536,0.04,0.032240161920343235,0.32,0.24,0.02179400429300062,0.061590357281024855,0.08,0.03492119777691694,0.32,0.24,0.03644001616144941,0.07342014233321975,0.12,0.03722438851039529,0.36,0.36,25,1.0
treeverse/dvc,0.005575902231367146,0.36,0.0,0.004935902231367145,0.004935902231367147,0.0,0.0029071063687923313,0.08,0.04,0.03285400491612119,0.022360073932660443,0.0,0.014588527190365963,0.08,0.12,0.07462795226884458,0.05521337976695616,0.12,0.029840256877674803,0.36,0.24,25,0.0
triton-lang/triton,0.00081855459402124,0.08,0.0,0.0005919256988371039,0.0005919256988371038,0.0,0.0,0.0,0.0,0.0035939105672177975,0.0015861165755303639,0.0,0.0008050655811849872,0.04,0.0,0.04902927236154978,0.03814432964154876,0.04,0.021585968809376677,0.12,0.28,25,0.0
twisted/twisted,0.10352977225830395,0.72,0.017228840266811356,0.08759245621487538,0.10352805697404918,0.16,0.05320678773737557,0.44,0.52,0.11058830473755588,0.10822080042703593,0.16,0.054425029081722406,0.4,0.52,0.15971716543940068,0.14614265646474828,0.12,0.07600910012741777,0.44,0.64,25,1.0
typelevel/cats,0.03177850416779949,0.44,0.0011107078039927403,0.03075382949505747,0.03177850416779949,0.12,0.011178574614551224,0.2,0.24,0.041297390026288364,0.03718916709554455,0.08,0.008829920539112378,0.2,0.2,0.053694924360411705,0.04787097924335746,0.12,0.015853119562311405,0.24,0.24,25,1.0
typescript-eslint/typescript-eslint,0.005,0.04,0.0,0.005,0.005,0.0,0.005,0.04,0.04,0.008662862400068503,0.008662862400068505,0.0,0.008662862400068505,0.04,0.24,0.10326375562449114,0.10326375562449114,0.08,0.066920898481634,0.24,0.4,25,0.0
unionlabs/union,0.029448488186674015,0.16,0.0,0.029448488186674015,0.029448488186674015,0.04,0.025904184389205658,0.08,0.12,0.022301447801646702,0.021142399636356116,0.0,0.021073906485671187,0.12,0.12,0.054222736020444515,0.05216787480744215,0.04,0.04390463968986335,0.2,0.32,25,1.0
unit8co/darts,0.019671880003112346,0.36,0.0008609680043872451,0.016209545936209407,0.016167096040785,0.04,0.007035314790939276,0.08,0.12,0.09503720752587856,0.08483900323231622,0.12,0.04420560299446771,0.12,0.28,0.1858641119762198,0.1690220902034148,0.24,0.09528523107823643,0.32,0.36,25,1.0
v8/v8,0.0,0.0,0.0,0.0,0.0,0.0,0.0,0.0,0.0,0.0018745753173833252,0.0013918166966936688,0.0,0.0011159546277281507,0.0,0.0,0.1875694065463219,0.18590009834328058,0.04,0.1561616449893124,0.68,0.76,25,0.0
valhalla/valhalla,0.03526267066244663,0.24,0.003949531340164382,0.032597914099180766,0.03522025213307494,0.04,0.02692069257625775,0.16,0.12,0.027188575379389207,0.022502756857561264,0.0,0.011726902068065623,0.08,0.08,0.06595148042267589,0.05239781497845691,0.08,0.024929595958632884,0.08,0.24,25,1.0
valkey-io/valkey,0.0,0.0,0.0,0.0,0.0,0.0,0.0,0.0,0.0,0.00047019912711402073,0.00047019912711401894,0.0,0.00020833333333333037,0.0,0.0,0.04889201012345308,0.04678977690946986,0.0,0.042396217999905624,0.2,0.2,25,0.0
verl-project/verl,0.03316768600494531,0.28,0.014060929857862696,0.02142141769346815,0.032763981205527794,0.0,0.02984819459767217,0.2,0.16,0.018552667703508753,0.027197820612903146,0.08,0.022917110226264255,0.2,0.16,0.1336419616612477,0.13390389519282772,0.16,0.07389402818900162,0.48,0.48,25,0.0
vim/vim,0.0,0.0,0.0,0.0,0.0,0.0,0.0,0.0,0.0,0.00495959096157018,0.0017619165429655279,0.0,0.001471218868546922,0.0,0.0,0.019810654791357414,0.016612980372752762,0.0,0.016322282698334155,0.04,0.04,25,0.0
vitejs/vite,0.025949870381561622,0.32,9.501187648456058e-05,0.02525731854585186,0.025297019937097195,0.0,0.01967568166033481,0.16,0.16,0.04305447816373276,0.03416269817702529,0.04,0.02348039168161326,0.16,0.16,0.06204547045855282,0.05207877781934442,0.04,0.0343780292519359,0.28,0.2,25,0.0
vllm-project/vllm,0.02250110964602956,0.12,0.0008372504738271389,0.02182286886046285,0.02247803695569258,0.0,0.019884100497840607,0.08,0.08,0.025014920170047285,0.022394068259076087,0.0,0.01677467686994225,0.08,0.08,0.10646892277567037,0.10045787485363983,0.04,0.08567502883175995,0.24,0.52,25,0.0
vosen/ZLUDA,0.03138888888888889,0.04,0.003298611111111111,0.029328287606433304,0.029737103174603173,0.04,0.0012413605066750755,0.0,0.0,0.245451492350156,0.2456547011171065,0.24,0.005654701117106478,0.04,0.32,0.2657352439734659,0.2653749066423808,0.24,0.02537490664238077,0.12,0.4,25,1.0
vuejs/core,0.05985370884684242,0.8,0.0007879118792103624,0.0586390051854893,0.05935413807359542,0.04,0.039830572873408354,0.48,0.4,0.07114977736098119,0.06461046492782202,0.04,0.038725524501017794,0.48,0.44,0.10876870558653726,0.08833771974880376,0.12,0.04879557753224007,0.44,0.52,25,1.0
vuejs/vue,0.0695143417698311,0.52,0.0,0.0465294531261784,0.04313173289309256,0.0,0.03532366015311434,0.16,0.24,0.05535941738152627,0.04405569312104758,0.0,0.03170197592859811,0.2,0.28,0.06535427771551357,0.05305257822092431,0.0,0.04026305432730536,0.28,0.4,25,0.0
vyperlang/vyper,0.0036360861360861365,0.12,0.00035714285714285714,0.0032789432789432794,0.0036360861360861386,0.0,0.0032731907731907792,0.04,0.08,0.012474524825402018,0.011688810539687735,0.04,0.006520568476708835,0.08,0.08,0.053930662329508626,0.04817332198754496,0.08,0.0378529648875181,0.32,0.28,25,0.0
wagtail/wagtail,0.046893139592718666,0.28,0.0011794094687055151,0.0458675173671315,0.04689033847227049,0.04,0.03619181902237314,0.12,0.12,0.07105072467639312,0.06809135719471017,0.08,0.05441067254198157,0.24,0.2,0.10402678749329361,0.09625099869543952,0.08,0.07989700070744435,0.44,0.36,25,1.0
wandb/wandb,0.0022222222222222222,0.04,0.0,0.0022222222222222222,0.0022222222222222227,0.0,0.002222222222222223,0.0,0.0,0.04281309112669454,0.032192980965896525,0.04,0.023141006467847235,0.08,0.0,0.07424698684729472,0.05426009363101532,0.04,0.03971311301396473,0.2,0.12,25,0.0
web-infra-dev/rspack,0.05389666275465679,0.12,0.0006752730883813307,0.05224242424242424,0.05247911087037204,0.08,0.025691232082493257,0.08,0.08,0.0734942728944715,0.07133247617855364,0.04,0.06251283989516362,0.08,0.12,0.07795472648700057,0.07437321123517748,0.04,0.06460486240426658,0.12,0.12,25,1.0
withastro/astro,0.0,0.0,0.0,0.0,0.0,0.0,0.0,0.0,0.0,0.0041525704809286905,0.0041525704809286905,0.0,0.0005970149253731361,0.0,0.0,0.005930348258706467,0.005041459369817579,0.0,0.0023747927031509118,0.0,0.0,25,0.0
withastro/starlight,0.014736842105263158,0.04,0.0,0.014736842105263158,0.01473684210526316,0.04,0.008421052631578949,0.04,0.04,0.001326145552560647,0.0013261455525606458,0.0,0.00104043126684636,0.0,0.0,0.030765251767647172,0.030479537481932883,0.04,0.021204175163092302,0.08,0.04,25,1.0
wkentaro/labelme,0.002475194422097077,0.12,0.0,0.0,0.0,0.0,0.0,0.0,0.0,0.00017094017094017097,0.00017094017094017064,0.0,0.00017094017094017034,0.0,0.04,0.0006394471921147707,0.0006394471921147719,0.0,0.0006394471921147727,0.0,0.04,25,0.0
wxWidgets/wxWidgets,0.009537541813861513,0.36,0.0026914114003886674,0.0054082312900467526,0.007151087217345351,0.04,0.00561110210737318,0.0,0.08,0.028224207034454468,0.023528572721672445,0.12,0.017089820908788488,0.12,0.08,0.06839033123554568,0.05969437283426547,0.08,0.04573916587854689,0.24,0.24,25,1.0
xbmc/xbmc,0.007058823529411765,0.04,0.002352941176470588,0.0,0.00036764705882352865,0.0,0.0003676470588235281,0.0,0.0,0.003930245352208579,0.004083122106709567,0.0,0.003922625886511854,0.0,0.08,0.04877099140372481,0.045040017540644205,0.0,0.04280348321121433,0.2,0.28,25,0.0
xournalpp/xournalpp,0.08165447788890252,0.36,0.00948818178326394,0.06567469032888955,0.07186393362652993,0.12,0.04423687491077545,0.24,0.2,0.03380781002167736,0.03448216227618635,0.0,0.026420154587512287,0.2,0.08,0.10046075931942067,0.09888848584230889,0.04,0.08480323141548113,0.4,0.24,25,1.0
yiisoft/yii2,0.09006539074940154,0.52,0.01745688586085557,0.07610753632786782,0.08965276189613651,0.04,0.047655330985780446,0.2,0.28,0.03800882578759353,0.046352351342069505,0.0,0.026091487487564444,0.24,0.24,0.051156315854263806,0.05544533604025842,0.04,0.03165640258694026,0.32,0.28,25,1.0
youki-dev/youki,0.008273440402551305,0.4,0.0011634440226276307,0.0071427590206153465,0.008273440402551303,0.04,0.003910773218789579,0.08,0.0,0.030563678529054776,0.019189668351569492,0.04,0.009420783976971355,0.04,0.08,0.05687981526678774,0.041381929734658145,0.08,0.027404213629642956,0.08,0.24,25,1.0
yugabyte/yugabyte-db,0.0,0.0,0.0,0.0,0.0,0.0,0.0,0.0,0.0,0.01462955591824962,0.009169076127138263,0.0,0.00841295890703584,0.04,0.04,0.09913934193740788,0.09185620904465994,0.04,0.06887199414075976,0.24,0.36,25,0.0
zed-industries/zed,0.045867346938775505,0.08,0.0,0.045867346938775505,0.045867346938775505,0.04,0.02964285714285714,0.08,0.08,0.017525424376043937,0.014945253713255112,0.0,0.013220433839487454,0.04,0.12,0.052785867506397806,0.04725405694864913,0.0,0.041634749321701,0.16,0.24,25,1.0
zeek/zeek,0.023237450648618162,0.04,0.0015341229554427524,0.022451612903225806,0.023033505184479476,0.04,0.0033971415481158407,0.0,0.04,0.013270029148587024,0.010079684180494243,0.0,0.008781581159122847,0.0,0.0,0.0840326010093785,0.07834434149867801,0.04,0.06638829055002549,0.24,0.28,25,1.0
zeromq/libzmq,0.030676795379897297,0.28,0.000365296803652968,0.030312340273948597,0.030631343703866745,0.08,0.02710040697765377,0.08,0.04,0.034962640363343477,0.022555436352801727,0.04,0.015509198035080572,0.16,0.24,0.14011506416836988,0.12256802400997362,0.08,0.07094680422799739,0.36,0.4,25,1.0
zeux/meshoptimizer,0.13382720445450513,0.28,0.018248767937775204,0.022316107129385133,0.02231610712938514,0.04,0.006558531371809382,0.0,0.04,0.0002962962962962963,0.0002962962962962956,0.0,0.0002962962962962967,0.0,0.0,0.00044817750449312654,0.0004481775044931252,0.0,0.0004481775044931258,0.0,0.0,25,1.0
