sha,age_years,added,credited,match_added,match_credited,repo,survival,visible
0e9a066195a100ae56b4ca49cee9927fb15e1482,4.035965662788045,346,224,175.0,34.0,SixLabors/ImageSharp,0.6473988439306358,True
5528a2923ccc63d776c91994b0b17a2c3ad5be94,4.035742420209395,126,87,99.0,59.0,SixLabors/ImageSharp,0.6904761904761905,True
d14c82023fc01a6fca99c42212cb3c97991fae9e,4.035763556163967,12,11,6.0,6.0,SixLabors/ImageSharp,0.9166666666666666,True
3dc324d3f1312e40d3a8ed87e7244966bb756f26,6.502835386721424,50,4,70.0,25.0,micropython/micropython,0.08,True
dda9b9c6da5d3c31fa8769e581a753e95a270803,2.5654574175475955,31,31,23.0,11.0,micropython/micropython,1.0,True
ab2923dfa1174dc177f0a90cb00a7e4ff87958d2,4.657128583922732,6,6,3.0,2.0,micropython/micropython,1.0,True
0f78c36c5aa458a954eed39a46942209107a553e,5.425568325854945,7,6,10.0,10.0,micropython/micropython,0.8571428571428571,True
b3f2f18f927fa2fad10daf63d8c391331f5edf58,2.565703570613735,3,3,6.0,6.0,micropython/micropython,1.0,True
69661f3343bedf86e514337cff63d96cc42f8859,6.588029919892514,85,81,82.0,46.0,micropython/micropython,0.9529411764705882,True
b1229efbd1509654dec6053865ab828d769e29db,3.4275803609906963,4,4,4.0,4.0,micropython/micropython,1.0,True
5c32111fa0e31e451b0f1666bdf926be2fdfd82c,4.446261471087789,4,1,3.0,3.0,micropython/micropython,0.25,True
2a38d7103672580882fb621a5b76e8d26805d593,5.552051708621695,352,145,291.0,287.0,micropython/micropython,0.4119318181818182,True
761e4c7ff62896c7d8f8c3dfc3cc98a4cc4f2f6f,9.199522967526047,3,1,2.0,1.0,micropython/micropython,0.3333333333333333,True
5b700b0af90591d6b1a2c087bb8de6b7f1bfdd2d,4.4055110654802645,6,3,10.0,5.0,micropython/micropython,0.5,True
026fda605e03113d6e753290d65fed774418bc53,6.282669658022156,4,0,7.0,6.0,micropython/micropython,0.0,False
8b2748269244304854b3462cb8902952b4dcb892,3.6582672002940653,4,4,3.0,3.0,micropython/micropython,1.0,True
1a3e386c67e03a79eb768cb6e9f6777e002d6660,6.507142241488579,5,2,9.0,3.0,micropython/micropython,0.4,True
feb25775851ba0c04b8d1013716f442258879d9c,6.5179738002889955,18,17,18.0,16.0,micropython/micropython,0.9444444444444444,True
bbd8760bd9a2302e5abee29db279102bb11d7732,2.9080207303470478,21,21,11.0,8.0,micropython/micropython,1.0,True
77ed6f69ac35c1663a5633a8ee1d8a2446542204,6.279956143686466,20,20,21.0,8.0,micropython/micropython,1.0,True
84fa3312cfa7d2237d4b56952f2cd6e3591210c4,6.437236386797475,13,6,13.0,13.0,micropython/micropython,0.46153846153846156,True
cf490a70917a1b2d38ba9b58e763e0837d0f7ca7,2.9931333814992267,3,3,6.0,6.0,micropython/micropython,1.0,True
48c7daaa3d7068c127c5bc395ffa72029ab9bba1,0.27410535021674653,20,20,12.0,12.0,micropython/micropython,1.0,True
abde0fa2267f9062b28c3c015d7662a550125cc6,8.387994144041372,670,668,694.0,552.0,micropython/micropython,0.9970149253731343,True
06659077a81b85882254cf0953c33b27614e018e,6.086347345805764,13,9,10.0,10.0,micropython/micropython,0.6923076923076923,True
decf8e6a8bb940d5829ca3296790631fcece7b21,2.5656942860040055,57,57,61.0,57.0,micropython/micropython,1.0,True
e306624e31d10148676343d9a8159d726fa09573,0.7969232768017847,15,14,20.0,4.0,gitkraken/vscode-gitlens,0.9333333333333333,True
fbccf2428fd671378202de43ff99deff66168a13,2.8752596205034604,45,0,45.0,0.0,gitkraken/vscode-gitlens,0.0,False
9e17dbe2b7457af484c88cc15a45c42b84d2ba3b,7.228227716936649,3,0,2.0,0.0,gitkraken/vscode-gitlens,0.0,False
444bf829156b3170c8b4b5156dcf10b06db83779,3.7072160113570107,3,0,3.0,0.0,gitkraken/vscode-gitlens,0.0,False
ed69ce0dbac106b9d5b1a602ad310f05f1faa810,0.37256420006591123,12,4,10.0,0.0,gitkraken/vscode-gitlens,0.3333333333333333,True
7015f9c27286d8df526bd15e026334c46c7808dc,0.17855239308439172,62,21,54.0,9.0,gitkraken/vscode-gitlens,0.3387096774193548,True
60f8cb9fb8d1a56772d18a1a81cdd1748d589c2e,5.302331197556215,12,0,9.0,4.0,gitkraken/vscode-gitlens,0.0,False
175a81eabe741aedb30776f092a937bfee7044bc,6.304725232590565,67,17,41.0,0.0,gitkraken/vscode-gitlens,0.2537313432835821,True
003da86002563f825b51ca95a28afc7ef85f91d8,8.383450484193983,322,13,284.0,0.0,gitkraken/vscode-gitlens,0.040372670807453416,True
e04961ae52e425b5403e557fb1543c65eb178a7f,1.2706790757218547,6,4,6.0,5.0,gitkraken/vscode-gitlens,0.6666666666666666,True
d790e9db047769de079f6838c3578f3a47bf5930,8.220756172839506,125,3,83.0,0.0,gitkraken/vscode-gitlens,0.024,True
4dba4612670c0a942e3daa3e6a34a57aebe257ae,3.2287906558166655,99,37,53.0,9.0,gitkraken/vscode-gitlens,0.37373737373737376,True
59d9071a9bb200c3ef95369a6335f8a0138f461a,7.087491349152026,446,55,224.0,3.0,gitkraken/vscode-gitlens,0.12331838565022421,True
f005448366ed3e796a2f22696d8c063dff4677f8,3.4743542918346138,9,3,7.0,7.0,hashicorp/nomad,0.3333333333333333,True
b0a20b4dc965a38b0c843f47c16685ccad7439da,9.472627544553452,1,1,2.0,0.0,hashicorp/nomad,1.0,True
91694b9b58ab953f3b313be9389cc1303e472fc2,6.149183302912769,3,2,4.0,2.0,blender/blender,0.6666666666666666,True
8198dbb888856b8c11757586df02aca15f132f90,6.149145182143129,1,1,1.0,1.0,blender/blender,1.0,True
8c1726918374e1d2d2123e17bae8db5aadde3433,6.0507670735417145,1,1,1.0,1.0,blender/blender,1.0,True
3a7fd309fce89213b0224b3c6807adb2d1fe7ca8,5.948479859051385,3,0,3.0,0.0,blender/blender,0.0,False
4eac03d821fa17546f562485f7d073813a5e5943,5.872892805536543,4,0,2.0,2.0,blender/blender,0.0,False
41d2d6da0c96d351b47acb64d3e0decdba16cb16,5.996531580348315,42,10,41.0,0.0,blender/blender,0.23809523809523808,True
0a3694cd6ebec710da7110e9f168a72d47c71ee0,17.06841515197607,401,0,,,blender/blender,0.0,False
afacd184982e58a9c830a3d5366e25983939a7ba,15.813696700636298,44,10,25.0,0.0,blender/blender,0.22727272727272727,True
6859bb6e67031765e79e525ae62bf2ebf4df2330,3.417745075671154,8,6,7.0,7.0,blender/blender,0.75,True
40d4a4cb1a6b4c3c2a486e8f2868f547530e0811,5.89667807437828,10,1,6.0,4.0,blender/blender,0.1,True
84ef3b80de4915a24a9fd2fd214d0fa44e59b854,5.948368728927422,3,2,3.0,0.0,blender/blender,0.6666666666666666,True
2abfcebb0eb7989e3d1e7d03f37ecf5c088210af,5.973591464496667,25,22,19.0,6.0,blender/blender,0.88,True
cb4b5e12abf1fc6cf9ffc0944e0a1bc406286c63,7.8928818097700715,5,0,3.0,0.0,blender/blender,0.0,False
bab9de2a52929fe2b45ecddb1eb09da3378e303b,5.996531580348315,7,5,4.0,4.0,blender/blender,0.7142857142857143,True
d1eefc421544e2ea632fb35cb6bcaade4c39ce6b,5.948421711410247,2,1,1.0,1.0,blender/blender,0.5,True
3076d95ba441cd32706a27d18922a30f8fd28b8a,7.458246096027581,109,34,91.0,38.0,blender/blender,0.3119266055045872,True
8c846cccd6bdfd3e90a695fabbf05f53e5466a57,5.892174088016833,113,5,102.0,84.0,blender/blender,0.04424778761061947,True
e12c08e8d170b7ca40f204a5b0423c23a9fbc2c1,7.458273664663979,117,46,229.0,199.0,blender/blender,0.39316239316239315,True
1166110a9d66af9c5a47cee2be591f50fdc445e8,5.82307795903364,7,6,5.0,4.0,blender/blender,0.8571428571428571,True
b5d310b569e07a937798a2d38539cfd290149f1c,5.890130364793267,99,0,102.0,84.0,blender/blender,0.0,False
39ccb4364f5879a915f697f256f32e6919717eb0,0.40195414099931553,20,20,38.0,38.0,robotframework/robotframework,1.0,True
d2cdcfa9863e405983ecafc47e2e7e5af9da68f4,1.4173259056455498,11,11,12.0,12.0,robotframework/robotframework,1.0,True
a9f153afce8495f66cf0f52b430beeaf346f7b48,0.40215703982558876,4,4,7.0,7.0,robotframework/robotframework,1.0,True
50b98b30e588eadce641136da85bc94a60eb6a3d,1.9988839772352778,73,62,39.0,28.0,falcosecurity/falco,0.8493150684931506,True
6280d3d5536174934ee22d3840457d61896e0e3a,7.694663630947854,261,76,151.0,1.0,OpenVPN/openvpn,0.29118773946360155,True
21f7d6e1ad65b1f7db673bc98764dc7325858e0b,1.1491750006337618,15,15,8.0,8.0,OpenVPN/openvpn,1.0,True
abe49856d81f51136d543539202a0bf8fb946474,4.440759278272112,36,7,18.0,0.0,OpenVPN/openvpn,0.19444444444444445,True
3282632d9325267c850072db7545a884a1637f51,4.401959781478946,4,1,2.0,2.0,OpenVPN/openvpn,0.25,True
f57431cdc88f22fa4d7962946f0d3187fe058539,7.796771015539838,4,1,6.0,2.0,OpenVPN/openvpn,0.25,True
c1ff8f247f91c88a2df5502eeedf42857f9a6831,6.25806940324993,19,14,16.0,1.0,OpenVPN/openvpn,0.7368421052631579,True
2c45d268ca65c522fbabb7c4dab5e721296b4623,7.117077534413263,43,33,56.0,54.0,OpenVPN/openvpn,0.7674418604651163,True
9cf7b4925a54d93fbea1cadcf3dc0e11f3ce358f,6.444519228331686,24,10,35.0,2.0,OpenVPN/openvpn,0.4166666666666667,True
81d882d5302b8b647202a6893b57dfdc61fd6df2,9.788917693360712,220,78,298.0,138.0,OpenVPN/openvpn,0.35454545454545455,True
e51d9a73693ee742b36e19fb1718e5e27167831d,4.355476525464548,4,2,2.0,1.0,OpenVPN/openvpn,0.5,True
da1574ef7826d73f01e120cbd1ba40ce39a305b7,6.42289835095191,46,42,37.0,18.0,OpenVPN/openvpn,0.9130434782608695,True
4cd4899e8e80efae03c584a760fd107251735723,9.693287544046441,14,10,10.0,5.0,OpenVPN/openvpn,0.7142857142857143,True
3cca3367e6e0ffeccb8e39cb2c739d1dcb086701,1.1512141607726822,545,477,595.0,582.0,OpenVPN/openvpn,0.8752293577981651,True
baef44fc8769bbd99f4d699ce9f63180c29a5455,6.55843790402312,4,1,3.0,0.0,OpenVPN/openvpn,0.25,True
f2c1e0bd315fbce55582c440f2d3c8c922a5083a,4.393150746571349,175,146,271.0,232.0,compiler-explorer/compiler-explorer,0.8342857142857143,True
bbdec1f77b3ccb0b85ecdf63cc45ab8117ae2081,0.5754921160037518,622,622,348.0,268.0,swig/swig,1.0,True
d64f68e8aabc67820eec2459bff9a7a0fcc06b95,4.50967557735696,48,48,33.0,20.0,highlightjs/highlight.js,1.0,True
91415a36ae7aaeabb2bbab3762f39544f9aed683,4.814399447359748,81,58,45.0,30.0,tianocore/edk2,0.7160493827160493,True
e7108d0e9655b1795c94ac372b0449f28dd907df,4.814399447359748,574,531,383.0,362.0,tianocore/edk2,0.9250871080139372,True
39de741e2dcb8f11e9b4438e37224797643d8451,4.814399447359748,736,563,383.0,362.0,tianocore/edk2,0.7649456521739131,True
5220bd211df890f2672c23c050082862cd1e82d6,4.814399447359748,108,107,117.0,83.0,tianocore/edk2,0.9907407407407407,True
bcdcc4160d7460c46c08c9395aae81be44ef23a9,4.814399447359748,149,149,117.0,83.0,tianocore/edk2,1.0,True
972e3b0b9d67ef2847c9c1c89e606e6074a7ddda,2.84282267979821,3,3,2.0,2.0,tianocore/edk2,1.0,True
a550d468a6ca577d9e9c57a0eafcf2fc9fbb8c97,4.814399447359748,108,108,117.0,83.0,tianocore/edk2,1.0,True
7c0ad2c33810ead45b7919f8f8d0e282dae52e71,4.814399447359748,17,17,18.0,14.0,tianocore/edk2,1.0,True
d1050b9dff1cace252aff86630bfdb59dff5f507,4.814399447359748,141,141,117.0,83.0,tianocore/edk2,1.0,True
45ce0a67bb4ee80f27da93777c623f51f344f23b,4.814399447359748,66,54,45.0,30.0,tianocore/edk2,0.8181818181818182,True
c1e126b1196de75e0a4cda21e4551ea9bb05e059,4.814399447359748,326,326,383.0,362.0,tianocore/edk2,1.0,True
a298a84478053872ed9da660a75f182ce81b8ddc,4.49049997464953,34,34,25.0,25.0,tianocore/edk2,1.0,True
ac0a286f4d747a4c6c603a7b225917293cbe1e9f,4.814399447359748,167,158,117.0,83.0,tianocore/edk2,0.9461077844311377,True
e5efcf8be8a1bf59aa98875787475e3144ee4cef,4.814399447359748,101,68,117.0,83.0,tianocore/edk2,0.6732673267326733,True
7c342378317039e632d9a1a5d4cf7c21aec8cb7a,4.814399447359748,208,154,117.0,83.0,tianocore/edk2,0.7403846153846154,True
7c7184e201a90a1d2376e615e55e3f4074731468,4.814399447359748,53,49,45.0,30.0,tianocore/edk2,0.9245283018867925,True
731c67e1d77b7741a91762d17659fc9fbcb9e305,4.814399447359748,126,126,117.0,83.0,tianocore/edk2,1.0,True
2b16a4fb91b9b31c0d152588f5ac51080c6c0763,4.814399447359748,79,78,45.0,30.0,tianocore/edk2,0.9873417721518988,True
053e878bfb5c9d5eca779789b62891add30b14ba,4.814399447359748,567,539,383.0,362.0,tianocore/edk2,0.9506172839506173,True
c411b485b63a671a1e276700cff025c73997233c,4.814399447359748,139,139,117.0,83.0,tianocore/edk2,1.0,True
2f88bd3a1296c522317f1c21377876de63de5be7,4.814399447359748,115,115,117.0,83.0,tianocore/edk2,1.0,True
47d20b54f9a65b08aa602a1866c1b59a69088dfc,4.814399447359748,83,69,45.0,30.0,tianocore/edk2,0.8313253012048193,True
1436aea4d5707e672672a11bda72be2c63c936c3,4.814399447359748,18,18,18.0,14.0,tianocore/edk2,1.0,True
429309e0c6b74792d679681a8edd0d5ae0ff850c,4.814399447359748,109,104,117.0,83.0,tianocore/edk2,0.9541284403669725,True
40b0b23ed34f48c26d711d3e4613a4bb35eeadff,4.814399447359748,105,105,117.0,83.0,tianocore/edk2,1.0,True
0e9ce9146a6dc50a35488e3a4a7a2a4bbaf1eb1c,2.84282267979821,16,16,18.0,18.0,tianocore/edk2,1.0,True
111f2228ddf487b0ac3491e416bb3dcdcfa4f979,4.814399447359748,125,115,117.0,83.0,tianocore/edk2,0.92,True
858e19a76e08fc175a667ffc97409f2ef15bfc19,4.991469535072375,54,47,30.0,22.0,mhammond/pywin32,0.8703703703703703,True
b74bfdca97238735adbd1b20d7245cca7070900f,1.8877249537353917,16,16,12.0,12.0,mhammond/pywin32,1.0,True
059b7beb928225e389621802db758c75a7b8c58f,7.00353154232261,722,676,731.0,542.0,mhammond/pywin32,0.9362880886426593,True
c363ca1ecd1f8db03663ef98dcf41eeacc3c22c7,1.7751445927446954,124,0,62.0,56.0,macvim-dev/macvim,0.0,False
a4a00a7ad0cfa26685c057c11a09bec2c962346a,1.3916511395036377,6,4,5.0,2.0,macvim-dev/macvim,0.6666666666666666,True
19e1dd6b6aeb96d64122332a8c3d17b9d5ca007b,1.3916661279691738,2,0,2.0,0.0,macvim-dev/macvim,0.0,False
355db99d12a89f05765948b33eecd6d9733e16bb,1.4195838403427383,2,0,2.0,0.0,macvim-dev/macvim,0.0,False
562610cfa327c8ebff12a1700525e17a070d5e2c,1.4028086736633965,17,15,16.0,4.0,macvim-dev/macvim,0.8823529411764706,True
c2a9000bc1b4a2cbcfeef55450c184b16906d910,1.4029309579942708,194,135,165.0,135.0,macvim-dev/macvim,0.6958762886597938,True
e89aef3f65388a8b627c77f250525f2a264716c5,1.3755027632012573,15,13,22.0,20.0,macvim-dev/macvim,0.8666666666666667,True
8ce738de3fd7192fa6274730594305cde780074c,1.9042676249144421,134,3,255.0,244.0,macvim-dev/macvim,0.022388059701492536,True
3cf094edaff815141d9941b8dba52b9e77d8dfc1,1.8569779704413516,1584,290,1001.0,832.0,macvim-dev/macvim,0.1830808080808081,True
32a74f95a5c80a0ed18e693f13a47522099df5c3,8.467890397241868,918,157,,,ppy/osu,0.1710239651416122,True
0ab0c52ad577b3e7b406d09fa6056a56ff997c3e,3.2734394567394225,3,3,3.0,2.0,ppy/osu,1.0,True
00c11b2b4e389e48f3995d63484a6bc66a7afbdb,3.8455369863360964,2,2,2.0,0.0,ppy/osu,1.0,True
212d78865a6b5f091173a347bad5686834d1d5fe,3.845705757091794,3,1,4.0,0.0,ppy/osu,0.3333333333333333,True
7bc8908ca9c026fed1d831eb6e58df7624a8d614,3.845763587852055,4,4,4.0,0.0,ppy/osu,1.0,True
557e232ff5c9d44ea9eeeaa68c5975b2f0566074,3.8932555707658376,4,1,2.0,1.0,mamba-org/mamba,0.25,True
48d595ae455e6b15778077d3ee898d8f48ee8526,3.297894326564758,3,0,3.0,1.0,mamba-org/mamba,0.0,False
d0c74588392c584ffc8ba5be92bd0924454b756c,1.7113681965675462,333,333,237.0,50.0,mamba-org/mamba,1.0,True
f67914ef8a77d60acef3eb2e598542d23fc26e28,1.806286472989074,12,12,15.0,15.0,mamba-org/mamba,1.0,True
1230b9209466fdd386a3160033f1d71af5f244e6,2.8409570436281593,25,20,15.0,10.0,mamba-org/mamba,0.8,True
5c2951cc181d383e131fc345d439fc2878fe94db,6.159255805257687,48,8,34.0,0.0,mamba-org/mamba,0.16666666666666666,True
245de2009e037ac3bd68f68578bfbf35f296efff,2.507266743985601,23,1,26.0,15.0,mamba-org/mamba,0.043478260869565216,True
01a336c0c154f15d7a5414bce4af85b71718ec65,4.658813534616067,3,0,2.0,0.0,mamba-org/mamba,0.0,False
99290aeebfcc72358f20d22cea31a0d733f1f9ec,1.8013651545111162,8,5,8.0,7.0,mamba-org/mamba,0.625,True
5fd5c955d1dfa581a8f9a1eb62f1a72f41c6680c,3.873376017187619,6,0,4.0,2.0,mamba-org/mamba,0.0,False
0f4ad44c2e6ea11825c8ea3c4e92cf9bbf633086,1.8754905949755367,7,2,6.0,1.0,mamba-org/mamba,0.2857142857142857,True
156edfd89f39cba9c8028b8a35656233fae9bdaf,3.5475416064593,3,3,5.0,3.0,mamba-org/mamba,1.0,True
81f2ffe03681f1312f341b655d90b5346275fbed,4.503430330570132,3,0,2.0,2.0,mamba-org/mamba,0.0,False
d116ff891798b0d915d84d496d65ec143412febd,2.8966307323750855,36,34,41.0,30.0,mamba-org/mamba,0.9444444444444444,True
365342cc045a21bfb7a93fccd50a47fdbd573e47,3.6079143217481686,89,26,151.0,134.0,mamba-org/mamba,0.29213483146067415,True
3e1e97b0e6e49cac042cff7396fbbe5e71a63a9f,2.3439122746976957,20,19,12.0,12.0,mamba-org/mamba,0.95,True
98f2530d2384f7e4a03742b5b191919391ce71e6,6.1563911704312115,77,8,148.0,1.0,mamba-org/mamba,0.1038961038961039,True
50a627e002d8260fa2e116e5833190a135aff4e8,3.255705218394301,69,47,90.0,9.0,mamba-org/mamba,0.6811594202898551,True
3dce9901118a837f889139a052ccc915e0b63198,3.2580838530179737,7,0,5.0,2.0,mamba-org/mamba,0.0,False
ad9b2d6b8840825411a3c23251cfbb978ab60e89,1.863736849443557,26,25,42.0,34.0,mamba-org/mamba,0.9615384615384616,True
6e4011c38d52928594e5a8ca5967956edf83bc29,3.722437257586128,4,0,5.0,0.0,mamba-org/mamba,0.0,False
3719781cdfef64081114741cf1df39573c1c2831,4.6678152014094865,45,6,26.0,2.0,mamba-org/mamba,0.13333333333333333,True
21675b6517ff5da3c4dc91b9083366136308db2d,2.813141525337795,9,9,16.0,16.0,mamba-org/mamba,1.0,True
eef03d935dfeacaa75848b39082cf94d833d3174,4.424901798615864,4,3,4.0,1.0,py-pdf/pypdf,0.75,True
e24e3b64331fa6fdf122fce551ff5436e2a85340,0.6699810505234872,8,8,4.0,0.0,scala/scala3,1.0,True
53a7e3500437a9fd5826bc04758f7116bd7e52dc,7.30884712398915,130,64,208.0,109.0,python-pillow/Pillow,0.49230769230769234,True
8de95676e0fd89f2326b3953488ab66ff29cd2d0,12.097529913554897,8,0,5.0,0.0,python-pillow/Pillow,0.0,False
46b7e86bab79450ec0a2866c6c0c679afb659d17,5.741436896341927,1578,1130,2298.0,1772.0,python-pillow/Pillow,0.7160963244613435,True
5d91e570a567c4b9059e66b36421b007d00f889f,3.1524022739371818,188,162,99.0,1.0,postgresml/postgresml,0.8617021276595744,True
ad63139576f77767299ac1c0f4bca5b52fe80442,0.0466538646791898,23,23,42.0,42.0,rtk-ai/rtk,1.0,True
6a0a69422e86bbea3d0ea9b591949727410e6fcb,1.8319666261059142,5,5,6.0,1.0,cakephp/cakephp,1.0,True
c61ab5ee95cbf30a1720457c961337b200ab0c73,9.30536922959921,6,6,12.0,2.0,cakephp/cakephp,1.0,True
be845a3a01e3271fc075e49dcb81d73b0ec169c5,11.748235670646691,843,479,,,cakephp/cakephp,0.5682087781731909,True
df42951a67281549f5ccdf9a65cfe4c2c8c69a6e,1.8542815676730804,3,3,5.0,0.0,cakephp/cakephp,1.0,True
173ba594e7d42a5b9974ca8513a41ec50e93a624,0.32079438867340987,72,70,71.0,71.0,libusb/libusb,0.9722222222222222,True
0780695dc99f1431dea0570ba33ae1f73dee8133,0.32079438867340987,5,5,4.0,4.0,libusb/libusb,1.0,True
bdec8ee57fedc0c313ee1f2955a94d9955aebaa9,0.32079438867340987,2,2,4.0,4.0,libusb/libusb,1.0,True
0fca5605fa2e5e7240fde5e1aae50952b2612231,2.7480272580931375,3,0,2.0,0.0,official-stockfish/Stockfish,0.0,False
dd3e1c4a50fd358c8bf8051c9ef73219669ff6c0,0.31220869140872565,11,10,11.0,10.0,official-stockfish/Stockfish,0.9090909090909091,True
08ed4c90db31959521b7ef3186c026edd1e90307,2.927123450452506,6,0,3.0,0.0,official-stockfish/Stockfish,0.0,False
2d0237db3f0e596fb06e3ffbadba84dcc4e018f6,2.9409791302253656,337,112,674.0,674.0,official-stockfish/Stockfish,0.3323442136498516,True
6e4e03fd282d5e1cba514197bf1ef326c990f0d2,0.296915386467919,22,22,11.0,10.0,official-stockfish/Stockfish,1.0,True
77f32e57b14bd3585169b7bc884ff9ddf38e8ea1,2.155260190889041,195,168,226.0,128.0,Portkey-AI/gateway,0.8615384615384616,True
eb123b565e201418dd135d2602dc20eea3cead39,3.9663260830988416,7,5,5.0,0.0,neovim/neovim,0.7142857142857143,True
849f104c2789c884428fd45501912c6591a78e12,4.8538270020533885,123,103,98.0,1.0,neovim/neovim,0.8373983739837398,True
0fc8597f011e0927e529abd11bf0ddd8d0d1eaab,4.97670431211499,18,12,30.0,21.0,neovim/neovim,0.6666666666666666,True
51a98aa0c2fe3231a0ffc8a78189bc6fafd6abf6,5.033716030369863,934,664,502.0,145.0,neovim/neovim,0.7109207708779444,True
3b3dbcf7b7ba5466e6ab643e256f2374b520a6b2,5.0559993472253915,2545,1266,,,neovim/neovim,0.49744597249508843,True
a68faed02dc8e37b8f10da14dc02e33e6ed93947,4.91513524475879,4,2,6.0,1.0,neovim/neovim,0.5,True
64116d78502e0ca611e13adf9323ef2d3fe708c2,4.644057659644586,4,2,2.0,2.0,neovim/neovim,0.5,True
abc087f4c65ca547cae58518b42aee82ff4a07f6,4.16944450782062,11,1,18.0,0.0,neovim/neovim,0.09090909090909091,True
d238b8f6003d34cae7f65ff7585b48a2cd9449fb,4.542182421983928,3,2,6.0,6.0,neovim/neovim,0.6666666666666666,True
aefdc6783cb77f09786542c90901a9e7120bea42,4.396029641037341,170,24,85.0,22.0,neovim/neovim,0.1411764705882353,True
30fefee684e641a0c6867446c6de30efa2f0a126,5.028545960402566,185,36,194.0,57.0,neovim/neovim,0.1945945945945946,True
c0767bd4f3ce7b34bb77da0657c49ba10ba1b32e,5.135922883869496,13,11,13.0,0.0,neovim/neovim,0.8461538461538461,True
6c5bbf07d988ef55e5e8ba8d70b62c1f0885261b,6.639005310923517,133,37,74.0,16.0,neovim/neovim,0.2781954887218045,True
4472c56d54f447040f6e8610b261b7efa0d04eb6,4.920572540370624,4,1,6.0,2.0,neovim/neovim,0.25,True
38dd53c525054daf83dba27d7d46e90e8b41fa50,4.949211188430046,62,0,54.0,1.0,neovim/neovim,0.0,False
04f2f864e270e772c6326cefdf24947f0130e492,2.7438934202854464,175,79,222.0,12.0,neovim/neovim,0.4514285714285714,True
ea333badd24f691c753d8048f911d1db349bc2cd,4.138911450807412,3027,884,3899.0,3753.0,neovim/neovim,0.2920383217707301,True
09c6ce8c4e4c6415cca9b834539ed0df461373f6,4.0956169670697395,4,2,3.0,2.0,neovim/neovim,0.5,True
61205c1defb64ac5466496b5451e4a7f3171e21e,4.518727057824423,8,3,9.0,4.0,neovim/neovim,0.375,True
1e49a1c888a3d9a581f4aa409a26ada3ac2417cb,5.063768759347986,724,95,1179.0,1149.0,neovim/neovim,0.13121546961325967,True
cb84f5ee530f0f32b92bed5b4ad41344e8b551aa,4.253897254544071,3,3,2.0,0.0,neovim/neovim,1.0,True
69e11b58b4db0952f11a5ff85aa7150b5f5b8db8,4.493604615053109,13,1,14.0,7.0,neovim/neovim,0.07692307692307693,True
0b0c4f7dfa4a9a564cbf44262d4bea9bdefe2dc9,4.737850787132102,13,2,9.0,8.0,neovim/neovim,0.15384615384615385,True
6059784770c4c88fb6fe528b9f7634192fa1164e,4.949211188430046,6,1,10.0,2.0,neovim/neovim,0.16666666666666666,True
2f9b9e61d7417183f2d9f36d804247c0926be9d4,5.013673283139402,1367,603,2000.0,1759.0,neovim/neovim,0.44111192392099485,True
1ffd527c837fb2465c9659273bbe5447a1352db2,4.078195775344133,142,110,183.0,48.0,neovim/neovim,0.7746478873239436,True
8c74c895b300bcee5fa937a2329d1d4756567b42,4.994801569194109,373,259,651.0,263.0,neovim/neovim,0.6943699731903485,True
517f0cc634b985057da5b95cf4ad659ee456a77e,2.823806278043958,27,14,22.0,20.0,neovim/neovim,0.5185185185185185,True
08616571f47cc367a5fe59b52295708b9fda3b09,4.757115369990113,9,1,10.0,0.0,neovim/neovim,0.1111111111111111,True
d5b66e88601b4d2fde5d905f9d12847126ba4449,5.047931528379851,31,22,49.0,27.0,neovim/neovim,0.7096774193548387,True
4547137aaff32b20172870a549d3a28a3c7adf1c,5.232905417395493,7,2,5.0,2.0,neovim/neovim,0.2857142857142857,True
544ef994df72c3cbe0dca6b856ce2dcbc5169767,4.406040700179989,174,150,123.0,62.0,neovim/neovim,0.8620689655172413,True
07715044887d82f74254e64c4c32fa49b0501bea,5.045576723198216,158,41,162.0,34.0,neovim/neovim,0.25949367088607594,True
0a83017fe95df0290adb98ec6bf457b96a3fab17,5.044707011940072,119,89,162.0,34.0,neovim/neovim,0.7478991596638656,True
4a96e7809f4d9f6ce21869817eb95ff6dcaa1693,4.668819491976576,2,2,3.0,2.0,neovim/neovim,1.0,True
6ed43f8f1caad702f9590d174c5ec142f3d85b18,5.0453765812355815,30,19,19.0,8.0,neovim/neovim,0.6333333333333333,True
2aca7aecbb38c8554d40ddbc415fec37b3a65ec4,0.03674620376707988,473,472,357.0,274.0,bilawalsidhu/gods-eye-view,0.9978858350951374,True
b7c2c47b4154c3904337fd86d71caca5d1c602bb,0.03674553831723579,557,556,357.0,274.0,bilawalsidhu/gods-eye-view,0.9982046678635548,True
1d943f581908f35075a84a3d89c2eba3ff35067f,1.1116978477450756,60,53,94.0,59.0,NixOS/nix,0.8833333333333333,True
e4f62e46088919428a68bd8014201dc8e379fed7,1.1966516465130428,182,128,173.0,53.0,NixOS/nix,0.7032967032967034,True
385e2c3542c707d95e3784f7f6d623f67e77ab61,1.1438129642304864,12,12,13.0,12.0,NixOS/nix,1.0,True
2d34024961c3a3d27d6fd18ce06a551657983234,2.7155639212107383,2,2,1.0,0.0,alshedivat/al-folio,1.0,True
beb6f27d596e753014cb9bff1939e5f78d66431c,2.716611751210485,41,30,22.0,15.0,alshedivat/al-folio,0.7317073170731707,True
18c9878c95c38cdeebb8abd108b615f44dc2953f,4.202132006236216,53,14,36.0,23.0,janestreet/magic-trace,0.2641509433962264,True
1f28c8a51ffc664d18aa9f3106eb084d5daf8fa2,0.46239881993560983,17,16,26.0,4.0,janestreet/magic-trace,0.9411764705882353,True
a79dcc8e199781b5fd2c167685652aeb4af09e61,3.851748009988085,26,21,50.0,17.0,janestreet/magic-trace,0.8076923076923077,True
da1edf3d8fa58bb6153a6c051a07f7042d614b2d,2.589798273632976,37,37,29.0,20.0,janestreet/magic-trace,1.0,True
c3ddbaa6e61c44a3809e625c802cb4c7632934a3,2.8546863513068166,131,66,107.0,78.0,dlt-hub/dlt,0.5038167938931297,True
2fab90bb5e1937f1c2125eab144f7f6c39e70087,0.808282949273709,15,13,22.0,11.0,openssl/openssl,0.8666666666666667,True
0f113f3ee4d629ef9a4a30911b22b224772085e5,11.688289350267448,393,307,418.0,0.0,openssl/openssl,0.7811704834605598,True
23f24bfb510edb25b18b6a0d5485270c88df9b24,5.994708564656374,6,1,5.0,3.0,discourse/discourse,0.16666666666666666,True
ca2dee52db594eeedc1642457abb29b8a18f5996,13.355498485309402,80,21,53.0,8.0,discourse/discourse,0.2625,True
7b2b08cf89bdab332d14b68cd17cdfb4aa8a7113,1.4636669138337517,37,14,37.0,33.0,discourse/discourse,0.3783783783783784,True
cb932d6ee1b3b3571e4d4d9118635e2dbf58f0ef,3.7254487983877103,51,41,86.0,35.0,discourse/discourse,0.803921568627451,True
64171730827c58df26a7ad75f0e58f17c2add118,3.725409156589855,48,41,86.0,35.0,discourse/discourse,0.8541666666666666,True
5012d46cbd3bcf79b7351f7d2d41003496a796c5,9.177706226075493,8,3,6.0,0.0,discourse/discourse,0.375,True
a017f566a84af2e74c132c4acc89028d5f779a29,1.5353364958044973,1,1,2.0,1.0,discourse/discourse,1.0,True
7a2e8d3ead63c7d99e1069fc7823e933f931ba85,6.43850980429437,5,0,6.0,0.0,discourse/discourse,0.0,False
0cf6421716d0908da57ad7743a2decb08588b48a,3.725517086216949,145,74,86.0,35.0,discourse/discourse,0.5103448275862069,True
032205e2029cbf82dc8f05b459fb93adf2503c60,6.553001368925393,9,0,8.0,8.0,discourse/discourse,0.0,False
c15056650647e8650288f973d9038500dc9cf7bb,6.53150584962101,5,0,6.0,0.0,discourse/discourse,0.0,False
52672b9eabccb1184d85dc7f08062d5a7c18cb73,6.0717996298831345,6,3,4.0,0.0,discourse/discourse,0.5,True
b0fda61a8e75c81e3458c8af9d2afe9d32183457,3.72542937358988,16,15,18.0,7.0,discourse/discourse,0.9375,True
ce3fe2f4c4ddf166949ee3cec3d9ecbf9108ab52,6.021659505158821,3,0,3.0,1.0,discourse/discourse,0.0,False
14f29ac2106c19dbee5f39ae2abf09b7d7643e71,0.06269912794382336,10,9,18.0,18.0,discourse/discourse,0.9,True
055310cea496519a996b9c3bf4dc7e716cfe62ba,3.7309964636094,14,13,13.0,2.0,discourse/discourse,0.9285714285714286,True
985900818ff985b04def6aa4c5d99c1aa6dbd45c,6.321957943569854,829,309,,,discourse/discourse,0.37273823884197826,True
5a003715d366e1d871f9fcb0656dc9e23e9c2259,3.725172129693006,10,6,15.0,14.0,discourse/discourse,0.6,True
999ae73c7836ff20a9537e582d52b861355f1ec5,1.4967340989175348,187,15,108.0,0.0,discourse/discourse,0.08021390374331551,True
436b3b392b9c917510d4ff0d73a5167cd3eb936c,3.7255174347859152,198,194,99.0,32.0,discourse/discourse,0.9797979797979798,True
e41897a3066199f3b7f4c019fb638615dfe1f007,1.4340636486931833,21,5,13.0,13.0,discourse/discourse,0.23809523809523808,True
1d0d7ddbb5ce5dae9bdbdab3797628b6565fb4c4,1.5546666096281085,1,0,1.0,1.0,discourse/discourse,0.0,False
03a7d532cf8f09b12573b21ef013c21100d52728,8.294553039521384,3,0,6.0,0.0,discourse/discourse,0.0,False
dafd3c3b47f116c6c1dc56cb18df614c11747733,6.648947480163257,3,0,4.0,0.0,discourse/discourse,0.0,False
ad5082d969ab1f60b5c5b1e89a616117906289f8,8.317549274976551,58,45,91.0,67.0,discourse/discourse,0.7758620689655172,True
88d4e242ead238b353f441533a0c4b8ce3fa1f7b,0.9269307868785966,304,216,235.0,228.0,discourse/discourse,0.7105263157894737,True
7c77cc6a580d7cb49f8c19ceee8cfdd08862259d,3.7255172129693004,64,16,86.0,35.0,discourse/discourse,0.25,True
2d4792eba3233c77a298d86e9638434688e3a1c5,4.433546594164322,119,78,76.0,20.0,pyinfra-dev/pyinfra,0.6554621848739496,True
b1dc723d92d8804b559956c97ca720c3837053c9,0.991202119299313,9,6,5.0,3.0,pyinfra-dev/pyinfra,0.6666666666666666,True
2aa4e94b036675245290596884959e06dcced044,3.7178954039597434,6,1,6.0,0.0,getsentry/sentry-javascript,0.16666666666666666,True
a0c7d4029bc6f1100ea7e901e78fb5374dc308e8,0.5582429272187999,3,3,2.0,2.0,getsentry/sentry-javascript,1.0,True
ebc9b539548953bb9dd81d6a18adcdd91e804563,2.5105272897812254,17,0,12.0,0.0,getsentry/sentry-javascript,0.0,False
413041a34e748582af38c90067cd573f15c85add,0.5686576926001977,30,28,17.0,12.0,getsentry/sentry-javascript,0.9333333333333333,True
aecf26f22dbf65ce2c0caadc4ce71b46266c9f45,2.721790186832966,81,31,44.0,0.0,getsentry/sentry-javascript,0.38271604938271603,True
90edf65b3d93c89ae576b063a839541022f478cf,1.0793487781073339,38,36,22.0,18.0,getsentry/sentry-javascript,0.9473684210526315,True
c88ff463a5566194a454b58bc555f183cf9ee813,2.5106572743174387,56,0,49.0,42.0,getsentry/sentry-javascript,0.0,False
ef6b3c7877d5fc8031c08bb28b0ffafaeb01f501,3.5476896848936548,8,0,6.0,0.0,getsentry/sentry-javascript,0.0,False
b1d25bb2462feb02defcdb28221759e26c115d99,0.6156292937358988,3,3,3.0,0.0,getsentry/sentry-javascript,1.0,True
971b51d4b8e92aa1b93c51074e28c7cbed63b486,2.510475067812508,31,11,49.0,42.0,getsentry/sentry-javascript,0.3548387096774194,True
35205b4cc5783237e69452c39ea001e461d9c84d,2.7412234770704997,6,3,3.0,0.0,getsentry/sentry-javascript,0.5,True
951092eef374db048b77bac85e75e3547bfac702,4.2306710903237255,8,4,5.0,0.0,RSS-Bridge/rss-bridge,0.5,True
4f75591060d95208a301bc6bf460d875631b29cc,4.249589575886633,281,267,364.0,363.0,RSS-Bridge/rss-bridge,0.9501779359430605,True
4a691800566a97526f1ad8b05d2d49702cbeb024,8.37099833320658,14,8,9.0,0.0,valhalla/valhalla,0.5714285714285714,True
1230f09d784cb5fa734d21afa0576eef54705ee3,8.370998713463635,295,142,149.0,14.0,valhalla/valhalla,0.48135593220338985,True
2f40cee436b38af682754f701158b9201de03218,4.114206403528786,31,5,58.0,53.0,valhalla/valhalla,0.16129032258064516,True
1ccf3fe1c122cd89cde577ffc53b31b9b4e5ee20,6.69437232235658,100,74,197.0,197.0,tensorflow/tensorboard,0.74,True
dfc32ae277c76b64893f96ae35b94b49df68408f,6.69437232235658,528,503,723.0,685.0,tensorflow/tensorboard,0.9526515151515151,True
6f10a3d2c4a9e286db6b30886171ce0b938c0aeb,6.69437232235658,166,152,197.0,197.0,tensorflow/tensorboard,0.9156626506024096,True
e42a7f18b33c7a85b51db28d465ec01915a8e725,5.9718337896417975,6,6,3.0,1.0,tensorflow/tensorboard,1.0,True
9f528cc2153314164692b1f2d0167b3ee2e896d5,5.7296619514791995,24,24,22.0,18.0,tensorflow/tensorboard,1.0,True
103aa46362269198a0f997fc1fdcd89d87f0e70a,7.053076406317337,513,15,269.0,0.0,tensorflow/tensorboard,0.029239766081871343,True
ee55f91226a736579b5e2b396190ccc50959f40c,6.69437232235658,331,311,197.0,197.0,tensorflow/tensorboard,0.9395770392749244,True
159a9911f3ca2bc9cbf0b1dca1ef54f166cf0fb2,6.69437232235658,344,326,197.0,197.0,tensorflow/tensorboard,0.9476744186046512,True
9146ae0e87a3403d48ff299041c974bf9d123c39,6.69437232235658,177,153,197.0,197.0,tensorflow/tensorboard,0.864406779661017,True
c71e21b695ec58f5585f009dc098d513c97fc6a6,6.69437232235658,517,255,723.0,685.0,tensorflow/tensorboard,0.4932301740812379,True
7664c071a00d3b3021d56e04838ceed547fac79c,6.69437232235658,178,175,197.0,197.0,tensorflow/tensorboard,0.9831460674157303,True
40266070914ad915fb4f3e57a890ad9ae7db6b3c,7.053076406317337,749,19,584.0,0.0,tensorflow/tensorboard,0.025367156208277702,True
5a3ab3c9282b72cd66b63dd40ebf9e5e50118b6d,6.69437232235658,399,202,723.0,685.0,tensorflow/tensorboard,0.506265664160401,True
ae32a4adcab8c3349c3bff21240078334fef1371,6.69437232235658,1,0,1.0,0.0,tensorflow/tensorboard,0.0,False
73d977ea7eda89102eca03a943580a7fddc6f829,6.69437232235658,664,252,723.0,685.0,tensorflow/tensorboard,0.3795180722891566,True
5e8da1bad672050082754624dd9cec50b6bc3238,6.69437232235658,623,317,723.0,685.0,tensorflow/tensorboard,0.5088282504012841,True
3de1082df62ad697eae99cbd2cd63aa240f21e15,6.69437232235658,11,11,8.0,0.0,tensorflow/tensorboard,1.0,True
9086d6c9ef8db370ad5d2b3619ba2f077e11cccd,7.053076406317337,127,1,119.0,0.0,tensorflow/tensorboard,0.007874015748031496,True
ea4e9bbc885784a283b8b79974132df7c6cdcc50,6.678038348923873,3,3,5.0,0.0,tensorflow/tensorboard,1.0,True
749332040e8f92cb0858a99d72f6e98a0a5f2854,7.053076406317337,606,21,310.0,90.0,tensorflow/tensorboard,0.034653465346534656,True
3aa9cdf4c979fa4ce1c212debd1504442c93dd82,6.69437232235658,887,687,723.0,685.0,tensorflow/tensorboard,0.7745208568207441,True
2858accc0ec80e8d6a9e02f4dfa12cf47de648dc,4.9181693157908075,147,147,237.0,226.0,tensorflow/tensorboard,1.0,True
a20f53e11f5d48f5eee66d178427eacd7469bb11,6.69437232235658,93,62,66.0,66.0,tensorflow/tensorboard,0.6666666666666666,True
6248d54089524ccff5fe4aedeb2c5089b62c9a12,6.69437232235658,763,750,723.0,685.0,tensorflow/tensorboard,0.9829619921363041,True
c2fbc3e1f75b39d147a551dd8b937afdb9bf42ea,6.69437232235658,289,254,197.0,197.0,tensorflow/tensorboard,0.8788927335640139,True
47f246bfd7786a31c2cf2bb06e1b3cf35993f706,6.69437232235658,341,194,197.0,197.0,tensorflow/tensorboard,0.5689149560117303,True
ba4e12754d4be543d5b6aa16568081a7155f1e5f,6.69437232235658,306,298,197.0,197.0,tensorflow/tensorboard,0.9738562091503268,True
21d2bf9df4227c2f1a738002130a47265e70ada8,2.470367993763784,353,334,550.0,282.0,rime/weasel,0.9461756373937678,True
3d26a4880e92df2c6004d85c1be458e35c6bfc3a,18.60874546860344,84,6,63.0,12.0,brndnmtthws/conky,0.07142857142857142,True
cbebe447078e28c50957d568303f42d6b8aae126,2.863506667173676,49,37,64.0,38.0,brndnmtthws/conky,0.7551020408163265,True
033508a93e6b0440ddbd2376c1e97b69e3308687,3.9661398838948463,14244,2,14468.0,6.0,brndnmtthws/conky,0.00014040999719180006,True
281097a2a562ef58e5604a3519f739c715ba5410,4.054542804269019,251,114,127.0,89.0,brndnmtthws/conky,0.4541832669322709,True
47ad3f9982baea4069a5c37ffdb2e1523e504f18,3.999363291251553,31,21,34.0,8.0,brndnmtthws/conky,0.6774193548387096,True
28f2dcdf10c087efc17a97d0e89ab0514227418e,0.42508166020229676,31,22,32.0,28.0,brndnmtthws/conky,0.7096774193548387,True
eebc8c653b34eb946d23ceb913ed5d69cc22f10e,8.386119698582908,282,257,246.0,9.0,brndnmtthws/conky,0.9113475177304965,True
27b4c8550cfae4fd0f2169962e33f4907a8e7d71,19.139958900550106,40,31,48.0,16.0,brndnmtthws/conky,0.775,True
ae8f1fa8472d6c3a31b4a09be4d19568a3f3f23e,1.7331741957563314,3,3,4.0,2.0,brndnmtthws/conky,1.0,True
3a3092902ee8a5fda71996d264f981b98375c6a3,7.778394523030903,3,0,6.0,6.0,brndnmtthws/conky,0.0,False
4b92556fca9cbede3cbac4112f0a24b554390099,8.38527644687809,100,53,118.0,115.0,brndnmtthws/conky,0.53,True
b62e1158300f0644b304f2f8b7e8105ba09073b3,5.682955738078942,4,3,2.0,2.0,brndnmtthws/conky,0.75,True
d584daa8fdc71030f92ee665472d6c7cddd49283,3.797383768093898,132,132,100.0,92.0,fonttools/fonttools,1.0,True
c579637eafb9e9eb7f83711569254bd8da6d09d2,12.90522527061627,11,6,13.0,7.0,dolphin-emu/dolphin,0.5454545454545454,True
664c8d30a055f4762a2a60be77c1c8eaec1a5d85,12.50730213957969,5,0,5.0,3.0,dolphin-emu/dolphin,0.0,False
248ee12aed057acd0bdd310359c328e8d4fd5e5a,8.094509975410045,26,22,20.0,11.0,dolphin-emu/dolphin,0.8461538461538461,True
ee61bd6f2e4db8df8e92be6f92c02b808aa92234,9.58216020863437,101,47,93.0,1.0,dolphin-emu/dolphin,0.46534653465346537,True
e6fe5ec42f025a710918c1aaf8643da36a13bb3e,17.81114517580551,59,41,,,dolphin-emu/dolphin,0.6949152542372882,True
40182a48a56b8e294e126c64f5f37910a40c67cd,12.637444292341623,20,0,25.0,0.0,dolphin-emu/dolphin,0.0,False
34692ab826abc8f8faa61bdb2280b742424528f1,12.747210909574873,68,0,42.0,0.0,dolphin-emu/dolphin,0.0,False
84ae817c180556badd1a810fceff4c4168672541,11.789459718102771,8,4,15.0,0.0,dolphin-emu/dolphin,0.5,True
a41c1b2d0a9fab51f8a75ccdb7dba0890f766820,17.23647412984511,646,155,,,dolphin-emu/dolphin,0.23993808049535603,True
40bb9974f21878e64fb03d70e717cb996bf13a29,8.46790196339392,7,5,8.0,7.0,dolphin-emu/dolphin,0.7142857142857143,True
ebb48d019eec1c29a37a406e2db16d7565367faa,12.637056398458691,134,0,69.0,12.0,dolphin-emu/dolphin,0.0,False
3570c7f03a2aa90aa634f96c0af1969af610f14d,10.2678960377215,256,93,188.0,40.0,dolphin-emu/dolphin,0.36328125,True
3fd87a7636ff434118a5d7f7334550be8db55c0b,12.617131879483864,10,0,20.0,0.0,dolphin-emu/dolphin,0.0,False
16a74a9557779cd15890b0a3bb2924cb4b00ad6f,11.982777048951759,9,1,13.0,0.0,dolphin-emu/dolphin,0.1111111111111111,True
31f037b187525d72c10b83695f780ede1ad9db68,9.641551607219814,58,0,37.0,0.0,dolphin-emu/dolphin,0.0,False
217997bd7c5fec9edc6dabcb668ab664f9c31857,3.1787150797272288,54,18,35.0,3.0,oxc-project/oxc,0.3333333333333333,True
ad2835f11b28e28ecec635842c62b407d9149331,3.3651261502775878,7,0,13.0,13.0,oxc-project/oxc,0.0,False
a8e5181ab73e3cee5904af3acc6c5927def9d500,0.9259970656830684,40,26,23.0,14.0,oxc-project/oxc,0.65,True
523a30a0164932029e977090d441041fff13c735,0.8486915037898953,130,69,142.0,0.0,oxc-project/oxc,0.5307692307692308,True
7ff608d1a0f7160e7776c34d7a146c8cc90d76ac,0.5979447740005577,9,8,11.0,11.0,TypeStrong/ts-node,0.8888888888888888,True
9d05cb684fc3a6e492832100a125ea07d1cc98c5,2.785605242477248,6,5,11.0,6.0,TypeStrong/ts-node,0.8333333333333334,True
8d4acbe3a622d642c65547243e7809d9d1315955,5.763245620706264,24,1,21.0,12.0,RfidResearchGroup/proxmark3,0.041666666666666664,True
5561466fe8b3a649d8a5567b1f2ddf51a3aab7a2,4.728441136208077,9,9,16.0,16.0,RfidResearchGroup/proxmark3,1.0,True
9b44590f8dd2e52d735031f3784f75a59c01fd5e,7.144009810631987,1,0,2.0,0.0,RfidResearchGroup/proxmark3,0.0,False
0dc6f38741b6220ce5a119df5548539b8dcdd4ff,6.740549629883135,1,1,2.0,2.0,RfidResearchGroup/proxmark3,1.0,True
12a28fcd16e5934b8d7bed94ecebf3bbc2ad0121,5.665390650746572,6,0,6.0,3.0,RfidResearchGroup/proxmark3,0.0,False
11afbdfba31ee7f716965a85de5eee16e6b3f289,5.115105267827718,2,0,2.0,0.0,RfidResearchGroup/proxmark3,0.0,False
f69739da7918752a8db82fd013c7d52cf43d6b4b,6.275483021522549,9,3,9.0,0.0,RfidResearchGroup/proxmark3,0.3333333333333333,True
d3c6c430a803156a494d590140727d8aa16e3d3d,5.067367955738079,3,2,6.0,6.0,RfidResearchGroup/proxmark3,0.6666666666666666,True
ddaa88406414ebdee6dc74d6f99e7177d780bdea,6.745959737115624,1,1,1.0,0.0,RfidResearchGroup/proxmark3,1.0,True
09bb3f62a1d1d423bdf98c5fa56eb3f22c9c3047,5.149718514715948,34,9,18.0,11.0,RfidResearchGroup/proxmark3,0.2647058823529412,True
6543a498b032c0db9428503bedf2bc2bb2ca6a34,5.109862632139326,3,3,4.0,4.0,RfidResearchGroup/proxmark3,1.0,True
608d38c4b58daa1e4b6d51bc6c02ca182a323ca8,6.740387925571019,2,2,2.0,2.0,RfidResearchGroup/proxmark3,1.0,True
951d6cd218f26cf0c65ee9dfa2b19befd3724842,3.7036362397647475,1,1,2.0,0.0,RfidResearchGroup/proxmark3,1.0,True
90fb78ff1b5bbbd0559ff45fcb642a8b0be52790,5.664478921083986,3,3,6.0,3.0,RfidResearchGroup/proxmark3,1.0,True
8772edb6b85a886064e08ea555a08b8a9d7923fe,5.067367955738079,10,0,20.0,10.0,RfidResearchGroup/proxmark3,0.0,False
1c9405605766fa8b07a499afd052a4ae41a9c7cd,6.745970796258271,1,0,1.0,0.0,RfidResearchGroup/proxmark3,0.0,False
c4bb26b1ef9a4c2961d42b6de927dd8410ef4f32,2.6013250690800316,20,13,31.0,0.0,RfidResearchGroup/proxmark3,0.65,True
29f1147aadc64bf9bbcaf9bafcb856da4ece1e68,5.940732089892768,15,2,12.0,8.0,RfidResearchGroup/proxmark3,0.13333333333333333,True
4c00cc5bcfd02818c7ca383e546ae3e65be09689,5.037468565416889,1,1,2.0,2.0,RfidResearchGroup/proxmark3,1.0,True
127aebd8b0e540d0b136b6e858c9abdca52356a1,3.7036362397647475,1,1,2.0,0.0,RfidResearchGroup/proxmark3,1.0,True
eafeb4712655182434a6b0e831f0a8c0b2489ed5,6.396511109843588,4,1,3.0,0.0,RfidResearchGroup/proxmark3,0.25,True
3f6c914b9917aab460c3417932ee98a00ecc1d01,5.394636474256598,6,3,11.0,10.0,RfidResearchGroup/proxmark3,0.5,True
517f0886ba66963225b9070fff2dd9a545a25738,7.154132823788881,13,8,10.0,5.0,RfidResearchGroup/proxmark3,0.6153846153846154,True
55fa5e7c35986adf3f1cd9c5f0ffbac7bd44ddbf,5.962901646513043,66,23,71.0,64.0,RfidResearchGroup/proxmark3,0.3484848484848485,True
b55c186b3a52cbfe542a787243d3e8d3a1bbf49f,6.302095248054352,15,2,11.0,5.0,RfidResearchGroup/proxmark3,0.13333333333333333,True
dbec6edfa7e411e09b26946ac52e6b7e37225e85,4.949773651988744,11,10,15.0,1.0,RfidResearchGroup/proxmark3,0.9090909090909091,True
9f4620c92c57af2222a916db376b4a17745d1819,7.1729009176870235,21,0,14.0,12.0,RfidResearchGroup/proxmark3,0.0,False
72ff81c80f7a2a803554640f49487e80e63e38c8,5.5825776041270565,22,22,12.0,5.0,RfidResearchGroup/proxmark3,1.0,True
99dcb8122ac77c6c3566b425e46499ecca5cc4e7,5.59313087814029,2,2,3.0,2.0,RfidResearchGroup/proxmark3,1.0,True
4620c0b21ef3d17684de5d14ba9569355d43bf82,5.593138926914595,10,8,6.0,0.0,RfidResearchGroup/proxmark3,0.8,True
b86d9f2b969fe44121f7f58929120b1dfa2a84b2,6.417390834537481,2,2,2.0,2.0,RfidResearchGroup/proxmark3,1.0,True
41f36ca20b339246848e512a039c2cf18943bed8,7.4800722805283035,5,5,3.0,0.0,RfidResearchGroup/proxmark3,1.0,True
b03c65c34c6e8bab7f97d507d6ccd7c441a14360,1.3287281035313205,16,16,22.0,22.0,discordjs/discord.js,1.0,True
c9af48338d37f4536c1bdcc6d3a6395bf6aacedc,3.249773366795954,121,121,67.0,53.0,django-oscar/django-oscar,1.0,True
44a44e938fb2bd0bb085d8aa4577abeb01653ad3,1.0359369533804852,10,10,8.0,0.0,Rapptz/discord.py,1.0,True
55d4fda01b2f39f5b7d7b4fda5214bd7ff0fd5dd,2.63422227926078,16,4,9.0,0.0,Stirling-Tools/Stirling-PDF,0.25,True
33521558ed7007c24b24127f1448c2c23ecbfb35,6.113506540421325,18,1,16.0,12.0,pwr-Solaar/Solaar,0.05555555555555555,True
72a8d311bce64b1536c08e754d22bb91efb66460,6.113506540421325,429,47,250.0,2.0,pwr-Solaar/Solaar,0.10955710955710955,True
27c90fa736d8a7a1ef6acda4345d3599862e185c,6.113506540421325,33,6,21.0,12.0,pwr-Solaar/Solaar,0.18181818181818182,True
e6369e0c3c240715a0a2daede6c3b225ed63cf60,6.113506540421325,25,5,16.0,12.0,pwr-Solaar/Solaar,0.2,True
627185079f65c9cc471194b7927c833682e4a7a3,6.113506540421325,13,5,16.0,12.0,pwr-Solaar/Solaar,0.38461538461538464,True
6c9983155c65848a3e67976445cd20fb4fbfe108,5.65152194716962,18,15,17.0,13.0,ZoneMinder/zoneminder,0.8333333333333334,True
f506ccab459a9e8474f1771e795f289ad3d90232,0.11238788754531397,9,9,17.0,17.0,ansible/awx,1.0,True
358ec48f779fa34e14abef057cc1fa0c1a10aa45,2.8876735239688696,49,42,87.0,20.0,11ty/buildawesome,0.8571428571428571,True
989ba2e74e49332d2281187d09a2dc7aad75922a,10.67491387177732,9,5,6.0,6.0,solidusio/solidus,0.5555555555555556,True
93e2ca325a7ba06a6daa18fdde8d266908a83500,0.5163274773747053,19,19,11.0,11.0,solidusio/solidus,1.0,True
273e5bd54e2b1783206043e316c2de4c9e95eb45,1.9149661571222145,7,5,8.0,8.0,solidusio/solidus,0.7142857142857143,True
cc0d6e03e6c2ebd9336bccbbc608bc68cd28450c,0.5163274139985297,3,3,2.0,2.0,solidusio/solidus,1.0,True
b3007bb0973dcb987b0328b4e59306cd2549148d,8.561429417953203,4,0,4.0,3.0,solidusio/solidus,0.0,False
cb99ae2b7c9988656b097ad2789dffd2c0c37939,5.013568458944913,4,1,3.0,3.0,zeek/zeek,0.25,True
f5a76c1aedc7f8886bc6abef0dfaa8065684b1f6,2.920276193373387,53,52,41.0,37.0,zeek/zeek,0.9811320754716981,True
e6256446ddef5c5d5240eefff974556f2e12ac46,2.9202756229878064,88,88,121.0,119.0,zeek/zeek,1.0,True
26d04fd9fca0868d9c81e02fbffb6f81a00b56e5,2.920275654675894,9,6,8.0,8.0,zeek/zeek,0.6666666666666666,True
4423574d265749da8e707ab0fbcffcbfaed26614,5.008212760159201,36,0,35.0,29.0,zeek/zeek,0.0,False
e97c14add5b04aedc7f3f9dba59f665cbad793af,5.008212760159201,8,8,4.0,4.0,zeek/zeek,1.0,True
9af6b2f48d11b4e287d0f18034a486f76f9f2d61,5.008212760159201,12,0,18.0,17.0,zeek/zeek,0.0,False
9cb54f5d449b63006cc9a1f451a47732c92fef2d,5.013568458944913,6,4,3.0,3.0,zeek/zeek,0.6666666666666666,True
d70bcd07b9b26036b16092fe950eca40e2f5a032,1.173602270134611,1066,1027,,,zeek/zeek,0.9634146341463414,True
a6378531dbc5c357926d98fe785bb719cc70e1b4,4.9453422947245675,7,7,11.0,6.0,zeek/zeek,1.0,True
b2f171ec69eae3a833a9db1b16e5234bd3eaf0b6,5.037785636423556,50,2,29.0,27.0,zeek/zeek,0.04,True
07e276ab2e351ce71b709139f1933b9ead40d094,5.013568458944913,5,0,3.0,3.0,zeek/zeek,0.0,False
02206f3215f977ba7752476ba89ca06abe93375c,5.008212760159201,6,0,3.0,3.0,zeek/zeek,0.0,False
0b2a5613b345f17339cb90e60b407199b3d26980,6.459074200826425,141,95,88.0,2.0,saltstack/salt,0.6737588652482269,True
5e72e192f9713719ef5ec066c7b6c96302327ec6,6.2764912097244405,199,193,119.0,61.0,saltstack/salt,0.9698492462311558,True
905aa935f5ce344a48ef4d5edab3c31efa8d793e,2.4538601477932414,15,13,12.0,5.0,FEX-Emu/FEX,0.8666666666666667,True
8760c593ece92d7e9fa94c40da0368fd367c9cad,1.6830628438157529,497,380,369.0,366.0,FEX-Emu/FEX,0.7645875251509054,True
9fdd96af61c969cb5732471223f00eda64b7a069,1.0464898471366644,6,5,4.0,2.0,FEX-Emu/FEX,0.8333333333333334,True
5267cde60e7642852d18f20ae8568643bb5293d5,1.2000956029609349,9,4,8.0,8.0,FEX-Emu/FEX,0.4444444444444444,True
2b4ec88daebd35fefb5bf5c73d7fc2b4155771ed,2.4613017149593124,67,16,74.0,14.0,FEX-Emu/FEX,0.23880597014925373,True
ba2b0ef809f66f1a6d334f000798fa2ceafab26f,0.6789344880472533,211,203,145.0,115.0,FEX-Emu/FEX,0.9620853080568721,True
3e14f865d30271c74fc68d417af488ea91b66d48,2.8621866998757826,2,1,2.0,2.0,BLAKE3-team/BLAKE3,0.5,True
2bead86f3b8991d3b9654165e875e8482cc0428f,0.8488991241412528,153,141,97.0,64.0,GetStream/Vision-Agents,0.9215686274509803,True
854fc85a2792a4143f59cc3272408f1f57367917,2.3906613303926787,60,49,37.0,11.0,pbek/QOwnNotes,0.8166666666666667,True
d5532246320051d1d33b484b193c007b51013065,3.5378746165741375,9,9,10.0,8.0,pbek/QOwnNotes,1.0,True
18a3d6f5060b89a7217dd23e0bc2d956084bd34b,6.628352092681319,6,6,7.0,0.0,pbek/QOwnNotes,1.0,True
462319586d5cf42c997adc149da88ab57fef1d8a,1.5326181331913706,123,67,74.0,70.0,pbek/QOwnNotes,0.5447154471544715,True
be7b1bf83d918ebd31409e22fc954cfd245a5c0c,1.5300786815220422,19,15,21.0,17.0,pbek/QOwnNotes,0.7894736842105263,True
097caef2ec7772b0f07b81234ede28f6d5313d5f,1.4808526947549876,54,54,30.0,24.0,pbek/QOwnNotes,1.0,True
b5654bd2514a1a3e31465fda4bec5baac80c079f,1.634163022536568,4,4,4.0,0.0,pbek/QOwnNotes,1.0,True
268e37b387000e8455b4e2a8604879c2160f2bfd,1.891825233858088,1,1,2.0,0.0,pbek/QOwnNotes,1.0,True
3632fe9dd8983bdfe8250528dc605b60c1eb6f28,2.4695103556670976,8,6,13.0,0.0,pbek/QOwnNotes,0.75,True
5d9e27ae62b4340dddde9991a3eb6a2bf9633821,1.963378203665678,8,8,7.0,0.0,pbek/QOwnNotes,1.0,True
3c6f80210de98d8c726e23e61dd89fe6f212903d,1.757876232666616,1,1,2.0,0.0,pbek/QOwnNotes,1.0,True
6616e27a87808013ef2a9a90f70521f6a1792b3d,1.5521083669227065,13,13,13.0,13.0,pbek/QOwnNotes,1.0,True
1cea8a186d7820817248d799696c4af82cb6f746,3.6774712905924405,119,88,151.0,85.0,pbek/QOwnNotes,0.7394957983193278,True
0d11bd1fbd899285cd17d4cae7ef861a3f11ebf6,1.669813769107917,13,0,12.0,12.0,pbek/QOwnNotes,0.0,False
a1c7a319d38e6fbf46c1fb05c964cbe71bec29ec,1.656090513854032,2,2,3.0,3.0,pbek/QOwnNotes,1.0,True
232056ddbd0d78196ea1d3091a07b94ab672a479,6.636490195705631,79,36,46.0,21.0,pbek/QOwnNotes,0.45569620253164556,True
7aa2fb5297bb1ede5e4985f893cfb2ca8f783448,1.532659834714934,46,26,46.0,36.0,pbek/QOwnNotes,0.5652173913043478,True
9c81abeff9178ac0c6d975f06838e4f8b00564b6,2.0312967082414377,2,2,2.0,2.0,pbek/QOwnNotes,1.0,True
bc630007d8ae09fb4040a6a2ba4631749e723903,1.798597675361878,17,16,19.0,17.0,pbek/QOwnNotes,0.9411764705882353,True
6e2afc87cf5ad8515f313ff82fc9815160009f3f,2.07509103987629,2,2,1.0,1.0,pbek/QOwnNotes,1.0,True
3289322eeace6738317a1b0648f7426372d5b5a2,1.6314861079423024,12,7,24.0,0.0,pbek/QOwnNotes,0.5833333333333334,True
0360890a79032079de840a4a0780df61255d455e,2.294054459147717,6,4,4.0,3.0,pbek/QOwnNotes,0.6666666666666666,True
af30dbb0b087f62147a0b669e03f6bf6661ef053,3.537912547215251,5,5,10.0,8.0,pbek/QOwnNotes,1.0,True
5ecd9e0a714c39750adce2f843959cb53e3206fb,2.37334207924557,1,0,1.0,0.0,pbek/QOwnNotes,0.0,False
b9bebd7286d48d3f9349c500adb9a3263ffc2040,1.6451481734986184,5,5,10.0,8.0,pbek/QOwnNotes,1.0,True
b656e95042d8d9db9907beacb52422d50f07cc6e,1.5327172218419651,56,56,46.0,36.0,pbek/QOwnNotes,1.0,True
5a9ecf751b1b2c86c8757c7d3a4c320abff2e2b2,1.5795247103708774,2,2,2.0,0.0,pbek/QOwnNotes,1.0,True
0cd434e0d5c8fb9cf571ccee4086f1177a32a68e,1.9059256724212235,7,7,4.0,4.0,pbek/QOwnNotes,1.0,True
e12f3048b2363edbf4bdd3e615269dc8c2548dc0,2.467890555682308,5,5,3.0,0.0,pbek/QOwnNotes,1.0,True
1f0dc719acd7a643230449a69c0b80d538b2bead,1.5904647058077928,3,0,2.0,2.0,pbek/QOwnNotes,0.0,False
368baf866c1dec154c220c0b491d3348640a1051,1.5317052310695363,21,21,21.0,17.0,pbek/QOwnNotes,1.0,True
e32730600746b479db0241826b9bdef8eec9bb28,3.7863562818465284,600,467,482.0,0.0,App-vNext/Polly,0.7783333333333333,True
63b151ebc191ef35df9e3f29584ca94ec5d7c792,3.7862688861003373,153,0,215.0,4.0,App-vNext/Polly,0.0,False
c1a33a481b9c2df605bcb9bef9c19fe65c3dac21,4.463173657058839,3,2,2.0,0.0,matplotlib/matplotlib,0.6666666666666666,True
4d306402bb66d6d4c694d8e3e14b91054417070e,3.690746349532284,16,13,28.0,26.0,matplotlib/matplotlib,0.8125,True
213061c0804530d04bbbd5c259f10dc8504e5b2b,4.463172928232819,6,4,10.0,4.0,matplotlib/matplotlib,0.6666666666666666,True
686c9e5a413e31c46bb049407d5eca285bcab76d,4.35190565822496,3,2,4.0,0.0,matplotlib/matplotlib,0.6666666666666666,True
046533797725293dfc2a6edb9f536b25f08aa636,4.463172547975765,13,12,10.0,4.0,matplotlib/matplotlib,0.9230769230769231,True
e59cf9369004a521814222afbc05ae6b59446cd5,4.7748478021142295,24,18,23.0,23.0,WebAssembly/wabt,0.75,True
96a998b82d495ece9aa1f257f904005ee4e6ed95,5.015045092148959,6,0,6.0,0.0,EsotericSoftware/spine-runtimes,0.0,False
9a347d5eb8ad095c5e739d959de485b6add7f0b3,12.990642412604254,3,0,2.0,0.0,EsotericSoftware/spine-runtimes,0.0,False
27270a5781c93ea7d14f169d73dfa89f38076110,11.43630320429944,39,0,39.0,0.0,EsotericSoftware/spine-runtimes,0.0,False
4047f1ba077f9c74d291e19dca830afd02e51287,3.168914302735316,42,24,27.0,21.0,EsotericSoftware/spine-runtimes,0.5714285714285714,True
02e334942b925ba50a121a9cbcd99acda42f49c0,5.032278722082794,95,66,103.0,44.0,EsotericSoftware/spine-runtimes,0.6947368421052632,True
f935a4ede0672a17e132b0f3478e52b0030c0af1,13.471764075848608,74,0,94.0,0.0,EsotericSoftware/spine-runtimes,0.0,False
e2fccf72d6541c598172a538d4d497e6d13340cc,13.027197980835044,51,0,72.0,0.0,EsotericSoftware/spine-runtimes,0.0,False
39df4c7cbb2fb3d19a4df9228e362a542717caba,5.09317654067483,22,5,32.0,30.0,EsotericSoftware/spine-runtimes,0.22727272727272727,True
61f63549d41f6190655b480bb46bd491f5f14e12,5.123045447055543,26,24,16.0,0.0,EsotericSoftware/spine-runtimes,0.9230769230769231,True
1800b235458b331b87bed27ce5aee55575163fc7,5.117377398788247,2,0,3.0,3.0,EsotericSoftware/spine-runtimes,0.0,False
d12b15ca8d53e3c56b31526f67a93196b036f274,5.117635466575405,23,20,22.0,6.0,EsotericSoftware/spine-runtimes,0.8695652173913043,True
5aa27771c30a6efb853f1774902a93e2746a2ab6,9.964064472583466,947,0,1867.0,0.0,EsotericSoftware/spine-runtimes,0.0,False
babe296157dc51051f69f1e61a5be31869157b0c,5.063240202043248,99,56,111.0,73.0,EsotericSoftware/spine-runtimes,0.5656565656565656,True
d4f2011aba618b22ebc6e7c5ea230197114f4e72,13.457963913605598,52,0,38.0,0.0,EsotericSoftware/spine-runtimes,0.0,False
7611f551ebd22aac5ce044ef213cf9756cbbcec7,6.188420697391437,36,24,42.0,33.0,EsotericSoftware/spine-runtimes,0.6666666666666666,True
c0fdc454a2fb8df095aa47c252c20961a8059257,9.95761306309732,18,0,13.0,0.0,EsotericSoftware/spine-runtimes,0.0,False
842dffbd8379b17e4d8a14d9fcac2bd6130b914c,7.094711004639136,14,4,10.0,0.0,EsotericSoftware/spine-runtimes,0.2857142857142857,True
f84ae17615c506bf98c575bb800d2cf3b793df4d,9.964604786168783,731,0,1367.0,0.0,EsotericSoftware/spine-runtimes,0.0,False
0bf2fb605976613c8646c3368a879450ad01eec5,5.117366878343093,2,2,3.0,3.0,EsotericSoftware/spine-runtimes,1.0,True
ef5013143178918ddfc7cabfbddeae7aec7cf84e,9.964047361016046,43,3,36.0,0.0,EsotericSoftware/spine-runtimes,0.06976744186046512,True
45362e60bf4dce3d68193d3e70a9d5e1855426e9,7.091783754151139,8,0,4.0,4.0,EsotericSoftware/spine-runtimes,0.0,False
47ce2a40c18b8ea471e6004f7e2c6cbf5b36af76,12.997635149694528,12,0,6.0,0.0,EsotericSoftware/spine-runtimes,0.0,False
d520addb9bfdf552881cb6871d70159a80e1ff6b,12.717552602225771,54,0,32.0,0.0,EsotericSoftware/spine-runtimes,0.0,False
6e9bcfd1d520d2296a0a61416c0b5338856ce8d0,13.531394877937485,75,0,52.0,0.0,EsotericSoftware/spine-runtimes,0.0,False
01cb8449935e245f3d67331a22408b83e3a23e76,11.170591743351839,84,9,75.0,0.0,EsotericSoftware/spine-runtimes,0.10714285714285714,True
e9cce58a1f660c08b480df15ea8d8b7f203f9d87,1.80688521940832,13,2,12.0,0.0,EsotericSoftware/spine-runtimes,0.15384615384615385,True
cd5f56173980b382f480c563c6b1baca1855e247,5.045655151215555,1,1,1.0,0.0,EsotericSoftware/spine-runtimes,1.0,True
f08d58dc985f6a3a0eced59569aa49c519a9b150,1.487164835095191,20,20,26.0,4.0,EsotericSoftware/spine-runtimes,1.0,True
41b1591f6d121cee2462e7ac204fc4ac60075d61,0.27384503257535425,62,62,90.0,90.0,andrewyng/aisuite,1.0,True
ddb0522bbf2aa8aa7c9e139ff7395fb8ed6a841f,4.022696592896798,348,314,224.0,48.0,OpenMW/openmw,0.9022988505747126,True
88ec8a95231341e7962b85716510d414e9f0c424,4.014733471493396,8,0,8.0,5.0,OpenMW/openmw,0.0,False
84f8a6848a8b05502d7618ca7af8cca74f2c3bae,4.041257003067407,1194,805,1416.0,1396.0,OpenMW/openmw,0.6742043551088778,True
8df0587793a07ec556dc9cb575cd2af4204c456b,4.073458818161077,119,0,101.0,54.0,OpenMW/openmw,0.0,False
9612d812c3329fe6a519aa669fdb84f43d5e97c6,2.0990970796258273,40,37,45.0,37.0,typescript-eslint/typescript-eslint,0.925,True
3f02687d964c1e7888e5db62256d56cd72c4f281,1.9734714617081146,55,54,65.0,56.0,typescript-eslint/typescript-eslint,0.9818181818181818,True
8d35958494eb0c97cc36c3fc0844aea377542315,1.9408375161609248,7,7,13.0,6.0,typescript-eslint/typescript-eslint,1.0,True
ee38b525449513ce56632aee4a7a8d40871672ee,2.1022195921109335,10,5,17.0,17.0,typescript-eslint/typescript-eslint,0.5,True
8c291dfb45f15a768560258a31db565f736c44fc,2.0992401196542194,7,2,4.0,3.0,typescript-eslint/typescript-eslint,0.2857142857142857,True
88b44ced40e9acae894215f55f1af051a0d269ac,2.099337687276599,5,4,4.0,3.0,typescript-eslint/typescript-eslint,0.8,True
865209dd29c00e9a57367496f550dd9e95367d78,1.9699062983243338,366,3,384.0,382.0,typescript-eslint/typescript-eslint,0.00819672131147541,True
08bdec47282f74a0ea2ac0e3dcc2dad39fd0913d,2.106816741450554,6,5,6.0,5.0,typescript-eslint/typescript-eslint,0.8333333333333334,True
3b97b550b5f2c02948717265b167fda40fab6b62,1.9025590349075976,9,9,16.0,12.0,typescript-eslint/typescript-eslint,1.0,True
cc50e621cbc39ca899bf7b6843cae7bcd4472fe1,2.0834608778867847,1,0,1.0,1.0,typescript-eslint/typescript-eslint,0.0,False
6250dabd3048eab32d7624ab8d697a6e09bb6c9c,2.1101906038482015,17,9,9.0,0.0,typescript-eslint/typescript-eslint,0.5294117647058824,True
e87ab8cbf16f0d8cef6fdf6f801f892879029cae,2.0966776624331382,48,47,45.0,37.0,typescript-eslint/typescript-eslint,0.9791666666666666,True
9d97f34a3a84cf36970f7df2384f7c055267e020,2.098883913859102,189,188,96.0,81.0,typescript-eslint/typescript-eslint,0.9947089947089947,True
d4f69435cc6be99f8656e4c340dcfdab1521795a,2.098735676984308,20,6,18.0,11.0,typescript-eslint/typescript-eslint,0.3,True
30d4eae2b1151aa312aa9712d77c553f5fe8b017,2.096590583567825,29,22,45.0,37.0,typescript-eslint/typescript-eslint,0.7586206896551724,True
c08895e6e2c9422e2427497b1c0b13f06f261cdd,1.9508961708114685,25,22,14.0,6.0,typescript-eslint/typescript-eslint,0.88,True
894c40cabfdc1b559594c9815ad85caf7d2ea07a,3.87119780971937,8,8,8.0,7.0,akka/akka-core,1.0,True
03cd93973683d0a46de71805b921a75ca11df2bd,4.113148496717114,107,85,63.0,12.0,observablehq/plot,0.794392523364486,True
6f6a2d1f693070bf72e89d86748080e4825c9164,3.35177649757903,34,25,36.0,32.0,binwiederhier/ntfy,0.7352941176470589,True
c87549e71a10bc789eac8036078228f06e515a8e,3.3512000278855174,14,13,14.0,3.0,binwiederhier/ntfy,0.9285714285714286,True
8319f1cf26113167fb29fe12edaff5db74caf35f,3.3499919512256953,36,31,36.0,32.0,binwiederhier/ntfy,0.8611111111111112,True
ca5d736a7169eb6b4b0d849e061d5bf9565dcc53,3.351288817907572,14,9,14.0,3.0,binwiederhier/ntfy,0.6428571428571429,True
2c788c233db56ccec4ed90d7da31887487b9f3b7,5.093056316069663,59,10,34.0,0.0,apple/foundationdb,0.1694915254237288,True
df90cc89de67ea4748c8cadd18e6fc4ce7fda12e,5.559155765964459,100,67,58.0,50.0,apple/foundationdb,0.67,True
c75f43099c1fa1ee3863aa5d38eeaafa2f78d745,3.310507769919132,11,3,6.0,0.0,Giskard-AI/giskard-oss,0.2727272727272727,True
f7bbe212aec81c3c4bd8aadff08080ab82d31cee,2.7398904225923393,9,2,6.0,0.0,Giskard-AI/giskard-oss,0.2222222222222222,True
50f6fc1ce1a529acd1d1ba2531ccb662200552a7,3.9678524982888432,180,178,143.0,79.0,highlight/highlight,0.9888888888888889,True
e63a2115f64433b21cb5dd67c5bf8b30f87ef293,2.1424549712272163,371,207,302.0,302.0,ruby/ruby,0.5579514824797843,True
8a65cf3b61c60e4cb886f59a73ff6db44364bfa9,4.172434880979542,67,0,44.0,8.0,ruby/ruby,0.0,False
d1474affa8e105bece209cc9d594bb0a989859e1,2.1423300250969657,435,434,302.0,302.0,ruby/ruby,0.9977011494252873,True
39dc9f9093901d40d2998653948d5da38b18ee2c,4.172393654777296,67,67,44.0,8.0,ruby/ruby,1.0,True
0d842fecb4f75ab3b1d4097ebdb8e88f51558041,4.1723491647020055,14,0,10.0,3.0,ruby/ruby,0.0,False
5062c0c621d887367af8a054e5e5d83d7ec57dd3,0.8228922351509621,53,49,45.0,39.0,ruby/ruby,0.9245283018867925,True
a925c74bd239398b97112e24f952c377345c5bff,0.059750456308464525,1,0,1.0,1.0,ruby/ruby,0.0,False
c0a526dd97b22f462f49a2a0062420523303769d,0.09660157933429665,26,0,39.0,39.0,ruby/ruby,0.0,False
b839989fd22fef85e2af19de1bc83aa72a5b22bd,0.6787543412680305,472,227,253.0,210.0,ruby/ruby,0.4809322033898305,True
9ee713a92c2fe8bf5aac4c2f5b0c4c7e6b475b47,0.09659955129667655,43,43,39.0,39.0,ruby/ruby,1.0,True
d4e24021d39e1f80f0055b55d91f8d5f22e15084,2.5958310517910106,512,122,431.0,205.0,ruby/ruby,0.23828125,True
d7ffd3fea402239b16833cc434404a7af82d44f3,4.194858924633052,52,46,93.0,69.0,ruby/ruby,0.8846153846153846,True
e90282be7ba1bc8e3119f6e1a2c80356ceb3f80a,1.3166282290161482,70,0,114.0,32.0,ruby/ruby,0.0,False
48b09aae7ec5632209229dcc294dd0d75a93a17f,4.172435292924684,762,0,391.0,353.0,ruby/ruby,0.0,False
b78e0a6ddf7df8a7568ea71284f593423c739551,0.5737931908636905,62,62,54.0,35.0,ruby/ruby,1.0,True
a0f7de814ae5c299d6ce99bed5fb308a05d50ba0,2.5959122366719902,3,1,6.0,1.0,ruby/ruby,0.3333333333333333,True
f1c708d02e99c036e48ff56c0e4410592bcc7265,0.0965971746900905,9,9,9.0,9.0,ruby/ruby,1.0,True
26a9e0b4e31f7b5a9cbd755e0a15823a8fa51bae,0.8466197049205263,7,3,4.0,0.0,ruby/ruby,0.42857142857142855,True
0e4bad888e605d424b9222ae0ca43f85c1634e5e,0.629705047278627,24,25,38.0,38.0,ruby/ruby,1.0,True
7a56c316418980b8a41fcbdc94067b2bda2ad112,1.3166237926838542,35,22,29.0,15.0,ruby/ruby,0.6285714285714286,True
23f9a0d655c4d405bb2397a147a1523436205486,0.6810394960326515,101,0,95.0,95.0,ruby/ruby,0.0,False
fc4acf8cae82e5196186d3278d831f2438479d91,4.116075842269374,55,51,73.0,73.0,ruby/ruby,0.9272727272727272,True
4ba2c66761d6a293abdfba409241d31063cefd62,4.17234285877253,14,7,10.0,3.0,ruby/ruby,0.5,True
5b21e94bebed90180d8ff63dad03b8b948361089,4.196047829999746,188,124,161.0,130.0,ruby/ruby,0.6595744680851063,True
92ce852366a8ba90b28254f4df36fc3f6b3b12eb,0.05972833802317033,5,4,5.0,0.0,ruby/ruby,0.8,True
712ac99e4d0384a941c80a9f48f62943ba7d97c0,2.1423300567850534,157,156,302.0,302.0,ruby/ruby,0.9936305732484076,True
f28287d34c03f472ffe90ea262bdde9affd4b965,4.172352777144016,14,0,10.0,3.0,ruby/ruby,0.0,False
2f53985da9ee593fe524d408256835667938c7d7,0.8465285066037975,39,36,21.0,21.0,ruby/ruby,0.9230769230769231,True
2da92388b948821269b18d6b178a680f17e41750,1.8387724351661723,253,252,131.0,36.0,ruby/ruby,0.9960474308300395,True
df5898a1464112f185d295d585740de696934a12,3.5997847428194794,47,20,92.0,83.0,spring-projects/spring-boot,0.425531914893617,True
3ff7adb0ecb1b85da9340693f11d9699ae2d50c3,11.609426223793951,11,4,15.0,12.0,chocolatey/choco,0.36363636363636365,True
97458f8877f07c6cea87d2702b98ccb9f36cb712,12.091144668796106,7,0,12.0,7.0,chocolatey/choco,0.0,False
e63773b5ab1aea63f8b514e30df9921847cbf55c,9.726555504854614,3,1,2.0,0.0,chocolatey/choco,0.3333333333333333,True
32461370879f26c1595083aeed8b49c73f6aaeb5,5.446989948538546,13,11,11.0,0.0,chocolatey/choco,0.8461538461538461,True
f5798180e7fd26fb9c3da343d2bdba6ed2798af0,8.126085126879104,4,0,2.0,2.0,chocolatey/choco,0.0,False
728deda7ba4a4a46be371aa8da352a1bc597bb90,9.56597342636956,2,0,4.0,3.0,chocolatey/choco,0.0,False
5e7bdb4143e89605ce887543b4ba74f6af488e3c,12.44361402641519,8,8,12.0,1.0,chocolatey/choco,1.0,True
1dffc0a958a5d85fb0b1ec2506052a88190c01a7,11.398243402540118,2,1,2.0,0.0,chocolatey/choco,0.5,True
b2f54e3e66b919284c168509fce4e6e56f799218,7.387415773062591,4,4,2.0,2.0,chocolatey/choco,1.0,True
309f33ecc8d454d12d3398cdccba77a3658ba106,11.609211061677694,5,1,3.0,2.0,chocolatey/choco,0.2,True
44558390a70614440bc9c113e5c7da4576cfeaa4,7.334438645524375,23,20,24.0,1.0,chocolatey/choco,0.8695652173913043,True
2b68dae5efb93699dbbc65e6761fd1d5f7a362a2,11.60907717950668,1,0,2.0,0.0,chocolatey/choco,0.0,False
1007d8c760d75a63df23521bae612c9f6183c822,4.551041207189393,12,12,9.0,8.0,chocolatey/choco,1.0,True
855b4abc3e348f669091704c3951d7f5c7970956,11.597744822166451,7,3,7.0,6.0,chocolatey/choco,0.42857142857142855,True
d32982a22703e13b2e4708373b755c02211852d7,7.537229161913453,2,1,1.0,0.0,chocolatey/choco,0.5,True
4643bab03d187a381e3a7c2f6d206dda215afae6,10.757321501001343,17,11,20.0,6.0,chocolatey/choco,0.6470588235294118,True
e0c753fc4da00c5863ff5d6b25b332d29f83f11f,7.333652844322762,2,0,2.0,0.0,chocolatey/choco,0.0,False
3da47609824464780f0707868a28c521dc9efdba,9.325362670165031,4,4,2.0,1.0,chocolatey/choco,1.0,True
ed46ca7fae1b8afd720bd6dc612cfdefb2a04edf,4.54582005602454,2,0,1.0,0.0,chocolatey/choco,0.0,False
7ae1939f734615357247c6a518c52a76a9869077,11.309998035338555,52,29,27.0,13.0,chocolatey/choco,0.5576923076923077,True
581db0177e43d6e2b9dd1852a6cef9f25df878dc,9.366380745050321,11,9,21.0,21.0,chocolatey/choco,0.8181818181818182,True
d25ef6dcd5f18852160912f47b460af56611eb62,9.319257326285902,1,1,2.0,0.0,chocolatey/choco,1.0,True
09765f6626458f5fb491f43bc24f0755531d9c88,11.299920494587674,6,0,10.0,4.0,chocolatey/choco,0.0,False
5765e5e80d1dcd31d55c671e145037d919509015,11.600273214693132,9,2,10.0,0.0,chocolatey/choco,0.2222222222222222,True
b8f37f3f0da4ec1b1d4675e0526fdfd7c6c4f645,1.635737445179608,19,19,10.0,10.0,chocolatey/choco,1.0,True
2456459bfd2094f4b32cb9267ad7eb7d2cb3eec0,4.254721049762973,14,14,25.0,25.0,chocolatey/choco,1.0,True
4f3454295d332f4b41ad84224d0e5b5dc6e20eb8,11.021898908662255,17,12,12.0,4.0,chocolatey/choco,0.7058823529411765,True
0d419905ce06cee00ade0f0ebf4ce1eb33b38240,5.447072496007301,14,11,11.0,0.0,chocolatey/choco,0.7857142857142857,True
abdea1856bcb370d3b1ffe782922d793ba9ecb3e,11.609420012928739,8,3,4.0,0.0,chocolatey/choco,0.375,True
8face0175ac571d47ee405254dc0962d0ef1783c,4.254723965067052,1114,680,,,chocolatey/choco,0.6104129263913824,True
5e29a252b52ef4c5c5324844d7796845b00db2d8,12.097918029254442,3,0,5.0,0.0,chocolatey/choco,0.0,False
346c050025dc4c51800cc8cd4985d81710c40ebb,11.4530348949223,3,0,4.0,0.0,chocolatey/choco,0.0,False
b7c619f10e42a8dd57b6f42c59b735d74e1890c3,11.362138977615535,4,0,4.0,0.0,chocolatey/choco,0.0,False
bca094debb96735e793468a6fcc0d59acf6734cd,7.534536149770578,1,1,1.0,0.0,chocolatey/choco,1.0,True
c9756e108351a1def2e2c83ff5ee6fb9bcbc3bbf,2.199174461936269,86,62,53.0,4.0,apple/swift-nio,0.7209302325581395,True
72cebfd8a13ff59dd72712b711f08787c9cc6b0a,1.4840134547620858,45,45,38.0,5.0,getsops/sops,1.0,True
550030264952f0e0043b63f4582bb817ef8bbf37,8.794913808401146,271,2,236.0,44.0,serenity-rs/serenity,0.007380073800738007,True
4c97810b6d25617fa0a0a4b4769deb751a17d373,4.068059960199761,26,15,21.0,21.0,serenity-rs/serenity,0.5769230769230769,True
aafc1d04ac04fc9691d7bf56c1b4e8eb7cfd6597,3.9236943557177986,22,21,27.0,16.0,serenity-rs/serenity,0.9545454545454546,True
dae2cb77b407044f44a7a2790d93efba3891854e,8.647605109387278,85,0,150.0,0.0,serenity-rs/serenity,0.0,False
9bbb25aac4d651804286f333eb503a72d41e473b,5.313294800618552,116,19,68.0,12.0,serenity-rs/serenity,0.16379310344827586,True
95767d455b8004ec4b4c5026d84b64b6348e6d37,7.12734792886658,137,17,79.0,0.0,getsentry/sentry,0.12408759124087591,True
f952fedefe679d632077a2b334a913e9e68cfd91,6.4652110426648415,12,0,8.0,0.0,getsentry/sentry,0.0,False
28f5037299c366879d6f1d0572e907919383d27f,2.6628921400866985,17,0,33.0,27.0,getsentry/sentry,0.0,False
d467e8894478662e0ceee9b5137be4ee6620b60d,7.494384839151266,1,0,2.0,0.0,getsentry/sentry,0.0,False
658504a9b2cab9b2c2578cd2e0f474817819a7f9,5.679633368823992,16,7,9.0,8.0,getsentry/sentry,0.4375,True
8be17116a26dcc3b2b5d70565f9f9cfbe4c54aca,4.623032518315715,288,106,232.0,47.0,getsentry/sentry,0.3680555555555556,True
1661de6b7b3a4f35fa48f8998437f92b96d1550f,4.849933043070449,5,3,8.0,4.0,getsentry/sentry,0.6,True
49efa19a2fbd37a0b87e0aed234ea8fdae11dd5e,9.457310441858697,1,0,1.0,0.0,getsentry/sentry,0.0,False
7dcda5dd9a861130d657ccc2468eb61f55be76b9,1.1482745519304383,14,14,11.0,4.0,getsentry/sentry,1.0,True
c8a00d1cf64a349276060458ca51dab9e2538f3e,2.663556227343017,11,4,6.0,3.0,getsentry/sentry,0.36363636363636365,True
8592e74bbd014d1d44b7cd973379e5278ceb5b41,1.1483999733820063,1496,1195,,,getsentry/sentry,0.7987967914438503,True
032754739fd210e1d12c076bad4ce8093cbae574,5.997833390371891,5,0,3.0,0.0,getsentry/sentry,0.0,False
b5e15e8611ff64f8d4e2cde8365f92f7769c9c20,2.66644019190306,4,0,7.0,0.0,getsentry/sentry,0.0,False
d26544689bfbbb81b0c2873f98e592920dcc91ec,0.6307030636043298,7,7,7.0,7.0,getsentry/sentry,1.0,True
7a00c559245d9a7fc4cd944723753434aad53155,2.663287892615408,7,3,6.0,3.0,getsentry/sentry,0.42857142857142855,True
b4914e559b6e70675452d8ed750fbf70ec703f27,1.1481617423378203,1,1,1.0,1.0,getsentry/sentry,1.0,True
654fae1b23f20ed765977ccc5d037675b901c5f4,4.849570753162471,5,0,8.0,0.0,getsentry/sentry,0.0,False
652a90266d98b1e74f3617c92aa8c1461e76b58d,8.918592446827388,18,1,35.0,21.0,getsentry/sentry,0.05555555555555555,True
cf018ef83b999b5287d1fde7ea523d56d09a228d,4.412093441833346,53,13,89.0,71.0,getsentry/sentry,0.24528301886792453,True
4a825dfd62b6d61e48982d014f7d7383f61982f2,1.1482006236215683,7,7,13.0,10.0,getsentry/sentry,1.0,True
69c3284fff26f5db7da7f96bb72b0f3732d4a867,7.743925647070753,11,0,16.0,1.0,getsentry/sentry,0.0,False
816acaa36cffc042f7f0434434882e9232805ee2,4.849539857276852,3,0,6.0,6.0,getsentry/sentry,0.0,False
84747dbbabc7e974711c175232ddf71f6194edb6,7.653831913706999,2,0,1.0,1.0,getsentry/sentry,0.0,False
6fc6ffc848f645a0abf1915a337dc67231548750,2.662819796182219,3,0,2.0,2.0,getsentry/sentry,0.0,False
bdb9c9d3a26fc8a3b73d47776bb5d3009947b46d,4.849585107866251,24,2,17.0,1.0,getsentry/sentry,0.08333333333333333,True
b8bf85948d4c4832c60ab31e9f1a5a3c39fd53cf,5.859739809110959,1,0,1.0,0.0,getsentry/sentry,0.0,False
fe2eb237aee31a1fca51774660a91d13d1b3ecc5,1.1485084417065936,15,11,21.0,17.0,getsentry/sentry,0.7333333333333333,True
31aac1b9b0d24eda9c5aef67259bc24dedb94d95,2.678039965016351,2027,2025,,,getsentry/sentry,0.9990133201776024,True
75bd65eef51a75c7f8db3af9ed71188b89d17fb2,6.703532968286562,1,0,2.0,0.0,getsentry/sentry,0.0,False
98b8f571e16cf9f089bab42212ff610e66152b07,4.8503494245443255,8,1,4.0,0.0,getsentry/sentry,0.125,True
9ca15377ca03d474e2714802fc2b9a37e7b6e174,9.43599285116739,1,0,1.0,0.0,getsentry/sentry,0.0,False
eb55184602940adb1fc09a9c0e33515cac92c7d8,2.660919429867924,4,2,2.0,2.0,getsentry/sentry,0.5,True
527914ee8dab6b8a7c1c8e3ed9f25dc633f43640,2.67653281618374,5,2,5.0,0.0,getsentry/sentry,0.4,True
04b705571c2045718a4ef297128145436d061914,4.849699596927523,21,4,17.0,1.0,getsentry/sentry,0.19047619047619047,True
1f20398756f0eeba37d6887a2d3f65e0687ec94f,0.8350329239232388,135,134,160.0,25.0,NVIDIA/apex,0.9925925925925926,True
16fadfe71c0d57312351c2d8b056251a0c8ce1ef,0.8325442682586762,68,68,35.0,34.0,NVIDIA/apex,1.0,True
96daf69740e120cb5af58193db35fc694e3d3e83,0.3882337693614217,3,3,2.0,2.0,vyperlang/vyper,1.0,True
9bdcd4f36a2e5285267b69b17e8fc26482dc1c72,6.879060828453368,2525,521,,,esp8266/Arduino,0.20633663366336633,True
98125f88605cd7e46e9be4e1b3ad0600dd5d2b51,7.290515184931681,238,0,261.0,197.0,esp8266/Arduino,0.0,False
19b7a29720a6f2c95d06e2ea4baa335dcf32e68f,4.483215738839456,25,25,20.0,12.0,esp8266/Arduino,1.0,True
eea9999dc5eaf464a432f77d5b65269f9baf198d,7.289662775369483,2327,53,,,esp8266/Arduino,0.022776106574989255,True
04a425decc1b80f0c67e8c4c98c0062d73836684,0.7363133761756281,14,14,11.0,6.0,alicevision/Meshroom,1.0,True
15d9ecd888faa7216cfc5d97d473f5717a3118a3,1.080599475245266,20,11,11.0,6.0,alicevision/Meshroom,0.55,True
e9d80611c7fe185623e5f276a41b7f2de23cb6fe,2.8931659251654116,128,67,77.0,65.0,alicevision/Meshroom,0.5234375,True
571de38ef1a9e72e6c1d2a997b60de5bd3caa5bf,1.0513353043323954,2,1,1.0,0.0,alicevision/Meshroom,0.5,True
9af65092b9e881c828430f54a73fb4522bc1e370,2.252508714224149,35,11,18.0,13.0,alicevision/Meshroom,0.3142857142857143,True
c3151e0f97ce07dc752e6d63b7f6f7e5ab1c74e4,0.34496967449996196,12,12,6.0,4.0,alicevision/Meshroom,1.0,True
8be302115edca60c93b1e97de3f457d91c271666,0.7363133761756281,5,4,7.0,6.0,alicevision/Meshroom,0.8,True
2c2b067f072856f2579c644b5f7858da0275be3c,0.6316817818845539,11,11,9.0,4.0,alicevision/Meshroom,1.0,True
13b8266d14783a4c595c8b731c54fc9c61adfa92,2.8931659568534998,113,92,77.0,65.0,alicevision/Meshroom,0.8141592920353983,True
9d2974d2823fe5d6f400eb4658f67d0306b11ac8,2.8931659885415875,21,17,39.0,35.0,alicevision/Meshroom,0.8095238095238095,True
8313e42d8c70e2494277e338ef8fd38824270231,2.8931659568534998,18,12,35.0,27.0,alicevision/Meshroom,0.6666666666666666,True
41e885d9ff38cd55772722376d5ef80ff908c559,2.0424513270971176,7,6,6.0,3.0,alicevision/Meshroom,0.8571428571428571,True
7ad706035874185caa13cfe8f79407cbe5d6edf9,0.31415972697543537,9,9,11.0,11.0,alicevision/Meshroom,1.0,True
9b6549cc1dd525658080303f7ad453bd4ec10f52,1.2832074999366239,18,14,30.0,2.0,alicevision/Meshroom,0.7777777777777778,True
856641bc9dc25271062dc94a66da4c08e00f88d1,2.8931659568534998,18,18,35.0,27.0,alicevision/Meshroom,1.0,True
2bdf061d2e49f3e1513a59922dc33e69f68552cf,2.8931659251654116,73,47,39.0,35.0,alicevision/Meshroom,0.6438356164383562,True
aae05532b2409e3bd4c119646afc08656a916cb4,0.840157458108348,4,4,7.0,7.0,alicevision/Meshroom,1.0,True
0a2ab8cab4f79191b0e7364416701ba561e75b6a,0.8401975118513448,18,15,33.0,31.0,alicevision/Meshroom,0.8333333333333334,True
e463f0dce2455f47d5b066f9e9434ed94b2b282f,2.893160601566659,16,13,8.0,8.0,alicevision/Meshroom,0.8125,True
039e0620ad05d673a2ef9aa501e9a509219671c9,0.6316807044895683,95,95,117.0,114.0,alicevision/Meshroom,1.0,True
42157809b90f5f6b275aa8ff9d7310c384ea395a,2.2503315207747105,42,24,21.0,15.0,alicevision/Meshroom,0.5714285714285714,True
b8c173ddd490dc3bf28b193697d675e44616c6f5,0.7272531814840165,7,7,6.0,4.0,alicevision/Meshroom,1.0,True
81394d7def1fcbc08cbc2a8721bc1f0a86fe8cc6,0.8401587573199483,38,38,33.0,31.0,alicevision/Meshroom,1.0,True
a44537b65a7c53c89c16e71ae207f37fa6554832,0.840020280376201,32,10,18.0,14.0,alicevision/Meshroom,0.3125,True
adf67e33533a75f5b280e0ee3fc0ece82307199e,0.8401975118513448,4,3,7.0,7.0,alicevision/Meshroom,0.75,True
9c86be7072d09dca8fce380fcc142c98f7e2fe6f,0.34631356630415494,24,24,17.0,2.0,alicevision/Meshroom,1.0,True
2908aa94a3eda2de71f8c5e6cec8cd78280bbb09,2.8931659251654116,78,58,39.0,35.0,alicevision/Meshroom,0.7435897435897436,True
ed96364ad9b667c0cb9f719c6c00e3d554f83291,0.3141596952873476,20,17,11.0,11.0,alicevision/Meshroom,0.85,True
5a0b1c0c9547b0d00f3f10fae6994d6d8ea0b45e,1.8881707734428474,15,15,9.0,9.0,alicevision/Meshroom,1.0,True
87c0cef605e4ef2b359d7e678155e79b65b2e762,1.8095946776687708,211,159,204.0,108.0,alicevision/Meshroom,0.7535545023696683,True
5fe886b6b08fa19082dc0e1bf837fa34c2e2de2d,0.83996694932441,84,81,48.0,46.0,alicevision/Meshroom,0.9642857142857143,True
d68979f891abb87622e0b8d221a969ffad63d04b,0.3557036656779983,16,16,30.0,29.0,alicevision/Meshroom,1.0,True
18d7f609b1a5cd7c43f970770374b649019c1e73,0.8400804877430477,18,18,18.0,14.0,alicevision/Meshroom,1.0,True
9b4bd68d5aa9e5c3af5e4bfc4fe6aae06437ca88,1.2831490671026948,14,9,7.0,4.0,alicevision/Meshroom,0.6428571428571429,True
81bbe4b045704ac67641c86665f4d2f7327ae9dc,0.06486485030547316,30,30,17.0,16.0,alicevision/Meshroom,1.0,True
1b5664c8cc54c55fae58a5be9bf63e9af2f5af95,0.840020280376201,21,21,18.0,14.0,alicevision/Meshroom,1.0,True
91f0e8cc0336148a6b5d2177486315685838d5d3,4.178436763251958,220,139,305.0,253.0,NVIDIA/DALI,0.6318181818181818,True
5b000e779a4eec10516bb7bfe8259eb4e15a0035,4.296004860952671,57,11,38.0,7.0,NVIDIA/DALI,0.19298245614035087,True
ea2eff0627a85a0274575c7d761b940fd9b45d3c,2.318323319897584,3574,3574,,,NVIDIA/DALI,1.0,True
7e71c25746346d1e9d081a6bd4713fce516a68fe,2.8331649428346894,70,69,94.0,79.0,NVIDIA/DALI,0.9857142857142858,True
15cf484bbd3571461bd45857d34a35f04663a29e,4.2720903364007405,262,90,251.0,241.0,NVIDIA/DALI,0.3435114503816794,True
5314b02f9029f45029225dd9dfdd187f29fb13f7,4.306702189013106,58,17,76.0,66.0,NVIDIA/DALI,0.29310344827586204,True
8c06d53b7a900eda956c82e317a1ae7bfb240217,4.273541999391589,130,69,86.0,61.0,NVIDIA/DALI,0.5307692307692308,True
953d588ab009ed3ab5fc8efd19f83897e6be6fef,4.322694913428144,46,41,76.0,66.0,NVIDIA/DALI,0.8913043478260869,True
939084794fd412243055a33893c555b66b7647bf,4.230251254848278,33,14,24.0,19.0,NVIDIA/DALI,0.42424242424242425,True
75e58f3369748e36e07e61d2447c6980f9fcd196,4.309201935508404,108,44,213.0,199.0,NVIDIA/DALI,0.4074074074074074,True
dd1bc133b58e84fbd61cd04db053aaef5f6900b8,4.230329777929881,215,37,247.0,131.0,NVIDIA/DALI,0.17209302325581396,True
e719fabb8b2c0aabad4d8c7dffab6cc412a7ac30,4.247232742667377,234,87,247.0,131.0,NVIDIA/DALI,0.3717948717948718,True
83d5de095cb30846a0df5336117b6213f2c5b335,0.10084011458412553,9,9,8.0,8.0,docling-project/docling,1.0,True
d8987b2c4206c8b28b637c24219a580431873d12,0.8598195997160747,7,6,4.0,2.0,cloudflare/workerd,0.8571428571428571,True
21dc6eb66a2344b8e756b897ade27cc107b58153,0.904567204096636,6,4,6.0,4.0,cloudflare/workerd,0.6666666666666666,True
893774eab71fd7be5000436ff2ff0b5dd85ef073,2.1073717266205287,25,9,19.0,4.0,cloudflare/workerd,0.36,True
f457f19039b82536b35659c1f9cb898a198e6cd1,2.108983763023804,6,2,7.0,2.0,cloudflare/workerd,0.3333333333333333,True
fa2c488219a5e96792e61f3d51838595e2907c8d,2.031533006312267,4,4,2.0,0.0,cloudflare/workerd,1.0,True
faabf00af72bbce956221b40624f8a3d57f82b7c,2.0348802507161508,22,17,16.0,12.0,cloudflare/workerd,0.7727272727272727,True
b9e9fb144f44494017e77fbe959355e92f10ae69,2.0323517314371182,6,4,11.0,11.0,cloudflare/workerd,0.6666666666666666,True
0523bf8b36a937348f1bb79eceda2463a5c220b5,2.1118265647577763,268,248,220.0,114.0,cloudflare/workerd,0.9253731343283582,True
5e8537a77e760c160ace3dfe23ee8c76ee5aeeb3,2.111444406418739,36,30,47.0,0.0,cloudflare/workerd,0.8333333333333334,True
b70ed2d8c84cadf10bd42fc052a255fac02391e4,7.999752389281821,90,71,76.0,69.0,wxWidgets/wxWidgets,0.7888888888888889,True
ca65c0440a7163e4e37e48b1c4329709d722db47,22.28299370040814,113,43,63.0,55.0,wxWidgets/wxWidgets,0.3805309734513274,True
4f4c5fcfdfe7d1eadce22a68929c82b6cb324075,3.949540934671838,24,24,18.0,16.0,wxWidgets/wxWidgets,1.0,True
2bc6e50eded2a14099655ce0b4c7df582b87c93a,6.8543467500697135,8,8,9.0,9.0,wxWidgets/wxWidgets,1.0,True
e43190ea796ac3c1d15c18a88bcf7f3f745bd4bc,3.7285138603696097,82,81,52.0,0.0,wxWidgets/wxWidgets,0.9878048780487805,True
03647350fc7cd141953c72e0284e928847d30f44,17.10636651709889,28,9,21.0,16.0,wxWidgets/wxWidgets,0.32142857142857145,True
2ad1ff540f036e130ed934066b80652c2c5fe158,21.707636639034654,39,14,74.0,45.0,wxWidgets/wxWidgets,0.358974358974359,True
496da2e550ce1f562f727230babc363da190530e,8.448931984688317,12,12,7.0,7.0,wxWidgets/wxWidgets,1.0,True
78e788120814699ab0a0d2fab1131285f5e0fd7a,17.566330551119222,1888,4,995.0,783.0,wxWidgets/wxWidgets,0.00211864406779661,True
f58ea625968953ca93585ea7f93dcc07ad032d8f,8.018006755900322,146,125,134.0,78.0,wxWidgets/wxWidgets,0.8561643835616438,True
a3ef8eb50346e04c080ed1711578390080baff8b,17.42667455700053,2717,2055,,,wxWidgets/wxWidgets,0.7563489142436511,True
29efc6e4a478652d6f59fb3f5ca7990d78a8ead4,17.71358344741045,1155,1,,,wxWidgets/wxWidgets,0.0008658008658008658,True
9a83f860948059b0273b5cc6d9e43fadad3ebfca,17.184644459654727,38,3,36.0,31.0,wxWidgets/wxWidgets,0.07894736842105263,True
af61bbe43c4bb8a559e05568909d2726400c462b,1.2539831926382234,9,9,10.0,10.0,wxWidgets/wxWidgets,1.0,True
668a2186cd89fd4576bed224df3624811eebeca1,4.98813262098512,5,5,3.0,3.0,wxWidgets/wxWidgets,1.0,True
9a29fe70bc90b08b4f0bd4c23c1d12ad17cbbed2,14.915670234745354,688,347,,,wxWidgets/wxWidgets,0.5043604651162791,True
8fbca5cb70c8b647d5bd2cacb1e0a2a00358f351,7.662845210028646,5,3,9.0,9.0,wxWidgets/wxWidgets,0.6,True
b8a7ab56850afe6e06c9f7267b9c479fcdd4efb8,3.0481554364083454,114,114,77.0,71.0,DefinitelyTyped/DefinitelyTyped,1.0,True
841bf968847b863b96924eb4081df7826a8a4ef0,3.085918225720587,24,14,23.0,20.0,DefinitelyTyped/DefinitelyTyped,0.5833333333333334,True
1e75d3d4cab1e87643d4171b056fd303ba899ce9,3.0403751235835426,90,90,58.0,26.0,DefinitelyTyped/DefinitelyTyped,1.0,True
e4dc6495cdfd9c29449bc91c01bfb9b9ab150f38,3.015114679189799,5,5,3.0,3.0,DefinitelyTyped/DefinitelyTyped,1.0,True
0be834b9b536148d6aa365572bc668ed40b8ae84,3.0201465890942276,3,3,6.0,1.0,DefinitelyTyped/DefinitelyTyped,1.0,True
964e498ae8deab72f825e48b9ebce7c97678f0f5,3.010351515958121,103,101,131.0,43.0,DefinitelyTyped/DefinitelyTyped,0.9805825242718447,True
18d1c4e0b7b846500a2d77091c978d40fc8f7447,3.1023786029355844,274,47,137.0,84.0,DefinitelyTyped/DefinitelyTyped,0.17153284671532848,True
b969f890000ff95740fd7b879cdf3b73e1ea0fe8,3.0227869673232437,153,140,98.0,96.0,DefinitelyTyped/DefinitelyTyped,0.9150326797385621,True
817274f3280152ba2929a6067c93df8b34c4c9aa,3.0416580158186934,33,31,23.0,18.0,DefinitelyTyped/DefinitelyTyped,0.9393939393939394,True
ebeb12c944c2e1ce7dd9bb8e4553b5396f34bb2f,3.0507937549116537,182,181,94.0,74.0,DefinitelyTyped/DefinitelyTyped,0.9945054945054945,True
c4c6d86caf3a4d88c5ad72579b2093faa7cf7a86,3.0968410145258196,184,174,188.0,149.0,DefinitelyTyped/DefinitelyTyped,0.9456521739130435,True
d6df71f271f38735049115008ff6b5de169c9450,3.0088188899029076,55,54,41.0,39.0,DefinitelyTyped/DefinitelyTyped,0.9818181818181818,True
824cf7279e4002477305abb270be17f761fc8641,3.0859105255152484,13,3,23.0,20.0,DefinitelyTyped/DefinitelyTyped,0.23076923076923078,True
f58cd2247f618340c2535d60c6c5dcc286c2900d,3.07239054934469,6,6,9.0,5.0,DefinitelyTyped/DefinitelyTyped,1.0,True
09e5259775f741b9d8baa279284de06a3f3bfd28,3.0859193031155727,26,26,23.0,20.0,DefinitelyTyped/DefinitelyTyped,1.0,True
a8a179ca7520a9983c401c8c0bd4c203aa6868fc,3.0122974497426926,144,142,231.0,94.0,DefinitelyTyped/DefinitelyTyped,0.9861111111111112,True
07b78cb9f9760717cb0880262436a6753d0a97f6,3.010216556392121,11,11,9.0,7.0,DefinitelyTyped/DefinitelyTyped,1.0,True
dd8677457ec28cd0d26ef40bca302176ceb39a71,3.0494984092579918,9,8,5.0,0.0,DefinitelyTyped/DefinitelyTyped,0.8888888888888888,True
da527cde4392482e6e77810c633b40b600290028,3.0127674474611505,32,31,28.0,28.0,DefinitelyTyped/DefinitelyTyped,0.96875,True
fae616be8a4f6952ede7a8776d157f06797c862e,3.085703507237559,861,861,435.0,398.0,DefinitelyTyped/DefinitelyTyped,1.0,True
f87782a6c6f89d8b9eb0eb73500f1b522bf9442b,3.1354579879331763,672,615,540.0,517.0,DefinitelyTyped/DefinitelyTyped,0.9151785714285714,True
a80f5fb4006291e76ec2fb481461b4b579fc3055,3.018625307374452,93,75,71.0,60.0,DefinitelyTyped/DefinitelyTyped,0.8064516129032258,True
b36ff6a58d3d9ef64729fa8c73f91bd110594557,3.022703437523766,36,36,58.0,56.0,DefinitelyTyped/DefinitelyTyped,1.0,True
3db0a468004b33ab29437f9174d137ae39a04aa7,3.1300194881740055,16,8,32.0,29.0,DefinitelyTyped/DefinitelyTyped,0.5,True
d0c02d9f65508d834b39827ba3b9e368607cbc1f,3.0452449489188025,162,161,189.0,188.0,DefinitelyTyped/DefinitelyTyped,0.9938271604938271,True
ac2647c1c185030de5b52dde2da7651c0f42e131,3.0284116979744975,103,91,123.0,71.0,DefinitelyTyped/DefinitelyTyped,0.883495145631068,True
72bad25d0f11bdfb26efef984a34e7f9f4eb6cc7,3.015999727482445,46,46,41.0,12.0,DefinitelyTyped/DefinitelyTyped,1.0,True
b84746ab5db34e652635f1346d701461a1a7de2d,3.015115756584785,58,52,41.0,12.0,DefinitelyTyped/DefinitelyTyped,0.896551724137931,True
05481cc1f767ee8df73f9e450075f86fce53fbd3,3.0743162344411488,5,5,7.0,6.0,DefinitelyTyped/DefinitelyTyped,1.0,True
3e16768859508fd925a846cfaec7c8fce3b7702d,3.012237971201866,34,34,28.0,28.0,DefinitelyTyped/DefinitelyTyped,1.0,True
521337ec05e52cc7c740153fe839799d50021cca,3.0418747623393414,6,6,3.0,2.0,DefinitelyTyped/DefinitelyTyped,1.0,True
3866583ca9244b47878fa0ac8cfdfb23eb2ef0c5,3.019757395999696,204,197,166.0,0.0,DefinitelyTyped/DefinitelyTyped,0.9656862745098039,True
688320db4a605630c37b70610e8b97f9fd85e9de,3.012155772302076,42,7,28.0,28.0,DefinitelyTyped/DefinitelyTyped,0.16666666666666666,True
7e3ed2122891e449b3b42764ad693ecf637ce849,3.085695331710903,593,593,435.0,398.0,DefinitelyTyped/DefinitelyTyped,1.0,True
c3996780b76316793758b43fa1fca5b9d0857b6c,10.651581584150886,269,64,145.0,24.0,mongodb/mongo,0.2379182156133829,True
6dcdd23dd37ef12c87e71cf59ef01cd82432efe0,10.34201393642102,3,1,6.0,2.0,mongodb/mongo,0.3333333333333333,True
f63255ee677ecae5896d6f35dd712ed60ae8c39a,3.6358674297158213,27,18,14.0,0.0,mongodb/mongo,0.6666666666666666,True
1ce8128b8b286c2500ed8fdf6f7f18382b2cdd14,3.257559446852739,4,0,2.0,1.0,mongodb/mongo,0.0,False
134a4083953270e8a11430395357fb70a29047ad,7.180581159530509,134,102,83.0,70.0,mongodb/mongo,0.7611940298507462,True
a4f458fe4d7a44eba056f5c150753e73067c8e4d,3.1525454090298375,6,2,8.0,8.0,mongodb/mongo,0.3333333333333333,True
43b87324302209cbfa240d6c6b520007669e4ea6,3.4021322280528303,3,3,6.0,0.0,mongodb/mongo,1.0,True
9ea1d6f0419938770eea612479c75838f75752b7,4.352081115167186,6,0,8.0,0.0,mongodb/mongo,0.0,False
a025d43f3ce2efc1fb1282a718f5d286fa0a4dc1,10.561619388039649,221,25,176.0,103.0,mongodb/mongo,0.11312217194570136,True
1e98a0f23d62eb1f149658d190f0285879d91db5,3.240090152609831,5,0,10.0,5.0,mongodb/mongo,0.0,False
9c2ed42daa8fbbef4a919c21ec564e2db55e8d60,11.281893711815854,799,445,922.0,0.0,mongodb/mongo,0.5569461827284106,True
543961968c0634e93d919d509cce23a1d6a56c21,1.304527657363044,18,4,9.0,4.0,modelcontextprotocol/python-sdk,0.2222222222222222,True
89e9c43acf7e23cf766357d776ec1ce63ac2c58e,0.8852491951225695,8,4,7.0,7.0,modelcontextprotocol/python-sdk,0.5,True
a0495fc31497798a7a833ba7406a9729e1528dd8,1.9732126334068496,13,13,17.0,17.0,ansible/ansible,1.0,True
6def4a3180fe03981ba64c6d8db28fed3bb39c0c,3.9115044236570586,10,6,16.0,0.0,ansible/ansible,0.6,True
716631189cb5a3f66b3add98f39e64e98bc17bf7,3.642932954343803,3,2,3.0,2.0,ansible/ansible,0.6666666666666666,True
ffdda588b41f7d9d270ffe76cab116f828ad545e,2.596738852130707,604,209,322.0,134.0,zed-industries/zed,0.34602649006622516,True
813cc3f5e537372fc86720b5e71b6e1c815440ab,2.2373034071032016,60,7,62.0,26.0,zed-industries/zed,0.11666666666666667,True
a161a7d0c95ca7505bf9218bfae640ee5444c88b,2.6232174499961975,25,7,28.0,0.0,zed-industries/zed,0.28,True
56a88a848be09cbcb66bcb3d85ec1f5644909f72,0.586743288463001,795,779,744.0,741.0,zed-industries/zed,0.979874213836478,True
5ed538f49c54ca464bb9d1e59446060a3a925668,0.5906202943189596,62,62,36.0,8.0,zed-industries/zed,1.0,True
3a44a59f8ec114ac1ba22f7da1652717ef7e4e5c,2.1778843448170964,4,2,2.0,0.0,zed-industries/zed,0.5,True
eca93c124a488b4e538946cd2d313bd571aa2b86,3.4491290212183436,559,183,330.0,15.0,zed-industries/zed,0.32737030411449014,True
a335d916db0694770e8152f41e19195de3134523,3.2529318769488174,4,4,8.0,3.0,pytorch/vision,1.0,True
6ca9c76adb6daf2695d603ad623a9cf1c4f4806f,4.18909863234213,4,1,2.0,2.0,pytorch/vision,0.25,True
5f0edb97b46e5bff71dc19dedef05c5396eeaea2,4.985409283342206,254,139,139.0,129.0,pytorch/vision,0.547244094488189,True
d367a01a18a3ae6bee13d8be3b63fd6a581ea46f,4.919946764012472,19,9,23.0,23.0,pytorch/vision,0.47368421052631576,True
a095de183d3811d79ed0db2715e7a1c3162fa19d,1.434931331913707,20,18,29.0,27.0,pytorch/vision,0.9,True
332bff937c6711666191880fab57fa2f23ae772e,3.164546923720435,133,65,102.0,11.0,pytorch/vision,0.48872180451127817,True
086f8766024f20530488265071cc7e32128c4863,1.239229630897153,9,9,11.0,0.0,PHP-CS-Fixer/PHP-CS-Fixer,1.0,True
adf95039e6c28528f19dcae5da7322d953761782,1.2147649694526834,10,10,19.0,17.0,PHP-CS-Fixer/PHP-CS-Fixer,1.0,True
e123e6411cdc1d0ec68b3fb38f3faf1abbc54895,0.44820911602910235,25,21,14.0,14.0,PHP-CS-Fixer/PHP-CS-Fixer,0.84,True
cd245c59a94e44c47c027da59ee555ec94afe161,1.0940462836210612,6,6,3.0,3.0,PHP-CS-Fixer/PHP-CS-Fixer,1.0,True
743fd2531d3a72019a98d0d795f85bc96030bd70,1.0792754518721321,38,34,21.0,14.0,PHP-CS-Fixer/PHP-CS-Fixer,0.8947368421052632,True
b7294c5125cdf97c08822630473b83663d994279,0.7656530281136715,6,6,8.0,1.0,PHP-CS-Fixer/PHP-CS-Fixer,1.0,True
0a637f43509440d130830a4eb85ccb1686a2a2fd,0.4480742832154537,18,18,14.0,14.0,PHP-CS-Fixer/PHP-CS-Fixer,1.0,True
8ab97017ec377d11c0f448ab1e8aaa43c26d1159,3.997711137729105,13,0,25.0,14.0,dendronhq/dendron,0.0,False
45f83d58dab06c2fb8c1f262176544adf1a14d4b,3.9977125003168807,94,57,183.0,124.0,dendronhq/dendron,0.6063829787234043,True
b4584c201542ff526626882dff4fa5a637a9298c,4.881667110299896,182,9,200.0,0.0,dendronhq/dendron,0.04945054945054945,True
927c157b58918d5fdce9714a3c35627339cc8657,8.44234285877253,9,8,7.0,6.0,secdev/scapy,0.8888888888888888,True
f8525ea9f17cedf148febcab8d1dab51ddca9afe,8.449333694577534,8,1,15.0,0.0,secdev/scapy,0.125,True
08b1f9d67c8e716fd44036a027bdc90dcb9fcfdf,4.14080858493675,376,366,502.0,113.0,secdev/scapy,0.973404255319149,True
dbe409531a22d1245cf4669f72a425b42c83b0db,8.43632754075088,3,1,2.0,0.0,secdev/scapy,0.3333333333333333,True
1cfb0e4441e260ff252f258b08cb403df76801e5,2.845838815372525,1,0,1.0,0.0,gitextensions/gitextensions,0.0,False
44073ffb3f59288d3dbac0e3c6c6a17c253d08fb,0.748031631049256,23,8,15.0,15.0,gitextensions/gitextensions,0.34782608695652173,True
eafeeab5a5538e2d52076096d4c59dde174d48ec,3.9725545985753037,2,0,2.0,1.0,gitextensions/gitextensions,0.0,False
6eab7392839c4d103bad1581fba5eaf6f008d766,3.9736384579308948,2,2,1.0,0.0,gitextensions/gitextensions,1.0,True
87c44feb9f55802e42bacac9cd5f6c987a28b49a,0.7480316627373438,6,6,8.0,8.0,gitextensions/gitextensions,1.0,True
8d2d71ba426dec75e3df2bd3438cbbdcc7581da6,8.58574479681598,8,7,5.0,4.0,gitextensions/gitextensions,0.875,True
1cf12ebc43bbc81a9bafe1178d38624be2024011,0.9152972659517834,381,344,231.0,223.0,gitextensions/gitextensions,0.9028871391076115,True
0f8d9750bcb17f6b8b9f48793b46f7b8510cae24,1.4013985220675844,39,38,25.0,19.0,a2aproject/A2A,0.9743589743589743,True
63b7ee8accd87e1e6b9bf04218d352fd59d255bd,0.5828371929424291,860,634,681.0,552.0,astral-sh/ruff,0.7372093023255814,True
34cee06dfa6c558c4ab1460200033ea44b368ae4,0.5750094430501685,3003,2276,,,astral-sh/ruff,0.7579087579087579,True
b51c4f82ea6b6e40dcf3622dd009d463bb7e2247,1.41020888787487,5,2,5.0,3.0,astral-sh/ruff,0.4,True
9e69010d91cf171d2c6ad1ac0655fa9da62420fc,0.5785482102568003,47,39,63.0,0.0,astral-sh/ruff,0.8297872340425532,True
04023a2a65ebcde99a3bc2f4d0644092581a65ba,0.5754912921134687,478,299,409.0,193.0,astral-sh/ruff,0.6255230125523012,True
53ad26f1e10b749e1ef4680603aa9156dd528dc5,0.5647210814510609,1803,1306,,,astral-sh/ruff,0.7243483083749307,True
c6b92b918e4d350e4f8aed95a41985f80ca7dfc9,1.0533074758536771,1842,969,1812.0,938.0,astral-sh/ruff,0.5260586319218241,True
d98b514a1c592797035bf09a424cc72ee78fa5b6,0.5806728014804675,569,491,681.0,552.0,astral-sh/ruff,0.8629173989455184,True
461994073e2f6cac13a28e60b06038ba50214ffc,0.46635377848759096,8,4,8.0,2.0,astral-sh/ruff,0.5,True
4926bd58204839cb75a8ed1397e824bbc8f644ca,0.5723844018556544,1,0,1.0,0.0,astral-sh/ruff,0.0,False
a9b2876bd33264c826aaf38e462632f1f7bceb55,0.5753434671838162,11,4,12.0,12.0,astral-sh/ruff,0.36363636363636365,True
38c273aa235aca9a4b2d9e229c9d596f9eab2c65,0.575212468628793,16,3,12.0,12.0,astral-sh/ruff,0.1875,True
24dd149e0351b6c27abf8ac9896b9634d1daeb95,0.7344777169366492,15,0,15.0,15.0,astral-sh/ruff,0.0,False
7750704dec4865958912876cbe4e9b4445def7f6,0.5783002192815677,650,255,681.0,552.0,astral-sh/ruff,0.3923076923076923,True
48cf24d48bbf59fb8b236087e0966291a07674b9,0.5806101541308591,1566,1187,,,astral-sh/ruff,0.7579821200510856,True
b4c2825afdd8c1010c3a5859521629d2d1e0a6df,0.7758045288615104,110,86,99.0,0.0,astral-sh/ruff,0.7818181818181819,True
347452f41f5abe651362e936255551a32f45419d,0.5808448361092098,856,727,681.0,552.0,astral-sh/ruff,0.8492990654205608,True
d3b9e6000423608a20c3ac563f0e7441decea030,0.5835834474104494,1037,610,681.0,552.0,astral-sh/ruff,0.5882352941176471,True
c20cb8fc39878be34c3f56dc9b1982e13dbf52ac,0.5812500316880879,981,691,681.0,552.0,astral-sh/ruff,0.7043832823649337,True
41085248560b1403b8d0f99f108491e679531c6c,6.312768239663345,62,38,48.0,35.0,babel/babel,0.6129032258064516,True
5180ecdca48e486b4b0f347fcbd752f865df5e55,9.25637583339671,12,0,14.0,0.0,babel/babel,0.0,False
4ca8fd2fcac3bb1f076dc4ace5615b75e9e3cd92,2.0443321418612315,11,8,6.0,6.0,qtile/qtile,0.7272727272727273,True
65a3d20e2a2423a650bbaa9d5e21dc44fd9366a7,2.0443321418612315,5,5,6.0,6.0,qtile/qtile,1.0,True
5fed8371bdd32a185b8e7f1abd37e01a511f05b9,2.8732210307501203,4,4,2.0,2.0,qtile/qtile,1.0,True
923eb6a209e13d65ed2af1c44d886823b43b8c66,2.0443321418612315,3,3,6.0,6.0,qtile/qtile,1.0,True
13bee8befc81c1d5738c795b6b707e7ac26c616c,2.055287284204122,11,10,15.0,14.0,qtile/qtile,0.9090909090909091,True
c8fdbedd248173d3f415b411792a2980d7a448d2,4.738722558115953,65,45,70.0,70.0,qtile/qtile,0.6923076923076923,True
21f4e698e555ace903ffc725e2914fe57b660bb1,0.28516544350647705,14,13,18.0,18.0,HKUDS/LightRAG,0.9285714285714286,True
4955d136ae083c2be1236d8915913166e1790aad,1.2240187466727508,589,294,1153.0,371.0,bitsandbytes-foundation/bitsandbytes,0.499151103565365,True
7727fa4c8c6c1ef2b109120aff4196a0a6bf3ed6,3.8529094100945573,11,6,8.0,3.0,bitsandbytes-foundation/bitsandbytes,0.5454545454545454,True
4743ff0d43e04e4cc3e5d8b9e7cd016c0defa36d,2.395931883286435,269,269,154.0,52.0,bitsandbytes-foundation/bitsandbytes,1.0,True
bfa0e33294f2b1dc25e65a33be2397f989824298,4.091225726924734,500,216,284.0,42.0,bitsandbytes-foundation/bitsandbytes,0.432,True
5a4263f4dc05fe8f78f4111beab9f68a81deeab1,2.4754693639567016,92,35,154.0,52.0,bitsandbytes-foundation/bitsandbytes,0.3804347826086957,True
ea7c14f8ef64924f2d0ff80df3cdabf2c7299848,4.09053939463077,193,9,284.0,42.0,bitsandbytes-foundation/bitsandbytes,0.046632124352331605,True
526645c79160ab1ad4b4c3845de27d51263a405e,3.8008648629807085,149,0,257.0,0.0,element-hq/element-web,0.0,False
7921a6cbf86b035d2b0c1daecb4c24beaf5a5abc,3.8089562577635814,40,14,34.0,0.0,element-hq/element-web,0.35,True
2a6f290bc09324406708a4d404a88a45d848ddf9,4.397113056759703,90,71,45.0,44.0,psf/requests,0.7888888888888889,True
bfe6b459d3a0ce6168611ee1ac7e6e789709df9d,2.7286486931832585,42,37,52.0,40.0,vuejs/core,0.8809523809523809,True
d8cf3bdd79e948f30e73877652d7168e85175b76,2.1145762985778385,20,7,25.0,0.0,MaaAssistantArknights/MaaAssistantArknights,0.35,True
0d1cd4aefbc639850ec84de2573e370b76f09269,0.7707799072172788,24,11,45.0,43.0,MaaAssistantArknights/MaaAssistantArknights,0.4583333333333333,True
0deb74b16aac8f69e973a34598357daa711c688c,5.046170241082972,13,5,10.0,4.0,electron/forge,0.38461538461538464,True
717faf963b103b55f7041dc26e4fd825215aaf1d,1.0921636943240298,197,188,218.0,147.0,electron/forge,0.9543147208121827,True
d86e3cd521b345abf3c6548585d12d63a4226d55,2.3742890143737165,14,4,7.0,4.0,jupyterlab/jupyterlab,0.2857142857142857,True
6df5e0b6e8ec740ffa2f84f198820d1968e4d74d,4.508864425685096,10,7,6.0,2.0,jupyterlab/jupyterlab,0.7,True
1bcbf90f26bc9141681965a094c75985b758a2c9,4.164093910817046,15,15,10.0,9.0,jupyterlab/jupyterlab,1.0,True
dbdefed9db9332381fe4104bdf53ec314451951f,5.306171508606485,5,4,5.0,4.0,jupyterlab/jupyterlab,0.8,True
b57ec962a7b8cda65bb89a72223f195564f8387a,4.372139294496413,5,3,3.0,0.0,jupyterlab/jupyterlab,0.6,True
9711d46b29a56cbd43d927948fc5488be53c99ba,5.4700758612822264,131,100,157.0,35.0,baserow/baserow,0.7633587786259542,True
7957af562d5ce8266b177039783be4dc8bdd7898,4.233236050903744,490,228,456.0,327.0,borgbackup/borg,0.46530612244897956,True
9b2d5db56ebe3abc1306707e355b3a832295a494,1.580314726088169,3,3,5.0,0.0,biomejs/biome,1.0,True
409979ff132efdcb1e9fec3526d641966fd3f2bf,4.708592510203564,115,94,86.0,0.0,biomejs/biome,0.8173913043478261,True
4e8f9cc8d02b29c325b8a5a76b4837671bdf5f68,5.906310460871549,117,86,63.0,35.0,apache/airflow,0.7350427350427351,True
d67ac5932dabbf06ae733fc57b48491a8029b8c2,4.04650499404264,7,5,6.0,6.0,apache/airflow,0.7142857142857143,True
bfcae349b88fd959e32bfacd027a5be976fe2132,3.9371808058914493,20,3,10.0,0.0,apache/airflow,0.15,True
2a34dc9e8470285b0ed2db71109ef4265e29688b,3.938203380485208,9,0,5.0,2.0,apache/airflow,0.0,False
fdd9b6f65b608c516b8a062b058972d9a45ec9e3,6.098782955611327,3,0,3.0,0.0,apache/airflow,0.0,False
0a74928894fb57b0160208262ccacad12da23fc7,2.5375149250893605,3,3,6.0,4.0,apache/airflow,1.0,True
01a819a42daa7990c30ab9776208b3dcb9f3a28b,3.890251476664892,4,0,3.0,0.0,apache/airflow,0.0,False
cf5056d9c03b62d91a25c3b9127caac838695f98,6.437424423910564,101,18,71.0,9.0,portainer/portainer,0.1782178217821782,True
42e7db0ae7897d3cb72b0ea1ecf57ee2dd694169,6.33507088625244,1,0,1.0,1.0,portainer/portainer,0.0,False
58d66d3142950bb90a7d85511c034ac9fabba9ba,3.5956312900854313,4,1,7.0,4.0,portainer/portainer,0.25,True
7f5f010e1eea400300c47f776604ecf46c4b4f2d,4.088331907369382,62,52,103.0,28.0,bitwarden/server,0.8387096774193549,True
bae03feffecbef488cb52f5f5bc133dfdbbaa316,4.088356845894491,38,0,20.0,17.0,bitwarden/server,0.0,False
23b0a1f9df25058ab29785ecad9a233113c10889,4.789852491951225,5,1,8.0,0.0,bitwarden/server,0.2,True
34fb4cca2aa78deb84d4cbc359992a7c6bba7ea5,4.088471937029432,47,0,51.0,44.0,bitwarden/server,0.0,False
744c3b90418a47f0fadff5138c7c3923bf7d6fec,0.8645394770197987,5,5,9.0,9.0,guardian/frontend,1.0,True
ae850e298ab1a91fca24d7fd6f290c096f8f2e46,0.4429207544299947,1,1,1.0,0.0,guardian/frontend,1.0,True
3a30e4c1fbe641afc066b3af9eb01dcdf5ed8b24,1.7486790503713845,10,8,5.0,4.0,rust-lang/book,0.8,True
1fe891b287a1b3f225d29ee3d07e7b1824aba9e7,5.440637627702994,46,14,69.0,14.0,frappe/erpnext,0.30434782608695654,True
915b34391c2066dfc83e60a5813c5a877cebe7ac,5.078250785864578,19,8,10.0,9.0,frappe/erpnext,0.42105263157894735,True
3ffd50c772735877b330d010c1058f623da8721d,1.0011555694983143,1214,0,,,frappe/erpnext,0.0,False
eb9ee3f79b94e594fc6dfa4f6514580e125eee8c,2.8223607308540575,6,3,10.0,0.0,frappe/erpnext,0.5,True
8fe5feb6a4372bf5f2dfaf65fca41bbcc25c8ce7,4.9036529076989375,3,1,2.0,0.0,frappe/erpnext,0.3333333333333333,True
ec74a5e56617bbd76ac402451468fd4668af543d,2.5590845311430526,93,92,47.0,43.0,frappe/erpnext,0.989247311827957,True
494bd9ef78313436f0424b918f200dab8fc7c20b,4.511272720358963,75,67,54.0,0.0,frappe/erpnext,0.8933333333333333,True
7a482a69985c952de0e8193c9d4e086aee65ee6d,1.2885265356047355,8,8,10.0,10.0,frappe/erpnext,1.0,True
0e8f8677b8eb31e7834f72d1c6314d3c3f392ca6,1.001141626739676,1214,955,,,frappe/erpnext,0.78665568369028,True
4551d7d6029b6f587f6c99d4f8df5519241c6a86,5.11692581184881,9,1,6.0,1.0,frappe/erpnext,0.1111111111111111,True
b147b85e6ac19a9220cd1e2958a6ebd99373283a,5.080965124090552,3,1,3.0,3.0,frappe/erpnext,0.3333333333333333,True
5f473611bd6ed57703716244a054d3fb5ba9cd23,8.651164695667605,748,237,749.0,17.0,frappe/erpnext,0.31684491978609625,True
7f2c35052183b400827d9949a68b41c90f90a32d,8.285481215301544,214,150,131.0,0.0,paramiko/paramiko,0.7009345794392523,True
41f459e1dc6f7cdedd1268298153c970e290b2ce,8.47617781453596,38,23,52.0,45.0,zeromq/libzmq,0.6052631578947368,True
b079582532df982b81190a34fd0b1f9621ba8213,1.0122563819808859,40,40,69.0,68.0,redpanda-data/redpanda,1.0,True
6c71a11d23fdb05457996994f865dd17c10e2318,0.9770967690825665,210,172,126.0,93.0,redpanda-data/redpanda,0.819047619047619,True
0b64b2c3f7dd62a3770dbca42c11b3e92f71297e,1.920996305168961,3,2,2.0,2.0,redpanda-data/redpanda,0.6666666666666666,True
77f53ca22fb2ed2fe6cfba40ca6923928e8d8988,0.9353403617512105,3,3,4.0,0.0,redpanda-data/redpanda,1.0,True
efb217101ea58381443956ce0e9da3678857135c,0.368239504905316,13,13,15.0,15.0,redpanda-data/redpanda,1.0,True
fc822009898f760092ba69ceac439de88d2ade90,1.9234119831672878,13,12,25.0,24.0,redpanda-data/redpanda,0.9230769230769231,True
e3c23b96330a88fba88b6f1bd4f1fa68086e53fb,0.9353659340380764,19,17,19.0,19.0,redpanda-data/redpanda,0.8947368421052632,True
706add4a57120a93d7b7fe40e722b00d634c76c2,2.8439636093999545,6,3,3.0,0.0,home-assistant/core,0.5,True
6bb4e7d62c60389608acf4a7d7dacd8f029307dd,2.5170884034273837,102,94,60.0,43.0,home-assistant/core,0.9215686274509803,True
496d90bf00429d9d924caeb0155edc0bf54e86b9,4.50634481075874,19,19,16.0,6.0,home-assistant/core,1.0,True
053c4428a933c3c04c22642f93c93fccba3e8bfd,4.506298577838619,68,68,83.0,48.0,home-assistant/core,1.0,True
4de97abc3aa83188666336ce0a015a5bab75bc8f,7.169109026034933,59,28,118.0,12.0,home-assistant/core,0.4745762711864407,True
de19cfcd2bc8e774818d87472e8e64dc37c0b93d,3.8550096648667833,24,20,24.0,14.0,apache/maven,0.8333333333333334,True
efd2ac1ca4d88d8f5990259c98b673c603902896,0.437110997033995,646,636,561.0,540.0,headroomlabs-ai/headroom,0.9845201238390093,True
3cd47cff5da467ae7ca2a29490d8b04af897023f,3.8549753149795927,303,52,215.0,214.0,emscripten-core/emscripten,0.1716171617161716,True
752f66a7434386b4a8ed6e0e6babdafc23d78047,5.404522967526048,1732,1484,1401.0,40.0,emscripten-core/emscripten,0.8568129330254042,True
14c106a0a8cbc539d6efe4a4e7b4ee7bbb73a0a6,4.211068237128298,420,264,,,emscripten-core/emscripten,0.6285714285714286,True
2384d4e16f5309a642481387edb3774913fab382,3.146195464800872,11,9,17.0,17.0,emscripten-core/emscripten,0.8181818181818182,True
9b1a5910c4f31cff4949541a42ac956ba45e4701,11.924369945749994,1090,779,,,emscripten-core/emscripten,0.7146788990825688,True
5dbf740fd2064c89bc1112897f960a49caa7b6d1,4.57739099297792,973,511,,,emscripten-core/emscripten,0.5251798561151079,True
9b172f5ee09697d80f301e9b70aca1946419ce24,3.1818432010038786,90,55,55.0,48.0,withastro/starlight,0.6111111111111112,True
99f5ee8770683b51a4fd002781247610aeeaeadb,1.2320372588536517,18,7,18.0,7.0,NVIDIA/cuml,0.3888888888888889,True
990db7190ddbc026dcbf88936a9cd9ad860106fd,2.1408339987831773,1,0,1.0,0.0,NVIDIA/cuml,0.0,False
71bc290649b52c40d61e4cf98ba2d7643a9ee617,1.606521788729181,9,0,5.0,0.0,NVIDIA/cuml,0.0,False
cc68aee1b224cdca0587ecd7c57b098b07b9b1af,1.5470089930793216,29,15,26.0,12.0,NVIDIA/cuml,0.5172413793103449,True
d41a081cc5809ef0f14e1c7f4f77749ab044ec93,3.5483799148224198,6,3,8.0,1.0,NVIDIA/cuml,0.5,True
2f1157047c4db32897bcfe2c477c55c0708a34ec,2.0874333599513273,1,0,1.0,1.0,NVIDIA/cuml,0.0,False
6e759810119631e8360287d247afe1f452ff443d,1.5523891233807388,6,1,4.0,0.0,NVIDIA/cuml,0.16666666666666666,True
3bab4d1f79bbf811ce86759de223a0d6aebcd239,3.6195240132329456,193,101,240.0,182.0,NVIDIA/cuml,0.5233160621761658,True
6f7a1052f545c7d51d6893ac5791ace574671ed5,0.9356930818566684,6,6,5.0,0.0,NVIDIA/cuml,1.0,True
da72b463715e28d29e8db3be8d7c339ddcba4dcb,0.875704584632545,86,73,48.0,8.0,NVIDIA/cuml,0.8488372093023255,True
c52ca5265c8477be9a1d4b3863dd42a6c5527cd2,2.5518111960351866,15,0,19.0,0.0,NVIDIA/cuml,0.0,False
84989a5aad40cfa0d9bee427b0cfdac8fa177a5f,2.526873780008619,1,0,2.0,0.0,NVIDIA/cuml,0.0,False
b01e2d1d4cf358dbc0a435a663c546fa9cf3e3cb,1.4537358037366592,16,8,9.0,2.0,NVIDIA/cuml,0.5,True
1bcd5c731a76b261ed12cbb138361f0be58b0cf3,1.6829768106573377,4,3,5.0,0.0,NVIDIA/cuml,0.75,True
50bf0bca1a6b88b2a3e3cebf41f3b827fc9fb19e,0.29610509037442645,75,27,61.0,0.0,NVIDIA/nccl,0.36,True
a3ce94021e982212cc9c5af7fe74979ac77eddf5,0.29610509037442645,7,0,7.0,0.0,NVIDIA/nccl,0.0,False
a0f382ae4eb3be32851e579098ebb0023481ffd6,0.29610509037442645,1,0,1.0,0.0,NVIDIA/nccl,0.0,False
f4bf55d0033915b030380a8e1733b390235dbae6,0.29610509037442645,6,0,3.0,0.0,NVIDIA/nccl,0.0,False
d4ff2c08ca1c187493d409a86f39393dd7e466bb,0.29610509037442645,12,6,18.0,8.0,NVIDIA/nccl,0.5,True
8f93c896f77b6bbdb9e6543c02a46bae7f383631,0.29610512206251427,20,0,18.0,8.0,NVIDIA/nccl,0.0,False
0f900e1bb7806fcc4252301cf7977d3d68beb0e2,0.29610512206251427,8,0,7.0,0.0,NVIDIA/nccl,0.0,False
a1234caf1174d761558a978b4cb66f17955a164c,0.29610509037442645,9,0,18.0,8.0,NVIDIA/nccl,0.0,False
c18643fb59301bb50a1f69a4e1723fe073b7a22b,0.29610509037442645,4,0,3.0,0.0,NVIDIA/nccl,0.0,False
9ec1b126071f4c525f3017a0c0f7c791711b8760,0.29610509037442645,25,0,18.0,8.0,NVIDIA/nccl,0.0,False
9fcb8e72573eab784abdbfb80833aefc9cf6ac7a,0.29610512206251427,8,0,7.0,0.0,NVIDIA/nccl,0.0,False
754e024b2e27c6c00e54b2be6ee233f04d61072e,0.29610509037442645,20,0,18.0,8.0,NVIDIA/nccl,0.0,False
64632aac5a3157d0de49a66f912d54598ac8ff2a,0.29610509037442645,10,0,18.0,8.0,NVIDIA/nccl,0.0,False
dcc4eac2a5a301a3e8bf3bc10c3252d22383f5f2,0.29610512206251427,3,0,3.0,0.0,NVIDIA/nccl,0.0,False
dcc07cfe4ed3f7fb60c7a0d1563236eac0a0b053,3.21102270134611,8,1,11.0,9.0,obsproject/obs-studio,0.125,True
f8e00d6071ea1426f7f30055016cc7c3d080d64e,3.305284939285624,958,910,,,obsproject/obs-studio,0.9498956158663883,True
593664dcdb11951d2538bd78d6620b03ca95392a,3.21102270134611,11,11,11.0,9.0,obsproject/obs-studio,1.0,True
a1fbf1015f4079b79dc9ef4f6abecf67920e93cf,1.9873088574543059,162,156,239.0,222.0,obsproject/obs-studio,0.9629629629629629,True
30b63c68490be1b0e0cb250a61c9eca1b01c9076,0.3095351357517682,152,152,86.0,54.0,obsproject/obs-studio,1.0,True
7628265099724671a1682f6b298b509d2fa23855,3.1400713298856693,4,4,4.0,4.0,obsproject/obs-studio,1.0,True
f4733ec6a26bac21699daf3dfd6857ff5a1d3c07,2.5543176604051006,5,3,4.0,2.0,obsproject/obs-studio,0.6,True
b8cfacaec38d31413b0cd82718c9dc1e36beb9af,2.1276458919562957,102,89,169.0,160.0,obsproject/obs-studio,0.8725490196078431,True
64139a6bbd6f85155c709035d82e91f52c2e36fe,3.1401950718685834,3,3,4.0,4.0,obsproject/obs-studio,1.0,True
f53df7da64d2dfc542c24656720b2f47c8957164,7.270391759829645,104,43,112.0,94.0,obsproject/obs-studio,0.41346153846153844,True
1739272c4453ac005d315c2e22f43e119561435b,3.21102270134611,10,0,11.0,9.0,obsproject/obs-studio,0.0,False
2b3603b544bae2ad87374b65afaf8ac018216261,0.43297826830937713,392,392,416.0,368.0,apple/pkl,1.0,True
d54c7ecbd618afb4df524e0d96dec7fe7cc2935d,5.045683448677973,16,16,10.0,10.0,libfuse/sshfs,1.0,True
d395deac4e0d3f6b4f79213290b775298c0c82d6,3.482858994346845,31,15,48.0,35.0,ntop/ntopng,0.4838709677419355,True
118933eb7554bf8c7ebe632afda5af692d0e24a7,0.5340325943671255,11,9,22.0,12.0,comet-ml/opik,0.8181818181818182,True
860d083183b51a6f8d865408ef1a44aa694d6862,4.006830557456841,30,7,23.0,22.0,foundry-rs/foundry,0.23333333333333334,True
710a1584aae8e0f8ca8d5ba552632dc72381091e,1.2441542132481558,13,3,9.0,8.0,foundry-rs/foundry,0.23076923076923078,True
cdc7d21b5cca65d410b89d480b3ccf19594946c1,0.9099291454356478,4,4,2.0,0.0,typelevel/cats,1.0,True
f025b0198d55d7f5c09ee976eec9e274d8dd0309,4.665205402185211,66,0,130.0,0.0,typelevel/cats,0.0,False
fab4479a6b2975e5243565671a3a33a24469662d,1.4496914847770426,23,23,15.0,15.0,typelevel/cats,1.0,True
48e1a5a5af3bda6b2f99cd55bda00e14ef71aea7,4.832400943037493,46,37,63.0,55.0,typelevel/cats,0.8043478260869565,True
774fb51d1365e1adef7fa71f09b1410941264f60,7.92947277359495,40,20,45.0,4.0,typelevel/cats,0.5,True
26e3b5a37f91e62927478265d87cfc2932cf27e4,0.6420782632392831,1,1,1.0,0.0,typelevel/cats,1.0,True
42490f49d2a62289c8ca0a57357f323982eeb93b,1.6911284444951453,16,16,14.0,13.0,typelevel/cats,1.0,True
1531bf8f3c1b1ecd7e37f1548c5e2756a9d52767,4.625091166628641,12,0,13.0,13.0,typelevel/cats,0.0,False
b4d207e9fa9f1463f0827fe20101e7901fecf820,4.1150027885517275,10,4,9.0,1.0,typelevel/cats,0.4,True
8d98a602a7c2b01b26e9935bfecb0e7f2bbd6737,4.832592148959363,21,0,23.0,21.0,typelevel/cats,0.0,False
e053e287f092126328ffe7eb268281c81c041eed,7.219738826780237,10,7,8.0,4.0,typelevel/cats,0.7,True
4836a55c872a4f931b7f8678f98d9009ed3df84a,4.832412097244404,35,0,63.0,55.0,typelevel/cats,0.0,False
54a6f26b178f490d3816c5eac6d2256228bb065e,4.9749072806550565,4,3,3.0,2.0,typelevel/cats,0.75,True
6044f9569c62944aa2c2f4d6eca84cb9d7ca0d15,4.302530927573707,4,4,7.0,7.0,typelevel/cats,1.0,True
8995564ed6b9e453e144bb663303072a3c1ba305,0.41128514208938577,9,9,5.0,0.0,XRPLF/rippled,1.0,True
1d23148e6dd53957fcb6205c07a5c6cd7b64d50c,2.277538501026694,5,4,10.0,10.0,XRPLF/rippled,0.8,True
e2384885f5f630c8f0ffe4bf21a169b433a16858,2.447560999569042,13,1,12.0,11.0,XRPLF/rippled,0.07692307692307693,True
ada83564d894829424b0f4d922b0e737e07abbf7,0.9044745798159556,6,0,3.0,3.0,XRPLF/rippled,0.0,False
25cca465538a56cce501477f9e5e2c1c7ea2d84c,0.609669271427485,1,1,1.0,1.0,XRPLF/rippled,1.0,True
fe9c8d568fcf6ac21483024e01f58962dd5c8260,0.6677539800238295,169,37,281.0,201.0,XRPLF/rippled,0.21893491124260356,True
1d42c4f6de6bf01d1286fc7459b17a37a5189e88,0.9043229840038532,4,4,3.0,3.0,XRPLF/rippled,1.0,True
469ce9f291a4480c38d4ee3baca5136b2f053cd0,0.610100704743073,18,1,23.0,14.0,XRPLF/rippled,0.05555555555555555,True
34ef577604782ca8d6e1c17df8bd7470990a52ff,0.6517245924911907,3,3,5.0,0.0,XRPLF/rippled,1.0,True
958d8f375453d80bb1aa4c293b5102c045a3e4b4,0.6183362169493244,37,6,23.0,14.0,XRPLF/rippled,0.16216216216216217,True
1eb0fdac6543706b4b9ddca57fd4102928a1f871,0.8020754429994676,8,3,4.0,4.0,XRPLF/rippled,0.375,True
c14ce956adeabe476ad73c18d73103f347c9c613,1.1058906253961012,9,0,10.0,10.0,XRPLF/rippled,0.0,False
2c1fad102353e11293e3edde1c043224e7d3e983,0.6096688277942556,23,11,23.0,14.0,XRPLF/rippled,0.4782608695652174,True
b13370ac0d207217354f1fc1c29aef87769fb8a1,1.1084283975967755,77,76,126.0,22.0,XRPLF/rippled,0.987012987012987,True
896b8c3b54a22b0497cb0d1ce95e1095f9a227ce,1.1062979757649505,12,9,10.0,10.0,XRPLF/rippled,0.75,True
97f0747e103f13e26e45b731731059b32f7679ac,1.136161907115877,7,4,9.0,3.0,XRPLF/rippled,0.5714285714285714,True
3d1b3a49b3601a0a7037fa0b19d5df7b5e0e2fc1,0.7338508948715998,6,6,6.0,2.0,XRPLF/rippled,1.0,True
5865bd017f777491b4a956f9210be0c4161f5442,0.5703207468248536,3,1,2.0,0.0,XRPLF/rippled,0.3333333333333333,True
552377c76f55b403a1c876df873a23d780fcc81c,1.9566953443861383,20,11,29.0,16.0,XRPLF/rippled,0.55,True
3c9f5b62525cb1d6ca1153eeb10433db7d7379fd,0.7281182979694273,17,2,11.0,0.0,XRPLF/rippled,0.11764705882352941,True
ffea3977f0b771fe8e43a8f74e4d393d63a7afd8,0.5414098030268462,6,4,12.0,10.0,XRPLF/rippled,0.6666666666666666,True
8eb233c2ea8ad5a159be73b77f0f5e1496d547ac,0.9136933416989885,5,4,7.0,3.0,XRPLF/rippled,0.8,True
72f4cb097f626b08b02fc3efcb4aa11cb2e7adb8,0.5389807843435496,9,4,7.0,6.0,XRPLF/rippled,0.4444444444444444,True
0c74270b055133a57a497b5c9fc5a75f7647b1f4,0.5717484219332268,3,1,2.0,0.0,XRPLF/rippled,0.3333333333333333,True
9eb84a561ef8bb066d89f098bd9b4ac71baed67c,0.8024127943823358,34,16,18.0,12.0,XRPLF/rippled,0.47058823529411764,True
813bc4d9491b078bb950f8255f93b02f71320478,0.8216188810302432,7,3,6.0,6.0,XRPLF/rippled,0.42857142857142855,True
0976b2b68b64972af8e6e7c497900b5bce9fe22f,0.6157527188379345,17,11,14.0,9.0,XRPLF/rippled,0.6470588235294118,True
dc8b37a52448b005153c13a7f046ad494128cf94,1.0322439285623748,4,3,8.0,2.0,XRPLF/rippled,0.75,True
0eebe6a5f4246fced516d52b83ec4e7f47373edd,2.4475609678809542,3,0,5.0,3.0,XRPLF/rippled,0.0,False
5f638f55536def0d88b970d1018a465a238e55f4,0.6705102732780693,22,6,25.0,6.0,XRPLF/rippled,0.2727272727272727,True
a0e09187b9370805d027c611a7e9ff5a0125282a,0.6682980011154207,165,44,281.0,201.0,XRPLF/rippled,0.26666666666666666,True
50760c693510894ca368e90369b0cc2dabfd07f3,6.4365528747433265,75,26,77.0,40.0,XRPLF/rippled,0.3466666666666667,True
a450cb69b5e4549f5515cdb057a68771f56cefd7,4.900156887722767,252,246,126.0,123.0,dotnet/aspnetcore,0.9761904761904762,True
8fcaaf6a165e661f63fc51be906bc05b0767332f,0.9681095520571906,37,34,72.0,70.0,vllm-project/vllm,0.918918918918919,True
d6953beb91da4e9c99be4c0a1304a2d24189535c,0.9875885048292646,112,25,155.0,91.0,vllm-project/vllm,0.22321428571428573,True
3678cf7c6c1f949b39759867aefaa735cef8de17,6.008047063148021,10,9,6.0,5.0,emacs-lsp/lsp-mode,0.9,True
485d8d23d096cb98aa9b79249a3c96c25ad61e6a,6.357405981443455,1,1,2.0,0.0,emacs-lsp/lsp-mode,1.0,True
bac42c50b370f3716f258506dc1ae9f62906313f,6.311899795928714,7,7,13.0,5.0,emacs-lsp/lsp-mode,1.0,True
220d67462810db2c445ce80efc11eb9151cb2917,6.006695154257612,2,2,1.0,0.0,emacs-lsp/lsp-mode,1.0,True
b08232485c050708ea261405ced8d704a5861d49,6.11350023449185,219,0,404.0,267.0,emacs-lsp/lsp-mode,0.0,False
c7199f6bd95d174b20bb5f6fb4e7b24c6ce1784a,6.08765771161305,5,0,10.0,8.0,emacs-lsp/lsp-mode,0.0,False
57a33363aa03a38a1c5a57019362735cebdd15a4,6.006698893451974,115,107,62.0,61.0,emacs-lsp/lsp-mode,0.9304347826086956,True
1c18d4362d7cacc3b4ef8ff5cc9f336c123a89e5,6.112572502344919,6,6,6.0,6.0,emacs-lsp/lsp-mode,1.0,True
1530757b9c66c88ef77cf97bd023211de9833ed0,6.1124481899764245,1,0,1.0,0.0,emacs-lsp/lsp-mode,0.0,False
ad632a1de8e2f3fc337527d1c9644299558d9bda,6.006965263518138,38,0,19.0,19.0,emacs-lsp/lsp-mode,0.0,False
19fa83fb64c300a4a3ca22b5e42ff082fe260bae,3.531427041346617,58,58,56.0,47.0,linuxmint/cinnamon,1.0,True
367ff2c0c9719495a85bc9100d75460003f43865,2.8717563439551803,184,171,136.0,133.0,linuxmint/cinnamon,0.9293478260869565,True
18d2377f8839c842232e096570d7b25a46953f39,3.91233474662205,68,22,86.0,68.0,linuxmint/cinnamon,0.3235294117647059,True
a76ab284a8d30c669b5ad2278bbcd050dea13abe,1.4631312900854312,21,21,13.0,6.0,foliojs/pdfkit,1.0,True
6ca4d4d167a1a009d99062747711de7a994aa633,1.0128451783405583,5,4,3.0,3.0,frappe/frappe,0.8,True
26ae0f3460f29116e0c083d57eee9f33763237ea,2.6469089854741807,5,5,3.0,3.0,frappe/frappe,1.0,True
c35476256f85271fb57584eb0a26f4d9def3caf4,2.822283221791264,4,2,2.0,2.0,frappe/frappe,0.5,True
de9ac897482013f5464a05f3c171da0072619c3a,2.6521773835779654,7,5,5.0,2.0,frappe/frappe,0.7142857142857143,True
fa6dc03cc87ad74e11609e7373078366fdcb3e1b,3.3155477285978656,6,1,8.0,2.0,frappe/frappe,0.16666666666666666,True
745297a49d516e5e3c4bb3e1b0c4235e7d31165d,4.606373488478211,3,3,5.0,0.0,frappe/frappe,1.0,True
e9bbe03354079cfcef65a77b0c33f57b047a7c93,1.889031485284052,32,32,22.0,0.0,frappe/frappe,1.0,True
b2fc959307c7c79f5584625569d5aed04133ba13,4.595922281795827,25,19,16.0,3.0,frappe/frappe,0.76,True
f223bc02490902dfcc32892058f13f343d51fbaf,3.3316714832560144,9,6,6.0,5.0,frappe/frappe,0.6666666666666666,True
8723a2b6ee9dbec800077f18202ba53b0ef553e7,0.7737583973432707,5,5,9.0,8.0,frappe/frappe,1.0,True
2eec621e95564c359ad22da79501a855c1f32b03,4.109547367353664,6,2,9.0,1.0,frappe/frappe,0.3333333333333333,True
84ef6ec677c8657c3243ac456a1ef794bfb34a50,1.8232464445965473,4,2,2.0,2.0,frappe/frappe,0.5,True
c0c5b2ebdddbe8898ce2d5e5365f4931ff73b6bf,4.471011768955814,26,18,32.0,8.0,frappe/frappe,0.6923076923076923,True
81b37cb7d2160866afa2496873656afe53f0c145,4.251885472913022,4,2,8.0,5.0,frappe/frappe,0.5,True
fe20515c23a3ac41f1092bf0eaf0a0a452ec2e85,5.440746412908459,30,28,24.0,0.0,frappe/frappe,0.9333333333333333,True
40f27f908a3890c9a90d2d96794fc31fcea63c59,4.158456441554491,71,17,88.0,40.0,frappe/frappe,0.23943661971830985,True
85e3ee940353d7b0b517b33815148672e9a8b15b,4.161477520470505,118,113,167.0,81.0,frappe/frappe,0.9576271186440678,True
34460265554242a8d05fb09f049033b1117e1a2b,5.075955934545086,3,3,3.0,3.0,frappe/frappe,1.0,True
629447b151dc49cf4d9a57719beff12983cf1907,6.151056417471544,32,32,41.0,0.0,dotnet/msbuild,1.0,True
9a0cef6f75bf13ffbbde956b8f7d7ad7d6e0d996,2.907109127436814,3,3,5.0,3.0,dotnet/msbuild,1.0,True
6ceb9e9a15dd82942698c4f891627303de05c91e,6.7500309275737065,101,24,150.0,144.0,PyGithub/PyGithub,0.2376237623762376,True
07e29fe014b7e214e72b51129fbef55468a7309d,6.019510355667098,6,3,3.0,3.0,PyGithub/PyGithub,0.5,True
e113e37de1ec687c68337d777f3629251b35ab28,5.734986057241362,12,4,10.0,4.0,PyGithub/PyGithub,0.3333333333333333,True
540a0850017e836f13a8c566abfdf7f6a952ffe3,6.749155512459756,7,1,14.0,9.0,PyGithub/PyGithub,0.14285714285714285,True
bc96c774be6e307e8e3e4d39780d37b045d0973a,5.999156209597688,102,78,53.0,18.0,twisted/twisted,0.7647058823529411,True
1e42d3e2a81ed2476f83e6f53a3f9ec8bc42c8ae,5.891941687580805,37,37,24.0,13.0,twisted/twisted,1.0,True
4e32a8bf6a1e1af1e04b67c759841ccef44b2235,0.1558061449539889,98,82,87.0,46.0,BerriAI/litellm,0.8367346938775511,True
7b2d3440cba3160277470f7a0180098ae9b87864,0.16495354526326464,3,1,2.0,2.0,BerriAI/litellm,0.3333333333333333,True
48b5a5a0cc5a694a11219416ee0b6eb6e620e74e,0.2612718964686795,25,11,29.0,21.0,BerriAI/litellm,0.44,True
338e411103ad5d7003e97f34f04fa36bca542dbe,0.15564044794280935,24,22,44.0,44.0,BerriAI/litellm,0.9166666666666666,True
7edf3a9cb55548b143df1692f4ed7c4681d7fcf7,0.32435955205719064,18,7,22.0,20.0,BerriAI/litellm,0.3888888888888889,True
c9887a1f94bc1e7e4bdfe64d640f0509a0bc19dd,0.1589535008999417,13,13,15.0,15.0,BerriAI/litellm,1.0,True
2708620d6a599cc73c1950a942d26ac26a7ed3d4,0.15720473039774888,28,25,55.0,55.0,BerriAI/litellm,0.8928571428571429,True
17bfd415aeb5a57fb646b5cc67da1c730aa7c50b,0.2668840469490709,7,2,6.0,6.0,BerriAI/litellm,0.2857142857142857,True
876840e9957bc7e9f7d6a2b58c4d7c53dad16481,2.3861248954293104,14,0,8.0,0.0,BerriAI/litellm,0.0,False
b604e2b20c6db2099085a2f0e59b7e99e87eed6f,0.16509728242958907,28,19,25.0,14.0,BerriAI/litellm,0.6785714285714286,True
397e8e4918777e4e60a7f5e88699e0a9a7dabb3d,0.1653744581336984,6,1,3.0,0.0,BerriAI/litellm,0.16666666666666666,True
2a2cf00ab0c007a7a63229960387fa47a33d9a92,0.15649051258650848,896,683,870.0,748.0,rainmeter/rainmeter,0.7622767857142857,True
2665c120981af548433645c6383b3580dd8f8fc4,2.217587237305752,3,2,4.0,2.0,rust-windowing/winit,0.6666666666666666,True
3398ebe467c43ccfd91916c5b81ff3c68f598556,2.160206638020635,17,7,11.0,11.0,rust-windowing/winit,0.4117647058823529,True
7b0c7b6cb2c62767ca0c73c857b299883f55a883,2.4148780959261793,54,40,54.0,0.0,rust-windowing/winit,0.7407407407407407,True
9b0340a09276f93c054d705d1b9a5f24cc5dbc97,1.799245158060182,12,12,12.0,8.0,coder/code-server,1.0,True
71183da18ae6b0b6b2e8f0c52ea9976232e54f41,2.1857023030902223,6,6,8.0,5.0,statelyai/xstate,1.0,True
f51bf4d8907307ace083a0decb34668176c7fad3,2.815598809795422,135,67,72.0,68.0,statelyai/xstate,0.4962962962962963,True
94037fe9c429839f0508ddcd287718b659276e3b,2.179956523943519,128,121,125.0,125.0,statelyai/xstate,0.9453125,True
1335797903a57716e9a02b0ffd8ca636b3883c62,4.494537702486881,36,0,37.0,0.0,withastro/astro,0.0,False
72c7ae9901de927ae8d9d5be63cbaef4f976422c,2.143870066164727,6,0,7.0,0.0,withastro/astro,0.0,False
6ddd7678ffb6598ae6e263706813cb5e94535f02,4.77095530078333,42,38,39.0,1.0,withastro/astro,0.9047619047619048,True
062623438b5dfd66682a967edc7b7c91bd29e888,2.606119128197328,4,1,4.0,0.0,withastro/astro,0.25,True
59e8c71786fd1c154904b3fefa7d26d88f4d92d2,4.22897977032474,46,33,23.0,11.0,withastro/astro,0.717391304347826,True
92268e16d5666d429ccea1742ecb90475f284c89,1.5347916825107106,8,6,5.0,5.0,locustio/locust,0.75,True
b5324820b299b1fe7da0608f0cc8ec47f58b1e40,2.700941421400867,34,32,17.0,11.0,locustio/locust,0.9411764705882353,True
6ec972f4dbb880bf0c7a11809e6c1ba194c9784c,4.582602510964079,7,5,10.0,5.0,locustio/locust,0.7142857142857143,True
7c0fcc213d3988f6e7c6ffef63b24afe00e5fbd9,6.080983439805308,150,130,89.0,21.0,locustio/locust,0.8666666666666667,True
2e7a8b5697a98d1d314d6fc3ef0589f81f09d7fe,5.417647444672599,3,3,6.0,4.0,locustio/locust,1.0,True
496c5bd40347b97f917ccacfaf57ceed8f6690b5,1.534713222805283,1,1,2.0,1.0,locustio/locust,1.0,True
64428a0b4dfc75a00b175b4231db33704d8f5d36,2.5722989707709076,16,14,26.0,0.0,locustio/locust,0.875,True
f99e9df700a8020e4c1967eb42dcb37ddd26e296,2.692456207062641,22,21,12.0,11.0,locustio/locust,0.9545454545454546,True
313b80f27f525441c449593a3aeaf38389f63c13,4.582551905087839,3,3,2.0,0.0,locustio/locust,1.0,True
60f3bceacc4ab9567433d40ae3ed280750f55ff1,2.6984299186249907,5,1,7.0,3.0,locustio/locust,0.2,True
3daf6593d89c608a6660a6c0b872eeb2607548ba,13.47799259132507,900,199,484.0,0.0,YOURLS/YOURLS,0.22111111111111112,True
4136239a48e7169832b22f93f0aae0bd7164a632,1.1178898902324639,5,5,6.0,0.0,growthbook/growthbook,1.0,True
c633ea5b2524d9463228e01f8d369ef9166c3f05,0.1081407965117753,57,57,38.0,38.0,apache/maka,1.0,True
c46262dfb5777fd17c246e1b39ec7039778a63a2,1.8593883882171014,299,299,152.0,111.0,enso-org/enso,1.0,True
0aa7d7ee4d969ec8e8f9d376e72741dca324fdf6,3.1811969224529113,3,0,3.0,0.0,enso-org/enso,0.0,False
b4f265d9f67508677e1697e74e248b895da7f43c,4.634183081096154,21,20,15.0,14.0,OctoPrint/OctoPrint,0.9523809523809523,True
2231e81efd32d649798f7a58cdb1755e34902d8a,3.6021249397926334,12,3,13.0,9.0,OctoPrint/OctoPrint,0.25,True
822571b6a8177722709597949b96bc2ca477ccd3,1.267228749968312,63,63,76.0,8.0,OctoPrint/OctoPrint,1.0,True
6b44909f21ee39237b7504cd31ffa6cf28275c33,5.975746824853601,917,580,,,OctoPrint/OctoPrint,0.6324972737186477,True
56e800b698e1cf5cc1ea67f36c7152d28f741c85,1.2673195046518113,16,14,8.0,1.0,OctoPrint/OctoPrint,0.875,True
1f93b2355a2816918e11a55e61b42010d15a6720,5.976394624432783,668,619,,,OctoPrint/OctoPrint,0.9266467065868264,True
222bf25f6cedec34ea52b25eeb5af0fec22d082f,1.26728154232261,102,98,76.0,8.0,OctoPrint/OctoPrint,0.9607843137254902,True
4273f1cde06f3622f50c2846078398c1977a49c4,1.5349150125484827,187,183,308.0,0.0,hibernate/hibernate-orm,0.9786096256684492,True
9c7dd3bf34dfbb2f4fa9eb79a0294c2cc759c836,1.6077133558952519,2,0,2.0,0.0,hibernate/hibernate-orm,0.0,False
c448b6ba40c93c648b8d645d59ccf4bba55df567,0.4778965764189926,11,11,6.0,6.0,hibernate/hibernate-orm,1.0,True
c57ae64b723fc6c7cb23a06a6b871869dca6ff3f,0.4778855172763455,101,0,127.0,95.0,hibernate/hibernate-orm,0.0,False
8c2867d26dfff8a4cf33bc59d5a8dee159f3256a,2.82902369001445,15,0,10.0,8.0,bentoml/OpenLLM,0.0,False
ac377fe490bd886cf76c3855e6a2a50fc0e03b51,2.551835976119857,5,0,7.0,4.0,bentoml/OpenLLM,0.0,False
c8c9663d06e49da327ed53a22bea79f78d808aa9,2.45547227926078,24,2,13.0,0.0,bentoml/OpenLLM,0.08333333333333333,True
787ce1b3b63ecbacde371550f46fa7429f3e4db2,2.765954381828783,9,0,5.0,0.0,bentoml/OpenLLM,0.0,False
eddbc063743b198d72c21bd7dced59dbd949b9f1,2.7682062007250234,1,0,1.0,0.0,bentoml/OpenLLM,0.0,False
806a663e4aa2b174969241f6e310e05762e233f0,2.757872810353132,32,0,30.0,0.0,bentoml/OpenLLM,0.0,False
1488fbb167a0ae5b0770f33f50a7ee7f7b2223c9,2.7685463406596194,36,4,43.0,0.0,bentoml/OpenLLM,0.1111111111111111,True
b545ad2ad1e3acbb69f6578d8a5ee03613867505,2.746207221081451,46,0,30.0,0.0,bentoml/OpenLLM,0.0,False
7d893e6cd217ddfe845210503c8f2cf1667d16b6,2.7408299427079372,2,0,3.0,0.0,bentoml/OpenLLM,0.0,False
5cd1f0eb1668f06bf20378d6d4308fd4a1890581,3.3819783190103174,11,3,9.0,9.0,ohmybash/oh-my-bash,0.2727272727272727,True
4c2bb43775947775401cbb9d774823c5723a91f8,4.024309960199762,77,65,79.0,34.0,neondatabase/neon,0.8441558441558441,True
585037a80a1177f1fa92e159a7079855782e543e,5.093608607752174,4,1,3.0,2.0,pypa/pip,0.25,True
2495cf95a6c7eb61ccf1f9f0e8b8d736af914e53,5.478568458944913,3,2,4.0,3.0,pypa/pip,0.6666666666666666,True
94999255d5ede440c37137d210666fdf64302e75,5.093608702816438,46,30,45.0,40.0,pypa/pip,0.6521739130434783,True
1bc0eef05679e87f45540ab0a294667cb3c6a88e,5.169443335361371,28,15,15.0,13.0,pypa/pip,0.5357142857142857,True
8a6f6ac19b80a6dc35900a47016c851d9fcd2ee2,5.588905081501762,38,22,22.0,10.0,pypa/pip,0.5789473684210527,True
8e2e1964a4f0a060f7299a96a911c9e116b2283d,5.169781193753644,110,86,90.0,89.0,pypa/pip,0.7818181818181819,True
1897784d59e0d5fcda2dd75fea54ddd8be3d502a,5.1319321494663726,130,90,180.0,155.0,pypa/pip,0.6923076923076923,True
c7ee560e00b85f7486b452c14ff49e4737996eda,5.1698614279919894,25,19,13.0,5.0,pypa/pip,0.76,True
acfcae8941bb12ecfc372a05c875a7b414992604,1.6352019798717266,3,3,4.0,3.0,pypa/pip,1.0,True
79176693d4166757031f4b4d0c118ba4a0332d06,0.29313182878292393,10,10,6.0,2.0,pypa/pip,1.0,True
069b01932a7d64a81c708c6254cc93e1f89e6783,5.167967811240398,174,105,90.0,89.0,pypa/pip,0.603448275862069,True
27152c63cc74d526e3adca721ac12e8842ac6fa5,4.463628571247496,11,2,8.0,4.0,quantumlib/Cirq,0.18181818181818182,True
9c376c4e72ec924ee909a6c31147d703e69f1078,1.364191668567952,20,17,15.0,14.0,quantumlib/Cirq,0.85,True
084e273aba66bb31ed4fc524ffbbedadbf840a59,3.206753143458311,9,9,18.0,9.0,quantumlib/Cirq,1.0,True
2d15b76c2a9ab1f0e49a3f2348c7cfd159c1a469,0.02429693639567014,5,5,6.0,6.0,quantumlib/Cirq,1.0,True
01a7cb94a90482557ac26b705adbb379e139a7b2,4.465633825132456,28,7,44.0,15.0,quantumlib/Cirq,0.25,True
5cf0e8df8f3e097b8d496cba1c2d4bd04cb83546,1.5580677237812761,38,35,23.0,23.0,quantumlib/Cirq,0.9210526315789473,True
8b02d60a9721e19bbe34507343627087a65ac55e,1.3394676401247243,125,114,215.0,203.0,quantumlib/Cirq,0.912,True
d1e68b15fd2a6bf40d286bc0439dc7ce9cbd127c,1.3859748840215986,20,20,19.0,17.0,quantumlib/Cirq,1.0,True
032720579c4663ef5942f9c093f13607e455272a,0.19504208178061702,3,3,3.0,2.0,quantumlib/Cirq,1.0,True
77fb93af5ebbb5bcf7f8a4dc3fd2fba0e827488c,4.507126746013639,30,18,15.0,11.0,quantumlib/Cirq,0.6,True
250f12964f027c68775c5c7989f7b6000f989f06,1.5117240537936978,14,9,18.0,15.0,quantumlib/Cirq,0.6428571428571429,True
cb6940a40141dba95cba84f5acc27acbeb65b17c,4.507199501863259,21,19,15.0,11.0,quantumlib/Cirq,0.9047619047619048,True
f14948c48b66ab15e5b0d50cd2eb71bf6513ce4b,0.6568896874287018,8,7,6.0,6.0,quantumlib/Cirq,0.875,True
1a6c16a07cb37136a7674dc9f2e114942c88e02b,2.530408427763835,15,15,11.0,4.0,quantumlib/Cirq,1.0,True
7a335e3ef297057b4a12f7c21d4e8dd426b44ca0,5.5599126042538085,10,8,12.0,2.0,quantumlib/Cirq,0.8,True
a61e51b53612735e93b3bb8a7605030c499cd6c7,5.831817913909803,49,42,82.0,26.0,quantumlib/Cirq,0.8571428571428571,True
f94250eddf49c168fb1dcc2dfdd4a924ce648370,1.0217558686338633,8,5,5.0,0.0,dependabot/dependabot-core,0.625,True
f8acdfb85fdc4749f9cd1f29eb428cafd11478cd,1.0295512016122899,27,27,18.0,17.0,dependabot/dependabot-core,1.0,True
cdeed7e3a9e4fb5d2ac4c47e1c0409c64c2c76ef,1.0293429474991762,9,9,5.0,5.0,dependabot/dependabot-core,1.0,True
3fc49229761517cf3dc6979018a9a2d84f733ece,3.062901424696428,71,42,37.0,28.0,dependabot/dependabot-core,0.5915492957746479,True
0f69e2d8016435d393646a30c81e64c1ed0a942c,1.0293921590995514,17,17,18.0,17.0,dependabot/dependabot-core,1.0,True
653539603c43f638abb4d1fbdabe7c4c9df4bd81,1.0296857175450604,42,38,38.0,38.0,dependabot/dependabot-core,0.9047619047619048,True
85172b56467668bee9fa0e68081027b13bc18c4a,2.8564966600755444,5,4,5.0,5.0,ArduPilot/ardupilot,0.8,True
961ce04d240560ea5d54b5d1ab40e6b5d76b4474,1.0828050612213858,24,24,17.0,17.0,jupytext/jupytext,1.0,True
d02f476804ae73d79059e3243ecb4c814f53bea1,6.548608322559383,1,0,2.0,0.0,rust-lang/cargo,0.0,False
c4922052fc7470264f3df491213f74142ac67ebf,7.26798793317616,2,0,2.0,0.0,rust-lang/cargo,0.0,False
43c253e69a20321cdfd73d632fa5ec641b1aace3,3.2218991304788704,1,1,1.0,0.0,rust-lang/cargo,1.0,True
b9554f37abe4f802dd615a550773105a8b2eb386,5.924731126574898,5,2,8.0,7.0,rust-lang/cargo,0.4,True
a4e9611453cb4ba3f9bcc34f2851546f57152229,7.216533893578726,10,1,15.0,3.0,rust-lang/cargo,0.1,True
4787dd3acfb32c6d608342bca115094e1ed866e7,5.8250171749435955,3,0,5.0,0.0,rust-lang/cargo,0.0,False
f39302f432f62e29910c876f766eb8a324cee843,7.3327764151900015,52,0,30.0,0.0,rust-lang/cargo,0.0,False
72d6c5411a215ce5ab0ff22b1e1e1525883b7c33,4.35522324257865,3,0,2.0,0.0,rust-lang/cargo,0.0,False
a4e3b81a55b8c142ab1b84f4f209414a72727e86,7.001066272466854,17,4,24.0,0.0,rust-lang/cargo,0.23529411764705882,True
1e6828485eea0f550ed7be46ef96107b46aeb162,8.54692479783,1385,311,,,rust-lang/cargo,0.22454873646209386,True
1ce80236261a3cd42a95b1f1abcffede87cafef4,1.236630827439349,3,3,2.0,0.0,rust-lang/cargo,1.0,True
b0c181d91ccfe1d27d4c7133049a6bfe5bacf29b,8.546924132380155,29,0,25.0,12.0,rust-lang/cargo,0.0,False
ba81441f297c6d9799473a62af021236b8bc9ed8,6.923054890105711,14,0,9.0,0.0,rust-lang/cargo,0.0,False
6f8c7d5a87526d10e3bbfa4098a1002076386068,6.008915094937511,67,63,82.0,79.0,rust-lang/cargo,0.9402985074626866,True
9dc70a3dabb291052a4d117b8348c9b461d1b570,6.980039610109768,4,4,4.0,2.0,rust-lang/cargo,1.0,True
29b7e90ba37f311baaf448894bbf04721bed5791,7.280221689862347,13,2,7.0,1.0,rust-lang/cargo,0.15384615384615385,True
7f1bacc7dc9caf6d0ec042e39499bbf1d9a7d065,4.667981690622861,123,50,90.0,35.0,ray-project/ray,0.4065040650406504,True
77c68c7472afa07ea60cc02c8bbeb4d88dabd803,0.03406222272923163,87,17,50.0,50.0,ray-project/ray,0.19540229885057472,True
809462301b7e19d95dcf160ae9a85e1fe2c49b0d,1.0956035630085939,47,28,37.0,33.0,quarto-dev/quarto-cli,0.5957446808510638,True
de921d5ae4821cada6af1f5d11068f8f5d63e27d,1.6453658072857251,41,40,39.0,31.0,instantdb/instant,0.975609756097561,True
d440a98ac5a6e18f050692e410d2ae4b3db792e0,1.013073712829873,39,4,31.0,18.0,instantdb/instant,0.10256410256410256,True
0fc48ea8251992954bd6f19a940fc5a32adc577e,0.851188493421553,10,9,6.0,5.0,instantdb/instant,0.9,True
129882d2fdb4e7f597ed78eeadd86377f3d6b078,1.53490766091211,67,67,37.0,15.0,eslint/eslint,1.0,True
1f42bd7876ae4192cf7f7f4faf73b4ef3d2563cb,0.5331545491418865,52,49,26.0,24.0,eslint/eslint,0.9423076923076923,True
0493f53f3fcec4ed69a1808dffa153dcff1380d3,0.24242477247952948,13,13,9.0,9.0,eslint/eslint,1.0,True
9c54b78d9dde5601e916f308d9a9d6953ec39430,1.1964038139782494,201,187,161.0,95.0,AUTOMATIC1111/stable-diffusion-webui,0.9303482587064676,True
54c97479356ecf41b4b63733494a1be2ab919e17,2.3143594253048394,14,11,7.0,6.0,valkey-io/valkey,0.7857142857142857,True
af811748e7819a5ac31a6df4b21622aa58c64ae4,2.0157029685400665,97,94,53.0,45.0,valkey-io/valkey,0.9690721649484536,True
c41dd77a3e93e02be3c4bc75d8c76b7b4169a4ce,2.357133305447816,241,225,166.0,122.0,valkey-io/valkey,0.9336099585062241,True
6261427e662d9c3733568c33f760c5f5a2100c6d,8.008934202854462,75,25,69.0,2.0,readthedocs/readthedocs.org,0.3333333333333333,True
8cae85b14d2dbc99300f17d33a493922ef0481c1,3.143769900119147,37,35,41.0,35.0,readthedocs/readthedocs.org,0.9459459459459459,True
2a6af433b42faa53950d5c23e82774deb4f015d8,1.5558781402895023,9,7,12.0,10.0,readthedocs/readthedocs.org,0.7777777777777778,True
0d9f871a4f7c478fdf3f7b699d74e77506e978a4,6.092464731158263,20,11,18.0,14.0,icsharpcode/ILSpy,0.55,True
ff3f706e271362f94ae90d8fb0c407903b58b23c,3.8947203209369534,48,38,84.0,48.0,questdb/questdb,0.7916666666666666,True
064151d6b9d66fa6b9480cdaecbe5714982d810b,1.2477349037949654,11,7,22.0,22.0,antiwork/shortest,0.6363636363636364,True
1f7eb309b14e0b0f1c5bea7030336c266eca53f3,1.2477365515755316,6,6,4.0,1.0,antiwork/shortest,1.0,True
2f48d92b28eb16b0410551a62e5286b73e55263c,1.2856094569929273,12,1,6.0,6.0,antiwork/shortest,0.08333333333333333,True
ce6d23806ac4c91e678c34f24d0010829fbbfc94,4.481103601034299,294,87,158.0,156.0,hylang/hy,0.29591836734693877,True
1b8d0b4d9670ecbca944decc68e08643500ad3c7,4.4753297145537045,5,0,3.0,0.0,hylang/hy,0.0,False
c2a0e4634a2100494159add78db2ee06f5eb9be6,2.8500452189013106,445,387,244.0,137.0,google/gson,0.8696629213483146,True
2c94c757a6a9426cc2fe47bc1c63f69e7c73b7b4,2.8610682688163864,624,541,,,google/gson,0.8669871794871795,True
35d6ee2790e41e96f243c1ff58be0c9c0519a8ce,7.39446291859964,160,75,95.0,68.0,simonw/datasette,0.46875,True
2b344f6a34d2adaa305996a1a580ece06397f6e4,8.436144700484194,305,94,160.0,11.0,simonw/datasette,0.3081967213114754,True
368638555160fb9ac78f462d0f79b1394163fa30,8.366306499860572,688,26,460.0,27.0,simonw/datasette,0.0377906976744186,True
4256c20d7fa3514651df10f4dbc38bcd8fa012e3,7.569928226481101,126,90,64.0,0.0,dahlbyk/posh-git,0.7142857142857143,True
c552ad4182dc6dffa9520041f1951bebf0dc4fc8,1.6073722970061095,531,530,333.0,300.0,networkx/networkx,0.9981167608286252,True
99fc1bb6690ac1a45124db2a01c12fd64dcb109b,6.1086910918447535,9,8,13.0,0.0,networkx/networkx,0.8888888888888888,True
f6755ffa00211b523c6c0bec5398bc6c3c43c8b1,4.502360635789794,6,5,4.0,0.0,networkx/networkx,0.8333333333333334,True
f30e9392bef0dccbcfd1b73ccb934064f6200fa3,6.2187025946206305,32,32,17.0,5.0,networkx/networkx,1.0,True
bd675709500ab32cdbd9e4c51dd9f0e169ad776c,1.6982615915025223,5,4,3.0,0.0,networkx/networkx,0.8,True
bec833c60c61e838722bf096da75949a9b519d1f,6.2187025946206305,4,0,3.0,3.0,networkx/networkx,0.0,False
b22d6b36ce0545995c99d233546e8a1fe7e27fc5,6.218683106446624,54,46,47.0,18.0,networkx/networkx,0.8518518518518519,True
735e6d856b81989cc12dfa30d8cd8e2ddb7dcead,5.977473445382412,4,4,3.0,0.0,networkx/networkx,1.0,True
7297ae8a37dd3356b64d383cb0c55735a6364bcc,3.486307292062768,7,7,13.0,9.0,networkx/networkx,1.0,True
44680a2466c3c429d9c01f55d71952efbb09b25c,5.364346116307957,6,2,3.0,3.0,networkx/networkx,0.3333333333333333,True
be23fa0e422b51f4526828cb19b8105c89e5dcbb,9.04619159885416,19,7,10.0,2.0,networkx/networkx,0.3684210526315789,True
5fcf01b9a43a097c4f579486023d1279b2b88619,3.6067181281212766,4,1,2.0,2.0,networkx/networkx,0.25,True
ff4b3c3948e6b616ce67916f6dc2b5de6583d0d2,1.6017295041448019,16,14,30.0,0.0,networkx/networkx,0.875,True
3c0f096f66ab352cfaf8dbe2d5fc5731cbbc4338,2.634667940527797,11,9,6.0,4.0,networkx/networkx,0.8181818181818182,True
9094b639455aca34109f0c167f8efd12778d6ccf,2.234702163662636,9,9,7.0,5.0,networkx/networkx,1.0,True
cea08c3bb8ca5aa2e167d534b0c5629205733762,6.2187025946206305,8,7,9.0,4.0,networkx/networkx,0.875,True
5c0b11afb4c0882a070d522ef3fa41482ba935d3,4.324186851978604,12,12,10.0,9.0,networkx/networkx,1.0,True
9c65ea505db911b84d32a425f1f3c3b64c926c61,3.2004523157654576,3,1,3.0,0.0,timber/timber,0.3333333333333333,True
e93cd98ba922529b8432b8ed217532f02cb31fda,3.717602574340254,20,20,34.0,26.0,timber/timber,1.0,True
34fe63cc8f956a653fe80d3e45ed42036942176f,4.278884642685122,940,602,,,timber/timber,0.6404255319148936,True
73123a96d3fc055f08da036b0121b469a75e3371,4.278787296879357,10,10,8.0,0.0,timber/timber,1.0,True
b2474ccd46f9374d52f00c8a195be2266463cf4f,4.278806880117626,18,7,9.0,0.0,timber/timber,0.3888888888888889,True
29d729e449a377cdcae81dc80ef3c614bba370c2,4.278930305219662,4,2,8.0,0.0,timber/timber,0.5,True
c160302780b0800a3d9ecb3b0ab7c5a311537033,4.278817210434253,561,365,,,timber/timber,0.6506238859180036,True
40b44b28f6eae28a453a27a4358e5269097de598,3.1867706352827847,3,0,4.0,2.0,timber/timber,0.0,False
63fff600accb41b56a3e6ac403d9b1732de3086d,10.149233655284306,10,3,5.0,0.0,rails/rails,0.3,True
4c208254573c3428d82bd8744860bd86e1c78acb,10.149344278398864,99,74,56.0,6.0,rails/rails,0.7474747474747475,True
82c39e1a0b5114e2d89a80883a41090567a83196,8.677759747255811,10,10,9.0,1.0,rails/rails,1.0,True
78d3f84955bccad0ab161c5f2b4c1133813161a3,10.149260336654246,24,0,48.0,32.0,rails/rails,0.0,False
94333a4c31bd10c1f358c538a167e6a4589bae2d,8.677759747255811,19,3,18.0,9.0,rails/rails,0.15789473684210525,True
93c9534c9871d4adad4bc33b5edc355672b59c61,10.149340982837732,17,8,9.0,1.0,rails/rails,0.47058823529411764,True
5c315a8fa6296904f5e0ba8da919fc395548cf98,10.149229884401855,97,3,56.0,6.0,rails/rails,0.030927835051546393,True
9617db2078e8a85c8944392c21dd748f932bbd80,10.149366143179456,10,3,5.0,0.0,rails/rails,0.3,True
301ce2a6d11bc7a016f7ede71e3c6fd9fa0693a3,10.14923302152255,12,10,9.0,1.0,rails/rails,0.8333333333333334,True
35b3de8021e68649cac963bd82a74cc75d1f60f0,10.149313002256191,108,85,56.0,6.0,rails/rails,0.7870370370370371,True
4b6c68dfb810c836f87587a16353317d1a180805,10.149321653104165,50,27,48.0,32.0,rails/rails,0.54,True
66a7cfa91045e05f134efc9ac0e226e66161e2e6,10.149324885289122,8,5,5.0,0.0,rails/rails,0.625,True
a1ac18671a90869ef81d02f2eafe8104e4eea34f,8.449646265875732,25,25,27.0,9.0,rails/rails,1.0,True
b326e82dc012d81e9698cb1f402502af1788c1e9,10.14915037898953,20,2,10.0,0.0,rails/rails,0.1,True
6b3719b7577ab81171bab94a0492ae383dd279fe,10.149261382361143,18,10,9.0,1.0,rails/rails,0.5555555555555556,True
211adb47e76b358ea15a3f756431c042ab231c23,8.6777597789439,10,4,9.0,1.0,rails/rails,0.4,True
12a70404cd164008879e63cc320356e6afee3adc,10.149241323801556,2,1,1.0,0.0,rails/rails,0.5,True
b678eb57e93423ac8e2a0cc0b083ce556c6fb130,10.149277004588436,4,3,5.0,0.0,rails/rails,0.75,True
628e51ff109334223094e30ad1365188bbd7f9c6,10.149318927928613,20,10,19.0,4.0,rails/rails,0.5,True
55f9b8129a50206513264824abb44088230793c2,10.123008055111923,7,3,4.0,4.0,rails/rails,0.42857142857142855,True
bde6547bb6a8ddf18fb687bf20893d3dc87e0358,10.149338732983496,13,12,9.0,1.0,rails/rails,0.9230769230769231,True
fe1f4b2ad56f010a4e9b93d547d63a15953d9dc2,9.920886917889828,5,4,4.0,4.0,rails/rails,0.8,True
b91ff557ef6f621d1b921f358fd5b8a5d9e9090e,10.149296239257739,39,27,48.0,32.0,rails/rails,0.6923076923076923,True
a731125f12c5834de7eae3455fad63ea4d348034,10.149396563743757,43,27,48.0,32.0,rails/rails,0.627906976744186,True
9ed740449884ba5841f756c4a5ccc0bce8f19082,10.149258847314117,61,6,48.0,32.0,rails/rails,0.09836065573770492,True
4df2b779ddfcb27761c71e00e2b241bfa06a0950,10.149366396684158,17,2,9.0,1.0,rails/rails,0.11764705882352941,True
477568ee33bee0dc5e57b9df624142296e3951a4,10.149229187263924,15,13,9.0,1.0,rails/rails,0.8666666666666667,True
c3e7abddfb759eecb30cd59f27103fda4c4827dc,10.149300295332978,15,8,9.0,1.0,rails/rails,0.5333333333333333,True
d20a52930aa80d7f219465d6fc414a68b16ef2a8,13.913582338327377,12,0,20.0,0.0,rails/rails,0.0,False
411ccbdab2608c62aabdb320d52cb02d446bb39c,10.149219173828175,8,3,5.0,0.0,rails/rails,0.375,True
69ab3eb57e8387b0dd9d672b5e8d9185395baa03,10.14927317032981,4,0,5.0,0.0,rails/rails,0.0,False
80e66cc4d90bf8c15d1a5f6e3152e90147f00772,10.149157825690166,121,78,68.0,11.0,rails/rails,0.6446280991735537,True
fda1863e1a8c120294c56482631d8254ad6125ff,8.677759747255811,8,7,9.0,1.0,rails/rails,0.875,True
18a2513729ab90b04b1c86963e7d5b9213270c81,10.149344943848709,19,9,19.0,4.0,rails/rails,0.47368421052631576,True
3c580182ff3c16d2247aabc85100bf8c6edb0f82,13.891456764772986,72,1,38.0,17.0,rails/rails,0.013888888888888888,True
eebb9ddf9ba559a510975c486fe59a4edc9da97d,13.414643192131214,8,3,7.0,0.0,rails/rails,0.375,True
adca8154c6ffce978a5dbc514273cceecbb15f8e,10.149251463989657,53,36,48.0,32.0,rails/rails,0.6792452830188679,True
1b86d90136efb98c7b331a84ca163587307a49af,8.02120043983066,12,12,22.0,6.0,rails/rails,1.0,True
b70fc698e157f2a768ba42efac08c08f4786b01c,9.714924867543793,5,5,3.0,3.0,rails/rails,1.0,True
e9382df0ae63edfc7540f82f74cf969342c759c0,2.0782046163206327,111,50,151.0,113.0,Choices-js/Choices,0.45045045045045046,True
00433d200d8cccc8b544fbc8f05d5e96bf8ccff7,2.0835328732222984,6,3,11.0,10.0,Choices-js/Choices,0.5,True
62b786d1f13d0934137a62909d3a37db0a3e927e,2.1323713463634753,32,4,17.0,0.0,Choices-js/Choices,0.125,True
157a47a44a01e3ce4b54ad211b1756ff59985bef,2.08085671914214,9,3,6.0,2.0,Choices-js/Choices,0.3333333333333333,True
5bee41d7ff08e05442b232e3e552dcb6c703568d,2.080702239714047,63,24,40.0,26.0,Choices-js/Choices,0.38095238095238093,True
00009d2effa8b41a6ce27ef8b06a35a04215aea6,2.1325065277460897,13,1,14.0,0.0,Choices-js/Choices,0.07692307692307693,True
5ad61841143508c9f91f0edd57f81f8b11066e0a,2.128915760387355,10,0,16.0,1.0,Choices-js/Choices,0.0,False
b0199538a82d49de429f35546e412d14fc8bfeb9,2.10277571805207,42,4,22.0,17.0,Choices-js/Choices,0.09523809523809523,True
33f573247e8badc9ee10defe326f13985342e09b,2.1064548951758053,2,1,3.0,2.0,Choices-js/Choices,0.5,True
84a61cad1ddab1e851c98efa619a2cd35af434c1,2.1066208456916877,5,2,3.0,2.0,Choices-js/Choices,0.4,True
5dbf1809c6e3e905b94b8764e99491e608122261,9.572452246051665,211,168,174.0,1.0,godotengine/godot,0.7962085308056872,True
f5a290ac462765afca34e64dd39f883511510147,0.5947006743225087,6,6,10.0,9.0,godotengine/godot,1.0,True
e380a417526c11f15a9ddb3997292409b10da2af,0.5916064909879079,5,5,4.0,4.0,godotengine/godot,1.0,True
e4213e66b2dd8f5a87d8cf5015ac83ba3143279d,8.736423745785485,3,3,2.0,0.0,godotengine/godot,1.0,True
7e5baa042639ffa835271703c720e2595e90afb8,1.613371866048115,3,2,4.0,4.0,godotengine/godot,0.6666666666666666,True
c5df0cb82bc539eff7dcfb2add99d60771fc50c5,0.6522175640733135,106,106,194.0,194.0,godotengine/godot,1.0,True
fe52458154c64fb1b741df4f7bd10106395f7cbd,4.739608050041828,6,0,6.0,2.0,godotengine/godot,0.0,False
b16c309f82c77d606472c3c721a1857e323a09e7,7.746736729028823,6,0,3.0,1.0,godotengine/godot,0.0,False
e06d83860d798b6766b23d6eae48557387a7db85,1.7421517479149238,200,64,213.0,190.0,godotengine/godot,0.32,True
324512e11c1b7663c3cf47bec6ddbe65c6b8db2b,1.5660849367505767,3,3,6.0,3.0,godotengine/godot,1.0,True
9903e6779b70fc03aae70a37b9cf053f4f355b91,2.5648198849088653,21,8,11.0,1.0,godotengine/godot,0.38095238095238093,True
b37fc1014abf7adda70dc30b0822d775b3a4433f,2.027230239308439,3,3,3.0,2.0,godotengine/godot,1.0,True
0d350e71086fffce0553811739aae9f6ad66136c,1.930873260323979,8,8,12.0,4.0,godotengine/godot,1.0,True
c7bc44d5ad9aae4902280012f7654e2318cd910e,9.744330874337718,3,0,2.0,0.0,godotengine/godot,0.0,False
7dae5da1982f4a55ba91557814905faef9ce461b,0.6486498656425077,4,4,2.0,0.0,godotengine/godot,1.0,True
eb1b8e8edacc3c7449ea8ac894812720e7ee48bf,0.2165829784267498,4,4,3.0,3.0,godotengine/godot,1.0,True
a3088fecf1837aa22fcf2bccae413598a2e91766,0.21696212639744467,90,90,45.0,43.0,godotengine/godot,1.0,True
df61dc4b2bd54a5a40c515493c76f5a458e5b541,9.481367626181965,3,0,6.0,5.0,godotengine/godot,0.0,False
fdaa2920eb21fff3320a17e9239e04dfadecdb00,11.453138863538419,3,0,2.0,0.0,godotengine/godot,0.0,False
b50a9114b105dafafdda8248a38653bca314a6f3,8.74585716277537,6,0,6.0,0.0,godotengine/godot,0.0,False
bb5f390fb9b466be35a5df7651323d7e66afca31,1.9034538431312902,11,11,9.0,2.0,godotengine/godot,1.0,True
bd282ff43f23fe845f29a3e25c8efc01bd65ffb0,9.093723667199027,3,0,3.0,0.0,godotengine/godot,0.0,False
d95794ec8a7c362b06a9cf080e2554ef77adb667,3.735732565214085,87,87,91.0,69.0,godotengine/godot,1.0,True
a447ac95ec170ee117c2eae55f1bfff0d0cf0dce,0.5790702398154486,86,86,54.0,54.0,godotengine/godot,1.0,True
0be6d925dc3c6413bce7a3ccb49631b8e4a6e67a,6.380213134078637,1,0,2.0,0.0,godotengine/godot,0.0,False
a7f49ac9a107820a62677ee3fb49d38982a25165,6.7476147425659745,6,0,6.0,0.0,godotengine/godot,0.0,False
e956e80c1fa1cc8aefcb1533e5acf5cf3c8ffdd9,6.391587858392273,42,0,61.0,2.0,godotengine/godot,0.0,False
5be9ff7b6715a661e85f99b108f96340de7ef435,10.74720688518772,3,0,5.0,0.0,godotengine/godot,0.0,False
b5334d14f7a471f94bcbd64d5bae2ad853d0b7f1,5.744528988262732,6,0,5.0,0.0,godotengine/godot,0.0,False
1377d42c16c6912faa77259c0a1f665210ccfd85,1.1298632659010825,305,288,197.0,196.0,spack/spack,0.9442622950819672,True
f52f6e99dbf1131886a80112b8c79dfc414afb7c,4.1675675906913074,133,61,69.0,39.0,spack/spack,0.45864661654135336,True
603569e321013a1a63a637813c94c2834d0a0023,3.6190147222855984,10,5,14.0,0.0,spack/spack,0.5,True
0fe906fa8cf2fa02e790075c32ac9d7de91fcd88,0.6135670646690496,3,3,3.0,3.0,hashicorp/terraform,1.0,True
56c39007e281efd881298513d1f617ba39ac6ba0,0.6135670646690496,3,3,3.0,3.0,hashicorp/terraform,1.0,True
cee1246accc49bff45e9051d22f6f56e8f0b140d,0.6135670646690496,1,1,2.0,0.0,hashicorp/terraform,1.0,True
e8aa64589499b8a4575d71c4cea59f7fef8b310b,0.3448592732020179,25,13,14.0,9.0,apify/apify-mcp-server,0.52,True
387a0dcb82df729e316ca2518a9ed81a75482b18,7.087729390067686,161,0,149.0,79.0,microsoft/vscode,0.0,False
4a130c40ed876644ed8af2943809d08221375408,4.659127246685426,3,3,5.0,0.0,microsoft/vscode,1.0,True
494cbbd02d67e87727ec885f98d19551aa33aad1,5.156745126372094,5,0,6.0,0.0,microsoft/vscode,0.0,False
ae1452eea678f5266ef513f22dacebb90955d6c9,5.479993820822877,225,0,147.0,77.0,microsoft/vscode,0.0,False
ee1655a82ebdfd38bf8792088a6602c69f7bbd94,5.153656615205212,15,0,8.0,4.0,microsoft/vscode,0.0,False
0dfc06e0f9de5925de792cdf9f0e6597bb25908f,10.848546720916673,90,0,64.0,15.0,microsoft/vscode,0.0,False
12ab70d329a13dd5b18d892cd40edd7138259bc3,8.574459908231297,344,106,,,microsoft/vscode,0.3081395348837209,True
13f4f052582bcec3d6c6c6a70d995c9dee2cac13,5.479944704286765,225,58,147.0,77.0,microsoft/vscode,0.2577777777777778,True
a3cb14be7f2cceadb17adf843675b1a59537dbbd,5.156218818921591,116,2,84.0,53.0,microsoft/vscode,0.017241379310344827,True
537ba0ef1791c090bb18bc68d727816c0451c117,7.087707778791796,161,0,149.0,79.0,microsoft/vscode,0.0,False
6b924c51528e663dda5091a1493229a361676aca,2.0861250855578373,48,45,50.0,50.0,microsoft/vscode,0.9375,True
627119bb22a530efed45ca6479f1643b201c4dc4,1.0320036694805688,14,2,19.0,11.0,clash-verge-rev/clash-verge-rev,0.14285714285714285,True
e414b4987905dabf78d7f0204bf13624382b8acf,1.0319534121732958,7,2,4.0,1.0,clash-verge-rev/clash-verge-rev,0.2857142857142857,True
324628dd3d6fd1c4ddc455c422e7a1cb9149b322,1.0320556379445838,42,6,64.0,15.0,clash-verge-rev/clash-verge-rev,0.14285714285714285,True
c672a6fef36cae7e77364642a57e544def7284d9,0.5455682941668568,239,221,211.0,62.0,clash-verge-rev/clash-verge-rev,0.9246861924686193,True
a981be80efa39b7865ce52a7e271c771e21b79af,0.7318144282201435,8,5,4.0,1.0,clash-verge-rev/clash-verge-rev,0.625,True
09969d95ded3099f6a2a399b1db0006e6a9778a5,1.3168950110274547,3,1,4.0,0.0,clash-verge-rev/clash-verge-rev,0.3333333333333333,True
bae65a523a727751a13266452d245362a1d1e779,0.8086063262098512,3,0,2.0,0.0,clash-verge-rev/clash-verge-rev,0.0,False
2ca8e6716daf5975601c0780a8b2e4d8f328b05c,0.8172023854792506,6,3,3.0,0.0,clash-verge-rev/clash-verge-rev,0.5,True
70fc76de8b5a032269b2d4f10b956d045b0e95ec,5.6132023030902225,76,43,57.0,22.0,apache/iotdb,0.5657894736842105,True
352269f3ded6f27374b8bf77f155d1369b7513fb,2.4206460250462647,9,8,5.0,0.0,apache/iotdb,0.8888888888888888,True
6ee45a9ccc5e7ea4290c89030e67c99c0514bd25,5.6416400803609905,13,10,21.0,15.0,navidrome/navidrome,0.7692307692307693,True
b3f70538a9138bc279a451f4f358605097210d41,6.442646050396735,10,8,6.0,1.0,navidrome/navidrome,0.8,True
cb81f482d45f3303aefaf680db7d4f9624bc37ee,4.16419632671686,14,0,7.0,0.0,spyder-ide/spyder,0.0,False
bdfe0b59821951584de3f72768693a151ca8350a,4.173217640124724,432,348,305.0,305.0,spyder-ide/spyder,0.8055555555555556,True
6a4281ed7cc5346e343bfd6543fb428201cf9aa6,2.403600210408903,35,22,23.0,0.0,spyder-ide/spyder,0.6285714285714286,True
5af4f02d1b4d7f47bee0130b3dbcedc402da5248,4.161198950490531,351,113,197.0,125.0,spyder-ide/spyder,0.32193732193732194,True
d18e7fc9f00510a5763608c9baf38b6721cd4d9c,2.400190793976728,1,0,1.0,0.0,spyder-ide/spyder,0.0,False
c6997c97c575d334679915c328792b8a3067cfb5,5.756620116865668,210,147,167.0,151.0,apache/flink,0.7,True
91d81c427aa6312841ca868d54e8ce6ea721cd60,4.46969167490557,34,10,20.0,5.0,apache/flink,0.29411764705882354,True
77bd236b8da064c90b19b84a35becfb3e43348db,1.2254332712246812,8,0,9.0,1.0,symfony/symfony,0.0,False
f4118e110a46de3ffb799e7d79bf15128d1646ea,2.6868045098486575,12,9,15.0,11.0,symfony/symfony,0.75,True
6ce530c5e90397d88e3a76a56db266c74d651584,2.2786344018556544,7,4,11.0,0.0,symfony/symfony,0.5714285714285714,True
2ec065b53823e50dd1ac1d7cf925ae5f90e293ea,8.223657248966969,33,6,63.0,0.0,timescale/timescaledb,0.18181818181818182,True
34edba16a9385a4b0353e8e07a19dba98d7e3fb9,7.650505710193424,61,30,43.0,37.0,timescale/timescaledb,0.4918032786885246,True
5c0939e0354055a5571bd5c9d1e03f9cc251467d,2.3504637551651584,23,20,25.0,11.0,timescale/timescaledb,0.8695652173913043,True
e75274ee7c6eef1dafc9b4f4d9f71e8e88f76813,4.350204673359191,12,8,24.0,24.0,timescale/timescaledb,0.6666666666666666,True
05ba1cf22f0dc9232069b566dd23c3edb2cbaee4,3.9472230144244174,27,14,15.0,0.0,timescale/timescaledb,0.5185185185185185,True
cdb815d92175949cf0d7c95d5c91accee3f35664,1.0966737964864248,14,14,12.0,0.0,timescale/timescaledb,1.0,True
a4356f342f1732857a1d8057f71219b50f1919b2,3.867068725124851,27,16,28.0,24.0,timescale/timescaledb,0.5925925925925926,True
ecf34132c69e1709cd393eab43b5fcbfd7c201db,4.350204673359191,1,1,2.0,0.0,timescale/timescaledb,1.0,True
fc827c154a14013e806ff650af9a2c5255a3d30d,1.86643163611935,6,5,10.0,5.0,timescale/timescaledb,0.8333333333333334,True
44cd71a602ba96029001de6e97a1b44488730080,3.6627029622024487,6,3,8.0,0.0,timescale/timescaledb,0.5,True
68aec9593c0f37dddbaa4f2e2b34a9ba3f5b11d9,4.44320553527518,3,1,3.0,2.0,timescale/timescaledb,0.3333333333333333,True
a3ef0384655d57200e83ad7b13c91a31177b97c1,4.350204673359191,19,2,24.0,24.0,timescale/timescaledb,0.10526315789473684,True
32c45b75b27e3f690236a9d1c8d13a025316ad2f,9.569920241082972,151,23,87.0,10.0,timescale/timescaledb,0.152317880794702,True
20f223ca728a02a67578564496b0946b39cc401b,0.42038865439703904,46,44,79.0,77.0,timescale/timescaledb,0.9565217391304348,True
11cfd275c355b47b791762e0b518d44f08e0cf43,1.211940768626258,77,2,49.0,37.0,timescale/timescaledb,0.025974025974025976,True
272ab4fe6a6f6e00ef7613ec99397a8de02c3282,0.9709917737724035,126,126,109.0,105.0,timescale/timescaledb,1.0,True
f862212c8ca19b1af56c7608a68f22b7dd0c985e,3.946902933049408,7,5,12.0,2.0,timescale/timescaledb,0.7142857142857143,True
cb14558c990a38dccefce61f86bda6816e805a7e,0.9733900233224326,27,20,35.0,35.0,timescale/timescaledb,0.7407407407407407,True
f75a51def79796ff7fef58ec950c859fe4e71618,3.6647676946282353,25,18,28.0,5.0,timescale/timescaledb,0.72,True
3e42150e3b0402ae865d9a827d8d178568a0d27e,8.103751552716304,3,0,5.0,0.0,timescale/timescaledb,0.0,False
9133319081aef92705f1405087822fc281d215d4,3.660653947068218,6,1,3.0,1.0,timescale/timescaledb,0.16666666666666666,True
7758f5959c8ed64499ab0e6bb66c30464b11dd81,3.9744517643927293,4,3,2.0,0.0,timescale/timescaledb,0.75,True
cfd65680cd5ab8545ddcf8241239bc4f5fed0e71,2.8059904111846277,4,4,5.0,0.0,timescale/timescaledb,1.0,True
21a3f8206c0de98932867096637c7d1e3d04d925,3.6683128311405175,159,127,141.0,121.0,timescale/timescaledb,0.7987421383647799,True
3f5872ec61650519e2c5e6fe1dfb60d07696cac7,5.986161590234999,468,226,262.0,229.0,timescale/timescaledb,0.4829059829059829,True
554185356bf990155df8d72060c4efe993642baf,1.363823104418587,73,69,127.0,100.0,jemalloc/jemalloc,0.9452054794520548,True
1e7527b60ec42032abe7bfb9c000bacf38f65845,3.6615650112809592,6,6,4.0,0.0,joomla/joomla-cms,1.0,True
e7f5cc182bb1cd39c7f085d529888ac4fa6fc77e,4.257506432681827,470,457,292.0,261.0,joomla/joomla-cms,0.9723404255319149,True
dd91072a956a19a43798515239892edd2b49ac7b,4.257501172459249,16,8,20.0,20.0,joomla/joomla-cms,0.5,True
10f250f418851674c2e4104b6b39b9b665496544,3.7081565771795066,16,13,8.0,0.0,joomla/joomla-cms,0.8125,True
29a4c6dfb6cceff5e657c707ce809bc78f33b778,2.1328576000709814,16,4,14.0,10.0,SWE-agent/SWE-agent,0.25,True
f873761e6760a844c1788cb5f4e42de401ab2c38,2.1328585507136157,19,4,14.0,10.0,SWE-agent/SWE-agent,0.21052631578947367,True
83988093c08ab5f1cb999f97fc3745f3d3af306f,2.1326186085126877,34,3,32.0,24.0,SWE-agent/SWE-agent,0.08823529411764706,True
70ba97190a781705203ba838bfe0fb8be7cfa32f,2.132862226531802,83,11,42.0,0.0,SWE-agent/SWE-agent,0.13253012048192772,True
303cacdde85c94f2ef4d1408b401165ff25d263d,0.5523874122239968,24,0,33.0,33.0,changesets/changesets,0.0,False
3af60d88dc0d7cd92de6db6b29917a386f153d3a,1.761818452607296,5,3,7.0,6.0,yugabyte/yugabyte-db,0.6,True
88af3ecae5f8c4af47bebb52bd80e3018518edb1,5.938347561284762,49,36,72.0,65.0,yugabyte/yugabyte-db,0.7346938775510204,True
6a56ce7bcdeb0478c791efaa322b58c61007fd39,1.7085691243947576,18,16,27.0,23.0,yugabyte/yugabyte-db,0.8888888888888888,True
c31097a5c7fe06cf2f022c4cd4510f795bc37ff6,5.2005644599082315,28,21,42.0,9.0,yugabyte/yugabyte-db,0.75,True
06cd4073e15e99b983787faaa1fb5f9f717a5e04,1.6865732818718788,17,13,26.0,0.0,yugabyte/yugabyte-db,0.7647058823529411,True
925f01cb8b6f518b850fcf08f8dc6b70fa505bfa,5.20043472887672,43,32,42.0,9.0,yugabyte/yugabyte-db,0.7441860465116279,True
4d010b55884ad55edb57e51d69de6f08d12e07d7,5.364820550358709,21,16,21.0,20.0,yugabyte/yugabyte-db,0.7619047619047619,True
f0f54c4a7ade831f367aceb936800cbe18bf4822,1.7804911336730296,7,6,13.0,5.0,yugabyte/yugabyte-db,0.8571428571428571,True
d65a7c64b78e78d9eda5dfdd593f4fb4df1edf33,1.7013466169797449,5,5,7.0,1.0,yugabyte/yugabyte-db,1.0,True
24025b60d57301b0a59754c38d77bccd8ed69feb,2.3549387786143434,61,54,98.0,86.0,ManimCommunity/manim,0.8852459016393442,True
332e77ba3b658c2a57fc72f832587b72311d87c7,2.315954381828783,6,6,5.0,2.0,pydantic/pydantic,1.0,True
918402f01d82694214ff93cd77ff62d5d5beb1ab,2.6124525312444544,18,12,13.0,12.0,pydantic/pydantic,0.6666666666666666,True
419398d1dd9f3c0babdcfde1d52c249266f59ef0,2.9297156627880447,20,15,22.0,22.0,pydantic/pydantic,0.75,True
33c4812cb3b7160d663620f84dd17eeda1480539,1.859457975257941,66,60,88.0,71.0,pydantic/pydantic,0.9090909090909091,True
4f3e794a69e84e4294c605c669e4d1876a18dd50,3.532889034654093,10,0,7.0,0.0,pydantic/pydantic,0.0,False
19223b9ce61537995cbc4c46141148ac619a60af,0.8992466157122214,317,243,194.0,193.0,pydantic/pydantic,0.7665615141955836,True
c4f0262bd64734751a68846a10edd6cdc6acc6f6,1.3980398382639998,67,64,68.0,65.0,pydantic/pydantic,0.9552238805970149,True
1700461b8c1628754cd92a48eb3ba1bff2be2164,0.9254448690648212,41,30,40.0,1.0,software-mansion/react-native-reanimated,0.7317073170731707,True
e646dce7b85204cddeea4ef3e1ab971a85830562,5.065157838365402,98,46,,,software-mansion/react-native-reanimated,0.46938775510204084,True
008ee9322f3d2ed3ffef1996cbab50039fb72a3d,4.9666044312621995,64,28,,,software-mansion/react-native-reanimated,0.4375,True
b2e4f78b693fac5b31bd4bbadb395fdd8ed007c2,1.7879068433594443,102,0,124.0,116.0,aseprite/aseprite,0.0,False
09538f9a1aa247919ac19992db173050e173a860,1.7873711562349481,187,187,124.0,116.0,aseprite/aseprite,1.0,True
2d731a33b193209cb88b874e508ea912765f7d99,1.6651640492306132,4,1,3.0,2.0,nix-community/home-manager,0.25,True
95711f926676018d279ba09fe7530d03b5d5b3e2,1.5666934747889574,25,17,23.0,19.0,nix-community/home-manager,0.68,True
74d8d470345b9324f89e14d675c14b92dc4a091d,0.47974424544325295,2,2,1.0,1.0,nix-community/home-manager,1.0,True
a710f337d6f541f5ba50bc2d5daa6c34e9ee5834,1.5068517250995006,23,7,44.0,44.0,nix-community/home-manager,0.30434782608695654,True
0b491b460f52e87e23eb17bbf59c6ae64b7664c1,1.5001570461632063,24,8,15.0,14.0,nix-community/home-manager,0.3333333333333333,True
f2f1076c1f789595c2a2b18b76466fbd691025dd,0.9287226848683043,54,49,58.0,47.0,nix-community/home-manager,0.9074074074074074,True
439a125afef8c97308ec0c6db75d38e15d92208d,1.6039903224579817,4,2,3.0,0.0,nix-community/home-manager,0.5,True
e3baf274f47678df6289c7482353cb6d38b7be5d,1.6651372411083225,16,5,21.0,0.0,nix-community/home-manager,0.3125,True
71402c5df34df5ee7b6c10d738018f9f0c8bde2b,0.46530572667122977,5,1,3.0,3.0,nix-community/home-manager,0.2,True
11ad9d2e42ebf6d00db4d7bae252f1c6b7dd36a4,0.47968362613126475,4,3,6.0,5.0,nix-community/home-manager,0.75,True
5031c6d2978109336637977c165f82aa49fa16a7,1.6271703488224707,57,21,95.0,22.0,nix-community/home-manager,0.3684210526315789,True
b34b56689dcc75294e14e8c95db4e054a4e9573f,1.6347200991203388,24,3,40.0,5.0,nix-community/home-manager,0.125,True
01ea51d7065e0ab06a09df9db4d1c17f6eb2675f,0.4798217861941339,8,5,6.0,5.0,nix-community/home-manager,0.625,True
74b0e979375b0ed469e2394820aa50ba2114800b,0.47968362613126475,44,41,67.0,65.0,nix-community/home-manager,0.9318181818181818,True
32531e457215000b739da6cd40acfb080823f396,1.5536217583086167,10,2,16.0,0.0,nix-community/home-manager,0.2,True
0dfec9deb275854a56c97c356c40ef72e3a2e632,1.7091335209268133,5,2,7.0,0.0,nix-community/home-manager,0.4,True
96dee79b178d295b716052feca3ee46abc085abe,1.6902834499454964,18,5,19.0,12.0,nix-community/home-manager,0.2777777777777778,True
e30c6a41bc8548738341d10c0b17f8fead8e55ee,1.548398642482318,5,4,9.0,2.0,nix-community/home-manager,0.8,True
97d7946b5e107dd03cc82f21165251d4e0159655,1.6984163244353183,16,8,20.0,11.0,nix-community/home-manager,0.5,True
20fd9686b85dc64657a176466e23d0f3a5e1f760,1.6651746013638553,11,5,21.0,0.0,nix-community/home-manager,0.45454545454545453,True
b4752b0eda6302b92a6d5dd554c83f188bc3ae6d,1.1894193474788957,12,2,14.0,8.0,nix-community/home-manager,0.16666666666666666,True
5209a256fd507322b0dd09ade7bc61923da948cf,0.47968362613126475,3,3,6.0,5.0,nix-community/home-manager,1.0,True
56374cc64d58451b359bb4e8502387d3a96e7c7b,1.5508738307095598,18,7,24.0,18.0,nix-community/home-manager,0.3888888888888889,True
9f9e277b60a6e6915ad3a129e06861044b50fdf2,3.2069467576748547,20,10,29.0,12.0,nix-community/home-manager,0.5,True
cba2f9ce95c8d10b66cacf05a275e3ad71959638,1.4795892906938424,110,100,155.0,99.0,nix-community/home-manager,0.9090909090909091,True
55cf1f16324e694c991e846ad5fc897f0f75ac64,1.4990291403655538,20,0,17.0,12.0,nix-community/home-manager,0.0,False
c90cd85b04ff3348978b05ba73ffc8e1b74b9fce,1.6651585988795092,27,10,21.0,0.0,nix-community/home-manager,0.37037037037037035,True
e0be70bcf94be20f8f0f6d215d909b614ab6ebeb,1.533952613633483,8,4,6.0,0.0,nix-community/home-manager,0.5,True
bd11e2c5e67385970e59e55ba7a4c35d1ffaee4d,4.966877138945928,5,0,7.0,0.0,nix-community/home-manager,0.0,False
a93d80bcec089abf80894c25ee3934b7e196bbd9,0.46530572667122977,35,2,29.0,28.0,nix-community/home-manager,0.05714285714285714,True
10dca990ae02aaf41ff12c5b18dd3dcf258c0d04,1.5203175463279843,16,5,12.0,4.0,nix-community/home-manager,0.3125,True
b5976017741653251258112f7e6ee5d8b9e3a832,1.5338988072603748,14,3,27.0,6.0,nix-community/home-manager,0.21428571428571427,True
d7f451d7b13bbe075abecfd345f8b149a000216a,1.523026180698152,9,7,15.0,0.0,nix-community/home-manager,0.7777777777777778,True
65413f297f8c4c42a99270c15bce7bda1bfea724,1.5308780769133268,8,3,14.0,5.0,nix-community/home-manager,0.375,True
272af210523804de782b3076f05e56bcb4aeeb8f,3.2143652242249092,1,1,1.0,0.0,semantic-release/semantic-release,1.0,True
81a0102fe8586071cc68e9595b26c5c1207ee5b3,7.375317356199457,3,0,3.0,0.0,v8/v8,0.0,False
b090d7e7468236ffce0afdb55bb496bf0073f2ee,7.81523411159277,316,104,216.0,132.0,v8/v8,0.3291139240506329,True
81a3c699d6eef936452ac3d10c7c59a2c1e38c0c,8.026465003675819,3,3,3.0,2.0,v8/v8,1.0,True
6fa8283d0e031c9585d190f751907ed45bf85de0,7.853962151747915,29,6,16.0,0.0,v8/v8,0.20689655172413793,True
71e4c573199466ea4541e3d6b307c9b33d7bb785,8.355157363044084,5,4,6.0,1.0,v8/v8,0.8,True
a48e5ab8804e9e97b5ea577d6f2667bacee92eb2,9.778565543640834,370,133,240.0,232.0,v8/v8,0.35945945945945945,True
1baf1050113a5418696839c273e05ea5ad1b5c4d,8.199201618627525,4,4,2.0,0.0,v8/v8,1.0,True
0a01b6202226bbe99c0b83acf6c5a80344f5fb6a,8.429133299110198,225,81,212.0,188.0,v8/v8,0.36,True
cc2c11441ce352360acce8638a19f58edf361f7d,9.37873913098588,39,0,47.0,17.0,v8/v8,0.0,False
e8a1c25f6afae9b77921abb70fad49da252eb6f0,7.845508720561766,85,31,84.0,37.0,v8/v8,0.36470588235294116,True
37945f731c4d800ef788e3c32f8663773a93450e,9.33792474712906,3,1,4.0,0.0,v8/v8,0.3333333333333333,True
bc35251f5e55a65c3a4acf7cba52cee505c86a46,9.701980727304992,7,3,14.0,0.0,v8/v8,0.42857142857142855,True
f9a88acbc928f0fc5e9a3acbcd3b4ece52355f3d,7.355080392678784,3,3,3.0,3.0,v8/v8,1.0,True
a3187716d31a0ab9d7051adde6be9bd2b2c6fec1,7.380264944102213,6,0,9.0,8.0,v8/v8,0.0,False
3253767622a784866dc34aeb7b5d0f02ebdff61e,7.377371631556265,3,0,6.0,6.0,v8/v8,0.0,False
7be0159e4b1e0b064e215ae4ced34d649cb2552e,9.378777220067432,34,0,47.0,17.0,v8/v8,0.0,False
0476eb39b3c58671720d3ef78730821a5b7d93fa,0.6369382969554085,72,67,127.0,125.0,v8/v8,0.9305555555555556,True
c6effdbba9b301244475553538f6eb1b3d9670b9,8.221093302405759,121,66,88.0,26.0,v8/v8,0.5454545454545454,True
5f28539599f6a6a265e18b8c897cc96ccbeec9c4,7.375365395340584,3,0,3.0,0.0,v8/v8,0.0,False
ec06bb6ce5641cf65e400ec55b7421f87d04b999,5.10242939894035,6,6,7.0,0.0,v8/v8,1.0,True
f40638d148b7a435522d5b714993908061e3b10d,7.824407147565087,71,24,74.0,50.0,v8/v8,0.3380281690140845,True
2b1f79881c3f0b69bfb9274bda57ea50f7304982,8.831409359393616,873,342,1064.0,0.0,v8/v8,0.3917525773195876,True
632239011db501e76475d82ff6492f37fa8c1edc,7.2866816551322025,1496,1422,1410.0,1374.0,v8/v8,0.9505347593582888,True
4aedeb1bd50c12ebcd6cf954c4cbef1205fff5ac,9.68282340862423,3,3,4.0,0.0,v8/v8,1.0,True
c7b1ceb801ec7f639a093468d8e6424212cc197c,7.996466619768297,2,0,2.0,2.0,v8/v8,0.0,False
d1b27019d3bf86360ea838c317f8505fac6d3a7e,5.1055737762060485,13,1,23.0,22.0,v8/v8,0.07692307692307693,True
a0c3797461810e3159662851e64946e17654236e,7.35890596876822,3,3,4.0,4.0,v8/v8,1.0,True
f44759d9ff52a3e5563e5f2bb23ee2c08222fcfd,9.491471911678962,362,97,388.0,1.0,v8/v8,0.26795580110497236,True
95a7cfe0eaabbcff0f730ed60e1805779f6cfe41,9.425498675437929,3,0,6.0,0.0,v8/v8,0.0,False
0525e17847f39f80e3fd163021a58f68d8fcaf06,8.026333593175654,22,0,34.0,2.0,v8/v8,0.0,False
7bbd0bfe5161d57bcf268716ce4d1ce14d6786e6,7.379587706289452,3,2,2.0,2.0,v8/v8,0.6666666666666666,True
8175648018bd9f70af866f9fa433f1d79644d86b,7.854098125332725,29,0,16.0,0.0,v8/v8,0.0,False
a7695520556665ba73ab02c497ab73b162a5fb13,7.3666666349785785,3,0,6.0,3.0,v8/v8,0.0,False
95532da70de14206e64060647082766a293f81cb,3.1971247496641064,4,1,8.0,1.0,v8/v8,0.25,True
7f031160d71a3d836667dc98288eaff4c94e6f56,8.83143597738738,625,40,368.0,152.0,v8/v8,0.064,True
09050c8a967f5f2956305e5d016b304d7bf5e669,9.520808553248663,3,0,4.0,0.0,v8/v8,0.0,False
e9c932233980866074025e65051003d1f298516c,8.831299718609781,168,69,101.0,101.0,v8/v8,0.4107142857142857,True
0bace3f3afaa213c63b5dcc70103f0d232637a9a,2.489865959388547,6,5,4.0,2.0,inventree/InvenTree,0.8333333333333334,True
9b3163e740cbcc771c6825b679e02bb76a9b2b45,4.646627817071007,117,77,139.0,48.0,openscad/openscad,0.6581196581196581,True
1b100be767b02e8374852243a40545bf48b1a6ff,1.1342898382639999,139,127,105.0,99.0,openscad/openscad,0.9136690647482014,True
cc11aaaa60aadf28e3ec278bce26a42c1cd68a4f,5.479294971734226,15,1,16.0,0.0,pytorch/pytorch,0.06666666666666667,True
65c2086d452ae6966ce9d7fb3cb2eef2fd0d2add,1.8200031688087814,7,6,9.0,0.0,pytorch/pytorch,0.8571428571428571,True
dcc3cf7066b4d8cab63ecb73daf1e36b01220a4e,1.7257960998301518,3,3,2.0,2.0,pytorch/pytorch,1.0,True
535016967ae65a6027f83d6b935a985996223d49,2.2103179899612138,195,182,167.0,40.0,pytorch/pytorch,0.9333333333333333,True
c0ed38e644aed812d76b0ec85fae2f6019bf462b,2.2057571234821407,5,5,3.0,2.0,pytorch/pytorch,1.0,True
b25ef91bf158ce459d8654e33c50c8e6ed8db716,2.165852694754988,3,3,3.0,0.0,pytorch/pytorch,1.0,True
19d01a1ef0c0d65768eb0a5c97a25328eec57fbd,1.8429639452936852,205,199,123.0,85.0,pytorch/pytorch,0.9707317073170731,True
4753100a3baa96273204c361c8452afb7b59836f,5.4663293786599745,22,0,15.0,0.0,pytorch/pytorch,0.0,False
a53cda1ddc15336dc1ff0ce1eff2a49cdc5f882e,3.38826713691789,2410,525,,,pytorch/pytorch,0.21784232365145229,True
e7eeee473c6cb45942e87de5a616b0eb635513d6,2.16786805713996,3,3,3.0,2.0,pytorch/pytorch,1.0,True
737d920b21db9b4292d056ee1329945990656304,5.315128748700788,12,7,8.0,4.0,pytorch/pytorch,0.5833333333333334,True
65d5004b09fd8d5deac173a3aaa259f46eaa0d67,5.881843581260933,6,0,10.0,8.0,pytorch/pytorch,0.0,False
ba48cf653541e9160dfdefa7bfea885c22e48608,2.206654688569473,4,4,3.0,0.0,pytorch/pytorch,1.0,True
75024e228ca441290b6a1c2e564300ad507d7af6,5.444572464319213,21,14,13.0,11.0,pytorch/pytorch,0.6666666666666666,True
d80939e5e9337e8078f11489afefec59fd42f93b,2.2595222387000278,492,451,321.0,0.0,pytorch/pytorch,0.9166666666666666,True
cee06e74eeb54994b97000a02b715a4e63a97951,1.7778886860851268,62,61,51.0,46.0,pytorch/pytorch,0.9838709677419355,True
b732b52f1e4378f8486ceb5e7026be3321c2651c,2.2039218761883035,7,2,4.0,4.0,pytorch/pytorch,0.2857142857142857,True
515c4279416f13fcc3c898e560f8ae8f15139a03,3.3222956118335993,648,552,692.0,566.0,pytorch/pytorch,0.8518518518518519,True
a74b10def961ab090385f291ee06e66db99c1a2f,5.501784482977159,90,57,90.0,87.0,pytorch/pytorch,0.6333333333333333,True
eebc93d41eeffb936cbf20c9052e1e813d0cc052,1.7722322356579714,1,0,1.0,0.0,pytorch/pytorch,0.0,False
fe5424d0f8604f6e66d827ae9f94b05cb7119d55,2.2529562450883462,115,0,204.0,129.0,pytorch/pytorch,0.0,False
7cf0b90e49689d45be91aa539fdf54cf2ea8a9a3,2.2595222387000278,54,54,51.0,12.0,pytorch/pytorch,1.0,True
b3ad45733bd908b7358959ca1e1f8d026f4507eb,1.9085108816893552,160,3,132.0,122.0,pytorch/pytorch,0.01875,True
e3900d2ba5c9f91a24a9ce34520794c8366d5c54,5.4494608271858445,8,0,13.0,0.0,pytorch/pytorch,0.0,False
e6ec0efaf87703c5f889cfc20b29be455885d58d,3.176283969630137,34,32,27.0,14.0,pytorch/pytorch,0.9411764705882353,True
dd3a77bc965adf9fe8ba582ee13bb7f14c9661b0,3.184683087433772,23,19,27.0,16.0,pytorch/pytorch,0.8260869565217391,True
67d8e7b659b19e1ee68208b28bfa7dba73375dbc,5.099223166527239,650,181,454.0,254.0,pytorch/pytorch,0.2784615384615385,True
30fb2c4abaaaa966999eab11674f25b18460e609,4.304934690851015,14,12,21.0,21.0,pytorch/pytorch,0.8571428571428571,True
44cc873fba5e5ffc4d4d4eef3bd370b653ce1ce1,5.418418225720587,279,84,250.0,145.0,pytorch/pytorch,0.3010752688172043,True
f70844bec783bfce43c950ccf180dc494e86f2bf,3.1819785408269325,262,226,137.0,16.0,pytorch/pytorch,0.8625954198473282,True
c147aa306c6386a753fdff24b48d04e803070a63,5.692712595381145,6,5,4.0,0.0,pytorch/pytorch,0.8333333333333334,True
c686304277f7cd72331f685605325498cff94a0b,2.2455529571323547,115,105,58.0,55.0,pytorch/pytorch,0.9130434782608695,True
2e26976ad3b06ce95dd6afccfdbe124802edf28f,5.381566437244911,3,3,4.0,0.0,pytorch/pytorch,1.0,True
f6838d521a243dbedc50ae96575720bf2cc8a8ad,2.2066509493751107,3,3,3.0,0.0,pytorch/pytorch,1.0,True
740fb229660f388feddc288c127ab12c82e67d36,2.2040966359925975,3,3,4.0,4.0,pytorch/pytorch,1.0,True
aecc746fccc4495313167e3a7f94210daf457e1d,2.2040859254189167,4,0,4.0,4.0,pytorch/pytorch,0.0,False
b0043072529b81276a69df29e00555333117646c,5.13486982533526,386,0,304.0,159.0,pytorch/pytorch,0.0,False
21ef5f60a3a5efa17855a30f6b5c7d1968cd46ba,1.1449075024716708,62,40,62.0,47.0,vosen/ZLUDA,0.6451612903225806,True
fd7c7e1cbd8e1d7bdb2ec2423c3cf9f95a3abed1,0.8054928448297716,104,104,166.0,161.0,pythonnet/pythonnet,1.0,True
05b872da4f498d923dbf5f5f38691b9a21580914,2.8733443290998046,4,0,5.0,0.0,scipy/scipy,0.0,False
726243cb85d4368d58fb1f95dc1749fb3f3dbce8,0.6171840063883185,78,66,105.0,103.0,scipy/scipy,0.8461538461538461,True
9c742420ec223836608cab7d75d16f8ece5e0032,0.17420862169493245,10,10,13.0,13.0,scipy/scipy,1.0,True
81662226aac5c6b978825b381d2793b16d3b354f,2.8161320252490682,18,13,17.0,13.0,scipy/scipy,0.7222222222222222,True
d1b5af016e907e037136b7a38e485437165490f2,2.2544025211042666,13,13,14.0,4.0,scipy/scipy,1.0,True
9d41d85c472438cf17211b843de7c770868d25a4,2.876573186807615,6,6,3.0,3.0,scipy/scipy,1.0,True
fa9f13e6906e7d00510d593f7f982db30e4e4f14,2.8152086343701677,11,10,17.0,13.0,scipy/scipy,0.9090909090909091,True
c7587c83744164f7b7c8e905de05b5955170acd4,0.316560448196314,121,51,164.0,137.0,scipy/scipy,0.4214876033057851,True
ceafa8e730887b81cf10d483ce375559ebd1de09,2.49930650619819,767,46,1180.0,367.0,scipy/scipy,0.05997392438070404,True
b9cb3d075dad2b1ee9c145f9e69192d6eeda4f1e,3.6215395657464446,61,61,47.0,44.0,scipy/scipy,1.0,True
7b921fd28659b02544bfb46368ddadd1048b37aa,2.5200389763480113,13,1,8.0,4.0,scipy/scipy,0.07692307692307693,True
79099da5aefd2f76092b999823e45a6519e41005,3.166756724212234,1,1,2.0,0.0,scipy/scipy,1.0,True
664a42c9a7945a0a47f876baa6d27fb4c31c6847,2.873344487540244,4,1,5.0,0.0,scipy/scipy,0.25,True
e2ea689d1300111b8a640f3fbda24e13203f55fc,0.15974402362663828,132,132,72.0,66.0,scipy/scipy,1.0,True
c1c91d3933291046c72a8e1569c0c4703a51ba45,3.658869780971937,4,2,4.0,3.0,scipy/scipy,0.5,True
de0997b2ea6437404b65dea14d4fecfd06bb09e9,0.17436896341927144,3,3,3.0,2.0,scipy/scipy,1.0,True
076710d528273563048c2b05bb3ad2f8b03fdb95,3.664909308692676,14,14,11.0,7.0,scipy/scipy,1.0,True
49858c5fb2bf479b17a0bf42a7397d73f45f1b31,2.8895286396937663,4,4,6.0,5.0,scipy/scipy,1.0,True
39787f146137b0ec9d31907989c6f104ba7eed76,2.8901772948513194,4,4,6.0,5.0,scipy/scipy,1.0,True
06a8231667a412c8f24ebca057bce35ae6080265,0.31656047988440184,346,193,261.0,259.0,scipy/scipy,0.5578034682080925,True
6c4a3f3551f9ee52a75c8c3999a57bed8ea67deb,3.6675062742413873,13,4,15.0,2.0,scipy/scipy,0.3076923076923077,True
9cf72e4599e0a22902ef3bc1a42e645240b1734d,2.8603080715897278,6,6,3.0,1.0,scipy/scipy,1.0,True
5b36cb48ad9ce566dd24ff7183f207a1cb9358b5,3.5184665500545034,4,3,5.0,1.0,triton-lang/triton,0.75,True
312cf97e147e962562877026fd82c928cf6eaa30,2.716786922959921,12,2,17.0,2.0,triton-lang/triton,0.16666666666666666,True
bc4a8e66da036fafc01b87ee9e210df7ee8fb738,2.63184332775623,17,3,24.0,24.0,triton-lang/triton,0.17647058823529413,True
0327b9d32db6d1d63d207ccab722bd45e00a6678,2.6801468109108426,257,32,139.0,65.0,triton-lang/triton,0.1245136186770428,True
53d868113a706988394134ca1f7f85cb3016cc81,2.736614951707354,5,2,4.0,4.0,triton-lang/triton,0.4,True
841a77d1b5961b43e1b64e5265bdfe52c133574d,2.6307578523081605,747,407,497.0,332.0,triton-lang/triton,0.5448460508701473,True
539fbe5049570f29e73dc6843f984cd4913c5505,2.8036403592161636,12,0,11.0,0.0,triton-lang/triton,0.0,False
846d6e7e77891706d179b20f27b1278ac3b9a9ac,2.636021021877456,8,7,12.0,0.0,triton-lang/triton,0.875,True
f88b01f558df06f010a869e01473253a5f5cd8db,2.919306030876873,245,26,269.0,45.0,triton-lang/triton,0.10612244897959183,True
03184de8b535bb24fb1f49cc1f5e008bcbaa73ef,2.631124293355642,47,11,24.0,24.0,triton-lang/triton,0.23404255319148937,True
053af4e9f8f005e1bc3f8ac9bf285eaf0ac9bf72,3.496877709331508,43,23,71.0,27.0,triton-lang/triton,0.5348837209302325,True
df08301e76a56d9ab3f36ff00ab7133672baa8d3,2.909994391208457,59,6,63.0,17.0,triton-lang/triton,0.1016949152542373,True
734ba4cfbec00ab68ff55bac95e7740fe8228229,1.7630007034755495,3,0,2.0,0.0,web-infra-dev/rspack,0.0,False
86e3e852568dbc1d30d5f1eb2eced4edb5fc34cb,0.7654982318047,87,86,50.0,32.0,web-infra-dev/rspack,0.9885057471264368,True
6ed123ecc4aec9da26bd48748df670cd5b42b3cd,1.4649287334905063,84,81,67.0,67.0,MaartenGr/BERTopic,0.9642857142857143,True
39bbfdb8298b5faa32e4bc052080d240f6140bea,2.1547194336704947,7,7,12.0,6.0,MaartenGr/BERTopic,1.0,True
70d7725e5c89bccfe7d4e5a3ccd87e05c642d74b,2.1870332344664996,87,51,55.0,50.0,MaartenGr/BERTopic,0.5862068965517241,True
de6ed9ba9fd59f753bbfd4c9a88ff15e03a89de7,3.3111354792506402,80,66,60.0,59.0,grpc/grpc,0.825,True
de607e7d83704b30f809238c44d3d759196a77db,0.5507057254037062,22,22,37.0,31.0,grokability/snipe-it,1.0,True
d84eb43278177a9bcdfffe04c94d933eb49f2c48,0.5416752858265521,4,4,7.0,7.0,grokability/snipe-it,1.0,True
55d46cbefec5fe0bb7e28b859d540977d2cfee46,0.5506734669303116,15,15,9.0,0.0,grokability/snipe-it,1.0,True
1e5d426e70dcd72fd7e87c2b11ff42fe3cc7a1a4,0.5507980328035085,52,46,37.0,31.0,grokability/snipe-it,0.8846153846153846,True
53f2ef2ca11b0571de758b101f08f259de7830cf,0.5507202068598372,374,293,315.0,294.0,grokability/snipe-it,0.7834224598930482,True
3e831bf9b3cc060f11c88ec69a9313131de8ee1f,0.5507377303723984,98,77,53.0,12.0,grokability/snipe-it,0.7857142857142857,True
8bce38b9187d23089a28a4f3a4ab960ac7471e90,0.5508322242502598,67,65,37.0,31.0,grokability/snipe-it,0.9701492537313433,True
446f5f3cefdc1837a65fd4bc983741b29f821a78,0.5416669835475448,8,8,9.0,7.0,grokability/snipe-it,1.0,True
84fdb5d6c19bf7882cb91d42fe8768fc0db0ce67,0.5506089182954343,542,528,315.0,294.0,grokability/snipe-it,0.974169741697417,True
9bc92f57c8a29ac0e89c2d3f72f23c6c64567dd8,0.5507845019900119,180,116,315.0,294.0,grokability/snipe-it,0.6444444444444445,True
f7b82ad1ff513a25d775c20b58e9a8ce23461ec2,0.5508216087408422,8,8,9.0,0.0,grokability/snipe-it,1.0,True
9623fa4d87e7fb38307028338c6991afb7d4e099,0.5508796296296297,158,128,315.0,294.0,grokability/snipe-it,0.810126582278481,True
2e7046a810ce1f7562dec9d3ee4fee0cbc7262db,0.5508098207721753,53,52,37.0,31.0,grokability/snipe-it,0.9811320754716981,True
a613380811f63f51e2951d2f4b8454d5274d5cdf,0.5507522435166172,15,14,9.0,0.0,grokability/snipe-it,0.9333333333333333,True
93168326da54fa87880570c82df3ccbf3ff152e1,0.5507637146044059,17,14,9.0,0.0,grokability/snipe-it,0.8235294117647058,True
8b658a19b9182bf9a19e34bc9101ee11a13ed85b,0.55064884528608,147,127,212.0,192.0,grokability/snipe-it,0.8639455782312925,True
317b1a462e079bf96d492dd3782de38b7144be9f,0.5507319631404163,83,82,45.0,16.0,grokability/snipe-it,0.9879518072289156,True
ec6caf9b5959c6c57bd7be047e91bbb70fc303a7,0.5507698937815296,18,18,9.0,0.0,grokability/snipe-it,1.0,True
b2c0a21230977443536655e43e524773e2ad9e27,0.5506787271528887,38,32,37.0,31.0,grokability/snipe-it,0.8421052631578947,True
a3c7410c35388af08997b1c52adebda1056488a6,0.5508623279336832,12,11,9.0,0.0,grokability/snipe-it,0.9166666666666666,True
b5a46a370f85c6e87c8a9fa4a4593424bb027712,0.550618868355008,9,9,9.0,0.0,grokability/snipe-it,1.0,True
31043d1f5cb5d287c0ab2ca2ba1ae08665bc6ad5,0.5506850964585394,31,27,37.0,31.0,grokability/snipe-it,0.8709677419354839,True
c1a93e3ac890ed1fc1c27ba6c431f6b58ff661d6,0.5506272656982787,54,47,37.0,31.0,grokability/snipe-it,0.8703703703703703,True
b30978e33b067c2d156886475966152d46202108,1.4670269602251123,242,82,141.0,94.0,Kong/insomnia,0.33884297520661155,True
b429feb2f2ec08975ca2ff45b3b5a556aa8d0e35,1.488401716226836,3,0,3.0,2.0,Kong/insomnia,0.0,False
a4ad3eb4cc9c0c3d2548e04516fd37f4947391d7,3.78698234339747,765,707,1494.0,1384.0,OSGeo/gdal,0.9241830065359478,True
d915ccec42f50240894f59194ba073f73d2c1a4a,3.7869776535604736,1059,382,1494.0,1384.0,OSGeo/gdal,0.3607176581680831,True
ff8e2c54d09d9ad2f8c1a35e332ee18c8f75ac89,3.7869860825918322,650,580,1247.0,533.0,OSGeo/gdal,0.8923076923076924,True
9e20d63bb54abdb709c9f4adda7b1367c5275966,3.7869759424037315,221,179,124.0,101.0,OSGeo/gdal,0.8099547511312217,True
81bc857c2634d4366d91d2fbe595d8446e431dd2,3.786974009430375,968,872,1494.0,1384.0,OSGeo/gdal,0.9008264462809917,True
e420c2ec8ce41af536452ca8cbf25cdb8e7cc81f,3.7869740728065504,1796,1518,1494.0,1384.0,OSGeo/gdal,0.8452115812917594,True
8e7166c17a08df8ca77b60e403e67b1acc7d359a,3.786983198975841,632,616,1247.0,533.0,OSGeo/gdal,0.9746835443037974,True
09c1d3a1bf248610083e10dc7f743cbccca277b5,3.786976861358278,564,488,312.0,265.0,OSGeo/gdal,0.8652482269503546,True
adcc008ee0761073fd2aa540230d7c45d79f6e57,3.786975657210941,424,380,243.0,84.0,OSGeo/gdal,0.8962264150943396,True
9a816e43802eb9a87cc211c26824220d886cc62f,3.7869832940401045,323,300,243.0,84.0,OSGeo/gdal,0.9287925696594427,True
a439de9a83389fca5f11f9154de757f70ea482e6,3.7869858290871297,117,106,109.0,94.0,OSGeo/gdal,0.905982905982906,True
b46abc0080fe3d4a51e6b3b1777d550fed958c34,3.7869740411184627,107,89,109.0,94.0,OSGeo/gdal,0.8317757009345794,True
fbc2484163835ae191497275eea31a81461afa51,3.7869785408269325,516,439,312.0,265.0,OSGeo/gdal,0.8507751937984496,True
95913ccd9fc0f2a8a33a88c4f741604db64eef29,3.786983547544807,2653,2414,1494.0,1384.0,OSGeo/gdal,0.9099133056916698,True
d7e5c0055c176ff6e70da7aa47a29654ece08ce1,3.786987445179608,40,40,21.0,6.0,OSGeo/gdal,1.0,True
be51a1bcde83999496705e2147b052b6b9ac4390,3.786976195908434,803,758,1494.0,1384.0,OSGeo/gdal,0.9439601494396015,True
43bf66ce52606797cd8a97db6ce34f8627efb55b,3.7869851636372855,696,602,1247.0,533.0,OSGeo/gdal,0.8649425287356322,True
6a5faf12aa2c2f9cd6464769690ba75d0a226a20,3.786983040535402,1580,1377,1494.0,1384.0,OSGeo/gdal,0.8715189873417721,True
da3dda56950b2360dc0aaa2a56887ae1b9a14478,3.786980949121606,1729,0,1494.0,1384.0,OSGeo/gdal,0.0,False
17ad2e401268e0a2ae2d73f2621b6b4d222687a4,3.7869771465510684,364,342,243.0,84.0,OSGeo/gdal,0.9395604395604396,True
3d4fb9d468dfa36e3d63c0a94663a5254336bd50,3.7869783506984054,168,140,109.0,94.0,OSGeo/gdal,0.8333333333333334,True
b6ad6005fa7c8ad083abebecb04fa5c2006dbd34,3.786974674880219,318,272,243.0,84.0,OSGeo/gdal,0.8553459119496856,True
b6f007e10f2f1d965daae679c9f4f84574517a77,3.786973692549497,326,241,243.0,84.0,OSGeo/gdal,0.7392638036809815,True
b5f91831d2d79fc6a13a0c590b46f455804d0129,3.7869745798159555,440,393,243.0,84.0,OSGeo/gdal,0.8931818181818182,True
5aa23d13884f2ed80ad3e91e8a7d3f1d7489b83d,3.7869744213755165,1398,1371,1494.0,1384.0,OSGeo/gdal,0.98068669527897,True
cb5dc009cf60be71f12b2718017da4621c92c561,3.7869869698582908,3,3,3.0,1.0,OSGeo/gdal,1.0,True
92292c790364d49211eb176514ac5cc51919e960,3.7869839594899486,1724,1535,1494.0,1384.0,OSGeo/gdal,0.8903712296983759,True
62b4724ce724bb72f75822d0a17ae7335ff815ae,3.786974548127868,804,736,1494.0,1384.0,OSGeo/gdal,0.9154228855721394,True
b30f325309ab8c89e9d5bfef59d3ce41749ef458,3.786975213577712,586,581,312.0,265.0,OSGeo/gdal,0.9914675767918089,True
3954f6a0634151ff34f7c626b1366206e1d7b9ce,3.786981836388065,1092,886,1494.0,1384.0,OSGeo/gdal,0.8113553113553114,True
db37fe0089d0f0c92b3b8eb6b8268617cf57b92a,0.6771391360559739,9,9,5.0,5.0,OSGeo/gdal,1.0,True
f731f9b347d6977c72ccfa2653c3eba949897193,3.786981456131011,707,685,1247.0,533.0,OSGeo/gdal,0.9688826025459689,True
bf146647e0aeb53da0a42519a4bbd24e5d24b088,3.7869810758739573,134,94,109.0,94.0,OSGeo/gdal,0.7014925373134329,True
d83e5f866a549282e80050b8f9f1ee54590ebacc,3.786978223946054,391,341,243.0,84.0,OSGeo/gdal,0.8721227621483376,True
ba763baad4722883a47370a2991eb9e57db17906,3.7869749600730094,409,313,243.0,84.0,OSGeo/gdal,0.7652811735941321,True
31a8d9e6da538e49dbd4c09d9ea56a6a06d76c5b,3.7869813927548357,736,635,1247.0,533.0,OSGeo/gdal,0.8627717391304348,True
e817b4c1636f2f6b3142153b0ea7d6af0d0bca28,3.786976037467995,575,516,312.0,265.0,OSGeo/gdal,0.8973913043478261,True
d3829db87cc127bf1397d31ec31f41c6a11246e2,3.7869737242375847,6,6,3.0,1.0,OSGeo/gdal,1.0,True
593437a3fd35381c13fe5cf7fabae5767dc3a519,3.380784311861485,3,3,2.0,2.0,matomo-org/matomo,1.0,True
b16a791aa3650d85af829156129c2bd44c7cb075,7.23994752452658,3,0,3.0,3.0,matomo-org/matomo,0.0,False
5979482c4d14067952a04da279072f211f427ba2,2.799531016300352,3,3,4.0,4.0,matomo-org/matomo,1.0,True
a00487b0b841c4b15463b591c7f62176c4b84d15,12.002411209977945,68,49,66.0,52.0,matomo-org/matomo,0.7205882352941176,True
8f6e92f4b5c0e813fb09f2bae2fb91f7ade024d1,2.7775794737242374,7,7,6.0,2.0,matomo-org/matomo,1.0,True
df2a1a4a71f5a98974b1f8ef91ede5fd7b265230,2.703341603924253,1,1,1.0,0.0,matomo-org/matomo,1.0,True
8bfe2c7465a25081d8e5a23fcfa9b2f888272d41,2.7797986538900297,6,2,6.0,2.0,matomo-org/matomo,0.3333333333333333,True
f9d52ca9433e33783e59b209554dfba58f30cec4,12.657534761832332,3,3,3.0,2.0,matomo-org/matomo,1.0,True
3340b3f7a096a5c1aaf2cb65389d09a59f2d5d54,2.473909486145968,4,0,8.0,8.0,matomo-org/matomo,0.0,False
d40e11f6decbe84834ed5f33406189055e6989b8,3.2821098562628337,7,7,6.0,0.0,matomo-org/matomo,1.0,True
a8fbaf86abc13de414f1e2ceb855a49bb28de593,12.309621834360028,3,0,2.0,0.0,matomo-org/matomo,0.0,False
c9d77e5929e1bd93f38f83e6ebc6bfb5464d8355,2.4784498187441377,4,0,2.0,2.0,matomo-org/matomo,0.0,False
6199cd6f6cad3a9e3cd44649d40fa36b6b84dc9f,2.6869652318300505,29,21,21.0,19.0,matomo-org/matomo,0.7241379310344828,True
7ccae042b39c80b26243f18f93b1c8042de178ca,2.7410258384668036,1,1,2.0,0.0,matomo-org/matomo,1.0,True
1ae6df0f08783e8614c9fb14fc4bf7553537ce53,2.81511002104089,2,2,0.0,0.0,matomo-org/matomo,1.0,True
04f8ed7c3406afbb155ba3af765169e6579eb3e4,2.778753232184957,2,2,0.0,0.0,matomo-org/matomo,1.0,True
03a33e890aa214ff8607f86c99d76f6e0ac739c5,2.698748098714731,6,6,5.0,1.0,matomo-org/matomo,1.0,True
942300387c974a8313b2bd5ecdb486957cca02c4,2.7919395327908334,26,25,29.0,4.0,matomo-org/matomo,0.9615384615384616,True
78154fa198983b828dd80fac8af76397b82cae40,2.6603244860192157,4,4,0.0,0.0,matomo-org/matomo,1.0,True
115527353a9e75e01aa4d263408956ae45403bea,6.435292892995665,3,3,6.0,5.0,matomo-org/matomo,1.0,True
d6742943fe234d9f80727ae49ffebfb1539a3e67,2.782815011280959,1,1,1.0,0.0,matomo-org/matomo,1.0,True
ae4b03163792f0b6e933933e5d37df87dc3fd566,13.51164169645347,430,173,427.0,426.0,matomo-org/matomo,0.40232558139534885,True
5edd0d8f20380fcd2c238be4d78b74ff91f3f88a,2.473908472127158,1,0,0.0,0.0,matomo-org/matomo,0.0,False
e6475d6cc124a9331dd3a6ed1c51892ae1e928a4,2.4784520052221968,5,5,10.0,10.0,matomo-org/matomo,1.0,True
40ba1b12db9016d37942832397674d20cddf1218,2.796537284204122,4,2,4.0,4.0,matomo-org/matomo,0.5,True
e6085f0604713f764b51295e58d57dd2970ec287,2.4606693791669834,4,4,8.0,5.0,matomo-org/matomo,1.0,True
e85334baffc94946ed079ab596ad014fa9f6f029,2.6955698468831595,2,2,1.0,0.0,matomo-org/matomo,1.0,True
cf9e1290b23f44c5f2e1465292d609f15f50c840,2.4727916254721527,12,10,18.0,17.0,matomo-org/matomo,0.8333333333333334,True
73823f71570e858b55de703a7011c87bb68c5aa0,2.471258017086217,7,7,14.0,14.0,matomo-org/matomo,1.0,True
1d0691ca25da156e4ea3fa2a9eed9be55c9dcdf2,2.700695870408396,4,0,5.0,1.0,matomo-org/matomo,0.0,False
22162916d36389c7c7f3380ab3467890a0c2ef6e,2.7853564276117324,4,4,4.0,4.0,matomo-org/matomo,1.0,True
a2a63d34ebb460174e1a3e8d8022fe3e3ab4b469,11.34757291429006,10,7,8.0,0.0,matomo-org/matomo,0.7,True
aa2674a8241d5e4e55a2f7fbb74292e06eab8780,3.3559844855122063,5,5,3.0,3.0,matomo-org/matomo,1.0,True
2cb62b61716129dca0b5d9fa2f8a5b3ac1eebac4,2.783227400055771,3,0,6.0,6.0,matomo-org/matomo,0.0,False
2c5c72e2da4c015efa78069c9c1b407fc55a6483,6.479609602758131,5,3,6.0,0.0,matomo-org/matomo,0.6,True
4bf4190287d599d4ae6a67ba4bec1366d5cc541c,2.783393382259741,4,4,6.0,6.0,matomo-org/matomo,1.0,True
cdb91f5ef101306f163246535d639fc02ac86e34,2.4716402704895177,4,1,0.0,0.0,matomo-org/matomo,0.25,True
13a3fd516e9904d5cd7ef20ead76dd70cd172fe7,2.3773039458006946,25,22,50.0,30.0,youki-dev/youki,0.88,True
dd31208ab7a7aea86762830697b00666f843ded9,2.5878062653687226,51,41,27.0,24.0,lightgbm-org/LightGBM,0.803921568627451,True
6330d6269c81dfd4c96e664b99239b8ff39ccf91,2.6220971176515326,55,37,39.0,0.0,lightgbm-org/LightGBM,0.6727272727272727,True
50f11a9f3c066eadee475ea567f9e9d49e6bb827,0.9597167084949426,5,3,10.0,9.0,lightgbm-org/LightGBM,0.6,True
1b792e716682254c33ddb5eb845357e84018636d,2.604076640809187,401,389,244.0,224.0,lightgbm-org/LightGBM,0.970074812967581,True
75bbd55128083897d40c3f5265cc5b1f10314ddb,9.333686053438791,1,0,2.0,0.0,rust-lang/mdBook,0.0,False
ad0794a0bd692e4f2ff23b85e361889620e93f51,10.504294369660558,15,0,30.0,0.0,rust-lang/mdBook,0.0,False
1d69ccae4854f13552d452d0bffef95cbff70364,8.127400024082947,2,1,1.0,0.0,rust-lang/mdBook,0.5,True
382fc4139b96bde3c4b8875b499c720eabc89c6a,8.958532492965244,6,0,5.0,0.0,rust-lang/mdBook,0.0,False
c7b67e363bb9ce3383636ee615e8e761bf185b33,1.1541960098359825,5,2,4.0,1.0,rust-lang/mdBook,0.4,True
fd9d27e082f5e9eea50e4fa9fa3a22060d02c66b,8.150219281567674,3,3,3.0,0.0,rust-lang/mdBook,1.0,True
3688f73052454bf510a5acc85cf55aae450c6e46,8.076453342459503,7,0,7.0,0.0,rust-lang/mdBook,0.0,False
742dbbc91700dce1b7d910bca6b3e10a5ae46b86,7.790893699140619,8,2,6.0,1.0,rust-lang/mdBook,0.25,True
59604ad67d668dd9f05e5d8c4c97995d5b36e0b7,6.410738997895911,43,3,32.0,13.0,wandb/wandb,0.06976744186046512,True
272ce0aed8610df9e012b4645d00bac96d90d188,4.480133913859102,37,12,51.0,31.0,wandb/wandb,0.32432432432432434,True
ff03e73ee18e23c94b82ebc6b6067eb9599d2f2f,4.372253751869597,5,0,9.0,0.0,wandb/wandb,0.0,False
58405877a36beaba556cce31de304527b5245aa6,5.93638293152838,46,16,54.0,0.0,wandb/wandb,0.34782608695652173,True
0181dfcc51fbd54be0d6901ddfd9d0c5fffd711b,5.936223667199027,60,0,54.0,0.0,wandb/wandb,0.0,False
c28a5728b3e52aa42f1cafb0909a303578c8a46c,4.487990531599361,18,9,29.0,18.0,wandb/wandb,0.5,True
058c230cea83811c3bebdd8259988c5c501f4f7e,3.3378863094785407,3,3,2.0,0.0,sqlalchemy/sqlalchemy,1.0,True
1e1c0084b1804eaae8b7f089435241a2b8f4be60,0.39227016629908484,4,4,8.0,8.0,sqlalchemy/sqlalchemy,1.0,True
1e278de4cc9a4181e0747640a960e80efcea1ca9,7.731720916673004,49,28,48.0,10.0,sqlalchemy/sqlalchemy,0.5714285714285714,True
1e1a38e7801f410f244e4bbb44ec795ae152e04e,7.732383229396405,1049,863,,,sqlalchemy/sqlalchemy,0.8226882745471878,True
9b153ff18f12eab7b74a20ce53538666600f8bbf,2.664240880168327,4,4,2.0,0.0,sqlalchemy/sqlalchemy,1.0,True
a4d2df95732fbf4514fe1a155fc0aa37d94412e7,0.041049794661190964,10,10,7.0,7.0,WordPress/gutenberg,1.0,True
0bee15148fe4330c20cf372cb46a33693e45cb5f,3.035657020812736,14,3,16.0,6.0,WordPress/gutenberg,0.21428571428571427,True
c56e8a1910ed74f405b74bbb12fe81dea974e5c3,3.528376714325551,5,4,7.0,4.0,WordPress/gutenberg,0.8,True
f63053cace3c02e284f00918e1854284c85b9132,6.666213083377697,39,25,71.0,37.0,WordPress/gutenberg,0.6410256410256411,True
7f43eafccea3691044eabf94e94b978435d25bd3,0.15015165918827794,4,3,5.0,5.0,WordPress/gutenberg,0.75,True
0221522f253e094b277a1485b7a2d186cb172632,2.4194547113848963,28,26,23.0,23.0,WordPress/gutenberg,0.9285714285714286,True
5d4baa9ab5f57d207cc3a048003216a8574574d9,2.3402214363576443,4,4,5.0,5.0,WordPress/gutenberg,1.0,True
4857ad58c1241b3d63d21a6880c989b85746c3dc,6.665210820848227,32,23,59.0,30.0,WordPress/gutenberg,0.71875,True
9a34927870df80ac3b2da14d71f81d20ec23e2b6,2.575318243465916,4,2,7.0,1.0,WordPress/gutenberg,0.5,True
33d84b036592a5bf31af05b7710f3b2b14163dc4,4.297958906887723,26,24,22.0,0.0,WordPress/gutenberg,0.9230769230769231,True
72aed6a149b94b5b929fb47370a7a6d4cb7491c5,2.384445490151342,18,18,11.0,11.0,vuejs/vue,1.0,True
af9fc2bcff31d5baa413039818a9b3e011deccaf,3.5201089436459045,119,95,75.0,0.0,vuejs/vue,0.7983193277310925,True
9ade9569a658c0ed27107915d7597fcc98d7a577,1.5148497667756737,171,82,94.0,90.0,jenkinsci/docker,0.47953216374269003,True
af942a27e41b47e257b6cd46c01a13cd381fed04,4.648475834664233,148,102,104.0,48.0,wagtail/wagtail,0.6891891891891891,True
f8fc2c3a2052988f7b458e26f621e058d67a76c9,2.8657470783583037,8,7,6.0,4.0,wagtail/wagtail,0.875,True
a1b3d2176f29bfd5139e302df7a754f7397caf0c,0.13148842117271275,106,106,66.0,65.0,wagtail/wagtail,1.0,True
01986cfa1702929352ac8b6d58ada6070da2c700,4.627793780262124,75,63,55.0,37.0,wagtail/wagtail,0.84,True
d10f15e55806c6944827d801cd9c2d53f5da4186,4.618229491469567,497,268,258.0,203.0,wagtail/wagtail,0.5392354124748491,True
35092895d9bf3592e58f4710d098f8131afef259,4.586306119603519,19,11,12.0,12.0,onnx/onnx,0.5789473684210527,True
fddb2b6d4ea3fb3dba751d884865042503260899,4.140464674119705,342,312,352.0,345.0,onnx/onnx,0.9122807017543859,True
529f7cab88eed143fc9f0126147e9732585e4c5e,4.351368450072249,18,3,10.0,0.0,onnx/onnx,0.16666666666666666,True
a525f98d5ed31660b629bab90c680a39658a5c08,4.354499454964889,16,11,10.0,0.0,onnx/onnx,0.6875,True
98c14b4f4588d55ecf1beb92a16e704e4489dd4f,4.0714891183106445,43,27,29.0,4.0,software-mansion/react-native-svg,0.627906976744186,True
5ad154310fa5b325c2201ff3caeaa4daee8172d3,0.1112059535579385,687,687,355.0,89.0,TryGhost/Ghost,1.0,True
d7c548537cd5828b2d58e09f3207ddacc517b227,5.936799503130783,12,12,23.0,23.0,XAMPPRocky/tokei,1.0,True
f356d27ab21e0f93839da90393c0edf9225740c2,6.471169448880777,1084,802,,,XAMPPRocky/tokei,0.7398523985239852,True
eb4526c66f141734b806d4782968135772f39557,0.5172829365984739,1,1,1.0,0.0,dbcli/mycli,1.0,True
4c8b5bfb314ed8998b8652613f0669fe58537a62,0.5172657616548787,4,2,3.0,3.0,dbcli/mycli,0.5,True
c41dd77a3e93e02be3c4bc75d8c76b7b4169a4ce,1.7970548457423885,241,236,166.0,145.0,dicedb/dicedb,0.979253112033195,True
54c97479356ecf41b4b63733494a1be2ab919e17,1.7542809655994118,14,13,7.0,6.0,dicedb/dicedb,0.9285714285714286,True
5de0b425b0ee16b16bfb0fb33b067fa314d040fb,1.613430710827186,15,2,13.0,12.0,Flagsmith/flagsmith,0.13333333333333333,True
f7487ac5278d60e62067e2f4d5976ceb755f4980,1.6045908750982332,12,7,11.0,8.0,Flagsmith/flagsmith,0.5833333333333334,True
95a1721cf187835707b7c4f17114d063cf74a3a4,0.5348644700484194,7,0,14.0,1.0,Flagsmith/flagsmith,0.0,False
aafc84b1ad52a66f544c604ce3ee7daf8811f8de,0.5340956853499632,20,20,15.0,0.0,Flagsmith/flagsmith,1.0,True
1f7083636d3b163588fe9a8b45af289bd40b1a8d,1.613140669759424,4,2,2.0,0.0,Flagsmith/flagsmith,0.5,True
fe7c4176828af5231f526e76683fb9bdb9ea0367,1.536337047177225,6,6,3.0,3.0,scikit-learn/scikit-learn,1.0,True
c4c546355667b070edd5c892b206aa4a97af9a0b,2.4719391525337797,4,4,3.0,0.0,scikit-learn/scikit-learn,1.0,True
351ace7935a4ea685171cc6d174890f08facd561,5.285910683955687,4,4,3.0,1.0,scikit-learn/scikit-learn,1.0,True
3ae7c7615343bbd36acece57825d8b0d70fd9da4,5.254431832585494,16,4,13.0,13.0,scikit-learn/scikit-learn,0.25,True
ff78e258ccf11068e2b3a433c51517ae56234f88,1.4593812583973433,7,6,8.0,8.0,scikit-learn/scikit-learn,0.8571428571428571,True
1fe659545c70d9f805c1c4097dd2fce9a6285a12,1.171620782315512,22,20,28.0,28.0,scikit-learn/scikit-learn,0.9090909090909091,True
1fc86b6aacd89da44a3b4e8abf7c3e2ba4336ffe,4.621666286409613,7,7,11.0,11.0,scikit-learn/scikit-learn,1.0,True
d4aad64b1eb2e42e76f49db2ccfbe4b4660d092b,4.50673691915735,3,3,5.0,1.0,scikit-learn/scikit-learn,1.0,True
42173fdb34b5aded79664e045cada719dfbe39dc,3.2767851484270034,18,12,13.0,9.0,scikit-learn/scikit-learn,0.6666666666666666,True
82df48934eba1df9a1ed3be98aaace8eada59e6e,5.286080468730195,659,628,357.0,207.0,scikit-learn/scikit-learn,0.952959028831563,True
4abf564cb4ac58d61fbbe83552c28f764284a69d,1.1745422021953507,3,0,3.0,3.0,scikit-learn/scikit-learn,0.0,False
70a185ae59b4362633d18b0d0083abb1b6f7370c,4.9805974472076455,83,73,66.0,59.0,scikit-learn/scikit-learn,0.8795180722891566,True
893d5accaf9d16f447645e704f85a216187564f7,3.4848158922098005,39,39,33.0,33.0,scikit-learn/scikit-learn,1.0,True
b98dc797c480b1b9495f918e201d45ee07f29feb,1.423976601515958,6,2,11.0,10.0,scikit-learn/scikit-learn,0.3333333333333333,True
5cdbbf15e3fade7cc2462ef66dc4ea0f37f390e3,1.535131695692955,18,18,24.0,24.0,scikit-learn/scikit-learn,1.0,True
ffa018763c10de63e6548372e7eaad2ae53643d6,3.657865490404847,4,2,2.0,2.0,asdf-vm/asdf,0.5,True
b8dc5f160447baabab9c69683824512ded577254,6.81430650619819,7,7,13.0,13.0,asdf-vm/asdf,1.0,True
720fd172004c9f29045eb2ad19f35eba47ae31c7,3.660645106091718,97,84,83.0,57.0,asdf-vm/asdf,0.865979381443299,True
90ead5ea0ae06418c58a47f4c7732797af5fe336,3.652541257890334,5,4,4.0,3.0,asdf-vm/asdf,0.8,True
998180e3625643644603504bea75e3bcc668465f,3.666387114355971,6,5,4.0,1.0,asdf-vm/asdf,0.8333333333333334,True
d81b81f9de2dc5961624464df04cef7cafae588c,3.6880172446573884,39,18,20.0,8.0,asdf-vm/asdf,0.46153846153846156,True
b5e981cf1d9a37af17e48f6a871ff692720df810,3.664939348999924,17,17,13.0,5.0,asdf-vm/asdf,1.0,True
28b348a041b3dfd1898eb0073aa1e83bdae70e4a,3.6643831913707,13,11,13.0,5.0,asdf-vm/asdf,0.8461538461538461,True
407a6696c0739f5e368543c4fc1b14e41458f177,3.66656760970416,4,2,4.0,1.0,asdf-vm/asdf,0.5,True
6f64aa8d847d53f272d30bcf2532937c02826080,3.66625507009405,29,13,19.0,13.0,asdf-vm/asdf,0.4482758620689655,True
da20adc82aef3eb5ae0bad3889fe6695e6424f06,0.9470281643724491,6,4,3.0,1.0,yiisoft/yii2,0.6666666666666666,True
d71f7309aeec1ac0fef223840cb65bbbf96f1f99,0.9506101541308591,6,6,10.0,5.0,yiisoft/yii2,1.0,True
32d0a922b47ba23fc8d17b3947f8c8ff0b014a31,0.38294708723096815,3,3,2.0,0.0,yiisoft/yii2,1.0,True
b5f8a4dc22d5f8188405a2099d85fc154226c9b2,12.53227270134611,265,196,484.0,360.0,yiisoft/yii2,0.7396226415094339,True
f66d5c8864712aef233b8131c2f99721101f61d0,0.6632204920526276,3,1,4.0,4.0,yiisoft/yii2,0.3333333333333333,True
9d327baa8b2c80b53d4d405678f03e6b89ff6e38,10.335996970618805,50,26,98.0,95.0,yiisoft/yii2,0.52,True
909396074eef92d62dd34b4709bb7351e722bec3,0.960370275306107,16,16,8.0,8.0,yiisoft/yii2,1.0,True
80545100b3f40423118b5cd413fcdb9c7dd7fa5e,0.9491848873171598,15,12,24.0,7.0,yiisoft/yii2,0.8,True
1f6a8230732d829cdf2f3ca6755e4ac32f2c6f4f,12.938831596826121,10,4,,,yiisoft/yii2,0.4,True
c960f93dfeefe760eb44bcdfa4463dcc7b29cc43,0.9498325284559028,7,6,4.0,2.0,yiisoft/yii2,0.8571428571428571,True
c82da8dc829d557e82b12edbed9e37003dfcc9a3,0.9847386049636221,17,17,24.0,21.0,yiisoft/yii2,1.0,True
2f8e62d6b64324099b44cbac69395fef0e53b13e,0.9152112327933684,12,12,8.0,1.0,yiisoft/yii2,1.0,True
ba0ab403b52124c941dbeb46fbd9efdc12252a5d,9.290126150277588,67,61,85.0,82.0,yiisoft/yii2,0.9104477611940298,True
23ee1e7aff357e656e3102435ad0fe3b5074571e,4.117906082845336,12,10,6.0,1.0,python/mypy,0.8333333333333334,True
fc335cb16315964b923eb1927e3aad1516891c28,4.416076602783481,27,5,44.0,2.0,python/mypy,0.18518518518518517,True
f98f78216ba9d6ab68c8e69c19e9f3c7926c5efe,5.257370554161279,25,6,22.0,20.0,python/mypy,0.24,True
97c5ee99bc98dc475512e549b252b23a6e7e0997,4.180352720105458,546,428,312.0,274.0,python/mypy,0.7838827838827839,True
8107e53158d83d30bb04d290ac10d8d3ccd344f8,2.6619250513347024,10,9,9.0,4.0,python/mypy,0.9,True
4276308be01ea498d946a79554b4a10b1cf13ccb,3.4603541460694096,6,6,4.0,3.0,python/mypy,1.0,True
32833c3fe081ff75c0b08ace9cc71e821a72fc5e,5.932434057089259,12,2,7.0,6.0,aio-libs/aiohttp,0.16666666666666666,True
41c5467a62fb1041b77356ea22b81a74305941ef,5.923207024615307,7,6,12.0,0.0,aio-libs/aiohttp,0.8571428571428571,True
6ab76b084bf5012b7185046162ed92bedcf073b5,5.9351681369939415,161,99,148.0,16.0,aio-libs/aiohttp,0.6149068322981367,True
3f7d64798d46b8b166139811a377ba231b4f36bf,5.92389988465536,17,6,16.0,0.0,aio-libs/aiohttp,0.35294117647058826,True
28262c20df6f2945c1b1cd7b27b0faef59cb0438,0.0771778905873704,11,11,13.0,13.0,sgl-project/sglang,1.0,True
34c4c8d5088fa183f56baea28809de6f2a427e02,7.282743871523817,5,5,9.0,0.0,electron/electron,1.0,True
d9321f4df751fa32813fab1b6387bbd61bd681d0,6.653520736684666,4,3,3.0,1.0,electron/electron,0.75,True
5d657dece4102e5e5304d42e8004b6ad64c0fcda,6.530300624889092,57,39,40.0,7.0,electron/electron,0.6842105263157895,True
303f0a70fcf8067adf0a909c2096a5009162383a,3.754099868177555,180,3,220.0,11.0,scrapy/scrapy,0.016666666666666666,True
c5cdd0d30ceb68ccba04af0e71d1b8e6678e2962,3.7539435191522803,16,3,21.0,1.0,scrapy/scrapy,0.1875,True
e211ec0aa26ecae0da8ae55d064ea60e1efe4d0d,3.83622651912693,553,8,,,scrapy/scrapy,0.014466546112115732,True
c48062fe2ab9a2d913d1985a6b0aec4bf936bfc1,3.3138263999797197,19,0,25.0,0.0,rust-lang/rust-analyzer,0.0,False
f247090558c9ba3c551566eae5882b7ca865225f,4.364228109868938,369,190,247.0,168.0,rust-lang/rust-analyzer,0.5149051490514905,True
932d85b52946d917deab2c23ead552f7f713b828,2.733343600273785,87,0,98.0,50.0,rust-lang/rust-analyzer,0.0,False
f532576ac53ddcc666bc8d59e0b6437065e2f599,2.7963504829264583,13,0,25.0,0.0,rust-lang/rust-analyzer,0.0,False
b2f6fd4f961fc7e4fbfdb80cae2e6065f8436f15,3.543847662686643,1823,6,,,rust-lang/rust-analyzer,0.0032912781130005485,True
4704881b641884de50645637108b6b6f5b68aaf9,3.1982950541232538,15,0,23.0,3.0,rust-lang/rust-analyzer,0.0,False
3e358a6827d83e8d6473913a5e304734aadfed04,4.0773692232615915,194,0,321.0,268.0,rust-lang/rust-analyzer,0.0,False
9d2cb42a413e51deb50b36794a2e1605381878fc,4.154687143509012,21,0,29.0,28.0,rust-lang/rust-analyzer,0.0,False
40a6e074e5224d733f964be00e21e0a1cb98bd2e,3.181789806575912,201,125,238.0,235.0,google/flax,0.6218905472636815,True
b39a1d6f1a30ba29f25d7141038b9a5bf0126e36,6.22299243288463,450,60,,,crablang/crab,0.13333333333333333,True
cc907f80b95c6ec530c5ee1b05b044a468f07eca,1.1050118513448424,9,9,6.0,6.0,crablang/crab,1.0,True
f97fddab91fbf290ea5b691fe355d6f915220b6e,1.2366565898547417,275,275,141.0,127.0,crablang/crab,1.0,True
283abbf0e7d20176f76006825b5c52e9a4234e4c,1.8676911108576064,48,34,43.0,43.0,crablang/crab,0.7083333333333334,True
971c549ca334b7b7406e61e958efcca9c4152822,2.718482013841357,13,1,15.0,9.0,crablang/crab,0.07692307692307693,True
a06baa56b95674fc626b3c3fd680d6a65357fe60,4.659097079625827,212,48,,,crablang/crab,0.22641509433962265,True
28de9439beb87133c8683434df952a0c0be94100,2.8374367505767233,4,3,2.0,0.0,bitwarden/clients,0.75,True
8fe821b9a3f9728bcb02d607ca75add468d380c1,4.77657993637032,11,1,20.0,0.0,bitwarden/clients,0.09090909090909091,True
56477eb39cfd8a73c9920577d24d75fed36e2cf5,4.787505482039192,22,0,20.0,0.0,bitwarden/clients,0.0,False
521feae535d83166e620c3c28dfc3e7b0314a00e,4.779310752401957,9,0,5.0,0.0,bitwarden/clients,0.0,False
910b4a24e649f21acbf4da5b2d422b121d514bd5,4.7790508150176185,14,0,20.0,0.0,bitwarden/clients,0.0,False
193434461dbd9c48fe5dcbad95693470aec422ac,4.790511097168353,13,0,20.0,0.0,bitwarden/clients,0.0,False
ddae2a1d49d604487d3c963e5eacbeb73861d986,4.835384249752833,3,3,5.0,5.0,microsoft/terminal,1.0,True
9b92986b49bed8cc41fde4d6ef080921c41e6d9e,7.304749664106269,64,36,51.0,1.0,microsoft/terminal,0.5625,True
d07546a6fef73fa4e1fb1c2f01535843d1fcc212,5.103922731766675,1221,950,1234.0,12.0,microsoft/terminal,0.778050778050778,True
5bbf61af8c8f12e6c05d07a696bf7d411b330a67,6.631391202119299,2265,626,2263.0,0.0,microsoft/terminal,0.2763796909492274,True
24411214e9741b62dc9eaaf86a469b378d3592b7,3.197703247395239,4,4,4.0,0.0,quartznet/quartznet,1.0,True
c84c97d51af696df947275ce3d0c8bc6c3a439c9,3.1977810099627346,180,95,93.0,19.0,quartznet/quartznet,0.5277777777777778,True
873ae7305f07a3a1493249148c1d0f0a0407f797,3.2092362220194186,160,147,159.0,11.0,libvips/libvips,0.91875,True
451981485d4c0fa72ebfca081342e16405909f7d,1.5940161799376378,5,5,3.0,3.0,marimo-team/marimo,1.0,True
312a170df2467536e93362a052b77eb33adcb698,5.336298546150531,11,6,12.0,3.0,reduxjs/redux,0.5454545454545454,True
90bdd725552e8cc1466c2b3c1152e0501519a568,2.5271236405810327,9,5,18.0,0.0,getmoto/moto,0.5555555555555556,True
96e5b1993d7f2451443bfabff4265029ac6625af,6.916205319796182,33,1,46.0,19.0,getmoto/moto,0.030303030303030304,True
29d01c35bc06d5a8462487d614e33b9e8416ba96,4.559250608411286,5,2,5.0,0.0,getmoto/moto,0.4,True
9aa2982aacdd39ca3bc2994d7103992059a105d3,2.6598656425076683,8,5,4.0,2.0,Qiskit/qiskit,0.625,True
2eee56616d50a9e26756f855ef4aa0135920ad78,5.402845463533349,36,34,25.0,23.0,Qiskit/qiskit,0.9444444444444444,True
3763e61f16f97598cb0fa317277ad85fa15db738,4.65219196009836,5,5,3.0,3.0,Qiskit/qiskit,1.0,True
75af8fdf4fbbfe6a4906679018b11349f14dd8ff,0.9998314193728294,4,4,6.0,4.0,Qiskit/qiskit,1.0,True
63ddaa623c66d7386ab29a377cacb791fe334106,3.9446755139807843,4,3,3.0,1.0,beeware/toga,0.75,True
10c22a3a5453ca24060caaceee5f93ec095959ae,3.929013708266788,29,10,40.0,7.0,beeware/toga,0.3448275862068966,True
fc5afd738a85b5adf2e7d4729704b2da8c1f1011,0.675983154612518,24,24,16.0,16.0,WebAssembly/binaryen,1.0,True
db9124f1de0478dcac525009b6f1589b44a7edd8,7.4301504233528535,118,41,93.0,47.0,WebAssembly/binaryen,0.3474576271186441,True
dc1c716ded39758062ed7e6bc410ad274119de9f,1.5283058597611985,90,78,68.0,70.0,nix-darwin/nix-darwin,0.8666666666666667,True
fd2b3e13d330a4559f5aa21462e1cb2cbbcf144b,2.1975728509138843,7,7,10.0,2.0,react/react,1.0,True
c998bb1ed4b3285398c9c7797135d3f060243c6a,2.336545301290339,10,0,10.0,10.0,react/react,0.0,False
2673ac391c89b73fb97bb646eeef898b4d48fe30,4.3700146715846575,20,12,16.0,1.0,ibis-project/ibis,0.6,True
1fb3a21ab745ecfc915b17b36b57657080ac0344,4.3700146715846575,8,3,6.0,0.0,ibis-project/ibis,0.375,True
8a3326e73723ccfc15f6636d5664ad7c76abaa56,4.3700146715846575,14,6,16.0,1.0,ibis-project/ibis,0.42857142857142855,True
ecc9d173a889ed9b56228ff62a09e5e0fa97d427,4.3700146715846575,67,0,45.0,29.0,ibis-project/ibis,0.0,False
7901860b279cc15ea6ed40a16bc9aa333c0c0879,4.3700146715846575,45,20,45.0,29.0,ibis-project/ibis,0.4444444444444444,True
96b5b584b47e67840faa1ea32a3beaa73065039a,4.3700146715846575,16,14,16.0,1.0,ibis-project/ibis,0.875,True
fa1387ac8d6af8989cccd88ba4bf04d496b5ef3a,4.3700146715846575,2,0,2.0,0.0,ibis-project/ibis,0.0,False
d36af084837d4d469efce060268295eec43139fb,3.9782302202955866,5,1,5.0,5.0,ibis-project/ibis,0.2,True
8fda6eec76220be87c477a4e40a423a0c91b2390,3.146790630466195,128,94,101.0,39.0,ibis-project/ibis,0.734375,True
5332737fefbef3eac1063d93034d7ce87ba1c01b,4.437797139199432,6,2,3.0,0.0,ibis-project/ibis,0.3333333333333333,True
cd31389542561a94d9d0207e09c9c906c3831fe9,4.3700146715846575,12,8,6.0,0.0,ibis-project/ibis,0.6666666666666666,True
4803894dcff2afced4a1fc651d40b235c862791a,4.3700146715846575,26,18,45.0,29.0,ibis-project/ibis,0.6923076923076923,True
5c0895a3cf4b5b96af1b8e5d8630f6a595af2002,4.3700146715846575,7,0,6.0,0.0,ibis-project/ibis,0.0,False
64416c25aaa91cc9dfc2ab26f72b3766b9bcf9f4,4.3700146715846575,19,8,16.0,1.0,ibis-project/ibis,0.42105263157894735,True
20e3f8d39077829e5c9463e7654408ce27a292d8,4.3700146715846575,8,2,6.0,0.0,ibis-project/ibis,0.25,True
2aecdc910a4f55e5af9b595b52a900a2409c8c52,4.3700146715846575,6,3,6.0,0.0,ibis-project/ibis,0.5,True
bcd0091c6d38de2615dd52e4438f3ffe32454396,4.3700146715846575,5,1,6.0,0.0,ibis-project/ibis,0.2,True
bb025103420741836cf594aa8163962d03b71b7b,4.437797139199432,11,0,12.0,5.0,ibis-project/ibis,0.0,False
6ecaaed58c0a4e7cf38c1f04c7c2527f9587af90,4.3700146715846575,9,0,6.0,0.0,ibis-project/ibis,0.0,False
37ee8323e84d94551e2cd390f6dca36b6e1d2b60,4.3700146715846575,5,0,6.0,0.0,ibis-project/ibis,0.0,False
3dc33de6eaf34a7bef1d345d2ffb3bf07e6a5748,0.7487721182852942,6,6,6.0,6.0,apache/cassandra,1.0,True
8e5ad4688a13de81727c014a3c2e2fb26324bc20,1.4243628793064111,21,2,12.0,2.0,verl-project/verl,0.09523809523809523,True
00a10a8ef389556f957a2f36132b2358fd6a109f,1.2487408421426218,214,84,146.0,33.0,verl-project/verl,0.3925233644859813,True
b00f77d8559b48d57a33c0132a5ba1c81891a536,1.4498685894998353,92,48,46.0,44.0,verl-project/verl,0.5217391304347826,True
14eabc60600ff3c8ef1908100ae7abd3aa998bc4,0.11303210637057318,21,7,30.0,28.0,beetbox/beets,0.3333333333333333,True
c070b29e14cd06419e129b76a6d42a82fe51e190,0.28577208025958883,6,6,4.0,4.0,beetbox/beets,1.0,True
6a3380bcb5e803e825bd9485fcc4b70d352947eb,2.132564580322965,2,1,3.0,1.0,beetbox/beets,0.5,True
43b8cce063b1a1ef079266f362272307fb328d73,1.2262634991254089,7,1,8.0,6.0,beetbox/beets,0.14285714285714285,True
f37306b0cc17f17291ea5010178f190a95b29fd5,0.11583910056531549,5,5,8.0,8.0,beetbox/beets,1.0,True
5039c8f6cff474bec54b2106dd7c7d0cd39878f2,0.11727285978654904,29,27,30.0,30.0,beetbox/beets,0.9310344827586207,True
9b375d0b2d2dc9388892f1b901aae67ab0ad8290,0.20734678809541918,75,67,50.0,46.0,beetbox/beets,0.8933333333333333,True
432fa557258d9ff01e23ed750f9a86a96239599e,5.097518537531371,97,7,60.0,0.0,beetbox/beets,0.07216494845360824,True
4b69b493d2630b723684f259ee9e7e07c480e8ee,2.120579511749943,13,4,15.0,6.0,beetbox/beets,0.3076923076923077,True
59c93e70139f70e9fd1c6f3c1bceb005945bec33,0.905458875199635,333,279,525.0,127.0,beetbox/beets,0.8378378378378378,True
ee4d6eef36269fbf99e0f566487ab21069be279f,0.08597022587268993,134,101,121.0,117.0,beetbox/beets,0.753731343283582,True
53d2c8d9db87be4d4750ad879bf46176537be73f,10.608395093416483,43,6,38.0,3.0,beetbox/beets,0.13953488372093023,True
e21c04e9125a28ae0452374acf03d93315eb4381,12.463244543311278,37,0,29.0,7.0,beetbox/beets,0.0,False
5dc6f45110b99f0cc8dbb94251f9b1f6d69583fa,1.3729001254848276,145,49,80.0,1.0,beetbox/beets,0.33793103448275863,True
c9ad80dad2528af67cdb76c35d7ba5e4824b7600,0.28577208025958883,11,11,20.0,0.0,beetbox/beets,1.0,True
72caf0d2cdc8fcefe1c252bdb0ac9b11b90cc649,1.226263467437321,10,10,8.0,6.0,beetbox/beets,1.0,True
aef9c64cb07c8f828d0dd6e69a5485abf2c43396,0.2501686756914341,18,15,36.0,33.0,beetbox/beets,0.8333333333333334,True
46bdb84b464ffec3f0ce88d53467391be7b7046f,2.132564580322965,7,4,12.0,11.0,beetbox/beets,0.5714285714285714,True
29c887db5bff1cfc4c6ea60505636742fa41cccf,0.24172126524197024,86,72,55.0,55.0,beetbox/beets,0.8372093023255814,True
4f0ac15b99cc240a6b611d2b70f29f1e576d6418,0.08166368798641215,102,102,58.0,58.0,beetbox/beets,1.0,True
07549ed896d9649562d40b75cd30702e6fa6e975,1.0698107904276624,264,108,181.0,24.0,beetbox/beets,0.4090909090909091,True
d8fc064e9c3b428ee6aad5f50d34dc66aba742f2,0.11583910056531549,56,45,65.0,65.0,beetbox/beets,0.8035714285714286,True
cb82917fe0d5476c74bb946f91ea0d9a9f019c9b,2.1325646436991406,4,2,5.0,0.0,beetbox/beets,0.5,True
fbfdfd54446fab6782ef0629da303f14f0a2ecdf,1.80420054123254,10,1,7.0,7.0,beetbox/beets,0.1,True
5804a21620098e8da78b1f4a5f85063033586632,0.32452394985676986,17,17,9.0,3.0,beetbox/beets,1.0,True
441c8383873d72d4bb0387cdf1863c0fe9e11098,0.5688244353182752,9,5,9.0,5.0,beetbox/beets,0.5555555555555556,True
6acef1d5864716300f2c4add4e19cc6e737cce46,0.1158391322534033,51,51,65.0,65.0,beetbox/beets,1.0,True
192217da5d70621089b06b06fff3dbcbeb4c0c4d,0.5688244353182752,18,17,29.0,23.0,beetbox/beets,0.9444444444444444,True
5c3695da262ec64e52ec8057302fe2d852b62afa,0.08160351230765331,20,20,14.0,14.0,beetbox/beets,1.0,True
6d1316f463cb7c9390f85bf35b220e250a35004a,5.097843784064694,31,3,25.0,1.0,beetbox/beets,0.0967741935483871,True
1418a80e0531fba1e01d0ad2a4decdefaed6b365,0.24172126524197024,14,13,9.0,9.0,beetbox/beets,0.9285714285714286,True
1c16b2b3087e9c3635d68d41c9541c4319d0bdbe,1.0823202017897433,10,2,17.0,12.0,beetbox/beets,0.2,True
5dcc35112d17976a11ffc468cf436bc3e2342e54,0.17650296600501938,26,26,32.0,32.0,beetbox/beets,1.0,True
a6e5201ff3fad4c69bf24d17bace2ef744b9f51b,2.941124958805486,256,114,128.0,0.0,beetbox/beets,0.4453125,True
d93ddf8dd43e4f9ed072a03829e287c78d2570a2,1.0823200116612164,10,1,17.0,12.0,beetbox/beets,0.1,True
26713de0d64b8412ac922d0402929504f6f3c6c7,0.1158391322534033,27,22,30.0,30.0,beetbox/beets,0.8148148148148148,True
e9021e17e9f14af8b4805ce1ec7f32843ada7970,0.11727285978654904,196,153,100.0,98.0,beetbox/beets,0.7806122448979592,True
1a045c91668c771686f4c871c84f1680af2e944b,1.233712861561082,6,5,4.0,3.0,beetbox/beets,0.8333333333333334,True
b0395aa5335d797fc042fbd07c5f46961e23fc2b,0.3635747014982128,11,0,7.0,5.0,refined-github/refined-github,0.0,False
969c06f9b981819f0ba943a98afe7f0148d9a5e3,0.4423710294825969,3,2,4.0,0.0,refined-github/refined-github,0.6666666666666666,True
01dd06acceb957ae824d346a5ff8736ee7320c8a,3.4000312761426725,6,1,7.0,2.0,refined-github/refined-github,0.16666666666666666,True
a4b2f95af2a16ffe4d8b023ef97d14466c24db22,0.3890140885238421,17,11,23.0,20.0,refined-github/refined-github,0.6470588235294118,True
b6dc0edc94cebdee74d67f5919f46c28cd96b9f8,3.407933524729384,13,7,21.0,5.0,refined-github/refined-github,0.5384615384615384,True
a62b707f3d893f424458b9453e938071e4271c6e,3.0636731880751387,23,3,25.0,22.0,refined-github/refined-github,0.13043478260869565,True
8cbd2ee126e24dab6031e8995bd483aad61ab49d,0.027566006286916623,5,5,3.0,3.0,refined-github/refined-github,1.0,True
7f974d7a919151fda93bbea3fdfe32637d0b83e8,0.3819023309757396,7,1,10.0,6.0,refined-github/refined-github,0.14285714285714285,True
b633a49d8ae561cec86cef56bbaf6b43ca22237f,0.38801261819656757,3,2,4.0,4.0,refined-github/refined-github,0.6666666666666666,True
938bc983da8f3f8e1caadce18fa47d67c5d7a22a,0.44615205212056686,3,2,4.0,0.0,refined-github/refined-github,0.6666666666666666,True
22df0de10caadcd88304dcb5115cd0f4a8ed7a5a,0.39612204350140695,32,32,17.0,12.0,refined-github/refined-github,1.0,True
3dd997a0edb7428086c708fd9f52ff99f26478f4,0.4480303635257434,10,6,15.0,1.0,refined-github/refined-github,0.6,True
321cd93154ea24874e77af803c167e28e8db86b6,0.4423141176768829,20,12,26.0,16.0,refined-github/refined-github,0.6,True
c0e15f48290869d944227bcb4dab5b31e3473e90,0.44068623722970063,38,32,26.0,16.0,refined-github/refined-github,0.8421052631578947,True
44dba4fde90e8010ea6c71c6cf51b34413440177,3.641983769361422,1,0,1.0,0.0,geopandas/geopandas,0.0,False
479b6e706293ff1a484e4e121682f3a105a53aa9,7.045572065049306,31,8,38.0,8.0,geopandas/geopandas,0.25806451612903225,True
f4b749d148f0eb13e7e92fbbf7e2eae79de2543a,7.045572065049306,4,3,6.0,5.0,geopandas/geopandas,0.75,True
7bc3166cfecdd120b544701cff5e37b4482cbbb5,7.045572065049306,310,87,170.0,31.0,geopandas/geopandas,0.2806451612903226,True
5dc982edbfc2633cd2c7a22ebd314d1b9b810a9a,3.901075366948057,55,47,65.0,24.0,geopandas/geopandas,0.8545454545454545,True
373ac8bf731db1002e09859587c475a5f56c4e8b,7.045572065049306,7,4,11.0,5.0,geopandas/geopandas,0.5714285714285714,True
50c59d395bc539eb411f9a5c6cdf04d37510060a,7.045572065049306,15,5,24.0,18.0,geopandas/geopandas,0.3333333333333333,True
453198bdabdaffdc1cb600038af60644e1326656,2.66618592668644,30,28,60.0,56.0,bpftrace/bpftrace,0.9333333333333333,True
3cf094edaff815141d9941b8dba52b9e77d8dfc1,1.8617431617106497,1584,290,1001.0,832.0,vim/vim,0.1830808080808081,True
c363ca1ecd1f8db03663ef98dcf41eeacc3c22c7,1.7799097840139935,124,0,62.0,56.0,vim/vim,0.0,False
c2a9000bc1b4a2cbcfeef55450c184b16906d910,1.407696149263569,194,135,165.0,135.0,vim/vim,0.6958762886597938,True
a4a00a7ad0cfa26685c057c11a09bec2c962346a,1.3964163307729358,6,4,5.0,2.0,vim/vim,0.6666666666666666,True
8ce738de3fd7192fa6274730594305cde780074c,1.9090328161837402,134,3,255.0,244.0,vim/vim,0.022388059701492536,True
562610cfa327c8ebff12a1700525e17a070d5e2c,1.4075738649326945,17,15,16.0,4.0,vim/vim,0.8823529411764706,True
355db99d12a89f05765948b33eecd6d9733e16bb,1.4243490316120364,2,0,2.0,0.0,vim/vim,0.0,False
19e1dd6b6aeb96d64122332a8c3d17b9d5ca007b,1.3964313192384719,2,0,2.0,0.0,vim/vim,0.0,False
e89aef3f65388a8b627c77f250525f2a264716c5,1.3802679544705554,15,13,22.0,20.0,vim/vim,0.8666666666666667,True
ac45df8b827a5e54879114600fd82b496e32303f,0.2330596750069714,659,659,371.0,371.0,renpy/renpy,1.0,True
79d1a211a5ded55a806a243b34c4f78746bd0f80,1.232418181357264,62,57,62.0,0.0,renpy/renpy,0.9193548387096774,True
cdaa0acd61d3001407609915bd573b78565d5571,3.0324294306284383,12,6,8.0,1.0,payloadcms/payload,0.5,True
83fd4c66222d7846eeb5cc332dfa99bf1e830831,2.2209131873146246,7,4,5.0,0.0,payloadcms/payload,0.5714285714285714,True
6789e61488a1d3de56f472ac3214faf344030005,2.5457539229852713,36,6,36.0,36.0,payloadcms/payload,0.16666666666666666,True
75a428ddc4672903455998eaba7ae9f9d710bf85,3.034136943240297,427,0,238.0,31.0,payloadcms/payload,0.0,False
86fdad0bb8ab27810599c8a32f3d8cba1341e1df,2.0860762859026036,64,11,90.0,83.0,payloadcms/payload,0.171875,True
ae7d6f97d205491390f15850e5104c7abded1550,3.0810304649276246,44,34,33.0,6.0,payloadcms/payload,0.7727272727272727,True
dfac7395fed95fc5d8ebca21b786ce70821942bb,2.995770337414759,3,0,5.0,2.0,payloadcms/payload,0.0,False
5fd3d430001efe86515262ded5e26f00c1451181,2.9679330177199787,31,13,19.0,0.0,payloadcms/payload,0.41935483870967744,True
1fbda85cd04a774cb978778b0f813001664c53dd,3.0648047696909777,2,0,2.0,0.0,payloadcms/payload,0.0,False
03291472d6e427ff94e61fca0616cca7796a3a95,1.8818924442923417,174,117,226.0,187.0,payloadcms/payload,0.6724137931034483,True
7fd736ea5b2e9fc4ef936e9dc9e5e3d722f6d8bf,2.0735401931705835,30,2,58.0,36.0,payloadcms/payload,0.06666666666666667,True
4ac8a388347ff35f34de42c3ef4a2f81f03fb3b1,1.231940958754785,11,11,12.0,4.0,CherryHQ/cherry-studio,1.0,True
de7b1ee3fae2e3cd7d81a24c17345040f76b1d75,2.70465716657794,50,50,41.0,0.0,awsdocs/aws-doc-sdk-examples,1.0,True
a89ae9751bb71d5fbd4c998adcd34c911c088a1c,2.649656501128096,102,102,57.0,27.0,awsdocs/aws-doc-sdk-examples,1.0,True
bebc9e0b17decfcdeebb37e6d72a6333bf42f7bb,0.5003078180850254,6,6,4.0,4.0,cvxpy/cvxpy,1.0,True
99b21e3ea481d5a47c125bfde23c032462ce82d7,0.5003683423327503,7,7,4.0,4.0,cvxpy/cvxpy,1.0,True
8f839a4be777a569dd49d94d92cb975fdc0b9198,0.5490308832103835,3,2,3.0,1.0,cvxpy/cvxpy,0.6666666666666666,True
b7aaa47412b96379198705955004930c57f9d74a,5.741385054630263,14,12,16.0,0.0,ipython/ipython,0.8571428571428571,True
c5ca5a8f25432dfd6b9eccbbe446a8348bf37cfa,5.741508162851421,4,2,3.0,3.0,ipython/ipython,0.5,True
50624b84ccdece781750f5eb635a9efbf2fe30d6,5.741508131163333,72,55,51.0,34.0,ipython/ipython,0.7638888888888888,True
9c7476a88af3e567426b412f1b3c778401d8f6aa,5.7413850229421755,1,1,1.0,0.0,ipython/ipython,1.0,True
ddfd72ca17165bfc58271f9c2a85796d5ab34247,4.466746932593099,20,13,13.0,0.0,instructure/canvas-lms,0.65,True
e0b90383b90f4ffdeae76e816aaaefd7fd54b847,2.3020338999163434,45,24,23.0,0.0,instructure/canvas-lms,0.5333333333333333,True
e73cf9ddf4a9748a4255373c97624222bdc29b8c,4.427080164524552,95,57,150.0,127.0,instructure/canvas-lms,0.6,True
b8e71beae40d8ccfadcaebc0faac4ece1cd97580,4.444917547595508,3,1,2.0,1.0,instructure/canvas-lms,0.3333333333333333,True
c4bc11261196b705d703d67ca5fb760f8e7a7618,4.445209078003397,9,2,12.0,10.0,instructure/canvas-lms,0.2222222222222222,True
c2f9a661921e27266f175669769fa8881031de2a,4.447678657439096,3,3,4.0,1.0,instructure/canvas-lms,1.0,True
0731bded4fa740fdfe4b3e5ee17fb5ec7c6b2055,4.448301296676553,4,4,4.0,3.0,instructure/canvas-lms,1.0,True
8a906e4000da86dd9f283b72e13f8510eb2d9aed,4.602006965041702,180,62,93.0,0.0,instructure/canvas-lms,0.34444444444444444,True
0c585e3278429f1e84362759631326c57f2050a2,4.445382728724618,3,0,3.0,1.0,instructure/canvas-lms,0.0,False
4d43809cae55a8c6cd4c01f90336468bb835dcb7,4.445212246812178,4,4,2.0,1.0,instructure/canvas-lms,1.0,True
1ccd29b412137b3cde736eb538df8a8201a80781,4.462402907698938,37,0,19.0,13.0,instructure/canvas-lms,0.0,False
8e0327867e4175851de68983308bf4106c9a5ffc,4.601703298096179,22,12,26.0,1.0,instructure/canvas-lms,0.5454545454545454,True
ab80e0acea0301d5ac41d7bfb39d9f56e4cb724c,4.442534413263366,34,30,21.0,1.0,instructure/canvas-lms,0.8823529411764706,True
2b3a208f9a13a1a90538aad8ac4117e108172c1f,4.461966182472685,5,3,5.0,0.0,instructure/canvas-lms,0.6,True
c119dd49bc5b40836bfffd9d386d487c494b2753,4.601690337668264,95,52,67.0,64.0,instructure/canvas-lms,0.5473684210526316,True
efc87c595acba04dac6fd0a15be166cee696b02c,4.4337904973762265,6,4,3.0,0.0,instructure/canvas-lms,0.6666666666666666,True
c776b6ef3a39ed345abe81f04d7057ceece80a41,4.439537037037037,3,3,3.0,3.0,instructure/canvas-lms,1.0,True
ff99d1813848f2b926ddb4d62e9cef1b8d0fb2dd,4.440467557735696,9,6,13.0,10.0,instructure/canvas-lms,0.6666666666666666,True
16bb07021f97a8e08c8294e36c7b9c7cd8f72350,4.442556626612924,7,7,12.0,7.0,instructure/canvas-lms,1.0,True
e905d82fb99e636970702dbcc107a6b0beaca299,4.442525984232008,3,2,3.0,2.0,instructure/canvas-lms,0.6666666666666666,True
7c1f3bbb0354262145b37acf372547d22d86fc07,4.602141544350648,17,11,26.0,1.0,instructure/canvas-lms,0.6470588235294118,True
47bcd425da38c81ac06c5a0b0a7bdce68e6b119c,4.602082731259665,58,37,36.0,0.0,instructure/canvas-lms,0.6379310344827587,True
9a92f3e4f23d38af8cfc9e4ba9dee902db64b633,4.442544204882501,4,3,3.0,2.0,instructure/canvas-lms,0.75,True
274ea77dff81733f70e74fd7aa0eb728e6cfa1d5,4.565893382259741,5,5,4.0,2.0,instructure/canvas-lms,1.0,True
294d98c6fd30af9ed92f38671e4c8e31cad3e916,4.451459743453241,4,1,3.0,3.0,instructure/canvas-lms,0.25,True
dd8fc67c414faf398380463d4a872c8cbd6121c7,4.60212614393997,23,18,26.0,1.0,instructure/canvas-lms,0.782608695652174,True
c302dd8bc186533cca7a68455f5c3ec4da56f1c6,4.43250348568966,53,35,32.0,30.0,instructure/canvas-lms,0.660377358490566,True
8125858d273d840e7c4c23753cc7ae59b032cc8e,4.466772156310999,4,2,2.0,0.0,instructure/canvas-lms,0.5,True
eaca556b81d27b45cdd0ab9b74e62b4111c20d00,4.428736215681801,4,1,5.0,3.0,instructure/canvas-lms,0.25,True
299314b162e3b351e1a3f4df0ce5bf101ce2a9dd,4.464397451010217,5,3,3.0,0.0,instructure/canvas-lms,0.6,True
322f9d8a097d0436d11a13f90b7a9d0757fb093a,4.46413703830456,3,2,3.0,0.0,instructure/canvas-lms,0.6666666666666666,True
c06809173f5e9f9d4305e1d338d7b11d00ea8bc0,4.439958837173929,13,10,13.0,10.0,instructure/canvas-lms,0.7692307692307693,True
a0096a33755d08a413591915f697b3b943d2d84c,4.445211834867036,7,5,12.0,10.0,instructure/canvas-lms,0.7142857142857143,True
fd6b50710c80e89fe3a397ae882fe6d03fc1eb28,4.461946314041626,12,5,6.0,2.0,instructure/canvas-lms,0.4166666666666667,True
f5cdb0d986d870366b9e55a1d3776edc2b53c08b,4.601675285826552,21,16,26.0,1.0,instructure/canvas-lms,0.7619047619047619,True
9c1936f588577dd7ca913614f85e675b9a3fa3f5,4.602075316247117,3,1,2.0,0.0,instructure/canvas-lms,0.3333333333333333,True
62865c636aecc6974fc9cfebfc6cf08ca4f0bb72,0.5114859495018632,30,30,32.0,31.0,otter-sec/anchor,1.0,True
a868f4051d7db0a271a6d5d37780f47746294497,0.3673070512333004,6,4,7.0,0.0,otter-sec/anchor,0.6666666666666666,True
1c6089e02f04cb18ae849382effff505b039f3dc,0.5365852282809846,678,675,615.0,615.0,otter-sec/anchor,0.995575221238938,True
7221ae7f943bcd127c6710e81d9fa2f520afa073,3.5589982444799353,15,0,29.0,17.0,firecracker-microvm/firecracker,0.0,False
8d2463fa21386d6c0c90b2010aaee5550b505c87,4.25534761832332,82,36,54.0,4.0,firecracker-microvm/firecracker,0.43902439024390244,True
ae93e49470433648b144a64514eef708cce15143,4.25534761832332,17,6,24.0,6.0,firecracker-microvm/firecracker,0.35294117647058826,True
45739f4b57b7b824473b612aefebec8b7c2e31fd,3.5978851687073794,6,4,6.0,5.0,firecracker-microvm/firecracker,0.6666666666666666,True
7c4687fab64d4dd574fe43cf583a302b43ce53ab,2.6590229928765177,247,243,149.0,128.0,firecracker-microvm/firecracker,0.9838056680161943,True
838cf16f17a7fcf5d49ac0b3d51d9826a9fb7a6e,6.347157800339696,41,37,28.0,15.0,xbmc/xbmc,0.9024390243902439,True
d1e6fff19c1cf2a266f0429c8d0ddea3195ddcce,6.347157800339696,83,67,121.0,115.0,xbmc/xbmc,0.8072289156626506,True
537d5e552f68e5cb851ad97b15ec785f73adae60,2.6392278563642355,544,544,,,xbmc/xbmc,1.0,True
0b34dc7e6f61424c8cce7249cdcd6060b8eada9e,6.347157800339696,46,43,28.0,15.0,xbmc/xbmc,0.9347826086956522,True
71a2c6b734420f540b0d06f6e3334ffe5a9e8225,6.347157800339696,166,134,222.0,204.0,xbmc/xbmc,0.8072289156626506,True
5170e44920458090b8b43ee9cfe5010c25dfe22b,3.824379959185743,3,2,6.0,6.0,vitejs/vite,0.6666666666666666,True
134ce6817984bad0f5fb043481502531fee9b1db,3.8246112505386973,16,10,8.0,0.0,vitejs/vite,0.625,True
97ad042170f4c71b518239723b733dd98e8e3e76,0.10942796663878115,17,17,12.0,12.0,vitejs/vite,1.0,True
acf144717bd85d2486cc33fbb0e3622b06c66717,4.203137025629325,10,10,9.0,9.0,apache/hbase,1.0,True
9c8c9e7fbf8005ea89fa9b13d6d063b9f0240443,4.418030870535149,166,148,104.0,92.0,apache/hbase,0.891566265060241,True
f701b24ec0f99be49444a6e7de950c66b01b2f3f,5.137503263873045,169,40,132.0,75.0,libp2p/rust-libp2p,0.23668639053254437,True
79cf00af53b7f38667291fbacf544d3074a811bd,5.030671882525921,637,632,,,libgdx/libgdx,0.9921507064364207,True
b97b34a82af276a09bec2885854dc391ec65023d,12.520603087687277,19,0,24.0,0.0,libgdx/libgdx,0.0,False
2c9030de2ddb983cfaeb5736089453b32c559cc1,14.119192270641621,58,0,47.0,0.0,libgdx/libgdx,0.0,False
9fdf85d3ecdbf73abe5c8d6ad3a99e47dec79f9c,0.4224754417319441,47,47,67.0,0.0,MetaMask/metamask-extension,1.0,True
76a2a9bb8b6ea04025328d36404ac3b59121dfc8,5.651871308337769,85,32,116.0,71.0,MetaMask/metamask-extension,0.3764705882352941,True
4f3fc95d5062abce22d3c9cac5587269f4c98c91,6.634919765761655,5,0,3.0,0.0,MetaMask/metamask-extension,0.0,False
b6ccd22d6c0ff6b9797c7aa24429f3df6d031af7,6.11477400055771,8,0,14.0,0.0,MetaMask/metamask-extension,0.0,False
c1e3c229bc008ddc7ca3507e75845ed73b837e1c,6.117186097802114,5,0,7.0,0.0,MetaMask/metamask-extension,0.0,False
92971d3c87fb778b5900e84bf4129f7c483ba98a,6.72678274013233,15,1,22.0,0.0,MetaMask/metamask-extension,0.06666666666666667,True
dc7325148c1ac03f050422e07156087b53af92d2,1.590840716657794,59,59,46.0,42.0,MetaMask/metamask-extension,1.0,True
5a233e463457ca2ac9b3342f4cc848303a44e929,5.542044040104444,9,1,14.0,8.0,MetaMask/metamask-extension,0.1111111111111111,True
c4c12ecd53ee8d1c76d4329af21649ce93d5f9bd,2.645070854564352,26,4,17.0,1.0,MetaMask/metamask-extension,0.15384615384615385,True
2ebf8756a4c1023e45e4bd98367f384836cb464a,5.908609304890105,46,11,30.0,0.0,MetaMask/metamask-extension,0.2391304347826087,True
5fd2b7fc25e709ce658eab0bdee162fa566dd2d9,2.6021187606155096,98,28,50.0,41.0,MetaMask/metamask-extension,0.2857142857142857,True
a78cf0ef3a463c5d9d56453e2f777e08cc2dcce7,6.623544122493472,6,0,4.0,0.0,MetaMask/metamask-extension,0.0,False
31175625b446cb5d18b17db23018bca8b14d280c,7.52948915633635,4,0,4.0,0.0,MetaMask/metamask-extension,0.0,False
09d81ac5f2c94d7730d2e981b4f05734858030bf,5.424442226278297,7,5,7.0,2.0,MetaMask/metamask-extension,0.7142857142857143,True
29742b951954f1b463de331df84ff75b22a9498d,5.318195616903694,12,0,17.0,0.0,MetaMask/metamask-extension,0.0,False
025e647af5bdf6262c162e811c97ee0feea3f6a9,4.6584957030952925,456,404,229.0,87.0,KevinMusgrave/pytorch-metric-learning,0.8859649122807017,True
ec2a6fe862d8bd1a22c5e3a60051921569fe654a,4.673523842117271,96,89,104.0,36.0,KevinMusgrave/pytorch-metric-learning,0.9270833333333334,True
6fc5dc986a5ffc1a74c63ad0617ea1dcc10d3cdd,5.406410500164778,75,65,60.0,50.0,mruby/mruby,0.8666666666666667,True
90ab714fda6825c4e951d47d7e6ecff033dd14e3,1.6938172421223414,75,69,65.0,65.0,mruby/mruby,0.92,True
960085a50a57518c53de98e71753ae3328fc0a6a,2.481131264734961,11,11,10.0,9.0,tmuxinator/tmuxinator,1.0,True
93356b39c3086fdf8dd41d7357bb1c115ff69cb1,2.159873532841534,29,29,19.0,15.0,GothenburgBitFactory/taskwarrior,1.0,True
12ad399c488f0cc60e19b5e1b29c6d569cb4351a,4.92721848302786,1302,1290,693.0,496.0,elastic/elasticsearch,0.9907834101382489,True
d71544976608bdb53fa4d29521fb328e1033ee2f,5.0857429272188,11,8,8.0,3.0,elastic/elasticsearch,0.7272727272727273,True
80dc0247873550bc5f84aed5912d3e80d8289275,0.6398460592693994,339,225,508.0,508.0,elastic/elasticsearch,0.6637168141592921,True
1afe4b914301a23fa37c41c78185b7575a431cc4,5.308618589499835,30,22,35.0,35.0,elastic/elasticsearch,0.7333333333333333,True
559c4e6ef4f9173bbb59043bacd0ac36c7281040,5.308454920526276,64,2,58.0,30.0,elastic/elasticsearch,0.03125,True
fe1083f6c5f29e1fc28b82c1b71be9b7c1ec7a73,3.4933001559053922,19,18,33.0,22.0,elastic/elasticsearch,0.9473684210526315,True
4af40e80772a58eac8969360e5caeb99e3e26e78,1.886713311531929,215,211,250.0,239.0,getpelican/pelican,0.9813953488372092,True
ecd598f293161a52564aa6e8dfdcc8284dc93970,2.4369851636372855,11,11,11.0,11.0,getpelican/pelican,1.0,True
9d30c5608a58d202b1c02d55651e6ac746bfb173,1.8889038773544249,18,18,22.0,18.0,getpelican/pelican,1.0,True
4dedf1795831db99d18941c707923ba48cc28ce7,0.7912780756458032,24,24,16.0,16.0,getpelican/pelican,1.0,True
db241feaa445375dc05e189e69287000ffe5fa8e,2.43684636981266,82,78,58.0,53.0,getpelican/pelican,0.9512195121951219,True
6d8597addb17d5fa3027ead91427939e8e4e89ec,1.8892719661824726,5,5,3.0,2.0,getpelican/pelican,1.0,True
30bde3823f50b9ba8ac5996c1c46bb72031aa6b8,1.883012903389358,5,4,10.0,4.0,getpelican/pelican,0.8,True
cabdb26cee66e1173cf16cb31d3fe5f9fa4392e7,2.474354070017999,646,582,553.0,457.0,getpelican/pelican,0.9009287925696594,True
0bd02c00c078fe041b65fbf4eab13601bb42676d,1.8890716340913123,8,8,7.0,7.0,getpelican/pelican,1.0,True
7577dd7603f7cb3a09922d1edb65b6eafb6e2ac7,1.888791067761807,21,21,22.0,18.0,getpelican/pelican,1.0,True
042f5311fcab71f9bd8ac33c1e25597799eb34d7,2.9553584556493524,62,59,41.0,41.0,markbates/goth,0.9516129032258065,True
4ec410e0d7c5f6a712c323444edbf56b48d432d8,1.4549951834106523,4,0,2.0,0.0,oven-sh/bun,0.0,False
5e92d007e7e75041400892b35c167e408407ff70,0.36323291378305067,35,35,34.0,33.0,pmndrs/react-spring,1.0,True
1fcae03369abb4c2cc180cd5a49e1f4440a81300,1.640555111922326,276,222,463.0,1.0,rust-lang/rust,0.8043478260869565,True
f97fddab91fbf290ea5b691fe355d6f915220b6e,3.3515267320708797,2,0,4.0,4.0,rust-lang/rust,0.0,False
ec2cc761bc7067712ecc7734502f703fe3b024c8,2.620951688341319,3,2,2.0,2.0,rust-lang/rust,0.6666666666666666,True
b2d2184edea578109a48ec3d8decbee5948e8f35,2.967181883286435,18,0,19.0,15.0,rust-lang/rust,0.0,False
cc907f80b95c6ec530c5ee1b05b044a468f07eca,3.2198819935609806,9,6,8.0,1.0,rust-lang/rust,0.6666666666666666,True
99cb0c6bc399fb94a0ddde7e9b38e9c00d523bad,2.1168359444317693,15,14,8.0,0.0,rust-lang/rust,0.9333333333333333,True
6e48b96692d63a79a14563f27fe5185f122434f8,2.6049785471645497,6,6,7.0,7.0,rust-lang/rust,1.0,True
c682aa162b0d41e21cc6748f4fecfe01efb69d1f,2.0210036884934217,13,1,18.0,17.0,rust-lang/rust,0.07692307692307693,True
84ac80f1921afc243d71fd0caaa4f2838c294102,2.1744081615838975,9,5,8.0,0.0,rust-lang/rust,0.5555555555555556,True
60600a6fa403216bfd66e04f948b1822f6450af7,2.029979085862043,813,456,767.0,490.0,rust-lang/rust,0.5608856088560885,True
971c549ca334b7b7406e61e958efcca9c4152822,4.833352156057495,14,0,7.0,1.0,rust-lang/rust,0.0,False
283abbf0e7d20176f76006825b5c52e9a4234e4c,3.9825612530737446,79,9,46.0,0.0,rust-lang/rust,0.11392405063291139,True
b39a1d6f1a30ba29f25d7141038b9a5bf0126e36,8.337862575100768,79,2,,,rust-lang/rust,0.02531645569620253,True
a06baa56b95674fc626b3c3fd680d6a65357fe60,6.773967221841965,403,38,,,rust-lang/rust,0.09429280397022333,True
1d468ac35ad88d8c77cc83f25e3704d9bd7df01b,3.1613637285471645,25,19,13.0,4.0,PrismLauncher/PrismLauncher,0.76,True
5c8481a118c8fefbfe901001d7828eaf6866eac4,1.4210962177098385,5,5,6.0,3.0,PrismLauncher/PrismLauncher,1.0,True
4c81d8c53d09196426568c4a31a4e752ed05397a,2.1082912198646286,63,39,68.0,42.0,PrismLauncher/PrismLauncher,0.6190476190476191,True
bbb3b3e6f6e3c0f95873f22e6d0a4aaf350f49d9,8.210387418561615,167,83,,,PrismLauncher/PrismLauncher,0.49700598802395207,True
03a611404e1d38f391f7d0303c5db910fbc2ab59,1.3527162078231552,235,235,148.0,144.0,phoenixframework/phoenix_live_view,1.0,True
d4f2b35686d3fe369907903e19acaa67be4ff7f8,0.5727800593201003,16,16,17.0,15.0,rocketride-org/rocketride-server,1.0,True
86f09182c86776b2d52a619b539a2de9faa9aa88,0.4085788209496286,31,31,19.0,14.0,rocketride-org/rocketride-server,1.0,True
1047a9d80ee4a82f570898db148f139437751cf2,6.0795468603442595,6,3,11.0,1.0,graphql-dotnet/graphql-dotnet,0.5,True
12d4361b49e7ee77549176573dbd599c1572a08f,2.5636655512459754,198,188,385.0,376.0,graphql-dotnet/graphql-dotnet,0.9494949494949495,True
dd019055ef5bf4309f15db934407e202caf52e14,5.413506572109412,54,49,38.0,32.0,rust-lang/futures-rs,0.9074074074074074,True
0db9a35d3d4b017aa79dfb7e5c6db78592d4ae23,0.5267205047278627,3,3,4.0,3.0,huggingface/sentence-transformers,1.0,True
86e0a21228683fd7feac002cad5d7ff5536d3f2e,0.4882206504930666,3,3,4.0,4.0,huggingface/sentence-transformers,1.0,True
a4318ac5b39e043eda56e40cbef637882f8e4030,0.5267542842294725,8,6,4.0,3.0,huggingface/sentence-transformers,0.75,True
a3662502047d49c0f98d3eedfc98b833b1c343db,1.6283566557659646,203,198,111.0,111.0,PostgresApp/PostgresApp,0.9753694581280788,True
5c54667350bf5475799ab678ff443e62cfb05c36,1.6163804915456181,49,46,34.0,34.0,PostgresApp/PostgresApp,0.9387755102040817,True
0207b36ba012628a4de83570d78491a4cce9a40b,0.4278463507998073,107,107,73.0,20.0,CesiumGS/cesium,1.0,True
498b91422075d589069b5f7b046cc491249af9e8,0.4405888280477603,422,395,709.0,399.0,CesiumGS/cesium,0.9360189573459715,True
1e8b83b5207aadc14a37c626f661d0aefb2eba83,0.633065537303217,501,497,360.0,359.0,CesiumGS/cesium,0.9920159680638723,True
a37c708ac4a68f2b34f766cdb0a898808ee18ea3,0.6655598017593226,16,16,13.0,2.0,CesiumGS/cesium,1.0,True
254023982555164cd00efec8697ad557796b8bc3,0.42210301163586583,35,33,34.0,34.0,CesiumGS/cesium,0.9428571428571428,True
8143df4436b79260e9861f63c6ac134d7910a818,4.6904543438030775,7,6,4.0,0.0,CesiumGS/cesium,0.8571428571428571,True
154eb9717014398a79c6b46b467376213d0f98bc,0.5338951948183639,1391,1158,910.0,910.0,CesiumGS/cesium,0.8324946081955428,True
1143deb5e45ef5a49a2d7cf93945da10b0ebb871,0.5414446282353538,226,110,351.0,348.0,CesiumGS/cesium,0.48672566371681414,True
09a719b8fb4616ecbcd7370e81dcdc998b64b6e2,2.026643439298299,74,66,113.0,112.0,CesiumGS/cesium,0.8918918918918919,True
899bf65480ab88370c8de06dfd8d1c6dffdfab61,0.5042843245367201,712,707,910.0,910.0,CesiumGS/cesium,0.9929775280898876,True
2fd0e8f7e4212bd1e7084299187f70597a6bbfd8,6.455445629578929,387,292,412.0,411.0,CesiumGS/cesium,0.7545219638242894,True
56c733416702bf6b252c21981d7021788adce99b,0.30150962050346036,1263,1201,637.0,68.0,CesiumGS/cesium,0.950910530482977,True
0f9f794b52a6423564bc66d6103c9a09d47a948e,0.4272486500874591,906,902,840.0,840.0,CesiumGS/cesium,0.9955849889624724,True
de556510522d7e8a8f02c93b51d0e4cecd8b6245,0.22751657286992674,176,175,158.0,144.0,CesiumGS/cesium,0.9943181818181818,True
045166b52acb62af4d6e3e3635ffaf4bd23c0e31,1.9825489580956728,147,147,78.0,74.0,streamlink/streamlink,1.0,True
656ded9d6c0b04afc160d845c10977989dc57d2b,3.6207320582046796,24,12,14.0,7.0,streamlink/streamlink,0.5,True
fcda5b681422718cc0a95b3de45d3fe2698d8e29,5.913273759728243,20,7,29.0,1.0,streamlink/streamlink,0.35,True
ae920e12a7912d4b93be0032b9a20b7cbaa323bf,5.937729611884301,3,2,3.0,0.0,streamlink/streamlink,0.6666666666666666,True
9fd14e3f9d2ff129e71686c85e21745688531784,3.6379625193297334,91,40,57.0,14.0,streamlink/streamlink,0.43956043956043955,True
57fa6f80e8defa12dde4e6bbc7a1df7a3c492a9a,3.6379625193297334,3,0,3.0,3.0,streamlink/streamlink,0.0,False
16a1d84386539c8c8e480b73a519e179fcb8703c,1.9825489580956728,21,19,19.0,0.0,streamlink/streamlink,0.9047619047619048,True
778e48f289b705bfa1df587c1f5440bb206b4f2e,5.914300929094734,3,0,4.0,3.0,streamlink/streamlink,0.0,False
6700a2f985f0dc43f207052df392794612bac74a,5.839578770248688,5,0,5.0,1.0,streamlink/streamlink,0.0,False
98991c15f3aa21b9e3ba8f5fe7650abf9e0434de,1.9379099487920501,44,32,88.0,86.0,streamlink/streamlink,0.7272727272727273,True
bf5d3efa6ce8058d769290e4cd64f98a4bd920f7,5.839578770248688,4,3,2.0,0.0,streamlink/streamlink,0.75,True
003b0ce802c10ab6e161d7ba5a7d9b6722312cc5,4.650797842674981,811,616,422.0,16.0,Bash-it/bash-it,0.7595561035758323,True
d7695d5456b980190b6d1c4a4715b13d1b63c332,4.633156545491419,143,34,164.0,153.0,Bash-it/bash-it,0.23776223776223776,True
7c2c2a5525557cbfee98e73de921fd7f7e6811a1,4.576346680355921,49,48,26.0,21.0,Bash-it/bash-it,0.9795918367346939,True
d37505b636ca7bc95301d8daaf9c58a3186ce57a,4.527187967399295,65,63,48.0,22.0,Bash-it/bash-it,0.9692307692307692,True
9a6a7f9052d5679165ff57cc01417c742c95351c,1.9495254075088093,562,176,496.0,32.0,risingwavelabs/risingwave,0.31316725978647686,True
d57c97d4393733a4d3016e35b737f5cd6681aa05,4.432786048368698,5,3,3.0,0.0,risingwavelabs/risingwave,0.6,True
d6341b74be3f1913cc93993a95c147999df1ff74,1.7746631239384492,2226,1329,,,risingwavelabs/risingwave,0.5970350404312669,True
59a023ef55880c67c29c0d6d18f1d40370faa544,4.37268135092656,6,0,9.0,1.0,risingwavelabs/risingwave,0.0,False
6fd8821f2e053957b183d648bea9c95b6703941f,3.5371579270920477,35,9,21.0,10.0,risingwavelabs/risingwave,0.2571428571428571,True
e7b7842826035b645bc4feddf5ef315d0935e35e,4.01803679620757,5,1,9.0,0.0,risingwavelabs/risingwave,0.2,True
9ff2f46867cbcd743c3ebc49eac2a7a9a80993d4,4.344567774482217,5,1,3.0,0.0,risingwavelabs/risingwave,0.2,True
0c8b828828ae05c1e0c927612ba998801d5706c4,1.5939073313559966,23,19,29.0,13.0,risingwavelabs/risingwave,0.8260869565217391,True
055107da6b969d31cd6aca396f4d9ed209845391,4.018356940958755,5,4,9.0,0.0,risingwavelabs/risingwave,0.8,True
56d2f5635bc5a3d2bb3403c59e175fefede45afa,4.416583770628945,6,0,11.0,0.0,risingwavelabs/risingwave,0.0,False
c583e2c6c054764249acf484438c7bf7197765f4,2.9138456980251983,19,19,38.0,0.0,risingwavelabs/risingwave,1.0,True
0019e5914beec085fb1d36350d10e85f4b528929,4.108592605267828,5,1,5.0,5.0,risingwavelabs/risingwave,0.2,True
f2c5758789ddd22ba6edbfeb6d7f5279ac919f9c,4.405481817375212,3,0,5.0,0.0,risingwavelabs/risingwave,0.0,False
d70dba827c303373f3220c9733f7c7443e5c2d37,3.419812248079702,18,5,12.0,1.0,risingwavelabs/risingwave,0.2777777777777778,True
0f2d391c420276bf8ae36f7c619ba32a64be5bb6,4.491019564225416,48,8,58.0,18.0,risingwavelabs/risingwave,0.16666666666666666,True
119e17eee482b6add5d5cb6ceb3b84326bf5ce68,1.7995515501812558,17,14,15.0,10.0,risingwavelabs/risingwave,0.8235294117647058,True
2d30fda2459e223507a5ec3aa39c1c0b2e30fff9,4.4180506122138565,10,0,5.0,0.0,risingwavelabs/risingwave,0.0,False
f2a3fd021059e680b35b24c63cff5f8dbe9f9d5f,3.173409416432175,7,5,8.0,2.0,risingwavelabs/risingwave,0.7142857142857143,True
f8266748dcb70541da944664552c1944ff8362e4,3.3566161241666035,52,51,77.0,36.0,risingwavelabs/risingwave,0.9807692307692307,True
b6e216760557c5507b12f210e1e48c531f49ffa3,2.0463050738966206,29,1,16.0,0.0,TagStudioDev/TagStudio,0.034482758620689655,True
089c8dd50cbf22e75721ecd2c0e0acfd3deca7f3,2.408247807184323,1,0,1.0,0.0,TagStudioDev/TagStudio,0.0,False
e134cb1ecb888138411e804d15db8b1a7ede0cb0,0.38649051258650846,63,18,35.0,29.0,TagStudioDev/TagStudio,0.2857142857142857,True
d95794ec8a7c362b06a9cf080e2554ef77adb667,3.7310086001470326,87,81,63.0,53.0,Redot-Engine/redot-engine,0.9310344827586207,True
5dbf1809c6e3e905b94b8764e99491e608122261,9.567728280984612,211,173,174.0,1.0,Redot-Engine/redot-engine,0.8199052132701422,True
324512e11c1b7663c3cf47bec6ddbe65c6b8db2b,1.5613609716835248,3,3,6.0,3.0,Redot-Engine/redot-engine,1.0,True
fdaa2920eb21fff3320a17e9239e04dfadecdb00,11.448414898471366,3,0,2.0,0.0,Redot-Engine/redot-engine,0.0,False
b50a9114b105dafafdda8248a38653bca314a6f3,8.741133197708317,6,0,6.0,0.0,Redot-Engine/redot-engine,0.0,False
e956e80c1fa1cc8aefcb1533e5acf5cf3c8ffdd9,6.386863893325221,42,0,61.0,2.0,Redot-Engine/redot-engine,0.0,False
0be6d925dc3c6413bce7a3ccb49631b8e4a6e67a,6.375489169011585,1,0,2.0,0.0,Redot-Engine/redot-engine,0.0,False
c7bc44d5ad9aae4902280012f7654e2318cd910e,9.739606909270668,3,0,3.0,0.0,Redot-Engine/redot-engine,0.0,False
e8542b06acca3c1bdeee4b528411771f0819f084,1.9657775306106928,6,6,3.0,2.0,Redot-Engine/redot-engine,1.0,True
bd282ff43f23fe845f29a3e25c8efc01bd65ffb0,9.088999702131975,3,0,3.0,0.0,Redot-Engine/redot-engine,0.0,False
fe52458154c64fb1b741df4f7bd10106395f7cbd,4.734884084974777,6,0,6.0,2.0,Redot-Engine/redot-engine,0.0,False
a7f49ac9a107820a62677ee3fb49d38982a25165,6.742890777498922,6,0,6.0,0.0,Redot-Engine/redot-engine,0.0,False
b16c309f82c77d606472c3c721a1857e323a09e7,7.742012763961771,6,0,3.0,1.0,Redot-Engine/redot-engine,0.0,False
6beb1eef9a4537077780ec48c4a7c2b17723ca9e,1.9209630326767562,6,6,8.0,8.0,Redot-Engine/redot-engine,1.0,True
b5334d14f7a471f94bcbd64d5bae2ad853d0b7f1,5.7398050231956805,6,0,5.0,0.0,Redot-Engine/redot-engine,0.0,False
9903e6779b70fc03aae70a37b9cf053f4f355b91,2.560095919841813,21,13,11.0,1.0,Redot-Engine/redot-engine,0.6190476190476191,True
bb5f390fb9b466be35a5df7651323d7e66afca31,1.898729878064238,11,11,9.0,2.0,Redot-Engine/redot-engine,1.0,True
7e5baa042639ffa835271703c720e2595e90afb8,1.6086479009810633,3,3,4.0,4.0,Redot-Engine/redot-engine,1.0,True
5be9ff7b6715a661e85f99b108f96340de7ef435,10.742482920120668,3,0,5.0,0.0,Redot-Engine/redot-engine,0.0,False
df61dc4b2bd54a5a40c515493c76f5a458e5b541,9.476643661114913,3,0,6.0,5.0,Redot-Engine/redot-engine,0.0,False
e06d83860d798b6766b23d6eae48557387a7db85,1.737427782847872,200,136,329.0,282.0,Redot-Engine/redot-engine,0.68,True
e4213e66b2dd8f5a87d8cf5015ac83ba3143279d,8.731699780718433,3,3,2.0,0.0,Redot-Engine/redot-engine,1.0,True
0d350e71086fffce0553811739aae9f6ad66136c,1.926149295256927,8,8,12.0,4.0,Redot-Engine/redot-engine,1.0,True
b37fc1014abf7adda70dc30b0822d775b3a4433f,2.0225062742413873,3,3,3.0,3.0,Redot-Engine/redot-engine,1.0,True
fc35ccba20d7a7ef6625bdd09c3de6f13ecd2a0e,4.075964331888357,4,1,7.0,0.0,ankidroid/Anki-Android,0.25,True
df78c169fb19e0c1220b2566b8410a350831e5f1,4.455430926306183,25,11,14.0,10.0,ankidroid/Anki-Android,0.44,True
080778881be6a9cd323952092054f67307e1b005,4.420335228280985,41,18,60.0,2.0,ankidroid/Anki-Android,0.43902439024390244,True
8e7029f471614e478e9307acbe198a91521e18f2,4.461612036403276,45,0,51.0,34.0,ankidroid/Anki-Android,0.0,False
4ca81fdc3dfccfd13b3f422185dc98adcf07f290,4.891714959312496,213,33,121.0,3.0,ankidroid/Anki-Android,0.15492957746478872,True
852ac912d5007a2518058a4a3e49054fe4021135,4.455297044135169,1615,171,,,ankidroid/Anki-Android,0.10588235294117647,True
cd444112f5098baf9899cd6a1349c1c29c56783f,1.8079066532309174,21,3,29.0,26.0,ankidroid/Anki-Android,0.14285714285714285,True
6b17f60821b580d5500a139cdecb70f9de407bd6,4.488924474611504,2,0,3.0,0.0,ankidroid/Anki-Android,0.0,False
67bcb8ef34248cbf829a81a45e2c186d71d0cb19,4.239595723375668,11,0,14.0,2.0,ankidroid/Anki-Android,0.0,False
31cfbc914a7467eaeeeb74a461821f1166d707f5,4.2138971277917205,50,0,71.0,30.0,ankidroid/Anki-Android,0.0,False
96d290fc7762bbab4aa67be0a834b2e83a35265b,4.1154915456181715,72,32,86.0,83.0,ankidroid/Anki-Android,0.4444444444444444,True
9024e6629b3f3a02e33c94c95c2f0e9e7d819322,4.354821279184729,68,47,70.0,69.0,ankidroid/Anki-Android,0.6911764705882353,True
6d7e023d8044e9fd0ac355017e747c54fbac02d4,4.291506831951732,7,0,11.0,4.0,ankidroid/Anki-Android,0.0,False
65a49343d470ccd38c74d06ef239dc5cf9923a16,4.118909232641266,199,36,235.0,198.0,ankidroid/Anki-Android,0.18090452261306533,True
de000fcc5e317458eda688ba90e133eaf222c543,4.42264887063655,32,25,22.0,3.0,ankidroid/Anki-Android,0.78125,True
236a0d63ab9840c3f91ddac89857ba15a7cd1534,4.097424772479529,970,417,,,ankidroid/Anki-Android,0.4298969072164949,True
e8ff1c593db05799c3ec3fe0a6e2adfcd36b03c3,4.466309890485968,39,27,51.0,26.0,ankidroid/Anki-Android,0.6923076923076923,True
67a4fa91a0fe147656886e8dc0227f2c24185b6e,1.2262919867163535,4,3,2.0,0.0,immutable-js/immutable-js,0.75,True
0355483c301dba5e215e2c3d113125a274444e38,1.552175735797399,14,9,12.0,3.0,immutable-js/immutable-js,0.6428571428571429,True
657342d05a221dfaba1fdf46813c0161dd12d4ec,2.124100185058433,25,25,35.0,1.0,OrchardCMS/OrchardCore,1.0,True
05730cfeb221680240feb3d9edca563bc388a1ef,2.1274065518290364,78,76,45.0,24.0,OrchardCMS/OrchardCore,0.9743589743589743,True
92a009284c653e8576ee544191f2167f97c93aed,5.136418802443785,28,6,20.0,19.0,phpDocumentor/TypeResolver,0.21428571428571427,True
0cbfc1c752b9fae8c7a0be740e5d6af496463e1e,8.098475264278653,7,6,11.0,5.0,phpDocumentor/TypeResolver,0.8571428571428571,True
6937c3bf9f57533b310c28c1758f4af6bd777f92,5.136418802443785,15,14,20.0,19.0,phpDocumentor/TypeResolver,0.9333333333333333,True
81dea8effddb6afc070552d95b8f5bbc2589fe10,7.222477723274267,1,1,1.0,0.0,phpDocumentor/TypeResolver,1.0,True
e64841657859b6a3d1ecf01d6922ce1548ad7382,7.099420551626233,5,2,5.0,0.0,phpDocumentor/TypeResolver,0.4,True
d0e860a40b8199a0d5166023bc3764eed7af7d83,7.222478959109692,66,18,39.0,26.0,phpDocumentor/TypeResolver,0.2727272727272727,True
0339a6b726db84790d94794e36f502c52e0e518a,6.8261704628995865,12,8,12.0,0.0,phpDocumentor/TypeResolver,0.6666666666666666,True
2e32a6d48972b2c1976ed5d8967145b6cec4a4a9,7.09940188734251,6,4,5.0,0.0,phpDocumentor/TypeResolver,0.6666666666666666,True
d62a9f34403136506350e46610f539b2b56a02a5,1.5267934507060106,112,82,61.0,56.0,domaindrivendev/Swashbuckle.AspNetCore,0.7321428571428571,True
94dae8259f075e4099cd92c258386dc39bfc30c1,2.5964487476867695,49,49,73.0,73.0,TeamAmaze/AmazeFileManager,1.0,True
45178b3d348cd1fe768bcfc086b04b15ea5d69ea,2.589479459781479,15,15,13.0,8.0,TeamAmaze/AmazeFileManager,1.0,True
e58aa4ede36e41e2e827024196a838c87f2970ae,0.5494432719851954,12,11,15.0,15.0,halide/Halide,0.9166666666666666,True
e9ee1023649af4cd671b84c9068a0f208f2da3ee,6.751534527340482,25,25,33.0,23.0,halide/Halide,1.0,True
a804b09c9059771a2930e96ce3050d6b84bf2f89,11.597311043932365,3,3,4.0,4.0,halide/Halide,1.0,True
bd5b85fd402b49c3c1775a37899d66d8388c782e,0.8486486298070829,87,85,125.0,116.0,halide/Halide,0.9770114942528736,True
c07af18f0c57914afd8fde38b4bb782fea236678,0.5479369470428677,146,117,140.0,34.0,halide/Halide,0.8013698630136986,True
751a6915cf34a06524c6213f3b2283b5d33d1fa2,0.5466860914644966,7,7,6.0,6.0,halide/Halide,1.0,True
822f5da6731ec206ba748e0fdf55a09674343199,3.5512938880016223,34,34,66.0,65.0,halide/Halide,1.0,True
9baf7fcfcca5d00f79fb8f2b4aa6853783ece035,0.550120287981342,14,13,25.0,25.0,halide/Halide,0.9285714285714286,True
f1aa07bf66677393cca617942cd0973b35e1ee54,6.751560860141455,37,34,22.0,18.0,halide/Halide,0.918918918918919,True
512240ed29146f9eac4d73db5bbd0f659f952a23,7.9747913973179205,37,36,27.0,21.0,halide/Halide,0.972972972972973,True
fb89ed72cc0710ddba7d0734e38b72e6f6b9c1fd,7.008869654219586,112,90,156.0,81.0,halide/Halide,0.8035714285714286,True
6b9f786292471d92a4d421a45a8a128344079825,1.7414283088701294,70,70,51.0,19.0,halide/Halide,1.0,True
93226012ef7c4ed05bf2c69bce4bc75e0e601317,0.5483837490810455,3,3,3.0,3.0,halide/Halide,1.0,True
b465318a583ff58114ac63ecd8125ca7e648ae35,6.825117467741527,6,4,3.0,0.0,halide/Halide,0.6666666666666666,True
5e17a20783854e158c06729a2c9b788d2e041928,8.394280426901918,6,6,6.0,6.0,halide/Halide,1.0,True
4b2d21154c5eda4e3ece657e4886d45fa78069f1,2.67705902856998,16,16,30.0,13.0,halide/Halide,1.0,True
f700a7121b3652a354e438d81615638887d241c8,0.5494438423707759,61,61,32.0,27.0,halide/Halide,1.0,True
eebc6fe793a030ea11e44b0213d09e9115cc9c4e,7.723112562425533,4,3,8.0,1.0,halide/Halide,0.75,True
7f9445548be650a4d14a87acbf3003330c0af27b,0.22489840799046823,158,158,201.0,201.0,gitbucket/gitbucket,1.0,True
f1360f44c61f8e12666965c10e79f11cd75d6d30,2.294912128932492,18,11,12.0,6.0,gitbucket/gitbucket,0.6111111111111112,True
3d5ca44d66c77a46770a65a895c9737c542690f6,2.8705734910132583,581,527,,,gitbucket/gitbucket,0.9070567986230637,True
a54fb4960ff0762738f4895cdc29bf2715a57f87,1.3368839201967198,4,4,2.0,0.0,gitbucket/gitbucket,1.0,True
95a7c0c4f087744a22c2e88dd3c5d30024d5fb02,2.125047880700687,194,89,194.0,150.0,coder/coder,0.4587628865979381,True
988c9af0153561397686c119da9d1336d2433fdd,3.0670861535731486,93,10,78.0,0.0,coder/coder,0.10752688172043011,True
45e2944e252ccdd563dc20edd9b29762e05cec1d,2.0124121289324917,8,6,6.0,5.0,Eventual-Inc/Daft,0.75,True
cfe57466ddecb93b528478d0b053b089dd1ed285,3.698608734504525,170,123,88.0,42.0,openjdk/jdk,0.7235294117647059,True
5726d31e56530bbe7dee61ae04b126e20cb3611d,3.563123463127741,122,104,180.0,150.0,openjdk/jdk,0.8524590163934426,True
75a4edca6b9fa6b3e66b564aeb4d7ca8acf02491,3.416124071539027,65,15,98.0,93.0,openjdk/jdk,0.23076923076923078,True
43288bbd684abfcefdf385ed1e0307070399ccbf,3.5694202664334425,31,30,18.0,0.0,openjdk/jdk,0.967741935483871,True
90d5041b6a055d6266140ffea2aa9a3b08b32209,3.360610819580703,199,189,167.0,134.0,openjdk/jdk,0.949748743718593,True
bcb340da091e3287da8d2ecfcd017ebcc6613cae,2.6883395758866326,8,3,4.0,0.0,openjdk/jdk,0.375,True
107e184d59c0bbed6441a3c1a9bfd4527da3bce5,3.6766150784597054,13,2,25.0,0.0,openjdk/jdk,0.15384615384615385,True
4539899c55c77771b951d005c17550ef9ac94819,3.6377795206226073,19,17,18.0,16.0,openjdk/jdk,0.8947368421052632,True
d98a323a8b972c17a066c597a81b164681ad5589,3.6785655436408344,20,18,29.0,20.0,openjdk/jdk,0.9,True
267780bf0adf4bfd831fbc04347e297fa8f3bb01,2.6212015172256447,12,5,8.0,4.0,openjdk/jdk,0.4166666666666667,True
ac9e046748a9bb6ee065dc473d82135ce36043b7,3.657191579841306,21,9,35.0,35.0,openjdk/jdk,0.42857142857142855,True
0826ceee65ab83f643a77716f8f12d0060369923,3.4658794711891905,44,35,29.0,29.0,openjdk/jdk,0.7954545454545454,True
b3ecd55601d483359819d02e70789bbd412b13da,2.662462829872994,2,1,3.0,3.0,openjdk/jdk,0.5,True
49ff52087be8b95cbf369518281312ecc9d83618,3.675856275508911,30,24,19.0,18.0,openjdk/jdk,0.8,True
4154a980ca28c1ae56db26e3dce64c07c225de12,3.5282344348112655,20,14,22.0,20.0,openjdk/jdk,0.7,True
a5d8e12872d9de399fa97b33896635d101b71372,3.6819853220777246,27,17,46.0,39.0,openjdk/jdk,0.6296296296296297,True
948f3b3c24709eca3aa6c3f0db6adb9226d6f9ac,3.4083861256876316,16,6,18.0,11.0,openjdk/jdk,0.375,True
0c9658446d111ec944f06b7a8a4e3ae7bf53ee8d,3.624131651329632,9,9,10.0,8.0,openjdk/jdk,1.0,True
3758487fda61b27e7e684413793ed28c0b9e64d3,3.676453976221259,18,13,13.0,13.0,openjdk/jdk,0.7222222222222222,True
9d5bab11f08a992803399f422d75b17f8607df72,3.377496767815043,87,81,63.0,1.0,openjdk/jdk,0.9310344827586207,True
8cc399b672c6ce08037685b3a3a2db3c53a87b50,3.6602048634877176,8,7,11.0,11.0,openjdk/jdk,0.875,True
b0376a5f4421fb58c0feeddfce2c2083314e400c,3.679214674119705,11,10,10.0,1.0,openjdk/jdk,0.9090909090909091,True
716f1df609e7f0aa7b3b9383d23dde5c71017d02,3.649265216619768,22,13,21.0,17.0,openjdk/jdk,0.5909090909090909,True
c1281e6b45ed167df69d29a6039d81854c145ae6,2.6709571703805106,16,10,8.0,5.0,openjdk/jdk,0.625,True
eca64795be63c599a637ce2a7f740b2d0a1ec9bc,3.6957402020432477,37,34,25.0,22.0,openjdk/jdk,0.918918918918919,True
f52d35c84b7333809156d201c866793854143888,3.6759169581970745,36,33,19.0,18.0,openjdk/jdk,0.9166666666666666,True
13fcd602d37eb0095f169255128588b872639571,3.6602137995284814,28,20,27.0,27.0,openjdk/jdk,0.7142857142857143,True
d2ce04bb101002abfdb7c8adb3fa8ea267903c36,3.465767517174944,45,40,29.0,29.0,openjdk/jdk,0.8888888888888888,True
cc396895e5a1dac49f4e341ce91c04b8c092d0af,3.394276180698152,106,104,182.0,164.0,openjdk/jdk,0.9811320754716981,True
998d0baab0fd051c38d9fd6021628eb863b80554,2.5873149098790784,5,5,3.0,3.0,openjdk/jdk,1.0,True
62537d200f01d58ff1c236f31f71c5839316db9e,3.350910398762897,323,316,453.0,453.0,openjdk/jdk,0.978328173374613,True
fcbf9d052efd16821750fb20813f8030ee828472,3.7004189165209014,18,12,25.0,23.0,openjdk/jdk,0.6666666666666666,True
c109dae48c61c6fbeacadf59d509d37d2c4d2bb8,3.6602068915253376,21,12,11.0,11.0,openjdk/jdk,0.5714285714285714,True
1084fd24eb118d4131538c2a3ead714db7d0357b,3.6980506439019445,24,20,24.0,0.0,openjdk/jdk,0.8333333333333334,True
b1e96989b693aadea082a01576e25f85ed28ff0d,3.6602153205566963,28,20,27.0,27.0,openjdk/jdk,0.7142857142857143,True
b77abc6a0daed0e01a9003d42493320376dc98bc,3.676616377671306,12,10,13.0,13.0,openjdk/jdk,0.8333333333333334,True
182d1b2fb7034b6e9177dc360cbea43d548c3ff0,3.660208951251046,31,21,59.0,55.0,openjdk/jdk,0.6774193548387096,True
c8ace482edead720c865cf996729a316025d937e,3.638244099678049,45,31,42.0,32.0,openjdk/jdk,0.6888888888888889,True
7dcc6f8e6d7a0eb0ce90802311278723843b4bbd,2.2509334360027378,20,20,29.0,18.0,postgres/postgres,1.0,True
e1a8b1ad587112e67fdc5aa7b388631dde4dbdda,1.4907171648034072,1,1,2.0,2.0,postgres/postgres,1.0,True
76aa615943049c04efd36ab4765c06eda89cdfea,1.6639888331178543,3,3,2.0,2.0,postgres/postgres,1.0,True
736a97bddd16f0511dc62b7e4770376a34f10114,0.38462671432555073,12,12,9.0,8.0,postgres/postgres,1.0,True
befa3e648ce018d84cd2a0df701927c56fe3da4e,11.353926059015894,54,32,29.0,17.0,postgres/postgres,0.5925925925925926,True
7f7474a8e4002ac9fd4979cc7b16b50b70b70c28,2.0081022321089055,2,0,3.0,3.0,postgres/postgres,0.0,False
675fed4df5db4e78d40a0ce9cb785cfba9fa480f,2.920566044312622,7,5,5.0,3.0,postgres/postgres,0.7142857142857143,True
228a1f9542792c6533ef74c2e7aefad0da1d9a7a,0.45499565873196945,1,1,1.0,0.0,postgres/postgres,1.0,True
9af4159fce6654aa0e081b00d02bca40b978745c,13.339412217659138,5,3,3.0,2.0,postgres/postgres,0.6,True
796bdda484c838313959f65e2b700f14ac7c0e66,1.5374427079372321,1,0,2.0,1.0,postgres/postgres,0.0,False
de94e2af184e25576b13cbda8cf825118835d1cd,10.484451162319061,51,35,35.0,31.0,postgres/postgres,0.6862745098039216,True
97add39c038bbdb9082b416ddf04cd20b0d20bf5,2.12577800593201,580,451,,,postgres/postgres,0.7775862068965518,True
c883453cb29cb40c1e59c3c54d159c5e744da8a9,2.1805002281542323,3,3,3.0,3.0,postgres/postgres,1.0,True
301de6a6f609cb3ad2d9d31fd8db9ae6c71e6dea,1.7642411336730297,16,16,19.0,15.0,postgres/postgres,1.0,True
21d304dfedb4f26d0d6587d9ac39b1b5c499bb55,9.12853908408751,18,8,22.0,20.0,postgres/postgres,0.4444444444444444,True
239d769e7e05e0a5ef3bd6828e93e22ef3962780,16.236247876898116,15,1,24.0,15.0,postgres/postgres,0.06666666666666667,True
8d290c8ec6c182a4df1d089c21fe84c7912f01fe,10.702491951225696,14,3,17.0,12.0,postgres/postgres,0.21428571428571427,True
250c8ee07ede8a104ae1471f6ebca204d94267dd,3.7128539876289706,4,4,4.0,3.0,postgres/postgres,1.0,True
49e7c6f78ed608c5d5454080ae19c0e7f1b09a04,2.6420468286561714,2,2,1.0,1.0,postgres/postgres,1.0,True
e94a7afe44bfa1bd8dc929204a2d4ac8b3fa9854,0.9431126574897964,2,2,4.0,4.0,postgres/postgres,1.0,True
b6eb8dde6be32e394a4420dfeb671b5891a87c8b,0.5571549167237052,3,3,2.0,2.0,postgres/postgres,1.0,True
99e44c3181c779ae0f3539ba7f408661983fbf8e,0.2553962912262022,16,16,9.0,8.0,postgres/postgres,1.0,True
73873805fb3627cb23937c750fa83ffd8f16fc6c,1.1833965193804346,203,204,275.0,274.0,postgres/postgres,1.0,True
b334612b8aee9f9a34378982d8938b201dfad323,3.2813621758308615,16,8,20.0,20.0,postgres/postgres,0.5,True
8de5ca1dc9fa809102acd1983ee19159d0bc469f,2.134875117245925,1,1,1.0,0.0,postgres/postgres,1.0,True
be31ac25191b26a8a1db345a727545959654f4cb,1.6893688366669202,22,18,23.0,22.0,postgres/postgres,0.8181818181818182,True
ce554810329b9b8e862eade08b598148931eb456,9.372033202778411,29,11,25.0,6.0,postgres/postgres,0.3793103448275862,True
b5d69b7c22ee4c44b8bb99cfa0466ffaf3b5fab9,6.314090108246508,4,3,3.0,0.0,postgres/postgres,0.75,True
8b411b8ff41566a1aa601d1f05aeebbebbdb4a54,5.711729662585241,62,57,74.0,0.0,postgres/postgres,0.9193548387096774,True
0b8ace8d773257fffeaceda196ed94877c2b74df,3.3695412198646286,149,134,81.0,81.0,postgres/postgres,0.8993288590604027,True
5dc456b7dda4f7d0d7735b066607c190c74d174a,3.1392356833219255,8,7,12.0,12.0,postgres/postgres,0.875,True
e02ad575d8ab6b44500d2a3fd8c3212345e3aa2b,6.374908231297691,5,5,5.0,5.0,postgres/postgres,1.0,True
d69fdf79b8ba7549a9c449e255aab0734cc67a4f,0.2473384541283241,60,61,41.0,41.0,postgres/postgres,1.0,True
f6e8730d11ddfc720eda1dde23794d262ad8cc08,18.875181889624052,10,3,8.0,0.0,postgres/postgres,0.3,True
a7f2f6adc240a2823c2344b89e90bb630dea8803,1.9556140200775725,5,4,6.0,5.0,postgres/postgres,0.8,True
b43e8f4b3dc5b361e78f237b136c9c1f817e13c4,0.17319381068268816,3,3,3.0,3.0,postgres/postgres,1.0,True
0ac606b8fbf6f94215cbda1d4511e2dcd30e4655,3.906542227545821,39,26,41.0,1.0,mermaid-js/mermaid-live-editor,0.6666666666666666,True
fd9caeb79d9c86904fdd7cc52013d57786f1680c,1.2287651152178873,169,20,116.0,31.0,unionlabs/union,0.11834319526627218,True
5d892445d9e215589249fc0210d75491bb6b9d85,1.831223065125358,13,13,18.0,0.0,unionlabs/union,1.0,True
31561995a391dfb9de39ae0143cac7d6b680f1ab,2.367322071386924,19,6,17.0,14.0,unionlabs/union,0.3157894736842105,True
64f5487ff2eaa61aed1dc8921d7fb58b7b9add4f,2.365486950845438,397,42,383.0,147.0,unionlabs/union,0.10579345088161209,True
636820c253581035e4d1aa3f595965221c8570b4,1.8311701777067964,79,30,64.0,26.0,unionlabs/union,0.379746835443038,True
75267a1eb446025fe84024617ae5619344687446,1.831223096813446,139,83,247.0,247.0,unionlabs/union,0.5971223021582733,True
c9ee5b0c2b8caa90b2dbe2dd42f89afcf5e45c0c,1.831223065125358,72,15,64.0,26.0,unionlabs/union,0.20833333333333334,True
4b2a8219d5d1b40062d030441adde7d1fb0d4f84,3.0154780464927624,8,8,6.0,6.0,gabime/spdlog,1.0,True
9d52261185b5f2c454c381d626ec5c84d7b195f4,3.01550127386113,96,69,49.0,0.0,gabime/spdlog,0.71875,True
95c226e9c92928e20ccdac0d060e7241859e282b,3.0167619527467235,1,0,1.0,1.0,gabime/spdlog,0.0,False
0a53eafe18d983c7c8ba4cadd02d0cc7f7308f28,3.0154402109159126,8,5,6.0,6.0,gabime/spdlog,0.625,True
1a0bfc7a89f2d58e22605a4dc7e18a9a555b65aa,3.017030604355211,17,3,18.0,10.0,gabime/spdlog,0.17647058823529413,True
50d25e9b90a74763d4f2fa411fa6a5092fcaa98c,2.304903002763201,8,8,6.0,6.0,boto/boto3,1.0,True
8040b275fcf2ba71b42cd72d4daa64bb25c19c2d,3.5507363044084466,3,0,3.0,0.0,nasa/openmct,0.0,False
4a9744e916d24122a81092f6b7950054048ba860,4.678561297437067,3,0,4.0,0.0,nasa/openmct,0.0,False
14a0f84c1bcd56886d7c9e4e6afa8f7d292734e5,6.80299721778589,59,6,79.0,34.0,nasa/openmct,0.1016949152542373,True
d80b6923541704ab925abf0047cbbc58735c27e2,4.508903687225898,58,3,47.0,4.0,nasa/openmct,0.05172413793103448,True
caa7bc6faebc204f67aedae3e35fb0d0d3ce27a7,3.350423606357898,540,334,272.0,8.0,nasa/openmct,0.6185185185185185,True
182580ff6970caed400be178c5b888514b75d7f2,1.516885251096408,3,2,4.0,4.0,invoke-ai/InvokeAI,0.6666666666666666,True
218b6d0546b990fc449c876fb99f44b50c4daa35,3.180017713641088,7,2,5.0,0.0,invoke-ai/InvokeAI,0.2857142857142857,True
99aac5870e1092b182e6c5f21abcaab6936a4ad1,1.5169388039648135,6,6,4.0,4.0,invoke-ai/InvokeAI,1.0,True
4cf542b0a54ee6dac98acbe5fa54374271017de9,6.860252078738561,3,0,5.0,5.0,xournalpp/xournalpp,0.0,False
e241ee1a5ffab6867cad2e1c6ab07a41c900a392,12.744012440743276,74,0,44.0,2.0,xournalpp/xournalpp,0.0,False
a2e98f4bd72d60f3c6e142e7f97f7b1992743173,6.875283228128882,34,5,23.0,6.0,xournalpp/xournalpp,0.14705882352941177,True
24fb01b6d3f288eede54fe83fb92ef903e342ab5,11.41610242857505,17,1,12.0,1.0,xournalpp/xournalpp,0.058823529411764705,True
a3634d7ce464bf2eda1a9ff3a1dd710d8c2e50a5,11.522420684716202,247,0,196.0,0.0,xournalpp/xournalpp,0.0,False
eeca67514f50149a3414519933a48742bc481a35,6.874120021801405,7,1,5.0,0.0,xournalpp/xournalpp,0.14285714285714285,True
bf3c63fee3445b318dfb36369a686a033a159e1b,6.750549376378432,56,37,52.0,33.0,xournalpp/xournalpp,0.6607142857142857,True
985d0946e79a42159ab8192680af65836f22be8d,6.854171071310873,8,0,6.0,0.0,xournalpp/xournalpp,0.0,False
1fc0985df73ee31f836bcece622e89c36b45254f,7.2963925013308994,30,3,19.0,18.0,sphinx-doc/sphinx,0.1,True
569fde84d49c984282355c768c16426af83132e2,2.6707056303394427,3,0,3.0,2.0,sphinx-doc/sphinx,0.0,False
0832291883a793fb3e025a18eae505bb7182ffab,7.21898252718838,13,7,15.0,10.0,sphinx-doc/sphinx,0.5384615384615384,True
1734844e7c0e08475da28c41f13e9d581cb6e3e3,6.734222342636956,21,8,39.0,25.0,sphinx-doc/sphinx,0.38095238095238093,True
000ae2e5000da9b9593560270398d8662f1e496d,5.486020990189368,7,0,5.0,3.0,sphinx-doc/sphinx,0.0,False
f9a74b08f9636284f7692fd8f865dbf387c18daf,7.273959996957943,41,26,38.0,20.0,sphinx-doc/sphinx,0.6341463414634146,True
d057c5e6d7c1f0836db14c5546990c6f370972bf,7.21898252718838,18,0,15.0,10.0,sphinx-doc/sphinx,0.0,False
dd5f968bfaa80169359ddfaf2f07e9cde9a6f7a5,7.273959965269856,46,15,38.0,20.0,sphinx-doc/sphinx,0.32608695652173914,True
2900179436580a53fcf0a9b2b15e31ef8e259979,7.2932276218723855,32,3,20.0,14.0,sphinx-doc/sphinx,0.09375,True
1b1ebd2c7539ebf6a1dfa1ea247e659f98fa9eaf,7.710087490810454,3,0,3.0,0.0,sphinx-doc/sphinx,0.0,False
086eac39148af091905d0f81bb484c72055c3c0e,7.2932276218723855,58,15,35.0,35.0,sphinx-doc/sphinx,0.25862068965517243,True
7f5acbdf1f34ec8ec8e1c5f69f720b43d4577509,6.734295288615104,36,6,69.0,26.0,sphinx-doc/sphinx,0.16666666666666666,True
0573b87c9feafbe9687bc0966180e5a459700a4f,6.734356795193551,29,2,39.0,25.0,sphinx-doc/sphinx,0.06896551724137931,True
2426cedb8b12b7a59270e55f2f26d63d0014a28f,8.713839740664689,3,0,2.0,0.0,sphinx-doc/sphinx,0.0,False
17c719c8de872cc9747040f886e81086641b8cce,7.203961708114686,16,4,13.0,0.0,sphinx-doc/sphinx,0.25,True
316c61b172a8f756ca219c5f9c54ff29ef6cd782,7.296461264481456,7,0,8.0,6.0,sphinx-doc/sphinx,0.0,False
0a98664866053312b1aef539f98c656fb5a7e65f,7.210753415975867,75,13,44.0,18.0,sphinx-doc/sphinx,0.17333333333333334,True
986ac82adff9a700e9549d250f3a1077997ba388,7.203961676426598,11,1,13.0,0.0,sphinx-doc/sphinx,0.09090909090909091,True
da3075d0b7474846a3f86c1ddd272d9640982e02,7.7100553274013235,2,0,3.0,0.0,sphinx-doc/sphinx,0.0,False
4b8937ab29e6750974e34cb0ec0265d62c5894e2,6.734268797373692,12,0,6.0,3.0,sphinx-doc/sphinx,0.0,False
dbceb69b43fd5b88259a8ab2839167b3db30e086,7.273959965269856,26,9,38.0,20.0,sphinx-doc/sphinx,0.34615384615384615,True
f442de643bbf3f2df45578dff665b8f80b980ac4,7.273959996957943,6,4,3.0,0.0,sphinx-doc/sphinx,0.6666666666666666,True
ab1369a837c0e0868928c9c71fb00b0d2b64b075,6.813716093746039,134,2,70.0,49.0,sphinx-doc/sphinx,0.014925373134328358,True
1c6a279fa81f27bcc469f988bcc20323e120e295,7.2037401766927776,3,1,3.0,3.0,sphinx-doc/sphinx,0.3333333333333333,True
723e81c6636afdd6f1ea10f151630160c0a3860f,6.733366193880396,1,0,2.0,0.0,sphinx-doc/sphinx,0.0,False
f7425c9c3ee3efdf942febad90cde267ef5e7eae,6.813716093746039,263,218,507.0,1.0,sphinx-doc/sphinx,0.8288973384030418,True
436bc15d09c178b70ce404380bd834c6b93bc8dd,7.273959965269856,10,2,10.0,0.0,sphinx-doc/sphinx,0.2,True
7806a92e3dcca1231c654c7417d441db98844510,7.209538684817604,6,2,7.0,0.0,sphinx-doc/sphinx,0.3333333333333333,True
24f8a3caf03ee2c11a1746413d68a572cb59f23e,7.294335278981925,12,4,20.0,14.0,sphinx-doc/sphinx,0.3333333333333333,True
bd578b7ab6c52c28f14875f51cab9511b63b23f1,7.203746641062692,10,0,13.0,0.0,sphinx-doc/sphinx,0.0,False
073b92d45a59eb5065d304fbaf0fc2d2ff88c5e8,7.290113728547165,10,4,19.0,19.0,sphinx-doc/sphinx,0.4,True
5562e76585611928ad8628cb9a40a0eb2b3d87fe,8.713833656551829,3,0,2.0,0.0,sphinx-doc/sphinx,0.0,False
5115fb0172c3ae42f326ed7c50e2aa10917dfb94,7.2932276218723855,2,0,3.0,0.0,sphinx-doc/sphinx,0.0,False
1b597dc4509b393cf7b0107738beb9ee8c440a1d,7.221730866732578,30,4,15.0,10.0,sphinx-doc/sphinx,0.13333333333333333,True
a7717d90f128368296fe3434deba5acd6031edab,4.491866143179456,128,94,123.0,59.0,jupyter/notebook,0.734375,True
41772b4225c020af0893516081e57c1389d8b387,2.011780585342358,13,13,22.0,18.0,jd-opensource/nutui,1.0,True
be44bac95670b1cbbc91bd657882d985989846f9,0.7609214262174563,508,504,508.0,0.0,cmderdev/cmder,0.9921259842519685,True
d6569192fc91167f555c3eff58402ff01f1197ea,8.372721182852942,28,0,45.0,0.0,cmderdev/cmder,0.0,False
abbab3f8b477e917d0a175d0de23cce121096631,3.829050815017619,17,10,20.0,0.0,cmderdev/cmder,0.5882352941176471,True
efb3338f5cf0eec21e8a75abc62ee14965cb4a7e,3.7736073402286614,13,1,22.0,14.0,cmderdev/cmder,0.07692307692307693,True
67de97a492c9389f95499db38f9474a1c20ec585,10.22131030243111,2,0,2.0,0.0,cmderdev/cmder,0.0,False
3859f6ffc088b2ae78748abc84986f4adcadcd41,3.7742118855679774,14,13,22.0,14.0,cmderdev/cmder,0.9285714285714286,True
336d7833250b9d8d8a28a6f232f659b765925593,1.964255203184019,8,0,4.0,3.0,qpdf/qpdf,0.0,False
a4db9b3149562a6117b1d9edf89e3853480aeba8,2.0219209318832863,28,0,15.0,0.0,qpdf/qpdf,0.0,False
3fbff845949c56180dfdafc0812da95a168f224b,2.0219209318832863,55,0,53.0,0.0,qpdf/qpdf,0.0,False
d740c6ccced02147f84a39d5e5f0984d12bac6cb,3.3541768068547673,7,7,6.0,5.0,qpdf/qpdf,1.0,True
965f0fcd6352348760e77004c8af5b9b44e74326,2.0219209001951985,24,0,36.0,0.0,qpdf/qpdf,0.0,False
1e072e223a61d26b612864978b21aac6a0d0dc19,2.0219209318832863,37,0,53.0,0.0,qpdf/qpdf,0.0,False
698a70e6a84cf7c0db667e9d9e021b4c34c85a3e,3.3360347428194794,125,117,67.0,42.0,qpdf/qpdf,0.936,True
a9b5ebef1f19ae50deee68401dd090c0f5587400,1.5450372018150937,4,1,6.0,0.0,qpdf/qpdf,0.25,True
113ea4e7ae962d3d0c54cb6bedf255f55b23de84,1.9642851484270034,10,0,10.0,0.0,qpdf/qpdf,0.0,False
3c5700c255f4603b5df9c6d183d13dd71a083cc3,3.319025179354577,62,55,80.0,7.0,qpdf/qpdf,0.8870967741935484,True
0ac37bc9561f1cf1aca2c55fc0e4702d3febcf75,2.0219209318832863,26,0,15.0,0.0,qpdf/qpdf,0.0,False
6b9eb14c76cdbee063051d0ba987e8a2961a4139,2.0219209001951985,31,0,36.0,0.0,qpdf/qpdf,0.0,False
acc57ca09095d5e6247893a54d94e99ba2304c52,1.9642417357466981,46,0,23.0,6.0,qpdf/qpdf,0.0,False
83897e8789acc07c7bc72f24ab1aff7ababaca66,1.9694745798159556,13,0,23.0,6.0,qpdf/qpdf,0.0,False
12f1eb15ca3fed6310402847559a7c99d3c77847,4.4801971315942914,72,20,88.0,82.0,qpdf/qpdf,0.2777777777777778,True
98c14e7740cb879be05ce95a22a3c1f2c403bea0,2.0219209001951985,16,1,27.0,0.0,qpdf/qpdf,0.0625,True
44a13951940def9699b2c169e8a8eabd35973934,2.0158692359368264,30,0,19.0,11.0,qpdf/qpdf,0.0,False
60965d5f4d608bdccc2ffd4e8753e12cbbbd71d2,3.351585671914214,18,15,14.0,0.0,qpdf/qpdf,0.8333333333333334,True
f30a5eb05a8fe763184cd8167a4d4531909a34d5,2.0219209318832863,42,0,53.0,0.0,qpdf/qpdf,0.0,False
bb045907a043b5c6de9fb804ff11087333747329,1.5287817514639896,18,13,19.0,11.0,qpdf/qpdf,0.7222222222222222,True
efb2e8f613511616744eb16aafc8f7138cd821a1,1.6926001343574923,2287,33,2601.0,2599.0,qpdf/qpdf,0.014429383471797114,True
cb7180b1bafd075a00d31dc598ebb01e755a2f09,2.0219209001951985,92,0,111.0,0.0,qpdf/qpdf,0.0,False
21f176d374dd229401b5de5bf8a4cb89b10e1731,2.0158687606155095,6,0,8.0,5.0,qpdf/qpdf,0.0,False
9ae7bdea966102f9621b22192747a891078e7470,3.250632811113646,485,388,355.0,351.0,qpdf/qpdf,0.8,True
a3f693c8f982462ce03421e187504efbe31788b9,1.9645908434101453,126,0,111.0,0.0,qpdf/qpdf,0.0,False
9f0cc086b158b477ad942eb159b929b7b9ae7a0b,1.9718033057013207,2997,0,1574.0,1572.0,qpdf/qpdf,0.0,False
7ede03992a963d56754fc522f4c6f0bf944947cd,1.5450242413871778,210,198,349.0,236.0,qpdf/qpdf,0.9428571428571428,True
477fbd9839b0c876bfafdcc26b492548f253b2bb,2.015868633863158,4,0,8.0,5.0,qpdf/qpdf,0.0,False
7f023701dd843749cf878baabeb3d33917fda62f,4.408412109919639,3,1,5.0,5.0,qpdf/qpdf,0.3333333333333333,True
4bf09ff1cdda1eed496f2e670ef803175b7fed1e,1.692603429918625,1,0,2.0,2.0,qpdf/qpdf,0.0,False
2015f71c7d6e316db6ae3cd6a9189b8ed8308c04,1.9694580703222044,35,0,23.0,6.0,qpdf/qpdf,0.0,False
f8e6274a2e004e1b0f0bb5ac8f8fb0fb76f34c66,2.0219209318832863,30,0,15.0,0.0,qpdf/qpdf,0.0,False
28c13f5492ecc8bb6b8e5419f66ad6e66d5869e7,2.0219209001951985,38,0,36.0,0.0,qpdf/qpdf,0.0,False
d7b909f97d3effc9540c35b0251bdf1c9abf187c,2.2263410398762895,400,400,482.0,167.0,qpdf/qpdf,1.0,True
9e03dc54cc50c173f75375e76b31607a03c3f4a4,1.9642860040053742,12,0,23.0,6.0,qpdf/qpdf,0.0,False
0d5c57c151a35be81b98eef6051303301d253112,1.6925526972900347,7,1,6.0,3.0,qpdf/qpdf,0.14285714285714285,True
02a4048b547e0c00c65856f47351c4ecf0163268,5.364762339341395,75,58,115.0,48.0,taichi-dev/taichi,0.7733333333333333,True
e0aa905991a01dfd68b7bcf1ad20f5132408febc,2.2886915354779833,13,13,26.0,26.0,taichi-dev/taichi,1.0,True
4fe7f150790012e6d9298614a040bb0053acd0fb,2.2871102998960633,17,17,26.0,26.0,taichi-dev/taichi,1.0,True
36a9ed95671f83c3e8443e5752964f4181e02894,5.365460649732553,22,3,42.0,0.0,mui/material-ui,0.13636363636363635,True
27471b4564eb40ff769352d73a29938d25804e45,6.527805378102264,3,0,2.0,0.0,mui/material-ui,0.0,False
5dc1cbca1055c8440ae8c02fffbad7e6a1e2674e,8.974540744543312,1,0,1.0,0.0,mui/material-ui,0.0,False
d10f8369897f9faa98548c7e51d6637e0f75e267,6.285620611199838,28,10,17.0,11.0,mui/material-ui,0.35714285714285715,True
3ab4356063cfcca29277f3703635c850f918d56a,5.8559065011280955,5,3,7.0,0.0,mui/material-ui,0.6,True
4f2a07e140c954b478a6670c009c23a59ec3e2d4,6.289588340051208,11,3,9.0,5.0,mui/material-ui,0.2727272727272727,True
02b722a249d1afe001e01827f6197c4b223ea0ce,6.083197866757929,19,0,35.0,31.0,mui/material-ui,0.0,False
0460a9dfafe3a7ebbff1b87e52048fb7416bba43,2.6669861776560957,343,301,219.0,100.0,angular/angular,0.8775510204081632,True
8f69c83b848ad0dc3c7ffce2541fc726693dedcf,2.450106535351231,342,280,265.0,253.0,angular/angular,0.8187134502923976,True
698b0288bee60b8c5926148b79b5b93f454098db,6.46130421831825,9,6,17.0,0.0,angular/angular,0.6666666666666666,True
88ae6517a2490ccbef97126c011a3d5bcaddd637,1.5130354969959692,3,2,4.0,0.0,angular/angular,0.6666666666666666,True
711cb416260ca11ff158fc39b372efa2cf022d36,2.6968709914568914,242,205,156.0,79.0,angular/angular,0.8471074380165289,True
cc34e5fb072e7903e01463953a19d18503a39347,2.6978744898217863,17,17,11.0,1.0,angular/angular,1.0,True
f773e08ee59724739093a33811a62661680df1f0,1.5113398674170406,3,3,2.0,2.0,angular/angular,1.0,True
31fdf0fbea6b89c8d3d141b2ef8e79c2737287cb,2.42050127386113,253,183,272.0,235.0,angular/angular,0.7233201581027668,True
dc62446ef7f2898a20d3be1196ecaf2a92a1077d,2.7040427979314017,388,369,475.0,334.0,angular/angular,0.9510309278350515,True
6270bba056cfaadb3fe0b2bf3b17036bdc28b90e,0.7880672484599589,41,11,64.0,63.0,angular/angular,0.2682926829268293,True
be7c8d4fc6cb3a71bd21fbb228e01cfcdce0717f,1.5002928296194895,3,3,3.0,2.0,angular/angular,1.0,True
ec03e462f3d4ec90d1267474cc344563c949c2cf,2.6898032486627628,720,720,782.0,86.0,angular/angular,1.0,True
b1dffa4abe8321a47d79b2ea29ee32a81acfe031,2.44742331482749,41,33,62.0,57.0,angular/angular,0.8048780487804879,True
fd544159e300340a25a48e3f40c58795991a4c17,2.4200241463229144,5,2,3.0,1.0,angular/angular,0.4,True
bc042935d045c46d09c2c316dcbbc39cbae4615c,1.5130447182295232,17,17,12.0,0.0,angular/angular,1.0,True
0d78a92431178be73342aeddda4b62d9e49138ba,2.4204320670773445,270,263,272.0,235.0,angular/angular,0.9740740740740741,True
af77b89e2abb67bba201a53d500874ad572b8384,0.7886751210484955,53,51,64.0,63.0,angular/angular,0.9622641509433962,True
ae047c59c0041e0a43cec020520d40ccd981b444,1.516879927497655,4,3,8.0,0.0,angular/angular,0.75,True
ca517d7f2c38775969a65fde1d88f41ad5f27931,2.4501055847085964,426,379,265.0,253.0,angular/angular,0.8896713615023474,True
006a14da89c58692d411e403b1b1cc8fd733de25,1.5113471556772378,7,7,11.0,0.0,angular/angular,1.0,True
3d2263cb1f208e561692e41c5a17196c3c57877f,1.516879927497655,3,2,2.0,1.0,angular/angular,0.6666666666666666,True
f307e95459898b9027d5e13357a809d8952e9017,2.420496013638553,541,535,272.0,235.0,angular/angular,0.988909426987061,True
6a207ebfb0b915bcb848e8e17425757314116ce3,1.5130354969959692,3,3,4.0,0.0,angular/angular,1.0,True
c4b880a025823efadb9d76195c6261f2992c7654,2.6665288234846756,44,43,66.0,2.0,angular/angular,0.9772727272727273,True
e5cc624b8736c4e2aa87f86bb268957e656e0994,1.5113441769969833,5,4,9.0,9.0,angular/angular,0.8,True
33c24624be73a4c16abdd5fb2f93810e151f6a58,1.5113441769969833,6,4,11.0,0.0,angular/angular,0.6666666666666666,True
4f458a825d17e776500cc1597efb904e0dfdfe20,1.4983996565011282,9,7,7.0,0.0,angular/angular,0.7777777777777778,True
cfda43b97d3c1aedc4a1eccf123475617640e696,1.5113471873653257,1,1,1.0,1.0,angular/angular,1.0,True
5c0335754a2b45b2a27fa7a9bffe5df93aec4eee,1.5113398357289527,6,1,11.0,0.0,angular/angular,0.16666666666666666,True
ad65f44877f22caadbc8b977b5b720c3c86fcc45,1.4979415101275129,22,21,11.0,11.0,angular/angular,0.9545454545454546,True
34393874e6b6f53692f1f30d0f536cd72e5220d2,1.5130446865414353,3,3,2.0,1.0,angular/angular,1.0,True
894c1c5f100a62866cc7ed3e23d025c8e505c60d,2.493980720967374,17,8,27.0,0.0,angular/angular,0.47058823529411764,True
f9781f9804f1e7c84df356d9aeb267730a7fc499,2.702399770578244,38,30,34.0,27.0,angular/angular,0.7894736842105263,True
3fa7b2b136696464e0a91b5ec25c6adf272d4d6b,1.4979415101275129,6,5,4.0,4.0,angular/angular,0.8333333333333334,True
30a61f12a7d414ad35a1a06eaadff873880d8e8f,1.5113441769969833,18,18,11.0,0.0,angular/angular,1.0,True
6d3849ffc85cc52b0eba3836b24f10895621acbe,1.516879927497655,4,3,8.0,0.0,angular/angular,0.75,True
a5b5b7d5ef84b9852d2115dd7a764f4ab3299379,2.452659200953178,194,76,173.0,7.0,angular/angular,0.3917525773195876,True
49234007916980526db78503452bba7121dc91ff,1.5113398357289527,3,2,2.0,2.0,angular/angular,0.6666666666666666,True
6d3f5752f204a5a30f3c09fbf6d4a510a4522bcb,1.4980646500367583,21,21,11.0,11.0,angular/angular,1.0,True
b857aafcb9bdb5f1400a4cfedd56657e71ebe8cd,2.641985955839481,903,679,586.0,515.0,angular/angular,0.751937984496124,True
7e63f42d755ca255162f1f327126f90e34465581,2.536741197049205,17,12,11.0,3.0,google/perfetto,0.7058823529411765,True
5dbacf5464d62811e53750cb164fe81ca52c1372,2.682406773645651,91,22,120.0,106.0,google/perfetto,0.24175824175824176,True
e56b1a91dcc4638262843eaead4347d7bf5a73b0,4.321987001546379,15,11,10.0,3.0,google/perfetto,0.7333333333333333,True
0861541554b9afef3702ab2161fb3530e690513b,3.296943683930337,18,18,18.0,2.0,cloud-custodian/cloud-custodian,1.0,True
359c74a60671e54cd017eda7b0622e3c4a5c6c0b,2.465080075797906,1,1,1.0,1.0,linera-io/linera-protocol,1.0,True
c13843ec0d513ac7f9c35b7bd0501fa46e356415,3.181253073744518,125,11,101.0,5.0,laramies/theHarvester,0.088,True
e27b310065b3c036b5fc9d123f1d1d99d3058c00,4.735256705199381,114,108,78.0,76.0,jenkinsci/jenkins,0.9473684210526315,True
e3fdfa527e4fefb4b37f04c92a2dd87b8a374b75,4.094151234567901,12,12,8.0,1.0,jenkinsci/jenkins,1.0,True
703e4b11ba76171eccd3f13e723c47b810ded7ef,8.352302488148656,290,69,150.0,50.0,pytest-dev/pytest,0.23793103448275862,True
afc607cfd81458d4e4f3b1f3cf8cc931b933907e,8.779940394706822,3,1,4.0,0.0,pytest-dev/pytest,0.3333333333333333,True
c9df77cbd6a365dcb73c39618e4842711817e871,8.31749622911755,396,95,234.0,102.0,pytest-dev/pytest,0.2398989898989899,True
4788165e69d08e10fc6b9c0124083fb358e2e9b0,2.413756464369914,3,3,3.0,0.0,pytest-dev/pytest,1.0,True
8c49561470708761f7321504f5e8343811be87ac,10.221822540370624,11,3,19.0,8.0,pytest-dev/pytest,0.2727272727272727,True
4588653b2497ed25976b7aaff225b889fb476756,2.6555608474662207,13,7,16.0,0.0,pytest-dev/pytest,0.5384615384615384,True
8b54596639f41dfac070030ef20394b9001fe63c,2.662502883615991,13,2,26.0,10.0,pytest-dev/pytest,0.15384615384615385,True
a91fe1feddbded535a4322ab854429e3a3961fb4,7.322833960757472,14,10,26.0,8.0,pytest-dev/pytest,0.7142857142857143,True
4546d5445aaefe6a03957db028c263521dfb5c4b,2.6605301417091285,26,26,26.0,10.0,pytest-dev/pytest,1.0,True
75d0b899bbb56d6849e9d69d83a9426ed3f43f8b,7.146992990594976,3,3,6.0,2.0,pytest-dev/pytest,1.0,True
5f95dce95602921a70bfbc7d8de2f7712c5e4505,7.146989916850457,76,72,43.0,21.0,pytest-dev/pytest,0.9473684210526315,True
9aacb4635e81edd6ecf281d4f6c0cfc8e94ab301,8.35230936446371,7,3,11.0,4.0,pytest-dev/pytest,0.42857142857142855,True
eaa882f3d5340956beb176aa1753e07e3f3f2190,8.344959977945091,1,1,2.0,0.0,pytest-dev/pytest,1.0,True
de68f14b9c8e0916a2ac0b239a79d16c5e2adef9,0.454680172129693,159,18,129.0,125.0,meteor/meteor,0.11320754716981132,True
163f18d512d4320d57c4ddf3e14cc83607000cfa,0.45469563591654627,1,0,1.0,1.0,meteor/meteor,0.0,False
5f50d759d3bb08cebada41481d9b38b015c3fca7,0.4568984650290263,25,25,39.0,39.0,meteor/meteor,1.0,True
568eace1b0726b3e2fb823292e30b0e2f0efb4ca,0.4546958894212488,14,0,18.0,16.0,meteor/meteor,0.0,False
9fe75ac961c57e508bf7488ce51d596750fa8d37,1.4431364869318326,16,7,13.0,0.0,EFForg/rayhunter,0.4375,True
4a0c9722961b0c1ad0c185955cb31b52e3ff5d85,5.458106763505463,49,28,63.0,54.0,musescore/MuseScore,0.5714285714285714,True
25f0d24530ad7e10243b4671519c9168fc83a545,1.243795345653662,1189,1141,934.0,882.0,musescore/MuseScore,0.9596299411269975,True
31194165d2afca36c2315a6e7ca2f0797dde09e3,1.9555511509113495,5,4,3.0,0.0,jart/cosmopolitan,0.8,True
86d884cce24d773e298a2714c1e3d91ecab9be45,1.9985856338885086,3,3,3.0,2.0,jart/cosmopolitan,1.0,True
f032b5570b4cd87c6bb4abb54c0b98e69c939955,2.130700782062007,7,7,10.0,2.0,jart/cosmopolitan,1.0,True
369f9740de4534c28d0e81ab2afc99decbb9a3e6,3.229465295206226,5,2,9.0,9.0,jart/cosmopolitan,0.4,True
2fc507c98f53a76718f61f9a36602f86b5ac0cc9,2.6003610857606407,3,1,3.0,0.0,jart/cosmopolitan,0.3333333333333333,True
3a8e01a77a7c97af0b16fb1651b230cee7f7d4c6,2.5897918726392373,54,1,34.0,16.0,jart/cosmopolitan,0.018518518518518517,True
6e6fc38935054db0534d5af4fb99c6193305b946,2.2323296448399117,18,18,10.0,8.0,jart/cosmopolitan,1.0,True
c0eacf2eb1e1c0b3bd4f71f12fef258f5b249c3f,2.5350069080031434,1,0,1.0,0.0,jart/cosmopolitan,0.0,False
04c6bc478e082263d67c41bedbd033dde2d429eb,2.1193994156716607,3,1,3.0,3.0,jart/cosmopolitan,0.3333333333333333,True
2b315626f3af765cdfbc61114647412cdb798b3a,2.58969297411717,71,71,68.0,18.0,jart/cosmopolitan,1.0,True
394d998315f613a888cc6b6c051d4163bdf5cd6f,2.6205342611605444,3,0,3.0,3.0,jart/cosmopolitan,0.0,False
89fc95fefd40413706ff1bdaac2e8d98b328dbf1,2.0923631074606432,10,10,19.0,4.0,jart/cosmopolitan,1.0,True
e16a7d8f3b8f906c3ef76e79f57f3adfc7f25186,2.6145275622987807,3,3,4.0,4.0,jart/cosmopolitan,1.0,True
da8baf2aa5ce93b958aca90a0ae69f537806324b,2.62266249651431,4,1,3.0,0.0,jart/cosmopolitan,0.25,True
2e627c88fc89e52984229b08c3f1ebc023dfcc2d,3.777921356503663,4,4,3.0,1.0,angr/angr,1.0,True
9d6edacbbc5c23f6fc10b27f1dd6b6e8cd43a567,3.7735512840013183,6,0,3.0,1.0,angr/angr,0.0,False
1961c860f3be91cbec9b8153f5a3f5be23a4658c,3.647023379471189,3,3,6.0,0.0,angr/angr,1.0,True
346b2d883deb97ccf1953a107ad6cb6c01c89370,3.715258986741704,246,125,482.0,242.0,angr/angr,0.508130081300813,True
2d8158c6e7db52a426db8fd883160f417b683805,3.7782981595558596,8,8,15.0,7.0,angr/angr,1.0,True
97f7d7f31dfa87d1a427d9acb3fd93be9764a075,3.702062419195376,14,13,27.0,11.0,angr/angr,0.9285714285714286,True
c3d18694750de7a0a5a816c439c38444aa451b1e,0.8431438385682054,17,15,23.0,22.0,angr/angr,0.8823529411764706,True
74e8f34cebf66f9efc27f8c4aa6968f2dd456852,3.778309060258068,4,4,3.0,1.0,angr/angr,1.0,True
9368fc12e9af6a6a1ad97481fd29889d07ad809a,3.063418257408675,5,5,7.0,7.0,angr/angr,1.0,True
4875e8906fdedeb7ecb2f94aa40877c418df3b70,4.505548330671534,8,0,7.0,0.0,espressif/esptool,0.0,False
a3dc12379873dd63cf426e7f0e96afd915d6fabe,0.5755082135523614,11,11,16.0,15.0,espressif/esptool,1.0,True
d0708039a37e9e1fc7837bb0c633fcdcb7985bc5,0.44129724693893074,7,7,7.0,3.0,espressif/esptool,1.0,True
cf124615141fcab4039516130f13d210e38c64f0,0.6709076102111694,121,107,112.0,104.0,espressif/esptool,0.8842975206611571,True
1d028a5c90ccaea6f25faf2d8e9cca2097b32c25,0.3071636309478541,21,19,30.0,30.0,espressif/esptool,0.9047619047619048,True
b57f69bd13222b1753446a0f7c17386eda1dc2c9,4.505545605495982,530,354,340.0,210.0,espressif/esptool,0.6679245283018868,True
889a3ff8ea6d2e51576aea10790cb39f87afdcc3,0.5755082135523614,123,123,73.0,74.0,espressif/esptool,1.0,True
2e4e77cde269379f3aba2e1344c912f47c5974de,1.5938338783684438,30,14,16.0,6.0,espressif/esptool,0.4666666666666667,True
5e903cecb4b537326edc1903cbede929d5cbb914,0.5755082135523614,58,44,45.0,44.0,espressif/esptool,0.7586206896551724,True
07678b581003da453ec8bafed5993fb32862bbbb,4.505548267295358,11,6,7.0,0.0,espressif/esptool,0.5454545454545454,True
47a43b3d187db99faec551f85c48fbaffd2842a6,0.5755082135523614,7,3,7.0,3.0,espressif/esptool,0.42857142857142855,True
e5f5d9de3b3ecdc096ca14150c4bedd9817b709a,4.505548267295358,157,75,84.0,0.0,espressif/esptool,0.47770700636942676,True
aee798dbe46640f708fe2297b94ff30c11152fca,4.505548267295358,22,5,40.0,0.0,espressif/esptool,0.22727272727272727,True
87c04158ff572aa33ca765f753e5d4fb218471dd,0.6709076102111694,7,3,4.0,2.0,espressif/esptool,0.42857142857142855,True
62e8f46eeb8402761e5ec3f0394296b341ec67b7,0.6709076102111694,39,36,34.0,24.0,espressif/esptool,0.9230769230769231,True
206970acf821635dbf9adfba99537ac420fef4d2,1.1251082781960606,6,6,7.0,4.0,espressif/esptool,1.0,True
e17d996bb0faf58d3fe4c77e415246ffb3687976,4.505548267295358,674,135,340.0,210.0,espressif/esptool,0.20029673590504452,True
45f1da954eeab4897fb852894fae0c1b901b3926,4.505545415367455,482,136,340.0,210.0,espressif/esptool,0.2821576763485477,True
513898db2ac7a1990dc94aa6f49cda3165c442bf,4.505548267295358,1153,508,1755.0,1169.0,espressif/esptool,0.4405897658282741,True
6282f98dbfca58add4992c259c0aac3c3ec64d3f,2.6279456929551044,80,80,45.0,4.0,espressif/esptool,1.0,True
cfafe84c39e30f4448500984c17070bd51ed7074,0.5755082135523614,10,10,16.0,15.0,espressif/esptool,1.0,True
63debb0facdc50b52c7759a01d773f6ebb25bc81,4.505548267295358,23,0,40.0,0.0,espressif/esptool,0.0,False
4a2bed194c54a108649d6ff97730d298debe8e71,0.5755082135523614,12,12,16.0,15.0,espressif/esptool,1.0,True
2704e0a8499802b4b79f120349ac3bd41e02c208,1.8423096496565012,1,1,2.0,2.0,eza-community/eza,1.0,True
be0c2d1ba1feebc9ed7b2f24b80619dbf8fdf143,1.855780731107562,112,112,114.0,114.0,eza-community/eza,1.0,True
2273e29bc006baeb76795ae40c7b8b76f61c6f26,2.652169144675134,6,6,3.0,2.0,eza-community/eza,1.0,True
c86edc54435a57466204bf41a0166c7b6f687aeb,1.7636175121048496,3,2,6.0,4.0,eza-community/eza,0.6666666666666666,True
4f949fc9bbb1e387b489ad841af56e7be448bef3,2.652169144675134,10,2,8.0,6.0,eza-community/eza,0.2,True
29d009a439f43190ec617080e1afd96773264f81,2.3125811215048038,8,8,5.0,1.0,eza-community/eza,1.0,True
313e602cde89b2ec8089b7588f57f4601579a249,1.8504146386290465,1,1,1.0,1.0,eza-community/eza,1.0,True
00273009e7553229bccc02e9f4a00d6f8acb9cd5,1.1460622797677897,140,135,228.0,226.0,orhun/git-cliff,0.9642857142857143,True
29de9bdce6c9785574994fda0e51533d796a9bb4,2.701902235911476,40,18,65.0,45.0,mozilla/pdf.js,0.45,True
8aa2718d225ad701a5b8a2788b42d221f1e4327d,6.080279457246432,193,19,100.0,66.0,mozilla/pdf.js,0.09844559585492228,True
de36b2aabab2b7fd647d9591f959c4540129541d,6.760207081653864,170,15,110.0,0.0,mozilla/pdf.js,0.08823529411764706,True
51b6105c69dbcbe01be552c579c6fc9d66c07188,4.256776972900347,110,77,96.0,55.0,ApeWorX/web3.py,0.7,True
10edeb1d85817dbf42105128dc15dcc14250142d,4.284297982102568,229,162,253.0,140.0,ApeWorX/web3.py,0.7074235807860262,True
2bf7e9e21879359834decc2551aa9e1388401152,4.24577220701194,98,60,96.0,55.0,ApeWorX/web3.py,0.6122448979591837,True
bace32433dc5822bd7ffa05e3a8051ef43bd5e45,4.284780623368063,50,43,54.0,0.0,ApeWorX/web3.py,0.86,True
c741e55b8ac95fed72a7135e7bb0e9f0d4a40431,4.276605667097624,68,45,54.0,0.0,ApeWorX/web3.py,0.6617647058823529,True
831ff0f64a6db983cc2695af803942091ea877a1,4.2872199406799,25,18,14.0,9.0,ApeWorX/web3.py,0.72,True
350126eaf5d36fa0387f0a852b10735b66dbb2f3,4.289747445940122,7,0,7.0,3.0,ApeWorX/web3.py,0.0,False
cdc69f0636524d355af3e489a82129e28c400848,4.229551043171851,15,9,11.0,10.0,ApeWorX/web3.py,0.6,True
39f4453c2fe31be58ae187669a3f355093bf9361,4.289683277562299,69,52,54.0,0.0,ApeWorX/web3.py,0.7536231884057971,True
05fb86afc398c3f730bd3fdc574b2d45fdfc45eb,4.230079822293203,86,50,91.0,32.0,ApeWorX/web3.py,0.5813953488372093,True
ca1dbbd8087e4c79bd77acdf7cb62705fbc07aa4,4.2842251945648595,55,28,54.0,0.0,ApeWorX/web3.py,0.509090909090909,True
b2cc97561d0cf89ad352e4849b13d71f51106f62,4.270636486931832,157,98,96.0,55.0,ApeWorX/web3.py,0.6242038216560509,True
826425909cb31f47be9d0790b7912c35b8db8ec8,4.2870229358379595,203,183,152.0,108.0,ApeWorX/web3.py,0.9014778325123153,True
917e99e474837f1dffcf623785d1d6ad84286912,4.232288133444875,512,455,482.0,110.0,ApeWorX/web3.py,0.888671875,True
afdee8852afdb2fb0ed6da5222dc56c6e60c5b6c,1.0954782366212894,14,8,15.0,15.0,OpenRCT2/OpenRCT2,0.5714285714285714,True
1bcee698a9dcfd6d45a7d798b9b31e3a0941b0b7,1.0939385124344057,16,8,15.0,15.0,OpenRCT2/OpenRCT2,0.5,True
a052437d12b7131083de8db2684534418c9ef8f3,1.0955257053768348,6,4,4.0,1.0,OpenRCT2/OpenRCT2,0.6666666666666666,True
9b7ee06e0fd0a81ed462b4377cfbd5ed64cd6d3a,1.049759931046721,51,42,46.0,29.0,OpenRCT2/OpenRCT2,0.8235294117647058,True
bcb803df963d19f8d23fec595e6e7d1ef79600f8,1.0962187238573275,8,4,4.0,1.0,OpenRCT2/OpenRCT2,0.5,True
6ea5959b2bf10bfbd35ebb4efb7d0957ddf1e91e,1.0824574112099778,167,95,93.0,34.0,OpenRCT2/OpenRCT2,0.5688622754491018,True
0e2f9fbc03a26a47b8f8747926e5260d529af42f,1.0939089157603874,6,2,5.0,3.0,OpenRCT2/OpenRCT2,0.3333333333333333,True
86a001875e21218fcecb7f7d0d48288bfec5cbf0,1.0954583998783178,7,3,4.0,1.0,OpenRCT2/OpenRCT2,0.42857142857142855,True
439afd9d5d0d91cb458fecc5c58392b61c91f370,1.0954368836666921,6,5,4.0,1.0,OpenRCT2/OpenRCT2,0.8333333333333334,True
1a37409390b7e461260b1da99c66eaaaaf960dad,1.0960728952772074,8,8,4.0,1.0,OpenRCT2/OpenRCT2,1.0,True
50de94c5df7f68c1360e1054213ac416461aa714,1.0953221094126295,3,3,4.0,1.0,OpenRCT2/OpenRCT2,1.0,True
0c2a52dd3604a5499006bc42d912c1c4a73c3580,1.0492966828909676,296,242,583.0,498.0,OpenRCT2/OpenRCT2,0.8175675675675675,True
832a1d1f746615025a21cd0934e0fb576ca33de0,1.0515709686414683,42,20,46.0,29.0,OpenRCT2/OpenRCT2,0.47619047619047616,True
bbd67e8dfbff335eab2f0a8e7a1332fa502d11f6,1.0952727393718154,64,18,76.0,76.0,OpenRCT2/OpenRCT2,0.28125,True
e8ef3897dfab86cb879b3de7980e5b695cbe9124,1.0962668263746294,11,7,21.0,17.0,OpenRCT2/OpenRCT2,0.6363636363636364,True
238b3979684f9948c2acf98f3009d3284216a0b5,1.0960910208634371,14,11,21.0,17.0,OpenRCT2/OpenRCT2,0.7857142857142857,True
1e059d18d04fec2158ec2620565f2670b2c96df8,1.096177244150379,8,8,4.0,1.0,OpenRCT2/OpenRCT2,1.0,True
620c1f40ef9d852d3c1cc0ca2944f03021e88203,1.0957885580652522,27,12,21.0,17.0,OpenRCT2/OpenRCT2,0.4444444444444444,True
134f4ac43e2ce03c439007bcbda464bc5333b5a9,1.0981035630085938,6,1,4.0,1.0,OpenRCT2/OpenRCT2,0.16666666666666666,True
43c15f7aea7ca737ce41c02d1d5e996006aa3006,4.509881454863487,4,3,2.0,1.0,mlflow/mlflow,0.75,True
5ed36a0f88def458496382777620e9a5ebcf0f2a,3.10789936497072,42,35,52.0,32.0,mlflow/mlflow,0.8333333333333334,True
d743a40426d5dedbde395a4e6bbdeebadbccd4dc,6.141065511952747,71,54,51.0,20.0,mlflow/mlflow,0.7605633802816901,True
9df7c92567c22b00374396ec5a18cb66ea9b8a0c,3.107015932770553,5,5,3.0,2.0,mlflow/mlflow,1.0,True
b55d6e27af6bd274dfa47e66a3012ddec68ce798,4.064976931072072,36,5,21.0,9.0,frappe/hrms,0.1388888888888889,True
f37f15b2b5329e3b0b35891e1c4fd82f48562c6d,3.2656245088346387,47,35,71.0,61.0,frappe/hrms,0.7446808510638298,True
b68457552bb3540565267f23fbfcee35c9f86e1c,2.458483471493396,14,12,8.0,4.0,frappe/hrms,0.8571428571428571,True
4872c156974291f0c4c88f26033fef0b900ca995,4.242892140086699,10,6,11.0,10.0,frappe/hrms,0.6,True
920daa1a3ddccaefaf7b9348f850831d6e0a0e6b,3.1839003916647655,15,6,9.0,0.0,frappe/hrms,0.4,True
1ab1d6238171a5cee3263812402a8b82e7131cb1,2.458468514715948,52,51,33.0,32.0,frappe/hrms,0.9807692307692307,True
ad9bc5976d6661cd5b03ebc379313bf657701c14,4.300169467893629,9,6,8.0,6.0,curl/curl,0.6666666666666666,True
b25c02a94e2defcb0fad32976b02218be1133bdf,2.0878406786320887,20,2,15.0,8.0,python-trio/trio,0.1,True
812b47dfb4c12a5621417a6da8cf5796b44e70d3,2.5109261160544527,236,0,240.0,2.0,GoogleCloudPlatform/generative-ai,0.0,False
3f0974fed57315c6123864fa2334609f3332029a,1.9717633470225873,24,23,23.0,0.0,GoogleCloudPlatform/generative-ai,0.9583333333333334,True
7adb28cb68e34608e193bb47d123df7051714a46,2.067767003827921,684,580,751.0,735.0,GoogleCloudPlatform/generative-ai,0.847953216374269,True
21d4430e8d4b1e2cc2d65b643f88465c81cb76bd,1.9005169911526858,1231,1106,811.0,2.0,GoogleCloudPlatform/generative-ai,0.8984565393988627,True
3495535bb8a42cd96bb65058396c464611bf6eb9,3.2802428891930946,92,73,53.0,7.0,GoogleCloudPlatform/generative-ai,0.7934782608695652,True
bccaf22a73e3965cb02ed7ca3022ca859c53f2b8,2.7218432960681422,156,0,116.0,3.0,GoogleCloudPlatform/generative-ai,0.0,False
9ee2011ee29828b417b7ac9ac31c4a29643a16e7,3.3115922313483916,3,0,5.0,0.0,GoogleCloudPlatform/generative-ai,0.0,False
344921c7c585c5e4c54863a58f59efabdbfe06f6,2.094597814789464,745,0,1137.0,1053.0,GoogleCloudPlatform/generative-ai,0.0,False
7a5d55d1087fbf1617294281c0eebd212bf1e52c,2.6231452328440694,69,1,65.0,0.0,GoogleCloudPlatform/generative-ai,0.014492753623188406,True
ff92e99df5faf575245b635a1accd87e56245149,3.1188680381271072,89,48,46.0,3.0,GoogleCloudPlatform/generative-ai,0.5393258426966292,True
076464885ddf63d57d91cac830ff83f774d5c877,1.796581901031764,4034,3034,3613.0,2277.0,GoogleCloudPlatform/generative-ai,0.7521070897372335,True
5aec8dc940fa015601f1a9c727331291daffdc3d,3.120052317032981,48,30,30.0,3.0,GoogleCloudPlatform/generative-ai,0.625,True
4d099b05aafd58ab6f3bfb816fd312d8d2c7ffcd,1.8404773493548305,863,808,807.0,5.0,GoogleCloudPlatform/generative-ai,0.936268829663963,True
f3fd6359f6424af47ba9d5f63145a69989e5c920,2.2069313255760896,2,2,4.0,3.0,GoogleCloudPlatform/generative-ai,1.0,True
ca7ceb9f8358a5d79c31d2511f705bcc55c24232,1.788234751692144,93,82,99.0,41.0,GoogleCloudPlatform/generative-ai,0.8817204301075269,True
b5c2d85557d877bc99bf18fdf549423dc54bb108,2.2974389053666946,232,2,143.0,78.0,GoogleCloudPlatform/generative-ai,0.008620689655172414,True
6664dd984baa77f8358fa0ed8b57bde2b897e116,2.0731790757218547,6,6,7.0,0.0,GoogleCloudPlatform/generative-ai,1.0,True
0538e91f7c69c34174c722ae1ed1552261c8b805,1.7279090298375035,40,17,74.0,73.0,GoogleCloudPlatform/generative-ai,0.425,True
a41f948147f9c16c9b1255038929ab1d1ac07def,1.8566847605648085,75,71,135.0,129.0,GoogleCloudPlatform/generative-ai,0.9466666666666667,True
0c961fcb3c9cb7bfb5e1ab73acbb8fe7caebcbd4,2.62281586685933,79,0,65.0,0.0,GoogleCloudPlatform/generative-ai,0.0,False
824b32b10f7c3701de214784307b4abb22e5fb0f,2.3550165728699266,8,0,5.0,0.0,GoogleCloudPlatform/generative-ai,0.0,False
6d74fa5d6d8a9a694951a8dac296c1cf314c9d5f,1.807529660050194,4,4,2.0,0.0,GoogleCloudPlatform/generative-ai,1.0,True
030647d76d06d3a69a0f4b716ad1035de6808653,2.4887127664968185,1,0,2.0,0.0,GoogleCloudPlatform/generative-ai,0.0,False
800d05b4a3a28fe23b971e702e76df0c41e6d308,1.9936337680938983,7,6,5.0,2.0,GoogleCloudPlatform/generative-ai,0.8571428571428571,True
6ba714a7cf1d8d460f5518e5bf220b76088aec09,1.7028816196415444,1630,1599,938.0,821.0,GoogleCloudPlatform/generative-ai,0.9809815950920245,True
afdcb95a39e574515a080cbe544fe35e7bf6d28b,1.9551773582274952,3,1,4.0,4.0,GoogleCloudPlatform/generative-ai,0.3333333333333333,True
cb2d315aab7438ec45db9928536e7c4c3802fc49,2.3989666831444723,55,55,28.0,27.0,GoogleCloudPlatform/generative-ai,1.0,True
abf108d802b8f0230b38553d0413153a25a01b97,2.064391366897356,1637,743,2219.0,2074.0,GoogleCloudPlatform/generative-ai,0.4538790470372633,True
3dd80a85ec58b39a2ebd9f005af312e3e18ff084,1.2033265837706288,25,23,37.0,37.0,Bogdanp/dramatiq,0.92,True
763b772e352b75d97fa7e6b3513c710dcbe8d327,1.111865446041524,71,71,54.0,49.0,Bogdanp/dramatiq,1.0,True
b88b5a2601f56bda985729352d24842f087a8ade,8.3171518112911,115,48,70.0,0.0,Cog-Creators/Red-DiscordBot,0.41739130434782606,True
c69e8d31fdadbe10230ec0ea2ef35402e5c4cf43,4.462478673916901,3,2,4.0,2.0,Cog-Creators/Red-DiscordBot,0.6666666666666666,True
1ecaf6f8d5f2af731bec3eb6ad3a9721ab7a2812,8.316707480923771,45,38,38.0,22.0,Cog-Creators/Red-DiscordBot,0.8444444444444444,True
d3f406a34a5cae6ea63664e76e8e74be43f9949f,8.305487489542932,14,0,11.0,0.0,Cog-Creators/Red-DiscordBot,0.0,False
14cc701b25cea385fd0d537cdb6475d341c017c5,8.275278665044237,3,3,2.0,0.0,Cog-Creators/Red-DiscordBot,1.0,True
622382f42588ac1d8a52bd3e39bf171c89ff0224,8.26485157299668,3,1,5.0,0.0,Cog-Creators/Red-DiscordBot,0.3333333333333333,True
e01cdbb0912387749d9459e1d934f9ed393a9b51,8.316740183030396,27,3,38.0,22.0,Cog-Creators/Red-DiscordBot,0.1111111111111111,True
85afe19455f91af21a0f603705eeb5d9599b45cc,6.023100806144954,6,1,11.0,10.0,Cog-Creators/Red-DiscordBot,0.16666666666666666,True
226d8d734de43e1d5ea96a528a8e480641604db1,3.35305172129693,2,2,4.0,1.0,Cog-Creators/Red-DiscordBot,1.0,True
16443c8cc0c24cbc5b3dc7de858edb71b9ca6cd3,7.266027105990316,12,12,8.0,1.0,Cog-Creators/Red-DiscordBot,1.0,True
9d4adb8a5ab74a8c85e0d4b41e65bb78ee19aedb,3.8751362270895124,927,833,575.0,566.0,astropy/astropy,0.8985976267529665,True
5bf365bd9638f3c335963745b46246fabe428a0f,3.8914627221334954,194,111,328.0,277.0,astropy/astropy,0.5721649484536082,True
7ca4c9e44e762e258b3c455bdfca793b83a93802,3.891705928207468,365,351,328.0,277.0,astropy/astropy,0.9616438356164384,True
369402b47317f4752e3dadaa136a1f8ccce74a2e,3.8861500874591224,107,40,72.0,72.0,astropy/astropy,0.37383177570093457,True
3c9c91ae593cad2f669d65bf3e67accc5c49333c,3.8874843777727075,588,537,328.0,277.0,astropy/astropy,0.9132653061224489,True
d8f7f53c7342e4e40c1a76351a3befa1f9b2f2db,3.8751369559155324,128,128,112.0,103.0,astropy/astropy,1.0,True
5a4c5fcb00bf917c4bbe3c342b66177cf6cb3c75,3.885599633685705,308,156,328.0,277.0,astropy/astropy,0.5064935064935064,True
ecfab5a9f56d5f5724f30a6dabe580960136e4c6,3.8916636562983244,175,157,328.0,277.0,astropy/astropy,0.8971428571428571,True
933e3e6eadff215165c838fd91c21e8615d0cf88,0.5352577825943671,138,138,78.0,50.0,astropy/astropy,1.0,True
a7cb990203a9d2093fa81bbbbd4ac0f763f6da6b,3.8914829708216088,126,102,67.0,58.0,astropy/astropy,0.8095238095238095,True
fbbc0cb370d033722fef7f501b6aed4b500812d0,3.879652571805207,128,127,112.0,103.0,astropy/astropy,0.9921875,True
1403108bcd07341657e41d47c99abad373f27644,3.8783727216264863,116,20,112.0,103.0,astropy/astropy,0.1724137931034483,True
6750c7f86129858b92d83b0086c3b99b9470bf8b,3.8783655601186404,470,422,328.0,277.0,astropy/astropy,0.8978723404255319,True
2e948e310fa2882ef3fd483b130297e3c692481f,3.887462703120643,86,50,72.0,72.0,astropy/astropy,0.5813953488372093,True
1265c1a9970d467c9372f9143b8cb0a1d37facf1,3.885492939894035,52,49,42.0,42.0,astropy/astropy,0.9423076923076923,True
420686db541271e8a20ad15e3a2b68bf30655889,3.89085367708571,82,16,57.0,56.0,astropy/astropy,0.1951219512195122,True
059495d362003d3f88c1e7456bfe56693c958e10,3.887481779349507,267,208,328.0,277.0,astropy/astropy,0.7790262172284644,True
e789729540438eb891ae83ef1a39171f7a4c007a,3.878363880649986,248,245,328.0,277.0,astropy/astropy,0.9879032258064516,True
53ba687f90131a7b5a578af32b376b8fac04863a,3.8771707290795243,308,206,328.0,277.0,astropy/astropy,0.6688311688311688,True
128fe2873f25581feda0c2d726181b093bdc306a,3.893450262377367,4,4,7.0,5.0,astropy/astropy,1.0,True
fa2df9f32e5c041d74f7d1ef3d5a188c521cbc79,3.891322122087865,192,188,328.0,277.0,astropy/astropy,0.9791666666666666,True
6e80e68e817fd629e04e80b45478052b6a4a3c4a,3.8911453025578626,518,460,328.0,277.0,astropy/astropy,0.888030888030888,True
616797e13c0b926ad48ea9e9aac22a0421b74d73,0.5303635574314903,10,7,5.0,5.0,astropy/astropy,0.7,True
58470fa36befa7efd1e37bbc7374859d7c22223a,3.8916500621086523,187,145,328.0,277.0,astropy/astropy,0.7754010695187166,True
d2165fa02c1a2d79f4a6cb69a5cebeee0b073033,3.8750408459451924,69,57,51.0,51.0,astropy/astropy,0.8260869565217391,True
0630d6acf23aab2ef338b35f9a5130ee592e7aa5,3.891028436890004,220,149,328.0,277.0,astropy/astropy,0.6772727272727272,True
9c54b78d9dde5601e916f308d9a9d6953ec39430,2.111424474611504,201,159,161.0,94.0,lllyasviel/stable-diffusion-webui-forge,0.7910447761194029,True
544f90d0e90807032e517283c1c0971904ebd4e0,3.186405905392045,6,2,7.0,0.0,fivetran/great_expectations,0.3333333333333333,True
85b81029c759dc2b6a8c8956a5babb19e3280494,3.3664064757776258,3,2,6.0,0.0,fivetran/great_expectations,0.6666666666666666,True
02224a3c9f53552207682c54dde70f9bb4cae1c4,3.1263546657540497,3,0,5.0,2.0,fivetran/great_expectations,0.0,False
8bd2dea55e22188b74d1b20abee480f2c298239d,3.1661677694121226,20,15,24.0,24.0,fivetran/great_expectations,0.75,True
2bbfb50a6458f09ef197ee1174666a4c4726a850,2.495997160747332,23,1,17.0,10.0,fivetran/great_expectations,0.043478260869565216,True
582fe60179b9b8bf31ba0a394bfa669f495ce8c6,3.359070841889117,6,3,5.0,0.0,fivetran/great_expectations,0.5,True
597b2b625569b6f5f110f8230ac26ab405167da6,3.567053895099754,30,5,23.0,8.0,fivetran/great_expectations,0.16666666666666666,True
fc5023b4e1f1dad2e9c6faa8897fa92991b821ab,2.5619007782594365,8,0,16.0,0.0,fivetran/great_expectations,0.0,False
d170c89167a96b702edc02b16dbf5984619d0e8f,2.529765191269298,32,6,51.0,35.0,fivetran/great_expectations,0.1875,True
f5e7df1846102d9a62cc9b9110387925ffae60cc,3.6429199622277992,5,0,4.0,4.0,fivetran/great_expectations,0.0,False
e55b3484a86f654e8b819041dd6cc73730e01a8f,3.4891557659644588,3,0,2.0,0.0,fivetran/great_expectations,0.0,False
c3df7cde688332cb101432909145b37ff4108803,3.109947175957614,6,4,12.0,8.0,fivetran/great_expectations,0.6666666666666666,True
edf5dbdc77b418d659dc9d87462cd6df9a85436c,2.531952873475803,6,0,3.0,0.0,fivetran/great_expectations,0.0,False
179c974eb23cbd5197459e0c95749f22041f806e,2.572655746951606,69,62,80.0,56.0,fivetran/great_expectations,0.8985507246376812,True
078c1611dd9c70fec6d7b6318f21a063ff6aa9b0,1.737370490785104,158,151,104.0,55.0,fivetran/great_expectations,0.9556962025316456,True
697d5910c8331721e7dc299b1c0a294de84275b5,2.56971341293381,9,1,14.0,9.0,fivetran/great_expectations,0.1111111111111111,True
7b927e79c25f4ddfd18a067f489e122acd2c89de,0.5506530914898471,8,6,9.0,5.0,onyx-dot-app/onyx,0.75,True
46af76e98a7252e29cf63e1e995bf1fa4b358389,0.197819827870307,4,3,4.0,3.0,onyx-dot-app/onyx,0.75,True
8ddc6df49c2339ae74ff5146cffb95992b9b5012,0.09312552285344892,14,14,14.0,8.0,onyx-dot-app/onyx,1.0,True
9881c0382283cf959e77cfd02e9275a5a6d98615,0.1977087611225188,3,3,4.0,3.0,onyx-dot-app/onyx,1.0,True
b0773ee5cd650542153d189bc020753467af21a2,1.135574061398839,55,42,89.0,8.0,CapSoftware/Cap,0.7636363636363637,True
567490b6d9ac61d4694507690039febc5fc5474f,0.09287366593150304,10,10,20.0,17.0,enyo/dropzone,1.0,True
bc0110188a8ef8e232050c3d9b347198dc83536a,4.457698208989277,76,58,100.0,96.0,grpc-ecosystem/grpc-gateway,0.7631578947368421,True
cb7e79d3bf44251a2d74528dad67b02d2fb5ea9a,0.24187134002585747,292,290,279.0,198.0,naudio/NAudio,0.9931506849315068,True
b03e8ab9c7bd3e001add519571858fa04d6a249b,3.410667382817451,14,14,12.0,6.0,JuliaLang/julia,1.0,True
f1b567507731129f90ca0dffc8fbc0ed98b6a15d,2.3398089208304813,4,3,8.0,8.0,JuliaLang/julia,0.75,True
f942c29bb0d02cc24f19712c642ac72ffc85a26b,2.338588295687885,4,3,2.0,2.0,JuliaLang/julia,0.75,True
3903fa54a638d4546ef50e56f91f0705a8ab11ef,4.548372404745608,3,3,3.0,0.0,JuliaLang/julia,1.0,True
e66bfa5dd32f93e76068c00ad882c1fc839c5af8,4.548372404745608,40,36,57.0,28.0,JuliaLang/julia,0.9,True
100a741e7ab38c91d48cc929bb001afc8e09261f,4.548372404745608,3,2,3.0,0.0,JuliaLang/julia,0.6666666666666666,True
c18861804feb6a97afbeabb51be748dd60a04458,4.168747274824448,54,49,41.0,15.0,django/django,0.9074074074074074,True
c9178ef17a0e1070f5a25096d8e13385d404dc92,11.92168805612594,24,7,27.0,4.0,django/django,0.2916666666666667,True
78298b51629e14c0e472898b635bc819d47b7f27,1.188023265394073,7,6,5.0,5.0,django/django,0.8571428571428571,True
1101467ce0756272a54f4c7bc65c4c335a94111b,12.069374794027429,80,17,75.0,5.0,django/django,0.2125,True
69a93a88edb56ba47f624dac7a21aacc47ea474f,1.188023265394073,13,11,11.0,11.0,django/django,0.8461538461538461,True
9c19aff7c7561e3a82978a272ecdaad40dda5c00,4.643610825918321,77,73,77.0,39.0,django/django,0.948051948051948,True
ca88caa1031c0de545d82de8d90dcae0e03651fb,4.660656798996121,18,10,13.0,10.0,django/django,0.5555555555555556,True
c5cd8783825b5f6384417dac5f3889b4210b7d08,4.655619945749994,5,3,3.0,2.0,django/django,0.6,True
097e3a70c1481ee7b042b2edd91b2be86fb7b5b6,3.661810784090045,4,4,2.0,2.0,django/django,1.0,True
1ecf6889cabc9f3f60d3fdd651468cddd8f4da6e,1.1891796270945827,8,8,6.0,6.0,django/django,1.0,True
534ac4829764f317cf2fbc4a18354fcc998c1425,3.636229782999975,124,123,105.0,81.0,django/django,0.9919354838709677,True
7119f40c9881666b6f9b5cf7df09ee1d21cc8344,4.643610825918321,25,22,24.0,14.0,django/django,0.88,True
305757aec19c9d5111e4d76095ae0acd66163e4b,2.6787313040281897,47,47,81.0,75.0,django/django,1.0,True
b1e33ceceda1e75ff68c7deed8f6659683a195d3,11.050630846452203,22,15,20.0,20.0,django/django,0.6818181818181818,True
4286a23df64f6ce3b9b6ed097f4d1aac7d9e0de4,1.0987517428448297,3,2,3.0,3.0,django/django,0.6666666666666666,True
241b8e1aab7fc71018a059467b2ba17bce6556cc,0.4527416850457576,334,328,198.0,198.0,django/django,0.9820359281437125,True
14459f80ee3a9e005989db37c26fd13bb6d2fab2,3.5849241387177733,14,14,10.0,10.0,django/django,1.0,True
fc0a0ebd4fe573299a5f978e77fa3bca8424f661,0.4502332877024869,34,34,27.0,27.0,django/django,1.0,True
ba755ca13123d2691a0926ddb64e5d0a2906a880,3.587742445559865,34,23,41.0,19.0,django/django,0.6764705882352942,True
f81e6e3a53ee36e3f730a71aa55a5744982dd016,1.0987517428448297,8,8,11.0,0.0,django/django,1.0,True
6cff02078799b7c683a0d39630d49ab4fe532e7c,0.6982730625903111,20,20,12.0,11.0,django/django,1.0,True
63917e91dd65dc95273759a786cb706b05d9f89e,7.730796226582503,16,1,15.0,9.0,Automattic/wp-calypso,0.0625,True
9fb7ac149e55361c0c3a9639ad0caa5e15fc88b0,4.435341787715162,35,18,59.0,51.0,Automattic/wp-calypso,0.5142857142857142,True
b855b7a8a7e9f6a24e4fc87e8fe251cfd10603fd,8.987098099982255,22,5,11.0,0.0,Automattic/wp-calypso,0.22727272727272727,True
b359eb43a7aa2ed3d14381f683965e7f563eef05,2.3784897140466956,6,5,11.0,10.0,Automattic/wp-calypso,0.8333333333333334,True
5948dacb721fd61e06e193757b066eab21a43cbd,6.082822838238649,1,1,1.0,0.0,Automattic/wp-calypso,1.0,True
fb0aab8f67a8738d25d5426343df8599935cdd29,3.6995798793317616,10,10,14.0,12.0,Automattic/wp-calypso,1.0,True
d26e6d3d415d1a56256dc3a9beec2a2bab3bf386,3.0253021459173066,9,9,9.0,4.0,Automattic/wp-calypso,1.0,True
a14b6727ffc1ed68b951c95f8a43ca6e1cb15ccc,3.685819263822344,3,3,2.0,0.0,Automattic/wp-calypso,1.0,True
9f3437d1783480d387f896aa2067510f6fc8b192,2.3236744555986513,24,21,21.0,0.0,Automattic/wp-calypso,0.875,True
7e2f527a4197c92a555b825424ddd1ff51f485ab,1.6314046061804446,7,6,7.0,6.0,Automattic/wp-calypso,0.8571428571428571,True
4537033c6794449ce0a10b69d72daf5fa658d553,6.446894472329962,19,4,10.0,6.0,Automattic/wp-calypso,0.21052631578947367,True
b7a4a072ae2a13785fb6ccbf9c34ed8e65739705,4.060870408396076,21,9,34.0,30.0,Automattic/wp-calypso,0.42857142857142855,True
d6c65e414a1041b53f2efc726d4bf664e0484718,3.5278984777042615,4,4,4.0,0.0,Automattic/wp-calypso,1.0,True
a86470ccbc693d6f0a4f8066cbd1357e5191c4ff,3.5018053654270287,17,14,32.0,19.0,treeverse/dvc,0.8235294117647058,True
ad9e4585b3c7425759d3eea697afbca71d2c2082,3.5672647159479807,14,0,27.0,27.0,qemu/qemu,0.0,False
48805df9c22a0700fba4b3b548fafaa21726ca68,3.532286010342992,71,65,69.0,69.0,qemu/qemu,0.9154929577464789,True
0eadd56bf53ab196a16d492d7dd31c62e1c24c32,3.560136417218039,91,91,106.0,106.0,qemu/qemu,1.0,True
770b7929255389503e907350e2380ff449229816,3.6218679177123736,3,3,6.0,0.0,Lightning-AI/pytorch-lightning,1.0,True
f43028f3ae5333b4ef0b08cc34f5560736381962,6.08734720004056,31,25,60.0,30.0,Lightning-AI/pytorch-lightning,0.8064516129032258,True
9750b8834efe8718eb4c7d577ac99f0981442cef,3.7926604367886023,102,86,52.0,42.0,NicolasHug/Surprise,0.8431372549019608,True
7679aed18153056f140e56da98011e27ebf4feb1,3.501048241944888,214,150,115.0,83.0,conda/conda,0.7009345794392523,True
fc92ea3353cce71df24fac31ce333ec9f8cf7ba7,3.9830043792937357,28,14,22.0,17.0,conda/conda,0.5,True
d379a0c00a9e94eb4e9d0ecba5568e58852b411a,0.1876868012776637,230,225,284.0,242.0,javaparser/javaparser,0.9782608695652174,True
5106428130cd3ff052a57d37a3d192f040da5edf,2.2979513334347352,95,95,62.0,32.0,javaparser/javaparser,1.0,True
f617815e0a3a2d96de9aca3a04d589c78cbd14e8,2.104795136512282,38,1,30.0,15.0,lichess-org/lila,0.02631578947368421,True
6fb1e4363f3ed03acbf7aaffa10c63bc591a099f,3.1556046404035794,5,0,8.0,0.0,lichess-org/lila,0.0,False
35c26fbd9bc0895d0119e4e313003c220417d4bc,2.076894947651279,115,1,71.0,61.0,lichess-org/lila,0.008695652173913044,True
713f23c8070a919013039f41a49461d9424c338a,1.60014858544376,19,14,15.0,2.0,lichess-org/lila,0.7368421052631579,True
49c56bf18f8ffe30f074549d47c48ec590303ffc,3.9052577192181914,4,1,2.0,0.0,lichess-org/lila,0.25,True
8262679e7b93391d77c34009da4221bece583158,3.220968514715948,28,8,33.0,0.0,lichess-org/lila,0.2857142857142857,True
f058dab0bfdfcf3f40d510526607e3e359354e54,2.172593543235227,3,0,6.0,2.0,lichess-org/lila,0.0,False
8c93d107a01f21fa39b8103fc8a6a12e9aea86c2,1.1623564846502903,14,9,13.0,8.0,lichess-org/lila,0.6428571428571429,True
77ff4f65eba676363012a04f128aa1b96a7c8c2f,3.2403572198139274,20,14,11.0,7.0,lichess-org/lila,0.7,True
c8059e97d696d0bc3056f42d3001ab240a408cba,2.549080316627373,3,2,3.0,2.0,lichess-org/lila,0.6666666666666666,True
02354d6ac319462e58f1016499912d342efb97d1,2.0058789958678735,37,16,67.0,30.0,lichess-org/lila,0.43243243243243246,True
1aae0c7b022f9e505e1ca7fec3b32efeef9f9981,2.503618462747484,13,1,7.0,0.0,lichess-org/lila,0.07692307692307693,True
84137814df3b827196e1438f3bc654c0dcc1c1f2,3.33577220701194,82,65,73.0,3.0,lichess-org/lila,0.7926829268292683,True
7b84562ada7f2985bdc8bff6c190b503ffda8524,2.5817325145131442,8,3,15.0,4.0,lichess-org/lila,0.375,True
cbccd3b23a3ff97e7aaa8e3e4904aa4c521f0103,1.5206341420133342,4,1,4.0,4.0,lichess-org/lila,0.25,True
0b0545e15ad527e7fc99c5b854123727ac5f6b5e,0.7022913339417446,1,1,1.0,0.0,lichess-org/lila,1.0,True
33e37c6865ac9ec0bb0346e7446af070ee9468dd,3.2401992230080867,1,0,1.0,0.0,lichess-org/lila,0.0,False
73e7950a05caaf5e6d697066d7c1b1c0295bf3d8,4.236668314447233,12,1,12.0,0.0,lichess-org/lila,0.08333333333333333,True
02bcdbe4a32467dcc9403e2787126caaa249278b,3.6810326197175955,4,0,3.0,0.0,lichess-org/lila,0.0,False
9f15e99faca15f72e4a98462afe287741e26d34a,3.2401980505488375,2,1,1.0,0.0,lichess-org/lila,0.5,True
9948008e7fcdd0a12961d21f689fc0cf63ef1413,3.210259493751109,1,1,1.0,0.0,lichess-org/lila,1.0,True
2b774ffaf8926dc9986954f3c427cbe479e05f6a,2.2959649973382006,29,1,26.0,12.0,lichess-org/lila,0.034482758620689655,True
ce7eb94ec40148503673a8991ad5ee1c63617897,2.5463286815220423,7,3,6.0,1.0,lichess-org/lila,0.42857142857142855,True
6de0742336f1167faddc841fe6d34f1f1fd2f57e,3.697332686896342,4,0,3.0,1.0,lichess-org/lila,0.0,False
72d993c45d9b9d17395e0f0a2726af325ef0621c,3.1293633229396405,30,1,15.0,12.0,lichess-org/lila,0.03333333333333333,True
41b34ff3926db68c05a6a97253983f23ba21184e,3.2842050409410093,38,5,20.0,5.0,lichess-org/lila,0.13157894736842105,True
4c06b75e1315f0cfcb3ebeb56a6d4c9cdcd6d062,1.7145260095824777,3,2,3.0,0.0,lichess-org/lila,0.6666666666666666,True
42aeb55b54691fb7a60e9a6e600e5551518f7dd6,4.135791124800365,48,3,33.0,4.0,lichess-org/lila,0.0625,True
e2478dfc217e5bf034a810a5449494b76d471282,0.9490363652495754,18,13,26.0,10.0,lichess-org/lila,0.7222222222222222,True
75097f533a362ba58cf14a72d2c5df8c5e276148,1.600164746368545,3,3,3.0,2.0,lichess-org/lila,1.0,True
1e8dd3f03b5b8bb7fa00195bb45f04208f6170e6,0.6213854665754049,4,1,8.0,7.0,lichess-org/lila,0.25,True
25f3a04cfa92992a2109e7cb3f3ec429a972ca8f,3.177189868684564,7,2,6.0,0.0,lichess-org/lila,0.2857142857142857,True
94063c367bc120efdbb548e3692a4c260f4ef662,0.8447252959667402,18,10,35.0,19.0,lichess-org/lila,0.5555555555555556,True
f5e7d4a6633b060f0ad6ee2cdd5e4161f16b30a2,2.550809377138946,3,0,3.0,2.0,lichess-org/lila,0.0,False
cd9708a0d772fe445635ae05306f1cb9365902de,2.546255640479631,4,3,3.0,0.0,lichess-org/lila,0.75,True
02e1b5a25b222b5bce1b7c4f87044d027b6c506e,0.6098708710421579,32,29,53.0,47.0,lichess-org/lila,0.90625,True
5c9808446a179176c721bd7a59d621b41c95898c,6.295832255938348,86,35,65.0,9.0,wkentaro/labelme,0.4069767441860465,True
50719a6268d9948e2bd08034e3ea7308d13c1bea,1.5085089804040865,1,0,1.0,1.0,wkentaro/labelme,0.0,False
a41c227037e7e7249b8b376f838f4f8bcc3e3e59,2.7207666299084847,2,2,1.0,0.0,storybookjs/storybook,1.0,True
f6a265a7fb15d661d95228965f705c1c1bd41d70,0.18008533602048318,281,281,148.0,147.0,storybookjs/storybook,1.0,True
13c46e6c0b7f3dd8cf4ba42d1cfd6714f4777d54,2.7258728483788373,8,6,7.0,6.0,storybookjs/storybook,0.75,True
513bb66bb9729ece57581b6eb50e5b338c47c0b9,2.1460580335640227,18,8,14.0,6.0,storybookjs/storybook,0.4444444444444444,True
e12039c0593ba021ce27cb7245b6067677f27625,2.1462414125282026,11,6,8.0,5.0,storybookjs/storybook,0.5454545454545454,True
94ef2fedfc78e7b61c8ece6e4457430eea583ee8,0.18008505082769286,3,2,6.0,6.0,storybookjs/storybook,0.6666666666666666,True
cdc50607148e41906aafb60e2aeb6aa392d1a249,0.537235721347631,2052,1901,1360.0,1358.0,dotnet/runtime,0.9264132553606238,True
6fbf6a2dd6b5c701119368c08276a3ba552b6683,0.5372358797880701,3244,3051,,,dotnet/runtime,0.9405055487053021,True
b91cb52f3b3f23cdb45ac7234a7cab974cbed9af,0.5372359114761579,2019,1987,1360.0,1358.0,dotnet/runtime,0.9841505695889053,True
7aa69f096ff5b56e3669b0fe344b85b04426a52e,0.5372357530357188,346,333,240.0,238.0,dotnet/runtime,0.9624277456647399,True
d49754129145a19ad7aa5a69122e58d09375f4ac,0.5372359748523335,333,333,240.0,238.0,dotnet/runtime,1.0,True
2ab9d88c8dd2431fc7a09527dd4adb24848a4ece,0.5372359431642457,521,521,272.0,272.0,dotnet/runtime,1.0,True
b3e810d361b0652e4caa9476b88cb66f4ed1eed2,0.5372356262833675,4031,1246,,,dotnet/runtime,0.30910444058546266,True
2f4ec5f3f7ec88320804b5cabfb8fce5088b4dbd,0.5372356896595432,684,681,391.0,207.0,dotnet/runtime,0.9956140350877193,True
43fc659bc9145cab1a4a73aae73ac853bc330256,0.5372358164118944,474,471,240.0,238.0,dotnet/runtime,0.9936708860759493,True
81e8f3b4f28894173c6cd3a3a76c4e7f856e8a66,0.5372358164118944,3547,3498,,,dotnet/runtime,0.9861855088807443,True
b5a1146dcfd341e93178530625503dd4fdff5126,0.5372356262833675,1354,1345,708.0,708.0,dotnet/runtime,0.9933530280649926,True
83fa3f4a0493c9c57f44c7cb6e77bb5dfb05ea91,0.5372359748523335,329,329,240.0,238.0,dotnet/runtime,1.0,True
7932b9d8847f277d1fdfe0375a71c35c0a6969f3,0.537235721347631,1387,1380,708.0,708.0,dotnet/runtime,0.9949531362653208,True
29123fc5becb2b883b9a335392bf8f1fa709b3e9,0.5372356579714553,954,941,708.0,708.0,dotnet/runtime,0.9863731656184487,True
42f56409dc3c7f2443d28230e3e17c50df9d5629,0.5372357847238066,1507,1436,1360.0,1358.0,dotnet/runtime,0.9528865295288653,True
35d6f5a8e0323294d7b9ff4bea3c4213a3db2ccb,0.5372358480999823,1665,1659,1360.0,1358.0,dotnet/runtime,0.9963963963963964,True
ba70358a247a319a5e2895fde84b2579172f3d2b,0.5372357847238066,1831,1682,1360.0,1358.0,dotnet/runtime,0.9186237028945932,True
b22c2d115c34e36fa5711caae405e8ee1292d167,0.5372356579714553,1152,1133,708.0,708.0,dotnet/runtime,0.9835069444444444,True
fe64d0521446da451c86af2036f586f44470b8ba,9.060013277308794,13,11,8.0,0.0,teambit/bit,0.8461538461538461,True
8b89ecadc8ff3a8ccc6fe0c0c33d71279afdfe3d,6.985521649301594,112,19,75.0,0.0,teambit/bit,0.16964285714285715,True
8401bdfb8f56a7a57508c3407a21fea4fea635f0,3.616802386746774,25,11,45.0,27.0,teambit/bit,0.44,True
7138e50e497dc837347193b70eddc9234883d1a8,6.20471037087738,47,23,44.0,19.0,teambit/bit,0.48936170212765956,True
52196a308de40d0bfbff140ed347ab5713743fac,3.964485258701549,3,1,6.0,0.0,teambit/bit,0.3333333333333333,True
3f2842400795ae1aaffc4ae6c35c4ef26857c239,8.0360695363399,305,144,,,pylint-dev/pylint,0.4721311475409836,True
99e9ec4bd3d9303cac431bede2077bcfd042f3a1,0.6971924671077648,6,5,5.0,0.0,pylint-dev/pylint,0.8333333333333334,True
510bbc380531cbf56a409f1ae68e6fd84a9599e6,4.634419252414633,3,3,4.0,0.0,dask/dask,1.0,True
d92f4015a1da3da10c04c682ed2acae8469e9576,7.147937422364185,10,10,19.0,0.0,dask/dask,1.0,True
7e4beffb339c69278091d4e305c2ae18ddf8c74f,7.263697017517175,281,210,157.0,5.0,dask/dask,0.7473309608540926,True
80a82008d5b02a08f6ff59d802defcc43247eb1a,4.965533278829822,21,15,13.0,0.0,dask/dask,0.7142857142857143,True
d6bbbb08c92652eae2820e93edc2f3fe502391d3,5.3593772973863665,10,10,6.0,5.0,dask/dask,1.0,True
a31c0fc72e1cc59b8b0254965824abb0718c5f56,5.498518360078079,201,185,108.0,108.0,dask/dask,0.9203980099502488,True
64e2a9b3b9992503221a074a547827501927d1fa,6.086058920830482,5,5,5.0,5.0,dask/dask,1.0,True
cccb9d8d8e33a891396b1275c2448c352ef40c27,4.540960022308414,110,32,76.0,38.0,dask/dask,0.2909090909090909,True
3dea31b5c248594a62f49a3e41fc88d7ceae2de3,2.184539096762745,205,142,312.0,169.0,zeux/meshoptimizer,0.6926829268292682,True
52e8e1f61712928a36b5257a894bb098a4a98b22,2.028085976119857,215,155,127.0,0.0,zeux/meshoptimizer,0.7209302325581395,True
bb4aa0e1372751b74425e77c9a42f972971568bf,7.946780680406621,1581,1124,,,zeux/meshoptimizer,0.7109424414927261,True
61b15442898eeb1db2d23b6b2eb72a705ceb368a,4.099069891246483,32,0,45.0,1.0,netblue30/firejail,0.0,False
f43382f1e9707b4fd5e63c7bfe881912aa4ee994,5.173321101731437,8,8,10.0,10.0,netblue30/firejail,1.0,True
796fa09636195d8751a7bbc1e1bc88bf8c3ac95a,4.057472589804041,67,0,56.0,54.0,netblue30/firejail,0.0,False
bfcacff665b750ae7b9fc984496df26fcd7cc53d,4.042078326615458,23,1,23.0,1.0,netblue30/firejail,0.043478260869565216,True
0cd20b7e81a7815f57055b38f0746ef14fed2cd0,4.042078358303547,2,0,2.0,0.0,netblue30/firejail,0.0,False
836ffe37ff891886f15243eacc70963368d57a3f,4.060241558293407,22,0,19.0,1.0,netblue30/firejail,0.0,False
2d885e5a091f847d7c2128506947b0f67dd2edab,4.044109342915811,2,0,4.0,0.0,netblue30/firejail,0.0,False
ba828befe06b99b7dc2d504085cb40aa2d710998,4.098948906127209,90,1,45.0,1.0,netblue30/firejail,0.011111111111111112,True
97874c3bf923798b0e3ab119d169aaa9b1314221,4.042078326615458,4,1,8.0,0.0,netblue30/firejail,0.25,True
0594c5d3d0f1ddc4049cf2ed38676a1cdc8d6843,4.057468185159835,1,0,1.0,0.0,netblue30/firejail,0.0,False
67348ac9c2cdf9d30efbf9fd13eaf0a4adc3be00,4.042078326615458,1,0,2.0,0.0,netblue30/firejail,0.0,False
c5a052ffa4e2ccaf240635db116a49986808a2b6,4.043592225010774,42,0,56.0,54.0,netblue30/firejail,0.0,False
877fc99d541af83a9486dfff43580e33dedd8b4c,4.098182688163866,1,0,1.0,0.0,netblue30/firejail,0.0,False
6e687c30110a52f267c1779c4eeab82bded9cb77,4.0598317679417955,23,0,19.0,1.0,netblue30/firejail,0.0,False
460fa7a6f98cc1e7aec2953e6523f32677d546c7,4.096500430957994,77,0,45.0,1.0,netblue30/firejail,0.0,False
2a79f3a2689711e6151187063bb55a6af3160b6f,4.042078326615458,22,0,23.0,1.0,netblue30/firejail,0.0,False
fe0f975f447d59977d90c3226cc8c623b31b20b3,5.210311969224529,8,0,6.0,0.0,netblue30/firejail,0.0,False
2f3c19a87dd49b220f69f27f8c14c627277355d6,4.043571881258397,8,0,4.0,0.0,netblue30/firejail,0.0,False
62c096710fab2f7e886518abdbded34b55e93f62,2.928873393413948,4,1,6.0,3.0,n8n-io/n8n,0.25,True
56c4c6991fb21ba4b7bdcd22c929f63cc1d1defe,5.088271161305042,62,15,122.0,83.0,n8n-io/n8n,0.24193548387096775,True
8008e6c83e1467dbe0ae3c81d19b29c17f4ff456,0.6285470377975512,2409,2287,2224.0,1224.0,huggingface/transformers,0.9493565794935658,True
352c4a9ad4d140d58850688bd1b2d5513f62c6cb,3.0852631695692954,656,107,595.0,503.0,apollographql/apollo-client,0.16310975609756098,True
ba3e7d9fa7d46e4c636148bbf01552833db0ceda,3.163403902704895,32,15,39.0,13.0,apollographql/apollo-client,0.46875,True
994ae91f16ea4c8ee28818bd7eaac47e4765c660,3.082588916774406,16,10,10.0,8.0,apollographql/apollo-client,0.625,True
1e88fafed1b763bc08dd631b9e118a0dd7e675f9,0.19653154866022765,14,14,28.0,28.0,openbao/openbao,1.0,True
18e2e3fd7d82d239ab24807fcc1033094ea09940,1.884229662585241,5,2,8.0,6.0,unit8co/darts,0.4,True
96125f839c115e49d44699ab7d911e8413d4d0b6,4.690002123101883,11,1,14.0,0.0,unit8co/darts,0.09090909090909091,True
d5cda436e48d4eb773b1b165726556fe6a8db490,0.6238617321976323,56,8,44.0,32.0,unit8co/darts,0.14285714285714285,True
38cc6712a6f701703074a7a7c82ce0252fe869ee,4.6266278170710065,48,19,56.0,22.0,unit8co/darts,0.3958333333333333,True
8158d3eaef9d9f6e04f219b029e306d1f1be46d5,4.616223635510939,3,3,2.0,0.0,unit8co/darts,1.0,True
3416fc7fb1986687d800ab06594c901f93879e44,4.71536675792836,259,171,312.0,235.0,unit8co/darts,0.6602316602316602,True
57da386795bc94a34275b333da586f171f96d7c8,2.0919855755824273,165,30,114.0,8.0,guidance-ai/guidance,0.18181818181818182,True
95b1bbe75b049c9d3bdc0346d09116b76f736472,0.900453076279565,43,40,56.0,48.0,guidance-ai/guidance,0.9302325581395349,True
18ac24dbeeb09cf2ff0b9dc9825e506b3dbfa89c,0.6708384034273835,6,3,10.0,9.0,guidance-ai/guidance,0.5,True
b2a60a31edcc22ed41778cbe3ef93a499d76277f,3.3150837199280048,33,26,57.0,55.0,shap/shap,0.7878787878787878,True
6be5b996cc7f048bf04875a8dc7775b2233dbeb4,3.315848385175045,32,29,57.0,55.0,shap/shap,0.90625,True
9438e81732d04f9e9c56d98074e6b35615e21a9a,3.3169408003143457,12,9,6.0,3.0,shap/shap,0.75,True
56394f1c208e384ad3302d596e90f6818943c840,2.5580436408345375,8,8,8.0,2.0,shap/shap,1.0,True
edb34644a218127437f9e6bb1588bc3246a2c222,3.2703232818718786,2258,2258,,,shap/shap,1.0,True
fc8a60f9b0854279014ff668db3d84a1d11bbc7e,2.250825538063731,416,366,222.0,15.0,shap/shap,0.8798076923076923,True
968eefa1bb048e2857a3b2617234b52c9a344767,1.7431424442923416,3,0,6.0,6.0,rabbitmq/rabbitmq-server,0.0,False
a4fffbd7e0a312fef2e514ade54fc4310a681542,1.1684187010419043,601,575,421.0,421.0,rabbitmq/rabbitmq-server,0.956738768718802,True
1de9fcf582def91d1cee6bea457dd24e8a53a431,3.674672376860091,156,0,83.0,1.0,rabbitmq/rabbitmq-server,0.0,False
209f23fa2f58e0240116b3e8e5be9cd54d34b569,3.673837205617664,29,16,24.0,24.0,rabbitmq/rabbitmq-server,0.5517241379310345,True
950d9a0751d79b92d78ea44344ce3e3c5b3948f9,4.4038028874185615,61,49,67.0,51.0,python-telegram-bot/python-telegram-bot,0.8032786885245902,True
264b2c9c72691c5937b80e84e061c52dd2d8861a,5.975444203614977,61,35,107.0,77.0,python-telegram-bot/python-telegram-bot,0.5737704918032787,True
41e4375e43443bb568729a3079d3bf9944cbc669,13.083127741019595,401,266,257.0,3.0,rapid7/metasploit-framework,0.6633416458852868,True
84aaf2334ae2de73f27999d4c003448c8e891d3a,13.07271148629807,506,2,785.0,539.0,rapid7/metasploit-framework,0.003952569169960474,True
9f3a5dc5d0424c2c1a067b140b1642319dee65c2,13.06988722209547,239,105,185.0,4.0,rapid7/metasploit-framework,0.4393305439330544,True
29cc349649f978304712dd0c31dc8861e9627209,4.4241464179785535,101,101,124.0,97.0,rapid7/metasploit-framework,1.0,True
7e5e0f7fc814fee55a1eca148c51f2344da65e59,13.08312840646944,601,588,785.0,539.0,rapid7/metasploit-framework,0.978369384359401,True
a7eb4d6e60c50375a835a5300b8e6beebcfb8422,0.7696086521154968,65,14,37.0,0.0,gristlabs/grist-core,0.2153846153846154,True
4faa64a1c0c194b32a804b2e562361ba197d8699,0.7700385644028697,7,6,11.0,11.0,gristlabs/grist-core,0.8571428571428571,True
a893706c5b9659157878318513f6d6cbe025e51d,0.770039008036099,46,0,32.0,2.0,gristlabs/grist-core,0.0,False
e75c8ce28d9470ba5e92ee25aec65869a7051668,0.7700388812837479,17,9,21.0,5.0,gristlabs/grist-core,0.5294117647058824,True
29541707086d4de9fbe8773f42e0f5f0f845ea54,0.7700383742743427,13,1,11.0,10.0,gristlabs/grist-core,0.07692307692307693,True
e44e6217bd223873aef2f1aa2df32dc9c17a3abf,0.770038691155221,13,6,20.0,9.0,gristlabs/grist-core,0.46153846153846156,True
9c9c45a6894e80748f0e337d4f164d40b503cae5,0.7700383425862549,4,4,2.0,2.0,gristlabs/grist-core,1.0,True
3a859ee5454d9c2b9600c9d9a3bd859d65d496bf,0.7696113139148731,562,1,401.0,321.0,gristlabs/grist-core,0.0017793594306049821,True
a3082e1f8b59b36154e721eb3d17c6504cf63bb8,0.7700383742743427,972,969,775.0,756.0,gristlabs/grist-core,0.9969135802469136,True
2f2cd7d60144486e67fc2fe0eaf20fcafcd50f21,0.7700390397241869,34,22,32.0,2.0,gristlabs/grist-core,0.6470588235294118,True
b7e9ebed9dddd931a9bf33ae57dccb6423a7b6ae,0.7700389763480112,18,14,21.0,5.0,gristlabs/grist-core,0.7777777777777778,True
659af605da92732b57b7862f78fe77f3fd161fd0,2.937308984206657,31,29,58.0,15.0,scikit-image/scikit-image,0.9354838709677419,True
025757f8d5a1ece2687781000560aad79047b6c3,4.001472101807488,3,2,3.0,0.0,scikit-image/scikit-image,0.6666666666666666,True
f4978b11499e499cc006c417b3bf0ccf245ca72c,3.9532467297893374,6,5,10.0,10.0,scikit-image/scikit-image,0.8333333333333334,True
2027bac572540fc82f24306ea4f91798c795e50b,2.3618425038659465,3,2,2.0,0.0,supercollider/supercollider,0.6666666666666666,True
004109ed1d299a1baf14c1e8d0faca12ed14fd42,2.0824737939513778,3,3,3.0,3.0,supercollider/supercollider,1.0,True
f806ace7bd8565dd174e7d47a1b32aaa4175a46e,7.328883977235278,78,78,70.0,69.0,supercollider/supercollider,1.0,True
85edcea9246b96e792590079c8949c7cdc6b80b4,2.2901664258371994,3,0,2.0,0.0,playframework/playframework,0.0,False
8ac2d8568ca8625251febdf88b603b4e64f56b49,1.2400901209217432,10,10,9.0,9.0,playframework/playframework,1.0,True
7b5c1ba370cb8e4779247de639905323271d839e,3.7987943633229397,6,6,5.0,5.0,playframework/playframework,1.0,True
22fac071cbc433042ec0e0738ad908d34d1bb6c0,3.0507670418536263,7,2,11.0,0.0,playframework/playframework,0.2857142857142857,True
9a9dbfd6e2254af83a30adfe377c44c71e544b76,0.8017774165335767,38,38,28.0,26.0,playframework/playframework,1.0,True
f6350816a5726f1bf98da7ef5d870fcf8f3afdad,2.4110503333586837,3,3,2.0,0.0,playframework/playframework,1.0,True
20e0e98f709e90116a29b671d675b03c39db832d,3.67927925444267,21,19,19.0,19.0,playframework/playframework,0.9047619047619048,True
87bcdac6fd18ec4a0de058fd3da1458334e1d209,3.6789740030927573,9,9,7.0,2.0,playframework/playframework,1.0,True
a91cd82abcc56b50a79d0069c5fe1be7962f9885,1.704808984206657,28,16,49.0,49.0,playframework/playframework,0.5714285714285714,True
7b6f6e6ebf7ca2cb4de903e9590872ec9b16aeb8,3.9468716252186478,9,6,12.0,10.0,playframework/playframework,0.6666666666666666,True
ea97026a71db35ac4dcb0d312fa6370fbbe035d9,3.6678948652622507,13,8,7.0,6.0,playframework/playframework,0.6153846153846154,True
b8a4e49711895a2b1e088696d91713e6231abfca,3.527781358531701,5,3,4.0,4.0,playframework/playframework,0.6,True
4f94acc38e29f9da95a01490f47800fd6004f50c,3.429338511166882,8,4,6.0,5.0,playframework/playframework,0.5,True
a27215c42e66be9b62f9b0eeaf248e3c50dc6ada,1.5875176819530001,3,3,2.0,0.0,playframework/playframework,1.0,True
cd2507a778ccaaa595117a632cb3c068b5984b83,3.2535500164778055,4,4,2.0,0.0,playframework/playframework,1.0,True
27d45299c9af048a10d948bf63a9506f1f61384a,3.6368989403503433,12,11,11.0,11.0,playframework/playframework,0.9166666666666666,True
0ff248c489e79821f97e853ef6c99732db30b3d6,0.4718447220320937,16,16,16.0,16.0,playframework/playframework,1.0,True
e7923768a51fd30e549572c57506f2387b5337d4,3.681713311531929,19,19,19.0,19.0,playframework/playframework,1.0,True
9c240f23551bdadd30d2e7e418530c92e5f7006c,0.19841721170177706,3,3,2.0,0.0,playframework/playframework,1.0,True
33eee4309ab453f6fd90c929378c7b87444cadc3,3.8957949907470786,7,3,13.0,12.0,playframework/playframework,0.42857142857142855,True
6e6e94d39566c7ad75f13eba7207b5e93fc0ffa9,3.682151019088904,31,18,19.0,19.0,playframework/playframework,0.5806451612903226,True
41aa6e9a797a223927088afb37d74994b85bf294,0.48089737495880547,4,4,2.0,0.0,playframework/playframework,1.0,True
ec06efad503547d81c3e36e3ebf8cba44c6ce306,2.870128083250944,4,4,2.0,0.0,playframework/playframework,1.0,True
bed8f2fdfccdbec318c11ee7c9503fec96ccf517,1.00172402210561,10,10,13.0,12.0,playframework/playframework,1.0,True
ecf7d701a0431c5b587fb698733e2ad6f8d90846,0.1543788501026694,4,3,2.0,2.0,godotengine/godot-docs,0.75,True
a5d229903d2f12d45f2c2c38822f1d0e7504ae7f,3.560321000329556,6,6,12.0,8.0,github/codeql,1.0,True
ef97e539ec1971494d4bba5cafe82e00bc8217ac,3.56032413745025,12,12,19.0,0.0,github/codeql,1.0,True
730eae952139209fe9fdf598541d608f4c0c0c84,3.56032413745025,8,7,12.0,8.0,github/codeql,0.875,True
8d97fe9ed327a9546ff2eaf515cf0f5214deddd9,3.560321000329556,10,6,19.0,0.0,github/codeql,0.6,True
711d7057f79fb7d72fc3b35e010bd018f9009169,3.560321000329556,6,3,12.0,8.0,github/codeql,0.5,True
08c658e66bf867090033ea096e244a93d46c0aa7,3.560321000329556,10,0,19.0,0.0,github/codeql,0.0,False
5ad7ed49dd3de03ec6dcfcb6848758a6a987e11c,3.56032413745025,20,0,19.0,0.0,github/codeql,0.0,False
159d8e978c51959b380838c080d891b66e763b19,3.5602767954470553,2,2,1.0,1.0,github/codeql,1.0,True
21d5fa836b3a7d020ba45e8b8168b145a9772131,3.5603210953938196,50,50,45.0,2.0,github/codeql,1.0,True
3640b6d3a8ce9edf8e1d3ed106fe8526cf255bc0,3.560321000329556,5,5,3.0,0.0,github/codeql,1.0,True
73668b5973eb616062cfc0a6f100eedde3e4c430,3.128193842370776,4,0,3.0,0.0,prettier/prettier,0.0,False
b9c3cd4c7016dfb1bb3539c5b3db15fdd54b9f6f,3.7310243808147643,2,0,1.0,0.0,prettier/prettier,0.0,False
a34b4a711ed9928f8809bed3f4c8572dc3a40efb,5.32180302050853,4,0,3.0,0.0,prettier/prettier,0.0,False
eebf0e4b5ec8ac24393c56ced4b4819d4c551f31,2.883243307475854,13,11,18.0,1.0,prettier/prettier,0.8461538461538461,True
4985be553e911fef7d83f3341eb143c443473c58,2.705223908028494,5,3,3.0,0.0,prettier/prettier,0.6,True
cac3858a34b8be0487befab7d55170f5ed14d452,1.6392723147514385,2,0,3.0,0.0,prettier/prettier,0.0,False
29f88611542ed7a8da5df4aa21c59d4610553147,3.090235347428195,5,3,10.0,6.0,prettier/prettier,0.6,True
b6225788966a4a6b49e652044337436642dcd627,6.399794344310087,2,1,1.0,0.0,prettier/prettier,0.5,True
fa484156174a6553b4155a0a7455f69e404b61a7,3.2407816500621087,5,3,7.0,5.0,prettier/prettier,0.6,True
cdb149417068f3de364fd8db5e9baaf9d2ff4f8c,4.163738750728826,60,18,56.0,43.0,prettier/prettier,0.3,True
ece93681f1010796e7d8eb4394196ccaef0cbc9c,5.4338916774406165,3,0,2.0,1.0,prettier/prettier,0.0,False
bb817b1bd04c04e0a8d89cb52c256a38e17fd0f5,0.2622549560169341,20,19,32.0,32.0,prettier/prettier,0.95,True
2a68c62ea937b5b4904b66ab157efa7f35ea632e,0.05433153978756306,29,29,27.0,27.0,prettier/prettier,1.0,True
1178b4dff2cd78c76e8028b6deb5882348c970d9,2.808680761528126,2,0,3.0,2.0,prettier/prettier,0.0,False
060ef1b2ae29348eec056619af5752f20369b010,2.2168677275838466,5,3,4.0,3.0,prettier/prettier,0.6,True
ee0d667fa2bf175c194f2f93c98c25a575454476,2.7174579182193828,4,2,2.0,0.0,prettier/prettier,0.5,True
f7c44237331348c001c2907e844cd0d1530b23ff,4.544959312495247,11,0,9.0,0.0,prettier/prettier,0.0,False
59ec4f2ef4aef37c10a265aa7fc568c596fb4427,4.298308204679697,30,26,15.0,0.0,prettier/prettier,0.8666666666666667,True
8dae4abf41e1ccec3515e8acea159505bbd55f33,4.207775306106928,32,0,58.0,46.0,prettier/prettier,0.0,False
16449ce9140cac682eab3fb11e15beed14960da6,2.4041874540522725,18,16,23.0,6.0,prettier/prettier,0.8888888888888888,True
64b6e83884c2fa513ec6199b1812e03315ebbb4e,3.1621405303318375,2,0,1.0,1.0,prettier/prettier,0.0,False
3a098e32d46cf36a13aa5ef3a58e6dbcec8345c3,0.8429142900600806,10,4,20.0,0.0,prettier/prettier,0.4,True
cef4bcafc7867050582d3107632bde7e722575d1,6.101981646259538,2,0,1.0,0.0,prettier/prettier,0.0,False
3d8dc612b54cef741a1c31da1011a2d48748a1dd,5.39452394985677,4,0,2.0,0.0,prettier/prettier,0.0,False
9dad95b35f935edce4c3d6cfa45c79a0b9c82b9f,6.528104228458438,5,1,4.0,1.0,prettier/prettier,0.2,True
88470cb79ca3b757dd6b93906d9a992aa1a456c3,0.03645768372753314,5,3,3.0,0.0,prettier/prettier,0.6,True
