repo,path_hash,flip,fixes,lines,ignore_at_past,hit_RAW,own_RAW,minor_RAW,hit_W,own_W,minor_W,hit_WMC,own_WMC,minor_WMC,hit_DECLARED,own_DECLARED,minor_DECLARED,hit_LAST,hit_PRIOR,has_prior,hit_REPOTOP,raw_owner_bot,decl_owner_bot,alias,hit_RAW_nobot,hit_DECLARED_nobot
SixLabors/ImageSharp,6203c7fd48fa16a2,True,1,286,True,1.0,0.916083916083916,3,0.0,0.7867132867132867,4,0.0,0.7937062937062938,4,0.0,0.7441860465116279,4,0.0,0.0,True,1.0,False,False,False,1.0,0.0
SixLabors/ImageSharp,ac825fb42e881451,True,0,65,True,0.0,0.6615384615384615,2,0.0,0.7230769230769231,1,0.0,0.6923076923076923,2,0.0,0.7288135593220338,2,1.0,1.0,True,0.0,False,False,False,0.0,0.0
SixLabors/ImageSharp,071d62fc8fd47bfc,False,0,278,True,1.0,0.9244604316546763,6,1.0,0.6546762589928058,9,1.0,0.6618705035971223,9,1.0,0.6708860759493671,7,0.0,0.0,True,1.0,False,False,False,1.0,1.0
SixLabors/ImageSharp,67f7207e00b45135,False,1,291,True,1.0,0.9518900343642611,1,1.0,0.8419243986254296,1,1.0,0.7422680412371134,1,1.0,0.7797202797202797,1,1.0,0.0,False,1.0,False,False,False,1.0,1.0
SixLabors/ImageSharp,83f87798971ecdc9,True,0,1012,True,1.0,0.7124505928853755,2,0.0,0.8982213438735178,5,0.0,0.8982213438735178,5,0.0,0.8497109826589595,3,1.0,1.0,True,1.0,False,False,False,1.0,0.0
SixLabors/ImageSharp,3b9d12f638278b4f,True,1,388,True,1.0,0.7319587628865979,4,0.0,0.5644329896907216,3,0.0,0.5360824742268041,4,0.0,0.5072046109510087,3,0.0,1.0,True,1.0,False,False,False,1.0,0.0
SixLabors/ImageSharp,e1b1bfdf4b4a8a0a,False,0,4704,True,1.0,0.9997874149659864,1,1.0,0.7763605442176871,2,1.0,0.7068452380952381,2,1.0,0.972419028340081,2,1.0,0.0,False,1.0,False,False,False,1.0,1.0
SixLabors/ImageSharp,6d57bc5695e6e6c0,True,0,461,True,1.0,0.7093275488069414,2,0.0,0.8763557483731019,3,0.0,0.8655097613882863,4,0.0,0.8675,3,0.0,0.0,True,1.0,False,False,False,1.0,0.0
micropython/micropython,07409979bbb83b3d,False,0,58,True,0.0,0.7241379310344828,0,0.0,0.7758620689655172,0,0.0,0.7758620689655172,0,0.0,0.7758620689655172,0,1.0,0.0,False,1.0,False,False,False,0.0,0.0
micropython/micropython,925517faafd689f8,False,1,149,True,1.0,0.7718120805369127,0,1.0,0.7718120805369127,0,1.0,0.7718120805369127,0,1.0,0.9463087248322147,0,1.0,0.0,False,1.0,False,False,False,1.0,1.0
micropython/micropython,a507875bfa7e47e4,False,0,246,True,0.0,0.8455284552845529,4,0.0,0.8211382113821138,3,0.0,0.7439024390243902,3,0.0,0.8252032520325203,3,0.0,0.0,False,1.0,False,False,False,0.0,0.0
micropython/micropython,30cef9b231b7db5b,False,1,714,True,0.0,0.2647058823529412,21,0.0,0.2647058823529412,20,0.0,0.2773109243697479,21,0.0,0.2650771388499299,20,0.0,1.0,True,1.0,False,False,False,0.0,0.0
gitkraken/vscode-gitlens,8fa4b52909f895e8,False,0,209,True,1.0,0.8516746411483254,3,1.0,0.8516746411483254,3,1.0,0.8086124401913876,3,1.0,0.8516746411483254,3,0.0,0.0,True,1.0,False,False,False,1.0,1.0
gitkraken/vscode-gitlens,9e6d4b9d37100040,False,8,181,True,0.0,0.8453038674033149,0,0.0,0.8232044198895028,0,0.0,0.8121546961325967,0,0.0,0.8453038674033149,0,0.0,0.0,True,0.0,False,False,False,0.0,0.0
gitkraken/vscode-gitlens,bf3527fca9da3cb2,False,3,279,True,1.0,1.0,0,1.0,1.0,0,1.0,1.0,0,1.0,1.0,0,1.0,1.0,True,1.0,False,False,False,1.0,1.0
gitkraken/vscode-gitlens,f61e0d5a5cb9539a,False,0,857,True,1.0,0.9976662777129521,1,1.0,0.9976662777129521,1,1.0,0.9463243873978997,1,1.0,0.997610513739546,1,1.0,1.0,True,1.0,False,False,False,1.0,1.0
gitkraken/vscode-gitlens,f8a7f31d1442410e,False,0,153,True,1.0,0.9673202614379085,2,1.0,0.9673202614379085,2,1.0,0.9673202614379085,2,1.0,0.9671052631578947,2,0.0,0.0,True,1.0,False,False,False,1.0,1.0
gitkraken/vscode-gitlens,e50dcf7c3601c13c,False,0,235,True,1.0,1.0,0,1.0,1.0,0,1.0,1.0,0,1.0,1.0,0,1.0,1.0,True,1.0,False,False,False,1.0,1.0
gitkraken/vscode-gitlens,88e10994a69fe35a,False,0,413,True,0.0,1.0,0,0.0,1.0,0,0.0,1.0,0,0.0,1.0,0,0.0,0.0,False,0.0,False,False,False,0.0,0.0
gitkraken/vscode-gitlens,2902282e1a452ce9,False,0,225,True,1.0,1.0,0,1.0,1.0,0,1.0,1.0,0,1.0,1.0,0,1.0,1.0,True,1.0,False,False,False,1.0,1.0
gitkraken/vscode-gitlens,a54595d3c1c31b6c,False,0,88,True,0.0,1.0,0,0.0,1.0,0,0.0,1.0,0,0.0,1.0,0,0.0,0.5,True,0.0,False,False,False,0.0,0.0
gitkraken/vscode-gitlens,18e509d2c51fbbbb,False,2,406,True,1.0,0.9778325123152709,2,1.0,0.9778325123152709,2,1.0,0.958128078817734,4,1.0,0.9778325123152709,2,1.0,1.0,True,1.0,False,False,False,1.0,1.0
gitkraken/vscode-gitlens,fcd78c1f016381ca,False,0,188,True,1.0,0.9308510638297872,2,1.0,0.9308510638297872,2,1.0,0.9308510638297872,2,1.0,0.9281767955801105,2,1.0,1.0,True,1.0,False,False,False,1.0,1.0
gitkraken/vscode-gitlens,ae89311b0038a2b2,False,0,214,True,0.0,0.48598130841121495,2,0.0,0.48598130841121495,2,0.0,0.48598130841121495,3,0.0,0.48598130841121495,2,1.0,1.0,True,1.0,False,False,False,0.0,0.0
gitkraken/vscode-gitlens,4298a5c7ea1aef82,False,1,262,True,1.0,0.9465648854961832,2,1.0,0.9465648854961832,2,1.0,0.9427480916030534,2,1.0,0.9465648854961832,2,1.0,1.0,True,1.0,False,False,False,1.0,1.0
gitkraken/vscode-gitlens,43b15f79a2abbfd6,False,0,226,True,1.0,0.995575221238938,1,1.0,0.995575221238938,1,1.0,0.995575221238938,1,1.0,0.995575221238938,1,1.0,1.0,True,1.0,False,False,False,1.0,1.0
gitkraken/vscode-gitlens,a5de3e5871ffcc38,False,1,53,True,0.0,0.9433962264150944,0,0.0,0.9433962264150944,0,0.0,0.9433962264150944,0,0.0,0.9433962264150944,0,0.0,0.0,True,0.0,False,False,False,0.0,0.0
gitkraken/vscode-gitlens,22b0e6b0bb20b6be,False,1,87,True,1.0,1.0,0,1.0,1.0,0,1.0,1.0,0,1.0,1.0,0,1.0,1.0,True,1.0,False,False,False,1.0,1.0
gitkraken/vscode-gitlens,00dabb8f49a96425,False,1,182,True,1.0,0.967032967032967,1,1.0,0.8626373626373627,0,1.0,0.7857142857142857,0,1.0,0.86875,0,1.0,1.0,True,1.0,False,False,False,1.0,1.0
gitkraken/vscode-gitlens,2b3d4a9f67ba406d,False,4,858,True,1.0,0.9755244755244755,2,1.0,0.9755244755244755,2,1.0,0.972027972027972,3,1.0,0.9755244755244755,2,1.0,1.0,True,1.0,False,False,False,1.0,1.0
gitkraken/vscode-gitlens,cb39ea504c7d390f,False,1,208,True,1.0,0.9375,0,1.0,0.9375,0,1.0,0.9375,0,1.0,0.9375,0,1.0,1.0,True,1.0,False,False,False,1.0,1.0
gitkraken/vscode-gitlens,18f0b7cf6e4dfe25,False,1,188,True,0.0,0.9840425531914894,1,0.0,0.9787234042553191,1,0.0,0.9787234042553191,1,0.0,0.9840425531914894,1,0.0,0.0,True,0.0,False,False,False,0.0,0.0
gitkraken/vscode-gitlens,9d416ee97de03ad6,False,0,444,True,0.0,0.9819819819819819,1,0.0,0.9977477477477478,1,0.0,0.9977477477477478,1,0.0,0.9977477477477478,1,1.0,0.0,True,1.0,False,False,False,0.0,0.0
gitkraken/vscode-gitlens,6339d6c4bc1338a5,False,0,74,True,1.0,1.0,0,1.0,1.0,0,1.0,1.0,0,1.0,1.0,0,1.0,1.0,True,1.0,False,False,False,1.0,1.0
gitkraken/vscode-gitlens,c1ad20e560739933,False,0,379,True,1.0,0.8970976253298153,3,1.0,0.8944591029023746,3,1.0,0.8759894459102903,2,1.0,0.8951612903225806,3,1.0,1.0,True,1.0,False,False,False,1.0,1.0
gitkraken/vscode-gitlens,c45f294e00d65c2d,False,0,77,True,1.0,1.0,0,1.0,1.0,0,1.0,1.0,0,1.0,1.0,0,1.0,1.0,True,1.0,False,False,False,1.0,1.0
gitkraken/vscode-gitlens,8c53c3299714dbd3,False,0,63,True,1.0,1.0,0,1.0,1.0,0,1.0,1.0,0,1.0,1.0,0,1.0,0.0,False,1.0,False,False,False,1.0,1.0
hashicorp/nomad,f0ca16b8bda00053,False,0,37,True,0.0,0.7567567567567568,0,0.0,0.7567567567567568,0,0.0,0.7567567567567568,0,0.0,0.8484848484848485,1,1.0,0.0,False,0.0,False,False,False,0.0,0.0
hashicorp/nomad,68fc5e3f2c80b605,False,0,24,True,0.0,0.875,0,0.0,0.875,0,0.0,0.875,0,0.0,0.9545454545454546,1,0.0,0.0,False,1.0,False,False,False,0.0,0.0
hashicorp/nomad,116dba467a4618e9,False,0,132,True,0.0,0.9772727272727273,1,0.0,0.9772727272727273,1,0.0,0.9772727272727273,1,0.0,0.9923664122137404,1,0.0,0.0,False,0.0,False,False,False,0.0,0.0
hashicorp/nomad,486d3dc80d0742ca,False,1,39,True,0.0,0.38461538461538464,1,0.0,0.3333333333333333,1,0.0,0.3333333333333333,1,0.0,0.43243243243243246,1,0.0,0.0,False,1.0,False,False,False,0.0,0.0
hashicorp/nomad,e2a57a25d8412252,False,0,44,True,0.0,0.4772727272727273,1,0.0,0.4772727272727273,1,0.0,0.4772727272727273,1,0.0,0.525,2,0.0,0.0,False,0.0,False,False,False,0.0,0.0
hashicorp/nomad,eecaf7a48e6ffab2,False,0,223,True,0.0,0.8699551569506726,1,0.0,0.8878923766816144,1,0.0,0.8878923766816144,1,0.0,0.8818181818181818,1,1.0,0.0,False,0.0,False,False,False,0.0,0.0
hashicorp/nomad,3952aa551ee025b3,False,0,83,True,0.0,0.6867469879518072,6,0.0,0.6867469879518072,6,0.0,0.7228915662650602,6,0.0,0.6951219512195121,6,0.0,0.0,True,1.0,False,False,False,0.0,0.0
hashicorp/nomad,0a52be307f9398b2,False,0,49,True,0.0,0.6938775510204082,1,0.0,0.6938775510204082,1,0.0,0.6938775510204082,1,0.0,0.7291666666666666,2,0.0,0.0,False,1.0,False,False,False,0.0,0.0
hashicorp/nomad,c14f4996cee24191,False,0,23,True,0.0,0.8695652173913043,0,0.0,0.8695652173913043,0,0.0,0.8695652173913043,0,0.0,0.9523809523809523,1,0.0,0.0,False,1.0,False,False,False,0.0,0.0
hashicorp/nomad,d5833d5d01b920eb,False,0,102,True,0.0,0.7843137254901961,3,0.0,0.9215686274509803,4,0.0,0.9215686274509803,4,0.0,0.801980198019802,3,0.0,0.0,True,1.0,False,False,False,0.0,0.0
hashicorp/nomad,a213a911b1884870,False,0,166,True,0.0,0.9036144578313253,3,0.0,0.9036144578313253,3,0.0,0.9096385542168675,3,0.0,0.9151515151515152,3,1.0,0.0,False,1.0,False,False,False,0.0,0.0
hashicorp/nomad,9376d077b64be461,False,1,372,True,0.0,0.46236559139784944,3,0.0,0.46236559139784944,3,0.0,0.6102150537634409,3,0.0,0.46900269541778977,2,1.0,0.0,False,1.0,False,False,False,0.0,0.0
hashicorp/nomad,7a72c08ced4ba876,False,0,121,True,0.0,0.859504132231405,2,0.0,0.859504132231405,2,0.0,0.859504132231405,2,0.0,0.875,2,0.0,0.0,False,1.0,False,False,False,0.0,0.0
hashicorp/nomad,2095adf43bc342de,False,0,72,True,0.0,0.6944444444444444,1,0.0,0.6944444444444444,1,0.0,0.7083333333333334,1,0.0,0.7352941176470589,2,0.0,0.0,False,1.0,False,False,False,0.0,0.0
hashicorp/nomad,776cc3541f624372,False,0,159,True,0.0,0.8427672955974843,1,0.0,0.8427672955974843,1,0.0,0.8427672955974843,1,0.0,0.8544303797468354,1,1.0,1.0,True,0.0,False,False,False,0.0,0.0
hashicorp/nomad,0b67b8a5bd7fd34d,False,0,147,True,1.0,0.7959183673469388,3,1.0,0.7959183673469388,3,1.0,0.782312925170068,3,1.0,0.8082191780821918,3,0.0,0.0,False,1.0,False,False,False,1.0,1.0
hashicorp/nomad,1f30b17b8664bba3,False,0,1195,True,0.0,0.5196652719665272,11,0.0,0.5364016736401673,11,0.0,0.5933054393305439,10,0.0,0.5201005025125628,11,0.0,0.3333333333333333,True,0.0,False,False,False,0.0,0.0
hashicorp/nomad,3832c9884922512f,False,0,111,True,0.0,0.7657657657657657,3,0.0,0.7657657657657657,3,0.0,0.7477477477477478,5,0.0,0.7818181818181819,3,0.0,0.0,True,0.0,False,False,False,0.0,0.0
hashicorp/nomad,2fe971a33a735879,False,0,180,True,0.0,0.5388888888888889,1,0.0,0.5388888888888889,1,0.0,0.5944444444444444,1,0.0,0.5449438202247191,1,0.0,0.0,True,0.0,False,False,False,0.0,0.0
hashicorp/nomad,aff3b8c2a7b92f0b,False,0,42,True,1.0,0.6190476190476191,0,1.0,0.6190476190476191,0,1.0,0.4523809523809524,0,1.0,0.6585365853658537,1,0.0,0.0,True,1.0,False,False,False,1.0,1.0
hashicorp/nomad,76a19528d7bec2e6,False,1,44,True,0.0,0.6136363636363636,0,0.0,0.6136363636363636,0,0.0,0.6136363636363636,0,0.0,0.6666666666666666,0,0.0,0.0,False,0.0,False,False,False,0.0,0.0
hashicorp/nomad,fa2fa76a0aa77f79,False,0,364,True,0.0,0.8791208791208791,4,0.0,0.8791208791208791,4,0.0,0.8928571428571429,4,0.0,0.8842975206611571,4,0.0,0.0,False,1.0,False,False,False,0.0,0.0
hashicorp/nomad,bd0a33b63ff4c44c,False,0,234,True,0.0,0.3247863247863248,7,0.0,0.3333333333333333,6,0.0,0.34615384615384615,6,0.0,0.3261802575107296,7,0.0,0.0,True,1.0,False,False,False,0.0,0.0
hashicorp/nomad,f1652b80c46c4597,False,0,24,True,0.0,0.5833333333333334,0,0.0,0.5833333333333334,0,0.0,0.5833333333333334,0,0.0,0.6086956521739131,1,0.0,0.0,True,1.0,False,False,False,0.0,0.0
hashicorp/nomad,fffce2e0cdcd9e0b,False,1,78,True,0.0,0.7051282051282052,0,0.0,0.7948717948717948,0,0.0,0.7948717948717948,0,0.0,0.7432432432432432,1,0.0,0.0,False,1.0,False,False,False,0.0,0.0
blender/blender,cab658c69dddf8a9,False,0,60,True,0.0,0.7166666666666667,4,0.0,0.7166666666666667,4,0.0,0.6833333333333333,5,0.0,0.7333333333333333,3,0.0,1.0,True,0.0,False,False,False,0.0,0.0
blender/blender,58d69d6590fdbb8c,False,0,25,True,0.0,0.52,2,0.0,0.56,2,0.0,0.56,2,0.0,0.56,1,1.0,1.0,True,0.0,False,False,False,0.0,0.0
blender/blender,d6ae2bde79381152,False,0,84,True,1.0,0.5357142857142857,2,1.0,0.5357142857142857,3,1.0,0.5357142857142857,3,1.0,0.5357142857142857,3,1.0,0.5,True,1.0,False,False,False,1.0,1.0
blender/blender,72cd53291d4226dd,False,0,34,True,0.0,0.47058823529411764,2,0.0,0.47058823529411764,2,0.0,0.47058823529411764,2,0.0,0.47058823529411764,1,1.0,1.0,True,0.0,False,False,False,0.0,0.0
blender/blender,36ed369f4eb66532,False,2,1315,True,0.0,0.8342205323193916,12,0.0,0.8357414448669201,12,0.0,0.8433460076045627,12,0.0,0.834980988593156,12,0.0,0.0,True,0.0,False,False,False,0.0,0.0
blender/blender,c9869344c1d4c181,False,2,584,True,0.0,0.863013698630137,5,0.0,0.8955479452054794,5,0.0,0.8938356164383562,6,0.0,0.8664383561643836,5,1.0,0.0,True,0.0,False,False,False,0.0,0.0
blender/blender,19d6d9d5a52388ba,False,0,84,True,1.0,0.5357142857142857,2,1.0,0.5357142857142857,3,1.0,0.5357142857142857,3,1.0,0.5357142857142857,3,1.0,0.5,True,1.0,False,False,False,1.0,1.0
blender/blender,ba9926028b61e240,False,0,28,True,0.0,0.5,3,0.0,0.5357142857142857,3,0.0,0.5714285714285714,3,0.0,0.5357142857142857,2,1.0,1.0,True,0.0,False,False,False,0.0,0.0
blender/blender,f6df264f76f05d49,False,0,261,True,0.0,0.47509578544061304,7,0.0,0.4367816091954023,9,0.0,0.41762452107279696,9,0.0,0.4881889763779528,8,0.0,0.0,True,0.0,False,False,False,0.0,0.0
blender/blender,0f8be2ffb60d50fb,False,0,156,True,1.0,0.6538461538461539,2,1.0,0.7628205128205128,3,1.0,0.7628205128205128,3,1.0,0.7692307692307693,3,1.0,1.0,True,0.0,False,False,False,1.0,1.0
blender/blender,711370ca85a5a6d8,True,0,81,True,0.0,0.2716049382716049,3,0.0,0.30864197530864196,4,0.0,0.30864197530864196,4,0.0,0.2962962962962963,4,0.0,0.0,True,0.0,False,False,False,0.0,0.0
blender/blender,18e92ccd36116ef7,False,0,127,True,0.0,0.6929133858267716,4,0.0,0.6929133858267716,4,0.0,0.6850393700787402,5,0.0,0.696,3,0.0,0.5,True,0.0,False,False,False,0.0,0.0
blender/blender,dd4e4eba2b10c811,False,0,113,True,0.0,0.9380530973451328,5,0.0,0.9380530973451328,5,0.0,0.9380530973451328,5,0.0,0.9469026548672567,4,0.0,0.0,True,0.0,False,False,False,0.0,0.0
blender/blender,4e162c5874ef0aed,False,0,14,True,1.0,0.42857142857142855,0,1.0,0.42857142857142855,0,1.0,0.42857142857142855,0,1.0,0.42857142857142855,0,1.0,1.0,True,0.0,False,False,False,1.0,1.0
blender/blender,c87f98dcf1bf41a1,True,0,295,True,0.0,0.5627118644067797,6,0.0,0.46440677966101696,6,0.0,0.47796610169491527,6,0.0,0.5501730103806228,7,0.0,0.5,True,0.0,False,False,False,0.0,0.0
blender/blender,186d17a6d1895270,False,0,27,True,1.0,0.5925925925925926,0,1.0,0.5925925925925926,0,1.0,0.5925925925925926,0,1.0,0.5925925925925926,0,0.0,0.0,False,1.0,False,False,False,1.0,1.0
blender/blender,29a2a14daebc1cc4,True,2,767,True,0.0,0.45241199478487615,12,0.0,0.38461538461538464,11,0.0,0.3859191655801825,12,0.0,0.37753721244925575,14,0.0,1.0,True,0.0,False,False,False,0.0,0.0
blender/blender,d562d74d7a163ea3,True,0,132,True,0.0,0.5984848484848485,7,0.0,0.4090909090909091,7,0.0,0.4090909090909091,7,0.0,0.4251968503937008,6,0.0,0.0,True,0.0,False,False,False,0.0,0.0
robotframework/robotframework,dc79a806ba2eae08,False,2,105,True,1.0,0.9619047619047619,2,1.0,0.9619047619047619,2,1.0,0.9714285714285714,2,1.0,0.9607843137254902,2,1.0,0.0,False,1.0,False,False,False,1.0,1.0
robotframework/robotframework,bebd9a561e1486eb,False,1,16,True,1.0,1.0,0,1.0,1.0,0,1.0,1.0,0,1.0,1.0,0,1.0,0.0,False,1.0,False,False,False,1.0,1.0
robotframework/robotframework,9c86da3a2299e8db,False,1,222,True,1.0,0.9954954954954955,1,1.0,0.9954954954954955,1,1.0,0.9954954954954955,1,1.0,0.9954337899543378,1,1.0,1.0,True,1.0,False,False,False,1.0,1.0
robotframework/robotframework,c893ebaeb8c3f8f4,False,2,1315,True,1.0,0.864638783269962,8,1.0,0.8638783269961977,8,1.0,0.8593155893536122,9,1.0,0.8249419054996127,8,1.0,1.0,True,1.0,False,False,False,1.0,1.0
robotframework/robotframework,ad6a268c395f2c03,False,1,292,True,1.0,0.9554794520547946,1,1.0,0.9863013698630136,1,1.0,0.9863013698630136,1,1.0,0.9323843416370107,0,1.0,0.0,False,1.0,False,False,False,1.0,1.0
falcosecurity/falco,11000c7d1795f9d1,True,1,56,True,0.0,0.6607142857142857,1,0.0,0.44642857142857145,1,0.0,0.44642857142857145,1,0.0,0.6862745098039216,1,0.0,0.0,True,0.0,True,False,False,0.0,0.0
falcosecurity/falco,a9f7eb3f95fba989,True,1,184,True,0.0,0.5815217391304348,5,0.0,0.47282608695652173,4,0.0,0.47282608695652173,4,0.0,0.5,3,0.0,0.0,False,0.0,True,False,False,0.0,0.0
falcosecurity/falco,7811952e6cb127e1,False,0,122,True,0.0,0.860655737704918,6,0.0,0.8688524590163934,6,0.0,0.8688524590163934,6,0.0,0.8770491803278688,5,0.0,0.0,False,0.0,False,False,False,0.0,0.0
falcosecurity/falco,eccc7cec03ad22c2,False,0,316,True,0.0,0.3291139240506329,4,0.0,0.3575949367088608,4,0.0,0.4651898734177215,8,0.0,0.44936708860759494,5,0.0,0.0,False,0.0,False,False,False,0.0,0.0
falcosecurity/falco,1fa114fd37754ac3,True,1,84,True,0.0,0.5952380952380952,3,0.0,0.5238095238095238,4,0.0,0.5238095238095238,4,0.0,0.5476190476190477,3,0.0,0.0,False,0.0,True,False,False,0.0,0.0
falcosecurity/falco,536513c0ee62773b,False,3,197,True,0.0,0.4517766497461929,4,0.0,0.41624365482233505,5,0.0,0.4010152284263959,5,0.0,0.558974358974359,4,0.0,0.0,True,0.0,False,False,False,0.0,0.0
falcosecurity/falco,86f9dcd3a3f2eda4,False,0,76,True,0.0,0.9342105263157895,3,0.0,0.9342105263157895,3,0.0,0.9342105263157895,3,0.0,0.9605263157894737,2,0.0,0.0,False,0.0,False,False,False,0.0,0.0
falcosecurity/falco,718c723a4d06addb,False,1,65,True,0.0,0.7384615384615385,5,0.0,0.7846153846153846,4,0.0,0.5384615384615384,5,0.0,0.7846153846153846,4,0.0,0.0,False,0.0,False,False,False,0.0,0.0
falcosecurity/falco,c277de32eef40f54,False,0,70,True,0.0,0.6571428571428571,2,0.0,0.6714285714285714,2,0.0,0.4714285714285714,2,0.0,0.8714285714285714,2,0.0,0.0,False,0.0,False,False,False,0.0,0.0
falcosecurity/falco,f85ec4e7b7be943e,True,3,566,True,0.0,0.36395759717314485,5,0.0,0.42226148409893993,5,0.0,0.4169611307420495,6,0.0,0.5592920353982301,5,0.0,0.0,True,0.0,True,False,False,0.0,0.0
falcosecurity/falco,ff9744c7ba42a1f8,False,1,490,True,0.0,0.29183673469387755,9,0.0,0.2938775510204082,9,0.0,0.3,9,0.0,0.2930327868852459,8,0.0,0.0,True,0.0,False,False,False,0.0,0.0
falcosecurity/falco,82bbfc3eff9136eb,False,2,52,True,0.0,0.6346153846153846,1,0.0,0.7884615384615384,1,0.0,0.46153846153846156,2,0.0,0.6346153846153846,1,0.0,0.0,True,0.0,False,False,False,0.0,0.0
OpenVPN/openvpn,fc8551cc2f19c8d0,False,2,460,True,1.0,0.7543478260869565,1,1.0,0.8021739130434783,1,1.0,0.6847826086956522,2,1.0,0.841304347826087,0,0.0,0.0,True,0.0,False,False,False,1.0,1.0
OpenVPN/openvpn,158dd91e3e4a3459,False,0,217,True,0.0,0.45622119815668205,1,0.0,0.543778801843318,2,0.0,0.6175115207373272,2,0.0,0.5534883720930233,2,1.0,1.0,True,1.0,False,False,False,0.0,0.0
OpenVPN/openvpn,2ad9e6c6a4d80f2b,True,3,1378,True,0.0,0.4796806966618287,12,0.0,0.6494920174165457,12,0.0,0.6625544267053701,12,0.0,0.7251655629139073,12,1.0,1.0,True,1.0,False,False,False,0.0,0.0
OpenVPN/openvpn,a724f50b58931940,False,1,514,True,0.0,0.8988326848249028,2,0.0,0.9630350194552529,3,0.0,0.9630350194552529,3,0.0,0.9785992217898832,3,0.0,1.0,True,1.0,False,False,False,0.0,0.0
OpenVPN/openvpn,27bc2a92257e73f9,False,0,55,True,1.0,1.0,0,1.0,1.0,0,1.0,0.6727272727272727,1,1.0,1.0,0,1.0,1.0,True,1.0,False,False,False,1.0,1.0
OpenVPN/openvpn,c352dbfea84a922b,True,1,804,True,0.0,0.34577114427860695,4,0.0,0.5509950248756219,5,0.0,0.5522388059701493,5,0.0,0.5546666666666666,5,1.0,1.0,True,1.0,False,False,False,0.0,0.0
OpenVPN/openvpn,ea3208608bfbe328,True,0,419,True,0.0,0.5465393794749404,6,0.0,0.8066825775656324,6,0.0,0.8066825775656324,6,0.0,0.9596774193548387,7,1.0,1.0,True,1.0,False,False,False,0.0,0.0
OpenVPN/openvpn,54ac7fa3d7eb4272,False,11,3894,True,1.0,0.44709809964047253,10,1.0,0.44966615305598356,12,1.0,0.44709809964047253,13,1.0,0.48591360343439766,10,1.0,1.0,True,1.0,False,False,False,1.0,1.0
OpenVPN/openvpn,da9fa188ee8a350f,False,0,51,True,0.0,0.7058823529411765,0,0.0,0.8627450980392157,0,0.0,0.8627450980392157,0,0.0,0.9387755102040817,2,0.0,0.0,True,0.0,False,False,False,0.0,0.0
OpenVPN/openvpn,ae1bb01ad3bae387,False,0,542,True,0.0,0.6328413284132841,2,0.0,0.6642066420664207,4,0.0,0.6439114391143912,4,0.0,0.6814814814814815,4,0.0,0.0,True,0.0,False,False,False,0.0,0.0
OpenVPN/openvpn,6f5b55b01f998652,True,3,555,True,0.0,0.44144144144144143,8,0.0,0.4756756756756757,10,0.0,0.5333333333333333,11,0.0,0.5623678646934461,9,1.0,1.0,True,1.0,False,False,False,0.0,0.0
OpenVPN/openvpn,0968d64560e776f5,False,1,582,True,0.0,0.38316151202749144,3,0.0,0.7491408934707904,4,0.0,0.7491408934707904,4,0.0,0.6094890510948905,4,1.0,1.0,True,1.0,False,False,False,0.0,0.0
OpenVPN/openvpn,eede2909af4b17a1,False,0,100,True,0.0,0.74,1,0.0,0.77,3,0.0,0.77,3,0.0,0.78,3,1.0,1.0,True,1.0,False,False,False,0.0,0.0
OpenVPN/openvpn,edbe602e41988188,True,1,283,True,0.0,0.49469964664310956,3,0.0,0.7879858657243817,4,0.0,0.7879858657243817,4,0.0,0.9259259259259259,3,1.0,1.0,True,1.0,False,False,False,0.0,0.0
OpenVPN/openvpn,478db573da2cd71d,False,1,124,True,0.0,0.5080645161290323,1,0.0,0.782258064516129,1,0.0,0.3387096774193548,3,0.0,0.9482758620689655,2,1.0,1.0,True,1.0,False,False,False,0.0,0.0
OpenVPN/openvpn,556b192ed9b4ff6a,True,0,300,True,0.0,0.36333333333333334,4,0.0,0.41333333333333333,4,0.0,0.38,4,0.0,0.44140625,5,0.0,1.0,True,1.0,False,False,False,0.0,0.0
OpenVPN/openvpn,d73abdd16ec910cc,True,1,290,True,0.0,0.5896551724137931,2,0.0,0.7310344827586207,3,0.0,0.7482758620689656,3,0.0,0.8943089430894309,5,1.0,1.0,True,1.0,False,False,True,0.0,0.0
OpenVPN/openvpn,0bdec7139b85f6c1,False,0,286,True,0.0,0.44755244755244755,5,0.0,0.5454545454545454,7,0.0,0.48951048951048953,7,0.0,0.5759717314487632,8,0.0,1.0,True,1.0,False,False,False,0.0,0.0
OpenVPN/openvpn,2e7c0ae38c39f56d,False,0,69,True,0.0,0.8405797101449275,2,0.0,0.855072463768116,2,0.0,0.6811594202898551,3,0.0,0.9420289855072463,3,0.0,0.0,True,0.0,False,False,False,0.0,0.0
OpenVPN/openvpn,ea660d32b64a96d1,False,0,80,True,0.0,0.7875,1,0.0,0.95,2,0.0,0.95,2,0.0,0.9625,2,1.0,1.0,True,1.0,False,False,False,0.0,0.0
OpenVPN/openvpn,53bc8fcf1518f057,False,1,254,True,0.0,0.8661417322834646,0,0.0,0.8661417322834646,0,0.0,0.8661417322834646,0,0.0,0.9051724137931034,0,1.0,1.0,True,1.0,False,False,False,0.0,0.0
compiler-explorer/compiler-explorer,9844e9a26318d4ef,False,1,143,True,0.0,0.3986013986013986,39,0.0,0.3986013986013986,39,0.0,0.23776223776223776,38,0.0,0.4195804195804196,39,0.0,0.0,True,0.0,False,False,False,0.0,0.0
compiler-explorer/compiler-explorer,b335630551682c19,False,0,170,True,0.0,0.45294117647058824,14,0.0,0.4411764705882353,14,0.0,0.48823529411764705,13,0.0,0.2603550295857988,16,0.0,0.0,True,0.0,False,False,False,0.0,0.0
compiler-explorer/compiler-explorer,63bd641104d10e25,False,0,68,True,0.0,0.9411764705882353,2,0.0,0.9411764705882353,2,0.0,0.9411764705882353,2,0.0,0.9411764705882353,2,0.0,0.0,False,0.0,False,False,False,0.0,0.0
compiler-explorer/compiler-explorer,812aa6549909b94f,False,0,32,True,1.0,0.8125,0,1.0,0.8125,0,1.0,0.75,1,1.0,0.8125,0,1.0,1.0,True,1.0,False,False,False,1.0,1.0
compiler-explorer/compiler-explorer,2c93d6d713eea58e,True,1,88,True,0.0,0.6477272727272727,7,0.0,0.3977272727272727,5,0.0,0.3977272727272727,5,0.0,0.6081081081081081,4,0.0,0.0,True,0.0,False,False,False,0.0,0.0
compiler-explorer/compiler-explorer,4bbb24bb522bea8b,False,0,34,True,0.0,0.6470588235294118,2,0.0,0.6470588235294118,2,0.0,0.6470588235294118,2,0.0,0.6470588235294118,2,0.0,0.0,True,0.0,False,False,False,0.0,0.0
compiler-explorer/compiler-explorer,2cf2a11d50a528a6,False,0,37,True,0.0,0.7027027027027027,4,0.0,0.7027027027027027,4,0.0,0.6486486486486487,4,0.0,0.7027027027027027,4,0.0,0.0,True,0.0,False,False,False,0.0,0.0
compiler-explorer/compiler-explorer,a22c263686553013,False,0,463,True,0.0,0.8444924406047516,12,0.0,0.838012958963283,13,0.0,0.8812095032397408,13,0.0,0.8444924406047516,12,0.0,0.0,True,0.0,False,False,False,0.0,0.0
compiler-explorer/compiler-explorer,4849121d3eb5d2ba,True,1,77,True,0.0,0.7012987012987013,0,0.0,0.5064935064935064,0,0.0,0.5064935064935064,0,0.0,0.7910447761194029,0,0.0,0.0,True,0.0,False,False,False,0.0,0.0
compiler-explorer/compiler-explorer,d37d7bb4af1f2aa1,False,1,21,True,1.0,1.0,0,1.0,1.0,0,1.0,1.0,0,1.0,1.0,0,1.0,0.0,False,1.0,False,False,False,1.0,1.0
compiler-explorer/compiler-explorer,d66164bc028da3cf,False,0,143,True,1.0,0.7342657342657343,4,1.0,0.8461538461538461,7,1.0,0.8461538461538461,7,1.0,0.6056338028169014,3,1.0,0.5,True,1.0,False,False,False,1.0,1.0
compiler-explorer/compiler-explorer,05449bea4a29f8bc,False,0,27,True,0.0,0.8518518518518519,2,0.0,0.8518518518518519,2,0.0,0.8518518518518519,2,0.0,0.8518518518518519,2,0.0,0.0,False,0.0,False,False,False,0.0,0.0
highlightjs/highlight.js,aef3bca099108244,False,1,407,True,0.0,0.5724815724815725,13,0.0,0.5749385749385749,14,0.0,0.5749385749385749,13,0.0,0.5773955773955773,14,0.0,0.0,True,0.0,False,False,False,0.0,0.0
highlightjs/highlight.js,9a5e8a40ed4ae305,False,1,255,True,0.0,0.6980392156862745,12,0.0,0.6901960784313725,14,0.0,0.6392156862745098,13,0.0,0.6941176470588235,12,0.0,0.0,True,0.0,False,False,False,0.0,0.0
highlightjs/highlight.js,b1f2453477a46f8a,False,1,188,True,0.0,0.9414893617021277,1,0.0,0.776595744680851,3,0.0,0.7287234042553191,4,0.0,0.9414893617021277,1,0.0,0.0,False,0.0,False,False,False,0.0,0.0
tianocore/edk2,e8680836e3bdb359,False,0,1110,True,0.0,0.5630630630630631,6,0.0,0.7261261261261261,7,0.0,0.7378378378378379,7,0.0,0.6847826086956522,7,0.0,0.0,False,0.0,False,False,False,0.0,0.0
tianocore/edk2,57aa2cceed623b53,False,0,133,True,0.0,0.5112781954887218,3,0.0,0.8045112781954887,2,0.0,0.8195488721804511,3,0.0,0.8571428571428571,2,0.0,0.0,True,0.0,False,False,False,0.0,0.0
tianocore/edk2,36ffff731ebb8fab,False,1,364,True,0.0,0.39285714285714285,7,0.0,0.5467032967032966,11,0.0,0.6346153846153846,11,0.0,0.4065934065934066,7,0.0,0.0,False,0.0,False,False,False,0.0,0.0
tianocore/edk2,a91cffa7fb17f92b,False,0,48,True,0.0,0.8541666666666666,2,0.0,0.9583333333333334,2,0.0,0.9583333333333334,2,0.0,0.9375,2,0.0,0.0,False,0.0,False,False,False,0.0,0.0
tianocore/edk2,9a469b0feade3172,False,0,99,True,0.0,0.41414141414141414,2,0.0,0.41414141414141414,2,0.0,0.5252525252525253,3,0.0,0.41414141414141414,2,0.0,0.0,False,0.0,False,False,False,0.0,0.0
tianocore/edk2,812b84373ddff756,False,0,97,True,0.0,0.5670103092783505,3,0.0,0.6288659793814433,2,0.0,0.6288659793814433,3,0.0,0.6082474226804123,3,0.0,0.0,False,0.0,False,False,False,0.0,0.0
tianocore/edk2,9b9fc4a4c01ff417,False,0,187,True,0.0,0.7486631016042781,2,0.0,0.7754010695187166,1,0.0,0.7754010695187166,1,0.0,0.7754010695187166,1,0.0,0.0,True,0.0,False,False,False,0.0,0.0
tianocore/edk2,5466339baf35eb19,False,0,19,True,0.0,0.8947368421052632,0,0.0,0.9473684210526315,0,0.0,0.9473684210526315,0,0.0,0.9473684210526315,0,0.0,0.0,False,0.0,False,False,False,0.0,0.0
tianocore/edk2,d392371027f3cdc8,False,0,24,True,0.0,0.6666666666666666,1,0.0,0.75,2,0.0,0.75,2,0.0,0.7083333333333334,1,0.0,0.0,False,0.0,False,False,False,0.0,0.0
tianocore/edk2,629ed25875221973,False,0,169,True,0.0,0.7928994082840237,1,0.0,0.8461538461538461,2,0.0,0.8461538461538461,2,0.0,0.8511904761904762,1,0.0,0.0,False,0.0,False,False,False,0.0,0.0
tianocore/edk2,94938f74209ecea1,False,0,3233,True,0.0,0.7451283637488401,15,0.0,0.8793690071141355,15,0.0,0.896690380451593,15,0.0,0.8813505837803723,15,0.0,0.0,True,0.0,False,False,False,0.0,0.0
tianocore/edk2,70df52c8091422e8,False,0,279,True,0.0,0.6379928315412187,1,0.0,0.7383512544802867,0,0.0,0.7383512544802867,0,0.0,0.9926739926739927,1,0.0,0.0,False,0.0,False,False,False,0.0,0.0
tianocore/edk2,8b26db422b2b2456,True,0,138,True,0.0,0.35507246376811596,6,0.0,0.4057971014492754,6,0.0,0.4057971014492754,6,0.0,0.3695652173913043,6,0.0,0.0,False,0.0,False,False,False,0.0,0.0
tianocore/edk2,fb288e6c6713fdb2,False,0,563,True,0.0,0.38898756660746003,5,0.0,0.5488454706927176,5,0.0,0.566607460035524,5,0.0,0.5583941605839416,5,0.0,0.0,True,0.0,False,False,False,0.0,0.0
tianocore/edk2,1500475b1a448d6a,False,0,38,True,0.0,0.7631578947368421,2,0.0,0.9210526315789473,3,0.0,0.9210526315789473,3,0.0,0.7894736842105263,1,0.0,0.0,False,0.0,False,False,False,0.0,0.0
tianocore/edk2,96f6f3149646b77a,False,0,101,True,0.0,0.7128712871287128,3,0.0,0.9306930693069307,3,0.0,0.9306930693069307,3,0.0,0.9306930693069307,3,0.0,0.0,False,0.0,False,False,False,0.0,0.0
mhammond/pywin32,e3dd48c762ce8c83,False,0,132,True,0.0,0.9696969696969697,1,0.0,0.9696969696969697,1,0.0,0.9696969696969697,1,0.0,0.9661016949152542,1,1.0,1.0,True,1.0,False,False,False,0.0,0.0
mhammond/pywin32,d07a68417859fd5f,False,0,125,True,0.0,0.936,1,0.0,0.936,1,0.0,0.944,2,0.0,0.9298245614035088,1,1.0,1.0,True,1.0,False,False,False,0.0,0.0
mhammond/pywin32,0f99cb925ab3b822,False,1,340,True,0.0,0.9470588235294117,0,0.0,0.9470588235294117,0,0.0,0.9470588235294117,0,0.0,0.9467455621301775,0,1.0,0.0,False,1.0,False,False,False,0.0,0.0
mhammond/pywin32,394b376080683d29,False,1,58,True,0.0,0.9137931034482759,0,0.0,0.9137931034482759,0,0.0,0.9482758620689655,0,0.0,0.9056603773584906,0,1.0,0.0,False,1.0,False,False,False,0.0,0.0
mhammond/pywin32,78befcdfd30d7be0,False,0,223,True,0.0,0.8475336322869955,1,0.0,0.8699551569506726,1,0.0,0.8699551569506726,1,0.0,0.8066037735849056,1,1.0,1.0,True,1.0,False,False,False,0.0,0.0
mhammond/pywin32,78722ba8936ed4db,False,0,565,True,0.0,0.9539823008849557,3,0.0,0.8141592920353983,2,0.0,0.8212389380530973,2,0.0,0.7533039647577092,1,1.0,1.0,True,1.0,False,False,False,0.0,0.0
mhammond/pywin32,a0afad8313e4dcff,False,1,1551,True,0.0,0.9993552546744036,1,0.0,0.9993552546744036,1,0.0,0.9993552546744036,1,0.0,0.9993523316062176,1,1.0,1.0,True,1.0,False,False,False,0.0,0.0
mhammond/pywin32,dde5ad0d65915374,False,0,274,True,0.0,0.8613138686131386,0,0.0,0.8613138686131386,0,0.0,0.8613138686131386,0,0.0,0.8423236514522822,0,1.0,0.0,False,1.0,False,False,False,0.0,0.0
macvim-dev/macvim,ddb623c7d8d649ef,False,28,3087,True,0.0,0.8775510204081632,16,0.0,0.8914804016844833,15,0.0,0.8953676708778749,15,0.0,0.8775510204081632,15,1.0,0.0,True,0.0,False,False,False,0.0,0.0
macvim-dev/macvim,f4ef62406769e02b,False,33,2128,True,0.0,0.5606203007518797,24,0.0,0.543233082706767,24,0.0,0.5441729323308271,24,0.0,0.5625,24,0.0,1.0,True,0.0,False,False,False,0.0,0.0
macvim-dev/macvim,340ac6bc5c3f06af,False,13,2026,True,0.0,0.6441263573543929,8,0.0,0.6470878578479763,7,0.0,0.6870681145113524,7,0.0,0.6450815620365793,8,0.0,0.0,True,0.0,False,False,False,0.0,0.0
macvim-dev/macvim,2beee4147fc290ab,False,2,525,True,0.0,0.4552380952380952,2,0.0,0.7295238095238096,4,0.0,0.8114285714285714,5,0.0,0.5695238095238095,2,1.0,1.0,True,0.0,False,False,False,0.0,0.0
macvim-dev/macvim,8cb1e0bcf7fdc663,False,24,4412,True,0.0,0.7216681776971895,14,0.0,0.7255213055303718,14,0.0,0.4374433363553944,15,0.0,0.7198549410698096,14,0.0,0.0,True,0.0,False,False,False,0.0,0.0
macvim-dev/macvim,c93b0ae96e705d43,False,3,1176,True,0.0,0.8129251700680272,2,0.0,0.8767006802721088,3,0.0,0.8775510204081632,3,0.0,0.814625850340136,2,0.0,0.0,False,0.0,False,False,False,0.0,0.0
macvim-dev/macvim,bdbc2955a3e93588,False,10,1421,True,0.0,0.7839549612948628,6,0.0,0.8501055594651654,6,0.0,0.8613652357494722,5,0.0,0.7853624208304011,6,0.0,0.0,True,0.0,False,False,False,0.0,0.0
macvim-dev/macvim,336fe0683677213d,False,10,4259,True,0.0,0.944587931439305,11,0.0,0.9563277764733505,10,0.0,0.9563277764733505,10,0.0,0.9476402911481568,9,1.0,1.0,True,0.0,False,False,False,0.0,0.0
macvim-dev/macvim,02f14cec58c0040e,False,4,1045,True,0.0,0.7779904306220096,1,0.0,0.7933014354066986,1,0.0,0.7933014354066986,1,0.0,0.7808612440191387,1,0.0,0.0,True,0.0,False,False,False,0.0,0.0
macvim-dev/macvim,350d2274a72ac84c,False,9,3004,True,0.0,0.8045938748335553,7,0.0,0.816577896138482,7,0.0,0.8192410119840213,7,0.0,0.8072569906790945,7,0.0,0.0,True,0.0,False,False,False,0.0,0.0
macvim-dev/macvim,d5920a54fc6fff9b,False,16,4303,True,0.0,0.5161515221938182,13,0.0,0.5347432024169184,13,0.0,0.536137578433651,13,0.0,0.5161515221938182,13,0.0,0.0,True,0.0,False,False,False,0.0,0.0
macvim-dev/macvim,cd16a44020ec2a52,False,7,1253,True,0.0,0.5690343176376695,20,0.0,0.6049481245011972,18,0.0,0.6161213088587391,19,0.0,0.5713141025641025,18,0.0,0.0,True,0.0,False,False,False,0.0,0.0
macvim-dev/macvim,d8a7b8c4e1c9f1a2,False,2,428,True,0.0,0.9742990654205608,3,0.0,0.9766355140186916,2,0.0,0.9766355140186916,2,0.0,0.9766355140186916,2,0.0,0.0,True,0.0,False,False,False,0.0,0.0
macvim-dev/macvim,7d80d5c7ed23fc27,False,1,634,True,0.0,0.9952681388012619,2,0.0,0.9968454258675079,1,0.0,0.9968454258675079,1,0.0,0.998422712933754,1,0.0,0.0,False,0.0,False,False,False,0.0,0.0
macvim-dev/macvim,ea763fdb2cbd2223,False,1543,4936,True,0.0,0.16977309562398704,216,0.0,0.17200162074554295,216,0.0,0.17402755267423015,216,0.0,0.17032520325203251,216,0.0,1.0,True,1.0,False,False,False,0.0,0.0
macvim-dev/macvim,652732b65cd75921,False,12,3397,True,0.0,0.9258168972622902,5,0.0,0.9537827494848395,6,0.0,0.9540771268766559,6,0.0,0.9267000294377392,4,0.0,0.0,True,1.0,False,False,False,0.0,0.0
macvim-dev/macvim,40e056371fe28c3c,False,5,196,True,0.0,0.3826530612244898,2,0.0,0.3826530612244898,2,0.0,0.3826530612244898,2,0.0,0.43010752688172044,2,1.0,0.3333333333333333,True,1.0,False,False,False,0.0,0.0
macvim-dev/macvim,90d7ac1f7cc2e0d9,False,9,1926,True,0.0,0.8987538940809969,9,0.0,0.9055036344755971,9,0.0,0.9065420560747663,10,0.0,0.8992731048805815,9,0.0,0.0,False,1.0,False,False,False,0.0,0.0
macvim-dev/macvim,4516b9bd86fff36e,False,21,4405,True,0.0,0.8379114642451759,18,0.0,0.8460839954597049,18,0.0,0.8488081725312145,20,0.0,0.838138479001135,18,0.0,0.0,True,0.0,False,False,False,0.0,0.0
macvim-dev/macvim,e839d5afaa153b26,False,10,3273,True,0.0,0.8594561564314085,12,0.0,0.8753437213565536,12,0.0,0.8811487931561259,12,0.0,0.8631225175679804,12,0.0,0.0,True,0.0,False,False,False,0.0,0.0
macvim-dev/macvim,11f7e0c255504c5e,False,76,4840,True,0.0,0.8506198347107438,17,0.0,0.9119834710743802,18,0.0,0.9177685950413224,17,0.0,0.8506198347107438,17,0.0,0.0,True,0.0,False,False,False,0.0,0.0
macvim-dev/macvim,0bb17c28203dd014,False,1,2811,True,0.0,0.9683386695126289,5,0.0,0.9943080754180007,5,0.0,0.9946638207043756,5,0.0,0.9690501600853789,5,0.0,0.0,True,0.0,False,False,False,0.0,0.0
macvim-dev/macvim,a6dcb0608cf96888,False,8,2947,True,0.0,0.42246352222599254,4,0.0,0.8167628096369189,5,0.0,0.821174075330845,5,0.0,0.49065579340808696,4,0.0,0.5,True,1.0,False,False,False,0.0,0.0
ppy/osu,5bf1824637a8e1ef,False,0,47,True,0.0,0.8297872340425532,1,0.0,0.8297872340425532,1,0.0,0.723404255319149,1,0.0,0.851063829787234,1,0.0,0.0,True,0.0,False,False,False,0.0,0.0
ppy/osu,757c2f47d90e82f1,False,0,104,True,1.0,0.6634615384615384,3,1.0,0.6634615384615384,3,1.0,0.6634615384615384,3,1.0,0.6826923076923077,2,0.0,0.0,False,0.0,False,False,False,1.0,1.0
ppy/osu,79b0ef845d173f4e,False,0,135,True,0.0,0.6592592592592592,0,0.0,0.6592592592592592,0,0.0,0.6592592592592592,0,0.0,0.6518518518518519,0,1.0,0.3333333333333333,True,1.0,False,False,False,0.0,0.0
ppy/osu,c5565e28b83cfde8,False,0,354,True,0.0,0.423728813559322,1,0.0,0.423728813559322,1,0.0,0.4180790960451977,1,0.0,0.423728813559322,1,0.0,0.0,True,0.0,False,False,False,0.0,0.0
ppy/osu,4b94489725f8e403,False,1,213,True,1.0,0.7746478873239436,1,1.0,0.7746478873239436,1,1.0,0.6572769953051644,1,1.0,0.7934272300469484,2,0.0,0.0,True,1.0,False,False,False,1.0,1.0
ppy/osu,5cb413da3a50462e,False,0,112,True,0.0,0.6071428571428571,2,0.0,0.625,2,0.0,0.5892857142857143,3,0.0,0.6071428571428571,2,0.0,0.0,False,1.0,False,False,False,0.0,0.0
ppy/osu,5745e7360f1febcd,False,0,53,True,1.0,0.7735849056603774,4,1.0,0.5660377358490566,4,1.0,0.5660377358490566,4,1.0,0.78,3,0.0,0.0,False,1.0,False,False,False,1.0,1.0
ppy/osu,43a53f2f9cb7fb7c,False,1,487,True,0.0,0.4722792607802875,5,0.0,0.4455852156057495,5,0.0,0.4394250513347023,7,0.0,0.43568464730290457,5,1.0,1.0,True,0.0,False,False,False,0.0,0.0
ppy/osu,068e200dd5bea348,False,0,39,True,0.0,0.358974358974359,1,0.0,0.358974358974359,1,0.0,0.358974358974359,1,0.0,0.358974358974359,1,0.0,0.0,True,0.0,False,False,False,0.0,0.0
ppy/osu,83b118586c9a45fa,False,0,181,True,0.0,0.9447513812154696,3,0.0,0.9447513812154696,3,0.0,0.9447513812154696,3,0.0,0.9502762430939227,3,0.0,0.0,False,0.0,False,False,False,0.0,0.0
ppy/osu,eb04949230d32952,False,2,674,True,0.0,0.43768545994065283,8,0.0,0.4362017804154303,8,0.0,0.4792284866468843,9,0.0,0.4406528189910979,8,1.0,0.0,True,0.0,False,False,False,0.0,0.0
ppy/osu,3b3ecd2ec8b8b50f,False,1,87,True,0.0,0.9080459770114943,2,0.0,0.9080459770114943,2,0.0,0.9080459770114943,2,0.0,0.9195402298850575,1,0.0,0.0,False,0.0,False,False,False,0.0,0.0
mamba-org/mamba,e3e914be1401f871,False,0,91,True,0.0,0.9560439560439561,2,0.0,0.9560439560439561,2,0.0,0.8901098901098901,2,0.0,0.989010989010989,1,0.0,0.0,False,1.0,False,False,False,0.0,0.0
mamba-org/mamba,50796b782197444c,False,0,48,True,0.0,0.8958333333333334,1,0.0,0.8958333333333334,1,0.0,0.8958333333333334,3,0.0,0.9782608695652174,1,0.0,0.0,False,1.0,False,False,False,0.0,0.0
mamba-org/mamba,4eae44e50dcce934,False,0,912,True,0.0,0.9802631578947368,2,0.0,0.981359649122807,2,0.0,0.9736842105263158,2,0.0,1.0,0,0.0,0.0,True,1.0,False,False,False,0.0,0.0
mamba-org/mamba,48bbf9a122c992d5,False,2,578,True,0.0,0.5605536332179931,5,0.0,0.5882352941176471,5,0.0,0.6349480968858131,5,0.0,0.5605536332179931,5,0.0,0.0,True,1.0,False,False,False,0.0,0.0
mamba-org/mamba,b13c53b90545af77,False,0,548,True,0.0,0.9890510948905109,2,0.0,0.9890510948905109,2,0.0,0.9890510948905109,2,0.0,1.0,0,0.0,0.0,False,0.0,False,False,False,0.0,0.0
mamba-org/mamba,b121c72b417fa53e,False,4,121,True,0.0,0.4297520661157025,4,0.0,0.4132231404958678,4,0.0,0.4380165289256198,5,0.0,0.453781512605042,3,1.0,0.0,False,0.0,False,False,False,0.0,0.0
mamba-org/mamba,03f2156436b801e4,False,1,233,True,0.0,0.4721030042918455,3,0.0,0.47639484978540775,3,0.0,0.5107296137339056,3,0.0,0.5064935064935064,1,0.0,0.0,True,1.0,False,False,False,0.0,0.0
mamba-org/mamba,015395d88962d58b,False,1,1339,True,0.0,0.8849887976101568,7,0.0,0.8857356235997013,7,0.0,0.8857356235997013,8,0.0,0.9071698113207547,8,0.0,0.0,True,1.0,False,False,False,0.0,0.0
mamba-org/mamba,6a24f1aa561dcd71,False,5,946,True,0.0,0.43446088794926,9,0.0,0.4397463002114165,9,0.0,0.4397463002114165,10,0.0,0.4904862579281184,10,0.0,0.0,True,1.0,False,False,False,0.0,0.0
mamba-org/mamba,581c637e4019e69f,False,0,103,True,0.0,0.7572815533980582,2,0.0,0.7572815533980582,2,0.0,0.7572815533980582,2,0.0,0.7821782178217822,0,0.0,0.0,True,0.0,False,False,False,0.0,0.0
mamba-org/mamba,e6aea3573059c7c0,False,1,84,True,0.0,0.4880952380952381,4,0.0,0.5,3,0.0,0.5,3,0.0,0.5625,3,0.0,0.0,False,1.0,False,False,False,0.0,0.0
mamba-org/mamba,da3c6cf3f89b360e,False,0,39,True,0.0,0.6153846153846154,1,0.0,0.6153846153846154,1,0.0,0.5128205128205128,1,0.0,0.6153846153846154,1,0.0,0.0,True,1.0,False,False,False,0.0,0.0
mamba-org/mamba,3cab47c2cedd7e29,False,0,81,True,0.0,0.9629629629629629,2,0.0,0.9629629629629629,2,0.0,0.6419753086419753,4,0.0,0.9876543209876543,1,0.0,0.0,False,0.0,False,False,False,0.0,0.0
mamba-org/mamba,8e987f55ae5d3a02,False,1,386,True,0.0,0.6813471502590673,5,0.0,0.5880829015544041,4,0.0,0.5414507772020726,6,0.0,0.6813471502590673,5,0.0,0.0,True,1.0,False,False,False,0.0,0.0
mamba-org/mamba,da24ec78e2ee34af,False,2,385,True,1.0,0.2935064935064935,7,1.0,0.2961038961038961,7,0.0,0.2025974025974026,7,1.0,0.29815303430079154,5,0.0,1.0,True,1.0,False,False,False,1.0,1.0
mamba-org/mamba,c78a0c7b44e7b6c7,False,1,275,True,0.0,0.5709090909090909,2,0.0,0.5709090909090909,2,0.0,0.5527272727272727,2,0.0,0.5709090909090909,2,0.0,0.0,True,0.0,False,False,False,0.0,0.0
mamba-org/mamba,49ba78317fd8bd57,False,3,644,True,0.0,0.33540372670807456,10,0.0,0.35093167701863354,10,0.0,0.28726708074534163,10,0.0,0.37766830870279144,9,1.0,0.3333333333333333,True,0.0,False,False,False,0.0,0.0
py-pdf/pypdf,3dcacfecbac262f5,False,0,89,True,0.0,0.8202247191011236,2,0.0,0.8202247191011236,2,0.0,0.8651685393258427,2,0.0,0.8202247191011236,2,0.0,0.0,True,0.0,False,False,False,0.0,0.0
py-pdf/pypdf,05e6e31b7a98f5c2,False,0,48,True,0.0,0.8958333333333334,1,0.0,0.8958333333333334,1,0.0,0.8958333333333334,1,0.0,0.8958333333333334,1,1.0,1.0,True,0.0,False,False,False,0.0,0.0
py-pdf/pypdf,0a65befa2e410a73,False,0,159,True,0.0,0.4591194968553459,1,0.0,0.46540880503144655,1,0.0,0.46540880503144655,1,0.0,0.4591194968553459,1,0.0,0.0,True,0.0,False,False,False,0.0,0.0
py-pdf/pypdf,2376a2cb969cf3bd,False,1,108,True,1.0,0.3888888888888889,1,1.0,0.3888888888888889,1,1.0,0.48148148148148145,1,1.0,0.3888888888888889,1,0.0,0.0,True,0.0,False,False,False,1.0,1.0
py-pdf/pypdf,9256e36226058b32,False,0,111,True,0.0,0.7207207207207207,1,0.0,0.7207207207207207,1,0.0,0.7207207207207207,1,0.0,0.7181818181818181,1,1.0,1.0,True,0.0,False,False,False,0.0,0.0
py-pdf/pypdf,fc6fb456da8b0333,False,0,300,True,0.0,0.45,2,0.0,0.45,2,0.0,0.45,3,0.0,0.45,2,0.0,0.0,True,0.0,False,False,False,0.0,0.0
py-pdf/pypdf,63a9c44a44acf85f,False,1,38,True,0.0,0.6052631578947368,0,0.0,0.6052631578947368,0,0.0,0.6052631578947368,0,0.0,0.6052631578947368,0,1.0,1.0,True,0.0,False,False,False,0.0,0.0
py-pdf/pypdf,1102636ac9e880a7,False,0,256,True,0.0,0.59375,5,0.0,0.59765625,5,0.0,0.56640625,4,0.0,0.59375,5,1.0,0.0,True,0.0,False,False,False,0.0,0.0
python-pillow/Pillow,357dd4dc866684a8,False,0,343,True,0.0,0.5860058309037901,5,0.0,0.5160349854227405,4,0.0,0.5160349854227405,4,0.0,0.5860058309037901,5,0.0,0.0,True,0.0,False,False,False,0.0,0.0
python-pillow/Pillow,528619d4bc99fb5c,False,0,446,True,1.0,0.336322869955157,10,1.0,0.3116591928251121,10,1.0,0.3094170403587444,11,1.0,0.36818181818181817,12,1.0,1.0,True,1.0,False,False,False,1.0,1.0
python-pillow/Pillow,c2d6142a7813e372,False,1,375,True,1.0,0.584,6,1.0,0.5466666666666666,6,1.0,0.536,6,1.0,0.595108695652174,7,1.0,0.25,True,1.0,False,False,False,1.0,1.0
python-pillow/Pillow,431185b18989797e,True,0,774,True,0.0,0.5968992248062015,5,0.0,0.524547803617571,6,0.0,0.5361757105943152,5,0.0,0.5883905013192612,11,0.0,0.0,True,0.0,False,False,False,0.0,0.0
python-pillow/Pillow,8fdbbbea6e7d47ff,False,0,78,True,0.0,0.6538461538461539,3,0.0,0.6666666666666666,3,0.0,0.6666666666666666,3,0.0,0.72,3,1.0,1.0,True,1.0,False,False,False,0.0,0.0
python-pillow/Pillow,a592fb63b483610c,True,0,943,True,0.0,0.41569459172852596,9,0.0,0.4984093319194062,10,0.0,0.49946977730646874,10,0.0,0.5256410256410257,10,0.0,0.0,True,0.0,False,False,False,0.0,0.0
python-pillow/Pillow,956c34b31300af3f,False,0,75,True,1.0,0.4266666666666667,3,1.0,0.4266666666666667,3,1.0,0.4266666666666667,3,1.0,0.43243243243243246,3,1.0,1.0,True,1.0,False,False,False,1.0,1.0
python-pillow/Pillow,416244cd3f776145,False,0,167,True,0.0,0.41916167664670656,1,0.0,0.41317365269461076,2,0.0,0.3712574850299401,4,0.0,0.41916167664670656,1,0.0,0.0,True,0.0,False,False,False,0.0,0.0
python-pillow/Pillow,4c65bb39d9ccc809,False,0,42,True,0.0,0.6666666666666666,1,0.0,0.7619047619047619,1,0.0,0.7619047619047619,1,0.0,0.6904761904761905,1,0.0,0.0,False,0.0,False,False,False,0.0,0.0
python-pillow/Pillow,bf08fd9e169546fb,False,1,229,True,0.0,0.44541484716157204,7,0.0,0.5283842794759825,7,0.0,0.5327510917030568,7,0.0,0.4557522123893805,7,0.0,0.0,True,0.0,False,False,False,0.0,0.0
python-pillow/Pillow,4e34f58024c8f113,False,0,160,True,0.0,0.54375,1,0.0,0.79375,1,0.0,0.8,2,0.0,0.6125,1,0.0,0.0,False,0.0,False,False,False,0.0,0.0
python-pillow/Pillow,51ee26591a89a201,False,0,242,True,0.0,0.5247933884297521,8,0.0,0.8471074380165289,9,0.0,0.8471074380165289,9,0.0,0.5269709543568465,8,0.0,0.0,False,0.0,False,False,False,0.0,0.0
python-pillow/Pillow,4301c4914c6ab735,False,0,202,True,1.0,0.5396039603960396,6,1.0,0.5346534653465347,5,1.0,0.5297029702970297,6,1.0,0.5477386934673367,6,1.0,1.0,True,1.0,False,False,False,1.0,1.0
python-pillow/Pillow,45543f70083bba19,False,0,200,True,0.0,0.525,3,0.0,0.61,3,0.0,0.61,3,0.0,0.69,3,0.0,0.0,True,0.0,False,False,False,0.0,0.0
python-pillow/Pillow,a649b95021c2c70c,False,1,804,True,0.0,0.48880597014925375,6,0.0,0.5671641791044776,4,0.0,0.5161691542288557,3,0.0,0.7276119402985075,6,0.0,0.0,True,1.0,False,False,False,0.0,0.0
python-pillow/Pillow,e515c654cff3147b,False,0,219,True,0.0,0.3333333333333333,5,0.0,0.3242009132420091,7,0.0,0.319634703196347,6,0.0,0.3333333333333333,6,1.0,0.0,True,0.0,False,False,False,0.0,0.0
python-pillow/Pillow,4fd9026ffa5b57cb,True,2,385,True,0.0,0.43896103896103894,1,0.0,0.6415584415584416,2,0.0,0.6493506493506493,2,0.0,0.5837696335078534,2,0.0,0.0,False,0.0,False,False,True,0.0,0.0
python-pillow/Pillow,f6e081867d895de4,False,2,157,True,0.0,0.4267515923566879,5,0.0,0.43312101910828027,5,0.0,0.43312101910828027,5,0.0,0.43870967741935485,5,1.0,1.0,True,1.0,False,False,False,0.0,0.0
python-pillow/Pillow,e42e1f45eaecd64f,True,2,1418,True,1.0,0.3427362482369535,20,0.0,0.27221438645980256,20,0.0,0.29689703808180534,20,0.0,0.23500352858151025,22,0.0,1.0,True,1.0,False,False,False,1.0,0.0
python-pillow/Pillow,b5ff78e627446341,False,1,362,True,1.0,0.47790055248618785,12,1.0,0.5082872928176796,11,1.0,0.48066298342541436,11,1.0,0.4859550561797753,13,1.0,1.0,True,1.0,False,False,False,1.0,1.0
python-pillow/Pillow,d534511b316cb989,False,0,630,True,0.0,0.4396825396825397,8,0.0,0.5920634920634921,9,0.0,0.5920634920634921,9,0.0,0.5079365079365079,7,1.0,0.0,True,0.0,False,False,False,0.0,0.0
python-pillow/Pillow,6020f4969ffd3531,False,0,75,True,0.0,0.6133333333333333,1,0.0,0.6133333333333333,1,0.0,0.6133333333333333,1,0.0,0.647887323943662,1,0.0,0.5,True,1.0,False,False,False,0.0,0.0
python-pillow/Pillow,f5af1d5d4c3d64d2,False,1,1229,True,1.0,0.6029292107404394,15,1.0,0.5785191212367778,15,1.0,0.5606183889340928,17,1.0,0.6163265306122448,16,0.0,1.0,True,1.0,False,False,False,1.0,1.0
python-pillow/Pillow,bd1e1b1de6e5b72a,False,1,1076,True,0.0,0.2527881040892193,6,0.0,0.2695167286245353,6,0.0,0.266728624535316,6,0.0,0.25583566760037346,6,0.0,1.0,True,1.0,False,False,False,0.0,0.0
postgresml/postgresml,a946c2ff59f24951,False,0,105,True,0.0,0.8,3,0.0,0.8,3,0.0,0.819047619047619,3,0.0,0.7741935483870968,3,0.0,0.0,True,0.0,False,False,False,0.0,0.0
cakephp/cakephp,703cda67ba8a32a0,True,1,195,True,0.0,0.24102564102564103,6,0.0,0.4461538461538462,7,0.0,0.4358974358974359,7,0.0,0.46195652173913043,6,1.0,0.5,True,0.0,False,False,True,0.0,0.0
cakephp/cakephp,099c11aa6c0ff28a,False,0,67,True,0.0,0.44776119402985076,2,0.0,0.44776119402985076,2,1.0,0.40298507462686567,2,0.0,0.47761194029850745,3,1.0,1.0,True,1.0,False,False,False,0.0,0.0
cakephp/cakephp,d9b86ac190cc1746,False,1,384,True,0.0,0.6979166666666666,10,0.0,0.7005208333333334,10,0.0,0.7083333333333334,11,0.0,0.7005208333333334,10,1.0,1.0,True,0.0,False,False,False,0.0,0.0
cakephp/cakephp,e21f5457d94760d8,True,2,217,True,0.0,0.6267281105990783,7,0.0,0.3317972350230415,12,0.0,0.35944700460829493,12,0.0,0.3248730964467005,12,1.0,1.0,True,0.0,False,False,False,0.0,0.0
cakephp/cakephp,04aa710f4f3dd36d,True,1,214,True,0.0,0.4719626168224299,9,0.0,0.29906542056074764,9,0.0,0.29439252336448596,10,0.0,0.32019704433497537,9,1.0,0.5,True,1.0,False,False,False,0.0,0.0
cakephp/cakephp,c454faa4da0490d9,True,0,755,True,0.0,0.33642384105960266,12,1.0,0.6357615894039735,13,1.0,0.6291390728476821,13,1.0,0.6437246963562753,13,1.0,1.0,True,0.0,False,False,False,0.0,1.0
cakephp/cakephp,3daf27c5efc6d127,True,6,1488,True,0.0,0.24260752688172044,22,0.0,0.20833333333333334,24,0.0,0.22782258064516128,24,0.0,0.20223152022315202,24,0.0,0.0,True,0.0,False,False,False,0.0,0.0
cakephp/cakephp,dadfc37f082f218f,False,0,19,True,0.0,0.5789473684210527,0,0.0,0.5789473684210527,0,0.0,0.5789473684210527,0,0.0,0.5789473684210527,0,0.0,1.0,True,0.0,False,False,False,0.0,0.0
cakephp/cakephp,3782700025686a56,False,1,113,True,1.0,0.9469026548672567,2,1.0,0.9469026548672567,2,1.0,0.7876106194690266,6,1.0,0.9469026548672567,2,1.0,0.5,True,1.0,False,False,False,1.0,1.0
cakephp/cakephp,eb12781985d1676b,False,1,90,True,0.0,0.7333333333333333,3,0.0,0.7333333333333333,3,0.0,0.6666666666666666,3,0.0,0.7555555555555555,4,0.0,0.0,False,0.0,False,False,False,0.0,0.0
cakephp/cakephp,95fd053c216445d7,True,4,929,True,0.0,0.33153928955866524,29,0.0,0.34230355220667386,32,0.0,0.3304628632938644,32,0.0,0.3554285714285714,30,0.0,0.0,True,1.0,False,False,False,0.0,0.0
cakephp/cakephp,fabf75af4e316f6e,False,0,244,True,0.0,0.3483606557377049,11,0.0,0.3483606557377049,13,0.0,0.3114754098360656,14,0.0,0.3648068669527897,14,0.0,0.0,True,0.0,False,False,False,0.0,0.0
cakephp/cakephp,ec5fc45be7c19440,False,1,136,True,0.0,0.9632352941176471,2,0.0,0.9632352941176471,2,0.0,0.8676470588235294,3,0.0,0.9779411764705882,1,0.0,0.0,False,0.0,False,False,False,0.0,0.0
cakephp/cakephp,b24fba393b9e95ea,True,3,1241,True,0.0,0.29814665592264306,18,0.0,0.24093473005640612,26,0.0,0.21514907332796132,25,0.0,0.2582781456953642,26,1.0,0.0,True,1.0,False,False,False,0.0,0.0
cakephp/cakephp,ec4413a9dee1cb73,False,2,460,True,0.0,0.6739130434782609,7,0.0,0.6739130434782609,7,0.0,0.55,8,0.0,0.6782608695652174,7,1.0,0.0,True,1.0,False,False,False,0.0,0.0
cakephp/cakephp,4ff630f03654e9a7,True,1,524,True,0.0,0.6278625954198473,10,0.0,0.2366412213740458,14,0.0,0.2480916030534351,15,0.0,0.34419551934826886,10,1.0,1.0,True,0.0,False,False,False,0.0,0.0
official-stockfish/Stockfish,a5bf0c3b261b4b51,False,3,1765,True,0.0,0.5229461756373938,35,0.0,0.5705382436260623,35,0.0,0.5614730878186969,35,0.0,0.6384790011350738,37,0.0,0.0,True,0.0,False,False,False,0.0,0.0
official-stockfish/Stockfish,e54829652fc2edb0,True,1,144,True,0.0,0.2777777777777778,4,0.0,0.2916666666666667,4,0.0,0.2986111111111111,4,0.0,0.3055555555555556,5,0.0,0.0,True,0.0,False,False,False,0.0,0.0
official-stockfish/Stockfish,5e10e0eae2cec939,True,1,187,True,0.0,0.2887700534759358,2,0.0,0.3048128342245989,3,0.0,0.2994652406417112,3,0.0,0.28342245989304815,3,0.0,0.0,True,0.0,False,False,False,0.0,0.0
official-stockfish/Stockfish,73a56e016c685cf8,True,0,126,True,0.0,0.5476190476190477,3,0.0,0.4603174603174603,3,0.0,0.5873015873015873,3,0.0,0.5317460317460317,3,0.0,0.0,True,0.0,False,False,False,0.0,0.0
official-stockfish/Stockfish,034268b309b97e50,False,0,178,True,0.0,0.4044943820224719,7,0.0,0.34831460674157305,10,0.0,0.34831460674157305,10,0.0,0.42105263157894735,8,0.0,0.0,True,0.0,False,False,False,0.0,0.0
official-stockfish/Stockfish,13fa362150fa8634,True,1,365,True,0.0,0.5424657534246575,21,0.0,0.4328767123287671,28,0.0,0.4301369863013699,27,0.0,0.45244956772334294,26,0.0,0.0,True,0.0,False,False,False,0.0,0.0
official-stockfish/Stockfish,2a523082b4e3a1ee,False,0,312,True,0.0,0.30448717948717946,17,0.0,0.36217948717948717,19,0.0,0.36538461538461536,19,0.0,0.3580645161290323,20,0.0,0.0,True,0.0,False,False,False,0.0,0.0
official-stockfish/Stockfish,d9c39a0f4329ea10,True,1,67,True,0.0,0.40298507462686567,5,0.0,0.29850746268656714,6,0.0,0.373134328358209,7,0.0,0.3076923076923077,6,0.0,0.0,True,0.0,False,False,False,0.0,0.0
official-stockfish/Stockfish,10c2312f1cfa9d66,True,0,192,True,0.0,0.6302083333333334,2,0.0,0.5572916666666666,5,0.0,0.5625,5,0.0,0.6420454545454546,5,0.0,0.0,True,0.0,False,False,False,0.0,0.0
official-stockfish/Stockfish,da313937d54e9247,True,1,302,True,0.0,0.5463576158940397,7,0.0,0.5132450331125827,9,0.0,0.45364238410596025,10,0.0,0.5760869565217391,10,0.0,0.0,True,0.0,False,False,False,0.0,0.0
official-stockfish/Stockfish,33f501b6f63de230,True,0,143,True,0.0,0.4825174825174825,5,0.0,0.44755244755244755,8,0.0,0.42657342657342656,9,0.0,0.44696969696969696,7,0.0,0.0,True,0.0,False,False,False,0.0,0.0
official-stockfish/Stockfish,48409e2ea320663a,True,0,213,True,0.0,0.6056338028169014,9,0.0,0.5070422535211268,9,0.0,0.4413145539906103,11,0.0,0.39622641509433965,9,0.0,0.0,True,0.0,False,False,False,0.0,0.0
official-stockfish/Stockfish,0f2b7f38c6258a8e,True,0,103,True,0.0,0.49514563106796117,3,0.0,0.7766990291262136,5,0.0,0.6116504854368932,5,0.0,0.8762886597938144,6,0.0,0.0,True,0.0,False,False,False,0.0,0.0
official-stockfish/Stockfish,e72cbf6e30e293dd,False,0,110,True,1.0,0.41818181818181815,4,1.0,0.39090909090909093,7,1.0,0.36363636363636365,7,1.0,0.42990654205607476,5,0.0,0.0,True,0.0,False,False,False,1.0,1.0
official-stockfish/Stockfish,09baa2695476731e,False,0,80,True,0.0,0.3125,9,0.0,0.4,14,0.0,0.4,14,0.0,0.3974358974358974,14,0.0,0.0,True,0.0,False,False,False,0.0,0.0
official-stockfish/Stockfish,e9f1e5895d661695,False,1,253,True,1.0,0.4426877470355731,10,1.0,0.44664031620553357,12,1.0,0.24110671936758893,15,1.0,0.4534412955465587,11,0.0,0.0,True,0.0,False,False,False,1.0,1.0
official-stockfish/Stockfish,be0fd4507d007645,False,2,512,True,0.0,0.681640625,8,0.0,0.681640625,10,0.0,0.677734375,9,0.0,0.681640625,10,0.0,0.0,True,0.0,False,False,False,0.0,0.0
official-stockfish/Stockfish,231ff7ea9252f67f,False,2,312,True,0.0,0.4583333333333333,7,0.0,0.4583333333333333,8,0.0,0.44871794871794873,9,0.0,0.45980707395498394,11,0.0,0.0,True,0.0,False,False,False,0.0,0.0
official-stockfish/Stockfish,9b3b743971a2908b,True,0,363,True,0.0,0.44077134986225897,20,0.0,0.2644628099173554,19,0.0,0.27823691460055094,20,0.0,0.2757660167130919,19,0.0,0.0,True,0.0,False,False,False,0.0,0.0
official-stockfish/Stockfish,c2d7a02df1657115,False,1,329,True,0.0,0.3161094224924012,3,0.0,0.5775075987841946,6,0.0,0.5258358662613982,8,0.0,0.5920245398773006,6,1.0,0.0,True,0.0,False,False,False,0.0,0.0
official-stockfish/Stockfish,e428c7a719856e30,False,5,338,True,0.0,0.3165680473372781,12,0.0,0.3165680473372781,13,0.0,0.2692307692307692,15,0.0,0.3165680473372781,12,0.0,0.0,True,0.0,False,False,False,0.0,0.0
official-stockfish/Stockfish,a8800481720f02cf,True,4,140,True,0.0,0.4,8,0.0,0.15,9,0.0,0.2,11,0.0,0.15384615384615385,8,0.0,0.0,True,0.0,False,False,False,0.0,0.0
official-stockfish/Stockfish,3bf10bffc48ecf63,False,0,80,True,1.0,0.475,4,1.0,0.4375,3,1.0,0.4375,3,1.0,0.4375,3,0.0,0.0,True,0.0,False,False,False,1.0,1.0
official-stockfish/Stockfish,de4f1a4d659b771f,False,0,73,True,0.0,0.5342465753424658,5,0.0,0.6438356164383562,7,0.0,0.6438356164383562,7,0.0,0.684931506849315,6,0.0,0.0,True,0.0,False,False,False,0.0,0.0
official-stockfish/Stockfish,aeb482d3eecf1ef6,True,3,527,True,0.0,0.42314990512333966,13,0.0,0.18975332068311196,15,0.0,0.19924098671726756,15,0.0,0.1944990176817289,16,0.0,0.0,True,0.0,False,False,False,0.0,0.0
Portkey-AI/gateway,11f2ea992e3a6b76,False,0,89,True,1.0,0.43820224719101125,0,1.0,0.43820224719101125,0,1.0,0.43820224719101125,0,1.0,0.43820224719101125,0,1.0,1.0,True,0.0,False,False,False,1.0,1.0
Portkey-AI/gateway,cc19f4021377e44c,False,0,21,True,0.0,1.0,0,0.0,1.0,0,0.0,1.0,0,0.0,1.0,0,0.0,0.0,False,0.0,False,False,False,0.0,0.0
Portkey-AI/gateway,2e381b4559b382a3,False,6,773,True,1.0,0.32858990944372574,4,1.0,0.3260025873221216,4,1.0,0.2858990944372574,5,1.0,0.32944228274967574,4,1.0,1.0,True,0.0,False,False,False,1.0,1.0
Portkey-AI/gateway,275e410067757f9b,False,0,140,True,0.0,0.8,1,0.0,0.8,1,0.0,0.8285714285714286,1,0.0,0.7956204379562044,1,1.0,0.5,True,0.0,False,False,False,0.0,0.0
Portkey-AI/gateway,c9736df98f8531a5,False,1,190,True,0.0,0.8263157894736842,1,0.0,0.8263157894736842,1,0.0,0.8210526315789474,1,0.0,0.8315789473684211,1,0.0,0.0,True,0.0,False,False,False,0.0,0.0
Portkey-AI/gateway,406c3e643cc97602,False,0,56,True,0.0,1.0,0,0.0,1.0,0,0.0,1.0,0,0.0,1.0,0,0.0,0.0,True,0.0,False,False,False,0.0,0.0
Portkey-AI/gateway,7bb6c2b63ac52f40,False,3,155,True,0.0,0.8903225806451613,0,0.0,0.9032258064516129,0,0.0,0.9290322580645162,0,0.0,0.8617886178861789,0,0.0,0.0,True,0.0,False,False,False,0.0,0.0
Portkey-AI/gateway,a4e32d257cbb5de4,False,0,241,True,1.0,0.7593360995850622,1,1.0,0.5186721991701245,1,1.0,0.4979253112033195,1,1.0,0.7593360995850622,1,1.0,1.0,True,0.0,False,False,False,1.0,1.0
Portkey-AI/gateway,cc25267dcfeef012,False,0,92,True,0.0,0.30434782608695654,1,0.0,0.30434782608695654,1,0.0,0.29347826086956524,1,0.0,0.30434782608695654,1,1.0,1.0,True,0.0,False,False,False,0.0,0.0
Portkey-AI/gateway,488ab83f0a405c2e,False,2,119,True,0.0,0.2689075630252101,26,0.0,0.2689075630252101,26,0.0,0.2689075630252101,26,0.0,0.16806722689075632,26,0.0,0.0,True,0.0,False,False,False,0.0,0.0
Portkey-AI/gateway,b12b95877e563659,True,0,39,True,0.0,0.41025641025641024,1,0.0,0.41025641025641024,1,0.0,0.41025641025641024,1,0.0,0.48717948717948717,1,1.0,0.5,True,0.0,False,False,False,0.0,0.0
Portkey-AI/gateway,a2a171449d862fe2,False,1,271,True,0.0,0.34686346863468637,3,0.0,0.34317343173431736,3,0.0,0.3505535055350554,3,0.0,0.31365313653136534,3,1.0,0.0,True,0.0,False,False,False,0.0,0.0
Portkey-AI/gateway,c6837d6df2707758,False,0,173,True,0.0,0.8497109826589595,3,0.0,0.8497109826589595,3,0.0,0.8497109826589595,3,0.0,0.8231292517006803,2,0.0,0.0,True,0.0,False,False,False,0.0,0.0
neovim/neovim,069345d1591a64a0,False,1,345,True,0.0,0.8782608695652174,3,0.0,0.8782608695652174,3,0.0,0.5681159420289855,4,0.0,0.8869565217391304,2,0.0,0.0,False,0.0,False,False,False,0.0,0.0
neovim/neovim,c9baf58a11444ecc,False,9,1208,True,0.0,0.304635761589404,23,0.0,0.2996688741721854,24,0.0,0.30711920529801323,24,0.0,0.3148301574150787,24,0.0,0.0,True,0.0,False,False,False,0.0,0.0
neovim/neovim,955b7a8ce2100cda,False,4,837,True,0.0,0.4934289127837515,6,0.0,0.8518518518518519,7,0.0,0.8566308243727598,8,0.0,0.8541409147095179,8,0.0,0.0,False,1.0,False,False,False,0.0,0.0
neovim/neovim,33aa338d576699d9,False,0,55,True,0.0,0.6,3,0.0,0.6,3,0.0,0.5636363636363636,2,0.0,0.6,2,0.0,0.0,False,0.0,False,False,False,0.0,0.0
neovim/neovim,0ab60f7676c1e038,False,1,110,True,1.0,0.4818181818181818,7,1.0,0.4818181818181818,5,1.0,0.4909090909090909,5,1.0,0.4818181818181818,5,0.0,1.0,True,1.0,False,False,False,1.0,1.0
neovim/neovim,ed09d89203dee980,False,8,325,True,1.0,0.6246153846153846,3,1.0,0.6246153846153846,3,1.0,0.6338461538461538,3,1.0,0.6276923076923077,3,0.0,0.5,True,0.0,False,False,False,1.0,1.0
neovim/neovim,512e7fa521c22f4b,False,2,96,True,0.0,0.5625,4,0.0,0.5625,4,0.0,0.5625,4,0.0,0.5625,4,0.0,0.0,True,0.0,False,False,False,0.0,0.0
neovim/neovim,6923b547564a1942,False,0,58,True,0.0,0.29310344827586204,1,0.0,0.43103448275862066,1,0.0,0.43103448275862066,1,0.0,0.43103448275862066,1,0.0,0.0,False,0.0,False,False,False,0.0,0.0
neovim/neovim,93c458d6523f1fd2,False,0,374,True,0.0,0.7566844919786097,5,0.0,0.7754010695187166,5,0.0,0.6871657754010695,5,0.0,0.7593582887700535,5,0.0,0.0,True,0.0,False,False,False,0.0,0.0
neovim/neovim,3ec151711fa4aa58,False,1,118,True,1.0,0.5423728813559322,2,1.0,0.7711864406779662,2,1.0,0.7711864406779662,2,1.0,0.7711864406779662,2,0.0,0.0,False,1.0,False,False,False,1.0,1.0
neovim/neovim,b36669b318d1ea0f,False,9,929,True,1.0,0.6480086114101185,33,1.0,0.6307857911733046,34,1.0,0.6243272335844995,34,1.0,0.6487068965517241,33,0.0,0.0,True,0.0,False,False,False,1.0,1.0
neovim/neovim,1f692ddb403537c5,False,4,421,True,0.0,0.2850356294536817,3,0.0,0.2850356294536817,3,0.0,0.26365795724465557,3,0.0,0.2898550724637681,3,0.0,0.0,True,0.0,False,False,False,0.0,0.0
neovim/neovim,34773f7b0a8fedeb,False,0,246,True,1.0,0.6097560975609756,6,1.0,0.508130081300813,5,1.0,0.5040650406504065,5,1.0,0.6097560975609756,6,0.0,0.0,True,0.0,False,False,False,1.0,1.0
neovim/neovim,5b8e70a02d059fb6,False,1,159,True,0.0,0.3522012578616352,5,0.0,0.36477987421383645,6,0.0,0.3836477987421384,6,0.0,0.3710691823899371,5,1.0,0.0,True,0.0,False,False,False,0.0,0.0
neovim/neovim,4a0579aeb993ac0e,False,0,38,True,0.0,0.7894736842105263,1,0.0,0.7894736842105263,1,0.0,0.7894736842105263,1,0.0,0.7894736842105263,1,0.0,0.0,True,0.0,False,False,False,0.0,0.0
neovim/neovim,32cf9cfcc3e0867b,True,3,323,True,0.0,0.4148606811145511,2,0.0,0.4117647058823529,3,0.0,0.4117647058823529,3,0.0,0.4872611464968153,5,0.0,0.0,False,0.0,False,False,False,0.0,0.0
neovim/neovim,df85e403b5e99452,False,2,238,True,1.0,0.3487394957983193,7,0.0,0.2605042016806723,6,0.0,0.21428571428571427,9,1.0,0.3487394957983193,7,0.0,0.0,True,0.0,False,False,False,1.0,1.0
neovim/neovim,b25ae7381f472683,False,1,120,True,0.0,0.2916666666666667,2,0.0,0.31666666666666665,2,0.0,0.3,2,0.0,0.31932773109243695,2,0.0,0.0,True,0.0,False,False,False,0.0,0.0
neovim/neovim,728d3ae352b52f16,False,10,700,True,1.0,0.23857142857142857,23,1.0,0.23714285714285716,24,1.0,0.23857142857142857,33,1.0,0.23857142857142857,23,0.0,0.5,True,0.0,False,False,False,1.0,1.0
neovim/neovim,4acb305677a88bdc,False,3,185,True,0.0,0.22702702702702704,6,0.0,0.2756756756756757,7,0.0,0.31891891891891894,9,0.0,0.22702702702702704,7,0.0,0.25,True,0.0,False,False,False,0.0,0.0
NixOS/nix,08fa50eca8241012,False,1,67,True,0.0,0.7611940298507462,1,0.0,0.8059701492537313,1,0.0,0.8059701492537313,1,0.0,0.9552238805970149,1,0.0,0.0,True,0.0,False,False,False,0.0,0.0
NixOS/nix,6d39a21ec7c898ae,False,0,132,True,0.0,0.5303030303030303,4,0.0,0.5303030303030303,4,0.0,0.3106060606060606,7,0.0,0.6363636363636364,4,0.0,0.3333333333333333,True,1.0,False,False,False,0.0,0.0
NixOS/nix,e61c27617e0e4e0e,False,0,36,True,0.0,0.6944444444444444,3,0.0,0.7222222222222222,3,0.0,0.7222222222222222,3,0.0,0.7222222222222222,2,1.0,1.0,True,0.0,False,False,False,0.0,0.0
NixOS/nix,fea63d95be341e3e,False,0,141,True,0.0,0.3120567375886525,4,0.0,0.3191489361702128,4,0.0,0.2978723404255319,4,0.0,0.3404255319148936,4,1.0,1.0,True,0.0,False,False,False,0.0,0.0
NixOS/nix,28d2cb672251c46b,False,2,323,True,0.0,0.2476780185758514,8,0.0,0.26006191950464397,8,0.0,0.25077399380804954,8,0.0,0.28792569659442724,8,0.0,0.0,True,0.0,False,False,False,0.0,0.0
NixOS/nix,5bb6b6e73042f7d8,False,0,71,True,1.0,0.8169014084507042,0,1.0,0.8169014084507042,0,1.0,0.29577464788732394,2,1.0,1.0,0,0.0,1.0,True,0.0,False,False,False,1.0,1.0
NixOS/nix,9082a0c6911da678,False,0,58,True,1.0,0.7758620689655172,3,1.0,0.7931034482758621,2,1.0,0.7758620689655172,2,1.0,0.7758620689655172,2,1.0,1.0,True,0.0,False,False,False,1.0,1.0
NixOS/nix,acd1b54b30afde34,False,0,124,True,1.0,0.4596774193548387,3,1.0,0.46774193548387094,3,1.0,0.46774193548387094,3,1.0,0.46774193548387094,2,0.0,0.0,True,0.0,False,False,False,1.0,1.0
NixOS/nix,eb01d0a62c58a910,False,3,487,True,1.0,0.839835728952772,2,1.0,0.784394250513347,2,1.0,0.7330595482546202,2,1.0,0.839835728952772,1,1.0,1.0,True,0.0,False,False,False,1.0,1.0
NixOS/nix,4220e3938c4e52f4,False,0,182,True,0.0,0.3626373626373626,8,0.0,0.37362637362637363,8,0.0,0.37362637362637363,8,0.0,0.37362637362637363,7,1.0,1.0,True,0.0,False,False,False,0.0,0.0
NixOS/nix,00ce35aad7e1d7c5,False,2,675,True,0.0,0.4474074074074074,4,0.0,0.49777777777777776,4,0.0,0.4014814814814815,4,0.0,0.5964125560538116,4,0.0,0.0,True,0.0,False,False,False,0.0,0.0
NixOS/nix,eb5e5e3b3ea91736,False,0,92,True,1.0,0.4673913043478261,6,1.0,0.45652173913043476,5,1.0,0.45652173913043476,5,1.0,0.5108695652173914,5,1.0,1.0,True,0.0,False,False,False,1.0,1.0
NixOS/nix,b8d1ea9a966e568d,False,1,86,True,0.0,0.5813953488372093,0,0.0,0.686046511627907,1,0.0,0.686046511627907,1,0.0,0.5930232558139535,0,0.0,0.0,True,0.0,False,False,False,0.0,0.0
NixOS/nix,7df9a3e43b0c786d,False,2,40,True,0.0,0.525,2,0.0,0.575,2,0.0,0.575,2,0.0,0.525,1,1.0,0.0,True,0.0,False,False,False,0.0,0.0
NixOS/nix,e23eedbf9fd66095,False,0,141,True,0.0,0.23404255319148937,10,0.0,0.22695035460992907,10,0.0,0.22695035460992907,10,0.0,0.2624113475177305,10,1.0,0.0,True,1.0,False,False,False,0.0,0.0
NixOS/nix,83beba1a61b03300,False,3,226,True,0.0,0.5707964601769911,3,0.0,0.5796460176991151,2,0.0,0.39823008849557523,3,0.0,0.6460176991150443,2,0.0,0.0,True,0.0,False,False,False,0.0,0.0
NixOS/nix,fe254acfaf520814,False,0,23,True,1.0,0.9565217391304348,1,1.0,1.0,0,1.0,0.9130434782608695,2,1.0,1.0,0,1.0,1.0,True,0.0,False,False,False,1.0,1.0
NixOS/nix,1bb969ff5fd6d604,False,1,158,True,1.0,0.6962025316455697,4,1.0,0.7025316455696202,4,1.0,0.4936708860759494,3,1.0,0.8838709677419355,3,1.0,1.0,True,1.0,False,False,False,1.0,1.0
NixOS/nix,c472f3ce56be1ff5,True,0,45,True,0.0,0.8666666666666667,1,0.0,0.6444444444444445,2,0.0,0.6444444444444445,2,0.0,0.9230769230769231,1,0.0,0.0,True,0.0,False,False,False,0.0,0.0
NixOS/nix,074f0236ae704b71,False,1,219,True,0.0,0.7671232876712328,6,0.0,0.7945205479452054,6,0.0,0.8082191780821918,6,0.0,0.8310502283105022,8,1.0,0.0,True,0.0,False,False,False,0.0,0.0
NixOS/nix,367ffc19ac680edb,False,3,1005,True,0.0,0.48955223880597015,13,0.0,0.5472636815920398,14,0.0,0.5532338308457712,14,0.0,0.5571142284569138,15,0.0,0.0,True,0.0,False,False,False,0.0,0.0
alshedivat/al-folio,9058a7c7044ff8a3,False,0,36,True,0.0,0.6111111111111112,0,0.0,0.7777777777777778,0,0.0,0.7777777777777778,0,0.0,0.6111111111111112,0,0.0,0.0,True,0.0,False,False,False,0.0,0.0
alshedivat/al-folio,c4bb6782f092a747,False,0,30,True,0.0,1.0,0,0.0,1.0,0,0.0,1.0,0,0.0,1.0,0,0.0,0.0,True,0.0,False,False,False,0.0,0.0
alshedivat/al-folio,b6f24604d3d04df6,False,0,27,True,0.0,1.0,0,0.0,1.0,0,0.0,1.0,0,0.0,1.0,0,0.0,0.0,True,0.0,False,False,False,0.0,0.0
alshedivat/al-folio,25b0ef0a7f03b444,False,2,1501,True,0.0,0.7388407728181212,6,0.0,0.7428381079280479,6,0.0,0.7428381079280479,6,0.0,0.7432975871313673,7,0.0,0.0,True,0.0,False,False,False,0.0,0.0
alshedivat/al-folio,868de1bb8db54b4c,False,0,34,True,0.0,0.47058823529411764,4,0.0,0.47058823529411764,5,0.0,0.47058823529411764,5,0.0,0.47058823529411764,5,1.0,0.5,True,1.0,False,False,False,0.0,0.0
alshedivat/al-folio,36830fc3e89a6b33,False,0,298,True,0.0,0.3825503355704698,0,0.0,0.6006711409395973,2,0.0,0.5906040268456376,2,0.0,0.555956678700361,2,0.0,0.0,True,0.0,False,False,False,0.0,0.0
alshedivat/al-folio,49ff583ae8543275,False,0,25,True,0.0,0.4,0,0.0,0.4,0,0.0,0.4,0,0.0,0.4,0,0.0,0.0,True,0.0,False,False,False,0.0,0.0
alshedivat/al-folio,e7c5b0360a300d20,False,0,51,True,0.0,1.0,0,0.0,1.0,0,0.0,0.5490196078431373,0,0.0,1.0,0,0.0,0.0,False,1.0,False,False,False,0.0,0.0
alshedivat/al-folio,ae1a9536069418f5,False,1,52,True,0.0,0.6153846153846154,1,0.0,0.6346153846153846,1,0.0,0.34615384615384615,1,0.0,0.6153846153846154,1,0.0,0.0,False,1.0,False,False,False,0.0,0.0
alshedivat/al-folio,79d507b8f0264be4,False,0,34,True,0.0,0.7352941176470589,0,0.0,0.6764705882352942,0,0.0,0.6764705882352942,0,0.0,0.6764705882352942,0,0.0,0.0,False,0.0,False,False,False,0.0,0.0
alshedivat/al-folio,bc37d034bad56458,False,0,13,True,0.0,0.38461538461538464,0,0.0,0.38461538461538464,0,0.0,0.38461538461538464,0,0.0,0.4166666666666667,0,0.0,0.0,False,0.0,False,False,False,0.0,0.0
alshedivat/al-folio,3fa96db64d99b493,True,0,209,True,1.0,0.9952153110047847,1,1.0,0.9952153110047847,1,1.0,0.9952153110047847,1,0.0,1.0,0,0.0,0.0,False,0.0,False,False,False,1.0,0.0
alshedivat/al-folio,965b513c12e03d41,False,1,96,True,1.0,0.78125,3,1.0,0.78125,3,1.0,0.53125,5,1.0,0.78125,3,0.0,0.0,True,0.0,False,False,False,1.0,1.0
alshedivat/al-folio,b335630551682c19,False,3,494,True,1.0,0.31376518218623484,110,1.0,0.31781376518218624,113,1.0,0.3097165991902834,113,1.0,0.33874239350912777,110,0.0,1.0,True,1.0,False,False,False,1.0,1.0
alshedivat/al-folio,09b140a43ebfdd8d,False,1,253,True,1.0,0.6719367588932806,5,1.0,0.6719367588932806,4,1.0,0.3201581027667984,6,1.0,0.6758893280632411,4,1.0,1.0,True,1.0,False,False,False,1.0,1.0
janestreet/magic-trace,256c7f813e969b7f,True,1,818,False,0.0,0.1882640586797066,2,0.0,0.23471882640586797,4,0.0,0.2396088019559902,4,0.0,0.2200247218788628,2,0.0,0.0,True,0.0,False,False,False,0.0,0.0
janestreet/magic-trace,e8e82f497a0dcfe3,True,0,7,False,0.0,0.7142857142857143,0,0.0,0.7142857142857143,0,0.0,0.7142857142857143,0,0.0,0.7142857142857143,0,0.0,0.0,True,0.0,False,False,False,0.0,0.0
janestreet/magic-trace,6b8629aab5d27d37,False,1,734,False,0.0,0.7833787465940054,2,0.0,0.8801089918256131,2,0.0,0.662125340599455,4,0.0,0.8801089918256131,2,0.0,0.0,True,0.0,False,False,False,0.0,0.0
janestreet/magic-trace,89dcf9a56d39ea34,False,1,23,False,0.0,0.4782608695652174,2,0.0,0.4782608695652174,2,0.0,0.4782608695652174,2,0.0,0.5238095238095238,1,0.0,0.0,True,0.0,False,False,False,0.0,0.0
janestreet/magic-trace,f196b260e693c715,False,1,15,False,0.0,0.6,0,0.0,0.6,0,0.0,0.6,0,0.0,0.6,0,0.0,0.0,False,0.0,False,False,False,0.0,0.0
janestreet/magic-trace,0f8ddec814c35ed6,True,0,6,False,0.0,0.8333333333333334,0,0.0,0.6666666666666666,0,0.0,0.6666666666666666,0,0.0,1.0,0,0.0,0.0,False,0.0,False,False,False,0.0,0.0
janestreet/magic-trace,73428b4294eda963,False,0,2,False,0.0,0.5,0,0.0,0.5,0,0.0,0.5,0,0.0,0.5,0,0.0,0.0,True,0.0,False,False,False,0.0,0.0
janestreet/magic-trace,cb19ab604d7b8da9,True,0,6,False,0.0,0.8333333333333334,0,0.0,0.6666666666666666,0,0.0,0.6666666666666666,0,0.0,1.0,0,0.0,0.0,False,0.0,False,False,False,0.0,0.0
janestreet/magic-trace,055f8e32ad9d695a,True,0,5,False,0.0,1.0,0,0.0,1.0,0,0.0,1.0,0,0.0,1.0,0,0.0,0.0,False,0.0,False,False,False,0.0,0.0
janestreet/magic-trace,61f52b0c75b1f84f,False,0,104,False,0.0,0.6153846153846154,2,0.0,0.7115384615384616,3,0.0,0.7115384615384616,3,0.0,0.6923076923076923,2,0.0,0.0,True,0.0,False,False,False,0.0,0.0
janestreet/magic-trace,09a9b3cb6ee01e4b,False,0,1233,False,0.0,0.2960259529602595,4,0.0,0.37307380373073806,4,0.0,0.38523925385239255,4,0.0,0.35766423357664234,2,0.0,0.0,True,0.0,False,False,False,0.0,0.0
janestreet/magic-trace,7b48cb140154ad52,False,0,116,False,0.0,0.5603448275862069,0,0.0,0.5775862068965517,0,0.0,0.5517241379310345,1,0.0,0.5517241379310345,0,0.0,0.0,True,0.0,False,False,False,0.0,0.0
janestreet/magic-trace,cd35f2fd1f239c4c,False,0,543,False,0.0,0.35174953959484345,3,0.0,0.5267034990791897,3,0.0,0.5082872928176796,3,0.0,0.5395948434622467,3,0.0,0.0,True,0.0,False,False,False,0.0,0.0
janestreet/magic-trace,477b6ffc05680e22,False,0,222,False,0.0,0.5945945945945946,1,0.0,0.6081081081081081,0,0.0,0.6081081081081081,0,0.0,0.581081081081081,0,0.0,0.0,True,0.0,False,False,False,0.0,0.0
dlt-hub/dlt,4c817291233a9029,False,1,117,True,1.0,0.8974358974358975,1,1.0,0.9145299145299145,1,1.0,0.9145299145299145,1,1.0,0.9821428571428571,1,1.0,1.0,True,0.0,False,False,False,1.0,1.0
dlt-hub/dlt,8f8341e7bd32b4a4,False,1,193,True,0.0,0.46113989637305697,1,0.0,0.45595854922279794,1,0.0,0.46113989637305697,1,0.0,0.5,1,1.0,1.0,True,0.0,False,False,False,0.0,0.0
dlt-hub/dlt,94b298f3d1b42a27,False,0,83,True,1.0,0.6385542168674698,2,1.0,0.6385542168674698,2,1.0,0.6506024096385542,2,1.0,0.6746987951807228,1,0.0,1.0,True,0.0,False,False,False,1.0,1.0
dlt-hub/dlt,b5a4cced77b4252f,False,5,4374,True,1.0,0.3577960676726109,3,1.0,0.3559670781893004,3,1.0,0.3497942386831276,3,1.0,0.38828683421720084,4,1.0,0.5,True,0.0,False,False,False,1.0,1.0
dlt-hub/dlt,7b1d9efec2b27af1,False,4,602,True,1.0,0.292358803986711,9,1.0,0.30398671096345514,9,1.0,0.31727574750830567,9,1.0,0.33166666666666667,9,0.0,1.0,True,0.0,False,False,False,1.0,1.0
dlt-hub/dlt,677766f90173dec5,False,0,69,True,1.0,0.855072463768116,0,1.0,0.855072463768116,0,1.0,0.855072463768116,0,1.0,1.0,0,1.0,1.0,True,0.0,False,False,False,1.0,1.0
dlt-hub/dlt,f2395b28711517d3,False,0,78,True,0.0,0.9102564102564102,0,0.0,0.9102564102564102,0,0.0,0.9102564102564102,0,0.0,0.974025974025974,1,1.0,1.0,True,1.0,False,False,False,0.0,0.0
dlt-hub/dlt,0dfd619e92a23b19,True,2,243,True,0.0,0.2674897119341564,3,0.0,0.2674897119341564,3,1.0,0.3292181069958848,3,0.0,0.30416666666666664,3,0.0,0.0,True,0.0,False,False,False,0.0,0.0
dlt-hub/dlt,fea8d77aac633e31,False,0,70,True,1.0,0.9,0,1.0,0.9142857142857143,0,1.0,0.9142857142857143,0,1.0,1.0,0,1.0,1.0,True,0.0,False,False,False,1.0,1.0
dlt-hub/dlt,2d6d3bbcfbfaf9ce,False,0,27,True,0.0,0.8518518518518519,0,0.0,0.8888888888888888,0,0.0,0.8888888888888888,0,0.0,1.0,0,0.0,0.0,False,0.0,False,False,False,0.0,0.0
dlt-hub/dlt,1f43bb54dbfd207f,False,0,106,True,0.0,0.6509433962264151,3,0.0,0.6509433962264151,3,0.0,0.660377358490566,5,0.0,0.6698113207547169,3,0.0,0.0,True,0.0,False,False,False,0.0,0.0
dlt-hub/dlt,875510adc10a4362,False,1,66,True,1.0,0.7121212121212122,1,1.0,0.7424242424242424,1,1.0,0.7272727272727273,1,1.0,0.8181818181818182,2,0.0,0.0,True,0.0,False,False,False,1.0,1.0
dlt-hub/dlt,ca2dc8f943a4daa3,False,1,276,True,1.0,0.5688405797101449,2,1.0,0.572463768115942,2,1.0,0.5978260869565217,2,1.0,0.5919117647058824,1,1.0,1.0,True,0.0,False,False,False,1.0,1.0
dlt-hub/dlt,082718fb2ac3457d,False,0,91,True,0.0,0.8021978021978022,0,0.0,0.8021978021978022,0,0.0,0.8021978021978022,0,0.0,0.8571428571428571,0,0.0,0.0,True,0.0,False,False,False,0.0,0.0
dlt-hub/dlt,fed93630768aa39d,True,0,9,True,0.0,0.7777777777777778,0,0.0,0.6666666666666666,0,0.0,0.6666666666666666,0,1.0,0.75,0,1.0,1.0,True,0.0,False,False,False,0.0,1.0
dlt-hub/dlt,49813157e2e8375f,False,0,129,True,0.0,0.751937984496124,1,0.0,0.7596899224806202,1,0.0,0.7829457364341085,2,0.0,0.8984375,1,0.0,0.0,True,0.0,False,False,False,0.0,0.0
dlt-hub/dlt,4a715ecdbdd5a268,False,0,64,True,0.0,0.625,0,0.0,0.65625,0,0.0,0.65625,0,0.0,0.7777777777777778,0,1.0,1.0,True,1.0,False,False,False,0.0,0.0
openssl/openssl,013693ee255c83ea,True,0,122,True,0.0,0.5,5,0.0,0.5327868852459017,5,0.0,0.5327868852459017,5,0.0,0.5655737704918032,5,0.0,0.0,False,0.0,False,False,False,0.0,0.0
openssl/openssl,f1bfc666d9b7824d,True,3,426,True,0.0,0.6173708920187794,15,0.0,0.568075117370892,17,0.0,0.5751173708920188,17,0.0,0.5779569892473119,18,0.0,0.0,True,0.0,False,False,False,0.0,0.0
openssl/openssl,67db6b3831d76eda,True,0,327,True,0.0,0.6788990825688074,9,0.0,0.42201834862385323,8,0.0,0.42813455657492355,8,0.0,0.4919093851132686,9,0.0,0.0,False,0.0,False,False,False,0.0,0.0
openssl/openssl,ee7ddb406ac24836,False,0,166,True,0.0,0.7168674698795181,8,0.0,0.6445783132530121,6,0.0,0.6445783132530121,6,0.0,0.7168674698795181,7,0.0,0.0,False,0.0,False,False,False,0.0,0.0
openssl/openssl,304445fed6841989,True,0,292,True,0.0,0.5102739726027398,11,0.0,0.5445205479452054,11,0.0,0.5547945205479452,10,0.0,0.5616438356164384,12,0.0,0.0,True,0.0,False,False,False,0.0,0.0
openssl/openssl,78ed4660fbeb3ac4,False,1,460,True,0.0,0.4,15,0.0,0.3869565217391304,14,0.0,0.2673913043478261,16,0.0,0.4017467248908297,15,1.0,0.3333333333333333,True,0.0,False,False,False,0.0,0.0
openssl/openssl,285163e21c9be149,True,0,262,True,0.0,0.40458015267175573,8,0.0,0.4847328244274809,10,0.0,0.4847328244274809,10,0.0,0.42857142857142855,11,1.0,0.5,True,0.0,False,False,False,0.0,0.0
openssl/openssl,1f4157071f79255a,False,0,168,True,0.0,0.35119047619047616,8,0.0,0.35119047619047616,9,0.0,0.35119047619047616,9,0.0,0.35119047619047616,8,0.0,0.0,True,0.0,False,False,False,0.0,0.0
openssl/openssl,bc4b7d8fa8518b9f,False,0,351,True,0.0,0.32193732193732194,12,0.0,0.41595441595441596,12,0.0,0.4301994301994302,13,0.0,0.4327485380116959,11,0.0,0.0,True,0.0,False,False,False,0.0,0.0
openssl/openssl,3a8acecb412715b1,True,0,239,True,0.0,0.6610878661087866,10,0.0,0.5857740585774058,13,0.0,0.5857740585774058,13,0.0,0.6401673640167364,11,0.0,0.0,False,0.0,False,False,False,0.0,0.0
openssl/openssl,eb10142c2cce38f4,True,0,1007,True,0.0,0.48063555114200596,23,0.0,0.27805362462760674,23,0.0,0.2740814299900695,23,0.0,0.34046890927624873,25,1.0,0.5,True,0.0,False,False,False,0.0,0.0
openssl/openssl,c003570e4501cc33,True,0,515,True,1.0,0.7165048543689321,12,0.0,0.6640776699029126,12,0.0,0.6699029126213593,12,0.0,0.6743215031315241,12,0.0,0.0,True,0.0,False,False,False,1.0,0.0
openssl/openssl,ea8d6a765ecab42e,True,0,805,True,0.0,0.8136645962732919,8,0.0,0.6708074534161491,8,0.0,0.6708074534161491,10,0.0,0.9372549019607843,9,0.0,0.0,False,0.0,False,False,False,0.0,0.0
openssl/openssl,b7c07a85e485d1bf,True,0,409,True,0.0,0.4963325183374083,12,0.0,0.38875305623471884,13,0.0,0.38141809290953543,12,0.0,0.38141809290953543,12,0.0,0.0,True,0.0,False,False,False,0.0,0.0
openssl/openssl,0f0f084af239f330,True,1,443,True,0.0,0.32054176072234764,10,0.0,0.38826185101580135,10,0.0,0.4198645598194131,12,0.0,0.49209932279909707,11,0.0,0.0,False,0.0,False,False,False,0.0,0.0
openssl/openssl,80ff5f463c736274,False,2,1150,True,0.0,0.3173913043478261,23,0.0,0.3191304347826087,23,0.0,0.37043478260869567,23,0.0,0.31766753698868583,23,1.0,0.0,True,0.0,False,False,False,0.0,0.0
openssl/openssl,fbe1686ba03b341f,True,0,496,True,0.0,0.17338709677419356,13,0.0,0.12298387096774194,12,0.0,0.12903225806451613,12,0.0,0.1337448559670782,14,0.0,0.0,True,0.0,False,False,False,0.0,0.0
openssl/openssl,56096a8675c0c8e5,True,0,137,True,0.0,0.4233576642335766,5,0.0,0.5474452554744526,6,0.0,0.5474452554744526,6,0.0,0.5766423357664233,6,0.0,0.0,False,0.0,False,False,False,0.0,0.0
discourse/discourse,9038a8be96508c97,False,0,39,True,1.0,0.8974358974358975,0,1.0,0.8974358974358975,0,1.0,0.8205128205128205,1,1.0,0.8974358974358975,0,0.0,0.0,True,0.0,False,False,False,1.0,1.0
discourse/discourse,64decb46165820ab,False,0,23,True,0.0,0.7391304347826086,1,0.0,0.7391304347826086,1,0.0,0.7391304347826086,1,0.0,0.8636363636363636,1,0.0,0.0,False,0.0,False,False,False,0.0,0.0
discourse/discourse,bb8bcb6ef2e13ab9,True,9,3757,True,0.0,0.26537130689379823,58,0.0,0.2600479105669417,58,0.0,0.25126430662762844,58,0.0,0.09154362416107382,56,0.0,0.5,True,0.0,False,False,False,0.0,0.0
discourse/discourse,130410686105f369,False,0,49,True,0.0,0.46938775510204084,0,0.0,0.46938775510204084,0,0.0,0.46938775510204084,0,0.0,0.5102040816326531,0,0.0,0.0,True,0.0,False,False,False,0.0,0.0
discourse/discourse,cdcc0eabeb01a6c2,False,3,717,True,1.0,0.4393305439330544,14,1.0,0.4421199442119944,15,1.0,0.4309623430962343,15,1.0,0.2887323943661972,15,1.0,0.5,True,0.0,False,False,False,1.0,1.0
discourse/discourse,e6d401afd991ec57,True,0,28,True,1.0,0.7142857142857143,2,1.0,0.42857142857142855,2,1.0,0.42857142857142855,2,0.0,0.32,3,0.0,1.0,True,0.0,False,False,False,1.0,0.0
discourse/discourse,c0e99d259d5c489f,True,0,156,True,1.0,0.5,1,0.0,0.8076923076923077,3,0.0,0.6153846153846154,6,0.0,0.8823529411764706,3,1.0,1.0,True,0.0,False,False,False,1.0,0.0
discourse/discourse,4c0191dc227c8c0b,False,0,103,True,0.0,0.30097087378640774,0,0.0,0.24271844660194175,0,0.0,0.24271844660194175,1,0.0,0.30097087378640774,0,0.0,0.5,True,0.0,False,False,False,0.0,0.0
discourse/discourse,81534b70eeaaa6e8,False,0,65,True,0.0,0.4461538461538462,3,0.0,0.5538461538461539,3,0.0,0.5538461538461539,3,0.0,0.5538461538461539,3,0.0,0.0,True,0.0,False,False,False,0.0,0.0
discourse/discourse,b2b8698ac55a7948,False,0,14,True,1.0,0.5,0,1.0,0.5,0,1.0,0.42857142857142855,0,1.0,0.5,0,1.0,1.0,True,0.0,False,False,False,1.0,1.0
discourse/discourse,3dc4c2555482f40d,True,0,94,True,1.0,0.425531914893617,3,0.0,0.3723404255319149,4,0.0,0.39361702127659576,3,0.0,0.34065934065934067,1,0.0,1.0,True,0.0,False,False,False,1.0,0.0
discourse/discourse,f6e5daf1b860c45a,False,0,11,True,0.0,0.45454545454545453,0,0.0,0.45454545454545453,0,0.0,0.45454545454545453,0,0.0,0.45454545454545453,0,1.0,0.0,False,0.0,False,False,False,0.0,0.0
discourse/discourse,0db8d2efd1470670,False,0,82,True,0.0,0.8048780487804879,5,0.0,0.8170731707317073,5,0.0,0.7560975609756098,6,0.0,0.8765432098765432,5,0.0,0.0,True,0.0,False,False,False,0.0,0.0
discourse/discourse,57359c5869a4a1d4,False,0,14,True,0.0,0.5,0,0.0,0.5,0,0.0,0.5,0,0.0,0.5,0,1.0,1.0,True,0.0,False,False,False,0.0,0.0
discourse/discourse,26525ee40e09ccba,False,0,69,True,0.0,0.5217391304347826,0,0.0,0.855072463768116,1,0.0,0.7536231884057971,3,0.0,0.9545454545454546,2,1.0,1.0,True,0.0,False,False,False,0.0,0.0
pyinfra-dev/pyinfra,17da54673d3d8909,False,0,24,True,0.0,0.875,1,0.0,0.875,1,0.0,0.875,1,0.0,0.8695652173913043,1,0.0,0.0,False,0.0,False,False,False,0.0,0.0
pyinfra-dev/pyinfra,a2d0091264c1e470,False,0,6,True,0.0,0.6666666666666666,0,0.0,0.6666666666666666,0,0.0,0.6666666666666666,0,0.0,0.8333333333333334,0,0.0,0.0,False,0.0,False,False,False,0.0,0.0
pyinfra-dev/pyinfra,8e4b67cf3fd5366f,False,6,273,True,0.0,0.4542124542124542,4,0.0,0.4652014652014652,4,0.0,0.42124542124542125,4,0.0,0.3445692883895131,4,0.0,0.0,True,0.0,False,False,False,0.0,0.0
pyinfra-dev/pyinfra,7b2eb920be64338b,True,1,102,True,0.0,0.5882352941176471,0,0.0,0.5882352941176471,0,0.0,0.5882352941176471,0,0.0,0.6237623762376238,0,0.0,0.0,False,0.0,False,False,True,0.0,0.0
pyinfra-dev/pyinfra,3a4264ff8426739a,False,0,250,True,0.0,0.54,1,0.0,0.56,1,0.0,0.58,1,0.0,0.8104838709677419,1,0.0,0.0,False,0.0,False,False,False,0.0,0.0
pyinfra-dev/pyinfra,44a476d81b8d0e7a,True,0,123,True,0.0,0.4796747967479675,2,0.0,0.4796747967479675,2,0.0,0.4796747967479675,2,0.0,0.8861788617886179,2,0.0,0.0,False,0.0,False,False,True,0.0,0.0
pyinfra-dev/pyinfra,3fd3639b9838ea5b,False,1,234,True,0.0,0.5042735042735043,0,0.0,0.5042735042735043,0,0.0,0.5641025641025641,1,0.0,0.6025641025641025,1,0.0,0.0,True,0.0,False,False,False,0.0,0.0
pyinfra-dev/pyinfra,f80a56a4e39239f6,False,0,31,True,1.0,0.967741935483871,1,1.0,0.967741935483871,1,1.0,0.967741935483871,1,1.0,0.967741935483871,1,1.0,1.0,True,1.0,False,False,False,1.0,1.0
pyinfra-dev/pyinfra,67186f766ea1261d,False,2,112,True,0.0,0.6964285714285714,1,0.0,0.6964285714285714,1,0.0,0.6785714285714286,1,0.0,0.5545454545454546,1,0.0,0.0,False,0.0,False,False,False,0.0,0.0
pyinfra-dev/pyinfra,ca01ba27a170d86b,False,2,36,True,0.0,1.0,0,0.0,1.0,0,0.0,1.0,0,0.0,1.0,0,0.0,0.0,False,0.0,False,False,False,0.0,0.0
pyinfra-dev/pyinfra,85933aa74a2d66c3,True,1,79,True,1.0,0.6329113924050633,2,1.0,0.620253164556962,2,1.0,0.620253164556962,2,0.0,0.5,1,0.0,0.0,False,1.0,False,False,True,1.0,0.0
pyinfra-dev/pyinfra,64f185fd01c3be91,False,0,120,True,0.0,0.875,0,0.0,0.875,0,0.0,0.675,1,0.0,0.875,0,0.0,0.0,True,0.0,False,False,False,0.0,0.0
pyinfra-dev/pyinfra,24e57d9fd815bd80,False,0,58,True,0.0,0.8275862068965517,1,0.0,0.8275862068965517,1,0.0,0.8103448275862069,2,0.0,0.8214285714285714,1,0.0,0.0,True,0.0,False,False,False,0.0,0.0
pyinfra-dev/pyinfra,f60873b64b1a543b,False,0,128,True,0.0,0.6328125,3,0.0,0.625,3,0.0,0.5703125,4,0.0,0.5241935483870968,3,0.0,0.0,True,0.0,False,False,False,0.0,0.0
pyinfra-dev/pyinfra,10aa29f7d4119a2a,False,0,234,True,0.0,0.49572649572649574,0,0.0,0.49572649572649574,0,0.0,0.5726495726495726,1,0.0,0.7051282051282052,0,0.0,0.0,False,0.0,False,False,False,0.0,0.0
pyinfra-dev/pyinfra,9106c17301a5ba56,False,2,91,True,0.0,0.7692307692307693,1,0.0,0.7472527472527473,1,0.0,0.7472527472527473,1,0.0,0.7142857142857143,1,0.0,0.0,True,0.0,False,False,False,0.0,0.0
pyinfra-dev/pyinfra,3d80fb56afb90577,False,1,479,True,0.0,0.32150313152400833,6,0.0,0.3235908141962422,5,0.0,0.325678496868476,5,0.0,0.36,6,0.0,0.0,True,0.0,False,False,False,0.0,0.0
pyinfra-dev/pyinfra,1aa04b3ddd9ae5c8,False,0,176,True,0.0,0.7727272727272727,2,0.0,0.7159090909090909,2,0.0,0.5965909090909091,2,0.0,0.7109826589595376,2,0.0,0.0,True,0.0,False,False,False,0.0,0.0
pyinfra-dev/pyinfra,d293800ed80c0101,False,3,949,True,0.0,0.3667017913593256,1,0.0,0.3667017913593256,1,0.0,0.35932560590094836,2,0.0,0.3667017913593256,1,0.0,0.0,True,0.0,False,False,False,0.0,0.0
pyinfra-dev/pyinfra,780b99b012f874a0,False,0,16,True,0.0,1.0,0,0.0,1.0,0,0.0,0.8125,0,0.0,1.0,0,0.0,0.0,False,0.0,False,False,False,0.0,0.0
pyinfra-dev/pyinfra,477def1cb8e5293d,False,1,42,True,1.0,0.9761904761904762,1,1.0,0.9761904761904762,1,1.0,0.9761904761904762,1,1.0,0.9761904761904762,1,0.0,0.0,False,1.0,False,False,False,1.0,1.0
getsentry/sentry-javascript,024a9808f4b77e53,False,0,48,True,0.0,0.8333333333333334,3,0.0,0.8333333333333334,3,0.0,0.4375,3,0.0,0.8333333333333334,3,0.0,0.0,True,0.0,False,False,False,0.0,0.0
getsentry/sentry-javascript,25a36289b96c52af,False,1,33,True,0.0,0.7575757575757576,1,0.0,0.7575757575757576,1,0.0,0.7575757575757576,1,0.0,0.8181818181818182,1,0.0,0.0,True,0.0,False,False,False,0.0,0.0
getsentry/sentry-javascript,c5b2ba5272dd11b5,False,2,13,True,0.0,0.8461538461538461,0,0.0,0.8461538461538461,0,0.0,0.8461538461538461,0,0.0,0.8461538461538461,0,0.0,0.0,True,0.0,False,False,False,0.0,0.0
getsentry/sentry-javascript,dfc8d350d2153d6e,False,0,11,True,0.0,0.8181818181818182,0,0.0,0.8181818181818182,0,0.0,0.8181818181818182,0,0.0,0.8181818181818182,0,1.0,0.0,False,0.0,False,False,False,0.0,0.0
getsentry/sentry-javascript,a2527429d6ef4674,False,0,21,True,0.0,0.9523809523809523,1,0.0,0.9523809523809523,1,0.0,0.9523809523809523,1,0.0,0.9523809523809523,1,0.0,0.0,False,0.0,False,False,False,0.0,0.0
getsentry/sentry-javascript,dac5a874444bb82b,False,0,21,True,0.0,0.9523809523809523,1,0.0,0.9523809523809523,1,0.0,0.9523809523809523,1,0.0,0.9523809523809523,1,0.0,0.0,False,0.0,False,False,False,0.0,0.0
getsentry/sentry-javascript,752da37218be569a,False,0,15,True,0.0,0.7333333333333333,0,0.0,0.7333333333333333,0,0.0,0.7333333333333333,0,0.0,0.7333333333333333,0,0.0,0.0,True,0.0,False,False,False,0.0,0.0
getsentry/sentry-javascript,54f30b0e7f87167e,False,0,7,True,0.0,1.0,0,0.0,1.0,0,0.0,1.0,0,0.0,1.0,0,0.0,0.0,False,0.0,False,False,False,0.0,0.0
getsentry/sentry-javascript,e100e68c9d21869e,False,3,128,True,0.0,0.6484375,6,0.0,0.6953125,6,0.0,0.703125,7,0.0,0.6484375,6,0.0,0.0,True,0.0,False,False,False,0.0,0.0
getsentry/sentry-javascript,c040daffa54fc6fa,False,0,97,True,1.0,0.5257731958762887,6,1.0,0.5257731958762887,6,1.0,0.5257731958762887,6,1.0,0.5257731958762887,6,0.0,0.0,True,1.0,False,False,False,1.0,1.0
getsentry/sentry-javascript,57c13c0cb5bd31f0,False,0,39,True,0.0,0.8717948717948718,0,0.0,0.8717948717948718,0,0.0,0.8717948717948718,0,0.0,0.8717948717948718,0,1.0,0.0,False,0.0,False,False,False,0.0,0.0
getsentry/sentry-javascript,287f80f8ef17e3a5,False,0,3,True,0.0,0.6666666666666666,0,0.0,0.6666666666666666,0,0.0,0.6666666666666666,0,0.0,0.6666666666666666,0,0.0,0.0,False,0.0,False,False,False,0.0,0.0
getsentry/sentry-javascript,daf4df12ea06634a,False,0,15,True,0.0,0.7333333333333333,0,0.0,0.7333333333333333,0,0.0,0.7333333333333333,0,0.0,0.7333333333333333,0,0.0,0.0,True,1.0,False,False,False,0.0,0.0
getsentry/sentry-javascript,9a07f2aa1f31c23a,False,2,18,True,0.0,0.7222222222222222,0,0.0,0.7777777777777778,0,0.0,0.7777777777777778,0,0.0,0.7222222222222222,0,0.0,0.0,False,0.0,False,False,False,0.0,0.0
getsentry/sentry-javascript,dcd116db13069607,False,1,213,True,0.0,0.41784037558685444,6,0.0,0.4272300469483568,6,0.0,0.43661971830985913,6,0.0,0.41784037558685444,6,0.0,0.0,True,0.0,False,False,False,0.0,0.0
RSS-Bridge/rss-bridge,8533eb7fb7327ba9,True,0,112,True,0.0,0.8571428571428571,0,0.0,0.7321428571428571,0,0.0,0.7321428571428571,0,0.0,0.94,0,0.0,0.0,False,0.0,False,False,False,0.0,0.0
RSS-Bridge/rss-bridge,6b5d35944b6517de,True,1,48,True,0.0,0.8125,0,1.0,0.75,2,1.0,0.75,2,1.0,0.9347826086956522,3,0.0,0.0,False,0.0,False,False,False,0.0,1.0
RSS-Bridge/rss-bridge,b66d2a5a5fab0be5,True,0,437,True,0.0,0.9519450800915332,1,0.0,0.8558352402745996,2,0.0,0.8558352402745996,2,0.0,0.9380281690140845,4,0.0,0.0,True,0.0,False,False,False,0.0,0.0
RSS-Bridge/rss-bridge,ab78e31a050fec61,True,0,27,True,0.0,0.7777777777777778,0,0.0,0.3333333333333333,0,0.0,0.3333333333333333,0,0.0,0.3076923076923077,0,0.0,0.0,False,0.0,False,False,False,0.0,0.0
RSS-Bridge/rss-bridge,81eea2eb353c79c0,True,0,60,True,0.0,0.85,0,0.0,0.3333333333333333,2,0.0,0.35,2,0.0,0.7543859649122807,1,0.0,0.0,False,0.0,False,False,False,0.0,0.0
RSS-Bridge/rss-bridge,9c0fc4e0311603cd,True,0,746,True,0.0,0.8123324396782842,2,0.0,0.8310991957104558,1,0.0,0.8310991957104558,1,0.0,0.974739970282318,2,0.0,0.0,True,0.0,False,False,False,0.0,0.0
RSS-Bridge/rss-bridge,3bd40c69c199cb51,True,0,197,True,0.0,0.9898477157360406,1,0.0,0.6598984771573604,0,0.0,0.6598984771573604,0,0.0,0.7948717948717948,1,0.0,0.0,True,0.0,False,False,False,0.0,0.0
RSS-Bridge/rss-bridge,9e3ec65c1d6f5b00,True,0,42,True,0.0,0.7380952380952381,0,0.0,0.8333333333333334,0,0.0,0.8333333333333334,0,0.0,1.0,0,0.0,0.0,False,0.0,False,False,False,0.0,0.0
RSS-Bridge/rss-bridge,22f86e463b9e66a6,True,0,93,True,0.0,0.8709677419354839,0,0.0,0.6129032258064516,1,0.0,0.6129032258064516,1,0.0,0.95,2,0.0,0.0,True,0.0,False,False,False,0.0,0.0
RSS-Bridge/rss-bridge,0ba015b13d9884c0,True,0,65,True,0.0,0.8461538461538461,0,0.0,0.7230769230769231,0,0.0,0.7230769230769231,0,0.0,0.9354838709677419,0,0.0,0.0,False,0.0,False,False,False,0.0,0.0
RSS-Bridge/rss-bridge,5bf48b0d565b51db,True,2,425,True,1.0,0.9882352941176471,2,0.0,0.5247058823529411,8,0.0,0.5505882352941176,8,0.0,0.7241379310344828,8,1.0,1.0,True,1.0,False,False,False,1.0,0.0
RSS-Bridge/rss-bridge,639834ca90b38475,True,0,142,True,0.0,0.5704225352112676,0,1.0,0.7816901408450704,0,1.0,0.7676056338028169,0,1.0,0.9432624113475178,0,1.0,1.0,True,0.0,False,False,False,0.0,1.0
RSS-Bridge/rss-bridge,b7557e9b4fb74182,True,0,81,True,0.0,0.7283950617283951,0,0.0,0.7901234567901234,1,0.0,0.7901234567901234,1,0.0,0.9285714285714286,1,0.0,0.0,True,0.0,False,False,False,0.0,0.0
RSS-Bridge/rss-bridge,dc9ab4889d83a836,True,0,166,True,0.0,0.9819277108433735,2,0.0,0.7228915662650602,1,0.0,0.7228915662650602,1,0.0,0.9295774647887324,2,0.0,0.0,True,0.0,False,False,False,0.0,0.0
valhalla/valhalla,0838e8709a030276,False,1,460,True,0.0,0.6043478260869565,6,0.0,0.6043478260869565,6,0.0,0.47391304347826085,6,0.0,0.6130434782608696,5,0.0,0.0,True,0.0,False,False,False,0.0,0.0
valhalla/valhalla,4e549b2c7a80b225,True,0,65,True,0.0,0.4,4,0.0,0.47692307692307695,4,0.0,0.47692307692307695,4,0.0,0.5806451612903226,4,1.0,0.5,True,1.0,False,False,False,0.0,0.0
valhalla/valhalla,7effe401c0d4741e,False,0,685,True,0.0,0.472992700729927,16,0.0,0.48175182481751827,16,0.0,0.5080291970802919,17,0.0,0.49415204678362573,15,0.0,1.0,True,0.0,False,False,False,0.0,0.0
valhalla/valhalla,3f6eefea2a8a496e,False,0,338,True,0.0,0.3757396449704142,10,0.0,0.5118343195266272,10,0.0,0.5266272189349113,10,0.0,0.721875,10,0.0,1.0,True,1.0,False,False,False,0.0,0.0
valhalla/valhalla,3a4b22fff8456f6f,False,0,1198,True,0.0,0.6853088480801336,15,0.0,0.6811352253756261,16,0.0,0.6669449081803005,15,0.0,0.6864548494983278,13,0.0,0.0,True,0.0,False,False,False,0.0,0.0
valhalla/valhalla,a22fee958267ea3c,False,0,626,True,0.0,0.3753993610223642,9,0.0,0.3466453674121406,9,0.0,0.38338658146964855,8,0.0,0.3942307692307692,9,1.0,0.5,True,1.0,False,False,False,0.0,0.0
valhalla/valhalla,a35673b6de468000,False,1,797,True,0.0,0.6386449184441656,13,0.0,0.5583437892095358,13,0.0,0.5232120451693852,14,0.0,0.6418663303909206,11,0.0,0.0,True,0.0,False,False,False,0.0,0.0
valhalla/valhalla,294dab0732a79714,False,0,31,True,0.0,0.41935483870967744,1,0.0,0.45161290322580644,1,0.0,0.45161290322580644,1,0.0,0.5161290322580645,1,0.0,0.0,True,0.0,False,False,False,0.0,0.0
valhalla/valhalla,d7956f8b03f7afe0,False,0,90,True,0.0,0.7555555555555555,1,0.0,0.7555555555555555,1,0.0,0.7777777777777778,1,0.0,0.9777777777777777,1,0.0,0.0,True,0.0,False,False,False,0.0,0.0
valhalla/valhalla,1aaf84a1267b420b,False,1,656,True,0.0,0.551829268292683,12,0.0,0.551829268292683,11,0.0,0.4176829268292683,14,0.0,0.551829268292683,12,0.0,1.0,True,1.0,False,False,False,0.0,0.0
valhalla/valhalla,75c8e3c4b3d8bdf3,False,3,1452,True,0.0,0.1721763085399449,30,0.0,0.1763085399449036,30,0.0,0.21763085399449036,30,0.0,0.17643004824259131,29,1.0,1.0,True,1.0,False,False,False,0.0,0.0
valhalla/valhalla,48bd200c2414b8fd,False,0,657,True,0.0,0.5251141552511416,8,0.0,0.6712328767123288,9,0.0,0.7123287671232876,9,0.0,0.6894977168949772,8,0.0,0.3333333333333333,True,1.0,False,False,False,0.0,0.0
valhalla/valhalla,335903af8df761a6,True,2,871,True,0.0,0.1756601607347876,26,1.0,0.24913892078071181,29,1.0,0.2296211251435132,29,1.0,0.2013888888888889,26,1.0,1.0,True,1.0,False,False,False,0.0,1.0
valhalla/valhalla,551c239c7858eff3,False,0,200,True,0.0,0.505,3,0.0,0.54,3,0.0,0.55,2,0.0,0.77,2,0.0,1.0,True,1.0,False,False,False,0.0,0.0
valhalla/valhalla,719e3424584a55d4,True,0,23,True,0.5,0.30434782608695654,0,1.0,0.391304347826087,0,1.0,0.391304347826087,0,1.0,0.45454545454545453,0,0.0,0.0,True,1.0,False,False,True,0.5,1.0
tensorflow/tensorboard,30e0361d1092bed7,False,0,88,True,0.0,0.6818181818181818,2,0.0,0.6818181818181818,2,0.0,0.6590909090909091,2,0.0,0.6818181818181818,2,0.0,0.0,True,0.0,False,False,False,0.0,0.0
tensorflow/tensorboard,a0fffa9d179a8e0c,False,0,504,True,0.0,0.9166666666666666,1,0.0,0.9166666666666666,1,0.0,0.9285714285714286,1,0.0,0.9186507936507936,0,0.0,0.0,False,0.0,False,False,False,0.0,0.0
tensorflow/tensorboard,825c9d15091543d3,False,0,787,True,0.0,0.29860228716645487,4,0.0,0.35324015247776364,4,0.0,0.3595933926302414,4,0.0,0.301143583227446,3,0.0,0.0,True,0.0,False,False,False,0.0,0.0
tensorflow/tensorboard,3ac49e8f36044a75,False,0,539,True,0.0,0.7829313543599258,6,0.0,0.7829313543599258,6,0.0,0.7996289424860853,6,0.0,0.7866419294990723,5,0.0,0.0,True,0.0,False,False,False,0.0,0.0
tensorflow/tensorboard,0cbb2f5566aadbb1,False,0,103,True,0.0,0.9320388349514563,3,0.0,0.941747572815534,3,0.0,0.941747572815534,3,0.0,0.9611650485436893,2,0.0,0.0,True,0.0,False,False,False,0.0,0.0
rime/weasel,e66fc694ea8d004d,True,2,681,True,0.0,0.7856093979441997,4,0.0,0.30837004405286345,3,0.0,0.3069016152716593,3,0.0,0.35509554140127386,1,1.0,0.0,False,1.0,False,False,False,0.0,0.0
rime/weasel,25d66697198c1ab9,True,0,155,True,0.0,0.7096774193548387,1,0.0,0.6580645161290323,1,0.0,0.6580645161290323,1,0.0,0.9671052631578947,1,0.0,0.0,False,1.0,False,False,False,0.0,0.0
rime/weasel,ca01fbb0ebc4d847,True,1,278,True,0.0,0.7841726618705036,2,0.0,0.3345323741007194,1,0.0,0.3381294964028777,1,0.0,0.4380165289256198,1,0.0,0.0,True,0.0,False,False,False,0.0,0.0
rime/weasel,5eaa497f481ec896,True,3,436,True,0.0,0.5940366972477065,3,0.0,0.36926605504587157,2,0.0,0.37155963302752293,3,0.0,0.4823529411764706,2,1.0,1.0,True,1.0,False,False,False,0.0,0.0
rime/weasel,dedcb5ddfc401f42,True,1,201,True,0.0,0.5074626865671642,1,0.0,0.3880597014925373,2,0.0,0.417910447761194,1,0.0,0.5510204081632653,2,0.0,0.0,True,0.0,False,False,False,0.0,0.0
rime/weasel,fa9601d5de0a2064,True,1,142,True,0.0,0.6830985915492958,0,1.0,0.47183098591549294,0,1.0,0.47183098591549294,0,1.0,0.6971830985915493,0,1.0,1.0,True,1.0,False,False,False,0.0,1.0
rime/weasel,e80548b110b2271f,True,0,286,True,0.0,0.40559440559440557,2,1.0,0.3811188811188811,1,1.0,0.38461538461538464,1,1.0,0.4509090909090909,1,1.0,1.0,True,1.0,False,False,False,0.0,1.0
rime/weasel,d029a39d42ce73bf,True,0,566,True,0.0,0.8692579505300353,2,0.0,0.7491166077738516,2,0.0,0.7473498233215548,2,0.0,0.9515503875968992,2,0.0,0.0,False,1.0,False,False,False,0.0,0.0
brndnmtthws/conky,059bd8dc959d96d2,False,0,28,True,1.0,0.5357142857142857,0,1.0,0.5357142857142857,0,1.0,0.5357142857142857,0,1.0,0.5357142857142857,0,1.0,0.0,False,0.0,False,False,False,1.0,1.0
brndnmtthws/conky,acc7477ca31c5c46,True,1,631,True,0.0,0.5736925515055468,20,0.0,0.35340729001584786,17,0.0,0.29952456418383516,23,0.0,0.43044189852700493,17,0.0,0.0,False,0.0,False,False,False,0.0,0.0
brndnmtthws/conky,304823b2632d35af,True,1,178,True,0.0,0.7640449438202247,9,0.0,0.30337078651685395,9,0.0,0.25842696629213485,7,0.0,0.3935483870967742,5,0.0,0.0,False,0.0,False,False,True,0.0,0.0
brndnmtthws/conky,ea8eb0585db40b8a,False,0,11,True,0.0,0.7272727272727273,0,0.0,0.7272727272727273,0,0.0,0.7272727272727273,0,0.0,0.7272727272727273,0,1.0,0.0,False,0.0,False,False,False,0.0,0.0
brndnmtthws/conky,310f8f12765ceae0,True,0,188,True,0.0,0.46808510638297873,5,0.0,0.2978723404255319,4,0.0,0.2978723404255319,4,0.0,0.3850574712643678,4,0.0,0.0,True,0.0,False,False,False,0.0,0.0
brndnmtthws/conky,9ac8042c9c857de6,False,0,57,True,0.0,0.9824561403508771,1,0.0,0.9824561403508771,1,0.0,0.7192982456140351,1,0.0,1.0,0,0.0,0.0,False,0.0,False,False,False,0.0,0.0
brndnmtthws/conky,4e8e111ccd6d1e3b,False,2,66,True,0.0,0.3484848484848485,10,0.0,0.3484848484848485,10,0.0,0.21212121212121213,11,0.0,0.3484848484848485,9,0.0,0.0,False,0.0,False,False,False,0.0,0.0
brndnmtthws/conky,0dafb2d38c20327f,False,0,20,True,0.0,0.95,0,0.0,0.95,0,0.0,0.95,0,0.0,0.95,0,1.0,0.0,False,0.0,False,False,False,0.0,0.0
brndnmtthws/conky,23904b1b1125f280,True,1,341,True,0.0,0.5747800586510264,7,0.0,0.24926686217008798,7,0.0,0.21700879765395895,11,0.0,0.2643312101910828,7,0.0,0.0,False,0.0,False,False,False,0.0,0.0
brndnmtthws/conky,ed2fda04dd25205f,False,0,58,True,0.0,0.8448275862068966,1,0.0,0.8448275862068966,1,0.0,0.3793103448275862,4,0.0,0.8620689655172413,1,0.0,0.0,False,0.0,False,False,False,0.0,0.0
brndnmtthws/conky,579e511aa97d4224,False,0,8,True,0.0,1.0,0,0.0,1.0,0,0.0,1.0,0,0.0,1.0,0,0.0,0.0,False,0.0,False,False,False,0.0,0.0
brndnmtthws/conky,8e71e55ae9b7b667,True,0,816,True,0.0,0.5588235294117647,21,0.0,0.23039215686274508,23,0.0,0.2340686274509804,26,0.0,0.2095890410958904,23,0.0,0.0,False,0.0,False,False,False,0.0,0.0
brndnmtthws/conky,6a5467e110abc733,True,1,244,True,0.0,0.6762295081967213,8,0.0,0.30327868852459017,7,0.0,0.29918032786885246,11,0.0,0.47639484978540775,8,0.0,0.0,False,0.0,False,False,False,0.0,0.0
brndnmtthws/conky,19d017664ffcdcc9,False,1,143,True,0.0,0.6713286713286714,2,0.0,0.6713286713286714,2,0.0,0.5664335664335665,3,0.0,0.6466165413533834,2,0.0,0.0,False,0.0,False,False,False,0.0,0.0
brndnmtthws/conky,be0dbdf534b78bb8,False,0,265,True,0.0,0.5283018867924528,7,0.0,0.5962264150943396,6,0.0,0.630188679245283,5,0.0,0.44150943396226416,6,0.0,0.0,True,0.0,False,False,False,0.0,0.0
brndnmtthws/conky,0a68bb5be6b02436,False,1,211,True,0.0,0.6587677725118484,0,0.0,0.6587677725118484,0,0.0,0.8341232227488151,1,0.0,0.6587677725118484,0,0.0,0.0,False,0.0,False,False,False,0.0,0.0
brndnmtthws/conky,9cf77423f86cda60,False,16,1750,True,1.0,0.7354285714285714,22,1.0,0.5285714285714286,29,1.0,0.5108571428571429,31,1.0,0.5537139349294046,29,1.0,1.0,True,0.0,False,False,False,1.0,1.0
brndnmtthws/conky,a1496f9c5b869e8b,True,0,265,True,0.0,0.39245283018867927,8,0.0,0.4037735849056604,8,0.0,0.4075471698113208,8,0.0,0.43162393162393164,8,0.0,0.0,False,0.0,False,False,True,0.0,0.0
fonttools/fonttools,0133091c56e2a25e,False,1,1497,True,0.0,0.48363393453573816,4,0.0,0.44355377421509684,4,0.0,0.4529058116232465,4,0.0,0.48430193720774883,3,0.0,0.0,True,0.0,False,False,False,0.0,0.0
fonttools/fonttools,1d683915da73887b,False,0,13,True,0.0,0.6153846153846154,0,0.0,0.6153846153846154,0,0.0,0.6153846153846154,0,0.0,0.6666666666666666,0,0.0,0.0,True,0.0,False,False,False,0.0,0.0
fonttools/fonttools,98a5b79c97b3564e,True,0,490,True,0.0,0.8367346938775511,1,0.0,0.8326530612244898,1,0.0,0.8285714285714286,2,0.0,0.980440097799511,1,0.0,0.0,True,0.0,False,False,False,0.0,0.0
fonttools/fonttools,d4e288bfe5e79fce,False,0,13,True,0.0,0.6153846153846154,0,0.0,0.6153846153846154,0,0.0,0.6153846153846154,0,0.0,0.6666666666666666,0,0.0,0.0,True,0.0,False,False,False,0.0,0.0
fonttools/fonttools,2b4f2ff8b77cdc38,False,2,141,True,0.0,0.46808510638297873,2,0.0,0.5106382978723404,1,0.0,0.524822695035461,1,0.0,0.4852941176470588,1,0.0,0.0,True,0.0,False,False,False,0.0,0.0
fonttools/fonttools,3f95c6503d72fb58,False,0,287,True,0.0,0.7177700348432056,2,0.0,0.7177700348432056,2,0.0,0.7212543554006968,2,0.0,0.7770034843205574,2,0.0,0.0,False,0.0,False,False,False,0.0,0.0
fonttools/fonttools,743f0d602bf8f516,True,4,188,True,0.0,0.898936170212766,3,0.0,0.5159574468085106,1,0.0,0.4627659574468085,1,0.0,0.6529411764705882,1,0.0,0.0,False,0.0,False,False,False,0.0,0.0
fonttools/fonttools,a8a51736e1a41daf,True,2,739,True,0.0,0.5412719891745602,3,1.0,0.8849797023004059,5,1.0,0.8958051420838972,4,1.0,0.9172932330827067,5,1.0,0.0,True,1.0,False,False,False,0.0,1.0
fonttools/fonttools,69bd4c9d722e131f,True,0,517,True,0.0,0.43907156673114117,1,0.0,0.43907156673114117,1,0.0,0.42359767891682787,1,0.0,0.5048543689320388,1,0.0,0.0,False,0.0,False,False,True,0.0,0.0
fonttools/fonttools,1f5c8b46f187635d,False,0,105,True,0.0,0.5904761904761905,0,0.0,0.6095238095238096,0,0.0,0.6095238095238096,0,0.0,1.0,0,0.0,0.0,False,0.0,False,False,False,0.0,0.0
fonttools/fonttools,31a79bc6d1fc30cf,True,0,151,True,0.0,0.9403973509933775,4,0.0,0.3443708609271523,4,0.0,0.33774834437086093,4,0.0,0.3515625,2,0.0,0.0,False,0.0,False,False,False,0.0,0.0
fonttools/fonttools,dab5de174c8998d9,False,7,2430,True,0.0,0.8292181069958847,6,0.0,0.8296296296296296,6,0.0,0.8181069958847736,5,0.0,0.8292181069958847,6,0.0,0.0,False,1.0,False,False,False,0.0,0.0
fonttools/fonttools,fe131101c0bf3162,True,0,29,True,0.0,0.5517241379310345,0,0.0,0.9655172413793104,1,0.0,0.9655172413793104,1,0.0,1.0,0,0.0,0.0,False,0.0,False,False,False,0.0,0.0
fonttools/fonttools,72723a6980b43a2f,True,0,143,True,0.0,0.6223776223776224,0,0.0,0.8951048951048951,0,0.0,0.7622377622377622,0,0.0,1.0,0,0.0,0.0,False,0.0,False,False,False,0.0,0.0
fonttools/fonttools,bb693f9f2e1ccaaf,True,0,352,True,0.0,0.7585227272727273,1,0.0,0.5909090909090909,1,0.0,0.375,3,0.0,0.9604863221884499,2,0.0,0.0,True,0.0,False,False,False,0.0,0.0
dolphin-emu/dolphin,d1913e46525ba120,False,0,208,True,0.0,0.21634615384615385,8,0.0,0.22115384615384615,10,0.0,0.21153846153846154,9,0.0,0.22388059701492538,9,0.0,0.0,True,0.0,False,False,False,0.0,0.0
dolphin-emu/dolphin,67e40ffbde4b39d3,True,0,142,True,0.0,0.3380281690140845,13,0.0,0.33098591549295775,11,0.0,0.4295774647887324,15,0.0,0.2923076923076923,10,0.0,0.0,False,0.0,False,False,False,0.0,0.0
dolphin-emu/dolphin,9d9a1db1211feb84,True,1,135,True,0.0,0.4962962962962963,8,0.0,0.5407407407407407,9,0.0,0.6074074074074074,9,0.0,0.39669421487603307,8,1.0,0.0,False,1.0,False,False,False,0.0,0.0
dolphin-emu/dolphin,1c4aad304fc29dff,False,1,490,True,0.0,0.7408163265306122,8,0.0,0.7408163265306122,8,0.0,0.7408163265306122,8,0.0,0.7674418604651163,10,0.0,0.0,True,0.0,False,False,False,0.0,0.0
dolphin-emu/dolphin,a73943499cfdb8f9,True,0,255,True,0.0,0.4117647058823529,9,0.0,0.43137254901960786,9,0.0,0.43137254901960786,9,0.0,0.45726495726495725,9,0.0,0.0,True,1.0,False,False,False,0.0,0.0
dolphin-emu/dolphin,ba8eb1a658fbab74,True,0,482,True,0.0,0.3900414937759336,9,0.0,0.533195020746888,9,0.0,0.5352697095435685,9,0.0,0.5179704016913319,11,0.0,0.0,False,0.0,False,False,False,0.0,0.0
dolphin-emu/dolphin,e22f0e741db7b7e7,True,1,365,True,0.0,0.4328767123287671,14,0.0,0.33972602739726027,15,0.0,0.37534246575342467,16,0.0,0.3305785123966942,16,0.0,0.0,True,0.0,False,False,False,0.0,0.0
dolphin-emu/dolphin,d6be82f44eec9a3b,False,0,275,True,0.0,0.6363636363636364,9,0.0,0.6218181818181818,8,0.0,0.6072727272727273,8,0.0,0.6457564575645757,8,0.0,0.0,True,0.0,False,False,False,0.0,0.0
dolphin-emu/dolphin,3a8d82132b667fd3,False,0,876,True,0.0,0.7031963470319634,10,0.0,0.6917808219178082,11,0.0,0.6575342465753424,11,0.0,0.7171129220023282,11,0.0,0.0,True,0.0,False,False,False,0.0,0.0
dolphin-emu/dolphin,02b3cc77991839c5,False,0,145,True,0.0,0.3103448275862069,9,0.0,0.3103448275862069,6,0.0,0.3103448275862069,6,0.0,0.3284671532846715,5,0.0,0.0,False,0.0,False,False,False,0.0,0.0
dolphin-emu/dolphin,2bd094692bcbca12,False,0,63,True,0.0,0.9047619047619048,5,0.0,0.9047619047619048,5,0.0,0.3968253968253968,9,0.0,0.9193548387096774,5,0.0,0.0,False,1.0,False,False,False,0.0,0.0
dolphin-emu/dolphin,6b4d658dde8c39c9,False,0,692,True,0.0,0.4161849710982659,5,0.0,0.4161849710982659,6,0.0,0.41763005780346824,6,0.0,0.47603305785123967,5,0.0,0.0,False,0.0,False,False,False,0.0,0.0
dolphin-emu/dolphin,9e9e3131fec1705a,True,0,1045,True,0.0,0.3980861244019139,17,0.0,0.20382775119617225,19,0.0,0.2507177033492823,21,0.0,0.21089108910891088,17,1.0,1.0,True,0.0,False,False,False,0.0,0.0
dolphin-emu/dolphin,395b6e66c724b47e,True,0,127,True,0.0,0.1968503937007874,6,0.0,0.25984251968503935,6,0.0,0.2677165354330709,6,0.0,0.248,5,0.0,0.0,True,0.0,False,False,False,0.0,0.0
dolphin-emu/dolphin,20a210b91371d699,False,0,234,True,0.0,0.39316239316239315,8,0.0,0.39316239316239315,8,0.0,0.39316239316239315,8,0.0,0.4052863436123348,8,0.0,0.0,True,0.0,False,False,False,0.0,0.0
dolphin-emu/dolphin,e74270f8ef435e90,False,0,273,True,0.0,0.21978021978021978,16,0.0,0.1391941391941392,21,0.0,0.13553113553113552,20,0.0,0.23809523809523808,17,0.0,0.0,False,0.0,False,False,False,0.0,0.0
oxc-project/oxc,cffe327330063e6d,False,10,1717,True,0.0,0.47699475829935933,29,0.0,0.47699475829935933,29,0.0,0.4670937682003494,30,0.0,0.47699475829935933,29,0.0,0.0,True,0.0,False,False,False,0.0,0.0
oxc-project/oxc,05db36532972d605,False,2,311,True,0.0,0.3633440514469453,2,0.0,0.36012861736334406,3,0.0,0.35691318327974275,3,0.0,0.38047138047138046,3,0.0,0.0,True,0.0,False,False,False,0.0,0.0
oxc-project/oxc,1edcca5dca85a37a,False,0,134,True,0.0,0.34328358208955223,4,0.0,0.34328358208955223,4,0.0,0.34328358208955223,4,0.0,0.34328358208955223,4,1.0,0.5,True,1.0,False,False,False,0.0,0.0
oxc-project/oxc,c8e36ae10ce3072d,False,13,1326,True,0.0,0.47285067873303166,8,0.0,0.475867269984917,8,0.0,0.4781297134238311,8,0.0,0.47285067873303166,8,0.0,0.0,True,1.0,False,False,False,0.0,0.0
oxc-project/oxc,54ec2a72901ed543,False,2,256,True,0.0,0.46484375,8,0.0,0.53125,10,0.0,0.53125,10,0.0,0.46484375,8,0.0,0.0,True,0.0,False,False,False,0.0,0.0
oxc-project/oxc,284a24d270e5da42,False,1,126,True,0.0,0.4365079365079365,5,0.0,0.47619047619047616,4,0.0,0.6190476190476191,4,0.0,0.4365079365079365,4,0.0,0.0,True,0.0,False,False,False,0.0,0.0
oxc-project/oxc,895abac1600a8996,False,1,774,True,0.0,0.5090439276485789,9,0.0,0.710594315245478,9,0.0,0.710594315245478,10,0.0,0.7384412153236459,9,0.0,0.0,True,0.0,False,False,False,0.0,0.0
oxc-project/oxc,f0e77e0a71201bbf,False,0,86,True,0.0,0.5930232558139535,5,0.0,0.6395348837209303,6,0.0,0.6511627906976745,5,0.0,0.6395348837209303,6,0.0,0.0,True,0.0,False,False,False,0.0,0.0
oxc-project/oxc,2c345f2d9fd37a2e,False,2,470,True,0.0,0.46808510638297873,9,0.0,0.4829787234042553,9,0.0,0.48936170212765956,9,0.0,0.46808510638297873,9,0.0,1.0,True,1.0,False,False,False,0.0,0.0
oxc-project/oxc,90655ce8f3dd3ff3,False,0,119,True,0.0,0.8823529411764706,4,0.0,0.8823529411764706,5,0.0,0.8571428571428571,6,0.0,0.8823529411764706,4,0.0,0.0,True,0.0,False,False,False,0.0,0.0
oxc-project/oxc,3df82bf83b183d31,False,1,549,True,0.0,0.6247723132969034,8,0.0,0.6284153005464481,9,0.0,0.7340619307832422,9,0.0,0.6265938069216758,8,0.0,0.0,True,0.0,False,False,False,0.0,0.0
oxc-project/oxc,d4e08bd52e86e515,False,2,283,True,0.0,0.5971731448763251,8,0.0,0.5971731448763251,8,0.0,0.6007067137809188,8,0.0,0.599290780141844,8,0.0,0.0,True,0.0,False,False,False,0.0,0.0
oxc-project/oxc,980fd2671e2e2867,False,1,298,True,0.0,0.7114093959731543,7,0.0,0.7114093959731543,7,0.0,0.7114093959731543,7,0.0,0.7114093959731543,7,0.0,0.0,True,0.0,False,False,False,0.0,0.0
oxc-project/oxc,e24e898862a77a20,False,3,460,True,0.0,0.508695652173913,6,0.0,0.5108695652173914,6,0.0,0.5304347826086957,6,0.0,0.508695652173913,6,0.0,0.0,True,1.0,False,False,False,0.0,0.0
oxc-project/oxc,564f18523593863a,False,20,1501,True,1.0,0.42771485676215854,22,1.0,0.4423717521652232,22,1.0,0.4570286475682878,22,1.0,0.42733333333333334,22,0.0,0.0,True,0.0,False,False,False,1.0,1.0
oxc-project/oxc,a2aec7319b30276d,False,0,106,True,1.0,0.6792452830188679,1,1.0,0.6792452830188679,1,1.0,0.6792452830188679,1,1.0,0.6792452830188679,1,0.0,0.0,True,0.0,False,False,False,1.0,1.0
oxc-project/oxc,cc4ee85f44e0c20e,False,1,438,True,0.0,0.5844748858447488,7,0.0,0.680365296803653,8,0.0,0.684931506849315,8,0.0,0.5684931506849316,6,0.0,0.0,True,0.0,False,False,False,0.0,0.0
oxc-project/oxc,c63a01780fa10daa,False,2,67,True,0.0,0.7014925373134329,3,0.0,0.7014925373134329,3,0.0,0.7014925373134329,2,0.0,0.6865671641791045,3,0.0,0.0,True,0.0,False,False,False,0.0,0.0
oxc-project/oxc,6afdc30340f1c27b,False,3,262,True,0.0,0.5916030534351145,7,0.0,0.5954198473282443,7,0.0,0.6145038167938931,7,0.0,0.5916030534351145,7,0.0,0.0,True,0.0,False,False,False,0.0,0.0
oxc-project/oxc,56aecbb0660e085e,False,1,317,True,0.0,0.40063091482649843,6,0.0,0.41324921135646686,6,0.0,0.416403785488959,7,0.0,0.40063091482649843,6,0.0,0.0,True,0.0,False,False,False,0.0,0.0
oxc-project/oxc,28a3e6d05834b2a5,False,3,378,True,0.0,0.4312169312169312,8,0.0,0.42592592592592593,6,0.0,0.42592592592592593,6,0.0,0.4312169312169312,8,0.0,1.0,True,0.0,False,False,False,0.0,0.0
oxc-project/oxc,ad995d35db20ad73,False,0,198,True,0.0,0.8232323232323232,1,0.0,0.8232323232323232,1,0.0,0.8282828282828283,2,0.0,0.8232323232323232,1,0.0,0.0,True,1.0,False,False,False,0.0,0.0
oxc-project/oxc,79d6155264aad0a2,False,0,425,True,0.0,0.7670588235294118,3,0.0,0.7552941176470588,3,0.0,0.7435294117647059,3,0.0,0.7670588235294118,3,0.0,0.0,True,0.0,False,False,False,0.0,0.0
oxc-project/oxc,d1b9fd43898a6cd4,True,3,41,True,1.0,0.8048780487804879,0,0.0,0.6829268292682927,3,0.0,0.6829268292682927,3,0.0,0.6470588235294118,0,0.0,0.0,True,0.0,False,False,False,1.0,0.0
oxc-project/oxc,54d66636c85458ca,False,1,141,True,0.0,0.75177304964539,3,0.0,0.75177304964539,3,0.0,0.75177304964539,3,0.0,0.75177304964539,3,0.0,0.0,True,0.0,False,False,False,0.0,0.0
TypeStrong/ts-node,a2a171449d862fe2,False,1,1696,True,1.0,0.7706367924528302,14,1.0,0.7523584905660378,18,1.0,0.7470518867924528,19,1.0,0.6228228228228229,16,1.0,1.0,True,1.0,False,False,False,1.0,1.0
TypeStrong/ts-node,819e0656f777fa66,False,1,414,True,1.0,0.8792270531400966,2,1.0,0.7922705314009661,2,1.0,0.7632850241545893,1,1.0,0.8789346246973365,2,1.0,1.0,True,1.0,False,False,False,1.0,1.0
RfidResearchGroup/proxmark3,3d56b4a5617912b8,False,1,755,False,1.0,0.8675496688741722,3,1.0,0.928476821192053,3,1.0,0.9245033112582781,3,1.0,0.929427430093209,3,1.0,1.0,True,1.0,False,False,False,1.0,1.0
RfidResearchGroup/proxmark3,ead8094c9aa929b8,False,0,212,False,0.0,0.8915094339622641,2,0.0,0.9009433962264151,2,0.0,0.9009433962264151,2,0.0,0.8962264150943396,2,0.0,0.0,False,0.0,False,False,False,0.0,0.0
RfidResearchGroup/proxmark3,807d6d10cc8a6510,False,3,3397,False,1.0,0.7665587282896673,10,1.0,0.7756844274359729,10,1.0,0.778628201354136,11,1.0,0.7771851851851852,10,1.0,1.0,True,1.0,False,False,False,1.0,1.0
RfidResearchGroup/proxmark3,8a350c90364e2fb9,False,2,1600,False,0.0,0.371875,12,1.0,0.340625,10,1.0,0.348125,10,0.0,0.3667083854818523,11,1.0,1.0,True,1.0,False,False,False,0.0,0.0
RfidResearchGroup/proxmark3,26b78bcc5cccb4f9,False,0,72,False,1.0,0.7916666666666666,1,1.0,0.7916666666666666,1,1.0,0.7916666666666666,1,1.0,0.7916666666666666,1,1.0,1.0,True,1.0,False,False,False,1.0,1.0
RfidResearchGroup/proxmark3,7c53e787f1c90de5,False,0,3279,False,0.0,0.5809698078682525,2,1.0,0.9332113449222323,0,1.0,0.9332113449222323,0,0.0,0.5811470408785845,2,0.0,0.0,True,0.0,False,False,False,0.0,0.0
RfidResearchGroup/proxmark3,6f224a22faefccc6,False,0,2909,False,0.0,0.7459608112753524,5,0.0,0.932622894465452,7,0.0,0.9360605018906841,7,0.0,0.7486225895316805,5,0.0,0.0,True,0.0,False,False,False,0.0,0.0
RfidResearchGroup/proxmark3,72b64fa51df423a2,False,1,701,False,0.0,0.5192582025677603,1,0.0,0.5406562054208274,1,0.0,0.5634807417974322,1,0.0,0.5035765379113019,1,0.0,0.0,True,0.0,False,False,False,0.0,0.0
RfidResearchGroup/proxmark3,d8be097c83d7f740,True,0,203,False,0.0,0.43842364532019706,4,0.0,0.45320197044334976,4,0.0,0.45320197044334976,4,0.0,0.43349753694581283,4,0.0,0.0,True,0.0,False,False,True,0.0,0.0
RfidResearchGroup/proxmark3,df468878ce5995eb,False,1,842,False,0.0,0.827790973871734,1,0.0,0.836104513064133,1,0.0,0.7909738717339667,2,0.0,0.8397040690505548,1,1.0,1.0,True,1.0,False,False,False,0.0,0.0
RfidResearchGroup/proxmark3,7f5edf6347306a78,False,5,2728,False,1.0,0.6107038123167156,9,1.0,0.7115102639296188,9,1.0,0.6781524926686217,10,1.0,0.6904761904761905,9,1.0,1.0,True,1.0,False,False,False,1.0,1.0
RfidResearchGroup/proxmark3,69fccfa9eea94e2a,False,2,833,False,1.0,0.8835534213685474,1,1.0,0.8835534213685474,1,1.0,0.9015606242496998,1,1.0,0.885954381752701,1,0.0,0.0,False,0.0,False,False,False,1.0,1.0
RfidResearchGroup/proxmark3,cc41b3e1e2810add,False,1,1019,False,0.0,0.7212953876349362,4,1.0,0.718351324828263,3,1.0,0.7507360157016683,3,0.0,0.7001972386587771,3,1.0,1.0,True,1.0,False,False,False,0.0,0.0
discordjs/discord.js,a814567559a5488e,False,1,221,True,0.0,0.2986425339366516,16,0.0,0.2986425339366516,18,0.0,0.248868778280543,20,0.0,0.3188405797101449,17,0.0,0.0,True,1.0,False,False,False,0.0,0.0
discordjs/discord.js,b7b221539f62dcbc,False,0,503,True,0.0,0.2047713717693837,26,0.0,0.18290258449304175,28,0.0,0.1749502982107356,30,0.0,0.21775898520084566,26,0.0,0.0,True,0.0,False,False,False,0.0,0.0
discordjs/discord.js,67ed841ca8756597,False,0,226,True,1.0,0.9247787610619469,0,1.0,0.9247787610619469,0,1.0,0.911504424778761,3,1.0,1.0,0,1.0,1.0,True,0.0,False,False,False,1.0,1.0
discordjs/discord.js,89f5573975523dac,False,0,38,True,1.0,0.8421052631578947,2,1.0,0.8421052631578947,2,0.0,0.39473684210526316,3,1.0,0.8648648648648649,1,0.0,0.5,True,0.0,False,False,False,1.0,1.0
Rapptz/discord.py,715b918bcfc75e2f,False,0,1095,True,0.0,0.5305936073059361,28,0.0,0.5242009132420091,27,0.0,0.5305936073059361,27,0.0,0.5287671232876713,28,0.0,0.0,True,0.0,False,False,False,0.0,0.0
Rapptz/discord.py,3644056065968898,False,2,276,True,0.0,0.9094202898550725,0,0.0,0.9094202898550725,0,0.0,0.7318840579710145,4,0.0,0.9127272727272727,0,1.0,1.0,True,1.0,False,False,False,0.0,0.0
Rapptz/discord.py,dfbfd84f37dde4bf,False,2,3255,True,1.0,0.39416282642089095,56,1.0,0.39416282642089095,56,1.0,0.397542242703533,57,1.0,0.37450076804915516,56,1.0,0.5,True,1.0,False,False,False,1.0,1.0
Rapptz/discord.py,bd360e6d12750dff,False,0,1990,True,1.0,0.5758793969849246,34,1.0,0.5693467336683417,34,1.0,0.6080402010050251,35,1.0,0.5728643216080402,34,0.0,0.3333333333333333,True,1.0,False,False,False,1.0,1.0
Rapptz/discord.py,107e910e9f2ebfb9,False,0,48,True,0.0,0.75,1,0.0,0.75,1,0.0,0.75,1,0.0,0.7708333333333334,1,0.0,0.0,True,0.0,False,False,False,0.0,0.0
Rapptz/discord.py,e567fdfa54d0deb5,False,1,1553,True,0.0,0.6374758531873793,35,0.0,0.6400515132002575,35,0.0,0.6406954282034771,35,0.0,0.6355441081777206,35,1.0,0.5,True,0.0,False,False,False,0.0,0.0
Rapptz/discord.py,5b34989fd2527410,False,1,358,True,0.0,0.5223463687150838,4,0.0,0.5223463687150838,4,0.0,0.5083798882681564,9,0.0,0.5223463687150838,4,0.0,0.0,True,0.0,False,False,False,0.0,0.0
Rapptz/discord.py,98c3111f0e1f1387,False,1,822,True,1.0,0.6776155717761557,21,1.0,0.6788321167883211,22,1.0,0.7092457420924574,21,1.0,0.6772228989037758,21,1.0,1.0,True,1.0,False,False,False,1.0,1.0
Rapptz/discord.py,6afaab6ebc84984f,False,1,1612,True,0.0,0.7084367245657568,23,0.0,0.707196029776675,23,0.0,0.705955334987593,25,0.0,0.7078163771712159,23,1.0,1.0,True,0.0,False,False,False,0.0,0.0
Rapptz/discord.py,e469ebe2e00da2f7,False,1,305,True,0.0,0.8819672131147541,6,0.0,0.8885245901639345,5,0.0,0.8688524590163934,6,0.0,0.8819672131147541,6,0.0,0.0,False,0.0,False,False,False,0.0,0.0
Rapptz/discord.py,c4d5d087adf557b8,False,3,1074,True,1.0,0.5586592178770949,21,1.0,0.5586592178770949,22,1.0,0.6024208566108007,24,1.0,0.5577281191806331,21,1.0,1.0,True,1.0,False,False,False,1.0,1.0
Rapptz/discord.py,17da7d4be3b014ac,False,1,125,True,0.0,0.992,1,0.0,0.992,1,0.0,0.784,2,0.0,1.0,0,0.0,0.0,True,1.0,False,False,False,0.0,0.0
Stirling-Tools/Stirling-PDF,bc37d034bad56458,True,6,212,True,0.0,0.5518867924528302,5,1.0,0.6084905660377359,7,1.0,0.6084905660377359,7,1.0,0.5668449197860963,6,1.0,1.0,True,1.0,False,False,False,0.0,1.0
Stirling-Tools/Stirling-PDF,33fbd7a182c49672,True,1,94,True,0.0,0.8404255319148937,0,0.0,0.8404255319148937,0,0.0,0.8404255319148937,0,0.0,0.7945205479452054,0,1.0,1.0,True,0.0,False,False,False,0.0,0.0
Stirling-Tools/Stirling-PDF,49a96e7eea8a94af,False,19,637,True,0.0,0.4631083202511774,4,0.0,0.4521193092621664,3,0.0,0.3704866562009419,3,0.0,0.4631083202511774,4,0.0,1.0,True,0.0,False,False,False,0.0,0.0
Stirling-Tools/Stirling-PDF,fd60dc2adec58c10,False,1,61,True,0.0,0.5737704918032787,3,0.0,0.45901639344262296,2,0.0,0.45901639344262296,2,0.0,0.5932203389830508,2,0.0,1.0,True,0.0,False,False,False,1.0,1.0
Stirling-Tools/Stirling-PDF,e19205c5f3fe6422,False,0,1,True,0.0,1.0,0,0.0,1.0,0,0.0,1.0,0,0.0,1.0,0,0.0,0.0,False,1.0,True,True,False,0.0,0.0
Stirling-Tools/Stirling-PDF,76056236de051551,False,3,207,True,0.0,0.45893719806763283,4,0.0,0.5700483091787439,3,0.0,0.5072463768115942,2,0.0,0.45893719806763283,3,0.0,1.0,True,0.0,False,False,False,0.0,0.0
Stirling-Tools/Stirling-PDF,699ff98fe113446c,False,0,180,True,0.0,0.7777777777777778,4,0.0,0.7055555555555556,3,0.0,0.6444444444444445,2,0.0,0.7777777777777778,3,0.0,1.0,True,0.0,False,False,False,0.0,0.0
pwr-Solaar/Solaar,6eb1c980ed9eecd2,False,0,1547,True,0.0,0.7879767291531997,6,0.0,0.7543632837750485,6,0.0,0.7543632837750485,6,0.0,0.7879767291531997,5,0.0,0.0,True,0.0,False,False,False,0.0,0.0
pwr-Solaar/Solaar,e4c0d8eabae0e32a,True,0,926,True,0.0,0.4719222462203024,7,0.0,0.5971922246220303,11,0.0,0.6015118790496761,11,0.0,0.5641931684334511,11,0.0,0.0,True,0.0,False,False,False,0.0,0.0
pwr-Solaar/Solaar,3b052162d80e58fa,False,0,865,True,0.0,0.3919075144508671,5,0.0,0.4647398843930636,6,0.0,0.4208092485549133,6,0.0,0.4724602203182375,6,0.0,0.0,True,0.0,False,False,False,0.0,0.0
pwr-Solaar/Solaar,16c78a6249f5f17a,False,0,604,True,0.0,0.4685430463576159,9,0.0,0.42549668874172186,9,0.0,0.42218543046357615,9,0.0,0.4973637961335677,8,0.0,0.0,True,0.0,False,False,False,0.0,0.0
pwr-Solaar/Solaar,84813094e2d7d8d9,True,0,242,True,0.0,0.45454545454545453,2,0.0,0.5991735537190083,4,0.0,0.5991735537190083,4,0.0,0.5990990990990991,4,0.0,0.0,True,0.0,False,False,False,0.0,0.0
pwr-Solaar/Solaar,aff15ced1fe37506,False,0,205,True,0.0,0.848780487804878,6,0.0,0.848780487804878,6,0.0,0.848780487804878,6,0.0,0.848780487804878,6,0.0,0.0,True,0.0,False,False,False,0.0,0.0
pwr-Solaar/Solaar,39a8f680bfb36a84,False,1,713,True,0.0,0.5694249649368864,3,0.0,0.5680224403927069,4,0.0,0.4908835904628331,4,0.0,0.5824964131994261,4,0.0,0.0,True,0.0,False,False,False,0.0,0.0
pwr-Solaar/Solaar,5eee2dc52b379579,False,0,38,True,0.0,0.5263157894736842,0,0.0,0.6842105263157895,0,0.0,0.7105263157894737,0,0.0,0.6842105263157895,0,0.0,0.0,True,0.0,False,False,False,0.0,0.0
pwr-Solaar/Solaar,74640e416542d407,True,0,186,True,0.0,0.6021505376344086,5,0.0,0.6666666666666666,6,0.0,0.6666666666666666,6,0.0,0.6687116564417178,7,0.0,0.0,True,0.0,False,False,False,0.0,0.0
pwr-Solaar/Solaar,423db0e617e28c2c,False,0,65,True,1.0,0.5076923076923077,2,1.0,0.47692307692307695,2,1.0,0.47692307692307695,2,1.0,0.5238095238095238,2,0.0,0.5,True,1.0,False,False,False,1.0,1.0
pwr-Solaar/Solaar,8e4db60bf53a5c3f,False,3,1996,True,0.0,0.5250501002004008,9,0.0,0.437875751503006,13,0.0,0.4288577154308617,13,0.0,0.5292929292929293,8,0.0,0.0,True,0.0,False,False,False,0.0,0.0
pwr-Solaar/Solaar,c006ba4591a59df2,True,1,372,True,0.0,0.3010752688172043,4,0.5,0.31451612903225806,6,0.0,0.3521505376344086,7,1.0,0.33429394812680113,5,1.0,0.0,True,0.0,False,False,False,0.0,1.0
pwr-Solaar/Solaar,2ee60839da51736e,False,2,347,True,0.0,0.4668587896253602,6,0.0,0.46397694524495675,8,0.0,0.4668587896253602,8,0.0,0.48942598187311176,8,0.0,0.0,True,0.0,False,False,False,0.0,0.0
pwr-Solaar/Solaar,4dab330bf711d7e2,False,0,245,True,1.0,0.7877551020408163,8,1.0,0.7918367346938775,8,1.0,0.7877551020408163,8,1.0,0.7877551020408163,8,0.0,0.0,True,0.0,False,False,False,1.0,1.0
pwr-Solaar/Solaar,92578d439fe847e5,False,1,512,True,0.0,0.599609375,4,0.0,0.599609375,6,0.0,0.515625,5,0.0,0.614,4,1.0,0.0,True,0.0,False,False,False,0.0,0.0
pwr-Solaar/Solaar,ecde2d5532d89062,False,0,235,True,0.0,0.8468085106382979,4,0.0,0.7829787234042553,4,0.0,0.7787234042553192,5,0.0,0.8468085106382979,5,0.0,0.0,True,0.0,False,False,False,0.0,0.0
pwr-Solaar/Solaar,aa7cd97ff1e4df5b,False,2,285,True,0.0,0.8350877192982457,2,0.0,0.543859649122807,4,0.0,0.4842105263157895,5,0.0,0.8592057761732852,2,0.0,0.0,True,0.0,False,False,False,0.0,0.0
pwr-Solaar/Solaar,373b75d309460a94,False,0,676,True,0.0,0.5961538461538461,8,0.0,0.5946745562130178,10,0.0,0.5902366863905325,10,0.0,0.6162079510703364,10,0.0,0.0,True,0.0,False,False,False,0.0,0.0
pwr-Solaar/Solaar,24c9ba1cc5879552,False,0,147,True,0.0,0.40816326530612246,3,0.0,0.40816326530612246,4,0.0,0.40816326530612246,4,0.0,0.4166666666666667,3,0.0,0.0,True,0.0,False,False,False,0.0,0.0
ZoneMinder/zoneminder,1e7de1ae2d059d21,True,11,847,True,0.0,0.538370720188902,16,0.0,0.25737898465171194,17,0.0,0.2727272727272727,18,0.0,0.2591715976331361,16,1.0,1.0,True,1.0,False,False,False,0.0,0.0
ZoneMinder/zoneminder,eac2775df608eb23,False,1,34,True,0.0,0.5588235294117647,2,0.0,0.6176470588235294,2,0.0,0.6176470588235294,2,0.0,0.7058823529411765,3,0.0,0.0,False,1.0,False,False,False,0.0,0.0
ZoneMinder/zoneminder,835c5b5f142fcc79,False,1,32,True,0.0,0.3125,2,0.0,0.3125,2,0.0,0.3125,2,0.0,0.3225806451612903,2,0.0,0.0,False,1.0,False,False,False,0.0,0.0
ZoneMinder/zoneminder,148715d6ea0c0ea0,True,5,259,True,0.0,0.4555984555984556,7,1.0,0.33204633204633205,7,1.0,0.3127413127413127,7,1.0,0.33204633204633205,7,1.0,1.0,True,1.0,False,False,False,0.0,1.0
ZoneMinder/zoneminder,c49cf629bd096210,True,1,18,True,0.0,0.4444444444444444,0,0.0,0.4444444444444444,0,0.0,0.4444444444444444,0,0.0,0.5,0,0.0,0.0,False,1.0,False,False,False,0.0,0.0
ZoneMinder/zoneminder,d5e1b1e4baa62946,False,0,4,True,0.0,1.0,0,0.0,1.0,0,0.0,1.0,0,0.0,1.0,0,0.0,0.0,False,0.0,False,False,False,0.0,0.0
ZoneMinder/zoneminder,12a294110595b397,True,1,18,True,0.0,0.4444444444444444,0,0.0,0.4444444444444444,0,0.0,0.4444444444444444,0,0.0,0.5,0,0.0,0.0,False,1.0,False,False,False,0.0,0.0
11ty/buildawesome,08cbd213ca95b646,False,0,58,True,0.0,0.7241379310344828,0,0.0,0.7413793103448276,0,0.0,0.7413793103448276,0,0.0,0.6862745098039216,0,1.0,1.0,True,1.0,False,False,False,0.0,0.0
11ty/buildawesome,aac97e425d46aafe,False,2,135,True,0.0,0.6,0,0.0,0.6,0,0.0,0.6296296296296297,0,0.0,0.5462184873949579,0,1.0,1.0,True,1.0,False,False,False,0.0,0.0
11ty/buildawesome,f787119ba8d1eb3a,False,4,367,True,0.0,0.662125340599455,3,0.0,0.6403269754768393,5,0.0,0.6403269754768393,5,0.0,0.5925925925925926,5,1.0,1.0,True,1.0,False,False,False,0.0,0.0
11ty/buildawesome,83f360c0e8ddaf15,False,0,525,True,0.0,0.6647619047619048,1,0.0,0.6685714285714286,1,0.0,0.6914285714285714,1,0.0,0.6263269639065817,1,1.0,1.0,True,1.0,False,False,False,0.0,0.0
11ty/buildawesome,36f7575047042a15,False,0,19,True,0.0,1.0,0,0.0,1.0,0,0.0,1.0,0,0.0,1.0,0,0.0,0.0,False,1.0,False,False,False,0.0,0.0
11ty/buildawesome,cd8b0d5daef1e85d,False,4,331,True,0.0,0.676737160120846,2,0.0,0.6737160120845922,6,0.0,0.6646525679758308,6,0.0,0.589041095890411,6,1.0,1.0,True,1.0,False,False,False,0.0,0.0
11ty/buildawesome,d7feed6b3cff9c2c,False,1,35,True,0.0,0.9714285714285714,1,0.0,0.9714285714285714,1,0.0,0.9714285714285714,1,0.0,0.9714285714285714,1,1.0,0.0,False,1.0,False,False,False,0.0,0.0
11ty/buildawesome,551ccacb05148dbb,True,3,588,True,0.0,0.5306122448979592,2,1.0,0.43537414965986393,5,1.0,0.42857142857142855,5,1.0,0.47769516728624534,5,1.0,1.0,True,1.0,False,False,True,0.0,1.0
11ty/buildawesome,e4c10e275fca255d,False,0,34,True,0.0,0.9411764705882353,0,0.0,1.0,0,0.0,1.0,0,0.0,1.0,0,0.0,0.0,False,1.0,False,False,False,0.0,0.0
11ty/buildawesome,a98fff1b62dcecdb,False,1,23,True,1.0,0.6521739130434783,0,0.0,0.4782608695652174,0,0.0,0.4782608695652174,0,1.0,0.6521739130434783,1,1.0,1.0,True,1.0,False,False,False,1.0,1.0
11ty/buildawesome,e8162577b66789df,False,1,63,True,0.0,0.9682539682539683,1,0.0,1.0,0,0.0,1.0,0,0.0,1.0,0,0.0,0.0,False,1.0,False,False,False,0.0,0.0
11ty/buildawesome,70a6dc317cd60a73,False,5,240,True,0.0,0.6291666666666667,1,0.0,0.7875,3,0.0,0.8291666666666667,3,0.0,0.5472636815920398,3,1.0,1.0,True,1.0,False,False,False,0.0,0.0
11ty/buildawesome,40f317beea36b51b,False,1,339,True,0.0,0.6666666666666666,0,0.0,0.6076696165191741,3,0.0,0.6194690265486725,3,0.0,0.568561872909699,3,1.0,1.0,True,1.0,False,False,False,0.0,0.0
11ty/buildawesome,ef495efa0b1aa477,False,6,1321,True,1.0,0.6373959121877366,2,1.0,0.6237698713096139,8,1.0,0.5238455715367146,10,1.0,0.6907301066447908,8,1.0,1.0,True,1.0,False,False,False,1.0,1.0
11ty/buildawesome,8688d5d98526e783,True,1,393,True,0.0,0.5012722646310432,4,1.0,0.4681933842239186,5,1.0,0.44783715012722647,5,1.0,0.5193370165745856,5,1.0,1.0,True,1.0,False,False,True,0.0,1.0
11ty/buildawesome,b3d72ae97ebb8b89,False,0,284,True,0.0,0.676056338028169,0,0.0,0.6795774647887324,1,0.0,0.7288732394366197,1,0.0,0.6169354838709677,1,1.0,1.0,True,1.0,False,False,False,0.0,0.0
11ty/buildawesome,5c83a59e450325c0,False,3,153,True,1.0,0.6274509803921569,2,0.0,0.5163398692810458,1,0.0,0.5359477124183006,1,1.0,0.6274509803921569,2,1.0,1.0,True,1.0,False,False,False,1.0,1.0
11ty/buildawesome,8b8317c75f11caca,False,3,477,True,0.0,0.6750524109014675,1,0.0,0.6331236897274634,6,0.0,0.6687631027253669,6,0.0,0.5675675675675675,6,1.0,1.0,True,1.0,False,False,False,0.0,0.0
solidusio/solidus,db0c457f58654eb1,False,1,75,True,0.0,0.37333333333333335,4,0.0,0.38666666666666666,2,0.0,0.38666666666666666,2,0.0,0.3972602739726027,1,1.0,0.0,False,1.0,False,False,False,0.0,0.0
solidusio/solidus,5fd77c56e3652125,False,0,30,True,0.0,0.8666666666666667,0,0.0,0.8666666666666667,0,0.0,0.5333333333333333,2,0.0,0.9,0,0.0,0.0,True,0.0,False,False,False,0.0,0.0
solidusio/solidus,90bfc07cdf374915,False,0,41,True,0.0,0.43902439024390244,3,0.0,0.43902439024390244,3,0.0,0.43902439024390244,3,0.0,0.43902439024390244,5,0.0,0.0,True,0.0,False,False,False,0.0,0.0
solidusio/solidus,d09ea66f8227784f,False,0,86,True,0.0,0.45348837209302323,11,0.0,0.32558139534883723,14,0.0,0.313953488372093,15,0.0,0.45348837209302323,11,0.0,0.0,True,0.0,False,False,False,0.0,0.0
solidusio/solidus,0d84375a604ef646,False,0,15,True,0.0,0.26666666666666666,0,0.0,0.3333333333333333,0,0.0,0.3333333333333333,0,0.0,0.26666666666666666,0,0.0,0.0,False,0.0,False,False,False,0.0,0.0
solidusio/solidus,023d0efb68bd8869,False,0,96,True,0.0,0.25,12,0.0,0.3333333333333333,14,0.0,0.3958333333333333,14,0.0,0.26666666666666666,13,0.0,0.0,False,0.0,False,False,False,0.0,0.0
solidusio/solidus,8490797cefc11b7e,False,0,192,True,0.0,0.7395833333333334,3,0.0,0.75,3,0.0,0.75,3,0.0,0.7447916666666666,2,1.0,1.0,True,0.0,False,False,False,0.0,0.0
zeek/zeek,153fa71f366b109a,True,3,287,True,0.0,0.8885017421602788,7,0.0,0.554006968641115,8,0.0,0.5470383275261324,10,0.0,0.5701754385964912,7,0.0,0.0,True,0.0,False,False,False,0.0,0.0
zeek/zeek,1cae972eb5017162,False,0,20,True,1.0,0.6,0,1.0,0.8,0,1.0,0.7,0,1.0,1.0,0,1.0,1.0,True,1.0,False,False,False,1.0,1.0
zeek/zeek,9a3e02eb4b13e6a9,True,1,472,True,0.0,0.6292372881355932,2,0.0,0.9110169491525424,3,0.0,0.9110169491525424,3,0.0,0.9715536105032823,3,1.0,0.5,True,1.0,False,False,False,0.0,0.0
zeek/zeek,fd4ed504d3be528b,True,0,60,True,0.0,0.7333333333333333,2,0.0,0.5833333333333334,3,0.0,0.48333333333333334,3,0.0,0.5892857142857143,3,1.0,1.0,True,1.0,False,False,False,0.0,0.0
zeek/zeek,df19b26653a1b1e4,True,1,104,True,0.0,0.34615384615384615,2,0.0,0.34615384615384615,2,0.0,0.34615384615384615,2,0.0,0.4077669902912621,2,1.0,0.0,True,1.0,False,False,False,0.0,0.0
zeek/zeek,1cd42fe3ea59219e,True,1,193,True,1.0,0.7875647668393783,3,0.0,0.5284974093264249,2,0.0,0.5284974093264249,2,0.0,0.47468354430379744,2,0.0,0.0,True,0.0,False,False,False,1.0,0.0
zeek/zeek,9b7355621053ac87,True,2,339,True,0.0,0.8761061946902655,6,0.0,0.27728613569321536,2,0.0,0.28023598820059,3,0.0,0.302158273381295,2,1.0,1.0,True,1.0,False,False,False,0.0,0.0
zeek/zeek,d2f876f40f3f7f21,False,0,609,True,0.0,0.38095238095238093,7,0.0,0.40558292282430214,6,0.0,0.37110016420361247,6,0.0,0.38752052545155996,6,0.0,0.0,True,0.0,False,False,False,0.0,0.0
zeek/zeek,6f4c3c81797c83c3,True,5,614,True,0.0,0.8745928338762216,5,0.0,0.2280130293159609,4,0.0,0.24267100977198697,5,1.0,0.29545454545454547,4,0.0,0.25,True,1.0,False,False,False,0.0,1.0
zeek/zeek,70794414de1ddfa8,True,1,282,True,0.0,0.8546099290780141,3,1.0,0.3829787234042553,5,1.0,0.2872340425531915,4,1.0,0.4076923076923077,5,1.0,1.0,True,1.0,False,False,False,0.0,1.0
zeek/zeek,5da873a4c6a437a1,True,0,42,True,0.0,0.30952380952380953,3,0.0,0.2857142857142857,2,0.0,0.2857142857142857,4,0.0,0.3170731707317073,3,0.0,0.0,True,0.0,False,False,False,0.0,0.0
zeek/zeek,b2cfa3e0d94e6e4b,True,0,112,True,0.0,0.49107142857142855,7,0.0,0.6160714285714286,6,0.0,0.6071428571428571,6,0.0,0.6666666666666666,6,0.0,0.0,True,0.0,False,False,False,0.0,0.0
zeek/zeek,9992c6b6cccacf80,True,4,1733,True,0.0,0.5920369301788806,11,1.0,0.4697057126370456,16,1.0,0.45181765724177725,16,1.0,0.4786786786786787,15,0.0,0.0,True,0.0,False,False,False,0.0,1.0
saltstack/salt,3e624599f8a20663,False,1,148,True,0.0,0.36486486486486486,4,0.0,0.4189189189189189,5,0.0,0.4189189189189189,5,0.0,0.42142857142857143,5,0.0,0.0,True,0.0,False,False,False,0.0,0.0
saltstack/salt,1d38435cf2b52935,True,3,3627,True,0.0,0.2812241521918941,132,0.0,0.31320650675489387,144,0.0,0.340226082161566,150,0.0,0.19285714285714287,180,0.0,0.0,True,0.0,False,False,False,0.0,0.0
saltstack/salt,7ab898bdc42d7969,False,0,973,True,0.0,0.5488180883864338,8,0.0,0.5755395683453237,8,0.0,0.5611510791366906,13,0.0,0.7686567164179104,9,0.0,0.0,False,0.0,False,False,False,0.0,0.0
saltstack/salt,b55fa23e7894599a,False,0,267,True,0.0,0.7490636704119851,1,0.0,0.7378277153558053,1,0.0,0.7378277153558053,1,0.0,0.767175572519084,1,0.0,0.0,False,1.0,False,False,False,0.0,0.0
saltstack/salt,d7ae6b88b0f2499f,False,0,390,True,0.0,0.44358974358974357,9,0.0,0.4461538461538462,8,0.0,0.4461538461538462,8,0.0,0.7439353099730458,9,0.0,0.0,False,1.0,False,False,False,0.0,0.0
saltstack/salt,e5aa981c5f85cbc2,True,1,326,True,0.0,0.3067484662576687,6,0.0,0.3006134969325153,6,0.0,0.294478527607362,10,0.0,0.3222591362126246,8,0.0,0.0,False,1.0,False,False,False,0.0,0.0
saltstack/salt,65b0829e42df04ad,False,5,1813,True,0.0,0.5741864313292885,28,0.0,0.5841147269718698,28,0.0,0.6017650303364589,28,0.0,0.6523529411764706,29,0.0,0.0,True,0.0,False,False,False,0.0,0.0
FEX-Emu/FEX,3f53db6d9c36095b,False,0,31,True,0.0,0.6129032258064516,1,0.0,0.6451612903225806,1,0.0,0.5483870967741935,1,0.0,0.7096774193548387,1,0.0,0.0,True,0.0,False,False,False,0.0,0.0
FEX-Emu/FEX,8b8f366be41fbdb1,False,6,1464,True,0.0,0.4726775956284153,5,0.0,0.49385245901639346,7,0.0,0.4610655737704918,7,0.0,0.48148148148148145,7,0.0,0.0,True,1.0,False,False,False,0.0,0.0
FEX-Emu/FEX,ae3722ab58e5cec4,False,0,20,True,0.0,0.65,0,0.0,0.9,0,0.0,0.9,0,0.0,1.0,0,0.0,0.0,False,0.0,False,False,False,0.0,0.0
FEX-Emu/FEX,f15391421618a5b8,True,1,503,True,0.0,0.5546719681908548,0,1.0,0.9423459244532804,2,1.0,0.9423459244532804,2,1.0,0.9741379310344828,2,1.0,1.0,True,1.0,False,False,False,0.0,1.0
FEX-Emu/FEX,710638e1a4668870,True,0,1008,True,0.0,0.4751984126984127,1,1.0,0.9007936507936508,2,1.0,0.8402777777777778,2,1.0,0.8881922675026124,2,1.0,1.0,True,1.0,False,False,False,0.0,1.0
FEX-Emu/FEX,8723881e1f3cd133,False,4,469,True,1.0,0.39232409381663114,1,1.0,0.39872068230277186,1,0.0,0.4157782515991471,4,1.0,0.39232409381663114,0,1.0,1.0,True,0.0,False,False,False,1.0,1.0
FEX-Emu/FEX,38586fed928a515f,False,3,247,True,1.0,0.9392712550607287,3,1.0,0.9433198380566802,3,1.0,0.9433198380566802,3,1.0,0.9635627530364372,2,0.0,0.0,True,1.0,False,False,False,1.0,1.0
FEX-Emu/FEX,012b1f0695cd675a,True,1,834,True,0.0,0.8105515587529976,2,1.0,0.9064748201438849,3,1.0,0.9064748201438849,3,1.0,0.9736477115117892,3,0.0,1.0,True,0.0,False,False,False,0.0,1.0
FEX-Emu/FEX,92ec2a2356c8981e,True,1,583,True,0.0,0.5248713550600344,3,1.0,0.869639794168096,6,1.0,0.8747855917667239,6,1.0,0.847036328871893,4,1.0,1.0,True,1.0,False,False,False,0.0,1.0
FEX-Emu/FEX,873ad476d8992e53,False,1,162,True,1.0,0.8580246913580247,2,1.0,0.8641975308641975,2,1.0,0.8641975308641975,2,1.0,0.9012345679012346,1,1.0,0.5,True,1.0,False,False,False,1.0,1.0
FEX-Emu/FEX,fd11db1525b4ca4b,False,2,328,True,0.0,0.3201219512195122,1,0.0,0.3201219512195122,2,1.0,0.3018292682926829,3,0.0,0.3201219512195122,2,0.0,0.0,True,1.0,False,False,False,0.0,0.0
FEX-Emu/FEX,153334229f17eee3,False,0,129,True,0.0,0.9457364341085271,2,0.0,0.9534883720930233,1,0.0,0.5581395348837209,0,0.0,0.9534883720930233,1,1.0,0.0,True,0.0,False,False,False,0.0,0.0
FEX-Emu/FEX,ec03eb36af6d6b1d,True,0,82,True,0.0,0.5121951219512195,0,0.0,0.9024390243902439,2,0.0,0.9024390243902439,2,0.0,0.9146341463414634,0,1.0,1.0,True,0.0,False,False,False,0.0,0.0
BLAKE3-team/BLAKE3,b0153026c5ecdbd8,False,1,376,True,0.0,0.5797872340425532,7,0.0,0.5691489361702128,6,0.0,0.5585106382978723,6,0.0,0.5797872340425532,7,0.0,1.0,True,1.0,False,False,False,0.0,0.0
pbek/QOwnNotes,65b87bda814fd352,False,0,64,True,1.0,1.0,0,1.0,1.0,0,1.0,1.0,0,1.0,1.0,0,1.0,1.0,True,1.0,False,False,False,1.0,1.0
pbek/QOwnNotes,c106c1999ce1707e,False,0,56,True,1.0,1.0,0,1.0,1.0,0,1.0,1.0,0,1.0,1.0,0,1.0,1.0,True,1.0,False,False,False,1.0,1.0
pbek/QOwnNotes,38692b68dbd46a1f,False,0,27,True,1.0,1.0,0,1.0,1.0,0,1.0,1.0,0,1.0,1.0,0,1.0,0.0,False,1.0,False,False,False,1.0,1.0
pbek/QOwnNotes,751b86d0d46f3e80,False,0,29,True,1.0,0.896551724137931,0,1.0,0.896551724137931,0,1.0,0.896551724137931,0,1.0,0.896551724137931,0,1.0,1.0,True,1.0,False,False,False,1.0,1.0
pbek/QOwnNotes,9a6d0d037059a13d,False,0,64,True,1.0,1.0,0,1.0,1.0,0,1.0,1.0,0,1.0,1.0,0,1.0,1.0,True,1.0,False,False,False,1.0,1.0
pbek/QOwnNotes,7c4cfc2752a8f4c9,False,0,9,True,1.0,1.0,0,1.0,1.0,0,1.0,1.0,0,1.0,1.0,0,1.0,1.0,True,1.0,False,False,False,1.0,1.0
pbek/QOwnNotes,e49b7619b3688089,False,0,56,True,1.0,1.0,0,1.0,1.0,0,1.0,1.0,0,1.0,1.0,0,1.0,1.0,True,1.0,False,False,False,1.0,1.0
pbek/QOwnNotes,2bc8f54a876788cf,False,0,82,True,1.0,1.0,0,1.0,1.0,0,1.0,1.0,0,1.0,1.0,0,1.0,1.0,True,1.0,False,False,False,1.0,1.0
pbek/QOwnNotes,0c1a7d14299f5f5c,False,1,229,True,1.0,1.0,0,1.0,1.0,0,1.0,1.0,0,1.0,1.0,0,1.0,1.0,True,1.0,False,False,False,1.0,1.0
pbek/QOwnNotes,43c45134900dcb86,True,1,231,True,1.0,0.9783549783549783,1,0.0,0.8961038961038961,0,0.0,0.8961038961038961,0,0.0,1.0,0,0.0,0.0,False,1.0,False,False,False,1.0,0.0
pbek/QOwnNotes,d11230559646f3a2,False,0,29,True,1.0,1.0,0,1.0,1.0,0,1.0,1.0,0,1.0,1.0,0,1.0,1.0,True,1.0,False,False,False,1.0,1.0
pbek/QOwnNotes,f123cbaa6bb89001,False,0,79,True,1.0,1.0,0,1.0,1.0,0,1.0,1.0,0,1.0,1.0,0,1.0,1.0,True,1.0,False,False,False,1.0,1.0
pbek/QOwnNotes,aad406b57cf4b5b9,False,0,20,True,1.0,0.7,0,1.0,0.7,0,1.0,0.7,0,1.0,0.65,0,0.0,0.0,False,1.0,False,False,False,1.0,1.0
pbek/QOwnNotes,0e8fa37d665f720b,False,1,104,True,0.0,0.8653846153846154,3,0.0,0.8942307692307693,3,0.0,0.8846153846153846,3,0.0,0.9514563106796117,4,0.0,0.0,True,1.0,False,False,False,0.0,0.0
App-vNext/Polly,f8f916bc545bceab,True,0,132,True,1.0,0.5909090909090909,4,0.0,0.5303030303030303,5,0.0,0.5303030303030303,5,0.0,0.488,5,1.0,1.0,True,0.0,False,False,False,1.0,0.0
App-vNext/Polly,e0c5d4edc0620cb8,True,0,137,True,1.0,0.5547445255474452,3,0.0,0.583941605839416,3,0.0,0.291970802919708,4,0.0,0.5658914728682171,3,1.0,1.0,True,0.0,False,False,False,1.0,0.0
matplotlib/matplotlib,f883675cd20e3f5e,False,0,1513,True,1.0,0.2690019828155982,15,1.0,0.25974884335756776,15,1.0,0.2498347653668209,15,1.0,0.2690019828155982,15,0.0,0.0,True,1.0,False,False,False,1.0,1.0
matplotlib/matplotlib,4bb8aa987dcf84bb,False,0,583,True,0.0,0.274442538593482,13,0.0,0.241852487135506,12,0.0,0.2727272727272727,14,0.0,0.274442538593482,13,0.0,0.0,True,0.0,False,False,False,0.0,0.0
matplotlib/matplotlib,3c08c967cdebbe05,False,4,4228,True,0.0,0.3074739829706717,58,0.0,0.3074739829706717,55,0.0,0.27672658467360456,53,0.0,0.3074739829706717,58,1.0,1.0,True,1.0,False,False,False,0.0,0.0
matplotlib/matplotlib,1565d78306cf72de,False,0,1001,True,0.0,0.3256743256743257,28,0.0,0.3826173826173826,30,0.0,0.4065934065934066,30,0.0,0.32667332667332666,27,0.0,0.0,True,0.0,False,False,False,0.0,0.0
matplotlib/matplotlib,c0f3394227ee94f9,False,2,1626,True,0.0,0.25461254612546125,24,0.0,0.26814268142681424,24,0.0,0.2699876998769988,24,0.0,0.25461254612546125,24,0.0,0.0,True,0.0,False,False,False,0.0,0.0
matplotlib/matplotlib,34559c7ee959645e,False,2,1279,True,0.0,0.7826426896012509,11,0.0,0.7888975762314308,10,0.0,0.7599687255668491,10,0.0,0.7826426896012509,10,0.0,0.0,True,0.0,False,False,False,0.0,0.0
matplotlib/matplotlib,3f7115dd58204520,False,2,1382,True,0.0,0.31620839363241676,33,0.0,0.3227206946454414,32,0.0,0.35021707670043417,33,0.0,0.3227206946454414,32,0.0,0.0,True,0.0,False,False,False,0.0,0.0
matplotlib/matplotlib,6c3612be4fca30f3,False,2,1090,True,0.0,0.8743119266055046,16,0.0,0.8678899082568807,16,0.0,0.5440366972477064,36,0.0,0.8752293577981651,15,0.0,1.0,True,0.0,False,False,False,0.0,0.0
matplotlib/matplotlib,4ee7ef31076edd9e,False,10,2735,True,1.0,0.16745886654478975,55,1.0,0.16745886654478975,54,1.0,0.15685557586837295,55,1.0,0.16745886654478975,55,0.0,0.0,True,0.0,False,False,False,1.0,1.0
matplotlib/matplotlib,ab6174d6efb49da4,False,0,178,True,1.0,0.4887640449438202,5,1.0,0.5,5,1.0,0.46629213483146065,6,1.0,0.5,4,1.0,1.0,True,0.0,False,False,False,1.0,1.0
matplotlib/matplotlib,35afbf0e26422afd,False,2,674,True,0.0,0.2433234421364985,26,0.0,0.16765578635014836,25,0.0,0.17507418397626112,24,0.0,0.2433234421364985,26,0.0,0.0,True,0.0,False,False,False,0.0,0.0
matplotlib/matplotlib,395d4fb9813599f4,False,0,183,True,0.0,0.46994535519125685,7,0.0,0.46994535519125685,7,0.0,0.46994535519125685,7,0.0,0.46994535519125685,6,0.0,0.0,True,0.0,False,False,False,0.0,0.0
matplotlib/matplotlib,31219318ec1480e3,False,1,1840,True,0.0,0.20543478260869566,35,0.0,0.23206521739130434,36,0.0,0.23315217391304346,35,0.0,0.20543478260869566,33,0.0,0.0,True,1.0,False,False,False,0.0,0.0
matplotlib/matplotlib,04227e6d4900298b,False,4,2830,True,0.0,0.31696113074204946,53,0.0,0.29964664310954064,55,0.0,0.28975265017667845,58,0.0,0.31696113074204946,52,0.0,1.0,True,1.0,False,False,False,0.0,0.0
WebAssembly/wabt,22cb3114ee311b8b,False,0,155,True,0.0,0.567741935483871,2,0.0,0.5548387096774193,1,0.0,0.535483870967742,1,0.0,0.5741935483870968,1,1.0,0.0,False,0.0,False,False,False,0.0,0.0
WebAssembly/wabt,dd676fdb10cbb75c,False,4,1317,True,0.0,0.6211085801063022,15,0.0,0.6226271829916477,15,0.0,0.6294608959757023,18,0.0,0.6211085801063022,15,0.0,0.0,True,0.0,False,False,False,0.0,0.0
WebAssembly/wabt,80fea8bc98f0b27b,False,0,864,True,0.0,0.8402777777777778,11,0.0,0.8715277777777778,11,0.0,0.8576388888888888,11,0.0,0.9345794392523364,11,0.0,0.0,True,0.0,False,False,False,0.0,0.0
WebAssembly/wabt,6332c020eebe46d9,False,0,149,True,1.0,0.5100671140939598,4,1.0,0.5167785234899329,3,1.0,0.4228187919463087,3,1.0,0.5167785234899329,3,0.0,0.0,False,0.0,False,False,False,1.0,1.0
WebAssembly/wabt,3f4ddf4e887671e3,False,2,985,True,0.0,0.6893401015228426,11,0.0,0.7076142131979696,11,0.0,0.5401015228426396,12,0.0,0.6903553299492385,10,0.0,0.0,True,0.0,False,False,False,0.0,0.0
WebAssembly/wabt,0c342158529b6197,False,1,69,True,0.0,0.43478260869565216,2,0.0,0.5942028985507246,2,0.0,0.37681159420289856,2,0.0,0.5942028985507246,2,0.0,0.0,False,0.0,False,False,False,0.0,0.0
WebAssembly/wabt,95125931506f3cc3,False,4,3943,True,0.0,0.4585341110829318,31,0.0,0.4717220390565559,31,0.0,0.49657621100684757,32,0.0,0.4585341110829318,31,0.0,0.0,True,0.0,False,False,False,0.0,0.0
WebAssembly/wabt,5dca4d3821284e52,False,1,600,True,0.0,0.40166666666666667,7,0.0,0.405,6,0.0,0.425,9,0.0,0.405,6,0.0,0.0,True,0.0,False,False,False,0.0,0.0
WebAssembly/wabt,329cad45c143c85c,False,0,136,True,0.0,0.5073529411764706,3,0.0,0.5147058823529411,2,0.0,0.5073529411764706,2,0.0,0.5147058823529411,2,0.0,0.0,False,0.0,False,False,False,0.0,0.0
WebAssembly/wabt,a54f76993eb66c8c,False,2,1925,True,0.0,0.5309090909090909,21,0.0,0.5309090909090909,21,0.0,0.5444155844155845,22,0.0,0.5309090909090909,21,0.0,0.0,True,0.0,False,False,False,0.0,0.0
WebAssembly/wabt,cfee9ac518f95654,False,2,458,True,1.0,0.3078602620087336,2,1.0,0.3078602620087336,2,0.0,0.2925764192139738,2,1.0,0.31222707423580787,1,0.0,0.0,False,0.0,False,False,False,1.0,1.0
WebAssembly/wabt,8515f9379a8a053c,False,3,75,True,0.0,0.9466666666666667,0,0.0,0.9466666666666667,0,0.0,0.9466666666666667,0,0.0,0.9466666666666667,0,0.0,0.0,False,0.0,False,False,False,0.0,0.0
WebAssembly/wabt,6fec8b394ca13ae4,False,1,1857,True,0.0,0.2563274098007539,25,0.0,0.2617124394184168,26,0.0,0.26278944534194937,26,0.0,0.2568659127625202,25,0.0,0.0,True,0.0,False,False,False,0.0,0.0
WebAssembly/wabt,44c74140970210b7,False,0,2087,True,0.0,0.4432199329180642,8,0.0,0.45615716339242934,8,0.0,0.45424053665548636,9,0.0,0.4432199329180642,7,0.0,0.0,True,0.0,False,False,False,0.0,0.0
WebAssembly/wabt,5228fbf904243ddd,False,0,1307,True,0.0,0.5241009946442234,4,0.0,0.4973221117061974,4,1.0,0.48584544758990056,4,0.0,0.531752104055088,4,0.0,0.0,True,0.0,False,False,False,0.0,0.0
WebAssembly/wabt,169c0f993b31d13e,False,0,118,True,0.0,0.8135593220338984,0,0.0,0.8728813559322034,1,0.0,0.7542372881355932,1,0.0,0.8983050847457628,0,0.0,0.0,False,0.0,False,False,False,0.0,0.0
WebAssembly/wabt,e0f4a781b5171bc2,False,0,99,True,0.0,0.8585858585858586,3,0.0,0.8686868686868687,2,0.0,0.8686868686868687,2,0.0,0.8686868686868687,2,0.0,0.0,False,0.0,False,False,False,0.0,0.0
WebAssembly/wabt,ac89816d1e9a3a4d,False,1,735,True,0.0,0.6653061224489796,6,0.0,0.6857142857142857,7,0.0,0.6571428571428571,7,0.0,0.6857142857142857,6,0.0,0.0,True,0.0,False,False,False,0.0,0.0
WebAssembly/wabt,f900dcbcc10d42ba,False,6,2844,True,0.0,0.6082981715893109,16,0.0,0.6184950773558369,16,0.0,0.6353727144866386,16,0.0,0.6111111111111112,16,0.0,0.0,True,0.0,False,False,False,0.0,0.0
WebAssembly/wabt,86791887b90e243b,False,2,1111,True,0.0,0.38793879387938796,21,0.0,0.39063906390639064,20,0.0,0.3483348334833483,20,0.0,0.38973897389738976,21,1.0,0.3333333333333333,True,0.0,False,False,False,0.0,0.0
WebAssembly/wabt,17c77b6256c86425,False,1,175,True,0.0,0.48,5,0.0,0.52,6,0.0,0.49714285714285716,6,0.0,0.49142857142857144,4,0.0,0.0,False,0.0,False,False,False,0.0,0.0
WebAssembly/wabt,6c78a513d91fbb67,False,0,161,True,0.0,0.4906832298136646,3,0.0,0.5527950310559007,1,0.0,0.5590062111801242,1,0.0,0.4968944099378882,2,0.0,0.0,False,0.0,False,False,False,0.0,0.0
EsotericSoftware/spine-runtimes,60b67e5cf5b06871,False,2,106,True,1.0,0.9433962264150944,0,1.0,0.9433962264150944,0,1.0,0.9622641509433962,2,1.0,1.0,0,1.0,1.0,True,1.0,False,False,False,1.0,1.0
EsotericSoftware/spine-runtimes,16a6d33cbcd382f4,False,0,118,True,1.0,0.8559322033898306,0,1.0,0.864406779661017,0,1.0,0.576271186440678,0,1.0,0.8974358974358975,0,1.0,0.0,False,0.0,False,False,False,1.0,1.0
EsotericSoftware/spine-runtimes,53932a41690a5680,False,0,153,True,0.0,0.5686274509803921,4,0.0,0.5751633986928104,3,0.0,0.5751633986928104,3,0.0,0.5686274509803921,4,0.0,1.0,True,0.0,False,False,False,0.0,0.0
EsotericSoftware/spine-runtimes,2c8f0fe6ecdf459e,False,0,682,True,1.0,0.48533724340175954,1,1.0,0.5131964809384164,2,1.0,0.49266862170087977,2,1.0,0.5214180206794683,1,1.0,1.0,True,0.0,False,False,False,1.0,1.0
EsotericSoftware/spine-runtimes,59e519111a953ed6,False,0,40,True,1.0,0.85,0,1.0,0.85,0,1.0,0.95,0,1.0,1.0,0,1.0,0.0,False,1.0,False,False,False,1.0,1.0
EsotericSoftware/spine-runtimes,6cf74b8ef07ca634,False,2,1013,True,0.0,0.9851924975320829,1,1.0,0.9822309970384995,1,1.0,0.9772951628825272,2,0.0,0.9921026653504442,1,1.0,0.0,False,0.0,False,False,False,0.0,0.0
EsotericSoftware/spine-runtimes,1306eb0ac7883dbd,False,0,88,True,1.0,0.9318181818181818,0,1.0,0.9318181818181818,0,1.0,0.9318181818181818,2,1.0,1.0,0,1.0,0.0,False,0.0,False,False,False,1.0,1.0
EsotericSoftware/spine-runtimes,fa4b5705627e744b,False,1,329,True,0.0,0.7082066869300911,0,0.0,0.6808510638297872,0,0.0,0.6930091185410334,0,0.0,0.7082066869300911,0,0.0,0.0,True,0.0,False,False,False,0.0,0.0
EsotericSoftware/spine-runtimes,71080b4c1c0938e3,False,0,323,True,0.0,0.6904024767801857,1,0.0,0.6904024767801857,2,0.0,0.6965944272445821,3,0.0,0.7641509433962265,1,1.0,0.0,False,0.0,False,False,False,0.0,0.0
EsotericSoftware/spine-runtimes,76627bd29dc2f5ff,False,0,632,True,0.0,0.7341772151898734,2,0.0,0.7531645569620253,2,0.0,0.7151898734177216,4,0.0,0.7694753577106518,1,1.0,1.0,True,0.0,False,False,False,0.0,0.0
EsotericSoftware/spine-runtimes,1d3616260e05eb60,False,1,139,True,1.0,1.0,0,1.0,1.0,0,1.0,0.9640287769784173,2,1.0,1.0,0,1.0,1.0,True,0.0,False,False,False,1.0,1.0
EsotericSoftware/spine-runtimes,cb547fa8d047b249,False,0,50,True,1.0,0.88,0,1.0,0.88,0,1.0,0.66,2,1.0,1.0,0,1.0,0.0,False,0.0,False,False,False,1.0,1.0
EsotericSoftware/spine-runtimes,d6cc128c3bb57900,False,1,134,True,1.0,0.5149253731343284,0,1.0,0.582089552238806,0,1.0,0.5671641791044776,0,1.0,0.5149253731343284,0,0.0,0.0,True,0.0,False,False,False,1.0,1.0
EsotericSoftware/spine-runtimes,75849b52033fac9c,False,2,182,True,0.0,0.6758241758241759,0,0.0,0.6538461538461539,0,0.0,0.6593406593406593,0,0.0,0.6758241758241759,0,0.0,0.0,True,0.0,False,False,False,0.0,0.0
EsotericSoftware/spine-runtimes,d5b0671b0d108b6c,False,3,583,True,0.0,0.5540308747855918,1,0.0,0.5557461406518011,1,0.0,0.6243567753001715,2,0.0,0.5643224699828473,0,1.0,1.0,True,0.0,False,False,False,0.0,0.0
EsotericSoftware/spine-runtimes,1a558c1f03d29aa6,False,0,56,True,0.0,0.8928571428571429,0,0.0,0.8928571428571429,0,0.0,0.9464285714285714,2,0.0,1.0,0,0.0,0.0,False,0.0,False,False,False,0.0,0.0
EsotericSoftware/spine-runtimes,9436385e04f5ebc3,False,2,1340,True,0.0,0.5410447761194029,3,1.0,0.9611940298507463,4,1.0,0.9559701492537314,5,0.0,0.5477611940298508,2,1.0,1.0,True,0.0,False,False,False,0.0,0.0
EsotericSoftware/spine-runtimes,c823251a0baf9a09,False,1,121,True,0.0,0.9752066115702479,1,0.0,0.9752066115702479,1,0.0,0.9752066115702479,1,0.0,0.9752066115702479,1,0.0,0.0,True,0.0,False,False,False,0.0,0.0
EsotericSoftware/spine-runtimes,f3c08e5d902e63c9,False,0,229,True,1.0,0.9082969432314411,1,1.0,0.9126637554585153,1,1.0,0.7641921397379913,1,1.0,0.9475982532751092,0,1.0,1.0,True,0.0,False,False,False,1.0,1.0
EsotericSoftware/spine-runtimes,02d1346edcb56f2c,False,1,388,True,0.0,0.9536082474226805,1,1.0,0.9536082474226805,1,1.0,0.9407216494845361,1,0.0,0.9716494845360825,1,1.0,1.0,True,0.0,False,False,False,0.0,0.0
OpenMW/openmw,9d910c585838cbf4,True,0,79,True,0.0,0.5949367088607594,3,0.0,0.569620253164557,1,0.0,0.569620253164557,1,0.0,0.5466666666666666,1,1.0,1.0,True,1.0,True,False,False,0.0,0.0
OpenMW/openmw,e529af941288c6f6,False,0,133,True,0.0,0.5939849624060151,2,0.0,0.6015037593984962,2,0.0,0.6165413533834586,2,0.0,0.6691729323308271,2,1.0,0.3333333333333333,True,1.0,False,False,False,0.0,0.0
OpenMW/openmw,06853da297bc5798,False,1,748,True,0.0,0.33689839572192515,18,0.0,0.3890374331550802,20,0.0,0.4304812834224599,21,0.0,0.3753351206434316,19,0.0,0.0,True,1.0,False,False,False,0.0,0.0
OpenMW/openmw,751de2eb92432579,False,0,963,True,0.0,0.6033229491173416,8,0.0,0.6355140186915887,9,0.0,0.6542056074766355,9,0.0,0.6174636174636174,7,1.0,1.0,True,1.0,False,False,False,0.0,0.0
typescript-eslint/typescript-eslint,d223166dbaef9e83,False,1,481,True,0.0,0.3659043659043659,3,0.0,0.3659043659043659,3,0.0,0.367983367983368,2,0.0,0.4124168514412417,4,0.0,0.0,True,1.0,False,False,False,0.0,0.0
typescript-eslint/typescript-eslint,9601a8f6c734c200,False,2,744,True,0.0,0.4731182795698925,11,0.0,0.4717741935483871,12,0.0,0.42473118279569894,22,0.0,0.5833333333333334,12,0.0,0.0,True,0.0,False,False,False,0.0,0.0
typescript-eslint/typescript-eslint,3fb81765ab130bf8,False,2,751,True,1.0,0.422103861517976,6,1.0,0.422103861517976,7,0.0,0.37283621837549935,8,1.0,0.4266487213997308,7,0.0,0.3333333333333333,True,0.0,False,False,False,1.0,1.0
typescript-eslint/typescript-eslint,ac1c5e8679865e51,False,2,542,True,0.0,0.45940959409594095,2,0.0,0.4354243542435424,2,0.0,0.33948339483394835,3,0.0,0.45940959409594095,3,0.0,0.0,True,1.0,False,False,False,0.0,0.0
typescript-eslint/typescript-eslint,1c499adb3145d588,False,0,54,True,0.0,0.8703703703703703,1,0.0,0.8703703703703703,1,0.0,0.9074074074074074,1,0.0,0.9811320754716981,1,0.0,0.0,False,0.0,False,False,False,0.0,0.0
typescript-eslint/typescript-eslint,68979b47bfc32bb2,False,1,3464,True,0.0,0.37759815242494227,11,0.0,0.3348729792147806,12,0.0,0.33342956120092376,11,0.0,0.5153643546971027,12,0.0,0.0,False,1.0,False,False,False,0.0,0.0
typescript-eslint/typescript-eslint,56e1e9d9e3242f05,False,1,457,True,0.0,0.7724288840262582,2,0.0,0.7724288840262582,2,0.0,0.7592997811816192,2,0.0,0.7256235827664399,2,0.0,0.0,False,0.0,False,False,False,0.0,0.0
typescript-eslint/typescript-eslint,b13b9d6173de7200,False,0,45,True,0.0,0.8444444444444444,0,0.0,0.8444444444444444,0,0.0,0.8666666666666667,0,0.0,1.0,0,0.0,0.0,False,0.0,False,False,False,0.0,0.0
typescript-eslint/typescript-eslint,4c18ef43d9099bbf,False,0,309,True,0.0,0.3818770226537217,11,0.0,0.26537216828478966,11,0.0,0.33980582524271846,12,0.0,0.3888888888888889,12,0.0,0.0,True,1.0,False,False,False,,
typescript-eslint/typescript-eslint,b9fa6ebfc56ec337,False,1,204,True,0.0,0.4068627450980392,1,0.0,0.4068627450980392,1,0.0,0.553921568627451,3,0.0,0.49473684210526314,3,0.0,0.0,False,0.0,False,False,False,0.0,0.0
typescript-eslint/typescript-eslint,5b778423e50222a0,False,1,42,True,0.0,0.6904761904761905,2,0.0,0.6904761904761905,2,0.0,0.8333333333333334,1,0.0,0.7560975609756098,2,0.0,0.0,True,0.0,False,False,False,0.0,0.0
typescript-eslint/typescript-eslint,4832097ebdb8ccf5,False,0,25,True,0.0,0.64,1,0.0,0.64,1,0.0,0.64,2,0.0,0.64,1,0.0,0.0,True,0.0,False,False,False,0.0,0.0
typescript-eslint/typescript-eslint,84ad5ed0e913bf98,False,1,350,True,0.0,0.6257142857142857,1,0.0,0.6257142857142857,1,0.0,0.6571428571428571,3,0.0,0.6916167664670658,2,0.0,0.0,False,0.0,False,False,False,0.0,0.0
typescript-eslint/typescript-eslint,ec5bc0bea4bb4653,False,0,67,True,0.0,0.7761194029850746,1,0.0,0.7761194029850746,1,0.0,0.7761194029850746,1,0.0,0.7878787878787878,1,0.0,0.0,True,1.0,False,False,False,,
typescript-eslint/typescript-eslint,b74c900ed201ddb0,False,1,10,True,0.0,0.8,0,0.0,0.8,0,0.0,0.7,0,0.0,1.0,0,0.0,0.0,False,0.0,False,False,False,0.0,0.0
observablehq/plot,b31f60162ca67769,False,0,358,True,1.0,0.6871508379888268,0,1.0,0.6899441340782123,0,1.0,0.6927374301675978,0,1.0,0.8016759776536313,0,1.0,1.0,True,1.0,False,False,False,1.0,1.0
observablehq/plot,eee16942401d4c91,True,0,239,True,1.0,0.5564853556485355,1,1.0,0.5564853556485355,1,1.0,0.5564853556485355,1,0.0,0.5316455696202531,1,0.0,0.0,False,0.0,False,False,False,1.0,0.0
observablehq/plot,945f040bb0c278ab,False,0,52,True,0.0,0.8653846153846154,1,0.0,0.8653846153846154,1,0.0,0.8653846153846154,1,0.0,0.9019607843137255,0,0.0,0.0,False,0.0,False,False,False,0.0,0.0
observablehq/plot,3bbab862616157c6,False,0,126,True,0.0,0.7619047619047619,1,0.0,0.7619047619047619,1,0.0,0.7619047619047619,1,0.0,0.9098360655737705,1,1.0,0.0,False,0.0,False,False,False,0.0,0.0
observablehq/plot,2443057797761053,False,1,85,True,1.0,0.5411764705882353,0,1.0,0.5294117647058824,0,0.0,0.5764705882352941,0,1.0,0.7058823529411765,0,1.0,1.0,True,1.0,False,False,False,1.0,1.0
observablehq/plot,2034baea16fe1d92,False,1,479,True,1.0,0.8643006263048016,1,1.0,0.8538622129436325,1,1.0,0.8350730688935282,1,1.0,0.9394572025052192,1,1.0,1.0,True,1.0,False,False,False,1.0,1.0
observablehq/plot,8f62f80a02a317ce,False,0,87,True,1.0,0.7126436781609196,0,1.0,0.735632183908046,0,1.0,0.735632183908046,0,1.0,0.9647058823529412,1,1.0,1.0,True,1.0,False,False,False,1.0,1.0
observablehq/plot,b3a963cfa81f0896,True,0,110,True,0.0,0.6636363636363637,0,1.0,0.6090909090909091,0,1.0,0.6090909090909091,0,1.0,0.6923076923076923,0,1.0,0.0,False,1.0,False,False,False,0.0,1.0
observablehq/plot,601ac60c6ad76fb6,False,0,76,True,0.0,0.6842105263157895,0,0.0,0.6842105263157895,0,0.0,0.6842105263157895,0,0.0,1.0,0,0.0,0.0,False,0.0,False,False,False,0.0,0.0
observablehq/plot,68edde3adfd39e57,False,0,60,True,0.0,0.8166666666666667,0,0.0,0.8166666666666667,0,0.0,0.8166666666666667,0,0.0,1.0,0,0.0,0.0,False,0.0,False,False,False,0.0,0.0
observablehq/plot,90dbe63978af6da9,False,0,348,True,0.0,0.7011494252873564,0,0.0,0.7327586206896551,0,0.0,0.6867816091954023,0,0.0,0.791907514450867,0,0.0,0.0,True,0.0,False,False,False,0.0,0.0
observablehq/plot,050d4142c3661452,False,0,183,True,1.0,0.7431693989071039,0,1.0,0.5792349726775956,0,1.0,0.5792349726775956,0,1.0,0.8516483516483516,0,1.0,1.0,True,1.0,False,False,False,1.0,1.0
observablehq/plot,fc8cfc7f7d8d1ae5,False,0,313,True,1.0,0.7028753993610224,0,1.0,0.6549520766773163,0,1.0,0.6773162939297125,0,1.0,0.5016181229773463,0,1.0,0.0,False,0.0,False,False,False,1.0,1.0
binwiederhier/ntfy,152b20edb8871a15,True,0,202,True,0.0,0.8316831683168316,0,0.0,0.6584158415841584,0,0.0,0.6782178217821783,0,0.0,0.8861386138613861,1,0.0,0.0,False,1.0,False,False,False,0.0,0.0
binwiederhier/ntfy,a1ee8bb8ed1585db,False,4,262,True,0.0,0.916030534351145,1,0.0,0.48091603053435117,1,0.0,0.48091603053435117,1,0.0,0.5146443514644351,1,0.0,0.0,False,1.0,False,False,False,0.0,0.0
binwiederhier/ntfy,a5c9891d51aaf3e7,False,0,23,True,0.0,0.8260869565217391,0,0.0,0.6956521739130435,1,0.0,0.6956521739130435,1,0.0,0.6086956521739131,0,0.0,0.0,False,1.0,False,False,False,0.0,0.0
binwiederhier/ntfy,575fbbc42f3d8987,True,0,47,True,0.0,0.8297872340425532,0,0.0,0.5957446808510638,0,0.0,0.5957446808510638,0,0.0,0.9777777777777777,1,0.0,0.0,False,1.0,False,False,False,0.0,0.0
binwiederhier/ntfy,123bf3568b38095f,True,0,4,True,0.0,0.5,0,0.0,0.75,0,0.0,0.75,0,0.0,1.0,0,0.0,0.0,False,1.0,False,False,True,0.0,0.0
binwiederhier/ntfy,69cd588041586b05,True,1,178,True,0.0,0.7134831460674157,3,0.0,0.4943820224719101,3,0.0,0.5056179775280899,3,0.0,0.5180722891566265,3,1.0,1.0,True,1.0,False,False,False,0.0,0.0
binwiederhier/ntfy,39440a033eab93e9,True,0,158,True,0.0,0.7341772151898734,0,0.0,0.6645569620253164,0,0.0,0.6708860759493671,0,0.0,0.967741935483871,2,0.0,0.0,False,1.0,False,False,False,0.0,0.0
binwiederhier/ntfy,7c87ce4a687ab406,True,1,435,True,0.0,0.8781609195402299,1,0.0,0.7632183908045977,0,0.0,0.8,0,0.0,0.8768328445747801,1,0.0,0.0,False,1.0,False,False,False,0.0,0.0
binwiederhier/ntfy,95cd838856049062,True,1,50,True,0.0,0.54,0,0.0,0.74,0,0.0,0.76,0,0.0,0.74,0,0.0,0.0,False,1.0,False,False,False,0.0,0.0
binwiederhier/ntfy,f0a41cd709e70729,True,0,80,True,0.0,0.775,0,0.0,0.6625,0,0.0,0.725,1,0.0,0.5657894736842105,0,0.0,0.0,False,1.0,False,False,False,0.0,0.0
binwiederhier/ntfy,a87fb722257dd48f,True,3,293,True,0.0,0.6006825938566553,2,0.0,0.45051194539249145,2,0.0,0.48464163822525597,3,0.0,0.6193771626297578,4,1.0,1.0,True,1.0,False,False,False,0.0,0.0
binwiederhier/ntfy,f611a90f8a8d1d8d,True,2,948,True,0.0,0.8892405063291139,5,0.0,0.5738396624472574,3,0.0,0.5938818565400844,3,0.0,0.8178484107579462,3,0.0,0.0,False,1.0,False,False,False,0.0,0.0
binwiederhier/ntfy,1939c8dcd4a80d06,True,1,153,True,0.0,0.8758169934640523,0,0.0,0.7581699346405228,0,0.0,0.7973856209150327,0,0.0,0.9763779527559056,1,0.0,0.0,False,1.0,False,False,False,0.0,0.0
binwiederhier/ntfy,2542bb632e455f79,True,2,428,True,0.0,0.8107476635514018,0,0.0,0.514018691588785,0,0.0,0.5420560747663551,0,0.0,0.7571428571428571,1,0.0,0.0,False,1.0,False,False,False,0.0,0.0
binwiederhier/ntfy,a7a15e45d2521858,True,2,332,True,0.0,0.8373493975903614,0,0.0,0.572289156626506,2,0.0,0.6024096385542169,2,0.0,0.7563291139240507,3,0.0,0.0,False,1.0,False,False,False,0.0,0.0
binwiederhier/ntfy,86417f5d827d01cc,True,3,756,True,0.0,0.7817460317460317,3,0.0,0.6137566137566137,3,0.0,0.6494708994708994,3,0.0,0.82907133243607,4,1.0,1.0,True,1.0,False,False,False,0.0,0.0
binwiederhier/ntfy,12a65ed4fef2211f,False,1,142,True,0.0,0.7816901408450704,1,0.0,0.5704225352112676,1,0.0,0.5352112676056338,1,0.0,0.6230769230769231,1,0.0,0.0,False,1.0,False,False,False,0.0,0.0
binwiederhier/ntfy,be863061ae6506eb,True,0,42,True,0.0,0.5952380952380952,1,0.0,0.8571428571428571,1,0.0,0.8571428571428571,1,0.0,0.9,0,0.0,0.0,False,1.0,False,False,False,0.0,0.0
apple/foundationdb,e8890c84cb6aeb3c,False,0,439,True,0.0,0.4419134396355353,10,0.0,0.48291571753986334,11,0.0,0.44419134396355353,12,0.0,0.46697038724373574,11,0.0,0.0,False,0.0,False,False,False,0.0,0.0
apple/foundationdb,35381f1b44def787,False,1,1515,True,0.0,0.44686468646864685,14,0.0,0.5108910891089109,15,0.0,0.5148514851485149,17,0.0,0.5324074074074074,16,0.0,0.0,True,0.0,False,False,False,0.0,0.0
apple/foundationdb,686fb35712162c3c,False,0,81,True,0.0,0.7160493827160493,4,0.0,0.7160493827160493,4,0.0,0.41975308641975306,6,0.0,0.7160493827160493,4,0.0,0.0,False,0.0,False,False,False,0.0,0.0
apple/foundationdb,ed4119ba51d709d7,False,0,239,True,0.0,0.3389121338912134,8,0.0,0.42677824267782427,8,0.0,0.4351464435146444,8,0.0,0.3389121338912134,8,0.0,0.0,False,0.0,False,False,False,0.0,0.0
apple/foundationdb,83ebc47ff74810b6,False,0,3937,True,0.0,0.23368046736093473,31,0.0,0.2760985521971044,33,0.0,0.3205486410972822,32,0.0,0.2889511201629328,32,0.0,0.0,True,0.0,False,False,False,0.0,0.0
apple/foundationdb,5f38819e536d3fdc,False,1,815,True,0.0,0.7190184049079754,15,0.0,0.7263803680981595,15,0.0,0.6993865030674846,20,0.0,0.8159509202453987,15,0.0,0.0,True,0.0,False,False,False,0.0,0.0
apple/foundationdb,a91bf1c99b37159e,True,0,2748,True,0.0,0.6863173216885007,4,0.0,0.7587336244541485,4,0.0,0.7590975254730713,4,0.0,0.9949651432997676,4,0.0,0.0,False,0.0,False,False,False,0.0,0.0
apple/foundationdb,a0f41526fcfc2be3,False,0,307,True,0.0,0.5179153094462541,11,0.0,0.6938110749185668,10,0.0,0.6970684039087948,11,0.0,0.7058823529411765,11,0.0,0.0,False,0.0,False,False,False,0.0,0.0
apple/foundationdb,14b832d2e65ed7e9,False,0,163,True,0.0,0.4601226993865031,10,0.0,0.588957055214724,9,0.0,0.5950920245398773,10,0.0,0.6073619631901841,10,0.0,0.0,True,0.0,False,False,False,0.0,0.0
apple/foundationdb,b36f777488aee840,False,1,705,True,0.0,0.37446808510638296,11,0.0,0.38156028368794326,11,0.0,0.3546099290780142,12,0.0,0.38156028368794326,11,0.0,0.0,False,0.0,False,False,False,0.0,0.0
apple/foundationdb,208f711a845b2644,False,0,237,True,1.0,0.5991561181434599,3,1.0,0.5991561181434599,3,1.0,0.5443037974683544,3,1.0,0.5991561181434599,3,0.0,0.0,False,0.0,False,False,False,1.0,1.0
apple/foundationdb,f03e3e652bee80f6,False,0,97,True,1.0,0.5876288659793815,6,1.0,0.5876288659793815,6,1.0,0.41237113402061853,6,1.0,0.6494845360824743,6,0.0,0.0,True,0.0,False,False,False,1.0,1.0
apple/foundationdb,92887d8d27b43f81,True,2,3235,True,0.0,0.22380216383307575,41,0.0,0.22534775888717157,39,0.0,0.24976816074188563,40,0.0,0.24357783967811822,41,0.0,0.0,True,0.0,False,False,False,0.0,0.0
apple/foundationdb,dead675ae5c066de,False,0,583,True,0.0,0.42538593481989706,12,0.0,0.5248713550600344,10,0.0,0.6072041166380789,11,0.0,0.5628227194492255,12,0.0,0.0,False,0.0,False,False,False,0.0,0.0
apple/foundationdb,20e54b7dbb4afb5e,False,0,29,True,0.0,0.5862068965517241,3,0.0,0.7241379310344828,3,0.0,0.7241379310344828,3,0.0,0.5862068965517241,3,0.0,0.0,False,0.0,False,False,False,0.0,0.0
apple/foundationdb,62f1224659d9dd1b,False,0,98,True,0.0,0.5918367346938775,8,0.0,0.6836734693877551,8,0.0,0.6836734693877551,9,0.0,0.6632653061224489,8,0.0,0.0,False,0.0,False,False,False,0.0,0.0
apple/foundationdb,5d9ed2492ffe8b4d,False,0,884,True,0.0,0.5904977375565611,11,0.0,0.6957013574660633,10,0.0,0.7013574660633484,10,0.0,0.5904977375565611,10,0.0,0.0,False,0.0,False,False,False,0.0,0.0
apple/foundationdb,f35dd923fa2425ea,False,0,159,True,0.0,0.4339622641509434,9,0.0,0.5408805031446541,8,0.0,0.559748427672956,9,0.0,0.6163522012578616,9,0.0,0.0,False,0.0,False,False,False,0.0,0.0
apple/foundationdb,e997d4de757b1310,False,0,237,True,0.0,0.6329113924050633,3,0.0,0.6329113924050633,3,0.0,0.3333333333333333,3,0.0,0.6329113924050633,2,0.0,0.0,False,0.0,False,False,False,0.0,0.0
apple/foundationdb,2d9238c0e538dbb2,False,0,136,True,0.0,0.4411764705882353,8,0.0,0.5,9,0.0,0.5,11,0.0,0.4852941176470588,8,0.0,0.0,False,0.0,False,False,False,0.0,0.0
apple/foundationdb,0ed16ce05449a96d,True,0,360,True,0.0,0.6527777777777778,2,0.0,0.825,4,0.0,0.825,4,0.0,0.9520958083832335,4,0.0,0.0,False,0.0,False,False,False,0.0,0.0
apple/foundationdb,86ee10add3dbf4c3,False,0,114,True,0.0,0.5877192982456141,5,0.0,0.6491228070175439,5,0.0,0.4824561403508772,4,0.0,0.7017543859649122,5,0.0,0.0,False,0.0,False,False,False,0.0,0.0
apple/foundationdb,7365043137e1dc00,True,0,944,True,0.0,0.1906779661016949,15,0.0,0.2680084745762712,15,0.0,0.2722457627118644,16,0.0,0.21443736730360935,16,0.0,0.0,False,0.0,False,False,False,0.0,0.0
apple/foundationdb,cf1a7fe22e596582,False,0,626,True,0.0,0.8849840255591054,13,0.0,0.8881789137380192,12,0.0,0.8817891373801917,13,0.0,0.9361022364217252,13,0.0,0.0,True,0.0,False,False,False,0.0,0.0
Giskard-AI/giskard-oss,4cd48bfe96569a07,False,0,174,True,0.0,0.6839080459770115,2,0.0,0.6781609195402298,2,0.0,0.7068965517241379,1,0.0,0.6954022988505747,1,0.0,0.0,True,0.0,False,False,False,0.0,0.0
Giskard-AI/giskard-oss,75bd8ce8eee6daf0,False,0,122,True,0.0,0.6967213114754098,2,0.0,0.6967213114754098,2,0.0,0.680327868852459,2,0.0,0.6528925619834711,2,0.0,0.0,False,0.0,False,False,False,0.0,0.0
Giskard-AI/giskard-oss,6314708442fdc4ff,False,0,124,True,0.0,0.8467741935483871,1,0.0,0.8790322580645161,1,0.0,0.8951612903225806,1,0.0,0.8548387096774194,1,0.0,0.0,False,0.0,False,False,False,0.0,0.0
Giskard-AI/giskard-oss,6ed44a0ba179b062,False,0,56,True,0.0,0.625,0,0.0,0.6071428571428571,0,0.0,0.75,0,0.0,0.625,0,0.0,0.0,False,0.0,False,False,False,0.0,0.0
Giskard-AI/giskard-oss,94cbc128421075a4,False,0,48,True,0.0,0.5208333333333334,1,0.0,0.5416666666666666,1,0.0,0.3958333333333333,1,0.0,0.5208333333333334,1,0.0,0.0,False,0.0,False,False,False,0.0,0.0
Giskard-AI/giskard-oss,4af16586d08692b9,False,0,167,True,0.0,0.9940119760479041,1,0.0,0.9940119760479041,1,0.0,1.0,0,0.0,1.0,0,0.0,0.0,False,0.0,False,False,False,0.0,0.0
Giskard-AI/giskard-oss,bc0e8c93f6d889b1,False,0,911,True,0.0,0.3907793633369923,2,0.0,0.32491767288693746,3,0.0,0.3677277716794731,3,0.0,0.39163916391639164,2,0.0,0.0,False,0.0,False,False,False,0.0,0.0
Giskard-AI/giskard-oss,1df45222b39a6a73,False,0,117,True,0.0,0.6837606837606838,3,0.0,0.6923076923076923,3,0.0,0.5128205128205128,5,0.0,0.6982758620689655,2,0.0,0.0,True,0.0,False,False,False,0.0,0.0
Giskard-AI/giskard-oss,8d2715c6ab0ff8f8,False,0,39,True,0.0,0.9230769230769231,0,0.0,0.9230769230769231,0,0.0,0.9487179487179487,0,0.0,1.0,0,0.0,0.0,False,0.0,False,False,False,0.0,0.0
Giskard-AI/giskard-oss,2411235074ce3bab,False,0,144,True,0.0,0.9097222222222222,5,0.0,0.9097222222222222,5,0.0,0.8680555555555556,6,0.0,0.9440559440559441,4,0.0,0.0,True,0.0,False,False,False,0.0,0.0
Giskard-AI/giskard-oss,973b3798dd9017e9,False,0,268,True,0.0,0.914179104477612,6,0.0,0.914179104477612,6,0.0,0.6343283582089553,6,0.0,0.9210526315789473,5,0.0,0.0,True,0.0,False,False,False,0.0,0.0
Giskard-AI/giskard-oss,fd7b341a83785529,False,0,72,True,0.0,0.7916666666666666,2,0.0,0.7916666666666666,2,0.0,0.7916666666666666,2,0.0,0.7916666666666666,2,0.0,0.0,False,0.0,False,False,False,0.0,0.0
Giskard-AI/giskard-oss,1ec47dc555e399ad,False,0,102,True,0.0,0.7156862745098039,1,0.0,0.7352941176470589,2,0.0,0.696078431372549,3,0.0,0.7623762376237624,1,0.0,0.0,True,0.0,False,False,False,0.0,0.0
Giskard-AI/giskard-oss,956c1e5bd8841f0f,False,0,11,True,0.0,0.6363636363636364,0,0.0,0.6363636363636364,0,0.0,0.6363636363636364,0,0.0,0.6363636363636364,0,0.0,0.0,False,0.0,False,False,False,0.0,0.0
Giskard-AI/giskard-oss,4e9e778fea14b17f,False,0,319,True,0.0,0.3887147335423197,3,0.0,0.3981191222570533,3,0.0,0.4043887147335423,3,0.0,0.42138364779874216,3,0.0,0.0,True,0.0,False,False,False,0.0,0.0
Giskard-AI/giskard-oss,c19ba3fb38f6ec7f,False,0,443,True,0.0,0.5417607223476298,3,0.0,0.5507900677200903,3,0.0,0.6252821670428894,3,0.0,0.5417607223476298,2,0.0,0.0,False,0.0,False,False,False,0.0,0.0
Giskard-AI/giskard-oss,db20ddfa8e6f1be7,False,0,144,True,0.0,0.9375,5,0.0,0.9375,5,0.0,0.8958333333333334,5,0.0,0.9375,4,0.0,0.0,True,0.0,False,False,False,0.0,0.0
Giskard-AI/giskard-oss,c8daf149715b28f5,False,0,73,True,0.0,0.3972602739726027,1,0.0,0.3972602739726027,1,0.0,0.410958904109589,2,0.0,0.3972602739726027,1,0.0,0.0,False,0.0,False,False,False,0.0,0.0
Giskard-AI/giskard-oss,5c3832b31ed620d3,True,0,192,True,0.0,0.5208333333333334,2,0.0,0.5208333333333334,2,0.0,0.5416666666666666,1,0.0,0.41361256544502617,3,0.0,0.0,True,0.0,False,False,False,0.0,0.0
Giskard-AI/giskard-oss,fbcad1954c125c66,False,0,174,True,0.0,0.40804597701149425,1,0.0,0.3793103448275862,1,0.0,0.4482758620689655,1,0.0,0.4161849710982659,1,0.0,0.0,False,0.0,False,False,False,0.0,0.0
Giskard-AI/giskard-oss,06e9639bceca9d33,True,0,548,True,0.0,0.34306569343065696,7,0.0,0.3284671532846715,7,0.0,0.3686131386861314,8,0.0,0.29541284403669726,7,0.0,0.0,True,0.0,False,False,False,0.0,0.0
Giskard-AI/giskard-oss,938ff774e0d6b756,False,0,16,True,0.0,0.9375,0,0.0,0.9375,0,0.0,0.9375,0,0.0,1.0,0,0.0,0.0,False,0.0,False,False,False,0.0,0.0
Giskard-AI/giskard-oss,972a7a87be054c7d,False,0,251,True,0.0,0.46613545816733065,2,0.0,0.40239043824701193,3,0.0,0.41434262948207173,4,0.0,0.468,2,0.0,0.0,True,0.0,False,False,False,0.0,0.0
Giskard-AI/giskard-oss,4d5086d11779d2c7,False,0,53,True,0.0,0.7358490566037735,2,0.0,0.7358490566037735,2,0.0,0.7735849056603774,1,0.0,0.7735849056603774,1,0.0,0.0,False,0.0,False,False,False,0.0,0.0
Giskard-AI/giskard-oss,cf8e49cdba48f3cd,False,0,94,True,0.0,0.9893617021276596,1,0.0,0.9893617021276596,1,0.0,1.0,0,0.0,1.0,0,0.0,0.0,False,0.0,False,False,False,0.0,0.0
highlight/highlight,3a979c8a0dca4322,False,0,461,True,0.0,0.3080260303687636,8,0.0,0.29067245119305857,7,0.0,0.2559652928416486,9,0.0,0.3080260303687636,10,0.0,0.0,True,0.0,False,False,False,0.0,0.0
ruby/ruby,2c91e631cbb83311,False,1,357,True,0.0,0.42296918767507,17,0.0,0.4677871148459384,18,0.0,0.49859943977591037,19,0.0,0.44537815126050423,18,0.0,0.0,True,0.0,False,False,False,0.0,0.0
ruby/ruby,93718ff4559c4b53,False,13,2522,True,1.0,0.767248215701824,21,1.0,0.7696272799365583,21,1.0,0.7763679619349723,22,1.0,0.767644726407613,21,1.0,0.0,True,0.0,False,False,False,1.0,1.0
ruby/ruby,10eee7c1b45be3d8,False,3,2307,True,0.0,0.1859557867360208,28,0.0,0.22540095361941917,28,0.0,0.21889900303424362,33,0.0,0.23304347826086957,29,0.0,0.0,True,0.0,False,False,False,0.0,0.0
ruby/ruby,013e433ef2098a14,True,0,674,True,0.0,0.658753709198813,6,0.0,0.9376854599406528,5,0.0,0.9376854599406528,5,0.0,0.9218989280245024,5,1.0,1.0,True,1.0,False,False,False,0.0,0.0
ruby/ruby,54d869fbe29d408d,False,1,277,True,0.0,0.9169675090252708,2,0.0,0.9602888086642599,1,0.0,0.9602888086642599,1,0.0,0.9602888086642599,1,0.0,0.0,True,0.0,False,False,False,0.0,0.0
ruby/ruby,86f0554bfaa1d9be,False,0,98,True,0.0,0.3877551020408163,0,0.0,0.5306122448979592,0,0.0,0.5306122448979592,0,0.0,0.5306122448979592,0,0.0,0.0,True,0.0,False,False,False,0.0,0.0
ruby/ruby,f6f2c79c208c5c30,False,0,345,True,0.0,0.48985507246376814,4,0.0,0.48985507246376814,3,0.0,0.48985507246376814,3,0.0,0.48985507246376814,3,0.0,0.0,True,0.0,False,False,False,0.0,0.0
ruby/ruby,1ca00e11df6af53f,False,0,30,True,1.0,0.9,0,1.0,0.9,0,1.0,0.9,0,1.0,0.9666666666666667,1,1.0,0.0,False,0.0,False,False,False,1.0,1.0
ruby/ruby,cfda5a9727db6934,False,0,375,True,1.0,0.5733333333333334,2,1.0,0.5706666666666667,2,1.0,0.5706666666666667,2,1.0,0.5733333333333334,2,1.0,0.0,False,0.0,False,False,False,1.0,1.0
ruby/ruby,9c24c55048e3300e,False,1,571,True,1.0,0.3222416812609457,13,1.0,0.4063047285464098,15,1.0,0.415061295971979,14,1.0,0.421792618629174,14,0.0,0.3333333333333333,True,1.0,False,False,False,1.0,1.0
ruby/ruby,f6cbca9739dacdb3,False,0,335,True,0.0,0.29850746268656714,4,0.0,0.31044776119402984,4,0.0,0.3611940298507463,4,0.0,0.32238805970149254,3,0.0,0.0,True,0.0,False,False,False,0.0,0.0
ruby/ruby,179aa7cce5a9e772,False,0,91,True,1.0,0.5274725274725275,1,0.0,0.6813186813186813,1,0.0,0.6813186813186813,1,1.0,0.6483516483516484,2,1.0,0.0,False,0.0,False,False,False,1.0,1.0
ruby/ruby,5580079ae5a7923a,False,0,686,True,0.0,0.26384839650145775,7,0.0,0.30029154518950435,5,0.0,0.30029154518950435,5,0.0,0.27095808383233533,8,0.0,0.0,True,0.0,False,False,False,0.0,0.0
ruby/ruby,f51e7c2b25fcd7d1,False,1,3223,True,0.0,0.26931430344399626,21,0.0,0.2991002171889544,22,0.0,0.3900093080980453,21,0.0,0.30487426265135054,21,1.0,1.0,True,0.0,False,False,False,0.0,0.0
ruby/ruby,f9541aee6e0fd97c,False,0,138,True,0.0,0.927536231884058,5,0.0,0.9637681159420289,3,0.0,0.7318840579710145,5,0.0,0.9637681159420289,4,0.0,0.0,True,0.0,False,False,False,0.0,0.0
ruby/ruby,50781f8542286006,False,0,204,True,0.5,0.35294117647058826,4,0.0,0.37254901960784315,4,0.0,0.37254901960784315,4,0.5,0.45098039215686275,5,0.0,0.0,False,0.0,False,False,False,0.5,0.5
ruby/ruby,137f9495b323c310,False,0,131,True,0.0,0.5038167938931297,2,0.0,0.816793893129771,3,0.0,0.816793893129771,3,0.0,0.5114503816793893,1,0.0,0.0,False,0.0,False,False,False,0.0,0.0
ruby/ruby,edb2b21bdafc8137,False,0,206,True,0.0,0.32038834951456313,2,0.0,0.3737864077669903,2,0.0,0.4368932038834951,2,0.0,0.34951456310679613,2,0.0,0.0,False,0.0,False,False,False,0.0,0.0
ruby/ruby,1cae4f3b0e13ea38,False,1,715,True,0.0,0.6979020979020979,9,0.0,0.7076923076923077,9,0.0,0.7188811188811188,10,0.0,0.7076923076923077,9,0.0,0.0,False,1.0,False,False,False,0.0,0.0
spring-projects/spring-boot,8f86eb89ad41d93d,False,0,296,True,0.0,0.9222972972972973,7,0.0,0.9222972972972973,8,0.0,0.8445945945945946,12,0.0,0.9358108108108109,7,1.0,0.6666666666666666,True,1.0,False,False,False,0.0,0.0
spring-projects/spring-boot,e55f44ecab8ae9cc,False,0,86,True,0.0,0.6395348837209303,4,0.0,0.6511627906976745,4,0.0,0.47674418604651164,4,0.0,0.6744186046511628,4,1.0,1.0,True,0.0,False,False,False,0.0,0.0
spring-projects/spring-boot,84cb1bd8145973bb,False,0,72,True,0.0,0.8194444444444444,4,0.0,0.8611111111111112,3,0.0,0.6666666666666666,5,0.0,0.8611111111111112,3,0.0,0.0,True,0.0,False,False,False,0.0,0.0
spring-projects/spring-boot,1ac23c1f92db6364,False,0,195,True,0.0,0.8153846153846154,3,0.0,0.8153846153846154,3,0.0,0.7487179487179487,3,0.0,0.9230769230769231,4,0.0,0.0,True,0.0,False,False,False,0.0,0.0
spring-projects/spring-boot,c9b6809c3b713bca,False,0,61,True,0.0,0.7377049180327869,1,0.0,0.7540983606557377,1,0.0,0.5409836065573771,1,0.0,0.7540983606557377,1,0.0,0.0,True,0.0,False,False,False,0.0,0.0
spring-projects/spring-boot,dee970a7bf1ad04e,False,0,66,True,0.0,0.7575757575757576,2,0.0,0.803030303030303,3,0.0,0.6060606060606061,3,0.0,0.7575757575757576,1,1.0,0.5,True,1.0,False,False,False,0.0,0.0
spring-projects/spring-boot,ff0e953f8102be87,False,0,129,True,0.0,0.9612403100775194,2,0.0,0.9612403100775194,2,0.0,0.751937984496124,3,0.0,0.9612403100775194,2,1.0,1.0,True,0.0,False,False,False,0.0,0.0
spring-projects/spring-boot,b25ab810e03286f3,False,0,331,True,0.0,0.6012084592145015,2,0.0,0.6193353474320241,2,0.0,0.3867069486404834,4,0.0,0.6163141993957704,2,0.0,0.0,True,0.0,False,False,False,0.0,0.0
spring-projects/spring-boot,47cd88bdbe645d7e,False,0,229,True,0.0,0.37117903930131,2,0.0,0.3624454148471616,3,0.0,0.38427947598253276,3,0.0,0.40611353711790393,2,0.0,0.0,True,1.0,False,False,False,0.0,0.0
spring-projects/spring-boot,7e9a452f819f868d,False,0,153,True,0.0,0.6209150326797386,2,0.0,0.6209150326797386,2,1.0,0.3202614379084967,2,0.0,0.6209150326797386,2,1.0,1.0,True,0.0,False,False,False,0.0,0.0
spring-projects/spring-boot,047b0dd898baa402,False,0,445,True,0.0,0.7910112359550562,5,0.0,0.6876404494382022,6,0.0,0.6584269662921348,7,0.0,0.7910112359550562,5,1.0,0.0,True,0.0,False,False,False,0.0,0.0
chocolatey/choco,7bf38d9730d318f6,False,0,4671,True,0.0,0.3519588953114965,5,0.0,0.3551701991008349,5,0.0,0.4309569685292229,5,0.0,0.3528152429886534,5,1.0,1.0,True,1.0,False,False,False,0.0,0.0
apple/swift-nio,56dc109a2272bd2f,True,0,2420,True,0.0,0.41487603305785126,8,0.0,0.39173553719008264,9,0.0,0.39173553719008264,8,0.0,0.3777310924369748,10,0.0,0.0,True,0.0,False,False,False,0.0,0.0
apple/swift-nio,d344d229153bc790,False,0,335,True,0.0,1.0,0,0.0,1.0,0,0.0,0.9641791044776119,1,0.0,1.0,0,0.0,0.0,True,0.0,False,False,False,0.0,0.0
apple/swift-nio,dff43e676a753a83,False,0,718,True,1.0,0.5348189415041783,12,1.0,0.5250696378830083,13,1.0,0.5083565459610028,14,1.0,0.5722300140252454,13,0.0,0.0,True,0.0,False,False,False,1.0,1.0
apple/swift-nio,c26e6a2f050084d7,False,0,74,True,0.0,0.47297297297297297,1,0.0,0.527027027027027,1,0.0,0.36486486486486486,1,0.0,0.5833333333333334,1,0.0,0.0,False,0.0,False,False,False,0.0,0.0
apple/swift-nio,5247765cef26a791,False,0,399,True,0.0,0.5614035087719298,6,0.0,0.6290726817042607,6,0.0,0.6115288220551378,7,0.0,0.6861702127659575,6,0.0,0.0,True,0.0,False,False,False,0.0,0.0
apple/swift-nio,6c7ad25bf997afbd,False,0,3655,True,0.0,0.35020519835841313,20,0.0,0.45006839945280436,19,0.0,0.45690834473324216,20,0.0,0.5702270815811606,24,0.0,0.0,True,0.0,False,False,False,0.0,0.0
apple/swift-nio,2d7f29faa07ef95d,False,0,416,True,0.0,0.90625,4,0.0,0.9110576923076923,5,0.0,0.8822115384615384,6,0.0,0.9565217391304348,4,0.0,0.0,False,0.0,False,False,False,0.0,0.0
apple/swift-nio,172ae8454a148b18,False,1,277,True,0.0,0.555956678700361,7,0.0,0.6028880866425993,6,0.0,0.5631768953068592,8,0.0,0.5963636363636363,8,0.0,0.0,True,0.0,False,False,False,0.0,0.0
apple/swift-nio,eaa51d57ddc1fdd8,False,2,40,True,0.0,0.675,1,0.0,0.675,1,0.0,0.85,1,0.0,0.675,1,0.0,0.5,True,0.0,False,False,False,0.0,0.0
apple/swift-nio,9d18a407400e9928,False,0,511,True,0.0,0.26614481409001955,11,0.0,0.27984344422700586,10,0.0,0.25048923679060664,12,0.0,0.2720156555772994,10,1.0,0.16666666666666666,True,0.0,False,False,False,0.0,0.0
getsops/sops,db1f911b9c253dbd,True,1,1608,True,0.0,0.21952736318407962,7,0.0,0.2431592039800995,7,0.0,0.4017412935323383,8,0.0,0.2294776119402985,8,0.0,0.0,True,0.0,False,False,False,0.0,0.0
getsops/sops,373f5578b8f362a3,False,1,881,True,0.0,0.17480136208853575,13,0.0,0.17480136208853575,13,0.0,0.19182746878547105,14,0.0,0.17480136208853575,13,0.0,0.0,True,0.0,False,False,False,0.0,0.0
getsops/sops,774985986bb4d9a6,False,6,2499,True,1.0,0.48179271708683474,46,1.0,0.477390956382553,47,0.0,0.43137254901960786,48,1.0,0.4809923969587835,46,0.0,1.0,True,0.0,False,False,False,1.0,1.0
getsops/sops,eedd9a6d2f399b6b,False,1,72,True,0.0,0.8611111111111112,3,0.0,0.8611111111111112,3,0.0,0.8611111111111112,3,0.0,0.875,2,0.0,0.0,True,0.0,False,False,False,0.0,0.0
getsops/sops,f13c61794e7141eb,False,0,291,True,0.0,0.5463917525773195,1,0.0,0.5498281786941581,1,0.0,0.5498281786941581,1,0.0,0.5463917525773195,1,1.0,1.0,True,0.0,False,False,False,0.0,0.0
serenity-rs/serenity,814176372a49e73e,False,1,284,True,0.0,0.676056338028169,5,0.0,0.676056338028169,5,0.0,0.5985915492957746,8,0.0,0.624113475177305,5,0.0,0.0,False,0.0,False,False,False,0.0,0.0
serenity-rs/serenity,55770ba1083852b3,True,1,158,True,0.0,0.27848101265822783,10,0.0,0.3860759493670886,10,0.0,0.310126582278481,10,0.0,0.28662420382165604,10,0.0,0.0,True,0.0,False,False,False,0.0,0.0
serenity-rs/serenity,e6e6c037fcd7c766,False,2,517,True,0.0,0.793036750483559,11,0.0,0.7988394584139265,11,0.0,0.7524177949709865,13,0.0,0.7891682785299806,11,0.0,0.0,False,0.0,False,False,False,0.0,0.0
serenity-rs/serenity,22a83da2fe40c751,False,1,314,True,0.0,0.3057324840764331,7,0.0,0.3184713375796178,7,0.0,0.1910828025477707,8,0.0,0.35668789808917195,8,0.0,0.0,True,0.0,False,False,False,0.0,0.0
serenity-rs/serenity,d937db9b2059e8ed,False,0,359,True,0.0,0.26740947075208915,10,0.0,0.2618384401114206,10,0.0,0.25069637883008355,11,0.0,0.26740947075208915,10,0.0,0.0,True,0.0,False,False,False,0.0,0.0
serenity-rs/serenity,5ad154ed1e6261a7,False,0,341,True,0.0,0.36950146627565983,6,0.0,0.3519061583577713,6,0.0,0.3313782991202346,8,0.0,0.36950146627565983,6,0.0,0.0,True,0.0,False,False,False,0.0,0.0
serenity-rs/serenity,d3829e11e9f5f5c0,False,3,1415,True,0.0,0.3943462897526502,24,0.0,0.4353356890459364,24,0.0,0.4282685512367491,24,0.0,0.4157782515991471,26,0.0,0.0,True,0.0,False,False,False,0.0,0.0
serenity-rs/serenity,7d3a540aff7ac11d,False,0,229,True,0.0,0.3406113537117904,5,0.0,0.3231441048034934,5,0.0,0.27074235807860264,7,0.0,0.34210526315789475,5,0.0,0.0,True,0.0,False,False,False,0.0,0.0
serenity-rs/serenity,b335630551682c19,False,0,249,True,0.0,0.27710843373493976,14,0.0,0.27710843373493976,14,0.0,0.30120481927710846,16,0.0,0.2782258064516129,14,0.0,0.0,False,0.0,False,False,False,0.0,0.0
serenity-rs/serenity,ae030146ad938ad8,False,2,1371,True,0.0,0.27060539752005836,25,0.0,0.26695842450765866,25,0.0,0.28081692195477753,23,0.0,0.27060539752005836,27,0.0,0.0,True,0.0,False,False,False,0.0,0.0
getsentry/sentry,42e73dc3a64d163d,False,1,121,True,0.0,0.4132231404958678,11,0.0,0.4132231404958678,11,0.0,0.4380165289256198,11,0.0,0.4132231404958678,11,0.0,0.0,True,0.0,False,False,False,0.0,0.0
getsentry/sentry,c1372c4857de8367,False,0,255,True,0.0,0.4392156862745098,7,0.0,0.4392156862745098,7,0.0,0.47058823529411764,7,0.0,0.4588235294117647,6,0.0,0.0,True,0.0,False,False,False,0.0,0.0
getsentry/sentry,ba49e9d193c52395,False,4,36,True,0.0,0.25,4,0.0,0.25,4,0.0,0.3611111111111111,4,0.0,0.25,3,0.0,0.0,True,0.0,False,False,False,0.0,0.0
getsentry/sentry,f4feca2bfdb686a4,False,0,34,True,0.0,0.6764705882352942,0,0.0,0.6764705882352942,0,0.0,0.6764705882352942,0,0.0,0.6764705882352942,0,0.0,0.0,True,0.0,False,False,False,0.0,0.0
getsentry/sentry,f84cc5756c0cbb50,False,0,109,True,0.0,0.4036697247706422,5,0.0,0.4036697247706422,5,0.0,0.41284403669724773,5,0.0,0.6146788990825688,6,0.0,0.0,True,0.0,False,False,False,0.0,0.0
getsentry/sentry,356331c9efd6a991,False,3,865,True,0.0,0.20346820809248556,22,0.0,0.20346820809248556,23,0.0,0.2046242774566474,25,0.0,0.21678321678321677,24,0.0,0.0,True,0.0,False,False,False,0.0,0.0
getsentry/sentry,3e09abbc7122b284,False,1,112,True,0.0,0.25,9,0.0,0.25,9,0.0,0.25,10,0.0,0.3333333333333333,9,0.0,0.0,True,0.0,False,False,False,0.0,0.0
getsentry/sentry,83ed1875c8b79041,False,0,24,True,0.0,0.5833333333333334,0,0.0,0.5833333333333334,0,0.0,0.5833333333333334,0,0.0,0.7083333333333334,0,0.0,0.0,False,0.0,False,False,False,0.0,0.0
getsentry/sentry,4b69ad8e031a2634,False,0,90,True,0.0,0.8111111111111111,4,0.0,0.8111111111111111,4,0.0,0.8666666666666667,5,0.0,0.8555555555555555,2,0.0,0.0,True,0.0,False,False,False,0.0,0.0
getsentry/sentry,737b83a782327b46,False,0,99,True,0.0,0.494949494949495,5,0.0,0.37373737373737376,6,0.0,0.37373737373737376,6,0.0,0.5151515151515151,3,0.0,0.0,True,0.0,False,False,False,0.0,0.0
getsentry/sentry,eb6f4d8deb01417b,False,0,172,True,0.0,0.26744186046511625,3,0.0,0.27906976744186046,4,0.0,0.26744186046511625,4,0.0,0.26744186046511625,3,0.0,0.0,True,0.0,False,False,False,0.0,0.0
getsentry/sentry,05f2d51a84591991,False,0,18,True,0.0,0.9444444444444444,0,0.0,0.9444444444444444,0,0.0,0.8888888888888888,0,0.0,0.9444444444444444,0,0.0,0.0,False,0.0,False,False,False,0.0,0.0
getsentry/sentry,4877e2381571d85c,False,0,224,True,0.0,0.9598214285714286,4,0.0,0.9598214285714286,4,0.0,0.9598214285714286,4,0.0,0.96875,3,0.0,0.0,True,0.0,False,False,False,0.0,0.0
getsentry/sentry,e2560ab047cce267,False,1,221,True,0.0,0.4434389140271493,9,0.0,0.45701357466063347,9,0.0,0.4117647058823529,8,0.0,0.4751131221719457,8,0.0,0.0,True,0.0,False,False,False,0.0,0.0
getsentry/sentry,8c86f55b90220fef,False,0,223,True,0.0,0.7802690582959642,6,0.0,0.7802690582959642,6,0.0,0.7802690582959642,6,0.0,0.7937219730941704,7,0.0,0.0,True,0.0,False,False,False,0.0,0.0
getsentry/sentry,aa6bad3f478a1e28,False,0,30,True,0.0,0.6666666666666666,0,0.0,0.5,0,0.0,0.4666666666666667,1,0.0,0.6666666666666666,0,1.0,1.0,True,0.0,False,False,False,0.0,0.0
getsentry/sentry,04375b37f3acfd73,False,1,113,True,0.0,0.336283185840708,6,0.0,0.336283185840708,6,0.0,0.336283185840708,7,0.0,0.35398230088495575,5,1.0,1.0,True,0.0,False,False,False,0.0,0.0
getsentry/sentry,b9f22f75919e477e,False,0,607,True,0.0,0.3228995057660626,11,0.0,0.31960461285008235,11,0.0,0.33278418451400327,13,0.0,0.3228995057660626,10,0.0,0.0,True,0.0,False,False,False,0.0,0.0
alicevision/Meshroom,9c819495aa076ae5,False,0,123,True,0.0,0.6097560975609756,1,0.0,0.6178861788617886,1,0.0,0.6178861788617886,1,0.0,0.6178861788617886,1,0.0,0.0,True,0.0,False,False,False,0.0,0.0
alicevision/Meshroom,0e5ff4f5f203b1c3,True,3,39,True,0.0,0.4358974358974359,1,0.0,0.4358974358974359,1,0.0,0.4358974358974359,1,0.0,0.4358974358974359,1,0.0,0.0,True,0.0,False,False,True,0.0,0.0
alicevision/Meshroom,ffa80a41caed450a,False,0,248,True,0.0,0.5040322580645161,4,0.0,0.5645161290322581,4,0.0,0.5685483870967742,4,0.0,0.7764227642276422,6,0.0,0.0,True,0.0,False,False,False,0.0,0.0
alicevision/Meshroom,bade52ab310357e4,False,0,44,True,0.0,0.8409090909090909,0,0.0,0.8409090909090909,0,0.0,0.8409090909090909,0,0.0,0.8604651162790697,0,1.0,1.0,True,1.0,False,False,False,0.0,0.0
alicevision/Meshroom,8ec7cc101761befa,False,0,120,True,0.0,0.5666666666666667,1,0.0,0.5666666666666667,1,0.0,0.5666666666666667,1,0.0,0.5714285714285714,1,1.0,1.0,True,1.0,False,False,False,0.0,0.0
alicevision/Meshroom,e19e6952417e32e5,False,0,105,True,0.0,0.5619047619047619,1,0.0,0.5619047619047619,1,0.0,0.5619047619047619,1,0.0,0.5673076923076923,2,0.0,0.0,True,0.0,False,False,False,0.0,0.0
alicevision/Meshroom,62a737a7a6d0e72a,False,0,192,True,0.0,0.359375,4,0.0,0.34375,5,0.0,0.359375,5,0.0,0.3631578947368421,4,0.0,0.0,True,0.0,False,False,False,0.0,0.0
alicevision/Meshroom,8a9125110ed6ea39,False,6,836,True,0.0,0.3803827751196172,7,0.0,0.4222488038277512,6,0.0,0.48086124401913877,6,0.0,0.41916167664670656,8,0.0,0.0,True,0.0,False,False,False,0.0,0.0
alicevision/Meshroom,75a8a4e85bdcd814,False,0,65,True,0.0,0.5846153846153846,0,0.0,0.5846153846153846,0,0.0,0.5846153846153846,0,0.0,0.6031746031746031,0,1.0,1.0,True,1.0,False,False,False,0.0,0.0
alicevision/Meshroom,b876ffedf37130ba,False,0,166,True,0.0,0.6867469879518072,1,0.0,0.7108433734939759,1,0.0,0.7108433734939759,1,0.0,0.8466257668711656,2,0.0,0.0,True,0.0,False,False,False,,
alicevision/Meshroom,8502225077f9233e,False,4,93,True,0.0,0.8817204301075269,0,0.0,0.9032258064516129,0,0.0,0.7419354838709677,0,0.0,0.9239130434782609,0,0.0,0.0,True,0.0,False,False,False,0.0,0.0
alicevision/Meshroom,aa5698a4abe93605,False,0,193,True,0.0,0.3626943005181347,3,0.0,0.3471502590673575,4,0.0,0.35233160621761656,4,0.0,0.3333333333333333,3,0.0,0.0,True,0.0,False,False,False,0.0,0.0
alicevision/Meshroom,297ebdd03e879077,True,2,458,True,1.0,0.33406113537117904,3,0.5,0.33624454148471616,3,0.0,0.34279475982532753,3,0.0,0.33555555555555555,3,1.0,1.0,True,1.0,False,False,False,1.0,0.0
NVIDIA/DALI,8036fa118c610898,False,0,274,True,0.0,0.6824817518248175,1,0.0,0.6934306569343066,1,0.0,0.6605839416058394,2,0.0,0.9014598540145985,2,0.0,0.5,True,1.0,False,False,False,0.0,0.0
NVIDIA/DALI,961f3e851edf082e,False,0,238,True,0.0,0.9201680672268907,2,0.0,0.9243697478991597,2,0.0,0.9243697478991597,2,0.0,0.9201680672268907,0,0.0,0.0,False,0.0,False,False,False,0.0,0.0
NVIDIA/DALI,7cec8e5d103b9757,False,0,482,True,0.0,0.7883817427385892,1,0.0,0.8423236514522822,1,0.0,0.46887966804979253,1,0.0,0.8257261410788381,2,0.0,0.0,False,0.0,False,False,False,0.0,0.0
NVIDIA/DALI,6453ae3da9ab51bc,False,0,655,True,0.0,0.833587786259542,0,0.0,0.8412213740458016,0,0.0,0.8412213740458016,0,0.0,0.8759571209800919,0,0.0,0.0,False,0.0,False,False,False,0.0,0.0
NVIDIA/DALI,107e910e9f2ebfb9,False,0,37,True,0.0,0.7027027027027027,0,0.0,0.7027027027027027,0,0.0,0.7027027027027027,0,0.0,0.7297297297297297,0,1.0,0.5,True,1.0,False,False,False,0.0,0.0
NVIDIA/DALI,f8efed382ebfd8e5,False,0,611,True,1.0,0.33387888707037644,4,1.0,0.33387888707037644,4,1.0,0.3469721767594108,6,1.0,0.49914529914529915,1,1.0,1.0,True,1.0,False,False,False,1.0,1.0
NVIDIA/DALI,4e55a139328b19db,False,0,875,True,0.0,0.688,3,0.0,0.704,3,0.0,0.6891428571428572,4,0.0,0.9606481481481481,3,0.0,0.0,True,0.0,False,False,False,0.0,0.0
NVIDIA/DALI,43981d4929455fdd,False,0,450,True,0.0,0.49777777777777776,2,0.0,0.5044444444444445,2,0.0,0.47555555555555556,2,0.0,0.6146788990825688,2,0.0,0.5,True,1.0,False,False,False,0.0,0.0
NVIDIA/DALI,4c24f5c5056c9ff8,False,0,177,True,0.0,1.0,0,0.0,1.0,0,0.0,1.0,0,0.0,1.0,0,0.0,0.0,False,0.0,False,False,False,0.0,0.0
NVIDIA/DALI,4b4d1eeeab440219,True,2,1085,True,0.0,0.432258064516129,5,0.0,0.38341013824884795,6,0.0,0.3548387096774194,7,1.0,0.32825880114176975,4,1.0,0.3333333333333333,True,1.0,False,False,False,0.0,1.0
cloudflare/workerd,f355d38d58855cb0,False,6,1986,True,0.0,0.337865055387714,9,0.0,0.40483383685800606,9,0.0,0.49697885196374625,9,0.0,0.5134041476985332,10,0.0,0.0,True,0.0,False,False,False,0.0,0.0
cloudflare/workerd,cb84a5c80a2c0bc7,False,0,49,True,0.0,0.3673469387755102,3,0.0,0.40816326530612246,2,0.0,0.42857142857142855,4,0.0,0.4583333333333333,2,0.0,0.0,True,1.0,False,False,False,0.0,0.0
cloudflare/workerd,b4cb281e3afd5161,False,5,775,True,0.0,0.5367741935483871,7,0.0,0.535483870967742,7,0.0,0.5561290322580645,7,0.0,0.5795601552393272,6,0.0,0.0,True,0.0,False,False,False,0.0,0.0
cloudflare/workerd,5a3213cee013251e,False,0,44,True,0.0,0.6818181818181818,1,0.0,0.6818181818181818,1,0.0,0.5909090909090909,3,0.0,0.8181818181818182,1,0.0,0.0,True,0.0,False,False,False,0.0,0.0
cloudflare/workerd,a0e74e70c56e2a78,False,4,159,True,1.0,0.9433962264150944,3,1.0,0.9182389937106918,2,1.0,0.8553459119496856,4,1.0,0.9433962264150944,2,1.0,1.0,True,0.0,False,False,False,1.0,1.0
cloudflare/workerd,4deff98f1edeb190,False,0,106,True,0.0,0.9433962264150944,2,0.0,0.9528301886792453,2,0.0,0.9528301886792453,2,0.0,1.0,0,0.0,0.0,False,0.0,False,False,False,0.0,0.0
cloudflare/workerd,0eda6c1c064e8547,False,2,171,True,0.0,0.5146198830409356,10,0.0,0.5497076023391813,10,0.0,0.6783625730994152,10,0.0,0.5263157894736842,9,0.0,0.0,True,0.0,False,False,False,0.0,0.0
cloudflare/workerd,50641e6498d9201d,False,1,175,True,1.0,0.6457142857142857,3,1.0,0.7257142857142858,3,1.0,0.6914285714285714,5,1.0,0.76,3,1.0,1.0,True,1.0,False,False,False,1.0,1.0
cloudflare/workerd,6a14dd942eb360a6,False,1,643,True,0.0,0.7153965785381027,5,0.0,0.7169517884914464,5,0.0,0.7247278382581649,4,0.0,0.7309486780715396,4,0.0,0.0,True,0.0,False,False,False,0.0,0.0
cloudflare/workerd,e5f6c271b972fe9d,False,0,229,True,1.0,0.5807860262008734,0,1.0,0.5938864628820961,0,1.0,0.6724890829694323,0,1.0,0.7030567685589519,0,0.0,0.0,True,1.0,False,False,False,1.0,1.0
cloudflare/workerd,db4eb9f6fb358daf,False,2,320,True,0.0,0.921875,3,0.0,0.921875,3,0.0,0.921875,3,0.0,0.95625,2,0.0,0.0,True,0.0,False,False,False,0.0,0.0
cloudflare/workerd,d7a27261db36c090,False,0,226,True,0.0,0.7477876106194691,2,0.0,0.8805309734513275,2,0.0,0.8805309734513275,2,0.0,0.9774774774774775,2,0.0,0.0,True,0.0,False,False,False,0.0,0.0
cloudflare/workerd,885df51b21d17539,False,0,30,True,1.0,0.6666666666666666,0,1.0,0.8666666666666667,0,1.0,0.7333333333333333,0,1.0,0.9285714285714286,0,1.0,0.0,True,1.0,False,False,False,1.0,1.0
cloudflare/workerd,2e6f313ea4de8650,False,0,72,True,0.0,0.75,1,0.0,0.7777777777777778,0,0.0,0.7777777777777778,0,0.0,0.8611111111111112,1,0.0,0.0,True,0.0,False,False,False,0.0,0.0
cloudflare/workerd,85cb3d78a11d5a08,False,6,1125,True,0.0,0.4666666666666667,6,0.0,0.5084444444444445,6,0.0,0.5386666666666666,6,0.0,0.4995547640249332,4,1.0,1.0,True,1.0,False,False,False,0.0,0.0
cloudflare/workerd,467ecb97e3751aa1,False,2,441,True,0.0,0.5102040816326531,0,0.0,0.5034013605442177,0,0.0,0.47619047619047616,0,0.0,0.5102040816326531,1,0.0,0.0,True,0.0,False,False,False,0.0,0.0
cloudflare/workerd,df55da49169425e1,True,0,20,True,0.0,0.35,0,0.0,0.35,0,0.0,0.35,0,0.0,0.4,0,0.0,1.0,True,0.0,False,False,False,0.0,0.0
cloudflare/workerd,2bbf3b4622769fd4,True,1,101,True,0.0,0.6039603960396039,0,0.0,0.900990099009901,0,0.0,0.900990099009901,0,0.0,1.0,0,0.0,0.0,False,0.0,False,False,False,0.0,0.0
cloudflare/workerd,8854e531150d0fab,False,1,339,True,0.0,0.6489675516224189,7,0.0,0.6755162241887905,8,0.0,0.6460176991150443,8,0.0,0.7142857142857143,7,0.0,0.0,True,0.0,False,False,False,0.0,0.0
wxWidgets/wxWidgets,b236236493033110,False,0,274,True,1.0,0.7481751824817519,8,1.0,0.7481751824817519,6,1.0,0.7664233576642335,8,1.0,0.7408759124087592,9,0.0,0.5,True,1.0,False,False,False,1.0,1.0
wxWidgets/wxWidgets,5ecdaf6b41e2241b,False,0,738,True,1.0,0.8292682926829268,7,1.0,0.8279132791327913,7,1.0,0.8292682926829268,7,1.0,0.8292682926829268,7,1.0,1.0,True,1.0,False,False,False,1.0,1.0
wxWidgets/wxWidgets,92b10387093e1bf4,False,0,510,True,0.0,0.9803921568627451,2,0.0,0.9803921568627451,2,0.0,0.9784313725490196,3,0.0,0.9921568627450981,1,1.0,0.0,False,1.0,False,False,False,0.0,0.0
wxWidgets/wxWidgets,9a1a5115d94f0383,False,0,186,True,1.0,0.46774193548387094,4,1.0,0.41935483870967744,5,1.0,0.43548387096774194,6,1.0,0.46236559139784944,4,1.0,0.0,False,1.0,False,False,False,1.0,1.0
wxWidgets/wxWidgets,5923665352ef0ed7,False,0,253,True,1.0,0.5928853754940712,4,1.0,0.5889328063241107,4,1.0,0.541501976284585,5,1.0,0.5793650793650794,4,1.0,1.0,True,1.0,False,False,False,1.0,1.0
DefinitelyTyped/DefinitelyTyped,8025a8d9e5a4710d,False,0,23,True,0.0,0.6956521739130435,0,0.0,0.6956521739130435,0,0.0,0.6956521739130435,0,0.0,0.9130434782608695,0,0.0,0.0,False,0.0,False,False,False,0.0,0.0
DefinitelyTyped/DefinitelyTyped,d896efab4b2d4a0a,True,0,6,True,0.0,0.6666666666666666,0,0.0,0.6666666666666666,0,0.0,0.6666666666666666,0,0.0,1.0,0,0.0,0.0,False,0.0,False,False,False,0.0,0.0
DefinitelyTyped/DefinitelyTyped,142f2c7641bf348d,True,0,16,True,0.0,0.8125,0,0.0,0.625,0,0.0,0.625,0,0.0,1.0,0,0.0,0.0,False,1.0,False,False,False,0.0,0.0
DefinitelyTyped/DefinitelyTyped,fd3dc123181f1b67,False,0,36,True,0.0,0.7222222222222222,0,0.0,0.7222222222222222,0,0.0,0.7222222222222222,0,0.0,1.0,0,0.0,0.0,False,0.0,False,False,False,0.0,0.0
mongodb/mongo,e864d034d61ae774,False,0,220,True,0.0,0.5,22,0.0,0.5045454545454545,22,0.0,0.4909090909090909,25,0.0,0.5,22,0.0,0.0,True,0.0,False,False,False,0.0,0.0
mongodb/mongo,fc0948c8199da6ab,False,0,177,True,0.0,0.3333333333333333,15,0.0,0.3446327683615819,15,0.0,0.327683615819209,15,0.0,0.3333333333333333,14,1.0,0.0,True,0.0,False,False,False,0.0,0.0
mongodb/mongo,cfc9f12a6f5aa4f2,False,0,172,True,0.0,0.3488372093023256,4,0.0,0.436046511627907,6,0.0,0.27906976744186046,12,0.0,0.3488372093023256,4,0.0,0.0,True,0.0,False,False,False,0.0,0.0
mongodb/mongo,47581e235aeffd0b,False,0,329,True,0.0,0.574468085106383,7,0.0,0.46200607902735563,9,0.0,0.5045592705167173,9,0.0,0.6156351791530945,8,0.0,0.5,True,0.0,False,False,False,0.0,0.0
mongodb/mongo,4fb3939b25a9cb7a,True,0,202,True,0.0,0.5544554455445545,4,0.0,0.6039603960396039,6,0.0,0.6386138613861386,6,0.0,0.46111111111111114,5,0.0,0.0,True,0.0,False,False,False,0.0,0.0
mongodb/mongo,51a8bbd8ab87908a,False,1,472,True,0.0,0.2966101694915254,13,0.0,0.2944915254237288,12,0.0,0.2944915254237288,17,0.0,0.2966101694915254,12,0.0,0.16666666666666666,True,0.0,False,False,False,0.0,0.0
mongodb/mongo,958509bc06704ef8,False,0,116,True,0.0,0.6206896551724138,3,0.0,0.6896551724137931,3,0.0,0.5862068965517241,10,0.0,0.6379310344827587,2,0.0,0.0,True,0.0,False,False,False,0.0,0.0
mongodb/mongo,17c5151196ee2c1f,False,0,46,True,0.0,0.8913043478260869,1,0.0,0.8913043478260869,1,0.0,0.8913043478260869,1,0.0,0.8913043478260869,1,0.0,0.0,True,0.0,False,False,False,0.0,0.0
mongodb/mongo,5d9d4e1e35756d1c,False,1,93,True,0.0,0.7956989247311828,2,0.0,0.8387096774193549,2,0.0,0.8387096774193549,2,0.0,0.8279569892473119,1,0.0,0.0,True,0.0,False,False,False,0.0,0.0
mongodb/mongo,24b41a878c95cc46,True,0,253,True,0.0,0.33992094861660077,3,0.0,0.5691699604743083,4,0.0,0.5454545454545454,8,0.0,0.5606694560669456,3,0.0,0.0,True,0.0,False,False,False,0.0,0.0
mongodb/mongo,850270d084d920c0,True,1,114,True,0.0,0.3508771929824561,11,0.0,0.40350877192982454,12,0.0,0.40350877192982454,12,0.0,0.38596491228070173,11,0.0,1.0,True,0.0,False,False,False,0.0,0.0
mongodb/mongo,df9336ed54de3bcb,True,1,317,True,0.0,0.3911671924290221,15,0.0,0.1829652996845426,19,0.0,0.1829652996845426,19,0.0,0.15294117647058825,15,0.0,0.2,True,0.0,False,False,False,0.0,0.0
mongodb/mongo,6a89116344db710b,True,1,383,True,0.0,0.370757180156658,8,0.0,0.3472584856396867,10,0.0,0.3681462140992167,9,0.0,0.2849002849002849,7,0.0,1.0,True,0.0,False,False,False,0.0,0.0
mongodb/mongo,181f66e4c9d3bea9,False,0,257,True,0.0,0.4357976653696498,5,0.0,0.42412451361867703,4,0.0,0.29961089494163423,4,0.0,0.5067873303167421,4,1.0,0.5,True,0.0,False,False,False,0.0,0.0
mongodb/mongo,851c183f03398c04,False,1,149,True,0.0,0.35570469798657717,8,0.0,0.3422818791946309,7,0.0,0.28859060402684567,10,0.0,0.363013698630137,7,0.0,0.5,True,0.0,False,False,False,0.0,0.0
mongodb/mongo,3f365db16ce91f9f,False,0,349,True,0.0,0.7048710601719198,18,0.0,0.7306590257879656,20,0.0,0.7106017191977078,28,0.0,0.7478510028653295,17,0.0,0.25,True,0.0,False,False,False,0.0,0.0
mongodb/mongo,ce954dd0f0cad9f6,True,1,133,True,0.0,0.2932330827067669,11,0.0,0.3383458646616541,11,0.0,0.2932330827067669,12,0.0,0.30303030303030304,9,1.0,1.0,True,0.0,False,False,False,0.0,0.0
mongodb/mongo,bd4c563b17b9e020,True,0,69,True,0.0,0.2318840579710145,4,0.0,0.3333333333333333,5,0.0,0.3333333333333333,8,0.0,0.2923076923076923,4,0.0,0.0,True,0.0,False,False,False,0.0,0.0
mongodb/mongo,8966c390d7613594,False,0,58,True,0.0,0.3620689655172414,3,0.0,0.3448275862068966,4,0.0,0.3448275862068966,4,0.0,0.3620689655172414,4,1.0,0.5,True,0.0,False,False,False,0.0,0.0
mongodb/mongo,b4db1438d30220a4,False,0,237,True,0.0,0.6286919831223629,5,0.0,0.6371308016877637,5,0.0,0.6497890295358649,7,0.0,0.6610169491525424,5,0.0,0.0,True,0.0,False,False,False,0.0,0.0
mongodb/mongo,0cbda3c32be28eb9,True,0,168,True,0.0,0.5,7,0.0,0.38095238095238093,8,0.0,0.6726190476190477,8,0.0,0.4357142857142857,6,0.0,0.0,True,0.0,False,False,False,0.0,0.0
modelcontextprotocol/python-sdk,90b39d804728390e,False,1,58,True,0.0,0.8793103448275862,1,0.0,0.8793103448275862,1,0.0,0.8793103448275862,1,0.0,0.9482758620689655,2,0.0,0.3333333333333333,True,0.0,False,False,False,0.0,0.0
modelcontextprotocol/python-sdk,f083d075f463e8b1,False,5,961,True,0.0,0.3215400624349636,2,0.0,0.3225806451612903,2,0.0,0.42351716961498437,3,0.0,0.3225806451612903,2,0.0,0.0,True,0.0,False,False,False,0.0,0.0
modelcontextprotocol/python-sdk,ed22c8fef52dc8c1,False,1,341,True,0.0,0.36950146627565983,4,0.0,0.36950146627565983,4,0.0,0.4281524926686217,4,0.0,0.36950146627565983,4,0.0,0.0,True,0.0,False,False,False,0.0,0.0
modelcontextprotocol/python-sdk,29f49c82612bbc9e,False,0,224,True,0.0,0.9017857142857143,3,0.0,0.9017857142857143,3,0.0,0.90625,4,0.0,0.9508928571428571,4,0.0,0.2,True,0.0,False,False,False,0.0,0.0
modelcontextprotocol/python-sdk,abcde01e384b945f,False,1,214,True,0.0,0.5233644859813084,1,0.0,0.5233644859813084,0,0.0,0.5186915887850467,0,0.0,0.5420560747663551,2,1.0,0.25,True,0.0,False,False,False,0.0,0.0
modelcontextprotocol/python-sdk,2a83726d38415103,False,1,699,True,0.0,0.844062947067239,3,0.0,0.8583690987124464,2,0.0,0.8011444921316166,3,0.0,0.844062947067239,3,0.0,0.0,True,0.0,False,False,False,0.0,0.0
modelcontextprotocol/python-sdk,2c82340ecf6b6a4c,False,1,1303,True,0.0,0.5264773599386032,9,0.0,0.5264773599386032,9,0.0,0.5840368380660015,10,0.0,0.5310821181887951,9,0.0,0.0,True,0.0,False,False,False,0.0,0.0
modelcontextprotocol/python-sdk,e2c00711f742606c,False,2,83,True,0.0,0.5662650602409639,1,0.0,0.7831325301204819,1,0.0,0.7951807228915663,1,0.0,0.5662650602409639,1,0.0,0.0,True,0.0,False,False,False,0.0,0.0
modelcontextprotocol/python-sdk,076751b309be973b,False,0,183,True,0.0,0.6557377049180327,3,0.0,0.6557377049180327,3,0.0,0.6939890710382514,3,0.0,0.6885245901639344,4,0.0,0.0,True,0.0,False,False,False,0.0,0.0
modelcontextprotocol/python-sdk,b9cc4f521f80017f,False,0,148,True,0.0,0.8378378378378378,4,0.0,0.8378378378378378,4,0.0,0.8378378378378378,4,0.0,0.8445945945945946,4,0.0,0.0,True,0.0,False,False,False,0.0,0.0
modelcontextprotocol/python-sdk,19a44750677a6452,False,2,88,True,0.0,0.8181818181818182,2,0.0,0.8181818181818182,2,0.0,0.8295454545454546,2,0.0,0.8181818181818182,2,0.0,0.0,True,0.0,False,False,False,0.0,0.0
modelcontextprotocol/python-sdk,045ed4cd08494a48,False,0,114,True,0.0,0.9385964912280702,2,0.0,0.9385964912280702,2,0.0,0.9385964912280702,2,0.0,0.9649122807017544,1,0.0,0.0,True,0.0,False,False,False,0.0,0.0
modelcontextprotocol/python-sdk,2644de1d5107de80,False,0,58,True,0.0,0.896551724137931,0,0.0,0.896551724137931,0,0.0,0.896551724137931,0,0.0,1.0,0,0.0,0.0,True,0.0,False,False,False,0.0,0.0
modelcontextprotocol/python-sdk,ed6a22760239e765,False,1,488,True,0.0,0.8995901639344263,2,0.0,0.8995901639344263,2,0.0,0.8995901639344263,2,0.0,0.9057377049180327,2,0.0,0.0,True,0.0,False,False,False,0.0,0.0
modelcontextprotocol/python-sdk,d6a45a1ed1f4ebc1,False,0,100,True,0.0,0.94,3,0.0,0.94,3,0.0,0.94,3,0.0,0.98,2,0.0,0.0,True,0.0,False,False,False,0.0,0.0
modelcontextprotocol/python-sdk,93683b9a89cdf450,False,0,333,True,0.0,0.960960960960961,1,0.0,0.960960960960961,1,0.0,0.960960960960961,1,0.0,0.987987987987988,1,1.0,0.0,True,0.0,False,False,False,0.0,0.0
modelcontextprotocol/python-sdk,d46a33f06c2ab296,False,1,118,True,0.0,0.8728813559322034,1,0.0,0.8728813559322034,1,0.0,0.8728813559322034,1,0.0,0.9830508474576272,1,0.0,0.0,True,0.0,False,False,False,0.0,0.0
modelcontextprotocol/python-sdk,5278bd22bb86f582,False,0,366,True,0.0,0.9289617486338798,0,0.0,0.9289617486338798,0,0.0,0.9289617486338798,0,0.0,0.9699453551912568,1,1.0,0.5,True,0.0,False,False,False,0.0,0.0
modelcontextprotocol/python-sdk,72a157a0ed0ea636,False,1,110,True,0.0,0.5909090909090909,2,0.0,0.5909090909090909,2,0.0,0.6454545454545455,3,0.0,0.6090909090909091,2,1.0,0.6,True,0.0,False,False,False,0.0,0.0
modelcontextprotocol/python-sdk,6643f748c6f203d6,False,0,131,True,0.0,0.8778625954198473,2,0.0,0.8778625954198473,2,0.0,0.9007633587786259,2,0.0,0.9007633587786259,2,0.0,0.25,True,0.0,False,False,False,0.0,0.0
modelcontextprotocol/python-sdk,cbe797d477654047,False,2,366,True,0.0,0.9918032786885246,1,0.0,0.9918032786885246,1,0.0,0.9918032786885246,1,0.0,1.0,0,0.0,0.0,True,0.0,False,False,False,0.0,0.0
modelcontextprotocol/python-sdk,2d78210c1f729556,False,0,278,True,0.0,0.28776978417266186,8,0.0,0.2949640287769784,8,0.0,0.29856115107913667,9,0.0,0.28776978417266186,7,0.0,0.0,True,0.0,False,False,False,0.0,0.0
modelcontextprotocol/python-sdk,41ed2e8548ae2238,False,3,148,True,0.0,0.7027027027027027,3,0.0,0.7162162162162162,3,0.0,0.722972972972973,3,0.0,0.7297297297297297,4,0.0,0.0,True,0.0,False,False,False,0.0,0.0
modelcontextprotocol/python-sdk,42c069f4857387aa,False,4,210,True,0.0,0.9333333333333333,1,0.0,0.9333333333333333,1,0.0,0.9333333333333333,1,0.0,0.9666666666666667,2,0.0,0.0,True,0.0,False,False,False,0.0,0.0
ansible/ansible,555aabb1deb80bb2,False,0,47,True,0.0,0.5957446808510638,1,0.0,0.5957446808510638,1,0.0,0.5957446808510638,1,0.0,0.6222222222222222,2,0.0,0.0,False,0.0,False,False,False,0.0,0.0
ansible/ansible,6bfdee1757f46baa,False,0,229,True,0.0,0.17903930131004367,21,0.0,0.20087336244541484,22,0.0,0.2096069868995633,22,0.0,0.17982456140350878,21,0.0,0.0,False,0.0,False,False,False,0.0,0.0
ansible/ansible,5704933ee3791e34,False,1,539,True,0.0,0.39888682745825604,20,0.0,0.3803339517625232,19,0.0,0.3580705009276438,20,0.0,0.40298507462686567,20,0.0,0.3333333333333333,True,0.0,False,False,False,0.0,0.0
ansible/ansible,38cec806ea1a1ee7,False,2,1631,True,0.0,0.1759656652360515,29,0.0,0.16983445738810546,30,0.0,0.17044757817290007,31,0.0,0.17901234567901234,29,0.0,0.0,True,0.0,False,False,False,0.0,0.0
ansible/ansible,46dfbc5163579abd,False,0,256,True,0.0,0.6875,9,0.0,0.6875,9,0.0,0.6875,9,0.0,0.6929133858267716,9,0.0,0.0,True,0.0,False,False,False,0.0,0.0
ansible/ansible,f15e1b36039c3d60,False,1,763,True,0.0,0.36041939711664484,34,0.0,0.3709043250327654,33,0.0,0.3905635648754915,34,0.0,0.36675461741424803,34,1.0,0.0,True,0.0,False,False,False,0.0,0.0
ansible/ansible,b2b60725a2a003e1,False,0,415,True,0.0,0.43132530120481927,19,0.0,0.3566265060240964,20,0.0,0.3253012048192771,19,0.0,0.43341404358353514,19,0.0,0.0,True,0.0,False,False,False,0.0,0.0
ansible/ansible,9c124a6cda9c3011,False,1,962,True,0.0,0.17775467775467776,43,0.0,0.1787941787941788,44,0.0,0.1787941787941788,44,0.0,0.18020833333333333,43,0.0,0.0,True,0.0,False,False,False,0.0,0.0
zed-industries/zed,1c5fe7be8e7aedb1,False,5,209,True,0.0,0.36363636363636365,3,0.0,0.36363636363636365,3,0.0,0.3684210526315789,2,0.0,0.36538461538461536,2,0.0,0.0,True,0.0,False,False,False,0.0,0.0
zed-industries/zed,b803fcb7f17ed923,False,1,903,True,0.0,0.3588039867109635,15,0.0,0.3588039867109635,16,0.0,0.3300110741971207,14,0.0,0.3711340206185567,15,0.0,0.0,True,0.0,False,False,False,0.0,0.0
zed-industries/zed,a17ee3cb662999eb,False,4,382,True,1.0,0.21465968586387435,8,1.0,0.21465968586387435,10,1.0,0.21727748691099477,9,1.0,0.22486772486772486,13,0.0,0.2,True,0.0,False,False,False,1.0,1.0
zed-industries/zed,0bfe97d422eca8c2,True,1,172,True,0.0,0.1744186046511628,6,0.0,0.18023255813953487,6,0.0,0.18023255813953487,9,0.0,0.22093023255813954,8,0.0,0.0,True,0.0,False,False,True,0.0,0.0
zed-industries/zed,df2a9990ea717fc5,False,3,229,True,0.0,0.39737991266375544,4,0.0,0.39737991266375544,4,0.0,0.37117903930131,4,0.0,0.3991228070175439,4,0.0,0.0,True,0.0,False,False,False,0.0,0.0
zed-industries/zed,90c0cb07588e2f30,False,5,654,True,0.0,0.5045871559633027,26,0.0,0.536697247706422,26,0.0,0.5045871559633027,27,0.0,0.5045871559633027,26,0.0,0.0,True,0.0,False,False,False,0.0,0.0
zed-industries/zed,9d4d86c9145be3b7,False,0,9,True,0.0,0.7777777777777778,0,0.0,0.7777777777777778,0,0.0,0.7777777777777778,0,0.0,0.875,0,0.0,0.0,True,0.0,False,False,False,0.0,0.0
zed-industries/zed,42e01d7aacb60673,False,15,2047,True,1.0,0.189057156814851,127,1.0,0.19101123595505617,126,1.0,0.1885686370297997,126,1.0,0.19054652880354506,126,0.0,1.0,True,0.0,False,False,False,1.0,1.0
zed-industries/zed,1c0d972ee49103af,False,0,9,True,0.0,0.5555555555555556,0,0.0,0.5555555555555556,0,0.0,0.5555555555555556,0,0.0,0.5555555555555556,0,0.0,0.0,True,0.0,False,False,False,0.0,0.0
zed-industries/zed,970b7c42d1bc6633,False,0,17,True,0.0,0.29411764705882354,0,0.0,0.29411764705882354,0,0.0,0.4117647058823529,0,0.0,0.29411764705882354,0,0.0,0.0,True,0.0,False,False,False,0.0,0.0
zed-industries/zed,81050a24d2a45e7c,True,24,1351,True,0.0,0.14433752775721687,56,0.0,0.13249444855662473,57,0.0,0.16284233900814213,57,0.0,0.13748079877112135,57,1.0,1.0,True,0.0,False,False,False,0.0,0.0
zed-industries/zed,e434af22b3787c52,True,0,23,True,0.0,0.6521739130434783,1,0.0,0.7391304347826086,3,0.0,0.7391304347826086,3,0.0,0.6086956521739131,2,0.0,0.0,True,0.0,False,False,False,0.0,0.0
zed-industries/zed,eb3c5f86a694d29f,False,2,277,True,0.0,0.555956678700361,11,0.0,0.5740072202166066,11,0.0,0.5740072202166066,11,0.0,0.555956678700361,10,0.0,0.0,True,0.0,False,False,False,0.0,0.0
zed-industries/zed,abb804d570c3104a,False,0,64,True,0.0,0.25,6,0.0,0.25,5,0.0,0.328125,7,0.0,0.25,6,0.0,0.0,True,0.0,False,False,False,0.0,0.0
zed-industries/zed,c0d7b29f214b669b,False,1,127,True,0.0,0.9133858267716536,0,0.0,0.905511811023622,1,0.0,0.905511811023622,1,0.0,0.9133858267716536,0,0.0,0.0,True,0.0,False,False,False,0.0,0.0
zed-industries/zed,68fe26d5c6ba3421,False,1,259,True,0.0,0.28957528957528955,8,0.0,0.28957528957528955,8,0.0,0.28957528957528955,8,0.0,0.28957528957528955,8,0.0,0.0,True,0.0,False,False,False,0.0,0.0
zed-industries/zed,9ed6d3c8f52cf7b6,False,0,42,True,0.0,0.9285714285714286,2,0.0,0.9285714285714286,2,0.0,0.9285714285714286,2,0.0,0.47619047619047616,2,0.0,0.0,True,0.0,False,False,False,0.0,0.0
zed-industries/zed,5056c2f7365c7435,True,25,1245,True,0.0,0.21285140562248997,51,0.0,0.20642570281124498,51,0.0,0.12931726907630522,55,0.0,0.20722891566265061,51,1.0,1.0,True,0.0,False,False,False,0.0,0.0
zed-industries/zed,3e9627631213861d,True,7,323,True,0.0,0.23839009287925697,4,0.0,0.19504643962848298,3,0.0,0.21052631578947367,3,0.0,0.23529411764705882,5,0.0,0.0,True,0.0,False,False,False,0.0,0.0
zed-industries/zed,de4a5a52c33023cf,False,1,199,True,0.0,0.3869346733668342,5,0.0,0.33668341708542715,5,0.0,0.24623115577889448,5,0.0,0.3888888888888889,5,0.0,0.0,True,0.0,False,False,False,0.0,0.0
zed-industries/zed,857874fbc15b9474,False,1,88,True,0.0,0.2159090909090909,3,0.0,0.2159090909090909,4,0.0,0.2159090909090909,4,0.0,0.2159090909090909,4,0.0,0.0,True,0.0,False,False,False,0.0,0.0
zed-industries/zed,41b91ef9370e666e,True,0,36,True,0.0,0.6111111111111112,1,0.0,0.8611111111111112,3,0.0,0.8611111111111112,3,0.0,0.5833333333333334,2,0.0,0.0,True,0.0,False,False,False,0.0,0.0
zed-industries/zed,5f5ba13f510d3149,False,2,183,True,0.0,0.5355191256830601,4,0.0,0.5355191256830601,4,0.0,0.5136612021857924,6,0.0,0.5409836065573771,4,0.0,0.0,True,0.0,False,False,False,0.0,0.0
zed-industries/zed,7b7dabbece7a54e0,False,17,1004,True,0.0,0.3256972111553785,57,0.0,0.3256972111553785,58,0.0,0.350597609561753,63,0.0,0.3329969727547931,58,0.0,0.0,True,0.0,False,False,False,0.0,0.0
pytorch/vision,468885f2b807a782,False,0,230,True,0.0,0.4,2,0.0,0.4,2,0.0,0.3869565217391304,3,0.0,0.44782608695652176,2,0.0,0.0,True,0.0,False,False,False,0.0,0.0
pytorch/vision,7c4343df5ec25f6c,False,0,12,True,0.0,0.5833333333333334,0,0.0,0.5833333333333334,0,0.0,0.5833333333333334,0,0.0,0.7272727272727273,0,0.0,0.0,False,1.0,False,False,False,0.0,0.0
pytorch/vision,7411872242434647,False,0,468,True,0.0,0.3611111111111111,13,0.0,0.4829059829059829,15,0.0,0.49786324786324787,15,0.0,0.3888888888888889,12,1.0,1.0,True,1.0,False,False,False,0.0,0.0
pytorch/vision,4ae1f9c6bb9efe7e,False,0,1464,True,0.0,0.9487704918032787,5,0.0,0.9487704918032787,5,0.0,0.9289617486338798,8,0.0,0.9781420765027322,4,0.0,0.0,False,1.0,False,False,False,0.0,0.0
pytorch/vision,513266fb7c25e95c,False,0,292,True,0.0,0.386986301369863,8,0.0,0.4794520547945205,7,0.0,0.5171232876712328,8,0.0,0.45017182130584193,7,1.0,0.0,False,1.0,False,False,False,0.0,0.0
pytorch/vision,cc7bbc66ec0ae77a,False,5,3003,True,0.0,0.38794538794538797,4,0.0,0.39527139527139526,4,0.0,0.4125874125874126,4,0.0,0.42538307794803465,4,1.0,0.0,True,1.0,False,False,False,0.0,0.0
pytorch/vision,3ee6d97779dcada3,False,0,274,True,0.0,0.8978102189781022,2,0.0,0.8978102189781022,2,0.0,0.8978102189781022,2,0.0,0.9558823529411765,2,1.0,0.0,False,1.0,False,False,False,0.0,0.0
pytorch/vision,38cb58591fe8f6d7,False,0,130,True,0.0,0.5923076923076923,1,0.0,0.6230769230769231,2,0.0,0.6230769230769231,2,0.0,0.6307692307692307,1,1.0,0.0,False,1.0,False,False,False,0.0,0.0
pytorch/vision,1003f09123dbb688,True,0,2246,True,0.0,0.25022261798753337,26,0.0,0.25244879786286734,26,0.0,0.26046304541406945,55,0.0,0.2927264614011602,25,0.0,0.0,True,0.0,False,False,False,0.0,0.0
pytorch/vision,319d85b994f8e225,False,0,615,True,0.0,0.6926829268292682,9,0.0,0.7089430894308943,8,0.0,0.6861788617886179,10,0.0,0.795751633986928,7,0.0,0.0,False,0.0,False,False,False,0.0,0.0
PHP-CS-Fixer/PHP-CS-Fixer,32005148637e7d43,False,1,257,True,0.0,0.4591439688715953,3,0.0,0.4708171206225681,4,0.0,0.4357976653696498,5,0.0,0.4609375,3,0.0,0.0,True,0.0,False,False,False,0.0,0.0
PHP-CS-Fixer/PHP-CS-Fixer,13103451fab03d40,False,0,55,True,1.0,0.9636363636363636,2,1.0,0.9636363636363636,2,1.0,0.8181818181818182,2,1.0,0.9629629629629629,2,1.0,1.0,True,1.0,False,False,False,1.0,1.0
PHP-CS-Fixer/PHP-CS-Fixer,5d18b1b5000be67c,False,0,25,True,0.0,0.8,0,0.0,0.8,0,0.0,0.4,0,0.0,0.875,0,0.0,0.0,False,0.0,False,False,False,0.0,0.0
PHP-CS-Fixer/PHP-CS-Fixer,3f7974c782c5740d,True,0,147,True,1.0,0.2789115646258503,4,0.0,0.272108843537415,4,1.0,0.3673469387755102,7,0.0,0.2671232876712329,4,0.0,0.0,True,1.0,False,False,False,1.0,0.0
PHP-CS-Fixer/PHP-CS-Fixer,0c1219efa96f1f11,False,0,101,True,1.0,0.6534653465346535,4,1.0,0.7128712871287128,4,1.0,0.693069306930693,5,1.0,0.59,4,0.0,0.0,True,1.0,False,False,False,1.0,1.0
PHP-CS-Fixer/PHP-CS-Fixer,a8fd752ab023664c,False,0,85,True,1.0,0.8235294117647058,4,1.0,0.8235294117647058,4,1.0,0.7647058823529411,4,1.0,0.8214285714285714,4,1.0,1.0,True,1.0,False,False,False,1.0,1.0
PHP-CS-Fixer/PHP-CS-Fixer,b9182c37263d9be0,False,0,71,True,1.0,0.9014084507042254,1,1.0,0.9014084507042254,1,1.0,0.5774647887323944,1,1.0,0.9,1,0.0,0.0,False,1.0,False,False,False,1.0,1.0
PHP-CS-Fixer/PHP-CS-Fixer,9eb0720eef56fa33,False,0,141,True,1.0,0.8297872340425532,2,1.0,0.8297872340425532,2,1.0,0.6950354609929078,5,1.0,0.8857142857142857,2,1.0,0.0,False,1.0,False,False,False,1.0,1.0
PHP-CS-Fixer/PHP-CS-Fixer,201009c5babf613e,False,0,243,True,1.0,0.9917695473251029,1,1.0,0.9917695473251029,1,1.0,0.934156378600823,2,1.0,1.0,0,1.0,1.0,True,0.0,False,False,False,1.0,1.0
PHP-CS-Fixer/PHP-CS-Fixer,c57acddd7a7d8f39,False,1,371,True,0.0,0.4609164420485175,6,0.0,0.4609164420485175,6,0.0,0.4420485175202156,8,0.0,0.5040650406504065,5,0.0,1.0,True,0.0,False,False,False,0.0,0.0
PHP-CS-Fixer/PHP-CS-Fixer,fe47dc10f0dd8aa3,False,0,123,True,0.0,0.3821138211382114,3,0.0,0.3821138211382114,3,0.0,0.2764227642276423,2,0.0,0.38524590163934425,3,0.0,0.0,True,1.0,False,False,False,0.0,0.0
PHP-CS-Fixer/PHP-CS-Fixer,982819dbe64db905,False,0,560,True,0.0,0.3625,5,0.0,0.3625,5,0.0,0.3267857142857143,5,0.0,0.3655913978494624,5,1.0,1.0,True,0.0,False,False,False,0.0,0.0
PHP-CS-Fixer/PHP-CS-Fixer,74b5c781c19ede29,False,1,320,True,1.0,0.7875,6,1.0,0.403125,5,1.0,0.39375,5,1.0,0.7924528301886793,5,0.0,0.5,True,0.0,False,False,False,1.0,1.0
dendronhq/dendron,b335630551682c19,False,0,538,True,0.0,0.5892193308550185,8,0.0,0.587360594795539,8,0.0,0.587360594795539,8,0.0,0.5892193308550185,8,0.0,0.0,True,0.0,True,True,False,0.0,0.0
secdev/scapy,5669ea139651cacf,False,1,728,True,0.0,0.36126373626373626,14,0.0,0.37637362637362637,14,0.0,0.28708791208791207,13,0.0,0.36675824175824173,13,0.0,1.0,True,1.0,False,False,False,0.0,0.0
secdev/scapy,f7e9c887c28f2bd5,False,7,2030,True,1.0,0.4640394088669951,10,1.0,0.4576354679802956,11,1.0,0.4206896551724138,12,1.0,0.4640394088669951,9,1.0,1.0,True,1.0,False,False,False,1.0,1.0
secdev/scapy,63041d216f870a56,False,0,1277,True,0.0,0.4534064212999217,8,0.0,0.45653876272513705,8,0.0,0.514487079091621,8,0.0,0.4534064212999217,8,0.0,0.0,False,1.0,False,False,False,0.0,0.0
secdev/scapy,bac3172376d0bfc0,False,0,272,True,0.0,0.8088235294117647,3,0.0,0.875,5,0.0,0.875,5,0.0,0.8088235294117647,3,0.0,0.0,False,1.0,False,False,False,0.0,0.0
secdev/scapy,280fc0d40d7d9881,False,0,250,True,0.0,0.34,9,0.0,0.328,8,0.0,0.328,8,0.0,0.344,8,1.0,1.0,True,1.0,False,False,False,0.0,0.0
secdev/scapy,049da9d4fd06bfc5,False,1,1217,True,0.0,0.5875102711585867,12,0.0,0.6096959737058341,10,0.0,0.5743631881676253,11,0.0,0.5883319638455218,12,1.0,1.0,True,1.0,False,False,False,0.0,0.0
secdev/scapy,d315829a05264a97,False,0,150,True,0.0,0.68,3,0.0,0.5066666666666667,3,0.0,0.4866666666666667,3,0.0,0.68,3,0.0,0.0,False,1.0,False,False,False,0.0,0.0
secdev/scapy,ffa5a92829e312ec,True,0,487,True,0.0,0.42915811088295686,2,0.0,0.42915811088295686,2,0.0,0.42915811088295686,2,0.0,0.8069815195071869,2,0.0,0.0,True,0.0,False,False,False,0.0,0.0
secdev/scapy,bd0a0aaf3081c75b,False,2,1260,True,0.0,0.4984126984126984,10,0.0,0.5,10,0.0,0.46190476190476193,10,0.0,0.4984126984126984,10,1.0,1.0,True,1.0,False,False,False,0.0,0.0
secdev/scapy,99262f1640e33535,False,2,654,True,0.0,0.38837920489296635,11,0.0,0.45718654434250766,11,0.0,0.45871559633027525,13,0.0,0.38837920489296635,11,1.0,0.5,True,1.0,False,False,False,0.0,0.0
secdev/scapy,a0065123662822ae,False,0,73,True,0.0,0.7671232876712328,0,0.0,0.7671232876712328,0,0.0,0.726027397260274,2,0.0,0.8904109589041096,0,0.0,0.0,False,0.0,False,False,False,0.0,0.0
secdev/scapy,468b0be5e4cea249,False,3,2545,True,0.0,0.43300589390962674,24,0.0,0.42789783889980354,26,0.0,0.3512770137524558,26,0.0,0.4345776031434185,24,1.0,1.0,True,1.0,False,False,False,0.0,0.0
secdev/scapy,ec41b359e71b07a6,False,2,2160,True,0.0,0.5634259259259259,24,0.0,0.5638888888888889,26,0.0,0.5518518518518518,25,0.0,0.5634259259259259,24,0.0,0.0,True,1.0,False,False,False,0.0,0.0
secdev/scapy,19c691ae0be66d29,False,0,727,True,0.0,0.405777166437414,4,0.0,0.48830811554332876,4,0.0,0.5061898211829436,4,0.0,0.405777166437414,4,0.0,0.0,False,0.0,False,False,False,0.0,0.0
secdev/scapy,8abb91bad30ea480,False,0,4834,True,0.0,0.7652047993380223,7,0.0,0.5134464211832851,8,0.0,0.5128258171286719,8,0.0,0.7654116673562267,6,1.0,1.0,True,1.0,False,False,False,0.0,0.0
secdev/scapy,6684f6adc0bd8f3f,False,1,1717,True,1.0,0.5917297612114153,6,1.0,0.5917297612114153,7,1.0,0.5835760046592895,7,1.0,0.5917297612114153,6,1.0,0.0,False,1.0,False,False,False,1.0,1.0
secdev/scapy,ea86fbdc4ffb2f8e,False,0,416,True,1.0,0.3485576923076923,5,0.0,0.3269230769230769,4,0.0,0.3269230769230769,5,1.0,0.3485576923076923,5,1.0,0.0,False,1.0,False,False,False,1.0,1.0
gitextensions/gitextensions,75f6e264e754d911,False,1,531,False,0.0,0.4199623352165725,18,0.0,0.4199623352165725,18,0.0,0.3898305084745763,17,0.0,0.4199623352165725,18,0.0,0.5,True,0.0,False,False,False,0.0,0.0
gitextensions/gitextensions,63561f3f9272550c,False,0,36,False,0.0,0.3611111111111111,2,0.0,0.5,2,0.0,0.5,2,0.0,0.3611111111111111,1,1.0,1.0,True,1.0,False,False,False,0.0,0.0
gitextensions/gitextensions,9da24614831c3088,False,0,81,False,0.0,0.4074074074074074,3,0.0,0.4074074074074074,3,0.0,0.4074074074074074,4,0.0,0.4594594594594595,2,0.0,0.0,True,0.0,False,False,False,0.0,0.0
a2aproject/A2A,fe9a7c352a3b388f,False,0,307,True,0.0,0.996742671009772,1,0.0,0.996742671009772,1,0.0,0.996742671009772,1,0.0,0.996742671009772,1,0.0,0.0,True,0.0,False,False,False,0.0,0.0
a2aproject/A2A,41930f85b7e8deb7,False,4,307,True,0.0,0.4592833876221498,12,0.0,0.4592833876221498,12,0.0,0.4592833876221498,12,0.0,0.3851851851851852,12,0.0,0.0,True,0.0,False,False,False,0.0,0.0
astral-sh/ruff,5edc24d2ef3bd0fa,False,0,260,False,0.0,0.6269230769230769,2,0.0,0.6269230769230769,2,0.0,0.5384615384615384,5,0.0,0.6269230769230769,2,1.0,1.0,True,0.0,False,False,False,0.0,0.0
astral-sh/ruff,b853b8d2765fec72,False,3,58,False,0.0,0.9655172413793104,1,0.0,0.9655172413793104,1,0.0,0.9655172413793104,1,0.0,0.9655172413793104,1,1.0,1.0,True,1.0,False,False,False,0.0,0.0
astral-sh/ruff,116b81bc69c47180,False,0,126,False,0.0,0.30158730158730157,2,0.0,0.30158730158730157,2,0.0,0.30158730158730157,2,0.0,0.30158730158730157,2,0.0,0.0,True,0.0,False,False,False,0.0,0.0
astral-sh/ruff,f6d6d4fa0364cd4f,False,2,541,False,0.0,0.8188539741219963,4,0.0,0.8077634011090573,4,0.0,0.8077634011090573,4,0.0,0.8207024029574861,4,0.0,0.0,True,0.0,False,False,False,0.0,0.0
astral-sh/ruff,ce61fd40ad4d6cec,False,5,1276,False,1.0,0.7609717868338558,4,1.0,0.7570532915360502,4,1.0,0.7954545454545454,4,1.0,0.7609717868338558,4,0.0,1.0,True,0.0,False,False,False,1.0,1.0
astral-sh/ruff,2d9bc5f3981657a6,False,5,806,False,1.0,0.8027295285359801,8,1.0,0.794044665012407,8,1.0,0.7816377171215881,7,1.0,0.8027295285359801,8,0.0,1.0,True,0.0,False,False,False,1.0,1.0
astral-sh/ruff,b3fc6ff6e13304bb,False,1,245,False,1.0,0.31020408163265306,5,1.0,0.31020408163265306,5,0.0,0.3020408163265306,6,1.0,0.31020408163265306,5,0.0,1.0,True,0.0,False,False,False,1.0,1.0
astral-sh/ruff,cc1a744f6e01d339,False,0,333,False,0.0,0.3813813813813814,4,0.0,0.3813813813813814,4,0.0,0.4444444444444444,3,0.0,0.38738738738738737,3,0.0,1.0,True,0.0,False,False,False,0.0,0.0
astral-sh/ruff,d707cda6c69d930e,False,0,147,False,0.0,0.6870748299319728,2,0.0,0.6870748299319728,2,0.0,0.6870748299319728,2,0.0,0.6870748299319728,2,0.0,0.0,False,0.0,False,False,False,0.0,0.0
astral-sh/ruff,e1613de6baa8956e,False,1,39,False,1.0,0.6923076923076923,0,1.0,0.6923076923076923,0,1.0,0.6923076923076923,0,1.0,0.6923076923076923,0,1.0,0.0,True,0.0,False,False,False,1.0,1.0
astral-sh/ruff,0a6de2163edbf4f3,False,1,90,False,0.0,0.8222222222222222,0,0.0,0.8111111111111111,0,0.0,0.8111111111111111,0,0.0,0.8222222222222222,0,0.0,1.0,True,0.0,False,False,False,0.0,0.0
astral-sh/ruff,4fbc5e1ed9adf21d,False,0,19,False,0.0,1.0,0,0.0,1.0,0,0.0,1.0,0,0.0,1.0,0,0.0,0.0,False,0.0,False,False,False,0.0,0.0
astral-sh/ruff,515a7b934d8ad50c,False,0,153,False,1.0,0.9738562091503268,1,1.0,0.9738562091503268,1,1.0,0.9738562091503268,1,1.0,0.9738562091503268,1,0.0,0.0,False,0.0,False,False,False,1.0,1.0
astral-sh/ruff,fb96fc4dbd7a17ec,False,0,59,False,0.0,1.0,0,0.0,1.0,0,0.0,1.0,0,0.0,1.0,0,0.0,0.0,False,0.0,False,False,False,0.0,0.0
astral-sh/ruff,eede6c42be77f056,False,5,597,False,1.0,0.9597989949748744,2,1.0,0.9597989949748744,2,1.0,0.9430485762144054,3,1.0,0.9576988155668359,2,1.0,1.0,True,0.0,False,False,False,1.0,1.0
astral-sh/ruff,86a6d2cbee6f30f4,False,5,426,False,0.0,0.8380281690140845,4,0.0,0.8380281690140845,4,0.0,0.8380281690140845,4,0.0,0.8403755868544601,3,0.0,0.3333333333333333,True,0.0,False,False,False,0.0,0.0
astral-sh/ruff,13b67134c0224b91,False,0,139,False,0.0,0.539568345323741,1,0.0,0.5467625899280576,1,0.0,0.5467625899280576,1,0.0,0.539568345323741,1,1.0,0.0,True,0.0,False,False,False,0.0,0.0
astral-sh/ruff,75b6b3738a2f9809,False,1,131,False,1.0,0.7251908396946565,3,1.0,0.7251908396946565,3,1.0,0.7557251908396947,3,1.0,0.732824427480916,2,0.0,0.0,True,0.0,False,False,False,1.0,1.0
astral-sh/ruff,18cbc86c187f415c,False,0,15,False,0.0,0.7333333333333333,0,0.0,0.7333333333333333,0,0.0,0.7333333333333333,0,0.0,0.7333333333333333,0,1.0,1.0,True,0.0,False,False,False,0.0,0.0
astral-sh/ruff,290bab4be3b73920,False,1,420,False,0.0,0.5071428571428571,4,0.0,0.5071428571428571,4,0.0,0.4785714285714286,4,0.0,0.5071428571428571,4,0.0,0.0,True,0.0,False,False,False,0.0,0.0
astral-sh/ruff,611e24219e58ae41,False,0,110,False,0.0,0.32727272727272727,3,0.0,0.43636363636363634,3,0.0,0.43636363636363634,3,0.0,0.32727272727272727,3,0.0,0.2,True,0.0,False,False,False,0.0,0.0
astral-sh/ruff,85045f8bc84c2a0c,False,0,50,False,0.0,0.58,0,0.0,0.58,0,0.0,0.58,0,0.0,0.58,0,0.0,0.0,True,0.0,False,False,False,0.0,0.0
astral-sh/ruff,7197daff90b6a02b,False,0,9,False,0.0,1.0,0,0.0,1.0,0,0.0,1.0,0,0.0,1.0,0,0.0,0.0,False,0.0,False,False,False,0.0,0.0
babel/babel,891396e2493ae50a,False,0,471,True,0.0,0.4840764331210191,1,0.0,0.4840764331210191,0,0.0,0.4840764331210191,0,0.0,0.4840764331210191,0,1.0,0.0,False,0.0,False,False,False,0.0,0.0
babel/babel,820de982eb575ffe,False,0,98,True,0.0,0.4897959183673469,6,0.0,0.5,6,0.0,0.5,6,0.0,0.4897959183673469,5,0.0,0.0,False,0.0,False,False,False,0.0,0.0
babel/babel,a902fe64f4dc0e81,False,0,423,True,0.0,0.22458628841607564,7,0.0,0.21040189125295508,6,0.0,0.29550827423167847,9,0.0,0.22458628841607564,6,0.0,0.0,True,0.0,False,False,False,0.0,0.0
babel/babel,8b3f4cfc81f8774a,False,0,596,True,1.0,0.25,14,1.0,0.25,14,1.0,0.2483221476510067,14,1.0,0.25,14,0.0,1.0,True,0.0,False,False,False,1.0,1.0
babel/babel,11f3e2f260d44a37,False,0,122,True,0.0,0.3770491803278688,0,0.0,0.39344262295081966,0,0.0,0.39344262295081966,0,0.0,0.3770491803278688,0,0.0,0.0,True,0.0,False,False,False,0.0,0.0
babel/babel,2b1400f3eb0b74db,False,0,79,True,0.0,0.5949367088607594,2,0.0,0.6962025316455697,2,0.0,0.759493670886076,3,0.0,0.6962025316455697,2,0.0,0.0,False,0.0,False,False,False,0.0,0.0
babel/babel,e420c6e47c0307b7,False,0,56,True,1.0,0.7857142857142857,1,1.0,0.875,1,1.0,0.875,1,1.0,0.875,1,0.0,0.0,True,1.0,False,False,False,1.0,1.0
babel/babel,423a46bc3b33777c,False,0,712,True,0.0,0.6165730337078652,9,0.0,0.6179775280898876,7,0.0,0.2752808988764045,5,0.0,0.6165730337078652,7,1.0,0.0,False,0.0,False,False,False,0.0,0.0
babel/babel,6fb7a067edf6f903,False,0,174,True,0.0,0.21839080459770116,2,0.0,0.22988505747126436,2,0.0,0.2413793103448276,2,0.0,0.21839080459770116,2,0.0,0.0,False,1.0,False,False,False,0.0,0.0
babel/babel,1e18518c9a665efd,False,0,47,True,0.0,0.723404255319149,2,0.0,0.44680851063829785,2,0.0,0.574468085106383,2,0.0,0.723404255319149,1,0.0,0.0,True,0.0,False,False,False,0.0,0.0
babel/babel,92df582e307bb11b,False,0,47,True,1.0,0.851063829787234,2,1.0,0.851063829787234,1,1.0,0.851063829787234,1,1.0,0.851063829787234,1,0.0,0.0,False,0.0,False,False,False,1.0,1.0
babel/babel,468ef2c5f9549450,False,1,168,True,1.0,0.6190476190476191,4,1.0,0.6309523809523809,4,1.0,0.6309523809523809,4,1.0,0.6309523809523809,3,1.0,0.0,False,0.0,False,False,False,1.0,1.0
babel/babel,392c82ef9eeec1c3,False,0,357,True,0.0,0.45098039215686275,9,0.0,0.47058823529411764,8,0.0,0.4341736694677871,10,0.0,0.45098039215686275,8,0.0,0.5,True,0.0,False,False,False,0.0,0.0
babel/babel,7c4f00c38f1f3e82,False,0,157,True,1.0,0.8598726114649682,1,1.0,0.89171974522293,0,1.0,0.89171974522293,0,1.0,0.8853503184713376,0,1.0,0.0,False,1.0,False,False,False,1.0,1.0
babel/babel,d46ed26fae4f38a9,False,1,459,True,1.0,0.7276688453159041,9,1.0,0.579520697167756,7,1.0,0.47058823529411764,7,1.0,0.7276688453159041,8,0.0,1.0,True,1.0,False,False,False,1.0,1.0
babel/babel,02ec9c7ada7cedda,False,0,1720,True,0.0,0.5488372093023256,34,0.0,0.5377906976744186,38,0.0,0.5459302325581395,37,0.0,0.5488372093023256,36,0.0,0.0,True,0.0,False,False,False,0.0,0.0
babel/babel,a182b20eac048430,False,0,1572,True,0.0,0.35814249363867684,13,0.0,0.3524173027989822,13,0.0,0.37659033078880405,13,0.0,0.36005089058524176,13,0.0,0.0,True,0.0,False,False,False,0.0,0.0
babel/babel,fa542183df064922,False,0,79,True,0.0,0.4936708860759494,2,0.0,0.5822784810126582,3,0.0,0.5822784810126582,3,0.0,0.5443037974683544,2,0.0,0.0,False,0.0,False,False,False,0.0,0.0
babel/babel,f7a647772cf84aec,True,0,308,True,1.0,0.2435064935064935,4,0.0,0.3344155844155844,4,0.0,0.3409090909090909,4,0.0,0.29545454545454547,4,1.0,1.0,True,1.0,False,False,False,1.0,0.0
babel/babel,a06285c650e7fd44,False,0,134,True,0.0,0.4626865671641791,3,0.0,0.4701492537313433,3,1.0,0.417910447761194,4,0.0,0.4701492537313433,2,1.0,1.0,True,1.0,False,False,False,0.0,0.0
babel/babel,fb5bf124110e3b7b,True,0,1050,True,1.0,0.14,23,0.0,0.15714285714285714,25,0.0,0.1438095238095238,26,0.0,0.1457142857142857,23,1.0,0.0,True,0.0,False,False,False,1.0,0.0
qtile/qtile,cc516137acc03a81,True,0,64,True,0.0,0.375,2,0.0,0.375,2,0.0,0.359375,2,0.0,0.4444444444444444,3,0.0,0.0,True,1.0,False,False,False,0.0,0.0
qtile/qtile,03e7f50bb59e1c41,False,0,33,True,0.0,0.9696969696969697,1,0.0,0.9696969696969697,1,0.0,0.5757575757575758,1,0.0,1.0,0,0.0,0.0,False,1.0,False,False,False,0.0,0.0
qtile/qtile,acb8d41e2a920fac,False,0,117,True,1.0,0.28205128205128205,4,1.0,0.28205128205128205,4,1.0,0.28205128205128205,3,1.0,0.2894736842105263,5,1.0,1.0,True,1.0,False,False,False,1.0,1.0
qtile/qtile,8606537352d6a3e9,False,0,444,True,0.0,0.8378378378378378,7,0.0,0.8468468468468469,8,0.0,0.8355855855855856,9,0.0,0.8656036446469249,7,0.0,0.0,True,1.0,False,False,False,0.0,0.0
qtile/qtile,0455ac9a3773d4a0,False,0,172,True,0.0,0.936046511627907,4,0.0,0.936046511627907,4,0.0,0.8313953488372093,4,0.0,0.9590643274853801,4,0.0,0.0,True,1.0,False,False,False,0.0,0.0
qtile/qtile,4f40c727737f0b8d,False,0,75,True,0.0,0.9066666666666666,0,0.0,0.9066666666666666,0,0.0,0.9066666666666666,0,0.0,1.0,0,0.0,0.0,False,1.0,False,False,False,0.0,0.0
qtile/qtile,9ca7b85d74a8b663,False,0,46,True,0.0,1.0,0,0.0,1.0,0,0.0,1.0,0,0.0,1.0,0,0.0,0.0,False,1.0,False,False,False,0.0,0.0
qtile/qtile,7008bdff672d9797,False,0,202,True,0.0,0.3811881188118812,5,0.0,0.39603960396039606,4,0.0,0.39603960396039606,4,0.0,0.3811881188118812,4,0.0,0.0,False,1.0,False,False,False,0.0,0.0
qtile/qtile,b25ba37895f03286,False,0,54,True,0.0,0.8703703703703703,3,0.0,0.8703703703703703,3,0.0,0.8703703703703703,3,0.0,0.8703703703703703,3,0.0,0.0,False,1.0,False,False,False,0.0,0.0
qtile/qtile,abf231ed497700ee,False,0,162,True,0.0,0.9814814814814815,1,0.0,0.9814814814814815,1,0.0,0.8395061728395061,4,0.0,1.0,0,0.0,0.0,False,1.0,False,False,False,0.0,0.0
qtile/qtile,d0362345ff5ae316,False,0,148,True,0.0,0.49324324324324326,1,0.0,0.49324324324324326,1,0.0,0.5337837837837838,1,0.0,0.5202702702702703,1,0.0,0.0,False,1.0,False,False,False,0.0,0.0
qtile/qtile,3017c41b187f4b87,False,0,292,True,0.0,0.791095890410959,5,0.0,0.7636986301369864,7,0.0,0.7431506849315068,6,0.0,0.8,3,0.0,0.0,True,1.0,False,False,False,0.0,0.0
qtile/qtile,7a0d20c9b5fd7e01,False,0,265,True,0.0,0.6792452830188679,6,0.0,0.6792452830188679,6,0.0,0.6792452830188679,6,0.0,0.752851711026616,5,0.0,0.0,True,0.0,False,False,False,0.0,0.0
qtile/qtile,0f685b5c57434012,False,0,172,True,1.0,0.8081395348837209,2,1.0,0.8081395348837209,2,1.0,0.8081395348837209,2,1.0,0.8081395348837209,1,1.0,1.0,True,1.0,False,False,False,1.0,1.0
qtile/qtile,01affb5514bade2c,False,1,192,True,0.0,0.859375,2,0.0,0.9270833333333334,3,0.0,0.828125,2,0.0,0.8894736842105263,2,0.0,0.0,False,1.0,False,False,False,0.0,0.0
qtile/qtile,1244236f8d809bd4,False,0,87,True,0.0,0.7241379310344828,3,0.0,0.735632183908046,3,0.0,0.5172413793103449,3,0.0,0.7441860465116279,4,0.0,0.0,True,1.0,False,False,False,0.0,0.0
qtile/qtile,de7cf480df1b7e94,False,0,321,True,0.0,0.7570093457943925,9,0.0,0.7601246105919003,9,0.0,0.7165109034267912,9,0.0,0.7955974842767296,8,0.0,0.5,True,1.0,False,False,False,0.0,0.0
qtile/qtile,9a01bdc2198f10d4,False,0,54,True,0.0,0.5185185185185185,6,0.0,0.5185185185185185,6,0.0,0.35185185185185186,6,0.0,0.5283018867924528,6,1.0,0.0,False,1.0,False,False,False,0.0,0.0
qtile/qtile,fcb03c0da86a53ba,False,0,73,True,0.0,0.7808219178082192,2,0.0,0.7808219178082192,2,0.0,0.547945205479452,1,0.0,0.7808219178082192,2,0.0,0.0,False,1.0,False,False,False,0.0,0.0
qtile/qtile,7958be32c71a75a3,False,0,258,True,0.0,0.32558139534883723,8,0.0,0.3333333333333333,9,0.0,0.3449612403100775,9,0.0,0.3333333333333333,7,0.0,0.0,True,1.0,False,False,False,0.0,0.0
qtile/qtile,0e07116ea77673db,False,0,310,True,0.0,0.7032258064516129,6,0.0,0.7032258064516129,5,0.0,0.6516129032258065,5,0.0,0.7411003236245954,4,1.0,0.0,False,1.0,False,False,False,0.0,0.0
qtile/qtile,a6b88292b7ea168b,False,0,221,True,0.0,0.8461538461538461,3,0.0,0.8416289592760181,3,0.0,0.8416289592760181,3,0.0,0.8506787330316742,2,1.0,0.0,False,1.0,False,False,False,0.0,0.0
bitsandbytes-foundation/bitsandbytes,e0aa2b260ab4cbc4,True,0,672,True,1.0,0.8452380952380952,6,1.0,0.7113095238095238,5,1.0,0.7068452380952381,5,0.0,0.5,6,0.0,1.0,True,1.0,False,False,False,1.0,0.0
bitsandbytes-foundation/bitsandbytes,7967f3c2b2edae95,False,0,544,True,0.0,0.3125,5,0.0,0.31985294117647056,6,0.0,0.3272058823529412,6,0.0,0.411214953271028,5,0.0,0.0,True,0.0,False,False,False,0.0,0.0
bitsandbytes-foundation/bitsandbytes,4e9f141c2db9b714,True,0,318,True,0.0,0.5,3,0.0,0.5,3,0.0,0.4025157232704403,3,0.0,0.5159235668789809,2,0.0,0.0,False,0.0,False,False,False,0.0,0.0
bitsandbytes-foundation/bitsandbytes,759ccdeb969ab61d,True,0,394,True,0.0,0.44923857868020306,4,0.0,0.44923857868020306,4,0.0,0.41116751269035534,2,0.0,0.48711340206185566,2,0.0,0.0,True,0.0,False,False,False,0.0,0.0
bitsandbytes-foundation/bitsandbytes,0bba49c1e13e1ca3,True,0,211,True,1.0,0.7488151658767772,2,0.0,0.4976303317535545,3,0.0,0.4976303317535545,3,0.0,0.8020833333333334,4,1.0,1.0,True,1.0,False,False,False,1.0,0.0
bitsandbytes-foundation/bitsandbytes,f8dbfa8ee0162e50,False,2,2275,True,0.0,0.3230769230769231,16,0.0,0.3415384615384615,16,0.0,0.34285714285714286,16,0.0,0.471808750563825,15,0.0,1.0,True,1.0,False,False,False,0.0,0.0
bitsandbytes-foundation/bitsandbytes,1fa223eca43641f7,False,0,32,True,1.0,0.96875,1,1.0,0.96875,1,1.0,0.96875,1,1.0,1.0,0,0.0,0.0,False,1.0,False,False,False,1.0,1.0
bitsandbytes-foundation/bitsandbytes,17616ba224ba64c8,False,5,582,True,0.0,0.3694158075601375,4,0.0,0.37800687285223367,5,0.0,0.3900343642611684,5,0.0,0.6151142355008787,3,1.0,1.0,True,1.0,False,False,False,0.0,0.0
bitsandbytes-foundation/bitsandbytes,fcfd8630837522e8,True,1,61,True,0.0,0.5245901639344263,1,0.0,0.32786885245901637,1,0.0,0.4262295081967213,1,0.0,0.42105263157894735,1,0.0,0.0,False,0.0,False,False,False,0.0,0.0
bitsandbytes-foundation/bitsandbytes,7cdc90c3071b2346,True,3,3092,True,1.0,0.7551746442432082,6,0.0,0.6552393272962483,7,0.0,0.6681759379042691,8,0.0,0.8,9,0.0,1.0,True,1.0,False,False,False,1.0,0.0
bitsandbytes-foundation/bitsandbytes,0690412de79326ab,False,0,328,True,0.0,0.5426829268292683,4,0.0,0.5426829268292683,4,0.0,0.5548780487804879,4,0.0,0.5426829268292683,4,0.0,0.0,True,1.0,False,False,False,0.0,0.0
bitsandbytes-foundation/bitsandbytes,c1eafd7cae63c415,True,1,200,True,0.0,0.47,3,0.0,0.455,2,0.0,0.445,2,0.0,0.47593582887700536,2,0.0,0.0,False,0.0,False,False,False,0.0,0.0
bitsandbytes-foundation/bitsandbytes,f3adc74b0c698cf6,False,0,466,True,0.0,0.45278969957081544,12,0.0,0.45278969957081544,12,0.0,0.4978540772532189,12,0.0,0.49023861171366595,10,0.0,1.0,True,1.0,False,False,False,0.0,0.0
bitsandbytes-foundation/bitsandbytes,7948809a4c315209,False,0,100,True,0.0,0.75,2,0.0,0.77,2,0.0,0.77,2,0.0,0.8144329896907216,1,0.0,1.0,True,1.0,False,False,False,0.0,0.0
bitsandbytes-foundation/bitsandbytes,f4dc0b6231053128,False,0,64,True,0.0,0.40625,1,0.0,0.40625,1,0.0,0.421875,2,0.0,0.47619047619047616,1,0.0,0.0,True,0.0,False,False,False,0.0,0.0
bitsandbytes-foundation/bitsandbytes,5d3da1562745a0f5,True,0,62,True,1.0,0.6774193548387096,0,0.0,0.9032258064516129,0,0.0,0.9032258064516129,0,0.0,1.0,0,0.0,0.0,False,1.0,False,False,False,1.0,0.0
bitsandbytes-foundation/bitsandbytes,4c8960e94fb9801d,False,0,118,True,1.0,0.6779661016949152,0,1.0,0.4830508474576271,2,1.0,0.4745762711864407,2,1.0,0.6779661016949152,0,0.0,0.3333333333333333,True,1.0,False,False,False,1.0,1.0
bitsandbytes-foundation/bitsandbytes,5e3704db1a5b9902,True,0,137,True,1.0,0.8978102189781022,1,1.0,0.7518248175182481,0,1.0,0.7226277372262774,0,0.0,0.6846846846846847,1,1.0,1.0,True,1.0,False,False,False,1.0,0.0
bitsandbytes-foundation/bitsandbytes,634f94b38e4a7d2b,False,0,75,True,0.0,0.6266666666666667,1,0.0,0.8666666666666667,1,0.0,0.88,1,0.0,0.9594594594594594,1,0.0,0.0,False,0.0,False,False,False,0.0,0.0
bitsandbytes-foundation/bitsandbytes,9074da5564543dc1,True,1,207,True,0.0,0.43478260869565216,3,0.0,0.42028985507246375,3,0.0,0.42028985507246375,4,0.0,0.5441176470588235,1,0.0,0.0,False,0.0,False,False,False,0.0,0.0
bitsandbytes-foundation/bitsandbytes,7e6f16872cd724e3,False,0,207,True,0.0,0.5217391304347826,2,0.0,0.5362318840579711,2,0.0,0.5458937198067633,2,0.0,0.9752475247524752,2,0.0,0.0,True,0.0,False,False,False,0.0,0.0
bitsandbytes-foundation/bitsandbytes,859ee3d997b0315a,False,0,64,True,0.0,0.65625,1,0.0,0.890625,1,0.0,0.90625,1,0.0,0.9523809523809523,1,0.0,0.0,False,0.0,False,False,False,0.0,0.0
element-hq/element-web,be709f97b53bf284,False,0,83,True,0.0,0.8313253012048193,9,0.0,0.8313253012048193,9,0.0,0.8313253012048193,9,0.0,0.8554216867469879,8,0.0,0.0,True,0.0,False,False,False,0.0,0.0
element-hq/element-web,e6c6b9b885981ff4,False,0,21,True,1.0,0.5714285714285714,4,1.0,0.6190476190476191,3,1.0,0.6666666666666666,3,1.0,0.6190476190476191,3,1.0,0.3333333333333333,True,0.0,False,False,False,1.0,1.0
element-hq/element-web,20ffb1ceb9655601,False,0,36,True,0.0,0.75,3,0.0,0.75,3,0.0,0.75,3,0.0,0.8611111111111112,3,0.0,0.0,True,0.0,False,False,False,0.0,0.0
element-hq/element-web,1f693496f32ed3d0,False,0,101,True,0.0,0.37623762376237624,10,0.0,0.37623762376237624,9,0.0,0.3564356435643564,10,0.0,0.38613861386138615,10,0.0,0.0,True,0.0,False,False,False,0.0,0.0
element-hq/element-web,bd0f2e218d5a408d,False,0,266,True,1.0,0.6541353383458647,11,1.0,0.6541353383458647,11,1.0,0.5639097744360902,10,1.0,0.6867924528301886,12,1.0,1.0,True,0.0,False,False,False,1.0,1.0
element-hq/element-web,b74dfc5707b3ea2e,False,0,52,True,0.0,0.5576923076923077,2,0.0,0.5961538461538461,2,0.0,0.5961538461538461,2,0.0,0.9423076923076923,2,0.0,0.0,True,0.0,False,False,False,0.0,0.0
element-hq/element-web,3c6d67c25eff2649,False,0,174,True,1.0,0.29310344827586204,6,1.0,0.3563218390804598,7,1.0,0.3620689655172414,6,1.0,0.4502923976608187,8,0.0,1.0,True,0.0,False,False,False,1.0,1.0
element-hq/element-web,12b16cedbd2a1635,False,0,315,True,0.0,0.4158730158730159,15,0.0,0.37777777777777777,13,0.0,0.346031746031746,14,0.0,0.44761904761904764,14,0.0,0.0,True,0.0,False,False,False,0.0,0.0
element-hq/element-web,5daff7ee7b92b7b1,False,0,37,True,0.0,0.4594594594594595,2,0.0,0.4594594594594595,2,0.0,0.4594594594594595,2,0.0,0.4594594594594595,2,1.0,1.0,True,0.0,False,False,False,0.0,0.0
element-hq/element-web,58fb34f963968c49,False,0,311,True,0.0,0.5273311897106109,9,0.0,0.6205787781350482,9,0.0,0.6270096463022508,8,0.0,0.5401929260450161,9,0.0,0.0,True,0.0,False,False,False,0.0,0.0
element-hq/element-web,c590991289d14650,False,0,70,True,0.0,0.7428571428571429,4,0.0,0.7571428571428571,4,0.0,0.7571428571428571,4,0.0,0.7352941176470589,4,0.0,0.25,True,0.0,False,False,False,0.0,0.0
element-hq/element-web,004a935b2cea0a2c,True,0,112,True,0.0,0.3392857142857143,4,0.0,0.3125,4,0.0,0.3125,5,0.0,0.3482142857142857,5,0.0,0.0,True,0.0,False,False,False,0.0,0.0
element-hq/element-web,81517a9e3cdecb5b,False,0,94,True,0.0,0.46808510638297873,6,0.0,0.5425531914893617,5,0.0,0.5319148936170213,6,0.0,0.8241758241758241,5,0.0,0.0,True,0.0,False,False,False,0.0,0.0
element-hq/element-web,6c75710672e60be5,False,0,54,True,1.0,0.6666666666666666,5,1.0,0.6296296296296297,5,1.0,0.5925925925925926,5,1.0,0.6666666666666666,4,0.0,0.5,True,0.0,False,False,False,1.0,1.0
element-hq/element-web,7c1ff21e69b51956,False,0,89,True,1.0,0.6292134831460674,6,1.0,0.7640449438202247,6,1.0,0.7415730337078652,7,1.0,0.6404494382022472,5,0.0,0.25,True,0.0,False,False,False,1.0,1.0
element-hq/element-web,abbc9c42f3a326c8,False,1,83,True,0.0,0.5903614457831325,6,0.0,0.43373493975903615,5,0.0,0.43373493975903615,5,0.0,0.5903614457831325,6,0.0,0.0,True,0.0,False,False,False,0.0,0.0
element-hq/element-web,aaa7d8a47bad59d5,False,1,186,True,1.0,0.3870967741935484,4,1.0,0.5645161290322581,4,1.0,0.5645161290322581,4,1.0,0.554945054945055,3,1.0,0.3333333333333333,True,0.0,False,False,False,1.0,1.0
element-hq/element-web,897453f7dbe3f739,False,0,99,True,0.0,0.5959595959595959,4,0.0,0.5959595959595959,4,0.0,0.5959595959595959,4,0.0,0.6161616161616161,3,0.0,0.5,True,0.0,False,False,False,0.0,0.0
element-hq/element-web,5675b83914acfe86,False,1,100,True,1.0,0.59,6,1.0,0.61,6,1.0,0.47,6,1.0,0.63,7,0.0,0.2,True,0.0,False,False,False,1.0,1.0
element-hq/element-web,833fb46e61b76d59,True,0,58,True,0.0,0.29310344827586204,4,1.0,0.20689655172413793,6,0.5,0.20689655172413793,7,0.0,0.4482758620689655,4,1.0,0.5,True,0.0,False,False,False,0.0,0.0
element-hq/element-web,d178c0b2385bf856,False,0,123,True,0.0,0.7560975609756098,3,0.0,0.7560975609756098,3,0.0,0.7560975609756098,3,0.0,0.8130081300813008,3,0.0,0.3333333333333333,True,0.0,False,False,False,0.0,0.0
element-hq/element-web,d216f9ac3e77b63c,False,0,64,True,0.0,0.71875,6,0.0,0.71875,6,0.0,0.71875,6,0.0,0.71875,6,0.0,0.0,True,0.0,False,False,False,0.0,0.0
element-hq/element-web,681c1ef0d2c20e22,False,0,32,True,1.0,0.875,2,1.0,0.875,2,1.0,0.875,2,1.0,0.90625,1,0.0,0.0,True,0.0,False,False,False,1.0,1.0
element-hq/element-web,e5ad24c78647d09c,False,0,126,True,0.0,0.4365079365079365,7,0.0,0.4365079365079365,7,1.0,0.2698412698412698,7,0.0,0.4365079365079365,7,0.0,0.0,True,0.0,False,False,False,0.0,0.0
element-hq/element-web,454f7f431b8bcf5c,False,0,740,True,0.0,0.6554054054054054,14,0.0,0.6256756756756757,15,0.0,0.6162162162162163,16,0.0,0.7364864864864865,14,0.0,0.0,True,0.0,False,False,False,0.0,0.0
psf/requests,e52e4ddd58b7ef88,False,0,58,True,0.0,0.4827586206896552,0,0.0,0.5,0,0.0,0.5,1,0.0,0.543859649122807,0,0.0,0.0,False,0.0,False,False,False,0.0,0.0
psf/requests,63bd641104d10e25,False,0,73,True,0.0,0.8082191780821918,1,0.0,0.821917808219178,1,0.0,0.821917808219178,1,0.0,0.821917808219178,1,1.0,1.0,True,1.0,False,False,False,0.0,0.0
psf/requests,05180dda5cdc530f,False,6,3040,True,1.0,0.43256578947368424,117,1.0,0.4332236842105263,116,1.0,0.4220394736842105,116,1.0,0.18471760797342193,122,0.0,0.0,True,0.0,False,False,False,1.0,1.0
psf/requests,b423d06524f8dec6,False,0,165,True,0.0,0.5818181818181818,2,0.0,0.5878787878787879,2,0.0,0.593939393939394,2,0.0,0.6149068322981367,3,0.0,0.0,True,0.0,False,False,False,0.0,0.0
psf/requests,f19a61b3baa79f0a,False,1,428,True,1.0,0.6799065420560748,5,1.0,0.6705607476635514,5,1.0,0.6518691588785047,5,1.0,0.6327014218009479,4,1.0,0.0,False,0.0,False,False,False,1.0,1.0
psf/requests,c9fdd3d9ff2ae2d7,False,1,165,True,0.0,0.6424242424242425,2,0.0,0.6909090909090909,2,0.0,0.6787878787878788,4,0.0,0.7515151515151515,2,1.0,0.0,False,0.0,False,False,False,0.0,0.0
psf/requests,fa602a8a75dc9dcc,False,1,17,True,1.0,0.8235294117647058,0,1.0,0.8235294117647058,0,1.0,0.8235294117647058,0,1.0,0.75,0,1.0,0.0,False,0.0,False,False,False,1.0,1.0
psf/requests,33c13e0b177bacd2,True,2,977,True,1.0,0.5690890481064483,22,1.0,0.5578300921187308,22,1.0,0.5506653019447287,28,0.0,0.4230769230769231,24,0.0,0.0,True,0.0,False,False,False,1.0,0.0
psf/requests,50c86b7ed8ac2cf9,False,2,10,True,1.0,0.9,0,1.0,0.9,0,1.0,0.9,0,1.0,0.9,0,1.0,0.0,False,0.0,False,False,False,1.0,1.0
psf/requests,74adcd7e630252cf,False,0,78,True,0.0,0.7051282051282052,1,0.0,0.7051282051282052,1,0.0,0.7051282051282052,1,0.0,0.961038961038961,2,0.0,0.0,False,0.0,False,False,False,0.0,0.0
psf/requests,60f61ab7a8d1910d,False,1,107,True,1.0,0.6635514018691588,12,1.0,0.6635514018691588,13,1.0,0.6542056074766355,13,1.0,0.4339622641509434,14,1.0,0.0,True,0.0,False,False,False,1.0,1.0
psf/requests,63a9c44a44acf85f,False,1,28,True,0.0,0.9642857142857143,1,0.0,0.9642857142857143,1,0.0,0.9642857142857143,1,0.0,0.9642857142857143,1,0.0,0.0,False,1.0,False,False,False,1.0,1.0
vuejs/core,28ccce6931cf4b43,False,4,476,True,0.0,0.6722689075630253,19,0.0,0.6743697478991597,19,0.0,0.6995798319327731,19,0.0,0.7221052631578947,22,1.0,1.0,True,0.0,False,False,False,0.0,0.0
vuejs/core,c26937c4980f211d,False,1,143,True,0.0,0.5244755244755245,0,0.0,0.5244755244755245,0,0.0,0.7482517482517482,0,0.0,0.5944055944055944,0,0.0,0.0,True,0.0,False,False,False,0.0,0.0
vuejs/core,def41712f6533a31,False,0,485,True,0.0,0.7422680412371134,8,0.0,0.7278350515463917,8,0.0,0.7298969072164948,9,0.0,0.8041237113402062,9,0.0,0.0,True,1.0,False,False,False,,
vuejs/core,941beb1407cae619,False,2,71,True,0.0,0.5774647887323944,0,0.0,0.6056338028169014,0,0.0,0.6197183098591549,0,0.0,0.647887323943662,0,0.0,0.0,False,0.0,False,False,False,0.0,0.0
vuejs/core,87e1eaad4cfc5391,False,2,570,True,0.0,0.5789473684210527,11,0.0,0.5877192982456141,11,0.0,0.5912280701754385,11,0.0,0.6543859649122807,12,0.0,0.0,True,0.0,False,False,False,0.0,0.0
vuejs/core,04bf522016a27e4c,False,0,243,True,0.0,0.7818930041152263,3,0.0,0.7777777777777778,4,0.0,0.7818930041152263,4,0.0,0.8677685950413223,3,0.0,0.0,False,1.0,False,False,False,,
vuejs/core,bd05499300ce2696,False,0,98,True,0.0,0.8571428571428571,0,0.0,0.8571428571428571,0,0.0,0.8571428571428571,0,0.0,1.0,0,0.0,0.0,False,0.0,False,False,False,0.0,0.0
vuejs/core,85490f78b6c63554,False,2,138,True,0.0,0.4927536231884058,1,0.0,0.5362318840579711,2,0.0,0.5652173913043478,2,0.0,0.5652173913043478,2,0.0,0.0,True,0.0,False,False,False,0.0,0.0
vuejs/core,f73d4402faacee5f,False,5,388,True,0.0,0.5798969072164949,18,0.0,0.5798969072164949,18,0.0,0.6005154639175257,17,0.0,0.6072351421188631,18,0.0,0.0,True,0.0,False,False,False,0.0,0.0
vuejs/core,5f878b4d1870f9b1,False,0,61,True,0.0,0.8360655737704918,0,0.0,0.8360655737704918,0,0.0,0.8360655737704918,0,0.0,0.8852459016393442,1,0.0,0.0,False,1.0,False,False,False,,
vuejs/core,309d4ad480f3e117,False,4,314,True,0.0,0.36942675159235666,8,0.0,0.3535031847133758,8,0.0,0.4171974522292994,9,0.0,0.42038216560509556,9,0.0,0.0,False,0.0,False,False,False,0.0,0.0
MaaAssistantArknights/MaaAssistantArknights,480d9e3c30c1a39f,False,3,49,True,0.0,0.9795918367346939,1,0.0,0.9795918367346939,1,0.0,0.9795918367346939,1,0.0,0.9782608695652174,1,1.0,0.0,True,0.0,False,False,False,1.0,1.0
electron/forge,84c82c56bae20e05,False,0,36,True,0.0,1.0,0,0.0,1.0,0,0.0,0.3611111111111111,1,0.0,1.0,0,0.0,0.0,True,0.0,False,False,False,0.0,0.0
electron/forge,8f98be3fb02e3ef4,False,1,116,True,0.0,0.6896551724137931,0,0.0,0.6982758620689655,0,0.0,0.6982758620689655,0,0.0,0.6896551724137931,0,1.0,1.0,True,1.0,False,False,False,0.0,0.0
electron/forge,badcf24d0ea5bbd2,True,1,29,True,1.0,0.3448275862068966,0,1.0,0.3448275862068966,0,1.0,0.3448275862068966,0,0.0,0.5862068965517241,0,1.0,1.0,True,1.0,False,False,False,1.0,0.0
electron/forge,ccbaec3872601d05,False,0,28,True,0.0,0.35714285714285715,2,0.0,0.39285714285714285,0,0.0,0.39285714285714285,0,0.0,0.6428571428571429,2,0.0,0.0,False,1.0,False,False,False,0.0,0.0
electron/forge,b25ad7cb20c2c717,False,0,59,True,1.0,0.5932203389830508,5,1.0,0.5932203389830508,7,1.0,0.5932203389830508,7,1.0,0.4745762711864407,4,1.0,1.0,True,1.0,False,False,False,1.0,1.0
electron/forge,e7a3eb9e63a853fc,False,3,313,True,1.0,0.5431309904153354,6,1.0,0.28434504792332266,5,1.0,0.30670926517571884,6,1.0,0.8070739549839229,6,1.0,1.0,True,1.0,False,False,False,1.0,1.0
electron/forge,43a01a2eda126a27,False,0,84,True,0.0,0.5595238095238095,3,1.0,0.42857142857142855,3,1.0,0.36904761904761907,3,0.0,0.8571428571428571,4,1.0,1.0,True,1.0,False,False,False,0.0,0.0
electron/forge,1439098f025dd714,False,0,120,True,0.0,0.5333333333333333,0,0.0,0.5333333333333333,0,0.0,0.5333333333333333,0,0.0,0.5333333333333333,0,1.0,1.0,True,1.0,False,False,False,0.0,0.0
electron/forge,706470a5f61dcac8,False,0,167,True,0.0,0.40718562874251496,2,0.0,0.40119760479041916,2,0.0,0.40119760479041916,2,0.0,0.5515151515151515,2,0.0,0.0,True,0.0,False,False,False,0.0,0.0
electron/forge,41b3ca2f6e250be8,False,0,28,True,0.0,0.5357142857142857,2,0.0,0.25,2,0.0,0.2857142857142857,2,0.0,0.6785714285714286,3,1.0,1.0,True,1.0,False,False,False,0.0,0.0
electron/forge,2a475e6a33c55f1f,False,0,116,True,0.0,0.8620689655172413,1,0.0,0.8706896551724138,1,0.0,0.8706896551724138,1,0.0,0.9478260869565217,0,0.0,0.0,False,0.0,False,False,False,,
electron/forge,d1d8524b16d69b5d,False,2,446,True,1.0,0.6816143497757847,2,1.0,0.6053811659192825,3,1.0,0.5829596412556054,5,1.0,0.6367713004484304,2,1.0,1.0,True,1.0,False,False,False,1.0,1.0
electron/forge,6a0f39d5ad07b294,False,1,113,True,0.0,0.7522123893805309,1,0.0,0.7964601769911505,1,0.0,0.7964601769911505,1,0.0,0.9557522123893806,2,1.0,0.3333333333333333,True,1.0,False,False,False,0.0,0.0
electron/forge,b1e56d2fee0dfa6e,False,0,75,True,1.0,1.0,0,1.0,1.0,0,1.0,0.72,1,1.0,1.0,0,1.0,1.0,True,1.0,False,False,False,1.0,1.0
electron/forge,c80dbaaaf489c64b,False,0,74,True,0.0,0.6621621621621622,1,0.0,0.6621621621621622,1,0.0,0.6621621621621622,1,0.0,0.6621621621621622,1,1.0,1.0,True,1.0,False,False,False,0.0,0.0
electron/forge,74792a5e1660b104,False,0,92,True,1.0,1.0,0,1.0,1.0,0,1.0,0.5760869565217391,2,1.0,1.0,0,1.0,1.0,True,1.0,False,False,False,1.0,1.0
electron/forge,b57584943435c61a,True,3,488,True,1.0,0.42827868852459017,7,1.0,0.4385245901639344,6,1.0,0.4385245901639344,9,0.0,0.41841004184100417,7,0.0,1.0,True,1.0,False,False,False,1.0,0.0
electron/forge,ac56fd72dae12935,False,1,66,True,1.0,0.6212121212121212,1,1.0,0.6212121212121212,1,1.0,0.6060606060606061,1,1.0,0.6153846153846154,1,1.0,1.0,True,1.0,False,False,False,1.0,1.0
electron/forge,b803fcb7f17ed923,False,0,220,True,1.0,1.0,0,1.0,1.0,0,1.0,0.8909090909090909,0,1.0,1.0,0,1.0,1.0,True,1.0,False,False,False,1.0,1.0
electron/forge,05bb6eaba4899864,False,0,41,True,0.0,0.8780487804878049,0,0.0,0.8780487804878049,0,0.0,0.8780487804878049,0,0.0,0.926829268292683,0,1.0,1.0,True,1.0,False,False,False,0.0,0.0
electron/forge,f27a054d91791977,False,0,10,True,0.0,0.7,0,0.0,0.7,0,0.0,0.7,0,0.0,0.8,0,1.0,1.0,True,1.0,False,False,False,0.0,0.0
jupyterlab/jupyterlab,0c25bfd13f26f55a,False,0,76,True,0.0,0.5,1,0.0,0.5,1,0.0,0.5,1,0.0,0.5342465753424658,1,1.0,1.0,True,1.0,False,False,False,0.0,0.0
jupyterlab/jupyterlab,352916c4cc928b12,False,3,2664,True,0.0,0.24587087087087087,38,0.0,0.24286786786786788,38,0.0,0.2225975975975976,39,0.0,0.24587087087087087,37,0.0,0.0,True,0.0,False,False,False,0.0,0.0
jupyterlab/jupyterlab,d0038cc36a2b83b6,False,0,393,True,0.0,0.8524173027989822,11,0.0,0.8549618320610687,11,0.0,0.8498727735368957,12,0.0,0.8524173027989822,10,0.0,0.0,False,0.0,False,False,False,0.0,0.0
jupyterlab/jupyterlab,ab6be7bde52236b4,False,0,113,True,0.0,0.6637168141592921,6,0.0,0.7256637168141593,6,0.0,0.672566371681416,7,0.0,0.6637168141592921,6,0.0,0.0,False,0.0,False,False,False,0.0,0.0
jupyterlab/jupyterlab,fab3eff9fb15d777,False,0,353,True,0.0,0.48441926345609065,13,0.0,0.49008498583569404,13,0.0,0.5014164305949008,13,0.0,0.48441926345609065,13,0.0,0.0,True,0.0,False,False,False,0.0,0.0
jupyterlab/jupyterlab,ecac33d06fcb7f8d,False,0,377,True,0.0,0.47745358090185674,7,0.0,0.47745358090185674,7,0.0,0.5039787798408488,7,0.0,0.47745358090185674,7,0.0,0.0,False,0.0,False,False,False,0.0,0.0
jupyterlab/jupyterlab,f0c026992fe4bca8,False,0,438,True,0.0,0.3584474885844749,8,0.0,0.271689497716895,10,0.0,0.2557077625570776,10,0.0,0.36009174311926606,8,0.0,0.0,True,0.0,False,False,False,0.0,0.0
jupyterlab/jupyterlab,0ae7a3564dde209d,False,0,77,True,0.0,0.6753246753246753,4,0.0,0.6883116883116883,5,0.0,0.6753246753246753,5,0.0,0.6883116883116883,3,0.0,0.0,False,0.0,False,False,False,0.0,0.0
jupyterlab/jupyterlab,20c5ee6669c0a723,False,0,37,True,0.0,0.8918918918918919,1,0.0,0.8918918918918919,1,0.0,0.8918918918918919,1,0.0,0.9722222222222222,1,0.0,0.0,False,1.0,False,False,False,0.0,0.0
jupyterlab/jupyterlab,6c4ed906488b8886,False,0,78,True,0.0,0.9487179487179487,3,0.0,0.9487179487179487,3,0.0,0.9358974358974359,3,0.0,0.9615384615384616,2,0.0,0.0,False,0.0,False,False,False,0.0,0.0
jupyterlab/jupyterlab,9283aeb197f5f492,False,3,1426,True,0.0,0.24123422159887797,16,0.0,0.25455820476858343,17,0.0,0.22300140252454417,22,0.0,0.24123422159887797,16,0.0,0.0,True,0.0,False,False,False,0.0,0.0
jupyterlab/jupyterlab,a0cb59afe9304009,False,0,99,True,0.0,0.8181818181818182,4,0.0,0.8181818181818182,3,0.0,0.8181818181818182,2,0.0,0.8181818181818182,3,0.0,0.0,False,0.0,False,False,False,0.0,0.0
jupyterlab/jupyterlab,57651a00a1cbcec5,False,0,103,True,0.0,0.883495145631068,4,0.0,0.883495145631068,4,0.0,0.9029126213592233,5,0.0,0.9223300970873787,3,0.0,0.0,False,0.0,False,False,False,0.0,0.0
jupyterlab/jupyterlab,62ca1ab4d2b7d380,False,0,29,True,0.0,0.7586206896551724,1,0.0,0.7586206896551724,1,0.0,0.41379310344827586,2,0.0,0.7931034482758621,0,0.0,0.0,False,0.0,False,False,False,0.0,0.0
baserow/baserow,45c4054157897638,False,1,35,True,0.0,0.5142857142857142,1,0.0,0.5142857142857142,1,0.0,0.5142857142857142,0,0.0,0.5142857142857142,1,0.0,0.0,True,0.0,False,False,False,0.0,0.0
baserow/baserow,4a68f4912019be6f,False,2,622,True,0.0,0.20739549839228297,6,0.0,0.20739549839228297,5,0.0,0.21221864951768488,5,0.0,0.20772946859903382,6,0.0,0.0,True,0.0,False,False,False,0.0,0.0
baserow/baserow,3342d310c5d30c6d,False,1,474,True,0.0,0.41983122362869196,5,0.0,0.4345991561181435,5,0.0,0.4641350210970464,6,0.0,0.41983122362869196,5,0.0,0.0,True,0.0,False,False,False,0.0,0.0
baserow/baserow,bb1720e159fcd471,False,0,225,True,0.0,0.48,2,0.0,0.48,2,0.0,0.49777777777777776,2,0.0,0.48,2,0.0,0.0,True,0.0,False,False,False,0.0,0.0
baserow/baserow,fa34c0dd5432abbd,False,0,189,True,0.0,0.4021164021164021,1,0.0,0.4021164021164021,1,0.0,0.43915343915343913,1,0.0,0.4021164021164021,1,0.0,0.0,False,0.0,False,False,False,0.0,0.0
baserow/baserow,85c67d10ab5fc704,False,0,502,True,0.0,0.2908366533864542,2,0.0,0.2908366533864542,2,0.0,0.2948207171314741,5,0.0,0.2908366533864542,2,0.0,0.0,True,0.0,False,False,False,0.0,0.0
baserow/baserow,e26d2a1d66fb6a78,False,0,15,True,0.0,1.0,0,0.0,1.0,0,0.0,1.0,0,0.0,1.0,0,0.0,0.0,False,0.0,False,False,False,0.0,0.0
baserow/baserow,7dd467179fea2b1a,False,1,877,True,0.0,0.3204104903078677,5,0.0,0.3204104903078677,5,0.0,0.5051311288483467,5,0.0,0.3172966781214204,5,0.0,0.0,True,0.0,False,False,False,0.0,0.0
baserow/baserow,2beccac8f834ea2f,False,1,524,True,0.0,0.45038167938931295,3,0.0,0.45038167938931295,3,0.0,0.7824427480916031,3,0.0,0.45038167938931295,3,0.0,0.0,False,0.0,False,False,False,0.0,0.0
baserow/baserow,004a22eefb1f5487,False,3,1391,True,0.0,0.3299784327821711,7,0.0,0.3191948238677211,7,0.0,0.3076923076923077,8,0.0,0.32661870503597124,7,0.0,0.0,True,0.0,False,False,False,0.0,0.0
baserow/baserow,e72342af42759678,False,0,105,True,0.0,0.41904761904761906,1,0.0,0.41904761904761906,1,0.0,0.4095238095238095,2,0.0,0.41904761904761906,1,0.0,0.0,False,0.0,False,False,False,0.0,0.0
baserow/baserow,887cfa6f4532e5f6,False,1,442,True,0.0,0.5950226244343891,4,0.0,0.5950226244343891,4,0.0,0.5701357466063348,5,0.0,0.5963718820861678,4,0.0,0.0,False,0.0,False,False,False,0.0,0.0
baserow/baserow,85018ffd766255df,False,4,880,True,0.0,0.4068181818181818,7,0.0,0.4034090909090909,7,0.0,0.4,8,0.0,0.4068181818181818,7,0.0,0.0,True,0.0,False,False,False,0.0,0.0
baserow/baserow,aacea3e16f9fecd3,False,0,86,True,0.0,0.47674418604651164,2,0.0,0.47674418604651164,2,0.0,0.47674418604651164,2,0.0,0.47674418604651164,2,0.0,0.0,True,0.0,False,False,False,0.0,0.0
baserow/baserow,b88de16d0d526371,False,2,761,True,0.0,0.39421813403416556,5,0.0,0.39421813403416556,5,0.0,0.4730617608409987,5,0.0,0.391820580474934,5,0.0,0.0,False,0.0,False,False,False,0.0,0.0
baserow/baserow,5983bd7c8ab5373c,False,0,1058,True,0.0,0.4546313799621928,6,0.0,0.45652173913043476,6,0.0,0.5822306238185255,6,0.0,0.4546313799621928,6,0.0,0.0,True,0.0,False,False,False,0.0,0.0
baserow/baserow,d44969aadff8742a,False,1,2115,True,0.0,0.5810874704491725,15,0.0,0.5706855791962175,15,0.0,0.5309692671394799,16,0.0,0.5813623462630085,14,0.0,0.0,True,0.0,False,False,False,0.0,0.0
baserow/baserow,e4975a6bcb8c12a2,False,3,1430,True,0.0,0.42937062937062936,7,0.0,0.4734265734265734,8,0.0,0.5146853146853146,8,0.0,0.42937062937062936,7,0.0,0.0,True,0.0,False,False,False,0.0,0.0
baserow/baserow,ed1397d02fbbc80e,False,0,86,True,0.0,0.6395348837209303,2,0.0,0.6395348837209303,2,0.0,0.7790697674418605,2,0.0,0.6395348837209303,2,0.0,0.0,False,0.0,False,False,False,0.0,0.0
baserow/baserow,ab2e65433887b1d4,False,2,839,True,0.0,0.3814064362336114,4,0.0,0.38259833134684146,4,0.0,0.4398092967818832,5,0.0,0.3694874851013111,5,0.0,0.0,True,0.0,False,False,False,0.0,0.0
borgbackup/borg,82ed574169aa3612,False,6,314,True,1.0,0.6528662420382165,2,1.0,0.6464968152866242,2,1.0,0.60828025477707,2,1.0,0.6384364820846905,2,1.0,1.0,True,1.0,False,False,False,1.0,1.0
borgbackup/borg,d2c44773b517b442,False,6,741,True,1.0,0.5195681511470985,6,1.0,0.4966261808367072,6,1.0,0.49122807017543857,7,1.0,0.44625850340136053,6,1.0,1.0,True,1.0,False,False,False,1.0,1.0
borgbackup/borg,7cc33dce56838fe1,False,6,188,True,1.0,0.9680851063829787,3,1.0,0.9680851063829787,3,1.0,0.8351063829787234,4,1.0,0.967741935483871,3,1.0,1.0,True,1.0,False,False,False,1.0,1.0
borgbackup/borg,2a1d9e4a6bbf5262,False,12,1073,True,0.0,0.8443616029822927,3,0.0,0.8443616029822927,3,0.0,0.7856477166821995,7,0.0,0.7777777777777778,6,0.0,0.0,True,0.0,False,False,False,0.0,0.0
borgbackup/borg,0071495c2f67ea25,True,2,49,True,0.5,0.4897959183673469,1,0.5,0.4897959183673469,1,0.5,0.4897959183673469,1,0.0,0.5306122448979592,1,1.0,1.0,True,1.0,False,False,True,0.5,0.0
borgbackup/borg,a3924ea7a2b768fa,False,2,1260,True,1.0,0.6476190476190476,10,1.0,0.6349206349206349,10,1.0,0.5611111111111111,11,1.0,0.6003184713375797,10,1.0,1.0,True,1.0,False,False,False,1.0,1.0
borgbackup/borg,1edbeb7cc497d347,False,9,174,True,1.0,0.9770114942528736,3,1.0,0.9770114942528736,3,1.0,0.9770114942528736,3,1.0,0.9770114942528736,3,1.0,1.0,True,1.0,False,False,False,1.0,1.0
borgbackup/borg,f1a7575ddf8e10c2,False,6,76,True,1.0,0.5921052631578947,1,1.0,0.5921052631578947,1,1.0,0.35526315789473684,1,1.0,0.5921052631578947,1,1.0,0.5,True,1.0,False,False,False,1.0,1.0
borgbackup/borg,9e6aa0990628a381,False,8,205,True,1.0,0.8341463414634146,3,1.0,0.8341463414634146,3,1.0,0.8146341463414634,4,1.0,0.8146341463414634,4,1.0,1.0,True,1.0,False,False,False,1.0,1.0
borgbackup/borg,85933aa74a2d66c3,False,2,254,True,0.0,0.5905511811023622,1,0.0,0.6771653543307087,1,0.0,0.6811023622047244,1,0.0,0.6972111553784861,3,1.0,1.0,True,1.0,False,False,False,0.0,0.0
borgbackup/borg,59e3b0d071b9369d,False,2,415,True,0.0,0.7566265060240964,3,0.0,0.7734939759036145,3,1.0,0.2963855421686747,5,0.0,0.8329238329238329,3,1.0,1.0,True,1.0,False,False,False,0.0,0.0
borgbackup/borg,104bcbb5da2afcc7,True,2,21,True,1.0,0.5714285714285714,1,1.0,0.5714285714285714,1,1.0,0.5714285714285714,1,0.0,0.55,0,1.0,1.0,True,1.0,False,False,False,1.0,0.0
borgbackup/borg,eacc264570f3a432,True,1,14,True,1.0,0.5714285714285714,0,1.0,0.5714285714285714,0,1.0,0.5714285714285714,0,0.0,0.7142857142857143,0,1.0,1.0,True,1.0,False,False,False,1.0,0.0
borgbackup/borg,f1471af481bc827a,False,2,177,True,1.0,0.8192090395480226,0,1.0,0.8305084745762712,0,1.0,0.768361581920904,3,1.0,0.8192090395480226,0,1.0,1.0,True,1.0,False,False,False,1.0,1.0
borgbackup/borg,f6bfbe19a29b1709,False,30,2372,True,1.0,0.7129005059021922,26,1.0,0.698566610455312,28,1.0,0.6888701517706577,28,1.0,0.6610241218789674,28,1.0,1.0,True,1.0,False,False,False,1.0,1.0
borgbackup/borg,152de8a1a8f9793a,False,2,236,True,0.0,0.5466101694915254,3,0.0,0.5635593220338984,3,0.0,0.6059322033898306,3,0.0,0.6610169491525424,2,1.0,0.5,True,1.0,False,False,False,0.0,0.0
borgbackup/borg,211c558e961fdfc6,False,0,61,True,1.0,0.9836065573770492,1,1.0,0.9836065573770492,1,1.0,0.9836065573770492,1,1.0,0.9833333333333333,1,1.0,1.0,True,1.0,False,False,False,1.0,1.0
borgbackup/borg,37d7d15558b2ed6b,False,1,172,True,1.0,1.0,0,1.0,1.0,0,1.0,1.0,0,1.0,1.0,0,1.0,1.0,True,1.0,False,False,False,1.0,1.0
borgbackup/borg,6fd1b9c692b99897,False,2,214,True,1.0,0.411214953271028,1,1.0,0.411214953271028,1,1.0,0.40654205607476634,1,1.0,0.3584905660377358,1,1.0,1.0,True,1.0,False,False,False,1.0,1.0
borgbackup/borg,89bfc1a67f4e576e,False,1,131,True,1.0,0.8549618320610687,0,1.0,0.8625954198473282,0,1.0,0.7786259541984732,1,1.0,0.8549618320610687,0,1.0,1.0,True,1.0,False,False,False,1.0,1.0
borgbackup/borg,d5eac3ca1cb75869,False,24,1294,True,1.0,0.7573415765069552,17,1.0,0.7573415765069552,17,1.0,0.6205564142194745,25,1.0,0.7375389408099688,19,1.0,1.0,True,1.0,False,False,False,1.0,1.0
borgbackup/borg,ad3d8c5ea304cd9a,False,0,358,True,1.0,0.7849162011173184,2,1.0,0.7932960893854749,2,1.0,0.7653631284916201,2,1.0,0.7703081232492998,2,1.0,1.0,True,1.0,False,False,False,1.0,1.0
borgbackup/borg,f03e26b1664ec4c0,False,2,188,True,1.0,0.6329787234042553,1,1.0,0.6329787234042553,1,1.0,0.5957446808510638,4,1.0,0.6276595744680851,2,1.0,1.0,True,1.0,False,False,False,1.0,1.0
borgbackup/borg,8e5a9c92ac3939e3,False,0,190,True,1.0,0.4789473684210526,2,1.0,0.47368421052631576,2,1.0,0.46842105263157896,2,1.0,0.43315508021390375,2,1.0,1.0,True,1.0,False,False,False,1.0,1.0
biomejs/biome,b38fe6326bfa2171,False,7,640,True,0.0,0.6140625,6,0.0,0.615625,6,0.0,0.6109375,6,0.0,0.615625,6,1.0,1.0,True,1.0,False,False,False,0.0,0.0
biomejs/biome,958adc1fd2e81769,False,1,233,True,1.0,0.871244635193133,9,1.0,0.871244635193133,9,1.0,0.8283261802575107,9,1.0,0.871244635193133,8,0.0,1.0,True,1.0,False,False,False,1.0,1.0
biomejs/biome,67ec0f0132a6657e,False,0,124,True,0.0,0.4032258064516129,6,0.0,0.4032258064516129,6,0.0,0.2903225806451613,8,0.0,0.4032258064516129,5,0.0,0.3333333333333333,True,1.0,False,False,False,0.0,0.0
biomejs/biome,ff46d1a9672f770b,False,2,170,True,0.0,0.6352941176470588,6,0.0,0.6352941176470588,6,0.0,0.6352941176470588,6,0.0,0.6352941176470588,5,0.0,0.5,True,0.0,False,False,False,0.0,0.0
biomejs/biome,1b878304ee9e3d4a,False,1,260,True,1.0,0.9923076923076923,1,1.0,0.9923076923076923,1,1.0,0.6461538461538462,2,1.0,1.0,0,1.0,0.0,False,0.0,False,False,False,1.0,1.0
biomejs/biome,885de0b1101b8529,False,4,317,True,0.0,0.47003154574132494,7,0.0,0.48580441640378547,7,0.0,0.48580441640378547,7,0.0,0.47003154574132494,7,0.0,0.0,True,1.0,False,False,False,0.0,0.0
biomejs/biome,eedd5141d58a0fea,False,0,290,True,0.0,0.5344827586206896,7,0.0,0.5344827586206896,7,0.0,0.5896551724137931,8,0.0,0.5524475524475524,7,0.0,0.0,True,0.0,False,False,False,0.0,0.0
biomejs/biome,d4ae21dddbfab35e,False,0,446,True,0.0,0.3968609865470852,5,0.0,0.4103139013452915,5,0.0,0.4170403587443946,6,0.0,0.3968609865470852,5,0.0,1.0,True,1.0,False,False,False,0.0,0.0
biomejs/biome,fd466804944e70f5,False,1,933,True,0.0,0.39442658092175775,13,0.0,0.4415862808145766,14,0.0,0.4565916398713826,14,0.0,0.3954983922829582,13,0.0,0.25,True,1.0,False,False,False,0.0,0.0
biomejs/biome,756c95a5aa29b91e,False,0,119,True,0.0,0.6134453781512605,1,0.0,0.6470588235294118,1,0.0,0.6470588235294118,2,0.0,0.6134453781512605,1,1.0,1.0,True,1.0,False,False,False,0.0,0.0
biomejs/biome,9f46e905d61a914a,False,1,190,True,0.0,0.37894736842105264,4,0.0,0.39473684210526316,4,0.0,0.3894736842105263,4,0.0,0.37894736842105264,4,0.0,1.0,True,1.0,False,False,False,0.0,0.0
biomejs/biome,acf592a13302f267,False,1,33,True,0.0,0.9696969696969697,1,0.0,0.9696969696969697,1,0.0,0.9696969696969697,1,0.0,1.0,0,0.0,0.0,True,0.0,False,False,False,0.0,0.0
biomejs/biome,0f29a3e9249e8034,False,10,740,True,1.0,0.6121621621621621,11,1.0,0.6810810810810811,11,1.0,0.5972972972972973,11,1.0,0.6175675675675676,11,0.0,1.0,True,1.0,False,False,False,1.0,1.0
biomejs/biome,7d3375e5ace03325,False,1,153,True,0.0,0.8169934640522876,6,0.0,0.8169934640522876,6,0.0,0.8169934640522876,6,0.0,0.8169934640522876,5,1.0,0.0,True,1.0,False,False,False,0.0,0.0
biomejs/biome,45aa0e9ae1e7b476,False,0,100,True,0.0,0.83,3,0.0,0.83,3,0.0,0.83,3,0.0,0.83,2,1.0,1.0,True,1.0,False,False,False,0.0,0.0
apache/airflow,27134babc9fc410f,False,0,272,True,0.0,0.9889705882352942,2,0.0,0.9889705882352942,2,0.0,0.9301470588235294,2,0.0,0.9889705882352942,2,0.0,0.0,True,0.0,False,False,False,0.0,0.0
apache/airflow,271863c95cd9464c,False,0,481,True,0.0,0.8877338877338877,8,0.0,0.9043659043659044,8,0.0,0.8731808731808732,9,0.0,0.9085239085239085,7,0.0,0.0,True,0.0,False,False,False,0.0,0.0
apache/airflow,d4cd3b4cc0b652c7,False,4,130,True,1.0,0.8461538461538461,8,1.0,0.8461538461538461,8,1.0,0.7230769230769231,9,1.0,0.8461538461538461,8,0.0,1.0,True,1.0,False,False,False,1.0,1.0
apache/airflow,c1249dab92dd9a97,False,0,33,True,0.0,0.8484848484848485,0,0.0,0.8484848484848485,0,0.0,0.3939393939393939,1,0.0,0.8484848484848485,0,0.0,0.0,True,0.0,False,False,False,0.0,0.0
apache/airflow,23d13a2c2ca8e41f,False,0,83,True,0.0,0.4819277108433735,5,0.0,0.4939759036144578,5,0.0,0.6506024096385542,6,0.0,0.6707317073170732,6,0.0,0.0,False,0.0,False,False,False,0.0,0.0
apache/airflow,be8ac101e8674234,False,0,252,True,1.0,0.8888888888888888,3,1.0,0.8888888888888888,3,1.0,0.8373015873015873,4,1.0,0.8888888888888888,3,1.0,0.0,True,1.0,False,False,False,1.0,1.0
apache/airflow,2ca130e4644a3e61,False,0,331,True,0.0,0.7734138972809668,6,0.0,0.7613293051359517,6,0.0,0.7462235649546828,8,0.0,0.8454545454545455,7,0.0,0.0,True,0.0,False,False,False,0.0,0.0
apache/airflow,cfed5937bd04eb78,False,3,295,True,0.0,0.47796610169491527,4,0.0,0.46779661016949153,4,0.0,0.49491525423728816,7,0.0,0.511864406779661,4,0.0,0.0,True,0.0,False,False,False,0.0,0.0
apache/airflow,8253f751f1b84e90,False,7,425,True,1.0,0.9317647058823529,4,1.0,0.9317647058823529,4,1.0,0.8894117647058823,7,1.0,0.9811320754716981,3,0.0,1.0,True,1.0,False,False,False,1.0,1.0
apache/airflow,47564ec2c8d42151,False,6,975,True,1.0,0.7517948717948718,15,1.0,0.7528205128205128,15,1.0,0.7589743589743589,19,1.0,0.7584789311408017,14,0.0,1.0,True,1.0,False,False,False,1.0,1.0
apache/airflow,b832a112f499071b,False,3,69,True,1.0,0.9855072463768116,1,1.0,0.9855072463768116,1,1.0,0.7536231884057971,2,1.0,0.9855072463768116,1,0.0,0.5,True,1.0,False,False,False,1.0,1.0
apache/airflow,c6f469502ccc758f,False,12,1480,True,1.0,0.8810810810810811,16,1.0,0.8918918918918919,16,1.0,0.8925675675675676,19,1.0,0.8824324324324324,15,0.0,1.0,True,1.0,False,False,False,1.0,1.0
apache/airflow,9a1373e3dbd1a2b8,False,0,56,True,1.0,0.7142857142857143,2,1.0,0.7142857142857143,2,1.0,0.42857142857142855,2,1.0,0.7222222222222222,1,0.0,0.0,True,1.0,False,False,False,1.0,1.0
apache/airflow,3bcab0322d5b0fa0,False,0,251,True,0.0,0.7888446215139442,3,0.0,0.8127490039840638,4,0.0,0.749003984063745,5,0.0,0.8911290322580645,3,0.0,0.0,True,0.0,False,False,False,0.0,0.0
apache/airflow,54ea68b5e1e61ac0,False,19,4099,True,1.0,0.6867528665528178,18,1.0,0.6857770187850696,18,1.0,0.7392046840692852,24,1.0,0.6888726207906296,17,0.0,1.0,True,1.0,False,False,False,1.0,1.0
apache/airflow,72198fb834112500,False,2,259,True,0.0,0.4671814671814672,7,0.0,0.5057915057915058,7,0.0,0.3861003861003861,7,0.0,0.490272373540856,6,0.0,0.0,True,0.0,False,False,False,0.0,0.0
apache/airflow,51a21e08ce6723c6,False,2,38,True,1.0,0.5789473684210527,0,1.0,0.5789473684210527,0,1.0,1.0,0,1.0,0.5675675675675675,0,1.0,1.0,True,1.0,False,False,False,1.0,1.0
portainer/portainer,f5a02aaa9d9732b9,True,0,40,True,0.0,0.65,1,0.0,0.575,1,0.0,0.6,2,0.0,0.6,2,0.0,0.0,False,0.0,False,False,False,0.0,0.0
portainer/portainer,cc3718e61dcde3d9,False,0,69,True,0.0,0.36231884057971014,1,0.0,0.4057971014492754,0,0.0,0.4057971014492754,0,0.0,0.463768115942029,1,0.0,0.0,False,0.0,False,False,False,0.0,0.0
portainer/portainer,3a969300beeab90e,False,0,75,True,0.0,0.5733333333333334,1,1.0,0.96,1,1.0,0.96,1,0.0,0.5866666666666667,1,0.0,0.0,False,0.0,False,False,False,0.0,0.0
portainer/portainer,25676ed66a2afa81,False,0,811,True,0.0,0.5844636251541308,2,0.0,0.6029593094944513,2,0.0,0.6078914919852034,2,0.0,0.5992601726263872,2,0.0,0.0,True,0.0,False,False,False,0.0,0.0
portainer/portainer,4eab7c5da2bcec67,False,0,16,True,0.0,0.9375,0,0.0,0.75,0,0.0,0.75,0,0.0,1.0,0,1.0,0.0,False,0.0,False,False,False,0.0,0.0
portainer/portainer,cdfc7a6bdf46ec5d,False,0,64,True,1.0,0.65625,0,1.0,0.65625,0,1.0,0.65625,0,1.0,0.65625,0,1.0,0.0,False,0.0,False,False,False,1.0,1.0
portainer/portainer,b86b1758587593b5,False,3,316,True,0.0,0.41455696202531644,4,0.0,0.310126582278481,4,0.0,0.28164556962025317,4,0.0,0.41455696202531644,5,0.0,0.0,True,0.0,False,False,False,0.0,0.0
portainer/portainer,37c46ad204a96183,False,1,303,True,1.0,0.7953795379537953,11,1.0,0.32673267326732675,12,1.0,0.32673267326732675,13,1.0,0.3153846153846154,10,0.0,0.0,True,0.0,False,False,False,1.0,1.0
portainer/portainer,60cb46e7852d93bf,False,0,18,True,1.0,0.7222222222222222,0,1.0,0.7222222222222222,0,1.0,0.7222222222222222,0,1.0,0.7777777777777778,0,0.0,0.0,False,0.0,False,False,False,1.0,1.0
bitwarden/server,ab20c325d7540fca,True,1,235,True,1.0,0.7702127659574468,3,0.0,0.8085106382978723,6,0.0,0.8127659574468085,6,0.0,0.8109452736318408,5,1.0,0.5,True,0.0,False,False,False,1.0,0.0
bitwarden/server,2e2a57bda4887d81,True,0,32,True,1.0,0.59375,0,0.0,0.78125,1,0.0,0.78125,1,0.0,0.8333333333333334,1,0.0,0.0,True,0.0,False,False,False,1.0,0.0
bitwarden/server,83e54fcf7d39e157,False,0,181,True,0.0,0.5303867403314917,4,0.0,0.5303867403314917,5,0.0,0.43646408839779005,6,0.0,0.5393258426966292,5,0.0,0.3333333333333333,True,0.0,False,False,False,0.0,0.0
bitwarden/server,9db7d33ecb105776,True,0,20,True,1.0,0.55,0,0.0,0.75,0,0.0,0.45,0,0.0,0.8888888888888888,0,0.0,0.0,False,0.0,False,False,False,1.0,0.0
bitwarden/server,48ac80e6c31bf4d5,False,1,97,True,0.0,0.4639175257731959,3,0.0,0.4639175257731959,3,0.0,0.5773195876288659,5,0.0,0.46875,4,0.0,0.0,True,0.0,False,False,False,0.0,0.0
bitwarden/server,bf97c879c438913f,False,1,35,True,0.0,0.5142857142857142,2,0.0,0.5142857142857142,2,0.0,0.5142857142857142,2,0.0,0.5294117647058824,2,0.0,0.0,True,0.0,False,False,False,0.0,0.0
bitwarden/server,b724cf6ab8c08c42,True,0,12,True,0.0,0.75,0,0.0,0.5833333333333334,0,0.0,0.5833333333333334,0,0.0,0.5454545454545454,0,0.0,0.0,False,0.0,False,False,False,0.0,0.0
bitwarden/server,af1ccfbe29b77a0d,True,0,115,True,0.0,0.8782608695652174,2,0.0,0.8,4,0.0,0.8,4,0.0,0.8085106382978723,5,0.0,0.0,True,0.0,False,False,False,0.0,0.0
bitwarden/server,1b67e66477d37f8c,True,0,51,True,0.0,0.8431372549019608,0,0.0,0.9019607843137255,0,0.0,0.9019607843137255,0,0.0,0.9047619047619048,0,0.0,0.0,True,0.0,False,False,False,0.0,0.0
bitwarden/server,aa71cec7cbcec62b,False,0,383,True,1.0,0.5718015665796344,5,1.0,0.5718015665796344,6,1.0,0.5013054830287206,6,1.0,0.6083333333333333,6,1.0,1.0,True,0.0,False,False,False,1.0,1.0
frappe/erpnext,37381add523d6eae,True,18,1611,True,0.0,0.33271260086902543,41,0.0,0.28988206083178153,43,0.0,0.2911235257603973,43,0.0,0.24561403508771928,42,0.0,0.0,True,0.0,False,False,False,0.0,0.0
frappe/erpnext,50d03caa2d9f9c74,False,5,312,True,0.0,0.4326923076923077,5,0.0,0.4807692307692308,6,0.0,0.4807692307692308,6,0.0,0.5148514851485149,4,0.0,0.0,True,0.0,False,False,False,0.0,0.0
frappe/erpnext,500f5c4284d079a5,True,3,174,True,0.0,0.3390804597701149,8,0.0,0.3333333333333333,8,0.0,0.41379310344827586,7,0.0,0.3411764705882353,7,0.0,0.0,True,0.0,False,False,False,0.0,0.0
frappe/erpnext,81899b0d5fc96dc1,False,0,120,True,0.0,0.5583333333333333,0,0.0,0.5833333333333334,0,0.0,0.6666666666666666,0,0.0,0.8583333333333333,0,0.0,0.0,True,0.0,False,False,False,0.0,0.0
frappe/erpnext,6a38cec49763b8a2,False,0,9,True,0.0,0.5555555555555556,0,0.0,0.5555555555555556,0,0.0,0.5555555555555556,0,0.0,0.625,0,0.0,0.0,True,0.0,False,False,False,0.0,0.0
frappe/erpnext,b52b392a579c91bd,False,1,334,True,0.0,0.5089820359281437,3,0.0,0.5508982035928144,3,0.0,0.562874251497006,5,0.0,0.7724550898203593,3,0.0,1.0,True,0.0,False,False,False,0.0,0.0
frappe/erpnext,3e7e128b9f453543,False,2,45,True,0.0,0.37777777777777777,8,0.0,0.37777777777777777,7,0.0,0.37777777777777777,7,0.0,0.375,4,0.0,0.0,False,0.0,False,False,False,0.0,0.0
frappe/erpnext,93310a692ccd170b,False,2,68,True,0.0,0.4852941176470588,1,0.0,0.6323529411764706,0,0.0,0.4411764705882353,1,0.0,0.8235294117647058,0,0.0,0.0,False,0.0,False,False,False,0.0,0.0
frappe/erpnext,340f7502267c7fc6,True,0,30,True,0.0,0.4666666666666667,0,0.0,0.6666666666666666,0,0.0,0.6666666666666666,0,0.0,0.9230769230769231,0,0.0,0.0,True,0.0,False,False,False,0.0,0.0
frappe/erpnext,d75d87b7f0ad6efa,False,0,205,True,0.0,0.2780487804878049,3,0.0,0.2975609756097561,2,0.0,0.3073170731707317,4,0.0,0.3316582914572864,1,1.0,1.0,True,0.0,False,False,False,0.0,0.0
frappe/erpnext,cb1b2a81d152e984,True,20,848,True,0.0,0.4363207547169811,12,0.0,0.33962264150943394,12,0.0,0.33372641509433965,14,0.0,0.26460071513706795,10,0.0,0.0,True,0.0,False,False,False,0.0,0.0
frappe/erpnext,59f193de64bc753c,True,13,287,True,0.0,0.27177700348432055,13,0.0,0.2682926829268293,13,0.0,0.2682926829268293,13,0.0,0.18411552346570398,11,0.0,0.0,True,0.0,False,False,False,0.0,0.0
frappe/erpnext,b2978d911bfc97fa,False,7,1666,True,0.0,0.4885954381752701,10,0.0,0.4765906362545018,10,0.0,0.4921968787515006,13,0.0,0.31388206388206386,10,0.0,0.0,True,0.0,False,False,False,0.0,0.0
paramiko/paramiko,2cb6ae112eecc233,False,0,160,True,0.0,0.5375,3,0.0,0.5375,3,0.0,0.44375,4,0.0,0.5875,3,1.0,0.0,False,1.0,False,False,False,0.0,0.0
paramiko/paramiko,3cbcbddce6aaea42,False,0,154,True,0.0,0.6168831168831169,4,0.0,0.6233766233766234,4,0.0,0.5194805194805194,5,0.0,0.7402597402597403,4,1.0,0.0,False,1.0,False,False,False,0.0,0.0
paramiko/paramiko,2021114857edecda,False,0,250,True,1.0,0.508,5,1.0,0.516,5,1.0,0.516,5,1.0,0.5284552845528455,5,1.0,0.0,False,1.0,False,False,False,1.0,1.0
paramiko/paramiko,e52e4ddd58b7ef88,False,0,168,True,1.0,0.9702380952380952,1,1.0,0.9761904761904762,1,1.0,0.9583333333333334,2,1.0,1.0,0,1.0,1.0,True,1.0,False,False,False,1.0,1.0
paramiko/paramiko,d5eaadd3675f70d2,False,0,155,True,0.0,0.5806451612903226,6,0.0,0.6,6,0.0,0.6,6,0.0,0.6645161290322581,6,1.0,0.0,False,1.0,False,False,False,0.0,0.0
paramiko/paramiko,ff9bd4ae3990bf32,False,0,225,True,0.0,0.38222222222222224,1,0.0,0.39555555555555555,1,0.0,0.40444444444444444,1,0.0,0.4663677130044843,1,1.0,0.0,False,1.0,False,False,False,0.0,0.0
paramiko/paramiko,6ff887a65aabad36,False,1,605,True,1.0,0.4231404958677686,9,1.0,0.4214876033057851,9,1.0,0.41818181818181815,7,1.0,0.4735099337748344,8,1.0,1.0,True,1.0,False,False,False,1.0,1.0
paramiko/paramiko,beeef3198e4e0c45,False,0,889,True,1.0,0.43194600674915634,29,1.0,0.4341957255343082,30,1.0,0.39595050618672667,31,1.0,0.5005675368898979,30,1.0,1.0,True,1.0,False,False,False,1.0,1.0
paramiko/paramiko,5937726caa140bb7,False,0,227,True,0.0,0.31718061674008813,8,0.0,0.33480176211453744,8,0.0,0.33480176211453744,8,0.0,0.32599118942731276,8,1.0,0.0,False,1.0,False,False,False,0.0,0.0
paramiko/paramiko,ae4161bef59d0219,False,0,772,True,0.0,0.5621761658031088,2,0.0,0.582901554404145,3,0.0,0.7072538860103627,4,0.0,0.62890625,3,1.0,1.0,True,1.0,False,False,False,0.0,0.0
paramiko/paramiko,ba217426c4b7bf71,False,0,1092,True,1.0,0.3415750915750916,11,1.0,0.3415750915750916,11,1.0,0.33882783882783885,12,1.0,0.4009216589861751,12,1.0,0.0,False,1.0,False,False,False,1.0,1.0
paramiko/paramiko,e4c3f1d7e005cbed,False,0,339,True,0.0,0.26548672566371684,12,0.0,0.26843657817109146,12,0.0,0.22713864306784662,13,0.0,0.27380952380952384,13,1.0,0.0,False,1.0,False,False,False,0.0,0.0
paramiko/paramiko,5af8e7cab4b95ee0,False,0,384,True,0.0,0.3671875,11,0.0,0.4348958333333333,15,0.0,0.5416666666666666,16,0.0,0.37597911227154046,11,1.0,1.0,True,1.0,False,False,False,0.0,0.0
zeromq/libzmq,152d5d491bb86493,True,0,555,True,0.0,0.29009009009009007,15,0.0,0.34054054054054056,14,0.0,0.33513513513513515,14,0.0,0.44684684684684683,17,0.0,0.0,False,0.0,False,False,False,0.0,0.0
zeromq/libzmq,56e2b1c39ae5e6e0,False,0,218,True,0.0,0.2706422018348624,9,0.0,0.2706422018348624,9,0.0,0.25688073394495414,12,0.0,0.2706422018348624,9,0.0,0.0,False,0.0,False,False,False,0.0,0.0
redpanda-data/redpanda,81fd350d86c8eb04,False,0,324,True,1.0,0.7006172839506173,6,1.0,0.7037037037037037,6,1.0,0.6975308641975309,8,1.0,0.7037037037037037,5,0.0,0.3333333333333333,True,0.0,False,False,False,1.0,1.0
redpanda-data/redpanda,8c821c8bd9ae4023,False,0,58,True,0.0,0.7931034482758621,2,0.0,0.8620689655172413,3,0.0,0.8793103448275862,3,0.0,0.9310344827586207,3,0.0,0.0,True,0.0,False,False,False,0.0,0.0
redpanda-data/redpanda,99e1a8be845600fb,False,0,305,True,0.0,0.4852459016393443,5,0.0,0.4852459016393443,5,0.0,0.6295081967213115,6,0.0,0.4885245901639344,4,0.0,0.5,True,0.0,False,False,False,0.0,0.0
redpanda-data/redpanda,dc44b113bd701394,False,0,611,True,0.0,0.41898527004909986,8,0.0,0.40589198036006546,8,0.0,0.3895253682487725,10,0.0,0.41898527004909986,8,0.0,0.0,True,0.0,False,False,False,0.0,0.0
redpanda-data/redpanda,297fa04f6753c070,False,0,428,True,1.0,0.9649532710280374,1,1.0,0.985981308411215,1,1.0,0.985981308411215,1,1.0,1.0,0,1.0,1.0,True,0.0,False,False,False,1.0,1.0
redpanda-data/redpanda,38b6840c4416d749,False,0,180,True,0.0,0.5777777777777777,7,0.0,0.5444444444444444,8,0.0,0.5388888888888889,8,0.0,0.5833333333333334,6,0.0,0.0,True,0.0,False,False,False,0.0,0.0
redpanda-data/redpanda,17296540d110ef4d,False,0,219,True,0.0,0.9178082191780822,1,0.0,0.9634703196347032,2,0.0,0.8767123287671232,4,0.0,0.9908675799086758,1,0.0,0.0,True,0.0,False,False,False,0.0,0.0
redpanda-data/redpanda,f69d0b72485f81f5,False,0,673,True,0.0,0.9435364041604755,2,0.0,0.9583952451708767,2,0.0,0.9762258543833581,2,0.0,0.9583952451708767,2,1.0,0.5,True,0.0,False,False,False,0.0,0.0
redpanda-data/redpanda,8791c7a8023aeb8b,False,0,887,True,0.0,0.5005636978579482,16,0.0,0.5310033821871477,17,0.0,0.5422773393461104,16,0.0,0.5062006764374295,15,0.0,0.0,True,0.0,False,False,False,0.0,0.0
redpanda-data/redpanda,2526100bdb158053,False,1,439,True,0.0,0.2938496583143508,19,0.0,0.1662870159453303,21,0.0,0.17995444191343962,20,0.0,0.2938496583143508,17,1.0,1.0,True,0.0,False,False,False,0.0,0.0
redpanda-data/redpanda,01886c33d71d07ce,False,1,1550,True,0.0,0.20516129032258065,20,0.0,0.20774193548387096,20,0.0,0.2129032258064516,20,0.0,0.2064516129032258,20,0.0,0.0,True,0.0,False,False,False,0.0,0.0
redpanda-data/redpanda,5590a3ba8ba7b2f2,False,0,270,True,0.0,0.8444444444444444,3,0.0,0.8555555555555555,3,0.0,0.8629629629629629,3,0.0,0.8444444444444444,2,1.0,1.0,True,0.0,False,False,False,0.0,0.0
redpanda-data/redpanda,2d491f0b635d3c94,False,0,317,True,0.0,0.9968454258675079,1,0.0,0.9968454258675079,1,0.0,0.9968454258675079,1,0.0,0.9968454258675079,1,0.0,0.0,False,0.0,False,False,False,0.0,0.0
redpanda-data/redpanda,3db62d43264e42ba,False,0,98,True,0.0,1.0,0,0.0,1.0,0,0.0,1.0,0,0.0,1.0,0,0.0,0.0,True,0.0,False,False,False,0.0,0.0
redpanda-data/redpanda,a1ebe2833f11214f,False,0,247,True,0.0,0.7004048582995951,5,0.0,0.728744939271255,5,0.0,0.7044534412955465,7,0.0,0.7449392712550608,4,0.0,0.0,True,0.0,False,False,False,0.0,0.0
redpanda-data/redpanda,aed2609be9c1e2fc,False,0,688,True,0.0,0.5479651162790697,10,0.0,0.5712209302325582,11,0.0,0.4418604651162791,13,0.0,0.5479651162790697,10,0.0,0.0,True,0.0,False,False,False,0.0,0.0
redpanda-data/redpanda,e9cf3f3c8c423bc5,False,0,78,True,0.0,0.6153846153846154,4,0.0,0.6153846153846154,4,0.0,0.5128205128205128,4,0.0,0.6153846153846154,3,0.0,0.0,True,0.0,False,False,False,0.0,0.0
redpanda-data/redpanda,aa5c3a97068e738d,False,0,112,True,0.0,0.8482142857142857,1,0.0,0.8482142857142857,1,0.0,0.8482142857142857,1,0.0,0.8660714285714286,0,0.0,0.0,False,0.0,False,False,False,0.0,0.0
redpanda-data/redpanda,18cf1f0b618cc8cf,False,1,501,True,0.0,0.2774451097804391,11,0.0,0.3213572854291417,11,0.0,0.3333333333333333,11,0.0,0.2774451097804391,11,0.0,1.0,True,0.0,False,False,False,0.0,0.0
redpanda-data/redpanda,bdb0a3eed4bd52cd,False,0,299,True,0.0,0.5418060200668896,5,0.0,0.5451505016722408,6,0.0,0.6722408026755853,7,0.0,0.5418060200668896,6,0.0,0.0,True,0.0,False,False,False,0.0,0.0
redpanda-data/redpanda,dd5c383687443575,False,0,112,True,1.0,0.7321428571428571,2,1.0,0.7321428571428571,2,1.0,0.7946428571428571,2,1.0,0.7321428571428571,2,0.0,0.0,True,0.0,False,False,False,1.0,1.0
redpanda-data/redpanda,71f594f408df4657,False,0,1096,True,0.0,0.9197080291970803,2,0.0,0.9507299270072993,3,0.0,0.9525547445255474,3,0.0,0.9616788321167883,3,0.0,0.0,True,0.0,False,False,False,0.0,0.0
home-assistant/core,e40383805eb41a1a,False,1,374,True,0.0,0.46524064171123,5,0.0,0.48663101604278075,5,0.0,0.49732620320855614,5,0.0,0.5294117647058824,5,0.0,0.0,True,0.0,False,False,False,0.0,0.0
home-assistant/core,39918ea4cd4670ea,False,0,311,True,1.0,0.797427652733119,2,1.0,0.797427652733119,2,1.0,0.729903536977492,2,1.0,0.8778135048231511,2,1.0,0.5,True,0.0,False,False,False,1.0,1.0
home-assistant/core,bacf66ba5884020e,False,0,232,True,0.0,0.3879310344827586,19,0.0,0.34913793103448276,20,0.0,0.3275862068965517,20,0.0,0.3930131004366812,18,0.0,0.0,True,0.0,False,False,False,0.0,0.0
home-assistant/core,65d98854aab95670,False,0,96,True,0.0,0.40625,5,0.0,0.46875,5,0.0,0.5,6,0.0,0.40625,5,0.0,0.0,True,1.0,False,False,False,0.0,0.0
home-assistant/core,9a4038f4ae184dca,False,0,279,True,0.0,0.6989247311827957,6,0.0,0.45161290322580644,6,0.0,0.44802867383512546,9,0.0,0.6881720430107527,6,0.0,0.0,True,1.0,False,False,False,0.0,0.0
home-assistant/core,ec6823f114b099e7,True,0,179,True,0.0,0.29608938547486036,7,0.0,0.29608938547486036,7,0.0,0.29608938547486036,8,0.0,0.3595505617977528,7,0.0,0.0,True,0.0,False,False,False,0.0,0.0
home-assistant/core,9b625ada9418c136,False,1,175,True,0.0,0.4057142857142857,1,0.0,0.41714285714285715,1,0.0,0.44571428571428573,1,0.0,0.4057142857142857,1,1.0,1.0,True,1.0,False,False,False,0.0,0.0
home-assistant/core,366177ea21ec4f94,False,0,83,True,0.0,0.9879518072289156,1,0.0,0.9879518072289156,1,0.0,0.963855421686747,3,0.0,1.0,0,0.0,0.0,False,1.0,False,False,False,0.0,0.0
home-assistant/core,d31c7372d488cdd4,False,0,134,True,0.0,0.29850746268656714,8,0.0,0.29850746268656714,8,0.0,0.30597014925373134,9,0.0,0.29850746268656714,8,1.0,1.0,True,1.0,False,False,False,0.0,0.0
home-assistant/core,cfee868914f425bb,False,1,210,True,0.0,0.6523809523809524,10,0.0,0.638095238095238,9,0.0,0.6333333333333333,9,0.0,0.6555023923444976,9,0.0,0.0,True,0.0,False,False,False,0.0,0.0
home-assistant/core,2c3b808e1a610ae1,False,1,109,True,0.0,0.41284403669724773,5,0.0,0.41284403669724773,5,0.0,0.41284403669724773,5,0.0,0.41284403669724773,4,0.0,0.0,True,0.0,False,False,False,0.0,0.0
home-assistant/core,500ff1afb8dd9c49,False,0,550,True,0.0,0.42727272727272725,25,0.0,0.38545454545454544,26,0.0,0.3381818181818182,28,0.0,0.43040293040293043,25,0.0,0.0,True,0.0,False,False,False,0.0,0.0
home-assistant/core,d582f676704561cd,False,0,121,True,0.0,0.4297520661157025,11,0.0,0.4297520661157025,11,0.0,0.4380165289256198,11,0.0,0.4462809917355372,11,0.0,0.0,True,1.0,False,False,False,0.0,0.0
home-assistant/core,5bfe829be849eb05,True,0,193,True,1.0,0.2694300518134715,12,1.0,0.26424870466321243,12,1.0,0.25906735751295334,13,0.0,0.2849740932642487,12,1.0,0.5,True,1.0,False,False,False,1.0,0.0
home-assistant/core,10d80fd4aab300a8,False,1,667,True,0.0,0.7406296851574213,0,0.0,0.8140929535232384,1,0.0,0.8050974512743628,4,0.0,0.8335854765506808,0,0.0,0.0,True,0.0,False,False,False,0.0,0.0
home-assistant/core,83dea7ff68056797,False,0,260,True,0.0,0.8576923076923076,5,0.0,0.85,5,0.0,0.7423076923076923,7,0.0,0.8576923076923076,5,0.0,0.0,True,0.0,False,False,False,0.0,0.0
home-assistant/core,834bd97afd93d253,False,0,281,True,0.0,0.7508896797153025,7,0.0,0.7259786476868327,6,0.0,0.7117437722419929,6,0.0,0.7562724014336918,6,0.0,0.0,True,1.0,False,False,False,0.0,0.0
home-assistant/core,6b532ff83525821a,False,0,119,True,0.0,0.5210084033613446,3,0.0,0.6134453781512605,4,0.0,0.6218487394957983,5,0.0,0.7043478260869566,3,0.0,0.0,True,0.0,False,False,False,0.0,0.0
home-assistant/core,cbd8c9f710fc6a38,False,1,1649,True,0.0,0.44633110976349305,6,0.0,0.44511825348696177,6,0.0,0.23832625833838691,6,0.0,0.451316595223515,9,1.0,1.0,True,1.0,False,False,False,0.0,0.0
home-assistant/core,c7d9706e7d394a54,False,1,1771,True,0.0,0.44212309429700736,22,0.0,0.4364765669113495,21,0.0,0.4212309429700734,24,0.0,0.44212309429700736,24,1.0,0.0,True,0.0,False,False,False,0.0,0.0
home-assistant/core,ef4347cb62950ab8,False,1,169,True,0.0,0.5562130177514792,6,0.0,0.5562130177514792,6,0.0,0.5443786982248521,6,0.0,0.5595238095238095,5,0.0,0.0,True,1.0,False,False,False,0.0,0.0
apache/maven,35fe9d0bbf0b6a50,False,1,395,True,0.0,0.2607594936708861,10,0.0,0.2607594936708861,10,0.0,0.30632911392405066,14,0.0,0.20153061224489796,10,1.0,0.0,True,0.0,False,False,False,1.0,1.0
apache/maven,317b8d2e1fd80398,False,1,108,True,1.0,0.7777777777777778,1,1.0,0.8518518518518519,0,1.0,0.7037037037037037,4,1.0,0.7777777777777778,1,1.0,0.0,True,1.0,False,False,False,1.0,1.0
apache/maven,30f906e762f33973,False,1,113,True,1.0,0.831858407079646,1,1.0,0.9292035398230089,2,1.0,0.6637168141592921,7,1.0,0.831858407079646,1,1.0,0.0,True,1.0,False,False,False,1.0,1.0
emscripten-core/emscripten,2963d75b4d65463f,False,7,1783,True,0.0,0.35389792484576554,8,0.0,0.3482893998878295,8,0.0,0.34380257992148067,9,0.0,0.35409652076318743,8,1.0,1.0,True,1.0,False,False,False,0.0,0.0
emscripten-core/emscripten,04a3e8efd9d8047e,False,0,438,True,0.0,0.5776255707762558,4,0.0,0.5662100456621004,4,0.0,0.4634703196347032,4,0.0,0.5776255707762558,4,0.0,0.0,True,0.0,False,False,False,0.0,0.0
emscripten-core/emscripten,73ab65808e3030c7,False,0,245,True,0.0,0.6938775510204082,2,0.0,0.6775510204081633,2,0.0,0.636734693877551,5,0.0,0.6938775510204082,2,0.0,0.0,False,0.0,False,False,False,0.0,0.0
emscripten-core/emscripten,42294290097bf943,False,0,543,True,0.0,0.8342541436464088,0,0.0,0.8287292817679558,0,0.0,0.8324125230202578,0,0.0,0.8342541436464088,0,0.0,0.0,True,0.0,False,False,False,0.0,0.0
emscripten-core/emscripten,4f17b70f0c608229,False,3,1264,True,0.0,0.36550632911392406,23,0.0,0.4620253164556962,22,0.0,0.47151898734177217,22,0.0,0.5693548387096774,24,0.0,0.0,True,0.0,False,False,False,0.0,0.0
emscripten-core/emscripten,598d3a6c1ecc0665,False,0,314,True,0.0,0.8407643312101911,2,0.0,0.8407643312101911,2,0.0,0.8471337579617835,2,0.0,0.8407643312101911,1,0.0,0.0,True,0.0,False,False,False,0.0,0.0
emscripten-core/emscripten,822a9a2a182867bb,True,0,855,True,0.0,0.6163742690058479,7,0.0,0.7883040935672515,8,0.0,0.8,8,0.0,0.7265100671140939,6,0.0,0.0,False,1.0,False,False,False,0.0,0.0
emscripten-core/emscripten,bcf4e5db7b9154b3,False,1,200,True,0.0,0.385,4,0.0,0.385,4,0.0,0.365,4,0.0,0.39,3,0.0,0.0,True,0.0,False,False,False,0.0,0.0
emscripten-core/emscripten,a4d0f5b7399c8f2c,True,3,850,True,0.0,0.4976470588235294,19,0.0,0.2964705882352941,20,0.0,0.2858823529411765,20,0.0,0.34806629834254144,21,1.0,1.0,True,0.0,False,False,False,0.0,0.0
emscripten-core/emscripten,e874b8e3fe2a7d01,False,0,418,True,0.0,0.8564593301435407,4,0.0,0.861244019138756,4,0.0,0.8516746411483254,5,0.0,0.8564593301435407,3,0.0,0.0,False,0.0,False,False,False,0.0,0.0
emscripten-core/emscripten,faaab610d1a4c3c3,True,2,2060,True,0.0,0.7572815533980582,17,0.0,0.34514563106796114,23,0.0,0.3655339805825243,24,0.0,0.35294117647058826,27,1.0,1.0,True,0.0,False,False,False,0.0,0.0
emscripten-core/emscripten,f6802b0878404027,False,0,348,True,0.0,0.3706896551724138,2,0.0,0.3706896551724138,2,0.0,0.3706896551724138,3,0.0,0.3649425287356322,2,0.0,0.0,True,0.0,False,False,False,0.0,0.0
withastro/starlight,293232950b38496d,False,0,395,True,0.0,0.4607594936708861,4,0.0,0.46835443037974683,4,0.0,0.4708860759493671,4,0.0,0.467005076142132,3,0.0,0.0,False,1.0,False,False,False,0.0,0.0
withastro/starlight,cd6ed97f3086ddb7,False,1,548,True,1.0,0.3777372262773723,3,1.0,0.4562043795620438,3,1.0,0.4397810218978102,3,1.0,0.46715328467153283,4,0.0,1.0,True,1.0,False,False,False,1.0,1.0
withastro/starlight,f8c7ce44fd7e6567,False,0,49,True,1.0,0.4897959183673469,2,1.0,0.40816326530612246,0,1.0,0.3877551020408163,0,1.0,0.4897959183673469,1,1.0,1.0,True,1.0,False,False,False,1.0,1.0
withastro/starlight,ee58eb4e8df4c09e,False,0,32,True,0.0,0.5,0,0.0,0.6875,0,0.0,0.6875,0,0.0,0.6875,0,1.0,1.0,True,1.0,False,False,False,0.0,0.0
withastro/starlight,a4ddedcdd72d2919,False,0,113,True,0.0,1.0,0,0.0,1.0,0,0.0,1.0,0,0.0,1.0,0,0.0,0.0,True,1.0,False,False,False,0.0,0.0
withastro/starlight,c95145a18001260b,False,0,49,True,1.0,0.8163265306122449,0,1.0,0.673469387755102,1,1.0,0.673469387755102,1,1.0,0.8163265306122449,0,1.0,0.5,True,1.0,False,False,False,1.0,1.0
withastro/starlight,b5701ab211d9be29,False,0,26,True,0.0,1.0,0,0.0,1.0,0,0.0,1.0,0,0.0,1.0,0,0.0,0.0,True,1.0,False,False,False,0.0,0.0
withastro/starlight,efab6a5fc99b8504,True,1,107,True,0.0,0.4205607476635514,2,0.0,0.794392523364486,2,0.0,0.794392523364486,2,0.0,0.4897959183673469,3,1.0,0.25,True,1.0,False,False,False,0.0,0.0
withastro/starlight,98a8a4ef1c460c17,False,0,30,True,0.0,0.6333333333333333,3,0.0,0.6666666666666666,2,0.0,0.6666666666666666,2,0.0,0.6666666666666666,2,0.0,0.0,True,1.0,False,False,False,0.0,0.0
withastro/starlight,9c1058234fd8126f,False,0,68,True,1.0,0.7058823529411765,0,0.0,0.8970588235294118,1,0.0,0.8970588235294118,1,1.0,0.7058823529411765,0,1.0,1.0,True,1.0,False,False,False,1.0,1.0
withastro/starlight,a48ecab110ae8c37,False,3,50,True,0.0,0.84,0,0.0,0.94,2,0.0,0.94,2,0.0,0.84,0,0.0,0.0,True,0.0,False,False,False,0.0,0.0
withastro/starlight,596fab03bd0326b4,False,0,474,True,0.0,0.6687763713080169,7,0.0,0.8354430379746836,7,0.0,0.8523206751054853,7,0.0,0.7658227848101266,7,0.0,0.0,True,0.0,False,False,False,0.0,0.0
withastro/starlight,0bcd59acd2356a88,True,0,117,True,0.0,0.48717948717948717,0,0.0,0.7094017094017094,0,0.0,0.7094017094017094,0,0.0,0.7094017094017094,0,0.0,0.5,True,1.0,False,False,False,0.0,0.0
withastro/starlight,e59eb387db6d776b,False,3,173,True,0.0,0.8728323699421965,4,0.0,0.5953757225433526,6,0.0,0.5953757225433526,6,0.0,0.8728323699421965,4,1.0,0.5,True,1.0,False,False,False,0.0,0.0
withastro/starlight,3cea567050916c34,False,0,171,True,0.0,0.4444444444444444,3,0.0,0.8245614035087719,5,0.0,0.8245614035087719,5,0.0,0.4444444444444444,3,0.0,0.3333333333333333,True,0.0,False,False,False,0.0,0.0
withastro/starlight,c2037955ec42b7cd,False,0,125,True,1.0,0.968,1,1.0,0.968,1,1.0,0.968,1,1.0,0.968,1,1.0,1.0,True,0.0,False,False,False,1.0,1.0
withastro/starlight,4c65fc770580b991,False,0,409,True,0.0,0.45232273838630804,7,0.0,0.4034229828850856,8,0.0,0.44254278728606355,9,0.0,0.45232273838630804,8,0.0,0.0,True,0.0,False,False,False,0.0,0.0
withastro/starlight,657bb12431a0ea76,False,0,197,True,1.0,0.4873096446700508,1,1.0,0.49238578680203043,0,1.0,0.4213197969543147,0,1.0,0.4873096446700508,0,1.0,1.0,True,1.0,False,False,False,1.0,1.0
withastro/starlight,ded76a066c537050,True,0,116,True,0.0,0.5689655172413793,0,1.0,0.6551724137931034,0,1.0,0.6551724137931034,0,1.0,0.6576576576576577,0,1.0,1.0,True,1.0,False,False,False,0.0,1.0
withastro/starlight,cab79b9089707c78,False,0,318,True,1.0,0.9056603773584906,4,1.0,0.9056603773584906,3,1.0,0.8962264150943396,2,1.0,0.9056603773584906,3,0.0,0.3333333333333333,True,1.0,False,False,False,1.0,1.0
withastro/starlight,6d47891295052778,False,0,473,True,0.0,0.45454545454545453,7,0.0,0.4630021141649049,7,0.0,0.47357293868921774,7,0.0,0.45454545454545453,7,1.0,1.0,True,1.0,False,False,False,0.0,0.0
withastro/starlight,ebd74cebc0603c20,True,0,97,True,0.0,0.3711340206185567,3,0.0,0.5876288659793815,3,0.0,0.5979381443298969,3,0.0,0.5876288659793815,3,1.0,1.0,True,1.0,False,False,False,0.0,0.0
NVIDIA/cuml,43e98e7ce6f8e9b8,False,0,89,True,0.0,0.48314606741573035,2,0.0,0.4157303370786517,1,0.0,0.449438202247191,3,0.0,0.5287356321839081,3,0.0,0.0,True,1.0,False,False,False,0.0,0.0
NVIDIA/cuml,b2946d58a5b56bfe,False,0,115,True,0.0,0.9304347826086956,3,0.0,0.9304347826086956,3,0.0,0.8260869565217391,3,0.0,0.9646017699115044,2,1.0,1.0,True,1.0,False,False,False,0.0,0.0
NVIDIA/cuml,dc637b4a91c307d3,False,0,19,True,0.0,0.7368421052631579,0,0.0,0.7368421052631579,0,0.0,0.631578947368421,0,0.0,0.7368421052631579,0,0.0,0.0,False,1.0,False,False,False,0.0,0.0
NVIDIA/cuml,6e42a91bf35d4e56,False,0,116,True,0.0,0.47413793103448276,2,0.0,0.5086206896551724,2,0.0,0.5172413793103449,3,0.0,0.8495575221238938,2,0.0,0.0,True,1.0,False,False,False,0.0,0.0
NVIDIA/cuml,81edec5487960a37,False,1,179,True,0.0,0.6703910614525139,4,0.0,0.6815642458100558,4,0.0,0.7094972067039106,9,0.0,0.8932584269662921,5,1.0,0.5,True,1.0,False,False,False,0.0,0.0
NVIDIA/cuml,185992934a9394dc,False,0,279,True,0.0,0.4874551971326165,3,0.0,0.4946236559139785,3,0.0,0.4551971326164875,5,0.0,0.5797101449275363,3,0.0,1.0,True,1.0,False,False,False,0.0,0.0
NVIDIA/cuml,7fd42d8896b7d384,False,1,444,True,0.0,0.5112612612612613,2,0.0,0.49099099099099097,2,0.0,0.46846846846846846,3,0.0,0.5596330275229358,2,1.0,1.0,True,1.0,False,False,False,0.0,0.0
NVIDIA/cuml,895cf2835d7a1ede,False,0,120,True,0.0,0.6916666666666667,1,0.0,0.75,1,0.0,0.7583333333333333,1,0.0,0.9137931034482759,1,0.0,0.0,True,1.0,False,False,False,0.0,0.0
NVIDIA/cuml,a3c4ce41fd0f7452,True,0,308,True,0.0,0.45454545454545453,5,0.0,0.4253246753246753,6,0.0,0.2012987012987013,8,0.0,0.31561461794019935,6,0.0,0.0,True,1.0,False,False,False,0.0,0.0
NVIDIA/cuml,37d811fe37e3ac27,False,0,87,True,0.0,0.9310344827586207,0,0.0,1.0,0,0.0,1.0,0,0.0,1.0,0,0.0,0.0,False,1.0,False,False,False,0.0,0.0
NVIDIA/cuml,732a28abc7522a37,False,0,248,True,0.0,0.5604838709677419,7,0.0,0.5806451612903226,8,0.0,0.5967741935483871,8,0.0,0.5645161290322581,6,0.0,0.0,False,0.0,False,False,False,0.0,0.0
NVIDIA/cuml,41a7b6cfa1dd27d0,False,0,339,True,0.0,0.6578171091445427,2,0.0,0.6755162241887905,2,0.0,0.6460176991150443,3,0.0,0.9464285714285714,3,1.0,1.0,True,1.0,False,False,False,0.0,0.0
NVIDIA/cuml,eff52b34f068fd4a,False,0,132,True,0.0,0.3333333333333333,8,0.0,0.3409090909090909,8,0.0,0.3560606060606061,9,0.0,0.34108527131782945,8,0.0,1.0,True,1.0,False,False,False,0.0,0.0
NVIDIA/cuml,0b18820a10e63a62,False,0,26,True,0.0,0.38461538461538464,1,0.0,0.38461538461538464,1,0.0,0.38461538461538464,1,0.0,0.38461538461538464,0,0.0,0.0,False,1.0,False,False,False,0.0,0.0
NVIDIA/cuml,beb97703f63d3148,False,1,1110,True,0.0,0.4477477477477477,20,0.0,0.32342342342342345,19,0.0,0.29009009009009007,19,0.0,0.37080689029918407,18,1.0,0.0,True,0.0,False,False,False,0.0,0.0
NVIDIA/cuml,e11e3780c3060554,False,1,989,True,0.0,0.5854398382204247,7,0.0,0.4580384226491405,8,1.0,0.2608695652173913,7,0.0,0.5944558521560575,9,0.0,0.0,True,0.0,False,False,False,0.0,0.0
NVIDIA/cuml,dba2e9a2ecf2d255,True,0,79,True,0.0,0.46835443037974683,3,0.0,0.46835443037974683,3,0.0,0.45569620253164556,5,0.0,0.7402597402597403,2,0.0,0.0,True,1.0,False,False,False,0.0,0.0
NVIDIA/cuml,591f9fa40f0ba1d3,False,1,209,True,0.0,0.6411483253588517,5,0.0,0.7129186602870813,4,0.0,0.7272727272727273,4,0.0,0.7259615384615384,5,1.0,1.0,True,1.0,False,False,False,0.0,0.0
NVIDIA/cuml,3ef73f8b3f5a3bf9,False,0,273,True,0.0,0.47985347985347987,2,0.0,0.5384615384615384,2,0.0,0.5128205128205128,7,0.0,0.8,4,0.0,0.0,True,1.0,False,False,False,0.0,0.0
NVIDIA/cuml,c1cf21cbaafbe7d6,False,0,87,True,0.0,0.5402298850574713,0,0.0,0.5632183908045977,0,0.0,0.4367816091954023,0,0.0,0.9885057471264368,1,0.0,0.0,True,1.0,False,False,False,0.0,0.0
NVIDIA/cuml,316442bb11c26093,False,1,9,True,0.0,0.8888888888888888,0,0.0,0.8888888888888888,0,0.0,0.6666666666666666,0,0.0,0.8888888888888888,0,1.0,0.5,True,0.0,False,False,False,0.0,0.0
NVIDIA/cuml,307d64b05a8188b7,False,1,290,True,0.0,0.8275862068965517,4,0.0,0.8275862068965517,3,0.0,0.8275862068965517,3,0.0,0.8275862068965517,3,0.0,0.0,False,0.0,False,False,False,0.0,0.0
NVIDIA/cuml,4d2a8eefdf2a9783,False,0,365,True,0.0,0.26301369863013696,18,0.0,0.2821917808219178,20,0.0,0.27671232876712326,20,0.0,0.26666666666666666,18,1.0,1.0,True,0.0,False,False,False,0.0,0.0
obsproject/obs-studio,967a9241d1adc567,False,1,149,True,0.0,0.8926174496644296,1,0.0,0.8926174496644296,1,0.0,0.959731543624161,2,0.0,0.9060402684563759,0,0.0,0.0,False,0.0,False,False,False,0.0,0.0
obsproject/obs-studio,b1db680284a616a8,False,0,721,True,1.0,0.7156726768377254,2,1.0,0.8196948682385575,1,1.0,0.8238557558945908,1,1.0,0.9805555555555555,2,1.0,1.0,True,0.0,False,False,False,1.0,1.0
obsproject/obs-studio,29eaf797e22397ff,True,0,280,True,0.0,0.5892857142857143,1,0.0,0.5035714285714286,3,0.0,0.5285714285714286,3,0.0,0.45348837209302323,3,0.0,0.0,False,0.0,False,False,False,0.0,0.0
obsproject/obs-studio,e67180e21fc99ec4,False,0,575,True,0.0,0.6069565217391304,4,0.0,0.6139130434782609,4,0.0,0.6939130434782609,4,0.0,0.6208695652173913,3,0.0,0.0,True,0.0,False,False,False,0.0,0.0
obsproject/obs-studio,eeceb8f491ce8851,False,0,47,True,0.0,0.8936170212765957,1,0.0,0.8936170212765957,1,0.0,0.8936170212765957,1,0.0,0.8936170212765957,1,0.0,0.0,False,0.0,False,False,False,0.0,0.0
obsproject/obs-studio,30081413212cd0ba,False,0,68,True,0.0,0.8970588235294118,1,0.0,0.8970588235294118,1,0.0,0.8970588235294118,1,0.0,0.9411764705882353,2,1.0,0.0,False,0.0,False,False,False,0.0,0.0
libfuse/sshfs,d922311d6f623c10,False,1,346,True,0.0,0.7716763005780347,11,0.0,0.7832369942196532,10,0.0,0.7803468208092486,11,0.0,0.7807017543859649,10,0.0,0.0,False,0.0,False,False,False,0.0,0.0
libfuse/sshfs,f66e47f67e8948a0,False,9,4513,True,0.0,0.5902947041879016,32,0.0,0.6022601373808997,31,0.0,0.6304010635940616,31,0.0,0.5922632281013784,31,0.0,0.0,True,0.0,False,False,False,0.0,0.0
libfuse/sshfs,fb327c87db6b2c02,False,0,11,True,0.0,0.9090909090909091,0,0.0,1.0,0,0.0,1.0,0,0.0,1.0,0,0.0,0.0,False,0.0,False,False,False,0.0,0.0
libfuse/sshfs,30d8f6be6320feea,False,0,72,True,0.0,0.9444444444444444,3,0.0,0.9583333333333334,2,0.0,0.9583333333333334,2,0.0,0.9577464788732394,2,0.0,0.0,True,0.0,False,False,False,0.0,0.0
libfuse/sshfs,0d16353e7f1a8593,False,0,307,True,0.0,0.6807817589576547,17,0.0,0.7003257328990228,16,0.0,0.6384364820846905,15,0.0,0.7006578947368421,16,0.0,0.0,False,0.0,False,False,False,0.0,0.0
libfuse/sshfs,510f2a3b94ff5c20,False,2,637,True,0.0,0.6295133437990581,5,0.0,0.6436420722135008,3,0.0,0.6499215070643642,3,0.0,0.634493670886076,4,0.0,0.0,True,0.0,False,False,False,0.0,0.0
libfuse/sshfs,5e819ed747a20793,False,4,508,True,0.0,0.6614173228346457,3,0.0,0.7106299212598425,2,0.0,0.718503937007874,2,0.0,0.6699801192842942,2,0.0,0.0,False,0.0,False,False,False,0.0,0.0
ntop/ntopng,a36287f973afdb26,False,0,46,True,0.0,0.782608695652174,1,0.0,0.8478260869565217,2,0.0,0.45652173913043476,1,0.0,0.9318181818181818,2,1.0,0.0,False,0.0,False,False,False,0.0,0.0
ntop/ntopng,bd67d43f1c022ade,False,0,318,True,0.0,0.4937106918238994,4,0.0,0.5031446540880503,3,0.0,0.5062893081761006,3,0.0,0.5591054313099042,4,1.0,1.0,True,1.0,False,False,False,0.0,0.0
ntop/ntopng,fbd11aa458763e8d,False,0,48,True,0.0,0.7291666666666666,0,0.0,0.7916666666666666,0,1.0,0.5,0,0.0,0.782608695652174,0,0.0,0.0,True,0.0,False,False,False,0.0,0.0
ntop/ntopng,4e5dccd8480eca37,False,0,44,True,0.0,0.7727272727272727,1,0.0,0.8181818181818182,1,1.0,0.45454545454545453,0,0.0,0.9545454545454546,1,1.0,0.0,False,0.0,False,False,False,0.0,0.0
ntop/ntopng,c30f5935c38bc90d,False,0,32,True,0.0,0.8125,1,0.0,0.84375,1,0.0,0.84375,1,0.0,0.8125,1,0.0,0.0,True,0.0,False,False,False,0.0,0.0
ntop/ntopng,c9b4ccf4a2024cad,False,0,71,True,0.0,0.5352112676056338,2,0.0,0.6197183098591549,2,0.0,0.36619718309859156,1,0.0,0.6956521739130435,1,1.0,1.0,True,1.0,False,False,False,0.0,0.0
ntop/ntopng,52b4b96404b2dd08,False,0,45,True,1.0,0.8222222222222222,2,1.0,0.9111111111111111,3,1.0,0.9111111111111111,3,1.0,0.9534883720930233,2,1.0,1.0,True,1.0,False,False,False,1.0,1.0
ntop/ntopng,6aae40d7bbf2bdd1,False,0,168,True,0.0,0.44047619047619047,1,0.0,0.5416666666666666,3,0.0,0.4226190476190476,3,0.0,0.5269461077844312,1,0.0,0.5,True,1.0,False,False,False,0.0,0.0
ntop/ntopng,f0fb12434d9b6294,False,0,43,True,0.0,0.6744186046511628,1,0.0,0.7441860465116279,1,0.0,0.7441860465116279,1,0.0,0.9767441860465116,1,1.0,1.0,True,1.0,False,False,False,0.0,0.0
ntop/ntopng,1e986c09d95dd650,False,0,43,True,1.0,0.813953488372093,1,1.0,0.813953488372093,2,1.0,0.813953488372093,2,1.0,0.9069767441860465,1,0.0,0.0,False,0.0,False,False,False,1.0,1.0
ntop/ntopng,fe7259dc60cf68f2,False,0,48,True,1.0,0.8958333333333334,0,1.0,1.0,0,1.0,1.0,0,1.0,1.0,0,1.0,0.0,False,0.0,False,False,False,1.0,1.0
ntop/ntopng,3ca1b0328418a217,True,0,385,True,0.0,0.34805194805194806,2,0.0,0.2961038961038961,1,0.0,0.2051948051948052,3,0.0,0.3074866310160428,2,1.0,1.0,True,1.0,False,False,False,0.0,0.0
ntop/ntopng,22d980bf3cf4bc37,False,0,171,True,0.0,0.6432748538011696,1,0.0,0.7076023391812866,0,0.0,0.7017543859649122,0,0.0,0.8143712574850299,1,0.0,0.0,True,1.0,False,False,False,0.0,0.0
ntop/ntopng,16939ba528f691e5,False,0,49,True,0.0,0.8367346938775511,2,0.0,0.8571428571428571,2,0.0,0.4897959183673469,1,0.0,0.9183673469387755,3,1.0,1.0,True,1.0,False,False,False,0.0,0.0
ntop/ntopng,d9c2bf903a63f487,False,0,59,True,0.0,0.6949152542372882,1,0.0,0.7288135593220338,1,0.0,0.423728813559322,0,0.0,0.9322033898305084,1,0.0,0.0,False,0.0,False,False,False,0.0,0.0
ntop/ntopng,a6dedb58d46693d2,False,0,48,True,0.0,0.75,1,0.0,0.8541666666666666,1,0.0,0.4791666666666667,0,0.0,0.9782608695652174,1,1.0,0.0,False,0.0,False,False,False,0.0,0.0
ntop/ntopng,3f2a645f217ad55d,False,0,48,True,0.0,0.7916666666666666,1,0.0,0.875,1,0.0,0.5,0,0.0,0.9787234042553191,1,1.0,0.0,False,0.0,False,False,False,0.0,0.0
ntop/ntopng,308bb2d7915273f9,False,0,95,True,1.0,0.49473684210526314,1,1.0,0.6,2,1.0,0.6,2,1.0,0.7368421052631579,2,1.0,1.0,True,1.0,False,False,False,1.0,1.0
ntop/ntopng,1c01a3306cec7bf0,False,0,126,True,1.0,0.47619047619047616,3,1.0,0.49206349206349204,3,1.0,0.49206349206349204,3,1.0,0.5476190476190477,4,1.0,1.0,True,1.0,False,False,False,1.0,1.0
ntop/ntopng,4703140bc98b2097,True,0,457,True,0.0,0.4485776805251641,1,1.0,0.3413566739606127,1,1.0,0.3172866520787746,1,1.0,0.6607142857142857,1,1.0,1.0,True,1.0,False,False,False,0.0,1.0
ntop/ntopng,a7a9120cd6132891,False,0,41,True,1.0,0.8048780487804879,1,1.0,0.8536585365853658,1,1.0,0.8536585365853658,1,1.0,0.95,0,1.0,0.0,False,0.0,False,False,False,1.0,1.0
ntop/ntopng,7631a17c9f6b6f52,False,0,44,True,0.0,0.7727272727272727,1,0.0,0.8181818181818182,1,1.0,0.45454545454545453,0,0.0,0.9545454545454546,1,1.0,0.0,False,0.0,False,False,False,0.0,0.0
ntop/ntopng,bc8b1682002230ea,False,0,91,True,1.0,0.8241758241758241,1,1.0,0.945054945054945,2,1.0,0.945054945054945,2,1.0,0.9887640449438202,1,1.0,1.0,True,1.0,False,False,False,1.0,1.0
ntop/ntopng,dc40efbb27d4f727,False,0,50,True,0.0,0.68,1,0.0,0.72,1,1.0,0.38,0,0.0,0.9795918367346939,1,1.0,0.0,False,0.0,False,False,False,0.0,0.0
ntop/ntopng,035b9de45eb12add,False,0,250,True,1.0,0.452,2,1.0,0.564,3,1.0,0.564,3,1.0,0.5483870967741935,2,0.0,0.0,True,0.0,False,False,False,1.0,1.0
foundry-rs/foundry,9d0e50a96c88056b,False,6,405,True,0.0,0.6469135802469136,6,0.0,0.671604938271605,6,0.0,0.6765432098765433,6,0.0,0.654320987654321,6,0.0,0.0,True,0.0,False,False,False,0.0,0.0
foundry-rs/foundry,fd680fc6ab87ff2e,False,5,312,True,0.0,0.2724358974358974,6,0.0,0.27564102564102566,7,0.0,0.23076923076923078,12,0.0,0.27884615384615385,6,0.0,0.0,True,0.0,False,False,False,0.0,0.0
foundry-rs/foundry,882102a2873f5654,False,2,164,True,0.0,0.3597560975609756,3,0.0,0.3475609756097561,3,0.0,0.36585365853658536,3,0.0,0.3597560975609756,4,0.0,0.0,True,0.0,False,False,False,0.0,0.0
foundry-rs/foundry,4ad7bd41a7b5de13,False,2,153,True,1.0,0.8431372549019608,5,1.0,0.8562091503267973,5,1.0,0.673202614379085,7,1.0,0.8431372549019608,5,1.0,0.5,True,1.0,False,False,False,1.0,1.0
foundry-rs/foundry,243bf8165e605ec6,False,1,137,True,0.0,0.3357664233576642,5,0.0,0.3284671532846715,5,0.0,0.3357664233576642,5,0.0,0.3357664233576642,4,1.0,1.0,True,1.0,False,False,False,0.0,0.0
foundry-rs/foundry,764dc7c0acbcdf94,False,4,262,True,0.0,0.9618320610687023,2,0.0,0.9618320610687023,2,0.0,0.9618320610687023,2,0.0,0.9961832061068703,1,0.0,0.0,False,0.0,False,False,False,0.0,0.0
foundry-rs/foundry,d71500ccbdf1efc1,False,1,133,True,0.0,0.9022556390977443,2,0.0,0.9022556390977443,2,0.0,0.8270676691729323,3,0.0,0.9172932330827067,2,0.0,0.0,True,0.0,False,False,False,0.0,0.0
foundry-rs/foundry,be502ddcf3eadaee,False,2,112,True,0.0,0.3392857142857143,3,0.0,0.3392857142857143,3,0.0,0.3392857142857143,3,0.0,0.3482142857142857,2,0.0,0.0,True,0.0,False,False,False,0.0,0.0
foundry-rs/foundry,6e326e813e9e7ca9,False,3,303,True,0.0,0.7788778877887789,6,0.0,0.7788778877887789,6,0.0,0.7788778877887789,6,0.0,0.7788778877887789,6,0.0,0.0,True,0.0,False,False,False,0.0,0.0
foundry-rs/foundry,5f85cb83a78b85f9,False,7,261,True,0.0,0.39846743295019155,3,0.0,0.38697318007662834,3,0.0,0.41379310344827586,5,0.0,0.3716475095785441,3,0.0,0.0,True,0.0,False,False,False,0.0,0.0
foundry-rs/foundry,5b990895b4b91972,False,4,822,True,0.0,0.4635036496350365,6,0.0,0.4610705596107056,6,0.0,0.5012165450121655,7,0.0,0.4659367396593674,7,0.0,0.0,True,0.0,False,False,False,0.0,0.0
foundry-rs/foundry,8e34da1ca0637bc7,False,1,185,True,0.0,0.7297297297297297,3,0.0,0.7513513513513513,3,0.0,0.7513513513513513,3,0.0,0.745945945945946,2,0.0,0.0,True,0.0,False,False,False,0.0,0.0
foundry-rs/foundry,f597e3f8cd8b1a1a,False,0,70,True,1.0,0.7428571428571429,2,1.0,0.7428571428571429,2,1.0,0.8,2,1.0,0.7857142857142857,1,1.0,0.3333333333333333,True,0.0,False,False,False,1.0,1.0
foundry-rs/foundry,3541f53dcbdada36,False,3,240,True,0.0,0.475,2,0.0,0.475,2,0.0,0.475,2,0.0,0.48333333333333334,2,0.0,0.0,True,0.0,False,False,False,0.0,0.0
foundry-rs/foundry,c5b4765d032eafa6,False,4,449,True,0.0,0.40089086859688194,4,0.0,0.4142538975501114,4,0.0,0.38530066815144765,5,0.0,0.40089086859688194,4,0.0,0.0,True,0.0,False,False,False,0.0,0.0
foundry-rs/foundry,cf30b6ccf4d15902,False,4,160,True,0.0,0.29375,8,0.0,0.29375,7,0.0,0.3125,7,0.0,0.29375,8,1.0,0.3333333333333333,True,0.0,False,False,False,0.0,0.0
foundry-rs/foundry,7cf15eff5ea54b62,False,17,582,True,0.0,0.49140893470790376,9,0.0,0.49140893470790376,9,0.0,0.4209621993127148,11,0.0,0.49569707401032703,9,0.0,0.0,True,0.0,False,False,False,0.0,0.0
foundry-rs/foundry,20cc500405a858de,False,5,176,True,0.0,0.8125,3,0.0,0.8352272727272727,3,0.0,0.8238636363636364,3,0.0,0.8238636363636364,3,1.0,1.0,True,0.0,False,False,False,0.0,0.0
foundry-rs/foundry,233ddbaaf82aaa9f,False,7,678,True,0.0,0.275811209439528,8,0.0,0.3023598820058997,9,0.0,0.2994100294985251,10,0.0,0.2949852507374631,9,0.0,0.0,True,0.0,False,False,False,0.0,0.0
foundry-rs/foundry,b13e34aed4441388,False,3,252,True,0.0,0.5396825396825397,9,0.0,0.5158730158730159,9,0.0,0.46825396825396826,9,0.0,0.5595238095238095,9,0.0,0.0,True,0.0,False,False,False,0.0,0.0
foundry-rs/foundry,1f8de4b7e23df6e0,False,6,389,True,0.0,0.5501285347043702,7,0.0,0.5526992287917738,7,0.0,0.5578406169665809,8,0.0,0.5552699228791774,8,1.0,1.0,True,0.0,False,False,False,0.0,0.0
foundry-rs/foundry,bf249c22f5f3d220,False,1,83,True,0.0,0.40963855421686746,2,0.0,0.40963855421686746,2,0.0,0.3855421686746988,2,0.0,0.42168674698795183,3,0.0,0.0,True,0.0,False,False,False,0.0,0.0
foundry-rs/foundry,8ab2d387d12dd5ad,False,0,125,True,0.0,0.848,3,0.0,0.848,3,0.0,0.856,3,0.0,0.864,2,0.0,0.0,True,0.0,False,False,False,0.0,0.0
foundry-rs/foundry,b6ce366824690b6a,False,0,114,True,1.0,1.0,0,1.0,1.0,0,1.0,0.9912280701754386,1,1.0,1.0,0,1.0,1.0,True,0.0,False,False,False,1.0,1.0
foundry-rs/foundry,e07f88ab40b65073,False,1,85,True,0.0,0.9764705882352941,2,0.0,0.9764705882352941,2,0.0,0.8823529411764706,4,0.0,0.9882352941176471,1,0.0,0.0,True,0.0,False,False,False,0.0,0.0
typelevel/cats,8fd74420ca55aa91,False,0,10,True,1.0,0.6,0,1.0,0.6,0,1.0,0.6,0,1.0,0.6,0,1.0,1.0,True,1.0,True,True,False,0.0,0.0
typelevel/cats,7daecd18226bfb93,False,0,63,True,0.0,0.3968253968253968,3,0.0,0.49206349206349204,4,0.0,0.4603174603174603,5,0.0,0.3968253968253968,3,0.0,0.0,True,0.0,False,False,False,0.0,0.0
typelevel/cats,12834d41ebfedb79,False,0,54,True,1.0,0.5740740740740741,0,1.0,0.5740740740740741,0,1.0,0.5740740740740741,0,1.0,0.5740740740740741,0,0.0,0.0,True,0.0,False,False,False,1.0,1.0
typelevel/cats,915f73d7b6d87361,True,1,647,True,0.0,0.2704791344667697,14,0.0,0.16537867078825347,12,0.0,0.21483771251931993,14,0.0,0.18083462132921174,9,0.0,0.0,True,0.0,False,False,False,0.0,0.0
typelevel/cats,ae3d4f2e17f9f238,False,3,658,True,0.0,0.19908814589665655,34,0.0,0.1899696048632219,35,0.0,0.1945288753799392,37,0.0,0.2006079027355623,34,0.0,0.0,True,0.0,False,False,False,0.0,0.0
typelevel/cats,9a22fcc5677b7a5a,False,0,128,True,0.0,0.359375,11,0.0,0.3359375,10,0.0,0.359375,10,0.0,0.359375,10,0.0,0.0,False,0.0,False,False,False,0.0,0.0
typelevel/cats,e5c4f43e434c7272,False,1,486,True,0.0,0.2366255144032922,12,0.0,0.19958847736625515,12,0.0,0.17901234567901234,12,0.0,0.31069958847736623,11,1.0,0.0,False,0.0,False,False,False,0.0,0.0
typelevel/cats,c4d60f951166e9c4,False,1,171,True,0.0,0.45614035087719296,9,0.0,0.49707602339181284,9,0.0,0.49707602339181284,9,0.0,0.47928994082840237,7,0.0,0.0,False,0.0,False,False,False,0.0,0.0
typelevel/cats,60398b6c2f908b97,False,0,113,True,0.0,0.36283185840707965,4,0.0,0.36283185840707965,3,0.0,0.3185840707964602,3,0.0,0.3805309734513274,3,0.0,0.0,True,0.0,False,False,False,0.0,0.0
typelevel/cats,da759b82b5faa902,False,1,1114,True,0.0,0.26929982046678635,34,0.0,0.26481149012567323,34,0.0,0.15350089766606823,36,0.0,0.2695417789757412,32,0.0,0.0,True,0.0,False,False,False,0.0,0.0
XRPLF/rippled,58fa7e50daa555f5,False,0,125,True,0.0,0.832,2,0.0,0.832,2,0.0,0.696,2,0.0,0.848,1,0.0,0.0,True,0.0,False,False,False,0.0,0.0
XRPLF/rippled,c6c65bf825ea6812,False,0,78,True,0.0,0.7564102564102564,1,0.0,0.8076923076923077,1,0.0,0.8076923076923077,1,0.0,0.8846153846153846,2,0.0,0.0,True,0.0,False,False,False,0.0,0.0
XRPLF/rippled,cc4455be1984e60e,False,1,675,True,0.0,0.29185185185185186,10,0.0,0.17037037037037037,8,0.0,0.15555555555555556,8,0.0,0.3456973293768546,8,0.0,0.0,True,0.0,False,False,False,0.0,0.0
XRPLF/rippled,85ad6450f55d7eb3,False,2,558,True,0.0,0.9390681003584229,7,0.0,0.9390681003584229,7,0.0,0.9068100358422939,9,0.0,0.953405017921147,6,0.0,0.0,True,0.0,False,False,False,0.0,0.0
XRPLF/rippled,e9aa05ebff53d06a,False,1,152,True,0.0,0.9802631578947368,2,0.0,0.9802631578947368,2,0.0,0.868421052631579,2,0.0,0.993421052631579,1,0.0,0.0,True,0.0,False,False,False,0.0,0.0
XRPLF/rippled,f55da09dad34f04d,False,0,204,True,0.0,0.4852941176470588,4,0.0,0.4852941176470588,5,0.0,0.44607843137254904,5,0.0,0.49019607843137253,4,0.0,0.0,True,0.0,False,False,False,0.0,0.0
XRPLF/rippled,6df4b55820da7e41,False,1,292,True,0.0,0.5445205479452054,6,0.0,0.589041095890411,5,0.0,0.589041095890411,5,0.0,0.6541095890410958,5,0.0,0.0,True,0.0,False,False,False,0.0,0.0
XRPLF/rippled,2111313f9c8b48ea,False,0,43,True,0.0,0.6976744186046512,1,0.0,0.7209302325581395,1,0.0,0.5581395348837209,2,0.0,0.7906976744186046,2,0.0,0.0,True,0.0,False,False,False,0.0,0.0
XRPLF/rippled,0646295c8a2a4df2,False,1,92,True,0.0,0.6413043478260869,3,0.0,0.717391304347826,3,0.0,0.5217391304347826,3,0.0,0.8478260869565217,2,0.0,0.0,True,0.0,False,False,False,0.0,0.0
XRPLF/rippled,8a459f45675be62c,False,0,120,True,0.0,0.575,5,0.0,0.575,4,0.0,0.5166666666666667,6,0.0,0.625,4,0.0,0.0,True,0.0,False,False,False,0.0,0.0
XRPLF/rippled,760694e1cfe2b413,False,0,50,True,0.0,0.76,3,0.0,0.76,3,0.0,0.62,3,0.0,0.76,3,1.0,0.5,True,0.0,False,False,False,0.0,0.0
XRPLF/rippled,2ec790b0db94289f,False,1,260,True,0.0,0.7346153846153847,0,0.0,0.7346153846153847,0,0.0,0.75,1,0.0,0.7346153846153847,0,0.0,0.0,True,0.0,False,False,False,0.0,0.0
XRPLF/rippled,78c2252278a6054c,False,0,93,True,0.0,0.6236559139784946,3,0.0,0.6989247311827957,4,0.0,0.5376344086021505,5,0.0,0.8172043010752689,3,0.0,0.0,True,0.0,False,False,False,0.0,0.0
XRPLF/rippled,946613d620a149bc,False,1,1013,True,0.0,0.4244817374136229,9,0.0,0.5093780848963475,9,0.0,0.558736426456071,10,0.0,0.6475814412635735,7,0.0,0.0,True,0.0,False,False,False,0.0,0.0
XRPLF/rippled,472b24616f6e2f1a,False,0,178,True,0.0,0.5449438202247191,4,0.0,0.6179775280898876,4,0.0,0.5786516853932584,5,0.0,0.7247191011235955,4,1.0,0.5,True,0.0,False,False,False,0.0,0.0
XRPLF/rippled,526209a22022237d,False,0,54,True,0.0,0.8703703703703703,4,0.0,0.9074074074074074,3,0.0,0.9074074074074074,3,0.0,0.9444444444444444,2,0.0,0.0,False,0.0,False,False,False,0.0,0.0
XRPLF/rippled,3a84a4453b7ad566,False,3,257,True,0.0,0.6848249027237354,4,0.0,0.8054474708171206,4,0.0,0.7354085603112841,6,0.0,0.9764705882352941,3,0.0,0.0,True,0.0,False,False,False,0.0,0.0
XRPLF/rippled,4e80c2e909206d75,False,1,61,True,0.0,0.5573770491803278,3,0.0,0.5573770491803278,3,0.0,0.4426229508196721,3,0.0,0.6557377049180327,2,0.0,0.0,True,0.0,False,False,False,0.0,0.0
XRPLF/rippled,e5b41bfe30b26934,True,5,1863,True,0.0,0.7847557702630167,13,0.0,0.7096081588835212,14,0.0,0.7133655394524959,14,0.0,0.7058507783145465,12,0.0,0.0,True,0.0,False,False,False,0.0,0.0
XRPLF/rippled,af32b1a382703da6,False,0,77,True,0.0,0.5324675324675324,4,0.0,0.5324675324675324,4,0.0,0.2857142857142857,3,0.0,0.6233766233766234,5,0.0,0.0,True,0.0,False,False,False,0.0,0.0
dotnet/aspnetcore,a8d3e15852046686,True,0,2030,True,0.0,0.6945812807881774,10,0.0,0.34088669950738915,15,0.0,0.3866995073891626,15,0.0,0.2868089764641489,13,1.0,1.0,True,0.0,False,False,False,0.0,0.0
emacs-lsp/lsp-mode,d1b3fa4736384067,True,0,226,True,1.0,0.5088495575221239,3,1.0,0.4690265486725664,3,1.0,0.4690265486725664,3,0.0,0.49038461538461536,3,0.0,0.0,False,1.0,False,False,False,1.0,0.0
emacs-lsp/lsp-mode,b30d0528c8ebfa79,False,3,957,True,0.0,0.45454545454545453,12,0.0,0.38557993730407525,12,0.0,0.44932079414838033,11,0.0,0.45454545454545453,12,0.0,0.0,True,1.0,False,False,False,0.0,0.0
emacs-lsp/lsp-mode,d60613dfcaf3abac,False,1,1056,True,0.0,0.4403409090909091,19,0.0,0.4403409090909091,19,0.0,0.3418560606060606,29,0.0,0.4403409090909091,19,0.0,0.0,True,0.0,False,False,False,0.0,0.0
emacs-lsp/lsp-mode,9e032446f192f5d2,False,4,1400,True,0.0,0.27071428571428574,107,0.0,0.27285714285714285,107,0.0,0.4114285714285714,106,0.0,0.2714285714285714,106,0.0,0.0,True,0.0,False,False,False,0.0,0.0
emacs-lsp/lsp-mode,a8a415fb047cb290,False,0,494,True,0.0,0.3522267206477733,13,0.0,0.402834008097166,14,0.0,0.33805668016194335,14,0.0,0.3522267206477733,13,0.0,0.0,True,1.0,False,False,False,0.0,0.0
emacs-lsp/lsp-mode,98d0f806abc9af24,False,4,273,True,0.0,0.5201465201465202,77,0.0,0.5384615384615384,78,0.0,0.5384615384615384,79,0.0,0.5238095238095238,75,0.0,0.0,True,0.0,False,False,False,0.0,0.0
emacs-lsp/lsp-mode,bd7ba86e18f7c89c,False,19,431,True,0.0,0.2691415313225058,118,0.0,0.2691415313225058,119,0.0,0.2668213457076566,120,0.0,0.2853828306264501,117,0.0,0.0,True,0.0,False,False,False,0.0,0.0
emacs-lsp/lsp-mode,d1c03bcd1ccd0772,False,0,573,True,0.0,0.7015706806282722,10,0.0,0.7015706806282722,10,0.0,0.7120418848167539,11,0.0,0.7015706806282722,10,1.0,1.0,True,1.0,False,False,False,0.0,0.0
emacs-lsp/lsp-mode,16d5ab5f7c55ba88,False,0,662,True,0.0,0.9637462235649547,4,0.0,0.9637462235649547,4,0.0,0.9486404833836858,5,0.0,0.9682779456193353,3,0.0,0.0,False,1.0,False,False,False,0.0,0.0
emacs-lsp/lsp-mode,38ee7c1baa03551f,False,0,66,True,0.0,0.6212121212121212,2,0.0,0.7121212121212122,2,0.0,0.7121212121212122,2,0.0,0.6212121212121212,1,0.0,0.0,False,1.0,False,False,False,0.0,0.0
linuxmint/cinnamon,64b885f5f187c6bb,False,0,509,True,0.0,0.4027504911591356,4,0.0,0.5147347740667977,4,0.0,0.5147347740667977,4,0.0,0.45633187772925765,4,0.0,0.0,True,0.0,False,False,False,0.0,0.0
linuxmint/cinnamon,ce633d98ef47ca15,False,0,492,True,0.0,0.5670731707317073,11,0.0,0.6951219512195121,14,0.0,0.6097560975609756,13,0.0,0.6402439024390244,12,0.0,0.0,True,1.0,False,False,False,0.0,0.0
linuxmint/cinnamon,64c1010c40df2a89,False,1,1143,True,0.0,0.4776902887139108,13,0.0,0.5599300087489064,13,0.0,0.5783027121609798,14,0.0,0.5660542432195975,16,0.0,0.0,True,1.0,False,False,False,0.0,0.0
foliojs/pdfkit,96c2acaa1cd7b323,False,2,168,True,0.0,0.48214285714285715,2,0.0,0.6011904761904762,2,0.0,0.6488095238095238,2,0.0,0.49404761904761907,1,0.0,0.0,True,0.0,False,False,False,0.0,0.0
foliojs/pdfkit,6b3631f12771964b,False,0,70,True,0.0,0.5428571428571428,2,0.0,0.5285714285714286,2,0.0,0.5285714285714286,2,0.0,0.5714285714285714,2,0.0,0.0,True,0.0,False,False,False,0.0,0.0
foliojs/pdfkit,d836798b4db37b72,False,0,77,True,0.0,0.4805194805194805,0,0.0,0.4025974025974026,0,0.0,0.4025974025974026,0,0.0,0.5324675324675324,0,0.0,0.0,False,0.0,False,False,False,0.0,0.0
foliojs/pdfkit,65805fb7edcc71c0,False,1,180,True,0.0,0.8333333333333334,0,0.0,0.8111111111111111,0,0.0,0.8111111111111111,0,0.0,0.5944444444444444,0,0.0,0.0,True,0.0,False,False,False,0.0,0.0
foliojs/pdfkit,4cd443ac16422d29,False,1,75,True,0.0,0.9333333333333333,1,0.0,0.9333333333333333,1,0.0,0.9333333333333333,1,0.0,0.9866666666666667,1,0.0,0.0,True,0.0,False,False,False,0.0,0.0
foliojs/pdfkit,e1790bfc29626518,False,4,196,True,0.0,0.5612244897959183,2,0.0,0.576530612244898,2,0.0,0.5,2,0.0,0.5714285714285714,1,0.0,0.0,True,0.0,False,False,False,0.0,0.0
foliojs/pdfkit,150f54c990258f98,False,0,63,True,0.0,0.746031746031746,2,0.0,0.7936507936507936,2,0.0,0.7936507936507936,2,0.0,0.746031746031746,1,0.0,0.0,False,0.0,False,False,False,0.0,0.0
foliojs/pdfkit,11bea48812d05614,True,0,45,True,1.0,0.5111111111111111,2,0.0,0.6444444444444445,1,0.0,0.4444444444444444,2,0.0,0.45454545454545453,1,1.0,0.0,True,0.0,False,False,False,1.0,0.0
foliojs/pdfkit,0abf96939b22587c,False,2,126,True,0.0,0.7777777777777778,5,0.0,0.7777777777777778,5,0.0,0.7777777777777778,5,0.0,0.8015873015873016,5,0.0,0.0,True,0.0,False,False,False,0.0,0.0
foliojs/pdfkit,877b04836098236d,False,1,330,True,0.0,0.7272727272727273,3,0.0,0.7272727272727273,3,0.0,0.7606060606060606,3,0.0,0.7787878787878788,3,0.0,0.0,False,0.0,False,False,False,0.0,0.0
foliojs/pdfkit,721ed69181db4436,False,2,162,True,0.0,0.46296296296296297,4,0.0,0.6728395061728395,5,0.0,0.6728395061728395,5,0.0,0.49382716049382713,4,0.0,0.0,True,0.0,False,False,False,0.0,0.0
foliojs/pdfkit,4503be0d26352357,False,0,58,True,1.0,0.8103448275862069,1,0.0,0.7931034482758621,1,0.0,0.7931034482758621,1,1.0,0.7586206896551724,0,0.0,0.0,False,0.0,False,False,False,1.0,1.0
foliojs/pdfkit,04e29f4d54f1b170,False,3,136,True,0.0,0.6176470588235294,2,0.0,0.6838235294117647,3,0.0,0.6691176470588235,5,0.0,0.6397058823529411,2,0.0,0.0,True,0.0,False,False,False,0.0,0.0
foliojs/pdfkit,c4032835c09e5f23,False,2,227,True,0.0,0.7444933920704846,0,0.0,0.8722466960352423,0,0.0,0.5638766519823789,0,0.0,0.7444933920704846,0,1.0,1.0,True,0.0,False,False,False,0.0,0.0
foliojs/pdfkit,9d9be1ba4c93f2ae,False,0,168,True,0.0,0.5297619047619048,1,0.0,0.4880952380952381,1,0.0,0.47023809523809523,3,0.0,0.5178571428571429,1,0.0,0.0,True,0.0,False,False,False,0.0,0.0
foliojs/pdfkit,7004e372ce6b213d,False,0,556,True,0.0,0.935251798561151,1,0.0,0.935251798561151,1,0.0,0.9532374100719424,2,0.0,0.9964028776978417,1,0.0,0.0,False,0.0,False,False,False,0.0,0.0
foliojs/pdfkit,0ac0ccbb9bfb7156,False,3,181,True,0.0,0.3867403314917127,1,0.0,0.3867403314917127,1,0.0,0.425414364640884,1,0.0,0.430939226519337,1,0.0,0.0,False,0.0,False,False,False,0.0,0.0
frappe/frappe,35bae7fb3bed81f3,False,1,164,True,1.0,0.9451219512195121,4,1.0,0.9451219512195121,4,1.0,0.9451219512195121,4,1.0,0.9506172839506173,2,1.0,0.0,False,1.0,False,False,False,1.0,1.0
frappe/frappe,3e4a11f69a7f3c9d,False,3,65,True,1.0,0.5384615384615384,1,1.0,0.5384615384615384,1,1.0,0.5384615384615384,1,1.0,0.5483870967741935,0,1.0,0.0,False,1.0,False,False,False,1.0,1.0
frappe/frappe,947f167d937dad53,False,3,104,True,0.0,0.4519230769230769,2,0.0,0.46153846153846156,2,0.0,0.3076923076923077,3,0.0,0.5480769230769231,3,0.0,0.0,True,0.0,False,False,False,0.0,0.0
frappe/frappe,c15538b25ddc3163,True,7,150,True,0.0,0.26,13,0.0,0.23333333333333334,13,0.0,0.22666666666666666,13,0.0,0.2847222222222222,13,0.0,0.0,True,0.0,False,False,False,0.0,0.0
frappe/frappe,c0e92e67ff4474ee,False,3,137,True,0.0,0.3357664233576642,5,0.0,0.3357664233576642,5,0.0,0.3284671532846715,6,0.0,0.4076923076923077,6,0.0,0.0,True,0.0,False,False,False,0.0,0.0
frappe/frappe,01ac128cd2c97eba,False,1,140,True,0.0,0.8,2,0.0,0.8071428571428572,2,0.0,0.8071428571428572,2,0.0,0.9857142857142858,2,0.0,0.0,True,0.0,False,False,False,0.0,0.0
frappe/frappe,dc4329eb05714a25,True,1,49,True,0.0,0.6530612244897959,1,0.0,0.6326530612244898,1,0.0,0.6326530612244898,1,0.0,0.8125,2,0.0,0.0,False,0.0,False,False,False,0.0,0.0
frappe/frappe,9922f9ad219e64af,False,2,54,True,1.0,0.3333333333333333,1,1.0,0.3333333333333333,1,1.0,0.3333333333333333,1,1.0,0.3333333333333333,1,1.0,0.0,False,1.0,False,False,False,1.0,1.0
frappe/frappe,3b2803fdc23f7fda,True,2,123,True,0.0,0.5528455284552846,1,0.0,0.5447154471544715,1,0.0,0.5447154471544715,1,0.0,0.5294117647058824,2,0.0,0.0,False,0.0,False,False,False,0.0,0.0
frappe/frappe,4370d277012e88ef,True,0,13,True,0.0,0.38461538461538464,0,0.0,0.38461538461538464,0,0.0,0.38461538461538464,0,0.0,0.4166666666666667,0,0.0,0.0,True,0.0,False,False,True,0.0,0.0
frappe/frappe,948185933c983f0e,False,0,22,True,0.0,0.6818181818181818,0,0.0,0.6818181818181818,0,0.0,0.6818181818181818,0,0.0,0.6818181818181818,0,0.0,0.0,False,0.0,False,False,False,0.0,0.0
frappe/frappe,e2c3bf3dfa8104e1,True,0,48,True,0.0,0.7083333333333334,2,0.0,0.75,2,0.0,0.75,2,0.0,0.9130434782608695,2,0.0,0.0,False,0.0,False,False,False,0.0,0.0
frappe/frappe,c93f876dae55b2c0,False,1,629,True,0.0,0.5977742448330684,12,0.0,0.6057233704292527,12,0.0,0.643879173290938,13,0.0,0.6279809220985691,13,0.0,0.0,False,0.0,False,False,False,0.0,0.0
frappe/frappe,5f594eacbb995635,False,2,36,True,0.0,0.5,1,0.0,0.5,1,0.0,0.4722222222222222,1,0.0,0.5,0,0.0,0.0,True,0.0,False,False,False,0.0,0.0
frappe/frappe,07abe10c23ac394b,False,23,436,True,0.0,0.31422018348623854,22,0.0,0.2591743119266055,24,0.0,0.26376146788990823,25,0.0,0.4953271028037383,25,0.0,0.0,True,0.0,False,False,False,0.0,0.0
frappe/frappe,11eead7ba5662ee5,False,0,22,True,0.0,0.6363636363636364,2,0.0,0.6363636363636364,2,0.0,0.6363636363636364,2,0.0,0.65,0,0.0,0.0,False,0.0,False,False,False,0.0,0.0
frappe/frappe,9f3791102c157fe7,False,1,81,True,0.0,0.8148148148148148,1,0.0,0.8271604938271605,1,0.0,0.8271604938271605,1,0.0,0.9753086419753086,2,0.0,0.0,False,0.0,False,False,False,0.0,0.0
frappe/frappe,8340e1eaf0f8af67,False,0,99,True,0.0,0.3333333333333333,1,0.0,0.5151515151515151,3,0.0,0.42424242424242425,3,0.0,0.37373737373737376,1,0.0,0.0,True,0.0,False,False,False,0.0,0.0
frappe/frappe,ff8489ce830424bd,False,1,106,True,0.0,0.3018867924528302,5,0.0,0.3018867924528302,5,0.0,0.27358490566037735,6,0.0,0.3173076923076923,4,0.0,0.0,True,0.0,False,False,False,0.0,0.0
dotnet/msbuild,08749e8131277273,False,0,777,True,0.0,0.8043758043758044,7,0.0,0.8120978120978121,6,0.0,0.8159588159588159,5,0.0,0.806949806949807,6,0.0,0.0,False,0.0,True,True,False,0.0,0.0
dotnet/msbuild,670154276685f1ec,False,1,1228,True,0.0,0.7842019543973942,23,0.0,0.8053745928338762,22,0.0,0.8192182410423453,24,0.0,0.7986960065199674,22,0.0,0.0,True,0.0,True,True,False,0.0,0.0
dotnet/msbuild,564f9d3a27b0d083,False,0,277,True,0.0,0.6570397111913358,9,0.0,0.6750902527075813,9,0.0,0.7184115523465704,9,0.0,0.6606498194945848,9,0.0,0.0,True,0.0,True,True,False,0.0,0.0
dotnet/msbuild,716de37af1e2a571,False,0,146,True,0.0,0.8698630136986302,1,0.0,0.9041095890410958,0,0.0,0.5821917808219178,2,0.0,0.9041095890410958,0,0.0,0.0,True,0.0,False,False,False,0.0,0.0
dotnet/msbuild,a1fd85e912bd49fe,False,0,1000,True,0.0,0.59,17,0.0,0.742,18,0.0,0.762,19,0.0,0.6546546546546547,17,0.0,0.0,True,0.0,True,True,False,0.0,0.0
dotnet/msbuild,5d06cb2b3c6992bb,False,0,46,True,0.0,0.4782608695652174,3,0.0,0.4782608695652174,2,0.0,0.4782608695652174,2,0.0,0.5,2,0.0,0.0,False,0.0,False,False,False,0.0,0.0
dotnet/msbuild,85f602b4f79b38d3,False,0,186,True,0.0,0.8064516129032258,2,0.0,0.8279569892473119,3,0.0,0.7526881720430108,7,0.0,0.8118279569892473,2,0.0,0.0,False,0.0,False,False,False,0.0,0.0
dotnet/msbuild,801bd62755628f93,False,0,128,True,0.0,0.8359375,4,0.0,0.84375,4,0.0,0.84375,6,0.0,0.84375,4,0.0,0.0,True,0.0,True,True,False,0.0,0.0
dotnet/msbuild,2da4139f7b0ecd11,False,0,179,True,0.0,0.7262569832402235,10,0.0,0.7374301675977654,10,0.0,0.7541899441340782,9,0.0,0.7374301675977654,10,0.0,0.0,True,0.0,True,True,False,0.0,0.0
dotnet/msbuild,71139e22d8ab8c21,False,0,589,True,0.0,0.5891341256366723,13,0.0,0.6196943972835314,13,0.0,0.629881154499151,15,0.0,0.6162988115449916,14,0.0,0.0,True,0.0,True,True,False,0.0,0.0
dotnet/msbuild,3690b6be63e3d1e8,False,0,410,True,0.0,0.8170731707317073,10,0.0,0.8317073170731707,10,0.0,0.8390243902439024,9,0.0,0.8195121951219512,10,0.0,0.0,True,0.0,True,True,False,0.0,0.0
dotnet/msbuild,ec858f7f9b9988c8,False,0,255,True,0.0,0.8627450980392157,5,0.0,0.8666666666666667,4,0.0,0.8666666666666667,4,0.0,0.8666666666666667,4,0.0,0.0,False,0.0,True,True,False,0.0,0.0
dotnet/msbuild,1c165f2f04df958c,False,0,669,True,0.0,0.5321375186846039,6,0.0,0.5680119581464873,6,0.0,0.5904334828101644,8,0.0,0.5605381165919282,6,0.0,0.0,True,0.0,True,True,False,0.0,0.0
dotnet/msbuild,cff36dbb7343bf76,False,0,1313,True,0.0,0.7121096725057121,21,0.0,0.7440974866717441,19,0.0,0.789032749428789,20,0.0,0.7227722772277227,20,0.0,0.0,True,0.0,True,True,False,0.0,0.0
dotnet/msbuild,daec0ccd1a71b5ec,False,0,627,True,0.0,0.8197767145135566,8,0.0,0.8835725677830941,8,0.0,0.886762360446571,9,0.0,0.8792270531400966,8,0.0,0.0,True,0.0,True,True,False,0.0,0.0
dotnet/msbuild,9201477beed05d61,False,0,414,True,0.0,0.9420289855072463,6,0.0,0.9468599033816425,5,0.0,0.9492753623188406,5,0.0,0.9468599033816425,5,0.0,0.0,False,0.0,True,True,False,0.0,0.0
dotnet/msbuild,3ace29488e6b28fe,False,1,116,True,0.0,0.7931034482758621,4,0.0,0.8017241379310345,4,0.0,0.8017241379310345,4,0.0,0.8017241379310345,4,0.0,0.0,False,0.0,True,True,False,0.0,0.0
PyGithub/PyGithub,3d74db9c445cc350,False,0,233,True,0.0,0.6266094420600858,4,0.0,0.6266094420600858,4,0.0,0.6266094420600858,9,0.0,0.6351931330472103,4,1.0,1.0,True,1.0,False,False,False,0.0,0.0
PyGithub/PyGithub,60555e8a06f7bef2,False,0,159,True,0.0,0.4779874213836478,3,0.0,0.4779874213836478,3,0.0,0.3710691823899371,7,0.0,0.4779874213836478,3,1.0,1.0,True,1.0,False,False,False,0.0,0.0
PyGithub/PyGithub,bb653f26118dc2c1,False,0,152,True,0.0,0.46710526315789475,6,0.0,0.46710526315789475,6,0.0,0.47368421052631576,8,0.0,0.48026315789473684,6,1.0,1.0,True,1.0,False,False,False,0.0,0.0
PyGithub/PyGithub,c056b6914575e700,False,0,176,True,0.0,0.9204545454545454,1,0.0,0.9204545454545454,1,0.0,0.8125,6,0.0,0.9204545454545454,1,1.0,1.0,True,1.0,False,False,False,0.0,0.0
PyGithub/PyGithub,d1362af0351c770b,False,2,292,True,0.0,0.5068493150684932,5,0.0,0.5068493150684932,5,0.0,0.4657534246575342,8,0.0,0.5137931034482759,8,1.0,1.0,True,1.0,False,False,False,0.0,0.0
PyGithub/PyGithub,a9cdf635b0680040,False,0,1179,True,0.0,0.35029686174724345,29,0.0,0.3519932145886344,28,0.0,0.3638676844783715,30,0.0,0.3653355989804588,30,1.0,1.0,True,1.0,False,False,False,0.0,0.0
PyGithub/PyGithub,22f5eaf1a1eed6d1,False,0,309,True,1.0,0.4692556634304207,5,1.0,0.4627831715210356,5,1.0,0.3592233009708738,10,1.0,0.47540983606557374,4,1.0,1.0,True,1.0,False,False,False,1.0,1.0
PyGithub/PyGithub,ce796927c59b3eb7,False,0,773,True,0.0,0.3958602846054334,18,0.0,0.3958602846054334,18,0.0,0.41009055627425617,24,0.0,0.40620957309184996,18,1.0,1.0,True,1.0,False,False,False,0.0,0.0
PyGithub/PyGithub,544d9560cd7f085b,False,2,641,True,1.0,0.40717628705148207,12,1.0,0.40717628705148207,12,1.0,0.3790951638065523,13,1.0,0.4156050955414013,13,1.0,1.0,True,1.0,False,False,False,1.0,1.0
PyGithub/PyGithub,1fd9c25a757542c0,False,0,256,True,0.0,0.38671875,3,0.0,0.3984375,3,1.0,0.3515625,7,0.0,0.41796875,3,1.0,1.0,True,1.0,False,False,False,0.0,0.0
PyGithub/PyGithub,24dcecf96708d3d4,False,0,168,True,0.0,0.5654761904761905,5,0.0,0.5654761904761905,5,0.0,0.5714285714285714,7,0.0,0.6606060606060606,6,1.0,1.0,True,1.0,False,False,False,0.0,0.0
PyGithub/PyGithub,5a01d1a613eec677,False,0,84,True,0.0,0.4880952380952381,2,0.0,0.4880952380952381,2,0.0,0.4880952380952381,4,0.0,0.4880952380952381,2,1.0,1.0,True,1.0,False,False,False,0.0,0.0
twisted/twisted,39363a033ea3d1a1,False,0,341,True,0.0,0.31671554252199413,12,0.0,0.3225806451612903,12,0.0,0.3284457478005865,13,0.0,0.3480825958702065,12,0.0,0.0,False,0.0,False,False,False,0.0,0.0
twisted/twisted,5af9e6489c3e75c3,False,0,686,True,0.0,0.793002915451895,8,0.0,0.8061224489795918,8,0.0,0.8002915451895044,11,0.0,0.8744460856720827,9,0.0,0.0,False,1.0,False,False,False,0.0,0.0
twisted/twisted,0c14d510fa85d06b,False,0,210,True,0.0,0.5476190476190477,2,0.0,0.6333333333333333,1,0.0,0.6333333333333333,2,0.0,0.631578947368421,2,0.0,0.0,False,0.0,False,False,False,0.0,0.0
twisted/twisted,8e56320816625ac4,False,1,56,True,0.0,0.39285714285714285,4,0.0,0.4107142857142857,4,0.0,0.4107142857142857,3,0.0,0.44642857142857145,4,0.0,0.0,False,1.0,False,False,False,0.0,0.0
twisted/twisted,8364dd1f6c6fa150,False,1,118,True,0.0,0.3898305084745763,1,0.0,0.3898305084745763,1,0.0,0.3813559322033898,2,0.0,0.5789473684210527,2,0.0,0.0,False,1.0,False,False,False,0.0,0.0
twisted/twisted,e1e03d2e4dea2b0f,False,0,304,True,0.0,0.875,7,0.0,0.875,7,0.0,0.7401315789473685,8,0.0,0.9297658862876255,7,0.0,0.0,False,1.0,False,False,False,0.0,0.0
twisted/twisted,48b22eddf8cd42d1,False,0,109,True,0.0,0.7339449541284404,3,0.0,0.7339449541284404,3,0.0,0.7064220183486238,6,0.0,0.7685185185185185,2,0.0,0.0,False,1.0,False,False,False,0.0,0.0
twisted/twisted,86dd6a5fcd65e796,False,0,413,True,0.0,0.7554479418886199,7,0.0,0.7578692493946732,8,0.0,0.7651331719128329,9,0.0,0.802439024390244,7,0.0,0.0,False,0.0,False,False,False,0.0,0.0
twisted/twisted,a92206df522e7d65,False,1,353,True,0.0,0.6345609065155807,9,0.0,0.6175637393767706,9,0.0,0.5920679886685553,10,0.0,0.6345609065155807,7,1.0,0.5,True,1.0,False,False,False,0.0,0.0
BerriAI/litellm,f678f307e5e10371,False,46,801,True,0.0,0.6054931335830213,7,0.0,0.5892634207240949,7,0.0,0.6017478152309613,6,0.0,0.6054931335830213,7,0.0,0.0,True,0.0,False,False,False,0.0,0.0
BerriAI/litellm,4cc423bb4eb0d778,False,0,193,True,0.0,0.844559585492228,3,0.0,0.844559585492228,3,0.0,0.844559585492228,3,0.0,0.844559585492228,3,0.0,0.0,True,0.0,False,False,False,0.0,0.0
BerriAI/litellm,833e9303864a226a,False,175,3404,True,0.0,0.5217391304347826,18,0.0,0.5179200940070505,19,0.0,0.5323149236192715,18,0.0,0.5217391304347826,18,0.0,0.0,True,0.0,False,False,False,0.0,0.0
rust-windowing/winit,b803fcb7f17ed923,False,4,351,True,0.0,0.38461538461538464,8,0.0,0.38461538461538464,9,0.0,0.3789173789173789,9,0.0,0.40057636887608067,7,1.0,0.0,True,1.0,False,False,False,0.0,0.0
rust-windowing/winit,f3dbfb2563c34903,False,0,17,True,1.0,0.8823529411764706,0,1.0,0.8823529411764706,0,1.0,0.8823529411764706,0,1.0,0.8823529411764706,0,1.0,1.0,True,1.0,False,False,False,1.0,1.0
rust-windowing/winit,d6a4dbe826070a68,False,1,1343,True,0.0,0.21965748324646314,9,0.0,0.21965748324646314,9,0.0,0.2099776619508563,9,0.0,0.22876304023845007,9,0.0,0.5,True,1.0,False,False,False,0.0,0.0
rust-windowing/winit,51afc5d77bc899fd,False,0,10,True,0.0,0.4,0,0.0,0.4,0,0.0,0.5,0,0.0,0.5,0,0.0,0.0,True,0.0,False,False,False,0.0,0.0
rust-windowing/winit,2e9d962a08321605,False,0,96,True,0.0,0.8229166666666666,1,0.0,0.8229166666666666,1,0.0,0.5208333333333334,8,0.0,0.8229166666666666,1,1.0,1.0,True,1.0,False,False,False,0.0,0.0
rust-windowing/winit,1040309c64844eb1,False,1,80,True,0.0,0.5125,1,0.0,0.5375,2,0.0,0.5,2,0.0,0.5125,1,0.0,0.0,True,0.0,True,True,False,0.0,0.0
coder/code-server,e1f89aee8992fa70,False,1,881,True,0.0,0.5334846765039728,19,0.0,0.5414301929625426,18,0.0,0.5164585698070374,18,0.0,0.547105561861521,18,0.0,0.0,True,0.0,False,False,False,0.0,0.0
statelyai/xstate,c9a5710111fd709d,False,0,13,True,1.0,0.7692307692307693,0,1.0,0.7692307692307693,0,1.0,0.7692307692307693,0,1.0,1.0,0,1.0,0.0,False,1.0,False,False,False,1.0,1.0
statelyai/xstate,4ae5fb99e4e77441,True,0,165,True,0.5,0.3878787878787879,1,0.5,0.3878787878787879,1,1.0,0.4666666666666667,1,1.0,0.5822784810126582,1,0.0,0.5,True,1.0,False,False,True,0.5,1.0
statelyai/xstate,28d0f9a5619b76e9,False,0,93,True,1.0,1.0,0,1.0,1.0,0,1.0,0.967741935483871,1,1.0,1.0,0,1.0,1.0,True,1.0,False,False,False,1.0,1.0
statelyai/xstate,87db21a973eed4fe,False,0,40,True,0.0,0.8,0,0.0,0.75,0,0.0,0.75,0,0.0,0.8,0,0.0,0.0,True,1.0,False,False,False,0.0,0.0
statelyai/xstate,599c6dd14508ac6d,False,0,59,True,1.0,0.9491525423728814,2,1.0,0.9491525423728814,2,1.0,0.9491525423728814,2,1.0,0.9655172413793104,2,0.0,1.0,True,1.0,False,False,False,1.0,1.0
withastro/astro,10ca39cc15ae720b,False,0,142,True,0.0,0.4084507042253521,9,0.0,0.4084507042253521,10,0.0,0.4084507042253521,10,0.0,0.4154929577464789,7,0.0,0.0,True,0.0,False,False,False,0.0,0.0
withastro/astro,0649ed25cc58f368,False,0,112,True,0.0,0.5446428571428571,1,0.0,0.5803571428571429,1,0.0,0.5803571428571429,1,0.0,0.5803571428571429,0,0.0,0.0,True,0.0,True,True,False,0.0,0.0
withastro/astro,07e9597e4b77073c,False,0,22,True,0.0,0.7727272727272727,2,0.0,0.7727272727272727,2,0.0,0.7727272727272727,2,0.0,0.7727272727272727,2,0.0,0.0,True,0.0,False,False,False,0.0,0.0
withastro/astro,04e44d3cde1db4d5,False,10,985,True,1.0,0.6192893401015228,15,1.0,0.6081218274111675,16,1.0,0.601015228426396,13,1.0,0.6192893401015228,14,1.0,1.0,True,0.0,False,False,False,1.0,1.0
withastro/astro,dedfa49b2bb946a9,False,1,286,True,0.0,0.7272727272727273,4,0.0,0.5174825174825175,3,0.0,0.45104895104895104,3,0.0,0.7342657342657343,2,0.0,0.0,False,0.0,False,False,False,0.0,0.0
withastro/astro,b2d5bdd6911a67a4,True,1,33,True,0.0,0.6666666666666666,3,0.0,0.42424242424242425,4,0.0,0.42424242424242425,6,0.0,0.4375,3,0.0,0.0,False,0.0,False,False,False,0.0,0.0
withastro/astro,5cdb5c9ed1105cc3,False,1,417,True,0.0,0.4052757793764988,7,0.0,0.3405275779376499,7,0.0,0.44364508393285373,6,0.0,0.4052757793764988,7,0.0,0.0,True,0.0,False,False,False,0.0,0.0
withastro/astro,ba52cb0f30f0e533,False,0,21,True,0.0,0.8095238095238095,2,0.0,0.8095238095238095,2,0.0,0.8095238095238095,2,0.0,0.8571428571428571,0,1.0,0.0,False,1.0,False,False,False,0.0,0.0
withastro/astro,b58329e9d8fcde39,False,1,108,True,0.0,0.6388888888888888,4,0.0,0.6481481481481481,3,0.0,0.6666666666666666,2,0.0,0.6666666666666666,3,0.0,0.0,False,0.0,False,False,False,0.0,0.0
withastro/astro,3974ff1a07864eae,False,1,107,True,0.0,0.4766355140186916,9,0.0,0.4672897196261682,8,0.0,0.411214953271028,9,0.0,0.48598130841121495,7,0.0,0.0,True,0.0,False,False,False,0.0,0.0
withastro/astro,2723cd8558108214,False,0,61,True,0.0,0.9180327868852459,2,0.0,0.9180327868852459,2,0.0,0.9344262295081968,2,0.0,0.9344262295081968,0,0.0,0.0,False,0.0,False,False,False,0.0,0.0
withastro/astro,649900cd84eb428e,False,0,194,True,0.0,0.32989690721649484,1,0.0,0.32989690721649484,1,0.0,0.4381443298969072,1,0.0,0.32989690721649484,1,0.0,0.0,True,0.0,False,False,False,0.0,0.0
withastro/astro,db79b5bde475851e,False,0,171,True,0.0,0.8713450292397661,6,0.0,0.8713450292397661,6,0.0,0.8713450292397661,6,0.0,0.8713450292397661,6,0.0,0.0,True,0.0,False,False,False,0.0,0.0
withastro/astro,d871d8733c589083,False,1,191,True,0.0,0.8167539267015707,11,0.0,0.8115183246073299,11,0.0,0.8167539267015707,10,0.0,0.8481675392670157,10,0.0,0.0,True,0.0,False,False,False,0.0,0.0
withastro/astro,6e064c5b8fffac83,False,0,40,True,0.0,0.575,2,0.0,0.525,2,0.0,0.575,2,0.0,0.6,1,0.0,0.3333333333333333,True,0.0,False,False,False,0.0,0.0
withastro/astro,f972aece6f7aaebf,False,0,106,True,0.0,0.7358490566037735,3,0.0,0.6037735849056604,3,0.0,0.6698113207547169,2,0.0,0.7358490566037735,2,0.0,0.0,True,0.0,False,False,False,0.0,0.0
withastro/astro,2bf04fb895fb2519,False,2,69,True,0.0,0.463768115942029,5,0.0,0.463768115942029,5,0.0,0.3188405797101449,4,0.0,0.4782608695652174,4,0.0,0.0,True,0.0,False,False,False,0.0,0.0
withastro/astro,d892335a727b50bd,False,0,59,True,0.0,0.9322033898305084,1,0.0,0.9322033898305084,1,0.0,0.5084745762711864,5,0.0,0.9491525423728814,0,0.0,0.0,True,0.0,False,False,False,0.0,0.0
withastro/astro,d6396529200efd25,False,0,24,True,0.0,0.6666666666666666,0,0.0,0.6666666666666666,0,0.0,0.6666666666666666,0,0.0,0.6666666666666666,0,0.0,0.0,False,0.0,False,False,False,0.0,0.0
withastro/astro,31e6f65a8527fa0c,False,2,302,True,0.0,0.2119205298013245,15,0.0,0.1291390728476821,14,0.0,0.19205298013245034,16,0.0,0.2185430463576159,14,0.0,0.0,True,0.0,False,False,False,0.0,0.0
withastro/astro,c9ed1d418b8c761f,False,1,49,True,0.0,0.8163265306122449,2,0.0,0.8163265306122449,2,0.0,0.8163265306122449,2,0.0,0.8163265306122449,2,0.0,0.0,True,0.0,False,False,False,0.0,0.0
locustio/locust,6ef325a166b83c94,False,1,397,True,0.0,0.6574307304785895,6,0.0,0.6599496221662469,6,0.0,0.6750629722921915,6,0.0,0.6818181818181818,6,0.0,0.0,False,0.0,False,False,False,0.0,0.0
locustio/locust,0a5d25e3b717d98c,False,1,28,True,0.0,0.2857142857142857,2,0.0,0.35714285714285715,2,0.0,0.35714285714285715,2,0.0,0.2857142857142857,1,0.0,0.0,True,0.0,False,False,False,0.0,0.0
locustio/locust,021d9615aa6aadc6,True,0,37,True,0.0,0.7297297297297297,2,0.0,0.7297297297297297,2,0.0,0.7297297297297297,2,0.0,0.5277777777777778,1,0.0,0.0,False,1.0,False,False,False,0.0,0.0
locustio/locust,0d21cf33635780ee,False,0,56,True,0.0,0.7857142857142857,4,0.0,0.8571428571428571,5,0.0,0.8571428571428571,5,0.0,0.8888888888888888,4,0.0,0.0,False,0.0,False,False,False,0.0,0.0
locustio/locust,43ecf2bfa4e97c34,False,1,278,True,0.0,0.302158273381295,14,0.0,0.35611510791366907,14,0.0,0.38848920863309355,15,0.0,0.2878787878787879,14,0.0,0.0,False,0.0,False,False,False,0.0,0.0
locustio/locust,81a8e34f7c9a9b06,False,6,1591,True,0.0,0.38843494657448147,19,0.0,0.3702074167190446,24,0.0,0.32809553739786296,23,0.0,0.3903979785217941,18,0.0,0.0,True,0.0,False,False,False,0.0,0.0
locustio/locust,85933aa74a2d66c3,False,1,202,True,0.0,0.47029702970297027,2,0.0,0.5445544554455446,2,0.0,0.5742574257425742,1,0.0,0.6446700507614214,3,1.0,1.0,True,1.0,False,False,False,0.0,0.0
locustio/locust,9adfa6515f3daa01,False,0,99,True,0.0,0.898989898989899,3,0.0,0.898989898989899,3,0.0,0.9090909090909091,3,0.0,0.9285714285714286,3,0.0,0.0,False,0.0,False,False,False,0.0,0.0
locustio/locust,7fe2d91623abc9cd,False,7,766,True,0.0,0.38511749347258484,17,0.0,0.31070496083550914,17,0.0,0.3263707571801567,18,0.0,0.3103448275862069,18,0.0,0.0,True,0.0,False,False,False,0.0,0.0
locustio/locust,ef87a31e21982a46,False,0,81,True,0.0,0.6049382716049383,4,0.0,0.6049382716049383,3,0.0,0.6172839506172839,3,0.0,0.6708860759493671,3,0.0,0.0,False,0.0,False,False,False,0.0,0.0
locustio/locust,e970d7f4c6415bb6,False,0,35,True,0.0,0.7714285714285715,1,0.0,0.9142857142857143,1,0.0,0.9142857142857143,1,0.0,0.9666666666666667,1,0.0,0.0,False,0.0,False,False,False,0.0,0.0
locustio/locust,189588e8d0bd1561,False,2,455,True,0.0,0.32967032967032966,14,0.0,0.3362637362637363,14,0.0,0.3384615384615385,15,0.0,0.34080717488789236,14,1.0,0.0,True,1.0,False,False,False,0.0,0.0
YOURLS/YOURLS,2d9a5ee7daf86486,False,0,528,True,1.0,0.9621212121212122,2,1.0,0.9564393939393939,2,1.0,0.9564393939393939,2,1.0,0.9788867562380038,2,1.0,1.0,True,0.0,False,False,False,1.0,1.0
YOURLS/YOURLS,744a768781da3904,True,1,168,True,0.0,0.9345238095238095,0,0.0,0.9345238095238095,0,0.0,0.9345238095238095,0,0.0,0.9285714285714286,0,0.0,0.0,False,0.0,False,False,False,0.0,0.0
YOURLS/YOURLS,10cab7e3222f6c8b,False,0,351,True,1.0,0.9088319088319088,1,1.0,0.6011396011396012,4,1.0,0.5954415954415955,5,1.0,0.9583333333333334,2,1.0,1.0,True,0.0,False,False,False,1.0,1.0
YOURLS/YOURLS,1c08b27bcf43583c,False,4,1324,True,1.0,0.5694864048338368,6,1.0,0.5128398791540786,11,1.0,0.48867069486404835,12,1.0,0.6539984164687253,7,1.0,0.0,True,0.0,False,False,False,1.0,1.0
YOURLS/YOURLS,7173d8696af8df2a,False,0,115,True,1.0,0.782608695652174,1,1.0,0.8782608695652174,1,1.0,0.8260869565217391,0,1.0,0.7894736842105263,1,1.0,0.0,False,0.0,False,False,False,1.0,1.0
YOURLS/YOURLS,b335630551682c19,False,0,97,True,1.0,0.6391752577319587,3,1.0,0.6288659793814433,5,1.0,0.6288659793814433,5,1.0,0.6458333333333334,3,0.0,0.0,True,0.0,False,False,False,1.0,1.0
YOURLS/YOURLS,96e9b108f8115ef3,False,1,1047,True,1.0,0.828080229226361,4,1.0,0.5415472779369628,17,1.0,0.5396370582617,17,1.0,0.9560117302052786,6,1.0,0.3333333333333333,True,0.0,False,False,False,1.0,1.0
YOURLS/YOURLS,06572a96a58dc510,False,0,256,True,1.0,0.6640625,0,1.0,0.6640625,0,1.0,0.46875,0,1.0,0.6967213114754098,1,0.0,0.0,True,0.0,False,False,False,1.0,1.0
YOURLS/YOURLS,b213defca81f47fd,False,0,557,True,0.0,0.9030520646319569,0,0.0,0.8366247755834829,4,0.0,0.8366247755834829,5,0.0,0.9422718808193669,0,0.0,0.0,True,0.0,False,False,False,0.0,0.0
YOURLS/YOURLS,34b917ccee64767d,False,1,778,True,1.0,0.6786632390745502,0,1.0,0.9987146529562982,1,1.0,0.9987146529562982,1,1.0,1.0,0,1.0,1.0,True,0.0,False,False,False,1.0,1.0
YOURLS/YOURLS,483f34ef5d156969,False,0,929,True,1.0,0.4703982777179763,2,1.0,0.5016146393972013,2,1.0,0.4897739504843918,2,1.0,0.5022421524663677,2,1.0,1.0,True,0.0,False,False,False,1.0,1.0
growthbook/growthbook,e845ef2d92ca5f72,False,0,337,True,1.0,0.9554896142433235,1,1.0,0.9614243323442137,1,1.0,0.7774480712166172,3,1.0,1.0,0,1.0,1.0,True,0.0,False,False,False,1.0,1.0
growthbook/growthbook,c2a4e8cef1d45041,False,0,178,True,0.0,0.8595505617977528,1,0.0,0.9044943820224719,1,0.0,0.9382022471910112,4,0.0,0.9830508474576272,1,0.0,0.0,True,0.0,False,False,False,0.0,0.0
growthbook/growthbook,0bc5af95446e5670,False,0,172,True,0.0,0.7965116279069767,2,0.0,0.8372093023255814,3,0.0,0.8372093023255814,4,0.0,0.8313953488372093,2,0.0,0.0,True,0.0,False,False,False,0.0,0.0
growthbook/growthbook,252e5fa73ea03c88,False,0,144,True,1.0,0.3958333333333333,2,1.0,0.3888888888888889,2,1.0,0.3541666666666667,2,1.0,0.4027777777777778,1,1.0,1.0,True,0.0,False,False,False,1.0,1.0
growthbook/growthbook,165f5d95efa352b2,False,0,210,True,0.0,0.9476190476190476,2,0.0,0.9571428571428572,2,0.0,0.9523809523809523,3,0.0,0.9904761904761905,2,0.0,0.0,True,0.0,False,False,False,0.0,0.0
growthbook/growthbook,db578cbd9c338aac,False,0,305,True,0.0,0.4786885245901639,6,0.0,0.6131147540983607,6,0.0,0.42295081967213116,6,0.0,0.5016393442622951,5,0.0,1.0,True,0.0,False,False,False,0.0,0.0
growthbook/growthbook,2ee511687f474880,False,1,79,True,0.0,0.9873417721518988,1,0.0,0.9873417721518988,1,0.0,0.9620253164556962,3,0.0,1.0,0,0.0,0.0,False,0.0,False,False,False,0.0,0.0
growthbook/growthbook,e9dc6a02c866ee9a,False,0,155,True,0.0,0.9806451612903225,1,0.0,0.9806451612903225,1,0.0,0.9806451612903225,1,0.0,0.9870967741935484,1,0.0,0.0,True,0.0,False,False,False,0.0,0.0
growthbook/growthbook,29e2391fc6049089,False,1,174,True,0.0,0.39080459770114945,7,0.0,0.39080459770114945,7,0.0,0.39080459770114945,7,0.0,0.367816091954023,6,1.0,1.0,True,0.0,False,False,False,0.0,0.0
growthbook/growthbook,9e8674d163ec3901,False,0,27,True,1.0,0.9629629629629629,1,1.0,0.9629629629629629,1,1.0,0.9629629629629629,1,1.0,1.0,0,1.0,1.0,True,0.0,False,False,False,1.0,1.0
growthbook/growthbook,1e7a01a4978cb2e6,False,8,264,True,0.0,0.5833333333333334,3,0.0,0.5833333333333334,3,0.0,0.6439393939393939,4,0.0,0.5984848484848485,2,0.0,0.0,True,0.0,False,False,False,0.0,0.0
growthbook/growthbook,93935355affa8ae6,False,3,443,True,1.0,0.45146726862302483,5,1.0,0.5169300225733634,5,1.0,0.5056433408577878,5,1.0,0.6175115207373272,6,0.0,0.5,True,0.0,False,False,False,1.0,1.0
growthbook/growthbook,292d3674060d8f81,False,1,127,True,0.0,0.9448818897637795,0,0.0,0.9448818897637795,0,0.0,0.8976377952755905,4,0.0,0.952755905511811,1,0.0,0.0,True,0.0,False,False,False,0.0,0.0
growthbook/growthbook,2851a2386d1cfa8c,True,0,50,True,0.0,0.76,0,0.0,0.8,0,0.0,0.8,0,0.0,0.92,0,0.0,0.0,False,0.0,False,False,False,0.0,0.0
growthbook/growthbook,0e2e47087c73a341,False,1,336,True,0.0,0.6369047619047619,5,0.0,0.6279761904761905,5,0.0,0.5982142857142857,8,0.0,0.6755952380952381,5,0.0,0.0,False,0.0,False,False,False,0.0,0.0
growthbook/growthbook,0ed8a7b5393e3708,False,1,263,True,0.0,0.8174904942965779,3,0.0,0.8174904942965779,3,0.0,0.8250950570342205,4,0.0,0.8669201520912547,3,0.0,0.0,True,0.0,False,False,False,0.0,0.0
growthbook/growthbook,c805a727b6734aec,False,0,164,True,0.0,0.5182926829268293,4,0.0,0.6219512195121951,4,0.0,0.6219512195121951,4,0.0,0.5853658536585366,5,1.0,0.5,True,0.0,False,False,False,0.0,0.0
growthbook/growthbook,93917d52743e7e9d,False,0,181,True,0.0,0.5082872928176796,4,0.0,0.7624309392265194,4,0.0,0.7403314917127072,4,0.0,0.5359116022099447,3,0.0,0.0,False,0.0,False,False,False,0.0,0.0
growthbook/growthbook,28742c737e523f30,False,1,267,True,0.0,0.6179775280898876,5,0.0,0.6142322097378277,6,0.0,0.6142322097378277,6,0.0,0.6217228464419475,5,0.0,1.0,True,0.0,False,False,False,0.0,0.0
growthbook/growthbook,641dd2128df440b0,False,0,469,True,0.0,0.9786780383795309,1,0.0,0.9786780383795309,1,0.0,0.8678038379530917,3,0.0,0.9957356076759062,1,0.0,0.0,True,0.0,False,False,False,0.0,0.0
growthbook/growthbook,32ba8a009407e30a,True,0,26,True,0.0,0.5384615384615384,0,0.0,0.5769230769230769,0,0.0,0.5769230769230769,0,0.0,0.7307692307692307,0,0.0,0.0,False,0.0,False,False,False,0.0,0.0
growthbook/growthbook,545ab2a99f54de88,False,1,295,True,0.0,0.9966101694915255,1,0.0,0.9966101694915255,1,0.0,0.9966101694915255,1,0.0,1.0,0,0.0,0.0,False,0.0,False,False,False,0.0,0.0
growthbook/growthbook,65bb1774992bb42a,False,0,150,True,0.0,0.74,1,0.0,0.74,2,0.0,0.74,2,0.0,0.7533333333333333,1,0.0,0.0,False,0.0,False,False,False,0.0,0.0
enso-org/enso,7abf5406e8962e93,False,1,745,True,1.0,0.7100671140939597,9,1.0,0.2738255033557047,8,1.0,0.27248322147651005,8,1.0,0.284375,9,1.0,0.0,True,0.0,False,False,False,1.0,1.0
enso-org/enso,e361a34b687e5061,True,0,50,True,0.0,0.62,0,0.0,0.76,0,0.0,0.76,0,0.0,0.76,0,0.0,0.0,True,0.0,False,False,False,0.0,0.0
enso-org/enso,3658ca8ad2a15967,False,1,28,True,0.0,0.5,1,0.0,0.5,1,0.0,0.5,1,0.0,0.5,1,0.0,0.0,True,0.0,False,False,False,0.0,0.0
enso-org/enso,e5f5010605508009,True,1,620,True,0.0,0.9112903225806451,3,0.0,0.7419354838709677,6,0.0,0.7532258064516129,6,0.0,0.7504132231404959,6,0.0,0.0,True,0.0,False,False,False,0.0,0.0
enso-org/enso,c881002d410377af,False,0,20,True,0.0,0.7,0,0.0,0.85,0,0.0,0.85,0,0.0,0.85,0,0.0,0.0,True,0.0,False,False,False,0.0,0.0
enso-org/enso,4ac6f9933d907f31,True,0,112,True,1.0,0.6339285714285714,0,0.0,0.6875,0,0.0,0.6696428571428571,1,0.0,0.6846846846846847,0,0.0,1.0,True,0.0,False,False,False,1.0,0.0
enso-org/enso,603d286aad405997,False,0,37,True,0.0,1.0,0,0.0,1.0,0,0.0,0.972972972972973,1,0.0,1.0,0,0.0,0.0,True,0.0,False,False,False,0.0,0.0
enso-org/enso,ec2879408e0c8b1b,False,0,9,True,0.0,0.5555555555555556,0,0.0,0.5555555555555556,0,0.0,0.5555555555555556,0,0.0,0.6666666666666666,0,0.0,0.0,True,0.0,False,False,False,0.0,0.0
enso-org/enso,7b8c8a74036159eb,False,0,195,True,0.0,0.5897435897435898,2,0.0,0.4256410256410256,2,0.0,0.41025641025641024,3,0.0,0.3631578947368421,2,0.0,0.0,True,0.0,False,False,False,0.0,0.0
enso-org/enso,b0d2e77644e7f084,True,0,226,True,0.0,0.5575221238938053,1,0.0,0.415929203539823,0,0.0,0.415929203539823,0,0.0,0.3684210526315789,0,0.0,0.0,True,0.0,False,False,False,0.0,0.0
enso-org/enso,43cd38815aec6f6d,False,0,51,True,0.0,0.37254901960784315,0,0.0,0.3137254901960784,0,0.0,0.3137254901960784,0,0.0,0.3137254901960784,0,0.0,0.0,True,0.0,False,False,False,0.0,0.0
enso-org/enso,bed5cea6575fc66c,True,0,74,True,0.0,0.9459459459459459,0,0.0,0.9864864864864865,1,0.0,0.9864864864864865,1,0.0,0.9848484848484849,1,0.0,0.0,False,0.0,False,False,False,0.0,0.0
enso-org/enso,8b4687ca4ed5452d,False,0,28,True,0.0,0.4642857142857143,0,0.0,0.4642857142857143,0,0.0,0.4642857142857143,0,0.0,0.4642857142857143,0,0.0,0.0,True,0.0,False,False,False,0.0,0.0
enso-org/enso,01f31c7e94b27b01,False,1,226,True,0.0,0.7522123893805309,7,0.0,0.668141592920354,7,0.0,0.672566371681416,7,0.0,0.6682027649769585,6,1.0,0.0,True,0.0,False,False,False,0.0,0.0
enso-org/enso,92bcfc52046b8583,False,0,38,True,0.0,1.0,0,0.0,1.0,0,0.0,0.47368421052631576,0,0.0,1.0,0,0.0,0.0,True,0.0,False,False,False,0.0,0.0
enso-org/enso,b25f52e68f931915,False,1,218,True,0.0,0.6697247706422018,4,0.0,0.5871559633027523,5,0.0,0.591743119266055,4,0.0,0.5871559633027523,5,1.0,0.0,True,0.0,False,False,False,0.0,0.0
OctoPrint/OctoPrint,f2beb4460f1bfeef,False,0,161,True,1.0,1.0,0,1.0,1.0,0,1.0,1.0,0,1.0,1.0,0,1.0,0.0,False,1.0,False,False,False,1.0,1.0
OctoPrint/OctoPrint,6169cf5ac8c03390,False,0,95,True,1.0,0.968421052631579,2,1.0,0.968421052631579,2,1.0,0.968421052631579,2,1.0,0.7894736842105263,1,0.0,0.0,False,1.0,False,False,False,1.0,1.0
OctoPrint/OctoPrint,4b98cfdf8b8d48a7,False,0,70,True,0.0,0.9571428571428572,2,0.0,0.9571428571428572,2,0.0,0.6142857142857143,2,0.0,0.9571428571428572,2,1.0,1.0,True,1.0,False,False,False,0.0,0.0
OctoPrint/OctoPrint,013fead770456fd7,True,4,564,True,0.0,0.5301418439716312,8,0.0,0.46631205673758863,8,0.0,0.4769503546099291,8,0.0,0.5630550621669627,8,0.0,0.0,True,0.0,False,False,True,0.0,0.0
OctoPrint/OctoPrint,cced0ab71081008d,False,0,306,True,0.0,0.4150326797385621,0,0.0,0.4444444444444444,0,0.0,0.4444444444444444,0,0.0,0.4150326797385621,0,1.0,1.0,True,1.0,False,False,False,0.0,0.0
OctoPrint/OctoPrint,0c29d466cb00a668,False,1,457,True,0.0,0.9234135667396062,1,0.0,0.6630196936542669,3,0.0,0.6433260393873085,3,0.0,0.6166666666666667,2,0.0,0.0,False,0.0,False,False,False,0.0,0.0
OctoPrint/OctoPrint,85c4be51cbc1dd72,False,0,167,True,1.0,1.0,0,1.0,1.0,0,1.0,0.8023952095808383,0,1.0,1.0,0,1.0,0.0,False,1.0,False,False,False,1.0,1.0
hibernate/hibernate-orm,8d16cd9822c1afa1,False,0,121,True,0.0,0.9752066115702479,1,0.0,0.9752066115702479,1,0.0,0.9752066115702479,1,0.0,0.9752066115702479,1,0.0,0.0,True,0.0,False,False,False,0.0,0.0
hibernate/hibernate-orm,fa1bbefb26bf0ad4,False,0,29,True,0.0,1.0,0,0.0,1.0,0,0.0,1.0,0,0.0,1.0,0,0.0,0.0,True,1.0,False,False,False,0.0,0.0
hibernate/hibernate-orm,dfb569da24453038,False,1,107,True,0.0,1.0,0,0.0,1.0,0,0.0,1.0,0,0.0,1.0,0,0.0,0.0,True,0.0,False,False,False,0.0,0.0
hibernate/hibernate-orm,3822883a554aea8f,False,0,81,True,0.0,1.0,0,0.0,1.0,0,0.0,0.9629629629629629,1,0.0,1.0,0,0.0,0.0,True,0.0,False,False,False,0.0,0.0
hibernate/hibernate-orm,e68fd0739bdc1e6c,False,0,111,True,0.0,1.0,0,0.0,1.0,0,0.0,1.0,0,0.0,1.0,0,0.0,0.0,True,0.0,False,False,False,0.0,0.0
hibernate/hibernate-orm,f7f25317676bccc7,False,0,64,True,0.0,1.0,0,0.0,1.0,0,0.0,1.0,0,0.0,1.0,0,0.0,0.0,True,0.0,False,False,False,0.0,0.0
hibernate/hibernate-orm,8f2554f66fe69a5e,False,0,130,True,0.0,1.0,0,0.0,1.0,0,0.0,1.0,0,0.0,1.0,0,0.0,0.0,True,0.0,False,False,False,0.0,0.0
hibernate/hibernate-orm,a1fe519735f1a6a0,False,0,134,True,0.0,1.0,0,0.0,1.0,0,0.0,1.0,0,0.0,1.0,0,0.0,0.0,True,0.0,False,False,False,0.0,0.0
hibernate/hibernate-orm,97e472fefa265a2c,False,0,87,True,0.0,1.0,0,0.0,1.0,0,0.0,1.0,0,0.0,1.0,0,0.0,0.0,True,0.0,False,False,False,0.0,0.0
hibernate/hibernate-orm,f6da81e32ad577fa,False,0,64,True,0.0,1.0,0,0.0,1.0,0,0.0,1.0,0,0.0,1.0,0,0.0,0.0,True,0.0,False,False,False,0.0,0.0
hibernate/hibernate-orm,da84c1ec0f6ed07f,False,0,152,True,0.0,1.0,0,0.0,1.0,0,0.0,1.0,0,0.0,1.0,0,0.0,0.0,True,0.0,False,False,False,0.0,0.0
hibernate/hibernate-orm,91b752f68f3722b7,False,0,114,True,0.0,1.0,0,0.0,1.0,0,0.0,0.9736842105263158,1,0.0,1.0,0,0.0,0.0,True,1.0,False,False,False,0.0,0.0
hibernate/hibernate-orm,4f7837abf8229c52,False,0,52,True,0.0,1.0,0,0.0,1.0,0,0.0,1.0,0,0.0,1.0,0,0.0,0.0,True,0.0,False,False,False,0.0,0.0
hibernate/hibernate-orm,b7531779ea7c146c,False,1,86,True,0.0,1.0,0,0.0,1.0,0,0.0,1.0,0,0.0,1.0,0,0.0,0.0,True,0.0,False,False,False,0.0,0.0
bentoml/OpenLLM,50c86b7ed8ac2cf9,False,0,116,True,0.0,0.9137931034482759,1,0.0,0.8362068965517241,2,0.0,0.8362068965517241,2,0.0,0.9137931034482759,1,1.0,1.0,True,0.0,False,False,False,,
bentoml/OpenLLM,63a9c44a44acf85f,False,0,52,True,0.0,0.7692307692307693,1,0.0,0.7692307692307693,1,0.0,0.7692307692307693,1,0.0,0.75,1,1.0,1.0,True,0.0,True,True,False,,
ohmybash/oh-my-bash,341b246721c07eda,False,3,99,True,0.0,0.6464646464646465,1,0.0,0.494949494949495,0,0.0,0.48484848484848486,0,0.0,0.6464646464646465,0,0.0,0.0,True,0.0,False,False,False,0.0,0.0
ohmybash/oh-my-bash,68eafa1d338f68de,False,2,94,True,0.0,0.7446808510638298,1,0.0,0.7659574468085106,0,0.0,0.7659574468085106,0,0.0,0.7553191489361702,0,1.0,0.0,False,1.0,False,False,False,0.0,0.0
ohmybash/oh-my-bash,a59b2f7945bca08e,False,1,27,True,0.0,0.9259259259259259,2,0.0,0.9629629629629629,1,0.0,0.9629629629629629,1,0.0,0.9629629629629629,1,0.0,0.0,True,0.0,False,False,False,0.0,0.0
ohmybash/oh-my-bash,9587f0e4a9256346,False,1,145,True,1.0,0.6206896551724138,1,1.0,0.5517241379310345,0,1.0,0.5379310344827586,1,1.0,0.6206896551724138,0,1.0,1.0,True,1.0,False,False,False,1.0,1.0
pypa/pip,2d8b55c561045bc5,False,0,167,True,0.0,0.6227544910179641,5,0.0,0.6227544910179641,5,0.0,0.46706586826347307,5,0.0,0.6227544910179641,5,0.0,1.0,True,0.0,False,False,False,0.0,0.0
pypa/pip,0ffa77b60125cc07,False,0,611,True,0.0,0.3109656301145663,19,0.0,0.3109656301145663,19,0.0,0.2864157119476268,19,0.0,0.4672131147540984,20,0.0,0.0,True,0.0,False,False,False,0.0,0.0
pypa/pip,ebb046839d6a360b,True,0,454,True,0.0,0.21806167400881057,11,0.0,0.21806167400881057,11,0.0,0.24008810572687225,13,0.0,0.09251101321585903,12,0.0,0.0,True,0.0,False,False,False,0.0,0.0
pypa/pip,6a334a312dbfe599,False,0,489,True,0.0,0.294478527607362,12,0.0,0.3149284253578732,13,0.0,0.23517382413087934,16,0.0,0.31901840490797545,12,0.0,0.0,True,1.0,False,False,False,0.0,0.0
pypa/pip,629b1eb45f879712,False,0,284,True,0.0,0.3274647887323944,5,0.0,0.33098591549295775,5,0.0,0.3591549295774648,6,0.0,0.45555555555555555,6,1.0,0.3333333333333333,True,1.0,False,False,False,0.0,0.0
pypa/pip,59d1decf3b7b4266,False,0,288,True,0.0,0.6458333333333334,13,0.0,0.6354166666666666,13,0.0,0.6388888888888888,13,0.0,0.5868055555555556,12,0.0,0.0,True,0.0,False,False,False,0.0,0.0
pypa/pip,92bb16f3005aafbd,False,0,234,True,0.0,0.3162393162393162,3,0.0,0.3162393162393162,3,0.0,0.36324786324786323,4,0.0,0.34763948497854075,3,0.0,0.3333333333333333,True,0.0,False,False,False,0.0,0.0
pypa/pip,6fbd1c928e58f61a,True,4,400,True,0.0,0.2375,27,0.0,0.2375,27,0.0,0.2475,28,0.0,0.15538847117794485,26,0.0,0.0,True,0.0,False,False,False,0.0,0.0
pypa/pip,e82afdeaf84bf5be,True,1,135,True,0.0,0.3037037037037037,12,0.0,0.2740740740740741,13,0.0,0.2740740740740741,12,0.0,0.2222222222222222,13,0.0,0.0,True,0.0,False,False,False,0.0,0.0
pypa/pip,544069f03a5c6107,False,0,33,True,0.0,0.5757575757575758,0,0.0,0.5757575757575758,0,0.0,0.5757575757575758,0,0.0,0.6060606060606061,1,0.0,0.0,True,1.0,False,False,False,0.0,0.0
pypa/pip,58ee9eb756d34a1b,False,0,166,True,0.0,0.6506024096385542,4,0.0,0.6927710843373494,4,0.0,0.6927710843373494,5,0.0,0.6545454545454545,4,0.0,0.0,True,0.0,False,False,False,0.0,0.0
pypa/pip,96d476f392cb7e26,True,0,577,True,0.0,0.17677642980935876,13,0.0,0.1733102253032929,13,0.0,0.17504332755632582,14,0.0,0.16291161178509533,15,1.0,1.0,True,0.0,False,False,False,0.0,0.0
pypa/pip,0cb21f1451238701,False,1,118,True,0.0,0.3644067796610169,3,0.0,0.3644067796610169,3,0.0,0.3644067796610169,3,0.0,0.3644067796610169,3,0.0,0.0,False,1.0,False,False,False,0.0,0.0
pypa/pip,226761ce26bee46b,False,0,227,True,1.0,0.7180616740088106,5,1.0,0.7268722466960352,5,1.0,0.7400881057268722,5,1.0,0.7400881057268722,5,0.0,0.0,True,0.0,False,False,False,1.0,1.0
pypa/pip,acfdf28da3e99619,False,0,197,True,0.0,0.37055837563451777,7,0.0,0.3756345177664975,7,0.0,0.38071065989847713,6,0.0,0.5482233502538071,9,0.0,0.0,True,0.0,False,False,False,0.0,0.0
pypa/pip,ac38863b7583c4e3,False,0,302,True,0.0,0.5264900662251656,3,0.0,0.5264900662251656,3,0.0,0.5827814569536424,7,0.0,0.5264900662251656,3,0.0,0.0,True,0.0,False,False,False,0.0,0.0
pypa/pip,3becafed813ae9b8,True,1,276,True,0.0,0.32608695652173914,13,0.0,0.32608695652173914,13,0.0,0.322463768115942,13,0.0,0.20220588235294118,12,0.0,0.0,True,0.0,False,False,False,0.0,0.0
quantumlib/Cirq,2b5f89ffbffd4adc,False,2,80,True,0.0,0.925,1,0.0,0.925,1,0.0,0.925,1,0.0,0.9375,0,1.0,1.0,True,1.0,False,False,False,0.0,0.0
quantumlib/Cirq,e968852177187581,False,0,355,True,0.0,0.9380281690140845,4,0.0,0.9380281690140845,4,0.0,0.9042253521126761,5,0.0,0.9519774011299436,3,0.0,0.0,True,0.0,False,False,False,0.0,0.0
quantumlib/Cirq,c61773ec62f9a1ed,True,1,781,True,0.0,0.3175416133162612,5,0.0,0.3175416133162612,5,0.0,0.28297055057618437,7,0.0,0.3393782383419689,5,1.0,1.0,True,1.0,False,False,False,0.0,0.0
quantumlib/Cirq,e4f967b0cae95145,False,2,180,True,0.0,0.8277777777777777,1,0.0,0.8277777777777777,1,0.0,0.7444444444444445,3,0.0,0.85,0,1.0,1.0,True,1.0,False,False,False,0.0,0.0
quantumlib/Cirq,3b222999a1fb1c5e,False,0,33,True,0.0,0.42424242424242425,1,0.0,0.42424242424242425,1,0.0,0.5454545454545454,1,0.0,0.6060606060606061,1,0.0,0.0,True,0.0,False,False,False,0.0,0.0
quantumlib/Cirq,fb4875c304782d09,False,1,329,True,0.0,0.7082066869300911,12,0.0,0.7264437689969605,12,0.0,0.7325227963525835,12,0.0,0.7791411042944786,11,1.0,0.5,True,1.0,False,False,False,0.0,0.0
quantumlib/Cirq,b6cb000c3a61e0c8,False,1,404,True,0.0,0.7896039603960396,3,0.0,0.7896039603960396,3,0.0,0.7599009900990099,5,0.0,0.8709677419354839,2,0.0,0.5,True,1.0,False,False,False,0.0,0.0
quantumlib/Cirq,1e6af05b32a15b52,False,2,63,True,0.0,0.9206349206349206,1,0.0,0.9365079365079365,0,0.0,0.746031746031746,0,0.0,0.9365079365079365,0,1.0,1.0,True,1.0,False,False,False,0.0,0.0
quantumlib/Cirq,6bcf821ef8cd666b,False,2,388,True,0.0,0.9510309278350515,5,0.0,0.9510309278350515,5,0.0,0.9510309278350515,5,0.0,0.9716494845360825,4,0.0,0.5,True,1.0,False,False,False,0.0,0.0
quantumlib/Cirq,8f67a9f63454fd10,False,2,212,True,0.0,0.7452830188679245,4,0.0,0.7452830188679245,4,0.0,0.6839622641509434,5,0.0,0.7594339622641509,4,0.0,0.0,True,0.0,False,False,False,0.0,0.0
quantumlib/Cirq,309a5d7bb9fe162e,False,0,87,True,0.0,0.7586206896551724,2,0.0,0.7586206896551724,2,0.0,0.6436781609195402,2,0.0,0.7674418604651163,3,0.0,0.3333333333333333,True,1.0,False,False,False,0.0,0.0
quantumlib/Cirq,c4cdb9219ec2a042,False,3,810,True,1.0,0.9629629629629629,2,1.0,0.9654320987654321,2,1.0,0.9679012345679012,2,1.0,0.991358024691358,1,1.0,1.0,True,0.0,False,False,False,1.0,1.0
quantumlib/Cirq,471a1185536dc4cf,False,0,1102,True,0.0,0.720508166969147,1,0.0,0.7241379310344828,1,0.0,0.691470054446461,4,0.0,0.8109090909090909,2,1.0,0.5,True,0.0,False,False,False,0.0,0.0
quantumlib/Cirq,8a7f971856cd0170,False,6,964,True,0.0,0.516597510373444,15,0.0,0.5072614107883817,17,0.0,0.34647302904564314,17,0.0,0.5338189386056191,14,1.0,1.0,True,1.0,False,False,False,0.0,0.0
quantumlib/Cirq,b373d5ec3cabedb2,False,1,166,True,0.0,0.41566265060240964,5,0.0,0.41566265060240964,5,0.0,0.5060240963855421,5,0.0,0.4397590361445783,4,1.0,1.0,True,1.0,False,False,False,0.0,0.0
quantumlib/Cirq,1e8af7ae5407fe26,False,0,153,True,0.0,0.7320261437908496,6,0.0,0.738562091503268,5,0.0,0.6993464052287581,7,0.0,0.7368421052631579,5,0.0,0.0,True,0.0,False,False,False,0.0,0.0
dependabot/dependabot-core,b59e56e1d8fb2aa6,False,0,333,True,1.0,0.9219219219219219,1,1.0,0.9219219219219219,1,1.0,0.9219219219219219,1,1.0,0.9274924471299094,0,0.0,0.5,True,0.0,False,False,False,1.0,1.0
dependabot/dependabot-core,074e9d913b3d3604,False,2,575,True,0.0,0.44173913043478263,10,0.0,0.4608695652173913,9,0.0,0.4608695652173913,10,0.0,0.5043478260869565,10,0.0,0.0,False,0.0,False,False,False,0.0,0.0
dependabot/dependabot-core,94a97db6bb7ef631,False,0,79,True,0.0,0.45569620253164556,4,0.0,0.45569620253164556,4,0.0,0.45569620253164556,4,0.0,0.5063291139240507,3,0.0,0.0,True,0.0,False,False,False,0.0,0.0
dependabot/dependabot-core,ea18ccde6259bd19,False,2,740,True,1.0,0.8054054054054054,1,1.0,0.8216216216216217,1,1.0,0.85,2,1.0,0.8351351351351352,0,0.0,1.0,True,0.0,False,False,False,1.0,1.0
dependabot/dependabot-core,abe3295cc2a5d579,False,0,89,True,0.0,0.30337078651685395,7,0.0,0.29213483146067415,8,0.0,0.29213483146067415,7,0.0,0.3176470588235294,6,0.0,0.0,True,0.0,False,False,False,0.0,0.0
dependabot/dependabot-core,199a1e82e0f5c755,False,3,460,True,0.0,0.5456521739130434,11,0.0,0.5456521739130434,11,0.0,0.5695652173913044,10,0.0,0.5630434782608695,11,0.0,0.0,True,0.0,False,False,False,0.0,0.0
dependabot/dependabot-core,6fc4f0f8ca1b6ba3,False,0,88,True,0.0,0.5,1,0.0,0.5340909090909091,1,0.0,0.5340909090909091,1,0.0,0.5,1,1.0,1.0,True,0.0,False,False,False,0.0,0.0
dependabot/dependabot-core,2263f11aec7f08d8,False,1,572,True,0.0,0.9737762237762237,1,0.0,0.986013986013986,1,0.0,0.986013986013986,1,0.0,1.0,0,0.0,0.0,True,0.0,False,False,False,0.0,0.0
dependabot/dependabot-core,3cf4e94780bd92e9,False,1,490,True,0.0,0.6816326530612244,10,0.0,0.7,11,0.0,0.7183673469387755,10,0.0,0.689795918367347,10,0.0,0.0,True,0.0,False,False,False,0.0,0.0
dependabot/dependabot-core,d83de970a442752e,False,0,77,True,0.0,0.33766233766233766,3,0.0,0.33766233766233766,2,0.0,0.4675324675324675,2,0.0,0.33766233766233766,3,0.0,0.0,True,0.0,False,False,False,0.0,0.0
dependabot/dependabot-core,80498486fad371aa,False,3,253,True,0.0,0.8260869565217391,1,0.0,0.849802371541502,1,0.0,0.7035573122529645,2,0.0,1.0,0,0.0,0.0,True,0.0,False,False,False,0.0,0.0
dependabot/dependabot-core,3107de50e6383606,False,1,322,True,0.0,0.484472049689441,10,0.0,0.4906832298136646,10,0.0,0.468944099378882,10,0.0,0.5669781931464174,10,0.0,0.0,True,0.0,False,False,False,0.0,0.0
dependabot/dependabot-core,75984d9f9e2b281e,False,3,640,True,0.0,0.6578125,13,0.0,0.6640625,13,0.0,0.6609375,15,0.0,0.7046875,14,0.0,0.25,True,0.0,False,False,False,0.0,0.0
dependabot/dependabot-core,f380179d144af632,False,4,202,True,0.0,0.7524752475247525,0,0.0,0.7524752475247525,0,0.0,0.7524752475247525,0,0.0,0.7623762376237624,0,1.0,1.0,True,0.0,False,False,False,0.0,0.0
dependabot/dependabot-core,eac65d72249cc047,False,3,1005,True,0.0,0.3283582089552239,7,0.0,0.3283582089552239,7,0.0,0.40696517412935324,7,0.0,0.46146146146146144,9,0.0,0.0,True,0.0,False,False,False,0.0,0.0
dependabot/dependabot-core,3040e3ac729c838f,True,5,1139,True,0.0,0.35645302897278314,18,0.0,0.2528533801580334,15,0.0,0.2598770851624232,15,0.0,0.27684117125110913,17,0.0,0.0,True,0.0,False,False,False,0.0,0.0
dependabot/dependabot-core,f4781b2315ce8443,False,1,2870,True,0.0,0.3926829268292683,15,0.0,0.37212543554006966,14,0.0,0.42160278745644597,15,0.0,0.4295676429567643,16,0.0,0.0,True,0.0,False,False,False,0.0,0.0
dependabot/dependabot-core,21aad41d711065e5,False,1,42,True,0.0,0.5714285714285714,1,0.0,0.5714285714285714,1,0.0,0.3333333333333333,1,0.0,0.6190476190476191,1,1.0,1.0,True,0.0,False,False,False,0.0,0.0
dependabot/dependabot-core,b829a28a0232bfbf,False,1,114,True,0.0,0.35964912280701755,2,0.0,0.35964912280701755,2,0.0,0.40350877192982454,2,0.0,0.41228070175438597,3,0.0,0.0,True,0.0,False,False,False,0.0,0.0
ArduPilot/ardupilot,20aff4d69a6c5d5d,False,0,68,True,0.0,0.9705882352941176,1,0.0,0.9705882352941176,1,0.0,0.9705882352941176,1,0.0,0.9852941176470589,1,0.0,0.0,False,1.0,False,False,False,0.0,0.0
ArduPilot/ardupilot,df1d07961ab85fd9,False,0,99,True,0.0,0.9696969696969697,1,0.0,0.9696969696969697,1,0.0,0.9696969696969697,1,0.0,1.0,0,0.0,0.0,False,1.0,False,False,False,0.0,0.0
ArduPilot/ardupilot,f9089339dbe4d119,False,0,56,True,0.0,0.9821428571428571,1,0.0,0.9821428571428571,1,0.0,0.9821428571428571,1,0.0,1.0,0,0.0,0.0,True,1.0,False,False,False,0.0,0.0
ArduPilot/ardupilot,9f305e24fc00dfcb,False,0,128,True,0.0,0.875,2,0.0,0.875,2,0.0,0.875,2,0.0,0.8984375,3,0.0,0.0,True,1.0,False,False,False,0.0,0.0
ArduPilot/ardupilot,a0c3b19a9ceafc1f,False,1,650,True,0.0,0.9307692307692308,5,0.0,0.94,5,0.0,0.9492307692307692,5,0.0,0.94,5,1.0,1.0,True,1.0,False,False,False,0.0,0.0
ArduPilot/ardupilot,25a9fdc184bca1e2,False,0,37,True,0.0,0.7297297297297297,2,0.0,0.7297297297297297,2,0.0,0.7297297297297297,2,0.0,0.8378378378378378,3,0.0,0.0,True,1.0,False,False,False,0.0,0.0
ArduPilot/ardupilot,c40cd7a052b74e9e,False,0,116,True,0.0,0.8620689655172413,1,0.0,0.8620689655172413,1,0.0,0.8620689655172413,1,0.0,0.8879310344827587,1,0.0,0.0,True,1.0,False,False,False,0.0,0.0
jupytext/jupytext,4f6e254b9082057b,False,2,1217,True,1.0,0.9761709120788825,5,1.0,0.9769926047658176,5,1.0,0.9761709120788825,5,1.0,0.9753492193919474,6,1.0,1.0,True,1.0,False,False,False,1.0,1.0
jupytext/jupytext,d78a700bb8b4cf99,False,2,326,True,0.0,1.0,0,0.0,1.0,0,0.0,1.0,0,0.0,1.0,0,0.0,0.0,True,0.0,False,False,False,0.0,0.0
jupytext/jupytext,e4600a44548dca1c,False,0,184,True,0.0,0.9891304347826086,2,0.0,0.9891304347826086,2,0.0,0.9891304347826086,2,0.0,0.9891304347826086,2,0.0,0.0,True,0.0,False,False,False,0.0,0.0
jupytext/jupytext,e52e4ddd58b7ef88,False,1,414,True,1.0,0.9903381642512077,1,1.0,0.9903381642512077,1,1.0,0.9855072463768116,2,1.0,0.9903381642512077,1,1.0,1.0,True,1.0,False,False,False,1.0,1.0
jupytext/jupytext,32472f26cac60b99,False,1,211,True,1.0,0.8767772511848341,0,1.0,1.0,0,1.0,1.0,0,1.0,0.8767772511848341,0,1.0,1.0,True,1.0,False,False,False,1.0,1.0
jupytext/jupytext,47d4995b5627a5d1,False,1,338,True,0.0,0.7633136094674556,3,0.0,0.7633136094674556,3,0.0,0.7781065088757396,4,0.0,0.7544378698224852,3,0.0,0.0,True,0.0,False,False,False,0.0,0.0
jupytext/jupytext,c209b5cd23e80ace,False,0,39,True,1.0,1.0,0,1.0,1.0,0,1.0,1.0,0,1.0,1.0,0,1.0,0.0,False,1.0,False,False,False,1.0,1.0
jupytext/jupytext,f8aa1a8e18d1d1a6,False,1,1487,True,1.0,0.9892400806993947,2,1.0,0.9892400806993947,2,1.0,0.9926025554808339,3,1.0,0.9892400806993947,2,1.0,1.0,True,1.0,False,False,False,1.0,1.0
jupytext/jupytext,dde080737245029f,False,0,539,True,0.0,1.0,0,0.0,1.0,0,0.0,1.0,0,0.0,1.0,0,0.0,0.0,False,0.0,False,False,False,0.0,0.0
jupytext/jupytext,8d8bcea106b9f0ba,False,1,427,True,1.0,1.0,0,1.0,1.0,0,1.0,1.0,0,1.0,1.0,0,1.0,1.0,True,1.0,False,False,False,1.0,1.0
jupytext/jupytext,380ed5fc8f3d9327,False,0,806,True,1.0,0.9813895781637717,3,1.0,0.9751861042183623,3,1.0,0.9764267990074442,3,1.0,0.9813664596273292,3,1.0,1.0,True,1.0,False,False,False,1.0,1.0
jupytext/jupytext,bd23713ca9d9f039,False,0,397,True,1.0,1.0,0,1.0,1.0,0,1.0,1.0,0,1.0,1.0,0,1.0,0.0,False,1.0,False,False,False,1.0,1.0
jupytext/jupytext,7b4bf4651d1f15f2,False,0,111,True,1.0,1.0,0,1.0,1.0,0,1.0,1.0,0,1.0,1.0,0,1.0,0.5,True,1.0,False,False,False,1.0,1.0
rust-lang/cargo,dffcda363323023b,False,1,65,True,0.0,0.9230769230769231,2,0.0,0.9230769230769231,2,0.0,0.9384615384615385,0,0.0,0.9384615384615385,0,0.0,0.0,False,1.0,False,False,False,0.0,0.0
rust-lang/cargo,789aa4df0aef5798,False,1,437,True,0.0,0.47368421052631576,28,0.0,0.43249427917620137,28,0.0,0.4439359267734554,28,0.0,0.47139588100686497,29,1.0,0.5,True,1.0,False,False,False,0.0,0.0
rust-lang/cargo,e28f4409bee2ac66,False,0,149,True,0.0,0.5167785234899329,3,0.0,0.6375838926174496,3,0.0,0.2751677852348993,5,0.0,0.5234899328859061,3,1.0,0.0,False,1.0,False,False,False,0.0,0.0
rust-lang/cargo,dcbfed98c95f62c6,False,10,3251,True,0.0,0.2919101814826207,82,0.0,0.3035988926484159,84,0.0,0.3023685019993848,85,0.0,0.2906905055487053,82,1.0,0.0,True,0.0,False,False,False,0.0,0.0
rust-lang/cargo,9471d3bf9b82c0af,False,1,746,True,0.0,0.7774798927613941,9,0.0,0.7627345844504021,9,0.0,0.7654155495978552,10,0.0,0.7989276139410187,9,0.0,0.0,True,1.0,False,False,False,0.0,0.0
rust-lang/cargo,7314bf52278b3388,False,0,182,True,0.0,0.36813186813186816,7,0.0,0.34065934065934067,7,0.0,0.34065934065934067,9,0.0,0.36813186813186816,7,0.0,0.0,False,0.0,False,False,False,0.0,0.0
rust-lang/cargo,a78dec059e787d4e,False,2,1130,True,0.0,0.27876106194690264,16,0.0,0.33185840707964603,18,0.0,0.3292035398230089,20,0.0,0.2761061946902655,17,0.0,0.0,True,1.0,False,False,False,0.0,0.0
rust-lang/cargo,ce60a9b6824902f4,False,4,204,True,0.0,0.9313725490196079,4,0.0,0.9313725490196079,4,0.0,0.3235294117647059,8,0.0,0.9362745098039216,3,0.0,0.0,True,1.0,False,False,False,0.0,0.0
rust-lang/cargo,7c0fc19f54befca4,True,2,945,True,0.0,0.37037037037037035,7,0.0,0.37142857142857144,7,0.0,0.41693121693121693,7,0.0,0.362962962962963,7,1.0,1.0,True,1.0,False,False,False,0.0,0.0
rust-lang/cargo,33fc5e62ca2fa6b5,False,7,2069,True,0.0,0.36877718704688256,39,0.0,0.38231029482841955,40,0.0,0.3900434992750121,39,0.0,0.36768263183357525,39,0.0,1.0,True,0.0,False,False,False,0.0,0.0
rust-lang/cargo,13dfe3892ef351c2,False,2,438,True,0.0,0.502283105022831,0,0.0,0.502283105022831,0,0.0,0.4474885844748858,8,0.0,0.502283105022831,0,0.0,0.0,True,1.0,False,False,False,0.0,0.0
rust-lang/cargo,a9eefe16fa35914d,False,0,533,True,0.0,0.37335834896810505,8,0.0,0.3827392120075047,8,0.0,0.37335834896810505,8,0.0,0.37335834896810505,8,1.0,1.0,True,1.0,False,False,False,0.0,0.0
ray-project/ray,58277a8e90d32db4,False,0,492,True,0.0,0.7398373983739838,11,0.0,0.7398373983739838,12,0.0,0.7378048780487805,11,0.0,0.7657841140529531,11,1.0,0.5,True,0.0,False,False,False,0.0,0.0
ray-project/ray,708310c9f7245a17,False,0,214,True,0.0,0.705607476635514,6,0.0,0.7242990654205608,6,0.0,0.7149532710280374,7,0.0,0.9380952380952381,6,0.0,0.0,False,0.0,False,False,False,0.0,0.0
ray-project/ray,e92a343d252af019,False,0,253,True,0.0,0.4268774703557312,7,0.0,0.48616600790513836,6,0.0,0.5138339920948617,6,0.0,0.544,7,0.0,0.0,True,0.0,False,False,False,0.0,0.0
ray-project/ray,5941e6cf40dd26c2,False,0,196,True,0.0,0.336734693877551,6,0.0,0.3673469387755102,6,0.0,0.39285714285714285,7,0.0,0.36923076923076925,6,0.0,0.0,True,0.0,False,False,False,0.0,0.0
ray-project/ray,db66e5f9cd062a53,False,0,132,True,0.0,0.7348484848484849,4,0.0,0.7348484848484849,4,0.0,0.7348484848484849,4,0.0,0.8712121212121212,4,0.0,0.0,True,0.0,False,False,False,0.0,0.0
ray-project/ray,ab984d684d06f7e4,False,1,207,True,0.0,0.4444444444444444,5,0.0,0.3961352657004831,5,0.0,0.3864734299516908,4,0.0,0.44660194174757284,4,0.0,0.0,True,0.0,False,False,False,0.0,0.0
ray-project/ray,37d7b9b30bbcf3d7,False,0,273,True,0.0,0.38461538461538464,7,0.0,0.3882783882783883,7,0.0,0.3882783882783883,8,0.0,0.4264705882352941,8,0.0,0.0,False,0.0,False,False,False,0.0,0.0
ray-project/ray,5d4f118d34804394,False,0,399,True,0.0,0.6140350877192983,12,0.0,0.6240601503759399,11,0.0,0.2631578947368421,12,0.0,0.6140350877192983,11,1.0,0.0,True,0.0,False,False,False,0.0,0.0
ray-project/ray,a0c81396e13bb0aa,False,0,137,True,0.0,0.38686131386861317,4,0.0,0.44525547445255476,4,0.0,0.49635036496350365,5,0.0,0.40145985401459855,3,0.0,0.0,False,0.0,False,False,False,0.0,0.0
ray-project/ray,9ef201265ec3116f,False,0,10,True,0.0,0.6,0,0.0,0.5,0,0.0,0.5,0,0.0,0.6,0,0.0,0.0,True,0.0,False,False,False,0.0,0.0
ray-project/ray,a1e10b15306e41d9,False,0,479,True,0.0,0.7118997912317327,10,0.0,0.7265135699373695,10,0.0,0.46346555323590816,8,0.0,0.7682672233820459,10,0.0,0.0,True,0.0,False,False,False,0.0,0.0
ray-project/ray,43c4a1881ee2bfb2,False,1,14,True,0.0,0.6428571428571429,0,0.0,0.5714285714285714,0,0.0,0.5,0,0.0,0.6428571428571429,0,0.0,0.0,False,0.0,False,False,False,0.0,0.0
ray-project/ray,8e862933df1d268b,False,0,226,True,0.0,0.5,5,0.0,0.504424778761062,5,0.0,0.504424778761062,8,0.0,0.5,4,0.0,0.0,True,0.0,False,False,False,0.0,0.0
ray-project/ray,3aadecf2fcf702ef,False,2,542,True,0.0,0.4575645756457565,14,0.0,0.4575645756457565,14,0.0,0.25092250922509224,16,0.0,0.4601113172541744,14,1.0,0.0,True,0.0,False,False,False,0.0,0.0
ray-project/ray,eaf9271491cb7022,False,1,886,True,0.0,0.34198645598194133,10,0.0,0.35665914221218964,10,0.0,0.3544018058690745,12,0.0,0.38009049773755654,9,0.0,0.0,True,0.0,False,False,False,0.0,0.0
ray-project/ray,c2ae3a97f1b2217b,False,1,344,True,0.0,0.2703488372093023,7,0.0,0.2703488372093023,7,0.0,0.2703488372093023,9,0.0,0.2703488372093023,6,0.0,0.0,True,0.0,False,False,False,0.0,0.0
ray-project/ray,9478eaf6e441ae7a,False,0,1161,True,0.0,0.305770887166236,13,0.0,0.3453919035314384,15,0.0,0.32472006890611543,18,0.0,0.33908541846419327,13,0.0,0.0,True,0.0,False,False,False,0.0,0.0
ray-project/ray,8a721f325be7e2ad,False,0,793,True,0.0,0.4930643127364439,10,0.0,0.5119798234552333,11,0.0,0.27364438839848676,16,0.0,0.5814249363867684,10,0.0,0.0,True,0.0,False,False,False,0.0,0.0
ray-project/ray,ad663100edd8ad27,False,0,646,True,0.0,0.2848297213622291,14,0.0,0.29102167182662536,14,0.0,0.29256965944272445,15,0.0,0.34755134281200634,13,0.0,0.0,True,0.0,False,False,False,0.0,0.0
quarto-dev/quarto-cli,8db8cafc98f0d728,False,2,1206,True,0.0,0.4734660033167496,7,0.0,0.5696517412935324,7,0.0,0.6276948590381426,8,0.0,0.48614609571788414,7,1.0,1.0,True,0.0,False,False,False,0.0,0.0
instantdb/instant,ba15bd8222ed6c88,False,0,250,True,0.0,0.448,1,0.0,0.48,1,0.0,0.54,1,0.0,0.45564516129032256,1,1.0,1.0,True,1.0,False,False,False,0.0,0.0
instantdb/instant,86d89be93de63eba,False,0,275,True,0.0,0.5672727272727273,1,0.0,0.5672727272727273,1,0.0,0.5672727272727273,1,0.0,0.5745454545454546,1,0.0,1.0,True,1.0,False,False,False,0.0,0.0
instantdb/instant,1ea22876b8574c60,False,0,26,True,0.0,0.8846153846153846,0,0.0,0.8846153846153846,0,0.0,0.8846153846153846,0,0.0,1.0,0,0.0,0.0,True,0.0,False,False,False,0.0,0.0
instantdb/instant,63ab48b04ee2c85d,False,0,95,True,0.0,0.8631578947368421,0,0.0,0.8631578947368421,0,0.0,0.8631578947368421,0,0.0,1.0,0,0.0,0.0,True,0.0,False,False,False,0.0,0.0
instantdb/instant,2cfb9e6b5cc3e69d,False,2,1748,True,0.0,0.36556064073226546,1,0.0,0.38215102974828374,1,0.0,0.40217391304347827,1,0.0,0.36926605504587157,2,0.0,0.0,True,0.0,False,False,False,0.0,0.0
instantdb/instant,6b53e5f042bb01bb,False,0,505,True,1.0,0.7366336633663366,3,1.0,0.7366336633663366,3,1.0,0.7683168316831683,4,1.0,0.7564356435643564,2,0.0,0.0,True,0.0,False,False,False,1.0,1.0
instantdb/instant,b440f977c89b4b38,False,0,25,True,1.0,0.96,1,1.0,0.96,1,1.0,0.92,2,1.0,1.0,0,1.0,1.0,True,0.0,False,False,False,1.0,1.0
instantdb/instant,35d17d58dd43b9f9,False,0,154,True,0.0,0.974025974025974,1,0.0,0.974025974025974,1,0.0,0.974025974025974,1,0.0,1.0,0,0.0,0.0,True,0.0,False,False,False,0.0,0.0
instantdb/instant,decac339fd2a8276,False,1,158,True,0.0,0.8987341772151899,1,0.0,0.8987341772151899,1,0.0,0.8987341772151899,1,0.0,0.9873417721518988,1,0.0,0.0,True,0.0,False,False,False,0.0,0.0
instantdb/instant,95057813b22aa68e,False,0,113,True,0.0,0.5575221238938053,0,0.0,0.8053097345132744,1,0.0,0.8053097345132744,1,0.0,0.8141592920353983,0,0.0,0.0,True,1.0,False,False,False,0.0,0.0
instantdb/instant,edeb93203482c13b,False,6,800,True,0.0,0.60125,2,0.0,0.6425,2,0.0,0.6475,2,0.0,0.61125,2,1.0,0.0,True,0.0,False,False,False,0.0,0.0
instantdb/instant,40994ba0d06f92a9,False,0,112,True,0.0,0.9285714285714286,0,0.0,0.9285714285714286,0,0.0,0.9285714285714286,0,0.0,1.0,0,0.0,0.0,False,0.0,False,False,False,0.0,0.0
instantdb/instant,95a128784d2b1d58,True,1,5,True,0.0,1.0,0,0.0,0.8,0,0.0,0.8,0,0.0,0.75,0,0.0,0.0,True,0.0,False,False,False,0.0,0.0
instantdb/instant,a83608f15ee2e776,False,0,92,True,1.0,1.0,0,1.0,1.0,0,0.0,0.782608695652174,1,1.0,1.0,0,1.0,1.0,True,0.0,False,False,False,1.0,1.0
instantdb/instant,1a3f543b50a9044c,False,0,248,True,1.0,1.0,0,1.0,1.0,0,1.0,0.9637096774193549,2,1.0,1.0,0,1.0,1.0,True,0.0,False,False,False,1.0,1.0
eslint/eslint,aa36ca8e9350788e,True,0,16,True,0.0,0.75,0,0.0,0.6875,0,0.0,0.6875,0,0.0,1.0,0,0.0,0.0,False,0.0,False,False,False,0.0,0.0
eslint/eslint,c65c22b7ef5ce793,True,2,443,True,0.0,0.909706546275395,3,1.0,0.6072234762979684,3,1.0,0.6591422121896162,4,1.0,0.725925925925926,2,0.0,0.0,True,0.0,False,False,False,0.0,1.0
eslint/eslint,530a0e775cae0897,True,0,19,True,0.0,0.8947368421052632,0,0.0,1.0,0,0.0,1.0,0,0.0,1.0,0,0.0,0.0,True,0.0,False,False,False,0.0,0.0
eslint/eslint,87858d7a80f46ad9,True,1,379,True,0.0,0.9393139841688655,6,0.0,0.30606860158311344,8,0.0,0.2691292875989446,6,0.0,0.233983286908078,6,0.0,0.0,True,0.0,False,False,False,0.0,0.0
eslint/eslint,896389246cfee182,True,1,105,True,0.0,0.7333333333333333,7,0.0,0.19047619047619047,8,0.0,0.19047619047619047,8,0.0,0.3541666666666667,8,0.0,0.0,True,0.0,False,False,False,0.0,0.0
eslint/eslint,1188982e4e58308d,True,1,252,True,0.0,0.623015873015873,5,0.0,0.3888888888888889,12,0.0,0.38095238095238093,13,0.0,0.44166666666666665,10,0.0,0.0,True,0.0,False,False,False,0.0,0.0
eslint/eslint,6104d0b50aee8c04,True,1,297,True,0.0,0.9292929292929293,8,0.0,0.28619528619528617,15,0.0,0.29292929292929293,16,0.0,0.48134328358208955,15,0.0,0.0,True,0.0,False,False,False,0.0,0.0
eslint/eslint,d46d32957ba664c4,True,1,850,True,0.0,0.7670588235294118,6,0.0,0.30117647058823527,18,0.0,0.29411764705882354,18,0.0,0.2601078167115903,15,0.0,0.0,True,0.0,False,False,False,0.0,0.0
eslint/eslint,f8ca4e115377d842,False,0,50,True,0.0,0.38,2,0.0,0.44,2,0.0,0.44,2,0.0,0.46,1,0.0,0.0,True,0.0,False,False,False,0.0,0.0
eslint/eslint,acc4714549a20b2d,True,2,816,True,0.0,0.6936274509803921,3,0.0,0.5649509803921569,2,0.0,0.5502450980392157,5,0.0,0.5902777777777778,1,0.0,1.0,True,0.0,False,False,False,0.0,0.0
eslint/eslint,ddf8a9d02a30996e,True,0,221,True,0.0,0.9095022624434389,6,0.0,0.2895927601809955,14,0.0,0.2895927601809955,15,0.0,0.30808080808080807,16,0.0,0.0,True,0.0,False,False,False,0.0,0.0
eslint/eslint,37ac5a2d21c2b0f0,True,0,662,True,0.0,0.7734138972809668,3,0.0,0.525679758308157,7,0.0,0.5498489425981873,6,0.0,0.6442141623488774,5,0.0,0.0,False,0.0,False,False,False,0.0,0.0
eslint/eslint,60524d8944840730,False,1,273,True,0.0,0.6923076923076923,8,0.0,0.7582417582417582,6,0.0,0.7472527472527473,7,0.0,0.7692307692307693,7,0.0,0.0,True,0.0,False,False,False,0.0,0.0
AUTOMATIC1111/stable-diffusion-webui,ed3ee7e0beea2498,False,3,163,True,0.0,0.5153374233128835,4,0.0,0.4539877300613497,3,0.0,0.4539877300613497,3,0.0,0.38271604938271603,6,0.0,0.0,True,0.0,False,False,False,0.0,0.0
AUTOMATIC1111/stable-diffusion-webui,c766c825471943c0,True,20,313,True,0.0,0.6549520766773163,0,1.0,0.5846645367412141,1,1.0,0.5814696485623003,1,1.0,0.7100371747211895,1,1.0,1.0,True,1.0,False,False,False,0.0,1.0
AUTOMATIC1111/stable-diffusion-webui,479163685bafaa4c,True,5,121,True,0.0,0.9669421487603306,2,0.0,0.512396694214876,3,0.0,0.5454545454545454,3,0.0,0.5204081632653061,3,1.0,1.0,True,0.0,False,False,False,0.0,0.0
AUTOMATIC1111/stable-diffusion-webui,6b4ebcade51d2d3d,False,2,130,True,0.0,0.36923076923076925,3,0.0,0.5230769230769231,4,0.0,0.5230769230769231,3,0.0,0.515625,3,0.0,0.0,True,0.0,False,False,False,0.0,0.0
AUTOMATIC1111/stable-diffusion-webui,57519d79eb8fca0c,True,1,176,True,0.0,0.9147727272727273,1,0.0,0.5681818181818182,2,0.0,0.5681818181818182,2,0.0,0.7841726618705036,1,0.0,0.0,True,0.0,False,False,False,0.0,0.0
AUTOMATIC1111/stable-diffusion-webui,6b040102aa8f0e3a,True,1,176,True,0.0,0.9204545454545454,0,1.0,0.5511363636363636,0,1.0,0.6193181818181818,0,1.0,0.6690140845070423,1,1.0,0.5,True,1.0,False,False,False,0.0,1.0
AUTOMATIC1111/stable-diffusion-webui,362e762d8b52142b,True,0,254,True,0.0,0.4409448818897638,4,0.0,0.3543307086614173,5,0.0,0.3464566929133858,5,0.0,0.5059288537549407,5,0.0,0.0,True,0.0,False,False,False,0.0,0.0
AUTOMATIC1111/stable-diffusion-webui,856997acd716f8f4,True,4,177,True,0.0,0.5084745762711864,4,1.0,0.6440677966101694,4,1.0,0.6440677966101694,4,1.0,0.9425287356321839,7,1.0,1.0,True,1.0,False,False,False,0.0,1.0
AUTOMATIC1111/stable-diffusion-webui,c888caf5f8628b5c,True,1,113,True,1.0,0.9380530973451328,0,0.0,0.5575221238938053,0,0.0,0.5575221238938053,0,0.0,0.3953488372093023,0,1.0,0.5,True,0.0,False,False,False,1.0,0.0
AUTOMATIC1111/stable-diffusion-webui,e9a27408b64265e3,False,1,49,True,0.0,0.6122448979591837,2,0.0,0.6326530612244898,2,0.0,0.6326530612244898,2,0.0,0.6326530612244898,2,0.0,0.0,True,0.0,False,False,False,0.0,0.0
AUTOMATIC1111/stable-diffusion-webui,ddc07d50fa3b0439,False,0,192,True,1.0,0.5625,15,1.0,0.5052083333333334,20,1.0,0.5052083333333334,20,1.0,0.5706806282722513,16,1.0,1.0,True,1.0,False,False,False,1.0,1.0
AUTOMATIC1111/stable-diffusion-webui,fe2129c140fc5cff,True,7,387,True,0.0,0.4263565891472868,10,1.0,0.5297157622739018,10,1.0,0.524547803617571,11,1.0,0.7239583333333334,12,0.0,1.0,True,1.0,False,False,False,0.0,1.0
AUTOMATIC1111/stable-diffusion-webui,c47505ac02dfa18a,True,0,92,True,0.0,0.8043478260869565,0,0.0,0.33695652173913043,0,0.0,0.33695652173913043,0,1.0,0.3698630136986301,0,0.0,1.0,True,1.0,False,False,False,0.0,1.0
valkey-io/valkey,a5deb5bfe15717e9,False,0,160,True,0.0,0.3125,15,0.0,0.33125,16,0.0,0.275,17,0.0,0.3375,16,0.0,1.0,True,1.0,False,False,False,0.0,0.0
valkey-io/valkey,c24f78b3519d7639,False,2,407,True,0.0,0.33415233415233414,28,0.0,0.3759213759213759,28,0.0,0.36609336609336607,31,0.0,0.3802469135802469,29,0.0,0.0,True,0.0,False,False,False,0.0,0.0
valkey-io/valkey,3515437b9a1b5f34,False,0,215,True,0.0,0.8325581395348837,6,0.0,0.9116279069767442,7,0.0,0.9116279069767442,7,0.0,0.9255813953488372,5,0.0,0.0,True,0.0,False,False,False,0.0,0.0
valkey-io/valkey,bb132d62ad3f3a5e,False,8,1320,True,0.0,0.49242424242424243,26,0.0,0.55,27,0.0,0.5613636363636364,32,0.0,0.5703363914373089,27,0.0,0.0,True,0.0,False,False,False,0.0,0.0
valkey-io/valkey,2a07f9d5c228f52c,False,1,1431,True,0.0,0.543675751222921,27,0.0,0.6443046820405312,29,0.0,0.6547868623340322,31,0.0,0.6634009797060881,30,0.0,0.0,True,0.0,False,False,False,0.0,0.0
valkey-io/valkey,50a5aed161e31641,False,0,18,True,0.0,0.3333333333333333,0,0.0,0.3888888888888889,0,0.0,0.3888888888888889,0,0.0,0.7222222222222222,0,0.0,0.0,False,0.0,False,False,False,0.0,0.0
valkey-io/valkey,04047fb18e77fb28,False,1,1690,True,0.0,0.5248520710059171,16,0.0,0.5568047337278107,16,0.0,0.5556213017751479,18,0.0,0.5757396449704142,16,0.0,0.0,True,0.0,False,False,False,0.0,0.0
valkey-io/valkey,cc4f7bc6ba57ce05,False,2,457,True,0.0,0.43982494529540483,12,0.0,0.6411378555798687,13,0.0,0.33698030634573306,24,0.0,0.7024070021881839,13,0.0,1.0,True,1.0,False,False,False,0.0,0.0
valkey-io/valkey,66801c1dc81b98da,False,0,299,True,0.0,0.7424749163879598,6,0.0,0.7759197324414716,5,0.0,0.7759197324414716,5,0.0,0.8394648829431438,6,0.0,0.0,False,0.0,False,False,False,0.0,0.0
valkey-io/valkey,18680f57f5d32607,False,4,3597,True,0.0,0.1490130664442591,71,0.0,0.17959410619961078,73,0.0,0.20683903252710592,74,0.0,0.19050279329608938,73,0.0,1.0,True,1.0,False,False,False,0.0,0.0
valkey-io/valkey,7fc7048ae55e1723,False,0,565,True,0.0,0.7734513274336283,6,0.0,0.8,6,0.0,0.7522123893805309,5,0.0,0.8212389380530973,6,0.0,0.0,True,0.0,False,False,False,0.0,0.0
valkey-io/valkey,10c36deb51c8cb8c,False,5,2473,True,0.0,0.15729882733522038,45,0.0,0.1953093408815204,51,0.0,0.19611807521229277,53,0.0,0.18236959158916297,51,0.0,0.0,True,0.0,False,False,False,0.0,0.0
valkey-io/valkey,3f6891fec05432f4,False,6,710,True,1.0,0.43380281690140843,18,1.0,0.4197183098591549,19,1.0,0.38873239436619716,21,1.0,0.43380281690140843,17,0.0,0.0,True,1.0,False,False,False,1.0,1.0
valkey-io/valkey,2a05ab307f9432d9,False,2,4341,True,0.0,0.2762036397143515,42,0.0,0.30568993319511634,48,0.0,0.2821930430776319,48,0.0,0.3152073732718894,45,1.0,1.0,True,0.0,False,False,False,0.0,0.0
valkey-io/valkey,dd9a6c95849b3649,False,6,2635,True,0.0,0.4,91,0.0,0.40417457305502846,90,0.0,0.40341555977229604,90,0.0,0.41518026565464894,92,1.0,1.0,True,1.0,False,False,False,0.0,0.0
valkey-io/valkey,b95cee2ea24f3f42,False,1,482,True,0.0,0.6161825726141079,14,0.0,0.6265560165975104,16,0.0,0.5954356846473029,19,0.0,0.6535269709543569,16,0.0,0.0,True,0.0,False,False,False,0.0,0.0
valkey-io/valkey,4bbdf3e8cafcbb33,False,2,173,True,0.0,0.8265895953757225,4,0.0,0.8554913294797688,5,0.0,0.8670520231213873,5,0.0,0.8786127167630058,4,0.0,0.0,False,0.0,False,False,False,0.0,0.0
valkey-io/valkey,8b249678f86b8934,False,2,311,True,0.0,0.21221864951768488,13,0.0,0.21221864951768488,13,0.0,0.21221864951768488,13,0.0,0.21221864951768488,13,0.0,0.0,True,0.0,False,False,False,0.0,0.0
valkey-io/valkey,a15ab9c2644ba75b,False,2,1916,True,0.0,0.8361169102296451,14,0.0,0.9331941544885177,16,0.0,0.9347599164926931,15,0.0,0.9624217118997912,15,0.0,0.0,True,0.0,False,False,False,0.0,0.0
valkey-io/valkey,cdca649cac9a4d79,False,0,107,True,0.0,0.8598130841121495,4,0.0,0.9158878504672897,5,0.0,0.9158878504672897,5,0.0,0.9439252336448598,4,0.0,0.0,False,0.0,False,False,False,0.0,0.0
readthedocs/readthedocs.org,a1de8bb51275b902,False,0,97,True,0.0,0.7628865979381443,2,0.0,0.845360824742268,3,0.0,0.5051546391752577,5,0.0,0.7708333333333334,2,0.0,0.0,False,1.0,False,False,False,0.0,0.0
readthedocs/readthedocs.org,9f8d1d68dac60b6d,False,1,142,True,0.0,0.43661971830985913,2,0.0,0.4084507042253521,2,0.0,0.36619718309859156,3,0.0,0.4142857142857143,1,0.0,0.0,True,0.0,False,False,False,0.0,0.0
readthedocs/readthedocs.org,25048914976bf30c,False,0,2040,True,0.0,0.5264705882352941,14,0.0,0.5446078431372549,14,0.0,0.6137254901960785,15,0.0,0.5264705882352941,14,0.0,0.0,True,0.0,False,False,False,0.0,0.0
icsharpcode/ILSpy,bd59fed707baa6d3,False,1,100,True,1.0,0.7,2,1.0,0.98,2,1.0,0.97,2,1.0,0.9775280898876404,2,0.0,0.0,True,1.0,False,False,False,1.0,1.0
icsharpcode/ILSpy,e04920d97bb2162a,False,0,678,True,1.0,0.5988200589970502,2,1.0,0.6061946902654868,3,1.0,0.6076696165191741,2,1.0,0.6209439528023599,2,0.0,1.0,True,1.0,False,False,False,1.0,1.0
icsharpcode/ILSpy,50ca1d835f511e71,False,0,56,True,0.0,0.5178571428571429,3,0.0,0.5178571428571429,3,0.0,0.42857142857142855,3,0.0,0.5272727272727272,2,0.0,0.0,True,1.0,False,False,False,0.0,0.0
icsharpcode/ILSpy,9ee4eeec32899809,False,0,94,True,1.0,0.6808510638297872,1,1.0,0.9468085106382979,2,1.0,0.9361702127659575,3,1.0,0.9880952380952381,1,0.0,0.0,True,1.0,False,False,False,1.0,1.0
icsharpcode/ILSpy,052573dc4ea0fd06,False,0,223,True,1.0,0.8475336322869955,2,1.0,0.9551569506726457,3,1.0,0.874439461883408,2,1.0,0.9900497512437811,2,0.0,0.0,True,1.0,False,False,False,1.0,1.0
icsharpcode/ILSpy,080dce2acfb987ee,False,2,339,True,0.0,0.31268436578171094,1,0.0,0.3215339233038348,1,0.0,0.3215339233038348,0,0.0,0.4561933534743202,1,0.0,0.0,True,1.0,False,False,False,0.0,0.0
icsharpcode/ILSpy,89c33de12e860946,False,0,470,True,1.0,0.9148936170212766,4,1.0,0.9574468085106383,3,1.0,0.9212765957446809,1,1.0,0.9555555555555556,3,0.0,0.5,True,1.0,False,False,False,1.0,1.0
icsharpcode/ILSpy,edf477283d2ea1b4,False,0,267,True,0.0,0.602996254681648,1,0.0,0.602996254681648,1,1.0,0.4868913857677903,1,0.0,0.650375939849624,1,0.0,0.0,True,1.0,False,False,False,0.0,0.0
icsharpcode/ILSpy,6194db1a87909f12,False,3,564,True,1.0,0.5514184397163121,3,1.0,0.5514184397163121,3,1.0,0.49822695035460995,3,1.0,0.5709219858156028,2,0.0,0.0,True,1.0,False,False,False,1.0,1.0
icsharpcode/ILSpy,dcb7796681eb2f67,False,1,68,True,1.0,0.9117647058823529,2,1.0,0.9117647058823529,2,1.0,0.6470588235294118,1,1.0,0.9705882352941176,2,0.0,0.0,True,1.0,False,False,False,1.0,1.0
icsharpcode/ILSpy,3e45d446fd02fd3d,False,0,167,True,0.0,0.6467065868263473,2,0.0,0.6526946107784432,2,0.0,0.6946107784431138,3,0.0,0.6706586826347305,1,0.0,0.0,True,1.0,False,False,False,0.0,0.0
icsharpcode/ILSpy,09089ca20c606ae7,False,1,84,True,1.0,0.7738095238095238,2,1.0,0.9761904761904762,2,1.0,0.9642857142857143,2,1.0,0.9736842105263158,2,0.0,0.0,True,1.0,False,False,False,1.0,1.0
icsharpcode/ILSpy,e525fb8bb1b68a8c,False,0,150,True,1.0,0.4066666666666667,2,1.0,0.41333333333333333,2,0.0,0.49333333333333335,3,1.0,0.46938775510204084,2,0.0,0.3333333333333333,True,1.0,False,False,False,1.0,1.0
icsharpcode/ILSpy,000bbabb7cc95534,False,0,184,True,1.0,0.45108695652173914,1,0.0,0.4945652173913043,1,0.0,0.4945652173913043,1,1.0,0.5307262569832403,1,0.0,0.5,True,1.0,False,False,False,1.0,1.0
icsharpcode/ILSpy,2843e7b4163096ed,False,0,407,True,1.0,0.5405405405405406,3,1.0,0.5356265356265356,3,1.0,0.5307125307125307,3,1.0,0.687192118226601,3,0.0,0.0,True,1.0,False,False,False,1.0,1.0
icsharpcode/ILSpy,cc91edc31b2b67cd,False,0,459,True,0.0,0.7080610021786492,2,0.0,0.7930283224400871,2,0.0,0.775599128540305,1,0.0,0.8392434988179669,2,0.0,0.0,True,0.0,False,False,False,0.0,0.0
icsharpcode/ILSpy,8403b0424dbb7ddb,False,0,114,True,1.0,0.39473684210526316,3,1.0,0.4298245614035088,3,1.0,0.4298245614035088,3,1.0,0.42342342342342343,3,0.0,0.0,True,1.0,False,False,False,1.0,1.0
icsharpcode/ILSpy,6dbe6ac2dad5c69e,False,2,110,True,1.0,0.4,3,1.0,0.45454545454545453,4,0.0,0.44545454545454544,4,1.0,0.48148148148148145,3,0.0,0.0,True,1.0,False,False,False,1.0,1.0
questdb/questdb,8f272a230fb5b61d,False,0,42,True,0.0,0.7857142857142857,1,0.0,0.7857142857142857,1,0.0,0.8095238095238095,0,0.0,0.9047619047619048,1,1.0,0.0,False,0.0,False,False,False,0.0,0.0
questdb/questdb,e02ebe7c86b56f89,False,2,457,True,0.0,0.40919037199124725,2,0.0,0.49015317286652077,5,0.0,0.5317286652078774,5,0.0,0.5067264573991032,2,1.0,0.0,True,0.0,False,False,False,0.0,0.0
questdb/questdb,745f4cfab7e478ac,False,1,357,True,0.0,0.33613445378151263,5,0.0,0.33613445378151263,5,0.0,0.453781512605042,7,0.0,0.351123595505618,5,0.0,0.0,True,1.0,False,False,False,0.0,0.0
questdb/questdb,48c37587fb221bf3,False,1,213,True,0.0,0.43661971830985913,2,0.0,0.460093896713615,2,0.0,0.6009389671361502,5,0.0,0.5959595959595959,2,1.0,0.5,True,1.0,False,False,False,0.0,0.0
questdb/questdb,475eadb8f4e455e3,False,0,89,True,1.0,0.6629213483146067,0,1.0,0.6741573033707865,0,1.0,0.43820224719101125,0,1.0,0.651685393258427,0,1.0,0.0,False,1.0,False,False,False,1.0,1.0
questdb/questdb,9c417bf4d1c6070f,False,0,72,True,0.0,0.75,3,0.0,0.75,3,0.0,0.5416666666666666,3,0.0,0.7777777777777778,3,0.0,0.0,True,0.0,False,False,False,0.0,0.0
questdb/questdb,bc81eb5b239ce96f,False,0,125,True,0.0,0.616,0,0.0,0.616,0,0.0,0.432,2,0.0,0.6033057851239669,0,0.0,0.5,True,0.0,False,False,False,0.0,0.0
questdb/questdb,cdc83e853cbcfbe7,False,0,118,True,0.0,0.7372881355932204,4,0.0,0.7542372881355932,4,0.0,0.7711864406779662,4,0.0,0.7542372881355932,4,1.0,0.0,False,0.0,False,False,False,0.0,0.0
questdb/questdb,047352bd8393e723,False,1,432,True,1.0,0.4050925925925926,3,1.0,0.40046296296296297,3,1.0,0.36574074074074076,4,1.0,0.44529262086513993,4,1.0,0.0,False,0.0,False,False,False,1.0,1.0
questdb/questdb,8774694bc866ab00,False,0,216,True,0.0,0.7870370370370371,4,0.0,0.7916666666666666,4,0.0,0.8194444444444444,4,0.0,0.8301886792452831,3,1.0,0.0,False,0.0,False,False,False,0.0,0.0
questdb/questdb,8f4ab95dda2f482d,False,0,246,True,0.0,0.6626016260162602,3,0.0,0.6788617886178862,3,0.0,0.5894308943089431,3,0.0,0.6163793103448276,3,0.0,0.0,True,0.0,False,False,False,0.0,0.0
questdb/questdb,2860008ca329248e,False,2,326,True,1.0,0.3220858895705521,8,1.0,0.3220858895705521,8,1.0,0.39570552147239263,11,1.0,0.3105590062111801,8,1.0,0.5,True,0.0,False,False,False,1.0,1.0
questdb/questdb,a63a2c70acb05f5b,False,0,204,True,1.0,0.6029411764705882,2,1.0,0.6029411764705882,2,1.0,0.47549019607843135,3,1.0,0.5778894472361809,2,0.0,0.0,True,0.0,False,False,False,1.0,1.0
questdb/questdb,da4c855a68a5cbb9,False,2,163,True,0.0,0.6196319018404908,2,0.0,0.6196319018404908,2,0.0,0.5644171779141104,2,0.0,0.6196319018404908,2,0.0,0.0,True,0.0,False,False,False,0.0,0.0
questdb/questdb,e1092b216606c9cb,False,0,58,True,0.0,0.7068965517241379,0,0.0,0.7068965517241379,1,0.0,0.7068965517241379,1,0.0,0.75,1,1.0,1.0,True,0.0,False,False,False,0.0,0.0
questdb/questdb,b497e12f1fa37a0f,False,1,117,True,0.0,0.6153846153846154,1,0.0,0.6153846153846154,1,0.0,0.4358974358974359,1,0.0,0.6695652173913044,1,1.0,1.0,True,0.0,False,False,False,0.0,0.0
questdb/questdb,e1f492cac6063c64,False,0,30,True,0.0,0.9,0,0.0,0.9,0,0.0,0.9,0,0.0,0.9333333333333333,0,1.0,0.0,False,0.0,False,False,False,0.0,0.0
questdb/questdb,6c67cb525dda44a7,False,1,53,True,0.0,0.5471698113207547,0,0.0,0.5471698113207547,0,0.0,0.5849056603773585,0,0.0,0.6,0,0.0,0.0,False,0.0,False,False,False,0.0,0.0
questdb/questdb,c385b0bff6132398,False,0,98,True,0.0,0.7244897959183674,0,0.0,0.7244897959183674,0,0.0,0.7346938775510204,0,0.0,0.7244897959183674,0,1.0,0.5,True,0.0,False,False,False,0.0,0.0
questdb/questdb,5ae63910d489cd78,False,0,86,True,1.0,0.9767441860465116,1,1.0,0.9767441860465116,1,1.0,0.7325581395348837,1,1.0,0.9767441860465116,1,0.0,0.0,True,0.0,False,False,False,1.0,1.0
questdb/questdb,2213504e66ec8a93,False,0,87,True,0.0,0.6091954022988506,0,0.0,0.6091954022988506,0,0.0,0.6206896551724138,0,0.0,0.6091954022988506,0,1.0,0.5,True,0.0,False,False,False,0.0,0.0
questdb/questdb,31d045d6ab71e5f3,False,0,147,True,0.0,0.3673469387755102,2,0.0,0.3673469387755102,2,0.0,0.41496598639455784,2,0.0,0.44525547445255476,1,0.0,0.0,True,0.0,False,False,False,0.0,0.0
questdb/questdb,9fa8ffb3a07706c5,True,0,333,True,1.0,0.2222222222222222,5,1.0,0.21921921921921922,5,0.0,0.2732732732732733,7,0.0,0.20121951219512196,5,0.0,1.0,True,0.0,False,False,False,1.0,0.0
questdb/questdb,b056e8c14b30348c,False,0,116,True,0.0,0.5948275862068966,3,0.0,0.5948275862068966,3,0.0,0.6551724137931034,3,0.0,0.603448275862069,3,1.0,0.5,True,0.0,False,False,False,0.0,0.0
questdb/questdb,9d37cb4b06767703,False,0,105,True,0.0,0.638095238095238,1,0.0,0.638095238095238,1,0.0,0.7619047619047619,3,0.0,0.7227722772277227,2,1.0,0.0,False,0.0,False,False,False,0.0,0.0
antiwork/shortest,99b798dd61b44ec9,False,0,89,True,0.0,0.34831460674157305,0,0.0,0.34831460674157305,0,0.0,0.4044943820224719,1,0.0,0.34831460674157305,0,0.0,0.0,True,0.0,False,False,False,0.0,0.0
antiwork/shortest,d82964d925364bb2,False,0,97,True,0.0,0.5670103092783505,0,0.0,0.5876288659793815,0,0.0,0.6494845360824743,2,0.0,0.5773195876288659,0,0.0,0.0,True,0.0,False,False,False,0.0,0.0
antiwork/shortest,30348591d689b582,False,0,33,True,0.0,0.7272727272727273,0,0.0,0.7575757575757576,1,0.0,0.7575757575757576,1,0.0,0.7272727272727273,0,0.0,0.0,True,0.0,False,False,False,0.0,0.0
hylang/hy,2025bb8dc4f3bd2a,False,1,925,True,1.0,0.35027027027027025,11,1.0,0.35027027027027025,11,1.0,0.3362162162162162,13,1.0,0.4147982062780269,11,1.0,1.0,True,1.0,False,False,False,1.0,1.0
hylang/hy,85933aa74a2d66c3,False,0,51,True,1.0,0.8627450980392157,0,1.0,0.8627450980392157,0,1.0,0.8627450980392157,0,1.0,0.8627450980392157,0,1.0,1.0,True,1.0,False,False,False,1.0,1.0
hylang/hy,4ab40e5ae6a60e29,False,1,652,True,0.0,0.3987730061349693,25,0.0,0.3834355828220859,25,0.0,0.3803680981595092,25,0.0,0.43585780525502316,25,0.0,0.0,True,0.0,False,False,False,0.0,0.0
hylang/hy,65bca16790c99c8e,False,0,443,True,0.0,0.5327313769751693,8,0.0,0.4853273137697517,10,0.0,0.4853273137697517,10,0.0,0.5825688073394495,8,0.0,0.0,True,0.0,False,False,False,0.0,0.0
hylang/hy,ddb2a5c238098dd8,False,1,182,True,1.0,0.6813186813186813,0,1.0,0.6868131868131868,0,1.0,0.7032967032967034,0,1.0,0.8866666666666667,1,1.0,0.0,False,1.0,False,False,False,1.0,1.0
hylang/hy,359f330c6c6c7e7a,False,3,186,True,0.0,0.5,5,0.0,0.6290322580645161,4,0.0,0.6344086021505376,4,0.0,0.569060773480663,5,1.0,1.0,True,1.0,False,False,False,0.0,0.0
hylang/hy,d468ae23efbc3d20,False,0,178,True,1.0,0.8764044943820225,3,1.0,0.8764044943820225,3,1.0,0.8764044943820225,3,1.0,0.9710982658959537,3,1.0,1.0,True,1.0,False,False,False,1.0,1.0
hylang/hy,55ce87014e86b396,False,2,2083,True,1.0,0.6063370139222276,2,1.0,0.6658665386461834,4,1.0,0.5348055688910226,15,1.0,0.747592498732894,2,1.0,1.0,True,1.0,False,False,False,1.0,1.0
hylang/hy,59d6251c848838d5,False,0,506,True,1.0,0.44861660079051385,10,1.0,0.4407114624505929,9,1.0,0.4288537549407115,9,1.0,0.5249500998003992,9,1.0,1.0,True,1.0,False,False,False,1.0,1.0
hylang/hy,ea1374035d86aa0e,False,3,659,True,1.0,0.5660091047040972,14,1.0,0.5644916540212443,14,1.0,0.5720789074355084,14,1.0,0.5865237366003063,14,1.0,1.0,True,1.0,False,False,False,1.0,1.0
hylang/hy,60f61ab7a8d1910d,False,0,86,True,1.0,0.27906976744186046,5,0.5,0.27906976744186046,5,0.0,0.29069767441860467,5,1.0,0.27906976744186046,4,1.0,1.0,True,1.0,False,False,False,1.0,1.0
hylang/hy,32295c7c05f771b6,False,1,68,True,1.0,0.6764705882352942,3,1.0,0.75,4,1.0,0.75,4,1.0,0.84375,4,1.0,1.0,True,1.0,False,False,False,1.0,1.0
hylang/hy,057df51a2b93b648,False,1,290,True,0.0,0.39655172413793105,9,0.0,0.40344827586206894,9,0.0,0.4068965517241379,9,0.0,0.45454545454545453,9,1.0,1.0,True,1.0,False,False,False,0.0,0.0
hylang/hy,cc302114b6327f0d,False,0,428,True,0.0,0.8130841121495327,4,0.0,0.8177570093457944,4,0.0,0.8387850467289719,4,0.0,0.8247663551401869,3,0.0,0.0,False,0.0,False,False,False,0.0,0.0
hylang/hy,fb00e09095b6e3b3,False,1,646,True,1.0,0.5263157894736842,7,1.0,0.5371517027863777,7,1.0,0.5232198142414861,10,1.0,0.6052202283849919,7,1.0,1.0,True,1.0,False,False,False,1.0,1.0
google/gson,2002b8d1e823c746,False,0,391,True,0.0,0.40153452685422,5,0.0,0.4143222506393862,6,0.0,0.4219948849104859,6,0.0,0.5,6,0.0,0.0,True,0.0,False,False,False,0.0,0.0
google/gson,f4d65f1657b0d869,False,0,677,True,0.0,0.5199409158050221,5,0.0,0.6573116691285081,5,0.0,0.6558345642540621,9,0.0,0.7821482602118003,8,0.0,0.0,True,0.0,False,False,False,0.0,0.0
google/gson,fed34c312ab3a0fa,False,0,159,True,0.0,0.42138364779874216,3,0.0,0.44654088050314467,3,0.0,0.3270440251572327,3,0.0,0.48717948717948717,3,1.0,1.0,True,1.0,False,False,False,0.0,0.0
google/gson,8a9139e060e1a656,False,1,367,True,0.0,0.3678474114441417,4,0.0,0.37329700272479566,4,0.0,0.37329700272479566,3,0.0,0.32697547683923706,4,0.0,0.0,True,0.0,False,False,False,0.0,0.0
google/gson,a0f56d5eb3683cd8,False,2,991,True,0.0,0.35418768920282545,8,0.0,0.4106962663975782,8,0.0,0.47628657921291623,7,0.0,0.41236068895643363,8,1.0,0.0,False,0.0,False,False,False,0.0,0.0
google/gson,84ace34a709924a2,True,0,103,True,0.0,0.9805825242718447,1,0.0,0.5048543689320388,0,0.0,0.3592233009708738,0,0.0,0.48936170212765956,0,1.0,0.0,False,0.0,False,False,False,0.0,0.0
google/gson,bfa9e2b3a807d7c3,False,1,102,True,0.0,0.5588235294117647,0,0.0,0.6568627450980392,0,0.0,0.6568627450980392,0,0.0,0.673469387755102,0,1.0,0.0,False,0.0,False,False,False,0.0,0.0
simonw/datasette,5c6dddc0c85981eb,False,0,138,True,1.0,0.9565217391304348,2,1.0,0.9565217391304348,2,1.0,0.9565217391304348,2,1.0,0.9565217391304348,2,1.0,0.0,False,1.0,False,False,False,1.0,1.0
simonw/datasette,43f019e7aa05f397,False,0,183,True,1.0,1.0,0,1.0,0.9562841530054644,1,1.0,0.9453551912568307,0,1.0,1.0,0,1.0,0.0,False,1.0,False,False,False,1.0,1.0
simonw/datasette,a65e663100a647fe,False,4,827,True,1.0,0.8960096735187424,5,1.0,0.898428053204353,5,1.0,0.8935912938331319,5,1.0,0.7980416156670747,5,1.0,1.0,True,1.0,False,False,False,1.0,1.0
simonw/datasette,e52e4ddd58b7ef88,False,5,234,True,1.0,0.9829059829059829,2,1.0,0.9829059829059829,2,1.0,0.9615384615384616,3,1.0,0.9827586206896551,2,1.0,0.0,False,1.0,False,False,False,1.0,1.0
simonw/datasette,bbe9eade93466fc3,False,2,172,True,1.0,0.936046511627907,2,1.0,0.9476744186046512,2,1.0,0.9476744186046512,2,1.0,0.9298245614035088,3,1.0,1.0,True,1.0,False,False,False,1.0,1.0
simonw/datasette,400f17d3526d3c74,False,2,574,True,1.0,0.9303135888501742,4,1.0,0.9529616724738676,5,1.0,0.9006968641114983,4,1.0,0.9280701754385965,4,1.0,1.0,True,1.0,False,False,False,1.0,1.0
simonw/datasette,5c9ef29c33ed0fde,False,1,125,True,0.0,0.6,1,0.0,0.624,0,1.0,0.696,1,0.0,0.6,1,0.0,0.0,False,1.0,False,False,False,0.0,0.0
simonw/datasette,9480d31bdde3d9fc,False,8,1168,True,1.0,0.988013698630137,2,1.0,0.988013698630137,2,1.0,0.9820205479452054,4,1.0,0.9879931389365352,2,1.0,1.0,True,1.0,False,False,False,1.0,1.0
simonw/datasette,c42c96171310ba36,False,2,158,True,1.0,1.0,0,1.0,1.0,0,1.0,0.9873417721518988,1,1.0,1.0,0,1.0,0.0,False,1.0,False,False,False,1.0,1.0
simonw/datasette,c66d64310c3a2a02,False,0,382,True,1.0,0.918848167539267,1,1.0,0.8612565445026178,3,1.0,0.7879581151832461,3,1.0,0.9186351706036745,1,1.0,0.0,False,1.0,False,False,False,1.0,1.0
simonw/datasette,83d29b1fb42ebaa9,False,15,2075,True,1.0,0.8587951807228915,12,1.0,0.8573493975903614,12,1.0,0.8554216867469879,12,1.0,0.8510843373493976,12,1.0,1.0,True,1.0,False,False,False,1.0,1.0
simonw/datasette,33c13e0b177bacd2,False,7,756,True,1.0,0.9021164021164021,5,1.0,0.9007936507936508,5,1.0,0.8862433862433863,4,1.0,0.8446215139442231,4,1.0,1.0,True,1.0,False,False,False,1.0,1.0
simonw/datasette,29c93c7c1984a571,False,9,1171,True,1.0,0.941929974380871,5,1.0,0.941929974380871,5,1.0,0.946199829205807,5,1.0,0.9418803418803419,5,1.0,1.0,True,1.0,False,False,False,1.0,1.0
simonw/datasette,7e121b0bd3a0c254,False,0,113,True,0.0,0.831858407079646,1,0.0,0.831858407079646,1,0.0,0.4424778761061947,1,0.0,0.8761061946902655,2,0.0,0.0,False,1.0,False,False,False,0.0,0.0
simonw/datasette,4ccde2f5cf4fc8ce,False,0,8,True,1.0,0.875,0,1.0,0.625,0,1.0,0.625,0,1.0,0.625,0,1.0,0.0,False,1.0,False,False,False,1.0,1.0
simonw/datasette,d38f148b058caf2f,False,5,533,True,1.0,0.99812382739212,1,1.0,0.99812382739212,1,1.0,0.99812382739212,1,1.0,0.99812382739212,1,1.0,1.0,True,1.0,False,False,False,1.0,1.0
simonw/datasette,60f61ab7a8d1910d,False,1,107,True,1.0,0.8037383177570093,4,1.0,0.8037383177570093,4,1.0,0.8037383177570093,4,1.0,0.6915887850467289,4,0.0,0.0,True,1.0,False,False,False,1.0,1.0
simonw/datasette,98a905cde294e8bc,False,0,223,True,1.0,0.6771300448430493,3,1.0,0.6771300448430493,3,1.0,0.7174887892376681,4,1.0,0.6322869955156951,3,1.0,0.0,False,1.0,False,False,False,1.0,1.0
simonw/datasette,8789098ed2a3a26e,False,2,266,True,1.0,0.9285714285714286,1,1.0,0.9285714285714286,1,1.0,0.9323308270676691,2,1.0,0.9285714285714286,1,1.0,0.5,True,1.0,False,False,False,1.0,1.0
simonw/datasette,c874b0b095156b80,False,1,2,True,0.5,0.5,0,0.5,0.5,0,0.5,0.5,0,0.5,0.5,0,1.0,1.0,True,1.0,False,False,False,0.5,0.5
simonw/datasette,a404bcd8a87f87a1,False,9,1812,True,1.0,0.9828918322295805,3,1.0,0.9812362030905077,4,1.0,0.9624724061810155,6,1.0,0.9828444936358606,3,0.0,1.0,True,1.0,False,False,False,1.0,1.0
simonw/datasette,5d18894e01294dc4,False,0,11,True,1.0,1.0,0,1.0,1.0,0,1.0,1.0,0,1.0,1.0,0,1.0,1.0,True,1.0,False,False,False,1.0,1.0
simonw/datasette,3f6bf963ebd2fc1c,True,0,98,True,1.0,0.7244897959183674,0,0.0,0.5918367346938775,0,1.0,0.5816326530612245,1,0.0,0.7052631578947368,0,1.0,0.0,False,1.0,False,False,True,1.0,0.0
simonw/datasette,8c3bbe16eac9998c,False,1,582,True,1.0,0.9828178694158075,2,1.0,0.9828178694158075,2,1.0,0.9828178694158075,2,1.0,0.9828178694158075,2,1.0,1.0,True,1.0,False,False,False,1.0,1.0
simonw/datasette,891587ca9b63bd45,False,4,428,True,1.0,0.9953271028037384,1,1.0,0.9953271028037384,1,1.0,0.985981308411215,2,1.0,0.9952830188679245,1,1.0,1.0,True,1.0,False,False,False,1.0,1.0
dahlbyk/posh-git,264227ca7eae4776,False,1,946,True,0.0,0.8805496828752643,2,0.0,0.8636363636363636,13,0.0,0.8488372093023255,13,0.0,0.9036796536796536,7,0.0,0.0,False,0.0,False,False,False,0.0,0.0
networkx/networkx,de37c4ec706ad2ec,False,0,154,True,0.0,0.9935064935064936,1,0.0,1.0,0,0.0,1.0,0,0.0,1.0,0,0.0,0.0,False,0.0,False,False,False,0.0,0.0
networkx/networkx,14537e52d3532967,False,0,181,True,0.0,0.3259668508287293,1,0.0,0.3259668508287293,1,0.0,0.35359116022099446,2,0.0,0.3277777777777778,0,0.0,0.0,True,0.0,False,False,False,0.0,0.0
networkx/networkx,57342a3fb4f10196,False,0,285,True,0.0,0.37543859649122807,9,0.0,0.42105263157894735,8,0.0,0.4105263157894737,9,0.0,0.37543859649122807,8,0.0,0.0,False,0.0,False,False,False,0.0,0.0
networkx/networkx,e8d7292d8ded12e7,False,0,131,True,0.0,0.8702290076335878,3,0.0,0.8702290076335878,3,0.0,0.8702290076335878,3,0.0,0.8778625954198473,2,0.0,0.0,False,1.0,False,False,False,0.0,0.0
networkx/networkx,641cb73581d00b40,False,0,137,True,0.0,0.4233576642335766,11,0.0,0.48905109489051096,12,0.0,0.5255474452554745,11,0.0,0.45588235294117646,11,0.0,0.0,False,0.0,False,False,False,0.0,0.0
networkx/networkx,12aa75ec179a85fe,False,0,30,True,0.0,0.4,1,0.0,0.4,1,0.0,0.4,1,0.0,0.41379310344827586,1,0.0,0.0,False,0.0,False,False,False,0.0,0.0
networkx/networkx,950aae92a8220f22,False,1,1262,True,0.0,0.35657686212361334,11,0.0,0.5507131537242472,13,0.0,0.5855784469096672,14,0.0,0.37799043062200954,11,0.0,0.0,True,0.0,False,False,False,0.0,0.0
networkx/networkx,333853dc6aba5305,False,0,495,True,0.0,0.25656565656565655,9,0.0,0.25656565656565655,9,0.0,0.24848484848484848,10,0.0,0.25760649087221094,8,0.0,0.0,True,0.0,False,False,False,0.0,0.0
networkx/networkx,90c35ea6cb20ee0f,False,1,246,True,0.0,0.6016260162601627,1,0.0,0.6341463414634146,1,0.0,0.6097560975609756,3,0.0,0.6816326530612244,0,0.0,0.0,False,1.0,False,False,False,0.0,0.0
networkx/networkx,fd4d6088095ce754,False,0,331,True,0.0,0.34441087613293053,14,0.0,0.32326283987915405,14,0.0,0.31722054380664655,14,0.0,0.3597560975609756,13,0.0,0.0,True,0.0,False,False,False,0.0,0.0
timber/timber,f33ad98927f59381,True,1,80,True,0.0,0.8125,0,1.0,0.4,0,1.0,0.4,0,0.0,0.4875,0,0.0,0.0,False,0.0,False,False,False,0.0,0.0
timber/timber,9cb20011e69c087a,True,0,34,True,1.0,0.8235294117647058,0,0.0,0.47058823529411764,0,0.0,0.47058823529411764,0,0.0,0.6875,0,0.0,0.0,False,0.0,False,False,False,1.0,0.0
timber/timber,a388b2fb1a6d2087,True,1,91,True,0.0,0.7802197802197802,2,0.0,0.31868131868131866,2,0.0,0.31868131868131866,2,0.0,0.4090909090909091,2,0.0,0.0,False,1.0,False,False,False,0.0,0.0
timber/timber,14c94dafae043cb9,True,0,398,True,1.0,0.8140703517587939,1,0.0,0.5326633165829145,1,0.0,0.33668341708542715,2,0.0,0.6928104575163399,2,1.0,0.0,False,0.0,False,False,False,1.0,0.0
timber/timber,6ac188236546e8e1,True,1,727,True,0.0,0.9147180192572214,4,1.0,0.3204951856946355,7,1.0,0.3204951856946355,7,1.0,0.3456973293768546,8,0.0,0.0,True,0.0,False,False,False,0.0,1.0
timber/timber,3f17c51d404615a4,True,0,238,True,1.0,0.9831932773109243,1,0.0,0.592436974789916,0,0.0,0.5840336134453782,1,0.0,0.8595505617977528,1,1.0,0.0,False,0.0,False,False,False,1.0,0.0
timber/timber,dd7574c63cefd65c,True,1,39,True,1.0,0.5641025641025641,1,0.0,0.3333333333333333,0,0.0,0.3333333333333333,0,0.0,0.3870967741935484,0,0.0,0.0,False,0.0,False,False,False,1.0,0.0
timber/timber,201f2b5a5eaa9e9e,True,0,1129,True,1.0,0.912311780336581,4,1.0,0.3410097431355182,13,1.0,0.3516386182462356,12,0.0,0.8825910931174089,8,0.0,0.0,False,0.0,False,False,False,1.0,0.0
timber/timber,1eef954dde3b16ee,False,0,28,True,0.0,1.0,0,0.0,1.0,0,0.0,1.0,0,0.0,1.0,0,0.0,0.0,False,0.0,False,False,False,0.0,0.0
timber/timber,d2ab9925cad7eac5,False,8,160,True,1.0,0.375,5,1.0,0.375,5,1.0,0.35625,5,1.0,0.36875,5,0.0,0.0,True,0.0,False,False,False,1.0,1.0
timber/timber,cf169d0936e13735,False,0,433,True,1.0,0.9607390300230947,3,1.0,0.5750577367205543,1,1.0,0.5658198614318707,1,1.0,0.5074257425742574,2,0.0,0.0,False,0.0,False,False,False,1.0,1.0
timber/timber,ca09b684de4d3d19,True,0,53,True,1.0,0.8113207547169812,0,0.0,0.8490566037735849,0,0.0,0.8490566037735849,0,0.0,1.0,0,0.0,0.0,False,0.0,False,False,False,1.0,0.0
timber/timber,9f9944e825f756d7,True,0,34,True,1.0,0.8823529411764706,0,0.0,0.7058823529411765,0,0.0,0.7058823529411765,0,0.0,0.92,0,0.0,0.0,False,0.0,False,False,False,1.0,0.0
timber/timber,f6d25625a99dcdfa,True,0,362,True,1.0,0.7790055248618785,3,1.0,0.4861878453038674,6,1.0,0.4972375690607735,6,0.0,0.3556851311953353,6,0.0,0.0,False,0.0,False,False,False,1.0,0.0
timber/timber,4cb93fa35b21f589,True,1,236,True,1.0,0.8686440677966102,3,0.0,0.3898305084745763,3,0.0,0.3305084745762712,4,0.0,0.45622119815668205,2,1.0,0.0,False,0.0,False,False,False,1.0,0.0
timber/timber,f4cdc0fcaafb9c8a,True,0,276,True,1.0,0.9891304347826086,1,0.0,0.7536231884057971,0,0.0,0.7572463768115942,0,0.0,0.995260663507109,1,1.0,0.0,False,0.0,False,False,False,1.0,0.0
timber/timber,176356fdf4ee0f4a,True,0,90,True,1.0,0.8888888888888888,3,1.0,0.3111111111111111,0,0.0,0.3333333333333333,2,0.0,0.3375,1,1.0,0.0,False,0.0,False,False,False,1.0,0.0
timber/timber,d63bbc14dfb578a6,True,0,20,True,1.0,0.6,0,0.0,0.75,0,0.0,0.75,0,0.0,0.95,0,1.0,0.0,False,0.0,False,False,False,1.0,0.0
timber/timber,1ead1d333b9f57ce,False,0,3,True,0.0,0.6666666666666666,0,0.0,0.6666666666666666,0,0.0,0.6666666666666666,0,0.0,0.6666666666666666,0,0.0,0.0,False,0.0,False,False,False,0.0,0.0
rails/rails,9a767a4e05fa7c6f,False,0,219,True,0.0,0.4520547945205479,20,0.0,0.5342465753424658,21,0.0,0.547945205479452,21,0.0,0.46543778801843316,19,0.0,0.5,True,0.0,False,False,False,0.0,0.0
rails/rails,4ec89ac99395bebb,False,2,624,True,0.0,0.5064102564102564,13,0.0,0.3701923076923077,14,0.0,0.3349358974358974,15,0.0,0.5064102564102564,13,0.0,0.0,True,0.0,False,False,False,0.0,0.0
rails/rails,baf71687c395f0e1,True,2,1209,True,0.0,0.10669975186104218,72,0.0,0.13234077750206782,74,0.0,0.1273779983457403,79,0.0,0.07622203811101906,71,0.0,0.0,True,0.0,False,False,False,0.0,0.0
rails/rails,179f2c9c5e2ed563,False,0,217,True,0.0,0.4147465437788018,14,0.0,0.423963133640553,14,0.0,0.423963133640553,14,0.0,0.43317972350230416,15,0.0,0.0,True,0.0,False,False,False,0.0,0.0
rails/rails,539c7c07345c8b21,False,0,161,True,0.0,0.2608695652173913,14,0.0,0.2608695652173913,14,0.0,0.3105590062111801,14,0.0,0.2670807453416149,13,0.0,0.0,False,0.0,False,False,False,0.0,0.0
rails/rails,ffd9023828098012,False,2,204,True,0.0,0.28921568627450983,8,0.0,0.28921568627450983,8,0.0,0.28921568627450983,8,0.0,0.37745098039215685,5,0.0,0.0,False,0.0,False,False,False,0.0,0.0
rails/rails,862321b4f7080a04,False,1,414,True,0.0,0.4251207729468599,22,0.0,0.41304347826086957,22,0.0,0.4178743961352657,27,0.0,0.4251207729468599,21,0.0,0.0,True,0.0,False,False,False,0.0,0.0
rails/rails,b0e9e928ad4f52e8,True,0,1294,True,0.0,0.1151468315301391,67,0.0,0.125193199381762,67,0.0,0.12596599690880989,67,0.0,0.12064965197215777,67,0.0,0.0,True,0.0,False,False,False,0.0,0.0
rails/rails,b5fdb06af231f549,False,0,333,True,0.0,0.42342342342342343,38,0.0,0.2972972972972973,43,0.0,0.2972972972972973,43,0.0,0.42342342342342343,38,0.0,0.0,True,0.0,False,False,False,0.0,0.0
rails/rails,3f752c786661d783,True,0,320,True,0.0,0.271875,31,0.0,0.290625,32,0.0,0.29375,32,0.0,0.18412698412698414,35,0.0,0.0,False,0.0,False,False,False,0.0,0.0
rails/rails,6beff742d360cbb4,False,0,346,True,0.0,0.2861271676300578,25,0.0,0.26878612716763006,28,0.0,0.25722543352601157,28,0.0,0.2894736842105263,26,0.0,0.0,True,0.0,False,False,False,0.0,0.0
rails/rails,db32e7ef97f967ca,False,0,894,True,0.0,0.1789709172259508,39,0.0,0.14093959731543623,39,0.0,0.12304250559284116,40,0.0,0.1789709172259508,38,0.0,0.25,True,0.0,False,False,False,0.0,0.0
rails/rails,0c85c72c5220470c,False,1,1774,True,0.0,0.15107102593010147,56,0.0,0.15107102593010147,56,0.0,0.133032694475761,70,0.0,0.1657271702367531,57,0.0,0.0,True,0.0,False,False,False,0.0,0.0
rails/rails,3f106a6747ccab25,False,0,62,True,0.0,0.532258064516129,4,0.0,0.532258064516129,4,0.0,0.532258064516129,4,0.0,0.6557377049180327,5,0.0,0.0,True,0.0,False,False,False,0.0,0.0
rails/rails,f444aa35d2abc014,False,1,1072,True,0.0,0.09701492537313433,113,0.0,0.1417910447761194,113,0.0,0.12686567164179105,111,0.0,0.14178403755868543,115,0.0,0.0,True,0.0,False,False,False,0.0,0.0
rails/rails,7f0f4414aabb8451,False,0,21,True,0.0,0.6666666666666666,2,0.0,0.6666666666666666,2,0.0,0.6666666666666666,2,0.0,0.85,0,0.0,0.0,True,0.0,False,False,False,0.0,0.0
Choices-js/Choices,2b3df0c949a9af64,False,2,50,True,0.0,0.8,0,0.0,0.8,0,0.0,0.76,1,0.0,0.8,0,0.0,0.0,False,0.0,False,False,False,0.0,0.0
Choices-js/Choices,dd8d6fe5ebf456f8,False,0,49,True,0.0,0.6530612244897959,0,0.0,0.6530612244897959,0,0.0,0.6530612244897959,0,0.0,0.6530612244897959,0,1.0,0.0,False,1.0,False,False,False,0.0,0.0
Choices-js/Choices,9fec9c348fdaba3d,False,1,2353,True,0.0,0.6366340841478964,6,0.0,0.6731831704207395,6,0.0,0.6952826179345516,6,0.0,0.6413089672758181,6,0.0,1.0,True,1.0,False,False,False,0.0,0.0
Choices-js/Choices,624dcaf9b67522cf,False,0,225,True,0.0,0.7777777777777778,1,0.0,0.7777777777777778,1,0.0,0.7822222222222223,1,0.0,0.7822222222222223,1,1.0,0.0,False,1.0,False,False,False,0.0,0.0
Choices-js/Choices,2e23e0235120423a,False,0,57,True,0.0,0.5087719298245614,0,1.0,0.5087719298245614,0,0.0,0.5263157894736842,0,0.0,0.5087719298245614,0,1.0,0.0,False,1.0,False,False,False,0.0,0.0
Choices-js/Choices,56b06ac8b0462cd3,False,1,115,True,1.0,0.6782608695652174,3,1.0,0.6521739130434783,3,1.0,0.6521739130434783,3,1.0,0.6695652173913044,3,1.0,1.0,True,1.0,False,False,False,1.0,1.0
Choices-js/Choices,bc0be08a0cd7a73f,False,3,412,True,0.0,0.6310679611650486,5,0.0,0.6262135922330098,5,0.0,0.5995145631067961,5,0.0,0.6146341463414634,5,0.0,0.0,True,0.0,False,False,False,0.0,0.0
Choices-js/Choices,b04278ce9293cef5,False,0,244,True,0.0,0.5491803278688525,2,0.0,0.5573770491803278,2,0.0,0.5573770491803278,2,0.0,0.5573770491803278,2,1.0,0.0,False,1.0,False,False,False,0.0,0.0
Choices-js/Choices,b2e844953f0752f8,False,0,342,True,0.0,0.9122807017543859,0,0.0,0.9122807017543859,0,0.0,0.9122807017543859,0,0.0,0.9824561403508771,1,1.0,0.0,False,1.0,False,False,False,0.0,0.0
Choices-js/Choices,d747150773456988,False,1,253,True,1.0,0.5810276679841897,3,1.0,0.5691699604743083,3,1.0,0.5573122529644269,7,1.0,0.5573122529644269,3,1.0,1.0,True,1.0,False,False,False,1.0,1.0
Choices-js/Choices,16d687d1d42293d9,False,0,437,True,0.0,0.42105263157894735,4,0.0,0.459954233409611,4,0.0,0.4302059496567506,5,0.0,0.42105263157894735,4,1.0,1.0,True,0.0,False,False,False,0.0,0.0
Choices-js/Choices,35557aee93f59f84,False,1,66,True,0.0,1.0,0,0.0,1.0,0,0.0,0.9090909090909091,4,0.0,1.0,0,0.0,0.0,False,0.0,False,False,False,0.0,0.0
Choices-js/Choices,744636913ffeee1b,False,2,142,True,0.0,0.5563380281690141,0,0.0,0.5563380281690141,0,0.0,0.5563380281690141,0,0.0,0.5563380281690141,0,0.0,0.0,False,0.0,False,False,False,0.0,0.0
godotengine/godot,663511b664fc21e4,False,1,909,True,1.0,0.9240924092409241,9,1.0,0.9493949394939494,9,1.0,0.9141914191419142,10,1.0,0.9570957095709571,8,1.0,1.0,True,1.0,False,False,False,1.0,1.0
godotengine/godot,767752c116e6b2f5,False,0,814,True,0.0,0.7358722358722358,19,0.0,0.7616707616707616,20,0.0,0.5356265356265356,25,0.0,0.7776412776412777,16,0.0,0.0,True,0.0,False,False,False,0.0,0.0
godotengine/godot,c104be17eafeab09,False,0,531,True,0.0,0.6064030131826742,7,0.0,0.6064030131826742,8,0.0,0.5988700564971752,7,0.0,0.6064030131826742,7,0.0,0.0,True,0.0,False,False,False,0.0,0.0
godotengine/godot,3fabb557ffcb06b8,False,0,909,True,0.0,0.5786578657865786,16,0.0,0.5786578657865786,16,0.0,0.34433443344334436,20,0.0,0.5841584158415841,14,0.0,0.0,True,0.0,False,False,False,0.0,0.0
godotengine/godot,9122c6ae75e45fa3,False,0,343,True,0.0,0.3556851311953353,10,0.0,0.4227405247813411,10,0.0,0.30029154518950435,12,0.0,0.44314868804664725,11,1.0,1.0,True,0.0,False,False,False,0.0,0.0
godotengine/godot,3a958ea4573c75b1,True,0,80,True,0.0,0.425,8,0.0,0.55,8,0.0,0.55,8,0.0,0.6582278481012658,7,0.0,0.0,True,0.0,False,False,False,0.0,0.0
godotengine/godot,e9783f1deeb70f29,False,0,1,True,0.0,1.0,0,0.0,1.0,0,0.0,1.0,0,0.0,1.0,0,0.0,0.0,False,0.0,False,False,False,0.0,0.0
godotengine/godot,0c572e6d8f4c20e5,False,2,797,True,0.0,0.35508155583437895,33,0.0,0.4780426599749059,33,0.0,0.5144291091593476,33,0.0,0.47044025157232705,33,0.0,0.0,True,0.0,False,False,False,0.0,0.0
godotengine/godot,629deb7a2de79da7,True,0,112,True,0.0,0.39285714285714285,11,0.0,0.48214285714285715,11,0.0,0.42857142857142855,11,0.0,0.4594594594594595,10,0.0,0.0,True,0.0,False,False,False,0.0,0.0
godotengine/godot,a5ab0c9351c2bec9,False,0,842,True,0.0,0.31116389548693585,25,0.0,0.47387173396674587,26,0.0,0.47030878859857483,27,0.0,0.31116389548693585,25,0.0,0.0,True,0.0,False,False,False,0.0,0.0
godotengine/godot,52701eeaae348d23,False,4,281,True,0.0,0.33807829181494664,20,0.0,0.39501779359430605,20,0.0,0.4697508896797153,20,0.0,0.4014336917562724,20,0.0,0.25,True,0.0,False,False,False,0.0,0.0
godotengine/godot,c774a788c66d21f8,True,0,152,True,0.0,0.34868421052631576,14,0.0,0.5131578947368421,14,0.0,0.5131578947368421,13,0.0,0.5733333333333334,13,1.0,0.0,False,0.0,False,False,False,0.0,0.0
godotengine/godot,20b34ee6a6f2ffcb,False,6,4335,True,0.0,0.6101499423298731,43,0.0,0.6484429065743945,43,0.0,0.6412918108419838,45,0.0,0.6168396770472895,43,0.0,0.0,True,0.0,False,False,False,0.0,0.0
godotengine/godot,7ef3074715b6240b,False,0,107,True,0.0,0.4392523364485981,1,0.0,0.6542056074766355,1,0.0,0.6448598130841121,1,0.0,0.7102803738317757,1,0.0,0.0,False,0.0,False,False,False,0.0,0.0
godotengine/godot,eef6a82d8f6028e8,False,0,98,True,0.0,0.5816326530612245,3,0.0,0.8163265306122449,3,0.0,0.5918367346938775,2,0.0,0.8877551020408163,3,0.0,0.0,True,0.0,False,False,False,0.0,0.0
godotengine/godot,336b91470cfd2336,False,0,267,True,0.0,0.9213483146067416,6,0.0,0.9213483146067416,6,0.0,0.8202247191011236,7,0.0,0.9288389513108615,4,0.0,0.0,True,0.0,False,False,False,0.0,0.0
spack/spack,6747fd55cd2597f6,True,3,4605,True,0.0,0.2241042345276873,20,0.0,0.2241042345276873,20,0.0,0.23279044516829533,20,0.0,0.22551153678711364,19,0.0,0.0,True,0.0,False,False,False,0.0,0.0
spack/spack,87ec9f923510016d,False,0,80,True,0.0,0.65,3,0.0,0.6375,3,0.0,0.6375,3,0.0,0.6582278481012658,3,0.0,0.0,True,0.0,False,False,False,0.0,0.0
spack/spack,5872c9f404801835,False,1,589,True,0.0,0.45840407470288624,6,0.0,0.4533106960950764,4,0.0,0.44991511035653653,4,0.0,0.46075085324232085,6,0.0,0.0,True,0.0,False,False,False,0.0,0.0
spack/spack,b21556f38e103cca,False,3,819,True,0.0,0.4065934065934066,13,0.0,0.4139194139194139,13,0.0,0.4371184371184371,13,0.0,0.3845208845208845,13,1.0,1.0,True,1.0,False,False,False,0.0,0.0
spack/spack,2be9b33310a329dd,False,2,858,True,1.0,0.3484848484848485,11,1.0,0.3298368298368298,12,1.0,0.3333333333333333,12,1.0,0.3508771929824561,11,1.0,1.0,True,1.0,False,False,False,1.0,1.0
spack/spack,d1cab1c15a7cb7f1,True,1,1112,True,0.0,0.24280575539568344,15,0.0,0.2652877697841727,14,0.0,0.2922661870503597,15,1.0,0.18592057761732853,13,0.0,1.0,True,1.0,False,False,False,0.0,1.0
spack/spack,d85b7d9075897bf1,False,0,155,True,1.0,0.3096774193548387,3,1.0,0.3032258064516129,3,1.0,0.3032258064516129,3,1.0,0.3419354838709677,3,0.0,0.0,True,1.0,False,False,False,1.0,1.0
spack/spack,cdbea86f18e822b8,False,0,88,True,0.0,0.7272727272727273,2,0.0,0.7272727272727273,2,0.0,0.7272727272727273,2,0.0,0.8977272727272727,2,0.0,0.0,True,1.0,False,False,False,0.0,0.0
spack/spack,7d67ad2b6643aac7,True,1,1349,True,0.0,0.24314306893995552,10,0.0,0.30096367679762787,10,0.0,0.3254262416604892,10,0.0,0.2609992542878449,10,0.0,0.0,True,1.0,False,False,False,0.0,0.0
spack/spack,0dc76b5b8370b4d9,True,0,83,True,0.0,0.3373493975903614,1,0.0,0.3373493975903614,1,0.0,0.37349397590361444,1,0.0,0.4268292682926829,2,1.0,0.25,True,1.0,False,False,False,0.0,0.0
spack/spack,c7b58dd475c5805b,False,0,768,True,0.0,0.4166666666666667,7,0.0,0.4049479166666667,8,0.0,0.4270833333333333,11,0.0,0.35209424083769636,6,1.0,1.0,True,1.0,False,False,False,0.0,0.0
spack/spack,51dfba9bf0906845,False,1,602,True,0.0,0.22591362126245848,8,0.0,0.23089700996677742,8,0.0,0.24086378737541528,9,0.0,0.2591362126245847,9,1.0,1.0,True,1.0,False,False,False,0.0,0.0
spack/spack,6d143e0dcac9099d,False,0,121,True,1.0,0.7933884297520661,4,1.0,0.7933884297520661,4,1.0,0.8099173553719008,4,1.0,0.7603305785123967,5,0.0,0.0,True,0.0,False,False,False,1.0,1.0
spack/spack,e33f57b143d895de,False,2,347,True,0.0,0.5878962536023055,3,0.0,0.5878962536023055,3,0.0,0.4610951008645533,5,0.0,0.5895953757225434,3,1.0,1.0,True,1.0,False,False,False,0.0,0.0
spack/spack,a95359f9d137a097,False,1,381,True,0.0,0.31758530183727035,1,0.0,0.30971128608923887,1,0.0,0.30971128608923887,1,0.0,0.3228346456692913,1,0.0,1.0,True,1.0,False,False,False,0.0,0.0
spack/spack,321a23b87403347c,False,0,90,True,0.0,0.6888888888888889,7,0.0,0.6888888888888889,7,0.0,0.7,7,0.0,0.7666666666666667,7,1.0,1.0,True,1.0,False,False,False,0.0,0.0
spack/spack,02eeec2112c12800,True,0,472,True,1.0,0.3453389830508475,5,0.0,0.3389830508474576,5,0.0,0.3516949152542373,9,0.0,0.4585987261146497,5,1.0,1.0,True,1.0,False,False,False,1.0,0.0
spack/spack,33ff051ec2cfde85,True,0,173,True,0.0,0.4508670520231214,5,0.0,0.45664739884393063,5,0.0,0.45664739884393063,6,0.0,0.49710982658959535,6,0.0,0.0,True,0.0,False,False,False,0.0,0.0
spack/spack,11c6ae872c770c77,False,1,627,True,1.0,0.20893141945773525,10,1.0,0.20414673046251994,10,1.0,0.21052631578947367,10,1.0,0.21061093247588425,11,1.0,1.0,True,1.0,False,False,False,1.0,1.0
spack/spack,69efdc880e0a8309,True,0,88,True,0.0,0.5454545454545454,4,0.0,0.5568181818181818,4,0.0,0.5,4,0.0,0.896551724137931,4,0.0,0.0,True,0.0,False,False,False,0.0,0.0
spack/spack,e2af2d1e12629bda,False,0,254,True,0.0,0.5590551181102362,1,0.0,0.5590551181102362,1,0.0,0.4566929133858268,3,0.0,0.5590551181102362,1,0.0,0.0,True,0.0,False,False,False,0.0,0.0
spack/spack,0b1acc3134090bce,False,0,166,True,0.0,0.45180722891566266,4,0.0,0.4879518072289157,4,0.0,0.4939759036144578,4,0.0,0.42424242424242425,4,1.0,1.0,True,1.0,False,False,False,0.0,0.0
spack/spack,6537e8ae941ed92f,False,1,118,True,0.0,0.288135593220339,2,0.0,0.288135593220339,2,0.0,0.288135593220339,2,0.0,0.288135593220339,2,0.0,0.0,True,0.0,False,False,False,1.0,1.0
spack/spack,22a2d151d9093eb1,False,0,199,True,0.0,0.49748743718592964,3,0.0,0.5025125628140703,2,0.0,0.5025125628140703,2,0.0,0.6984924623115578,3,1.0,1.0,True,1.0,False,False,False,0.0,0.0
microsoft/vscode,ac1c8b6828b4c2d4,False,1,271,True,0.0,0.7011070110701108,2,0.0,0.7011070110701108,2,0.0,0.6937269372693727,3,0.0,0.7158671586715867,2,0.0,0.0,True,0.0,False,False,False,0.0,0.0
microsoft/vscode,c4f60ee33c9998c1,False,1,204,True,0.0,0.9656862745098039,3,0.0,0.9656862745098039,3,0.0,0.9019607843137255,3,0.0,0.9705882352941176,2,1.0,0.5,True,0.0,False,False,False,0.0,0.0
microsoft/vscode,fcdd39566577c2ba,False,1,250,True,0.0,0.34,8,0.0,0.316,7,0.0,0.356,9,0.0,0.364,8,0.0,0.0,True,0.0,False,False,False,0.0,0.0
microsoft/vscode,c405bdd62832fe4c,True,1,44,True,0.0,0.7045454545454546,3,0.0,0.22727272727272727,4,0.0,0.22727272727272727,4,1.0,0.24242424242424243,2,0.0,0.0,True,0.0,False,False,False,0.0,1.0
microsoft/vscode,2508c8a1e34d8bdd,False,0,59,True,0.0,0.5423728813559322,0,0.0,0.559322033898305,0,0.0,0.4576271186440678,0,0.0,0.6101694915254238,0,0.0,0.0,False,0.0,False,False,False,0.0,0.0
microsoft/vscode,e6bb2e863ad176ea,False,2,277,True,0.0,0.5451263537906137,6,0.0,0.5451263537906137,6,0.0,0.5270758122743683,7,0.0,0.5992779783393501,7,0.0,0.0,True,0.0,False,False,False,0.0,0.0
microsoft/vscode,57c52038c327113e,False,0,376,True,0.0,0.7127659574468085,4,0.0,0.6968085106382979,4,0.0,0.6462765957446809,5,0.0,0.7367021276595744,3,0.0,1.0,True,1.0,False,False,False,0.0,0.0
microsoft/vscode,dc25a7b83244db39,False,3,1052,True,0.0,0.3773764258555133,9,0.0,0.3925855513307985,9,0.0,0.3973384030418251,13,0.0,0.38688212927756654,10,1.0,1.0,True,1.0,False,False,False,0.0,0.0
microsoft/vscode,01726c7fa4016b93,False,4,791,True,0.0,0.4222503160556258,14,0.0,0.42857142857142855,15,0.0,0.42983565107458915,15,0.0,0.427307206068268,14,1.0,1.0,True,0.0,False,False,False,0.0,0.0
microsoft/vscode,10acc68d5c7117e2,False,0,153,True,0.0,0.8627450980392157,1,0.0,0.8627450980392157,1,0.0,0.7712418300653595,3,0.0,0.954248366013072,2,0.0,0.0,False,0.0,False,False,False,0.0,0.0
microsoft/vscode,b74220fdb508beed,False,0,75,True,1.0,0.9466666666666667,0,1.0,0.9466666666666667,0,1.0,0.88,0,1.0,1.0,0,1.0,0.0,False,0.0,False,False,False,1.0,1.0
microsoft/vscode,1bea564a53de9969,False,0,408,True,0.0,0.4583333333333333,5,0.0,0.46078431372549017,5,0.0,0.4681372549019608,5,0.0,0.4632352941176471,4,0.0,0.0,True,0.0,False,False,False,0.0,0.0
clash-verge-rev/clash-verge-rev,5c0a30c5041463be,False,3,200,False,0.0,0.69,6,0.0,0.69,6,0.0,0.715,6,0.0,0.7085427135678392,5,0.0,0.0,True,0.0,False,False,False,0.0,0.0
clash-verge-rev/clash-verge-rev,8e966270b781a489,False,9,606,False,0.0,0.38778877887788776,0,0.0,0.49504950495049505,0,0.0,0.5379537953795379,3,0.0,0.5487179487179488,0,1.0,0.0,True,0.0,False,False,False,0.0,0.0
clash-verge-rev/clash-verge-rev,9042ef10135202ef,False,0,563,False,0.0,0.9804618117229129,3,0.0,0.9822380106571936,3,0.0,0.9822380106571936,3,0.0,0.9804618117229129,4,0.0,0.0,True,0.0,False,False,False,0.0,0.0
clash-verge-rev/clash-verge-rev,13b0db3e38d55e36,False,3,390,False,0.0,0.823076923076923,0,0.0,0.8615384615384616,0,0.0,0.8743589743589744,3,0.0,0.9869109947643979,1,0.0,0.0,True,0.0,False,False,False,0.0,0.0
clash-verge-rev/clash-verge-rev,449dd38e3605d169,False,0,89,False,0.0,0.5280898876404494,1,0.0,0.5280898876404494,1,0.0,0.5280898876404494,1,0.0,0.5280898876404494,1,0.0,0.0,True,0.0,False,False,False,0.0,0.0
clash-verge-rev/clash-verge-rev,297ace30bf78e18a,False,0,399,False,1.0,0.7819548872180451,0,1.0,0.7568922305764411,0,0.0,0.9097744360902256,2,1.0,0.7814070351758794,0,1.0,0.5,True,0.0,False,False,False,1.0,1.0
clash-verge-rev/clash-verge-rev,f571fecfeef08b9d,True,3,349,False,0.0,0.40114613180515757,1,0.0,0.6790830945558739,1,0.0,0.7163323782234957,2,0.0,0.7545454545454545,2,1.0,0.0,True,0.0,False,False,False,0.0,0.0
clash-verge-rev/clash-verge-rev,daac86bd53992942,False,0,304,False,0.0,0.5986842105263158,1,0.0,0.5986842105263158,1,0.0,0.3256578947368421,2,0.0,0.7227722772277227,1,0.0,1.0,True,0.0,False,False,False,0.0,0.0
clash-verge-rev/clash-verge-rev,402654cd2b09d57f,True,0,69,False,0.0,0.5362318840579711,1,0.0,0.5797101449275363,1,0.0,0.5797101449275363,1,0.0,0.9117647058823529,0,0.0,0.0,True,0.0,False,False,False,0.0,0.0
clash-verge-rev/clash-verge-rev,94e3df93ff79560b,False,0,571,False,0.0,0.9649737302977233,5,0.0,0.9667250437828371,5,0.0,0.9667250437828371,5,0.0,0.9649737302977233,5,0.0,0.0,True,0.0,False,False,False,0.0,0.0
clash-verge-rev/clash-verge-rev,5540aa81d0e3e4aa,False,12,1037,False,0.0,0.90549662487946,4,0.0,0.9199614271938283,4,0.0,0.9276759884281581,4,0.0,0.9552093476144109,3,1.0,0.0,True,0.0,False,False,False,0.0,0.0
clash-verge-rev/clash-verge-rev,26a431300a6b480b,False,0,76,False,0.0,0.9868421052631579,1,0.0,0.9868421052631579,1,0.0,0.8947368421052632,2,0.0,1.0,0,0.0,0.0,True,0.0,False,False,False,0.0,0.0
clash-verge-rev/clash-verge-rev,1756cdaa613d7dd3,False,0,220,False,0.0,0.36363636363636365,3,0.0,0.36818181818181817,4,0.0,0.36363636363636365,5,0.0,0.5570776255707762,3,0.0,0.0,True,0.0,False,False,False,0.0,0.0
clash-verge-rev/clash-verge-rev,9ebb9187ab367adf,False,3,403,False,0.0,0.8114143920595533,5,0.0,0.5632754342431762,4,0.0,0.5831265508684863,5,0.0,0.7930174563591023,5,0.0,1.0,True,1.0,False,False,False,0.0,0.0
clash-verge-rev/clash-verge-rev,6049e1bcf7dd0255,False,4,61,False,1.0,0.7868852459016393,3,1.0,0.7868852459016393,3,1.0,0.7868852459016393,3,1.0,0.7868852459016393,3,1.0,0.0,True,0.0,False,False,False,1.0,1.0
clash-verge-rev/clash-verge-rev,26ad4b834941d9b1,False,0,12,False,0.0,0.8333333333333334,0,0.0,0.9166666666666666,0,0.0,1.0,0,0.0,0.9166666666666666,0,0.0,0.0,True,0.0,False,False,False,0.0,0.0
clash-verge-rev/clash-verge-rev,2adee98cfd124928,False,0,121,False,0.0,0.8760330578512396,1,0.0,0.9338842975206612,1,0.0,0.9008264462809917,3,0.0,0.9917355371900827,1,0.0,0.0,True,0.0,False,False,False,0.0,0.0
clash-verge-rev/clash-verge-rev,0b83986029ace553,False,2,199,False,0.0,0.8844221105527639,2,0.0,0.8944723618090452,2,0.0,0.9195979899497487,3,0.0,0.8844221105527639,2,1.0,1.0,True,0.0,False,False,False,0.0,0.0
clash-verge-rev/clash-verge-rev,a94ebfaecf8bb34c,False,8,918,False,1.0,0.3790849673202614,8,0.0,0.37254901960784315,8,0.0,0.3681917211328976,8,1.0,0.35737704918032787,7,1.0,0.0,True,0.0,False,False,False,1.0,1.0
clash-verge-rev/clash-verge-rev,22e4ab2ba191f9da,False,3,166,False,0.0,0.7710843373493976,1,0.0,0.8493975903614458,1,0.0,0.8734939759036144,2,0.0,0.8848484848484849,0,0.0,0.0,True,0.0,False,False,False,0.0,0.0
clash-verge-rev/clash-verge-rev,86039f3519ac76f6,False,6,635,False,0.0,0.5779527559055118,5,0.0,0.5763779527559055,5,0.0,0.521259842519685,6,0.0,0.5816164817749604,5,0.0,0.0,True,0.0,False,False,False,0.0,0.0
clash-verge-rev/clash-verge-rev,cc17f707301673cb,False,1,116,False,0.0,0.6896551724137931,2,0.0,0.6896551724137931,2,0.0,0.6982758620689655,2,0.0,0.6956521739130435,1,0.0,0.0,True,0.0,False,False,False,0.0,0.0
clash-verge-rev/clash-verge-rev,1cd8b18798a1a103,False,4,92,False,0.0,0.45652173913043476,2,0.0,0.2826086956521739,2,0.0,0.2391304347826087,2,0.0,0.42857142857142855,1,0.0,0.0,True,0.0,False,False,False,0.0,0.0
clash-verge-rev/clash-verge-rev,3be743913e2ec269,False,2,322,False,0.0,0.453416149068323,2,0.0,0.453416149068323,2,0.0,0.5217391304347826,2,0.0,0.46105919003115264,1,0.0,1.0,True,1.0,False,False,False,0.0,0.0
clash-verge-rev/clash-verge-rev,37d740d776df00b2,False,0,61,False,0.0,0.9016393442622951,4,0.0,0.9016393442622951,4,0.0,0.9344262295081968,3,0.0,0.9344262295081968,3,1.0,1.0,True,1.0,False,False,False,0.0,0.0
apache/iotdb,84882f4bcfe2f0f7,False,0,298,True,1.0,0.4664429530201342,6,1.0,0.38926174496644295,6,1.0,0.41946308724832215,8,1.0,0.468013468013468,5,1.0,1.0,True,0.0,False,False,False,1.0,1.0
apache/iotdb,71e5bb9a2035f7b5,False,2,1543,True,0.0,0.5670771224886585,13,0.0,0.5638366817887233,15,0.0,0.4594944912508101,38,0.0,0.5674448767833982,12,1.0,1.0,True,1.0,False,False,False,0.0,0.0
apache/iotdb,f90dad8042b2caa5,False,2,1131,True,0.0,0.20778072502210435,22,0.0,0.20954907161803712,22,0.0,0.19805481874447392,27,0.0,0.20870337477797513,20,1.0,1.0,True,1.0,False,False,False,0.0,0.0
apache/iotdb,385c62ec705c8ebd,False,0,228,True,0.0,0.4473684210526316,7,0.0,0.45614035087719296,7,0.0,0.38596491228070173,15,0.0,0.4889867841409692,5,0.0,0.0,True,0.0,False,False,False,0.0,0.0
apache/iotdb,a6238dd231054e49,False,0,166,True,0.0,0.6626506024096386,9,0.0,0.6867469879518072,9,0.0,0.3493975903614458,16,0.0,0.8209876543209876,7,0.0,0.0,False,0.0,False,False,False,0.0,0.0
apache/iotdb,2e7615d72ef324b6,False,0,53,True,0.0,0.9811320754716981,1,0.0,0.9811320754716981,1,0.0,0.6226415094339622,3,0.0,1.0,0,0.0,0.0,False,1.0,False,False,False,0.0,0.0
apache/iotdb,f776b3954cd86936,False,0,247,True,0.0,0.7044534412955465,3,0.0,0.7044534412955465,3,0.0,0.5951417004048583,10,0.0,0.7073170731707317,2,0.0,0.0,False,0.0,False,False,False,0.0,0.0
apache/iotdb,1f7975f72dcada02,False,0,225,True,0.0,0.9733333333333334,1,0.0,0.9733333333333334,1,0.0,0.8711111111111111,6,0.0,1.0,0,0.0,0.0,False,1.0,False,False,False,0.0,0.0
apache/iotdb,92edcbe079357ded,False,3,1084,True,0.0,0.4114391143911439,11,0.0,0.4381918819188192,12,0.0,0.42066420664206644,28,0.0,0.412962962962963,10,0.0,1.0,True,1.0,False,False,False,0.0,0.0
apache/iotdb,6584f94e4dc605cd,False,4,1581,True,0.0,0.46110056925996207,22,0.0,0.4857685009487666,23,0.0,0.5117014547754586,29,0.0,0.46139240506329116,21,1.0,1.0,True,0.0,False,False,False,0.0,0.0
apache/iotdb,e13cc3c9d60d542e,False,0,1857,True,0.0,0.8368336025848142,6,0.0,0.8357565966612817,6,0.0,0.7689822294022617,17,0.0,0.8404542996214169,5,1.0,0.0,False,0.0,False,False,False,0.0,0.0
apache/iotdb,eb2f486fd4be2577,False,0,616,True,0.0,0.926948051948052,3,0.0,0.926948051948052,3,0.0,0.5211038961038961,14,0.0,0.9284552845528455,2,1.0,0.0,False,0.0,False,False,False,0.0,0.0
apache/iotdb,c9f553ed60b35d34,False,0,63,True,0.0,0.9523809523809523,1,0.0,0.9523809523809523,1,0.0,0.6190476190476191,4,0.0,1.0,0,0.0,0.0,False,1.0,False,False,False,0.0,0.0
apache/iotdb,420f0bd8ab763aa8,False,1,797,True,0.0,0.562107904642409,3,0.0,0.5407779171894604,3,0.0,0.5194479297365119,16,0.0,0.5628140703517588,2,0.0,0.0,False,1.0,False,False,False,0.0,0.0
apache/iotdb,dc32590086e1043b,False,0,121,True,0.0,0.9834710743801653,1,0.0,0.9834710743801653,1,0.0,0.8016528925619835,6,0.0,1.0,0,0.0,0.0,False,1.0,False,False,False,0.0,0.0
apache/iotdb,49d4be9fda16bc15,False,0,493,True,0.0,0.2231237322515213,16,0.0,0.22718052738336714,16,0.0,0.21703853955375255,23,0.0,0.22653061224489796,16,1.0,1.0,True,0.0,False,False,False,0.0,0.0
apache/iotdb,685a758389b6332e,False,0,220,True,0.0,0.9136363636363637,2,0.0,0.9136363636363637,2,0.0,0.8636363636363636,5,0.0,0.9409090909090909,1,0.0,0.0,False,0.0,False,False,False,0.0,0.0
apache/iotdb,b1a2a653f3171f25,False,0,271,True,0.0,0.5756457564575646,4,0.0,0.5756457564575646,4,0.0,0.4575645756457565,10,0.0,0.5867158671586716,3,0.0,1.0,True,0.0,False,False,False,0.0,0.0
apache/iotdb,719bd03ce4161070,False,0,207,True,0.0,0.5217391304347826,3,0.0,0.5120772946859904,2,0.0,0.5072463768115942,7,0.0,0.526829268292683,2,0.0,0.0,True,1.0,False,False,False,0.0,0.0
apache/iotdb,410263915be280ec,False,0,373,True,0.0,0.8176943699731903,7,0.0,0.8230563002680965,7,0.0,0.7560321715817694,17,0.0,0.8198924731182796,6,1.0,0.5,True,0.0,False,False,False,0.0,0.0
navidrome/navidrome,b228ca5467e74261,True,3,26,True,1.0,0.5384615384615384,0,1.0,0.5384615384615384,0,1.0,0.5384615384615384,0,0.0,0.5384615384615384,0,1.0,1.0,True,1.0,False,False,True,1.0,0.0
navidrome/navidrome,bcbb5f0c84c1a4f5,True,2,33,True,0.0,0.42424242424242425,1,0.0,0.5757575757575758,1,0.0,0.5757575757575758,1,0.0,0.48484848484848486,1,0.0,0.0,False,1.0,False,False,True,0.0,0.0
navidrome/navidrome,4bb46d5dfa8df79e,False,1,82,True,0.0,0.47560975609756095,0,0.0,0.5365853658536586,0,0.0,0.5365853658536586,0,0.0,0.5121951219512195,0,1.0,1.0,True,1.0,False,False,False,0.0,0.0
navidrome/navidrome,827c7eb54789acbb,False,2,137,True,1.0,1.0,0,1.0,1.0,0,1.0,1.0,0,1.0,1.0,0,1.0,1.0,True,1.0,False,False,False,1.0,1.0
navidrome/navidrome,2d96e3ca0fd5e31f,False,1,82,True,1.0,0.6951219512195121,1,1.0,0.6951219512195121,1,1.0,0.6951219512195121,1,1.0,0.6829268292682927,1,0.0,0.5,True,1.0,False,False,False,1.0,1.0
navidrome/navidrome,33ef32bf6c23acb9,False,10,142,True,1.0,0.823943661971831,4,1.0,0.823943661971831,4,1.0,0.823943661971831,4,1.0,0.8169014084507042,4,1.0,1.0,True,1.0,False,False,False,1.0,1.0
navidrome/navidrome,fa92f03fa520f2a5,False,2,379,True,0.0,0.5514511873350924,1,0.0,0.5435356200527705,1,0.0,0.48812664907651715,1,0.0,0.5514511873350924,1,0.0,0.0,True,1.0,False,False,False,0.0,0.0
navidrome/navidrome,6a294ff9722e5161,False,0,42,True,0.0,0.8095238095238095,0,0.0,0.8095238095238095,0,0.0,0.8095238095238095,0,0.0,0.8333333333333334,0,1.0,0.0,False,1.0,False,False,False,0.0,0.0
navidrome/navidrome,ab967ab1a2f3a1b7,False,6,402,True,1.0,0.6293532338308457,7,1.0,0.6094527363184079,9,1.0,0.6144278606965174,9,1.0,0.6218905472636815,7,1.0,1.0,True,1.0,False,False,False,1.0,1.0
navidrome/navidrome,a2974d46fa71102e,False,4,169,True,0.0,0.6272189349112426,1,0.0,0.6272189349112426,1,0.0,0.6272189349112426,1,0.0,0.6331360946745562,1,1.0,1.0,True,1.0,False,False,False,0.0,0.0
navidrome/navidrome,17857c15e7a4e252,False,1,74,True,1.0,1.0,0,1.0,1.0,0,1.0,1.0,0,1.0,1.0,0,1.0,1.0,True,1.0,False,False,False,1.0,1.0
navidrome/navidrome,b335630551682c19,False,0,88,True,0.0,0.4318181818181818,3,0.0,0.42045454545454547,3,0.0,0.38636363636363635,3,0.0,0.38636363636363635,3,0.0,0.0,True,0.0,False,False,False,0.0,0.0
navidrome/navidrome,2b0ed63cfceed555,False,3,329,True,1.0,0.7264437689969605,1,1.0,0.723404255319149,2,1.0,0.7112462006079028,2,1.0,0.723404255319149,1,1.0,1.0,True,1.0,False,False,False,1.0,1.0
navidrome/navidrome,eb525ac022d54449,False,9,522,True,1.0,0.6781609195402298,3,1.0,0.6685823754789272,3,1.0,0.6206896551724138,3,1.0,0.6743295019157088,3,1.0,1.0,True,1.0,False,False,False,1.0,1.0
navidrome/navidrome,34af678f544a6bc0,False,1,182,True,1.0,0.9175824175824175,2,1.0,0.9175824175824175,2,1.0,0.9175824175824175,2,1.0,0.9175824175824175,2,0.0,1.0,True,1.0,False,False,False,1.0,1.0
navidrome/navidrome,6add67a78654f254,False,2,160,True,1.0,0.83125,2,1.0,0.83125,2,1.0,0.83125,2,1.0,0.825,2,1.0,1.0,True,1.0,False,False,False,1.0,1.0
navidrome/navidrome,770da3706026c567,False,11,522,True,1.0,0.9157088122605364,0,1.0,0.9176245210727969,0,1.0,0.9176245210727969,0,1.0,0.9118773946360154,0,1.0,1.0,True,1.0,False,False,False,1.0,1.0
navidrome/navidrome,e5621f98badebf17,False,2,284,True,1.0,0.9577464788732394,1,1.0,0.9577464788732394,1,1.0,0.9612676056338029,1,1.0,0.9577464788732394,1,1.0,1.0,True,1.0,False,False,False,1.0,1.0
navidrome/navidrome,095f4540ab1f6b8e,False,1,222,True,1.0,0.7432432432432432,0,1.0,0.7477477477477478,0,1.0,0.7207207207207207,0,1.0,0.7297297297297297,0,1.0,1.0,True,1.0,False,False,False,1.0,1.0
navidrome/navidrome,76ed074a9305c040,False,6,281,True,1.0,0.7295373665480427,5,1.0,0.7295373665480427,5,1.0,0.6797153024911032,7,1.0,0.7295373665480427,5,1.0,1.0,True,1.0,False,False,False,1.0,1.0
navidrome/navidrome,ebc64c1b4cb225aa,False,1,127,True,0.0,0.5039370078740157,0,0.0,0.5511811023622047,0,0.0,0.5511811023622047,0,0.0,0.5118110236220472,0,1.0,1.0,True,1.0,False,False,False,0.0,0.0
navidrome/navidrome,11a7f4868f316ca3,False,1,24,True,1.0,0.9166666666666666,0,1.0,0.9166666666666666,0,1.0,0.9166666666666666,0,1.0,0.9166666666666666,0,0.0,0.0,False,1.0,False,False,False,1.0,1.0
navidrome/navidrome,ccf297247334fe62,False,5,246,True,1.0,0.6747967479674797,2,1.0,0.6707317073170732,2,1.0,0.6178861788617886,2,1.0,0.6666666666666666,2,1.0,1.0,True,1.0,False,False,False,1.0,1.0
navidrome/navidrome,2944e90e3cb7923b,False,1,156,True,0.0,0.8141025641025641,0,0.0,0.8141025641025641,0,0.0,0.8782051282051282,0,0.0,0.8333333333333334,1,0.0,0.0,True,1.0,False,False,False,0.0,0.0
spyder-ide/spyder,52d8c8365954aa54,True,0,486,True,0.0,0.7818930041152263,3,0.0,0.24074074074074073,10,0.0,0.26954732510288065,11,0.0,0.2669902912621359,10,0.0,0.0,True,0.0,False,False,False,0.0,0.0
spyder-ide/spyder,dd74635af790d42f,True,2,701,True,0.0,0.6148359486447932,7,0.0,0.5563480741797432,17,0.0,0.48216833095577744,15,0.0,0.5654952076677316,18,0.0,0.0,True,0.0,False,False,False,0.0,0.0
spyder-ide/spyder,1ce6cc98f74b4118,True,0,297,True,0.0,0.9696969696969697,3,0.0,0.7777777777777778,7,0.0,0.7777777777777778,7,0.0,0.7346938775510204,7,0.0,0.0,True,0.0,False,False,False,0.0,0.0
spyder-ide/spyder,8bf5387814b9cf11,True,1,253,True,0.0,0.6719367588932806,7,0.0,0.4189723320158103,14,0.0,0.35968379446640314,14,0.0,0.40669856459330145,13,0.0,0.0,True,1.0,False,False,False,0.0,0.0
spyder-ide/spyder,eb3b090b3179f79a,True,2,1442,True,0.0,0.9611650485436893,3,0.0,0.30859916782246877,25,0.0,0.35714285714285715,25,0.0,0.3322502030869212,20,0.0,0.0,True,1.0,False,False,False,0.0,0.0
spyder-ide/spyder,592dad3a56df2f80,False,2,1285,True,0.0,0.7143968871595331,3,0.0,0.6747081712062257,13,0.0,0.5828793774319067,13,0.0,0.7574257425742574,8,0.0,0.0,True,1.0,False,False,False,0.0,0.0
spyder-ide/spyder,223a3f75393e78eb,False,1,1154,True,1.0,0.9246100519930676,1,1.0,0.6308492201039861,7,1.0,0.6247833622183708,6,1.0,0.7120921305182342,7,1.0,1.0,True,1.0,False,False,False,1.0,1.0
spyder-ide/spyder,689bf938429964f5,True,0,1485,True,0.0,0.6262626262626263,10,1.0,0.5104377104377105,31,1.0,0.4074074074074074,33,1.0,0.5392670157068062,29,1.0,0.0,True,1.0,False,False,False,0.0,1.0
spyder-ide/spyder,fe1e50e47a69986c,True,0,1047,True,0.0,0.9398280802292264,3,0.0,0.396370582617001,10,0.0,0.43075453677172876,10,0.0,0.39887005649717516,10,0.0,0.0,True,0.0,False,False,False,0.0,0.0
spyder-ide/spyder,6ed57207d8e4c0d8,False,1,514,True,0.0,0.933852140077821,3,0.0,0.5038910505836576,3,0.0,0.4785992217898833,6,0.0,0.564935064935065,4,0.0,0.0,True,0.0,False,False,False,0.0,0.0
spyder-ide/spyder,b648dc0b9db219b2,True,1,351,True,0.0,0.8176638176638177,3,0.0,0.34472934472934474,9,0.0,0.358974358974359,9,0.0,0.2920634920634921,9,1.0,0.5,True,1.0,False,False,False,0.0,0.0
spyder-ide/spyder,32011de7710d6367,True,0,724,True,0.0,0.7527624309392266,11,0.0,0.3080110497237569,36,0.0,0.28591160220994477,37,0.0,0.31444759206798867,36,0.0,0.0,True,0.0,False,False,False,0.0,0.0
spyder-ide/spyder,1b64c2ef3c48f8ab,True,0,375,True,0.0,0.8266666666666667,3,1.0,0.96,3,1.0,0.5013333333333333,8,1.0,0.952076677316294,3,0.0,0.5,True,1.0,False,False,False,0.0,1.0
spyder-ide/spyder,d3eabd8128727022,True,1,396,True,0.0,0.8686868686868687,5,0.0,0.4823232323232323,7,0.0,0.5202020202020202,7,0.0,0.49101796407185627,7,0.0,0.0,True,1.0,False,False,False,0.0,0.0
spyder-ide/spyder,8aa222eb84ee5e86,True,2,2531,True,0.0,0.648755432635322,7,1.0,0.29593046226787834,28,1.0,0.2777558277360727,28,1.0,0.29545454545454547,26,0.0,0.0,True,1.0,False,False,False,0.0,1.0
spyder-ide/spyder,045f82700b08ffcf,True,3,498,True,0.0,0.8232931726907631,10,1.0,0.46987951807228917,15,1.0,0.3333333333333333,16,1.0,0.45274725274725275,16,1.0,0.0,True,1.0,False,False,False,0.0,1.0
apache/flink,95b3db93249837e1,True,2,3054,True,0.0,0.320890635232482,27,0.0,0.3749181401440733,30,0.0,0.5088408644400786,34,0.0,0.3971486761710794,28,0.0,0.0,True,0.0,False,False,False,0.0,0.0
apache/flink,2b1a5065b453e3f7,True,0,102,True,0.0,0.6764705882352942,0,0.0,0.7745098039215687,1,0.0,0.5784313725490197,2,0.0,0.9555555555555556,1,0.0,0.0,False,0.0,False,False,False,0.0,0.0
apache/flink,c8e312487b5b8f99,False,0,92,True,0.0,0.358695652173913,4,0.0,0.34782608695652173,4,0.0,0.34782608695652173,4,0.0,0.375,4,0.0,0.0,True,0.0,False,False,False,0.0,0.0
apache/flink,979cad792b1e21ec,False,0,832,True,0.0,0.421875,8,0.0,0.44711538461538464,9,0.0,0.5216346153846154,16,0.0,0.421875,8,0.0,0.0,False,0.0,False,False,False,0.0,0.0
symfony/symfony,ed04b4b74254d1f8,False,1,78,True,0.0,0.5128205128205128,5,0.0,0.5128205128205128,6,0.0,0.3717948717948718,6,0.0,0.5128205128205128,5,0.0,0.0,True,1.0,False,False,False,0.0,0.0
symfony/symfony,bbfff9335ca4f071,False,2,565,True,1.0,0.6707964601769911,19,1.0,0.6654867256637168,20,1.0,0.6654867256637168,18,1.0,0.6743362831858407,19,0.0,1.0,True,1.0,False,False,False,1.0,1.0
symfony/symfony,b3f3568da2b914a6,False,1,315,True,1.0,0.7619047619047619,10,1.0,0.9047619047619048,11,1.0,0.7619047619047619,17,1.0,0.765079365079365,11,1.0,0.5,True,1.0,False,False,False,1.0,1.0
symfony/symfony,f47881ec9252be2a,False,0,297,True,0.0,0.24242424242424243,20,0.0,0.25252525252525254,18,0.0,0.2760942760942761,18,0.0,0.24242424242424243,20,0.0,0.0,True,1.0,False,False,False,0.0,0.0
symfony/symfony,831f94ee101d9dd3,False,0,330,True,0.0,0.6121212121212121,5,0.0,0.6121212121212121,5,0.0,0.6484848484848484,6,0.0,0.6242424242424243,5,0.0,0.0,True,0.0,False,False,False,0.0,0.0
symfony/symfony,2e00bd740c705ad6,False,3,862,True,1.0,0.7761020881670534,21,1.0,0.7784222737819025,20,1.0,0.7993039443155452,21,1.0,0.7981438515081206,21,1.0,1.0,True,1.0,False,False,False,1.0,1.0
symfony/symfony,09ea53eab5f9bcb7,False,1,173,True,0.0,0.4624277456647399,13,0.0,0.49710982658959535,12,0.0,0.49710982658959535,13,0.0,0.4624277456647399,13,0.0,0.0,True,1.0,False,False,False,0.0,0.0
symfony/symfony,cfbce0e1d6da7f93,False,2,304,True,0.0,0.47039473684210525,13,0.0,0.5098684210526315,12,0.0,0.47368421052631576,15,0.0,0.47368421052631576,13,0.0,0.0,True,1.0,False,False,False,0.0,0.0
symfony/symfony,87ffe277c0213fca,False,1,155,True,0.0,0.5225806451612903,9,0.0,0.5225806451612903,9,0.0,0.45161290322580644,10,0.0,0.5225806451612903,9,0.0,0.0,True,1.0,False,False,False,0.0,0.0
symfony/symfony,33d71c9183bcff07,False,0,192,True,0.0,0.6927083333333334,3,0.0,0.7864583333333334,3,0.0,0.7916666666666666,4,0.0,0.6927083333333334,3,0.0,0.0,False,0.0,False,False,False,0.0,0.0
symfony/symfony,ed47fb4a3054b395,False,0,36,True,1.0,1.0,0,1.0,1.0,0,0.0,0.6388888888888888,1,1.0,1.0,0,0.0,0.0,False,1.0,False,False,False,1.0,1.0
symfony/symfony,f20c32713eeb89cf,False,0,51,True,0.0,0.9019607843137255,1,0.0,0.9019607843137255,1,0.0,0.6862745098039216,1,0.0,0.9803921568627451,1,0.0,0.0,True,1.0,False,False,False,0.0,0.0
symfony/symfony,aa51d5b53fc97b52,False,0,271,True,0.0,0.5867158671586716,9,0.0,0.6088560885608856,10,0.0,0.5756457564575646,12,0.0,0.6088560885608856,9,0.0,0.0,True,0.0,False,False,False,0.0,0.0
symfony/symfony,ae1ca77d752278d2,False,1,184,True,0.0,0.21739130434782608,14,0.0,0.22282608695652173,14,0.0,0.22282608695652173,13,0.0,0.24456521739130435,13,0.0,0.0,True,1.0,False,False,False,0.0,0.0
symfony/symfony,5128596229172c9c,False,0,151,True,0.0,0.5099337748344371,1,0.0,0.5231788079470199,1,0.0,0.4105960264900662,7,0.0,0.5099337748344371,1,0.0,0.0,True,1.0,False,False,False,0.0,0.0
timescale/timescaledb,397d1046e5ab554f,False,3,377,True,0.0,0.9920424403183024,1,0.0,0.9920424403183024,1,0.0,0.9840848806366048,2,0.0,0.9946949602122016,1,0.0,0.0,True,0.0,False,False,False,0.0,0.0
timescale/timescaledb,622ecfd35b98b46b,False,2,3944,True,0.0,0.6146044624746451,4,0.0,0.6146044624746451,4,0.0,0.6265212981744422,4,0.0,0.6508620689655172,4,0.0,1.0,True,0.0,False,False,False,0.0,0.0
timescale/timescaledb,f178963176ebb767,False,1,370,True,1.0,0.9945945945945946,1,1.0,0.9945945945945946,1,1.0,0.9918918918918919,2,1.0,1.0,0,1.0,1.0,True,0.0,False,False,False,1.0,1.0
timescale/timescaledb,a39a9c5a4830a79a,False,0,35,True,0.0,0.8571428571428571,0,0.0,0.8571428571428571,0,0.0,0.8571428571428571,0,0.0,0.8857142857142857,0,0.0,0.0,True,0.0,False,False,False,0.0,0.0
timescale/timescaledb,f2303a54176865b0,False,1,320,True,0.0,0.715625,1,0.0,0.715625,1,0.0,0.70625,2,0.0,0.715625,0,0.0,0.0,True,0.0,False,False,False,0.0,0.0
timescale/timescaledb,c44fd6dfb5885b59,False,7,1716,True,0.0,0.2296037296037296,10,0.0,0.2331002331002331,10,0.0,0.21445221445221446,15,0.0,0.22552447552447552,10,0.0,0.0,True,0.0,False,False,False,0.0,0.0
timescale/timescaledb,4e6ccd8446da9883,False,0,74,True,0.0,0.7432432432432432,2,0.0,0.7432432432432432,2,0.0,0.7567567567567568,2,0.0,0.7702702702702703,1,0.0,0.0,True,0.0,False,False,False,0.0,0.0
timescale/timescaledb,e8564dcb4c81e23f,True,2,588,True,0.0,0.3486394557823129,11,0.0,0.3520408163265306,11,0.0,0.35714285714285715,13,0.0,0.3435374149659864,11,0.0,0.0,True,0.0,False,False,True,0.0,0.0
timescale/timescaledb,e5c16b63e9ce2059,False,0,605,True,0.0,0.8214876033057851,1,0.0,0.824793388429752,1,0.0,0.9619834710743802,3,0.0,0.8231404958677686,1,0.0,0.0,True,0.0,False,False,False,0.0,0.0
timescale/timescaledb,088dfdf0ae23da59,False,2,136,True,0.0,0.7794117647058824,0,0.0,0.7941176470588235,0,0.0,0.7647058823529411,1,0.0,0.9411764705882353,0,0.0,0.0,True,0.0,False,False,False,0.0,0.0
timescale/timescaledb,387a51b22d2c54f7,False,0,395,True,0.0,0.3367088607594937,2,0.0,0.34430379746835443,2,0.0,0.3468354430379747,2,0.0,0.3392405063291139,1,0.0,0.0,True,0.0,False,False,False,0.0,0.0
timescale/timescaledb,a1544317c2fa3daa,False,0,46,True,0.0,0.8260869565217391,2,0.0,0.8260869565217391,2,0.0,0.717391304347826,2,0.0,0.8260869565217391,2,0.0,0.0,False,0.0,False,False,False,0.0,0.0
timescale/timescaledb,ee7910468a6b7072,False,3,1082,True,1.0,0.40388170055452866,6,1.0,0.38724584103512016,5,1.0,0.37430683918669133,6,1.0,0.4066543438077634,5,0.0,0.0,True,1.0,False,False,False,1.0,1.0
timescale/timescaledb,bea53ab5c46b8ce4,False,3,824,True,0.0,0.9053398058252428,2,0.0,0.9575242718446602,3,0.0,0.9781553398058253,3,0.0,0.9065533980582524,2,0.0,0.0,True,0.0,False,False,False,0.0,0.0
timescale/timescaledb,f44311b350b577e9,False,1,164,True,1.0,0.9878048780487805,1,1.0,0.9878048780487805,1,1.0,0.9878048780487805,1,1.0,1.0,0,1.0,1.0,True,1.0,False,False,False,1.0,1.0
timescale/timescaledb,b5b5f5f09a9dd475,False,0,177,True,0.0,0.5028248587570622,7,0.0,0.4858757062146893,7,0.0,0.480225988700565,5,0.0,0.5141242937853108,7,0.0,0.0,False,0.0,False,False,False,0.0,0.0
timescale/timescaledb,3f5ce307bbd249c9,False,4,2450,True,0.0,0.44816326530612244,2,0.0,0.43714285714285717,2,0.0,0.43714285714285717,3,0.0,0.44816326530612244,2,0.0,0.0,True,0.0,False,False,False,0.0,0.0
timescale/timescaledb,4b9e67b1f9389f1a,False,1,901,True,0.0,0.9422863485016648,3,0.0,0.9422863485016648,2,0.0,0.8890122086570478,1,0.0,0.9433333333333334,2,0.0,0.0,False,1.0,False,False,False,0.0,0.0
jemalloc/jemalloc,90683b77bc7d1883,True,1,362,True,0.0,0.40607734806629836,1,0.0,0.4088397790055249,1,0.0,0.430939226519337,1,0.0,0.5444444444444444,1,0.0,0.0,False,0.0,False,False,False,0.0,0.0
joomla/joomla-cms,99c1818f12ba76f6,True,1,259,True,0.0,0.806949806949807,10,0.0,0.20463320463320464,15,0.0,0.19305019305019305,14,0.0,0.2558139534883721,14,0.0,0.0,False,1.0,False,False,False,0.0,0.0
SWE-agent/SWE-agent,15c410571e14efe1,False,0,40,True,1.0,0.975,1,1.0,1.0,0,1.0,1.0,0,1.0,0.9736842105263158,1,1.0,1.0,True,1.0,False,False,False,1.0,1.0
SWE-agent/SWE-agent,9c1f7363b681d68a,False,0,148,True,1.0,0.9864864864864865,1,1.0,0.9864864864864865,1,1.0,0.9864864864864865,1,1.0,0.9864864864864865,1,0.0,1.0,True,1.0,False,False,False,1.0,1.0
SWE-agent/SWE-agent,b335630551682c19,False,1,129,True,1.0,0.7209302325581395,1,1.0,0.7286821705426356,1,1.0,0.7054263565891473,1,1.0,0.7209302325581395,1,1.0,1.0,True,1.0,False,False,False,1.0,1.0
SWE-agent/SWE-agent,0adb667cd397bd56,False,0,23,True,0.0,0.6956521739130435,0,0.0,0.6956521739130435,0,0.0,0.6956521739130435,0,0.0,0.65,0,0.0,0.0,True,0.0,False,False,False,0.0,0.0
SWE-agent/SWE-agent,53d8c3d9277e3afd,False,0,887,True,1.0,0.770011273957159,8,1.0,0.7553551296505073,7,1.0,0.7485907553551296,6,1.0,0.766704416761042,8,1.0,1.0,True,1.0,False,False,False,1.0,1.0
SWE-agent/SWE-agent,98d0f806abc9af24,False,0,180,True,1.0,0.95,0,1.0,0.95,0,1.0,0.9555555555555556,1,1.0,0.95,0,1.0,1.0,True,1.0,False,False,False,1.0,1.0
SWE-agent/SWE-agent,6d53f871acf223cd,False,1,294,True,1.0,0.9829931972789115,2,1.0,0.9829931972789115,3,1.0,0.9829931972789115,3,1.0,0.9829931972789115,2,0.0,1.0,True,1.0,False,False,False,1.0,1.0
SWE-agent/SWE-agent,1bd22fe42e71efeb,False,0,41,True,1.0,0.7560975609756098,0,1.0,0.7560975609756098,0,1.0,0.975609756097561,1,1.0,0.75,0,0.0,1.0,True,1.0,False,False,False,1.0,1.0
SWE-agent/SWE-agent,50c86b7ed8ac2cf9,False,2,264,True,1.0,0.7159090909090909,3,1.0,0.7121212121212122,3,1.0,0.7121212121212122,3,1.0,0.7137404580152672,3,1.0,1.0,True,1.0,False,False,False,1.0,1.0
SWE-agent/SWE-agent,8cbcb8437ba7ecf9,False,0,1292,True,0.0,0.9357585139318886,4,0.0,0.9226006191950464,4,0.0,0.9040247678018576,4,0.0,0.9331779331779332,4,0.0,0.0,True,0.0,False,False,False,0.0,0.0
SWE-agent/SWE-agent,fb79e259f0892658,False,2,89,True,0.0,1.0,0,0.0,1.0,0,0.0,1.0,0,0.0,1.0,0,0.0,0.0,True,0.0,False,False,False,0.0,0.0
SWE-agent/SWE-agent,637f7b97bba458ba,False,1,72,True,0.0,0.5277777777777778,0,0.0,0.5555555555555556,0,0.0,0.5833333333333334,0,0.0,0.5277777777777778,0,0.0,0.0,True,0.0,False,False,False,0.0,0.0
SWE-agent/SWE-agent,63a9c44a44acf85f,False,0,39,True,0.0,0.717948717948718,1,0.0,0.717948717948718,1,0.0,0.717948717948718,1,0.0,0.7105263157894737,1,1.0,1.0,True,0.0,False,False,False,,
SWE-agent/SWE-agent,a539f2e066889598,False,1,69,True,1.0,0.927536231884058,0,1.0,0.855072463768116,0,1.0,0.8405797101449275,1,1.0,0.927536231884058,0,1.0,1.0,True,1.0,False,False,False,1.0,1.0
yugabyte/yugabyte-db,831d25466d4dcc8d,False,0,50,True,0.0,0.5,1,0.0,0.52,1,0.0,0.52,1,0.0,0.56,1,0.0,0.0,True,0.0,False,False,False,0.0,0.0
yugabyte/yugabyte-db,62fa44a2786e8a13,True,0,103,True,0.0,0.34951456310679613,2,0.0,0.39805825242718446,2,0.0,0.39805825242718446,2,0.0,0.36893203883495146,2,0.0,0.0,True,0.0,False,False,False,0.0,0.0
yugabyte/yugabyte-db,7d1f9092de5f842f,False,0,534,True,1.0,0.9382022471910112,1,1.0,0.949438202247191,2,1.0,0.9644194756554307,2,1.0,0.9382022471910112,1,0.0,0.0,True,0.0,False,False,False,1.0,1.0
yugabyte/yugabyte-db,c9f1cb92958c6716,False,0,95,True,0.0,0.3684210526315789,5,0.0,0.37894736842105264,4,0.0,0.37894736842105264,4,0.0,0.4631578947368421,5,0.0,0.0,True,0.0,False,False,False,0.0,0.0
yugabyte/yugabyte-db,440e6f700b5643be,False,1,363,True,0.0,0.3085399449035813,13,0.0,0.2975206611570248,13,0.0,0.24242424242424243,12,0.0,0.30939226519337015,14,0.0,0.0,True,0.0,False,False,False,0.0,0.0
yugabyte/yugabyte-db,cfd90991932f72bb,False,2,3825,True,0.0,0.7328104575163399,9,0.0,0.735686274509804,10,0.0,0.7398692810457517,12,0.0,0.7360819327731093,10,0.0,0.0,True,0.0,False,False,False,0.0,0.0
yugabyte/yugabyte-db,026a6fa5b53ab861,False,0,495,True,0.0,0.49292929292929294,5,0.0,0.49292929292929294,4,0.0,0.5050505050505051,11,0.0,0.5,4,0.0,0.3333333333333333,True,0.0,False,False,False,0.0,0.0
yugabyte/yugabyte-db,efc6a263c5f5b859,False,0,89,True,0.0,0.4044943820224719,3,0.0,0.4157303370786517,3,0.0,0.39325842696629215,7,0.0,0.4044943820224719,3,0.0,0.3333333333333333,True,0.0,False,False,False,0.0,0.0
yugabyte/yugabyte-db,2ede27ad1720946e,False,0,238,True,0.0,0.4957983193277311,9,0.0,0.5,8,0.0,0.5168067226890757,9,0.0,0.5168067226890757,7,0.0,0.0,True,0.0,False,False,False,0.0,0.0
yugabyte/yugabyte-db,c5fb9178e3306d38,False,3,891,True,0.0,0.4590347923681257,2,0.0,0.5016835016835017,2,0.0,0.5129068462401796,5,0.0,0.5192743764172335,2,0.0,0.0,True,0.0,False,False,False,0.0,0.0
yugabyte/yugabyte-db,84f09da999b0961b,False,2,4920,True,0.0,0.9660569105691057,5,0.0,0.9660569105691057,5,0.0,0.9660569105691057,5,0.0,0.9664634146341463,5,0.0,0.0,True,0.0,False,False,False,0.0,0.0
yugabyte/yugabyte-db,d2e769bfb4d4e1fa,True,0,159,True,0.0,0.25157232704402516,7,0.0,0.2389937106918239,7,0.0,0.2578616352201258,9,0.0,0.24528301886792453,6,0.0,0.0,True,0.0,False,False,False,0.0,0.0
yugabyte/yugabyte-db,ce460c676bb6ddd2,False,0,985,True,0.0,0.9563451776649746,4,0.0,0.9614213197969543,4,0.0,0.9604060913705583,6,0.0,0.9573170731707317,4,0.0,0.0,True,0.0,False,False,False,0.0,0.0
yugabyte/yugabyte-db,bc22494a3bfd2aa0,False,0,48,True,0.0,0.625,2,0.0,0.6666666666666666,2,0.0,0.6666666666666666,2,0.0,0.9375,2,0.0,0.0,True,0.0,False,False,False,0.0,0.0
yugabyte/yugabyte-db,283fac6bc255eee9,False,5,3146,True,0.0,0.12937062937062938,47,1.0,0.12015257469802924,49,0.0,0.10934520025429116,52,0.0,0.13049054184033343,49,1.0,0.5,True,0.0,False,False,False,0.0,0.0
yugabyte/yugabyte-db,3eab6b02ed5c117e,False,1,1293,True,0.0,0.9984532095901005,1,0.0,0.9984532095901005,1,0.0,0.9984532095901005,1,0.0,0.9992266047950503,1,0.0,0.0,True,0.0,False,False,False,0.0,0.0
ManimCommunity/manim,bc5402121fb214a4,False,0,777,True,0.0,0.3732303732303732,15,0.0,0.3732303732303732,15,0.0,0.25353925353925355,15,0.0,0.3732303732303732,15,1.0,0.5,True,0.0,False,False,False,0.0,0.0
ManimCommunity/manim,9ef4cc50a9bbc144,False,0,534,True,0.0,0.7659176029962547,9,0.0,0.7734082397003745,9,0.0,0.7752808988764045,9,0.0,0.8368932038834952,10,0.0,0.0,True,1.0,False,False,False,0.0,0.0
ManimCommunity/manim,5f9e6dec4c165d78,False,6,879,True,0.0,0.2616609783845279,15,0.0,0.2627986348122867,15,0.0,0.2593856655290102,17,0.0,0.2616609783845279,15,0.0,0.0,True,0.0,False,False,False,0.0,0.0
ManimCommunity/manim,3f967d53f766c19d,False,5,2909,True,0.0,0.1419731866620832,53,0.0,0.13819181849432796,53,0.0,0.14025438294946718,55,0.0,0.1419731866620832,53,0.0,0.0,True,0.0,False,False,False,0.0,0.0
ManimCommunity/manim,b2a9bbdd948ff6b8,False,2,1932,True,0.0,0.2582815734989648,32,0.0,0.2556935817805383,31,0.0,0.2458592132505176,31,0.0,0.2582815734989648,32,0.0,0.0,True,0.0,False,False,False,0.0,0.0
ManimCommunity/manim,52cbc4745d366cda,False,0,245,True,0.0,0.5183673469387755,2,0.0,0.6408163265306123,2,0.0,0.6408163265306123,2,0.0,0.5183673469387755,2,0.0,0.0,True,0.0,False,False,False,0.0,0.0
ManimCommunity/manim,fa8fe466fb7275e6,False,4,3353,True,0.0,0.17238294065016405,47,0.0,0.1732776617954071,49,0.0,0.15627796003578884,50,0.0,0.17238294065016405,47,0.0,0.0,True,0.0,False,False,False,0.0,0.0
ManimCommunity/manim,a6ebf16eee7f8434,False,0,694,True,0.0,0.8674351585014409,6,0.0,0.8674351585014409,6,0.0,0.8818443804034583,6,0.0,0.8674351585014409,6,0.0,0.0,True,0.0,False,False,False,0.0,0.0
ManimCommunity/manim,b16c1f514d2b8686,False,2,1667,True,0.0,0.5620875824835033,7,0.0,0.5626874625074985,7,0.0,0.5614877024595081,11,0.0,0.5620875824835033,7,0.0,0.0,True,0.0,False,False,False,0.0,0.0
ManimCommunity/manim,63a9c44a44acf85f,False,1,43,True,0.0,0.23255813953488372,3,0.0,0.23255813953488372,3,0.0,0.23255813953488372,3,0.0,0.27906976744186046,3,1.0,1.0,True,0.0,False,False,False,0.0,0.0
ManimCommunity/manim,8aaebaeb7e333907,False,0,707,True,0.0,0.6548797736916548,17,0.0,0.6534653465346535,17,0.0,0.6039603960396039,20,0.0,0.6548797736916548,17,0.0,0.0,True,0.0,False,False,False,0.0,0.0
ManimCommunity/manim,c75d304e0719818d,False,4,3491,True,0.0,0.33228301346319106,36,0.0,0.33314236608421655,36,0.0,0.40303637926095676,39,0.0,0.335720423947293,36,1.0,1.0,True,0.0,False,False,False,0.0,0.0
ManimCommunity/manim,fc1153b28d4ad6fa,False,3,1545,True,0.0,0.19093851132686085,30,0.0,0.19223300970873786,29,0.0,0.170873786407767,31,0.0,0.19223300970873786,29,0.0,0.0,True,0.0,False,False,False,0.0,0.0
ManimCommunity/manim,8cf05d12c38d38c8,False,1,1786,True,1.0,0.3292273236282195,13,1.0,0.3404255319148936,13,1.0,0.4820828667413214,16,1.0,0.3292273236282195,13,0.0,0.0,True,0.0,False,False,False,1.0,1.0
ManimCommunity/manim,1a4d3d0a888b8883,False,1,887,True,1.0,0.22998872604284104,27,1.0,0.23900789177001128,27,1.0,0.2491544532130778,30,1.0,0.22998872604284104,27,0.0,0.0,True,0.0,False,False,False,1.0,1.0
ManimCommunity/manim,609da84e0b1851ce,False,0,179,True,0.0,0.44692737430167595,17,0.0,0.44692737430167595,17,0.0,0.44692737430167595,18,0.0,0.44692737430167595,16,0.0,0.0,False,0.0,False,False,False,0.0,0.0
pydantic/pydantic,8cd5050dd67a7443,False,0,214,True,0.0,0.9906542056074766,2,0.0,0.9906542056074766,2,0.0,0.9719626168224299,5,0.0,0.9906542056074766,2,0.0,0.0,True,1.0,False,False,False,0.0,0.0
pydantic/pydantic,bdf344dbc80689d6,False,1,140,True,0.0,0.7357142857142858,5,0.0,0.7357142857142858,5,0.0,0.7357142857142858,5,0.0,0.7410071942446043,4,0.0,0.0,True,1.0,False,False,False,0.0,0.0
pydantic/pydantic,06dbaa0a16810a6d,False,1,1297,True,0.0,0.3400154202004626,7,0.0,0.3400154202004626,7,0.0,0.3138010794140324,13,0.0,0.3400154202004626,7,1.0,1.0,True,1.0,False,False,False,0.0,0.0
pydantic/pydantic,8d8cc811f2c3674e,False,0,1024,True,0.0,0.458984375,10,0.0,0.4619140625,10,0.0,0.5146484375,9,0.0,0.486328125,9,0.0,1.0,True,1.0,False,False,False,0.0,0.0
pydantic/pydantic,dc570c8a748b87d3,False,2,1312,True,0.0,0.6234756097560976,31,0.0,0.4496951219512195,33,0.0,0.4253048780487805,41,0.0,0.6216628527841342,30,0.0,0.0,True,1.0,False,False,False,0.0,0.0
pydantic/pydantic,f900d9f9cfd86aac,False,1,634,True,0.0,0.749211356466877,4,0.0,0.749211356466877,4,0.0,0.4526813880126183,10,0.0,0.7523659305993691,3,0.0,1.0,True,1.0,False,False,False,0.0,0.0
pydantic/pydantic,95820a10464ee8f0,False,1,315,True,1.0,0.5841269841269842,4,1.0,0.5904761904761905,4,1.0,0.5523809523809524,5,1.0,0.5828025477707006,4,1.0,1.0,True,1.0,False,False,False,1.0,1.0
pydantic/pydantic,748dfa470546a2c5,False,1,211,True,0.0,0.7488151658767772,4,0.0,0.7488151658767772,4,0.0,0.7203791469194313,6,0.0,0.7630331753554502,4,0.0,0.0,True,0.0,False,False,False,0.0,0.0
pydantic/pydantic,b335630551682c19,False,2,70,True,0.0,0.7142857142857143,9,0.0,0.7142857142857143,9,0.0,0.6857142857142857,10,0.0,0.7391304347826086,9,0.0,0.25,True,1.0,False,False,False,0.0,0.0
pydantic/pydantic,677dcd90e360a278,False,0,1011,True,0.0,0.5103857566765578,4,0.0,0.5469831849653808,4,0.0,0.49653808110781406,9,0.0,0.5168316831683168,3,1.0,1.0,True,1.0,False,False,False,0.0,0.0
pydantic/pydantic,d499446992ad34d7,False,0,51,True,0.0,1.0,0,0.0,1.0,0,0.0,1.0,0,0.0,1.0,0,0.0,0.0,True,1.0,False,False,False,0.0,0.0
pydantic/pydantic,a61d25fd27b9213b,False,1,1256,True,0.0,0.3678343949044586,19,0.0,0.39729299363057324,17,0.0,0.23646496815286625,20,0.0,0.3800796812749004,19,0.0,0.0,True,1.0,False,False,False,0.0,0.0
pydantic/pydantic,86a65771e6ad3cc8,False,2,393,True,0.0,0.4402035623409669,10,0.0,0.4351145038167939,10,0.0,0.4173027989821883,10,0.0,0.4351145038167939,10,1.0,0.5,True,1.0,False,False,False,0.0,0.0
pydantic/pydantic,490fb74d49a35ec7,False,0,231,True,0.0,0.70995670995671,3,0.0,0.70995670995671,3,0.0,0.5151515151515151,3,0.0,0.7130434782608696,2,0.0,0.0,True,1.0,False,False,False,0.0,0.0
pydantic/pydantic,6f2c2ee7a088cc3d,False,0,338,True,0.0,0.6597633136094675,3,0.0,0.6597633136094675,3,0.0,0.7840236686390533,3,0.0,0.6617210682492581,2,0.0,0.0,True,1.0,False,False,False,0.0,0.0
pydantic/pydantic,a13941bfb0678e08,False,1,3137,True,0.0,0.2196365954733822,38,0.0,0.22409945808096907,37,0.0,0.25852725533949633,38,0.0,0.22027414727446604,37,1.0,1.0,True,1.0,False,False,False,0.0,0.0
pydantic/pydantic,92bb9c198ce3cfac,False,0,256,True,0.0,0.7578125,7,0.0,0.7578125,7,0.0,0.47265625,4,0.0,0.8359375,6,0.0,0.0,True,1.0,False,False,False,0.0,0.0
pydantic/pydantic,c6bfeba04fa65e00,False,0,399,True,0.0,0.8045112781954887,5,0.0,0.8045112781954887,5,0.0,0.7944862155388471,7,0.0,0.8170426065162907,5,1.0,1.0,True,1.0,False,False,False,0.0,0.0
pydantic/pydantic,03eaecce08892bfa,False,0,451,True,1.0,0.2749445676274945,7,1.0,0.2572062084257206,7,1.0,0.2572062084257206,6,1.0,0.2733333333333333,7,0.0,1.0,True,1.0,False,False,False,1.0,1.0
software-mansion/react-native-reanimated,46f6d6bde0d70647,False,0,8,False,0.0,0.625,0,0.0,0.625,0,0.0,0.625,0,0.0,0.625,0,1.0,1.0,True,0.0,False,False,False,0.0,0.0
software-mansion/react-native-reanimated,d2bc4bbf14eadc29,False,0,101,False,1.0,0.7128712871287128,2,1.0,0.7128712871287128,2,1.0,0.7128712871287128,2,1.0,0.7128712871287128,2,0.0,0.0,True,0.0,False,False,False,1.0,1.0
software-mansion/react-native-reanimated,7ae45ad102eab3b6,False,6,53,False,1.0,0.6226415094339622,2,1.0,0.6037735849056604,3,1.0,0.6037735849056604,3,1.0,0.6226415094339622,2,1.0,1.0,True,0.0,False,False,False,1.0,1.0
software-mansion/react-native-reanimated,1026e0038b722990,False,0,92,False,0.0,0.6521739130434783,0,0.0,0.9021739130434783,1,0.0,0.9021739130434783,1,0.0,0.6521739130434783,0,1.0,1.0,True,0.0,False,False,False,0.0,0.0
aseprite/aseprite,3610dbe1c95d1d94,True,0,24,True,1.0,0.75,0,0.0,0.5416666666666666,0,0.0,0.5416666666666666,0,0.0,0.5,0,1.0,0.0,True,1.0,False,False,True,1.0,0.0
aseprite/aseprite,e273357e5fb2beed,False,1,48,True,0.0,0.5625,0,0.0,1.0,0,0.0,1.0,0,0.0,1.0,0,0.0,0.0,False,0.0,False,False,False,0.0,0.0
aseprite/aseprite,ab8bf4eed6213580,True,0,58,True,0.0,0.5344827586206896,1,0.0,0.6551724137931034,0,0.0,0.5517241379310345,0,0.0,0.6415094339622641,0,0.0,0.0,False,0.0,False,False,False,0.0,0.0
aseprite/aseprite,ecec927bbbeb8d02,True,4,248,True,1.0,0.8346774193548387,2,0.0,0.5362903225806451,2,0.0,0.5362903225806451,2,0.0,0.5138888888888888,2,1.0,0.0,False,1.0,False,False,True,1.0,0.0
nix-community/home-manager,2c92aaeacfcba103,False,0,269,True,0.0,0.550185873605948,7,0.0,0.5799256505576208,9,0.0,0.5724907063197026,9,0.0,0.5613382899628253,8,0.0,0.0,True,1.0,False,False,False,0.0,0.0
nix-community/home-manager,bd8f9ff60cf722f3,False,0,154,True,0.0,0.5,1,0.0,0.5324675324675324,1,0.0,0.5324675324675324,1,0.0,0.5,1,0.0,0.3333333333333333,True,1.0,False,False,False,0.0,0.0
nix-community/home-manager,2a2594e0616c683b,False,0,52,True,0.0,0.7884615384615384,3,0.0,0.7884615384615384,3,0.0,0.7884615384615384,3,0.0,0.7884615384615384,2,1.0,0.5,True,0.0,False,False,False,0.0,0.0
nix-community/home-manager,2b41fe3cb576a26b,False,0,239,True,0.0,0.502092050209205,0,0.0,0.6903765690376569,0,0.0,0.6903765690376569,0,0.0,0.9868995633187773,1,1.0,1.0,True,1.0,False,False,False,0.0,0.0
nix-community/home-manager,739cd1c393894d64,False,0,49,True,0.0,0.6122448979591837,0,0.0,0.6122448979591837,0,0.0,0.6326530612244898,0,0.0,0.673469387755102,1,0.0,0.0,True,0.0,False,False,False,0.0,0.0
nix-community/home-manager,c459df0b99d630e7,True,0,87,True,0.0,0.5287356321839081,0,0.0,0.7816091954022989,0,0.0,0.7816091954022989,0,0.0,0.9634146341463414,1,0.0,0.0,True,0.0,False,False,False,0.0,0.0
nix-community/home-manager,5c10fd628f8a3e07,False,0,54,True,0.0,0.5925925925925926,0,0.0,0.8148148148148148,0,0.0,0.8148148148148148,0,0.0,0.6481481481481481,0,0.0,0.0,True,1.0,False,False,False,0.0,0.0
nix-community/home-manager,417f396616b0eb70,True,0,105,True,1.0,0.4857142857142857,2,1.0,0.38095238095238093,2,1.0,0.38095238095238093,2,0.0,0.4519230769230769,0,1.0,1.0,True,1.0,False,False,False,1.0,0.0
nix-community/home-manager,d2f0b1e2a0e2314a,True,0,110,True,0.0,0.6,1,0.0,0.5636363636363636,1,0.0,0.5636363636363636,1,0.0,0.8627450980392157,0,0.0,0.0,True,0.0,False,False,False,0.0,0.0
nix-community/home-manager,1ca44ffc65e17350,False,0,412,True,0.0,0.6189320388349514,1,0.0,0.7038834951456311,2,0.0,0.7063106796116505,2,0.0,0.908641975308642,2,0.0,0.0,True,0.0,False,False,False,0.0,0.0
nix-community/home-manager,1cc580de297308d9,True,2,230,True,1.0,0.8478260869565217,2,1.0,0.5217391304347826,13,1.0,0.5260869565217391,14,0.0,0.5132743362831859,2,0.0,1.0,True,1.0,False,False,False,1.0,0.0
semantic-release/semantic-release,14fdb6448f197192,False,0,329,True,0.0,0.662613981762918,7,0.0,0.6717325227963525,6,0.0,0.6930091185410334,6,0.0,0.662613981762918,7,0.0,0.0,False,0.0,False,False,False,0.0,0.0
v8/v8,712f98ffd743340f,False,1,1006,True,0.0,0.3081510934393638,22,0.0,0.31610337972166996,22,0.0,0.38071570576540753,26,0.0,0.3091451292246521,21,0.0,0.0,True,0.0,False,False,False,0.0,0.0
v8/v8,aa125f1fafb0faee,False,1,629,True,0.0,0.32114467408585057,22,0.0,0.32432432432432434,23,0.0,0.2655007949125596,36,0.0,0.32114467408585057,21,0.0,0.0,True,0.0,False,False,False,0.0,0.0
v8/v8,05694beb8d54a218,False,0,63,True,1.0,0.2698412698412698,8,1.0,0.2698412698412698,8,1.0,0.2698412698412698,8,1.0,0.2698412698412698,8,1.0,0.0,False,0.0,False,False,False,1.0,1.0
v8/v8,37f0bdd05edc0f87,False,0,79,True,0.0,0.43037974683544306,7,0.0,0.43037974683544306,6,0.0,0.43037974683544306,8,0.0,0.43037974683544306,10,0.0,0.0,True,0.0,False,False,False,0.0,0.0
v8/v8,e49acb05ff5bcf69,False,3,439,True,0.0,0.5603644646924829,10,0.0,0.5603644646924829,10,0.0,0.5808656036446469,12,0.0,0.5626423690205011,10,0.0,0.5,True,0.0,False,False,False,0.0,0.0
v8/v8,de130d11d3c80fa4,False,0,258,True,0.0,0.4069767441860465,9,0.0,0.4108527131782946,9,0.0,0.46511627906976744,10,0.0,0.4069767441860465,8,0.0,0.0,True,0.0,False,False,False,0.0,0.0
v8/v8,1789c80e237e5344,False,1,2895,True,0.0,0.3623488773747841,41,0.0,0.3599309153713299,40,0.0,0.40449050086355787,42,0.0,0.3623488773747841,41,0.0,0.0,True,0.0,False,False,False,0.0,0.0
v8/v8,cecca2371cda5520,False,1,1151,True,1.0,0.17984361424847958,56,1.0,0.18158123370981755,57,1.0,0.17115551694178974,63,1.0,0.17636837532580366,57,1.0,0.0,True,0.0,False,False,False,1.0,1.0
v8/v8,fa351d7797a68517,False,0,860,True,0.0,0.4,18,0.0,0.3988372093023256,18,0.0,0.40581395348837207,20,0.0,0.4,17,0.0,0.0,True,0.0,False,False,False,0.0,0.0
v8/v8,18714f4f2b9d56b7,False,0,533,True,0.0,0.5797373358348968,6,0.0,0.5984990619136961,7,0.0,0.6153846153846154,9,0.0,0.5797373358348968,7,1.0,0.0,True,0.0,False,False,False,0.0,0.0
v8/v8,0dcc5d2b18fd9a03,False,10,1122,True,0.0,0.12477718360071301,66,0.0,0.09893048128342247,97,0.0,0.08823529411764706,124,0.0,0.12477718360071301,68,0.0,0.0,True,0.0,False,False,False,0.0,0.0
v8/v8,e5a12c6cfaf72336,False,0,44,True,0.0,0.5909090909090909,1,0.0,0.5909090909090909,1,0.0,0.5909090909090909,3,0.0,0.5909090909090909,4,0.0,0.5,True,0.0,False,False,False,0.0,0.0
v8/v8,8744fac2bd52e2ba,False,1,103,True,0.0,0.42718446601941745,4,0.0,0.42718446601941745,4,0.0,0.42718446601941745,7,0.0,0.42718446601941745,2,0.0,0.0,False,0.0,False,False,False,0.0,0.0
v8/v8,fd3493dd14a3d063,False,1,61,True,0.0,0.4262295081967213,2,0.0,0.4426229508196721,2,0.0,0.3770491803278688,5,0.0,0.4262295081967213,2,0.0,1.0,True,0.0,False,False,False,0.0,0.0
v8/v8,37b7af52d56b780e,False,2,944,True,0.0,0.2807203389830508,22,0.0,0.2923728813559322,21,0.0,0.3315677966101695,22,0.0,0.2860169491525424,21,1.0,0.5,True,0.0,False,False,False,0.0,0.0
v8/v8,ce53269cc4d7d1d8,False,0,145,True,0.0,0.25517241379310346,6,0.0,0.25517241379310346,6,0.0,0.2689655172413793,10,0.0,0.2689655172413793,7,0.0,0.0,False,0.0,False,False,False,0.0,0.0
v8/v8,ef64311b45ee31e2,False,0,86,True,0.0,0.5813953488372093,6,0.0,0.5813953488372093,6,0.0,0.3488372093023256,6,0.0,0.5813953488372093,6,1.0,1.0,True,0.0,False,False,False,0.0,0.0
inventree/InvenTree,0ae7b0e25f26ea6f,False,0,19,True,1.0,1.0,0,1.0,1.0,0,1.0,1.0,0,1.0,1.0,0,0.0,0.0,False,1.0,False,False,False,1.0,1.0
inventree/InvenTree,85d40612984b5d5b,False,0,30,True,1.0,1.0,0,1.0,1.0,0,1.0,1.0,0,1.0,1.0,0,0.0,0.0,False,1.0,False,False,False,1.0,1.0
inventree/InvenTree,d1e713254daf0063,False,0,174,True,1.0,0.6264367816091954,3,1.0,0.5804597701149425,3,1.0,0.5689655172413793,3,1.0,0.6264367816091954,3,0.0,0.0,True,1.0,False,False,False,1.0,1.0
inventree/InvenTree,7c0ed0e6ee9f9f64,False,0,23,True,1.0,1.0,0,1.0,1.0,0,1.0,1.0,0,1.0,1.0,0,0.0,0.0,False,1.0,False,False,False,1.0,1.0
inventree/InvenTree,c6fe3ce3db2fda39,False,0,23,True,1.0,0.8695652173913043,0,1.0,0.8695652173913043,0,1.0,0.8695652173913043,0,1.0,0.8695652173913043,0,0.0,0.0,True,1.0,False,False,False,1.0,1.0
inventree/InvenTree,31790491d00e9b06,False,0,19,True,1.0,1.0,0,1.0,1.0,0,1.0,1.0,0,1.0,1.0,0,0.0,0.0,False,1.0,False,False,False,1.0,1.0
inventree/InvenTree,db5cb274b8e2cb63,False,0,48,True,0.0,0.7708333333333334,1,0.0,0.7708333333333334,1,0.0,0.8125,1,0.0,0.7708333333333334,1,0.0,0.0,False,1.0,False,False,False,0.0,0.0
inventree/InvenTree,eed0d48a7e147931,False,0,35,True,1.0,1.0,0,1.0,1.0,0,1.0,1.0,0,1.0,1.0,0,1.0,0.0,False,1.0,False,False,False,1.0,1.0
inventree/InvenTree,c3f54fa3087b6ecd,False,0,17,True,1.0,1.0,0,1.0,1.0,0,1.0,1.0,0,1.0,1.0,0,0.0,0.0,False,1.0,False,False,False,1.0,1.0
inventree/InvenTree,6e19825837f8879a,False,0,19,True,0.0,1.0,0,0.0,1.0,0,0.0,1.0,0,0.0,1.0,0,0.0,0.0,False,1.0,False,False,False,0.0,0.0
inventree/InvenTree,716ce8df2309b9b7,False,0,85,True,0.0,0.9882352941176471,1,0.0,0.9882352941176471,1,0.0,0.9882352941176471,1,0.0,0.9882352941176471,1,1.0,0.0,False,1.0,False,False,False,0.0,0.0
inventree/InvenTree,30f30f5d1c82e112,False,0,32,True,0.0,0.5,0,0.0,0.53125,0,0.0,0.53125,0,0.0,0.5,0,0.0,0.0,True,0.0,False,False,False,0.0,0.0
inventree/InvenTree,98035bae7983f246,False,0,18,True,1.0,1.0,0,1.0,1.0,0,1.0,1.0,0,1.0,1.0,0,0.0,0.0,False,1.0,False,False,False,1.0,1.0
inventree/InvenTree,3f9c4c217f44ac72,False,4,636,True,1.0,0.5660377358490566,4,1.0,0.5691823899371069,2,1.0,0.6305031446540881,2,1.0,0.5660377358490566,4,0.0,1.0,True,1.0,False,False,False,1.0,1.0
inventree/InvenTree,2e466d7619db6fc9,False,0,14,True,1.0,1.0,0,1.0,1.0,0,1.0,1.0,0,1.0,1.0,0,0.0,0.0,False,1.0,False,False,False,1.0,1.0
inventree/InvenTree,70ce37745669f48e,False,0,18,True,1.0,1.0,0,1.0,1.0,0,1.0,1.0,0,1.0,1.0,0,0.0,0.0,False,1.0,False,False,False,1.0,1.0
inventree/InvenTree,413cd40527bb1541,False,0,19,True,1.0,1.0,0,1.0,1.0,0,1.0,1.0,0,1.0,1.0,0,0.0,0.0,False,1.0,False,False,False,1.0,1.0
inventree/InvenTree,4defc0fc274eaed7,False,0,10,True,0.0,0.8,0,0.0,0.8,0,0.0,0.8,0,0.0,0.8,0,0.0,0.0,True,0.0,False,False,False,0.0,0.0
inventree/InvenTree,9ccce79ec1f237ce,False,2,160,True,1.0,0.875,0,1.0,0.875,0,1.0,0.8875,0,1.0,0.875,0,0.0,1.0,True,1.0,False,False,False,1.0,1.0
inventree/InvenTree,ca7a0aa888923e5a,False,0,606,True,1.0,0.6039603960396039,7,1.0,0.6089108910891089,5,1.0,0.6138613861386139,6,1.0,0.6039603960396039,7,0.0,1.0,True,1.0,False,False,False,1.0,1.0
inventree/InvenTree,c16c1e66f9712a34,False,0,18,True,0.0,1.0,0,0.0,1.0,0,0.0,1.0,0,0.0,1.0,0,0.0,0.0,False,1.0,False,False,False,0.0,0.0
openscad/openscad,e33b3e7d29df4ebc,False,0,17,True,0.0,0.4117647058823529,0,0.0,0.4117647058823529,0,0.0,0.23529411764705882,0,0.0,0.4117647058823529,0,1.0,1.0,True,0.0,False,False,False,0.0,0.0
openscad/openscad,31efc4029e3e4a41,True,1,35,True,0.0,0.6571428571428571,2,0.0,0.5142857142857142,1,0.0,0.5142857142857142,1,0.0,0.75,1,1.0,0.0,False,0.0,False,False,False,0.0,0.0
openscad/openscad,f696feaa301c2ba2,False,1,57,True,0.0,0.6666666666666666,0,0.0,0.49122807017543857,1,0.0,0.49122807017543857,1,0.0,0.5,0,1.0,0.0,False,0.0,False,False,False,0.0,0.0
openscad/openscad,ada0991ad2cd0749,False,0,127,True,0.0,0.4645669291338583,5,0.0,0.4645669291338583,5,0.0,0.48031496062992124,5,0.0,0.4645669291338583,4,0.0,0.0,True,0.0,False,False,False,0.0,0.0
openscad/openscad,48ca547e3cd67c90,False,0,49,True,0.0,0.673469387755102,2,0.0,0.673469387755102,3,0.0,0.46938775510204084,5,0.0,0.673469387755102,3,0.0,0.0,True,0.0,False,False,False,0.0,0.0
openscad/openscad,7cea1992bfaecf01,True,0,370,True,0.0,0.5135135135135135,4,0.0,0.6378378378378379,5,0.0,0.6486486486486487,5,0.0,0.7181571815718157,4,1.0,1.0,True,1.0,False,False,False,0.0,0.0
openscad/openscad,458dc90e7c970d18,False,2,70,True,0.0,0.5857142857142857,2,0.0,0.6,3,0.0,0.6,3,0.0,0.7142857142857143,3,0.0,0.0,True,0.0,False,False,False,0.0,0.0
openscad/openscad,9e597f2b9f39e9f0,False,1,90,True,0.0,0.6666666666666666,1,0.0,0.7222222222222222,1,0.0,0.28888888888888886,2,0.0,0.8876404494382022,1,1.0,1.0,True,0.0,False,False,False,0.0,0.0
openscad/openscad,1a6c56f5f8331051,False,1,68,True,0.0,0.47058823529411764,1,0.0,0.5441176470588235,1,0.0,0.3382352941176471,1,0.0,0.5735294117647058,1,1.0,1.0,True,0.0,False,False,False,0.0,0.0
openscad/openscad,48ee9417583fec9d,True,0,240,True,0.0,0.4666666666666667,2,1.0,0.675,3,1.0,0.675,3,1.0,0.7710280373831776,3,1.0,0.0,False,1.0,False,False,False,0.0,1.0
openscad/openscad,8791d2486473e57b,False,0,25,True,1.0,0.76,0,1.0,0.8,0,1.0,0.72,2,1.0,0.9166666666666666,0,1.0,1.0,True,1.0,False,False,False,1.0,1.0
openscad/openscad,3241046f406c6ac2,False,2,100,True,0.0,0.42,0,0.0,0.61,1,0.0,0.63,0,0.0,0.56,0,0.0,1.0,True,0.0,False,False,False,0.0,0.0
openscad/openscad,ddea0991b61e13ff,True,0,21,True,0.0,0.47619047619047616,1,0.0,0.6666666666666666,0,0.0,0.6666666666666666,0,0.0,0.6666666666666666,0,0.0,0.5,True,0.0,False,False,False,0.0,0.0
openscad/openscad,68a309b81039aa4a,True,1,258,True,0.0,0.3953488372093023,4,0.0,0.5193798449612403,5,0.0,0.5426356589147286,5,0.0,0.45188284518828453,4,1.0,0.0,False,0.0,False,False,False,0.0,0.0
openscad/openscad,bb22c8ddbbd3cc66,False,2,75,True,0.0,0.64,3,0.0,0.7066666666666667,3,0.0,0.36,3,0.0,0.7162162162162162,3,0.0,0.0,True,0.0,False,False,False,0.0,0.0
openscad/openscad,7764e1208922d8e1,True,0,67,True,0.0,0.29850746268656714,2,0.0,0.47761194029850745,4,0.0,0.417910447761194,4,0.0,0.5223880597014925,1,0.0,0.0,True,0.0,False,False,True,0.0,0.0
openscad/openscad,e59c376469733074,True,5,30,True,0.0,0.5333333333333333,0,0.0,0.6,1,0.0,0.5666666666666667,2,0.0,0.8275862068965517,1,0.0,0.0,True,0.0,False,False,False,0.0,0.0
openscad/openscad,38f52d09f47920b8,False,1,142,True,0.0,0.3380281690140845,4,0.0,0.4859154929577465,3,0.0,0.4014084507042254,2,0.0,0.574468085106383,3,0.0,0.0,True,0.0,False,False,False,0.0,0.0
openscad/openscad,ad61dad34cefd154,False,3,1205,True,0.0,0.34356846473029046,27,0.0,0.4049792531120332,32,0.0,0.2680497925311203,34,0.0,0.4856396866840731,31,0.0,1.0,True,0.0,False,False,False,0.0,0.0
openscad/openscad,3016e556c0bb5855,False,0,100,True,0.0,0.38,2,0.0,0.65,2,0.0,0.72,3,0.0,0.7,2,0.0,0.0,True,0.0,False,False,False,0.0,0.0
openscad/openscad,e155029e3202c861,False,1,366,True,0.0,0.3743169398907104,8,0.0,0.46994535519125685,9,0.0,0.4562841530054645,9,0.0,0.4793388429752066,11,0.0,0.0,True,0.0,False,False,False,0.0,0.0
openscad/openscad,e667c86528377562,True,1,98,True,0.0,0.5,3,0.0,0.45918367346938777,3,0.0,0.45918367346938777,5,0.0,0.4725274725274725,2,1.0,0.5,True,0.0,False,False,False,0.0,0.0
pytorch/pytorch,e3f5cebdc085a06a,False,2,830,True,0.0,0.20120481927710843,17,0.0,0.20120481927710843,17,0.0,0.22048192771084338,18,0.0,0.20120481927710843,17,0.0,0.0,True,0.0,False,False,False,0.0,0.0
pytorch/pytorch,7ab55176c67ad329,False,1,234,True,0.0,0.38461538461538464,11,0.0,0.3888888888888889,10,0.0,0.3547008547008547,13,0.0,0.38461538461538464,10,0.0,0.5,True,0.0,False,False,False,0.0,0.0
pytorch/pytorch,8867e21f9792e3d6,False,1,78,True,0.0,0.6282051282051282,4,0.0,0.6282051282051282,4,0.0,0.6282051282051282,7,0.0,0.6621621621621622,4,0.0,0.0,True,1.0,False,False,False,0.0,0.0
pytorch/pytorch,95e1eb7c29150110,True,0,116,True,0.0,0.23275862068965517,2,0.0,0.23275862068965517,2,0.0,0.21551724137931033,2,0.0,0.3275862068965517,2,0.0,0.0,True,0.0,False,False,False,0.0,0.0
pytorch/pytorch,71ca05fed7fd70ba,False,1,92,True,0.0,0.9456521739130435,2,0.0,0.9456521739130435,2,0.0,0.9456521739130435,2,0.0,0.9560439560439561,2,0.0,0.0,True,0.0,False,False,False,0.0,0.0
pytorch/pytorch,424b420e27eb43a9,False,0,184,True,0.0,0.9456521739130435,2,0.0,0.9456521739130435,2,0.0,0.9456521739130435,2,0.0,0.9560439560439561,2,0.0,0.0,False,0.0,False,False,False,0.0,0.0
pytorch/pytorch,1dfffde754d9f3b9,False,0,114,True,0.0,0.23684210526315788,9,0.0,0.23684210526315788,10,0.0,0.23684210526315788,9,0.0,0.23684210526315788,8,0.0,0.0,True,1.0,False,False,False,0.0,0.0
pytorch/pytorch,02b301ed0b5cfee4,False,2,917,True,0.0,0.7884405670665212,3,0.0,0.7884405670665212,3,0.0,0.6543075245365322,9,0.0,0.7884405670665212,3,0.0,0.0,True,0.0,False,False,False,0.0,0.0
pytorch/pytorch,e9993081feee11d3,False,0,286,True,0.0,0.34965034965034963,11,0.0,0.34965034965034963,11,0.0,0.34265734265734266,11,0.0,0.34965034965034963,10,0.0,0.0,True,0.0,False,False,False,0.0,0.0
pytorch/pytorch,f526f1a0b9159a2e,False,0,180,True,0.0,0.9444444444444444,4,0.0,0.9444444444444444,4,0.0,0.9444444444444444,4,0.0,0.9444444444444444,3,0.0,0.0,False,0.0,False,False,False,0.0,0.0
pytorch/pytorch,2f3b00f5623cc154,False,1,194,True,0.0,0.9432989690721649,0,0.0,1.0,0,0.0,0.6134020618556701,0,0.0,0.9432989690721649,0,0.0,0.0,True,0.0,False,False,False,0.0,0.0
pytorch/pytorch,6c83815cfdfa6617,False,0,60,True,0.0,0.95,0,0.0,0.95,0,0.0,0.9,0,0.0,1.0,0,0.0,0.0,False,0.0,False,False,False,0.0,0.0
pytorch/pytorch,1ceed683249d8b6a,False,3,533,True,0.0,0.2045028142589118,20,0.0,0.2045028142589118,20,0.0,0.13696060037523453,30,0.0,0.2045028142589118,20,0.0,1.0,True,0.0,False,False,False,0.0,0.0
pytorch/pytorch,af88235285b109d6,False,0,46,True,0.0,0.717391304347826,0,0.0,0.7391304347826086,0,0.0,0.5217391304347826,1,0.0,0.8260869565217391,0,0.0,0.0,False,0.0,False,False,False,0.0,0.0
pytorch/pytorch,9a98433761fadd60,True,0,170,True,0.0,0.7647058823529411,3,0.0,0.7647058823529411,3,0.0,0.8529411764705882,3,0.0,0.5411764705882353,3,0.0,0.0,True,0.0,False,False,False,0.0,0.0
pytorch/pytorch,a8f5cb8eab2f0519,False,0,466,True,0.0,0.27467811158798283,22,0.0,0.27467811158798283,24,0.0,0.27682403433476394,24,0.0,0.27467811158798283,24,0.0,0.0,True,0.0,False,False,False,0.0,0.0
pytorch/pytorch,b464a56c932fd0ca,False,0,226,True,0.0,0.29646017699115046,7,0.0,0.29646017699115046,7,0.0,0.29646017699115046,7,0.0,0.2920353982300885,8,1.0,1.0,True,0.0,False,False,False,0.0,0.0
pytorch/pytorch,28c807e3b2f73b05,False,4,1733,True,0.0,0.27351413733410274,26,0.0,0.27813040969417197,26,0.0,0.2504327755337565,29,0.0,0.27466820542412,25,0.0,0.0,True,0.0,False,False,False,0.0,0.0
vosen/ZLUDA,93ea4cba66cec549,False,0,16,True,1.0,0.9375,0,1.0,0.9375,0,1.0,0.9375,0,1.0,0.9375,0,0.0,0.5,True,0.0,False,False,False,1.0,1.0
vosen/ZLUDA,48a5291125cbae82,True,0,1,True,0.0,1.0,0,0.0,1.0,0,0.0,1.0,0,0.0,,0,1.0,1.0,True,0.0,False,False,False,0.0,0.0
vosen/ZLUDA,8c765322402bb338,False,0,197,True,1.0,0.8477157360406091,0,1.0,0.8477157360406091,0,0.0,0.6446700507614214,0,1.0,0.8477157360406091,0,0.0,1.0,True,1.0,False,False,False,1.0,1.0
vosen/ZLUDA,4f2f8ec5d6ad004b,True,8,3208,True,0.0,0.9585411471321695,1,1.0,0.8837281795511222,1,1.0,0.8902743142144638,1,1.0,0.8820243181071311,1,0.0,0.0,True,0.0,False,False,False,0.0,1.0
vosen/ZLUDA,5aeea6cf15dade0c,False,0,8,True,0.0,0.625,0,0.0,0.625,0,0.0,0.625,0,0.0,0.625,0,0.0,0.3333333333333333,True,1.0,False,False,False,0.0,0.0
vosen/ZLUDA,e05c511064a0511b,False,0,44,True,1.0,0.9318181818181818,0,1.0,0.9318181818181818,0,1.0,0.8863636363636364,0,1.0,0.9318181818181818,0,1.0,1.0,True,1.0,False,False,False,1.0,1.0
vosen/ZLUDA,33ad6ea376fb98b7,True,4,873,True,0.0,0.8923253150057274,1,1.0,0.5899198167239404,0,1.0,0.5979381443298969,0,1.0,0.5799256505576208,1,0.0,0.0,True,0.0,False,False,False,0.0,1.0
vosen/ZLUDA,dcadbbcd0813db7e,True,0,621,True,1.0,0.6328502415458938,0,1.0,0.9420289855072463,1,1.0,0.9420289855072463,1,1.0,0.9382504288164666,1,1.0,1.0,True,1.0,False,False,False,1.0,1.0
vosen/ZLUDA,6b97b4d5bac4a088,False,1,169,True,1.0,0.5798816568047337,0,1.0,0.7514792899408284,0,1.0,0.7396449704142012,0,1.0,0.7692307692307693,0,0.0,0.5,True,0.0,False,False,False,1.0,1.0
vosen/ZLUDA,0934c6b2aaaea06c,False,0,310,True,0.0,0.6612903225806451,0,0.0,0.6580645161290323,0,1.0,0.4645161290322581,0,0.0,0.6193548387096774,0,1.0,0.0,True,0.0,False,False,False,0.0,0.0
vosen/ZLUDA,a5cd637371d88ae5,True,1,939,True,0.0,0.9701810436634718,1,1.0,0.9126730564430245,0,1.0,0.9233226837060703,0,1.0,0.916955017301038,0,1.0,0.0,True,0.0,False,False,False,0.0,1.0
vosen/ZLUDA,f7e387dc0f5ae532,False,2,136,True,1.0,0.9779411764705882,1,1.0,0.9779411764705882,1,1.0,0.9779411764705882,1,1.0,1.0,0,1.0,1.0,True,0.0,False,False,False,1.0,1.0
vosen/ZLUDA,d4de5cb1f07ffd2a,True,1,1667,True,0.0,0.7894421115776845,0,1.0,0.9988002399520096,1,1.0,0.9988002399520096,1,1.0,1.0,0,1.0,1.0,True,0.0,False,False,False,0.0,1.0
vosen/ZLUDA,90ebde2ffd6bf722,False,1,714,True,1.0,0.9789915966386554,2,1.0,0.9789915966386554,2,1.0,0.9803921568627451,2,1.0,0.9789915966386554,2,1.0,1.0,True,0.0,False,False,False,1.0,1.0
vosen/ZLUDA,e8a7a7bd360d78e9,True,4,2440,True,0.0,0.9450819672131148,0,1.0,0.7135245901639344,0,1.0,0.8131147540983606,1,1.0,0.702081526452732,0,0.0,0.0,True,0.0,False,False,False,0.0,1.0
vosen/ZLUDA,564c4567f543a309,True,1,1060,True,0.0,1.0,0,1.0,0.9462264150943396,0,1.0,0.95,0,1.0,0.9578189300411523,1,0.0,0.0,True,0.0,False,False,False,0.0,1.0
vosen/ZLUDA,e2c26fca39714042,False,0,40,True,1.0,0.725,0,1.0,0.9,0,1.0,0.9,0,1.0,0.95,0,0.0,0.5,True,0.0,False,False,False,1.0,1.0
vosen/ZLUDA,adc3754a262f6847,False,1,186,True,1.0,0.8387096774193549,1,1.0,0.8387096774193549,1,1.0,0.8387096774193549,1,1.0,0.8387096774193549,1,1.0,0.0,True,0.0,False,False,False,1.0,1.0
vosen/ZLUDA,6e106f9b7e16a31e,False,0,4,True,0.0,0.75,0,0.0,1.0,0,0.0,1.0,0,0.0,1.0,0,0.0,0.0,True,1.0,False,False,False,0.0,0.0
vosen/ZLUDA,6098a964878fe6bd,False,5,4283,True,1.0,0.8171842166705581,0,1.0,0.8655148260565024,0,1.0,0.87228578099463,0,1.0,0.8173750583839328,0,0.0,0.0,True,0.0,False,False,False,1.0,1.0
vosen/ZLUDA,15cdcb291297acd8,True,2,1055,True,0.0,0.95260663507109,2,1.0,0.8985781990521327,1,1.0,0.9071090047393365,1,1.0,0.8852971845672576,1,0.0,1.0,True,0.0,False,False,False,0.0,1.0
vosen/ZLUDA,252ec0f210d7ff5c,False,2,222,True,0.0,0.5855855855855856,0,0.0,0.5855855855855856,0,0.0,0.6531531531531531,0,0.0,0.5855855855855856,0,1.0,0.0,True,0.0,False,False,False,0.0,0.0
scipy/scipy,139795d27596cd4b,False,3,1520,True,1.0,0.40328947368421053,40,1.0,0.4,40,1.0,0.35789473684210527,43,1.0,0.40460526315789475,39,0.0,1.0,True,0.0,False,False,False,1.0,1.0
scipy/scipy,d99f438b1611592c,False,0,140,True,0.0,0.6357142857142857,2,0.0,0.6357142857142857,3,0.0,0.4642857142857143,2,0.0,0.6402877697841727,3,0.0,0.0,False,0.0,False,False,False,0.0,0.0
scipy/scipy,6ba7fcf5a871c674,False,2,2068,True,0.0,0.26934235976789167,23,0.0,0.26934235976789167,22,0.0,0.2674081237911025,23,0.0,0.26934235976789167,21,0.0,0.0,True,0.0,False,False,False,0.0,0.0
scipy/scipy,cc6e641abc62d2e6,False,2,555,True,0.0,0.7657657657657657,11,0.0,0.7711711711711712,11,0.0,0.7837837837837838,11,0.0,0.772972972972973,9,0.0,0.5,True,0.0,False,False,False,0.0,0.0
scipy/scipy,2e72cdc9e15a53a7,False,0,17,True,0.0,0.9411764705882353,0,0.0,0.9411764705882353,0,0.0,0.9411764705882353,0,0.0,0.9411764705882353,0,0.0,0.0,False,0.0,False,False,False,0.0,0.0
scipy/scipy,65890ca177eee762,False,1,354,True,0.0,0.3983050847457627,14,0.0,0.4209039548022599,14,0.0,0.4435028248587571,14,0.0,0.403954802259887,11,0.0,0.0,False,0.0,False,False,False,0.0,0.0
scipy/scipy,ec3888d32a1a34f3,False,3,377,True,0.0,0.29708222811671087,25,0.0,0.35543766578249336,23,0.0,0.3819628647214854,25,0.0,0.29973474801061006,23,0.0,0.0,True,0.0,False,False,False,0.0,0.0
scipy/scipy,78062010e444161e,False,1,2147,True,0.0,0.3046110852352119,21,0.0,0.304145319049837,21,0.0,0.2496506753609688,20,0.0,0.3088029809035864,20,1.0,1.0,True,0.0,False,False,False,0.0,0.0
scipy/scipy,16c8bbcf8ddc8075,False,1,345,True,0.0,0.3739130434782609,8,0.0,0.3826086956521739,8,0.0,0.3826086956521739,8,0.0,0.37719298245614036,7,0.0,0.0,True,0.0,False,False,False,0.0,0.0
scipy/scipy,b516c6256efec0a2,False,1,1154,True,0.0,0.5320623916811091,25,0.0,0.5771230502599654,23,0.0,0.5866551126516465,23,0.0,0.5363951473136915,26,0.0,0.0,True,0.0,False,False,False,0.0,0.0
scipy/scipy,351b7789a58aafb8,False,0,251,True,0.0,0.7888446215139442,3,0.0,0.7888446215139442,3,0.0,0.7888446215139442,3,0.0,0.8087649402390438,3,0.0,0.0,False,0.0,False,False,False,0.0,0.0
scipy/scipy,2ea52e3690d4ab21,False,0,558,True,0.0,0.3942652329749104,6,0.0,0.3960573476702509,6,0.0,0.34946236559139787,8,0.0,0.3960573476702509,5,0.0,0.0,True,0.0,False,False,False,0.0,0.0
scipy/scipy,63527426aa968995,False,5,1881,True,1.0,0.4130781499202552,29,1.0,0.39074960127591707,28,1.0,0.3838383838383838,33,1.0,0.4130781499202552,28,1.0,1.0,True,0.0,False,False,False,1.0,1.0
scipy/scipy,1ddb56b9e10cea5a,False,0,1399,True,0.0,0.5711222301644031,40,0.0,0.5611150822015726,39,0.0,0.557541100786276,38,0.0,0.5739814152966405,39,0.0,0.0,True,0.0,False,False,False,0.0,0.0
scipy/scipy,3ee8eb7dfb2f6e56,False,3,1475,True,0.0,0.3884745762711864,34,0.0,0.3959322033898305,35,0.0,0.36677966101694914,34,0.0,0.3959322033898305,32,0.0,0.0,True,0.0,False,False,False,0.0,0.0
scipy/scipy,3bdfd9d5dfa794d9,False,1,281,True,0.0,0.7615658362989324,6,0.0,0.7686832740213523,4,0.0,0.4875444839857651,4,0.0,0.7615658362989324,6,0.0,0.0,False,0.0,False,False,False,0.0,0.0
scipy/scipy,9cb41ea05c78ca21,False,1,940,True,0.0,0.6510638297872341,12,0.0,0.6531914893617021,12,0.0,0.6585106382978724,12,0.0,0.652127659574468,11,0.0,0.0,True,0.0,False,False,False,0.0,0.0
scipy/scipy,e9712df463b5f79b,False,0,204,True,0.0,0.8088235294117647,3,0.0,0.8186274509803921,3,0.0,0.8186274509803921,3,0.0,0.8078817733990148,3,0.0,0.0,False,0.0,False,False,False,0.0,0.0
triton-lang/triton,f0e7e61833e691ba,False,2,762,True,0.0,0.3188976377952756,13,0.0,0.4238845144356955,14,0.0,0.489501312335958,15,0.0,0.38370565045992117,13,0.0,0.0,True,0.0,False,False,False,0.0,0.0
triton-lang/triton,293af646f671d3a8,False,1,210,True,0.0,0.43333333333333335,6,0.0,0.43333333333333335,6,0.0,0.43333333333333335,6,0.0,0.44285714285714284,5,0.0,0.0,True,0.0,False,False,False,0.0,0.0
triton-lang/triton,f727c7f0e0514dca,True,3,1431,True,0.0,0.16491963661774983,30,0.0,0.16981132075471697,29,0.0,0.1740041928721174,29,0.0,0.16165150454863542,29,0.0,0.0,True,0.0,False,False,False,0.0,0.0
triton-lang/triton,3a8183c3addd2134,False,1,170,True,0.0,0.34705882352941175,5,0.0,0.34705882352941175,5,0.0,0.34705882352941175,7,0.0,0.34705882352941175,5,0.0,0.0,True,0.0,False,False,False,0.0,0.0
triton-lang/triton,b1e11d8424065aa2,False,6,985,True,0.0,0.2152284263959391,6,0.0,0.216243654822335,6,0.0,0.2517766497461929,8,0.0,0.2152284263959391,5,0.0,0.0,True,0.0,False,False,False,0.0,0.0
triton-lang/triton,980bbab8870c6a2f,False,6,1045,True,0.0,0.5492822966507177,29,0.0,0.5368421052631579,29,0.0,0.4421052631578947,29,0.0,0.554066985645933,29,0.0,1.0,True,0.0,False,False,False,0.0,0.0
triton-lang/triton,7935be9afb58d190,False,3,534,True,0.0,0.22659176029962547,11,0.0,0.22659176029962547,11,0.0,0.25842696629213485,17,0.0,0.23440453686200377,11,0.0,0.5,True,0.0,False,False,False,0.0,0.0
triton-lang/triton,b3d735d8dd3640d4,False,0,360,True,0.0,0.3,5,0.0,0.3,5,1.0,0.30277777777777776,5,0.0,0.3,6,0.0,1.0,True,0.0,False,False,False,0.0,0.0
triton-lang/triton,f63398e44fb5a8c0,False,0,146,True,0.0,0.5753424657534246,7,0.0,0.589041095890411,7,0.0,0.6164383561643836,9,0.0,0.5821917808219178,7,1.0,0.5,True,0.0,False,False,False,0.0,0.0
triton-lang/triton,b3ca3ad82569f518,False,0,1727,True,0.0,0.2692530399536769,15,0.0,0.2709901563404748,13,0.0,0.3022582513028373,13,0.0,0.29200463499420626,14,0.0,0.0,True,0.0,False,False,False,0.0,0.0
triton-lang/triton,161dd372bbb141ab,False,2,298,True,0.0,0.26174496644295303,10,0.0,0.26174496644295303,10,0.0,0.28187919463087246,10,0.0,0.38047138047138046,11,0.0,0.5,True,0.0,False,False,False,0.0,0.0
triton-lang/triton,a39aee419efb3447,False,6,749,True,0.0,0.3871829105473965,13,0.0,0.3871829105473965,13,0.0,0.40186915887850466,13,0.0,0.3871829105473965,13,0.0,0.0,True,0.0,False,False,False,0.0,0.0
triton-lang/triton,3eee00a71e5ff853,False,2,599,True,0.0,0.34056761268781305,4,0.0,0.337228714524207,5,0.0,0.3105175292153589,9,0.0,0.34056761268781305,4,0.0,1.0,True,0.0,False,False,False,0.0,0.0
triton-lang/triton,aed11edc08eb4334,False,0,151,True,0.0,0.2781456953642384,1,0.0,0.2781456953642384,1,0.0,0.2781456953642384,3,0.0,0.2781456953642384,0,0.0,0.0,True,0.0,False,False,False,0.0,0.0
triton-lang/triton,78ce450bd66c3883,False,0,41,True,0.0,0.6097560975609756,7,0.0,0.6341463414634146,6,0.0,0.6341463414634146,6,0.0,0.625,6,0.0,0.0,True,0.0,False,False,False,0.0,0.0
triton-lang/triton,a0d79446de93ca8c,False,1,206,True,0.0,0.3592233009708738,3,0.0,0.3592233009708738,3,0.0,0.3592233009708738,3,0.0,0.3592233009708738,4,0.0,0.5,True,0.0,False,False,False,0.0,0.0
triton-lang/triton,facc6404ca92d892,False,0,55,True,0.0,0.2727272727272727,8,0.0,0.2727272727272727,8,0.0,0.2727272727272727,8,0.0,0.2727272727272727,8,1.0,0.0,True,0.0,False,False,False,0.0,0.0
triton-lang/triton,7024778cd3cdb351,False,0,14,True,0.0,0.5714285714285714,0,0.0,0.5714285714285714,0,0.0,0.5714285714285714,0,0.0,0.5714285714285714,0,0.0,0.25,True,0.0,False,False,False,0.0,0.0
triton-lang/triton,c05cf3aed297bf0c,False,14,3793,True,1.0,0.24176113894015291,35,1.0,0.2330609016609544,35,1.0,0.2565251779593989,37,1.0,0.24176113894015291,35,0.0,1.0,True,0.0,False,False,False,1.0,1.0
triton-lang/triton,bc37d034bad56458,True,0,94,True,0.0,0.1595744680851064,12,0.0,0.1595744680851064,12,0.0,0.1595744680851064,12,0.0,0.17045454545454544,12,0.0,0.3333333333333333,True,0.0,False,False,True,0.0,0.0
triton-lang/triton,2fdddc00b98b06e7,False,3,787,True,0.0,0.2363405336721728,19,0.0,0.22236340533672172,19,0.0,0.22490470139771285,18,0.0,0.21510883482714468,19,0.0,0.0,True,0.0,False,False,False,0.0,0.0
web-infra-dev/rspack,d3f94114cda1156f,False,3,2239,True,1.0,0.4336757481018312,15,1.0,0.37561411344350154,15,1.0,0.36221527467619474,14,1.0,0.4341223760607414,14,0.0,1.0,True,0.0,False,False,False,1.0,1.0
web-infra-dev/rspack,1f5053e8e2768e65,False,19,2906,True,0.0,0.4569855471438403,13,0.0,0.4907088781830695,14,0.0,0.5055058499655884,18,0.0,0.46111493461803166,12,0.0,1.0,True,0.0,False,False,False,0.0,0.0
web-infra-dev/rspack,c13a2e435f76707e,False,0,145,True,0.0,0.6620689655172414,0,0.0,0.8896551724137931,1,0.0,0.8689655172413793,3,0.0,0.6620689655172414,0,0.0,0.0,True,0.0,False,False,False,0.0,0.0
web-infra-dev/rspack,26ce71468538ae66,False,0,903,True,0.0,0.2336655592469546,10,0.0,0.24031007751937986,10,0.0,0.2691029900332226,11,0.0,0.2336655592469546,9,0.0,0.0,True,0.0,False,False,False,0.0,0.0
web-infra-dev/rspack,1e932f6c20be2fe4,False,0,380,True,1.0,0.8,5,1.0,0.8052631578947368,5,0.0,0.5631578947368421,6,1.0,0.8105263157894737,4,1.0,1.0,True,0.0,False,False,False,1.0,1.0
web-infra-dev/rspack,4ee12d4389cfb90e,False,1,187,True,1.0,0.9625668449197861,2,1.0,0.9625668449197861,2,1.0,0.9625668449197861,2,1.0,0.9625668449197861,2,1.0,1.0,True,0.0,False,False,False,1.0,1.0
web-infra-dev/rspack,21f441ffeff21046,False,1,352,True,0.0,0.2528409090909091,7,0.0,0.24431818181818182,8,0.0,0.2471590909090909,7,0.0,0.2528409090909091,6,0.0,0.0,True,0.0,False,False,False,0.0,0.0
web-infra-dev/rspack,666ef0c0582303ce,False,1,135,True,0.0,0.674074074074074,6,0.0,0.674074074074074,6,0.0,0.7111111111111111,6,0.0,0.6814814814814815,5,0.0,0.0,True,0.0,False,False,False,0.0,0.0
web-infra-dev/rspack,75d001733998d80e,False,1,574,True,0.0,0.42160278745644597,15,0.0,0.42334494773519166,15,0.0,0.4181184668989547,15,0.0,0.42160278745644597,15,0.0,1.0,True,0.0,False,False,False,0.0,0.0
web-infra-dev/rspack,0d64b75f0221f54e,False,11,1164,True,0.0,0.5807560137457045,14,0.0,0.5231958762886598,14,0.0,0.5085910652920962,14,0.0,0.5807560137457045,13,0.0,0.0,True,0.0,False,False,False,0.0,0.0
web-infra-dev/rspack,ba05d6e700715728,False,15,930,True,0.0,0.26021505376344084,15,0.0,0.27204301075268816,15,0.0,0.2731182795698925,15,0.0,0.26021505376344084,15,1.0,0.0,True,0.0,False,False,False,0.0,0.0
web-infra-dev/rspack,ced80a62fecc529b,False,0,290,True,0.0,0.4068965517241379,2,0.0,0.5758620689655173,3,0.0,0.6068965517241379,4,0.0,0.4068965517241379,2,0.0,0.0,True,0.0,False,False,False,0.0,0.0
web-infra-dev/rspack,16cc37556a894ad4,False,3,701,True,0.0,0.4094151212553495,8,0.0,0.4037089871611983,8,0.0,0.49358059914407987,8,0.0,0.4108416547788873,7,0.0,0.0,True,0.0,False,False,False,0.0,0.0
web-infra-dev/rspack,2e9d962a08321605,False,38,486,True,0.0,0.411522633744856,16,0.0,0.4074074074074074,16,0.0,0.40329218106995884,16,0.0,0.41358024691358025,15,0.0,0.0,True,1.0,False,False,False,0.0,0.0
web-infra-dev/rspack,1e29ce8ab6ee7abb,False,2,194,True,0.0,0.6443298969072165,5,0.0,0.6443298969072165,5,0.0,0.6443298969072165,5,0.0,0.6443298969072165,5,0.0,0.5,True,0.0,False,False,False,0.0,0.0
web-infra-dev/rspack,8670d9cc875d0889,False,0,437,True,0.0,0.34324942791762014,7,0.0,0.40503432494279173,7,0.0,0.36384439359267734,9,0.0,0.34553775743707094,6,0.0,0.0,True,0.0,False,False,False,0.0,0.0
web-infra-dev/rspack,53219490380f9d42,False,1,361,True,0.0,0.3601108033240997,9,0.0,0.40166204986149584,10,0.0,0.39058171745152354,11,0.0,0.3628808864265928,8,0.0,0.0,True,0.0,False,False,False,0.0,0.0
web-infra-dev/rspack,6f5d1fd81f8e4189,False,1,313,True,0.0,0.8849840255591054,3,0.0,0.9329073482428115,4,0.0,0.9329073482428115,4,0.0,0.8977635782747604,2,0.0,0.0,True,0.0,False,False,False,0.0,0.0
web-infra-dev/rspack,a08e45dea9402b61,False,4,399,True,0.0,0.3634085213032581,10,0.0,0.39598997493734334,10,0.0,0.38095238095238093,11,0.0,0.3634085213032581,9,1.0,0.0,True,0.0,False,False,False,0.0,0.0
web-infra-dev/rspack,b78b92e695f35db2,False,2,252,True,0.0,0.8214285714285714,4,0.0,0.8293650793650794,5,0.0,0.7738095238095238,8,0.0,0.8293650793650794,3,0.0,0.0,True,0.0,False,False,False,0.0,0.0
web-infra-dev/rspack,a56822bd4be1ed20,False,3,167,True,1.0,0.32335329341317365,6,0.0,0.25748502994011974,6,0.0,0.25149700598802394,8,1.0,0.32335329341317365,5,0.0,0.0,True,0.0,False,False,False,1.0,1.0
web-infra-dev/rspack,18c60b97bd338458,False,9,565,True,0.0,0.6513274336283186,19,0.0,0.6601769911504425,19,0.0,0.40707964601769914,18,0.0,0.6530973451327433,18,0.0,0.0,True,0.0,False,False,False,0.0,0.0
web-infra-dev/rspack,3341177cf73f27cd,False,1,204,True,0.0,0.6323529411764706,3,0.0,0.6568627450980392,2,0.0,0.6568627450980392,2,0.0,0.6323529411764706,3,0.0,0.0,True,0.0,False,False,False,0.0,0.0
web-infra-dev/rspack,f12415bf360e919c,False,6,1216,True,0.0,0.4753289473684211,13,0.0,0.47286184210526316,13,0.0,0.44161184210526316,13,0.0,0.4753289473684211,12,0.0,0.0,True,0.0,False,False,False,0.0,0.0
MaartenGr/BERTopic,a95596ac7adbae19,False,0,330,True,0.0,0.5636363636363636,4,0.0,0.6363636363636364,4,0.0,0.6363636363636364,4,0.0,0.8142414860681114,2,0.0,0.0,False,0.0,False,False,False,0.0,0.0
MaartenGr/BERTopic,cfd45551f4d8f706,False,0,76,True,0.0,0.9736842105263158,2,0.0,0.9736842105263158,2,0.0,0.9736842105263158,2,0.0,1.0,0,0.0,0.0,True,0.0,False,False,False,0.0,0.0
MaartenGr/BERTopic,477f1339a4795635,False,0,94,True,0.0,0.851063829787234,0,0.0,0.9148936170212766,0,0.0,0.9148936170212766,0,0.0,1.0,0,0.0,0.0,False,0.0,False,False,False,0.0,0.0
MaartenGr/BERTopic,7b8b3a4741e58497,False,0,215,True,0.0,0.5906976744186047,2,0.0,0.6744186046511628,2,0.0,0.8325581395348837,2,0.0,0.7289719626168224,2,0.0,0.0,True,0.0,False,False,False,0.0,0.0
MaartenGr/BERTopic,8147132600c8df72,False,0,69,True,0.0,0.7681159420289855,1,0.0,0.7971014492753623,1,0.0,0.782608695652174,2,0.0,1.0,0,0.0,0.0,False,0.0,False,False,False,0.0,0.0
MaartenGr/BERTopic,bac1f3614967a291,False,0,213,True,0.0,0.43661971830985913,2,0.0,0.49765258215962443,3,0.0,0.5211267605633803,3,0.0,0.5355450236966824,2,0.0,0.0,True,0.0,False,False,False,0.0,0.0
MaartenGr/BERTopic,12826bdacd96872e,False,0,158,True,0.0,0.8860759493670886,3,0.0,0.8924050632911392,3,0.0,0.8924050632911392,3,0.0,0.9807692307692307,2,0.0,0.0,False,0.0,False,False,False,0.0,0.0
MaartenGr/BERTopic,5bf3941e6b5c74d8,False,0,171,True,0.0,0.3567251461988304,6,0.0,0.3684210526315789,6,0.0,0.3567251461988304,6,0.0,0.4171779141104294,4,0.0,0.0,True,0.0,False,False,False,0.0,0.0
grpc/grpc,3652cff923fa8450,True,0,555,True,0.0,0.4954954954954955,5,0.0,0.4720720720720721,5,0.0,0.47387387387387386,11,0.0,0.8477064220183487,6,0.0,0.0,True,0.0,False,False,False,0.0,0.0
grpc/grpc,c079b74f4d9260ea,False,0,199,True,0.0,0.4221105527638191,1,0.0,0.4321608040201005,1,0.0,0.4321608040201005,1,0.0,0.6887755102040817,1,0.0,0.0,False,0.0,False,False,False,0.0,0.0
grpc/grpc,ec57ea9730a16dd7,True,0,345,True,0.0,0.518840579710145,4,0.0,0.6898550724637681,5,0.0,0.6927536231884058,5,0.0,0.5571847507331378,6,0.0,0.0,False,0.0,False,False,False,0.0,0.0
grpc/grpc,60bc4e66bb141bc7,False,0,534,True,0.0,0.3651685393258427,5,0.0,0.28277153558052437,3,0.0,0.2752808988764045,5,0.0,0.5212355212355212,5,0.0,0.0,False,0.0,False,False,False,0.0,0.0
grpc/grpc,88cfeb4631fbd758,False,0,69,True,0.0,0.7101449275362319,0,0.0,0.782608695652174,0,0.0,0.782608695652174,0,0.0,0.7971014492753623,0,0.0,0.0,False,0.0,False,False,False,0.0,0.0
Kong/insomnia,9601a8f6c734c200,False,1,177,False,0.0,0.9887005649717514,1,0.0,0.9887005649717514,1,0.0,0.9717514124293786,3,0.0,0.9887005649717514,1,0.0,0.0,True,0.0,False,False,False,0.0,0.0
Kong/insomnia,a52e40952cdbf330,False,0,49,False,0.0,0.6326530612244898,0,0.0,0.5918367346938775,0,0.0,0.5510204081632653,0,0.0,0.6041666666666666,0,0.0,0.0,True,0.0,False,False,False,0.0,0.0
Kong/insomnia,eff26922047d83bc,False,3,552,False,0.0,0.35144927536231885,24,0.0,0.35144927536231885,24,0.0,0.3605072463768116,25,0.0,0.3532608695652174,25,0.0,1.0,True,1.0,False,False,False,0.0,0.0
Kong/insomnia,e598080f1eba3592,False,0,799,False,0.0,0.32290362953692114,2,0.0,0.32290362953692114,2,0.0,0.3504380475594493,3,0.0,0.32290362953692114,2,0.0,0.0,True,0.0,False,False,False,0.0,0.0
Kong/insomnia,51b7b9b982390d2c,True,1,813,False,1.0,0.36654366543665434,7,1.0,0.3333333333333333,11,1.0,0.3111931119311193,12,0.0,0.37807881773399016,8,1.0,1.0,True,1.0,False,False,False,1.0,0.0
Kong/insomnia,d351f383ff7e8f22,False,1,22,False,1.0,0.7727272727272727,0,1.0,0.7727272727272727,0,1.0,0.7272727272727273,1,1.0,0.7727272727272727,0,0.0,0.0,True,1.0,False,False,False,1.0,1.0
Kong/insomnia,8077284383b2c5f8,False,2,266,False,0.0,0.5977443609022557,4,0.0,0.5864661654135338,5,0.0,0.5827067669172933,5,0.0,0.6015037593984962,4,1.0,1.0,True,1.0,False,False,False,0.0,0.0
Kong/insomnia,7daf2bf4e81ecffd,False,0,46,False,0.0,0.717391304347826,0,0.0,0.717391304347826,0,0.0,0.6956521739130435,1,0.0,0.8409090909090909,0,0.0,0.0,True,0.0,False,False,False,0.0,0.0
Kong/insomnia,f1dfbe5c4774ecd8,False,0,106,False,1.0,0.6792452830188679,3,1.0,0.49056603773584906,5,1.0,0.44339622641509435,4,1.0,0.5660377358490566,3,0.0,0.0,True,1.0,False,False,False,1.0,1.0
Kong/insomnia,acb470f2f17f228a,False,0,65,False,0.0,1.0,0,0.0,1.0,0,0.0,0.9538461538461539,2,0.0,1.0,0,0.0,0.0,True,0.0,False,False,False,0.0,0.0
Kong/insomnia,86d9cfef74a0187c,False,3,218,False,1.0,0.8532110091743119,2,1.0,0.8532110091743119,2,1.0,0.8577981651376146,2,1.0,0.8899082568807339,2,0.0,1.0,True,0.0,False,False,False,1.0,1.0
Kong/insomnia,133487ab9cc3a498,False,2,61,False,0.0,0.7213114754098361,1,0.0,0.5409836065573771,1,0.0,0.5409836065573771,1,0.0,0.7540983606557377,2,0.0,0.0,True,0.0,False,False,False,0.0,0.0
Kong/insomnia,753daaf8a754d791,False,2,220,False,0.0,0.5,2,0.0,0.4909090909090909,3,0.0,0.5954545454545455,3,0.0,0.5136363636363637,2,0.0,0.0,True,0.0,False,False,False,0.0,0.0
Kong/insomnia,bfb3b06049794dc4,False,1,36,False,0.0,0.5555555555555556,1,0.0,0.5555555555555556,1,0.0,0.6944444444444444,1,0.0,0.9722222222222222,1,0.0,1.0,True,1.0,False,False,False,0.0,0.0
Kong/insomnia,edf0f4edd7840780,True,1,203,False,0.0,0.8719211822660099,0,1.0,0.8620689655172413,0,1.0,0.8620689655172413,0,1.0,0.9444444444444444,2,1.0,0.5,True,0.0,False,False,False,0.0,1.0
Kong/insomnia,b61ea962185a2edf,False,0,294,False,0.0,0.7006802721088435,3,0.0,0.7006802721088435,3,0.0,0.7414965986394558,3,0.0,0.7040816326530612,3,0.0,0.0,False,1.0,False,False,False,0.0,0.0
Kong/insomnia,d4c82733241e2d43,True,1,450,False,0.0,0.6955555555555556,1,0.0,0.8222222222222222,1,0.0,0.8155555555555556,1,0.0,0.9925,1,0.0,0.0,True,0.0,False,False,False,0.0,0.0
Kong/insomnia,df01a730fd6bcac3,False,0,55,False,0.0,0.6181818181818182,2,0.0,0.6181818181818182,2,0.0,0.6727272727272727,2,0.0,0.6363636363636364,3,1.0,1.0,True,0.0,False,False,False,0.0,0.0
Kong/insomnia,9d36708bc622ed30,False,0,92,False,0.0,0.5,3,0.0,0.5,3,0.0,0.532608695652174,3,0.0,0.5,3,0.0,0.0,True,0.0,False,False,False,0.0,0.0
Kong/insomnia,6b88e4f5bff63865,False,0,90,False,0.0,0.9555555555555556,1,0.0,0.9555555555555556,1,0.0,0.6666666666666666,2,0.0,0.9666666666666667,1,0.0,0.0,True,0.0,False,False,False,0.0,0.0
Kong/insomnia,5f106697db278d3e,True,6,559,False,0.0,0.36493738819320215,5,0.0,0.6010733452593918,6,0.0,0.5867620751341681,7,0.0,0.473967684021544,5,1.0,0.0,True,1.0,False,False,False,0.0,0.0
OSGeo/gdal,bf1f89f58d925379,False,1,1309,True,0.0,0.3850267379679144,4,0.0,0.5569136745607334,5,0.0,0.5225362872421696,5,0.0,0.5944912012241775,4,1.0,1.0,True,1.0,False,False,False,0.0,0.0
OSGeo/gdal,b4816159f3e1e3fe,False,0,1289,True,0.0,0.48719937936384794,3,0.0,0.5601241272304112,4,0.0,0.5771916214119472,4,0.0,0.5391776570985259,2,1.0,0.5,True,1.0,False,False,False,0.0,0.0
OSGeo/gdal,8a85a74437fb6118,False,0,2058,True,1.0,0.6724975704567542,3,1.0,0.859572400388727,3,1.0,0.8624878522837707,3,1.0,0.9990181639666176,2,1.0,1.0,True,1.0,False,False,False,1.0,1.0
OSGeo/gdal,630fb20774ae17a5,False,1,1710,True,1.0,0.5216374269005848,4,1.0,0.5099415204678363,6,0.0,0.43391812865497076,6,1.0,0.5269320843091335,4,1.0,1.0,True,1.0,False,False,False,1.0,1.0
OSGeo/gdal,c3ba302da86c6de6,False,0,2226,True,1.0,0.47349505840071876,7,1.0,0.6185983827493261,6,1.0,0.5386343216531896,6,1.0,0.8663930688554492,6,1.0,1.0,True,1.0,False,False,False,1.0,1.0
OSGeo/gdal,fa7722b53b712149,False,0,107,True,0.0,0.5887850467289719,2,0.0,0.6728971962616822,3,0.0,0.6915887850467289,4,0.0,0.6857142857142857,3,1.0,0.5,True,1.0,False,False,False,0.0,0.0
OSGeo/gdal,1c8d7040b108d47e,False,0,4865,True,0.0,0.4028776978417266,7,0.0,0.5568345323741007,5,0.0,0.5508735868448099,6,0.0,0.5060687101419461,5,1.0,1.0,True,1.0,False,False,False,0.0,0.0
OSGeo/gdal,504db86412af8cd9,False,0,165,True,0.0,0.6121212121212121,3,0.0,0.7636363636363637,2,0.0,0.6363636363636364,2,0.0,0.8703703703703703,2,1.0,1.0,True,1.0,False,False,False,0.0,0.0
OSGeo/gdal,9375018b39f74fd8,False,0,678,True,0.0,0.4085545722713864,6,0.0,0.5663716814159292,7,0.0,0.5663716814159292,6,0.0,0.698170731707317,7,1.0,1.0,True,1.0,False,False,False,0.0,0.0
OSGeo/gdal,bb28c4b8b8fa0a13,False,0,2514,True,0.0,0.42402545743834524,6,0.0,0.5465393794749404,6,0.0,0.5676213206046141,7,0.0,0.5917960971724413,4,1.0,1.0,True,1.0,False,False,False,0.0,0.0
OSGeo/gdal,f70397a05d6876ee,False,1,1771,True,1.0,0.38622247317899494,7,1.0,0.3805759457933371,8,1.0,0.34330886504799546,8,1.0,0.41304347826086957,5,1.0,1.0,True,1.0,False,False,False,1.0,1.0
OSGeo/gdal,0d5aed70e128c4b2,False,2,775,True,0.0,0.3535483870967742,3,0.0,0.28903225806451616,4,0.0,0.28774193548387095,4,0.0,0.46433203631647213,2,1.0,1.0,True,1.0,False,False,False,0.0,0.0
OSGeo/gdal,fbeaa09dcbaa639a,False,0,193,True,0.0,0.5647668393782384,1,0.0,0.7150259067357513,1,0.0,0.7564766839378239,1,0.0,0.8031088082901554,1,1.0,1.0,True,1.0,False,False,False,0.0,0.0
OSGeo/gdal,ff0f62a71285cb1b,True,1,424,True,0.0,0.7995283018867925,2,0.0,0.5542452830188679,2,0.0,0.5448113207547169,4,0.0,0.8018018018018018,1,1.0,1.0,True,1.0,True,False,False,1.0,0.0
OSGeo/gdal,4da695116eabe84c,True,0,264,True,0.0,0.4090909090909091,3,0.0,0.5871212121212122,1,0.0,0.5946969696969697,1,0.0,0.61003861003861,2,0.0,0.0,True,0.0,True,False,False,0.0,0.0
OSGeo/gdal,166527f568de14ef,False,0,343,True,0.0,0.39941690962099125,2,0.0,0.5072886297376094,2,0.0,0.5102040816326531,2,0.0,0.52046783625731,1,1.0,0.5,True,1.0,False,False,False,0.0,0.0
OSGeo/gdal,0589ae465ccb035c,False,0,856,True,0.0,0.4871495327102804,2,0.0,0.6016355140186916,3,0.0,0.6004672897196262,4,0.0,0.5812865497076023,2,1.0,1.0,True,1.0,False,False,False,0.0,0.0
matomo-org/matomo,2aaa437288b70d38,False,0,123,True,0.0,0.926829268292683,3,0.0,0.9349593495934959,4,0.0,0.9349593495934959,4,0.0,0.9672131147540983,1,0.0,0.0,False,1.0,False,False,False,0.0,0.0
matomo-org/matomo,29937dc58bcc5a65,True,0,601,True,0.0,0.9168053244592346,9,0.0,0.848585690515807,9,0.0,0.848585690515807,7,0.0,0.8943089430894309,7,0.0,0.0,False,0.0,False,False,False,0.0,0.0
matomo-org/matomo,ab618cda87131f11,False,0,146,True,0.0,0.9726027397260274,2,0.0,0.9726027397260274,3,0.0,0.9726027397260274,3,0.0,0.9794520547945206,1,0.0,0.0,False,1.0,False,False,False,0.0,0.0
matomo-org/matomo,c24a264f55501016,False,0,70,True,0.0,0.7285714285714285,3,0.0,0.7428571428571429,4,0.0,0.45714285714285713,2,0.0,0.7428571428571429,3,0.0,0.0,True,0.0,False,False,False,0.0,0.0
matomo-org/matomo,fb63fb92f34b3183,False,0,58,True,0.0,0.5,3,0.0,0.5344827586206896,3,0.0,0.6379310344827587,4,0.0,0.5517241379310345,1,1.0,0.0,False,1.0,False,False,False,0.0,0.0
matomo-org/matomo,8ba148365c0e1666,False,0,81,True,0.0,0.8888888888888888,2,0.0,0.9012345679012346,4,0.0,0.8148148148148148,5,0.0,0.9135802469135802,2,0.0,0.0,False,1.0,False,False,False,0.0,0.0
matomo-org/matomo,e8c702770f642e91,False,1,120,True,0.0,0.4583333333333333,7,0.0,0.475,6,0.0,0.49166666666666664,6,0.0,0.4789915966386555,5,0.0,0.0,False,1.0,False,False,False,0.0,0.0
matomo-org/matomo,8c5eb1688f363d06,False,0,89,True,0.0,0.9325842696629213,2,0.0,0.9325842696629213,3,0.0,0.7865168539325843,5,0.0,0.9438202247191011,2,1.0,1.0,True,1.0,False,False,False,0.0,0.0
matomo-org/matomo,3f61dcd559c4111c,False,0,3,True,0.0,0.6666666666666666,0,0.0,0.6666666666666666,0,0.0,0.6666666666666666,0,0.0,0.6666666666666666,0,0.0,0.3333333333333333,True,1.0,True,True,False,1.0,1.0
matomo-org/matomo,7f591a37f4e870df,False,0,260,True,0.0,0.75,3,0.0,0.7615384615384615,2,0.0,0.3730769230769231,5,0.0,0.7538461538461538,3,0.0,0.0,True,1.0,False,False,False,0.0,0.0
matomo-org/matomo,03abab85319b063c,False,0,148,True,0.0,0.8445945945945946,2,0.0,0.8648648648648649,2,0.0,0.8648648648648649,2,0.0,0.9251700680272109,2,1.0,1.0,True,1.0,False,False,False,0.0,0.0
youki-dev/youki,7b156dd785f9cb43,False,0,499,True,0.0,0.6332665330661322,2,0.0,0.6713426853707415,2,0.0,0.6833667334669339,2,0.0,0.6452905811623246,1,0.0,0.0,True,0.0,False,False,False,0.0,0.0
youki-dev/youki,3adca54967bec82a,False,0,82,True,0.0,0.8536585365853658,3,0.0,0.8536585365853658,3,0.0,0.8536585365853658,3,0.0,0.8902439024390244,2,0.0,0.0,False,0.0,False,False,False,0.0,0.0
youki-dev/youki,bcb8b6ad74a920cb,False,2,303,True,0.0,0.6204620462046204,5,0.0,0.6963696369636964,5,0.0,0.6963696369636964,5,0.0,0.6204620462046204,4,0.0,0.0,True,0.0,False,False,False,0.0,0.0
youki-dev/youki,8e1d8684b674f55a,False,1,105,True,0.0,0.8095238095238095,3,0.0,0.8380952380952381,4,0.0,0.8380952380952381,4,0.0,0.8461538461538461,2,0.0,0.0,True,0.0,False,False,False,0.0,0.0
youki-dev/youki,45d9b22764d9b5ec,False,0,97,True,0.0,0.7010309278350515,5,0.0,0.7010309278350515,5,0.0,0.6804123711340206,7,0.0,0.7525773195876289,4,0.0,0.0,False,0.0,False,False,False,0.0,0.0
youki-dev/youki,c9a55bb01a91574a,False,1,219,True,0.0,0.5159817351598174,3,0.0,0.5296803652968036,3,0.0,0.634703196347032,3,0.0,0.5416666666666666,2,0.0,0.0,True,0.0,False,False,False,0.0,0.0
youki-dev/youki,4d3b3765aa717721,False,0,65,True,0.0,0.5538461538461539,1,0.0,0.5538461538461539,1,0.0,0.5538461538461539,3,0.0,0.5846153846153846,2,0.0,0.0,False,0.0,False,False,False,0.0,0.0
youki-dev/youki,03cb057a2b21c6d8,False,1,354,True,0.0,0.3361581920903955,6,0.0,0.3220338983050847,6,0.0,0.3870056497175141,7,0.0,0.33994334277620397,5,0.0,0.0,True,0.0,False,False,False,0.0,0.0
youki-dev/youki,aa9bcff73ceb5e0e,False,0,82,True,0.0,0.9390243902439024,2,0.0,0.9390243902439024,2,0.0,0.9390243902439024,3,0.0,0.9634146341463414,1,0.0,0.0,True,0.0,False,False,False,0.0,0.0
youki-dev/youki,00c61a3b999b3f0f,False,0,15,True,0.0,0.5333333333333333,0,0.0,0.5333333333333333,0,0.0,0.3333333333333333,0,0.0,0.6428571428571429,0,0.0,0.0,False,0.0,False,False,False,0.0,0.0
youki-dev/youki,2c13b197214c55a6,False,3,577,True,0.0,0.41421143847487,5,0.0,0.42114384748700173,5,0.0,0.41594454072790293,5,0.0,0.4357638888888889,4,0.0,0.0,True,0.0,False,False,False,0.0,0.0
youki-dev/youki,6ef377439194116c,False,0,22,True,0.0,0.5454545454545454,1,0.0,0.5454545454545454,1,0.0,0.5454545454545454,1,0.0,0.5714285714285714,0,0.0,0.0,True,0.0,False,False,False,0.0,0.0
youki-dev/youki,10c989310fea87b8,False,0,135,True,0.0,0.4148148148148148,3,0.0,0.4148148148148148,3,0.0,0.42962962962962964,3,0.0,0.4393939393939394,3,0.0,0.0,True,0.0,False,False,False,0.0,0.0
lightgbm-org/LightGBM,0e0a024e0187c38d,True,0,66,True,0.5,0.3484848484848485,2,0.0,0.3939393939393939,2,0.0,0.3939393939393939,3,0.0,0.4696969696969697,2,1.0,0.0,False,1.0,False,False,False,0.5,0.0
lightgbm-org/LightGBM,4e93d670293def4f,True,1,526,True,0.0,0.41064638783269963,4,0.0,0.4068441064638783,4,0.0,0.4068441064638783,4,0.0,0.31285988483685223,6,0.0,0.0,True,0.0,False,False,False,0.0,0.0
lightgbm-org/LightGBM,263bfdd4e44ba860,True,2,4809,True,1.0,0.3917654398003743,29,1.0,0.3751299646496153,36,1.0,0.3697234352256186,36,0.0,0.4141456290423534,28,0.0,1.0,True,1.0,False,False,False,1.0,0.0
lightgbm-org/LightGBM,4583a656084ea62b,False,3,1664,True,1.0,0.5510817307692307,9,1.0,0.5486778846153846,9,1.0,0.5612980769230769,11,1.0,0.49909801563439565,9,1.0,1.0,True,1.0,False,False,False,1.0,1.0
lightgbm-org/LightGBM,37f544943a93c2ce,False,0,349,True,1.0,0.25787965616045844,7,1.0,0.2607449856733524,7,0.0,0.23209169054441262,10,1.0,0.24709302325581395,7,1.0,1.0,True,1.0,False,False,False,1.0,1.0
lightgbm-org/LightGBM,85933aa74a2d66c3,False,1,351,True,0.0,0.452991452991453,7,0.0,0.45014245014245013,6,0.0,0.4444444444444444,6,0.0,0.5714285714285714,7,1.0,1.0,True,1.0,False,False,False,0.0,0.0
lightgbm-org/LightGBM,c4e8c1b08d9e25ea,False,0,214,True,1.0,0.8130841121495327,5,1.0,0.8130841121495327,5,1.0,0.8130841121495327,5,1.0,0.8029556650246306,5,1.0,1.0,True,1.0,False,False,False,1.0,1.0
lightgbm-org/LightGBM,74615727fd62edea,False,3,1032,True,1.0,0.4312015503875969,12,1.0,0.42151162790697677,16,1.0,0.40794573643410853,16,1.0,0.2890397672162949,12,0.0,0.0,True,1.0,False,False,False,1.0,1.0
lightgbm-org/LightGBM,a8af897ad9322dbc,False,0,503,True,1.0,0.3956262425447316,8,1.0,0.39363817097415504,8,1.0,0.38767395626242546,9,1.0,0.33001988071570576,9,1.0,1.0,True,1.0,False,False,False,1.0,1.0
lightgbm-org/LightGBM,cb075898266909e1,False,0,283,True,1.0,0.5512367491166078,5,1.0,0.5477031802120141,5,1.0,0.5371024734982333,5,1.0,0.5512367491166078,5,1.0,1.0,True,1.0,False,False,False,1.0,1.0
lightgbm-org/LightGBM,da8bd23ee10ae633,True,0,266,True,1.0,0.3308270676691729,2,1.0,0.3308270676691729,2,1.0,0.34962406015037595,3,0.0,0.31954887218045114,2,1.0,0.5,True,1.0,False,False,False,1.0,0.0
lightgbm-org/LightGBM,86097d7f49a0a06f,True,0,220,True,1.0,0.4090909090909091,5,0.0,0.37272727272727274,5,0.0,0.39545454545454545,5,0.0,0.4954128440366973,6,1.0,0.0,False,1.0,False,False,False,1.0,0.0
lightgbm-org/LightGBM,eca12c0a30e25b4b,True,0,28,True,1.0,0.7857142857142857,0,1.0,0.7857142857142857,0,1.0,0.8928571428571429,0,0.0,0.9375,0,1.0,0.0,False,1.0,False,False,False,1.0,0.0
lightgbm-org/LightGBM,25c5c42e96fce8e0,True,1,1635,True,1.0,0.4018348623853211,11,1.0,0.581651376146789,12,1.0,0.5614678899082569,12,0.0,0.3928790669122161,11,1.0,1.0,True,1.0,False,False,False,1.0,0.0
lightgbm-org/LightGBM,c51664f5025334e5,False,0,78,True,0.0,0.4230769230769231,2,0.0,0.4230769230769231,2,0.0,0.38461538461538464,2,0.0,0.6883116883116883,2,0.0,0.0,False,1.0,False,False,False,0.0,0.0
lightgbm-org/LightGBM,c9d6a9b1213f9c5a,True,0,58,True,1.0,0.5344827586206896,3,1.0,0.5344827586206896,3,1.0,0.5344827586206896,4,0.0,0.29310344827586204,2,0.0,0.0,True,1.0,False,False,False,1.0,0.0
lightgbm-org/LightGBM,9bd633ead0bdfe95,False,0,873,True,1.0,0.4020618556701031,15,1.0,0.38144329896907214,16,1.0,0.37800687285223367,17,1.0,0.302540415704388,16,0.0,1.0,True,1.0,False,False,False,1.0,1.0
lightgbm-org/LightGBM,58213d9b70c6bf8b,True,0,842,True,1.0,0.29572446555819476,7,1.0,0.29572446555819476,6,1.0,0.29572446555819476,5,0.0,0.22446555819477435,9,1.0,1.0,True,1.0,False,False,False,1.0,0.0
rust-lang/mdBook,a5924475392649a2,False,0,136,True,0.0,0.9779411764705882,1,0.0,0.9779411764705882,1,0.0,0.6470588235294118,4,0.0,0.9779411764705882,1,0.0,0.0,True,0.0,False,False,False,0.0,0.0
rust-lang/mdBook,05643f021a24da1c,False,0,153,True,1.0,0.2875816993464052,8,1.0,0.2679738562091503,7,1.0,0.3006535947712418,8,1.0,0.28104575163398693,7,1.0,1.0,True,1.0,False,False,False,1.0,1.0
rust-lang/mdBook,d97a27b442016db4,False,1,121,True,0.0,0.24793388429752067,5,0.0,0.256198347107438,4,0.0,0.24793388429752067,4,0.0,0.24793388429752067,5,0.0,0.0,True,0.0,False,False,False,0.0,0.0
rust-lang/mdBook,3248627473f9a968,False,1,73,True,0.0,1.0,0,0.0,1.0,0,0.0,0.9726027397260274,2,0.0,1.0,0,0.0,0.0,True,0.0,False,False,False,0.0,0.0
rust-lang/mdBook,2ccccad6cf02ed5f,False,0,592,True,1.0,1.0,0,1.0,1.0,0,1.0,1.0,0,1.0,1.0,0,1.0,1.0,True,1.0,False,False,False,1.0,1.0
wandb/wandb,72c0d74c9e2f496e,False,1,395,True,0.0,0.48860759493670886,5,0.0,0.47341772151898737,5,0.0,0.45569620253164556,5,0.0,0.48860759493670886,4,0.0,0.0,True,0.0,False,False,False,0.0,0.0
wandb/wandb,3f66c8acad7e9cc3,True,1,142,True,0.0,0.3873239436619718,6,0.0,0.3873239436619718,6,0.0,0.3873239436619718,6,0.0,0.42028985507246375,6,1.0,1.0,True,1.0,False,False,False,0.0,0.0
wandb/wandb,d3d050c9a74197cc,False,9,4723,True,0.0,0.23607876349777684,34,0.0,0.2398899004869786,34,0.0,0.2667795892441245,34,0.0,0.23967817065424518,34,0.0,0.0,True,1.0,False,False,False,0.0,0.0
wandb/wandb,071312d3877670a3,False,2,323,True,0.0,0.4024767801857585,11,0.0,0.4055727554179567,10,0.0,0.42105263157894735,11,0.0,0.4148606811145511,11,0.0,0.0,True,0.0,False,False,False,0.0,0.0
wandb/wandb,6cb45ab5bc8f3608,False,1,88,True,0.0,0.6477272727272727,0,0.0,0.6477272727272727,0,0.0,0.6477272727272727,0,0.0,0.6704545454545454,0,0.0,0.0,True,0.0,False,False,False,0.0,0.0
wandb/wandb,9a9e11a7efe515a3,False,1,55,True,1.0,0.6545454545454545,1,1.0,0.6545454545454545,1,1.0,0.6545454545454545,1,1.0,0.6545454545454545,1,1.0,1.0,True,1.0,False,False,False,1.0,1.0
wandb/wandb,5a9fd042486bb8df,False,1,179,True,0.0,0.5586592178770949,4,0.0,0.553072625698324,3,0.0,0.5307262569832403,4,0.0,0.5649717514124294,2,0.0,0.0,True,1.0,False,False,False,0.0,0.0
wandb/wandb,9daa0fce20c92540,False,10,2040,True,0.0,0.28774509803921566,30,0.0,0.2985294117647059,31,0.0,0.3161764705882353,31,0.0,0.2701092353525323,31,0.0,0.0,True,0.0,False,False,False,0.0,0.0
wandb/wandb,775667ab9d0a0e88,False,1,1086,True,0.0,0.3342541436464088,10,0.0,0.3370165745856354,11,0.0,0.34898710865561694,11,0.0,0.3351749539594843,10,0.0,0.0,True,0.0,False,False,False,0.0,0.0
wandb/wandb,2eb6cb7a0a6d9737,False,2,327,True,0.0,0.5137614678899083,4,0.0,0.4831804281345566,4,0.0,0.4954128440366973,4,0.0,0.5137614678899083,4,0.0,0.0,True,0.0,False,False,False,0.0,0.0
wandb/wandb,894e6e08408ec069,False,2,295,True,0.0,0.6203389830508474,6,0.0,0.6203389830508474,6,0.0,0.6,7,0.0,0.6338983050847458,6,0.0,0.0,True,0.0,False,False,False,0.0,0.0
wandb/wandb,d093c0b2bbd2120d,False,4,495,True,0.0,0.3090909090909091,4,0.0,0.3090909090909091,4,0.0,0.23434343434343435,7,0.0,0.34615384615384615,4,1.0,0.0,True,0.0,False,False,False,0.0,0.0
wandb/wandb,12ee5266ff065f42,False,3,914,True,0.0,0.8982494529540481,7,0.0,0.899343544857768,7,0.0,0.9004376367614879,7,0.0,0.9091903719912473,6,0.0,0.0,True,0.0,False,False,False,0.0,0.0
wandb/wandb,78a8a19706dbd2a4,False,8,651,True,0.0,0.36098310291858676,5,0.0,0.3671274961597542,4,0.0,0.3533026113671275,4,0.0,0.36321483771251933,5,1.0,0.0,True,0.0,False,False,False,0.0,0.0
wandb/wandb,d67f961834769672,False,1,335,True,0.0,0.7940298507462686,3,0.0,0.7970149253731343,3,0.0,0.7970149253731343,3,0.0,0.8388059701492537,3,0.0,0.0,True,0.0,False,False,False,0.0,0.0
wandb/wandb,dd72b4531ab55a77,False,1,287,True,0.0,0.5888501742160279,6,0.0,0.5574912891986062,4,0.0,0.5087108013937283,5,0.0,0.5909090909090909,4,1.0,1.0,True,1.0,False,False,False,0.0,0.0
wandb/wandb,0f9d9c4e61e5b266,False,2,686,True,0.0,0.35131195335276966,12,0.0,0.3629737609329446,12,0.0,0.36443148688046645,13,0.0,0.35714285714285715,12,0.0,0.0,True,0.0,False,False,False,0.0,0.0
wandb/wandb,e52e4ddd58b7ef88,False,4,473,True,1.0,0.4820295983086681,3,1.0,0.4820295983086681,3,1.0,0.48625792811839325,9,1.0,0.4820295983086681,3,0.0,1.0,True,1.0,False,False,False,1.0,1.0
wandb/wandb,0786334403ed9c20,False,1,44,True,0.0,0.5909090909090909,1,0.0,0.5909090909090909,1,0.0,0.5909090909090909,1,0.0,0.6136363636363636,1,0.0,0.0,True,0.0,False,False,False,0.0,0.0
wandb/wandb,ba2b9dff0762c1dd,False,1,120,True,0.0,0.55,6,0.0,0.6083333333333333,6,0.0,0.325,6,0.0,0.5666666666666667,6,0.0,0.0,True,0.0,False,False,False,0.0,0.0
wandb/wandb,02fbe8fd88483d2c,False,1,293,True,0.0,0.8395904436860068,3,0.0,0.8395904436860068,3,0.0,0.8430034129692833,4,0.0,0.8424657534246576,3,1.0,1.0,True,1.0,False,False,False,0.0,0.0
wandb/wandb,e2f541137b2be33e,False,0,70,True,0.0,0.9142857142857143,2,0.0,0.9428571428571428,3,0.0,0.9428571428571428,3,0.0,0.9571428571428572,2,0.0,0.0,True,0.0,False,False,False,0.0,0.0
wandb/wandb,12ecbd14bfbb1db2,False,2,854,True,0.0,0.6053864168618267,12,0.0,0.6088992974238876,13,0.0,0.6264637002341921,13,0.0,0.6088992974238876,13,1.0,1.0,True,0.0,False,False,False,0.0,0.0
wandb/wandb,266727d9e31ef4ab,False,2,150,True,0.0,0.6933333333333334,5,0.0,0.6933333333333334,4,0.0,0.6933333333333334,4,0.0,0.7133333333333334,5,1.0,0.0,False,0.0,False,False,False,0.0,0.0
sqlalchemy/sqlalchemy,f2ce349fec75b54f,False,1,535,True,1.0,0.8429906542056075,4,1.0,0.8448598130841122,4,1.0,0.8074766355140187,5,1.0,0.8352272727272727,4,1.0,1.0,True,1.0,False,False,False,1.0,1.0
sqlalchemy/sqlalchemy,dfc15765dd9d7aa8,False,0,1180,True,1.0,0.8983050847457628,4,1.0,0.9169491525423729,3,1.0,0.938135593220339,4,1.0,0.8512820512820513,4,1.0,1.0,True,1.0,False,False,False,1.0,1.0
sqlalchemy/sqlalchemy,ab6a89b11dbead4d,False,1,1684,True,1.0,0.9637767220902613,9,1.0,0.9756532066508313,9,1.0,0.9738717339667459,9,1.0,0.9653731343283583,9,1.0,1.0,True,1.0,False,False,False,1.0,1.0
sqlalchemy/sqlalchemy,fce83cd64b358861,False,0,351,True,1.0,0.9914529914529915,1,1.0,0.9914529914529915,1,1.0,0.9914529914529915,1,1.0,0.9914529914529915,1,1.0,1.0,True,1.0,False,False,False,1.0,1.0
sqlalchemy/sqlalchemy,e2397ff5e50862ca,False,1,398,True,1.0,0.3442211055276382,6,1.0,0.34673366834170855,6,1.0,0.36180904522613067,6,1.0,0.33753148614609574,6,0.0,0.0,True,1.0,False,False,False,1.0,1.0
sqlalchemy/sqlalchemy,d66bda32e606b493,True,0,61,True,1.0,0.45901639344262296,0,1.0,0.45901639344262296,0,1.0,0.5081967213114754,0,0.0,0.5573770491803278,0,1.0,1.0,True,1.0,False,False,False,1.0,0.0
sqlalchemy/sqlalchemy,94c6a6d862df3b98,False,0,156,True,1.0,0.9230769230769231,5,1.0,0.9166666666666666,5,1.0,0.8461538461538461,5,1.0,0.9230769230769231,5,1.0,1.0,True,1.0,False,False,False,1.0,1.0
sqlalchemy/sqlalchemy,147dab7637a16350,False,1,779,True,1.0,0.858793324775353,6,1.0,0.858793324775353,6,1.0,0.8510911424903723,8,1.0,0.8132295719844358,5,1.0,1.0,True,1.0,False,False,False,1.0,1.0
sqlalchemy/sqlalchemy,d90c11a580e2d300,False,0,171,True,1.0,0.6432748538011696,6,1.0,0.6491228070175439,5,1.0,0.6666666666666666,5,1.0,0.35294117647058826,9,0.0,1.0,True,1.0,False,False,False,1.0,1.0
sqlalchemy/sqlalchemy,ea14e66c9ac93c05,False,0,300,True,1.0,0.78,5,1.0,0.8,4,1.0,0.7933333333333333,3,1.0,0.7725752508361204,5,1.0,1.0,True,1.0,False,False,False,1.0,1.0
sqlalchemy/sqlalchemy,a5e03005e57351c9,False,1,814,True,1.0,0.9692874692874693,6,1.0,0.9680589680589681,6,1.0,0.9680589680589681,6,1.0,0.9689826302729528,6,0.0,0.5,True,1.0,False,False,False,1.0,1.0
sqlalchemy/sqlalchemy,35a34eea91c94894,False,0,588,True,1.0,0.8469387755102041,4,1.0,0.8503401360544217,4,1.0,0.9013605442176871,6,1.0,0.8632478632478633,4,0.0,0.5,True,1.0,False,False,False,1.0,1.0
sqlalchemy/sqlalchemy,aad226450861d946,False,0,52,True,1.0,0.6538461538461539,2,1.0,0.6538461538461539,2,1.0,0.6538461538461539,2,1.0,0.6538461538461539,2,1.0,1.0,True,1.0,False,False,False,1.0,1.0
sqlalchemy/sqlalchemy,4dea749d06a82f8d,True,0,57,True,1.0,0.8596491228070176,1,1.0,0.8596491228070176,1,1.0,0.8596491228070176,1,0.0,0.5087719298245614,0,1.0,1.0,True,1.0,False,False,False,1.0,0.0
sqlalchemy/sqlalchemy,1c0671eb94249dfd,False,0,3643,True,1.0,0.9533351633269284,9,1.0,0.9588251441119956,9,1.0,0.9338457315399397,12,1.0,0.9506206896551724,9,1.0,1.0,True,1.0,False,False,False,1.0,1.0
sqlalchemy/sqlalchemy,64a25de935892d5e,False,0,680,True,1.0,0.5970588235294118,15,1.0,0.6352941176470588,16,1.0,0.6279411764705882,17,1.0,0.5970588235294118,15,0.0,0.0,True,1.0,False,False,False,1.0,1.0
sqlalchemy/sqlalchemy,ae658bf18acd64b5,False,2,3539,True,1.0,0.8824526702458322,11,1.0,0.8957332579824809,12,1.0,0.8886691155693699,13,1.0,0.8244406196213425,11,1.0,1.0,True,1.0,False,False,False,1.0,1.0
sqlalchemy/sqlalchemy,8b7d41c0b12ea490,False,1,271,True,1.0,0.966789667896679,3,1.0,0.9261992619926199,4,1.0,0.9261992619926199,4,1.0,0.9438202247191011,3,0.0,0.0,False,1.0,False,False,False,1.0,1.0
WordPress/gutenberg,8215a54c42c8247d,False,2,317,True,0.0,0.45425867507886436,17,0.0,0.444794952681388,17,0.0,0.3911671924290221,18,0.0,0.45425867507886436,17,0.0,0.0,True,0.0,False,False,False,0.0,0.0
WordPress/gutenberg,677938b63f93b966,False,0,109,True,0.0,0.6422018348623854,2,0.0,0.6697247706422018,2,0.0,0.5963302752293578,4,0.0,0.6422018348623854,2,0.0,0.0,True,0.0,False,False,False,0.0,0.0
WordPress/gutenberg,5bd9dac756947754,False,1,485,True,0.0,0.5979381443298969,4,0.0,0.5979381443298969,4,0.0,0.7030927835051546,4,0.0,0.6,4,0.0,0.0,True,0.0,False,False,False,0.0,0.0
WordPress/gutenberg,c5799de2563f649d,False,2,390,True,1.0,0.3769230769230769,8,1.0,0.35384615384615387,7,0.0,0.3153846153846154,7,1.0,0.3769230769230769,7,0.0,0.25,True,0.0,False,False,False,1.0,1.0
WordPress/gutenberg,4781fd54d206ecd5,False,1,207,True,0.0,0.32367149758454106,5,0.0,0.4251207729468599,5,0.0,0.4251207729468599,5,0.0,0.4223300970873786,5,0.0,0.0,False,0.0,False,False,False,0.0,0.0
WordPress/gutenberg,cd3303ad473e0bbf,False,0,722,True,0.0,0.37257617728531855,13,0.0,0.37119113573407203,13,0.0,0.37534626038781166,14,0.0,0.37586685159500693,12,0.0,1.0,True,0.0,False,False,False,0.0,0.0
WordPress/gutenberg,2e8756572ef95c7b,False,0,67,True,0.0,0.3582089552238806,3,0.0,0.3582089552238806,3,0.0,0.3582089552238806,3,0.0,0.3582089552238806,2,0.0,0.0,False,1.0,False,False,False,0.0,0.0
WordPress/gutenberg,10c6c92b456022e6,False,0,18,True,0.0,0.9444444444444444,0,0.0,0.9444444444444444,0,0.0,0.9444444444444444,0,0.0,0.9444444444444444,0,0.0,0.0,False,0.0,False,False,False,0.0,0.0
WordPress/gutenberg,7738b5475aaea9fb,False,0,337,True,0.0,0.56973293768546,4,0.0,0.35014836795252224,5,0.0,0.3353115727002967,6,0.0,0.56973293768546,4,0.0,0.0,False,0.0,False,False,False,0.0,0.0
WordPress/gutenberg,33afab02047cd004,False,0,63,True,1.0,0.6984126984126984,1,0.0,0.6507936507936508,1,0.0,0.6507936507936508,1,1.0,0.6984126984126984,1,0.0,0.0,True,0.0,False,False,False,1.0,1.0
WordPress/gutenberg,b890b1c0cd5952d6,False,0,31,True,0.0,0.3870967741935484,1,0.0,0.3870967741935484,1,0.0,0.3870967741935484,1,0.0,0.3870967741935484,0,0.0,0.0,False,0.0,False,False,False,0.0,0.0
WordPress/gutenberg,444fdcf81a7295aa,False,0,344,True,0.0,0.23546511627906977,22,0.0,0.19476744186046513,23,0.0,0.19767441860465115,24,0.0,0.23546511627906977,22,0.0,0.14285714285714285,True,1.0,False,False,False,0.0,0.0
WordPress/gutenberg,a6371c108c865465,False,0,109,True,0.0,1.0,0,0.0,1.0,0,0.0,1.0,0,0.0,1.0,0,0.0,0.0,False,0.0,False,False,False,0.0,0.0
WordPress/gutenberg,aa8bcead875dfe40,False,0,124,True,0.0,0.4274193548387097,9,0.0,0.4596774193548387,10,0.0,0.4274193548387097,13,0.0,0.5,7,0.0,0.0,False,0.0,False,False,False,0.0,0.0
WordPress/gutenberg,71b5248c077c7327,False,0,128,True,0.0,0.640625,2,0.0,0.640625,2,0.0,0.6484375,2,0.0,0.6614173228346457,1,0.0,0.0,False,0.0,False,False,False,0.0,0.0
WordPress/gutenberg,e20e5e2f8deb5e07,True,0,16,True,0.0,0.4375,0,0.0,0.5,0,0.0,0.5,0,0.0,0.9375,0,0.0,0.0,False,0.0,False,False,True,0.0,0.0
WordPress/gutenberg,33240dc6c798e6d5,False,0,121,True,0.0,0.9090909090909091,2,0.0,0.8925619834710744,2,0.0,0.743801652892562,2,0.0,0.9173553719008265,1,0.0,0.0,False,0.0,False,False,False,0.0,0.0
WordPress/gutenberg,088b5b4105cfa18c,False,0,121,True,0.0,0.371900826446281,0,0.0,0.371900826446281,1,0.0,0.371900826446281,1,0.0,0.371900826446281,0,0.0,0.0,False,0.0,False,False,False,0.0,0.0
WordPress/gutenberg,afb8008e093529b2,True,0,35,True,0.0,0.37142857142857144,1,0.0,0.34285714285714286,1,0.0,0.34285714285714286,2,0.0,0.5588235294117647,1,0.0,0.0,False,0.0,False,False,False,0.0,0.0
WordPress/gutenberg,d4518cf8ae12c96d,False,1,187,True,0.0,0.5775401069518716,3,0.0,0.5775401069518716,2,0.0,0.5775401069518716,2,0.0,0.5775401069518716,3,0.0,0.0,False,0.0,False,False,False,0.0,0.0
WordPress/gutenberg,1b657f8574bce753,False,0,40,True,0.0,0.9,1,0.0,0.9,1,0.0,0.9,1,0.0,1.0,0,0.0,0.0,False,0.0,False,False,False,0.0,0.0
WordPress/gutenberg,e588eb9bd76a6d0b,False,0,46,True,0.0,0.717391304347826,2,0.0,0.717391304347826,2,0.0,0.5217391304347826,3,0.0,0.782608695652174,2,0.0,0.0,False,0.0,False,False,False,0.0,0.0
WordPress/gutenberg,cd2562fffe04ca6c,False,0,208,True,0.0,0.4951923076923077,4,0.0,0.5144230769230769,3,0.0,0.5048076923076923,3,0.0,0.541871921182266,4,0.0,0.0,True,0.0,False,False,False,0.0,0.0
vuejs/vue,2e26135213b820cf,False,1,338,True,1.0,0.8047337278106509,12,1.0,0.8313609467455622,15,1.0,0.8224852071005917,15,1.0,0.8402366863905325,15,0.0,1.0,True,1.0,False,False,False,1.0,1.0
jenkinsci/docker,e6ffa5dc854b843b,True,2,213,True,0.0,0.755868544600939,9,0.0,0.20657276995305165,6,0.0,0.1643192488262911,7,0.0,0.7150259067357513,9,1.0,1.0,True,0.0,False,False,False,0.0,0.0
wagtail/wagtail,2dc885830e703d17,False,0,345,True,0.0,0.9130434782608695,8,0.0,0.9130434782608695,9,0.0,0.7913043478260869,10,0.0,0.9418604651162791,7,0.0,0.0,True,1.0,False,False,False,0.0,0.0
wagtail/wagtail,d41d2cfdd477f0b6,False,0,152,True,0.0,0.6842105263157895,1,0.0,0.6842105263157895,1,0.0,0.7039473684210527,2,0.0,0.6842105263157895,1,0.0,0.0,True,1.0,False,False,False,0.0,0.0
wagtail/wagtail,d2b660c5c883f6dc,True,0,417,True,0.0,0.2709832134292566,5,0.0,0.2637889688249401,5,0.0,0.2637889688249401,7,0.0,0.3349397590361446,5,0.0,0.0,True,1.0,False,False,False,0.0,0.0
wagtail/wagtail,9c1756f833ab3d85,False,0,547,True,0.0,0.27787934186471663,14,0.0,0.2870201096892139,14,0.0,0.26691042047531993,12,0.0,0.2922794117647059,14,0.0,0.0,True,0.0,False,False,False,0.0,0.0
wagtail/wagtail,cdd2a03c935e02bc,False,1,351,True,0.0,0.886039886039886,5,0.0,0.8888888888888888,5,0.0,0.8376068376068376,5,0.0,0.9259259259259259,4,0.0,0.0,True,0.0,False,False,False,0.0,0.0
wagtail/wagtail,9d93622cd5966c6e,True,0,966,True,0.0,0.33436853002070394,17,0.0,0.3333333333333333,17,0.0,0.34368530020703936,19,0.0,0.4661016949152542,15,0.0,0.0,True,1.0,False,False,False,0.0,0.0
wagtail/wagtail,bab8c19f35f494ab,False,0,214,True,0.0,0.3598130841121495,5,0.0,0.3644859813084112,5,0.0,0.2570093457943925,4,0.0,0.4485981308411215,5,1.0,1.0,True,1.0,False,False,False,0.0,0.0
wagtail/wagtail,9069e1a29efdba2f,True,0,160,True,0.0,0.35625,4,0.0,0.35625,4,0.0,0.3625,9,0.0,0.425,4,0.0,0.0,True,0.0,False,False,False,0.0,0.0
wagtail/wagtail,f732d1eb05c4dc49,True,0,58,True,0.0,0.2413793103448276,5,0.0,0.2413793103448276,5,0.0,0.2413793103448276,5,0.0,0.22413793103448276,5,0.0,0.0,True,1.0,False,False,False,0.0,0.0
wagtail/wagtail,d7c6a512b53d2594,False,0,614,True,0.0,0.6710097719869706,8,0.0,0.6889250814332247,8,0.0,0.6889250814332247,9,0.0,0.754071661237785,9,0.0,0.0,True,1.0,False,False,False,0.0,0.0
wagtail/wagtail,2bbc1a0c8b16d84c,False,0,68,True,0.0,0.5588235294117647,1,0.0,0.5588235294117647,1,0.0,0.5588235294117647,0,0.0,0.5588235294117647,0,0.0,0.0,True,0.0,False,False,False,0.0,0.0
wagtail/wagtail,1bfa0d07a927fba2,False,0,241,True,0.0,0.5560165975103735,1,0.0,0.8423236514522822,2,0.0,0.8464730290456431,2,0.0,0.8766519823788547,1,0.0,0.0,False,1.0,False,False,False,0.0,0.0
wagtail/wagtail,1c60cb571f52e6a6,False,1,148,True,0.0,0.5135135135135135,4,0.0,0.5337837837837838,4,0.0,0.5878378378378378,5,0.0,0.668918918918919,4,0.0,0.0,True,1.0,False,False,False,0.0,0.0
wagtail/wagtail,a9bff72ed0b6e694,False,0,212,True,0.0,0.9056603773584906,7,0.0,0.45754716981132076,8,0.0,0.6179245283018868,9,0.0,0.5274725274725275,7,0.0,0.0,True,1.0,False,False,False,0.0,0.0
wagtail/wagtail,2e7b8629248f67c6,False,0,411,True,0.0,0.48661800486618007,8,0.0,0.48418491484184917,8,0.0,0.45742092457420924,16,0.0,0.6185819070904646,8,0.0,0.0,True,0.0,False,False,False,0.0,0.0
onnx/onnx,e702454534a97327,True,1,27,True,0.0,0.4444444444444444,3,0.0,0.5555555555555556,3,0.0,0.5925925925925926,4,0.0,0.7692307692307693,3,0.0,0.0,False,0.0,False,False,False,0.0,0.0
onnx/onnx,02263d309b5f73a3,False,1,172,True,0.0,0.29651162790697677,11,0.0,0.29069767441860467,12,0.0,0.29069767441860467,13,0.0,0.21637426900584794,12,0.0,0.3333333333333333,True,0.0,False,False,False,0.0,0.0
onnx/onnx,c2aacab4d5af61b9,False,6,579,True,0.0,0.4162348877374784,18,0.0,0.41450777202072536,18,0.0,0.41278065630397237,18,0.0,0.3644214162348877,18,1.0,0.0,True,0.0,False,False,False,0.0,0.0
onnx/onnx,a86e2e20be0e3d9e,True,3,79,True,0.0,0.35443037974683544,6,0.0,0.5063291139240507,7,0.0,0.5063291139240507,7,0.0,0.5540540540540541,7,0.0,0.0,True,1.0,False,False,False,0.0,0.0
onnx/onnx,67a80ec1accbd55a,False,3,237,True,0.0,0.4767932489451477,9,0.0,0.48523206751054854,8,0.0,0.48523206751054854,8,0.0,0.4810126582278481,8,1.0,1.0,True,0.0,False,False,False,0.0,0.0
onnx/onnx,e67ea371f7159db9,False,1,45,True,0.0,0.24444444444444444,4,0.0,0.24444444444444444,4,0.0,0.26666666666666666,3,0.0,0.26666666666666666,3,0.0,0.0,False,1.0,False,False,False,0.0,0.0
onnx/onnx,e98aa4b715868110,True,1,50,True,0.0,0.54,5,0.0,0.48,5,0.0,0.48,5,0.0,0.7142857142857143,4,0.0,0.0,False,0.0,False,False,False,0.0,0.0
onnx/onnx,89b55671c9c93536,False,0,432,True,0.0,0.5532407407407407,7,0.0,0.5532407407407407,7,0.0,0.5833333333333334,7,0.0,0.5486111111111112,7,0.0,0.0,True,0.0,False,False,False,0.0,0.0
onnx/onnx,3dee18ebeb1c3882,False,0,1,True,0.0,1.0,0,0.0,1.0,0,0.0,1.0,0,0.0,1.0,0,0.0,0.0,False,0.0,False,False,False,0.0,0.0
onnx/onnx,64fcb803e531846e,True,1,585,True,0.0,0.4735042735042735,7,0.0,0.4717948717948718,7,0.0,0.4717948717948718,8,0.0,0.5025641025641026,8,1.0,1.0,True,0.0,False,False,False,0.0,0.0
onnx/onnx,43a0d4642484219d,False,0,32,True,0.0,0.4375,2,0.0,0.4375,2,0.0,0.4375,2,0.0,0.625,2,0.0,0.0,False,1.0,False,False,False,0.0,0.0
onnx/onnx,dee4e05e8bc6cc9b,True,1,36,True,0.0,0.4444444444444444,2,0.0,0.4722222222222222,2,0.0,0.4722222222222222,2,0.0,0.6470588235294118,2,1.0,1.0,True,0.0,False,False,False,0.0,0.0
onnx/onnx,901b627f81265041,False,8,906,True,0.0,0.33002207505518766,17,0.0,0.31346578366445915,17,0.0,0.31346578366445915,24,0.0,0.33002207505518766,18,0.0,1.0,True,0.0,False,False,False,0.0,0.0
onnx/onnx,b11aad02f82cb34f,True,0,82,True,0.0,0.4268292682926829,4,0.0,0.4146341463414634,4,0.0,0.4268292682926829,5,0.0,0.5,2,0.0,0.0,True,0.0,False,False,False,0.0,0.0
onnx/onnx,90f0d4c305917b7c,False,1,137,True,0.0,0.4233576642335766,7,0.0,0.39416058394160586,6,0.0,0.40875912408759124,6,0.0,0.5912408759124088,8,0.0,0.0,True,0.0,False,False,False,0.0,0.0
onnx/onnx,eb6aca7d93f6a378,True,0,71,True,0.0,0.4225352112676056,2,0.0,0.4507042253521127,2,0.0,0.4647887323943662,2,0.0,0.46153846153846156,2,1.0,0.0,False,1.0,False,False,False,0.0,0.0
onnx/onnx,b1182d2ca2bcf655,False,0,262,True,0.0,0.48854961832061067,8,0.0,0.48854961832061067,8,0.0,0.3702290076335878,8,0.0,0.5,9,1.0,0.5,True,0.0,False,False,False,0.0,0.0
software-mansion/react-native-svg,9eafc14a7fced3ec,True,2,1131,True,0.0,0.8682581786030061,8,0.0,0.7913351016799293,9,0.0,0.7771883289124668,10,0.0,0.7768421052631579,8,0.0,0.0,True,0.0,False,False,False,0.0,0.0
software-mansion/react-native-svg,84d7aa31f141dce2,True,2,132,True,0.0,0.7196969696969697,0,0.0,0.6515151515151515,0,0.0,0.5,0,0.0,0.6134453781512605,0,0.0,0.0,False,0.0,False,False,False,0.0,0.0
software-mansion/react-native-svg,7f8adeb6e7faded1,True,1,465,True,0.0,0.6774193548387096,2,0.0,0.6838709677419355,4,0.0,0.5505376344086022,4,0.0,0.678082191780822,4,0.0,0.0,True,0.0,False,False,False,0.0,0.0
software-mansion/react-native-svg,83dd7b8333d91cdd,True,2,528,True,0.0,0.509469696969697,11,0.0,0.29545454545454547,12,0.0,0.3333333333333333,12,0.0,0.2587548638132296,12,0.0,0.0,True,0.0,False,False,False,0.0,0.0
software-mansion/react-native-svg,e01c39554fde159c,True,6,332,True,0.0,0.6746987951807228,3,0.0,0.5813253012048193,5,0.0,0.5632530120481928,5,0.0,0.6200716845878136,5,0.0,0.0,True,0.0,False,False,False,0.0,0.0
XAMPPRocky/tokei,dee50933e51ae370,False,0,2050,True,0.0,0.531219512195122,125,0.0,0.42829268292682926,175,0.0,0.5126829268292683,189,0.0,0.45972495088408644,147,0.0,0.0,True,0.0,False,False,False,0.0,0.0
dicedb/dicedb,bb132d62ad3f3a5e,False,1,1207,True,0.0,0.5865782932891467,18,0.0,0.671913835956918,20,0.0,0.6694283347141674,25,0.0,0.6923721709974854,20,1.0,0.0,True,0.0,False,False,False,0.0,0.0
dicedb/dicedb,18680f57f5d32607,True,2,3452,True,0.0,0.20162224797219003,62,0.0,0.194090382387022,63,0.0,0.2230590961761298,63,0.0,0.20116448326055314,64,0.0,1.0,True,1.0,False,False,False,0.0,0.0
dicedb/dicedb,7fc7048ae55e1723,False,1,565,True,0.0,0.7734513274336283,5,0.0,0.8,5,0.0,0.7522123893805309,4,0.0,0.8212389380530973,5,0.0,0.0,True,0.0,False,False,False,0.0,0.0
dicedb/dicedb,d91cce1c6f5ed42c,False,0,94,True,0.0,0.6276595744680851,4,0.0,0.648936170212766,4,0.0,0.32978723404255317,4,0.0,0.723404255319149,4,0.0,0.0,True,0.0,False,False,False,0.0,0.0
dicedb/dicedb,10c36deb51c8cb8c,False,0,1992,True,0.0,0.286144578313253,43,0.0,0.3232931726907631,48,0.0,0.32279116465863456,50,0.0,0.34086345381526106,49,0.0,0.0,True,0.0,False,False,False,0.0,0.0
dicedb/dicedb,3f6891fec05432f4,False,1,1756,True,0.0,0.48291571753986334,27,0.0,0.6156036446469249,30,0.0,0.642369020501139,33,0.0,0.6361047835990888,30,1.0,0.0,True,0.0,False,False,False,0.0,0.0
dicedb/dicedb,2a05ab307f9432d9,False,0,4363,True,0.0,0.3119413247765299,35,0.0,0.35136374054549624,41,0.0,0.32408892963557184,41,0.0,0.3619899128839982,40,0.0,0.0,True,0.0,False,False,False,0.0,0.0
dicedb/dicedb,dd9a6c95849b3649,False,0,2394,True,0.0,0.4615705931495405,83,0.0,0.467000835421888,82,0.0,0.4653299916457811,82,0.0,0.47827903091060986,84,0.0,0.0,True,0.0,False,False,False,0.0,0.0
dicedb/dicedb,b95cee2ea24f3f42,False,0,463,True,0.0,0.6652267818574514,10,0.0,0.6803455723542117,12,0.0,0.6565874730021598,15,0.0,0.7084233261339092,12,0.0,0.0,True,0.0,False,False,False,0.0,0.0
dicedb/dicedb,0e7e313bd59d431d,False,2,1731,True,0.0,0.439052570768342,18,0.0,0.5667244367417678,19,0.0,0.3142692085499711,28,0.0,0.58578856152513,18,0.0,0.0,True,0.0,False,False,False,0.0,0.0
dicedb/dicedb,46da724226abf213,False,1,180,True,0.0,0.3055555555555556,4,0.0,0.3111111111111111,5,0.0,0.3111111111111111,5,0.0,0.3111111111111111,4,0.0,0.0,True,0.0,False,False,False,0.0,0.0
dicedb/dicedb,a15ab9c2644ba75b,False,1,1889,True,0.0,0.8480677607199576,12,0.0,0.9470619375330863,15,0.0,0.9475913181577554,15,0.0,0.9767072525145579,14,0.0,0.0,True,0.0,False,False,False,0.0,0.0
Flagsmith/flagsmith,c911f59cd1a3ea2a,False,0,272,True,1.0,0.5330882352941176,2,1.0,0.5330882352941176,2,1.0,0.47058823529411764,3,1.0,0.5330882352941176,2,0.0,0.5,True,0.0,False,False,False,1.0,1.0
Flagsmith/flagsmith,94418155ee054fbd,False,1,84,True,0.0,0.7738095238095238,2,0.0,0.7738095238095238,2,0.0,0.7857142857142857,2,0.0,0.8928571428571429,2,0.0,0.0,True,0.0,False,False,False,0.0,0.0
Flagsmith/flagsmith,7efff14fade62c8c,False,0,64,True,0.0,0.984375,1,0.0,0.984375,1,0.0,0.859375,2,0.0,1.0,0,0.0,0.0,False,0.5,False,False,False,0.0,0.0
Flagsmith/flagsmith,3e252bc91fe6c245,False,0,163,True,0.0,0.8343558282208589,2,0.0,0.9325153374233128,3,0.0,0.9325153374233128,3,0.0,0.8650306748466258,1,0.0,0.0,False,0.0,False,False,False,0.0,0.0
Flagsmith/flagsmith,10f45543f3885004,False,1,108,True,1.0,0.7129629629629629,1,1.0,0.7129629629629629,1,1.0,0.7129629629629629,1,1.0,0.75,0,1.0,0.0,False,0.5,False,False,False,1.0,1.0
Flagsmith/flagsmith,8bd9eb8b88bf3d08,False,0,146,True,1.0,1.0,0,1.0,1.0,0,1.0,1.0,0,1.0,1.0,0,1.0,1.0,True,0.0,False,False,False,1.0,1.0
Flagsmith/flagsmith,f5d21a8d28c35007,False,2,249,True,0.0,0.5261044176706827,1,0.0,0.5020080321285141,1,0.0,0.40963855421686746,1,0.0,0.5040322580645161,1,1.0,0.0,True,0.0,False,False,False,0.0,0.0
Flagsmith/flagsmith,13aa394027d9a1cc,False,3,1032,True,0.0,0.42248062015503873,4,0.0,0.42248062015503873,4,0.0,0.4312015503875969,4,0.0,0.42829457364341084,3,0.0,0.0,True,0.0,False,False,False,0.0,0.0
Flagsmith/flagsmith,bb6fbcfa2961d48f,False,0,306,True,0.0,0.6111111111111112,3,0.0,0.6405228758169934,3,0.0,0.6405228758169934,5,0.0,0.6437908496732027,2,0.0,0.0,True,0.0,False,False,False,0.0,0.0
Flagsmith/flagsmith,94aa6e3cf2f9f91a,False,9,891,True,1.0,0.8148148148148148,5,1.0,0.7890011223344556,7,1.0,0.6924803591470258,5,1.0,0.8036117381489842,5,0.0,1.0,True,0.5,False,False,False,1.0,1.0
Flagsmith/flagsmith,b808e72285deff77,False,0,112,True,0.0,0.9107142857142857,0,0.0,0.9107142857142857,0,0.0,0.9017857142857143,1,0.0,1.0,0,0.0,0.0,False,0.0,False,False,False,,
Flagsmith/flagsmith,ab6bc4bed437432c,False,2,162,True,1.0,0.9567901234567902,1,1.0,0.9567901234567902,1,1.0,0.9567901234567902,1,1.0,1.0,0,1.0,0.0,False,0.0,False,False,False,1.0,1.0
scikit-learn/scikit-learn,7e3dbdb98a7e429b,False,1,579,True,0.0,0.17789291882556132,38,0.0,0.17962003454231434,37,0.0,0.12089810017271158,41,0.0,0.18434782608695652,40,0.0,0.0,True,0.0,False,False,False,0.0,0.0
scikit-learn/scikit-learn,2b6b9a84815c73ee,False,0,108,True,0.0,0.4444444444444444,5,0.0,0.4537037037037037,4,0.0,0.4537037037037037,4,0.0,0.4722222222222222,7,0.0,0.0,False,0.0,False,False,False,0.0,0.0
scikit-learn/scikit-learn,9d74150615421581,True,2,889,True,0.0,0.3048368953880765,34,0.0,0.29358830146231724,34,0.0,0.28346456692913385,35,0.0,0.12270642201834862,35,0.0,0.0,True,0.0,False,False,False,0.0,0.0
scikit-learn/scikit-learn,242d777c2b3340f4,True,0,246,True,0.0,0.43902439024390244,6,0.0,0.43902439024390244,7,0.0,0.4715447154471545,8,0.0,0.4326530612244898,6,0.0,0.0,True,0.0,False,False,False,0.0,0.0
scikit-learn/scikit-learn,dcae461ebb8ea2ab,False,0,256,True,0.0,0.74609375,5,0.0,0.74609375,6,0.0,0.72265625,6,0.0,0.772,5,0.0,0.0,True,0.0,False,False,False,0.0,0.0
scikit-learn/scikit-learn,107e910e9f2ebfb9,False,1,57,True,0.0,0.8070175438596491,3,0.0,0.8070175438596491,3,0.0,0.8070175438596491,3,0.0,0.8070175438596491,3,0.0,0.0,True,0.0,False,False,False,0.0,0.0
scikit-learn/scikit-learn,3d9c732e6dba6166,True,1,883,True,0.0,0.12117780294450736,28,0.0,0.12570781426953567,28,0.0,0.13023782559456398,31,0.0,0.12862108922363846,31,0.0,0.25,True,0.0,False,False,False,0.0,0.0
scikit-learn/scikit-learn,d9955a58037bdb79,False,6,1467,True,0.0,0.19904567143830948,38,0.0,0.19904567143830948,39,0.0,0.1983640081799591,40,0.0,0.20123626373626374,41,0.0,0.0,True,0.0,False,False,False,0.0,0.0
scikit-learn/scikit-learn,3618b09aaa75ba4c,False,0,403,True,0.0,0.4317617866004963,73,0.0,0.4317617866004963,73,0.0,0.4218362282878412,77,0.0,0.4463840399002494,72,0.0,0.5,True,0.0,False,False,False,0.0,0.0
scikit-learn/scikit-learn,ad87a3818e403647,False,0,822,True,0.0,0.21046228710462286,41,0.0,0.28102189781021897,41,0.0,0.3260340632603406,39,0.0,0.22766217870257038,44,0.0,0.0,True,0.0,False,False,False,0.0,0.0
scikit-learn/scikit-learn,c4f47f30bd49121a,False,0,1097,True,0.0,0.2178669097538742,37,0.0,0.2123974475843209,35,0.0,0.20692798541476753,39,0.0,0.24977127172918573,37,0.0,0.0,True,0.0,False,False,False,0.0,0.0
scikit-learn/scikit-learn,8116d0cabd855da2,False,0,103,True,0.0,0.7281553398058253,3,0.0,0.7281553398058253,3,0.0,0.7281553398058253,3,0.0,0.7281553398058253,4,0.0,0.0,True,0.0,False,False,False,0.0,0.0
scikit-learn/scikit-learn,69a94044cca2c315,False,1,654,True,0.0,0.327217125382263,35,0.0,0.3287461773700306,37,0.0,0.3348623853211009,37,0.0,0.38235294117647056,38,0.0,0.25,True,0.0,False,False,False,0.0,0.0
scikit-learn/scikit-learn,53cc4d6adaa01985,False,1,543,True,0.0,0.850828729281768,11,0.0,0.8692449355432781,10,0.0,0.5893186003683242,35,0.0,0.8685185185185185,10,0.0,0.0,True,0.0,False,False,False,0.0,0.0
scikit-learn/scikit-learn,be5d0efe968de44c,True,1,636,True,0.0,0.21855345911949686,19,0.0,0.20754716981132076,19,0.0,0.21855345911949686,21,0.0,0.1661392405063291,20,1.0,0.25,True,0.0,False,False,False,0.0,0.0
scikit-learn/scikit-learn,197f43857a59af10,False,0,407,True,0.0,0.22358722358722358,13,0.0,0.22358722358722358,13,0.0,0.22358722358722358,14,0.0,0.21674876847290642,12,0.0,0.0,True,0.0,False,False,False,0.0,0.0
scikit-learn/scikit-learn,ed594d42c0414d70,True,0,188,True,0.0,0.4148936170212766,6,0.0,0.4148936170212766,6,0.0,0.39893617021276595,8,0.0,0.4114285714285714,27,0.0,0.0,True,0.0,False,False,False,0.0,0.0
scikit-learn/scikit-learn,70698c32a5e16246,False,1,395,True,0.0,0.2708860759493671,14,0.0,0.28860759493670884,14,0.0,0.3265822784810127,16,0.0,0.3333333333333333,15,0.0,0.0,True,0.0,False,False,False,0.0,0.0
asdf-vm/asdf,6807926d016985b5,False,0,15,True,0.0,0.4,0,0.0,0.4,0,0.0,0.4,0,0.0,0.4,0,0.0,0.0,False,0.0,False,False,False,0.0,0.0
asdf-vm/asdf,6cc781bb6f75400e,False,0,33,True,0.0,0.696969696969697,0,0.0,0.696969696969697,0,0.0,0.696969696969697,0,0.0,0.7878787878787878,0,0.0,0.0,False,0.0,False,False,False,0.0,0.0
asdf-vm/asdf,bbd4ebe3c9130b67,False,0,476,True,0.0,0.43907563025210083,8,0.0,0.43907563025210083,8,0.0,0.4684873949579832,8,0.0,0.5735294117647058,8,1.0,0.5,True,0.0,False,False,False,0.0,0.0
asdf-vm/asdf,8a288dd54e094533,False,0,97,True,0.0,0.5567010309278351,0,0.0,0.5567010309278351,0,0.0,0.6185567010309279,0,0.0,0.6979166666666666,2,0.0,0.0,False,0.0,False,False,False,0.0,0.0
asdf-vm/asdf,670c88a0e0a30940,False,0,380,True,0.0,0.2394736842105263,13,0.0,0.2394736842105263,12,0.0,0.25,10,0.0,0.25263157894736843,12,1.0,0.3333333333333333,True,0.0,False,False,False,0.0,0.0
asdf-vm/asdf,fa9f4691a0c1a005,False,1,475,True,0.0,0.31157894736842107,10,0.0,0.32421052631578945,10,0.0,0.3178947368421053,10,0.0,0.34810126582278483,9,0.0,0.0,True,0.0,False,False,False,0.0,0.0
asdf-vm/asdf,29f2d3d46ec9d4e9,False,0,123,True,0.0,0.4065040650406504,0,0.0,0.4065040650406504,0,0.0,0.5121951219512195,1,0.0,0.4918032786885246,1,0.0,0.0,True,0.0,False,False,False,0.0,0.0
asdf-vm/asdf,3ca4d4d81ddee181,False,0,137,True,0.0,0.5109489051094891,2,0.0,0.5109489051094891,2,0.0,0.583941605839416,2,0.0,0.5182481751824818,1,0.0,0.0,True,0.0,False,False,False,0.0,0.0
asdf-vm/asdf,f6b500e55a302c7e,False,0,146,True,0.0,0.3356164383561644,4,0.0,0.4178082191780822,4,0.0,0.4178082191780822,4,0.0,0.3356164383561644,4,1.0,1.0,True,0.0,False,False,False,0.0,0.0
yiisoft/yii2,bb6d92ef0c5eff31,True,0,275,True,0.0,0.6,10,0.0,0.8109090909090909,11,0.0,0.8109090909090909,11,0.0,0.7945736434108527,10,0.0,0.0,True,0.0,False,False,False,0.0,0.0
yiisoft/yii2,86eea34a659e440a,False,0,179,True,0.0,0.6759776536312849,5,0.0,0.7150837988826816,6,0.0,0.7039106145251397,6,0.0,0.6815642458100558,6,0.0,0.0,True,0.0,False,False,False,0.0,0.0
yiisoft/yii2,4613be23815b1132,False,1,219,True,0.0,0.5616438356164384,9,0.0,0.5981735159817352,8,0.0,0.6118721461187214,8,0.0,0.5616438356164384,9,0.0,0.0,True,0.0,False,False,False,0.0,0.0
yiisoft/yii2,22ba32796248afc1,False,0,30,True,0.0,0.5333333333333333,0,0.0,0.9333333333333333,0,0.0,0.9333333333333333,0,0.0,0.8333333333333334,0,1.0,0.0,False,0.0,False,False,False,0.0,0.0
yiisoft/yii2,0f2068fd8a8b2c87,False,0,49,True,0.0,0.6326530612244898,2,0.0,0.6530612244897959,2,0.0,0.6530612244897959,2,0.0,0.6956521739130435,3,0.0,0.0,False,0.0,False,False,False,0.0,0.0
yiisoft/yii2,0308a325125f1ead,False,0,209,True,0.0,0.3014354066985646,4,0.0,0.37320574162679426,4,0.0,0.430622009569378,5,0.0,0.36893203883495146,4,0.0,0.0,False,0.0,False,False,False,0.0,0.0
yiisoft/yii2,e6a3dd2628f9c50a,True,1,1111,True,0.0,0.28802880288028804,37,0.0,0.3402340234023402,38,0.0,0.3438343834383438,39,0.0,0.27996070726915523,39,0.0,0.0,True,0.0,False,False,False,0.0,0.0
yiisoft/yii2,13401ec35bcceac4,True,3,1147,True,0.0,0.5597210113339146,36,0.0,0.6181342632955537,39,0.0,0.6268526591107236,38,0.0,0.5899543378995433,39,0.0,0.0,True,0.0,False,False,False,0.0,0.0
yiisoft/yii2,73e8a1d978917c55,False,0,54,True,0.0,0.48148148148148145,5,0.0,0.7037037037037037,5,0.0,0.7037037037037037,5,0.0,0.7037037037037037,5,0.0,0.0,True,0.0,False,False,False,0.0,0.0
yiisoft/yii2,0926af475c2a20dc,False,0,38,True,0.0,0.47368421052631576,1,0.0,0.8157894736842105,1,0.0,0.8157894736842105,1,0.0,0.8157894736842105,1,1.0,0.0,False,0.0,False,False,False,0.0,0.0
yiisoft/yii2,72359478a9d7e739,True,1,372,True,0.0,0.6666666666666666,13,0.0,0.7634408602150538,15,0.0,0.7741935483870968,15,0.0,0.7302052785923754,12,0.0,0.0,True,0.0,False,False,False,0.0,0.0
yiisoft/yii2,5bf9bfbab9981775,False,1,256,True,0.0,0.6015625,6,0.0,0.6015625,6,0.0,0.6015625,6,0.0,0.6015625,6,1.0,0.5,True,0.0,False,False,False,0.0,0.0
yiisoft/yii2,4760f44ad00c338e,True,0,169,True,0.0,0.33136094674556216,11,0.0,0.34911242603550297,11,0.0,0.3668639053254438,11,0.0,0.3670886075949367,10,0.0,0.0,True,0.0,False,False,False,0.0,0.0
yiisoft/yii2,651377d73d3d66e3,False,0,429,True,0.0,0.7319347319347319,2,0.0,0.7319347319347319,2,0.0,0.7319347319347319,4,0.0,0.7319347319347319,2,0.0,0.5,True,0.0,False,False,False,0.0,0.0
yiisoft/yii2,a17ce21668dde055,True,1,288,True,0.0,0.3541666666666667,11,0.0,0.46875,13,0.0,0.4895833333333333,13,0.0,0.44765342960288806,12,0.0,0.0,True,0.0,False,False,False,0.0,0.0
yiisoft/yii2,0ddf20a77133eeb2,False,0,23,True,0.0,0.8695652173913043,1,0.0,0.8695652173913043,1,0.0,0.8695652173913043,1,0.0,0.8695652173913043,1,0.0,0.0,False,0.0,False,False,False,0.0,0.0
python/mypy,fdd32ed24fbe4ba0,False,3,313,True,0.0,0.5782747603833865,6,0.0,0.5814696485623003,7,0.0,0.5846645367412141,7,0.0,0.7184466019417476,9,0.0,0.0,True,0.0,False,False,False,0.0,0.0
python/mypy,97d13a4232abb428,False,0,550,True,0.0,0.4763636363636364,10,0.0,0.5218181818181818,10,0.0,0.5309090909090909,10,0.0,0.6386861313868614,10,1.0,1.0,True,0.0,False,False,False,0.0,0.0
python/mypy,265bbd9d8b179bfc,False,6,4319,True,1.0,0.3491548969668905,46,1.0,0.349617967122019,45,1.0,0.3368835378559852,45,1.0,0.37156817124243835,46,1.0,1.0,True,0.0,False,False,False,1.0,1.0
python/mypy,e5c360b6994ccd09,False,1,979,True,1.0,0.43922369765066394,11,1.0,0.45556690500510727,11,1.0,0.42696629213483145,12,1.0,0.6652719665271967,10,1.0,1.0,True,1.0,False,False,False,1.0,1.0
python/mypy,4d7515936862a155,True,1,323,True,0.0,0.30340557275541796,20,0.0,0.30340557275541796,20,0.0,0.30340557275541796,20,0.0,0.30030959752321984,23,1.0,1.0,True,0.0,False,False,False,0.0,0.0
python/mypy,e2ed7b49654fbffd,False,1,1713,True,1.0,0.5481611208406305,25,1.0,0.5563339171044951,24,1.0,0.524810274372446,25,1.0,0.5743680188124632,25,1.0,1.0,True,0.0,False,False,False,1.0,1.0
python/mypy,fba4dacbcb604643,False,0,228,True,0.0,0.6491228070175439,2,0.0,0.5745614035087719,3,0.0,0.5745614035087719,3,0.0,0.6491228070175439,2,1.0,0.0,False,0.0,False,False,False,0.0,0.0
python/mypy,36174d3b2bf0201a,False,0,131,True,0.0,0.7175572519083969,2,0.0,0.7175572519083969,2,0.0,0.7175572519083969,3,0.0,0.7633587786259542,2,1.0,1.0,True,0.0,False,False,False,0.0,0.0
python/mypy,fd10b68de1c024ae,False,2,125,True,0.0,0.552,3,0.0,0.552,3,0.0,0.568,2,0.0,0.6178861788617886,2,1.0,0.6666666666666666,True,0.0,False,False,False,0.0,0.0
python/mypy,a1c6d8962d3011c8,False,0,213,True,1.0,0.755868544600939,4,1.0,0.7746478873239436,4,1.0,0.6901408450704225,8,1.0,0.981042654028436,3,1.0,0.3333333333333333,True,1.0,False,False,False,1.0,1.0
python/mypy,7bcda4a513b461a5,False,0,622,True,1.0,0.5112540192926045,10,1.0,0.5434083601286174,10,1.0,0.5836012861736335,9,1.0,0.6412337662337663,10,1.0,0.16666666666666666,True,1.0,False,False,False,1.0,1.0
python/mypy,8f0d4930bbf87aa2,True,1,610,True,0.0,0.2754098360655738,8,0.0,0.27704918032786885,8,0.0,0.26557377049180325,12,0.0,0.2944078947368421,7,1.0,0.5,True,0.0,False,False,False,0.0,0.0
python/mypy,22d8715978487b1d,False,2,373,True,0.0,0.2868632707774799,21,0.0,0.2868632707774799,21,0.0,0.2868632707774799,21,0.0,0.3031161473087819,23,0.0,0.5,True,0.0,False,False,False,0.0,0.0
python/mypy,1d8f31778a248bce,False,2,30,True,0.0,0.3333333333333333,1,0.0,0.3333333333333333,1,0.0,0.3333333333333333,1,0.0,0.3448275862068966,1,0.0,0.0,False,0.0,False,False,False,0.0,0.0
python/mypy,aae1f4f8ea43706b,False,1,1138,True,1.0,0.3321616871704745,13,1.0,0.3365553602811951,13,1.0,0.3031634446397188,15,1.0,0.40933098591549294,12,0.0,0.0,True,1.0,False,False,False,1.0,1.0
python/mypy,c9f0543a93a28cd3,False,2,285,True,1.0,0.36140350877192984,14,1.0,0.36140350877192984,14,1.0,0.3473684210526316,13,1.0,0.40569395017793597,14,1.0,1.0,True,0.0,False,False,False,1.0,1.0
python/mypy,cdffaffb73fce8b4,False,3,1265,True,1.0,0.44110671936758894,28,1.0,0.4458498023715415,28,1.0,0.4324110671936759,27,1.0,0.4630071599045346,28,0.0,1.0,True,0.0,False,False,False,1.0,1.0
python/mypy,a77c4ac8bd602e9c,False,3,1279,True,1.0,0.4589523064894449,13,1.0,0.4698983580922596,13,1.0,0.45660672400312746,20,1.0,0.5641227380015735,12,1.0,1.0,True,1.0,False,False,False,1.0,1.0
python/mypy,a7d2c40f4be6322c,False,2,2282,True,0.0,0.17879053461875546,34,0.0,0.18492550394390886,34,0.0,0.18799298860648553,37,0.0,0.22364924712134632,35,1.0,1.0,True,0.0,False,False,False,0.0,0.0
python/mypy,80dee8a782b382f7,True,3,442,True,0.0,0.26018099547511314,9,0.0,0.26018099547511314,9,1.0,0.25565610859728505,10,0.5,0.26018099547511314,9,0.0,0.0,True,1.0,False,False,True,0.0,0.5
python/mypy,9d811d0b7bd06103,True,0,60,True,0.0,0.6166666666666667,3,0.0,0.5666666666666667,3,0.0,0.5666666666666667,4,0.0,0.7833333333333333,2,0.0,0.0,False,0.0,False,False,False,0.0,0.0
aio-libs/aiohttp,120bbecb4ac5dd11,False,1,160,True,0.0,0.55,8,0.0,0.55,8,0.0,0.44375,11,0.0,0.71875,9,0.0,0.3333333333333333,True,0.0,False,False,False,0.0,0.0
aio-libs/aiohttp,1f82cebfdbd1dd41,False,1,142,True,0.0,0.38028169014084506,4,0.0,0.5070422535211268,6,0.0,0.5211267605633803,4,0.0,0.6071428571428571,5,0.0,0.3333333333333333,True,0.0,False,False,False,0.0,0.0
aio-libs/aiohttp,5a8fa1ead2817dc6,False,1,927,True,0.0,0.44983818770226536,12,0.0,0.34951456310679613,13,0.0,0.4110032362459547,15,0.0,0.35185185185185186,12,0.0,1.0,True,0.0,False,False,False,0.0,0.0
aio-libs/aiohttp,95f2e54142ed9873,False,1,100,True,0.0,0.78,2,0.0,0.8,2,0.0,0.68,2,0.0,0.74,3,1.0,1.0,True,0.0,False,False,False,0.0,0.0
aio-libs/aiohttp,4cbff640f1fc708f,False,1,699,True,0.0,0.6938483547925608,8,0.0,0.6909871244635193,8,0.0,0.6595135908440629,8,0.0,0.6948424068767909,8,0.0,0.0,True,0.0,False,False,False,0.0,0.0
aio-libs/aiohttp,f334e752b4894ef9,False,10,1514,True,0.0,0.36723910171730517,71,0.0,0.4035667107001321,79,0.0,0.4128137384412153,78,0.0,0.2948207171314741,75,0.0,0.0,True,0.0,False,False,False,0.0,0.0
aio-libs/aiohttp,cfb4675be6288f25,False,1,413,True,0.0,0.6198547215496368,10,0.0,0.6101694915254238,10,0.0,0.5254237288135594,11,0.0,0.6092233009708737,10,0.0,0.0,False,0.0,False,False,False,0.0,0.0
aio-libs/aiohttp,5954cadbd6b57b19,False,8,2376,True,0.0,0.44234006734006737,30,0.0,0.4436026936026936,32,0.0,0.4524410774410774,32,0.0,0.3468354430379747,33,0.0,0.0,True,0.0,False,False,False,0.0,0.0
aio-libs/aiohttp,fa9062813a095af1,False,2,247,True,0.0,0.3805668016194332,11,0.0,0.4008097165991903,12,0.0,0.38461538461538464,12,0.0,0.2926829268292683,11,0.0,1.0,True,0.0,False,False,False,0.0,0.0
aio-libs/aiohttp,08a6944653efc734,False,5,1169,True,0.0,0.26518391787852863,27,0.0,0.26518391787852863,27,0.0,0.32934131736526945,28,0.0,0.1918047079337402,26,0.0,0.0,True,0.0,False,False,False,0.0,0.0
aio-libs/aiohttp,798b7bb41ec23a1b,False,0,155,True,0.0,0.4967741935483871,2,0.0,0.4967741935483871,2,0.0,0.4967741935483871,2,0.0,0.6903225806451613,3,0.0,0.0,False,0.0,False,False,False,0.0,0.0
aio-libs/aiohttp,29db742fa68fd59f,False,0,53,True,1.0,0.7169811320754716,2,1.0,0.7169811320754716,2,1.0,0.7169811320754716,2,1.0,0.7169811320754716,1,1.0,1.0,True,0.0,False,False,False,1.0,1.0
aio-libs/aiohttp,01635c3f6f43968d,False,0,438,True,0.0,0.8082191780821918,10,0.0,0.8127853881278538,10,0.0,0.8310502283105022,11,0.0,0.7939814814814815,11,0.0,1.0,True,0.0,False,False,False,0.0,0.0
aio-libs/aiohttp,a2dad8e6cbf0a95d,False,4,4485,True,0.0,0.3357859531772575,40,0.0,0.33690078037904125,44,0.0,0.27759197324414714,45,0.0,0.33729003359462484,39,0.0,0.0,True,0.0,False,False,False,0.0,0.0
aio-libs/aiohttp,b9ecf408d1b452bd,False,0,1129,True,1.0,0.9530558015943312,10,1.0,0.42515500442869797,10,1.0,0.42781222320637735,12,1.0,0.9547471162377995,11,1.0,0.0,True,0.0,False,False,False,1.0,1.0
aio-libs/aiohttp,e52e4ddd58b7ef88,False,5,368,True,0.0,0.25271739130434784,15,0.0,0.2554347826086957,15,0.0,0.2554347826086957,16,0.0,0.2997275204359673,15,0.0,0.0,True,0.0,False,False,False,0.0,0.0
aio-libs/aiohttp,9632858c8fdd45d8,False,1,1275,True,0.0,0.5811764705882353,35,0.0,0.5882352941176471,36,0.0,0.6125490196078431,38,0.0,0.533175355450237,39,0.0,0.0,True,0.0,False,False,False,0.0,0.0
electron/electron,5649aa4720f65210,False,0,227,True,0.0,0.2687224669603524,10,0.0,0.2599118942731278,10,0.0,0.23788546255506607,10,0.0,0.27312775330396477,10,0.0,0.0,True,0.0,False,False,False,0.0,0.0
electron/electron,4a1c264466abb5fa,False,1,56,True,0.0,0.375,2,0.0,0.5178571428571429,3,0.0,0.5178571428571429,3,0.0,0.375,1,0.0,0.0,True,0.0,False,False,False,0.0,0.0
electron/electron,7570fcb42e65c93c,False,0,214,True,0.0,0.2102803738317757,16,0.0,0.2102803738317757,16,0.0,0.19626168224299065,17,0.0,0.2102803738317757,15,0.0,0.0,True,0.0,False,False,False,0.0,0.0
electron/electron,a5ba43bc4b4ffbbf,False,1,144,True,0.0,0.6111111111111112,12,0.0,0.5972222222222222,12,0.0,0.5972222222222222,12,0.0,0.625,11,1.0,0.5,True,1.0,False,False,False,0.0,0.0
electron/electron,49df12cd58a120d4,False,0,183,True,0.0,0.6010928961748634,6,0.0,0.5628415300546448,7,0.0,0.5628415300546448,7,0.0,0.6010928961748634,5,1.0,1.0,True,0.0,False,False,False,0.0,0.0
electron/electron,4299c516933afbb1,False,0,117,True,0.0,0.6239316239316239,1,0.0,0.5982905982905983,3,0.0,0.5470085470085471,6,0.0,0.6239316239316239,1,0.0,0.0,True,0.0,True,True,False,0.0,0.0
electron/electron,ea2584454778fd33,False,0,110,True,0.0,0.36363636363636365,5,0.0,0.39090909090909093,5,0.0,0.39090909090909093,6,0.0,0.36363636363636365,5,0.0,0.0,True,0.0,False,False,False,0.0,0.0
electron/electron,8d9ec0e66f8ec5f0,True,1,21,True,0.0,0.42857142857142855,2,0.0,0.42857142857142855,3,0.0,0.42857142857142855,3,0.0,0.5238095238095238,3,0.0,0.0,False,0.0,False,True,False,0.0,0.0
electron/electron,301a775b239713c3,False,0,119,True,0.0,0.3025210084033613,4,0.0,0.3025210084033613,4,0.0,0.3025210084033613,5,0.0,0.3025210084033613,3,0.0,0.5,True,0.0,False,False,False,0.0,0.0
electron/electron,293e9c61496bad8d,False,0,109,True,0.0,0.6697247706422018,14,0.0,0.7064220183486238,13,0.0,0.7064220183486238,13,0.0,0.6697247706422018,13,1.0,1.0,True,1.0,False,False,False,0.0,0.0
electron/electron,1ed488b298f17385,False,0,59,True,1.0,0.5084745762711864,3,1.0,0.5084745762711864,3,1.0,0.4576271186440678,3,1.0,0.5423728813559322,2,0.0,0.0,True,0.0,False,False,False,1.0,1.0
electron/electron,d1587e77ba6ac2a7,False,2,169,True,0.0,0.14792899408284024,12,0.0,0.14792899408284024,12,0.0,0.14792899408284024,12,0.0,0.14792899408284024,12,0.0,0.0,True,1.0,False,False,False,0.0,0.0
electron/electron,bc1527f770e0b3a8,False,0,56,True,0.0,0.48214285714285715,3,0.0,0.48214285714285715,3,0.0,0.4107142857142857,4,0.0,0.5178571428571429,2,0.0,0.0,True,1.0,False,False,False,0.0,0.0
electron/electron,c9a41b0e5161ed07,False,0,152,True,0.0,0.2565789473684211,6,0.0,0.2565789473684211,6,0.5,0.25,6,0.0,0.40789473684210525,6,0.0,0.0,True,0.0,False,False,False,0.0,0.0
electron/electron,73003373d7beb99c,True,0,43,True,0.0,0.4883720930232558,0,0.0,0.46511627906976744,0,0.0,0.46511627906976744,0,0.0,0.5348837209302325,1,0.0,0.0,False,0.0,False,False,False,0.0,0.0
electron/electron,22d2edd4226831a8,False,2,189,True,0.0,0.42328042328042326,7,0.0,0.42328042328042326,7,0.0,0.4074074074074074,9,0.0,0.43386243386243384,7,1.0,0.0,True,0.0,False,False,False,0.0,0.0
electron/electron,acf116449d65ef87,False,3,465,True,0.0,0.21935483870967742,16,0.0,0.21935483870967742,16,0.0,0.21935483870967742,18,0.0,0.221505376344086,16,0.0,0.0,True,0.0,False,False,False,0.0,0.0
electron/electron,9e6e76b31b647f27,False,2,71,True,0.0,0.5915492957746479,4,0.0,0.5915492957746479,4,0.0,0.5633802816901409,5,0.0,0.5915492957746479,5,1.0,1.0,True,1.0,False,False,False,0.0,0.0
electron/electron,252462b48b3b0574,False,3,709,True,0.0,0.49506346967559944,6,0.0,0.5035260930888575,6,0.0,0.5232722143864598,7,0.0,0.49506346967559944,6,0.0,0.0,True,0.0,False,False,False,0.0,0.0
electron/electron,08c5d2116306ca43,True,15,1810,True,0.0,0.2143646408839779,30,0.0,0.22209944751381216,32,0.0,0.22486187845303868,34,1.0,0.19116022099447513,30,1.0,1.0,True,0.0,False,True,False,0.0,0.0
electron/electron,735251eaf48aca01,False,1,89,True,0.0,0.5168539325842697,6,0.0,0.5168539325842697,5,0.0,0.48314606741573035,4,0.0,0.5168539325842697,6,0.0,0.5,True,0.0,False,False,False,0.0,0.0
scrapy/scrapy,4673e6a723df4e72,True,0,63,True,0.0,0.2698412698412698,8,0.0,0.2698412698412698,9,0.0,0.2698412698412698,8,0.0,0.2711864406779661,8,1.0,1.0,True,1.0,False,False,False,0.0,0.0
scrapy/scrapy,bfeaff1ed9c7b0a9,False,0,200,True,0.0,0.365,13,0.0,0.365,11,0.0,0.345,11,0.0,0.365,12,1.0,1.0,True,1.0,False,False,False,0.0,0.0
scrapy/scrapy,702d00bf00ca1b63,False,1,199,True,0.0,0.3869346733668342,5,0.0,0.3869346733668342,5,0.0,0.40703517587939697,5,0.0,0.4371859296482412,5,1.0,1.0,True,1.0,False,False,False,0.0,0.0
scrapy/scrapy,fdddb8882c636d3e,False,0,130,True,1.0,0.4076923076923077,8,1.0,0.4076923076923077,8,1.0,0.4076923076923077,7,1.0,0.4076923076923077,6,1.0,1.0,True,1.0,False,False,False,1.0,1.0
scrapy/scrapy,d72259f1af675870,False,0,245,True,1.0,0.32653061224489793,17,1.0,0.3224489795918367,17,1.0,0.30612244897959184,20,1.0,0.3401639344262295,17,1.0,1.0,True,1.0,False,False,False,1.0,1.0
scrapy/scrapy,c8e2c2588ecda257,False,1,254,True,1.0,0.5078740157480315,11,1.0,0.484251968503937,10,1.0,0.484251968503937,11,1.0,0.5119047619047619,10,1.0,1.0,True,1.0,False,False,False,1.0,1.0
scrapy/scrapy,a6952bc41d380964,True,0,32,True,1.0,0.3125,2,1.0,0.3125,2,1.0,0.3125,2,0.5,0.3125,2,1.0,1.0,True,1.0,False,False,True,1.0,0.5
scrapy/scrapy,c27b34a63757194d,False,1,90,True,0.0,0.4222222222222222,2,0.0,0.4222222222222222,2,0.0,0.4,3,0.0,0.4642857142857143,2,0.0,0.0,True,0.0,False,False,False,0.0,0.0
scrapy/scrapy,17ae8e6adff08edd,False,0,131,True,1.0,0.5190839694656488,7,1.0,0.5190839694656488,7,1.0,0.5038167938931297,7,1.0,0.5190839694656488,7,1.0,1.0,True,1.0,False,False,False,1.0,1.0
scrapy/scrapy,ac2d4bdd6bf360d1,False,0,154,True,1.0,0.43506493506493504,3,0.0,0.37012987012987014,4,0.0,0.37012987012987014,4,1.0,0.43506493506493504,3,1.0,1.0,True,1.0,False,False,False,1.0,1.0
scrapy/scrapy,f80d42195a9e051c,False,1,211,True,0.0,0.3744075829383886,1,0.0,0.3744075829383886,1,0.0,0.3791469194312796,2,0.0,0.45023696682464454,1,0.0,0.0,True,0.0,False,False,False,0.0,0.0
scrapy/scrapy,58f445917634c18e,False,0,176,True,1.0,0.3125,7,1.0,0.3125,7,1.0,0.3068181818181818,7,1.0,0.3125,6,1.0,1.0,True,1.0,False,False,False,1.0,1.0
scrapy/scrapy,611739ac2a153947,False,3,671,True,0.0,0.353204172876304,15,0.0,0.34873323397913564,14,0.0,0.22801788375558868,13,0.0,0.3582089552238806,13,1.0,1.0,True,1.0,False,False,False,0.0,0.0
scrapy/scrapy,d0f11e0e5927935e,False,0,56,True,0.0,0.7678571428571429,2,0.0,0.7678571428571429,2,0.0,0.7678571428571429,2,0.0,0.7678571428571429,2,0.0,0.0,True,0.0,False,False,False,0.0,0.0
scrapy/scrapy,92153dfedb83b99d,False,0,101,True,1.0,0.3564356435643564,5,1.0,0.33663366336633666,4,1.0,0.3069306930693069,6,1.0,0.41836734693877553,5,1.0,1.0,True,1.0,False,False,False,1.0,1.0
scrapy/scrapy,0fcc176461f10814,False,0,45,True,0.0,0.3333333333333333,2,0.0,0.3333333333333333,2,0.0,0.3333333333333333,2,0.0,0.3333333333333333,2,1.0,0.0,False,1.0,False,False,False,0.0,0.0
scrapy/scrapy,65dca6fe5be2b1f6,False,0,167,True,0.0,0.718562874251497,2,0.0,0.6826347305389222,2,0.0,0.6586826347305389,1,0.0,0.718562874251497,1,0.0,0.0,True,0.0,False,False,False,0.0,0.0
scrapy/scrapy,ad89c004d6d0b6e1,False,0,35,True,1.0,0.6285714285714286,1,1.0,0.6285714285714286,1,1.0,0.6285714285714286,1,1.0,0.6285714285714286,0,1.0,1.0,True,1.0,False,False,False,1.0,1.0
scrapy/scrapy,8c6fce7667a43926,False,0,10,True,1.0,0.8,0,1.0,0.8,0,1.0,0.6,0,1.0,0.8888888888888888,0,1.0,1.0,True,1.0,False,False,False,1.0,1.0
scrapy/scrapy,37d0223c3d82d62b,False,6,819,True,1.0,0.3956043956043956,21,1.0,0.36385836385836384,20,1.0,0.3308913308913309,21,1.0,0.40248447204968946,20,1.0,1.0,True,1.0,False,False,False,1.0,1.0
scrapy/scrapy,245f10c80cc3016d,False,2,185,True,0.0,0.6054054054054054,4,0.0,0.6162162162162163,4,0.0,0.6270270270270271,4,0.0,0.6378378378378379,3,1.0,0.5,True,1.0,False,False,False,0.0,0.0
scrapy/scrapy,1ccbbaf8b94c8123,False,3,540,True,1.0,0.5888888888888889,10,1.0,0.587037037037037,12,1.0,0.562962962962963,12,1.0,0.6148148148148148,13,1.0,1.0,True,1.0,False,False,False,1.0,1.0
scrapy/scrapy,ba9e083ee9d11914,False,1,312,True,0.0,0.3108974358974359,2,0.0,0.32371794871794873,2,0.0,0.3782051282051282,1,0.0,0.34838709677419355,1,0.0,1.0,True,1.0,False,False,False,0.0,0.0
rust-lang/rust-analyzer,5b592ca71efe7505,False,2,197,True,0.0,0.7918781725888325,7,0.0,0.7918781725888325,7,0.0,0.7868020304568528,8,0.0,0.7918781725888325,7,0.0,0.3333333333333333,True,0.0,False,False,False,0.0,0.0
rust-lang/rust-analyzer,195d3d6d1106290b,False,4,866,True,0.0,0.39260969976905313,21,0.0,0.3510392609699769,23,0.0,0.3418013856812933,28,0.0,0.39260969976905313,21,0.0,0.0,True,0.0,False,False,False,0.0,0.0
rust-lang/rust-analyzer,d7fbbf9e16e0e734,False,0,108,True,0.0,0.5092592592592593,5,0.0,0.5092592592592593,5,0.0,0.5277777777777778,4,0.0,0.5092592592592593,5,0.0,0.3333333333333333,True,0.0,False,False,False,0.0,0.0
rust-lang/rust-analyzer,ae3f722eaa759695,False,3,1017,True,1.0,0.40707964601769914,6,1.0,0.40707964601769914,6,1.0,0.41494591937069814,11,1.0,0.40707964601769914,6,1.0,1.0,True,0.0,False,False,False,1.0,1.0
rust-lang/rust-analyzer,894570cf6f6fc316,False,1,562,True,0.0,0.604982206405694,9,0.0,0.6067615658362989,9,0.0,0.6690391459074733,10,0.0,0.604982206405694,9,0.0,0.0,True,0.0,False,False,False,0.0,0.0
rust-lang/rust-analyzer,84b1b757a7ced438,False,0,327,True,0.0,0.8042813455657493,7,0.0,0.8042813455657493,7,0.0,0.8409785932721713,7,0.0,0.8042813455657493,7,0.0,0.0,True,0.0,False,False,False,0.0,0.0
rust-lang/rust-analyzer,7fcb2475ee84abe0,False,6,975,True,0.0,0.28205128205128205,14,1.0,0.25846153846153846,13,0.0,0.30564102564102563,15,0.0,0.28205128205128205,14,1.0,1.0,True,0.0,False,False,False,0.0,0.0
rust-lang/rust-analyzer,b05033ee8e5f4665,False,0,60,True,0.0,0.55,1,0.0,0.55,1,0.0,0.55,1,0.0,0.55,1,0.0,0.5,True,0.0,False,False,False,0.0,0.0
rust-lang/rust-analyzer,337713e8ef2fe979,False,0,138,True,0.0,0.463768115942029,2,0.0,0.463768115942029,2,0.0,0.3695652173913043,1,0.0,0.463768115942029,2,1.0,0.3333333333333333,True,0.0,False,False,False,0.0,0.0
rust-lang/rust-analyzer,f9156f6ae1b37086,False,3,1734,True,0.0,0.27970011534025374,19,0.0,0.28835063437139563,21,0.0,0.26585928489042676,21,0.0,0.27970011534025374,19,0.0,0.0,True,0.0,False,False,False,0.0,0.0
rust-lang/rust-analyzer,b917f1f0b1b54bed,False,0,152,True,0.0,0.5131578947368421,0,0.0,0.5197368421052632,0,0.0,0.5657894736842105,0,0.0,0.5131578947368421,0,0.0,0.0,True,0.0,False,False,False,0.0,0.0
rust-lang/rust-analyzer,379e5c97596b430a,True,0,455,True,0.0,0.27472527472527475,11,0.0,0.44835164835164837,11,0.0,0.44835164835164837,11,0.0,0.29398663697104677,11,0.0,0.0,True,0.0,False,False,False,0.0,0.0
rust-lang/rust-analyzer,1810e90078620884,False,1,227,True,0.0,0.2555066079295154,8,0.0,0.31277533039647576,8,0.0,0.31277533039647576,10,0.0,0.32158590308370044,8,0.0,0.0,True,0.0,False,False,False,0.0,0.0
rust-lang/rust-analyzer,a03a22f9605d5b82,False,1,551,True,0.0,0.604355716878403,7,0.0,0.617059891107078,7,0.0,0.6406533575317604,7,0.0,0.604355716878403,7,0.0,0.0,True,0.0,False,False,False,0.0,0.0
rust-lang/rust-analyzer,266f75fb23397c5c,False,3,1026,True,0.0,0.39766081871345027,6,0.0,0.34307992202729043,7,0.0,0.38693957115009747,8,0.0,0.39766081871345027,6,0.0,0.0,True,0.0,False,False,False,0.0,0.0
rust-lang/rust-analyzer,dd865155fdab02ce,False,0,128,True,0.0,0.390625,10,0.0,0.40625,10,0.0,0.40625,9,0.0,0.390625,10,1.0,0.3333333333333333,True,0.0,False,False,False,0.0,0.0
rust-lang/rust-analyzer,ef1895bc2ac7cc88,False,2,542,True,0.0,0.2785977859778598,13,0.0,0.3062730627306273,16,0.0,0.33025830258302585,17,0.0,0.2785977859778598,13,0.0,0.5,True,0.0,False,False,False,0.0,0.0
rust-lang/rust-analyzer,77c8ce803746d1ca,False,0,448,True,0.0,0.23214285714285715,12,0.0,0.24107142857142858,12,0.0,0.24330357142857142,11,0.0,0.23214285714285715,12,0.0,0.0,True,0.0,False,False,False,0.0,0.0
rust-lang/rust-analyzer,5ae1a752d230a655,False,0,127,True,0.0,0.6299212598425197,6,0.0,0.6299212598425197,6,0.0,0.5984251968503937,8,0.0,0.6299212598425197,6,0.0,0.0,True,0.0,False,False,False,0.0,0.0
rust-lang/rust-analyzer,8375384b74d1a22f,False,0,148,True,0.0,0.9256756756756757,6,0.0,0.9256756756756757,6,0.0,0.9256756756756757,6,0.0,0.9256756756756757,6,1.0,0.25,True,0.0,False,False,False,0.0,0.0
rust-lang/rust-analyzer,4965c7c392494dc8,False,0,403,True,0.0,0.8933002481389578,10,0.0,0.8933002481389578,10,0.0,0.8957816377171216,10,0.0,0.8933002481389578,10,0.0,0.0,True,0.0,False,False,False,0.0,0.0
rust-lang/rust-analyzer,0fd0fa5017a2f412,False,1,1034,True,0.0,0.3491295938104449,12,0.0,0.3491295938104449,12,1.0,0.3065764023210832,13,0.0,0.3494675701839303,12,0.0,0.0,True,0.0,False,False,False,0.0,0.0
rust-lang/rust-analyzer,90deb59979ad896f,False,0,85,True,0.0,0.9529411764705882,4,0.0,0.9529411764705882,4,0.0,0.9529411764705882,4,0.0,0.9529411764705882,4,0.0,0.0,True,0.0,False,False,False,0.0,0.0
rust-lang/rust-analyzer,54bf89eb5ed83b95,False,2,361,True,0.0,0.4293628808864266,9,0.0,0.4598337950138504,9,0.0,0.4792243767313019,12,0.0,0.4293628808864266,9,0.0,0.0,True,0.0,False,False,False,0.0,0.0
rust-lang/rust-analyzer,a912e1344ccc0051,False,3,2166,True,0.0,0.5983379501385041,17,0.0,0.6034164358264081,18,0.0,0.592797783933518,18,0.0,0.5983379501385041,17,0.0,0.5,True,0.0,False,False,False,0.0,0.0
google/flax,fb698a48493d9787,False,1,127,True,0.0,0.47244094488188976,4,0.0,0.4881889763779528,4,0.0,0.36220472440944884,7,0.0,0.52,4,0.0,0.0,False,0.0,False,False,False,0.0,0.0
google/flax,ac64ef8527ae90a7,False,0,213,True,0.0,0.7511737089201878,2,0.0,0.7511737089201878,2,0.0,0.7511737089201878,2,0.0,0.9330143540669856,3,0.0,0.0,False,0.0,False,False,False,0.0,0.0
google/flax,94886438e3331793,False,1,2176,True,0.0,0.22380514705882354,15,0.0,0.21691176470588236,15,0.0,0.24356617647058823,14,0.0,0.2277181521231918,14,0.0,0.0,True,0.0,False,False,False,0.0,0.0
google/flax,17151e4404248147,False,0,224,True,0.0,0.7946428571428571,1,0.0,0.875,2,0.0,0.8839285714285714,2,0.0,0.8834080717488789,2,0.0,0.0,False,0.0,False,False,False,0.0,0.0
google/flax,c030f0e038ca82a9,False,0,69,True,0.0,0.7536231884057971,3,0.0,0.7536231884057971,3,0.0,0.5507246376811594,4,0.0,0.8260869565217391,3,0.0,0.0,False,0.0,False,False,False,0.0,0.0
google/flax,90d348f39e59ace8,False,1,63,True,0.0,0.6190476190476191,2,0.0,0.6190476190476191,2,0.0,0.3492063492063492,4,0.0,0.6349206349206349,1,0.0,0.0,False,0.0,False,False,False,0.0,0.0
google/flax,d53cff3509f30c88,False,1,1216,True,0.0,0.2738486842105263,25,0.0,0.2837171052631579,24,0.0,0.2713815789473684,24,0.0,0.2810945273631841,24,0.0,0.5,True,0.0,False,False,False,0.0,0.0
google/flax,86483905214c5d66,False,0,3372,True,0.0,0.23487544483985764,16,0.0,0.23843416370106763,16,0.0,0.2372479240806643,16,0.0,0.24491626794258373,14,0.0,0.0,True,0.0,False,False,False,0.0,0.0
bitwarden/clients,0c9c5103bfe05e13,False,1,244,True,1.0,0.8114754098360656,5,1.0,0.8114754098360656,5,1.0,0.8114754098360656,5,1.0,0.8729508196721312,5,0.0,0.0,True,0.5,False,False,False,1.0,1.0
bitwarden/clients,cb92ab23c632a54f,False,0,76,True,0.0,0.881578947368421,3,0.0,0.8947368421052632,2,0.0,0.8947368421052632,2,0.0,0.8947368421052632,2,0.0,0.0,True,0.0,False,False,False,0.0,0.0
bitwarden/clients,4512e32200681894,False,0,81,True,0.0,0.5185185185185185,5,0.0,0.5185185185185185,5,0.0,0.5185185185185185,6,0.0,0.5185185185185185,4,1.0,0.3333333333333333,True,0.0,False,False,False,0.0,0.0
bitwarden/clients,ea4799cd7ce303ff,False,0,77,True,0.0,0.8571428571428571,4,0.0,0.5324675324675324,2,0.0,0.5324675324675324,2,0.0,0.8831168831168831,3,0.0,0.0,True,0.0,False,False,False,0.0,0.0
bitwarden/clients,badcd786b0ef2766,False,0,6,True,0.0,0.8333333333333334,0,0.0,0.8333333333333334,0,0.0,0.8333333333333334,0,0.0,0.8333333333333334,0,0.0,0.5,True,0.0,False,False,False,0.0,0.0
bitwarden/clients,abf45997127b8aa8,False,2,237,True,0.0,0.43037974683544306,5,0.0,0.43037974683544306,5,0.0,0.4936708860759494,7,0.0,0.43037974683544306,5,0.0,0.0,True,0.0,False,False,False,0.0,0.0
bitwarden/clients,fd21b3bf705efa98,True,1,190,True,0.0,0.4,10,0.0,0.5210526315789473,11,0.0,0.5105263157894737,12,0.0,0.5851063829787234,11,0.0,0.6666666666666666,True,0.0,False,False,False,0.0,0.0
bitwarden/clients,d443d807a8d31158,True,0,157,True,0.0,0.2484076433121019,5,0.0,0.21656050955414013,7,0.0,0.21656050955414013,7,0.0,0.2549019607843137,6,0.0,0.0,True,0.0,False,False,False,0.0,0.0
bitwarden/clients,358d4b55bdea735f,False,0,427,True,0.0,0.3770491803278688,9,0.0,0.3629976580796253,9,0.0,0.36065573770491804,14,0.0,0.38516746411483255,8,1.0,1.0,True,0.0,False,False,False,0.0,0.0
bitwarden/clients,dc01f5fb3330e9f7,False,0,262,True,0.0,0.22519083969465647,7,0.0,0.22519083969465647,7,0.3333333333333333,0.22137404580152673,8,0.0,0.22519083969465647,7,0.0,0.0,True,0.0,False,False,False,0.0,0.0
bitwarden/clients,039b87e87acf844e,False,6,4855,True,0.0,0.8768280123583934,11,0.0,0.8731204943357364,11,0.0,0.8735324407826982,21,0.0,0.9040164778578785,10,0.0,1.0,True,0.0,False,False,False,0.0,0.0
bitwarden/clients,f2ac0e1ec9ea15f6,True,0,275,True,0.0,0.8618181818181818,5,0.0,0.5890909090909091,6,0.0,0.5709090909090909,7,0.0,0.7788018433179723,8,0.0,0.0,False,0.0,False,False,False,0.0,0.0
bitwarden/clients,3fcc69122a9d21ba,False,0,257,True,1.0,0.8599221789883269,4,1.0,0.8560311284046692,4,1.0,0.8404669260700389,5,1.0,0.8599221789883269,3,1.0,1.0,True,0.0,False,False,False,1.0,1.0
bitwarden/clients,cd92ae2bb6529ba6,True,1,191,True,0.0,0.5968586387434555,7,0.0,0.5235602094240838,7,0.0,0.5287958115183246,7,0.0,0.6787878787878788,9,0.0,0.0,True,0.0,False,False,False,0.0,0.0
bitwarden/clients,bd53281292fce419,False,0,235,True,1.0,0.39148936170212767,4,1.0,0.3829787234042553,4,1.0,0.31063829787234043,7,1.0,0.40425531914893614,3,1.0,1.0,True,0.0,False,False,False,1.0,1.0
microsoft/terminal,204a17f6c39b4839,False,0,678,True,1.0,0.6017699115044248,5,1.0,0.5722713864306784,4,1.0,0.523598820058997,3,1.0,0.6017699115044248,4,1.0,1.0,True,0.0,False,False,False,1.0,1.0
microsoft/terminal,93e75da30c994717,False,0,791,True,0.0,0.5752212389380531,8,0.0,0.5853350189633375,8,0.0,0.5903919089759798,8,0.0,0.5929203539823009,7,0.0,0.3333333333333333,True,0.0,False,False,False,0.0,0.0
microsoft/terminal,d7ca72e0d5652fee,False,4,2675,True,0.0,0.2960747663551402,22,0.0,0.30018691588785046,23,0.0,0.36822429906542054,25,0.0,0.2960747663551402,22,0.0,0.0,True,0.0,False,False,False,0.0,0.0
microsoft/terminal,7e54de412f75a635,False,0,291,True,0.0,0.7835051546391752,3,0.0,0.7903780068728522,3,0.0,0.8109965635738832,4,0.0,0.8075601374570447,2,0.0,0.0,False,0.0,False,False,False,0.0,0.0
microsoft/terminal,70014401aabe6899,False,0,83,True,1.0,0.43373493975903615,9,1.0,0.43373493975903615,9,1.0,0.4457831325301205,9,1.0,0.4457831325301205,10,0.0,0.0,True,1.0,False,False,False,1.0,1.0
microsoft/terminal,443e43257f1cfd8b,False,1,1012,True,0.0,0.7351778656126482,7,0.0,0.7450592885375494,7,0.0,0.7480237154150198,8,0.0,0.7440711462450593,6,1.0,0.3333333333333333,True,0.0,False,False,False,0.0,0.0
microsoft/terminal,49c6a7089244cc62,False,0,440,True,0.0,0.8818181818181818,3,0.0,0.9022727272727272,2,0.0,0.9022727272727272,2,0.0,0.9022727272727272,2,0.0,0.0,False,0.0,False,False,False,0.0,0.0
quartznet/quartznet,bee513e9a79ff5fc,False,0,143,True,1.0,0.993006993006993,1,1.0,0.9230769230769231,3,1.0,0.9230769230769231,3,1.0,0.9558823529411765,2,1.0,1.0,True,0.0,False,False,False,1.0,1.0
quartznet/quartznet,f4105ad007e4984f,False,0,168,True,1.0,0.9880952380952381,2,1.0,0.8809523809523809,3,1.0,0.8809523809523809,3,1.0,0.9150326797385621,2,1.0,1.0,True,0.0,False,False,False,1.0,1.0
quartznet/quartznet,65cc6fff450599ed,True,0,137,True,1.0,0.7153284671532847,0,0.0,0.5109489051094891,2,0.0,0.5109489051094891,2,0.0,0.3888888888888889,2,1.0,0.5,True,0.0,False,False,False,1.0,0.0
quartznet/quartznet,629a1aecfc746c71,False,0,108,True,1.0,0.8055555555555556,1,1.0,0.7222222222222222,2,1.0,0.7222222222222222,2,1.0,0.7289719626168224,2,1.0,0.0,False,0.0,False,False,False,1.0,1.0
quartznet/quartznet,5ecc8bcf87c133ec,False,0,35,True,1.0,1.0,0,1.0,1.0,0,1.0,0.9714285714285714,1,1.0,1.0,0,1.0,0.0,False,0.0,False,False,False,1.0,1.0
quartznet/quartznet,6542c191856de134,False,5,1072,True,1.0,1.0,0,1.0,0.9347014925373134,3,1.0,0.9477611940298507,3,1.0,0.9279187817258884,2,1.0,1.0,True,0.0,False,False,False,1.0,1.0
quartznet/quartznet,8095d0ceeca6f0a4,False,0,48,True,1.0,1.0,0,1.0,0.9791666666666666,1,1.0,0.9791666666666666,1,1.0,0.95,0,0.0,0.0,False,0.0,False,False,False,1.0,1.0
quartznet/quartznet,61aecd43563a7bb1,False,4,963,True,1.0,0.9906542056074766,2,1.0,0.9439252336448598,6,1.0,0.9480789200415368,7,1.0,0.9329268292682927,5,1.0,1.0,True,0.0,False,False,False,1.0,1.0
quartznet/quartznet,b7f7af06b8ee60e5,False,0,724,True,1.0,0.9834254143646409,2,1.0,0.9696132596685083,3,1.0,0.9696132596685083,3,1.0,0.9674074074074074,3,1.0,1.0,True,0.0,False,False,False,1.0,1.0
quartznet/quartznet,23888833df43e6bb,False,0,132,True,1.0,0.9393939393939394,0,1.0,0.8636363636363636,2,1.0,0.8636363636363636,2,1.0,0.8615384615384616,2,0.0,0.0,True,0.0,False,False,False,1.0,1.0
quartznet/quartznet,30df74f6b6e5bedb,False,0,449,True,1.0,0.9487750556792873,3,1.0,0.7750556792873051,5,1.0,0.8173719376391982,5,1.0,0.7903225806451613,2,1.0,1.0,True,0.0,False,False,False,1.0,1.0
quartznet/quartznet,db9d1e7048d1aed7,True,1,30,True,1.0,0.5333333333333333,0,0.0,0.7333333333333333,0,0.0,0.7333333333333333,0,0.0,0.7931034482758621,0,0.0,0.0,True,0.0,False,False,False,1.0,0.0
quartznet/quartznet,9b2d3e9392feb90b,False,0,68,True,1.0,1.0,0,1.0,1.0,0,1.0,0.9264705882352942,0,1.0,0.9841269841269841,1,1.0,1.0,True,0.0,False,False,False,1.0,1.0
quartznet/quartznet,161307d6ba2e61f0,False,0,120,True,1.0,1.0,0,1.0,0.9583333333333334,2,1.0,0.9583333333333334,2,1.0,0.957983193277311,2,0.0,0.0,False,0.0,False,False,False,1.0,1.0
quartznet/quartznet,6f2f7bb646cb2dc5,False,0,186,True,1.0,1.0,0,1.0,0.8817204301075269,1,1.0,0.8870967741935484,0,1.0,0.8727272727272727,1,0.0,0.0,False,0.0,False,False,False,1.0,1.0
quartznet/quartznet,da596b9d3c1924b3,False,0,145,True,1.0,1.0,0,1.0,0.9517241379310345,2,1.0,0.9517241379310345,2,1.0,0.9444444444444444,2,1.0,0.0,False,0.0,False,False,False,1.0,1.0
quartznet/quartznet,ce2ef6ec0406667a,False,0,176,True,1.0,0.875,0,1.0,0.5340909090909091,0,1.0,0.6136363636363636,0,1.0,0.6959459459459459,1,1.0,1.0,True,0.0,False,False,False,1.0,1.0
quartznet/quartznet,4c2326e2e13820c9,True,0,137,True,1.0,0.7445255474452555,0,0.0,0.8978102189781022,0,0.0,0.8978102189781022,0,0.0,0.8991596638655462,0,1.0,0.0,False,0.0,False,False,False,1.0,0.0
quartznet/quartznet,05a9605865ad401b,False,0,51,True,1.0,1.0,0,1.0,0.9607843137254902,1,1.0,0.9607843137254902,1,1.0,0.9795918367346939,1,0.0,0.0,False,0.0,False,False,False,1.0,1.0
quartznet/quartznet,7a3589a4a9806dd7,False,0,400,True,1.0,0.9325,2,1.0,0.795,4,1.0,0.805,4,1.0,0.8128654970760234,3,1.0,0.5,True,0.0,False,False,False,1.0,1.0
quartznet/quartznet,1dbb0fc054616997,False,0,706,True,0.0,0.6331444759206799,0,0.0,0.6501416430594901,1,0.0,0.6713881019830028,2,0.0,0.6478260869565218,0,1.0,0.5,True,0.0,False,False,False,0.0,0.0
quartznet/quartznet,c8eb0188b329d75a,False,0,53,True,1.0,1.0,0,1.0,0.9245283018867925,2,1.0,0.9245283018867925,2,1.0,0.7884615384615384,1,0.0,0.0,False,0.0,False,False,False,1.0,1.0
quartznet/quartznet,7b923281138ac81b,False,0,271,True,1.0,0.992619926199262,1,1.0,0.933579335793358,0,1.0,0.948339483394834,2,1.0,0.9333333333333333,0,1.0,0.0,False,0.0,False,False,False,1.0,1.0
libvips/libvips,a56c3d2b060ced9a,False,0,184,True,1.0,0.6630434782608695,1,1.0,0.9402173913043478,3,1.0,0.9293478260869565,4,1.0,0.9723756906077348,3,0.0,0.0,True,0.0,False,False,False,1.0,1.0
libvips/libvips,2233bbb9d4bd2be3,False,0,305,True,1.0,0.6491803278688525,1,1.0,0.9540983606557377,2,1.0,0.9475409836065574,3,1.0,0.9733333333333334,2,0.0,0.0,True,0.0,False,False,False,1.0,1.0
libvips/libvips,791e06df9f241f57,False,2,1309,True,0.0,0.6233766233766234,2,0.0,0.7448433919022154,2,0.0,0.7181054239877769,3,0.0,0.7572741194486983,2,1.0,0.0,True,1.0,False,False,False,0.0,0.0
libvips/libvips,d6d0f796fd50a988,False,0,616,True,1.0,0.5243506493506493,3,1.0,0.8392857142857143,4,1.0,0.8392857142857143,4,1.0,0.8531810766721044,4,0.0,0.0,True,0.0,False,False,False,1.0,1.0
libvips/libvips,31e9cef618d7cf6d,False,0,337,True,1.0,0.6468842729970327,1,1.0,0.9258160237388724,1,1.0,0.9198813056379822,2,1.0,0.9790419161676647,2,1.0,0.5,True,0.0,False,False,False,1.0,1.0
libvips/libvips,107e910e9f2ebfb9,False,0,25,True,1.0,1.0,0,1.0,1.0,0,1.0,1.0,0,1.0,1.0,0,1.0,1.0,True,1.0,False,False,False,1.0,1.0
libvips/libvips,5856939957ed519d,True,1,495,True,0.0,0.6686868686868687,1,1.0,0.6424242424242425,2,1.0,0.6828282828282828,5,1.0,0.6437246963562753,2,0.0,0.0,True,0.0,False,False,False,0.0,1.0
libvips/libvips,59ab76f688c40b46,False,0,196,True,1.0,0.5714285714285714,1,1.0,0.9285714285714286,1,1.0,0.9183673469387755,2,1.0,0.9689119170984456,2,0.0,0.5,True,0.0,False,False,False,1.0,1.0
libvips/libvips,68009039a373af88,False,1,1061,True,1.0,0.6022620169651273,2,1.0,0.823751178133836,3,1.0,0.8699340245051838,3,1.0,0.8781869688385269,3,0.0,0.0,True,0.0,False,False,False,1.0,1.0
libvips/libvips,8570e4ef2b24383b,False,0,625,True,1.0,0.632,2,1.0,0.864,3,1.0,0.8656,3,1.0,0.8938906752411575,3,0.0,0.5,True,1.0,False,False,False,1.0,1.0
marimo-team/marimo,a817063ee7032cfe,False,1,1286,True,1.0,0.6772939346811819,1,1.0,0.6648522550544324,1,1.0,0.5660964230171073,1,1.0,0.6772939346811819,1,0.0,1.0,True,0.0,False,False,False,1.0,1.0
marimo-team/marimo,f23435c0238935bf,False,4,637,True,1.0,0.49607535321821034,1,1.0,0.49607535321821034,2,0.0,0.4945054945054945,5,1.0,0.49607535321821034,1,0.0,0.0,True,0.0,False,False,False,1.0,1.0
marimo-team/marimo,d5c44f19e474911f,False,4,103,True,1.0,0.9611650485436893,1,1.0,0.9611650485436893,1,1.0,0.9611650485436893,1,1.0,0.9504950495049505,1,1.0,1.0,True,1.0,False,False,False,1.0,1.0
marimo-team/marimo,c5245b2c9e856636,False,1,115,True,0.0,0.7652173913043478,0,0.0,0.8869565217391304,0,0.0,0.8434782608695652,2,0.0,0.7610619469026548,0,0.0,0.0,True,0.0,False,False,False,0.0,0.0
marimo-team/marimo,175c97271b8a5580,False,6,1245,True,1.0,0.7164658634538152,7,1.0,0.7172690763052209,7,1.0,0.695582329317269,7,1.0,0.7156626506024096,7,1.0,1.0,True,1.0,False,False,False,1.0,1.0
marimo-team/marimo,ddd72f6e0a510191,False,4,304,True,1.0,0.8618421052631579,1,1.0,0.8618421052631579,1,1.0,0.743421052631579,2,1.0,0.8618421052631579,1,1.0,1.0,True,0.0,False,False,False,1.0,1.0
marimo-team/marimo,d3df524aa96725fc,False,2,94,True,1.0,0.7446808510638298,1,1.0,0.7446808510638298,1,0.5,0.3723404255319149,1,1.0,0.782608695652174,1,0.0,0.0,True,0.0,False,False,False,1.0,1.0
marimo-team/marimo,c563cec0a369edb2,False,6,262,True,0.0,0.6374045801526718,0,0.0,0.6374045801526718,0,0.0,0.6526717557251909,3,0.0,0.6374045801526718,0,0.0,1.0,True,1.0,False,False,False,0.0,0.0
marimo-team/marimo,c61df00cafce26a1,False,1,98,True,0.0,0.7551020408163265,2,0.0,0.7551020408163265,2,0.0,0.7551020408163265,2,0.0,0.7916666666666666,2,0.0,0.0,True,0.0,False,False,False,0.0,0.0
marimo-team/marimo,62e15a3716290497,False,2,928,True,0.0,0.7683189655172413,4,0.0,0.7737068965517241,4,0.0,0.7456896551724138,4,0.0,0.7640086206896551,4,0.0,0.0,True,0.0,False,False,False,0.0,0.0
marimo-team/marimo,6339416155189042,False,2,215,True,1.0,0.6651162790697674,0,1.0,0.6651162790697674,1,1.0,0.6651162790697674,2,1.0,0.6651162790697674,0,1.0,1.0,True,1.0,False,False,False,1.0,1.0
marimo-team/marimo,fdfead647ed3907e,False,1,40,True,0.0,1.0,0,0.0,1.0,0,0.0,1.0,0,0.0,1.0,0,0.0,0.0,True,0.0,False,False,False,0.0,0.0
marimo-team/marimo,19c4aaa8d31ad64e,False,8,661,True,1.0,0.7382753403933434,3,1.0,0.7443267776096822,3,1.0,0.7337367624810892,3,1.0,0.7382753403933434,3,0.0,1.0,True,1.0,False,False,False,1.0,1.0
marimo-team/marimo,769e2510b9e122ed,False,0,29,True,0.0,0.8275862068965517,1,0.0,0.8275862068965517,1,0.0,0.8275862068965517,1,0.0,0.8620689655172413,0,1.0,1.0,True,1.0,False,False,False,0.0,0.0
marimo-team/marimo,4be5c3bdbc728b76,False,16,1124,True,0.0,0.22953736654804271,2,0.0,0.22953736654804271,2,0.0,0.24377224199288255,2,0.0,0.22953736654804271,2,1.0,0.0,True,0.0,False,False,False,0.0,0.0
marimo-team/marimo,742b64116b733b7d,False,6,506,True,0.0,0.6778656126482213,4,0.0,0.6798418972332015,4,0.0,0.8043478260869565,6,0.0,0.6778656126482213,4,1.0,1.0,True,0.0,False,False,False,0.0,0.0
marimo-team/marimo,bb451ef0535e82fb,False,2,580,True,1.0,0.7068965517241379,0,1.0,0.7068965517241379,0,1.0,0.7482758620689656,0,1.0,0.7063903281519862,0,1.0,0.0,True,1.0,False,False,False,1.0,1.0
marimo-team/marimo,3fb51585ec533708,False,10,1094,True,1.0,0.8692870201096892,0,1.0,0.8647166361974405,0,1.0,0.8893967093235832,1,1.0,0.8692870201096892,0,1.0,1.0,True,1.0,False,False,False,1.0,1.0
marimo-team/marimo,bb106fef5b632630,False,0,410,True,1.0,0.7341463414634146,2,1.0,0.7414634146341463,2,1.0,0.8048780487804879,3,1.0,0.7341463414634146,2,1.0,1.0,True,1.0,False,False,False,1.0,1.0
marimo-team/marimo,72a1d8550dd92f54,False,8,1239,True,1.0,0.43341404358353514,6,1.0,0.4132364810330912,6,1.0,0.48426150121065376,6,1.0,0.4305331179321486,6,1.0,1.0,True,1.0,False,False,False,1.0,1.0
marimo-team/marimo,86988d3472f5c230,False,3,699,True,1.0,0.8426323319027181,6,1.0,0.8412017167381974,6,1.0,0.8340486409155937,8,1.0,0.8426323319027181,6,0.0,1.0,True,1.0,False,False,False,1.0,1.0
marimo-team/marimo,d6855dd865b23c20,False,10,563,True,1.0,0.6234458259325044,3,1.0,0.6216696269982238,4,1.0,0.61101243339254,5,1.0,0.6198934280639432,3,1.0,1.0,True,1.0,False,False,False,1.0,1.0
marimo-team/marimo,ccc8cccb8075cff7,False,3,550,True,1.0,0.8381818181818181,1,1.0,0.9072727272727272,2,1.0,0.9309090909090909,2,1.0,0.8363636363636363,1,1.0,1.0,True,1.0,False,False,False,1.0,1.0
marimo-team/marimo,5a4d04090e6e450c,False,0,155,True,0.0,0.9548387096774194,3,0.0,0.9548387096774194,3,0.0,0.9548387096774194,3,0.0,0.9548387096774194,3,0.0,0.0,True,0.0,False,False,False,0.0,0.0
marimo-team/marimo,a7fd7ef151ad3d08,False,0,202,True,1.0,0.905940594059406,1,1.0,0.8465346534653465,1,1.0,0.9752475247524752,2,1.0,0.905940594059406,1,0.0,1.0,True,1.0,False,False,False,1.0,1.0
reduxjs/redux,b82b4eff691487ba,False,0,878,True,1.0,0.9829157175398633,9,1.0,0.9829157175398633,9,1.0,0.9840546697038725,8,1.0,0.9829157175398633,9,0.0,0.0,True,1.0,False,False,False,1.0,1.0
reduxjs/redux,6931782a027ea4bd,False,2,929,True,0.0,0.22497308934337998,24,0.0,0.19590958019375673,24,0.0,0.20667384284176535,23,0.0,0.22545846817691478,24,0.0,0.0,False,0.0,False,False,False,0.0,0.0
reduxjs/redux,d38d020775e46c32,False,0,930,True,1.0,0.989247311827957,8,1.0,0.9881720430107527,9,1.0,0.9881720430107527,9,1.0,0.9881720430107527,9,0.0,0.25,True,1.0,False,False,False,1.0,1.0
reduxjs/redux,d4a8547cf3611664,False,2,499,True,0.0,0.3246492985971944,33,0.0,0.3246492985971944,32,0.0,0.28256513026052105,29,0.0,0.3246492985971944,33,1.0,0.0,False,0.0,False,False,False,0.0,0.0
reduxjs/redux,406aff0f0a15ef94,False,3,1639,True,1.0,0.975594874923734,10,1.0,0.9676632092739476,11,1.0,0.9682733374008542,10,1.0,0.975594874923734,10,1.0,0.5,True,1.0,False,False,False,1.0,1.0
reduxjs/redux,263251b8ec97f0b9,False,0,384,True,0.0,0.24479166666666666,12,0.0,0.21354166666666666,11,0.0,0.20572916666666666,12,0.0,0.24479166666666666,12,0.0,0.0,False,1.0,False,False,False,0.0,0.0
getmoto/moto,1c25a74ae153d6ac,False,1,851,True,0.0,0.5981198589894242,8,0.0,0.6921269095182139,9,0.0,0.7262044653349001,9,0.0,0.5981198589894242,8,0.0,0.0,True,0.0,False,False,False,0.0,0.0
getmoto/moto,cf2f90c53ccbd6cc,False,0,116,True,0.0,0.9827586206896551,1,0.0,0.9827586206896551,1,0.0,0.9827586206896551,1,0.0,0.9827586206896551,1,0.0,0.0,False,0.0,False,False,False,0.0,0.0
getmoto/moto,ee4dc8ca4f7847b0,False,1,140,True,0.0,0.42142857142857143,2,0.0,0.42142857142857143,2,0.0,0.6642857142857143,2,0.0,0.4357142857142857,2,0.0,0.0,True,0.0,False,False,False,0.0,0.0
getmoto/moto,80f8e1ef0d831d28,False,0,208,True,0.0,0.3173076923076923,6,0.0,0.3173076923076923,6,0.0,0.3076923076923077,6,0.0,0.3173076923076923,5,1.0,0.5,True,0.0,False,False,False,0.0,0.0
getmoto/moto,4d53d2456ab2314d,False,1,266,True,0.0,0.4774436090225564,5,0.0,0.4774436090225564,5,0.0,0.4473684210526316,6,0.0,0.47924528301886793,4,0.0,0.0,True,0.0,False,False,False,0.0,0.0
getmoto/moto,39f6e1e3ef6a4854,False,1,15,True,0.0,0.4666666666666667,0,0.0,0.4666666666666667,0,0.0,0.4666666666666667,0,0.0,0.5384615384615384,0,0.0,0.0,False,0.0,False,False,False,0.0,0.0
getmoto/moto,32d9ec7f22801d2c,False,0,103,True,0.0,0.941747572815534,4,0.0,0.941747572815534,4,0.0,0.9514563106796117,4,0.0,0.9509803921568627,3,0.0,0.0,True,0.0,False,False,False,0.0,0.0
getmoto/moto,8aad8f517fd5b893,False,0,2903,True,0.0,0.31898036513951084,39,0.0,0.3083017568033069,39,0.0,0.26524285222183946,43,0.0,0.319060773480663,38,0.0,0.5,True,0.0,False,False,False,0.0,0.0
getmoto/moto,bee66f315fabfd80,False,1,2154,True,0.0,0.34447539461467036,26,0.0,0.340297121634169,27,0.0,0.27530176415970287,26,0.0,0.3462264150943396,23,0.0,0.5,True,0.0,False,False,False,0.0,0.0
getmoto/moto,f22f779763a873a5,False,0,61,True,0.0,0.639344262295082,5,0.0,0.639344262295082,5,0.0,0.639344262295082,5,0.0,0.639344262295082,5,0.0,0.0,False,0.0,False,False,False,0.0,0.0
getmoto/moto,7e4f38d47933004c,False,0,413,True,1.0,0.9951573849878934,1,1.0,0.9951573849878934,1,1.0,0.9709443099273608,2,1.0,0.9951573849878934,1,1.0,1.0,True,0.0,False,False,False,1.0,1.0
getmoto/moto,68aa63c1a3602ddf,False,0,76,True,0.0,0.5394736842105263,2,0.0,0.5394736842105263,2,0.0,0.5394736842105263,2,0.0,0.5466666666666666,1,0.0,0.0,False,0.0,False,False,False,0.0,0.0
getmoto/moto,58cffcec6674d94b,False,0,252,True,0.0,0.23809523809523808,10,0.0,0.23809523809523808,10,0.0,0.24603174603174602,7,0.0,0.23904382470119523,9,1.0,1.0,True,0.0,False,False,False,0.0,0.0
getmoto/moto,0254741d2faff4bf,False,0,190,True,0.0,0.4368421052631579,9,0.0,0.4421052631578947,9,0.0,0.4421052631578947,9,0.0,0.4473684210526316,9,1.0,0.5,True,0.0,False,False,False,0.0,0.0
getmoto/moto,36827a406ea09802,False,0,814,True,0.0,0.5712530712530712,20,0.0,0.5712530712530712,20,0.0,0.5724815724815725,20,0.0,0.7493857493857494,20,0.0,0.0,True,0.0,False,False,False,0.0,0.0
getmoto/moto,c0308907a83c54ae,False,2,395,True,0.0,0.39746835443037976,4,0.0,0.29873417721518986,5,0.0,0.33164556962025316,6,0.0,0.3994910941475827,4,0.0,0.0,True,0.0,False,False,False,0.0,0.0
getmoto/moto,72fae6e95b663a05,False,0,135,True,0.0,0.9111111111111111,3,0.0,0.9111111111111111,3,0.0,0.9185185185185185,2,0.0,0.917910447761194,2,1.0,0.0,False,0.0,False,False,False,0.0,0.0
Qiskit/qiskit,6f7ac69029085a69,False,0,88,True,0.0,1.0,0,0.0,1.0,0,0.0,0.8977272727272727,0,0.0,1.0,0,0.0,0.0,True,0.0,False,False,False,0.0,0.0
Qiskit/qiskit,b63a6a5399043bf7,False,1,159,True,0.0,0.3710691823899371,4,0.0,0.37735849056603776,4,0.0,0.29559748427672955,7,0.0,0.37735849056603776,4,0.0,1.0,True,1.0,False,False,False,0.0,0.0
Qiskit/qiskit,18443e8f68bc67d9,False,0,272,True,0.0,0.47794117647058826,12,0.0,0.48161764705882354,12,0.0,0.3088235294117647,16,0.0,0.5055350553505535,13,0.0,0.0,True,0.0,False,False,False,0.0,0.0
Qiskit/qiskit,75175d9c6f3e286f,False,1,533,True,1.0,0.6547842401500938,2,1.0,0.6191369606003753,2,1.0,0.6041275797373359,2,1.0,0.6566604127579737,2,1.0,0.0,True,0.0,False,False,False,1.0,1.0
Qiskit/qiskit,a95d670e90cf72b0,False,0,171,True,0.0,0.9766081871345029,1,0.0,0.9766081871345029,1,0.0,0.9064327485380117,1,0.0,0.9766081871345029,1,0.0,0.0,True,0.0,False,False,False,0.0,0.0
Qiskit/qiskit,c345420852085338,False,1,282,True,0.0,0.7907801418439716,7,0.0,0.8439716312056738,9,0.0,0.7695035460992907,10,0.0,0.8900709219858156,7,0.0,0.0,True,1.0,False,False,False,0.0,0.0
Qiskit/qiskit,c5ffeb363e2624e3,False,0,371,True,0.0,0.4474393530997305,9,0.0,0.4582210242587601,8,0.0,0.4420485175202156,13,0.0,0.5880758807588076,9,1.0,1.0,True,1.0,False,False,False,0.0,0.0
Qiskit/qiskit,a13750b6e836f665,False,0,330,True,0.0,0.6181818181818182,6,0.0,0.6242424242424243,6,0.0,0.6242424242424243,8,0.0,0.6990881458966566,8,0.0,0.0,False,1.0,False,False,False,0.0,0.0
Qiskit/qiskit,78f22c977d56c4a6,False,0,101,True,0.0,0.7524752475247525,3,0.0,0.7821782178217822,4,0.0,0.6633663366336634,6,0.0,0.7821782178217822,2,1.0,1.0,True,1.0,False,False,False,0.0,0.0
Qiskit/qiskit,9d30dad8d1a813da,False,1,755,True,0.0,0.7403973509933774,21,0.0,0.7417218543046358,20,0.0,0.7324503311258278,22,0.0,0.764,20,0.0,0.0,True,1.0,False,False,False,0.0,0.0
Qiskit/qiskit,3e460c80db9b2b95,False,0,247,True,0.0,0.5506072874493927,7,0.0,0.5506072874493927,7,0.0,0.4939271255060729,11,0.0,0.5785123966942148,6,0.0,0.0,False,0.0,False,False,False,0.0,0.0
Qiskit/qiskit,5447e5531a6e91ae,False,0,350,True,0.0,0.4057142857142857,3,0.0,0.43714285714285717,4,0.0,0.4085714285714286,4,0.0,0.501432664756447,4,0.0,0.5,True,1.0,False,False,False,0.0,0.0
Qiskit/qiskit,525c55138e11d21c,False,0,84,True,0.0,0.6904761904761905,1,0.0,0.6904761904761905,1,0.0,0.6190476190476191,1,0.0,0.7142857142857143,0,0.0,0.0,False,0.0,False,False,False,0.0,0.0
Qiskit/qiskit,9a9fbd3ccf9e2411,False,0,123,True,0.0,0.8780487804878049,5,0.0,0.8943089430894309,5,0.0,0.7967479674796748,5,0.0,0.926829268292683,4,1.0,0.5,True,1.0,False,False,False,0.0,0.0
Qiskit/qiskit,5fd80c35713f1aad,False,0,187,True,0.0,0.7165775401069518,4,0.0,0.7165775401069518,4,0.0,0.6684491978609626,5,0.0,0.7165775401069518,4,1.0,1.0,True,1.0,False,False,False,0.0,0.0
Qiskit/qiskit,ce2ecc20bef4cc3d,False,0,96,True,0.0,0.53125,5,0.0,0.5520833333333334,5,0.0,0.4479166666666667,7,0.0,0.6021505376344086,6,0.0,0.0,True,1.0,False,False,False,0.0,0.0
Qiskit/qiskit,212145e019e65179,False,0,158,True,0.0,0.689873417721519,4,0.0,0.7341772151898734,4,0.0,0.6582278481012658,4,0.0,0.7834394904458599,4,1.0,0.5,True,1.0,False,False,False,0.0,0.0
Qiskit/qiskit,55dece968b00965d,False,1,40,True,0.0,0.725,1,0.0,0.725,1,0.0,0.5,2,0.0,0.775,2,0.0,0.0,True,0.0,False,False,False,0.0,0.0
Qiskit/qiskit,fad7b39a2aa659f4,False,1,154,True,0.0,0.7012987012987013,5,0.0,0.7207792207792207,5,0.0,0.6818181818181818,7,0.0,0.7450980392156863,6,0.0,0.0,False,1.0,False,False,False,0.0,0.0
Qiskit/qiskit,26d267849c2c2f1d,False,0,194,True,0.0,0.8041237113402062,9,0.0,0.8041237113402062,9,0.0,0.8041237113402062,9,0.0,0.8041237113402062,9,0.0,0.0,True,0.0,False,False,False,0.0,0.0
Qiskit/qiskit,796dcfd932631e95,False,0,52,True,0.0,0.5961538461538461,2,0.0,0.7307692307692307,2,0.0,0.4423076923076923,3,0.0,0.7884615384615384,2,1.0,1.0,True,1.0,False,False,False,0.0,0.0
Qiskit/qiskit,a7f94778c8a9f53e,False,0,245,True,0.0,0.8979591836734694,1,0.0,0.9020408163265307,1,0.0,0.8693877551020408,1,0.0,0.9061224489795918,2,1.0,1.0,True,1.0,False,False,False,0.0,0.0
Qiskit/qiskit,c308c60e644b141e,False,0,951,True,1.0,0.9137749737118822,1,1.0,0.9137749737118822,1,1.0,0.889589905362776,3,1.0,0.917981072555205,1,0.0,0.0,True,0.0,False,False,False,1.0,1.0
Qiskit/qiskit,47c3d59eb3d6911c,False,0,53,True,0.0,0.6415094339622641,0,0.0,0.660377358490566,0,0.0,0.5660377358490566,0,0.0,0.8113207547169812,0,0.0,0.0,False,1.0,False,False,False,0.0,0.0
Qiskit/qiskit,c43e40f0781914fd,False,1,197,True,1.0,0.5939086294416244,5,1.0,0.583756345177665,5,1.0,0.5685279187817259,6,1.0,0.583756345177665,5,1.0,0.5,True,1.0,False,False,False,1.0,1.0
beeware/toga,af3b1ea0d65dc0cb,False,0,163,True,0.0,0.3803680981595092,3,0.0,0.36809815950920244,3,0.0,0.3558282208588957,3,0.0,0.38271604938271603,4,0.0,0.0,True,0.0,False,False,False,0.0,0.0
beeware/toga,0fddda2a0ba1458d,False,1,156,True,0.0,0.8269230769230769,1,0.0,0.8397435897435898,1,0.0,0.7948717948717948,2,0.0,0.7908496732026143,1,0.0,0.0,True,0.0,False,False,False,0.0,0.0
beeware/toga,85933aa74a2d66c3,False,0,389,True,0.0,0.6503856041131105,8,0.0,0.6452442159383034,8,0.0,0.6401028277634961,9,0.0,0.622107969151671,10,1.0,1.0,True,0.0,False,False,False,0.0,0.0
beeware/toga,b3f3c4eb58624fde,False,1,145,True,0.0,0.5103448275862069,2,0.0,0.4827586206896552,2,0.0,0.4482758620689655,3,0.0,0.4405594405594406,2,0.0,0.0,True,0.0,False,False,False,0.0,0.0
beeware/toga,c2b19432fc6a47dc,False,0,185,True,0.0,0.4756756756756757,4,0.0,0.4810810810810811,5,0.0,0.4648648648648649,5,0.0,0.4756756756756757,4,0.0,0.0,True,0.0,False,False,False,0.0,0.0
WebAssembly/binaryen,475662620eda9cf7,False,1,499,True,0.0,0.5831663326653307,5,0.0,0.5811623246492986,5,0.0,0.5671342685370742,6,0.0,0.5350701402805611,5,0.0,0.0,False,0.0,False,False,False,0.0,0.0
WebAssembly/binaryen,f71562f1ae0bc888,False,1,634,True,1.0,0.8769716088328076,3,1.0,0.8596214511041009,3,1.0,0.8280757097791798,5,1.0,0.8690851735015773,3,1.0,1.0,True,1.0,False,False,False,1.0,1.0
WebAssembly/binaryen,503ab0ba884eaf72,False,0,3178,True,0.0,0.40151038388923854,22,0.0,0.39269981120201386,24,0.0,0.3766519823788546,21,0.0,0.3367989918084436,22,0.0,0.0,True,0.0,False,False,False,0.0,0.0
WebAssembly/binaryen,192faa98f1c3aee6,False,0,397,True,0.0,0.5440806045340051,7,0.0,0.5743073047858942,7,0.0,0.5465994962216625,8,0.0,0.6060606060606061,7,0.0,0.0,False,1.0,False,False,False,0.0,0.0
WebAssembly/binaryen,5c83336f7baf6c0f,False,0,124,True,0.0,0.3951612903225806,2,0.0,0.4032258064516129,2,0.0,0.29838709677419356,3,0.0,0.4112903225806452,2,0.0,0.0,False,0.0,False,False,False,0.0,0.0
WebAssembly/binaryen,d35fe3ff4a2f996e,False,2,713,True,0.0,0.3394109396914446,5,0.0,0.3436185133239832,5,0.0,0.3590462833099579,5,0.0,0.39691444600280507,5,0.0,0.0,True,0.0,False,False,False,0.0,0.0
WebAssembly/binaryen,9ab8377c726c36e4,False,1,204,True,0.0,0.3235294117647059,15,1.0,0.3137254901960784,17,1.0,0.3137254901960784,17,0.0,0.3235294117647059,15,1.0,1.0,True,1.0,False,False,False,0.0,0.0
WebAssembly/binaryen,d6216123cb37a702,False,0,46,True,0.0,0.9565217391304348,1,0.0,0.9565217391304348,1,0.0,0.6086956521739131,1,0.0,0.9565217391304348,1,0.0,0.0,False,0.0,False,False,False,0.0,0.0
WebAssembly/binaryen,a03555ee930b0f0e,False,1,562,True,0.0,0.5498220640569395,7,0.0,0.5622775800711743,7,0.0,0.5533807829181495,9,0.0,0.6035714285714285,7,1.0,0.0,False,1.0,False,False,False,0.0,0.0
WebAssembly/binaryen,c2f8b3972bf7e181,False,2,1568,True,1.0,0.5382653061224489,9,1.0,0.5433673469387755,9,1.0,0.5758928571428571,10,1.0,0.5267857142857143,9,0.0,0.0,True,1.0,False,False,False,1.0,1.0
WebAssembly/binaryen,a27d250ae185bc50,False,0,279,True,0.0,0.3835125448028674,4,0.0,0.41935483870967744,4,0.0,0.4229390681003584,4,0.0,0.41935483870967744,3,0.0,0.0,False,0.0,False,False,False,0.0,0.0
WebAssembly/binaryen,925a0ed439d65f9c,False,1,350,True,0.0,0.5085714285714286,4,0.0,0.5085714285714286,4,0.0,0.4,8,0.0,0.5085714285714286,5,0.0,0.0,True,0.0,False,False,False,0.0,0.0
WebAssembly/binaryen,591dd1af9b5a0dfb,True,1,424,True,1.0,0.3136792452830189,6,1.0,0.3113207547169811,6,1.0,0.2971698113207547,7,0.0,0.28132387706855794,6,0.0,0.0,True,1.0,False,False,True,1.0,0.0
WebAssembly/binaryen,e1f361a2d97280e8,True,1,1763,True,0.0,0.18094157685762904,21,0.0,0.18321043675553034,22,0.0,0.18094157685762904,22,0.0,0.18796138557637707,22,0.0,0.0,True,0.0,False,False,False,0.0,0.0
WebAssembly/binaryen,8a2fcfe668c20ad4,False,0,101,True,0.0,0.44554455445544555,3,0.0,0.4158415841584158,4,0.0,0.3069306930693069,4,0.0,0.44554455445544555,3,0.0,0.0,False,1.0,False,False,False,0.0,0.0
WebAssembly/binaryen,33c355080a3da123,False,0,80,True,0.0,0.475,1,0.0,0.55,1,0.0,0.5375,1,0.0,0.55,1,0.0,0.0,False,0.0,False,False,False,0.0,0.0
WebAssembly/binaryen,b7bff4a58486d2a6,False,0,382,True,0.0,0.6675392670157068,5,0.0,0.5732984293193717,6,0.0,0.5523560209424084,7,0.0,0.6020942408376964,5,0.0,0.0,False,0.0,False,False,False,0.0,0.0
WebAssembly/binaryen,c5ef9dac18a703eb,True,1,2060,True,1.0,0.4325242718446602,8,1.0,0.4262135922330097,8,1.0,0.41262135922330095,9,0.0,0.48250728862973763,9,1.0,1.0,True,1.0,False,False,True,1.0,0.0
WebAssembly/binaryen,27fb8edb3bf4c1e9,False,2,903,True,0.0,0.5337763012181617,7,0.0,0.5326688815060908,7,0.0,0.5359911406423035,8,0.0,0.5348837209302325,7,0.0,0.0,True,0.0,False,False,False,0.0,0.0
WebAssembly/binaryen,5b72bd6046f9cd09,False,1,1681,True,0.0,0.3854848304580607,9,0.0,0.3866745984533016,9,0.0,0.41522903033908387,10,0.0,0.4913639070875521,8,0.0,0.0,True,0.0,False,False,False,0.0,0.0
nix-darwin/nix-darwin,bc014b16375d3625,False,0,326,True,0.0,0.8680981595092024,2,0.0,0.8404907975460123,2,0.0,0.8404907975460123,2,0.0,0.8098159509202454,2,0.0,0.0,True,0.0,False,False,False,0.0,0.0
react/react,15cc7bba97f12b50,False,0,54,True,0.0,0.8333333333333334,1,0.0,0.8703703703703703,2,0.0,0.7962962962962963,1,0.0,0.8888888888888888,2,1.0,1.0,True,0.0,False,False,False,0.0,0.0
react/react,9af07f1fd3b49c36,False,0,199,True,0.0,0.8542713567839196,2,0.0,0.8542713567839196,2,0.0,0.8542713567839196,2,0.0,0.8994974874371859,2,0.0,0.0,True,0.0,False,False,False,0.0,0.0
react/react,43ec1b8811f59112,False,1,50,True,0.0,0.66,1,0.0,0.68,1,0.0,0.68,1,0.0,0.68,0,0.0,0.0,False,0.0,False,False,False,0.0,0.0
react/react,3480452111e1247b,False,1,52,True,0.0,0.75,2,0.0,0.75,2,0.0,0.75,2,0.0,0.75,1,0.0,0.0,True,0.0,False,False,False,0.0,0.0
react/react,d55e97f94ea4e5c4,False,1,68,True,0.0,0.6764705882352942,1,0.0,0.7058823529411765,1,0.0,0.7058823529411765,1,0.0,0.6764705882352942,0,0.0,0.0,False,0.0,False,False,False,0.0,0.0
react/react,ed468a9e69420d85,False,1,77,True,0.0,0.8441558441558441,2,0.0,0.935064935064935,2,0.0,0.935064935064935,2,0.0,0.935064935064935,2,0.0,0.0,True,0.0,False,False,False,0.0,0.0
ibis-project/ibis,f46b4d0c50442bf2,False,0,480,True,1.0,0.7125,9,1.0,0.7020833333333333,9,1.0,0.6958333333333333,9,1.0,0.7166666666666667,8,1.0,1.0,True,1.0,False,False,False,1.0,1.0
ibis-project/ibis,6c319857188e86c4,False,0,1733,True,0.0,0.8084246970571264,12,0.0,0.8153491055972303,12,0.0,0.7997691863819966,17,0.0,0.8130409694171956,11,0.0,0.0,True,0.0,False,False,False,0.0,0.0
ibis-project/ibis,c3915f2476dac4d2,False,0,444,True,0.0,0.6351351351351351,6,0.0,0.6554054054054054,6,0.0,0.6418918918918919,6,0.0,0.6351351351351351,5,0.0,0.0,True,0.0,False,False,False,0.0,0.0
ibis-project/ibis,00dade990ef4586e,False,3,1183,True,0.0,0.7311918850380389,11,0.0,0.73541842772612,11,0.0,0.768385460693153,11,0.0,0.7311918850380389,11,0.0,0.0,True,0.0,False,False,False,0.0,0.0
ibis-project/ibis,7fa07f5c39a81f80,False,0,387,True,1.0,0.8165374677002584,3,1.0,0.8165374677002584,3,1.0,0.8475452196382429,4,1.0,0.8165374677002584,3,0.0,1.0,True,1.0,False,False,False,1.0,1.0
ibis-project/ibis,a531c69486e388bd,False,0,1442,True,1.0,0.7635228848821082,4,1.0,0.7558945908460472,4,1.0,0.760748959778086,4,1.0,0.7676837725381415,3,1.0,1.0,True,1.0,False,False,False,1.0,1.0
ibis-project/ibis,d93ef24317e25df7,False,2,1571,True,1.0,0.3010821133036283,18,1.0,0.3017186505410567,18,1.0,0.3068109484404838,16,1.0,0.3017186505410567,19,1.0,1.0,True,1.0,False,False,False,1.0,1.0
ibis-project/ibis,a768a73571c6e52f,False,1,582,True,0.0,0.5463917525773195,4,0.0,0.5446735395189003,4,0.0,0.26804123711340205,8,0.0,0.5463917525773195,4,0.0,0.0,True,0.0,False,False,False,0.0,0.0
ibis-project/ibis,0f33969f63cdbb10,False,1,103,True,0.0,0.6893203883495146,2,0.0,0.6213592233009708,3,0.0,0.5048543689320388,2,0.0,0.6893203883495146,2,0.0,0.0,True,0.0,False,False,False,0.0,0.0
ibis-project/ibis,0b29605e3091a18e,False,1,301,True,0.0,0.5415282392026578,3,0.0,0.5415282392026578,3,0.0,0.5249169435215947,4,0.0,0.7541528239202658,4,0.0,0.0,True,0.0,False,False,False,0.0,0.0
ibis-project/ibis,ec07a229092a7601,False,0,981,True,0.0,0.41590214067278286,8,0.0,0.417940876656473,8,0.0,0.36085626911314983,11,0.0,0.4199796126401631,8,0.0,0.0,True,0.0,False,False,False,0.0,0.0
ibis-project/ibis,9dbc5a831a0b6302,False,0,71,True,1.0,0.5492957746478874,3,1.0,0.5492957746478874,3,1.0,0.5492957746478874,3,1.0,0.5774647887323944,2,1.0,1.0,True,1.0,False,False,False,1.0,1.0
ibis-project/ibis,db8a1174da87fe30,False,1,1725,True,0.0,0.3072463768115942,12,0.0,0.2782608695652174,12,0.0,0.3165217391304348,12,0.0,0.43420289855072464,13,0.0,0.0,True,0.0,False,False,False,0.0,0.0
verl-project/verl,32c349a79c6c302a,False,2,246,False,0.0,0.45528455284552843,2,0.0,0.47560975609756095,2,0.0,0.46747967479674796,3,0.0,0.5714285714285714,3,0.0,0.0,True,0.0,False,False,False,0.0,0.0
verl-project/verl,01c1546ef61fe7a9,False,1,74,False,0.0,0.8378378378378378,0,0.0,0.8918918918918919,0,0.0,0.9054054054054054,0,0.0,1.0,0,0.0,0.0,True,0.0,False,False,False,0.0,0.0
verl-project/verl,54e27d4ccf89d91e,False,1,317,False,0.0,0.45110410094637227,3,0.0,0.6561514195583596,3,0.0,0.6656151419558359,5,0.0,0.5454545454545454,3,0.0,0.0,True,0.0,False,False,False,0.0,0.0
verl-project/verl,b5dc17748ad112a5,False,0,55,False,0.0,0.9090909090909091,3,0.0,0.9272727272727272,3,0.0,0.9272727272727272,3,0.0,0.9272727272727272,2,0.0,0.0,True,0.0,False,False,False,0.0,0.0
verl-project/verl,fb8b84592af79a0d,False,0,203,False,0.0,0.6945812807881774,0,0.0,0.6945812807881774,0,0.0,0.625615763546798,0,0.0,1.0,0,0.0,0.0,True,0.0,False,False,False,0.0,0.0
verl-project/verl,c597d8eeb617b302,False,7,549,False,1.0,0.7504553734061931,6,1.0,0.7213114754098361,6,1.0,0.644808743169399,10,1.0,0.7918968692449355,6,0.0,1.0,True,0.0,False,False,False,1.0,1.0
verl-project/verl,afd9b16e2ba798cc,False,5,204,False,0.0,0.5980392156862745,0,0.0,0.5980392156862745,0,0.0,0.5588235294117647,1,0.0,0.8808290155440415,0,0.0,0.0,True,0.0,False,False,False,0.0,0.0
verl-project/verl,46e709121f93d56a,False,0,380,False,0.0,0.531578947368421,6,0.0,0.6131578947368421,6,0.0,0.3263157894736842,9,0.0,0.8767123287671232,9,0.0,0.0,True,0.0,False,False,False,0.0,0.0
verl-project/verl,b3d7855ca3d4ca1e,False,2,153,False,0.0,0.8627450980392157,7,0.0,0.8627450980392157,7,0.0,0.5620915032679739,11,0.0,0.8791946308724832,7,0.0,0.0,True,0.0,False,False,False,0.0,0.0
verl-project/verl,16d3f2b5bd689b37,False,1,422,False,0.0,0.8388625592417062,2,0.0,0.8388625592417062,2,0.0,0.8009478672985783,4,0.0,0.9170616113744076,2,0.0,0.0,True,0.0,False,False,False,0.0,0.0
verl-project/verl,07c65794985259af,True,1,844,False,0.0,0.245260663507109,20,0.0,0.2476303317535545,20,0.0,0.26421800947867297,23,0.0,0.2810615199034982,21,0.0,0.0,True,0.0,False,False,False,0.0,0.0
verl-project/verl,d2c5bf83e8ddab79,False,2,121,False,0.0,0.5950413223140496,0,0.0,0.5950413223140496,0,0.0,0.5041322314049587,0,0.0,0.9913793103448276,1,0.0,0.0,True,0.0,False,False,False,0.0,0.0
verl-project/verl,97547d0add24c845,False,2,39,False,0.0,0.7948717948717948,0,0.0,0.7948717948717948,0,0.0,0.48717948717948717,0,0.0,0.8974358974358975,0,0.0,0.0,True,0.0,False,False,False,0.0,0.0
verl-project/verl,08d6d3506f31a087,False,0,72,False,0.0,0.9166666666666666,1,0.0,0.9166666666666666,1,0.0,0.7083333333333334,2,0.0,0.9305555555555556,0,0.0,0.0,True,0.0,False,False,False,0.0,0.0
verl-project/verl,59ae9689be848189,False,1,126,False,0.0,0.3888888888888889,7,0.0,0.3968253968253968,7,0.0,0.31746031746031744,8,0.0,0.46774193548387094,7,0.0,0.0,True,0.0,False,False,False,0.0,0.0
verl-project/verl,bd3282ec14566c9b,False,2,90,False,0.0,0.26666666666666666,5,0.0,0.2777777777777778,4,0.0,0.3,4,0.0,0.2696629213483146,4,1.0,0.0,True,0.0,False,False,False,0.0,0.0
verl-project/verl,a061c46c0c2fd942,False,1,81,False,0.0,0.49382716049382713,2,0.0,0.49382716049382713,2,0.0,0.49382716049382713,2,0.0,0.5061728395061729,1,0.0,0.0,True,0.0,False,False,False,0.0,0.0
verl-project/verl,15e27c99d1ae70f1,False,0,328,False,0.0,0.7317073170731707,10,0.0,0.7591463414634146,10,0.0,0.801829268292683,9,0.0,0.8246153846153846,11,0.0,0.0,True,0.0,False,False,False,0.0,0.0
verl-project/verl,409cb95d67838319,False,1,79,False,1.0,0.6455696202531646,1,1.0,0.5189873417721519,1,1.0,0.4810126582278481,1,1.0,0.6455696202531646,1,0.0,1.0,True,0.0,False,False,False,1.0,1.0
verl-project/verl,4fc61e5056b2ed58,False,0,278,False,0.0,0.37410071942446044,4,0.0,0.4172661870503597,4,0.0,0.42805755395683454,4,0.0,0.6948529411764706,5,0.0,0.2,True,0.0,False,False,False,0.0,0.0
beetbox/beets,a8388496f1f95ddb,True,1,159,True,0.0,0.23270440251572327,4,0.0,0.23270440251572327,4,0.0,0.23270440251572327,4,0.0,0.32075471698113206,3,1.0,1.0,True,1.0,False,False,False,0.0,0.0
beetbox/beets,ee836e317094fc8c,False,1,105,True,0.0,0.4857142857142857,1,0.0,0.5142857142857142,2,0.0,0.5142857142857142,2,0.0,0.5576923076923077,2,1.0,1.0,True,1.0,False,False,False,0.0,0.0
beetbox/beets,aaf7fd3123979de9,True,0,50,True,0.0,0.56,0,0.0,0.56,0,0.0,0.56,0,0.0,0.44,0,0.0,0.0,True,0.0,False,False,False,0.0,0.0
beetbox/beets,bc42b38887a42448,True,13,898,True,1.0,0.7171492204899778,22,1.0,0.33296213808463254,32,0.0,0.26837416481069043,34,0.0,0.23893805309734514,39,1.0,1.0,True,1.0,False,False,False,1.0,0.0
beetbox/beets,e100cd040818d590,False,2,214,True,0.0,0.4532710280373832,6,0.0,0.4672897196261682,6,0.0,0.397196261682243,8,0.0,0.5849056603773585,6,0.0,0.0,False,0.0,False,False,False,0.0,0.0
beetbox/beets,561a89e1bbe96332,False,5,353,True,0.0,0.29461756373937675,8,0.0,0.29178470254957506,12,0.0,0.2719546742209632,11,0.0,0.30945558739255014,11,1.0,0.5,True,1.0,False,False,False,0.0,0.0
beetbox/beets,ced4aa17382266b8,False,0,61,True,0.0,0.5573770491803278,1,0.0,0.5573770491803278,1,0.0,0.5573770491803278,1,0.0,0.6229508196721312,2,1.0,1.0,True,1.0,False,False,False,0.0,0.0
beetbox/beets,6a720e215089a109,True,0,193,True,0.0,0.45595854922279794,8,0.0,0.45595854922279794,8,0.0,0.44559585492227977,8,0.0,0.40782122905027934,8,0.0,0.0,False,0.0,False,False,False,0.0,0.0
beetbox/beets,3420b9b69bb35557,False,16,1118,True,1.0,0.7835420393559929,17,1.0,0.7772808586762076,18,1.0,0.7531305903398927,18,1.0,0.7852650494159928,15,1.0,1.0,True,1.0,False,False,False,1.0,1.0
beetbox/beets,4212c22ab3f4e005,False,0,132,True,0.0,0.42424242424242425,0,0.0,0.45454545454545453,0,0.0,0.4621212121212121,0,0.0,0.6875,3,0.0,0.0,False,0.0,False,False,False,0.0,0.0
beetbox/beets,a378b7e04325dca0,False,2,72,True,0.0,0.5,2,0.0,0.5,2,0.0,0.5138888888888888,2,0.0,0.6865671641791045,2,0.0,0.0,False,0.0,False,False,False,0.0,0.0
beetbox/beets,79343d662e965646,True,0,126,True,1.0,0.40476190476190477,6,1.0,0.40476190476190477,6,1.0,0.40476190476190477,6,0.0,0.42857142857142855,7,0.0,0.0,False,1.0,False,False,False,1.0,0.0
beetbox/beets,01f4da9a1d0527d8,False,4,583,True,1.0,0.7015437392795884,11,1.0,0.6895368782161235,9,1.0,0.6689536878216124,10,1.0,0.7015437392795884,11,1.0,1.0,True,0.0,False,False,False,1.0,1.0
beetbox/beets,9e6736f74918c060,False,8,1748,True,0.0,0.3135011441647597,27,0.0,0.31922196796338675,28,0.0,0.3266590389016018,28,0.0,0.36930178880553954,31,1.0,1.0,True,1.0,False,False,False,0.0,0.0
beetbox/beets,1268671ce42e92b3,False,3,384,True,0.0,0.2786458333333333,14,0.0,0.2786458333333333,17,0.0,0.2630208333333333,17,0.0,0.3524804177545692,16,1.0,1.0,True,1.0,False,False,False,0.0,0.0
beetbox/beets,5e25319174c75ef4,False,3,263,True,0.0,0.4714828897338403,9,0.0,0.5399239543726235,9,0.0,0.5437262357414449,9,0.0,0.5357142857142857,14,1.0,1.0,True,1.0,False,False,False,0.0,0.0
beetbox/beets,d17e9d1848590dab,False,7,363,True,0.0,0.3278236914600551,4,0.0,0.3278236914600551,4,0.0,0.32231404958677684,4,0.0,0.3888888888888889,8,0.0,0.0,True,0.0,False,False,False,0.0,0.0
beetbox/beets,11e75d22a48056ab,False,0,13,True,0.0,0.6923076923076923,0,0.0,1.0,0,0.0,1.0,0,0.0,1.0,0,0.0,0.0,False,0.0,False,False,False,0.0,0.0
beetbox/beets,c4f70feda64fe455,True,1,297,True,1.0,0.4208754208754209,18,1.0,0.41414141414141414,18,1.0,0.4107744107744108,18,0.0,0.2553191489361702,21,1.0,0.0,False,1.0,False,False,False,1.0,0.0
beetbox/beets,6bb18988b5bb3dda,False,6,1627,True,0.0,0.3091579594345421,9,0.0,0.3878303626306085,10,0.0,0.3995082974800246,10,0.0,0.33478531425015556,13,1.0,1.0,True,1.0,False,False,False,0.0,0.0
beetbox/beets,1b27ba7ec0ca34d7,True,0,65,True,1.0,0.46153846153846156,3,1.0,0.46153846153846156,3,1.0,0.46153846153846156,3,0.0,0.6721311475409836,6,0.0,0.0,False,1.0,False,False,False,1.0,0.0
refined-github/refined-github,d2d05bc1eb33a425,False,0,25,True,0.0,0.76,1,0.0,0.76,1,0.0,0.36,1,0.0,0.8,1,1.0,1.0,True,1.0,False,False,False,0.0,0.0
refined-github/refined-github,6c2870f0391f4adb,False,0,83,True,0.0,0.8433734939759037,1,0.0,0.6144578313253012,1,0.0,0.6144578313253012,1,0.0,0.8433734939759037,1,0.0,0.0,True,0.0,False,False,False,0.0,0.0
refined-github/refined-github,b236c0d81cdc379b,False,3,117,True,0.0,0.5641025641025641,4,0.0,0.5641025641025641,4,0.0,0.5470085470085471,4,0.0,0.5641025641025641,4,0.0,0.0,True,0.0,False,False,False,0.0,0.0
refined-github/refined-github,4f091437818663a7,True,0,224,True,1.0,0.8616071428571429,15,1.0,0.8616071428571429,15,1.0,0.8616071428571429,16,0.5,0.22321428571428573,40,1.0,1.0,True,1.0,False,False,True,1.0,0.5
refined-github/refined-github,f844e5d51964e5a2,False,0,44,True,1.0,0.5909090909090909,2,1.0,0.5681818181818182,1,1.0,0.5681818181818182,1,1.0,0.5909090909090909,2,1.0,0.0,False,1.0,False,False,False,1.0,1.0
refined-github/refined-github,78bb87ce1ac5fc53,False,0,60,True,0.0,0.5,3,0.0,0.5166666666666667,3,0.0,0.5166666666666667,3,0.0,0.5,2,1.0,1.0,True,1.0,False,False,False,0.0,0.0
refined-github/refined-github,8691b532251d48f6,False,0,29,True,1.0,0.5517241379310345,2,1.0,0.5172413793103449,2,1.0,0.5172413793103449,2,1.0,0.5172413793103449,2,1.0,1.0,True,1.0,False,False,False,1.0,1.0
refined-github/refined-github,885c9bcfd714e565,False,2,167,True,1.0,0.40718562874251496,5,1.0,0.39520958083832336,4,1.0,0.39520958083832336,5,1.0,0.39520958083832336,5,1.0,1.0,True,1.0,False,False,False,1.0,1.0
refined-github/refined-github,00d1c163ff64dfba,False,1,55,True,0.0,0.6909090909090909,4,0.0,0.6181818181818182,2,0.0,0.6181818181818182,3,0.0,0.6909090909090909,4,0.0,0.0,True,0.0,False,False,False,0.0,0.0
refined-github/refined-github,13bd8d3fad0bd285,False,0,68,True,1.0,0.7794117647058824,3,1.0,0.7794117647058824,3,1.0,0.7794117647058824,3,1.0,0.7647058823529411,3,1.0,1.0,True,1.0,False,False,False,1.0,1.0
refined-github/refined-github,7ac86c09c7774e70,False,1,69,True,1.0,0.5072463768115942,5,1.0,0.4927536231884058,4,1.0,0.4927536231884058,4,1.0,0.5072463768115942,5,1.0,0.0,False,1.0,False,False,False,1.0,1.0
refined-github/refined-github,24ad73e2c2877b90,False,0,59,True,0.0,0.4406779661016949,1,0.0,0.4406779661016949,1,0.0,0.4406779661016949,1,0.0,0.4406779661016949,1,0.0,0.5,True,1.0,False,False,False,0.0,0.0
refined-github/refined-github,f66f6ed6b0d66278,False,2,153,True,1.0,0.6928104575163399,6,1.0,0.6797385620915033,7,1.0,0.6797385620915033,7,1.0,0.6928104575163399,6,1.0,1.0,True,1.0,False,False,False,1.0,1.0
refined-github/refined-github,55965efa7812e05a,False,0,76,True,0.0,0.3815789473684211,1,0.0,0.3815789473684211,1,0.0,0.35526315789473684,1,0.0,0.3815789473684211,1,0.0,1.0,True,1.0,False,False,False,0.0,0.0
refined-github/refined-github,d14a5ec677aafb6b,False,3,166,True,1.0,0.8253012048192772,5,1.0,0.8253012048192772,5,1.0,0.8132530120481928,5,1.0,0.8253012048192772,5,1.0,1.0,True,1.0,False,False,False,1.0,1.0
refined-github/refined-github,62552095d5a56f91,False,1,30,True,1.0,0.6666666666666666,1,1.0,0.6666666666666666,1,1.0,0.6666666666666666,1,1.0,0.6333333333333333,0,1.0,1.0,True,1.0,False,False,False,1.0,1.0
refined-github/refined-github,4998f02d19d02dcd,False,2,91,True,0.0,0.5054945054945055,4,0.0,0.5054945054945055,4,0.0,0.43956043956043955,7,0.0,0.5164835164835165,4,1.0,1.0,True,1.0,False,False,False,0.0,0.0
refined-github/refined-github,53a66eb7f0f6f3de,False,0,110,True,1.0,0.39090909090909093,4,1.0,0.39090909090909093,4,1.0,0.39090909090909093,5,1.0,0.38181818181818183,4,1.0,1.0,True,1.0,False,False,False,1.0,1.0
refined-github/refined-github,bacb1149a10a99b3,False,1,42,True,1.0,1.0,0,1.0,1.0,0,1.0,1.0,0,1.0,0.9761904761904762,1,1.0,1.0,True,1.0,False,False,False,1.0,1.0
refined-github/refined-github,81e4bdd45a3ef659,False,0,51,True,0.0,0.7058823529411765,0,0.0,0.7058823529411765,0,0.0,0.7058823529411765,0,0.0,0.72,0,1.0,1.0,True,1.0,False,False,False,0.0,0.0
refined-github/refined-github,ef553f6830c70d13,False,1,87,True,1.0,0.6551724137931034,3,1.0,0.6436781609195402,3,1.0,0.6436781609195402,2,1.0,0.6436781609195402,3,1.0,1.0,True,1.0,False,False,False,1.0,1.0
geopandas/geopandas,88683843e9e78c85,True,0,147,True,0.0,0.3197278911564626,5,0.0,0.2925170068027211,5,0.0,0.2789115646258503,4,0.0,0.3,3,0.0,0.0,False,0.0,False,False,False,0.0,0.0
geopandas/geopandas,b72cd7f151b084f7,True,0,51,True,0.0,0.5490196078431373,2,0.0,0.5490196078431373,2,0.0,0.5490196078431373,2,0.0,0.7,3,0.0,0.0,False,0.0,False,False,False,0.0,0.0
geopandas/geopandas,edb272c2150acb8b,False,0,159,True,1.0,1.0,0,1.0,0.9937106918238994,1,1.0,0.9119496855345912,1,1.0,1.0,0,1.0,0.0,False,1.0,False,False,False,1.0,1.0
geopandas/geopandas,df31f90692292117,True,3,1754,True,0.0,0.1847206385404789,34,0.0,0.18700114025085518,33,0.0,0.18358038768529075,34,1.0,0.25014310246136234,33,0.0,0.0,True,0.0,False,False,False,0.0,1.0
geopandas/geopandas,20b7929ecbe12bef,False,0,27,True,1.0,0.6296296296296297,3,1.0,0.6296296296296297,3,1.0,0.6296296296296297,3,1.0,0.6296296296296297,3,0.0,0.0,True,1.0,False,False,False,1.0,1.0
geopandas/geopandas,198c3c0f62218b5c,False,0,1086,True,0.0,0.5101289134438306,8,0.0,0.5064456721915286,8,0.0,0.5165745856353591,9,0.0,0.6613953488372093,8,0.0,0.5,True,1.0,False,False,False,0.0,0.0
geopandas/geopandas,f3aa74f56201e687,False,1,1035,True,1.0,0.8531400966183574,10,1.0,0.855072463768116,10,1.0,0.8579710144927536,10,1.0,0.8531400966183574,10,0.0,0.0,True,1.0,False,False,False,1.0,1.0
geopandas/geopandas,f66be483d5a33e3e,False,1,929,True,0.0,0.6189451022604952,10,0.0,0.6254036598493004,10,0.0,0.6415500538213132,10,0.0,0.6659459459459459,9,0.0,0.0,True,1.0,False,False,False,0.0,0.0
geopandas/geopandas,c552dff4c953ceaf,True,0,15,True,0.0,0.4666666666666667,0,0.0,0.4666666666666667,0,0.0,0.4666666666666667,0,0.0,0.6,0,0.0,0.0,True,0.0,False,False,False,0.0,0.0
geopandas/geopandas,9e0d40e48815e741,False,0,170,True,0.0,0.3588235294117647,6,0.0,0.3352941176470588,5,0.0,0.3352941176470588,7,0.0,0.4785276073619632,5,0.0,0.0,True,1.0,False,False,False,0.0,0.0
geopandas/geopandas,512ec3ec275984fd,False,0,603,True,0.0,0.5008291873963516,5,0.0,0.5787728026533997,4,0.0,0.4859038142620232,6,0.0,0.5008291873963516,5,0.0,0.0,True,0.0,False,False,False,0.0,0.0
geopandas/geopandas,e446d347c110d14a,False,0,378,True,0.0,0.41005291005291006,6,0.0,0.41005291005291006,6,0.0,0.4126984126984127,6,0.0,0.41114058355437666,6,1.0,0.0,True,1.0,False,False,False,0.0,0.0
geopandas/geopandas,b155fa33f0792088,False,1,87,True,0.0,0.367816091954023,7,0.0,0.367816091954023,7,0.0,0.367816091954023,7,0.0,0.367816091954023,7,0.0,0.0,True,1.0,False,False,False,0.0,0.0
geopandas/geopandas,c5528b37a8a56e28,False,0,648,True,1.0,0.7885802469135802,5,1.0,0.8132716049382716,5,1.0,0.8179012345679012,5,1.0,0.8864696734059098,5,0.0,0.0,True,0.0,False,False,False,1.0,1.0
geopandas/geopandas,85b3b586d937731f,False,0,895,True,0.0,0.38212290502793295,34,0.0,0.39217877094972065,35,0.0,0.3787709497206704,36,0.0,0.3825503355704698,34,0.0,0.14285714285714285,True,0.0,False,False,False,0.0,0.0
geopandas/geopandas,205451176b378b2e,False,0,319,True,0.0,0.5047021943573667,1,0.0,0.5391849529780565,1,0.0,0.5517241379310345,2,0.0,0.6907894736842105,1,0.0,0.0,False,0.0,False,False,False,0.0,0.0
geopandas/geopandas,ab23e3b48dbdc0a4,False,1,941,True,0.0,0.2879914984059511,8,0.0,0.2879914984059511,8,0.0,0.2603613177470776,9,0.0,0.29108485499462944,8,0.0,0.0,True,0.0,False,False,False,0.0,0.0
geopandas/geopandas,3d42fb9a43fe9841,False,4,2045,True,0.0,0.21418092909535452,33,0.0,0.21320293398533008,33,0.0,0.22200488997555012,32,0.0,0.2522080471050049,34,0.0,0.25,True,1.0,False,False,False,0.0,0.0
bpftrace/bpftrace,eda2af09c6bb253f,False,2,1557,True,0.0,0.49261400128452154,21,0.0,0.4919717405266538,20,0.0,0.44315992292870904,24,0.0,0.49261400128452154,21,0.0,0.0,True,0.0,False,False,False,0.0,0.0
bpftrace/bpftrace,f6bea5bb780ac5ca,False,4,1442,True,0.0,0.15672676837725383,39,0.0,0.16435506241331485,41,0.0,0.1636615811373093,41,0.0,0.15742024965325938,38,0.0,0.5,True,0.0,False,False,False,0.0,0.0
bpftrace/bpftrace,38dfa21b438fbf50,False,2,396,True,0.0,0.27525252525252525,8,0.0,0.27525252525252525,9,0.0,0.24494949494949494,9,0.0,0.27525252525252525,8,0.0,0.0,True,0.0,False,False,False,0.0,0.0
bpftrace/bpftrace,c24f78b3519d7639,False,0,98,True,0.0,0.46938775510204084,2,0.0,0.46938775510204084,2,0.0,0.46938775510204084,2,0.0,0.46938775510204084,1,0.0,0.0,True,0.0,False,False,False,0.0,0.0
bpftrace/bpftrace,6b2f0a449fdefd89,False,0,383,True,0.0,0.6919060052219321,5,0.0,0.6710182767624021,5,0.0,0.6840731070496083,6,0.0,0.6919060052219321,5,0.0,0.0,True,0.0,False,False,False,0.0,0.0
bpftrace/bpftrace,8aca53459e60ca8f,False,0,166,True,0.0,0.8192771084337349,4,0.0,0.8253012048192772,4,0.0,0.8313253012048193,4,0.0,0.8192771084337349,4,1.0,1.0,True,0.0,False,False,False,0.0,0.0
bpftrace/bpftrace,cc0e770d906adc6e,False,0,558,True,0.0,0.2114695340501792,8,0.0,0.1881720430107527,8,0.0,0.18996415770609318,9,0.0,0.15978456014362658,8,0.0,1.0,True,0.0,False,False,False,0.0,0.0
bpftrace/bpftrace,c0c1b9fdab77ac4b,False,0,122,True,0.0,0.6967213114754098,2,0.0,0.6967213114754098,2,0.0,0.7704918032786885,2,0.0,0.6967213114754098,2,0.0,0.0,True,0.0,False,False,False,0.0,0.0
bpftrace/bpftrace,17a44cdf8c7c1887,False,0,125,True,0.0,0.392,6,0.0,0.392,6,0.0,0.48,8,0.0,0.336,5,1.0,1.0,True,0.0,False,False,False,0.0,0.0
bpftrace/bpftrace,d8773ce79eee0fcf,False,0,172,True,0.0,0.6802325581395349,1,0.0,0.6802325581395349,1,0.0,0.5872093023255814,4,0.0,0.686046511627907,1,0.0,0.0,True,0.0,False,False,False,0.0,0.0
bpftrace/bpftrace,516eee413cb7b71b,False,0,57,True,0.0,0.5614035087719298,1,0.0,0.5614035087719298,1,0.0,0.5789473684210527,2,0.0,0.5614035087719298,1,0.0,0.5,True,0.0,False,False,False,0.0,0.0
bpftrace/bpftrace,04761c9452a77678,False,0,9,True,0.0,0.3333333333333333,0,0.0,0.3333333333333333,0,0.0,0.3333333333333333,0,0.0,0.3333333333333333,0,0.0,0.0,True,0.0,False,False,False,0.0,0.0
bpftrace/bpftrace,f38b31ef7da21a69,False,0,431,True,0.0,0.19721577726218098,9,0.0,0.1925754060324826,9,0.0,0.2273781902552204,14,0.0,0.19721577726218098,9,1.0,1.0,True,0.0,False,False,False,0.0,0.0
bpftrace/bpftrace,32c7f7e1606a5695,False,1,545,True,0.0,0.28073394495412846,3,0.0,0.26972477064220185,3,0.0,0.24220183486238533,7,0.0,0.27889908256880735,3,0.0,1.0,True,0.0,False,False,False,0.0,0.0
bpftrace/bpftrace,c63da876a25401f4,False,1,154,True,1.0,0.42207792207792205,4,1.0,0.42207792207792205,4,1.0,0.43506493506493504,4,1.0,0.42857142857142855,4,0.0,0.0,True,0.0,False,False,False,1.0,1.0
bpftrace/bpftrace,4a907a1dd6be81c8,False,0,420,True,0.0,0.9857142857142858,1,0.0,0.9857142857142858,1,0.0,0.9857142857142858,1,0.0,0.9857142857142858,1,0.0,0.0,True,0.0,False,False,False,0.0,0.0
vim/vim,ddb623c7d8d649ef,False,27,3087,True,0.0,0.8775510204081632,16,0.0,0.8914804016844833,15,0.0,0.8953676708778749,15,0.0,0.8775510204081632,15,1.0,0.0,True,0.0,False,False,False,0.0,0.0
vim/vim,f4ef62406769e02b,False,30,2124,True,0.0,0.908662900188324,21,0.0,0.9091337099811676,21,0.0,0.910075329566855,22,0.0,0.9105461393596986,21,0.0,1.0,True,0.0,False,False,False,0.0,0.0
vim/vim,340ac6bc5c3f06af,False,14,2026,True,0.0,0.6441263573543929,8,0.0,0.6470878578479763,7,0.0,0.6870681145113524,7,0.0,0.6450815620365793,8,0.0,0.0,True,0.0,False,False,False,0.0,0.0
vim/vim,2beee4147fc290ab,False,2,525,True,0.0,0.4552380952380952,2,0.0,0.7295238095238096,4,0.0,0.8114285714285714,5,0.0,0.5695238095238095,2,1.0,1.0,True,0.0,False,False,False,0.0,0.0
vim/vim,8cb1e0bcf7fdc663,False,24,4412,True,0.0,0.7216681776971895,14,0.0,0.7255213055303718,14,0.0,0.4374433363553944,15,0.0,0.7198549410698096,14,0.0,0.0,True,0.0,False,False,False,0.0,0.0
vim/vim,c93b0ae96e705d43,False,3,1176,True,0.0,0.8129251700680272,2,0.0,0.8767006802721088,3,0.0,0.8775510204081632,3,0.0,0.814625850340136,2,0.0,0.0,False,0.0,False,False,False,0.0,0.0
vim/vim,bdbc2955a3e93588,False,10,1421,True,0.0,0.7839549612948628,6,0.0,0.8501055594651654,6,0.0,0.8613652357494722,5,0.0,0.7853624208304011,6,0.0,0.0,True,0.0,False,False,False,0.0,0.0
vim/vim,336fe0683677213d,False,10,4259,True,0.0,0.944587931439305,11,0.0,0.9563277764733505,10,0.0,0.9563277764733505,10,0.0,0.9476402911481568,9,1.0,1.0,True,0.0,False,False,False,0.0,0.0
vim/vim,02f14cec58c0040e,False,4,1045,True,0.0,0.7779904306220096,1,0.0,0.7933014354066986,1,0.0,0.7933014354066986,1,0.0,0.7808612440191387,1,0.0,0.0,True,0.0,False,False,False,0.0,0.0
vim/vim,350d2274a72ac84c,False,6,3007,True,0.0,0.8024609245094779,8,0.0,0.815098104423013,8,0.0,0.8177585633521782,8,0.0,0.8051213834386431,8,0.0,0.0,True,0.0,False,False,False,0.0,0.0
vim/vim,d5920a54fc6fff9b,False,16,4287,True,0.0,0.8864007464427338,11,0.0,0.9087940284581292,11,0.0,0.9118264520643807,11,0.0,0.8864007464427338,11,0.0,0.0,True,0.0,False,False,False,0.0,0.0
vim/vim,cd16a44020ec2a52,False,7,1253,True,0.0,0.5690343176376695,20,0.0,0.6049481245011972,18,0.0,0.6161213088587391,19,0.0,0.5713141025641025,18,0.0,0.0,True,0.0,False,False,False,0.0,0.0
vim/vim,d8a7b8c4e1c9f1a2,False,2,428,True,0.0,0.9742990654205608,3,0.0,0.9766355140186916,2,0.0,0.9766355140186916,2,0.0,0.9766355140186916,2,0.0,0.0,True,0.0,False,False,False,0.0,0.0
vim/vim,7d80d5c7ed23fc27,False,1,634,True,0.0,0.9952681388012619,2,0.0,0.9968454258675079,1,0.0,0.9968454258675079,1,0.0,0.998422712933754,1,0.0,0.0,False,0.0,False,False,False,0.0,0.0
vim/vim,652732b65cd75921,False,12,3397,True,0.0,0.9258168972622902,5,0.0,0.9537827494848395,6,0.0,0.9540771268766559,6,0.0,0.9267000294377392,4,0.0,0.0,True,1.0,False,False,False,0.0,0.0
vim/vim,40e056371fe28c3c,False,5,196,True,0.0,0.3826530612244898,2,0.0,0.3826530612244898,2,0.0,0.3826530612244898,2,0.0,0.43010752688172044,2,1.0,0.3333333333333333,True,1.0,False,False,False,0.0,0.0
vim/vim,90d7ac1f7cc2e0d9,False,9,1841,True,0.0,0.9424225964149918,7,0.0,0.9494839760999457,7,0.0,0.9505703422053232,7,0.0,0.9429657794676806,7,0.0,0.0,False,1.0,False,False,False,0.0,0.0
vim/vim,4516b9bd86fff36e,False,21,4392,True,0.0,0.8387978142076503,18,0.0,0.8460837887067395,18,0.0,0.848816029143898,18,0.0,0.8390255009107468,18,0.0,0.0,True,0.0,False,False,False,0.0,0.0
vim/vim,e839d5afaa153b26,False,10,3273,True,0.0,0.8594561564314085,12,0.0,0.8753437213565536,12,0.0,0.8811487931561259,12,0.0,0.8631225175679804,12,0.0,0.0,True,0.0,False,False,False,0.0,0.0
vim/vim,11f7e0c255504c5e,False,76,4845,True,0.0,0.8497420020639835,17,0.0,0.9110423116615067,18,0.0,0.9168214654282766,17,0.0,0.8497420020639835,17,0.0,0.0,True,0.0,False,False,False,0.0,0.0
vim/vim,0bb17c28203dd014,False,1,2811,True,0.0,0.9683386695126289,5,0.0,0.9943080754180007,5,0.0,0.9946638207043756,5,0.0,0.9690501600853789,5,0.0,0.0,True,0.0,False,False,False,0.0,0.0
vim/vim,a6dcb0608cf96888,False,8,2947,True,0.0,0.42246352222599254,4,0.0,0.8167628096369189,5,0.0,0.821174075330845,5,0.0,0.49065579340808696,4,0.0,0.5,True,1.0,False,False,False,0.0,0.0
vim/vim,4d23e811c234b1ba,False,3,3910,True,0.0,0.9629156010230179,5,0.0,0.9872122762148338,5,0.0,0.9874680306905371,6,0.0,0.9631713554987212,5,0.0,0.0,False,0.0,False,False,False,0.0,0.0
renpy/renpy,7fc9b29afcbc8d68,False,0,88,True,1.0,0.7386363636363636,0,1.0,0.7386363636363636,0,1.0,0.6818181818181818,0,1.0,0.7386363636363636,0,0.0,0.0,False,1.0,False,False,False,1.0,1.0
renpy/renpy,2c5eda427d7ef567,False,1,391,True,1.0,0.80306905370844,5,1.0,0.80306905370844,4,1.0,0.8056265984654731,4,1.0,0.7672634271099744,5,1.0,0.0,True,1.0,False,False,False,1.0,1.0
renpy/renpy,501f89a264226a42,False,0,635,True,1.0,0.8692913385826772,4,1.0,0.9070866141732283,3,1.0,0.9070866141732283,3,1.0,0.8580441640378549,4,0.0,0.0,True,1.0,False,False,False,1.0,1.0
renpy/renpy,c0c24725fafa03c5,False,1,455,True,1.0,0.9362637362637363,7,1.0,0.9428571428571428,6,1.0,0.945054945054945,6,1.0,0.9337748344370861,7,1.0,1.0,True,1.0,False,False,False,1.0,1.0
renpy/renpy,1f9b42101f6872b9,False,1,94,True,1.0,0.9361702127659575,0,1.0,1.0,0,1.0,1.0,0,1.0,0.9354838709677419,0,1.0,0.0,False,1.0,False,False,False,1.0,1.0
renpy/renpy,4a99d001487ee07c,False,0,50,True,0.0,1.0,0,0.0,1.0,0,0.0,1.0,0,0.0,1.0,0,0.0,0.0,False,0.0,False,False,False,0.0,0.0
renpy/renpy,b522cfd3aedcb360,False,1,1159,True,1.0,0.9344262295081968,4,1.0,0.9352890422778257,4,1.0,0.9378774805867127,4,1.0,0.9325842696629213,4,1.0,1.0,True,1.0,False,False,False,1.0,1.0
renpy/renpy,78b3bfb885fab974,False,0,260,True,1.0,0.95,5,1.0,0.9230769230769231,7,1.0,0.9423076923076923,7,1.0,0.873015873015873,6,1.0,1.0,True,1.0,False,False,False,1.0,1.0
renpy/renpy,37e61b16a8b3a31f,False,0,41,True,1.0,1.0,0,1.0,1.0,0,1.0,1.0,0,1.0,1.0,0,1.0,0.0,False,1.0,False,False,False,1.0,1.0
renpy/renpy,d61f245ee47f9061,False,2,1491,True,1.0,0.8859825620389,5,1.0,0.9617706237424547,6,1.0,0.9617706237424547,6,1.0,0.8814016172506739,5,1.0,0.0,False,1.0,False,False,False,1.0,1.0
renpy/renpy,de06c3261e228f52,False,2,527,True,1.0,0.50853889943074,1,1.0,0.5104364326375711,1,1.0,0.41935483870967744,2,1.0,0.525390625,1,0.0,1.0,True,0.0,False,False,False,1.0,1.0
renpy/renpy,2fac11771d9b2cba,False,1,786,True,1.0,0.8269720101781171,8,1.0,0.8435114503816794,7,1.0,0.8486005089058524,7,1.0,0.8207426376440461,8,0.0,1.0,True,1.0,False,False,False,1.0,1.0
renpy/renpy,15911eddc759318c,False,0,627,True,1.0,0.5869218500797448,3,1.0,0.5980861244019139,3,1.0,0.620414673046252,3,1.0,0.5853269537480064,3,0.0,0.0,True,1.0,False,False,False,1.0,1.0
renpy/renpy,1a91d23e47dc96a1,False,0,1195,True,1.0,0.7280334728033473,5,1.0,0.7456066945606694,5,1.0,0.7456066945606694,5,1.0,0.709106239460371,5,1.0,1.0,True,1.0,False,False,False,1.0,1.0
renpy/renpy,26c2ba851880d724,False,0,1517,True,0.0,0.9077125906394199,0,0.0,0.930784442979565,0,0.0,0.5510876730388925,3,0.0,1.0,0,0.0,0.0,True,1.0,False,False,False,0.0,0.0
renpy/renpy,1f317646230013a4,False,0,27,True,1.0,1.0,0,1.0,1.0,0,1.0,1.0,0,1.0,1.0,0,1.0,0.0,False,1.0,False,False,False,1.0,1.0
renpy/renpy,07d4ef0681ebfeaa,False,1,578,True,1.0,0.9705882352941176,2,1.0,0.9982698961937716,1,1.0,0.9982698961937716,1,1.0,0.9688581314878892,3,1.0,1.0,True,1.0,False,False,False,1.0,1.0
renpy/renpy,fe7c8791d5d8f0b6,False,0,721,True,1.0,0.8349514563106796,4,1.0,0.9042995839112344,3,1.0,0.9042995839112344,3,1.0,0.799163179916318,4,1.0,0.0,False,1.0,False,False,False,1.0,1.0
renpy/renpy,15c49f7d3c3a1816,False,0,169,True,1.0,1.0,0,1.0,1.0,0,1.0,1.0,0,1.0,1.0,0,1.0,0.0,False,1.0,False,False,False,1.0,1.0
renpy/renpy,a81144facfa68af8,False,1,1885,True,1.0,0.9045092838196287,19,1.0,0.9411140583554377,19,1.0,0.946949602122016,19,1.0,0.8986666666666666,19,1.0,1.0,True,1.0,False,False,False,1.0,1.0
renpy/renpy,e99c611c5d5e2a73,False,2,260,True,1.0,0.9692307692307692,1,1.0,0.9692307692307692,1,1.0,0.9692307692307692,1,1.0,0.9692307692307692,1,1.0,0.0,False,1.0,False,False,False,1.0,1.0
renpy/renpy,e3a8d6a8b90c9b7e,False,0,131,True,1.0,0.6717557251908397,3,1.0,0.7251908396946565,3,1.0,0.8091603053435115,3,1.0,0.6106870229007634,2,1.0,1.0,True,1.0,False,False,False,1.0,1.0
renpy/renpy,74ab2208a81ff60a,False,4,668,True,1.0,0.7994011976047904,5,1.0,0.8008982035928144,5,1.0,0.8008982035928144,5,1.0,0.790519877675841,5,1.0,1.0,True,1.0,False,False,False,1.0,1.0
payloadcms/payload,0d810f3f6e07125c,False,1,94,True,0.0,0.9148936170212766,4,0.0,0.9148936170212766,4,0.0,0.851063829787234,6,0.0,0.9148936170212766,4,0.0,0.0,True,0.0,False,False,False,0.0,0.0
payloadcms/payload,101bcce7fc9ab38c,False,13,618,True,0.0,0.686084142394822,13,0.0,0.5938511326860841,11,0.0,0.6148867313915858,11,0.0,0.6844660194174758,13,0.0,0.0,True,0.0,False,False,False,0.0,0.0
payloadcms/payload,6b0bca4a02b5282b,False,1,214,True,1.0,0.5093457943925234,7,1.0,0.5934579439252337,7,1.0,0.5560747663551402,7,1.0,0.5093457943925234,6,1.0,1.0,True,0.0,False,False,False,1.0,1.0
payloadcms/payload,7c6a368de8824989,False,2,145,True,0.0,0.6689655172413793,6,0.0,0.6068965517241379,6,0.0,0.6275862068965518,6,0.0,0.8226950354609929,8,0.0,0.0,True,0.0,False,False,False,0.0,0.0
payloadcms/payload,014a1396fb6fd069,False,2,195,True,0.0,0.26666666666666666,6,0.0,0.2717948717948718,6,0.0,0.2564102564102564,5,0.0,0.26804123711340205,6,0.0,0.0,True,0.0,False,False,False,0.0,0.0
payloadcms/payload,0befa16622f715df,False,3,527,True,0.0,0.25426944971537,12,0.0,0.20683111954459202,12,0.0,0.21821631878557876,13,0.0,0.28433268858800775,13,0.0,0.0,True,0.0,False,False,False,0.0,0.0
payloadcms/payload,3ccb2a85d0587847,False,14,309,True,0.0,0.20388349514563106,7,0.0,0.20064724919093851,6,0.0,0.20711974110032363,6,0.0,0.2838283828382838,7,0.0,0.0,True,0.0,False,False,False,0.0,0.0
payloadcms/payload,367c607e0daa99d8,True,2,18,True,0.0,0.5,0,0.0,0.5,0,0.0,0.5,0,0.0,0.6111111111111112,0,0.0,0.0,False,0.0,False,False,False,0.0,0.0
payloadcms/payload,bf427b92ec58f05e,True,2,110,True,0.0,0.34545454545454546,3,0.0,0.34545454545454546,3,0.0,0.3090909090909091,3,0.0,0.3611111111111111,4,0.0,0.0,True,0.0,False,False,False,0.0,0.0
payloadcms/payload,0a39acfa998ef328,False,1,196,True,0.0,0.5867346938775511,7,0.0,0.5867346938775511,7,0.0,0.5867346938775511,7,0.0,0.6052631578947368,9,0.0,0.0,True,0.0,False,False,False,0.0,0.0
payloadcms/payload,27d306e94530fe89,False,2,278,True,0.0,0.25539568345323743,3,0.0,0.23741007194244604,3,0.0,0.24820143884892087,3,0.0,0.35447761194029853,3,0.0,0.0,True,0.0,False,False,False,0.0,0.0
payloadcms/payload,e22fa52401468822,False,1,178,True,0.0,0.7640449438202247,4,0.0,0.7640449438202247,4,0.0,0.7247191011235955,5,0.0,0.7808988764044944,5,0.0,0.0,True,0.0,False,False,False,0.0,0.0
payloadcms/payload,4eb3539a66d16f5c,False,9,2068,True,0.0,0.3916827852998066,25,0.0,0.36218568665377177,25,0.0,0.33752417794970985,24,0.0,0.320873786407767,30,0.0,0.0,True,0.0,False,False,False,0.0,0.0
payloadcms/payload,e5d5f0e24b361fe4,False,2,126,True,0.0,0.25396825396825395,5,0.0,0.24603174603174602,5,0.0,0.25396825396825395,4,0.0,0.32786885245901637,5,0.0,0.0,True,0.0,False,False,False,0.0,0.0
payloadcms/payload,6d2bb197e403f4b0,False,0,9,True,0.0,0.4444444444444444,0,0.0,0.4444444444444444,0,0.0,0.4444444444444444,0,0.0,0.6666666666666666,0,0.0,0.0,False,1.0,False,False,False,0.0,0.0
payloadcms/payload,5dcfa834f840b905,False,3,171,True,0.0,0.6783625730994152,1,0.0,0.6783625730994152,1,0.0,0.7368421052631579,1,0.0,0.6900584795321637,0,0.0,0.0,True,0.0,False,False,False,0.0,0.0
CherryHQ/cherry-studio,9601a8f6c734c200,False,9,162,True,0.0,0.6049382716049383,2,0.0,0.6049382716049383,1,0.0,0.5246913580246914,1,0.0,0.6049382716049383,2,0.0,0.0,True,0.0,False,False,False,0.0,0.0
CherryHQ/cherry-studio,46af5a1343cb8833,False,1,252,True,1.0,0.8214285714285714,0,1.0,0.8253968253968254,0,1.0,0.8253968253968254,0,1.0,1.0,0,1.0,1.0,True,0.0,False,False,False,1.0,1.0
CherryHQ/cherry-studio,87db21a973eed4fe,False,11,131,True,0.0,0.7404580152671756,6,0.0,0.7404580152671756,5,0.0,0.7404580152671756,5,0.0,0.7404580152671756,6,0.0,0.0,True,0.0,False,False,False,0.0,0.0
CherryHQ/cherry-studio,66092f83b2db7aa1,True,0,13,True,0.0,1.0,0,0.0,1.0,0,0.0,1.0,0,0.0,1.0,0,0.0,0.0,True,0.0,False,False,False,0.0,0.0
CherryHQ/cherry-studio,f59a8d50c8dd837c,False,0,76,True,0.0,0.9868421052631579,1,0.0,1.0,0,0.0,0.618421052631579,0,0.0,1.0,0,0.0,0.0,True,1.0,False,False,False,0.0,0.0
CherryHQ/cherry-studio,d4c08290def8b2b6,True,0,43,True,0.0,0.9534883720930233,1,0.0,0.9534883720930233,1,0.0,0.9534883720930233,1,0.0,1.0,0,0.0,0.0,True,0.0,False,False,False,0.0,0.0
CherryHQ/cherry-studio,622305f818c39f35,False,0,58,True,0.0,0.8275862068965517,0,0.0,0.8620689655172413,0,0.0,0.8620689655172413,0,0.0,1.0,0,0.0,0.0,True,0.0,False,False,False,1.0,1.0
CherryHQ/cherry-studio,618cd5b83d62060b,False,0,3,True,0.0,0.6666666666666666,0,0.0,0.6666666666666666,0,0.0,0.6666666666666666,0,0.0,1.0,0,0.0,0.0,True,0.0,False,False,False,0.0,0.0
CherryHQ/cherry-studio,fe834803d8e0192a,True,0,39,True,0.0,0.6923076923076923,0,0.0,0.9487179487179487,0,0.0,0.9487179487179487,0,0.0,1.0,0,0.0,0.0,True,0.0,False,False,False,0.0,0.0
CherryHQ/cherry-studio,de1a05372575c0ca,True,0,45,True,0.0,0.8444444444444444,1,0.0,0.8666666666666667,5,0.0,0.8666666666666667,5,0.0,0.6410256410256411,1,0.0,0.0,True,0.0,False,False,False,0.0,0.0
CherryHQ/cherry-studio,397f8d868b632cac,True,0,210,True,0.0,0.9285714285714286,3,0.0,0.9285714285714286,3,0.0,0.8333333333333334,8,0.0,0.9202127659574468,3,0.0,0.0,True,0.0,False,False,False,0.0,0.0
CherryHQ/cherry-studio,186d30fad0a6fdb4,True,1,26,True,0.0,0.9615384615384616,1,0.0,0.9615384615384616,1,0.0,0.9615384615384616,1,0.0,0.9545454545454546,1,0.0,0.0,True,0.0,False,False,False,0.0,0.0
CherryHQ/cherry-studio,8a7b43178dd0f7d1,True,0,23,True,0.0,0.782608695652174,1,0.0,0.8260869565217391,2,0.0,0.6521739130434783,2,0.0,0.875,0,0.0,0.5,True,0.0,False,False,False,0.0,0.0
CherryHQ/cherry-studio,284621e02c5f1058,True,1,46,True,0.0,0.717391304347826,0,0.0,0.717391304347826,0,0.0,0.6956521739130435,1,0.0,0.6829268292682927,0,1.0,1.0,True,0.0,False,False,False,0.0,0.0
CherryHQ/cherry-studio,7f97b92a258e4cf6,True,0,189,True,0.0,0.8465608465608465,1,0.0,0.8518518518518519,1,0.0,0.8518518518518519,1,0.0,0.8294117647058824,1,0.0,0.0,True,1.0,False,False,False,0.0,0.0
CherryHQ/cherry-studio,da257f04078512a4,False,1,25,True,1.0,0.88,0,1.0,0.92,0,1.0,0.92,0,1.0,1.0,0,1.0,1.0,True,0.0,False,False,False,1.0,1.0
awsdocs/aws-doc-sdk-examples,efdb32638a3cb14e,True,1,87,True,0.0,0.5517241379310345,0,0.0,0.6206896551724138,2,0.0,0.5747126436781609,3,0.0,0.7790697674418605,0,0.0,0.0,False,0.0,False,False,False,0.0,0.0
ipython/ipython,776d8acae1dbb42e,False,4,911,True,0.0,0.21514818880351264,21,0.0,0.18660812294182216,19,0.0,0.22283205268935236,19,0.0,0.2223463687150838,24,0.0,0.0,True,0.0,False,False,False,0.0,0.0
instructure/canvas-lms,8faea127299f9375,False,0,82,True,0.0,0.8414634146341463,3,0.0,0.8536585365853658,4,0.0,0.8536585365853658,4,0.0,0.926829268292683,4,0.0,0.0,False,0.0,False,False,False,0.0,0.0
instructure/canvas-lms,55597be4773f4493,False,0,203,True,0.0,0.9753694581280788,1,0.0,0.9753694581280788,1,0.0,0.9753694581280788,1,0.0,1.0,0,0.0,0.0,False,0.0,False,False,False,0.0,0.0
instructure/canvas-lms,62d5585bc4fe3355,False,0,173,True,0.0,0.4913294797687861,1,0.0,0.4913294797687861,1,0.0,0.3988439306358382,1,0.0,0.5260115606936416,1,0.0,0.0,False,0.0,False,False,False,0.0,0.0
instructure/canvas-lms,6ff18c07ad9a61eb,False,0,222,True,0.0,0.45045045045045046,2,0.0,0.7027027027027027,3,0.0,0.6306306306306306,4,0.0,0.46846846846846846,3,0.0,0.0,True,0.0,False,False,False,0.0,0.0
instructure/canvas-lms,321aa3e6095dacc6,True,0,199,True,1.0,0.6633165829145728,5,0.0,0.46733668341708545,3,0.0,0.46733668341708545,6,0.0,0.5979899497487438,4,0.0,0.0,False,0.0,False,False,False,1.0,0.0
instructure/canvas-lms,ad25342457a72a13,False,0,263,True,0.0,0.6920152091254753,3,0.0,0.6996197718631179,3,0.0,0.6311787072243346,3,0.0,0.7072243346007605,2,0.0,0.0,False,0.0,False,False,False,0.0,0.0
instructure/canvas-lms,78a3073d484abaf9,False,0,96,True,0.0,0.6979166666666666,0,0.0,0.7083333333333334,0,0.0,0.7083333333333334,0,0.0,0.7263157894736842,1,0.0,0.0,False,0.0,False,False,False,0.0,0.0
instructure/canvas-lms,6f109c05c54a5ffb,False,0,262,True,0.0,0.8244274809160306,0,0.0,0.8664122137404581,0,0.0,0.8015267175572519,3,0.0,0.9274809160305344,0,1.0,1.0,True,0.0,False,False,False,0.0,0.0
instructure/canvas-lms,320549f8f5999860,False,0,286,True,0.0,0.9475524475524476,4,0.0,0.9475524475524476,4,0.0,0.548951048951049,12,0.0,0.9615384615384616,4,1.0,1.0,True,0.0,False,False,False,0.0,0.0
instructure/canvas-lms,c2a2dc4a7077b8f0,False,0,285,True,1.0,1.0,0,1.0,1.0,0,1.0,0.8210526315789474,5,1.0,1.0,0,1.0,1.0,True,0.0,False,False,False,1.0,1.0
instructure/canvas-lms,fe693f4343e70e57,False,0,162,True,0.0,0.8827160493827161,5,0.0,0.8827160493827161,5,0.0,0.7777777777777778,6,0.0,0.9197530864197531,5,1.0,0.5,True,0.0,False,False,False,0.0,0.0
instructure/canvas-lms,1f5a105ba2c201ba,False,0,135,True,0.0,0.5185185185185185,4,0.0,0.5185185185185185,4,0.0,0.5111111111111111,5,0.0,0.5407407407407407,4,0.0,0.3333333333333333,True,0.0,False,False,False,0.0,0.0
instructure/canvas-lms,02d360503fb48e34,False,0,205,True,0.0,0.5707317073170731,7,0.0,0.5658536585365853,7,0.0,0.5609756097560976,7,0.0,0.5882352941176471,7,0.0,0.0,True,0.0,False,False,False,0.0,0.0
instructure/canvas-lms,816ec6d9522f8009,False,0,205,True,1.0,0.9414634146341463,2,1.0,0.9414634146341463,2,1.0,0.8341463414634146,5,1.0,0.9414634146341463,2,0.0,1.0,True,0.0,False,False,False,1.0,1.0
instructure/canvas-lms,87d04d00a5eea117,False,0,49,True,0.0,0.3469387755102041,1,0.0,0.3469387755102041,1,0.0,0.32653061224489793,2,0.0,0.3469387755102041,1,1.0,0.0,False,0.0,False,False,False,0.0,0.0
instructure/canvas-lms,683b71c0d7dbeffa,False,1,88,True,0.0,0.7727272727272727,2,0.0,0.8068181818181818,2,0.0,0.6363636363636364,2,0.0,0.8863636363636364,2,0.0,0.0,True,0.0,False,False,False,0.0,0.0
instructure/canvas-lms,d17e44b8cfe95e55,False,0,43,True,0.0,0.4186046511627907,4,0.0,0.4186046511627907,4,0.0,0.37209302325581395,5,0.0,0.4186046511627907,2,0.0,0.0,False,0.0,False,False,False,0.0,0.0
instructure/canvas-lms,36c9e1fd7b850721,False,1,87,True,0.0,0.367816091954023,3,0.0,0.367816091954023,3,0.0,0.367816091954023,4,0.0,0.4367816091954023,5,0.0,0.0,False,0.0,False,False,False,0.0,0.0
instructure/canvas-lms,280445adb69775cd,False,0,47,True,0.0,0.8723404255319149,0,0.0,0.9361702127659575,0,0.0,0.5957446808510638,0,0.0,0.9787234042553191,1,1.0,0.0,False,0.0,False,False,False,0.0,0.0
instructure/canvas-lms,83e15a9b6600df0f,False,0,220,True,0.0,0.23636363636363636,13,0.0,0.23636363636363636,12,0.0,0.17272727272727273,12,0.0,0.2420091324200913,14,0.0,0.3333333333333333,True,0.0,False,False,False,0.0,0.0
instructure/canvas-lms,cd0595647af04890,False,0,15,True,0.0,0.7333333333333333,0,0.0,0.7333333333333333,0,0.0,0.7333333333333333,0,0.0,0.8666666666666667,0,0.0,0.0,True,0.0,False,False,False,0.0,0.0
instructure/canvas-lms,85986f71377bcd92,True,0,363,True,1.0,0.3305785123966942,6,1.0,0.325068870523416,6,1.0,0.325068870523416,9,0.0,0.2646239554317549,6,1.0,1.0,True,0.0,False,False,False,1.0,0.0
firecracker-microvm/firecracker,d4f9b6b89be9c442,False,4,1067,True,0.0,0.5763823805060918,3,0.0,0.5763823805060918,3,0.0,0.5716963448922212,17,0.0,0.5763823805060918,3,0.0,0.0,True,0.0,False,False,False,0.0,0.0
firecracker-microvm/firecracker,5f41fdd76d2341e9,False,0,168,True,0.0,0.8928571428571429,0,0.0,0.8988095238095238,0,0.0,0.8988095238095238,0,0.0,1.0,0,0.0,0.0,False,0.0,False,False,False,0.0,0.0
firecracker-microvm/firecracker,0c424438e001367a,False,1,399,True,0.0,0.6340852130325815,4,0.0,0.656641604010025,5,0.0,0.6641604010025063,6,0.0,0.6340852130325815,4,0.0,0.3333333333333333,True,0.0,False,False,False,0.0,0.0
firecracker-microvm/firecracker,1d3bb9630b6d9b4a,False,2,246,True,0.0,0.5040650406504065,2,0.0,0.6504065040650406,2,0.0,0.4065040650406504,4,0.0,0.5284552845528455,1,0.0,0.0,True,0.0,False,False,False,0.0,0.0
firecracker-microvm/firecracker,ee3f3ee06e888837,False,0,30,True,0.0,0.7333333333333333,1,0.0,0.7333333333333333,1,0.0,0.7333333333333333,1,0.0,0.7586206896551724,0,0.0,0.0,True,0.0,False,False,False,0.0,0.0
firecracker-microvm/firecracker,1d80f4056fe1a9e1,False,0,22,True,0.0,0.7727272727272727,3,0.0,0.7727272727272727,3,0.0,0.7727272727272727,3,0.0,0.8095238095238095,2,0.0,0.0,True,0.0,False,False,False,0.0,0.0
firecracker-microvm/firecracker,d8abdd84a323dd03,False,9,1370,True,0.0,0.327007299270073,25,0.0,0.32992700729927005,25,0.0,0.33138686131386863,26,0.0,0.3267543859649123,25,0.0,0.0,True,0.0,False,False,False,0.0,0.0
firecracker-microvm/firecracker,b6dcb936e4fd3a86,False,2,1191,True,0.0,0.24181360201511334,25,0.0,0.24265323257766583,25,0.0,0.21494542401343408,26,0.0,0.24222035323801513,26,0.0,0.0,True,0.0,False,False,False,0.0,0.0
firecracker-microvm/firecracker,6780e8ddf8990392,False,0,1643,True,0.0,0.20450395617772368,19,0.0,0.202069385270846,19,0.0,0.22519780888618382,24,0.0,0.2048780487804878,18,0.0,0.0,True,0.0,False,False,False,0.0,0.0
firecracker-microvm/firecracker,c7bd425fd98aad1f,False,0,260,True,0.0,0.36153846153846153,10,0.0,0.36538461538461536,10,0.0,0.36923076923076925,10,0.0,0.38461538461538464,11,0.0,0.0,True,0.0,False,False,False,0.0,0.0
firecracker-microvm/firecracker,99070985e7cf85e5,False,1,41,True,0.0,0.1951219512195122,3,0.0,0.1951219512195122,3,0.0,0.1951219512195122,3,0.0,0.1951219512195122,2,1.0,0.0,True,0.0,False,False,False,0.0,0.0
firecracker-microvm/firecracker,7a03a02d9e36cc75,False,1,436,True,0.0,0.3944954128440367,11,0.0,0.3623853211009174,11,0.0,0.23623853211009174,12,0.0,0.3944954128440367,11,0.0,0.0,True,0.0,False,False,False,0.0,0.0
firecracker-microvm/firecracker,e52e4ddd58b7ef88,False,5,722,True,0.0,0.4515235457063712,10,0.0,0.4930747922437673,10,0.0,0.5457063711911357,11,0.0,0.45013850415512463,9,0.0,0.0,True,0.0,False,False,False,0.0,0.0
firecracker-microvm/firecracker,51e20b76e8bb828a,False,0,169,True,0.0,0.21893491124260356,3,0.0,0.21893491124260356,3,0.0,0.20118343195266272,3,0.0,0.21893491124260356,3,0.0,0.0,True,0.0,False,False,False,0.0,0.0
firecracker-microvm/firecracker,854ef1beb56bc61f,False,0,206,True,0.0,0.6359223300970874,4,0.0,0.6407766990291263,2,0.0,0.6407766990291263,2,0.0,0.7233009708737864,4,0.0,0.0,False,0.0,False,False,False,0.0,0.0
firecracker-microvm/firecracker,b335630551682c19,False,0,181,True,0.0,0.47513812154696133,19,0.0,0.46408839779005523,19,0.0,0.4419889502762431,19,0.0,0.49171270718232046,21,1.0,1.0,True,0.0,False,False,False,0.0,0.0
xbmc/xbmc,9da038b088641fcd,False,0,148,True,1.0,0.9256756756756757,3,1.0,0.9324324324324325,3,1.0,0.9324324324324325,3,1.0,0.9256756756756757,3,1.0,1.0,True,0.0,False,False,False,1.0,1.0
xbmc/xbmc,aa8914cc3591f6b2,False,1,358,True,0.0,0.4860335195530726,14,0.0,0.5363128491620112,15,0.0,0.5391061452513967,15,0.0,0.505586592178771,15,0.0,0.0,True,0.0,False,False,False,0.0,0.0
xbmc/xbmc,6090c429a681900b,False,1,125,True,0.0,0.952,3,0.0,0.952,3,0.0,0.952,3,0.0,0.96,2,0.0,0.0,False,0.0,False,False,False,0.0,0.0
xbmc/xbmc,5308e11d02e71920,True,0,179,True,1.0,0.4748603351955307,4,0.0,0.48044692737430167,4,0.0,0.48044692737430167,4,0.0,0.5139664804469274,4,1.0,0.0,False,0.0,False,False,True,1.0,0.0
xbmc/xbmc,1149f93c04cd96fe,True,1,69,True,1.0,0.6666666666666666,0,0.0,0.5797101449275363,0,0.0,0.5797101449275363,0,0.0,0.5652173913043478,0,0.0,0.0,False,0.0,False,False,True,1.0,0.0
xbmc/xbmc,e4f6c675229fc4f6,True,2,230,True,0.0,0.7913043478260869,8,1.0,0.6478260869565218,12,1.0,0.6521739130434783,13,1.0,0.5594059405940595,11,0.0,0.0,False,0.0,False,False,False,0.0,1.0
xbmc/xbmc,e9f2846f87e38f98,True,0,46,True,1.0,0.5,0,0.0,0.3695652173913043,1,0.0,0.3695652173913043,2,0.0,0.3953488372093023,1,1.0,0.0,False,0.0,False,False,False,1.0,0.0
xbmc/xbmc,df1dfd7ac4bba0f3,False,1,142,True,1.0,0.47183098591549294,5,1.0,0.4647887323943662,5,1.0,0.4647887323943662,5,1.0,0.44366197183098594,5,0.0,0.0,False,1.0,False,False,False,1.0,1.0
xbmc/xbmc,de2858586b4501f5,False,0,38,True,1.0,0.868421052631579,0,1.0,0.868421052631579,0,1.0,0.8947368421052632,1,1.0,0.868421052631579,0,1.0,0.0,False,0.0,False,False,False,1.0,1.0
xbmc/xbmc,129fd5f5cbdc7e5d,False,0,164,True,0.0,0.7317073170731707,3,0.0,0.7682926829268293,3,0.0,0.774390243902439,2,0.0,0.8170731707317073,4,0.0,0.0,False,0.0,False,False,False,0.0,0.0
vitejs/vite,f2bad1f1ef27e0d2,False,4,210,True,0.0,0.26666666666666666,17,0.0,0.26666666666666666,18,0.0,0.2904761904761905,18,0.0,0.2761904761904762,16,1.0,1.0,True,1.0,False,False,False,0.0,0.0
vitejs/vite,aa53520bfd53e6c2,False,34,1661,True,1.0,0.3257074051776038,46,1.0,0.2823600240818784,47,1.0,0.20710415412402167,49,1.0,0.32811559301625526,46,0.0,1.0,True,1.0,False,False,False,1.0,1.0
vitejs/vite,76f0b11942dcf5f9,False,0,124,True,0.0,0.4435483870967742,3,0.0,0.4435483870967742,3,0.0,0.4435483870967742,3,0.0,0.5080645161290323,3,0.0,0.0,True,0.0,False,False,False,0.0,0.0
vitejs/vite,5dbd8fa6f9710bde,True,2,34,True,0.0,0.3235294117647059,0,0.0,0.3235294117647059,0,0.0,0.3235294117647059,0,0.0,0.35294117647058826,0,0.0,0.0,True,1.0,False,False,False,0.0,0.0
vitejs/vite,6f5b07ad608d93a8,False,0,188,True,0.0,0.32978723404255317,9,0.0,0.3882978723404255,11,0.0,0.4095744680851064,12,0.0,0.3404255319148936,9,0.0,0.0,True,0.0,False,False,False,0.0,0.0
vitejs/vite,b350d5b1ae72be9b,False,1,110,True,0.0,0.42727272727272725,10,0.0,0.42727272727272725,10,0.0,0.38181818181818183,10,0.0,0.42727272727272725,9,1.0,1.0,True,1.0,False,False,False,0.0,0.0
vitejs/vite,84ac590eb680dc47,False,16,15,True,0.0,0.5333333333333333,0,0.0,0.5333333333333333,0,0.0,0.5333333333333333,0,0.0,0.6,0,1.0,1.0,True,0.0,False,False,False,,
vitejs/vite,b4feafe944af71fb,False,1,535,True,0.0,0.20747663551401868,18,0.0,0.20747663551401868,18,0.0,0.21869158878504674,18,0.0,0.20934579439252338,17,0.0,1.0,True,1.0,False,False,False,0.0,0.0
vitejs/vite,52405ba457a7c957,False,0,7,True,1.0,1.0,0,1.0,1.0,0,1.0,1.0,0,1.0,1.0,0,1.0,0.0,False,1.0,False,False,False,1.0,1.0
vitejs/vite,e9aaa88fe7e73b53,False,0,65,True,0.0,0.5846153846153846,3,0.0,0.4307692307692308,3,0.0,0.4307692307692308,3,0.0,0.6307692307692307,2,1.0,0.0,False,1.0,False,False,False,0.0,0.0
vitejs/vite,e4a00066223b65cc,False,3,88,True,0.0,0.5681818181818182,7,0.0,0.5681818181818182,7,0.0,0.5681818181818182,7,0.0,0.5681818181818182,8,0.0,0.0,True,1.0,False,False,False,0.0,0.0
vitejs/vite,7427ffc4c9748642,False,0,28,True,0.0,0.32142857142857145,1,0.0,0.32142857142857145,1,0.0,0.32142857142857145,1,0.0,0.32142857142857145,1,0.0,0.0,False,0.0,False,False,False,0.0,0.0
vitejs/vite,d41df705e208c4e8,False,0,79,True,0.0,0.5443037974683544,7,0.0,0.5443037974683544,7,0.0,0.5443037974683544,7,0.0,0.5443037974683544,5,0.0,0.0,True,0.0,False,False,False,0.0,0.0
vitejs/vite,4a49b457ff0fce41,True,2,370,True,1.0,0.23243243243243245,25,1.0,0.24864864864864866,25,0.0,0.27837837837837837,24,0.0,0.24864864864864866,24,1.0,1.0,True,1.0,False,False,False,1.0,0.0
vitejs/vite,f1c970279cf5e5b8,False,3,68,True,0.0,0.7205882352941176,2,0.0,0.7205882352941176,2,0.0,0.7205882352941176,2,0.0,0.7205882352941176,2,1.0,0.5,True,1.0,False,False,False,0.0,0.0
vitejs/vite,2ff9d6929734c74a,False,0,18,True,0.0,0.8888888888888888,0,0.0,0.8888888888888888,0,0.0,0.8888888888888888,0,0.0,1.0,0,0.0,0.0,False,0.0,False,False,False,0.0,0.0
vitejs/vite,28653841c52ec4d2,False,6,170,True,0.0,0.31176470588235294,6,0.0,0.31176470588235294,6,0.0,0.31176470588235294,6,0.0,0.3411764705882353,6,0.0,0.0,True,1.0,False,False,False,0.0,0.0
apache/hbase,3c335ec68d08994c,False,0,483,True,0.0,0.6956521739130435,16,0.0,0.7577639751552795,17,0.0,0.7329192546583851,24,0.0,0.7916666666666666,18,1.0,1.0,True,1.0,False,False,False,0.0,0.0
apache/hbase,ed4f74ae55bb1913,False,0,82,True,0.0,0.7926829268292683,2,0.0,0.8170731707317073,2,0.0,0.6097560975609756,5,0.0,0.8536585365853658,2,0.0,0.0,False,0.0,False,False,False,0.0,0.0
apache/hbase,9f6d3fcd5ad3222e,False,0,282,True,1.0,0.9219858156028369,0,1.0,0.9326241134751773,0,0.0,0.43617021276595747,18,1.0,0.9219858156028369,0,0.0,0.0,False,1.0,False,False,False,1.0,1.0
apache/hbase,80d97f2b7339ac7a,False,0,76,True,0.0,1.0,0,0.0,1.0,0,0.0,0.4342105263157895,2,0.0,1.0,0,0.0,0.0,False,0.0,False,False,False,0.0,0.0
apache/hbase,fb9113e9029c1e53,False,0,177,True,0.0,0.655367231638418,6,0.0,0.6666666666666666,6,0.0,0.5649717514124294,7,0.0,0.6610169491525424,6,1.0,0.0,False,1.0,False,False,False,0.0,0.0
apache/hbase,0ccbac4363643b8e,False,0,1004,True,0.0,0.5318725099601593,13,0.0,0.7629482071713147,14,0.0,0.75199203187251,22,0.0,0.5936254980079682,13,0.0,0.0,False,0.0,False,False,False,0.0,0.0
apache/hbase,70dda3e30e06e911,False,0,59,True,0.0,0.8135593220338984,2,0.0,0.8135593220338984,2,0.0,0.4745762711864407,2,0.0,0.8305084745762712,2,1.0,0.0,False,1.0,False,False,False,0.0,0.0
apache/hbase,e92cb96eb92ab20a,False,0,798,True,0.0,0.2982456140350877,17,0.0,0.31954887218045114,17,0.0,0.20802005012531327,24,0.0,0.3107769423558897,18,1.0,0.5,True,0.0,False,False,False,0.0,0.0
apache/hbase,ed51770e8f34884f,False,0,161,True,0.0,0.906832298136646,0,0.0,0.9440993788819876,0,0.0,0.8260869565217391,4,0.0,1.0,0,0.0,0.0,False,0.0,False,False,False,0.0,0.0
apache/hbase,b8ba674fa9849e9f,False,1,189,True,0.0,0.4603174603174603,3,0.0,0.48677248677248675,2,0.0,0.455026455026455,8,0.0,0.5238095238095238,2,0.0,0.0,False,0.0,False,False,False,0.0,0.0
apache/hbase,1328fb73e9b45ac2,False,0,429,True,0.0,0.7668997668997669,6,0.0,0.7832167832167832,6,0.0,0.7878787878787878,6,0.0,0.7858823529411765,7,0.0,0.0,False,0.0,False,False,False,0.0,0.0
apache/hbase,9370543862de11a4,False,0,122,True,0.0,0.47540983606557374,1,0.0,0.47540983606557374,1,0.0,0.47540983606557374,3,0.0,0.47540983606557374,1,0.0,0.0,True,0.0,False,False,False,0.0,0.0
apache/hbase,0e55b368bd805325,False,0,4572,True,0.0,0.3123359580052493,111,0.0,0.2489063867016623,110,0.0,0.2241907261592301,116,0.0,0.18771929824561404,112,0.0,0.0,True,0.0,False,False,False,0.0,0.0
apache/hbase,0738f108c2e08e33,False,0,131,True,0.0,0.9465648854961832,0,0.0,0.9465648854961832,0,0.0,0.7938931297709924,1,0.0,0.9770992366412213,1,0.0,0.0,True,0.0,False,False,False,0.0,0.0
libp2p/rust-libp2p,c662b4b9e1dd66b5,False,0,78,True,0.0,0.6923076923076923,0,0.0,0.6923076923076923,0,0.0,0.44871794871794873,0,0.0,0.7435897435897436,0,0.0,0.0,True,0.0,False,False,False,0.0,0.0
libp2p/rust-libp2p,681d06268973c864,False,0,67,True,0.0,0.373134328358209,7,0.0,0.373134328358209,7,0.0,0.3880597014925373,7,0.0,0.373134328358209,6,0.0,0.5,True,1.0,False,False,False,0.0,0.0
libp2p/rust-libp2p,9ec8c5fcec2242a8,False,0,397,True,0.0,0.2594458438287154,11,0.0,0.25692695214105793,13,0.0,0.2619647355163728,13,0.0,0.2594458438287154,11,0.0,0.0,True,0.0,False,False,False,0.0,0.0
libp2p/rust-libp2p,6187aba48a113228,False,0,107,True,0.0,0.24299065420560748,9,0.0,0.24299065420560748,8,0.0,0.2616822429906542,8,0.0,0.2523364485981308,9,0.0,0.25,True,1.0,False,False,False,0.0,0.0
libp2p/rust-libp2p,f176cef6da6d32fd,False,0,248,True,0.0,0.32661290322580644,6,0.0,0.32661290322580644,6,0.0,0.32661290322580644,7,0.0,0.3902439024390244,7,0.0,0.0,True,0.0,False,False,False,0.0,0.0
libp2p/rust-libp2p,801fcfed15123401,False,1,558,True,0.0,0.3888888888888889,19,0.0,0.45878136200716846,19,0.0,0.45878136200716846,19,0.0,0.41397849462365593,19,0.0,0.0,True,0.0,False,False,False,0.0,0.0
libp2p/rust-libp2p,31fd6ecfa092206a,False,0,1059,True,0.0,0.29367327667610954,15,0.0,0.311614730878187,16,0.0,0.31444759206798867,18,0.0,0.3193916349809886,15,0.0,0.0,True,0.0,False,False,False,0.0,0.0
libp2p/rust-libp2p,1e7a8ad3d1ee2ef9,False,0,153,True,0.0,0.35294117647058826,2,0.0,0.3660130718954248,2,0.0,0.5882352941176471,2,0.0,0.35294117647058826,2,0.0,0.0,True,0.0,False,False,False,0.0,0.0
libp2p/rust-libp2p,51fa6f891ac30be8,False,1,984,True,0.0,0.899390243902439,9,0.0,0.9085365853658537,9,0.0,0.8617886178861789,11,0.0,0.8939857288481141,9,1.0,0.5,True,0.0,False,False,False,0.0,0.0
libp2p/rust-libp2p,c441969d6510e60e,False,0,215,True,0.0,0.6651162790697674,6,0.0,0.6790697674418604,6,0.0,0.7116279069767442,7,0.0,0.6883720930232559,6,0.0,0.0,True,0.0,False,False,False,0.0,0.0
libp2p/rust-libp2p,13be5e2ed9e90186,False,0,1141,True,0.0,0.24978089395267308,17,0.0,0.24364592462751972,17,0.0,0.23488168273444346,19,0.0,0.26117440841367223,17,1.0,1.0,True,1.0,False,False,False,0.0,0.0
libp2p/rust-libp2p,b803fcb7f17ed923,False,0,402,True,0.0,0.5248756218905473,12,0.0,0.5149253731343284,13,0.0,0.5,13,0.0,0.5314861460957179,13,1.0,0.5,True,0.0,False,False,False,0.0,0.0
libp2p/rust-libp2p,0ed9dd4898bd37fb,False,0,155,True,0.0,0.49032258064516127,3,0.0,0.4967741935483871,3,0.0,0.41935483870967744,4,0.0,0.49032258064516127,3,0.0,0.0,True,0.0,False,False,False,0.0,0.0
libp2p/rust-libp2p,51ea339d5e40e4b8,True,0,127,True,0.0,0.2992125984251969,5,0.0,0.3228346456692913,7,0.0,0.3228346456692913,7,0.0,0.3228346456692913,6,1.0,1.0,True,1.0,False,False,False,0.0,0.0
libp2p/rust-libp2p,e90ded327607d9e7,False,0,169,True,0.0,0.2603550295857988,2,0.0,0.2603550295857988,2,0.0,0.20118343195266272,3,0.0,0.2634730538922156,2,0.0,0.0,True,0.0,False,False,False,0.0,0.0
libp2p/rust-libp2p,15bd834e90f0ac8a,False,0,530,True,0.0,0.3018867924528302,7,0.0,0.3018867924528302,7,0.0,0.28867924528301886,8,0.0,0.3018867924528302,7,0.0,0.0,True,0.0,False,False,False,0.0,0.0
libp2p/rust-libp2p,8de6bbf872f019cd,False,1,843,True,0.0,0.66073546856465,8,0.0,0.6702253855278766,8,0.0,0.6346381969157769,10,0.0,0.7511961722488039,8,1.0,1.0,True,1.0,False,False,False,0.0,0.0
libp2p/rust-libp2p,e7d2002572c38449,False,0,244,True,0.0,0.5450819672131147,5,0.0,0.5245901639344263,5,0.0,0.5245901639344263,6,0.0,0.5450819672131147,5,1.0,1.0,True,1.0,False,False,False,0.0,0.0
libp2p/rust-libp2p,1ed1a31c63b1ebc7,False,0,213,True,0.0,0.539906103286385,8,0.0,0.5258215962441315,8,0.0,0.5258215962441315,9,0.0,0.5727699530516432,8,0.0,0.0,True,0.0,False,False,False,0.0,0.0
libgdx/libgdx,124cdd124a6b2f0a,True,1,220,True,0.0,0.33181818181818185,10,0.0,0.43636363636363634,8,0.0,0.4090909090909091,9,0.0,0.3409090909090909,9,1.0,0.5,True,0.0,False,False,False,0.0,0.0
MetaMask/metamask-extension,e1b7bc0e510dbaea,False,0,131,True,0.0,0.1984732824427481,3,0.0,0.22900763358778625,4,0.0,0.22900763358778625,4,0.0,0.3053435114503817,3,0.0,0.0,False,0.0,False,False,False,0.0,0.0
MetaMask/metamask-extension,14ee4b9985d2411e,True,0,148,True,0.0,0.38513513513513514,2,0.0,0.3581081081081081,2,0.0,0.3581081081081081,3,0.0,0.5986394557823129,2,0.0,0.0,False,0.0,False,False,False,0.0,0.0
MetaMask/metamask-extension,4abaeb4f03277bcd,False,0,45,True,0.0,0.4222222222222222,3,0.0,0.4444444444444444,2,0.0,0.4444444444444444,2,0.0,0.7954545454545454,3,0.0,0.0,False,0.0,False,False,False,0.0,0.0
MetaMask/metamask-extension,06a2985a6de38219,True,0,58,True,0.0,0.39655172413793105,0,0.0,0.43103448275862066,0,0.0,0.43103448275862066,0,0.0,0.6551724137931034,0,0.0,0.0,False,0.0,False,False,False,0.0,0.0
MetaMask/metamask-extension,bedcc1d805a08769,True,0,204,True,0.0,0.27941176470588236,8,0.0,0.27941176470588236,8,0.0,0.2696078431372549,8,0.0,0.20588235294117646,9,0.0,0.0,True,0.0,False,False,False,0.0,0.0
MetaMask/metamask-extension,cdd29e9c6dd899bd,False,0,186,True,0.0,0.1935483870967742,7,0.0,0.3010752688172043,9,0.0,0.3010752688172043,9,0.0,0.31891891891891894,8,0.0,1.0,True,0.0,False,False,False,0.0,0.0
MetaMask/metamask-extension,81742c510e78570e,False,0,312,True,0.0,0.14743589743589744,11,0.0,0.1891025641025641,11,0.0,0.1762820512820513,11,0.0,0.14743589743589744,11,1.0,1.0,True,0.0,False,False,False,0.0,0.0
MetaMask/metamask-extension,9acbb59c1213044c,False,2,132,True,0.0,0.44696969696969696,4,0.0,0.5833333333333334,4,0.0,0.6060606060606061,4,0.0,0.44696969696969696,4,1.0,0.0,True,0.0,False,False,False,0.0,0.0
MetaMask/metamask-extension,376ed9a52c0f86d9,False,0,102,True,0.0,0.37254901960784315,2,0.0,0.37254901960784315,2,0.0,0.39215686274509803,3,0.0,0.37254901960784315,2,1.0,0.0,True,0.0,False,False,False,0.0,0.0
MetaMask/metamask-extension,737015fa4e8835f0,False,0,407,True,0.0,0.5454545454545454,13,0.0,0.5233415233415234,13,0.0,0.47665847665847666,12,0.0,0.5454545454545454,11,0.0,0.0,True,0.0,False,False,False,0.0,0.0
MetaMask/metamask-extension,93d378c006f612c1,False,0,56,True,0.0,0.5892857142857143,3,0.0,0.6071428571428571,3,0.0,0.6071428571428571,3,0.0,0.6111111111111112,2,1.0,1.0,True,0.0,False,False,False,0.0,0.0
MetaMask/metamask-extension,07e9f376acef1e87,False,0,55,True,0.0,0.43636363636363634,1,0.0,0.43636363636363634,1,0.0,0.43636363636363634,1,0.0,0.43636363636363634,1,0.0,0.0,True,0.0,False,False,False,0.0,0.0
MetaMask/metamask-extension,53dc11ec8cf17046,True,0,26,True,0.0,0.3076923076923077,1,0.0,0.34615384615384615,0,0.0,0.34615384615384615,0,0.0,0.5384615384615384,0,0.0,0.0,False,0.0,False,False,True,0.0,0.0
MetaMask/metamask-extension,1c2180bbc6fd54b3,False,0,42,True,0.0,0.5476190476190477,0,0.0,0.5476190476190477,0,0.0,0.5476190476190477,0,0.0,0.9047619047619048,0,0.0,0.0,False,0.0,False,False,False,0.0,0.0
MetaMask/metamask-extension,16b9f0ef40e60f59,False,0,104,True,0.0,0.8653846153846154,2,0.0,0.8653846153846154,2,0.0,0.7692307692307693,2,0.0,0.8557692307692307,2,0.0,0.0,False,0.0,False,False,False,0.0,0.0
KevinMusgrave/pytorch-metric-learning,728f1acfab272056,True,0,521,True,0.0,0.710172744721689,1,0.0,0.9558541266794626,2,0.0,0.963531669865643,2,0.0,0.953810623556582,2,0.0,0.0,False,0.0,False,False,False,0.0,0.0
KevinMusgrave/pytorch-metric-learning,994ff60fcd52e387,True,0,39,True,0.0,0.5384615384615384,3,0.0,0.7692307692307693,2,0.0,0.6923076923076923,4,0.0,0.7948717948717948,3,0.0,0.0,True,0.0,False,False,False,0.0,0.0
mruby/mruby,73ed8f61828db4cd,False,0,1453,True,1.0,0.5953200275292498,9,1.0,0.58568479008947,10,1.0,0.5753613214039918,11,1.0,0.5960082587749483,9,1.0,1.0,True,1.0,False,False,False,1.0,1.0
mruby/mruby,316bcde97f9803bc,False,3,2333,True,0.0,0.7933990570081441,15,0.0,0.7942563223317617,14,0.0,0.7728246892413202,15,0.0,0.7951135876553793,15,0.0,0.0,True,0.0,False,False,False,0.0,0.0
mruby/mruby,4de7c842a0f87642,False,0,488,True,0.0,0.1885245901639344,19,0.0,0.26434426229508196,18,0.0,0.2766393442622951,18,0.0,0.22821576763485477,20,0.0,0.0,True,0.0,False,False,False,0.0,0.0
mruby/mruby,7ee30d3208b9f6bc,False,4,2137,True,1.0,0.685072531586336,10,1.0,0.6616752456715022,11,1.0,0.6364061768834816,11,1.0,0.6853932584269663,11,0.0,1.0,True,1.0,False,False,False,1.0,1.0
mruby/mruby,4c3ecc809498c838,True,0,671,True,0.0,0.23248882265275708,14,0.0,0.2906110283159464,13,0.0,0.2906110283159464,13,0.0,0.22938530734632684,14,0.0,0.0,True,0.0,False,False,False,0.0,0.0
mruby/mruby,9a66270d3c199171,True,0,78,True,0.0,0.9358974358974359,0,0.0,1.0,0,0.0,1.0,0,0.0,1.0,0,1.0,0.5,True,1.0,False,False,False,0.0,0.0
tmuxinator/tmuxinator,e013992ae474239a,False,1,491,True,0.0,0.18329938900203666,27,0.0,0.1934826883910387,27,0.0,0.1955193482688391,27,0.0,0.18609406952965235,26,1.0,1.0,True,1.0,False,False,False,0.0,0.0
tmuxinator/tmuxinator,c94dbad39af5ac4c,False,0,517,True,0.0,0.2011605415860735,9,0.0,0.19342359767891681,9,0.0,0.19729206963249515,9,0.0,0.20194174757281552,9,0.0,0.5,True,1.0,False,False,False,0.0,0.0
tmuxinator/tmuxinator,83b334b691b76a3d,True,0,5,True,1.0,0.6,0,1.0,0.6,0,1.0,0.6,0,0.0,0.6666666666666666,0,1.0,1.0,True,1.0,False,False,False,1.0,0.0
tmuxinator/tmuxinator,ce42698129e69553,False,0,400,True,0.0,0.21,9,0.0,0.2125,10,0.0,0.2225,9,0.0,0.21105527638190955,10,0.0,0.0,False,0.0,False,False,False,0.0,0.0
tmuxinator/tmuxinator,eeed022a8ef9e75d,False,1,20,True,0.0,0.45,0,0.0,0.4,0,0.0,0.45,0,0.0,0.5,0,0.0,0.0,True,1.0,False,False,False,0.0,0.0
tmuxinator/tmuxinator,2c5409a7f467e9f4,False,0,465,True,0.0,0.16129032258064516,16,0.0,0.16559139784946236,16,0.0,0.1827956989247312,15,0.0,0.16163793103448276,16,1.0,1.0,True,1.0,False,False,False,0.0,0.0
tmuxinator/tmuxinator,8a01b5bbcf37b837,False,1,771,True,0.0,0.29442282749675747,24,0.0,0.29442282749675747,25,0.0,0.29701686121919585,25,0.0,0.2948051948051948,24,1.0,1.0,True,1.0,False,False,False,0.0,0.0
tmuxinator/tmuxinator,ee98e028c59b193d,False,0,10,True,0.0,0.4,0,0.0,0.4,0,0.0,0.4,0,0.0,0.5,0,0.0,0.0,False,1.0,False,False,False,0.0,0.0
GothenburgBitFactory/taskwarrior,f0e2c7090faf0bf4,False,0,91,True,0.0,0.8681318681318682,4,0.0,0.9230769230769231,5,0.0,0.9230769230769231,5,0.0,0.9545454545454546,4,0.0,0.0,False,0.0,False,False,False,0.0,0.0
GothenburgBitFactory/taskwarrior,fac8ecc4bba9989a,True,0,860,True,0.0,0.4813953488372093,7,0.0,0.7581395348837209,10,0.0,0.7662790697674419,10,0.0,0.9021479713603818,10,0.0,0.0,True,0.0,False,False,False,0.0,0.0
GothenburgBitFactory/taskwarrior,b5c1f759c12dc835,False,0,104,True,0.0,0.8461538461538461,7,0.0,0.8461538461538461,6,0.0,0.8846153846153846,7,0.0,0.8627450980392157,6,0.0,0.0,False,0.0,False,False,False,0.0,0.0
GothenburgBitFactory/taskwarrior,ab7d24e77a103a4f,True,1,327,True,0.0,0.5443425076452599,5,0.0,0.45565749235474007,6,0.0,0.46788990825688076,6,0.0,0.8957055214723927,7,0.0,0.0,True,0.0,False,False,False,0.0,0.0
GothenburgBitFactory/taskwarrior,1fb9da4c562dcfd2,False,0,238,True,0.0,0.46638655462184875,3,0.0,0.6470588235294118,5,0.0,0.6470588235294118,5,0.0,0.890295358649789,5,0.0,0.0,True,0.0,False,False,False,0.0,0.0
GothenburgBitFactory/taskwarrior,1fa114fd37754ac3,False,0,10,True,0.0,0.6,0,0.0,0.6,0,0.0,0.6,0,0.0,0.6,0,0.0,0.0,True,0.0,False,False,False,0.0,0.0
elastic/elasticsearch,767e6309b6bae147,False,0,736,True,0.0,0.44429347826086957,13,0.0,0.33152173913043476,12,0.0,0.360054347826087,16,0.0,0.47282608695652173,14,0.0,0.0,True,0.0,False,False,False,0.0,0.0
elastic/elasticsearch,9cc3e0fe2a76daff,False,0,211,True,0.0,0.7203791469194313,5,0.0,0.7203791469194313,5,0.0,0.4549763033175355,10,0.0,0.7251184834123223,4,0.0,0.0,False,0.0,False,False,False,0.0,0.0
elastic/elasticsearch,171e4959abb243d4,True,1,2069,True,0.0,0.2735621072982117,22,0.0,0.23972933784436926,22,0.0,0.27017883035282747,31,0.0,0.2940603700097371,23,0.0,0.0,True,0.0,False,False,False,0.0,0.0
elastic/elasticsearch,9cd334a5951d5e4c,False,0,359,True,0.0,0.6239554317548747,5,0.0,0.6267409470752089,5,0.0,0.6239554317548747,10,0.0,0.6295264623955432,5,0.0,0.0,True,0.0,False,False,False,0.0,0.0
elastic/elasticsearch,571e9dba59822515,False,0,200,True,0.0,0.59,6,0.0,0.605,6,0.0,0.615,7,0.0,0.59,6,0.0,0.0,False,0.0,False,False,False,0.0,0.0
getpelican/pelican,8f5e98425799c62c,True,0,113,True,0.0,0.8849557522123894,1,0.0,0.911504424778761,7,0.0,0.911504424778761,7,0.0,0.8849557522123894,8,0.0,0.0,True,1.0,False,False,False,0.0,0.0
getpelican/pelican,2957b3bebe4609e9,True,0,114,True,0.0,0.8947368421052632,3,0.0,0.8070175438596491,10,0.0,0.8157894736842105,10,0.0,0.5,12,0.0,0.0,True,1.0,False,False,False,0.0,0.0
getpelican/pelican,454dac0bb133e61b,True,0,85,True,0.0,0.8705882352941177,1,0.0,0.9176470588235294,5,0.0,0.9176470588235294,5,0.0,0.8888888888888888,6,0.0,0.0,True,1.0,False,False,False,0.0,0.0
getpelican/pelican,3302d2e557d1998b,True,0,83,True,0.0,0.8674698795180723,2,0.0,0.7951807228915663,5,0.0,0.7951807228915663,5,0.0,0.8354430379746836,7,0.0,0.0,True,1.0,False,False,False,0.0,0.0
getpelican/pelican,6f3b2c6a229a1360,True,0,113,True,0.0,0.8849557522123894,3,0.0,0.5398230088495575,9,0.0,0.6460176991150443,9,1.0,0.3274336283185841,10,0.0,0.0,True,1.0,False,False,False,0.0,1.0
getpelican/pelican,86fa3be5ca5c1933,True,0,1059,True,0.0,0.49008498583569404,27,0.0,0.48630783758262514,28,0.0,0.48347497639282344,28,0.0,0.1475095785440613,28,0.0,0.0,True,1.0,False,False,False,0.0,0.0
getpelican/pelican,57c7aa2f4bd875bc,True,0,155,True,0.0,0.967741935483871,3,0.0,0.6709677419354839,12,0.0,0.6774193548387096,12,0.0,0.38405797101449274,13,0.0,0.0,True,1.0,False,False,False,0.0,0.0
getpelican/pelican,b6bbc9980eb19e52,True,0,145,True,0.0,0.8896551724137931,4,0.0,0.6413793103448275,11,0.0,0.6482758620689655,11,0.0,0.4,13,0.0,0.0,True,1.0,False,False,False,0.0,0.0
getpelican/pelican,28889c8a5b2a0fa8,True,0,189,True,0.0,0.9682539682539683,3,0.0,0.5925925925925926,12,0.0,0.6402116402116402,13,0.0,0.3192771084337349,10,0.0,0.0,True,1.0,False,False,False,0.0,0.0
getpelican/pelican,e01fe562e048a988,True,0,113,True,0.0,0.8849557522123894,3,0.0,0.8053097345132744,10,0.0,0.8141592920353983,10,0.0,0.49557522123893805,12,0.0,0.0,True,1.0,False,False,False,0.0,0.0
getpelican/pelican,8d6a54ba35475558,True,0,113,True,0.0,0.8849557522123894,1,0.0,0.911504424778761,7,0.0,0.911504424778761,7,0.0,0.8849557522123894,8,0.0,0.0,True,1.0,False,False,False,0.0,0.0
getpelican/pelican,7fb42a8e5a370281,True,0,439,True,0.0,0.45558086560364464,10,0.0,0.8610478359908884,9,0.0,0.8610478359908884,9,0.0,0.7811764705882352,10,0.0,0.0,False,0.0,False,False,False,0.0,0.0
getpelican/pelican,d8a4a1c2ad9e54f6,True,0,117,True,0.0,0.8803418803418803,2,0.0,0.8803418803418803,6,0.0,0.8803418803418803,6,0.0,0.8547008547008547,6,0.0,0.0,True,1.0,False,False,False,0.0,0.0
getpelican/pelican,c394d8ca65458f45,False,1,75,True,0.0,0.7466666666666667,0,0.0,0.7466666666666667,0,0.0,0.7466666666666667,0,0.0,1.0,0,0.0,0.0,False,0.0,False,False,False,0.0,0.0
markbates/goth,7c1b8c5172fe7687,True,0,290,True,0.0,0.21379310344827587,44,0.0,0.21379310344827587,44,0.0,0.21379310344827587,43,0.0,0.20761245674740483,44,0.0,0.0,True,0.5,False,False,False,0.0,0.0
oven-sh/bun,5c2170d7b5404b77,False,0,92,True,0.0,0.9347826086956522,3,0.0,0.9347826086956522,3,0.0,0.9347826086956522,4,0.0,0.9347826086956522,3,0.0,0.25,True,1.0,False,False,False,0.0,0.0
oven-sh/bun,951ea7b398b03022,False,1,573,True,0.0,0.9144851657940664,1,0.0,0.9144851657940664,1,0.0,0.9179755671902269,1,0.0,0.9144851657940664,1,1.0,0.0,True,0.0,False,False,False,0.0,0.0
oven-sh/bun,ff7e48a4c939d72a,False,0,601,True,0.0,0.6821963394342762,6,0.0,0.7071547420965059,7,0.0,0.7154742096505824,6,0.0,0.6821963394342762,6,0.0,0.0,True,0.0,False,False,False,0.0,0.0
oven-sh/bun,6e2f8bde598a3245,False,0,238,True,0.0,0.6134453781512605,5,0.0,0.6470588235294118,5,0.0,0.6470588235294118,5,0.0,0.6134453781512605,5,0.0,0.0,True,0.0,False,False,False,0.0,0.0
oven-sh/bun,834f99a0de0465fa,False,0,55,True,1.0,0.7818181818181819,0,1.0,0.7818181818181819,0,1.0,0.7090909090909091,0,1.0,0.7818181818181819,0,0.0,1.0,True,1.0,False,False,False,1.0,1.0
oven-sh/bun,97444894e245c879,False,0,70,True,0.0,0.8714285714285714,0,0.0,0.8714285714285714,0,0.0,0.8714285714285714,0,0.0,0.8714285714285714,0,0.0,0.0,True,0.0,False,False,False,0.0,0.0
oven-sh/bun,6f8f9cb57c618ee6,False,1,461,True,0.0,0.96529284164859,3,0.0,0.96529284164859,3,0.0,0.9739696312364425,4,0.0,0.96529284164859,3,0.0,0.0,True,0.0,False,False,False,0.0,0.0
oven-sh/bun,e509461a4297965f,False,0,524,True,0.0,0.9847328244274809,2,0.0,0.9847328244274809,2,0.0,0.9847328244274809,2,0.0,0.9847328244274809,2,0.0,0.0,True,0.0,False,False,False,0.0,0.0
oven-sh/bun,03e3107c2f228179,False,0,76,True,0.0,0.9473684210526315,2,0.0,0.9473684210526315,2,0.0,0.9473684210526315,2,0.0,0.9473684210526315,2,1.0,0.0,True,0.0,False,False,False,0.0,0.0
oven-sh/bun,687e79bd60c63b1b,False,0,225,True,0.0,0.9911111111111112,1,0.0,0.9911111111111112,1,0.0,0.9911111111111112,1,0.0,0.9911111111111112,1,0.0,0.0,True,0.0,False,False,False,0.0,0.0
oven-sh/bun,98d7e289656887be,False,2,739,True,0.0,0.9039242219215156,4,0.0,0.9039242219215156,4,0.0,0.9133964817320703,4,0.0,0.9039242219215156,4,0.0,0.0,True,0.0,False,False,False,0.0,0.0
oven-sh/bun,da26241375f20744,False,0,552,True,0.0,0.7481884057971014,6,0.0,0.35688405797101447,6,0.0,0.391304347826087,7,0.0,0.7481884057971014,6,0.0,0.0,True,0.0,False,False,False,0.0,0.0
oven-sh/bun,afa493c3c786095d,False,1,250,True,0.0,0.928,2,0.0,0.98,2,0.0,0.984,2,0.0,0.928,2,1.0,0.0,True,0.0,False,False,False,0.0,0.0
oven-sh/bun,8aef03d64b109548,False,0,76,True,1.0,0.7631578947368421,1,1.0,0.7631578947368421,1,1.0,0.75,2,1.0,0.7631578947368421,1,0.0,0.25,True,1.0,False,False,False,1.0,1.0
oven-sh/bun,de6629a07dda0cf0,False,0,153,True,0.0,0.7320261437908496,1,0.0,0.5490196078431373,2,0.0,0.48366013071895425,2,0.0,0.7320261437908496,1,0.0,0.0,True,0.0,False,False,False,0.0,0.0
oven-sh/bun,2e368542c7f35c8c,False,0,4723,True,0.0,0.8801609146728774,4,0.0,0.8801609146728774,4,0.0,0.8803726445056108,4,0.0,0.8801609146728774,4,0.0,0.0,True,1.0,False,False,False,0.0,0.0
oven-sh/bun,fa44a2968ea7506c,False,0,675,True,1.0,0.8651851851851852,8,1.0,0.8651851851851852,8,1.0,0.8666666666666667,9,1.0,0.8651851851851852,8,0.0,0.0,True,1.0,False,False,False,1.0,1.0
oven-sh/bun,ef3cebe2e4fa2415,False,0,320,True,0.0,0.925,7,0.0,0.925,7,0.0,0.7125,6,0.0,0.925,7,0.0,0.0,True,0.0,False,False,False,0.0,0.0
oven-sh/bun,77fa6f70f607e1d4,False,0,31,True,0.0,0.9354838709677419,0,0.0,0.9354838709677419,0,0.0,0.9354838709677419,0,0.0,0.9354838709677419,0,1.0,0.3333333333333333,True,0.0,False,False,False,0.0,0.0
oven-sh/bun,eda63ff46b953f1e,False,0,558,True,1.0,0.978494623655914,4,1.0,0.978494623655914,4,1.0,0.9802867383512545,5,1.0,0.978494623655914,4,1.0,0.3333333333333333,True,1.0,False,False,False,1.0,1.0
oven-sh/bun,d84f55548719247d,False,0,225,True,0.0,0.9822222222222222,2,0.0,0.9822222222222222,2,0.0,0.9822222222222222,2,0.0,0.9822222222222222,2,0.0,0.0,True,0.0,False,False,False,0.0,0.0
oven-sh/bun,8afe4742f940b4b6,False,3,1262,True,0.0,0.7012678288431062,11,0.0,0.6561014263074485,13,0.0,0.626782884310618,12,0.0,0.7012678288431062,11,0.0,0.0,True,0.0,False,False,False,0.0,0.0
oven-sh/bun,47a151cc080d3378,False,0,168,True,0.0,0.9821428571428571,2,0.0,0.9821428571428571,2,0.0,0.8571428571428571,1,0.0,0.9880952380952381,1,0.0,0.0,True,0.0,False,False,False,0.0,0.0
oven-sh/bun,d1e8cd4ead49d407,False,1,211,True,1.0,0.8815165876777251,2,1.0,0.8815165876777251,2,0.0,0.5213270142180095,4,1.0,0.8862559241706162,2,0.0,1.0,True,1.0,False,False,False,1.0,1.0
oven-sh/bun,9d29f83923bbb531,False,1,145,True,1.0,0.5103448275862069,2,1.0,0.5103448275862069,2,1.0,0.5103448275862069,2,1.0,0.5103448275862069,1,0.0,0.0,True,1.0,False,False,False,1.0,1.0
rust-lang/rust,273f3d21932dab70,False,0,16,True,0.0,0.9375,0,0.0,0.9375,0,0.0,0.9375,0,0.0,1.0,0,0.0,0.0,False,0.0,False,False,False,0.0,0.0
rust-lang/rust,5bf46682ac65c0ee,False,0,9,True,0.0,0.4444444444444444,0,0.0,0.4444444444444444,0,0.0,0.4444444444444444,0,0.0,0.5555555555555556,0,0.0,0.0,True,0.0,False,False,False,0.0,0.0
rust-lang/rust,16b55df807225664,False,0,584,True,0.0,0.9708904109589042,4,0.0,0.9726027397260274,4,0.0,0.9726027397260274,4,0.0,0.9708904109589042,4,0.0,0.0,True,0.0,False,False,False,0.0,0.0
rust-lang/rust,16bba17337b9ad5a,False,0,15,True,0.0,0.8666666666666667,0,0.0,0.8666666666666667,0,0.0,0.8666666666666667,0,0.0,0.8666666666666667,0,0.0,0.0,False,0.0,False,False,False,0.0,0.0
rust-lang/rust,fc8a2984205a8718,False,0,255,True,0.0,0.7176470588235294,3,0.0,0.7254901960784313,3,0.0,0.7254901960784313,3,0.0,0.7176470588235294,4,0.0,0.0,False,0.0,False,False,False,0.0,0.0
rust-lang/rust,d4b6c779834d674c,False,0,53,True,0.0,0.41509433962264153,6,0.0,0.41509433962264153,6,0.0,0.41509433962264153,6,0.0,0.41509433962264153,4,0.0,0.0,True,0.0,False,False,False,0.0,0.0
rust-lang/rust,bdbfdb95f37c6500,False,0,705,True,0.0,0.2198581560283688,37,0.0,0.20567375886524822,39,0.0,0.16170212765957448,40,0.0,0.22190611664295876,36,0.0,0.0,True,0.0,False,False,False,0.0,0.0
rust-lang/rust,1a784cf5272e84f4,False,1,97,True,0.0,0.41237113402061853,10,0.0,0.41237113402061853,10,0.0,0.41237113402061853,10,0.0,0.4329896907216495,10,1.0,1.0,True,0.0,False,False,False,0.0,0.0
PrismLauncher/PrismLauncher,92598a1d24ade4b2,False,0,91,True,0.0,0.4835164835164835,2,0.0,0.6703296703296703,2,0.0,0.5164835164835165,2,0.0,0.5934065934065934,2,1.0,1.0,True,1.0,False,False,False,0.0,0.0
PrismLauncher/PrismLauncher,a0af916377380ee7,False,0,105,True,0.0,0.7714285714285715,2,0.0,0.8380952380952381,3,0.0,0.8380952380952381,3,0.0,0.8666666666666667,2,0.0,0.0,True,0.0,False,False,False,0.0,0.0
PrismLauncher/PrismLauncher,229d2ae6926a324e,True,0,94,True,0.0,0.3191489361702128,4,0.0,0.5,4,0.0,0.32978723404255317,4,0.0,0.5,3,0.0,0.0,True,1.0,False,False,False,0.0,0.0
PrismLauncher/PrismLauncher,d7aef5ecec2cc688,False,2,86,True,0.0,0.3488372093023256,3,0.0,0.313953488372093,3,0.0,0.313953488372093,3,0.0,0.3488372093023256,3,1.0,1.0,True,1.0,False,False,False,0.0,0.0
PrismLauncher/PrismLauncher,c284300aedc56b8a,True,1,105,True,0.0,0.3904761904761905,5,0.0,0.41904761904761906,5,0.0,0.2761904761904762,5,0.0,0.37142857142857144,5,0.0,1.0,True,1.0,False,False,False,0.0,0.0
PrismLauncher/PrismLauncher,c634eb1a1a46c2d2,False,1,118,True,0.0,0.4067796610169492,2,0.0,0.3898305084745763,2,0.0,0.3644067796610169,2,0.0,0.4576271186440678,2,0.0,0.0,False,0.0,False,False,False,0.0,0.0
PrismLauncher/PrismLauncher,cdc80996b8f8340e,True,2,98,True,0.0,0.6632653061224489,2,0.0,0.42857142857142855,4,0.0,0.3877551020408163,4,0.0,0.4387755102040816,3,0.0,0.0,True,0.0,False,False,False,0.0,0.0
PrismLauncher/PrismLauncher,c115806ef59a43f5,False,1,302,True,0.0,0.304635761589404,12,0.0,0.25496688741721857,13,0.0,0.28807947019867547,13,0.0,0.26804123711340205,12,0.0,0.0,True,0.0,False,False,False,0.0,0.0
PrismLauncher/PrismLauncher,0c84b56d09b0af3b,False,0,71,True,0.0,0.6338028169014085,0,0.0,0.6338028169014085,0,0.0,0.43661971830985913,0,0.0,0.5492957746478874,0,1.0,1.0,True,1.0,False,False,False,0.0,0.0
PrismLauncher/PrismLauncher,61e5ba9cb2a563d8,False,0,131,True,0.0,0.46564885496183206,5,0.0,0.3816793893129771,4,0.0,0.3969465648854962,4,0.0,0.48854961832061067,4,0.0,0.5,True,1.0,False,False,False,0.0,0.0
PrismLauncher/PrismLauncher,7365a48aba00a5d2,False,1,180,True,0.0,0.5722222222222222,5,0.0,0.6277777777777778,5,0.0,0.6277777777777778,6,0.0,0.6927374301675978,5,0.0,0.0,True,1.0,False,False,False,0.0,0.0
PrismLauncher/PrismLauncher,4b4f27a7b84ca679,False,2,187,True,0.0,0.46524064171123,3,0.0,0.46524064171123,2,0.0,0.45454545454545453,4,0.0,0.47058823529411764,1,0.0,0.0,True,1.0,False,False,False,0.0,0.0
PrismLauncher/PrismLauncher,ac15b79f66d080c9,False,11,1091,True,0.0,0.4738771769019248,9,0.0,0.5242896425297892,9,0.0,0.538038496791934,9,0.0,0.4711274060494959,9,0.0,0.0,True,1.0,False,False,False,0.0,0.0
PrismLauncher/PrismLauncher,4cd2af94e8fb4bdc,False,0,242,True,0.0,0.7148760330578512,1,0.0,0.7892561983471075,1,0.0,0.7892561983471075,1,0.0,0.9545454545454546,2,0.0,0.0,True,0.0,False,False,False,0.0,0.0
PrismLauncher/PrismLauncher,bf838cb81f90912b,False,0,360,True,0.0,0.775,3,0.0,0.775,3,0.0,0.6916666666666667,4,0.0,0.775,3,1.0,1.0,True,1.0,False,False,False,0.0,0.0
PrismLauncher/PrismLauncher,55d63f241b44b17f,False,1,107,True,0.0,0.40186915887850466,2,0.0,0.2616822429906542,3,0.0,0.21495327102803738,2,0.0,0.4056603773584906,2,0.0,0.0,True,1.0,False,False,False,0.0,0.0
PrismLauncher/PrismLauncher,2033987288a63769,False,0,69,True,0.0,0.8405797101449275,0,0.0,0.8840579710144928,0,0.0,0.4057971014492754,1,0.0,1.0,0,0.0,0.0,False,0.0,False,False,False,0.0,0.0
phoenixframework/phoenix_live_view,77963ca7d2c2b366,False,0,326,False,1.0,0.9877300613496932,1,1.0,0.9877300613496932,1,1.0,0.9877300613496932,1,1.0,0.9871794871794872,1,1.0,1.0,True,1.0,False,False,False,1.0,1.0
phoenixframework/phoenix_live_view,7427225b8e078fa9,True,0,83,False,1.0,0.7108433734939759,0,1.0,0.6144578313253012,0,1.0,0.6144578313253012,1,0.0,0.9743589743589743,1,0.0,0.0,False,1.0,False,False,False,1.0,0.0
phoenixframework/phoenix_live_view,62366d5d96478526,False,0,443,False,1.0,0.9887133182844243,1,1.0,0.9841986455981941,1,1.0,0.9841986455981941,1,1.0,0.942643391521197,1,1.0,1.0,True,1.0,False,False,False,1.0,1.0
phoenixframework/phoenix_live_view,98cfe013da928106,False,0,316,False,0.0,0.680379746835443,0,0.0,0.5632911392405063,0,0.0,0.5632911392405063,0,0.0,0.5729537366548043,0,0.0,0.0,True,0.0,False,False,False,0.0,0.0
phoenixframework/phoenix_live_view,e8aad1cf51be40b2,False,5,803,False,1.0,0.821917808219178,3,1.0,0.7795765877957659,3,1.0,0.7708592777085927,4,1.0,0.4568854568854569,3,1.0,1.0,True,1.0,False,False,False,1.0,1.0
phoenixframework/phoenix_live_view,9ee98cd1c2b173ac,False,1,842,False,1.0,0.8800475059382423,2,1.0,0.8800475059382423,2,1.0,0.9133016627078385,2,1.0,0.8635761589403973,2,1.0,1.0,True,1.0,False,False,False,1.0,1.0
phoenixframework/phoenix_live_view,bc1952d16abe02a8,False,0,64,False,1.0,1.0,0,1.0,1.0,0,1.0,1.0,0,1.0,1.0,0,1.0,1.0,True,1.0,False,False,False,1.0,1.0
phoenixframework/phoenix_live_view,b803fcb7f17ed923,False,0,311,False,1.0,0.6430868167202572,5,1.0,0.6977491961414791,7,1.0,0.5369774919614148,7,1.0,0.6343042071197411,5,1.0,1.0,True,1.0,False,False,False,1.0,1.0
phoenixframework/phoenix_live_view,5e103435d1fa9a0b,False,0,36,False,1.0,1.0,0,1.0,1.0,0,1.0,0.6666666666666666,0,1.0,1.0,0,0.0,0.0,False,1.0,False,False,False,1.0,1.0
phoenixframework/phoenix_live_view,73e09b3154c52cf9,True,0,111,False,1.0,0.7477477477477478,1,1.0,0.6036036036036037,1,1.0,0.6036036036036037,3,0.0,0.7075471698113207,0,1.0,1.0,True,1.0,False,False,False,1.0,0.0
phoenixframework/phoenix_live_view,b6bca9d497d1bf34,False,1,1346,False,1.0,1.0,0,1.0,1.0,0,1.0,0.8841010401188707,4,1.0,1.0,0,1.0,1.0,True,1.0,False,False,False,1.0,1.0
graphql-dotnet/graphql-dotnet,d5ae94dbf3d24d78,True,1,561,True,1.0,0.8912655971479501,2,0.0,0.5454545454545454,3,0.0,0.5508021390374331,4,0.0,0.5407554671968191,3,1.0,1.0,True,1.0,False,False,False,1.0,0.0
graphql-dotnet/graphql-dotnet,27c730fdd184224d,False,0,24,True,1.0,1.0,0,1.0,1.0,0,1.0,1.0,0,1.0,1.0,0,1.0,0.0,False,1.0,False,False,False,1.0,1.0
graphql-dotnet/graphql-dotnet,f9c93c2bd1211ac3,True,0,101,True,1.0,0.8217821782178217,0,0.0,0.8514851485148515,0,0.0,0.7326732673267327,0,0.0,0.8651685393258427,0,1.0,0.0,False,1.0,False,False,False,1.0,0.0
graphql-dotnet/graphql-dotnet,84d9e8cdaecae25a,False,1,70,True,0.0,0.7857142857142857,2,0.0,0.44285714285714284,1,0.0,0.44285714285714284,1,0.0,0.47540983606557374,1,0.0,0.0,False,0.0,False,False,False,0.0,0.0
graphql-dotnet/graphql-dotnet,caef258855bf2d2e,True,0,30,True,1.0,0.6666666666666666,0,0.0,0.7666666666666667,0,0.0,0.7666666666666667,0,0.0,0.8275862068965517,0,1.0,0.0,False,1.0,False,False,False,1.0,0.0
graphql-dotnet/graphql-dotnet,c85acc0c7de5635b,False,0,15,True,1.0,0.8666666666666667,0,1.0,0.6666666666666666,0,1.0,0.6666666666666666,0,1.0,0.5714285714285714,0,0.0,0.0,False,1.0,False,False,False,1.0,1.0
graphql-dotnet/graphql-dotnet,81db976999675041,True,0,69,True,0.0,0.7681159420289855,0,0.0,0.6521739130434783,0,0.0,0.8115942028985508,1,0.0,0.7704918032786885,0,0.0,0.0,False,0.0,False,False,False,0.0,0.0
graphql-dotnet/graphql-dotnet,fa10eafdc7cfef03,False,0,57,True,0.0,0.7894736842105263,2,0.0,0.49122807017543857,1,0.0,0.49122807017543857,1,0.0,0.4339622641509434,1,0.0,0.0,False,0.0,False,False,False,0.0,0.0
graphql-dotnet/graphql-dotnet,765962b0b600080f,True,0,71,True,1.0,0.7464788732394366,0,0.0,0.5352112676056338,1,0.0,0.39436619718309857,1,0.0,0.5076923076923077,1,1.0,1.0,True,1.0,False,False,False,1.0,0.0
graphql-dotnet/graphql-dotnet,83c7574a017894b1,True,0,93,True,1.0,0.9354838709677419,0,0.0,0.8064516129032258,0,0.0,0.8064516129032258,0,0.0,0.8589743589743589,0,1.0,0.0,False,1.0,False,False,False,1.0,0.0
graphql-dotnet/graphql-dotnet,d396aa589768074e,True,0,63,True,1.0,0.7619047619047619,0,0.0,0.6190476190476191,0,0.0,0.5873015873015873,0,0.0,0.4827586206896552,0,1.0,0.0,False,1.0,False,False,False,1.0,0.0
rust-lang/futures-rs,aebd07752408a605,False,0,63,True,0.0,0.6349206349206349,0,0.0,0.8253968253968254,0,0.0,0.8253968253968254,0,0.0,0.7936507936507936,0,1.0,0.0,False,1.0,False,False,False,0.0,0.0
rust-lang/futures-rs,c8a30e60cab08305,False,0,93,True,0.0,0.6236559139784946,4,0.0,0.6881720430107527,4,0.0,0.6881720430107527,7,0.0,0.6666666666666666,3,0.0,0.0,False,1.0,False,False,False,0.0,0.0
rust-lang/futures-rs,9f8fa0afd2f5f123,False,0,44,True,0.0,0.5454545454545454,1,0.0,0.7045454545454546,1,0.0,0.6818181818181818,2,0.0,0.5454545454545454,1,0.0,0.0,True,1.0,False,False,False,0.0,0.0
rust-lang/futures-rs,b165b1fd9c3dcb60,False,0,91,True,0.0,0.7692307692307693,1,0.0,0.7692307692307693,1,0.0,0.7692307692307693,0,0.0,0.7912087912087912,0,1.0,0.0,False,1.0,False,False,False,0.0,0.0
rust-lang/futures-rs,e89e21cce8eefa6c,False,0,101,True,1.0,0.46534653465346537,4,1.0,0.4158415841584158,4,1.0,0.38613861386138615,5,1.0,0.5247524752475248,3,0.0,0.0,False,1.0,False,False,False,1.0,1.0
rust-lang/futures-rs,2aaf41db47e7c837,False,0,39,True,1.0,0.41025641025641024,1,1.0,0.38461538461538464,2,1.0,0.38461538461538464,2,1.0,0.41025641025641024,1,1.0,0.0,False,1.0,False,False,False,1.0,1.0
rust-lang/futures-rs,2e4e343ffde416f6,False,0,56,True,1.0,0.35714285714285715,3,1.0,0.26785714285714285,3,1.0,0.26785714285714285,3,1.0,0.4107142857142857,3,1.0,0.0,False,1.0,False,False,False,1.0,1.0
rust-lang/futures-rs,424a22b148a9c5b0,False,0,43,True,0.0,0.627906976744186,3,0.0,0.6744186046511628,2,0.0,0.6744186046511628,2,0.0,0.627906976744186,1,1.0,0.0,False,1.0,False,False,False,0.0,0.0
rust-lang/futures-rs,f02c57825fbad4a7,False,0,256,True,0.0,0.7890625,7,0.0,0.79296875,7,0.0,0.75390625,8,0.0,0.7890625,6,1.0,0.0,False,1.0,False,False,False,0.0,0.0
rust-lang/futures-rs,0e07e6560531e590,False,0,57,True,1.0,0.3684210526315789,2,0.0,0.5789473684210527,4,0.0,0.5263157894736842,4,1.0,0.3684210526315789,1,1.0,0.0,False,1.0,False,False,False,1.0,1.0
rust-lang/futures-rs,081c7689e33bc293,False,0,127,True,1.0,0.4881889763779528,3,1.0,0.4251968503937008,2,1.0,0.4094488188976378,4,1.0,0.49606299212598426,3,1.0,0.0,False,1.0,False,False,False,1.0,1.0
rust-lang/futures-rs,6a1b6c5af23678be,False,0,127,True,0.0,0.33070866141732286,5,0.0,0.3543307086614173,5,0.0,0.3543307086614173,5,0.0,0.3333333333333333,4,1.0,1.0,True,1.0,False,False,False,0.0,0.0
rust-lang/futures-rs,bb82398431f8e974,False,0,124,True,1.0,0.532258064516129,6,1.0,0.47580645161290325,6,1.0,0.45161290322580644,6,1.0,0.5887096774193549,5,0.0,0.0,False,1.0,False,False,False,1.0,1.0
rust-lang/futures-rs,c93abe2ae1ce2dc4,False,0,240,True,0.0,0.375,7,0.0,0.37083333333333335,8,0.0,0.37083333333333335,10,0.0,0.375,7,1.0,0.0,False,1.0,False,False,False,0.0,0.0
rust-lang/futures-rs,d1f6fddf76e2c2b3,False,0,76,True,1.0,0.4868421052631579,2,1.0,0.42105263157894735,5,1.0,0.42105263157894735,6,1.0,0.5394736842105263,3,0.0,0.0,False,1.0,False,False,False,1.0,1.0
rust-lang/futures-rs,4789fc30d8b51927,False,0,109,True,0.0,0.7155963302752294,5,0.0,0.7155963302752294,5,0.0,0.7155963302752294,5,0.0,0.7247706422018348,4,1.0,0.0,False,1.0,False,False,False,0.0,0.0
rust-lang/futures-rs,612d031b2d5b6cae,False,0,85,True,0.0,0.2235294117647059,1,0.0,0.23529411764705882,1,0.0,0.23529411764705882,1,0.0,0.2235294117647059,0,1.0,0.0,False,1.0,False,False,False,0.0,0.0
rust-lang/futures-rs,bf9acc7c516f6009,False,0,92,True,0.0,0.532608695652174,6,0.0,0.532608695652174,8,0.0,0.532608695652174,7,0.0,0.5434782608695652,5,0.0,0.0,True,1.0,False,False,False,0.0,0.0
rust-lang/futures-rs,5822968e0ae6f727,False,0,70,True,1.0,0.5,5,1.0,0.4142857142857143,6,1.0,0.4142857142857143,6,1.0,0.5,4,1.0,0.0,False,1.0,False,False,False,1.0,1.0
rust-lang/futures-rs,57ce40c3507df1b1,False,0,594,True,0.0,0.5993265993265994,4,0.0,0.6026936026936027,4,0.0,0.6026936026936027,3,0.0,0.6060606060606061,3,1.0,0.0,False,1.0,False,False,False,0.0,0.0
rust-lang/futures-rs,59d1c6dbc5476dc6,False,0,250,True,1.0,0.492,10,1.0,0.488,9,1.0,0.464,9,1.0,0.492,10,0.0,0.5,True,1.0,False,False,False,1.0,1.0
rust-lang/futures-rs,f6a8ba26cf2176b0,False,0,104,True,0.0,0.8557692307692307,2,0.0,0.8557692307692307,2,0.0,0.8557692307692307,2,0.0,0.9519230769230769,2,1.0,0.0,False,1.0,False,False,False,0.0,0.0
rust-lang/futures-rs,3b377a499ac9ba31,False,0,430,True,0.0,0.13023255813953488,12,0.0,0.13023255813953488,14,0.0,0.13488372093023257,15,0.0,0.13488372093023257,11,0.0,0.0,True,1.0,False,False,False,0.0,0.0
rust-lang/futures-rs,972fc591218dcbad,False,0,117,True,1.0,0.46153846153846156,3,1.0,0.4188034188034188,4,0.0,0.2905982905982906,5,1.0,0.48717948717948717,2,0.0,0.0,False,1.0,False,False,False,1.0,1.0
rust-lang/futures-rs,407bf3e7f349ef43,False,0,239,True,1.0,0.7656903765690377,1,1.0,0.803347280334728,1,1.0,0.9665271966527197,2,1.0,0.7907949790794979,0,1.0,0.0,False,1.0,False,False,False,1.0,1.0
PostgresApp/PostgresApp,8841044e0e03c24e,False,1,1171,True,1.0,1.0,0,1.0,1.0,0,1.0,1.0,0,1.0,1.0,0,1.0,1.0,True,0.0,False,False,False,1.0,1.0
PostgresApp/PostgresApp,eaaf4a2bffaba17f,False,10,1237,True,1.0,0.9911075181891673,1,1.0,0.9911075181891673,1,1.0,0.9911075181891673,1,1.0,0.9910350448247759,1,1.0,1.0,True,0.0,False,False,False,1.0,1.0
PostgresApp/PostgresApp,98ac8ab7f83fae32,False,1,1115,True,1.0,0.9991031390134529,1,1.0,0.9991031390134529,1,1.0,0.9991031390134529,1,1.0,0.9990950226244344,1,1.0,1.0,True,0.0,False,False,False,1.0,1.0
PostgresApp/PostgresApp,e7ed160fb9607236,False,0,614,True,0.0,0.8615635179153095,0,0.0,0.8631921824104235,0,0.0,0.8631921824104235,0,0.0,0.8631921824104235,0,1.0,1.0,True,0.0,False,False,False,0.0,0.0
PostgresApp/PostgresApp,30d604bfc0f73787,False,0,51,True,0.0,0.803921568627451,0,0.0,0.9803921568627451,1,0.0,0.9803921568627451,1,0.0,0.9347826086956522,0,0.0,0.0,True,0.0,False,False,False,0.0,0.0
PostgresApp/PostgresApp,906871a810937753,False,0,95,True,0.0,0.7263157894736842,0,0.0,0.7578947368421053,0,0.0,0.7578947368421053,0,0.0,0.7340425531914894,0,0.0,0.0,False,0.0,False,False,False,0.0,0.0
PostgresApp/PostgresApp,0c160811beb33fe8,False,1,1090,True,1.0,0.9990825688073395,1,1.0,0.9990825688073395,1,1.0,0.9990825688073395,1,1.0,0.9990732159406858,1,1.0,1.0,True,0.0,False,False,False,1.0,1.0
PostgresApp/PostgresApp,0b887189ef879222,False,0,82,True,0.0,0.6707317073170732,1,0.0,0.6707317073170732,1,0.0,0.7560975609756098,1,0.0,0.7051282051282052,1,0.0,0.0,False,0.0,False,False,False,0.0,0.0
PostgresApp/PostgresApp,481bde0618b40a67,True,0,146,True,0.0,0.5,1,0.0,0.4931506849315068,1,0.0,0.5205479452054794,1,0.0,0.5,1,0.0,0.0,True,0.0,False,False,False,0.0,0.0
PostgresApp/PostgresApp,c22574e3c0981958,False,0,1278,True,1.0,0.662754303599374,5,1.0,0.634585289514867,6,1.0,0.6025039123630673,6,1.0,0.6415543219666932,6,1.0,1.0,True,1.0,False,False,False,1.0,1.0
PostgresApp/PostgresApp,693c7573b4292b56,False,0,28,True,0.0,0.8571428571428571,0,0.0,0.9285714285714286,0,0.0,0.9285714285714286,0,0.0,0.8928571428571429,0,1.0,0.0,False,1.0,False,False,False,0.0,0.0
PostgresApp/PostgresApp,5e33359db8e6b709,False,0,72,True,0.0,0.5138888888888888,0,0.0,0.5138888888888888,0,0.0,0.5138888888888888,0,0.0,0.5070422535211268,0,0.0,0.0,False,0.0,False,False,False,0.0,0.0
PostgresApp/PostgresApp,e9b744e577b5c097,False,1,792,True,1.0,0.9949494949494949,1,1.0,0.9949494949494949,1,1.0,0.9949494949494949,1,1.0,0.9949109414758269,1,1.0,1.0,True,0.0,False,False,False,1.0,1.0
PostgresApp/PostgresApp,4def42543803a131,False,1,110,True,0.0,0.5545454545454546,2,0.0,0.5818181818181818,2,0.0,0.6,2,0.0,0.5648148148148148,2,1.0,1.0,True,1.0,False,False,False,0.0,0.0
PostgresApp/PostgresApp,adb1380952a19d96,False,0,36,True,0.0,1.0,0,0.0,1.0,0,0.0,1.0,0,0.0,1.0,0,0.0,0.0,True,0.0,False,False,False,0.0,0.0
PostgresApp/PostgresApp,4f0208cc523c52a0,False,0,45,True,0.0,0.7333333333333333,1,0.0,0.7333333333333333,1,0.0,0.7333333333333333,1,0.0,0.7333333333333333,1,0.0,0.0,False,0.0,False,False,False,0.0,0.0
PostgresApp/PostgresApp,fb5b04f205a35c12,False,0,54,True,0.0,1.0,0,0.0,1.0,0,0.0,1.0,0,0.0,1.0,0,0.0,0.0,False,0.0,False,False,False,0.0,0.0
CesiumGS/cesium,91b3deb5a48a199e,True,0,34,True,0.0,0.5294117647058824,3,0.0,0.3235294117647059,3,0.0,0.3235294117647059,3,0.0,0.5882352941176471,1,0.0,0.0,False,0.0,False,False,False,0.0,0.0
CesiumGS/cesium,db1c21174c82de67,True,0,36,True,0.0,0.5833333333333334,2,0.0,0.3611111111111111,3,0.0,0.3611111111111111,3,0.0,0.5757575757575758,1,0.0,0.0,False,0.0,False,False,False,0.0,0.0
CesiumGS/cesium,f8c6beab71707eea,True,0,177,True,0.0,0.7909604519774012,5,0.0,0.4011299435028249,5,0.0,0.4011299435028249,5,0.0,0.4943181818181818,7,0.0,0.0,False,1.0,False,False,False,0.0,0.0
CesiumGS/cesium,8cdd36055c094468,True,0,88,True,0.0,0.7159090909090909,1,0.0,0.42045454545454547,4,0.0,0.29545454545454547,3,0.0,0.39080459770114945,4,0.0,0.0,False,1.0,False,False,False,0.0,0.0
CesiumGS/cesium,4e8fabdca714f7a0,True,0,1223,True,0.0,0.7914963205233033,8,0.0,0.5036794766966476,11,0.0,0.5257563368765331,13,0.0,0.684931506849315,13,0.0,0.0,True,0.0,False,False,False,0.0,0.0
CesiumGS/cesium,d44aaac4fce72d93,True,0,101,True,0.0,0.594059405940594,2,0.0,0.44554455445544555,2,0.0,0.45544554455445546,2,0.0,0.7821782178217822,2,0.0,0.0,True,1.0,False,False,False,0.0,0.0
CesiumGS/cesium,28c127f92b8de251,True,0,532,True,0.0,0.7368421052631579,5,0.0,0.5131578947368421,12,0.0,0.543233082706767,12,0.0,0.24764150943396226,13,0.0,0.0,True,0.0,False,False,False,0.0,0.0
CesiumGS/cesium,23536c7a97c25791,True,0,400,True,0.0,0.5075,8,0.0,0.255,11,0.0,0.255,12,0.0,0.26126126126126126,9,0.0,0.0,True,0.0,False,False,False,0.0,0.0
CesiumGS/cesium,f0916647bdbf49a8,True,0,135,True,0.0,0.8518518518518519,2,0.0,0.6,1,0.0,0.5925925925925926,2,0.0,0.8269230769230769,1,0.0,0.0,False,0.0,False,False,False,0.0,0.0
CesiumGS/cesium,52c14d792e117b64,True,1,614,True,0.0,0.6726384364820847,6,0.0,0.24429967426710097,10,0.0,0.2263843648208469,10,0.0,0.2903930131004367,7,0.0,0.0,True,0.0,False,False,False,0.0,0.0
CesiumGS/cesium,8674ed868f955c8e,True,1,323,True,0.0,0.7863777089783281,2,0.0,0.38699690402476783,9,0.0,0.4148606811145511,12,0.0,0.5964285714285714,10,0.0,0.0,False,1.0,False,False,False,0.0,0.0
CesiumGS/cesium,5547e6614f6762b5,True,0,650,True,0.0,0.7861538461538462,8,0.0,0.3076923076923077,10,0.0,0.2784615384615385,9,0.0,0.8546168958742633,9,0.0,0.0,True,0.0,False,False,False,0.0,0.0
CesiumGS/cesium,669bd5e7a3591a15,True,0,58,True,0.0,0.8620689655172413,4,0.0,0.6896551724137931,3,0.0,0.6896551724137931,3,0.0,0.94,3,0.0,0.0,False,0.0,False,False,False,0.0,0.0
CesiumGS/cesium,43ad4ac9dd51102b,False,0,546,True,0.0,0.6923076923076923,8,0.0,0.5256410256410257,6,0.0,0.6190476190476191,7,0.0,0.4158415841584158,5,0.0,0.0,False,0.0,False,False,False,0.0,0.0
CesiumGS/cesium,eebc83dd8e4275d9,True,0,886,True,0.0,0.48419864559819414,8,0.0,0.2866817155756208,8,0.0,0.3216704288939052,10,0.0,0.4315659679408138,10,1.0,0.0,False,0.0,False,False,False,0.0,0.0
CesiumGS/cesium,ae5c3742ec2d5461,False,0,543,True,0.0,0.7532228360957642,5,0.0,0.4972375690607735,11,0.0,0.4990791896869245,12,0.0,0.40575916230366493,14,0.0,0.0,True,0.0,False,False,False,0.0,0.0
CesiumGS/cesium,668acf258684a9de,True,0,387,True,0.0,0.6537467700258398,5,0.0,0.40568475452196384,10,0.0,0.4108527131782946,10,0.0,0.3525641025641026,7,0.0,0.0,False,0.0,False,False,False,0.0,0.0
CesiumGS/cesium,4c4b4ae3e4f1d19a,True,0,220,True,0.0,0.8772727272727273,4,0.0,0.4409090909090909,9,0.0,0.5,9,0.0,0.4720812182741117,8,0.0,0.0,True,1.0,False,False,False,0.0,0.0
CesiumGS/cesium,abe6305b6c8d1e79,False,0,141,True,0.0,0.7375886524822695,3,0.0,0.7375886524822695,3,0.0,0.7375886524822695,3,0.0,0.851063829787234,2,0.0,0.0,False,0.0,False,False,False,0.0,0.0
CesiumGS/cesium,afd15ebfa58429f0,False,0,148,True,0.0,0.5945945945945946,1,0.0,0.5945945945945946,1,0.0,0.5608108108108109,1,0.0,0.5945945945945946,0,1.0,0.0,True,0.0,False,False,False,0.0,0.0
CesiumGS/cesium,d2be1fc3fad7f3cb,True,0,16,True,0.0,0.8125,0,0.0,0.5,0,0.0,0.5,0,0.0,0.6428571428571429,0,0.0,0.0,False,0.0,False,False,False,0.0,0.0
CesiumGS/cesium,060ca713b046332b,False,0,54,True,0.0,0.8518518518518519,1,0.0,0.6666666666666666,2,0.0,0.6666666666666666,2,0.0,0.6415094339622641,1,0.0,0.0,False,0.0,False,False,False,0.0,0.0
CesiumGS/cesium,8f080aefe3203bfc,True,0,171,True,0.0,0.6783625730994152,4,0.0,0.5087719298245614,3,0.0,0.5087719298245614,5,0.0,0.8402366863905325,5,0.0,0.0,False,1.0,False,False,False,0.0,0.0
CesiumGS/cesium,f4c52b6e7176aafe,False,0,126,True,1.0,0.9206349206349206,0,1.0,0.9206349206349206,0,1.0,0.9206349206349206,0,1.0,1.0,0,1.0,0.0,False,0.0,False,False,False,1.0,1.0
streamlink/streamlink,32c5f1073f3cd22b,False,0,2160,True,1.0,1.0,0,1.0,1.0,0,1.0,1.0,0,1.0,1.0,0,1.0,1.0,True,1.0,False,False,False,1.0,1.0
streamlink/streamlink,3540be7f4a533389,False,4,238,True,1.0,0.7857142857142857,0,1.0,0.7016806722689075,0,1.0,0.6386554621848739,0,1.0,0.7848101265822784,0,1.0,0.0,False,1.0,False,False,False,1.0,1.0
streamlink/streamlink,571c0395d89a674a,False,0,104,True,0.0,0.7692307692307693,0,0.0,0.8173076923076923,0,0.0,0.8269230769230769,0,0.0,0.8932038834951457,0,1.0,0.0,False,1.0,False,False,False,0.0,0.0
streamlink/streamlink,195c666078e7edad,False,1,160,True,1.0,0.9,3,1.0,0.8875,3,1.0,0.85625,4,1.0,0.8980891719745223,3,1.0,1.0,True,1.0,False,False,False,1.0,1.0
streamlink/streamlink,3b3085734f53d33e,False,2,526,True,1.0,1.0,0,1.0,1.0,0,1.0,1.0,0,1.0,1.0,0,1.0,1.0,True,1.0,False,False,False,1.0,1.0
streamlink/streamlink,cdcf64e4a702a3b4,False,13,997,True,1.0,0.9317953861584755,10,1.0,0.9207622868605817,11,1.0,0.917753259779338,10,1.0,0.9271794871794872,10,1.0,1.0,True,1.0,False,False,False,1.0,1.0
streamlink/streamlink,9d5588ee9eb895f3,False,0,705,True,1.0,1.0,0,1.0,1.0,0,1.0,1.0,0,1.0,1.0,0,1.0,1.0,True,1.0,False,False,False,1.0,1.0
streamlink/streamlink,a84baad78daef56d,False,0,817,True,1.0,1.0,0,1.0,1.0,0,1.0,1.0,0,1.0,1.0,0,1.0,1.0,True,1.0,False,False,False,1.0,1.0
streamlink/streamlink,2194ac66d9d50789,False,0,40,True,1.0,0.9,0,1.0,0.9,0,1.0,0.85,0,1.0,0.9,0,1.0,1.0,True,1.0,False,False,False,1.0,1.0
streamlink/streamlink,e322da2d6b43c455,False,0,110,True,1.0,0.8090909090909091,1,1.0,0.7636363636363637,1,1.0,0.7636363636363637,1,1.0,0.8090909090909091,1,1.0,0.0,False,1.0,False,False,False,1.0,1.0
streamlink/streamlink,d9dbeeef5a27f303,False,1,62,True,1.0,1.0,0,1.0,1.0,0,1.0,1.0,0,1.0,1.0,0,1.0,1.0,True,1.0,False,False,False,1.0,1.0
streamlink/streamlink,550ab64693d2f519,False,1,545,True,1.0,1.0,0,1.0,1.0,0,1.0,1.0,0,1.0,1.0,0,1.0,1.0,True,1.0,False,False,False,1.0,1.0
streamlink/streamlink,a0d48c28e8d84cb5,False,1,408,True,1.0,1.0,0,1.0,1.0,0,1.0,0.9313725490196079,1,1.0,1.0,0,1.0,1.0,True,1.0,False,False,False,1.0,1.0
streamlink/streamlink,8156ddd5ba4fd19b,False,1,95,True,1.0,0.9263157894736842,0,1.0,0.9368421052631579,0,1.0,0.9368421052631579,0,1.0,0.9263157894736842,0,0.0,0.0,False,1.0,False,False,False,1.0,1.0
streamlink/streamlink,fb06e8b946b2ea08,False,1,217,True,0.0,0.46543778801843316,2,1.0,0.45161290322580644,2,1.0,0.45161290322580644,2,0.0,0.782608695652174,2,1.0,1.0,True,1.0,False,False,False,0.0,0.0
streamlink/streamlink,7a07ab2b2caee2b3,False,2,633,True,1.0,1.0,0,1.0,1.0,0,1.0,0.9984202211690363,1,1.0,1.0,0,1.0,1.0,True,1.0,False,False,False,1.0,1.0
streamlink/streamlink,e35ec99f3bda7b3a,False,1,46,True,1.0,0.5652173913043478,3,1.0,0.5652173913043478,3,1.0,0.5869565217391305,2,1.0,0.5434782608695652,3,1.0,1.0,True,1.0,False,False,False,1.0,1.0
streamlink/streamlink,e2ee0cebcff349b0,False,4,341,True,1.0,1.0,0,1.0,1.0,0,1.0,1.0,0,1.0,1.0,0,1.0,1.0,True,1.0,False,False,False,1.0,1.0
Bash-it/bash-it,6b2ab8485dfaf08c,True,0,22,True,0.0,0.5454545454545454,0,0.0,0.7727272727272727,0,0.0,0.7727272727272727,0,0.0,0.8181818181818182,0,0.0,0.0,False,1.0,False,False,False,0.0,0.0
Bash-it/bash-it,c7d6cbd23f7d3a7f,False,1,44,True,0.0,0.6363636363636364,1,0.0,0.4772727272727273,1,0.0,0.4772727272727273,1,0.0,0.6363636363636364,1,0.0,0.0,True,0.0,False,False,False,0.0,0.0
Bash-it/bash-it,0d1dec743886c365,True,0,73,True,0.0,0.6164383561643836,0,0.0,0.684931506849315,0,0.0,0.684931506849315,0,0.0,0.684931506849315,0,0.0,0.0,False,0.0,False,False,False,0.0,0.0
Bash-it/bash-it,7d986ebee2f7dd34,True,0,22,True,0.0,0.8181818181818182,0,0.0,0.5,1,0.0,0.5,1,0.0,0.5,1,0.0,0.0,False,1.0,False,False,False,0.0,0.0
Bash-it/bash-it,681fcd671c896da6,True,0,16,True,0.0,0.75,0,0.0,0.5,0,0.0,0.5,0,0.0,0.5,0,0.0,0.0,False,1.0,False,False,False,0.0,0.0
Bash-it/bash-it,7fc0cc362b557aeb,False,0,74,True,1.0,0.6756756756756757,0,1.0,0.5540540540540541,0,1.0,0.5540540540540541,0,1.0,0.5540540540540541,0,1.0,0.0,False,0.0,False,False,False,1.0,1.0
Bash-it/bash-it,b072cd254c8393a5,False,1,78,True,0.0,0.6794871794871795,0,0.0,0.3717948717948718,0,0.0,0.3717948717948718,0,0.0,0.3717948717948718,0,0.0,0.0,False,0.0,False,False,False,0.0,0.0
Bash-it/bash-it,82a8de1d8f7825e6,False,0,384,True,0.0,0.5651041666666666,1,0.0,0.9479166666666666,2,0.0,0.9479166666666666,2,0.0,0.9373368146214099,1,0.0,0.0,True,0.0,False,False,False,0.0,0.0
Bash-it/bash-it,c467d2646a9e9291,True,4,717,True,0.0,0.6304044630404463,1,0.0,0.5146443514644351,2,0.0,0.5146443514644351,2,0.0,0.5168539325842697,2,0.0,0.0,False,0.0,False,False,False,0.0,0.0
Bash-it/bash-it,45cf7931241a7076,True,0,10,True,0.0,0.6,0,0.0,0.4,0,0.0,0.4,0,0.0,0.7,0,0.0,0.0,False,1.0,False,False,False,0.0,0.0
Bash-it/bash-it,90f93fbdfb9ebbf8,False,0,10,True,0.0,0.7,0,0.0,0.9,0,0.0,0.9,0,0.0,0.9,0,0.0,0.0,False,1.0,False,False,False,0.0,0.0
Bash-it/bash-it,c56772fb8d32efe4,False,0,57,True,0.0,0.3684210526315789,8,0.0,0.3508771929824561,8,0.0,0.3508771929824561,8,0.0,0.3508771929824561,8,0.0,0.0,False,1.0,False,False,False,0.0,0.0
Bash-it/bash-it,aa57f91a88a2f8fb,True,1,363,True,1.0,0.5261707988980716,1,0.0,0.6942148760330579,1,0.0,0.6942148760330579,1,0.0,0.6914600550964187,1,1.0,0.0,False,1.0,False,False,False,1.0,0.0
Bash-it/bash-it,e60230c15079cc2b,False,1,979,True,0.0,0.8549540347293156,14,0.0,0.36567926455566907,17,0.0,0.36465781409601633,17,0.0,0.4856815578465063,16,0.0,0.0,False,1.0,False,False,False,0.0,0.0
Bash-it/bash-it,c0702658bab40ff9,False,1,148,True,1.0,0.5540540540540541,0,1.0,0.668918918918919,0,1.0,0.6418918918918919,1,1.0,0.46621621621621623,0,0.0,0.0,True,1.0,False,False,False,1.0,1.0
Bash-it/bash-it,8a67bcf43c4af736,True,0,307,True,0.0,0.7361563517915309,0,0.0,0.6221498371335505,0,0.0,0.6221498371335505,0,0.0,0.5993031358885017,0,0.0,0.0,False,0.0,False,False,False,0.0,0.0
Bash-it/bash-it,520120faf56a45b9,True,0,43,True,0.0,0.5116279069767442,6,0.0,0.27906976744186046,6,0.0,0.3023255813953488,6,0.0,0.2558139534883721,5,0.0,0.0,False,1.0,False,False,False,0.0,0.0
Bash-it/bash-it,5ff3216fa55b9ea5,False,0,95,True,0.0,0.9263157894736842,3,0.0,0.5578947368421052,3,0.0,0.5578947368421052,3,0.0,0.5578947368421052,3,0.0,0.0,False,1.0,False,False,False,0.0,0.0
Bash-it/bash-it,ba139e91c32cbf19,False,1,89,True,1.0,0.5955056179775281,0,0.0,0.4606741573033708,0,0.0,0.4606741573033708,0,1.0,0.43820224719101125,0,1.0,0.0,False,0.0,False,False,False,1.0,1.0
risingwavelabs/risingwave,79662bea66aef129,False,2,409,True,0.0,0.46943765281173594,12,0.0,0.46454767726161367,11,0.0,0.44254278728606355,10,0.0,0.4767726161369193,12,0.0,0.0,True,0.0,False,False,False,0.0,0.0
risingwavelabs/risingwave,9e88a694c16d5c1d,False,0,397,True,0.0,0.6120906801007556,7,0.0,0.6221662468513854,6,0.0,0.6221662468513854,7,0.0,0.6448362720403022,7,0.0,0.0,True,1.0,False,False,False,0.0,0.0
risingwavelabs/risingwave,648a07dcc1fa77e2,False,1,150,True,0.0,0.92,5,0.0,0.92,5,0.0,0.8266666666666667,8,0.0,0.9333333333333333,5,1.0,0.2,True,0.0,False,False,False,0.0,0.0
risingwavelabs/risingwave,5d93947e4fc09241,False,2,435,True,0.0,0.6229885057471264,6,0.0,0.6183908045977011,7,0.0,0.6758620689655173,10,0.0,0.632183908045977,6,0.0,0.0,True,0.0,False,False,False,0.0,0.0
risingwavelabs/risingwave,4ed7d6d97687bbcc,False,0,135,True,0.0,0.24444444444444444,8,0.0,0.24444444444444444,6,0.0,0.2518518518518518,6,0.0,0.2518518518518518,6,0.0,0.0,True,0.0,False,False,False,0.0,0.0
risingwavelabs/risingwave,6bee95ea4a236cd5,False,0,66,True,0.0,0.2878787878787879,2,0.0,0.2878787878787879,2,0.0,0.2878787878787879,4,0.0,0.2878787878787879,2,0.0,0.0,True,0.0,False,False,False,0.0,0.0
risingwavelabs/risingwave,3496518180d69a90,False,2,328,True,0.0,0.7378048780487805,14,0.0,0.7408536585365854,13,0.0,0.6829268292682927,15,0.0,0.7804878048780488,13,0.0,0.0,True,0.0,False,False,False,0.0,0.0
risingwavelabs/risingwave,abe0fae35cac6452,False,2,789,True,0.0,0.5006337135614702,6,0.0,0.5006337135614702,6,0.0,0.39036755386565275,17,0.0,0.5069708491761724,6,0.0,0.0,True,0.0,False,False,False,0.0,0.0
risingwavelabs/risingwave,fecbf982d9242245,False,1,250,True,0.0,0.616,5,0.0,0.616,5,0.0,0.568,5,0.0,0.644,5,0.0,0.0,True,0.0,False,False,False,0.0,0.0
risingwavelabs/risingwave,84c57d493a4069a8,False,0,214,True,0.0,0.8457943925233645,5,0.0,0.8457943925233645,5,0.0,0.7897196261682243,5,0.0,0.8544600938967136,4,0.0,0.0,True,0.0,False,False,False,0.0,0.0
risingwavelabs/risingwave,3cd3cb7432c9aa9f,False,0,190,True,0.0,0.6368421052631579,3,0.0,0.6368421052631579,3,0.0,0.6368421052631579,3,0.0,0.6368421052631579,2,0.0,0.0,True,0.0,False,False,False,0.0,0.0
risingwavelabs/risingwave,a8de7557ea50df39,False,0,114,True,0.0,0.6140350877192983,6,0.0,0.7456140350877193,5,0.0,0.6491228070175439,5,0.0,0.6140350877192983,6,0.0,0.0,True,0.0,False,False,False,0.0,0.0
risingwavelabs/risingwave,7d9021154e5b5723,False,1,829,True,0.0,0.7285886610373945,10,0.0,0.7285886610373945,10,0.0,0.7285886610373945,11,0.0,0.729794933655006,10,0.0,0.0,True,0.0,False,False,False,0.0,0.0
risingwavelabs/risingwave,32009c2212764ae5,False,3,350,True,0.0,0.29714285714285715,7,0.0,0.29714285714285715,7,0.0,0.29428571428571426,9,0.0,0.3,7,0.0,0.0,True,0.0,False,False,False,0.0,0.0
risingwavelabs/risingwave,f5e264bd688ebbb2,False,1,881,True,1.0,0.7548240635641317,4,1.0,0.757094211123723,4,1.0,0.5198637911464246,5,1.0,0.7741203178206584,3,0.0,1.0,True,0.0,False,False,False,1.0,1.0
risingwavelabs/risingwave,45327953032642a5,False,0,31,True,0.0,0.3870967741935484,3,0.0,0.41935483870967744,2,0.0,0.41935483870967744,2,0.0,0.3870967741935484,3,0.0,0.3333333333333333,True,0.0,False,False,False,0.0,0.0
risingwavelabs/risingwave,2340f8f239906db8,False,0,53,True,0.0,0.8679245283018868,3,0.0,0.8867924528301887,2,0.0,0.6415094339622641,2,0.0,0.8867924528301887,2,0.0,0.0,True,0.0,False,False,False,0.0,0.0
risingwavelabs/risingwave,3d8f09bb7d995afd,False,4,860,True,1.0,0.45465116279069767,17,1.0,0.44883720930232557,16,1.0,0.39767441860465114,18,1.0,0.45813953488372094,17,0.0,0.0,True,0.0,False,False,False,1.0,1.0
risingwavelabs/risingwave,2fc74df2c62ee2f8,False,1,1374,True,1.0,0.6499272197962155,6,1.0,0.6630276564774381,6,1.0,0.6542940320232896,9,1.0,0.6513828238719068,5,0.0,0.0,True,0.0,False,False,False,1.0,1.0
risingwavelabs/risingwave,fd36ecc3ae53163a,False,1,687,True,0.0,0.6972343522561864,3,0.0,0.6972343522561864,3,0.0,0.8049490538573508,5,0.0,0.710334788937409,2,0.0,0.0,True,0.0,False,False,False,0.0,0.0
risingwavelabs/risingwave,7b07624ead7f8be9,False,5,554,True,1.0,0.9422382671480144,5,1.0,0.9548736462093863,5,1.0,0.9332129963898917,6,1.0,0.9476534296028881,4,0.0,1.0,True,0.0,False,False,False,1.0,1.0
risingwavelabs/risingwave,f32ea8762629ca2f,False,0,257,True,0.0,0.47470817120622566,6,0.0,0.48249027237354086,6,0.0,0.43190661478599224,6,0.0,0.47470817120622566,5,0.0,0.0,True,0.0,False,False,False,0.0,0.0
risingwavelabs/risingwave,590f7e4015db0d0c,False,1,726,True,1.0,0.5853994490358126,11,1.0,0.5853994490358126,10,1.0,0.5730027548209367,11,1.0,0.5853994490358126,10,1.0,1.0,True,0.0,False,False,False,1.0,1.0
risingwavelabs/risingwave,b4ad2aa5d942cd06,True,0,178,True,1.0,0.16292134831460675,14,0.0,0.15730337078651685,13,0.0,0.15730337078651685,12,0.5,0.15730337078651685,14,0.0,0.0,True,0.0,False,False,True,1.0,0.5
TagStudioDev/TagStudio,50c86b7ed8ac2cf9,False,7,121,True,0.0,0.39669421487603307,2,0.0,0.39669421487603307,2,1.0,0.30578512396694213,2,0.0,0.40336134453781514,2,1.0,1.0,True,1.0,False,False,False,0.0,0.0
Redot-Engine/redot-engine,663511b664fc21e4,False,1,911,True,0.0,0.9220636663007684,11,0.0,0.9451152579582875,11,0.0,0.9132821075740944,12,0.0,0.9571899012074643,8,0.0,0.0,True,0.0,False,False,False,0.0,0.0
Redot-Engine/redot-engine,767752c116e6b2f5,False,0,816,True,0.0,0.7340686274509803,21,0.0,0.7573529411764706,22,0.0,0.5343137254901961,27,0.0,0.7781862745098039,16,0.0,0.0,True,0.0,False,False,False,0.0,0.0
Redot-Engine/redot-engine,c104be17eafeab09,False,0,533,True,0.0,0.6041275797373359,9,0.0,0.6041275797373359,10,0.0,0.5966228893058161,9,0.0,0.6041275797373359,7,0.0,0.0,True,0.0,False,False,False,0.0,0.0
Redot-Engine/redot-engine,3fabb557ffcb06b8,False,0,912,True,0.0,0.5778508771929824,18,0.0,0.5778508771929824,18,0.0,0.3442982456140351,22,0.0,0.5833333333333334,14,0.0,0.0,True,0.0,False,False,False,0.0,0.0
Redot-Engine/redot-engine,9122c6ae75e45fa3,False,0,335,True,0.0,0.36716417910447763,12,0.0,0.4298507462686567,12,0.0,0.31343283582089554,14,0.0,0.4626865671641791,11,0.0,0.0,True,0.0,False,False,False,0.0,0.0
Redot-Engine/redot-engine,3a958ea4573c75b1,True,0,90,True,0.0,0.35555555555555557,5,0.0,0.4777777777777778,5,0.0,0.4777777777777778,5,0.0,0.6067415730337079,3,0.0,0.0,True,0.0,False,False,False,0.0,0.0
Redot-Engine/redot-engine,5d964a06a1c9a478,True,0,83,True,0.0,0.39759036144578314,9,0.0,0.5662650602409639,9,0.0,0.6144578313253012,10,0.0,0.6341463414634146,6,0.0,0.0,True,0.0,False,False,False,0.0,0.0
Redot-Engine/redot-engine,0c572e6d8f4c20e5,False,0,799,True,0.0,0.3541927409261577,35,0.0,0.47684605757196497,35,0.0,0.5131414267834794,35,0.0,0.46925972396486826,33,0.0,0.0,True,0.0,False,False,False,0.0,0.0
Redot-Engine/redot-engine,629deb7a2de79da7,True,0,114,True,0.0,0.38596491228070173,13,0.0,0.47368421052631576,13,0.0,0.41228070175438597,13,0.0,0.4690265486725664,10,0.0,0.0,True,0.0,False,False,False,0.0,0.0
Redot-Engine/redot-engine,a5ab0c9351c2bec9,False,0,844,True,0.0,0.3104265402843602,27,0.0,0.4727488151658768,28,0.0,0.46919431279620855,29,0.0,0.3104265402843602,25,0.0,0.0,True,0.0,False,False,False,0.0,0.0
Redot-Engine/redot-engine,52701eeaae348d23,False,1,283,True,0.0,0.33568904593639576,22,0.0,0.392226148409894,22,0.0,0.4664310954063604,22,0.0,0.398576512455516,20,0.0,0.0,True,0.0,False,False,False,0.0,0.0
Redot-Engine/redot-engine,c774a788c66d21f8,True,0,154,True,0.0,0.33116883116883117,16,0.0,0.5,16,0.0,0.5,15,0.0,0.5789473684210527,13,0.0,0.0,True,0.0,False,False,False,0.0,0.0
Redot-Engine/redot-engine,20b34ee6a6f2ffcb,False,0,4337,True,0.0,0.6098685727461379,45,0.0,0.6476827299976943,45,0.0,0.6412266543693798,47,0.0,0.6170163707632004,43,0.0,0.0,True,0.0,False,False,False,0.0,0.0
Redot-Engine/redot-engine,8da85ab9bf3d8728,True,0,104,True,0.0,0.25961538461538464,4,0.0,0.46153846153846156,4,0.0,0.27884615384615385,5,0.0,0.5576923076923077,2,0.0,0.0,True,0.0,False,False,True,0.0,0.0
Redot-Engine/redot-engine,3b696d7192fdc37a,True,0,68,True,0.0,0.45588235294117646,8,0.0,0.3235294117647059,7,0.0,0.3235294117647059,8,0.0,0.47058823529411764,4,0.0,0.0,True,0.0,False,False,False,0.0,0.0
Redot-Engine/redot-engine,7ef3074715b6240b,False,0,109,True,0.0,0.43119266055045874,3,0.0,0.6238532110091743,3,0.0,0.6238532110091743,3,0.0,0.7155963302752294,1,0.0,0.0,False,0.0,False,False,False,0.0,0.0
Redot-Engine/redot-engine,eef6a82d8f6028e8,False,0,100,True,0.0,0.57,5,0.0,0.78,5,0.0,0.59,4,0.0,0.89,3,0.0,0.0,True,0.0,False,False,False,0.0,0.0
Redot-Engine/redot-engine,336b91470cfd2336,False,0,269,True,0.0,0.9070631970260223,8,0.0,0.9070631970260223,8,0.0,0.8252788104089219,9,0.0,0.929368029739777,4,0.0,0.0,True,0.0,False,False,False,0.0,0.0
ankidroid/Anki-Android,0c1cb3e8b1d46b61,False,0,284,True,0.0,0.6338028169014085,6,0.0,0.6408450704225352,6,1.0,0.2711267605633803,11,0.0,0.8315412186379928,7,0.0,0.0,True,1.0,False,False,False,0.0,0.0
ankidroid/Anki-Android,3911e1b9b5c5c291,False,0,31,True,0.0,0.6129032258064516,0,0.0,0.6129032258064516,0,0.0,0.6129032258064516,0,0.0,0.6129032258064516,0,0.0,0.0,False,1.0,False,False,False,0.0,0.0
ankidroid/Anki-Android,bc306f8dc816f326,False,0,33,True,0.0,0.6060606060606061,1,0.0,0.6363636363636364,2,0.0,0.6363636363636364,2,0.0,0.9696969696969697,1,0.0,0.0,False,1.0,False,False,False,0.0,0.0
ankidroid/Anki-Android,0db7d1315e99a2aa,False,1,96,True,0.0,0.7604166666666666,1,0.0,0.7604166666666666,0,0.0,0.5625,1,0.0,0.8125,1,0.0,0.0,True,1.0,False,False,False,0.0,0.0
ankidroid/Anki-Android,8e8833e1e91c338f,True,10,942,True,1.0,0.3970276008492569,20,1.0,0.39490445859872614,22,1.0,0.4129511677282378,30,0.0,0.19052744886975242,21,0.0,0.5,True,1.0,False,False,False,1.0,0.0
ankidroid/Anki-Android,f94a470589c422f6,False,0,134,True,0.0,0.7835820895522388,1,0.0,0.8731343283582089,1,0.0,0.5074626865671642,1,0.0,0.8880597014925373,1,0.0,0.5,True,1.0,False,False,False,0.0,0.0
ankidroid/Anki-Android,1205404294e79f2f,False,0,96,True,1.0,0.8020833333333334,0,1.0,0.90625,0,1.0,0.7708333333333334,0,1.0,1.0,0,1.0,0.0,False,0.0,False,False,False,1.0,1.0
ankidroid/Anki-Android,1e4c0e93f5d63123,False,0,88,True,0.0,0.29545454545454547,2,0.0,0.3409090909090909,0,0.0,0.3409090909090909,1,0.0,0.3333333333333333,1,0.0,0.0,False,1.0,False,False,False,0.0,0.0
ankidroid/Anki-Android,25019828cd35465a,False,0,46,True,1.0,0.9130434782608695,0,1.0,0.9130434782608695,0,1.0,0.6304347826086957,0,1.0,0.9130434782608695,0,1.0,0.5,True,1.0,False,False,False,1.0,1.0
ankidroid/Anki-Android,eddf47f0692c4c1d,False,0,112,True,0.0,0.48214285714285715,1,0.0,0.5357142857142857,1,0.0,0.5357142857142857,1,0.0,0.6517857142857143,1,0.0,0.0,True,1.0,False,False,False,0.0,0.0
ankidroid/Anki-Android,386833afa70cf813,False,0,130,True,1.0,1.0,0,1.0,1.0,0,1.0,0.8846153846153846,0,1.0,1.0,0,1.0,1.0,True,1.0,False,False,False,1.0,1.0
ankidroid/Anki-Android,9ea5124c067b4ead,True,1,213,True,1.0,0.6338028169014085,3,0.0,0.5915492957746479,4,0.0,0.3286384976525822,6,0.0,0.5454545454545454,4,0.0,0.3333333333333333,True,1.0,False,False,True,1.0,0.0
ankidroid/Anki-Android,e46e9146e6b2806a,False,0,70,True,1.0,0.9714285714285714,1,1.0,0.9714285714285714,1,1.0,0.9714285714285714,1,1.0,0.9714285714285714,1,0.0,0.0,True,1.0,False,False,False,1.0,1.0
ankidroid/Anki-Android,defadb4b9f86633b,True,0,129,True,1.0,0.46511627906976744,2,1.0,0.4883720930232558,2,1.0,0.4883720930232558,2,0.0,0.3203125,3,1.0,1.0,True,1.0,False,False,False,1.0,0.0
ankidroid/Anki-Android,9cb93df68976ccc7,False,0,32,True,0.0,0.59375,0,0.0,0.71875,0,0.0,0.71875,0,0.0,1.0,0,1.0,0.0,False,1.0,False,False,False,0.0,0.0
ankidroid/Anki-Android,89bce595ddf782b3,False,1,80,True,0.0,0.45,0,0.0,0.45,0,0.0,0.4,1,0.0,0.45,0,1.0,0.0,True,1.0,False,False,False,0.0,0.0
ankidroid/Anki-Android,35e84e8ba1fdf11c,False,1,167,True,0.0,0.4550898203592814,2,0.0,0.39520958083832336,2,0.0,0.39520958083832336,2,0.0,0.475,3,0.0,0.0,True,1.0,False,False,False,0.0,0.0
ankidroid/Anki-Android,1a73a0373f20bd5a,True,0,95,True,0.0,0.47368421052631576,1,0.0,0.47368421052631576,1,0.0,0.47368421052631576,1,0.0,0.7528089887640449,2,0.0,0.0,True,1.0,False,False,False,0.0,0.0
ankidroid/Anki-Android,d1b32a783b5ed8ae,False,2,137,True,1.0,0.708029197080292,1,1.0,0.7226277372262774,1,1.0,0.6058394160583942,4,1.0,0.7664233576642335,1,0.0,0.0,True,0.0,False,False,False,1.0,1.0
ankidroid/Anki-Android,0ba43be41a9d77d3,False,0,129,True,0.0,0.8604651162790697,1,0.0,0.8914728682170543,1,1.0,0.6666666666666666,4,0.0,0.9922480620155039,1,0.0,0.0,True,1.0,False,False,False,0.0,0.0
ankidroid/Anki-Android,8c5c9fecb5373470,True,1,130,True,1.0,0.6,1,1.0,0.5923076923076923,1,1.0,0.5692307692307692,1,0.0,0.628099173553719,1,0.0,0.3333333333333333,True,1.0,False,False,True,1.0,0.0
ankidroid/Anki-Android,de536bc155d9142d,True,2,477,True,1.0,0.7547169811320755,5,0.0,0.3689727463312369,4,0.0,0.36477987421383645,7,0.0,0.49537037037037035,5,1.0,0.0,True,1.0,False,False,False,1.0,0.0
ankidroid/Anki-Android,73e6303bfb00f30b,False,2,183,True,0.0,0.5792349726775956,4,0.0,0.5956284153005464,3,0.0,0.5628415300546448,3,0.0,0.6927374301675978,3,1.0,0.5,True,0.0,False,False,False,0.0,0.0
ankidroid/Anki-Android,5e2d57527f05101f,True,1,58,True,0.0,0.39655172413793105,2,0.0,0.41379310344827586,3,0.0,0.3793103448275862,4,0.0,0.4482758620689655,3,0.0,0.0,False,1.0,False,False,False,0.0,0.0
immutable-js/immutable-js,501eba56a2aaf057,False,0,198,True,0.0,0.9292929292929293,2,0.0,0.9494949494949495,2,0.0,0.7424242424242424,3,0.0,0.9444444444444444,2,1.0,0.5,True,1.0,False,False,False,0.0,0.0
immutable-js/immutable-js,604e394f9ecdc02c,False,0,143,True,0.0,0.5034965034965035,6,0.0,0.5104895104895105,5,0.0,0.5104895104895105,5,0.0,0.5104895104895105,6,1.0,1.0,True,1.0,False,False,False,0.0,0.0
immutable-js/immutable-js,5638bde485025edb,False,1,78,True,0.0,0.46153846153846156,2,0.0,0.46153846153846156,2,0.0,0.46153846153846156,2,0.0,0.47435897435897434,3,0.0,0.0,True,0.0,False,False,False,,
immutable-js/immutable-js,0e91066755c70dee,False,0,46,True,1.0,1.0,0,1.0,1.0,0,1.0,0.8695652173913043,0,1.0,1.0,0,1.0,1.0,True,1.0,False,False,False,1.0,1.0
immutable-js/immutable-js,4031c70c2de3e723,True,0,40,True,1.0,0.525,0,0.0,0.8,0,0.0,0.825,0,0.5,0.5,0,1.0,1.0,True,1.0,False,False,True,1.0,0.5
immutable-js/immutable-js,58c78e3f10b137a5,False,0,403,True,1.0,0.6104218362282878,3,1.0,0.4441687344913151,1,1.0,0.4466501240694789,1,1.0,0.6175,3,1.0,1.0,True,0.0,False,False,False,1.0,1.0
OrchardCMS/OrchardCore,60c2b5d3045c2914,True,0,21,True,0.0,0.6190476190476191,1,0.0,0.7619047619047619,1,0.0,0.7619047619047619,1,0.0,0.8,0,0.0,0.0,False,0.0,False,False,False,0.0,0.0
OrchardCMS/OrchardCore,4eeebeab4a815431,True,0,53,True,1.0,0.6792452830188679,2,0.0,0.6981132075471698,2,0.0,0.6792452830188679,3,0.0,0.6222222222222222,3,0.0,0.0,True,1.0,False,False,False,1.0,0.0
OrchardCMS/OrchardCore,7666c52f91bb9aae,True,0,18,True,1.0,0.7222222222222222,0,0.0,0.8888888888888888,0,0.0,0.8888888888888888,0,0.0,0.8235294117647058,0,1.0,0.0,False,1.0,False,False,False,1.0,0.0
OrchardCMS/OrchardCore,dad7790f21c8177b,True,1,35,True,0.0,0.4,1,0.0,0.37142857142857144,1,0.0,0.45714285714285713,2,0.0,0.35294117647058826,1,0.0,0.0,False,0.0,False,False,False,0.0,0.0
OrchardCMS/OrchardCore,4cc66687ba043ad9,True,0,255,True,0.0,0.8392156862745098,2,0.0,0.6,2,0.0,0.611764705882353,4,0.0,0.5580357142857143,2,0.0,0.0,True,0.0,False,False,False,0.0,0.0
OrchardCMS/OrchardCore,00f6a4b371b6e5dd,True,0,61,True,1.0,0.7540983606557377,0,0.0,0.7377049180327869,1,0.0,0.819672131147541,1,0.0,0.8048780487804879,3,1.0,0.0,False,1.0,False,False,False,1.0,0.0
OrchardCMS/OrchardCore,eecfcef31e45e7f0,True,0,38,True,1.0,0.631578947368421,1,0.0,0.5526315789473685,1,0.0,0.631578947368421,1,0.0,0.6363636363636364,0,1.0,0.0,False,1.0,False,False,False,1.0,0.0
phpDocumentor/TypeResolver,9bc7259d5ae9150c,False,1,43,False,0.0,0.7674418604651163,1,0.0,0.7674418604651163,0,0.0,0.627906976744186,0,0.0,0.8536585365853658,2,0.0,0.0,False,0.0,False,False,False,0.0,0.0
phpDocumentor/TypeResolver,33566e6a352ba534,False,0,40,False,0.0,0.9,1,0.0,0.95,2,0.0,0.95,2,0.0,0.95,2,0.0,0.0,False,0.0,False,False,False,0.0,0.0
phpDocumentor/TypeResolver,166dda7c30bea8cb,False,0,34,False,0.0,0.7941176470588235,1,0.0,0.7941176470588235,0,0.0,0.7941176470588235,0,0.0,0.84375,0,0.0,0.0,False,0.0,False,False,False,0.0,0.0
phpDocumentor/TypeResolver,76ed074a9305c040,False,0,47,False,0.0,0.9787234042553191,1,0.0,0.9787234042553191,1,0.0,0.9787234042553191,1,0.0,0.9787234042553191,1,0.0,0.0,False,0.0,False,False,False,0.0,0.0
phpDocumentor/TypeResolver,a6f22442ed35ad58,False,1,32,False,0.0,0.78125,1,0.0,0.78125,0,0.0,0.78125,0,0.0,0.8333333333333334,0,0.0,0.0,False,0.0,False,False,False,0.0,0.0
phpDocumentor/TypeResolver,bcb12fbf1b17c436,False,1,42,False,0.0,0.7619047619047619,1,0.0,0.7857142857142857,0,0.0,0.42857142857142855,0,0.0,0.7857142857142857,0,0.0,0.0,False,0.0,False,False,False,0.0,0.0
phpDocumentor/TypeResolver,50130ed092ca6d49,False,0,57,False,0.0,0.6140350877192983,1,0.0,0.6491228070175439,0,0.0,0.42105263157894735,0,0.0,1.0,0,0.0,0.0,False,0.0,False,False,False,0.0,0.0
phpDocumentor/TypeResolver,54ea2dbc09cf5271,False,0,57,False,0.0,0.543859649122807,1,0.0,0.5614035087719298,0,0.0,0.5614035087719298,0,0.0,0.509090909090909,1,0.0,0.0,False,0.0,False,False,False,0.0,0.0
phpDocumentor/TypeResolver,09991182e3bdfc32,False,0,43,False,0.0,0.9302325581395349,2,0.0,0.9767441860465116,1,0.0,0.6744186046511628,1,0.0,0.9767441860465116,1,0.0,0.0,False,0.0,False,False,False,0.0,0.0
phpDocumentor/TypeResolver,e384fcd4a1e122e1,False,1,176,False,0.0,0.4318181818181818,2,0.0,0.4375,2,0.0,0.5511363636363636,2,0.0,0.5238095238095238,3,0.0,0.0,False,0.0,False,False,False,0.0,0.0
phpDocumentor/TypeResolver,a1307b501798954e,False,1,39,False,0.0,0.9230769230769231,1,0.0,0.9743589743589743,1,0.0,0.5128205128205128,1,0.0,0.9743589743589743,1,0.0,0.0,False,0.0,False,False,False,0.0,0.0
phpDocumentor/TypeResolver,efd17a4552857263,False,0,39,False,0.0,0.9487179487179487,0,0.0,1.0,0,0.0,0.4358974358974359,0,0.0,1.0,0,0.0,0.0,False,0.0,False,False,False,0.0,0.0
phpDocumentor/TypeResolver,7e9cc31682bf519e,False,0,39,False,0.0,0.9487179487179487,0,0.0,1.0,0,0.0,0.4358974358974359,0,0.0,1.0,0,0.0,0.0,False,0.0,False,False,False,0.0,0.0
phpDocumentor/TypeResolver,a9428530a2cbbfaf,False,0,40,False,0.0,0.9,1,0.0,0.95,2,0.0,0.95,2,0.0,0.95,2,0.0,0.0,False,0.0,False,False,False,0.0,0.0
phpDocumentor/TypeResolver,00e7bbbb66d4b270,False,1,83,False,0.0,0.8072289156626506,4,0.0,0.8554216867469879,3,0.0,0.4457831325301205,4,0.0,0.8641975308641975,3,0.0,0.0,False,0.0,False,False,False,0.0,0.0
phpDocumentor/TypeResolver,09d2b8885dfa1b58,False,1,235,False,0.0,0.28085106382978725,4,0.0,0.2851063829787234,4,0.0,0.3829787234042553,7,0.0,0.2978723404255319,5,0.0,0.0,False,0.0,False,False,False,0.0,0.0
phpDocumentor/TypeResolver,fa02be89b942e1c7,False,0,39,False,0.0,0.9487179487179487,0,0.0,1.0,0,0.0,0.4358974358974359,0,0.0,1.0,0,0.0,0.0,False,0.0,False,False,False,0.0,0.0
domaindrivendev/Swashbuckle.AspNetCore,24fd0ca6f901a1b8,False,0,8,True,1.0,1.0,0,1.0,1.0,0,0.0,0.5,0,1.0,1.0,0,0.0,0.0,False,0.0,False,False,False,1.0,1.0
domaindrivendev/Swashbuckle.AspNetCore,72e4cbb9af32aa68,True,1,91,True,1.0,0.7252747252747253,1,0.0,0.5384615384615384,1,0.0,0.5164835164835165,5,0.0,0.5176470588235295,0,1.0,1.0,True,0.0,False,False,False,1.0,0.0
domaindrivendev/Swashbuckle.AspNetCore,018956cf8c6fbb4f,False,0,268,True,1.0,0.917910447761194,6,1.0,0.582089552238806,2,1.0,0.5,2,1.0,0.5571428571428572,3,1.0,1.0,True,0.0,False,False,False,1.0,1.0
domaindrivendev/Swashbuckle.AspNetCore,b075fefd1a773054,True,0,25,True,1.0,0.68,0,0.0,0.64,0,0.0,0.68,0,0.0,0.7272727272727273,0,1.0,1.0,True,0.0,False,False,False,1.0,0.0
domaindrivendev/Swashbuckle.AspNetCore,f937a7b3517ee1d7,False,0,8,True,1.0,1.0,0,1.0,1.0,0,0.0,0.5,0,1.0,1.0,0,0.0,0.0,False,0.0,False,False,False,1.0,1.0
domaindrivendev/Swashbuckle.AspNetCore,0efa4c605bffb4b0,False,0,13,True,0.0,0.5384615384615384,0,0.0,0.8461538461538461,0,0.0,0.8461538461538461,0,0.0,1.0,0,0.0,0.0,False,0.0,False,False,False,0.0,0.0
domaindrivendev/Swashbuckle.AspNetCore,1f878e6f68eaefa9,True,0,22,True,0.0,0.6363636363636364,0,0.0,0.8636363636363636,0,0.0,0.8636363636363636,0,0.0,0.95,0,0.0,0.0,True,0.0,False,False,False,0.0,0.0
domaindrivendev/Swashbuckle.AspNetCore,28b1714be68e5517,True,1,33,True,0.0,0.9696969696969697,1,0.0,0.8181818181818182,0,0.0,0.8181818181818182,0,0.0,0.875,1,0.0,0.0,True,0.0,False,False,False,0.0,0.0
domaindrivendev/Swashbuckle.AspNetCore,f7cb0d2548a6fbe9,False,3,186,True,0.0,0.967741935483871,2,0.0,0.44086021505376344,4,0.0,0.43010752688172044,6,0.0,0.524822695035461,1,0.0,0.0,True,0.0,False,False,False,0.0,0.0
domaindrivendev/Swashbuckle.AspNetCore,b5d3c4326b030411,True,0,19,True,1.0,0.5789473684210527,0,0.0,0.6842105263157895,0,0.0,0.6842105263157895,0,0.0,0.7777777777777778,0,1.0,1.0,True,0.0,False,False,False,1.0,0.0
domaindrivendev/Swashbuckle.AspNetCore,86b3ef0d66c95f4c,False,0,13,True,0.0,0.5384615384615384,0,0.0,0.7692307692307693,0,0.0,0.8461538461538461,0,0.0,0.9166666666666666,0,1.0,1.0,True,0.0,False,False,False,0.0,0.0
domaindrivendev/Swashbuckle.AspNetCore,e9c4bdfebdfc383f,False,0,309,True,1.0,0.8511326860841424,5,1.0,0.4110032362459547,3,1.0,0.4110032362459547,3,1.0,0.41114982578397213,3,1.0,1.0,True,0.0,False,False,False,1.0,1.0
domaindrivendev/Swashbuckle.AspNetCore,987095f4c2d97782,False,2,131,True,0.0,0.8625954198473282,0,0.0,0.5648854961832062,0,0.0,0.5572519083969466,0,0.0,0.5769230769230769,0,0.0,0.0,True,0.0,False,False,False,0.0,0.0
TeamAmaze/AmazeFileManager,fc90b6871d033a6e,True,0,361,True,0.0,0.6204986149584487,0,1.0,0.8864265927977839,0,1.0,0.8310249307479224,1,1.0,1.0,0,1.0,0.0,False,1.0,False,False,False,0.0,1.0
TeamAmaze/AmazeFileManager,782c161174c73f23,False,0,519,True,1.0,0.5433526011560693,0,1.0,0.9036608863198459,0,1.0,0.8631984585741811,3,1.0,1.0,0,1.0,0.0,False,1.0,False,False,False,1.0,1.0
TeamAmaze/AmazeFileManager,d67d92c5157aace1,False,1,138,True,0.0,0.47101449275362317,1,0.0,0.4420289855072464,1,0.0,0.5507246376811594,0,0.0,0.5362318840579711,1,0.0,0.0,False,0.0,False,False,False,0.0,0.0
halide/Halide,740cd682caee5136,False,0,65,False,1.0,0.7538461538461538,2,1.0,0.7538461538461538,2,1.0,0.7538461538461538,2,1.0,0.7846153846153846,1,0.0,0.0,False,0.0,False,False,False,1.0,1.0
halide/Halide,475f92f5cb74e6fe,False,0,70,False,1.0,0.8571428571428571,0,1.0,0.8714285714285714,0,1.0,0.8714285714285714,0,1.0,0.8260869565217391,0,0.0,0.0,False,0.0,False,False,False,1.0,1.0
halide/Halide,7f7d126cf61480e9,False,0,161,False,0.0,0.515527950310559,2,0.0,0.515527950310559,2,0.0,0.5093167701863354,2,0.0,0.5217391304347826,1,0.0,0.0,False,1.0,False,False,False,0.0,0.0
halide/Halide,1265168e9278466e,False,0,835,False,0.0,0.7640718562874251,7,0.0,0.7712574850299401,7,0.0,0.7544910179640718,9,0.0,0.8847539015606243,6,0.0,0.0,True,0.0,False,False,False,0.0,0.0
halide/Halide,f5a1cf319b9f60c9,False,1,29,False,0.0,0.9655172413793104,1,0.0,0.9655172413793104,1,0.0,0.9655172413793104,1,0.0,1.0,0,0.0,0.0,False,1.0,False,False,False,0.0,0.0
halide/Halide,b50e7584bbbfd656,False,0,210,False,1.0,0.3333333333333333,4,1.0,0.32857142857142857,3,1.0,0.3238095238095238,3,1.0,0.36666666666666664,4,0.0,0.0,True,0.0,False,False,False,1.0,1.0
halide/Halide,43255222e9b98789,False,0,38,False,0.0,0.7368421052631579,0,0.0,0.7368421052631579,0,0.0,0.7368421052631579,0,0.0,0.7368421052631579,0,0.0,0.0,True,1.0,False,False,False,0.0,0.0
halide/Halide,08230043e16e71e1,False,1,225,False,0.0,0.6888888888888889,1,0.0,0.7155555555555555,1,0.0,0.8622222222222222,1,0.0,0.7678571428571429,0,0.0,0.0,False,1.0,False,False,False,0.0,0.0
halide/Halide,d16a6c47ca4b7dbc,False,0,47,False,1.0,0.6595744680851063,0,1.0,0.574468085106383,0,1.0,0.574468085106383,0,1.0,0.6170212765957447,0,1.0,0.0,False,0.0,False,False,False,1.0,1.0
gitbucket/gitbucket,2f19a6d5c2beb969,False,2,1352,True,1.0,0.4245562130177515,12,1.0,0.6760355029585798,19,1.0,0.6878698224852071,19,1.0,0.7112462006079028,13,1.0,1.0,True,0.0,False,False,False,1.0,1.0
gitbucket/gitbucket,7fb8cd07d69c7d99,False,0,189,True,1.0,0.5502645502645502,4,1.0,0.5502645502645502,6,1.0,0.5767195767195767,6,1.0,0.5661375661375662,3,1.0,1.0,True,0.0,False,False,False,1.0,1.0
gitbucket/gitbucket,bfd632bd244ae144,False,0,134,True,0.0,0.9253731343283582,2,0.0,0.9253731343283582,2,0.0,0.9253731343283582,2,0.0,0.9850746268656716,2,0.0,0.0,False,0.0,False,False,False,0.0,0.0
gitbucket/gitbucket,47deeb7e45cad881,False,0,666,True,1.0,0.7447447447447447,7,1.0,0.8078078078078078,8,1.0,0.8063063063063063,8,1.0,0.8868501529051988,7,1.0,1.0,True,0.0,False,False,False,1.0,1.0
gitbucket/gitbucket,8b72e4b5d262a5e7,False,3,1438,True,1.0,0.7190542420027817,12,1.0,0.6668984700973575,14,1.0,0.6877607788595271,15,1.0,0.7519163763066202,11,1.0,0.3333333333333333,True,0.0,False,False,False,1.0,1.0
gitbucket/gitbucket,e7567d60752095f9,False,1,153,True,0.0,0.477124183006536,1,0.0,0.5032679738562091,1,0.0,0.5163398692810458,1,0.0,0.477124183006536,1,0.0,0.0,False,0.0,False,False,False,0.0,0.0
gitbucket/gitbucket,7219e2f24dd4751f,False,1,266,True,0.0,0.6390977443609023,3,0.0,0.6390977443609023,3,0.0,0.6165413533834586,5,0.0,0.6466165413533834,3,0.0,0.0,True,0.0,False,False,False,0.0,0.0
gitbucket/gitbucket,20fb2fb55af2fc50,False,0,216,True,1.0,0.7268518518518519,3,1.0,0.7777777777777778,7,1.0,0.7916666666666666,7,1.0,0.7268518518518519,3,1.0,0.0,False,0.0,False,False,False,1.0,1.0
gitbucket/gitbucket,363478beb7151cff,False,1,896,True,0.0,0.5870535714285714,9,0.0,0.47433035714285715,10,0.0,0.47544642857142855,11,0.0,0.6071428571428571,9,1.0,0.0,False,0.0,False,False,False,0.0,0.0
gitbucket/gitbucket,59cceaf9e8774ca3,True,0,170,True,0.0,0.36470588235294116,2,0.0,0.4470588235294118,2,0.0,0.31176470588235294,3,0.0,0.453416149068323,2,0.0,0.0,True,0.0,False,False,False,0.0,0.0
gitbucket/gitbucket,be8b1a27444e333a,False,1,371,True,1.0,0.6361185983827493,8,1.0,0.6172506738544474,10,1.0,0.6226415094339622,10,1.0,0.6819407008086253,8,1.0,0.0,False,0.0,False,False,False,1.0,1.0
gitbucket/gitbucket,df4f8d75c1d741e6,False,0,744,True,1.0,0.5403225806451613,8,1.0,0.8051075268817204,13,1.0,0.8077956989247311,13,1.0,0.7975376196990424,9,1.0,1.0,True,0.0,False,False,False,1.0,1.0
coder/coder,21547f5c52e7988d,True,0,29,True,1.0,0.41379310344827586,0,0.0,0.6206896551724138,0,0.0,0.7586206896551724,0,0.0,0.6206896551724138,0,1.0,0.5,True,0.0,False,False,False,1.0,0.0
coder/coder,ad53065e6cd73949,True,1,394,True,1.0,0.766497461928934,6,0.0,0.38071065989847713,6,0.0,0.38578680203045684,6,0.0,0.38071065989847713,7,0.0,0.0,True,0.0,False,False,False,1.0,0.0
coder/coder,ad795f592caa36cd,False,0,54,True,1.0,1.0,0,1.0,1.0,0,1.0,1.0,0,1.0,1.0,0,1.0,1.0,True,0.0,False,False,False,1.0,1.0
coder/coder,c80ec702b3ce4d63,False,7,143,True,0.0,0.5384615384615384,3,0.0,0.7062937062937062,5,0.0,0.7132867132867133,6,0.0,0.5384615384615384,3,0.0,0.0,True,0.0,False,False,False,0.0,0.0
coder/coder,7bbef6832e29384d,False,1,187,True,1.0,0.8556149732620321,1,1.0,0.44385026737967914,1,0.0,0.48663101604278075,1,1.0,0.5321637426900585,3,1.0,0.0,True,0.0,False,False,False,1.0,1.0
coder/coder,0cbcfff19a447921,True,13,1852,True,0.0,0.3650107991360691,19,0.0,0.3174946004319654,31,0.0,0.28779697624190065,31,0.0,0.5896328293736501,28,0.0,0.0,True,0.0,False,False,False,0.0,0.0
coder/coder,5e8d94acd06afece,False,0,116,True,1.0,0.7241379310344828,2,1.0,0.43103448275862066,3,1.0,0.4224137931034483,3,1.0,0.41379310344827586,3,1.0,0.5,True,0.0,False,False,False,1.0,1.0
coder/coder,fab4b4e758ea812e,False,0,35,True,1.0,0.8,0,1.0,0.5714285714285714,0,1.0,0.5428571428571428,0,1.0,0.42857142857142855,0,0.0,0.5,True,0.0,False,False,False,1.0,1.0
coder/coder,dcd4a67582932eb6,True,1,216,True,1.0,0.6620370370370371,0,0.0,1.0,0,0.0,1.0,0,0.0,1.0,0,0.0,0.0,True,0.0,False,False,False,1.0,0.0
coder/coder,464010bbd2099dca,True,0,10,True,1.0,0.8,0,0.0,0.6,0,0.0,0.6,0,0.0,0.9,0,1.0,0.0,False,0.0,False,False,False,1.0,0.0
coder/coder,c9daf8fdb8b44096,True,0,53,True,1.0,0.7169811320754716,3,0.0,0.7358490566037735,2,0.0,0.7547169811320755,2,0.0,0.7358490566037735,2,0.0,1.0,True,0.0,False,False,False,1.0,0.0
coder/coder,dc0b4ea671553af0,True,0,69,True,1.0,0.5942028985507246,1,0.0,0.37681159420289856,0,0.0,0.34782608695652173,0,0.0,0.4444444444444444,1,0.0,0.0,True,0.0,False,False,False,1.0,0.0
coder/coder,fde955b0a3b2bf55,True,1,191,True,0.0,0.9057591623036649,1,0.0,0.3717277486910995,2,0.0,0.39790575916230364,2,0.0,0.40229885057471265,2,0.0,0.0,True,0.0,False,False,False,0.0,0.0
coder/coder,31aa4a3f034c827f,False,4,44,True,0.0,0.7954545454545454,0,0.0,0.6590909090909091,1,0.0,0.6590909090909091,0,0.0,0.7954545454545454,1,0.0,0.0,True,0.0,False,False,False,0.0,0.0
coder/coder,75b761cdf918b118,True,0,116,True,0.0,0.8017241379310345,2,0.0,0.3706896551724138,3,0.0,0.3620689655172414,3,0.0,0.33620689655172414,2,0.0,0.0,True,0.0,False,False,False,0.0,0.0
coder/coder,afb6372e9477b2c1,False,0,28,True,0.0,0.5357142857142857,0,0.0,0.8928571428571429,0,0.0,0.8571428571428571,1,0.0,0.8928571428571429,0,0.0,0.3333333333333333,True,0.0,False,False,False,0.0,0.0
coder/coder,e2389327797ce5a1,True,0,97,True,1.0,0.7319587628865979,4,0.0,0.32989690721649484,3,0.0,0.30927835051546393,3,0.0,0.6907216494845361,2,0.0,0.0,True,0.0,False,False,False,1.0,0.0
coder/coder,ee0c08340ace9ac3,False,2,125,True,0.0,0.52,5,0.0,0.52,3,0.0,0.44,3,0.0,0.52,5,0.0,0.0,True,0.0,False,False,False,0.0,0.0
coder/coder,4d7a474699fe55ca,True,0,65,True,1.0,0.676923076923077,1,0.0,0.49230769230769234,1,0.0,0.49230769230769234,1,0.0,0.6615384615384615,2,0.0,0.3333333333333333,True,0.0,False,False,False,1.0,0.0
coder/coder,ac571320540bf70b,False,1,174,True,0.0,0.9137931034482759,3,0.0,0.8620689655172413,3,0.0,0.8620689655172413,3,0.0,0.9137931034482759,3,0.0,0.0,True,0.0,False,False,False,0.0,0.0
coder/coder,971499eea504a7ae,False,2,107,True,0.0,0.9532710280373832,2,0.0,0.6728971962616822,1,0.0,0.6915887850467289,1,0.0,0.6304347826086957,1,0.0,0.0,False,0.0,False,False,False,0.0,0.0
coder/coder,3e0238aa67e6e70a,False,0,180,True,1.0,0.6666666666666666,0,1.0,0.8555555555555555,1,1.0,0.4388888888888889,2,1.0,0.6666666666666666,0,0.0,0.0,True,0.0,False,False,False,1.0,1.0
coder/coder,ecc9a18306c03b2b,True,0,51,True,1.0,0.803921568627451,1,0.0,0.43137254901960786,1,0.0,0.43137254901960786,1,0.0,0.5294117647058824,1,1.0,0.5,True,0.0,False,False,False,1.0,0.0
coder/coder,f427cf45331a2316,False,1,47,True,0.0,0.7872340425531915,1,0.0,0.7021276595744681,2,0.0,0.7021276595744681,2,0.0,0.5106382978723404,2,0.0,0.0,True,0.0,False,False,False,0.0,0.0
Eventual-Inc/Daft,ea82c4ce4a1fec6a,False,0,15,True,0.0,0.6,0,0.0,0.6,0,0.0,0.4666666666666667,0,0.0,0.7692307692307693,0,1.0,0.5,True,0.0,False,False,False,0.0,0.0
Eventual-Inc/Daft,b7f077bd4caabcc6,False,0,86,True,0.0,0.7325581395348837,3,0.0,0.4186046511627907,2,0.0,0.38372093023255816,2,0.0,0.7325581395348837,2,0.0,0.0,True,0.0,False,False,False,0.0,0.0
Eventual-Inc/Daft,f88c8c183f0ab94a,False,0,2733,True,0.0,0.473472374679839,5,0.0,0.47420417124039516,5,0.0,0.5653128430296378,5,0.0,0.4924990852542993,3,0.0,0.0,True,0.0,False,False,False,0.0,0.0
Eventual-Inc/Daft,d4b2afc4069c6d59,False,0,45,True,0.0,0.4222222222222222,2,0.0,0.4222222222222222,2,0.0,0.4222222222222222,2,0.0,0.46511627906976744,2,0.0,0.0,True,0.0,False,False,False,0.0,0.0
Eventual-Inc/Daft,58c9d9a134324530,False,0,124,True,1.0,0.532258064516129,3,1.0,0.532258064516129,3,1.0,0.532258064516129,3,1.0,0.532258064516129,3,1.0,1.0,True,0.0,False,False,False,1.0,1.0
Eventual-Inc/Daft,b915d8237bae6b89,False,0,301,True,0.0,0.3654485049833887,3,0.0,0.3654485049833887,3,0.0,0.3654485049833887,3,0.0,0.3654485049833887,2,0.0,0.5,True,0.0,False,False,False,0.0,0.0
Eventual-Inc/Daft,44ac9a25aec2a90e,False,1,22,True,1.0,0.6818181818181818,1,1.0,0.6818181818181818,1,1.0,0.5909090909090909,1,1.0,0.8,0,0.0,0.0,True,0.0,False,False,False,1.0,1.0
Eventual-Inc/Daft,956238c0debae224,True,1,1015,True,1.0,0.28374384236453204,10,1.0,0.28374384236453204,10,1.0,0.2798029556650246,10,0.0,0.30049261083743845,10,0.0,1.0,True,0.0,False,False,False,1.0,0.0
Eventual-Inc/Daft,a9aabf6f5219378d,True,0,105,True,0.0,0.26666666666666666,1,0.0,0.26666666666666666,1,0.0,0.2761904761904762,1,0.0,0.2761904761904762,1,0.0,0.0,True,0.0,False,False,False,0.0,0.0
Eventual-Inc/Daft,bcbca7c0cd316aed,False,0,16,True,0.0,0.4375,0,0.0,0.4375,0,0.0,0.4375,0,0.0,0.5714285714285714,0,1.0,0.25,True,0.0,False,False,False,0.0,0.0
Eventual-Inc/Daft,2330210aef0d266c,False,0,51,True,0.0,0.803921568627451,2,0.0,0.803921568627451,2,0.0,0.803921568627451,2,0.0,0.8235294117647058,2,0.0,0.0,True,0.0,False,False,False,0.0,0.0
Eventual-Inc/Daft,4c23a95cd8dbb409,False,0,46,True,0.0,0.30434782608695654,1,0.0,0.30434782608695654,1,0.0,0.2826086956521739,3,0.0,0.3181818181818182,1,0.0,0.0,True,0.0,False,False,False,0.0,0.0
Eventual-Inc/Daft,1e2981f3b71ba2d4,False,0,164,True,1.0,0.7926829268292683,2,1.0,0.7926829268292683,2,0.0,0.34146341463414637,2,1.0,0.7926829268292683,2,0.0,0.0,True,0.0,False,False,False,1.0,1.0
Eventual-Inc/Daft,7da7c915e7daf34f,False,0,44,True,0.0,0.9545454545454546,2,0.0,0.9545454545454546,2,0.0,0.9545454545454546,2,0.0,0.9772727272727273,1,0.0,0.0,True,0.0,False,False,False,0.0,0.0
Eventual-Inc/Daft,51bb201e040b1647,False,0,323,True,0.0,0.6130030959752322,3,0.0,0.6130030959752322,3,0.0,0.6130030959752322,3,0.0,0.6130030959752322,2,0.0,0.0,True,0.0,False,False,False,0.0,0.0
Eventual-Inc/Daft,487924f6573a12b4,False,1,74,True,0.0,0.8513513513513513,2,0.0,0.8513513513513513,2,0.0,0.8513513513513513,2,0.0,0.8918918918918919,1,0.0,0.0,True,0.0,False,False,False,0.0,0.0
Eventual-Inc/Daft,145fc1602ee41230,False,0,51,True,1.0,0.5098039215686274,2,1.0,0.5098039215686274,2,1.0,0.5098039215686274,2,1.0,0.5306122448979592,3,1.0,0.5,True,0.0,False,False,False,1.0,1.0
Eventual-Inc/Daft,efb6a232f9cecf0d,False,0,85,True,0.0,0.29411764705882354,5,0.0,0.29411764705882354,5,0.0,0.3058823529411765,5,0.0,0.3132530120481928,5,0.0,0.0,True,0.0,False,False,False,0.0,0.0
Eventual-Inc/Daft,cf22b3dd0a25c612,False,0,92,True,0.0,0.8369565217391305,5,0.0,0.8369565217391305,5,0.0,0.8478260869565217,6,0.0,0.8804347826086957,4,0.0,0.0,True,0.0,False,False,False,0.0,0.0
Eventual-Inc/Daft,fbec1600576758e2,False,1,97,True,0.0,0.5463917525773195,1,0.0,0.4639175257731959,2,0.0,0.5876288659793815,2,0.0,0.5463917525773195,1,1.0,0.0,True,0.0,False,False,False,0.0,0.0
openjdk/jdk,22ff5bffa881a7fc,False,0,266,False,0.0,0.5338345864661654,13,0.0,0.5413533834586466,13,0.0,0.5488721804511278,14,0.0,0.5375939849624061,12,0.0,0.0,True,0.0,False,False,False,0.0,0.0
openjdk/jdk,18b1ed047b21061c,False,0,153,False,0.0,0.6666666666666666,3,0.0,0.6535947712418301,3,0.0,0.5555555555555556,3,0.0,0.6666666666666666,2,1.0,1.0,True,0.0,False,False,False,0.0,0.0
openjdk/jdk,1c49a6b40a810aef,False,0,176,False,0.0,0.7556818181818182,0,0.0,0.7556818181818182,0,0.0,0.7215909090909091,0,0.0,0.7556818181818182,0,1.0,0.5,True,0.0,False,False,False,0.0,0.0
openjdk/jdk,ad25274c0295bae8,False,0,310,False,0.0,0.4161290322580645,23,0.0,0.44516129032258067,23,0.0,0.44516129032258067,24,0.0,0.4161290322580645,22,0.0,0.0,True,0.0,False,False,False,0.0,0.0
openjdk/jdk,34ff59b07b98d713,False,0,103,False,0.0,0.8058252427184466,4,0.0,0.8058252427184466,4,0.0,0.8058252427184466,4,0.0,0.8155339805825242,3,0.0,0.0,False,0.0,False,False,False,0.0,0.0
openjdk/jdk,f4aadf79ce2dc603,False,0,299,False,0.0,0.6889632107023411,4,0.0,0.6889632107023411,4,0.0,0.6421404682274248,4,0.0,0.6989966555183946,3,0.0,0.0,True,0.0,False,False,False,0.0,0.0
openjdk/jdk,aa70c1653b06e09b,False,1,3124,False,0.0,0.838348271446863,47,0.0,0.8473111395646606,47,0.0,0.8553137003841229,48,0.0,0.8549935979513444,46,0.0,0.0,True,0.0,False,False,False,0.0,0.0
openjdk/jdk,64c41be060f03b7a,False,0,494,False,0.0,0.8016194331983806,3,0.0,0.8178137651821862,4,0.0,0.8259109311740891,4,0.0,0.8502024291497976,2,0.0,0.0,True,0.0,False,False,False,0.0,0.0
openjdk/jdk,1c028556b42b1bff,False,0,70,False,0.0,0.8857142857142857,5,0.0,0.8857142857142857,5,0.0,0.5571428571428572,6,0.0,0.9,4,0.0,0.0,True,0.0,False,False,False,0.0,0.0
openjdk/jdk,6faeae52c6c7f235,False,4,4494,False,0.0,0.7358700489541611,49,0.0,0.7634623943035158,49,0.0,0.767022696929239,49,0.0,0.7919448153093013,50,0.0,0.0,True,0.0,False,False,False,0.0,0.0
openjdk/jdk,7bdd292c94c28255,False,0,73,False,0.0,0.7123287671232876,5,0.0,0.7123287671232876,5,0.0,0.7123287671232876,4,0.0,0.726027397260274,3,0.0,0.0,True,0.0,False,False,False,0.0,0.0
openjdk/jdk,ab9ed99dd8343edc,False,0,203,False,1.0,0.7487684729064039,9,1.0,0.7487684729064039,9,1.0,0.5517241379310345,11,1.0,0.7586206896551724,8,1.0,0.5,True,0.0,False,False,False,1.0,1.0
postgres/postgres,a0bb1da7d07d11dd,False,0,355,True,0.0,0.6028169014084507,7,0.0,0.6169014084507042,8,0.0,0.6084507042253521,10,0.0,0.625,8,1.0,1.0,True,0.0,False,False,False,0.0,0.0
postgres/postgres,57d3d9b4d4546e12,False,0,538,True,0.0,0.6078066914498141,10,0.0,0.6078066914498141,10,0.0,0.6672862453531598,10,0.0,0.6578947368421053,10,0.0,0.0,True,0.0,False,False,False,0.0,0.0
postgres/postgres,17b0ef49cab662e6,True,0,1913,True,0.0,0.4072138003136435,11,0.0,0.36591740721380034,11,0.0,0.3883951907997909,11,0.0,0.4116997792494481,11,0.0,0.5,True,0.0,False,False,False,0.0,0.0
postgres/postgres,091e4bfa9f200840,False,1,409,True,0.0,0.6528117359413202,3,0.0,0.628361858190709,5,0.0,0.6723716381418093,7,0.0,0.6666666666666666,3,1.0,0.5,True,0.0,False,False,False,0.0,0.0
postgres/postgres,8b83be2feacd6ebe,False,0,775,True,0.0,0.6141935483870967,3,0.0,0.6245161290322581,3,0.0,0.6245161290322581,3,0.0,0.6270967741935484,3,0.0,0.5,True,0.0,False,False,False,0.0,0.0
postgres/postgres,70c4cae31520cea4,False,1,17,True,1.0,0.35294117647058826,0,1.0,0.4117647058823529,0,1.0,0.4117647058823529,0,1.0,0.375,0,1.0,1.0,True,0.0,False,False,False,1.0,1.0
postgres/postgres,6bda6eef9aa2dfe8,False,0,103,True,0.0,0.34951456310679613,5,0.0,0.33980582524271846,6,0.0,0.36893203883495146,6,0.0,0.3431372549019608,6,0.0,0.0,True,0.0,False,False,False,0.0,0.0
postgres/postgres,895f62e73d2140e2,False,1,387,True,0.0,0.9043927648578811,5,0.0,0.9069767441860465,4,0.0,0.7080103359173127,6,0.0,0.9069767441860465,4,0.0,0.0,True,0.0,False,False,False,0.0,0.0
postgres/postgres,6ffc67d67f20863a,False,1,344,True,0.0,0.19476744186046513,12,0.0,0.19476744186046513,12,0.0,0.19476744186046513,12,0.0,0.21282798833819241,12,0.0,0.0,True,0.0,False,False,False,0.0,0.0
postgres/postgres,aeb0afc3476da5b9,False,0,293,True,0.0,0.9795221843003413,2,0.0,0.9965870307167235,1,0.0,0.9965870307167235,1,0.0,0.9965870307167235,1,1.0,1.0,True,0.0,False,False,False,0.0,0.0
postgres/postgres,b0a806ac68e3f0f6,False,1,439,True,0.0,0.428246013667426,6,0.0,0.43507972665148065,6,0.0,0.4123006833712984,6,0.0,0.46436781609195404,6,0.0,0.3333333333333333,True,0.0,False,False,False,0.0,0.0
postgres/postgres,e7d2c852778b15a1,False,0,81,True,0.0,0.4691358024691358,2,0.0,0.49382716049382713,2,0.0,0.49382716049382713,2,0.0,0.49382716049382713,2,0.0,0.5,True,0.0,False,False,False,0.0,0.0
postgres/postgres,101dc759773e30ea,False,0,645,True,1.0,0.5085271317829457,7,1.0,0.5224806201550387,7,1.0,0.517829457364341,8,1.0,0.5193798449612403,8,1.0,0.5,True,0.0,False,False,False,1.0,1.0
postgres/postgres,5ed9a57d43b105c5,False,0,32,True,0.0,0.75,2,0.0,0.78125,1,0.0,0.78125,0,0.0,0.78125,1,1.0,1.0,True,0.0,False,False,False,0.0,0.0
postgres/postgres,470eedb3d0863f39,True,0,358,True,0.0,0.38268156424581007,2,0.0,0.4134078212290503,2,0.0,0.41899441340782123,2,0.0,0.4353932584269663,3,0.0,0.0,True,0.0,False,False,False,0.0,0.0
postgres/postgres,ee79932a8450d7ec,False,1,188,True,1.0,0.3829787234042553,4,1.0,0.39361702127659576,4,1.0,0.39361702127659576,4,1.0,0.3776595744680851,4,1.0,1.0,True,0.0,False,False,False,1.0,1.0
postgres/postgres,188265f3a47d6504,False,0,387,True,0.0,0.9276485788113695,5,0.0,0.9405684754521964,5,0.0,0.9276485788113695,6,0.0,0.9638242894056848,5,0.0,0.0,True,0.0,False,False,False,0.0,0.0
postgres/postgres,627fdfa8481be8b3,False,0,413,True,0.0,0.41404358353510895,5,0.0,0.41646489104116224,5,0.0,0.423728813559322,9,0.0,0.41646489104116224,5,1.0,1.0,True,0.0,False,False,False,0.0,0.0
postgres/postgres,fd29a0507473ce9e,False,0,91,True,1.0,0.5054945054945055,2,1.0,0.5274725274725275,3,1.0,0.5274725274725275,3,1.0,0.5274725274725275,3,0.0,0.5,True,1.0,False,False,False,1.0,1.0
postgres/postgres,6bf7d5e646859b75,False,2,1613,True,0.0,0.44699318040917546,16,0.0,0.47613143211407316,15,0.0,0.4575325480471172,15,0.0,0.48376830044557606,16,0.0,1.0,True,0.0,False,False,False,0.0,0.0
postgres/postgres,54ab8d5cc2838c5c,False,0,207,True,0.0,0.40096618357487923,3,0.0,0.4106280193236715,3,0.0,0.5265700483091788,3,0.0,0.4106280193236715,3,0.0,0.0,True,0.0,False,False,False,0.0,0.0
postgres/postgres,269130485e9fbd3a,False,2,772,True,0.0,0.6360103626943006,11,0.0,0.6191709844559585,11,0.0,0.6191709844559585,11,0.0,0.6412614980289093,11,0.0,0.0,True,0.0,False,False,False,0.0,0.0
postgres/postgres,e0a79241834cd3e6,False,0,1867,True,1.0,0.7332619175147295,10,1.0,0.7595072308516336,10,1.0,0.7723620782003213,11,1.0,0.7505364806866953,10,0.0,0.25,True,1.0,False,False,False,1.0,1.0
postgres/postgres,07a2b23d3147f041,False,0,94,True,0.0,0.8936170212765957,1,0.0,0.9787234042553191,2,0.0,0.9574468085106383,3,0.0,0.9787234042553191,2,1.0,1.0,True,0.0,False,False,False,0.0,0.0
postgres/postgres,8f908eea849f4267,False,1,476,True,0.0,0.4096638655462185,3,0.0,0.4327731092436975,5,0.0,0.44537815126050423,5,0.0,0.4694736842105263,5,0.0,0.5,True,0.0,False,False,False,0.0,0.0
mermaid-js/mermaid-live-editor,0b08e9ebe4d4659f,False,1,58,True,1.0,1.0,0,1.0,1.0,0,1.0,1.0,0,1.0,1.0,0,1.0,1.0,True,1.0,False,False,False,1.0,1.0
mermaid-js/mermaid-live-editor,a5de3e5871ffcc38,False,0,55,True,1.0,1.0,0,1.0,1.0,0,1.0,1.0,0,1.0,1.0,0,1.0,1.0,True,1.0,False,False,False,1.0,1.0
mermaid-js/mermaid-live-editor,0df4b1aebb21bfe5,False,1,130,True,1.0,1.0,0,1.0,1.0,0,1.0,1.0,0,1.0,1.0,0,1.0,1.0,True,1.0,False,False,False,1.0,1.0
mermaid-js/mermaid-live-editor,acd81c08bd9e1a75,False,0,38,True,1.0,1.0,0,1.0,1.0,0,1.0,1.0,0,1.0,1.0,0,1.0,0.0,False,1.0,False,False,False,1.0,1.0
mermaid-js/mermaid-live-editor,d85a3b88509d889f,False,2,150,True,1.0,1.0,0,1.0,1.0,0,1.0,1.0,0,1.0,1.0,0,1.0,1.0,True,1.0,False,False,False,1.0,1.0
mermaid-js/mermaid-live-editor,1e1270da740e81dd,False,0,17,True,1.0,1.0,0,1.0,1.0,0,1.0,1.0,0,1.0,1.0,0,1.0,0.0,False,1.0,False,False,False,1.0,1.0
mermaid-js/mermaid-live-editor,b55cdbef4907b704,False,0,18,True,1.0,1.0,0,1.0,1.0,0,1.0,1.0,0,1.0,1.0,0,1.0,1.0,True,1.0,False,False,False,1.0,1.0
mermaid-js/mermaid-live-editor,6171211e1bf8e3b4,False,0,14,True,1.0,0.9285714285714286,0,1.0,0.9285714285714286,0,1.0,0.9285714285714286,0,1.0,0.9285714285714286,0,0.0,0.0,True,1.0,False,False,False,1.0,1.0
mermaid-js/mermaid-live-editor,cb314a9ecd9a41c8,False,0,7,True,1.0,0.8571428571428571,0,1.0,0.8571428571428571,0,1.0,0.7142857142857143,0,1.0,0.8571428571428571,0,1.0,1.0,True,1.0,False,False,False,1.0,1.0
mermaid-js/mermaid-live-editor,7f339a1bd8556d01,False,0,20,True,1.0,1.0,0,1.0,1.0,0,1.0,1.0,0,1.0,1.0,0,1.0,0.0,False,1.0,False,False,False,1.0,1.0
mermaid-js/mermaid-live-editor,bdbdb96bc7e74709,False,8,256,True,1.0,0.99609375,1,1.0,0.98828125,2,1.0,0.98828125,2,1.0,0.996078431372549,1,1.0,1.0,True,1.0,False,False,False,1.0,1.0
mermaid-js/mermaid-live-editor,eae23b72b528db87,False,0,12,True,0.0,1.0,0,0.0,1.0,0,0.0,1.0,0,0.0,1.0,0,0.0,0.0,True,0.0,False,False,False,0.0,0.0
mermaid-js/mermaid-live-editor,cc69d6a97e4f6257,False,0,87,True,1.0,1.0,0,1.0,1.0,0,1.0,1.0,0,1.0,1.0,0,1.0,1.0,True,1.0,False,False,False,1.0,1.0
mermaid-js/mermaid-live-editor,6985c3050c025b7b,False,0,40,True,1.0,1.0,0,1.0,1.0,0,1.0,1.0,0,1.0,1.0,0,1.0,1.0,True,1.0,False,False,False,1.0,1.0
mermaid-js/mermaid-live-editor,a51cb5912f1d7079,False,2,121,True,1.0,1.0,0,1.0,1.0,0,1.0,1.0,0,1.0,1.0,0,1.0,1.0,True,1.0,False,False,False,1.0,1.0
mermaid-js/mermaid-live-editor,35c1f60c53912d34,False,0,35,True,1.0,1.0,0,1.0,1.0,0,1.0,1.0,0,1.0,1.0,0,1.0,0.0,False,1.0,False,False,False,1.0,1.0
mermaid-js/mermaid-live-editor,b5aa13ce0a61c3f1,False,0,6,True,1.0,1.0,0,1.0,1.0,0,1.0,1.0,0,1.0,1.0,0,1.0,0.0,False,1.0,False,False,False,1.0,1.0
mermaid-js/mermaid-live-editor,bf663d4f542237eb,False,0,254,True,1.0,1.0,0,1.0,1.0,0,1.0,1.0,0,1.0,1.0,0,1.0,1.0,True,1.0,False,False,False,1.0,1.0
mermaid-js/mermaid-live-editor,663ade211b3a1552,False,1,10,True,1.0,1.0,0,1.0,0.9,0,1.0,0.9,0,1.0,0.9,0,1.0,1.0,True,1.0,False,False,False,1.0,1.0
mermaid-js/mermaid-live-editor,7b5c8955fc544a11,False,0,29,True,1.0,1.0,0,1.0,1.0,0,1.0,1.0,0,1.0,1.0,0,1.0,1.0,True,1.0,False,False,False,1.0,1.0
unionlabs/union,093a588ea18972f1,False,1,50,True,1.0,0.68,0,1.0,0.68,0,1.0,0.72,0,1.0,0.851063829787234,0,1.0,0.0,True,1.0,False,False,False,1.0,1.0
unionlabs/union,2c974cbf9cd062d6,False,0,24,True,1.0,1.0,0,1.0,1.0,0,1.0,1.0,0,1.0,1.0,0,1.0,1.0,True,0.0,False,False,False,1.0,1.0
unionlabs/union,7fe874255a6a3cb1,False,0,28,True,1.0,0.6071428571428571,1,1.0,0.6071428571428571,1,1.0,0.6071428571428571,1,1.0,0.5357142857142857,1,1.0,0.0,True,0.0,False,False,False,1.0,1.0
unionlabs/union,10ad858f35435469,False,0,40,True,0.0,0.775,0,0.0,0.8,0,0.0,0.875,0,0.0,0.975,1,1.0,0.5,True,0.0,False,False,False,0.0,0.0
unionlabs/union,efca472a669740bc,False,0,146,True,0.0,0.7808219178082192,0,0.0,0.8287671232876712,0,0.0,0.8698630136986302,0,0.0,1.0,0,0.0,0.0,True,0.0,False,False,False,0.0,0.0
unionlabs/union,4fb24dd2bad9637c,False,1,49,True,0.0,0.5306122448979592,0,0.0,0.5102040816326531,0,0.0,0.5510204081632653,0,0.0,0.6458333333333334,0,1.0,1.0,True,0.0,False,False,False,0.0,0.0
unionlabs/union,246b2fdce5fcfa25,False,0,81,True,0.0,0.7530864197530864,0,0.0,0.7654320987654321,1,0.0,0.7901234567901234,1,0.0,0.9135802469135802,2,1.0,0.0,True,0.0,False,False,False,0.0,0.0
gabime/spdlog,4bc314c1d623622d,False,0,32,True,1.0,0.9375,2,1.0,0.9375,2,1.0,0.9375,2,1.0,0.84375,5,0.0,0.0,False,1.0,False,False,False,1.0,1.0
gabime/spdlog,b06395e62c1645de,False,0,20,True,1.0,0.65,0,1.0,0.65,0,1.0,0.65,0,1.0,0.55,0,0.0,0.0,False,1.0,False,False,False,1.0,1.0
gabime/spdlog,ca851f6b8739b252,False,0,41,True,0.0,0.9024390243902439,2,0.0,0.6585365853658537,3,0.0,0.6341463414634146,2,0.0,0.8780487804878049,1,0.0,0.0,True,0.0,False,False,False,0.0,0.0
gabime/spdlog,cc0e770d906adc6e,False,0,102,True,1.0,0.9019607843137255,2,1.0,0.8921568627450981,3,1.0,0.8921568627450981,3,1.0,0.8627450980392157,4,1.0,1.0,True,1.0,False,False,False,1.0,1.0
gabime/spdlog,2d5b2bd284c4752a,False,0,53,True,1.0,0.7924528301886793,2,1.0,0.7924528301886793,1,1.0,0.7924528301886793,1,1.0,0.6792452830188679,4,0.0,0.0,False,1.0,False,False,False,1.0,1.0
gabime/spdlog,f6af369a3225a984,False,0,99,True,0.0,0.9090909090909091,5,0.0,0.9090909090909091,5,0.0,0.9090909090909091,5,0.0,0.8181818181818182,5,0.0,0.0,True,0.0,False,False,False,0.0,0.0
gabime/spdlog,9f319bd0a4b88dc2,False,0,169,True,0.0,0.8047337278106509,5,0.0,0.8461538461538461,4,0.0,0.863905325443787,5,0.0,0.5857988165680473,7,0.0,0.0,False,0.0,False,False,False,0.0,0.0
gabime/spdlog,98ca874eda69d656,True,0,121,True,1.0,0.49586776859504134,5,1.0,0.45454545454545453,5,1.0,0.4380165289256198,5,0.0,0.30578512396694213,6,0.0,0.0,False,1.0,False,False,False,1.0,0.0
gabime/spdlog,284415e7f40019cf,False,1,93,True,1.0,0.8602150537634409,2,1.0,0.8279569892473119,3,1.0,0.7741935483870968,5,1.0,0.7311827956989247,2,1.0,0.5,True,1.0,False,False,False,1.0,1.0
gabime/spdlog,afcd7916daa30cc5,False,0,58,True,1.0,0.7931034482758621,1,1.0,0.7586206896551724,1,1.0,0.9310344827586207,1,1.0,0.6379310344827587,4,0.0,0.0,False,1.0,False,False,False,1.0,1.0
gabime/spdlog,f13f007e9dc338b9,False,0,108,True,0.0,0.42592592592592593,2,0.0,0.5648148148148148,2,0.0,0.5648148148148148,2,0.0,0.4351851851851852,1,0.0,0.0,False,0.0,False,False,False,0.0,0.0
gabime/spdlog,ff16fab2ee0ccfa6,False,0,28,True,1.0,0.8928571428571429,3,1.0,0.8571428571428571,0,1.0,0.8571428571428571,0,1.0,0.75,3,0.0,0.0,False,1.0,False,False,False,1.0,1.0
gabime/spdlog,21df8a1e8aab0381,False,0,116,True,1.0,0.9482758620689655,3,1.0,0.7931034482758621,5,1.0,0.8017241379310345,5,1.0,0.9396551724137931,3,0.0,0.3333333333333333,True,1.0,False,False,False,1.0,1.0
gabime/spdlog,68d996c62e3e9a8f,False,1,82,True,0.0,0.8902439024390244,0,0.0,0.8902439024390244,0,0.0,0.8902439024390244,0,0.0,0.8902439024390244,0,0.0,0.0,False,0.0,False,False,False,0.0,0.0
gabime/spdlog,8a066da747f9b793,False,0,49,True,1.0,0.9183673469387755,1,1.0,0.8367346938775511,0,1.0,0.8367346938775511,0,1.0,0.8571428571428571,1,0.0,0.0,False,1.0,False,False,False,1.0,1.0
gabime/spdlog,81cf3e2654f379c4,False,0,144,True,1.0,0.8472222222222222,0,1.0,0.8472222222222222,0,1.0,0.8472222222222222,0,1.0,0.6736111111111112,1,1.0,0.0,False,1.0,False,False,False,1.0,1.0
gabime/spdlog,b5ffc1a3eb11a80e,False,0,81,True,0.0,0.7777777777777778,8,0.0,0.5802469135802469,8,0.0,0.5925925925925926,8,0.0,0.691358024691358,6,0.0,0.0,False,0.0,False,False,False,0.0,0.0
gabime/spdlog,4ea1fde4c5cd00f8,False,0,61,True,1.0,0.9016393442622951,6,1.0,0.7213114754098361,5,1.0,0.7049180327868853,5,1.0,0.8688524590163934,8,0.0,0.0,False,1.0,False,False,False,1.0,1.0
gabime/spdlog,004e3ea905f99e62,False,0,71,True,0.0,0.5915492957746479,1,0.0,0.5492957746478874,1,0.0,0.5352112676056338,1,0.0,0.5211267605633803,1,0.0,0.0,True,0.0,False,False,False,0.0,0.0
gabime/spdlog,fa22b65d59c3ec25,False,0,151,True,1.0,0.7814569536423841,5,1.0,0.7814569536423841,5,1.0,0.7682119205298014,6,1.0,0.7086092715231788,6,1.0,1.0,True,1.0,False,False,False,1.0,1.0
gabime/spdlog,6fd51d98bf01252c,False,1,40,True,0.0,0.975,1,0.0,0.975,1,0.0,0.975,1,0.0,0.975,1,0.0,0.0,False,0.0,False,False,False,0.0,0.0
gabime/spdlog,5eaa0506f1b653b2,False,0,115,True,0.0,0.8869565217391304,3,0.0,0.8521739130434782,4,0.0,0.8347826086956521,4,0.0,0.8347826086956521,4,0.0,0.0,False,0.0,False,False,False,0.0,0.0
boto/boto3,df8767708c0c5b50,False,0,598,True,0.0,0.5468227424749164,6,0.0,0.5585284280936454,6,0.0,0.5518394648829431,7,0.0,0.5468227424749164,6,1.0,0.5,True,0.0,False,False,False,0.0,0.0
boto/boto3,bd46df2fa770cf78,False,1,630,True,0.0,0.9111111111111111,3,0.0,0.9111111111111111,3,0.0,0.9158730158730158,2,0.0,0.9111111111111111,3,0.0,0.0,False,0.0,False,False,False,0.0,0.0
boto/boto3,33bf386039cd2d50,False,1,439,True,0.0,0.3325740318906606,11,0.0,0.33712984054669703,11,0.0,0.3348519362186788,12,0.0,0.3333333333333333,11,0.0,0.0,True,0.0,False,False,False,0.0,0.0
boto/boto3,ea47fc7a905e744e,False,0,740,True,0.0,0.3864864864864865,5,0.0,0.3891891891891892,5,0.0,0.40405405405405403,5,0.0,0.3864864864864865,5,0.0,0.0,False,0.0,False,False,False,0.0,0.0
boto/boto3,c9553e86709ba80a,False,0,153,True,0.0,0.803921568627451,3,0.0,0.803921568627451,3,0.0,0.8169934640522876,3,0.0,0.803921568627451,3,0.0,0.0,False,0.0,False,False,False,0.0,0.0
boto/boto3,60f61ab7a8d1910d,False,0,61,True,0.0,0.5573770491803278,2,0.0,0.5573770491803278,2,0.0,0.6229508196721312,2,0.0,0.5666666666666667,2,1.0,1.0,True,1.0,False,False,False,0.0,0.0
boto/boto3,2e404c51e6cfc8f9,False,0,574,True,0.0,0.34668989547038326,10,0.0,0.34494773519163763,10,0.0,0.35365853658536583,10,0.0,0.34668989547038326,10,0.0,0.0,True,0.0,False,False,False,0.0,0.0
nasa/openmct,ba1cdf41657d042a,False,0,33,True,0.0,0.5757575757575758,0,0.0,0.9090909090909091,0,0.0,0.5757575757575758,1,0.0,1.0,0,0.0,0.0,False,0.0,False,False,False,0.0,0.0
nasa/openmct,516f9d0448dadba0,True,0,952,True,0.0,0.8907563025210085,7,1.0,0.625,9,1.0,0.6207983193277311,12,1.0,0.7696335078534031,8,0.0,0.0,False,1.0,False,False,False,0.0,1.0
nasa/openmct,fefcf860fceef1d7,True,1,139,True,0.0,0.7482014388489209,2,0.0,0.5755395683453237,2,0.0,0.4316546762589928,2,0.0,0.646551724137931,3,0.0,0.0,False,0.0,False,False,False,0.0,0.0
nasa/openmct,b55616276b559ca5,True,0,65,True,0.0,0.5384615384615384,2,0.0,0.7538461538461538,4,0.0,0.49230769230769234,4,0.0,0.8387096774193549,5,0.0,0.0,False,0.0,False,False,False,0.0,0.0
nasa/openmct,19ce1c6ff5704707,False,1,730,True,0.0,0.5164383561643836,4,0.0,0.4383561643835616,4,0.0,0.42876712328767125,7,0.0,0.4206798866855524,4,0.0,0.0,True,1.0,False,False,False,0.0,0.0
invoke-ai/InvokeAI,f8b0a96de0d64d4a,False,0,617,True,0.0,0.4376012965964344,9,0.0,0.38087520259319285,12,0.0,0.3500810372771475,11,0.0,0.4376012965964344,9,0.0,0.0,True,0.0,False,False,False,0.0,0.0
invoke-ai/InvokeAI,d0ddc4fa9bbe60a3,False,0,31,True,0.0,0.7741935483870968,1,0.0,0.7741935483870968,1,0.0,0.7741935483870968,1,0.0,0.8064516129032258,0,1.0,0.0,True,1.0,False,False,False,0.0,0.0
invoke-ai/InvokeAI,dd2a8455a2dec8ae,False,0,37,True,0.0,0.972972972972973,1,0.0,0.972972972972973,1,0.0,0.7027027027027027,4,0.0,1.0,0,0.0,0.0,True,1.0,False,False,False,0.0,0.0
invoke-ai/InvokeAI,9116b36e4cd2e097,False,0,92,True,0.0,0.9347826086956522,0,0.0,0.9347826086956522,0,0.0,0.9239130434782609,1,0.0,0.9347826086956522,0,0.0,0.0,True,0.0,False,False,False,0.0,0.0
invoke-ai/InvokeAI,5b104e31eac2e777,False,1,121,True,0.0,0.9752066115702479,2,0.0,0.9752066115702479,2,0.0,0.9173553719008265,3,0.0,0.9834710743801653,1,0.0,0.0,True,0.0,False,False,False,0.0,0.0
invoke-ai/InvokeAI,6675bb5854d2f659,False,0,52,True,0.0,0.7115384615384616,0,0.0,0.7115384615384616,0,0.0,0.7307692307692307,3,0.0,0.75,1,0.0,0.0,False,1.0,False,False,False,0.0,0.0
invoke-ai/InvokeAI,8dd0e27c5aaf8a33,False,3,357,True,1.0,0.4733893557422969,0,1.0,0.4733893557422969,0,1.0,0.8011204481792717,0,1.0,0.4733893557422969,0,0.0,0.0,True,0.0,False,False,False,1.0,1.0
invoke-ai/InvokeAI,74c24e224e3e8203,False,0,270,True,0.0,0.6777777777777778,3,0.0,0.6777777777777778,3,0.0,0.6703703703703704,3,0.0,0.6777777777777778,3,0.0,0.0,True,1.0,False,False,False,0.0,0.0
invoke-ai/InvokeAI,b7b79479b45978b8,False,8,929,True,0.0,0.2938643702906351,8,0.0,0.29278794402583425,7,0.0,0.30462863293864373,7,0.0,0.2938643702906351,7,0.0,0.0,True,0.0,False,False,False,0.0,0.0
invoke-ai/InvokeAI,c48269d151ace8fc,False,2,160,True,0.0,0.55,3,0.0,0.54375,3,0.0,0.54375,3,0.0,0.575,4,0.0,0.0,True,0.0,False,False,False,0.0,0.0
invoke-ai/InvokeAI,2e9b4c8b479608b1,False,0,101,True,1.0,0.9603960396039604,3,1.0,0.9603960396039604,3,1.0,0.6138613861386139,3,1.0,0.9603960396039604,2,0.0,0.0,False,1.0,False,False,False,1.0,1.0
invoke-ai/InvokeAI,fe012d8ab07b10a1,False,0,98,True,0.0,0.8367346938775511,1,0.0,0.8367346938775511,1,0.0,0.3163265306122449,4,0.0,0.8367346938775511,1,1.0,0.0,True,1.0,False,False,False,0.0,0.0
invoke-ai/InvokeAI,80ea71c361780e7b,False,3,784,True,0.0,0.8341836734693877,7,0.0,0.8329081632653061,7,0.0,0.8533163265306123,7,0.0,0.8341836734693877,6,0.0,0.0,True,0.0,False,False,False,0.0,0.0
invoke-ai/InvokeAI,1c7ef67a6cd83fa0,False,0,96,True,0.0,0.3229166666666667,2,0.0,0.3229166666666667,2,0.0,0.3229166666666667,2,0.0,0.3263157894736842,1,0.0,0.0,False,0.0,False,False,False,0.0,0.0
invoke-ai/InvokeAI,4f239734a11eb524,False,1,137,True,1.0,0.583941605839416,1,1.0,0.5401459854014599,1,1.0,0.5182481751824818,2,1.0,0.6029411764705882,1,0.0,0.0,True,0.0,False,False,False,1.0,1.0
invoke-ai/InvokeAI,1ee2545500908ca1,False,1,229,True,1.0,0.9606986899563319,4,1.0,0.9606986899563319,4,0.0,0.5283842794759825,5,1.0,0.9694323144104804,3,0.0,0.0,False,1.0,False,False,False,1.0,1.0
xournalpp/xournalpp,0534891fbc8b89b4,False,0,136,True,0.0,1.0,0,0.0,1.0,0,0.0,1.0,0,0.0,1.0,0,0.0,0.0,False,0.0,False,False,False,0.0,0.0
xournalpp/xournalpp,0798d40520682169,False,0,60,True,0.0,0.75,3,0.0,0.75,3,0.0,0.75,3,0.0,0.75,3,0.0,0.0,False,1.0,False,False,False,0.0,0.0
xournalpp/xournalpp,00a66edce54b9ad9,True,2,191,True,0.0,0.3298429319371728,8,0.0,0.3507853403141361,9,0.0,0.3507853403141361,9,0.0,0.25268817204301075,7,1.0,1.0,True,1.0,False,False,False,0.0,0.0
xournalpp/xournalpp,c27b60680326600a,False,0,76,True,0.0,0.5,2,0.0,0.4868421052631579,3,0.0,0.4868421052631579,3,0.0,0.5066666666666667,4,0.0,0.0,True,0.0,False,False,False,0.0,0.0
xournalpp/xournalpp,b694a2beb45bd134,False,0,81,True,0.0,0.4567901234567901,6,0.0,0.3333333333333333,7,0.0,0.345679012345679,8,0.0,0.2597402597402597,5,0.0,0.0,False,1.0,False,False,False,0.0,0.0
xournalpp/xournalpp,e0e4d4debfc22fde,False,1,222,True,0.0,0.40540540540540543,4,0.0,0.4099099099099099,5,0.0,0.38738738738738737,6,0.0,0.4225352112676056,6,0.0,0.0,True,0.0,False,False,False,0.0,0.0
xournalpp/xournalpp,6d9fcf6c7b24e3f4,True,1,85,True,0.0,0.611764705882353,2,0.0,0.38823529411764707,3,0.0,0.4,3,0.0,0.5542168674698795,4,0.0,0.0,True,0.0,False,False,False,0.0,0.0
xournalpp/xournalpp,c8805004e1769ec9,False,2,560,True,1.0,0.325,12,1.0,0.31607142857142856,12,1.0,0.24821428571428572,18,1.0,0.32616487455197135,12,1.0,1.0,True,1.0,False,False,False,1.0,1.0
sphinx-doc/sphinx,972614dbf5ebcd96,False,0,75,True,1.0,0.6,3,1.0,0.6,3,1.0,0.6,3,1.0,0.5675675675675675,1,1.0,1.0,True,1.0,False,False,False,1.0,1.0
sphinx-doc/sphinx,e25c960e32c12442,False,0,260,True,0.0,0.3923076923076923,7,0.0,0.4,7,0.0,0.4307692307692308,7,0.0,0.39768339768339767,8,0.0,1.0,True,1.0,False,False,False,0.0,0.0
sphinx-doc/sphinx,8e8c3930c1230a0c,False,0,343,True,0.0,0.36443148688046645,11,1.0,0.34110787172011664,9,1.0,0.34110787172011664,9,0.0,0.3558823529411765,11,1.0,1.0,True,1.0,False,False,False,0.0,0.0
sphinx-doc/sphinx,5d140f836bc00252,False,0,926,True,1.0,0.7278617710583153,17,1.0,0.7095032397408207,18,1.0,0.7019438444924406,21,1.0,0.7254054054054054,17,0.0,1.0,True,1.0,False,False,False,1.0,1.0
sphinx-doc/sphinx,840fd9b5798eefe6,False,0,60,True,0.0,0.9833333333333333,1,0.0,0.9833333333333333,1,0.0,0.9833333333333333,1,0.0,0.9833333333333333,1,1.0,0.0,False,0.0,False,False,False,,
sphinx-doc/sphinx,0030bdcc3df5adce,False,0,924,True,1.0,0.45995670995670995,21,1.0,0.4523809523809524,20,1.0,0.4458874458874459,21,1.0,0.4442036836403034,21,1.0,1.0,True,1.0,False,False,False,1.0,1.0
jupyter/notebook,5053c0bda6e3ba2f,False,0,14,True,0.0,0.5714285714285714,0,0.0,0.5714285714285714,0,0.0,0.5714285714285714,0,0.0,0.5714285714285714,0,1.0,0.0,False,1.0,False,False,False,0.0,0.0
jupyter/notebook,9b3b105ec0db5a87,False,0,84,True,0.0,0.5595238095238095,2,1.0,0.8452380952380952,2,1.0,0.8452380952380952,2,0.0,0.5595238095238095,2,1.0,1.0,True,1.0,False,False,False,0.0,0.0
jupyter/notebook,5a1b054b0308e572,False,0,40,True,0.0,0.775,1,0.0,0.775,1,0.0,0.775,1,0.0,0.7692307692307693,1,1.0,1.0,True,0.0,False,False,False,0.0,0.0
jupyter/notebook,a0fdacd2ade87c52,False,0,23,True,1.0,1.0,0,1.0,1.0,0,1.0,1.0,0,1.0,1.0,0,1.0,1.0,True,1.0,False,False,False,1.0,1.0
jupyter/notebook,0aae9537b516d136,False,2,369,True,1.0,0.45799457994579945,7,1.0,0.45257452574525747,8,1.0,0.43902439024390244,8,1.0,0.4742547425474255,6,0.0,0.5,True,1.0,False,False,False,1.0,1.0
jupyter/notebook,008dcb3426febd76,False,0,407,True,0.0,0.5012285012285013,10,0.0,0.601965601965602,10,0.0,0.601965601965602,10,0.0,0.6584766584766585,14,0.0,0.0,True,0.0,False,False,False,0.0,0.0
jupyter/notebook,63a9c44a44acf85f,False,0,86,True,0.0,0.8604651162790697,1,0.0,0.8604651162790697,1,0.0,0.8604651162790697,1,0.0,0.8604651162790697,1,1.0,1.0,True,1.0,False,False,False,0.0,0.0
cmderdev/cmder,06572a96a58dc510,False,0,1191,False,0.0,0.6104114189756508,5,0.0,0.5910999160369438,5,0.0,0.5902602854743912,6,0.0,0.6109243697478992,5,0.0,0.0,False,0.0,False,False,False,0.0,0.0
cmderdev/cmder,cf23da10e9371420,False,0,76,False,0.0,0.5263157894736842,2,0.0,0.5526315789473685,2,0.0,0.4473684210526316,2,0.0,0.5394736842105263,2,1.0,0.0,False,1.0,False,False,False,0.0,0.0
cmderdev/cmder,0d182cdeff4cdb49,False,0,181,False,1.0,0.6464088397790055,8,1.0,0.48066298342541436,7,1.0,0.4088397790055249,7,1.0,0.6408839779005525,8,0.0,0.0,False,1.0,False,False,False,1.0,1.0
cmderdev/cmder,a8bb8d2e8dae7bfb,False,0,783,False,0.0,0.5504469987228607,17,0.0,0.5530012771392082,17,0.0,0.5108556832694764,16,0.0,0.5524296675191815,17,0.0,0.0,False,1.0,False,False,False,0.0,0.0
cmderdev/cmder,8438fcdb1b6525ad,False,2,251,False,1.0,0.5537848605577689,7,1.0,0.5378486055776892,7,1.0,0.5378486055776892,7,1.0,0.5387755102040817,6,1.0,0.0,False,1.0,False,False,False,1.0,1.0
cmderdev/cmder,48f1905c8ce7c081,False,2,272,False,0.0,1.0,0,0.0,1.0,0,0.0,1.0,0,0.0,1.0,0,0.0,0.0,False,0.0,False,False,False,1.0,1.0
qpdf/qpdf,9ff739d5f573ddcd,False,0,1024,True,0.0,0.720703125,2,0.0,0.7177734375,2,0.0,0.7177734375,2,0.0,0.9267578125,2,1.0,1.0,True,1.0,False,False,False,0.0,0.0
qpdf/qpdf,773491f747665f16,False,0,82,True,0.0,0.975609756097561,1,0.0,0.975609756097561,1,0.0,0.975609756097561,1,0.0,0.9634146341463414,2,1.0,1.0,True,1.0,False,False,False,0.0,0.0
qpdf/qpdf,67e7584572481024,False,0,41,True,0.0,0.5853658536585366,0,0.0,0.5853658536585366,0,0.0,0.5853658536585366,0,0.0,0.8048780487804879,0,1.0,1.0,True,1.0,False,False,False,0.0,0.0
qpdf/qpdf,5450f2b22154610d,False,0,135,True,0.0,0.5111111111111111,0,0.0,0.5111111111111111,0,0.0,0.4962962962962963,1,0.0,0.8222222222222222,1,1.0,1.0,True,1.0,False,False,False,0.0,0.0
qpdf/qpdf,12055bb55b5afe29,False,0,36,True,0.0,0.9444444444444444,0,0.0,0.9444444444444444,0,0.0,0.9444444444444444,0,0.0,0.9444444444444444,0,0.0,0.0,True,1.0,False,False,False,0.0,0.0
qpdf/qpdf,93cd2e38de1fd1f0,False,0,67,True,0.0,0.9552238805970149,1,0.0,0.9552238805970149,1,0.0,0.8955223880597015,1,0.0,0.9552238805970149,1,1.0,1.0,True,1.0,False,False,False,0.0,0.0
qpdf/qpdf,55e9142c06276fb8,False,1,80,True,0.0,0.875,1,0.0,0.875,1,0.0,0.875,1,0.0,0.875,1,1.0,1.0,True,1.0,False,False,False,0.0,0.0
qpdf/qpdf,a5daeb664cb71f32,False,1,139,True,0.0,0.8776978417266187,1,0.0,0.8776978417266187,1,0.0,0.8489208633093526,1,0.0,0.8776978417266187,1,1.0,1.0,True,1.0,False,False,False,0.0,0.0
qpdf/qpdf,a5b2b6fad6b22c6f,False,1,604,True,0.0,0.9917218543046358,5,0.0,0.9917218543046358,5,0.0,0.9917218543046358,5,0.0,0.9933774834437086,4,1.0,0.0,True,1.0,False,False,False,0.0,0.0
qpdf/qpdf,f402bf45e731a735,False,1,523,True,0.0,0.768642447418738,1,0.0,0.768642447418738,1,0.0,0.768642447418738,1,0.0,0.9341085271317829,2,1.0,1.0,True,1.0,False,False,False,0.0,0.0
qpdf/qpdf,8e435b97a9914d43,False,1,922,True,0.0,0.779826464208243,0,0.0,0.7765726681127982,0,0.0,0.8004338394793926,0,0.0,0.7921225382932167,0,1.0,1.0,True,1.0,False,False,False,0.0,0.0
mui/material-ui,18a06a854418172c,False,0,210,True,0.0,0.319047619047619,2,0.0,0.4857142857142857,3,0.0,0.5285714285714286,3,0.0,0.319047619047619,2,0.0,0.0,False,0.0,False,False,False,0.0,0.0
mui/material-ui,5f6175d769f373d6,False,0,21,True,0.0,0.7619047619047619,2,0.0,0.7619047619047619,1,0.0,0.7619047619047619,1,0.0,0.7619047619047619,2,1.0,1.0,True,0.0,False,False,False,0.0,0.0
mui/material-ui,bc29ae93d7494d07,False,0,127,True,0.0,0.8976377952755905,5,0.0,0.9212598425196851,6,0.0,0.9212598425196851,6,0.0,0.8976377952755905,5,0.0,0.0,False,0.0,False,False,False,0.0,0.0
mui/material-ui,4d2c300b90c75d33,False,0,54,True,0.0,0.5,1,0.0,0.5185185185185185,1,0.0,0.5185185185185185,1,0.0,0.5,1,0.0,0.0,False,0.0,False,False,False,0.0,0.0
mui/material-ui,bc6eac7586670f2a,False,1,337,True,0.0,0.8456973293768546,11,0.0,0.8516320474777448,11,0.0,0.8545994065281899,11,0.0,0.9209726443768997,10,0.0,0.0,True,0.0,False,False,False,0.0,0.0
mui/material-ui,982b1407fed269d6,False,0,646,True,0.0,0.5356037151702786,10,0.0,0.6006191950464397,10,0.0,0.4907120743034056,13,0.0,0.5402476780185759,9,0.0,0.0,True,0.0,False,False,False,0.0,0.0
mui/material-ui,b335630551682c19,False,0,193,True,0.0,0.43523316062176165,16,0.0,0.43005181347150256,18,0.0,0.43005181347150256,18,0.0,0.43523316062176165,16,1.0,0.5,True,0.0,False,False,False,0.0,0.0
mui/material-ui,8790b7e21a7e6717,False,0,159,True,0.0,0.7295597484276729,1,0.0,0.5849056603773585,2,0.0,0.4779874213836478,2,0.0,0.7295597484276729,1,0.0,0.0,False,0.0,False,False,False,0.0,0.0
mui/material-ui,d2cdbb8d3983ab21,False,0,134,True,0.0,0.7014925373134329,5,0.0,0.746268656716418,5,0.0,0.6343283582089553,4,0.0,0.7164179104477612,4,0.0,0.0,True,0.0,False,False,False,0.0,0.0
mui/material-ui,06572a96a58dc510,False,3,897,True,1.0,0.5652173913043478,5,1.0,0.5652173913043478,5,1.0,0.5596432552954292,5,1.0,0.5658482142857143,5,1.0,1.0,True,0.0,False,False,False,1.0,1.0
mui/material-ui,7ccf250460b1353d,True,0,101,True,0.0,0.40594059405940597,4,0.0,0.40594059405940597,6,0.0,0.5346534653465347,5,0.0,0.46534653465346537,4,0.0,0.0,True,0.0,False,False,False,0.0,0.0
mui/material-ui,8e0aa27a7d3a02ec,False,0,129,True,0.0,0.8992248062015504,7,0.0,0.8992248062015504,7,0.0,0.7674418604651163,6,0.0,0.9069767441860465,7,0.0,0.0,True,0.0,False,False,False,0.0,0.0
mui/material-ui,2ae56f3025136b47,False,0,121,True,1.0,0.5206611570247934,4,1.0,0.5785123966942148,5,1.0,0.6033057851239669,5,1.0,0.5619834710743802,4,0.0,0.0,True,0.0,False,False,False,1.0,1.0
mui/material-ui,be6f79ccda39c76d,False,0,50,True,0.0,0.64,2,0.0,0.68,2,0.0,0.54,1,0.0,0.64,2,0.0,0.0,False,0.0,False,False,False,0.0,0.0
mui/material-ui,b11bc29ff6a64856,False,0,27,True,0.0,0.5555555555555556,1,0.0,0.5555555555555556,1,0.0,0.5925925925925926,1,0.0,0.7777777777777778,1,0.0,0.0,True,0.0,False,False,False,0.0,0.0
mui/material-ui,51bb0d154187975c,False,1,243,True,0.0,0.35802469135802467,6,0.0,0.37037037037037035,7,0.0,0.4074074074074074,6,0.0,0.36213991769547327,5,0.0,0.0,True,0.0,False,False,False,0.0,0.0
mui/material-ui,66671956fb57ac5d,False,0,99,True,0.0,0.46464646464646464,1,0.0,0.494949494949495,1,0.0,0.29292929292929293,1,0.0,0.46464646464646464,1,0.0,0.0,False,0.0,False,False,False,0.0,0.0
mui/material-ui,5ca1c2e08aa5ed0a,False,0,679,True,0.0,0.34167893961708395,9,0.0,0.3490427098674521,8,0.0,0.36671575846833576,9,0.0,0.34167893961708395,9,0.0,0.0,True,0.0,False,False,False,0.0,0.0
angular/angular,b4520318fe8163a6,False,0,128,True,0.0,0.734375,2,0.0,0.7421875,2,0.0,0.7421875,2,0.0,0.8984375,3,0.0,0.0,True,1.0,False,False,False,0.0,0.0
angular/angular,ce77da6bfcb325f1,True,0,271,True,0.0,0.22140221402214022,18,0.0,0.19557195571955718,18,0.0,0.19557195571955718,19,1.0,0.22140221402214022,21,0.0,0.0,True,0.0,False,False,False,0.0,1.0
angular/angular,a3cdb024b228210a,False,0,54,True,0.0,0.8148148148148148,0,0.0,0.9629629629629629,1,0.0,0.9629629629629629,1,0.0,0.9814814814814815,1,0.0,0.0,False,0.0,False,False,False,0.0,0.0
angular/angular,54db8245bdae2fd9,True,0,149,True,0.0,0.3087248322147651,3,0.0,0.37583892617449666,3,0.0,0.42953020134228187,2,0.0,0.45774647887323944,3,0.0,0.0,True,0.0,False,False,False,0.0,0.0
angular/angular,e4d1890547f26b92,False,0,297,True,0.0,0.6531986531986532,11,0.0,0.6632996632996633,9,0.0,0.6565656565656566,9,0.0,0.6599326599326599,12,0.0,0.0,True,0.0,False,False,False,0.0,0.0
angular/angular,bd0d958d3e90a48a,False,0,338,True,0.0,0.6863905325443787,1,0.0,0.7928994082840237,2,0.0,0.7928994082840237,3,0.0,0.8427299703264095,2,0.0,0.0,False,0.0,False,False,False,0.0,0.0
angular/angular,8da9f0ed6844d8a3,False,0,172,True,0.0,0.8488372093023255,0,0.0,0.8488372093023255,0,0.0,0.8197674418604651,2,0.0,0.9011627906976745,1,1.0,1.0,True,0.0,False,False,False,0.0,0.0
angular/angular,45b05a0040c8233a,True,0,48,True,0.0,0.6041666666666666,5,0.0,0.6041666666666666,5,0.0,0.6041666666666666,6,0.0,0.3333333333333333,3,1.0,0.0,True,0.0,False,False,False,0.0,0.0
angular/angular,057709947576702a,False,2,242,True,0.0,0.3925619834710744,3,0.0,0.5082644628099173,4,0.0,0.512396694214876,5,0.0,0.6452991452991453,5,0.0,0.0,True,0.0,False,False,False,0.0,0.0
angular/angular,1630e341d8ab18ff,False,0,67,True,0.0,0.6567164179104478,0,0.0,0.7910447761194029,0,0.0,0.7910447761194029,0,0.0,0.9253731343283582,1,0.0,0.0,False,0.0,False,False,False,0.0,0.0
angular/angular,32086d4f3c9166d1,False,2,590,True,0.0,0.6440677966101694,3,0.0,0.6593220338983051,3,0.0,0.5745762711864407,5,0.0,0.8067796610169492,4,1.0,0.0,True,0.0,False,False,False,0.0,0.0
angular/angular,7cb5687cda4f32e6,False,0,122,True,0.0,0.28688524590163933,2,0.0,0.28688524590163933,2,0.0,0.20491803278688525,3,0.0,0.3114754098360656,3,0.0,0.0,True,0.0,False,False,False,0.0,0.0
angular/angular,87e3ff6ad1abcc8b,False,0,111,True,0.0,0.5855855855855856,0,0.0,0.7747747747747747,0,0.0,0.7657657657657657,1,0.0,0.9819819819819819,1,0.0,0.0,False,0.0,False,False,False,0.0,0.0
google/perfetto,3f6b64f5d4e59d29,False,0,138,True,1.0,0.7391304347826086,3,1.0,0.7391304347826086,3,0.5,0.36231884057971014,5,1.0,0.7101449275362319,3,1.0,1.0,True,0.0,False,False,False,1.0,1.0
google/perfetto,0cbd5930a930e249,False,0,591,True,1.0,0.7986463620981388,4,1.0,0.7901861252115059,5,1.0,0.805414551607445,6,1.0,0.7935702199661591,4,0.0,1.0,True,0.0,False,False,False,1.0,1.0
google/perfetto,76664080ef81a90b,False,1,155,True,1.0,1.0,0,1.0,1.0,0,1.0,0.9161290322580645,1,1.0,1.0,0,1.0,1.0,True,0.0,False,False,False,1.0,1.0
google/perfetto,9547b51f18d2b975,False,0,192,True,0.0,0.6614583333333334,3,0.0,0.6875,3,0.0,0.6875,5,0.0,0.6927083333333334,3,0.0,0.3333333333333333,True,0.0,False,False,False,0.0,0.0
google/perfetto,82bc062a976a74e6,False,0,79,True,0.0,0.4177215189873418,0,0.0,0.4177215189873418,0,0.0,0.27848101265822783,0,0.0,0.4177215189873418,0,1.0,1.0,True,0.0,False,False,False,0.0,0.0
google/perfetto,54364158d96bbd1e,False,1,253,True,1.0,0.8656126482213439,1,1.0,0.841897233201581,1,1.0,0.83399209486166,1,1.0,0.7773109243697479,1,1.0,1.0,True,0.0,False,False,False,1.0,1.0
google/perfetto,237a95349de1fda0,False,0,53,True,0.0,0.4528301886792453,1,0.0,0.4528301886792453,1,0.0,0.7169811320754716,1,0.0,0.49056603773584906,0,0.0,0.0,False,0.0,False,False,False,0.0,0.0
google/perfetto,945598f11f34cc04,False,0,174,True,0.0,0.4540229885057471,0,0.0,0.47126436781609193,0,0.0,0.46551724137931033,0,0.0,0.47701149425287354,0,0.0,1.0,True,0.0,False,False,False,0.0,0.0
google/perfetto,7b2d84695caffff2,False,0,115,True,1.0,0.8260869565217391,0,1.0,0.8260869565217391,0,1.0,0.7130434782608696,0,1.0,0.8260869565217391,0,0.0,0.0,True,0.0,False,False,False,1.0,1.0
google/perfetto,1acc586167b2c6f6,False,0,54,True,1.0,1.0,0,1.0,1.0,0,1.0,0.48148148148148145,0,1.0,1.0,0,1.0,1.0,True,0.0,False,False,False,1.0,1.0
google/perfetto,5a180b57ce30be62,False,0,254,True,0.0,0.3661417322834646,1,0.0,0.36220472440944884,1,0.0,0.3228346456692913,2,0.0,0.44664031620553357,1,1.0,0.0,True,0.0,False,False,False,0.0,0.0
google/perfetto,d171d0cb31afbd52,False,0,99,True,0.0,0.8181818181818182,1,0.0,0.8383838383838383,1,0.0,0.696969696969697,0,0.0,0.8888888888888888,0,0.0,0.0,False,0.0,False,False,False,0.0,0.0
google/perfetto,bd1f85fc95481f48,False,0,45,True,1.0,0.5333333333333333,0,1.0,0.5333333333333333,0,1.0,0.5555555555555556,0,1.0,0.5333333333333333,0,1.0,1.0,True,0.0,False,False,False,1.0,1.0
google/perfetto,cc9070696fad4ef1,False,0,60,True,1.0,1.0,0,1.0,1.0,0,1.0,0.7833333333333333,0,1.0,1.0,0,1.0,1.0,True,0.0,False,False,False,1.0,1.0
google/perfetto,d3b841051ee12dc1,False,1,136,True,0.0,0.4485294117647059,1,0.0,0.4411764705882353,1,0.0,0.5294117647058824,2,0.0,0.4485294117647059,1,0.0,0.0,True,0.0,False,False,False,0.0,0.0
google/perfetto,8e95bf2dc53a3bad,True,0,91,True,1.0,0.43956043956043955,5,1.0,0.4175824175824176,5,1.0,0.4065934065934066,4,0.5,0.3707865168539326,4,1.0,0.0,True,0.0,False,False,True,1.0,0.5
google/perfetto,2b0839fce04063f3,False,0,189,True,1.0,0.9788359788359788,2,1.0,0.9788359788359788,2,1.0,0.91005291005291,1,1.0,0.9788359788359788,2,1.0,1.0,True,0.0,False,False,False,1.0,1.0
google/perfetto,8799dd4ee63af334,False,0,211,True,1.0,0.8625592417061612,1,1.0,0.8720379146919431,1,1.0,0.8767772511848341,1,1.0,0.8605769230769231,1,1.0,1.0,True,1.0,False,False,False,1.0,1.0
google/perfetto,61961cbed4331321,False,0,22,True,0.0,0.7272727272727273,0,0.0,0.9545454545454546,1,0.0,0.5454545454545454,3,0.0,0.9545454545454546,1,1.0,1.0,True,0.0,False,False,False,0.0,0.0
google/perfetto,432af3798817e477,False,0,448,True,0.0,0.5647321428571429,5,0.0,0.6205357142857143,6,0.0,0.5513392857142857,4,0.0,0.7427293064876958,6,0.0,1.0,True,0.0,False,False,False,0.0,0.0
google/perfetto,5ea75a9c278f1c41,False,0,30,True,0.0,0.8666666666666667,0,0.0,0.8666666666666667,0,0.0,0.8333333333333334,0,0.0,0.9,0,1.0,1.0,True,0.0,False,False,False,0.0,0.0
cloud-custodian/cloud-custodian,6232db25f88c80a8,True,0,272,True,0.0,0.4522058823529412,12,0.0,0.4522058823529412,11,0.0,0.44485294117647056,11,0.0,0.3247232472324723,10,0.0,0.0,False,0.0,False,False,False,,
cloud-custodian/cloud-custodian,15f20c315ece5012,False,0,203,True,0.0,0.9852216748768473,1,0.0,0.9852216748768473,1,0.0,0.9852216748768473,1,0.0,1.0,0,0.0,0.0,False,0.0,False,False,False,,
cloud-custodian/cloud-custodian,37df4aa6ced1fc0e,False,0,100,True,0.0,0.66,2,0.0,0.67,2,0.0,0.69,3,0.0,0.67,1,0.0,0.0,True,0.0,False,False,False,,
cloud-custodian/cloud-custodian,76ed074a9305c040,False,1,165,True,0.0,0.9393939393939394,4,0.0,0.9393939393939394,4,0.0,0.9090909090909091,7,0.0,0.9393939393939394,4,0.0,0.0,True,0.0,False,False,False,0.0,0.0
cloud-custodian/cloud-custodian,473d3ab3628619c9,False,0,203,True,0.0,0.6502463054187192,2,0.0,0.6650246305418719,3,0.0,0.625615763546798,4,0.0,0.7635467980295566,2,0.0,0.0,False,0.0,False,False,False,0.0,0.0
cloud-custodian/cloud-custodian,cec0030718c350f1,False,0,2278,True,0.0,0.7857769973661106,6,0.0,0.7853380158033363,6,0.0,0.8266022827041264,6,0.0,0.7879719051799824,5,0.0,0.0,True,0.0,False,False,False,0.0,0.0
cloud-custodian/cloud-custodian,13e91bf3364c5009,False,0,235,True,0.0,0.7957446808510639,1,0.0,0.7957446808510639,1,0.0,0.8042553191489362,1,0.0,0.8,0,0.0,0.0,True,0.0,False,False,False,0.0,0.0
cloud-custodian/cloud-custodian,e13bfa23f6a36a06,False,0,20,True,0.0,0.6,0,0.0,0.6,0,0.0,0.6,0,0.0,0.65,0,0.0,0.0,False,0.0,False,False,False,,
cloud-custodian/cloud-custodian,50c86b7ed8ac2cf9,False,1,116,True,1.0,0.9396551724137931,3,1.0,0.9396551724137931,3,1.0,0.9396551724137931,3,1.0,0.9482758620689655,2,1.0,1.0,True,1.0,False,False,False,1.0,1.0
cloud-custodian/cloud-custodian,3866c2df15af7d0d,True,0,270,True,0.0,0.37777777777777777,4,0.0,0.37037037037037035,4,0.0,0.37037037037037035,4,0.0,0.6130268199233716,5,0.0,0.0,False,0.0,False,False,True,,
linera-io/linera-protocol,bc37d034bad56458,False,1,38,True,0.0,0.3157894736842105,1,0.0,0.3157894736842105,1,0.0,0.3157894736842105,1,0.0,0.32432432432432434,0,0.0,0.0,True,0.0,False,False,False,0.0,0.0
laramies/theHarvester,aec5667b62aee55f,False,3,37,True,0.0,0.6216216216216216,0,0.0,0.6216216216216216,0,0.0,0.6756756756756757,0,0.0,0.8888888888888888,0,0.0,0.0,True,0.0,False,False,False,0.0,0.0
laramies/theHarvester,779d0fed51035cab,False,5,450,True,0.0,0.9466666666666667,5,0.0,0.9444444444444444,5,0.0,0.94,6,0.0,0.9466666666666667,5,0.0,0.0,True,0.0,False,False,False,0.0,0.0
laramies/theHarvester,6d577be49e8a9f6c,False,6,32,True,0.0,0.5,2,0.0,0.28125,2,0.0,0.28125,2,0.0,0.5,2,0.0,0.0,False,0.0,False,False,False,0.0,0.0
laramies/theHarvester,7192026d96d7270b,False,5,52,True,0.0,0.5,1,0.0,0.5,1,0.0,0.5384615384615384,1,0.0,0.5098039215686274,2,0.0,0.0,True,0.0,False,False,False,0.0,0.0
laramies/theHarvester,bfdaa2c0a0c49662,False,2,39,True,0.0,0.5128205128205128,1,0.0,0.5384615384615384,2,0.0,0.5384615384615384,2,0.0,0.5128205128205128,1,0.0,0.0,False,0.0,False,False,False,0.0,0.0
laramies/theHarvester,3c53bb1be4e2c962,False,5,87,True,1.0,0.3333333333333333,1,0.5,0.3218390804597701,2,0.5,0.3218390804597701,2,1.0,0.3764705882352941,1,0.0,0.0,True,0.0,False,False,False,1.0,1.0
laramies/theHarvester,02dba8fce89b9d92,False,3,31,True,0.0,0.4838709677419355,1,0.0,0.4838709677419355,1,0.0,0.4838709677419355,1,0.0,0.5483870967741935,2,0.0,0.0,False,0.0,False,False,False,0.0,0.0
laramies/theHarvester,8ec0b2e5751e9792,False,4,87,True,0.0,0.5747126436781609,4,0.0,0.4482758620689655,4,0.0,0.4482758620689655,4,0.0,0.5930232558139535,4,0.0,0.0,True,0.0,False,False,False,0.0,0.0
laramies/theHarvester,bcd7e2d1b6ce5af2,False,4,71,True,0.0,0.38028169014084506,1,0.0,0.38028169014084506,1,0.0,0.38028169014084506,2,0.0,0.44285714285714284,2,0.0,0.0,True,0.0,False,False,False,0.0,0.0
laramies/theHarvester,f72f149179e8254b,False,5,130,True,0.0,0.5846153846153846,3,0.0,0.7076923076923077,4,0.0,0.7076923076923077,4,0.0,0.5891472868217055,3,0.0,0.0,True,0.0,False,False,False,0.0,0.0
laramies/theHarvester,d377f8d2036a2d04,False,2,63,True,0.0,0.4603174603174603,1,0.0,0.47619047619047616,1,0.0,0.4444444444444444,2,0.0,0.4603174603174603,1,0.0,0.0,True,0.0,False,False,False,0.0,0.0
laramies/theHarvester,c82056364683b1d0,False,1,87,True,0.0,0.4942528735632184,3,0.0,0.4942528735632184,4,0.0,0.4942528735632184,4,0.0,0.4942528735632184,3,0.0,0.0,True,0.0,False,False,False,0.0,0.0
laramies/theHarvester,1afb2dabe68289ad,False,3,26,True,0.0,0.6153846153846154,1,0.0,0.6538461538461539,0,0.0,0.6538461538461539,0,0.0,0.6153846153846154,1,0.0,0.0,False,0.0,False,False,False,0.0,0.0
laramies/theHarvester,7caef6d82fdb49d8,False,2,69,True,1.0,0.5652173913043478,1,1.0,0.5797101449275363,1,1.0,0.6086956521739131,1,1.0,0.6268656716417911,2,0.0,0.0,True,0.0,False,False,False,1.0,1.0
laramies/theHarvester,227007b2754833b6,False,0,38,True,0.0,0.4473684210526316,0,0.0,0.5263157894736842,1,0.0,0.39473684210526316,1,0.0,0.4864864864864865,0,0.0,0.0,True,0.0,False,False,False,0.0,0.0
laramies/theHarvester,ec7f8c72d57ff456,False,0,5,True,0.5,0.4,0,0.5,0.4,0,0.5,0.4,0,0.5,0.4,0,0.0,0.0,False,0.0,False,False,False,0.5,0.5
laramies/theHarvester,75681de1fe96443d,False,3,74,True,0.0,0.33783783783783783,1,0.0,0.33783783783783783,1,0.0,0.33783783783783783,1,0.0,0.3424657534246575,2,0.0,0.0,True,0.0,False,False,False,0.0,0.0
laramies/theHarvester,3df273085821b0d2,False,2,41,True,0.0,0.3902439024390244,3,0.0,0.3170731707317073,3,0.0,0.3170731707317073,3,0.0,0.3902439024390244,3,0.0,0.0,False,0.0,False,False,False,0.0,0.0
laramies/theHarvester,d5c5cd0d2647fff0,False,7,118,True,0.0,0.4322033898305085,4,0.0,0.3220338983050847,5,0.0,0.3220338983050847,5,0.0,0.4358974358974359,4,0.0,0.0,True,0.0,False,False,False,0.0,0.0
laramies/theHarvester,a31e3aa462440921,False,0,29,True,0.0,0.4482758620689655,0,0.0,0.4482758620689655,0,0.0,0.4482758620689655,1,0.0,0.6206896551724138,0,0.0,0.0,True,0.0,False,False,False,0.0,0.0
laramies/theHarvester,2827cd0b6aa67e85,False,4,26,True,1.0,0.7307692307692307,1,1.0,0.7307692307692307,1,1.0,0.7307692307692307,1,1.0,0.7307692307692307,1,0.0,0.0,False,0.0,False,False,False,1.0,1.0
laramies/theHarvester,afd1e8d0da1be6f8,False,8,103,True,0.0,0.3592233009708738,2,0.0,0.3592233009708738,1,0.0,0.3592233009708738,3,0.0,0.3627450980392157,3,0.0,0.0,True,0.0,False,False,False,0.0,0.0
laramies/theHarvester,65eea3163714ae97,False,1,144,True,0.0,0.7708333333333334,0,0.0,0.6736111111111112,0,0.0,0.6527777777777778,0,0.0,0.7816901408450704,2,0.0,0.0,True,0.0,False,False,False,0.0,0.0
laramies/theHarvester,b71b16e59ee54a46,True,2,48,True,0.0,0.3333333333333333,1,0.0,0.3333333333333333,1,0.0,0.3333333333333333,1,0.0,0.40425531914893614,2,0.0,0.0,False,0.0,False,False,False,0.0,0.0
jenkinsci/jenkins,37358d6148e18def,False,0,10,True,0.0,0.6,0,0.0,0.8,0,0.0,0.8,0,0.0,1.0,0,0.0,0.0,False,1.0,False,False,False,,
jenkinsci/jenkins,69c8b3e3ec4f1f68,False,0,560,True,0.0,0.4446428571428571,19,0.0,0.5017857142857143,21,0.0,0.5160714285714286,23,0.0,0.4937388193202147,21,0.0,0.0,True,0.0,False,False,False,0.0,0.0
pytest-dev/pytest,981929f4053f77bf,False,1,1584,True,0.0,0.9349747474747475,10,0.0,0.9431818181818182,10,0.0,0.9431818181818182,11,0.0,0.9393556538218573,10,0.0,1.0,True,0.0,False,False,False,0.0,0.0
pytest-dev/pytest,873009c2884eb9b5,False,0,209,True,1.0,0.5023923444976076,6,1.0,0.5023923444976076,5,1.0,0.48325358851674644,5,1.0,0.5048076923076923,5,1.0,1.0,True,0.0,False,False,False,1.0,1.0
pytest-dev/pytest,1504539a1ce720b0,True,2,1293,True,0.0,0.2745552977571539,28,0.0,0.27300850734725446,28,0.0,0.27300850734725446,29,0.0,0.17404817404817405,28,0.0,0.0,True,0.0,False,False,False,0.0,0.0
pytest-dev/pytest,5f95cbb6a58c9144,False,0,407,True,0.0,0.4226044226044226,21,0.0,0.43734643734643736,20,0.0,0.41277641277641275,20,0.0,0.4408866995073892,24,0.0,0.0,True,0.0,False,False,False,0.0,0.0
pytest-dev/pytest,6b2ebd562ed70581,False,1,194,True,0.0,0.34536082474226804,4,0.0,0.34536082474226804,4,0.0,0.34536082474226804,4,0.0,0.3711340206185567,3,0.0,0.0,False,0.0,False,False,False,0.0,0.0
pytest-dev/pytest,def42763679b0d50,False,1,215,True,0.0,0.3023255813953488,5,0.0,0.28837209302325584,5,0.0,0.2930232558139535,5,0.0,0.37254901960784315,6,0.0,0.0,True,0.0,False,False,False,0.0,0.0
pytest-dev/pytest,c77f00bd7bc2333b,False,10,2406,True,0.0,0.16916043225270158,41,0.0,0.17206982543640897,41,0.0,0.17497921862011637,41,0.0,0.18128409567771717,41,0.0,0.0,True,0.0,False,False,False,0.0,0.0
pytest-dev/pytest,8fcbff8c2cca9760,True,1,1735,True,0.0,0.21152737752161382,25,0.0,0.2195965417867435,27,0.0,0.23515850144092218,29,0.0,0.2523201856148492,28,0.0,0.0,True,0.0,False,False,False,0.0,0.0
pytest-dev/pytest,fba659a65c3f48c4,False,2,535,True,0.0,0.4411214953271028,15,0.0,0.45794392523364486,15,1.0,0.29158878504672897,18,0.0,0.4606741573033708,15,0.0,0.0,True,0.0,False,False,False,0.0,0.0
pytest-dev/pytest,2b3245b80cf7c872,False,1,367,True,0.0,0.1907356948228883,20,0.0,0.18528610354223432,21,0.0,0.17983651226158037,21,0.0,0.1917808219178082,20,0.0,0.0,True,0.0,False,False,False,0.0,0.0
pytest-dev/pytest,689af6a98fad782f,False,1,1103,True,1.0,0.4134179510426111,37,1.0,0.40072529465095197,38,1.0,0.37624660018132366,43,1.0,0.41454545454545455,37,1.0,0.0,True,0.0,False,False,False,1.0,1.0
pytest-dev/pytest,69245648d7ef8d9b,False,2,960,True,1.0,0.32395833333333335,31,1.0,0.31875,34,1.0,0.290625,34,1.0,0.32638164754953075,31,0.0,1.0,True,0.0,False,False,False,1.0,1.0
pytest-dev/pytest,d2a6ab6d6e6d5a81,False,8,1202,True,0.0,0.16722129783693843,35,0.0,0.19550748752079866,37,0.0,0.20881863560732114,38,0.0,0.1799163179916318,36,0.0,0.0,True,0.0,False,False,False,0.0,0.0
pytest-dev/pytest,3a63bf97b1e49a42,False,1,91,True,1.0,0.3956043956043956,5,1.0,0.3956043956043956,5,1.0,0.4175824175824176,5,1.0,0.4044943820224719,4,0.0,0.0,False,0.0,False,False,False,1.0,1.0
pytest-dev/pytest,42fd13a6296dcd0d,False,4,781,True,0.0,0.15492957746478872,20,0.0,0.15364916773367476,22,0.0,0.15620998719590268,22,0.0,0.16449086161879894,21,0.0,0.0,True,0.0,False,False,False,0.0,0.0
pytest-dev/pytest,b9762f58e667c5d1,False,0,1266,True,0.0,0.17772511848341233,32,0.0,0.1943127962085308,30,0.0,0.19036334913112166,32,0.0,0.22531847133757962,33,0.0,0.0,True,0.0,False,False,False,0.0,0.0
pytest-dev/pytest,17544431cfe93ddb,False,3,354,True,0.0,0.21468926553672316,16,0.0,0.2344632768361582,17,0.0,0.24858757062146894,18,0.0,0.21529745042492918,19,0.0,0.5,True,0.0,False,False,False,0.0,0.0
pytest-dev/pytest,7b3ed02bc73dc06b,False,0,164,True,0.0,0.524390243902439,17,0.0,0.5365853658536586,16,0.0,0.5670731707317073,16,0.0,0.524390243902439,17,0.0,0.0,True,0.0,False,False,False,0.0,0.0
EFForg/rayhunter,1e194ed25a7289cf,False,1,113,True,0.0,0.39823008849557523,1,0.0,0.48672566371681414,1,0.0,0.48672566371681414,1,0.0,0.672566371681416,1,0.0,0.0,True,0.0,False,False,False,0.0,0.0
EFForg/rayhunter,3894b6cfd95b8170,False,0,365,True,1.0,0.5260273972602739,2,1.0,0.5589041095890411,2,1.0,0.5534246575342465,2,1.0,0.6318681318681318,2,0.0,0.0,True,0.0,False,False,False,1.0,1.0
EFForg/rayhunter,da4ee170bb582567,True,0,55,True,0.5,0.4,0,0.0,0.509090909090909,1,0.0,0.509090909090909,1,0.0,0.42592592592592593,0,0.0,1.0,True,1.0,False,False,True,0.5,0.0
EFForg/rayhunter,d1c2185f122d71ad,True,0,525,True,0.0,0.6819047619047619,1,1.0,0.7238095238095238,1,1.0,0.7238095238095238,1,1.0,0.9941520467836257,1,0.0,0.0,True,0.0,False,False,False,0.0,1.0
EFForg/rayhunter,d85c143f520da0b7,False,3,616,True,0.0,0.849025974025974,2,0.0,0.8847402597402597,2,0.0,0.887987012987013,2,0.0,0.9901800327332242,2,1.0,0.0,True,1.0,False,False,False,0.0,0.0
EFForg/rayhunter,abdde50129192bbc,False,1,185,True,1.0,0.6702702702702703,4,1.0,0.6594594594594595,5,1.0,0.654054054054054,4,1.0,0.6702702702702703,4,0.0,0.0,True,0.0,False,False,False,1.0,1.0
EFForg/rayhunter,05628a575a926e3a,False,0,166,True,0.0,0.42771084337349397,1,0.0,0.4457831325301205,1,0.0,0.4457831325301205,1,0.0,0.7610062893081762,1,0.0,0.3333333333333333,True,1.0,False,False,False,0.0,0.0
EFForg/rayhunter,4eee91df01b26310,False,0,297,True,1.0,0.9461279461279462,0,1.0,0.98989898989899,1,1.0,0.98989898989899,1,1.0,0.9966329966329966,1,0.0,1.0,True,0.0,False,False,False,1.0,1.0
EFForg/rayhunter,06bed7db2b61ad28,False,1,151,True,0.0,0.7284768211920529,1,0.0,0.7284768211920529,2,0.0,0.7483443708609272,1,0.0,0.847682119205298,2,0.0,0.0,True,0.0,False,False,False,0.0,0.0
EFForg/rayhunter,f8cd0fc9fbbb8070,False,0,29,True,0.0,0.7241379310344828,1,0.0,0.7241379310344828,1,0.0,0.6896551724137931,1,0.0,0.5862068965517241,1,0.0,0.0,True,1.0,False,False,False,0.0,0.0
EFForg/rayhunter,91f57e021e76cc37,False,1,160,True,1.0,0.68125,1,1.0,0.69375,1,1.0,0.69375,1,1.0,0.9545454545454546,1,0.0,0.0,True,0.0,False,False,False,1.0,1.0
EFForg/rayhunter,622fd265ab6fbc5a,False,1,244,True,1.0,0.7090163934426229,2,1.0,0.7418032786885246,2,1.0,0.7459016393442623,2,1.0,0.9590163934426229,2,0.0,0.3333333333333333,True,0.0,False,False,False,1.0,1.0
EFForg/rayhunter,7a43029538a60c97,False,0,105,True,1.0,1.0,0,1.0,1.0,0,1.0,1.0,0,1.0,1.0,0,1.0,0.0,False,0.0,False,False,False,1.0,1.0
EFForg/rayhunter,5a4c030749608304,False,1,527,True,0.0,0.5142314990512334,4,0.0,0.50853889943074,4,0.0,0.4971537001897533,5,0.0,0.5142314990512334,4,0.0,1.0,True,0.0,False,False,False,0.0,0.0
EFForg/rayhunter,d3a256e7abf16a03,True,0,10,True,0.5,0.4,0,0.5,0.4,0,0.0,0.6,0,0.0,0.6,0,1.0,1.0,True,0.0,False,False,True,0.5,0.0
musescore/MuseScore,0efd95ac4ff1f971,True,0,72,True,1.0,1.0,0,0.0,0.6944444444444444,2,0.0,0.5,3,0.0,0.4918032786885246,2,0.0,0.0,True,0.0,False,False,False,1.0,0.0
musescore/MuseScore,dcbf17d1aae09146,True,0,63,True,1.0,1.0,0,0.0,0.5238095238095238,3,0.0,0.4126984126984127,5,0.0,0.4791666666666667,1,1.0,0.5,True,0.0,False,False,False,1.0,0.0
musescore/MuseScore,3134103b843c3e87,False,0,795,True,0.0,0.5836477987421383,7,0.0,0.6025157232704402,7,0.0,0.6238993710691824,6,0.0,0.5836477987421383,7,1.0,0.0,True,0.0,False,False,False,0.0,0.0
musescore/MuseScore,22e02056afb2c77b,True,0,47,True,1.0,1.0,0,0.0,1.0,0,0.0,1.0,0,0.0,1.0,0,0.0,0.0,False,0.0,False,False,False,1.0,0.0
musescore/MuseScore,993bdbc0d091582b,True,1,270,True,0.0,1.0,0,1.0,0.8555555555555555,4,1.0,0.8185185185185185,6,1.0,0.8472906403940886,2,0.0,0.0,True,1.0,False,False,False,0.0,1.0
musescore/MuseScore,5a0882c75c9a2a6c,True,0,34,True,1.0,1.0,0,0.0,0.9117647058823529,0,0.0,0.5294117647058824,0,0.0,0.9032258064516129,0,0.0,0.0,False,0.0,False,False,False,1.0,0.0
musescore/MuseScore,a051eeb63a597e93,False,0,92,True,0.0,0.4891304347826087,3,0.0,0.5,2,0.0,0.4891304347826087,2,0.0,0.5,2,0.0,0.0,True,0.0,False,False,False,0.0,0.0
musescore/MuseScore,f483d496293e3bb8,True,0,84,True,0.0,1.0,0,0.0,0.6785714285714286,1,0.0,0.42857142857142855,1,0.0,0.7058823529411765,1,0.0,0.0,True,0.0,False,False,False,0.0,0.0
musescore/MuseScore,3c50a91c95145de0,True,4,1898,True,0.0,0.9768177028451,3,0.0,0.8319283456269758,7,0.0,0.8082191780821918,14,0.0,0.8240396530359355,7,0.0,0.0,True,0.0,False,False,False,0.0,0.0
musescore/MuseScore,c6b098646bf32c64,True,0,46,True,0.0,1.0,0,0.0,0.6521739130434783,0,0.0,0.6521739130434783,0,0.0,0.6222222222222222,0,0.0,0.0,True,0.0,False,False,False,0.0,0.0
musescore/MuseScore,16301668fbeefe05,True,5,1197,True,0.0,0.7644110275689223,17,0.0,0.33751044277360065,21,0.0,0.2982456140350877,21,0.0,0.33659491193737767,19,0.0,0.0,True,0.0,False,False,False,0.0,0.0
musescore/MuseScore,f53f2bb6c7ec7409,True,0,100,True,0.0,1.0,0,0.0,0.74,4,0.0,0.55,6,0.0,0.6883116883116883,4,0.0,0.5,True,1.0,False,False,False,0.0,0.0
musescore/MuseScore,0df61df04aa67ad1,False,0,271,True,0.0,0.6900369003690037,3,0.0,0.6789667896678967,3,0.0,0.7011070110701108,3,0.0,0.6900369003690037,3,1.0,0.0,True,0.0,False,False,False,0.0,0.0
musescore/MuseScore,fef85e5e5da30eb7,True,0,69,True,1.0,1.0,0,0.0,0.6231884057971014,1,0.0,0.5797101449275363,1,0.0,0.6557377049180327,3,0.0,0.0,True,0.0,False,False,False,1.0,0.0
musescore/MuseScore,1d3a638d3e2855c8,False,1,661,True,0.0,0.5506807866868382,16,0.0,0.5552193645990923,16,0.0,0.56732223903177,16,0.0,0.5552193645990923,16,1.0,1.0,True,0.0,False,False,False,0.0,0.0
musescore/MuseScore,aad69a27cabbdd7f,True,1,57,True,0.0,1.0,0,0.0,0.9122807017543859,2,0.0,0.631578947368421,1,0.0,0.9019607843137255,2,0.0,0.0,True,0.0,False,False,False,0.0,0.0
musescore/MuseScore,ebc2e207d007b8d1,True,6,1699,True,0.0,0.5826957033549146,17,0.0,0.26898175397292523,20,0.0,0.2595644496762802,20,0.0,0.3083554376657825,20,0.0,0.0,True,0.0,False,False,False,0.0,0.0
musescore/MuseScore,27eb734e6b7f4663,True,1,96,True,1.0,1.0,0,0.0,0.9375,3,0.0,0.65625,3,0.0,0.9210526315789473,3,0.0,0.0,False,0.0,False,False,False,1.0,0.0
musescore/MuseScore,5bc5bd2335ab961d,True,0,101,True,0.0,1.0,0,0.0,0.9306930693069307,3,0.0,0.9306930693069307,3,0.0,0.9306930693069307,3,1.0,1.0,True,0.0,False,False,False,0.0,0.0
musescore/MuseScore,292d078bf25fb1c3,True,0,555,True,0.0,1.0,0,0.0,0.8810810810810811,3,0.0,0.8702702702702703,4,0.0,0.8722943722943723,3,0.0,0.0,True,0.0,False,False,False,0.0,0.0
musescore/MuseScore,40e5dfbe4f9e8d87,True,9,766,True,0.0,0.9830287206266318,2,1.0,0.9281984334203656,5,1.0,0.8981723237597912,8,1.0,0.9193302891933028,5,0.0,0.5,True,1.0,False,False,False,0.0,1.0
musescore/MuseScore,ce72a4e79f2a4c68,True,0,114,True,1.0,0.9736842105263158,1,0.0,0.8859649122807017,3,0.0,0.7631578947368421,3,0.0,0.8604651162790697,3,0.0,0.0,True,0.0,False,False,False,1.0,0.0
musescore/MuseScore,a0944b1a8a1e79a7,False,0,118,True,0.0,0.652542372881356,2,0.0,0.6610169491525424,1,0.0,0.6694915254237288,1,0.0,0.6610169491525424,1,0.0,0.0,False,0.0,False,False,False,0.0,0.0
musescore/MuseScore,a118807d79bfa941,False,0,103,True,0.0,0.7475728155339806,4,0.0,0.7572815533980582,3,0.0,0.7572815533980582,3,0.0,0.7572815533980582,3,0.0,0.0,True,0.0,False,False,False,0.0,0.0
jart/cosmopolitan,4c9f756ddf8557aa,False,0,18,True,1.0,1.0,0,1.0,1.0,0,1.0,1.0,0,1.0,1.0,0,1.0,0.0,False,1.0,False,False,False,1.0,1.0
jart/cosmopolitan,ba70cc71dd7ee3cd,False,0,64,True,1.0,0.984375,1,1.0,0.984375,1,1.0,0.984375,1,1.0,1.0,0,1.0,1.0,True,1.0,False,False,False,1.0,1.0
jart/cosmopolitan,ed83c9656640fbb1,False,0,34,True,1.0,0.9705882352941176,1,1.0,0.9705882352941176,1,1.0,0.9705882352941176,1,1.0,1.0,0,1.0,0.0,False,1.0,False,False,False,1.0,1.0
jart/cosmopolitan,542431d197b1c1f0,False,0,51,True,1.0,0.9803921568627451,1,1.0,0.9803921568627451,1,1.0,0.9803921568627451,1,1.0,1.0,0,1.0,1.0,True,1.0,False,False,False,1.0,1.0
jart/cosmopolitan,ad34541c4a5a948e,False,0,73,True,1.0,0.9863013698630136,1,1.0,0.9863013698630136,1,1.0,0.9863013698630136,1,1.0,1.0,0,1.0,0.0,False,1.0,False,False,False,1.0,1.0
angr/angr,e302fd74e5ed45fb,True,0,155,True,0.0,0.2967741935483871,8,0.0,0.3032258064516129,8,0.0,0.3225806451612903,8,0.0,0.34415584415584416,8,1.0,1.0,True,0.0,False,False,False,0.0,0.0
angr/angr,59ad8e01df32fba1,False,0,9,True,0.0,0.6666666666666666,0,0.0,0.7777777777777778,0,0.0,0.7777777777777778,0,0.0,0.875,0,1.0,0.0,False,0.0,False,False,False,0.0,0.0
angr/angr,145a6ce4e2cca4c0,False,0,84,True,0.0,0.32142857142857145,1,0.0,0.6071428571428571,0,0.0,0.6190476190476191,2,0.0,0.38271604938271603,1,1.0,1.0,True,0.0,False,False,False,0.0,0.0
angr/angr,daf659022658dc4a,False,0,58,True,0.0,0.6206896551724138,0,0.0,0.6379310344827587,0,0.0,0.6379310344827587,0,0.0,0.6607142857142857,0,1.0,1.0,True,0.0,False,False,False,0.0,0.0
angr/angr,342ac3a0fe3d19d3,False,6,740,True,1.0,0.5635135135135135,9,1.0,0.6,10,1.0,0.5783783783783784,9,1.0,0.6178861788617886,7,0.0,1.0,True,1.0,False,False,False,1.0,1.0
angr/angr,92eee2d6321fd82e,False,0,262,True,0.0,0.44274809160305345,4,0.0,0.5801526717557252,5,0.0,0.583969465648855,5,0.0,0.47509578544061304,2,1.0,0.0,False,0.0,False,False,False,0.0,0.0
angr/angr,d041c76ce94bf673,False,1,165,True,0.0,0.6848484848484848,4,0.0,0.6909090909090909,4,1.0,0.5272727272727272,4,0.0,0.7073170731707317,3,1.0,0.3333333333333333,True,1.0,False,False,False,0.0,0.0
angr/angr,c6c850658fa19259,False,0,19,True,0.0,0.9473684210526315,0,0.0,0.7894736842105263,0,0.0,0.7894736842105263,0,0.0,0.9473684210526315,0,1.0,0.0,False,0.0,False,False,False,0.0,0.0
angr/angr,b8dfa75bc0fbeb43,False,0,195,True,0.0,0.3076923076923077,6,0.0,0.37948717948717947,6,0.0,0.37435897435897436,7,0.0,0.32989690721649484,6,0.0,1.0,True,0.0,False,False,False,0.0,0.0
angr/angr,793fca15c784dfa9,False,0,73,True,0.0,0.8356164383561644,2,0.0,0.8356164383561644,4,0.0,0.8356164383561644,4,0.0,0.8493150684931506,2,1.0,1.0,True,0.0,False,False,False,0.0,0.0
angr/angr,2b02195709ce37e5,False,0,87,True,0.0,0.8045977011494253,1,0.0,0.8160919540229885,1,0.0,0.8160919540229885,1,0.0,0.9625,1,1.0,1.0,True,0.0,False,False,False,0.0,0.0
angr/angr,3ed244d508a15308,False,0,20,True,0.0,0.4,0,0.0,0.4,0,0.0,0.45,0,0.0,0.45,0,1.0,0.0,False,0.0,False,False,False,0.0,0.0
angr/angr,2a8fbfc0c9e4277e,False,3,1806,True,0.0,0.3001107419712071,24,0.0,0.3167220376522702,26,0.0,0.3133997785160576,25,0.0,0.32075471698113206,22,1.0,1.0,True,1.0,False,False,False,0.0,0.0
angr/angr,fab9d0d7b06fb880,False,0,13,True,0.0,0.6153846153846154,0,0.0,0.7692307692307693,0,0.0,0.7692307692307693,0,0.0,0.8333333333333334,0,1.0,0.0,False,0.0,False,False,False,0.0,0.0
angr/angr,26a696474322cd18,False,0,73,True,0.0,0.5753424657534246,1,0.0,0.5753424657534246,2,0.0,0.5753424657534246,2,0.0,0.589041095890411,1,1.0,0.0,False,0.0,False,False,False,0.0,0.0
angr/angr,60bf27fbf59d8de6,False,0,26,True,0.0,0.6153846153846154,1,0.0,0.6538461538461539,1,0.0,0.6538461538461539,1,0.0,0.6153846153846154,0,1.0,1.0,True,0.0,False,False,False,0.0,0.0
angr/angr,d9f7f17373559379,False,0,64,True,0.0,0.734375,2,0.0,0.734375,3,0.0,0.734375,3,0.0,0.734375,2,1.0,1.0,True,0.0,False,False,False,0.0,0.0
angr/angr,a844f10b709b8e4c,False,0,75,True,0.0,0.36,1,0.0,0.3466666666666667,1,0.0,0.3333333333333333,2,0.0,0.4383561643835616,1,1.0,0.0,False,0.0,False,False,False,0.0,0.0
angr/angr,012877e275730682,False,0,23,True,0.0,0.30434782608695654,0,0.0,0.391304347826087,0,0.0,0.391304347826087,0,0.0,0.4782608695652174,0,1.0,1.0,True,0.0,False,False,False,0.0,0.0
angr/angr,2d9d1e7dfa05726c,False,0,111,True,0.0,0.8018018018018018,3,0.0,0.8018018018018018,4,0.0,0.8198198198198198,4,0.0,0.8198198198198198,3,1.0,1.0,True,0.0,False,False,False,0.0,0.0
angr/angr,aad98a6613bfbe56,False,0,971,True,0.0,0.557157569515963,8,0.0,0.572605561277034,8,0.0,0.4253347064881565,12,0.0,0.6105919003115264,10,0.0,0.5,True,0.0,False,False,False,0.0,0.0
angr/angr,34fcd469a8143807,False,0,18,True,0.0,0.5,0,0.0,0.5,0,0.0,0.5,0,0.0,0.5294117647058824,0,1.0,0.0,False,0.0,False,False,False,0.0,0.0
angr/angr,b607c9305d58c9ad,False,0,514,True,0.0,0.35019455252918286,3,0.0,0.35797665369649806,3,0.0,0.3715953307392996,4,0.0,0.4970414201183432,3,0.0,0.0,True,0.0,False,False,False,0.0,0.0
espressif/esptool,367c1e18b17a2fd2,False,0,187,True,1.0,0.6203208556149733,2,1.0,0.6951871657754011,2,1.0,0.6951871657754011,2,1.0,0.6324324324324324,2,1.0,1.0,True,0.0,False,False,False,1.0,1.0
espressif/esptool,c7840ec0ad4a3408,False,0,120,True,1.0,0.825,0,1.0,0.9166666666666666,0,1.0,0.9166666666666666,0,1.0,0.9166666666666666,0,0.0,0.0,True,0.0,False,False,False,1.0,1.0
espressif/esptool,1900fc97c65c122e,False,0,92,True,0.0,0.9130434782608695,2,0.0,0.9130434782608695,2,0.0,0.9130434782608695,2,0.0,0.9239130434782609,1,1.0,0.0,False,0.0,False,False,False,0.0,0.0
espressif/esptool,58da522d1e636f79,False,0,92,True,0.0,0.9891304347826086,1,0.0,0.9891304347826086,1,0.0,0.9891304347826086,1,0.0,1.0,0,0.0,0.0,True,0.0,False,False,False,0.0,0.0
espressif/esptool,83f6ee4bd55e0078,False,1,311,True,1.0,0.7427652733118971,2,1.0,0.5369774919614148,4,1.0,0.5498392282958199,4,1.0,0.762987012987013,1,1.0,1.0,True,0.0,False,False,False,1.0,1.0
espressif/esptool,554a64b7e7456b1e,False,0,327,True,0.0,0.7247706422018348,2,0.0,0.5137614678899083,2,0.0,0.5290519877675841,3,0.0,0.7370030581039755,1,1.0,0.5,True,0.0,False,False,False,0.0,0.0
espressif/esptool,fb460f25ae8393cc,False,2,245,True,1.0,0.9142857142857143,3,1.0,0.9306122448979591,4,1.0,0.9183673469387755,5,1.0,0.9428571428571428,4,0.0,0.0,True,0.0,False,False,False,1.0,1.0
espressif/esptool,e43e2f259e7570d0,False,0,139,True,1.0,0.7050359712230215,4,1.0,0.7122302158273381,4,1.0,0.7122302158273381,4,1.0,0.8970588235294118,4,0.0,0.0,True,0.0,False,False,False,1.0,1.0
espressif/esptool,dfa4e4b5370e2306,False,0,210,True,0.0,0.6857142857142857,4,0.0,0.6857142857142857,4,0.0,0.7,5,0.0,0.7047619047619048,4,0.0,0.0,True,0.0,False,False,False,0.0,0.0
espressif/esptool,f0411fed3d970717,False,0,92,True,0.0,0.9456521739130435,2,0.0,0.9456521739130435,2,0.0,0.9456521739130435,2,0.0,0.9565217391304348,1,1.0,0.0,False,0.0,False,False,False,0.0,0.0
espressif/esptool,c95296ff1a0b22a4,False,4,1282,True,1.0,0.7956318252730109,4,1.0,0.5499219968798752,4,1.0,0.5132605304212169,7,1.0,0.8073610023492561,3,0.0,1.0,True,0.0,False,False,False,1.0,1.0
espressif/esptool,cd57dea477030ed3,False,4,179,True,0.0,0.4581005586592179,1,0.0,0.4581005586592179,1,0.0,0.43575418994413406,4,0.0,0.4581005586592179,1,0.0,0.0,True,0.0,False,False,False,0.0,0.0
espressif/esptool,b335630551682c19,False,0,22,True,0.5,0.3181818181818182,2,0.5,0.3181818181818182,2,0.5,0.3181818181818182,2,0.5,0.3181818181818182,2,0.0,0.3333333333333333,True,1.0,False,False,False,0.5,0.5
espressif/esptool,98c2014f3e962029,False,0,74,True,1.0,0.8378378378378378,1,1.0,0.8648648648648649,0,1.0,0.8648648648648649,0,1.0,0.8648648648648649,0,0.0,0.0,True,0.0,False,False,False,1.0,1.0
espressif/esptool,d60c04f7d9e2d42e,False,1,144,True,0.0,0.9444444444444444,3,0.0,0.9444444444444444,3,0.0,0.4513888888888889,1,0.0,0.9790209790209791,2,1.0,0.0,True,1.0,False,False,False,0.0,0.0
espressif/esptool,85659c19bafa7223,False,1,373,True,0.0,0.6836461126005362,6,0.0,0.7211796246648794,6,0.0,0.7211796246648794,6,0.0,0.6836461126005362,6,0.0,1.0,True,0.0,False,False,False,0.0,0.0
espressif/esptool,2b57dc540854e646,False,1,185,True,0.0,0.8216216216216217,1,0.0,0.8216216216216217,1,0.0,0.8216216216216217,1,0.0,0.827027027027027,0,1.0,1.0,True,0.0,False,False,False,0.0,0.0
eza-community/eza,1220207ba0c1a5bd,False,0,2156,True,0.0,0.9953617810760668,1,0.0,1.0,0,0.0,1.0,0,0.0,0.9953617810760668,1,0.0,0.0,True,0.0,False,False,False,0.0,0.0
eza-community/eza,205588017feef792,False,0,9,True,0.0,1.0,0,0.0,1.0,0,0.0,1.0,0,0.0,1.0,0,0.0,0.0,False,0.0,False,False,False,0.0,0.0
eza-community/eza,78f98376abb52cf6,False,0,9,True,0.0,1.0,0,0.0,1.0,0,0.0,1.0,0,0.0,1.0,0,0.0,0.0,False,0.0,False,False,False,0.0,0.0
eza-community/eza,7da980f2d716f5ac,False,0,9,True,0.0,1.0,0,0.0,1.0,0,0.0,1.0,0,0.0,1.0,0,0.0,0.0,False,0.0,False,False,False,0.0,0.0
eza-community/eza,8d0a4619aaad896b,False,0,9,True,0.0,1.0,0,0.0,1.0,0,0.0,1.0,0,0.0,1.0,0,0.0,0.0,False,0.0,False,False,False,0.0,0.0
eza-community/eza,fec65aeb99adba9f,False,0,9,True,0.0,1.0,0,0.0,1.0,0,0.0,1.0,0,0.0,1.0,0,0.0,0.0,False,0.0,False,False,False,0.0,0.0
eza-community/eza,da08e1d9cf4734a4,False,0,9,True,0.0,1.0,0,0.0,1.0,0,0.0,1.0,0,0.0,1.0,0,0.0,0.0,False,0.0,False,False,False,0.0,0.0
eza-community/eza,8735ffa81dbfef4d,False,0,9,True,0.0,1.0,0,0.0,1.0,0,0.0,1.0,0,0.0,1.0,0,0.0,0.0,False,0.0,False,False,False,0.0,0.0
eza-community/eza,84c2a3ae38bbef9c,False,0,9,True,0.0,1.0,0,0.0,1.0,0,0.0,1.0,0,0.0,1.0,0,0.0,0.0,False,0.0,False,False,False,0.0,0.0
eza-community/eza,0485a3134f3f1d71,False,0,9,True,0.0,1.0,0,0.0,1.0,0,0.0,1.0,0,0.0,1.0,0,0.0,0.0,False,0.0,False,False,False,0.0,0.0
eza-community/eza,83f5846768bcd45d,False,1,425,True,0.0,0.6423529411764706,15,0.0,0.6588235294117647,16,0.0,0.6776470588235294,17,0.0,0.6453900709219859,15,0.0,0.0,True,0.0,False,False,False,0.0,0.0
eza-community/eza,1f251c58341812a8,False,0,4195,True,0.0,0.999761620977354,1,0.0,0.999761620977354,1,0.0,0.9976162097735399,1,0.0,0.999761620977354,1,0.0,0.0,False,0.0,False,False,False,0.0,0.0
eza-community/eza,b3bd4d459ace56d6,False,0,4195,True,0.0,0.999761620977354,1,0.0,0.999761620977354,1,0.0,0.9976162097735399,1,0.0,0.999761620977354,1,0.0,0.0,False,0.0,False,False,False,0.0,0.0
eza-community/eza,3435f18b1e0dff4d,False,0,3060,True,0.0,1.0,0,0.0,1.0,0,0.0,0.9970588235294118,1,0.0,1.0,0,0.0,0.0,False,0.0,False,False,False,0.0,0.0
eza-community/eza,206b9ce276ab5971,False,0,193,True,0.0,0.9067357512953368,4,0.0,0.8704663212435233,3,0.0,0.8756476683937824,3,0.0,0.9067357512953368,4,1.0,0.0,True,1.0,False,False,False,0.0,0.0
orhun/git-cliff,804180bd3aa987c3,True,3,297,True,0.0,0.8922558922558923,0,1.0,0.9696969696969697,1,1.0,0.9023569023569024,3,1.0,1.0,0,1.0,1.0,True,0.0,False,False,False,0.0,1.0
orhun/git-cliff,df567e9f31214fa9,True,1,67,True,0.0,0.6119402985074627,1,0.0,0.8208955223880597,1,0.0,0.835820895522388,1,0.0,0.8208955223880597,1,0.0,0.0,True,0.0,False,False,False,0.0,0.0
orhun/git-cliff,b803fcb7f17ed923,False,4,243,True,0.0,0.42386831275720166,6,0.0,0.42386831275720166,6,0.0,0.49794238683127573,8,0.0,0.4279835390946502,5,0.0,1.0,True,0.0,False,False,False,0.0,0.0
orhun/git-cliff,cf8bc31787ec4662,True,12,804,True,0.0,0.900497512437811,5,1.0,0.43781094527363185,20,1.0,0.47885572139303484,23,1.0,0.4045393858477971,18,0.0,1.0,True,1.0,False,False,False,0.0,1.0
orhun/git-cliff,1746b3518e922db8,True,4,530,True,0.0,0.6886792452830188,10,1.0,0.40943396226415096,14,1.0,0.4811320754716981,15,1.0,0.36792452830188677,12,0.0,1.0,True,1.0,False,False,False,0.0,1.0
orhun/git-cliff,289f0398791db3a8,True,7,979,True,0.0,0.95097037793667,5,0.0,0.2819203268641471,12,0.0,0.2849846782431052,13,0.0,0.3101851851851852,12,0.0,0.0,True,0.0,False,False,False,0.0,0.0
orhun/git-cliff,26d62ab23081d155,True,4,344,True,0.0,0.7703488372093024,3,0.0,0.7267441860465116,5,0.0,0.7354651162790697,5,0.0,0.7507692307692307,6,0.0,0.0,True,0.0,False,False,False,0.0,0.0
orhun/git-cliff,bbedcd3b835e2aa3,True,2,343,True,0.0,0.673469387755102,5,0.0,0.42565597667638483,17,0.0,0.47230320699708456,16,0.0,0.34110787172011664,17,0.0,0.0,True,0.0,False,False,False,0.0,0.0
orhun/git-cliff,4079b32a57bc47b5,True,1,78,True,0.0,0.8461538461538461,1,1.0,0.8461538461538461,2,1.0,0.8461538461538461,2,1.0,0.8571428571428571,2,0.0,0.25,True,1.0,False,False,False,0.0,1.0
orhun/git-cliff,9d830e0be5fc2013,True,4,377,True,0.0,0.7931034482758621,3,0.0,0.6180371352785146,5,0.0,0.6949602122015915,5,0.0,0.636604774535809,6,0.0,0.0,True,0.0,False,False,False,0.0,0.0
orhun/git-cliff,e8a0d66449fbd6b5,False,1,53,True,1.0,0.7358490566037735,6,1.0,0.7735849056603774,5,1.0,0.7735849056603774,5,1.0,0.7735849056603774,5,1.0,1.0,True,1.0,False,False,False,1.0,1.0
orhun/git-cliff,fb8ea8d3a2eea059,True,5,1022,True,0.0,0.9187866927592955,9,0.0,0.31898238747553814,16,0.0,0.3532289628180039,15,0.0,0.3273871983210913,16,1.0,1.0,True,0.0,False,False,False,0.0,0.0
orhun/git-cliff,1e999f899193674d,True,1,23,True,0.0,0.5652173913043478,1,0.0,0.7391304347826086,1,0.0,0.8260869565217391,1,0.0,0.782608695652174,1,0.0,0.0,True,0.0,False,False,False,0.0,0.0
orhun/git-cliff,f30ef6c50ba991a3,True,0,24,True,0.0,0.6666666666666666,0,0.0,0.875,0,0.0,0.875,0,0.0,0.875,0,0.0,0.0,True,0.0,False,False,False,0.0,0.0
orhun/git-cliff,d6715128f2b8aa1f,True,6,553,True,0.0,0.8209764918625678,7,1.0,0.488245931283906,22,1.0,0.515370705244123,22,1.0,0.5,22,0.0,1.0,True,1.0,False,False,False,0.0,1.0
orhun/git-cliff,12f64353fb3d8cb4,True,1,284,True,0.0,0.897887323943662,1,0.0,0.7112676056338029,9,0.0,0.7394366197183099,9,0.0,0.708185053380783,9,1.0,0.16666666666666666,True,0.0,False,False,False,0.0,0.0
orhun/git-cliff,3f80abb814a55760,True,1,47,True,0.0,0.723404255319149,0,0.0,1.0,0,0.0,1.0,0,0.0,1.0,0,0.0,0.0,False,0.0,False,False,False,0.0,0.0
orhun/git-cliff,09727b604ca12401,True,1,145,True,0.0,0.896551724137931,1,0.0,0.7655172413793103,7,0.0,0.7655172413793103,7,0.0,0.7655172413793103,7,0.0,0.0,True,0.0,False,False,False,0.0,0.0
orhun/git-cliff,56d2e9b48d9c6d1f,True,7,1763,True,0.0,0.9597277368122519,10,0.0,0.4021554169030062,11,0.0,0.6920022688598979,13,0.0,0.39681637293917,9,1.0,0.0,True,0.0,False,False,False,0.0,0.0
orhun/git-cliff,5221aba536953dc0,False,0,9,True,0.0,0.6666666666666666,0,0.0,1.0,0,0.0,1.0,0,0.0,1.0,0,0.0,0.0,True,1.0,False,False,False,0.0,0.0
orhun/git-cliff,a9ca597c71fe138c,True,2,225,True,0.0,0.6533333333333333,0,0.0,0.6711111111111111,2,0.0,0.7066666666666667,2,0.0,0.6948356807511737,3,0.0,0.0,True,0.0,False,False,False,0.0,0.0
orhun/git-cliff,66cced4c6dfbc084,True,2,242,True,0.0,0.640495867768595,1,0.0,0.7892561983471075,3,0.0,0.5206611570247934,2,0.0,0.7931034482758621,3,0.0,0.0,True,0.0,False,False,False,0.0,0.0
mozilla/pdf.js,b3ccd24f3392344e,False,3,472,True,1.0,0.6461864406779662,0,1.0,0.5889830508474576,0,1.0,0.5889830508474576,4,1.0,0.6461864406779662,0,0.0,0.0,True,1.0,False,False,False,1.0,1.0
mozilla/pdf.js,97c3578d396496bd,False,0,90,True,1.0,0.8222222222222222,0,1.0,0.8222222222222222,0,1.0,0.8,2,1.0,0.8222222222222222,0,1.0,1.0,True,1.0,False,False,False,1.0,1.0
mozilla/pdf.js,23805277aa87af17,False,0,296,True,0.0,0.48986486486486486,4,0.0,0.5608108108108109,4,0.0,0.5236486486486487,5,0.0,0.5135135135135135,4,1.0,1.0,True,1.0,False,False,False,0.0,0.0
mozilla/pdf.js,fa6895c9722b3ec2,False,0,555,True,0.0,0.4954954954954955,4,1.0,0.34774774774774775,3,1.0,0.3333333333333333,3,0.0,0.5225225225225225,4,1.0,1.0,True,1.0,False,False,False,0.0,0.0
mozilla/pdf.js,1f75686043cdf035,False,0,934,True,1.0,0.8137044967880086,3,0.0,0.4271948608137045,5,0.0,0.4143468950749465,5,1.0,0.7901498929336188,4,0.0,1.0,True,1.0,False,False,False,1.0,1.0
mozilla/pdf.js,e2d40a65b0f10151,False,1,440,True,0.0,0.7340909090909091,5,0.0,0.43863636363636366,4,0.0,0.4431818181818182,7,0.0,0.7015945330296127,5,1.0,1.0,True,0.0,False,False,False,0.0,0.0
mozilla/pdf.js,1ca289b298a64ee4,False,0,107,True,1.0,0.9158878504672897,2,1.0,0.8691588785046729,3,1.0,0.719626168224299,4,1.0,0.9065420560747663,2,1.0,0.0,False,1.0,False,False,False,1.0,1.0
mozilla/pdf.js,4b728b263d79e162,False,3,1044,True,0.0,0.6159003831417624,6,0.0,0.5555555555555556,5,0.0,0.46455938697318006,7,0.0,0.5574712643678161,6,1.0,0.0,True,0.0,False,False,False,0.0,0.0
mozilla/pdf.js,987d91686287a25a,False,7,342,True,1.0,0.4824561403508772,5,1.0,0.4824561403508772,5,1.0,0.47953216374269003,5,1.0,0.4824561403508772,6,1.0,1.0,True,0.0,False,False,False,1.0,1.0
mozilla/pdf.js,e24e4bd32090b0c4,False,26,3203,True,0.0,0.6237901966906025,34,0.0,0.6222291601623477,38,0.0,0.614423977521074,42,0.0,0.610381488430269,35,1.0,1.0,True,0.0,False,False,False,0.0,0.0
mozilla/pdf.js,397a13bea0419714,False,0,69,True,1.0,0.7246376811594203,0,1.0,0.7246376811594203,0,1.0,0.4057971014492754,3,1.0,0.7246376811594203,0,0.0,0.0,True,1.0,False,False,False,1.0,1.0
mozilla/pdf.js,148dd18f1e2ce2f7,False,6,1027,True,1.0,0.46835443037974683,3,1.0,0.4469328140214216,3,1.0,0.4459591041869523,6,1.0,0.4415204678362573,3,0.0,1.0,True,1.0,False,False,False,1.0,1.0
mozilla/pdf.js,9ef9678300fc8723,False,0,125,True,1.0,0.84,1,1.0,0.76,2,1.0,0.712,4,1.0,0.84,1,0.0,0.0,True,1.0,False,False,False,1.0,1.0
mozilla/pdf.js,3a887818aab376b1,False,0,252,True,1.0,0.373015873015873,6,1.0,0.373015873015873,6,0.0,0.376984126984127,6,1.0,0.3373015873015873,6,1.0,1.0,True,1.0,False,False,False,1.0,1.0
mozilla/pdf.js,343e461034ffe73d,True,0,388,True,1.0,0.5644329896907216,0,1.0,0.45103092783505155,0,1.0,0.45103092783505155,2,0.0,0.5702917771883289,0,1.0,1.0,True,1.0,False,False,False,1.0,0.0
mozilla/pdf.js,e29bf5b2bd451429,False,0,254,True,0.0,0.5826771653543307,1,1.0,0.484251968503937,2,1.0,0.484251968503937,3,0.0,0.5826771653543307,0,1.0,1.0,True,1.0,False,False,False,0.0,0.0
mozilla/pdf.js,71bd9238c62846a5,False,0,93,True,1.0,0.43010752688172044,1,1.0,0.41935483870967744,1,1.0,0.41935483870967744,1,1.0,0.43010752688172044,1,1.0,0.0,False,1.0,False,False,False,1.0,1.0
mozilla/pdf.js,ac6c16cbecb05c3e,False,0,60,True,1.0,1.0,0,1.0,1.0,0,1.0,0.7333333333333333,1,1.0,1.0,0,1.0,0.0,False,1.0,False,False,False,1.0,1.0
mozilla/pdf.js,86a9d31555318b78,False,0,408,True,1.0,0.8088235294117647,2,1.0,0.7303921568627451,3,1.0,0.7230392156862745,7,1.0,0.6075949367088608,2,1.0,1.0,True,1.0,False,False,False,1.0,1.0
mozilla/pdf.js,3a17544c785f8df2,False,0,132,True,1.0,0.6818181818181818,1,1.0,0.6818181818181818,1,1.0,0.6818181818181818,2,1.0,0.6818181818181818,1,0.0,0.0,True,1.0,False,False,False,1.0,1.0
mozilla/pdf.js,28e788fc43e67c19,False,0,152,True,1.0,0.6710526315789473,0,1.0,0.6513157894736842,0,1.0,0.5986842105263158,0,1.0,0.6644736842105263,0,1.0,1.0,True,1.0,False,False,False,1.0,1.0
mozilla/pdf.js,5afa8e81121e5908,False,0,1059,True,1.0,0.9943342776203966,2,1.0,0.9933899905571294,3,1.0,0.45892351274787535,8,1.0,0.9943342776203966,2,1.0,1.0,True,1.0,False,False,False,1.0,1.0
ApeWorX/web3.py,7d395d4ed695958f,False,0,387,True,1.0,0.5710594315245479,7,1.0,0.5684754521963824,7,1.0,0.5400516795865633,7,1.0,0.5922077922077922,8,1.0,1.0,True,1.0,False,False,False,1.0,1.0
ApeWorX/web3.py,4d7a44b8e586862e,False,1,180,True,0.0,0.8444444444444444,3,0.0,0.8444444444444444,3,0.0,0.8277777777777777,3,0.0,0.8444444444444444,3,0.0,0.0,False,0.0,False,False,False,0.0,0.0
ApeWorX/web3.py,ceb791d2f10b1d2a,False,0,57,True,0.0,0.6666666666666666,1,0.0,0.6666666666666666,1,0.0,0.6666666666666666,1,0.0,0.8771929824561403,1,0.0,0.0,False,0.0,False,False,False,0.0,0.0
ApeWorX/web3.py,c902d776bb4f676f,False,0,627,True,0.0,0.7400318979266348,16,0.0,0.7368421052631579,15,0.0,0.7272727272727273,16,0.0,0.7400318979266348,16,0.0,0.0,True,0.0,False,False,False,0.0,0.0
ApeWorX/web3.py,ec90999fae33d709,False,0,342,True,0.0,0.42105263157894735,6,0.0,0.4239766081871345,6,0.0,0.4269005847953216,6,0.0,0.44868035190615835,6,0.0,0.0,True,0.0,False,False,False,0.0,0.0
ApeWorX/web3.py,ee2600075dbc710e,False,0,567,True,0.0,0.9365079365079365,3,0.0,0.9365079365079365,3,0.0,0.9329805996472663,4,0.0,0.9365079365079365,3,0.0,0.0,True,0.0,False,False,False,0.0,0.0
ApeWorX/web3.py,9527e1b0fdc445db,False,0,116,True,0.0,0.6982758620689655,4,0.0,0.6379310344827587,4,0.0,0.6120689655172413,4,0.0,0.7719298245614035,5,0.0,0.0,False,0.0,False,False,False,0.0,0.0
ApeWorX/web3.py,2a9b21171d563c43,False,0,234,True,1.0,0.5256410256410257,0,1.0,0.5256410256410257,0,1.0,0.5726495726495726,0,1.0,0.7198275862068966,1,1.0,1.0,True,1.0,False,False,False,1.0,1.0
ApeWorX/web3.py,6ab4d49ffcc0330f,False,1,135,True,0.0,0.2814814814814815,1,0.0,0.2814814814814815,1,0.0,0.2814814814814815,0,0.0,0.2814814814814815,2,0.0,0.0,True,0.0,False,False,False,0.0,0.0
ApeWorX/web3.py,b3cc3ea40d7f0eb6,False,0,327,True,0.0,0.5535168195718655,4,0.0,0.5871559633027523,4,0.0,0.39143730886850153,4,0.0,0.558641975308642,4,0.0,0.0,True,0.0,False,False,False,0.0,0.0
ApeWorX/web3.py,5babff1912af0ba9,False,0,104,True,1.0,0.6730769230769231,1,1.0,0.7211538461538461,1,1.0,0.7211538461538461,1,1.0,0.9607843137254902,2,1.0,0.5,True,1.0,False,False,False,1.0,1.0
ApeWorX/web3.py,4812d2c5b75a43e2,False,1,256,True,1.0,0.671875,3,1.0,0.671875,3,1.0,0.625,4,1.0,0.671875,3,1.0,1.0,True,1.0,False,False,False,1.0,1.0
ApeWorX/web3.py,6a53e6eb2925b640,True,0,73,True,0.0,0.4246575342465753,2,0.0,0.4246575342465753,2,0.0,0.4520547945205479,2,0.0,0.4027777777777778,1,1.0,1.0,True,1.0,False,False,False,0.0,0.0
ApeWorX/web3.py,03b07e8351adaf48,False,0,65,True,0.0,0.3230769230769231,4,0.0,0.3230769230769231,4,0.0,0.3230769230769231,4,0.0,0.3230769230769231,4,0.0,0.0,False,0.0,False,False,False,0.0,0.0
ApeWorX/web3.py,394ec7774db61ad5,False,0,441,True,0.0,0.4036281179138322,6,0.0,0.42403628117913833,10,0.0,0.3922902494331066,9,0.0,0.44772727272727275,7,0.0,0.0,True,0.0,False,False,False,0.0,0.0
OpenRCT2/OpenRCT2,a000109f3a113922,True,0,34,False,0.5,0.5,0,0.0,0.6764705882352942,2,0.5,0.2647058823529412,4,0.0,0.65625,1,1.0,1.0,True,1.0,False,False,True,0.5,0.0
OpenRCT2/OpenRCT2,7f37ad3d0db709a4,True,0,37,False,1.0,0.5135135135135135,2,0.0,0.4594594594594595,2,1.0,0.24324324324324326,3,0.0,0.4722222222222222,1,1.0,1.0,True,1.0,False,False,False,1.0,0.0
OpenRCT2/OpenRCT2,63c94e6af369d25d,True,0,23,False,1.0,0.43478260869565216,2,0.0,0.2608695652173913,1,0.0,0.2608695652173913,1,0.0,0.2727272727272727,1,1.0,1.0,True,1.0,False,False,False,1.0,0.0
OpenRCT2/OpenRCT2,8f137d5c68fe5bc7,False,1,156,False,0.0,0.36538461538461536,7,0.0,0.23076923076923078,8,0.0,0.23076923076923078,9,0.0,0.36538461538461536,7,0.0,1.0,True,0.0,False,False,False,0.0,0.0
OpenRCT2/OpenRCT2,5c58b4a2d06c6e8f,True,0,45,False,1.0,0.7111111111111111,0,0.0,0.7555555555555555,1,0.0,0.37777777777777777,3,0.0,0.7368421052631579,1,1.0,1.0,True,1.0,False,False,False,1.0,0.0
OpenRCT2/OpenRCT2,af0574fc38bcb63e,False,0,46,False,0.0,0.6739130434782609,3,0.0,0.6739130434782609,3,0.0,0.6304347826086957,4,0.0,0.717391304347826,3,0.0,0.0,False,0.0,False,False,False,0.0,0.0
OpenRCT2/OpenRCT2,42a509814d7563ef,True,0,57,False,1.0,0.6842105263157895,4,0.0,0.3333333333333333,8,0.0,0.3508771929824561,8,0.0,0.28,6,1.0,1.0,True,1.0,False,False,False,1.0,0.0
OpenRCT2/OpenRCT2,df4cda8e532fb115,False,2,1349,False,0.0,0.4729429206819867,20,0.0,0.26167531504818387,26,0.0,0.2698295033358043,27,0.0,0.47516679021497404,20,0.0,0.0,True,0.0,False,False,False,0.0,0.0
OpenRCT2/OpenRCT2,ede2eadcbfad6840,True,0,39,False,1.0,0.5128205128205128,0,0.0,0.6666666666666666,1,1.0,0.2564102564102564,2,0.0,0.6486486486486487,0,1.0,1.0,True,1.0,False,False,False,1.0,0.0
OpenRCT2/OpenRCT2,e3008b88df067f59,True,1,52,False,1.0,0.5192307692307693,1,0.0,0.38461538461538464,3,0.0,0.38461538461538464,3,0.0,0.38,3,1.0,1.0,True,1.0,False,False,False,1.0,0.0
OpenRCT2/OpenRCT2,5f127f3a57789dfe,True,1,210,False,0.0,0.7,4,0.0,0.48095238095238096,9,0.0,0.37142857142857144,11,0.0,0.3945945945945946,11,0.0,0.0,True,0.0,False,False,False,0.0,0.0
OpenRCT2/OpenRCT2,2fc56d4db0db89f7,True,0,109,False,1.0,0.6788990825688074,2,0.0,0.27522935779816515,3,0.0,0.27522935779816515,4,0.0,0.3979591836734694,1,1.0,1.0,True,1.0,False,False,False,1.0,0.0
OpenRCT2/OpenRCT2,f8dd02ec3176674c,False,0,27,False,0.0,0.5555555555555556,0,0.0,0.6666666666666666,3,0.0,0.3333333333333333,4,0.0,0.68,2,1.0,1.0,True,1.0,False,False,False,0.0,0.0
OpenRCT2/OpenRCT2,7f0b621797c59cef,True,0,136,False,0.0,0.6911764705882353,4,0.0,0.6544117647058824,2,0.0,0.2426470588235294,2,0.0,0.5663716814159292,2,0.0,0.0,True,0.0,False,False,False,0.0,0.0
OpenRCT2/OpenRCT2,546b2e39fb9581d2,True,1,115,False,1.0,0.6260869565217392,2,0.0,0.43478260869565216,2,0.0,0.30434782608695654,5,0.0,0.3829787234042553,4,1.0,1.0,True,1.0,False,False,False,1.0,0.0
OpenRCT2/OpenRCT2,66f587f55d898a49,False,0,562,False,0.0,0.6156583629893239,9,0.0,0.8309608540925267,10,0.0,0.8345195729537367,10,0.0,0.6857670979667283,10,1.0,1.0,True,1.0,False,False,False,0.0,0.0
OpenRCT2/OpenRCT2,bad689f6224055ae,True,0,240,False,0.0,0.7416666666666667,5,0.0,0.55,10,0.0,0.32916666666666666,12,0.0,0.5314009661835749,9,0.0,0.0,True,0.0,False,False,False,0.0,0.0
OpenRCT2/OpenRCT2,409710e79c8f2502,True,0,51,False,1.0,0.6470588235294118,0,0.0,0.5294117647058824,4,0.5,0.35294117647058826,3,0.0,0.5102040816326531,3,1.0,1.0,True,1.0,False,False,False,1.0,0.0
OpenRCT2/OpenRCT2,c0ad9b0f1a5389df,True,0,36,False,1.0,0.5555555555555556,0,0.0,0.6944444444444444,1,0.3333333333333333,0.19444444444444445,4,0.0,0.6857142857142857,1,1.0,1.0,True,1.0,False,False,False,1.0,0.0
OpenRCT2/OpenRCT2,b17a789c36ec9b6d,True,0,40,False,1.0,0.475,1,0.0,0.5,1,0.0,0.275,1,0.0,0.5128205128205128,2,0.0,1.0,True,1.0,False,False,False,1.0,0.0
OpenRCT2/OpenRCT2,9f218459938b0d5e,True,0,35,False,1.0,0.5142857142857142,1,0.0,0.4857142857142857,2,0.0,0.22857142857142856,3,0.0,0.48484848484848486,1,1.0,1.0,True,1.0,False,False,False,1.0,0.0
OpenRCT2/OpenRCT2,64f99defadb150f4,True,0,54,False,1.0,0.6296296296296297,6,0.0,0.3148148148148148,8,0.0,0.3148148148148148,8,0.0,0.3,9,1.0,1.0,True,1.0,False,False,False,1.0,0.0
OpenRCT2/OpenRCT2,ce99d95a5f9e3514,True,0,36,False,1.0,0.5,1,0.0,0.4722222222222222,2,0.0,0.2222222222222222,3,0.0,0.4857142857142857,1,1.0,1.0,True,1.0,False,False,False,1.0,0.0
OpenRCT2/OpenRCT2,9bdf88e8ae1c6af1,False,1,213,False,0.0,0.47417840375586856,5,0.0,0.49295774647887325,4,0.0,0.49765258215962443,4,0.0,0.47417840375586856,5,1.0,1.0,True,1.0,False,False,False,0.0,0.0
OpenRCT2/OpenRCT2,60ac30823e669ae8,False,1,173,False,0.0,0.23121387283236994,9,0.0,0.32947976878612717,9,0.0,0.3352601156069364,10,0.0,0.23255813953488372,9,0.0,0.0,True,0.0,False,False,False,0.0,0.0
mlflow/mlflow,6a820cdf558b282a,False,3,422,True,0.0,0.24407582938388625,29,0.0,0.23933649289099526,29,0.0,0.23696682464454977,29,0.0,0.1750599520383693,29,0.0,0.0,True,0.0,False,False,False,0.0,0.0
mlflow/mlflow,c3916c39b6c996ef,False,1,257,True,0.0,0.9844357976653697,3,0.0,0.9844357976653697,3,0.0,0.9883268482490273,2,0.0,0.9844357976653697,3,0.0,0.0,True,0.0,False,False,False,0.0,0.0
mlflow/mlflow,746fba7ff6468236,True,0,363,True,0.0,0.2727272727272727,16,0.0,0.26721763085399447,16,0.0,0.26170798898071623,16,0.0,0.2773109243697479,15,0.0,0.0,True,0.0,False,False,False,0.0,0.0
mlflow/mlflow,baf6cf8fb84256bf,False,12,569,True,0.0,0.39191564147627417,5,0.0,0.3936731107205624,5,0.0,0.437609841827768,5,0.0,0.3968253968253968,5,0.0,0.0,True,0.0,False,False,False,0.0,0.0
mlflow/mlflow,f2a5597331467e7c,False,3,2398,True,0.0,0.23561301084236863,20,0.0,0.23978315262718933,20,0.0,0.29316096747289405,21,0.0,0.2370617696160267,20,1.0,0.0,True,0.0,False,False,False,0.0,0.0
mlflow/mlflow,a6cf2ed01732ba77,False,1,168,True,0.0,0.49404761904761907,4,0.0,0.49404761904761907,4,0.0,0.5238095238095238,6,0.0,0.5059523809523809,3,0.0,0.0,True,1.0,False,False,False,0.0,0.0
mlflow/mlflow,ed4cb9e2102e975d,False,0,40,True,0.0,0.7,2,0.0,0.7,2,0.0,0.7,2,0.0,0.725,2,0.0,0.0,False,0.0,False,False,False,0.0,0.0
mlflow/mlflow,d9cc6298b04ff263,False,3,435,True,0.0,0.5678160919540229,5,0.0,0.5678160919540229,5,0.0,0.6183908045977011,6,0.0,0.5655172413793104,5,0.0,0.0,True,0.0,False,False,False,0.0,0.0
mlflow/mlflow,a7bffc8e5a9a4dd8,False,4,2016,True,0.0,0.3005952380952381,16,0.0,0.3005952380952381,16,0.0,0.27728174603174605,19,0.0,0.30194319880418535,16,0.0,0.0,True,0.0,False,False,False,0.0,0.0
mlflow/mlflow,108cad2b73131d75,False,0,347,True,0.0,0.8213256484149856,4,0.0,0.8213256484149856,4,0.0,0.8587896253602305,5,0.0,0.8405797101449275,5,0.0,0.0,True,0.0,False,False,False,0.0,0.0
mlflow/mlflow,b2bb2288a42a6c65,False,2,434,True,0.0,0.5599078341013825,1,0.0,0.5599078341013825,0,0.0,0.5990783410138248,0,0.0,0.5704387990762124,1,0.0,0.0,True,0.0,False,False,False,0.0,0.0
mlflow/mlflow,ffda7d3f5724f338,False,1,691,True,1.0,0.5542691751085383,11,1.0,0.5600578871201157,11,1.0,0.5774240231548481,14,1.0,0.527536231884058,12,1.0,1.0,True,1.0,False,False,False,1.0,1.0
mlflow/mlflow,9eab333c1373cc5e,False,0,47,True,1.0,0.7021276595744681,0,0.0,0.6170212765957447,0,0.0,0.6382978723404256,1,1.0,0.6086956521739131,0,0.0,0.0,True,1.0,False,False,False,1.0,1.0
frappe/hrms,f01215959c371f9e,False,7,26,True,0.0,0.6538461538461539,0,0.0,0.6923076923076923,0,0.0,0.6923076923076923,0,0.0,1.0,0,0.0,0.0,False,0.0,False,False,False,0.0,0.0
frappe/hrms,0733841e10272a15,False,3,253,True,0.0,0.5019762845849802,4,0.0,0.5019762845849802,4,0.0,0.5059288537549407,4,0.0,0.5119047619047619,4,0.0,0.0,True,0.0,False,False,False,0.0,0.0
frappe/hrms,21b8e502fc990a8f,False,0,107,True,0.0,0.5420560747663551,2,0.0,0.616822429906542,2,0.0,0.5981308411214953,3,0.0,0.8504672897196262,2,0.0,0.0,True,0.0,False,False,False,0.0,0.0
frappe/hrms,7e8a7cd77b1527de,False,1,449,True,0.0,0.3363028953229399,10,0.0,0.3363028953229399,10,0.0,0.3429844097995546,8,0.0,0.336322869955157,9,0.0,0.0,True,0.0,False,False,False,0.0,0.0
frappe/hrms,260af00fa75ce7ea,False,2,29,True,0.0,0.5172413793103449,0,0.0,0.6206896551724138,0,0.0,0.6206896551724138,0,0.0,0.7586206896551724,0,0.0,0.0,False,0.0,False,False,False,0.0,0.0
frappe/hrms,90254cc754049d50,False,4,644,True,0.0,0.717391304347826,0,0.0,0.7763975155279503,0,0.0,0.7763975155279503,0,0.0,1.0,0,0.0,0.0,True,0.0,False,False,False,0.0,0.0
frappe/hrms,de98e62fbdf5b925,False,7,234,True,0.0,0.6068376068376068,8,0.0,0.6068376068376068,8,0.0,0.5897435897435898,9,0.0,0.6137339055793991,7,0.0,0.0,True,0.0,False,False,False,0.0,0.0
frappe/hrms,d6c0882b67ea6b18,False,0,6,True,0.0,0.6666666666666666,0,0.0,0.6666666666666666,0,0.0,0.6666666666666666,0,0.0,0.8333333333333334,0,0.0,0.0,False,0.0,False,False,False,0.0,0.0
frappe/hrms,bf15d12aaefe1ecc,False,1,61,True,0.0,0.4098360655737705,0,0.0,0.4262295081967213,0,0.0,0.4262295081967213,0,0.0,0.4098360655737705,0,0.0,0.0,True,0.0,False,False,False,0.0,0.0
frappe/hrms,870e0cd8c7caa060,False,1,175,True,0.0,0.5942857142857143,8,0.0,0.5314285714285715,9,0.0,0.5314285714285715,9,0.0,0.5942857142857143,8,0.0,0.0,True,0.0,False,False,False,0.0,0.0
frappe/hrms,74247140e890227d,False,1,43,True,0.0,0.4883720930232558,1,0.0,0.4883720930232558,1,0.0,0.46511627906976744,2,0.0,0.6,0,0.0,0.0,True,0.0,False,False,False,0.0,0.0
frappe/hrms,6809bf57e65fda9b,False,31,2665,True,0.0,0.2855534709193246,37,0.0,0.29080675422138835,35,0.0,0.2803001876172608,39,0.0,0.2909090909090909,39,0.0,0.0,True,0.0,False,False,False,0.0,0.0
frappe/hrms,e8b099a16b4e2068,True,2,83,True,0.0,0.4819277108433735,5,0.0,0.4819277108433735,5,0.0,0.39759036144578314,6,0.0,0.27710843373493976,2,0.0,0.0,True,0.0,False,False,False,0.0,0.0
frappe/hrms,137b8c18ce7b4a30,True,5,129,True,0.0,0.3023255813953488,5,0.0,0.31007751937984496,4,0.0,0.2248062015503876,4,0.0,0.46875,6,0.0,0.0,True,0.0,False,False,False,0.0,0.0
frappe/hrms,d205e2dc31389bf5,True,1,48,True,0.0,0.4791666666666667,1,0.0,0.4791666666666667,1,0.0,0.375,1,0.0,0.5,1,0.0,0.0,True,0.0,False,False,False,0.0,0.0
curl/curl,4ba791e486d18e65,False,3,165,True,0.0,0.6666666666666666,8,0.0,0.6606060606060606,8,0.0,0.6848484848484848,7,0.0,0.676829268292683,7,1.0,1.0,True,1.0,False,False,False,0.0,0.0
curl/curl,aaef6e94b186fba5,True,0,58,True,0.0,0.46551724137931033,1,0.0,0.4827586206896552,1,0.0,0.4827586206896552,1,0.5,0.47368421052631576,0,0.0,0.0,True,0.0,False,False,True,0.0,0.5
curl/curl,4b439ae5110d0548,False,0,48,True,0.0,0.8958333333333334,1,0.0,0.8958333333333334,1,0.0,0.8958333333333334,1,0.0,0.9361702127659575,0,1.0,1.0,True,1.0,False,False,False,0.0,0.0
curl/curl,d4ab04ae91f0c62a,False,2,278,True,1.0,0.6330935251798561,4,1.0,0.6151079136690647,4,1.0,0.4892086330935252,7,1.0,0.6353790613718412,3,1.0,1.0,True,0.0,False,False,False,1.0,1.0
curl/curl,1fa4f6e1864b795c,False,0,82,True,1.0,0.6707317073170732,2,1.0,0.5853658536585366,2,1.0,0.573170731707317,2,1.0,0.6790123456790124,1,1.0,1.0,True,1.0,False,False,False,1.0,1.0
curl/curl,9a1e32965cf646d3,False,0,153,True,0.0,0.9803921568627451,3,0.0,0.9803921568627451,3,0.0,0.9803921568627451,3,0.0,0.9869281045751634,2,1.0,1.0,True,1.0,False,False,False,0.0,0.0
curl/curl,3a173a5d426fe403,False,0,466,True,0.0,0.9763948497854077,5,0.0,0.9763948497854077,5,0.0,0.9763948497854077,5,0.0,0.9806451612903225,4,1.0,1.0,True,1.0,False,False,False,0.0,0.0
curl/curl,b5dd6e452d4c1bb2,False,0,69,True,0.0,0.7971014492753623,4,0.0,0.7971014492753623,4,0.0,0.6666666666666666,4,0.0,0.8235294117647058,3,0.0,0.0,True,0.0,False,False,False,0.0,0.0
curl/curl,728b33a7b96719d1,False,0,84,True,0.0,0.8214285714285714,1,0.0,0.8333333333333334,2,0.0,0.8333333333333334,2,0.0,0.8433734939759037,0,1.0,0.0,False,1.0,False,False,False,0.0,0.0
curl/curl,b805b35962f49812,False,4,680,True,0.0,0.6705882352941176,5,0.0,0.6691176470588235,5,0.0,0.6647058823529411,6,0.0,0.6715758468335787,4,0.0,0.0,True,1.0,False,False,False,0.0,0.0
curl/curl,724bde41cdfd7fca,False,2,118,True,0.0,0.711864406779661,6,0.0,0.7627118644067796,5,0.0,0.7796610169491526,5,0.0,0.7264957264957265,5,0.0,0.0,False,1.0,False,False,False,0.0,0.0
curl/curl,8d7278ccea83f4d9,False,0,297,True,0.0,0.7777777777777778,3,0.0,0.7777777777777778,3,0.0,0.7777777777777778,3,0.0,0.7804054054054054,2,0.0,0.0,True,1.0,False,False,False,0.0,0.0
curl/curl,785f1c0cce166c4b,False,1,87,True,0.0,0.7241379310344828,2,0.0,0.7701149425287356,2,0.0,0.6436781609195402,2,0.0,0.7441860465116279,1,1.0,1.0,True,1.0,False,False,False,0.0,0.0
curl/curl,b297ec2c9ca4bb1d,False,0,41,True,0.0,0.5853658536585366,1,0.0,0.5853658536585366,1,0.0,0.34146341463414637,1,0.0,0.625,0,1.0,1.0,True,1.0,False,False,False,0.0,0.0
curl/curl,b855f7d5309d5d39,False,2,379,True,0.0,0.6728232189973615,9,0.0,0.6754617414248021,9,0.0,0.633245382585752,8,0.0,0.6772486772486772,8,0.0,0.0,True,1.0,False,False,False,0.0,0.0
curl/curl,67c15a9684a0d3aa,False,2,236,True,0.0,0.8940677966101694,10,0.0,0.8940677966101694,9,0.0,0.8728813559322034,9,0.0,0.902127659574468,9,0.0,0.0,True,1.0,False,False,False,0.0,0.0
curl/curl,5bb8cf98a47b4137,False,2,288,True,0.0,0.4791666666666667,11,0.0,0.4791666666666667,11,0.0,0.5034722222222222,11,0.0,0.4843205574912892,10,0.0,0.0,True,1.0,False,False,False,0.0,0.0
curl/curl,792293704caea4bd,False,1,53,True,0.0,0.8113207547169812,2,0.0,0.8113207547169812,2,0.0,0.8113207547169812,2,0.0,0.8461538461538461,1,0.0,0.0,False,1.0,False,False,False,0.0,0.0
curl/curl,3b30dc363c1e6e24,False,0,99,True,0.0,0.696969696969697,2,0.0,0.7272727272727273,2,0.0,0.6161616161616161,2,0.0,0.7142857142857143,1,1.0,1.0,True,1.0,False,False,False,0.0,0.0
curl/curl,84a778a89cff2b0b,False,1,78,True,0.0,0.9230769230769231,1,0.0,0.9102564102564102,1,0.0,0.9102564102564102,1,0.0,0.948051948051948,0,1.0,1.0,True,1.0,False,False,False,0.0,0.0
curl/curl,9023ed18171e71be,False,1,38,True,0.0,0.8157894736842105,0,0.0,0.8157894736842105,0,0.0,0.8157894736842105,0,0.0,0.8648648648648649,0,0.0,0.0,False,1.0,False,False,False,0.0,0.0
curl/curl,988dfd4c33e8daec,False,1,167,True,0.0,0.6107784431137725,4,0.0,0.8982035928143712,4,0.0,0.8982035928143712,4,0.0,0.6204819277108434,3,1.0,1.0,True,1.0,False,False,False,0.0,0.0
curl/curl,acf0184350a031e8,False,4,503,True,0.0,0.3658051689860835,8,0.0,0.37375745526838966,9,0.0,0.3518886679920477,10,0.0,0.3665338645418327,7,1.0,1.0,True,1.0,False,False,False,0.0,0.0
python-trio/trio,97dc963d68cd216b,False,1,170,True,0.0,0.5176470588235295,6,0.0,0.5117647058823529,6,0.0,0.5470588235294118,6,0.0,0.5502958579881657,4,0.0,0.0,True,0.0,False,False,False,,
python-trio/trio,76551f8b0157b985,False,0,908,True,0.0,0.6376651982378855,17,0.0,0.6442731277533039,18,0.0,0.6817180616740088,17,0.0,0.6376651982378855,18,0.0,0.0,True,1.0,False,False,False,0.0,0.0
python-trio/trio,4891ad5da1087733,False,0,289,True,0.0,0.5536332179930796,3,0.0,0.5536332179930796,3,0.0,0.5536332179930796,3,0.0,0.5729166666666666,2,0.0,0.0,True,0.0,False,False,False,,
python-trio/trio,577eb26efa2d1664,True,2,602,True,0.0,0.6046511627906976,6,0.0,0.606312292358804,6,0.0,0.7126245847176079,6,0.0,0.8369384359400999,6,0.0,0.5,True,1.0,False,False,True,0.0,0.0
python-trio/trio,11f0c5aa069b7fc1,False,0,1021,True,0.0,0.4681684622918707,2,0.0,0.4603330068560235,2,0.0,0.4476003917727718,2,0.0,0.4681684622918707,2,1.0,0.0,True,1.0,False,False,False,0.0,0.0
python-trio/trio,dec295f89f184bf7,False,0,1255,True,0.0,0.5872509960159362,22,0.0,0.5976095617529881,22,0.0,0.6063745019920319,22,0.0,0.5953711093375897,22,0.0,0.0,True,1.0,False,False,False,0.0,0.0
python-trio/trio,be5a638535daddaa,False,0,950,True,0.0,0.7336842105263158,6,0.0,0.7494736842105263,6,0.0,0.7547368421052632,6,0.0,0.7584388185654009,6,1.0,0.0,True,0.0,False,False,False,0.0,0.0
python-trio/trio,4d2d408dce9b1832,False,0,397,True,0.0,0.7052896725440806,9,0.0,0.7178841309823678,9,0.0,0.72544080604534,9,0.0,0.7128463476070529,9,0.0,0.0,True,0.0,False,False,False,0.0,0.0
python-trio/trio,44e9bee0178d023f,False,0,625,True,0.0,0.408,8,0.0,0.408,8,0.0,0.408,9,0.0,0.4096,8,0.0,0.0,True,0.0,False,False,False,0.0,0.0
python-trio/trio,725372af96c0246c,False,0,390,True,0.0,0.41794871794871796,3,0.0,0.41794871794871796,3,0.0,0.44871794871794873,3,0.0,0.41794871794871796,4,0.0,0.0,True,0.0,False,False,False,0.0,0.0
python-trio/trio,00e4133823bf6920,True,0,1325,True,0.0,0.37660377358490565,18,0.0,0.41735849056603774,16,0.0,0.4377358490566038,18,0.0,0.3950151057401813,21,0.0,0.0,True,1.0,False,False,False,0.0,0.0
python-trio/trio,bc57873daa35174b,False,0,229,True,0.0,0.759825327510917,3,0.0,0.759825327510917,3,0.0,0.7467248908296943,4,0.0,0.7685589519650655,3,1.0,1.0,True,1.0,False,False,False,0.0,0.0
python-trio/trio,02709ab45fbc2ba5,False,0,387,True,0.0,0.710594315245478,6,0.0,0.710594315245478,6,0.0,0.8268733850129198,6,0.0,0.7150259067357513,5,0.0,0.0,False,1.0,False,False,False,0.0,0.0
python-trio/trio,cee7cc0c30d1205f,False,1,246,True,0.0,0.9024390243902439,2,0.0,0.9024390243902439,2,0.0,0.9024390243902439,2,0.0,0.9146341463414634,2,1.0,0.5,True,1.0,False,False,False,0.0,0.0
python-trio/trio,7f4bab82707ef666,False,0,187,True,0.0,0.6951871657754011,3,0.0,0.6951871657754011,3,0.0,0.7005347593582888,3,0.0,0.6989247311827957,3,0.0,0.0,True,0.0,False,False,False,0.0,0.0
python-trio/trio,4209f1aaae926b26,False,1,280,True,0.0,0.45714285714285713,5,0.0,0.4714285714285714,7,0.0,0.4642857142857143,7,0.0,0.45714285714285713,5,1.0,0.0,True,1.0,False,False,False,0.0,0.0
python-trio/trio,8a8b9476d4a5133e,False,0,1174,True,0.0,0.3100511073253833,13,0.0,0.3100511073253833,13,0.0,0.3492333901192504,13,0.0,0.3100511073253833,13,0.0,0.0,True,1.0,False,False,False,0.0,0.0
python-trio/trio,2855df450ff9b827,False,0,513,True,0.0,0.6510721247563352,7,0.0,0.6296296296296297,7,0.0,0.6296296296296297,7,0.0,0.65234375,6,0.0,0.0,True,1.0,False,False,False,0.0,0.0
GoogleCloudPlatform/generative-ai,66d6485a95851ae2,False,0,157,True,0.0,0.9363057324840764,1,0.0,0.9299363057324841,1,0.0,0.910828025477707,1,0.0,0.8451612903225807,1,0.0,0.0,True,0.0,False,False,False,0.0,0.0
GoogleCloudPlatform/generative-ai,f7ee94e9fd1de33d,False,0,86,True,0.0,0.9651162790697675,1,0.0,0.9651162790697675,1,0.0,0.9651162790697675,1,0.0,0.9883720930232558,1,1.0,1.0,True,1.0,False,False,False,0.0,0.0
GoogleCloudPlatform/generative-ai,789ffce310fb227e,False,1,275,True,0.0,0.9963636363636363,1,0.0,0.9963636363636363,1,0.0,0.9963636363636363,1,0.0,1.0,0,0.0,0.0,False,1.0,False,False,False,0.0,0.0
GoogleCloudPlatform/generative-ai,175c0db472664205,False,0,57,True,0.0,0.9473684210526315,0,0.0,0.9473684210526315,0,0.0,0.9824561403508771,1,0.0,0.9821428571428571,1,1.0,1.0,True,1.0,False,False,False,0.0,0.0
GoogleCloudPlatform/generative-ai,f88197fa20ddc2e6,False,1,1075,True,0.0,0.9544186046511628,1,0.0,0.9553488372093023,1,0.0,0.9553488372093023,1,0.0,0.9821260583254939,1,1.0,1.0,True,1.0,False,False,False,0.0,0.0
GoogleCloudPlatform/generative-ai,d99b71de134ba9b5,True,1,1827,True,0.0,0.9841269841269841,1,1.0,0.9846743295019157,2,1.0,0.9841269841269841,3,0.0,0.9835526315789473,2,1.0,1.0,True,1.0,False,False,False,0.0,0.0
GoogleCloudPlatform/generative-ai,7a67f925c5e989e3,False,1,958,True,1.0,0.9947807933194155,1,1.0,0.9947807933194155,1,1.0,0.9937369519832986,2,1.0,0.9947145877378436,1,1.0,1.0,True,1.0,False,False,False,1.0,1.0
GoogleCloudPlatform/generative-ai,452aa9aee6d65597,False,0,78,True,0.0,0.8974358974358975,1,0.0,0.8974358974358975,1,0.0,0.8974358974358975,1,0.0,0.8974358974358975,1,1.0,1.0,True,1.0,False,False,False,0.0,0.0
GoogleCloudPlatform/generative-ai,1cab53446b27fbe8,False,1,740,True,0.0,0.9459459459459459,2,0.0,0.8918918918918919,4,0.0,0.904054054054054,4,0.0,0.9848901098901099,2,1.0,1.0,True,1.0,False,False,False,0.0,0.0
GoogleCloudPlatform/generative-ai,4a1b6783c0f920da,False,0,119,True,0.0,0.9831932773109243,1,0.0,0.9831932773109243,1,0.0,0.9831932773109243,1,0.0,1.0,0,0.0,0.0,False,1.0,False,False,False,0.0,0.0
GoogleCloudPlatform/generative-ai,43eebf69297805dd,True,1,929,True,1.0,0.876210979547901,2,1.0,0.8719052744886975,5,1.0,0.868675995694295,6,0.0,0.5675675675675675,2,0.0,1.0,True,1.0,False,False,False,1.0,0.0
GoogleCloudPlatform/generative-ai,ff35278738f143bc,False,2,1187,True,1.0,0.6234203875315922,5,1.0,0.5644481887110362,6,0.0,0.5155855096882898,6,1.0,0.6093617021276596,4,1.0,1.0,True,1.0,False,False,False,1.0,1.0
GoogleCloudPlatform/generative-ai,35293591f1bd3315,False,0,22,True,0.0,0.8636363636363636,0,0.0,0.8636363636363636,0,0.0,0.8636363636363636,0,0.0,1.0,0,0.0,0.0,False,1.0,False,False,False,0.0,0.0
GoogleCloudPlatform/generative-ai,8a1417683de5f338,False,0,417,True,0.0,0.9928057553956835,1,0.0,0.9928057553956835,1,0.0,0.9928057553956835,1,0.0,1.0,0,0.0,0.0,True,0.0,False,False,False,0.0,0.0
GoogleCloudPlatform/generative-ai,de4ba2d49ff4badd,False,0,109,True,0.0,0.7798165137614679,0,0.0,0.7889908256880734,0,0.0,0.7889908256880734,0,0.0,0.8207547169811321,1,1.0,1.0,True,1.0,False,False,False,0.0,0.0
GoogleCloudPlatform/generative-ai,919442c27bcecf95,False,0,117,True,0.0,0.9316239316239316,6,0.0,0.9316239316239316,6,0.0,0.9316239316239316,6,0.0,0.9230769230769231,6,0.0,0.0,True,0.0,False,False,False,0.0,0.0
GoogleCloudPlatform/generative-ai,72599c9dc26becfd,True,1,1641,True,1.0,0.9975624619134674,1,0.0,0.9524680073126143,1,0.0,0.95551492992078,5,0.0,0.9812646370023419,1,1.0,1.0,True,1.0,False,False,False,1.0,0.0
GoogleCloudPlatform/generative-ai,a575bd1ccd029bdd,True,1,730,True,1.0,0.9904109589041096,1,0.0,0.6534246575342466,0,0.0,0.6657534246575343,1,0.0,0.7665562913907285,0,1.0,1.0,True,1.0,False,False,False,1.0,0.0
GoogleCloudPlatform/generative-ai,3506094c22b700ea,True,1,534,True,0.0,0.9213483146067416,1,0.0,0.5767790262172284,2,0.0,0.5767790262172284,2,0.0,0.5322128851540616,2,1.0,1.0,True,1.0,False,False,False,0.0,0.0
GoogleCloudPlatform/generative-ai,addfc15e552808e8,False,0,32,True,0.0,0.65625,0,0.0,0.90625,0,0.0,0.90625,0,0.0,1.0,0,0.0,0.0,False,1.0,False,False,False,0.0,0.0
Bogdanp/dramatiq,6e5870ec7038a9b8,False,2,589,True,0.0,0.46519524617996605,9,0.0,0.47877758913412566,9,0.0,0.4855687606112054,9,0.0,0.4794520547945205,8,1.0,1.0,True,1.0,False,False,False,0.0,0.0
Bogdanp/dramatiq,701350f004ec952e,False,0,382,True,0.0,0.3036649214659686,4,0.0,0.3036649214659686,4,0.0,0.4476439790575916,5,0.0,0.30446194225721784,3,0.0,0.0,True,0.0,False,False,False,0.0,0.0
Bogdanp/dramatiq,cc4d5d5fbd9f7536,False,0,46,True,0.0,0.8043478260869565,1,0.0,0.8043478260869565,1,0.0,0.8043478260869565,1,0.0,0.9130434782608695,2,0.0,0.5,True,1.0,False,False,False,0.0,0.0
Bogdanp/dramatiq,7747ed65a42bd4b5,False,1,431,True,0.0,0.6241299303944315,9,0.0,0.6403712296983759,9,0.0,0.642691415313225,9,0.0,0.6441860465116279,8,0.0,0.0,True,1.0,False,False,False,0.0,0.0
Bogdanp/dramatiq,2f2a8fb86cc20bd4,False,0,17,True,0.0,0.8235294117647058,0,0.0,0.8235294117647058,0,0.0,0.8235294117647058,0,0.0,1.0,0,0.0,0.0,False,0.0,False,False,False,0.0,0.0
Bogdanp/dramatiq,0a5bd8c62cfd4aa8,False,2,43,True,0.0,0.813953488372093,2,0.0,0.813953488372093,2,0.0,0.813953488372093,2,0.0,0.8604651162790697,1,1.0,1.0,True,1.0,False,False,False,0.0,0.0
Bogdanp/dramatiq,e7762ab76efb9a4d,False,2,477,True,0.0,0.6960167714884696,3,0.0,0.6960167714884696,3,0.0,0.7819706498951782,4,0.0,0.6981132075471698,2,1.0,1.0,True,1.0,False,False,False,0.0,0.0
Bogdanp/dramatiq,73ebb8c3b1b4e359,False,1,692,True,0.0,0.4754335260115607,17,0.0,0.48121387283236994,17,0.0,0.3106936416184971,19,0.0,0.5391304347826087,18,1.0,0.0,True,1.0,False,False,False,0.0,0.0
Bogdanp/dramatiq,ebaebbd5b4345264,False,3,630,True,0.0,0.5682539682539682,14,0.0,0.5968253968253968,15,0.0,0.6238095238095238,16,0.0,0.6428571428571429,15,1.0,1.0,True,1.0,False,False,False,0.0,0.0
Bogdanp/dramatiq,7400addaba258d69,False,1,67,True,0.0,0.5373134328358209,2,0.0,0.44776119402985076,2,0.0,0.44776119402985076,2,0.0,0.5522388059701493,1,1.0,1.0,True,1.0,False,False,False,0.0,0.0
Cog-Creators/Red-DiscordBot,e9c14139daf4f42f,False,0,945,True,0.0,0.6253968253968254,17,0.0,0.6423280423280423,18,0.0,0.6476190476190476,18,0.0,0.6264550264550265,17,0.0,0.0,True,0.0,False,False,False,0.0,0.0
Cog-Creators/Red-DiscordBot,42635903383e7810,False,0,491,True,0.0,0.8105906313645621,3,0.0,0.8126272912423625,3,0.0,0.8065173116089613,4,0.0,0.8105906313645621,3,1.0,1.0,True,1.0,False,False,False,0.0,0.0
Cog-Creators/Red-DiscordBot,83d5433d650bcca6,False,0,1039,True,0.0,0.2598652550529355,20,0.0,0.3474494706448508,21,0.0,0.22810394610202117,26,0.0,0.2598652550529355,20,0.0,0.0,True,0.0,False,False,False,0.0,0.0
Cog-Creators/Red-DiscordBot,4b652aae4e8f6cdc,False,0,165,True,0.0,0.4909090909090909,0,0.0,0.4909090909090909,0,0.0,0.4909090909090909,0,0.0,0.6064516129032258,0,0.0,0.0,False,1.0,False,False,False,0.0,0.0
Cog-Creators/Red-DiscordBot,e52e4ddd58b7ef88,False,0,38,True,0.0,0.7105263157894737,0,0.0,0.7368421052631579,0,0.0,0.7368421052631579,0,0.0,0.7105263157894737,0,1.0,0.0,False,1.0,False,False,False,0.0,0.0
Cog-Creators/Red-DiscordBot,85933aa74a2d66c3,False,0,287,True,0.0,0.5087108013937283,6,0.0,0.5087108013937283,6,0.0,0.5087108013937283,6,0.0,0.6302816901408451,6,1.0,1.0,True,1.0,False,False,False,0.0,0.0
Cog-Creators/Red-DiscordBot,db8142f6e287b829,False,0,1029,True,0.0,0.20505344995140914,23,0.0,0.1924198250728863,23,0.0,0.16909620991253643,22,0.0,0.20294117647058824,23,0.0,0.0,False,0.0,False,False,False,0.0,0.0
Cog-Creators/Red-DiscordBot,b096295360d8e65a,False,0,9,True,0.0,0.6666666666666666,0,0.0,0.6666666666666666,0,0.0,0.6666666666666666,0,0.0,0.6666666666666666,0,0.0,0.0,False,1.0,False,False,False,0.0,0.0
Cog-Creators/Red-DiscordBot,ce04c1a11ccfeffd,False,0,58,True,0.0,0.6551724137931034,0,0.0,0.6551724137931034,0,0.0,0.6551724137931034,0,0.0,0.6551724137931034,0,0.0,0.0,False,1.0,False,False,False,0.0,0.0
astropy/astropy,70b96f14d8274d16,False,1,158,True,0.0,0.24050632911392406,3,0.0,0.1962025316455696,2,0.0,0.2088607594936709,2,0.0,0.24516129032258063,2,0.0,0.0,True,0.0,False,False,False,0.0,0.0
astropy/astropy,9a06664d77459769,False,2,900,True,0.0,0.5811111111111111,18,0.0,0.5922222222222222,18,0.0,0.62,19,0.0,0.6318131256952169,18,0.0,0.0,True,0.0,False,False,False,0.0,0.0
astropy/astropy,07329646568d07a8,False,1,147,True,0.0,0.6394557823129252,5,0.0,0.673469387755102,5,0.0,0.673469387755102,5,0.0,0.8972602739726028,5,0.0,0.0,False,0.0,False,False,False,0.0,0.0
astropy/astropy,d0823a6c6aeab338,True,3,1750,True,0.0,0.2702857142857143,20,0.0,0.2102857142857143,20,0.0,0.20914285714285713,20,0.0,0.20172413793103447,21,0.0,0.0,True,0.0,False,False,False,0.0,0.0
astropy/astropy,359f80a7abd327f2,False,2,1292,True,0.0,0.28328173374613,18,0.0,0.3111455108359133,19,0.0,0.3204334365325077,19,0.0,0.3222049689440994,19,0.0,0.0,True,0.0,False,False,False,0.0,0.0
astropy/astropy,1d709120f5a5eb6c,False,1,1662,True,0.0,0.3844765342960289,25,0.0,0.3983152827918171,24,0.0,0.42358604091456076,24,0.0,0.488245931283906,29,0.0,0.0,True,0.0,False,False,False,0.0,0.0
astropy/astropy,45748da81b7ec465,False,1,444,True,1.0,0.43243243243243246,8,1.0,0.4346846846846847,8,1.0,0.5247747747747747,8,1.0,0.47072072072072074,6,1.0,1.0,True,0.0,False,False,False,1.0,1.0
astropy/astropy,5819981cb0e35120,False,0,267,True,0.0,0.2546816479400749,10,0.0,0.22846441947565543,9,0.0,0.250936329588015,9,0.0,0.32452830188679244,9,0.0,0.0,False,0.0,False,False,False,0.0,0.0
astropy/astropy,2fd4e6a12118bc4b,True,2,283,True,0.0,0.23674911660777384,6,0.0,0.24381625441696114,6,0.0,0.24734982332155478,6,0.0,0.24731182795698925,7,0.0,0.0,False,0.0,False,False,False,0.0,0.0
astropy/astropy,91a40bcf6139adba,False,6,1505,True,0.0,0.6717607973421927,17,0.0,0.6810631229235881,15,0.0,0.6850498338870432,15,0.0,0.7638425617078052,19,0.0,0.0,True,0.0,False,False,False,0.0,0.0
astropy/astropy,d764ef232c437cb6,False,2,570,True,0.0,0.6666666666666666,13,0.0,0.6807017543859649,13,0.0,0.35789473684210527,13,0.0,0.708994708994709,16,0.0,0.0,True,0.0,False,False,False,0.0,0.0
astropy/astropy,bbb7b44806683afa,False,2,656,True,0.0,0.7057926829268293,11,0.0,0.6920731707317073,11,0.0,0.6509146341463414,13,0.0,0.7343511450381679,12,0.0,0.0,True,0.0,False,False,False,0.0,0.0
astropy/astropy,c0450b28b8368b89,True,0,223,True,0.0,0.2914798206278027,9,0.0,0.29596412556053814,9,0.0,0.336322869955157,9,0.0,0.26146788990825687,11,0.0,0.0,True,0.0,False,False,False,0.0,0.0
astropy/astropy,96a278ad1b18a526,True,2,1001,True,0.0,0.5224775224775224,15,0.0,0.4565434565434565,15,0.0,0.46053946053946054,16,1.0,0.3081695966907963,14,0.0,0.0,True,0.0,False,False,False,0.0,1.0
astropy/astropy,e6e5cb63f7c4d748,False,0,189,True,0.0,0.19576719576719576,10,0.0,0.20634920634920634,10,0.0,0.19576719576719576,10,0.0,0.22994652406417113,10,0.0,0.0,True,0.0,False,False,False,0.0,0.0
astropy/astropy,59e3733d25622076,False,1,61,True,0.0,0.7704918032786885,1,0.0,0.7704918032786885,1,0.0,0.8032786885245902,2,0.0,0.9180327868852459,1,0.0,0.0,False,0.0,False,False,False,0.0,0.0
lllyasviel/stable-diffusion-webui-forge,ed3ee7e0beea2498,False,0,199,True,0.0,0.8040201005025126,2,0.0,0.2914572864321608,5,0.0,0.3065326633165829,5,0.0,0.8040201005025126,2,0.0,0.0,True,0.0,False,False,False,0.0,0.0
lllyasviel/stable-diffusion-webui-forge,c766c825471943c0,False,1,647,True,0.0,0.4884080370942813,4,0.0,0.4281298299845441,5,0.0,0.4126738794435858,5,0.0,0.511326860841424,6,0.0,0.0,True,0.0,False,False,False,0.0,0.0
lllyasviel/stable-diffusion-webui-forge,479163685bafaa4c,True,0,148,True,0.0,0.5540540540540541,1,0.0,0.5067567567567568,3,0.0,0.5337837837837838,3,0.0,0.671875,4,0.0,0.0,True,0.0,False,False,False,0.0,0.0
lllyasviel/stable-diffusion-webui-forge,18be4c015525ceca,True,0,62,True,0.0,0.9354838709677419,0,0.0,0.5483870967741935,0,0.0,0.5483870967741935,0,0.0,1.0,0,0.0,0.0,False,0.0,False,False,False,0.0,0.0
lllyasviel/stable-diffusion-webui-forge,6b4ebcade51d2d3d,False,0,130,True,0.0,0.36153846153846153,4,0.0,0.5153846153846153,5,0.0,0.5153846153846153,4,0.0,0.5078125,4,0.0,0.0,True,0.0,False,False,False,0.0,0.0
lllyasviel/stable-diffusion-webui-forge,57519d79eb8fca0c,True,0,176,True,0.0,0.9147727272727273,1,0.0,0.5681818181818182,2,0.0,0.5681818181818182,2,0.0,0.7841726618705036,1,0.0,0.0,False,0.0,False,False,False,0.0,0.0
lllyasviel/stable-diffusion-webui-forge,362e762d8b52142b,True,0,262,True,0.0,0.42748091603053434,6,0.0,0.3435114503816794,7,0.0,0.33587786259541985,7,0.0,0.48659003831417624,7,0.0,0.0,True,0.0,False,False,False,0.0,0.0
lllyasviel/stable-diffusion-webui-forge,856997acd716f8f4,False,0,193,True,0.0,0.5595854922279793,5,0.0,0.694300518134715,5,0.0,0.6632124352331606,5,0.0,0.9105263157894737,7,0.0,0.0,True,0.0,False,False,False,0.0,0.0
lllyasviel/stable-diffusion-webui-forge,c888caf5f8628b5c,True,1,113,True,0.0,0.9380530973451328,0,0.0,0.5575221238938053,0,0.0,0.5575221238938053,0,0.0,0.3953488372093023,0,0.0,0.0,False,0.0,False,False,False,0.0,0.0
lllyasviel/stable-diffusion-webui-forge,e9a27408b64265e3,False,1,53,True,0.0,0.5660377358490566,3,0.0,0.5849056603773585,3,0.0,0.5849056603773585,3,0.0,0.5849056603773585,3,0.0,0.0,True,0.0,False,False,False,0.0,0.0
lllyasviel/stable-diffusion-webui-forge,fe2129c140fc5cff,False,2,431,True,0.0,0.4965197215777262,12,0.0,0.5846867749419954,12,0.0,0.5777262180974478,13,0.0,0.7162790697674418,14,0.0,0.0,True,0.0,False,False,False,0.0,0.0
fivetran/great_expectations,fc7c26be6be6e59a,False,0,120,True,0.0,0.625,3,0.0,0.6416666666666667,3,0.0,0.6333333333333333,4,0.0,0.6416666666666667,3,0.0,0.0,False,0.0,False,False,False,0.0,0.0
fivetran/great_expectations,bd1e298e7d97c540,False,1,878,True,0.0,0.2824601366742597,15,0.0,0.27790432801822323,15,0.0,0.2517084282460137,15,0.0,0.23831242873432154,15,1.0,0.0,True,0.0,False,False,False,0.0,0.0
fivetran/great_expectations,f8cefece473bfad6,False,0,443,True,0.0,0.9209932279909706,5,0.0,0.9209932279909706,5,0.0,0.9322799097065463,5,0.0,0.9478458049886621,5,0.0,0.0,True,0.0,False,False,False,0.0,0.0
fivetran/great_expectations,0e823f5f6c5dbed5,False,0,353,True,0.0,0.3286118980169972,16,0.0,0.32011331444759206,16,0.0,0.29178470254957506,20,0.0,0.3333333333333333,17,0.0,0.0,True,0.0,False,False,False,0.0,0.0
fivetran/great_expectations,5aa61a89be1225e9,False,1,209,True,0.0,0.9473684210526315,3,0.0,0.9473684210526315,3,0.0,0.9186602870813397,6,0.0,0.9803921568627451,2,0.0,0.0,True,0.0,False,False,False,0.0,0.0
fivetran/great_expectations,51abc588cd792550,False,0,107,True,0.0,0.6355140186915887,2,0.0,0.6355140186915887,2,0.0,0.6355140186915887,3,0.0,0.6542056074766355,2,0.0,0.0,True,0.0,False,False,False,0.0,0.0
fivetran/great_expectations,c5492fb530d69dc9,False,0,82,True,0.0,0.4634146341463415,1,0.0,0.4634146341463415,1,0.0,0.5,1,0.0,0.4634146341463415,2,1.0,1.0,True,0.0,False,False,False,0.0,0.0
fivetran/great_expectations,ea699acccbdd94cb,False,0,559,True,0.0,0.7567084078711985,5,0.0,0.7567084078711985,5,0.0,0.7584973166368515,5,0.0,0.776386404293381,5,0.0,0.0,True,0.0,False,False,False,0.0,0.0
fivetran/great_expectations,04eb926cc5e9f9e5,False,0,42,True,0.0,0.7380952380952381,0,0.0,0.7380952380952381,0,0.0,0.30952380952380953,0,0.0,0.7380952380952381,0,0.0,0.0,False,0.0,False,False,False,0.0,0.0
fivetran/great_expectations,d486a134ba9e83fa,False,1,367,True,0.0,0.335149863760218,15,0.0,0.335149863760218,16,0.0,0.2997275204359673,21,0.0,0.33972602739726027,13,0.0,0.0,True,0.0,False,False,False,0.0,0.0
fivetran/great_expectations,0d9abd3dba2c9c09,False,0,681,True,0.0,0.42584434654919234,1,0.0,0.42584434654919234,1,0.0,0.3803230543318649,1,0.0,0.4390602055800294,0,1.0,1.0,True,0.0,False,False,False,0.0,0.0
fivetran/great_expectations,07277cdc015f5799,False,0,131,True,0.0,0.5267175572519084,2,0.0,0.6259541984732825,2,0.0,0.5572519083969466,3,0.0,0.5384615384615384,1,0.0,0.0,False,0.0,False,False,False,0.0,0.0
fivetran/great_expectations,6f4a80a9d989800d,False,0,17,True,0.0,0.7647058823529411,0,0.0,0.7647058823529411,0,0.0,0.7647058823529411,0,0.0,0.7647058823529411,0,0.0,0.0,False,0.0,False,False,False,0.0,0.0
CapSoftware/Cap,893c18cd7187fefc,True,0,75,True,1.0,0.8266666666666667,0,0.0,0.8666666666666667,0,0.0,0.76,1,0.0,1.0,0,0.0,0.0,True,0.0,False,False,False,1.0,0.0
CapSoftware/Cap,d967dff5f10b46c2,True,0,67,True,0.0,0.7910447761194029,0,1.0,0.9104477611940298,0,1.0,0.9253731343283582,0,1.0,1.0,0,1.0,1.0,True,0.0,False,False,False,0.0,1.0
CapSoftware/Cap,724d2594a9e20f02,True,0,62,True,0.0,0.8387096774193549,1,0.0,0.6935483870967742,1,0.0,0.6935483870967742,1,0.0,0.6935483870967742,1,1.0,1.0,True,0.0,False,False,False,0.0,0.0
CapSoftware/Cap,6a78455c9c40b123,False,0,30,True,0.0,0.5666666666666667,0,0.0,0.5666666666666667,0,0.0,0.5666666666666667,0,0.0,1.0,0,0.0,0.0,True,0.0,False,False,False,0.0,0.0
CapSoftware/Cap,f58eb168dc79c433,False,2,224,True,0.0,0.8571428571428571,1,0.0,0.6517857142857143,2,0.0,0.5758928571428571,1,0.0,0.8660714285714286,1,0.0,0.0,True,0.0,False,False,False,0.0,0.0
CapSoftware/Cap,6b332508b01d1e71,True,0,90,True,0.0,0.9,0,1.0,0.9777777777777777,1,1.0,0.9777777777777777,1,1.0,1.0,0,0.0,0.0,True,0.0,False,False,False,0.0,1.0
CapSoftware/Cap,6d626d888c708a2a,True,0,49,True,0.0,0.7959183673469388,0,0.0,0.9795918367346939,1,0.0,0.9387755102040817,2,0.0,1.0,0,0.0,0.0,True,0.0,False,False,False,0.0,0.0
CapSoftware/Cap,765854f9dc47ebef,True,0,59,True,0.0,0.864406779661017,0,1.0,0.9322033898305084,0,1.0,0.9322033898305084,0,1.0,0.9322033898305084,0,1.0,1.0,True,0.0,False,False,False,0.0,1.0
CapSoftware/Cap,22435a8477953f1f,True,0,12,True,0.0,0.75,0,1.0,1.0,0,1.0,1.0,0,1.0,1.0,0,1.0,1.0,True,1.0,False,False,False,0.0,1.0
CapSoftware/Cap,dccfc81fdb27238e,True,0,18,True,1.0,0.5,0,0.0,0.5555555555555556,0,0.0,0.5555555555555556,0,0.0,0.5,0,1.0,1.0,True,1.0,False,False,False,1.0,0.0
CapSoftware/Cap,2fd04c9eee812264,True,0,80,True,0.0,0.875,0,0.0,0.725,0,0.0,0.75,1,0.0,0.7375,1,0.0,0.0,True,0.0,False,False,False,0.0,0.0
CapSoftware/Cap,47aa50a6e4ec43de,False,1,10,True,1.0,0.7,0,1.0,0.9,0,1.0,0.9,0,1.0,1.0,0,0.0,0.0,True,0.0,False,False,False,1.0,1.0
CapSoftware/Cap,fea2be52e98f762e,True,19,720,True,0.0,0.6347222222222222,3,1.0,0.40555555555555556,0,1.0,0.5013888888888889,0,0.0,0.5316642120765832,1,0.0,1.0,True,0.0,False,False,False,0.0,0.0
CapSoftware/Cap,fa65c1b1d37c723e,True,0,85,True,0.0,0.8352941176470589,0,0.0,0.9294117647058824,0,1.0,0.611764705882353,0,0.0,0.9647058823529412,1,0.0,0.0,True,0.0,False,False,False,0.0,0.0
CapSoftware/Cap,e9ab90508a21d970,True,1,87,True,0.0,0.8275862068965517,2,1.0,0.8850574712643678,2,1.0,0.8850574712643678,2,1.0,0.896551724137931,1,0.0,1.0,True,0.0,False,False,False,0.0,1.0
CapSoftware/Cap,35cf12cd6bcb7335,True,0,72,True,0.0,0.8472222222222222,1,0.0,0.9444444444444444,2,0.0,0.8194444444444444,2,0.0,0.9859154929577465,1,0.0,0.0,True,0.0,False,False,False,0.0,0.0
CapSoftware/Cap,9133ecc551ac8b30,True,1,48,True,0.0,0.8125,2,0.0,0.4583333333333333,1,0.0,0.5,2,0.0,0.5625,1,0.0,0.0,True,0.0,False,False,False,0.0,0.0
CapSoftware/Cap,7d6df41f07d56e59,True,1,238,True,0.0,0.773109243697479,1,0.0,0.7100840336134454,1,0.0,0.726890756302521,1,0.0,0.7570093457943925,1,0.0,0.0,True,0.0,False,False,False,0.0,0.0
CapSoftware/Cap,889b1cf99094a6af,True,0,35,True,0.0,0.6285714285714286,0,0.0,0.9428571428571428,0,0.0,0.9428571428571428,0,0.0,0.9428571428571428,0,1.0,0.5,True,0.0,False,False,False,0.0,0.0
CapSoftware/Cap,158e561ec4d7aedc,True,0,19,True,0.0,0.6842105263157895,0,0.0,0.9473684210526315,0,0.0,0.9473684210526315,0,0.0,1.0,0,0.0,0.0,False,1.0,False,False,False,0.0,0.0
grpc-ecosystem/grpc-gateway,272b2870183bbe20,True,1,77,True,0.0,0.5974025974025974,1,0.0,0.37662337662337664,1,0.0,0.36363636363636365,1,0.0,0.5394736842105263,1,0.0,0.0,True,0.0,False,False,False,0.0,0.0
grpc-ecosystem/grpc-gateway,c255ac405628aada,False,0,759,True,0.0,0.34914361001317523,13,0.0,0.34782608695652173,13,0.0,0.35968379446640314,14,0.0,0.3496042216358839,13,0.0,0.0,True,0.0,False,False,False,0.0,0.0
grpc-ecosystem/grpc-gateway,050dd68add910843,True,0,9,True,0.0,0.5555555555555556,0,0.0,0.5555555555555556,0,0.0,0.5555555555555556,0,0.0,0.7142857142857143,0,0.0,0.0,False,0.0,False,False,False,0.0,0.0
grpc-ecosystem/grpc-gateway,76ed074a9305c040,False,2,170,True,1.0,0.3764705882352941,9,1.0,0.3764705882352941,9,1.0,0.37058823529411766,10,1.0,0.3764705882352941,9,0.0,1.0,True,0.0,False,False,False,1.0,1.0
grpc-ecosystem/grpc-gateway,897f299135d10a90,True,0,9,True,0.0,0.5555555555555556,0,0.0,0.5555555555555556,0,0.0,0.5555555555555556,0,0.0,0.7142857142857143,0,0.0,0.0,False,0.0,False,False,False,0.0,0.0
grpc-ecosystem/grpc-gateway,320bc5bec9361fac,False,1,175,True,0.0,0.7028571428571428,8,0.0,0.7142857142857143,7,0.0,0.7371428571428571,7,0.0,0.7085714285714285,8,0.0,0.0,True,0.0,False,False,False,0.0,0.0
JuliaLang/julia,7b1f31c37e72373f,False,4,1474,True,1.0,0.3120759837177748,34,1.0,0.3113975576662144,35,1.0,0.29172320217096337,33,1.0,0.3120759837177748,34,0.0,0.0,True,0.0,False,False,False,1.0,1.0
JuliaLang/julia,58bceebf48ca82dd,False,0,305,True,0.0,0.46229508196721314,35,0.0,0.45901639344262296,36,0.0,0.4557377049180328,36,0.0,0.46557377049180326,35,0.0,0.0,True,0.0,False,False,False,0.0,0.0
JuliaLang/julia,60c2e3fc03a73566,False,1,935,True,0.0,0.5625668449197861,31,0.0,0.2716577540106952,33,0.0,0.29197860962566846,34,0.0,0.5625668449197861,31,0.0,0.0,True,1.0,False,False,False,0.0,0.0
JuliaLang/julia,8bda77d98d22d54b,False,2,562,True,0.0,0.30071174377224197,71,0.0,0.30071174377224197,71,0.0,0.3220640569395018,73,0.0,0.30071174377224197,71,0.0,0.0,True,0.0,False,False,False,0.0,0.0
JuliaLang/julia,6d35e03c69202f7b,False,5,1283,True,1.0,0.6430241621200312,14,1.0,0.6180826188620421,13,1.0,0.5822291504286827,17,1.0,0.6438035853468433,13,0.0,1.0,True,1.0,False,False,False,1.0,1.0
JuliaLang/julia,9a3b3bbb6c6d2b2b,False,1,1174,True,0.0,0.26916524701873934,42,0.0,0.16098807495741055,46,0.0,0.16098807495741055,46,0.0,0.26916524701873934,44,0.0,0.0,True,0.0,False,False,False,0.0,0.0
JuliaLang/julia,06dac30f89662fa4,False,1,62,True,0.0,0.6774193548387096,8,0.0,0.6935483870967742,9,0.0,0.6935483870967742,9,0.0,0.6935483870967742,7,0.0,0.0,False,0.0,False,False,False,0.0,0.0
JuliaLang/julia,1557af328315fb77,False,2,527,True,1.0,0.25806451612903225,22,1.0,0.23719165085388993,20,1.0,0.22770398481973433,21,1.0,0.25806451612903225,21,0.0,0.0,True,1.0,False,False,False,1.0,1.0
JuliaLang/julia,b335630551682c19,False,1,167,True,1.0,0.2934131736526946,27,1.0,0.2934131736526946,26,1.0,0.2994011976047904,27,1.0,0.30538922155688625,27,1.0,0.14285714285714285,True,0.0,False,False,False,1.0,1.0
JuliaLang/julia,cf6e417d01a6e25b,False,2,561,True,0.0,0.7112299465240641,25,0.0,0.7112299465240641,25,0.0,0.7237076648841355,27,0.0,0.7112299465240641,25,0.0,0.0,True,0.0,False,False,False,0.0,0.0
JuliaLang/julia,e3df628c98e92289,False,1,149,True,0.0,0.697986577181208,17,0.0,0.7046979865771812,16,0.0,0.7046979865771812,16,0.0,0.7046979865771812,16,0.0,0.0,True,1.0,False,False,False,0.0,0.0
JuliaLang/julia,2edf8c1015857a22,False,0,213,True,0.0,0.3192488262910798,22,0.0,0.3192488262910798,22,0.0,0.3755868544600939,22,0.0,0.3192488262910798,22,0.0,0.0,True,0.0,False,False,False,0.0,0.0
JuliaLang/julia,6fa96d2b4e06ec30,False,1,209,True,0.0,0.507177033492823,10,0.0,0.45933014354066987,10,0.0,0.45933014354066987,10,0.0,0.5263157894736842,10,0.0,0.0,False,1.0,False,False,False,0.0,0.0
JuliaLang/julia,829029ba7e34234a,False,5,1681,True,1.0,0.14753123140987506,47,1.0,0.14098750743604996,47,1.0,0.1421772754312909,47,1.0,0.14753123140987506,47,0.0,0.0,True,0.0,False,False,False,1.0,1.0
JuliaLang/julia,ec04ad384c133e98,False,1,479,True,0.0,0.348643006263048,21,0.0,0.25260960334029225,20,0.0,0.25260960334029225,20,0.0,0.348643006263048,21,0.0,0.0,True,1.0,False,False,False,0.0,0.0
JuliaLang/julia,7dbb32fa51c8db61,False,1,12,True,0.0,0.3333333333333333,0,0.0,0.3333333333333333,0,0.0,0.3333333333333333,0,0.0,0.3333333333333333,0,0.0,0.0,False,0.0,False,False,False,0.0,0.0
JuliaLang/julia,b3732e0560f9acbd,False,0,98,True,0.0,0.9795918367346939,1,0.0,1.0,0,0.0,1.0,0,0.0,1.0,0,0.0,0.0,False,1.0,False,False,False,0.0,0.0
JuliaLang/julia,76ed074a9305c040,False,5,774,True,0.0,0.3359173126614987,58,0.0,0.3359173126614987,56,0.0,0.3281653746770026,57,0.0,0.33635187580853815,58,0.0,0.0,True,0.0,False,False,False,0.0,0.0
django/django,5892d2939640575b,False,1,212,True,0.0,0.33962264150943394,5,0.0,0.33962264150943394,6,0.0,0.2641509433962264,7,0.0,0.33962264150943394,6,0.0,0.0,False,0.0,False,False,False,0.0,0.0
django/django,332aa89eb6d3de27,True,1,96,True,0.0,0.3020833333333333,3,0.0,0.34375,4,0.0,0.34375,4,0.0,0.3804347826086957,2,0.0,0.0,False,1.0,True,False,True,0.0,0.0
django/django,ca500ab62d426639,False,1,188,True,0.0,0.9946808510638298,1,0.0,0.9946808510638298,1,0.0,0.9946808510638298,1,0.0,0.9946808510638298,1,1.0,0.0,True,0.0,False,False,False,0.0,0.0
django/django,1c8b882c73bfda66,True,13,2503,True,0.0,0.16060727127447064,102,0.0,0.1642029564522573,101,0.0,0.17179384738314024,105,0.0,0.08930008045052293,103,0.0,0.0,True,0.0,True,False,False,0.0,0.0
django/django,584353f46f1f2a80,False,3,180,True,0.0,0.16111111111111112,19,0.0,0.16666666666666666,20,0.0,0.16111111111111112,20,0.0,0.18333333333333332,22,0.0,0.0,True,0.0,False,False,False,0.0,0.0
django/django,e048b7dcd16653e3,False,1,567,True,0.0,0.3862433862433862,30,0.0,0.4056437389770723,29,0.0,0.4497354497354497,29,0.0,0.3971631205673759,27,0.0,0.0,True,0.0,False,False,False,0.0,0.0
django/django,ca6f8fc8c3ecc927,False,2,206,True,0.0,0.9805825242718447,2,0.0,0.9854368932038835,2,0.0,0.9854368932038835,2,0.0,0.9902912621359223,1,0.0,0.0,True,0.0,False,False,False,0.0,0.0
django/django,440165a3f81b752a,True,1,578,True,0.0,0.6782006920415224,6,0.0,0.6764705882352942,6,0.0,0.6764705882352942,7,0.0,0.4602076124567474,5,0.0,0.0,False,0.0,True,False,False,0.0,0.0
django/django,3fd16120fca44bdc,False,0,229,True,0.0,0.23580786026200873,15,0.0,0.2096069868995633,13,0.0,0.18777292576419213,13,0.0,0.25675675675675674,14,0.0,0.0,False,0.0,False,False,False,0.0,0.0
django/django,ad3486daf49a0018,True,1,1355,True,0.0,0.28856088560885607,36,0.0,0.2878228782287823,36,0.0,0.2863468634686347,36,0.0,0.24183976261127596,35,0.0,0.0,False,0.0,True,False,False,0.0,0.0
django/django,3da8a3261ec82a80,False,1,62,True,0.0,0.4032258064516129,6,0.0,0.41935483870967744,6,0.0,0.43548387096774194,5,0.0,0.4032258064516129,6,0.0,0.0,False,0.0,False,False,False,0.0,0.0
Automattic/wp-calypso,c370dbe5e75f2882,False,0,79,True,0.0,0.4177215189873418,3,0.0,0.4050632911392405,4,0.0,0.3924050632911392,5,0.0,0.4177215189873418,3,0.0,0.0,False,1.0,False,False,False,0.0,0.0
Automattic/wp-calypso,0019f90c6f548d2d,False,0,354,True,0.0,0.8587570621468926,6,0.0,0.8700564971751412,5,0.0,0.867231638418079,7,0.0,0.8700564971751412,5,0.0,0.0,True,0.0,False,False,False,0.0,0.0
Automattic/wp-calypso,f8513cc34c5e253a,False,0,17,True,0.0,0.9411764705882353,0,0.0,0.9411764705882353,0,0.0,0.9411764705882353,0,0.0,1.0,0,0.0,0.0,False,1.0,False,False,False,0.0,0.0
Automattic/wp-calypso,27edac05763aaf2d,True,0,46,True,0.0,0.5652173913043478,0,0.0,0.9347826086956522,0,0.0,0.9347826086956522,0,0.0,1.0,0,0.0,0.0,False,0.0,False,False,False,0.0,0.0
Automattic/wp-calypso,88145f192e2f837a,False,0,25,True,0.0,0.84,1,0.0,0.84,1,0.0,0.84,1,0.0,0.88,0,0.0,0.0,False,1.0,False,False,False,0.0,0.0
Automattic/wp-calypso,001de6ef6e996010,False,0,56,True,0.0,0.9285714285714286,2,0.0,0.9285714285714286,2,0.0,0.625,4,0.0,0.9464285714285714,2,0.0,0.0,False,1.0,False,False,False,0.0,0.0
Automattic/wp-calypso,c1692eb8470c835f,False,0,25,True,0.0,0.92,0,0.0,1.0,0,0.0,1.0,0,0.0,1.0,0,0.0,0.0,False,0.0,False,False,False,0.0,0.0
Automattic/wp-calypso,1ead53e9a0f8eaa8,False,0,113,True,0.0,0.9203539823008849,1,0.0,0.9557522123893806,2,0.0,0.9557522123893806,1,0.0,0.9734513274336283,2,0.0,0.0,False,1.0,False,False,False,0.0,0.0
Automattic/wp-calypso,c202b9941acdd424,False,0,324,True,0.0,0.7716049382716049,5,0.0,0.8179012345679012,5,0.0,0.8240740740740741,5,0.0,0.7993827160493827,4,0.0,0.0,True,1.0,False,False,False,0.0,0.0
Automattic/wp-calypso,f1613f9205e72c15,False,0,274,True,0.0,0.9598540145985401,3,0.0,0.9598540145985401,3,0.0,0.9598540145985401,3,0.0,0.9744525547445255,3,0.0,0.0,False,0.0,False,False,False,0.0,0.0
Automattic/wp-calypso,38e27f2f533c9a88,False,0,75,True,0.0,0.2,5,0.0,0.2,5,0.0,0.18666666666666668,5,0.0,0.2,4,0.0,0.0,True,1.0,False,False,False,0.0,0.0
Automattic/wp-calypso,057c9a5a43b25e59,False,0,450,True,0.0,0.7733333333333333,8,0.0,0.7866666666666666,8,0.0,0.7866666666666666,9,0.0,0.7755555555555556,7,0.0,0.0,True,0.0,False,False,False,0.0,0.0
Automattic/wp-calypso,e6d7c901bafa20dd,False,0,113,True,0.0,0.19469026548672566,8,0.0,0.20353982300884957,9,0.0,0.20353982300884957,9,0.0,0.19469026548672566,10,0.0,0.0,True,0.0,False,False,False,0.0,0.0
Automattic/wp-calypso,62cd700135031451,False,0,7,True,0.0,0.8571428571428571,0,0.0,0.8571428571428571,0,0.0,0.8571428571428571,0,0.0,0.8571428571428571,0,0.0,0.0,False,0.0,False,False,False,0.0,0.0
Automattic/wp-calypso,99a9fab44c137e1b,False,0,12,True,0.0,0.4166666666666667,0,0.0,0.4166666666666667,0,0.0,0.4166666666666667,0,0.0,0.4166666666666667,0,0.0,0.0,True,0.0,False,False,False,0.0,0.0
treeverse/dvc,3cabff7688a6836f,False,0,19,True,0.0,0.8947368421052632,0,0.0,0.8947368421052632,0,0.0,0.8947368421052632,0,0.0,0.9473684210526315,0,0.0,0.0,False,0.0,False,False,False,,
treeverse/dvc,1c4fb1997e2bdf95,False,2,404,True,0.0,0.4207920792079208,4,0.0,0.46534653465346537,4,0.0,0.49504950495049505,6,0.0,0.4207920792079208,4,0.0,0.0,True,1.0,False,False,False,0.0,0.0
treeverse/dvc,b24f1032354eac3f,False,0,88,True,0.0,0.2840909090909091,3,0.0,0.2840909090909091,3,0.0,0.3181818181818182,4,0.0,0.2840909090909091,4,1.0,0.0,False,1.0,False,False,False,0.0,0.0
treeverse/dvc,a524b5bc8e62939d,False,0,371,True,0.0,0.1725067385444744,20,0.0,0.1725067385444744,20,0.0,0.16981132075471697,19,0.0,0.1725067385444744,20,1.0,0.0,False,1.0,False,False,False,0.0,0.0
treeverse/dvc,a790a203880fd4cd,False,1,795,True,0.0,0.5345911949685535,11,0.0,0.5345911949685535,11,0.0,0.549685534591195,10,0.0,0.5403022670025189,11,1.0,1.0,True,1.0,False,False,False,0.0,0.0
treeverse/dvc,a4feb36d904a5183,False,1,78,True,0.0,0.5,5,0.0,0.5128205128205128,4,0.0,0.2692307692307692,4,0.0,0.5,6,1.0,0.0,False,1.0,False,False,False,0.0,0.0
treeverse/dvc,26d742db3f778f8b,False,1,821,True,0.0,0.535931790499391,8,0.0,0.5298416565164433,9,0.0,0.5712545676004872,9,0.0,0.5452322738386308,8,1.0,1.0,True,1.0,False,False,False,0.0,0.0
treeverse/dvc,9ebf228ef7c1669c,False,2,384,True,0.0,0.2942708333333333,5,0.0,0.3046875,5,0.0,0.4088541666666667,7,0.0,0.2994791666666667,5,1.0,0.0,False,1.0,False,False,False,0.0,0.0
treeverse/dvc,2d2024e289e49b27,False,0,373,True,0.0,0.48257372654155495,24,0.0,0.48525469168900803,24,0.0,0.24128686327077747,35,0.0,0.48525469168900803,24,1.0,1.0,True,1.0,False,False,False,0.0,0.0
treeverse/dvc,91a0aa384811df9c,False,1,299,True,0.0,0.7725752508361204,9,0.0,0.7725752508361204,9,0.0,0.7725752508361204,9,0.0,0.7725752508361204,9,0.0,0.0,True,1.0,False,False,False,0.0,0.0
treeverse/dvc,cbd760a9f6fa442c,False,0,135,True,0.0,0.23703703703703705,4,0.0,0.23703703703703705,4,0.0,0.2962962962962963,5,0.0,0.23703703703703705,5,0.0,0.0,False,1.0,False,False,False,0.0,0.0
treeverse/dvc,e69f69ddbf5d27ac,False,2,285,True,0.0,0.3368421052631579,10,0.0,0.3368421052631579,9,0.0,0.32280701754385965,8,0.0,0.34385964912280703,11,0.0,0.0,False,1.0,False,False,False,0.0,0.0
treeverse/dvc,09f598c277953983,False,1,123,True,0.0,0.7804878048780488,0,0.0,0.7642276422764228,0,0.0,0.7642276422764228,0,0.0,0.7804878048780488,0,0.0,0.0,False,0.0,False,False,False,0.0,0.0
qemu/qemu,8eb9f0a59d0fc735,True,0,230,True,0.0,0.5695652173913044,1,0.0,0.44782608695652176,2,0.0,0.5260869565217391,4,0.0,0.4330357142857143,2,0.0,0.0,False,0.0,False,False,False,0.0,0.0
qemu/qemu,0dee70dce36badd3,False,0,1767,True,0.0,0.2427843803056027,56,0.0,0.2569326542161856,59,0.0,0.2705149971703452,61,0.0,0.2427843803056027,56,0.0,0.0,True,0.0,False,False,False,0.0,0.0
qemu/qemu,8f8ccdeeaa1d3511,False,0,374,True,0.0,0.2967914438502674,9,0.0,0.2967914438502674,8,0.0,0.20855614973262032,17,0.0,0.2967914438502674,8,0.0,0.0,True,0.0,False,False,False,0.0,0.0
qemu/qemu,6fd0f44245c4504c,False,0,641,True,0.0,0.5039001560062403,24,0.0,0.44773790951638065,23,0.0,0.42745709828393136,23,0.0,0.5070202808112324,23,0.0,0.0,True,0.0,False,False,False,0.0,0.0
qemu/qemu,8ca8fc5bb91ba96a,False,0,996,True,0.0,0.1827309236947791,32,0.0,0.22791164658634538,31,0.0,0.23795180722891565,31,0.0,0.21485943775100402,31,0.0,0.0,True,0.0,False,False,False,0.0,0.0
qemu/qemu,7cdccb4a717202c3,False,1,2519,True,0.0,0.27987296546248513,40,0.0,0.2818578801111552,39,0.0,0.27074235807860264,39,0.0,0.27987296546248513,40,0.0,1.0,True,0.0,False,False,False,0.0,0.0
qemu/qemu,d85e0dc06065007e,False,0,502,True,0.0,0.603585657370518,23,0.0,0.6593625498007968,25,0.0,0.6653386454183267,24,0.0,0.6374501992031872,25,1.0,1.0,True,0.0,False,False,False,0.0,0.0
qemu/qemu,22edc9dc4f63e77e,False,0,206,True,0.0,0.23786407766990292,16,0.0,0.24271844660194175,15,0.0,0.2669902912621359,21,0.0,0.23786407766990292,15,1.0,0.25,True,0.0,False,False,False,0.0,0.0
qemu/qemu,898fdd782455a0f2,False,1,253,True,0.0,0.3201581027667984,15,0.0,0.33201581027667987,15,0.0,0.32806324110671936,15,0.0,0.3201581027667984,14,1.0,1.0,True,0.0,False,False,False,0.0,0.0
qemu/qemu,304d6d2634adf758,False,1,2061,True,1.0,0.46870451237263466,40,1.0,0.4759825327510917,39,1.0,0.48034934497816595,41,1.0,0.4696749150897622,39,0.0,0.0,True,0.0,False,False,False,1.0,1.0
qemu/qemu,d3a2b6dc2d537ae1,False,0,206,True,0.0,0.39805825242718446,10,0.0,0.441747572815534,8,0.0,0.4368932038834951,11,0.0,0.4077669902912621,9,0.0,0.5,True,0.0,False,False,False,0.0,0.0
qemu/qemu,e90f7f7336bf4885,False,4,2943,True,0.0,0.5745837580699966,33,0.0,0.5708460754332314,31,0.0,0.507985049269453,32,0.0,0.5745837580699966,32,1.0,0.0,True,0.0,False,False,False,0.0,0.0
qemu/qemu,5d290a12d4e787c4,False,0,380,True,0.0,0.6447368421052632,4,0.0,0.6447368421052632,3,0.0,0.6447368421052632,3,0.0,0.6447368421052632,3,0.0,0.0,False,1.0,False,False,False,0.0,0.0
qemu/qemu,c86a5eb60ae7ca28,False,0,698,True,0.0,0.5530085959885387,14,0.0,0.6017191977077364,13,0.0,0.5816618911174785,14,0.0,0.5988538681948424,13,0.0,0.0,True,0.0,False,False,False,0.0,0.0
qemu/qemu,54be9dac6600d4bd,False,0,230,True,0.0,0.45652173913043476,6,0.0,0.45652173913043476,6,0.0,0.45652173913043476,6,0.0,0.45652173913043476,6,0.0,0.0,True,0.0,False,False,False,0.0,0.0
qemu/qemu,39b4a13bdcfc0b88,True,1,163,True,0.0,0.5705521472392638,3,0.0,0.8343558282208589,4,0.0,0.8343558282208589,4,0.0,0.8235294117647058,4,0.0,0.0,False,0.0,False,False,False,0.0,0.0
qemu/qemu,9c71cda3b4f74ed6,False,0,686,True,0.0,0.3717201166180758,27,0.0,0.4912536443148688,28,0.0,0.4956268221574344,28,0.0,0.4679300291545189,27,0.0,0.0,True,0.0,False,False,False,0.0,0.0
Lightning-AI/pytorch-lightning,d630ce307f997d38,False,0,473,True,0.0,0.7019027484143763,5,0.0,0.6976744186046512,5,0.0,0.6744186046511628,6,0.0,0.7040169133192389,5,0.0,0.0,True,0.0,False,False,False,0.0,0.0
Lightning-AI/pytorch-lightning,8219ccef2dfcc08c,False,1,153,True,0.0,0.3333333333333333,12,0.0,0.3333333333333333,13,0.0,0.3333333333333333,14,0.0,0.34,12,0.0,0.0,True,0.0,False,False,False,0.0,0.0
Lightning-AI/pytorch-lightning,24a9adc328faa1a6,False,0,195,True,0.0,0.6307692307692307,3,0.0,0.6307692307692307,3,0.0,0.6307692307692307,2,0.0,0.6307692307692307,3,1.0,1.0,True,0.0,False,False,False,,
Lightning-AI/pytorch-lightning,84b610ed3198abcc,False,0,229,True,0.0,0.22270742358078602,8,0.0,0.2183406113537118,8,0.0,0.2794759825327511,8,0.0,0.22270742358078602,8,0.0,0.0,True,0.0,False,False,False,0.0,0.0
Lightning-AI/pytorch-lightning,e9332693a9c527fa,False,1,365,True,0.0,0.4520547945205479,12,0.0,0.4602739726027397,12,0.0,0.4410958904109589,13,0.0,0.4547945205479452,12,0.0,0.0,True,0.0,False,False,False,0.0,0.0
Lightning-AI/pytorch-lightning,93634e32d5bfa2c8,False,0,121,True,0.0,0.48760330578512395,8,0.0,0.48760330578512395,8,0.0,0.5702479338842975,9,0.0,0.49586776859504134,8,0.0,0.0,True,0.0,False,False,False,0.0,0.0
Lightning-AI/pytorch-lightning,8a156e6ec9a2aae9,False,0,1296,True,0.0,0.7114197530864198,8,0.0,0.7121913580246914,8,0.0,0.7091049382716049,9,0.0,0.7121913580246914,8,0.0,0.0,True,0.0,False,False,False,0.0,0.0
Lightning-AI/pytorch-lightning,d4e5f15c2e2552b4,False,0,92,True,0.0,0.6521739130434783,0,0.0,0.6521739130434783,0,0.0,0.40217391304347827,1,0.0,0.6630434782608695,0,0.0,0.0,True,0.0,False,False,False,0.0,0.0
Lightning-AI/pytorch-lightning,3beffcd32051796d,False,1,465,True,0.0,0.43870967741935485,13,0.0,0.43010752688172044,13,0.0,0.42795698924731185,13,0.0,0.43870967741935485,13,1.0,0.3333333333333333,True,0.0,False,False,False,0.0,0.0
Lightning-AI/pytorch-lightning,b193842c4e4cd4f6,False,1,249,True,0.0,0.8835341365461847,3,0.0,0.8955823293172691,3,0.0,0.7108433734939759,4,0.0,0.8875502008032129,4,0.0,0.0,True,0.0,False,False,False,0.0,0.0
Lightning-AI/pytorch-lightning,7eaf1173289ce8b1,False,0,184,True,0.0,0.358695652173913,4,0.0,0.358695652173913,4,0.0,0.358695652173913,7,0.0,0.358695652173913,4,0.0,0.0,True,0.0,False,False,False,0.0,0.0
NicolasHug/Surprise,107e910e9f2ebfb9,False,1,33,True,1.0,1.0,0,1.0,1.0,0,1.0,1.0,0,1.0,1.0,0,0.0,0.5,True,1.0,False,False,False,1.0,1.0
NicolasHug/Surprise,d92dcc45446e86e5,False,1,262,True,0.0,0.8854961832061069,0,0.0,0.8854961832061069,0,0.0,0.8854961832061069,0,0.0,0.9007633587786259,0,1.0,0.0,False,1.0,False,False,False,0.0,0.0
NicolasHug/Surprise,a984f36fe11e1024,False,1,331,True,0.0,0.5861027190332326,2,0.0,0.56797583081571,2,0.0,0.5619335347432024,2,0.0,0.6706948640483383,2,1.0,0.0,False,1.0,False,False,False,0.0,0.0
conda/conda,fc97a1f403b1db7b,False,0,64,True,1.0,0.734375,3,1.0,0.765625,2,1.0,0.609375,3,1.0,0.734375,3,0.0,0.0,False,1.0,False,False,False,1.0,1.0
conda/conda,b874622b0b3ddeef,False,0,38,True,0.0,0.39473684210526316,1,0.0,0.39473684210526316,1,0.0,0.39473684210526316,0,0.0,0.39473684210526316,1,1.0,1.0,True,1.0,False,False,False,0.0,0.0
conda/conda,6fdb9b9eee632cce,False,0,138,True,0.0,0.8985507246376812,5,0.0,0.8768115942028986,6,0.0,0.8115942028985508,4,0.0,0.8913043478260869,5,0.0,0.0,True,0.0,False,False,False,0.0,0.0
conda/conda,e093818bff0cdfe0,False,1,143,True,0.0,0.8181818181818182,2,0.0,0.8181818181818182,2,0.0,0.8181818181818182,3,0.0,0.8601398601398601,2,1.0,0.5,True,1.0,False,False,False,0.0,0.0
conda/conda,330f063a12422416,False,0,298,True,0.0,0.49328859060402686,3,0.0,0.5033557046979866,3,0.0,0.5369127516778524,4,0.0,0.6508474576271186,3,0.0,0.0,True,0.0,False,False,False,0.0,0.0
conda/conda,a1294837571a888f,False,2,389,True,0.0,0.33676092544987146,4,0.0,0.32390745501285345,7,0.0,0.33676092544987146,8,0.0,0.33676092544987146,4,0.0,0.0,True,0.0,False,False,False,0.0,0.0
conda/conda,30852b2709103c10,False,5,568,True,0.0,0.4876760563380282,12,0.0,0.46830985915492956,12,0.0,0.3503521126760563,14,0.0,0.4876760563380282,13,0.0,0.0,True,1.0,False,False,False,0.0,0.0
conda/conda,a2eadd27d982ad4f,True,0,373,True,0.0,0.16353887399463807,15,0.0,0.16085790884718498,13,0.0,0.1769436997319035,13,0.0,0.17158176943699732,14,0.0,0.0,True,0.0,False,False,False,0.0,0.0
conda/conda,eb4f077c95469377,False,0,23,True,0.0,0.9565217391304348,1,0.0,0.9565217391304348,1,0.0,0.8695652173913043,0,0.0,0.9565217391304348,1,0.0,0.0,True,0.0,False,False,False,0.0,0.0
conda/conda,fbd4ec57b514dd93,False,0,706,True,0.0,0.37535410764872523,10,0.0,0.37960339943342775,10,0.0,0.34844192634560905,11,0.0,0.42082738944365194,11,0.0,0.0,True,0.0,False,False,False,0.0,0.0
conda/conda,65ba2895daf2292b,False,2,1515,True,0.0,0.7108910891089109,8,0.0,0.3551155115511551,11,0.0,0.36303630363036304,11,0.0,0.7003994673768309,8,0.0,0.0,True,0.0,False,False,False,0.0,0.0
conda/conda,d880228e954d9907,True,1,1675,True,1.0,0.2662686567164179,18,1.0,0.26149253731343286,18,1.0,0.26149253731343286,18,0.0,0.3054037644201579,20,1.0,1.0,True,1.0,False,False,False,1.0,0.0
conda/conda,d79571671084b87c,False,0,343,True,1.0,0.6705539358600583,9,1.0,0.6034985422740525,11,1.0,0.3673469387755102,12,1.0,0.4556213017751479,8,1.0,0.0,True,1.0,False,False,False,1.0,1.0
conda/conda,f3ec8b15d55b5298,True,0,273,True,1.0,0.358974358974359,6,0.0,0.3626373626373626,6,0.0,0.3626373626373626,8,0.0,0.4826254826254826,7,1.0,0.5,True,1.0,False,False,False,1.0,0.0
conda/conda,68cc63c694632f5b,False,1,72,True,1.0,0.7777777777777778,3,1.0,0.7638888888888888,3,1.0,0.7361111111111112,3,1.0,0.7777777777777778,3,1.0,0.5,True,1.0,False,False,False,1.0,1.0
conda/conda,f3725a55bf339595,False,1,102,True,0.0,0.47058823529411764,12,0.0,0.47058823529411764,12,0.0,0.47058823529411764,12,0.0,0.47058823529411764,12,0.0,0.0,True,0.0,False,False,False,0.0,0.0
conda/conda,86d53f56d6a9e257,False,0,56,True,0.0,0.9285714285714286,1,0.0,0.9285714285714286,1,0.0,0.8928571428571429,2,0.0,0.9821428571428571,1,0.0,0.0,True,0.0,False,False,False,0.0,0.0
conda/conda,4a150dfb0efad45b,True,3,1471,True,1.0,0.3263086335825969,17,1.0,0.3174711080897349,17,1.0,0.32087015635622024,22,0.0,0.4519031141868512,18,0.0,0.0,True,1.0,False,False,False,1.0,0.0
javaparser/javaparser,714be6357f55df80,False,0,146,True,0.0,0.4794520547945205,3,0.0,0.4863013698630137,3,0.0,0.6164383561643836,4,0.0,0.5205479452054794,4,0.0,0.0,False,0.0,False,False,False,0.0,0.0
javaparser/javaparser,cc222badf0e5d851,False,0,135,True,0.0,0.3925925925925926,5,0.0,0.3925925925925926,7,0.0,0.4,7,0.0,0.3925925925925926,5,1.0,0.0,False,0.0,False,False,False,0.0,0.0
javaparser/javaparser,2fddfe2ccf648f97,False,0,42,True,0.0,0.8571428571428571,1,0.0,0.8571428571428571,1,0.0,0.9047619047619048,1,0.0,0.9024390243902439,1,0.0,0.0,False,0.0,False,False,False,0.0,0.0
javaparser/javaparser,44f38bef254eaf08,False,0,230,True,0.0,0.7304347826086957,3,0.0,0.7304347826086957,2,0.0,0.7478260869565218,7,0.0,0.7631578947368421,1,1.0,0.0,False,0.0,False,False,False,0.0,0.0
javaparser/javaparser,3584ee344b1d36b0,False,0,43,True,0.0,0.7441860465116279,3,0.0,0.7441860465116279,3,0.0,0.3953488372093023,2,0.0,0.7441860465116279,3,1.0,0.0,False,0.0,False,False,False,0.0,0.0
javaparser/javaparser,86f4c1f38e790c28,False,0,70,True,1.0,0.5714285714285714,0,1.0,0.8714285714285714,0,1.0,0.6285714285714286,0,1.0,1.0,0,1.0,0.0,False,0.0,False,False,False,1.0,1.0
javaparser/javaparser,5ea5920a031aa235,False,0,264,True,1.0,0.5340909090909091,0,1.0,0.5378787878787878,0,1.0,0.5454545454545454,0,1.0,1.0,0,1.0,0.0,False,0.0,False,False,False,1.0,1.0
javaparser/javaparser,c1a54a2794bc229c,False,0,51,True,0.0,0.6078431372549019,3,0.0,0.6078431372549019,3,0.0,0.3333333333333333,2,0.0,0.7450980392156863,3,1.0,0.0,False,0.0,False,False,False,0.0,0.0
javaparser/javaparser,967fa98b6d34661e,False,0,53,True,0.0,0.5849056603773585,2,0.0,0.5849056603773585,2,0.0,0.32075471698113206,1,0.0,0.7169811320754716,2,1.0,0.0,False,0.0,False,False,False,0.0,0.0
javaparser/javaparser,15f6d8440622a393,False,0,206,True,0.0,0.44660194174757284,5,0.0,0.44660194174757284,5,0.0,0.45145631067961167,8,0.0,0.45365853658536587,3,1.0,0.0,False,0.0,False,False,False,0.0,0.0
javaparser/javaparser,c489cd6468eb62a9,False,0,55,True,0.0,0.5636363636363636,3,0.0,0.5636363636363636,3,0.0,0.3090909090909091,2,0.0,0.6909090909090909,3,1.0,0.0,False,0.0,False,False,False,0.0,0.0
javaparser/javaparser,55e9ec3e56c93f01,False,0,53,True,0.0,1.0,0,0.0,1.0,0,0.0,0.5283018867924528,1,0.0,1.0,0,0.0,0.0,False,0.0,False,False,False,0.0,0.0
javaparser/javaparser,c1468d638edd83a5,True,0,669,True,0.0,0.5904334828101644,5,0.0,0.5426008968609866,5,0.0,0.5112107623318386,10,0.0,0.29384615384615387,5,0.0,0.0,True,0.0,False,False,False,0.0,0.0
javaparser/javaparser,6d1eaa540a89a4af,False,0,37,True,0.0,0.918918918918919,1,0.0,0.918918918918919,1,0.0,0.972972972972973,1,0.0,0.9722222222222222,1,1.0,0.0,False,0.0,False,False,False,0.0,0.0
javaparser/javaparser,085e5018f31ef7f3,False,0,87,True,0.0,0.8620689655172413,2,0.0,0.896551724137931,2,0.0,0.9770114942528736,2,0.0,0.9186046511627907,1,1.0,0.0,False,0.0,False,False,False,0.0,0.0
javaparser/javaparser,63e4f63790078234,False,0,60,True,1.0,0.8333333333333334,0,1.0,0.8333333333333334,0,1.0,0.9166666666666666,0,1.0,0.9322033898305084,0,1.0,0.0,False,0.0,False,False,False,1.0,1.0
javaparser/javaparser,0b5535170323e22d,False,0,90,True,0.0,0.6777777777777778,3,0.0,0.6777777777777778,3,0.0,0.8222222222222222,4,0.0,0.7078651685393258,2,1.0,0.0,False,0.0,False,False,False,0.0,0.0
javaparser/javaparser,ddaa5e968480411b,False,0,80,True,0.0,0.8625,1,0.0,0.8625,1,0.0,0.9125,1,0.0,0.9873417721518988,1,1.0,0.0,False,0.0,False,False,False,0.0,0.0
javaparser/javaparser,3566b4355a2b9c29,False,0,157,True,0.0,0.6369426751592356,2,0.0,0.5031847133757962,2,0.0,0.5222929936305732,2,0.0,0.75,2,0.0,0.0,True,0.0,False,False,False,0.0,0.0
javaparser/javaparser,39b001e95610b682,False,0,147,True,0.0,0.7074829931972789,7,0.0,0.7074829931972789,7,0.0,0.7959183673469388,8,0.0,0.7210884353741497,6,1.0,0.0,False,0.0,False,False,False,0.0,0.0
javaparser/javaparser,e0fc0c4246e365c7,False,0,59,True,1.0,0.6440677966101694,1,1.0,0.6440677966101694,1,1.0,0.6949152542372882,3,1.0,0.9464285714285714,0,1.0,0.0,False,0.0,False,False,False,1.0,1.0
javaparser/javaparser,02ec9ba998d8b7f6,True,1,144,True,0.0,0.4166666666666667,2,0.0,0.25,2,0.0,0.375,4,0.0,0.39568345323741005,2,0.0,0.0,False,0.0,False,False,False,0.0,0.0
javaparser/javaparser,6c591591b9364f49,False,0,209,True,0.0,0.69377990430622,1,0.0,0.7033492822966507,1,0.0,0.7416267942583732,1,0.0,0.7259615384615384,0,1.0,0.0,False,0.0,False,False,False,0.0,0.0
javaparser/javaparser,15b6ee536d4e1e3e,False,0,266,True,0.0,0.6879699248120301,1,0.0,0.6917293233082706,1,0.0,0.7105263157894737,2,0.0,0.7433962264150943,0,1.0,0.0,False,0.0,False,False,False,0.0,0.0
javaparser/javaparser,d721160e06a696b5,False,0,148,True,0.0,0.42567567567567566,7,0.0,0.42567567567567566,8,0.0,0.43243243243243246,9,0.0,0.43537414965986393,6,1.0,0.0,False,0.0,False,False,False,0.0,0.0
lichess-org/lila,c7c46b27e883a628,True,1,87,True,0.0,0.2988505747126437,1,0.0,0.2988505747126437,1,0.0,0.2988505747126437,1,0.0,0.39080459770114945,1,0.0,0.0,True,1.0,False,False,False,0.0,0.0
lichess-org/lila,e64d24972917085f,False,0,65,True,1.0,0.9538461538461539,1,1.0,0.9230769230769231,2,1.0,0.9230769230769231,2,1.0,0.9538461538461539,2,1.0,0.0,False,1.0,False,False,False,1.0,1.0
lichess-org/lila,9757495baed87e06,False,1,242,True,1.0,0.7066115702479339,4,1.0,0.7148760330578512,4,1.0,0.5702479338842975,4,1.0,0.6983471074380165,4,0.0,1.0,True,1.0,False,False,False,1.0,1.0
lichess-org/lila,fed7cc31c60c45bb,False,1,267,True,1.0,0.9550561797752809,2,1.0,0.9550561797752809,2,1.0,0.6067415730337079,4,1.0,0.9662921348314607,2,1.0,1.0,True,1.0,False,False,False,1.0,1.0
lichess-org/lila,f304b9df44ebdcf5,False,1,64,True,1.0,0.421875,2,0.0,0.390625,4,0.0,0.28125,5,1.0,0.421875,2,0.0,0.0,True,1.0,False,False,False,1.0,1.0
lichess-org/lila,b1e3aa57337260c4,False,0,54,True,1.0,0.6851851851851852,0,1.0,0.6481481481481481,0,1.0,0.6851851851851852,0,1.0,0.6666666666666666,0,1.0,1.0,True,1.0,False,False,False,1.0,1.0
lichess-org/lila,e34f99c668dda041,True,1,20,True,0.0,0.45,0,0.0,0.55,0,0.0,0.25,0,0.0,0.55,0,0.0,0.0,True,0.0,False,False,True,0.0,0.0
lichess-org/lila,224b3d164ed2992b,False,0,24,True,0.0,0.7083333333333334,0,0.0,0.7083333333333334,0,0.0,0.7083333333333334,0,0.0,0.75,1,0.0,0.0,False,0.0,False,False,False,0.0,0.0
lichess-org/lila,42bf2225c5870bf6,False,4,247,True,0.0,0.3522267206477733,3,0.0,0.3319838056680162,6,0.0,0.32388663967611336,6,0.0,0.3603238866396761,3,0.0,0.0,True,0.0,False,False,False,0.0,0.0
lichess-org/lila,98f7141e9f035720,False,0,240,True,0.0,0.8291666666666667,1,0.0,0.6166666666666667,3,0.0,0.6166666666666667,4,0.0,0.9707112970711297,2,0.0,0.0,True,0.0,False,False,False,0.0,0.0
lichess-org/lila,3ec5706efb6621ed,False,0,122,True,1.0,0.5491803278688525,0,1.0,0.4344262295081967,1,1.0,0.4344262295081967,1,1.0,0.7049180327868853,0,1.0,1.0,True,1.0,False,False,False,1.0,1.0
lichess-org/lila,4630fe6ad4a098b6,False,4,455,True,1.0,0.8065934065934066,3,1.0,0.7626373626373626,3,1.0,0.7626373626373626,3,1.0,0.8898678414096917,4,1.0,1.0,True,1.0,False,False,False,1.0,1.0
lichess-org/lila,8fd74420ca55aa91,False,1,6,True,0.0,0.6666666666666666,0,0.0,0.8333333333333334,0,0.0,0.8333333333333334,0,0.0,0.8333333333333334,0,0.0,0.0,True,0.0,False,False,False,0.0,0.0
lichess-org/lila,ed9feaa882736ee2,False,9,698,True,1.0,0.5659025787965616,15,1.0,0.5687679083094556,15,1.0,0.5802292263610315,17,1.0,0.5702005730659025,15,0.0,0.0,True,1.0,False,False,False,1.0,1.0
lichess-org/lila,26efe5e1df184256,False,1,180,True,1.0,0.8333333333333334,3,1.0,0.8055555555555556,4,1.0,0.7777777777777778,4,1.0,0.8277777777777777,3,0.0,1.0,True,0.0,False,False,False,1.0,1.0
lichess-org/lila,1c0a1098688ce6f9,False,8,147,True,0.0,0.4421768707482993,4,0.0,0.43537414965986393,5,0.0,0.43537414965986393,5,0.0,0.3129251700680272,3,0.0,0.0,True,1.0,False,False,False,0.0,0.0
lichess-org/lila,e6d88fd0ac6a8059,False,0,157,True,1.0,0.46496815286624205,0,1.0,0.42038216560509556,0,1.0,0.43312101910828027,0,1.0,0.631578947368421,1,1.0,1.0,True,1.0,False,False,False,1.0,1.0
lichess-org/lila,ebfd8aa1efe51331,False,0,57,True,1.0,0.9824561403508771,1,1.0,0.9824561403508771,1,0.0,0.631578947368421,0,1.0,0.9824561403508771,1,1.0,1.0,True,1.0,False,False,False,1.0,1.0
lichess-org/lila,df0f48d7909e4516,False,0,25,True,0.0,0.88,1,0.0,0.88,1,0.0,0.88,1,0.0,0.96,1,0.0,0.0,False,0.0,False,False,False,0.0,0.0
lichess-org/lila,de59f6386c8c54cd,False,3,427,True,1.0,0.4637002341920375,3,1.0,0.4707259953161593,3,1.0,0.48711943793911006,3,1.0,0.5647058823529412,4,1.0,1.0,True,1.0,False,False,False,1.0,1.0
lichess-org/lila,8e32ce797319b89e,False,0,66,True,0.0,0.42424242424242425,4,0.0,0.4696969696969697,4,0.0,0.4696969696969697,4,0.0,0.42424242424242425,4,0.0,0.0,True,0.0,False,False,False,0.0,0.0
lichess-org/lila,af68008551fd822a,False,1,235,True,1.0,0.6808510638297872,4,1.0,0.548936170212766,4,1.0,0.5702127659574469,4,1.0,0.7350427350427351,5,1.0,1.0,True,1.0,False,False,False,1.0,1.0
wkentaro/labelme,b803fcb7f17ed923,False,0,82,True,1.0,0.9634146341463414,1,1.0,0.9146341463414634,0,1.0,0.9390243902439024,0,1.0,0.9634146341463414,1,1.0,1.0,True,1.0,False,False,False,1.0,1.0
wkentaro/labelme,26f58ddfde125e70,False,43,2222,True,1.0,0.6314131413141314,31,1.0,0.6161116111611161,32,1.0,0.6116111611161116,31,1.0,0.582537517053206,33,1.0,1.0,True,1.0,False,False,False,1.0,1.0
wkentaro/labelme,9f10744d6c7b85ba,False,4,122,True,1.0,0.9426229508196722,2,1.0,0.9426229508196722,2,1.0,0.9426229508196722,2,1.0,0.9262295081967213,3,1.0,1.0,True,1.0,False,False,False,1.0,1.0
wkentaro/labelme,8d749bfdddb720a1,False,4,93,True,0.0,0.4731182795698925,0,0.0,0.4731182795698925,0,0.0,0.4731182795698925,0,0.0,0.5483870967741935,0,1.0,1.0,True,1.0,False,False,False,0.0,0.0
wkentaro/labelme,61a1c715bb716ccf,False,2,74,True,1.0,0.6756756756756757,1,1.0,0.7027027027027027,2,1.0,0.6351351351351351,1,1.0,0.7432432432432432,1,1.0,1.0,True,1.0,False,False,False,1.0,1.0
wkentaro/labelme,b084bdaec18bd8d3,False,1,14,True,1.0,1.0,0,1.0,1.0,0,1.0,1.0,0,1.0,1.0,0,1.0,1.0,True,1.0,False,False,False,1.0,1.0
wkentaro/labelme,e847071bd8b9cd77,False,0,98,True,1.0,0.9489795918367347,2,1.0,0.9489795918367347,2,1.0,0.9489795918367347,2,1.0,0.9693877551020408,2,1.0,1.0,True,1.0,False,False,False,1.0,1.0
wkentaro/labelme,7df5c051911e1926,False,0,35,True,1.0,1.0,0,1.0,1.0,0,1.0,1.0,0,1.0,1.0,0,1.0,1.0,True,1.0,False,False,False,1.0,1.0
wkentaro/labelme,237981aa969a7375,False,0,37,True,1.0,0.9459459459459459,0,1.0,0.9459459459459459,0,1.0,0.9459459459459459,0,1.0,0.9459459459459459,0,0.0,0.0,False,1.0,False,False,False,1.0,1.0
wkentaro/labelme,d404122be309aca8,False,0,24,True,1.0,1.0,0,1.0,1.0,0,1.0,1.0,0,1.0,1.0,0,1.0,0.0,False,1.0,False,False,False,1.0,1.0
wkentaro/labelme,0bc2cf8f5cdc9d93,False,0,116,True,1.0,0.8879310344827587,0,1.0,0.8879310344827587,0,1.0,0.9051724137931034,0,1.0,1.0,0,1.0,1.0,True,1.0,False,False,False,1.0,1.0
wkentaro/labelme,e2bebdcbc17551f8,False,0,49,True,1.0,0.9387755102040817,0,1.0,0.9387755102040817,0,1.0,0.9387755102040817,0,1.0,0.9183673469387755,0,1.0,1.0,True,1.0,False,False,False,1.0,1.0
wkentaro/labelme,6181a41a7bc5782e,False,1,141,True,1.0,1.0,0,1.0,1.0,0,1.0,1.0,0,1.0,1.0,0,1.0,1.0,True,1.0,False,False,False,1.0,1.0
wkentaro/labelme,d445826c6a9fb5de,False,3,145,True,1.0,0.9655172413793104,1,1.0,0.9655172413793104,1,1.0,0.9655172413793104,1,1.0,0.9652777777777778,1,1.0,0.0,True,1.0,False,False,False,1.0,1.0
wkentaro/labelme,0f10ffa6d37d90de,False,1,93,True,1.0,1.0,0,1.0,1.0,0,1.0,1.0,0,1.0,1.0,0,1.0,1.0,True,1.0,False,False,False,1.0,1.0
wkentaro/labelme,d3f5c5224bb4fc62,False,0,65,True,1.0,0.9846153846153847,1,1.0,0.9846153846153847,1,1.0,0.9538461538461539,2,1.0,0.9846153846153847,1,1.0,1.0,True,1.0,False,False,False,1.0,1.0
wkentaro/labelme,c36f141476944274,False,1,68,True,1.0,1.0,0,1.0,1.0,0,1.0,1.0,0,1.0,1.0,0,1.0,1.0,True,1.0,False,False,False,1.0,1.0
wkentaro/labelme,bc86e03be465d646,False,5,26,True,0.5,0.38461538461538464,0,0.5,0.38461538461538464,0,0.5,0.38461538461538464,0,0.5,0.5,0,1.0,1.0,True,1.0,False,False,False,0.5,0.5
wkentaro/labelme,4cb07fba5297db2c,False,1,78,True,0.0,0.782051282051282,0,0.0,0.782051282051282,0,0.0,0.782051282051282,0,0.0,0.8333333333333334,0,1.0,1.0,True,1.0,False,False,False,0.0,0.0
wkentaro/labelme,86022ef48b8ff2d4,False,1,21,True,1.0,0.6190476190476191,1,1.0,0.6190476190476191,1,1.0,0.6190476190476191,1,1.0,0.6190476190476191,0,1.0,1.0,True,1.0,False,False,False,1.0,1.0
wkentaro/labelme,8d6b3784d27960f9,False,2,199,True,1.0,0.8542713567839196,0,1.0,0.8542713567839196,0,1.0,0.8492462311557789,1,1.0,1.0,0,1.0,1.0,True,1.0,False,False,False,1.0,1.0
wkentaro/labelme,7b04d17815ef0375,False,3,44,True,1.0,0.9772727272727273,1,1.0,0.9772727272727273,1,1.0,0.9545454545454546,1,1.0,1.0,0,1.0,1.0,True,1.0,False,False,False,1.0,1.0
wkentaro/labelme,2c798ab4d2a1f294,False,0,34,True,1.0,1.0,0,1.0,1.0,0,1.0,1.0,0,1.0,1.0,0,1.0,0.0,False,1.0,False,False,False,1.0,1.0
wkentaro/labelme,c29d43c632d9da4d,False,18,267,True,1.0,0.947565543071161,4,1.0,0.947565543071161,4,1.0,0.947565543071161,5,1.0,0.9325842696629213,4,1.0,1.0,True,1.0,False,False,False,1.0,1.0
storybookjs/storybook,e6f8e5904d66c338,False,0,12,True,0.0,0.5,0,0.0,0.5,0,0.0,0.5,0,0.0,0.6,0,0.0,0.0,False,0.0,False,False,False,0.0,0.0
storybookjs/storybook,e8cc604f67f49484,False,5,302,True,0.0,0.4205298013245033,4,0.0,0.5132450331125827,4,0.0,0.5033112582781457,4,0.0,0.423841059602649,4,0.0,0.0,True,0.0,False,False,False,0.0,0.0
storybookjs/storybook,87b8b8a5ffc9bfd5,False,0,70,True,0.0,0.5857142857142857,5,0.0,0.5857142857142857,5,0.0,0.5857142857142857,5,0.0,0.5735294117647058,5,0.0,0.0,True,0.0,False,False,False,0.0,0.0
storybookjs/storybook,c7ceb74ac3fbeb19,False,0,83,True,0.0,0.46987951807228917,3,0.0,0.4578313253012048,3,0.0,0.4457831325301205,2,0.0,0.4819277108433735,3,0.0,0.0,True,0.0,False,False,False,0.0,0.0
storybookjs/storybook,c5c51d8f6f390682,False,0,258,True,0.0,0.3682170542635659,3,0.0,0.44573643410852715,5,0.0,0.44573643410852715,5,0.0,0.4581673306772908,3,0.0,0.0,True,0.0,False,False,False,0.0,0.0
storybookjs/storybook,00bdecfe2c1eea8a,False,0,184,True,0.0,0.5869565217391305,2,0.0,0.5869565217391305,2,0.0,0.592391304347826,2,0.0,0.5956284153005464,2,0.0,1.0,True,0.0,False,False,False,0.0,0.0
storybookjs/storybook,4979566deda539a8,False,0,154,True,1.0,0.5,1,1.0,0.4805194805194805,1,1.0,0.4805194805194805,1,1.0,0.5099337748344371,1,0.0,0.0,True,0.0,False,False,False,1.0,1.0
storybookjs/storybook,8e8215e0693816a3,False,0,215,True,0.0,0.986046511627907,1,0.0,0.986046511627907,1,0.0,0.986046511627907,1,0.0,0.986046511627907,1,0.0,0.0,True,0.0,True,True,False,0.0,0.0
storybookjs/storybook,b3fbcaa3dbf6f88c,False,0,52,True,1.0,0.46153846153846156,8,1.0,0.5192307692307693,8,1.0,0.38461538461538464,6,1.0,0.4,8,0.0,0.0,True,1.0,False,False,False,1.0,1.0
storybookjs/storybook,ea752dd54b88d46c,False,0,51,True,0.0,0.6862745098039216,0,0.0,0.6862745098039216,0,0.0,0.6862745098039216,0,0.0,0.7142857142857143,0,0.0,0.0,True,0.0,True,True,False,0.0,0.0
storybookjs/storybook,e675e8ac39ec699c,False,0,121,True,0.0,0.8842975206611571,3,0.0,0.8842975206611571,3,0.0,0.8842975206611571,3,0.0,0.8991596638655462,2,0.0,0.0,True,0.0,False,False,False,0.0,0.0
storybookjs/storybook,a1f8e2707776f3ad,False,0,15,True,0.0,0.8,0,0.0,0.8,0,0.0,0.8666666666666667,0,0.0,0.8666666666666667,0,0.0,0.0,False,0.0,False,False,False,0.0,0.0
storybookjs/storybook,0f5b3d7826b0e1b7,False,0,99,True,0.0,0.8484848484848485,0,0.0,0.8484848484848485,0,0.0,0.8585858585858586,0,0.0,0.865979381443299,0,0.0,0.0,True,0.0,True,True,False,0.0,0.0
storybookjs/storybook,1480309c62df1dea,False,1,148,True,1.0,0.8986486486486487,3,1.0,0.8986486486486487,3,1.0,0.8918918918918919,3,1.0,0.8972602739726028,3,1.0,0.0,False,1.0,False,False,False,1.0,1.0
storybookjs/storybook,f3c7a2196c86a2e5,False,0,296,True,0.0,0.4527027027027027,5,0.0,0.6182432432432432,6,0.0,0.6081081081081081,5,0.0,0.45733788395904434,5,1.0,1.0,True,1.0,False,False,False,0.0,0.0
storybookjs/storybook,0ac59910eeeec1f2,False,1,218,True,0.0,0.9678899082568807,2,0.0,0.9678899082568807,2,0.0,0.9678899082568807,2,0.0,0.9723502304147466,3,0.0,0.0,False,0.0,True,True,False,0.0,0.0
storybookjs/storybook,e4a1f2ee34ef7049,False,0,27,True,0.0,0.9629629629629629,1,0.0,0.9629629629629629,1,0.0,0.9629629629629629,1,0.0,0.9629629629629629,1,0.0,0.0,True,0.0,False,False,False,0.0,0.0
storybookjs/storybook,81075d0b21994ef5,False,0,71,True,0.0,0.36619718309859156,1,0.0,0.36619718309859156,1,0.0,0.36619718309859156,1,0.0,0.37142857142857144,1,0.0,0.0,True,0.0,False,False,False,0.0,0.0
storybookjs/storybook,c9c2d5a5aba40213,False,0,34,True,0.0,0.9705882352941176,1,0.0,0.9705882352941176,1,0.0,0.9705882352941176,1,0.0,0.96875,1,0.0,0.0,True,0.0,False,False,False,0.0,0.0
storybookjs/storybook,ff10b46b6803b9bd,False,2,64,True,0.0,0.46875,5,0.0,0.5,5,0.0,0.484375,6,0.0,0.46875,5,0.0,0.0,True,0.0,False,False,False,0.0,0.0
storybookjs/storybook,e2eb8fbe040febb4,False,1,667,True,0.0,0.623688155922039,3,0.0,0.6176911544227887,2,0.0,0.638680659670165,2,0.0,0.623688155922039,3,0.0,0.0,True,0.0,False,False,False,0.0,0.0
storybookjs/storybook,21d854ddea1ed3f9,False,0,275,True,1.0,0.14909090909090908,20,1.0,0.14909090909090908,21,1.0,0.14909090909090908,22,1.0,0.15018315018315018,20,0.0,1.0,True,0.0,True,True,False,0.0,0.0
storybookjs/storybook,8a56b07b81dae856,False,0,29,True,0.0,0.6896551724137931,0,0.0,0.6896551724137931,0,0.0,0.7241379310344828,0,0.0,0.7777777777777778,0,0.0,0.0,True,0.0,False,False,False,0.0,0.0
teambit/bit,fe4b2f0dd29b65e9,False,0,244,True,0.0,0.29918032786885246,3,0.0,0.28688524590163933,4,0.0,0.2827868852459016,5,0.0,0.29918032786885246,3,1.0,1.0,True,1.0,False,False,False,0.0,0.0
teambit/bit,49576e262f04ce37,False,0,62,True,1.0,0.9032258064516129,1,1.0,0.9193548387096774,1,1.0,0.9193548387096774,1,1.0,0.9354838709677419,2,0.0,0.0,True,0.0,False,False,False,1.0,1.0
teambit/bit,09975310142a9ffc,False,1,18,True,0.0,0.5555555555555556,0,0.0,0.5555555555555556,0,0.0,0.5555555555555556,0,0.0,0.5555555555555556,0,0.0,0.0,True,0.0,False,False,False,0.0,0.0
teambit/bit,da3e766d1592814c,False,0,19,True,0.0,0.5263157894736842,0,0.0,0.8947368421052632,0,0.0,0.8947368421052632,0,0.0,1.0,0,0.0,0.0,False,0.0,False,False,False,0.0,0.0
teambit/bit,78a8a19706dbd2a4,False,33,1324,True,1.0,0.520392749244713,5,1.0,0.5226586102719033,5,0.0,0.5354984894259819,5,1.0,0.5211800302571861,5,1.0,1.0,True,1.0,False,False,False,1.0,1.0
teambit/bit,97a00c4cae55f5c3,False,0,97,True,1.0,0.6391752577319587,2,1.0,0.6494845360824743,2,1.0,0.6494845360824743,2,1.0,0.6494845360824743,2,0.0,1.0,True,0.0,False,False,False,1.0,1.0
teambit/bit,2f32e7414ccdd7c7,False,0,97,True,0.0,0.4639175257731959,0,0.0,0.5051546391752577,0,0.0,0.28865979381443296,0,0.0,0.46875,0,1.0,1.0,True,1.0,False,False,False,0.0,0.0
teambit/bit,a71bc45b38ac752e,False,0,222,True,0.0,0.7072072072072072,3,0.0,0.7072072072072072,3,0.0,0.7072072072072072,4,0.0,0.7104072398190046,3,1.0,0.0,True,1.0,False,False,False,0.0,0.0
teambit/bit,d71a7e0603820453,False,1,335,True,0.0,0.6268656716417911,2,0.0,0.6298507462686567,2,0.0,0.6805970149253732,2,0.0,0.6298507462686567,2,1.0,1.0,True,1.0,False,False,False,0.0,0.0
teambit/bit,437ba967d6485b1e,False,0,311,True,0.0,0.5273311897106109,6,0.0,0.5273311897106109,6,0.0,0.5305466237942122,6,0.0,0.5273311897106109,6,1.0,1.0,True,1.0,False,False,False,0.0,0.0
teambit/bit,5291e1ecbb9d0366,False,0,495,True,1.0,0.6909090909090909,1,1.0,0.6848484848484848,1,1.0,0.6565656565656566,1,1.0,0.6888888888888889,1,1.0,1.0,True,1.0,False,False,False,1.0,1.0
teambit/bit,312745ed574cd38d,False,0,401,True,0.0,0.5037406483790524,2,0.0,0.5561097256857855,2,0.0,0.5635910224438903,2,0.0,0.5311720698254364,2,1.0,1.0,True,1.0,False,False,False,0.0,0.0
teambit/bit,83c839e414544368,False,0,59,True,0.0,0.847457627118644,1,0.0,0.847457627118644,1,0.0,0.8813559322033898,0,0.0,0.8620689655172413,1,1.0,1.0,True,1.0,False,False,False,0.0,0.0
pylint-dev/pylint,7fa3613a0470b923,True,1,1263,True,0.0,0.21536025336500395,37,0.0,0.22327790973871733,39,0.0,0.22723673792557403,40,0.0,0.14445331205107742,43,0.0,0.0,True,0.0,False,False,False,0.0,0.0
pylint-dev/pylint,32257d675e977b13,False,1,417,True,0.0,0.15587529976019185,15,0.0,0.2302158273381295,17,0.0,0.23741007194244604,17,0.0,0.15776699029126215,16,0.0,0.0,True,0.0,True,True,False,0.0,0.0
pylint-dev/pylint,00e5cd9319f06d32,False,0,367,True,0.0,0.29427792915531337,11,0.0,0.29155313351498635,11,0.0,0.28065395095367845,12,0.0,0.3008356545961003,12,0.0,0.0,True,0.0,False,False,False,0.0,0.0
pylint-dev/pylint,76025f0bc82e83cb,False,0,298,True,0.0,0.2986577181208054,12,0.0,0.30201342281879195,13,0.0,0.3221476510067114,13,0.0,0.30272108843537415,13,0.0,0.0,True,0.0,False,False,False,0.0,0.0
pylint-dev/pylint,de723e40a7f92dcd,False,2,1009,True,0.0,0.19226957383548068,28,0.0,0.1774033696729435,25,0.0,0.2091179385530228,28,0.0,0.19226957383548068,28,0.0,0.0,True,0.0,False,False,False,0.0,0.0
pylint-dev/pylint,42df8bb8e2d7b0a1,False,0,43,True,1.0,0.8372093023255814,4,1.0,0.8372093023255814,4,1.0,0.8372093023255814,4,1.0,0.8372093023255814,4,0.0,0.0,False,0.0,False,False,False,1.0,1.0
pylint-dev/pylint,88d4719748807657,False,9,2314,True,0.0,0.20916162489196197,59,0.0,0.17934312878133102,58,0.0,0.18409680207433016,65,0.0,0.2109851787271142,59,0.0,0.0,True,0.0,False,False,False,0.0,0.0
pylint-dev/pylint,d5b587061ef526df,False,1,658,True,0.0,0.36930091185410335,24,0.0,0.37537993920972645,24,0.0,0.3951367781155015,25,0.0,0.23511450381679388,28,1.0,0.5,True,0.0,False,False,False,0.0,0.0
pylint-dev/pylint,94b93503528cbab1,False,1,295,True,1.0,0.22372881355932203,10,1.0,0.22372881355932203,9,1.0,0.22372881355932203,9,1.0,0.22602739726027396,10,0.0,0.5,True,0.0,False,False,False,1.0,1.0
pylint-dev/pylint,9b76776694be02a0,False,10,2354,True,0.0,0.29184367034834324,49,0.0,0.31011045029736617,53,0.0,0.31945624468988953,52,0.0,0.2090443686006826,56,0.0,0.0,True,0.0,False,False,False,0.0,0.0
pylint-dev/pylint,50f5c4bf43c14cba,False,0,569,True,1.0,0.38488576449912126,11,1.0,0.38137082601054484,11,1.0,0.37434094903339193,12,1.0,0.38488576449912126,11,0.0,1.0,True,0.0,False,False,False,1.0,1.0
pylint-dev/pylint,1c142afc02e8b8c4,True,12,3527,True,0.0,0.22426991777714772,49,0.0,0.25148851715338816,51,0.0,0.22256875531613268,55,0.0,0.22272856735972657,55,0.0,0.0,True,0.0,False,False,False,0.0,0.0
pylint-dev/pylint,b3686c0cc0daa842,False,0,214,True,0.0,0.35514018691588783,6,0.0,0.35514018691588783,6,0.0,0.3411214953271028,6,0.0,0.3584905660377358,7,0.0,0.0,True,0.0,False,False,False,0.0,0.0
pylint-dev/pylint,1f493e34315057f3,True,0,697,True,0.0,0.3012912482065997,23,0.0,0.296987087517934,23,0.0,0.2797704447632712,22,0.0,0.15994236311239193,22,0.0,0.0,True,0.0,False,False,False,0.0,0.0
pylint-dev/pylint,adf4fd0d4b9a45c5,False,0,34,True,0.0,0.3235294117647059,1,0.0,0.3235294117647059,1,0.0,0.2647058823529412,2,0.0,0.3235294117647059,1,0.0,0.0,True,0.0,False,False,False,0.0,0.0
pylint-dev/pylint,f89cb739dadf9a3f,False,1,211,True,0.0,0.38388625592417064,7,0.0,0.38388625592417064,7,0.0,0.38388625592417064,7,0.0,0.43137254901960786,7,0.0,0.0,True,0.0,False,False,False,0.0,0.0
dask/dask,fee11b514bc43bbb,True,0,22,True,0.0,0.5909090909090909,2,0.0,0.5909090909090909,2,0.0,0.5909090909090909,2,0.0,0.45,0,0.0,0.0,True,0.0,False,False,False,0.0,0.0
dask/dask,9ec2dbff7574fa6c,False,0,219,True,0.0,0.4018264840182648,9,0.0,0.4977168949771689,10,0.0,0.4931506849315068,11,0.0,0.5504587155963303,10,0.0,0.0,True,0.0,False,False,False,0.0,0.0
dask/dask,ce961485dc8b8afa,True,2,2453,True,0.0,0.31186302486750916,39,0.0,0.31553200163065637,38,0.0,0.34610680799021604,38,0.0,0.1458596048759983,37,0.0,0.0,True,0.0,False,False,False,0.0,0.0
dask/dask,7176adb7d4f1bec2,False,1,518,True,0.0,0.6254826254826255,8,0.0,0.638996138996139,7,0.0,0.6486486486486487,7,0.0,0.8199608610567515,5,0.0,0.0,False,0.0,False,False,False,0.0,0.0
dask/dask,1d130d02b54b78a5,False,2,93,True,0.0,0.9032258064516129,2,0.0,0.8172043010752689,3,0.0,0.8172043010752689,3,0.0,0.9032258064516129,2,0.0,0.0,True,0.0,False,False,False,0.0,0.0
dask/dask,d1a60cbcd400e569,False,0,549,True,0.0,0.6375227686703097,9,0.0,0.6666666666666666,9,0.0,0.6502732240437158,9,0.0,0.6375227686703097,9,0.0,0.0,True,0.0,False,False,False,0.0,0.0
dask/dask,adde88c46628835f,False,0,22,True,1.0,0.5,6,1.0,0.5,6,1.0,0.5,6,1.0,0.47619047619047616,6,0.0,0.0,True,0.0,False,False,False,1.0,1.0
dask/dask,5599d810c9b68c5a,False,0,725,True,0.0,0.576551724137931,13,0.0,0.5779310344827586,13,0.0,0.5641379310344827,13,0.0,0.7290780141843972,13,1.0,0.0,True,0.0,False,False,False,0.0,0.0
dask/dask,e3e662ac1e306048,False,0,549,True,0.0,0.44626593806921677,9,0.0,0.44626593806921677,8,0.0,0.34972677595628415,8,0.0,0.44626593806921677,10,0.0,0.0,True,0.0,False,False,False,0.0,0.0
dask/dask,a31a4643eaa35203,False,0,886,True,0.0,0.2866817155756208,12,0.0,0.29909706546275394,12,0.0,0.3002257336343115,12,0.0,0.49529411764705883,11,0.0,0.0,True,0.0,False,False,False,0.0,0.0
dask/dask,df68bfa1a5c4aa32,True,0,153,True,0.0,0.24836601307189543,8,0.0,0.23529411764705882,7,0.0,0.24183006535947713,7,0.0,0.32666666666666666,9,0.0,0.0,False,0.0,False,False,False,0.0,0.0
dask/dask,aeed19a0f65544b7,False,1,97,True,0.0,0.6082474226804123,4,0.0,0.6185567010309279,4,0.0,0.6391752577319587,4,0.0,0.6736842105263158,3,0.0,0.0,False,0.0,False,False,False,0.0,0.0
dask/dask,54078cfa7ecfe1ae,False,0,26,True,1.0,0.4230769230769231,5,1.0,0.4230769230769231,5,1.0,0.4230769230769231,5,1.0,0.4,5,0.0,0.0,True,0.0,False,False,False,1.0,1.0
dask/dask,2c67fabef1c6ed54,False,0,10,True,0.0,0.8,0,0.0,0.8,0,0.0,0.8,0,0.0,0.8,0,0.0,0.0,False,0.0,False,False,False,0.0,0.0
dask/dask,3caff58da8c5530a,False,1,950,True,0.0,0.2631578947368421,31,0.0,0.2536842105263158,29,0.0,0.25894736842105265,33,0.0,0.2966101694915254,30,0.0,0.0,True,0.0,False,False,False,0.0,0.0
dask/dask,8d76c34a776c0146,False,0,158,True,0.0,0.4620253164556962,8,0.0,0.4620253164556962,8,0.0,0.46835443037974683,8,0.0,0.4620253164556962,8,0.0,0.0,True,0.0,False,False,False,0.0,0.0
dask/dask,594691e882ea756e,False,1,558,True,0.0,0.946236559139785,3,0.0,0.946236559139785,3,0.0,0.946236559139785,3,0.0,0.9623655913978495,3,0.0,0.0,True,0.0,False,False,False,0.0,0.0
dask/dask,379f518d94c51b32,False,0,346,True,0.0,0.9161849710982659,2,0.0,0.9161849710982659,2,0.0,0.9190751445086706,2,0.0,0.9190751445086706,2,0.0,0.0,True,0.0,False,False,False,0.0,0.0
dask/dask,ac03942171562257,False,0,350,True,0.0,0.44,16,0.0,0.44285714285714284,15,0.0,0.44,16,0.0,0.5936599423631124,14,0.0,0.0,False,0.0,False,False,False,0.0,0.0
dask/dask,ddec4e9112475866,False,0,311,True,1.0,0.24758842443729903,10,1.0,0.24758842443729903,9,1.0,0.24758842443729903,8,1.0,0.24758842443729903,9,0.0,0.0,True,0.0,False,False,False,1.0,1.0
dask/dask,18d2a10fcfc8eedd,False,1,125,True,0.0,0.952,5,0.0,0.952,4,0.0,0.872,8,0.0,0.952,5,0.0,0.0,True,0.0,False,False,False,0.0,0.0
zeux/meshoptimizer,7252e1cab42dfa99,False,0,196,True,1.0,1.0,0,1.0,1.0,0,1.0,1.0,0,1.0,1.0,0,1.0,1.0,True,1.0,False,False,False,1.0,1.0
zeux/meshoptimizer,a09935c52184bca6,False,0,513,True,1.0,1.0,0,1.0,1.0,0,1.0,1.0,0,1.0,1.0,0,1.0,1.0,True,1.0,False,False,False,1.0,1.0
zeux/meshoptimizer,aab40ce3a0ebbc6d,False,0,502,True,1.0,1.0,0,1.0,1.0,0,1.0,1.0,0,1.0,1.0,0,1.0,1.0,True,1.0,False,False,False,1.0,1.0
zeux/meshoptimizer,87db21a973eed4fe,False,0,86,True,1.0,1.0,0,1.0,1.0,0,1.0,1.0,0,1.0,1.0,0,1.0,1.0,True,1.0,False,False,False,1.0,1.0
zeux/meshoptimizer,1585840da6764cb8,False,0,27,True,1.0,1.0,0,1.0,1.0,0,1.0,1.0,0,1.0,1.0,0,1.0,0.0,False,1.0,False,False,False,1.0,1.0
zeux/meshoptimizer,235385261fc0ed12,False,0,217,True,1.0,1.0,0,1.0,1.0,0,1.0,1.0,0,1.0,1.0,0,1.0,1.0,True,1.0,False,False,False,1.0,1.0
zeux/meshoptimizer,cb0618c14c125bb7,True,0,33,True,1.0,0.8484848484848485,0,0.0,0.696969696969697,0,0.0,0.696969696969697,0,0.0,0.696969696969697,0,1.0,1.0,True,1.0,False,False,False,1.0,0.0
zeux/meshoptimizer,1e7de1ae2d059d21,False,2,218,True,1.0,0.7889908256880734,6,1.0,0.8165137614678899,7,1.0,0.7889908256880734,8,1.0,0.7870370370370371,6,1.0,1.0,True,1.0,False,False,False,1.0,1.0
zeux/meshoptimizer,281e38a36526f925,False,0,225,True,1.0,1.0,0,1.0,1.0,0,1.0,1.0,0,1.0,1.0,0,1.0,1.0,True,1.0,False,False,False,1.0,1.0
zeux/meshoptimizer,b46773f16389432a,False,0,23,True,1.0,1.0,0,1.0,1.0,0,1.0,1.0,0,1.0,1.0,0,1.0,1.0,True,1.0,False,False,False,1.0,1.0
zeux/meshoptimizer,33e0bb0f7fb5cff6,False,0,74,True,1.0,1.0,0,1.0,1.0,0,1.0,1.0,0,1.0,1.0,0,1.0,0.0,False,1.0,False,False,False,1.0,1.0
zeux/meshoptimizer,840fa93661302ba9,False,1,1021,True,1.0,1.0,0,1.0,1.0,0,1.0,1.0,0,1.0,1.0,0,1.0,1.0,True,1.0,False,False,False,1.0,1.0
zeux/meshoptimizer,4dafd05605d62a05,False,2,2883,True,1.0,0.9986125563648977,1,1.0,0.9986125563648977,1,1.0,0.9986125563648977,1,1.0,0.9985310319500551,1,1.0,1.0,True,1.0,False,False,False,1.0,1.0
zeux/meshoptimizer,8b2f26316c40d666,False,4,628,True,1.0,0.9984076433121019,1,1.0,0.9984076433121019,1,1.0,0.9952229299363057,1,1.0,0.9538216560509554,1,1.0,1.0,True,1.0,False,False,False,1.0,1.0
zeux/meshoptimizer,ce7f473e596dab98,False,0,204,True,1.0,1.0,0,1.0,1.0,0,1.0,1.0,0,1.0,1.0,0,1.0,1.0,True,1.0,False,False,False,1.0,1.0
zeux/meshoptimizer,04ea05645f04a2a2,False,0,54,True,1.0,0.9814814814814815,1,1.0,1.0,0,1.0,1.0,0,1.0,0.9814814814814815,1,1.0,1.0,True,1.0,False,False,False,1.0,1.0
zeux/meshoptimizer,7c0fe739f6a91d2c,False,2,320,True,1.0,1.0,0,1.0,1.0,0,1.0,1.0,0,1.0,1.0,0,1.0,1.0,True,1.0,False,False,False,1.0,1.0
zeux/meshoptimizer,0e3d89a486fe645f,False,1,150,True,1.0,1.0,0,1.0,1.0,0,1.0,1.0,0,1.0,1.0,0,1.0,1.0,True,1.0,False,False,False,1.0,1.0
zeux/meshoptimizer,5fc71c5e5530da93,False,1,460,True,1.0,1.0,0,1.0,1.0,0,1.0,1.0,0,1.0,1.0,0,1.0,1.0,True,1.0,False,False,False,1.0,1.0
zeux/meshoptimizer,989c263881fbaf3f,False,0,620,True,1.0,0.9983870967741936,1,1.0,0.9983870967741936,1,1.0,0.9951612903225806,1,1.0,0.9532258064516129,1,1.0,1.0,True,1.0,False,False,False,1.0,1.0
zeux/meshoptimizer,b18ccd15ec95e2a9,False,1,146,True,1.0,1.0,0,1.0,1.0,0,1.0,1.0,0,1.0,1.0,0,1.0,1.0,True,1.0,False,False,False,1.0,1.0
zeux/meshoptimizer,716fdf2371cd0eb5,False,1,372,True,1.0,0.9865591397849462,1,1.0,0.9865591397849462,1,1.0,0.9865591397849462,1,1.0,0.9865591397849462,1,1.0,0.0,False,1.0,False,False,False,1.0,1.0
netblue30/firejail,2d78c04aaff072e0,False,0,72,True,0.0,0.5694444444444444,2,0.0,0.5694444444444444,2,0.0,0.5694444444444444,2,0.0,0.6527777777777778,2,1.0,1.0,True,1.0,False,False,False,0.0,0.0
netblue30/firejail,05b847f22deeaa30,False,0,57,True,0.0,0.8771929824561403,3,0.0,0.8771929824561403,3,0.0,0.8771929824561403,3,0.0,0.9298245614035088,3,1.0,0.0,False,0.0,False,False,False,0.0,0.0
netblue30/firejail,443859297a4fdefc,False,0,62,True,0.0,0.7258064516129032,2,0.0,0.7741935483870968,3,0.0,0.7741935483870968,3,0.0,0.8709677419354839,2,1.0,0.0,False,0.0,False,False,False,0.0,0.0
netblue30/firejail,d370858d210f179c,True,0,53,True,0.0,0.18867924528301888,3,0.0,0.18867924528301888,3,0.0,0.18867924528301888,3,0.0,0.18867924528301888,3,0.0,0.0,False,0.0,False,False,True,0.0,0.0
netblue30/firejail,f7167e7eacbaa460,False,0,27,True,0.0,0.8148148148148148,1,0.0,0.8148148148148148,1,0.0,0.8148148148148148,1,0.0,0.9629629629629629,1,0.0,0.0,False,1.0,False,False,False,0.0,0.0
netblue30/firejail,705f4696341e58e5,False,0,70,True,0.0,0.24285714285714285,2,0.0,0.24285714285714285,2,0.0,0.24285714285714285,3,0.0,0.24285714285714285,3,0.0,0.0,False,0.0,False,False,False,0.0,0.0
netblue30/firejail,83f3c0e49bc758bf,False,0,48,True,0.0,0.7916666666666666,4,0.0,0.7916666666666666,4,0.0,0.7916666666666666,4,0.0,0.8333333333333334,3,0.0,0.0,False,0.0,False,False,False,0.0,0.0
netblue30/firejail,3947f3f54bf0da6d,False,0,56,True,0.0,0.8035714285714286,3,0.0,0.8035714285714286,3,0.0,0.8035714285714286,3,0.0,0.875,4,0.0,0.0,True,0.0,False,False,False,0.0,0.0
netblue30/firejail,443e118ce27845b7,False,0,49,True,0.0,0.7959183673469388,4,0.0,0.7959183673469388,4,0.0,0.7959183673469388,4,0.0,0.8367346938775511,3,0.0,0.0,False,0.0,False,False,False,0.0,0.0
netblue30/firejail,a8f347f5979821e3,False,0,44,True,0.0,0.6818181818181818,2,0.0,0.6818181818181818,2,0.0,0.7272727272727273,1,0.0,0.7272727272727273,1,0.0,0.0,True,0.0,False,False,False,0.0,0.0
netblue30/firejail,7ba32a4c099dedb7,False,0,296,True,0.0,0.625,4,0.0,0.6216216216216216,4,0.0,0.5101351351351351,4,0.0,0.625,4,1.0,1.0,True,1.0,False,False,False,0.0,0.0
netblue30/firejail,2649e71767d265c6,False,0,63,True,0.0,0.9206349206349206,4,0.0,0.9206349206349206,4,0.0,0.9206349206349206,4,0.0,0.9365079365079365,3,0.0,0.0,False,0.0,False,False,False,0.0,0.0
netblue30/firejail,c946a5785fb1f464,True,1,66,True,0.0,0.16666666666666666,8,0.0,0.16666666666666666,7,0.0,0.16666666666666666,7,0.0,0.2727272727272727,8,0.0,0.0,False,0.0,False,False,True,0.0,0.0
n8n-io/n8n,0f9d8a623eb48b40,False,2,88,True,0.0,0.45454545454545453,2,0.0,0.45454545454545453,2,0.0,0.4659090909090909,2,0.0,0.45454545454545453,2,0.0,0.0,True,0.0,False,False,False,0.0,0.0
n8n-io/n8n,f382b93769cafca9,False,1,158,True,1.0,0.9556962025316456,4,1.0,0.9556962025316456,4,1.0,0.5253164556962026,4,1.0,0.9620253164556962,3,0.0,0.0,True,0.0,False,False,False,1.0,1.0
n8n-io/n8n,8aec3e41a9c710af,False,1,424,True,0.0,0.5778301886792453,9,0.0,0.5919811320754716,9,0.0,0.7240566037735849,9,0.0,0.5778301886792453,10,0.0,0.0,True,0.0,False,False,False,0.0,0.0
n8n-io/n8n,200b87a9bf0e3cf9,False,3,29,True,0.0,0.7931034482758621,1,0.0,0.3793103448275862,1,0.0,0.3793103448275862,1,0.0,0.7931034482758621,1,0.0,0.5,True,0.0,False,False,False,0.0,0.0
n8n-io/n8n,5f4f91236cfa7cfd,False,0,626,True,0.0,0.476038338658147,4,0.0,0.48083067092651754,4,0.0,0.26677316293929715,4,0.0,0.476038338658147,4,0.0,0.0,True,0.0,False,False,False,0.0,0.0
n8n-io/n8n,4b603abc95704163,False,1,102,True,0.0,0.5588235294117647,4,0.0,0.5882352941176471,3,0.0,0.5588235294117647,5,0.0,0.5588235294117647,4,0.0,0.0,True,0.0,False,False,False,0.0,0.0
n8n-io/n8n,4130156b8534285a,False,1,263,True,0.0,0.8060836501901141,5,0.0,0.8060836501901141,5,0.0,0.7756653992395437,4,0.0,0.8060836501901141,5,0.0,0.0,True,0.0,False,False,False,0.0,0.0
n8n-io/n8n,8f0537faddb20631,False,0,379,True,0.0,0.9604221635883905,6,0.0,0.9604221635883905,6,0.0,0.9630606860158312,6,0.0,0.9604221635883905,6,0.0,0.0,True,0.0,False,False,False,0.0,0.0
n8n-io/n8n,40b984b9569742d5,False,0,2742,True,0.0,0.9923413566739606,4,0.0,0.9923413566739606,4,0.0,0.3574033552151714,13,0.0,0.9927060539752006,4,0.0,0.0,True,0.0,False,False,False,,
apollographql/apollo-client,d53fada4c18b028e,False,1,31,True,0.0,0.7419354838709677,2,0.0,0.7419354838709677,2,0.0,0.7419354838709677,2,0.0,0.9354838709677419,2,0.0,0.0,True,0.0,False,False,False,0.0,0.0
apollographql/apollo-client,61cffa353d7574ee,False,3,540,True,1.0,0.5055555555555555,2,1.0,0.5370370370370371,2,1.0,0.4648148148148148,5,1.0,0.5055555555555555,2,0.0,0.0,True,1.0,False,False,False,1.0,1.0
apollographql/apollo-client,df70656746a3d5a0,False,0,264,True,1.0,0.5151515151515151,2,1.0,0.45454545454545453,3,1.0,0.4659090909090909,4,1.0,0.5151515151515151,2,0.0,0.0,True,1.0,False,False,False,1.0,1.0
apollographql/apollo-client,61c0c1641f292ca5,False,0,1244,True,1.0,0.9477491961414791,5,1.0,0.927652733118971,11,1.0,0.7813504823151125,13,1.0,0.9413183279742765,5,1.0,1.0,True,1.0,False,False,False,1.0,1.0
apollographql/apollo-client,221ec56332617dc2,True,0,179,True,0.0,0.5977653631284916,2,0.0,0.9776536312849162,3,0.0,0.9776536312849162,3,0.0,0.9832402234636871,2,1.0,0.0,False,0.0,False,False,False,,
apollographql/apollo-client,ae361d9f034f3f3d,False,1,951,True,1.0,0.7760252365930599,2,1.0,0.7055730809674028,2,1.0,0.6908517350157729,2,1.0,0.7707676130389064,2,0.0,1.0,True,1.0,False,False,False,1.0,1.0
apollographql/apollo-client,ac128b616357accb,False,2,511,True,1.0,0.5812133072407045,4,1.0,0.6653620352250489,4,1.0,0.5655577299412916,8,1.0,0.5812133072407045,5,0.0,1.0,True,1.0,False,False,False,1.0,1.0
apollographql/apollo-client,80ebcd3dc48e85c1,False,2,386,True,0.0,0.4844559585492228,6,0.0,0.48704663212435234,6,0.0,0.47668393782383417,10,0.0,0.4909090909090909,6,0.0,1.0,True,1.0,False,False,False,0.0,0.0
unit8co/darts,b4f08c67d136584c,False,1,228,True,0.0,0.5657894736842105,3,0.0,0.5701754385964912,3,0.0,0.6052631578947368,3,0.0,0.6651982378854625,3,0.0,0.0,True,1.0,False,False,False,0.0,0.0
unit8co/darts,ed2dbabd338ea25a,False,0,172,True,0.0,0.4069767441860465,3,0.0,0.4069767441860465,3,0.0,0.4069767441860465,3,0.0,0.4166666666666667,1,1.0,1.0,True,1.0,False,False,False,0.0,0.0
unit8co/darts,7af1e5e729124166,False,3,720,True,1.0,0.3,14,1.0,0.30833333333333335,14,1.0,0.30972222222222223,17,1.0,0.4677871148459384,14,0.0,0.5,True,1.0,False,False,False,1.0,1.0
unit8co/darts,426c75643ad3a7c2,False,2,69,True,1.0,0.9130434782608695,4,1.0,0.9130434782608695,3,1.0,0.9130434782608695,3,1.0,0.9130434782608695,3,1.0,1.0,True,1.0,False,False,False,1.0,1.0
unit8co/darts,36321ccb367d11f7,False,1,390,True,0.0,0.7025641025641025,2,0.0,0.7692307692307693,2,0.0,0.7717948717948718,2,0.0,0.8441558441558441,1,1.0,0.0,False,1.0,False,False,False,0.0,0.0
unit8co/darts,99116a373c89235e,False,1,161,True,0.0,0.84472049689441,2,0.0,0.84472049689441,2,0.0,0.8509316770186336,2,0.0,0.8509316770186336,3,1.0,1.0,True,1.0,False,False,False,0.0,0.0
unit8co/darts,5a4de1ee78005e4b,False,4,840,True,0.0,0.275,7,0.0,0.305952380952381,7,0.0,0.31547619047619047,8,0.0,0.3389221556886228,6,0.0,1.0,True,1.0,False,False,False,0.0,0.0
unit8co/darts,d4cde3621dbd0752,False,1,365,True,0.0,0.4054794520547945,5,1.0,0.29041095890410956,4,1.0,0.273972602739726,4,0.0,0.4054794520547945,4,0.0,1.0,True,1.0,False,False,False,0.0,0.0
unit8co/darts,81b188f3b6ce8829,False,1,137,True,1.0,0.7372262773722628,2,1.0,0.7226277372262774,2,1.0,0.7226277372262774,2,1.0,0.7941176470588235,1,1.0,1.0,True,1.0,False,False,False,1.0,1.0
unit8co/darts,65b16016ed02bcac,True,3,1090,True,0.0,0.20642201834862386,18,1.0,0.20733944954128442,19,0.0,0.19724770642201836,20,1.0,0.2365988909426987,16,1.0,0.3333333333333333,True,1.0,False,False,False,0.0,1.0
unit8co/darts,45fd3fc92a9821b0,False,0,5,True,0.0,0.6,0,0.0,0.8,0,0.0,0.8,0,0.0,0.8,0,0.0,0.0,False,0.0,False,False,False,0.0,0.0
unit8co/darts,86d305fbf8763a38,False,3,830,True,0.0,0.7975903614457831,4,0.0,0.7975903614457831,4,0.0,0.8024096385542169,5,0.0,0.808433734939759,5,0.0,1.0,True,1.0,False,False,False,0.0,0.0
unit8co/darts,fa10235d0b5015bb,False,1,374,True,0.0,0.6283422459893048,3,0.0,0.6417112299465241,2,0.0,0.660427807486631,3,0.0,0.6344086021505376,2,1.0,1.0,True,1.0,False,False,False,0.0,0.0
unit8co/darts,4cb13c55415a8e79,False,1,615,True,0.0,0.46016260162601624,5,0.0,0.46504065040650405,5,0.0,0.43089430894308944,3,0.0,0.4609120521172638,5,1.0,0.0,True,1.0,False,False,False,0.0,0.0
unit8co/darts,03f2db07011250c4,False,4,3559,True,1.0,0.5082888451812306,31,1.0,0.49423995504355156,32,1.0,0.4310199494239955,34,1.0,0.52,31,0.0,1.0,True,1.0,False,False,False,1.0,1.0
unit8co/darts,2205c41aabaf7800,False,0,317,True,0.0,0.5899053627760252,1,0.0,0.5678233438485805,1,0.0,0.6782334384858044,1,0.0,0.5488958990536278,0,0.0,0.0,False,1.0,False,False,False,0.0,0.0
unit8co/darts,2902c5ffcdd6f590,False,2,761,True,0.0,0.45992115637319314,1,0.0,0.5203679369250985,2,0.0,0.5492772667542707,2,0.0,0.45992115637319314,1,1.0,1.0,True,1.0,False,False,False,0.0,0.0
unit8co/darts,80fc3fbcd9573134,False,2,262,True,0.0,0.8206106870229007,5,0.0,0.8206106870229007,5,0.0,0.8206106870229007,5,0.0,0.8206106870229007,4,1.0,1.0,True,1.0,False,False,False,0.0,0.0
unit8co/darts,14c7f527fc1028f4,True,1,200,True,0.0,0.215,3,0.0,0.215,3,0.0,0.215,3,0.0,0.24242424242424243,2,1.0,1.0,True,1.0,False,False,False,0.0,0.0
unit8co/darts,6d0f9ed76bd921b9,False,0,202,True,1.0,0.9257425742574258,4,0.0,0.3910891089108911,4,0.0,0.3910891089108911,3,1.0,0.9257425742574258,3,1.0,1.0,True,1.0,False,False,False,1.0,1.0
unit8co/darts,ecefca98b6a7eff7,False,2,142,True,0.0,0.2676056338028169,3,0.0,0.2676056338028169,3,0.0,0.2676056338028169,3,0.0,0.2695035460992908,1,1.0,0.5,True,1.0,False,False,False,0.0,0.0
guidance-ai/guidance,393336f577dbc6f1,False,3,341,True,0.0,0.21700879765395895,3,0.0,0.21700879765395895,3,0.0,0.21700879765395895,5,0.0,0.2215568862275449,3,0.0,0.0,True,0.0,False,False,False,0.0,0.0
guidance-ai/guidance,fa7c814b79b03de0,False,0,34,True,1.0,0.9117647058823529,1,1.0,0.9117647058823529,3,1.0,0.9117647058823529,3,1.0,0.96875,1,1.0,1.0,True,1.0,False,False,False,1.0,1.0
guidance-ai/guidance,251bad82cff45abd,False,1,292,True,1.0,0.4143835616438356,2,1.0,0.4143835616438356,2,0.0,0.4143835616438356,1,1.0,0.426056338028169,2,1.0,1.0,True,1.0,False,False,False,1.0,1.0
guidance-ai/guidance,00fc38d0b86ff352,False,0,31,True,1.0,0.3870967741935484,0,0.0,0.3870967741935484,1,0.0,0.3870967741935484,1,1.0,0.4,0,1.0,1.0,True,1.0,False,False,False,1.0,1.0
guidance-ai/guidance,e1c5318e234c0c24,False,0,73,True,0.0,0.5068493150684932,1,0.0,0.5205479452054794,1,0.0,0.5342465753424658,1,0.0,0.6911764705882353,1,1.0,1.0,True,1.0,False,False,False,0.0,0.0
guidance-ai/guidance,545d252ef2e2baae,False,0,76,True,1.0,0.39473684210526316,1,1.0,0.40789473684210525,1,1.0,0.3157894736842105,1,1.0,0.39473684210526316,1,1.0,1.0,True,1.0,False,False,False,1.0,1.0
guidance-ai/guidance,e60c651b7b6a67e1,False,0,60,True,0.0,0.6166666666666667,3,0.0,0.6166666666666667,2,0.0,0.6166666666666667,2,0.0,0.6166666666666667,3,1.0,1.0,True,1.0,False,False,False,0.0,0.0
guidance-ai/guidance,cabfc03a2a5a74e9,True,0,26,True,0.0,0.34615384615384615,3,0.0,0.34615384615384615,2,0.0,0.34615384615384615,2,0.0,0.34782608695652173,4,0.0,0.0,True,0.0,False,False,False,0.0,0.0
guidance-ai/guidance,a0bbe398f7f134a4,False,0,197,True,1.0,0.7817258883248731,1,1.0,0.817258883248731,2,1.0,0.7868020304568528,2,1.0,0.8148148148148148,1,1.0,1.0,True,1.0,False,False,False,1.0,1.0
guidance-ai/guidance,60f61ab7a8d1910d,False,3,131,True,0.0,0.3435114503816794,3,0.0,0.3435114503816794,3,0.0,0.3435114503816794,3,0.0,0.359375,3,0.0,1.0,True,1.0,False,False,False,0.0,0.0
guidance-ai/guidance,8dc84cb909d7ec16,False,0,147,True,1.0,0.5238095238095238,0,1.0,0.5918367346938775,0,1.0,0.6122448979591837,0,1.0,0.5238095238095238,0,1.0,1.0,True,1.0,False,False,False,1.0,1.0
guidance-ai/guidance,bc1496ede138da3c,False,0,186,True,1.0,0.4838709677419355,5,1.0,0.42473118279569894,3,1.0,0.41397849462365593,3,1.0,0.4891304347826087,4,0.0,1.0,True,1.0,False,False,False,1.0,1.0
guidance-ai/guidance,50e0403d65d31383,False,0,32,True,0.0,0.71875,0,0.0,0.75,0,0.0,0.75,0,0.0,0.71875,0,1.0,0.0,True,0.0,False,False,False,0.0,0.0
guidance-ai/guidance,fceb64a37686807a,False,0,117,True,0.0,0.7008547008547008,0,0.0,0.8034188034188035,0,0.0,0.8034188034188035,0,0.0,1.0,0,0.0,0.0,False,1.0,False,False,False,0.0,0.0
guidance-ai/guidance,3be71d9688758511,False,0,343,True,1.0,0.7084548104956269,4,1.0,0.717201166180758,3,1.0,0.6588921282798834,3,1.0,0.7341389728096677,5,1.0,1.0,True,1.0,False,False,False,1.0,1.0
shap/shap,74dad63d7118e850,False,0,123,True,0.0,0.6747967479674797,0,0.0,0.8699186991869918,1,0.0,0.8699186991869918,1,0.0,0.7606837606837606,0,0.0,0.0,False,0.0,False,False,False,0.0,0.0
shap/shap,5e5a94bc5bb74b20,False,1,75,True,0.0,0.4533333333333333,1,0.0,0.4533333333333333,1,0.0,0.4533333333333333,1,0.0,0.5138888888888888,1,0.0,0.0,False,1.0,False,False,False,0.0,0.0
shap/shap,9a46edc02ffe8189,False,3,252,True,0.0,0.7142857142857143,2,0.0,0.7142857142857143,2,0.0,0.7182539682539683,2,0.0,0.884,4,0.0,0.0,False,1.0,False,False,False,0.0,0.0
shap/shap,aaac45c56f18d994,True,1,262,True,0.0,0.29389312977099236,4,0.0,0.2633587786259542,4,0.0,0.33969465648854963,5,0.0,0.27530364372469635,4,0.0,0.0,True,1.0,False,False,False,0.0,0.0
shap/shap,02e0b03f9357e09a,False,1,548,True,0.0,0.531021897810219,12,0.0,0.5766423357664233,12,0.0,0.5711678832116789,13,0.0,0.6944444444444444,12,0.0,0.0,True,1.0,False,False,False,0.0,0.0
shap/shap,bf96f15727be84e6,True,0,62,True,0.0,0.7580645161290323,1,0.0,0.8387096774193549,1,0.0,0.8387096774193549,1,0.0,0.8627450980392157,2,0.0,0.0,False,0.0,False,False,False,0.0,0.0
shap/shap,489f83068283cc9a,False,0,713,True,0.0,0.3576437587657784,9,0.0,0.3225806451612903,9,0.0,0.3267882187938289,10,0.0,0.3620933521923621,9,0.0,0.0,False,1.0,False,False,False,0.0,0.0
shap/shap,1e18ede7428fe533,False,0,276,True,0.0,0.463768115942029,2,0.0,0.7282608695652174,2,0.0,0.7282608695652174,2,0.0,0.7459677419354839,3,1.0,1.0,True,1.0,False,False,False,0.0,0.0
shap/shap,a7cd56a8ba5b4a2a,False,0,85,True,0.0,0.7647058823529411,1,0.0,0.7647058823529411,1,0.0,0.7529411764705882,1,0.0,0.6375,1,0.0,0.0,True,1.0,False,False,False,0.0,0.0
rabbitmq/rabbitmq-server,f8e8d88c0c95751a,False,0,29,True,0.0,0.4827586206896552,2,0.0,0.4827586206896552,2,0.0,0.4827586206896552,2,0.0,0.4827586206896552,2,0.0,0.0,False,1.0,False,False,False,0.0,0.0
rabbitmq/rabbitmq-server,65086fa867c9a9b4,False,2,112,True,0.0,0.48214285714285715,3,0.0,0.48214285714285715,3,0.0,0.5,3,0.0,0.48214285714285715,3,0.0,0.0,False,1.0,False,False,False,0.0,0.0
rabbitmq/rabbitmq-server,c271a6d7fac66e87,False,0,226,True,1.0,0.588495575221239,3,1.0,0.6106194690265486,3,1.0,0.6017699115044248,6,1.0,0.588495575221239,3,0.0,0.0,False,0.0,False,False,False,1.0,1.0
rabbitmq/rabbitmq-server,3757349a54447372,False,0,252,True,0.0,0.5595238095238095,1,0.0,0.5595238095238095,1,0.0,0.5436507936507936,3,0.0,0.5634920634920635,0,0.0,0.0,True,1.0,False,False,False,0.0,0.0
rabbitmq/rabbitmq-server,d7b9418c450554cf,False,0,99,True,0.0,0.6464646464646465,2,0.0,0.6868686868686869,2,0.0,0.6464646464646465,4,0.0,0.6464646464646465,2,1.0,0.0,False,0.0,False,False,False,0.0,0.0
rabbitmq/rabbitmq-server,e5987083265152d0,False,0,65,True,0.0,0.6461538461538462,2,0.0,0.6461538461538462,2,0.0,0.6461538461538462,2,0.0,0.6461538461538462,2,0.0,0.0,False,1.0,False,False,False,0.0,0.0
rabbitmq/rabbitmq-server,626e2dd8c9edc01c,False,0,27,True,0.0,0.7407407407407407,1,0.0,0.7407407407407407,1,0.0,0.5555555555555556,1,0.0,0.7407407407407407,1,0.0,0.0,False,1.0,False,False,False,0.0,0.0
rabbitmq/rabbitmq-server,929ccedf238a04cf,False,2,260,True,0.0,0.23076923076923078,10,0.0,0.23461538461538461,12,0.0,0.24615384615384617,12,0.0,0.23076923076923078,10,0.0,0.0,True,0.0,False,False,False,0.0,0.0
rabbitmq/rabbitmq-server,8de7b2962a0d24e4,False,0,184,True,0.0,0.375,3,0.0,0.40217391304347827,3,0.0,0.5543478260869565,3,0.0,0.375,3,0.0,0.0,True,1.0,False,False,False,0.0,0.0
rabbitmq/rabbitmq-server,09cc892c528bd0a1,False,0,467,True,0.0,0.3640256959314775,10,0.0,0.3618843683083512,10,0.0,0.3961456102783726,10,0.0,0.3640256959314775,10,0.0,0.0,True,1.0,False,False,False,0.0,0.0
rabbitmq/rabbitmq-server,e6c70ed16e3afe8d,False,0,40,True,0.0,0.425,2,0.0,0.525,3,0.0,0.525,3,0.0,0.425,2,0.0,0.0,False,1.0,False,False,False,0.0,0.0
rabbitmq/rabbitmq-server,4aef98087380df30,False,0,722,True,0.0,0.7063711911357341,8,0.0,0.8296398891966759,8,0.0,0.7742382271468145,7,0.0,0.7063711911357341,8,0.0,0.0,False,1.0,False,False,False,0.0,0.0
rabbitmq/rabbitmq-server,280e3f303fd79906,False,2,18,True,0.0,0.4444444444444444,0,0.0,0.4444444444444444,0,0.0,0.4444444444444444,0,0.0,0.4444444444444444,0,0.0,0.0,True,1.0,False,False,False,0.0,0.0
rabbitmq/rabbitmq-server,b21baed58bce09b8,False,0,96,True,0.0,0.5729166666666666,2,0.0,0.5729166666666666,2,0.0,0.5729166666666666,2,0.0,0.5729166666666666,2,0.0,0.0,True,1.0,False,False,False,0.0,0.0
rabbitmq/rabbitmq-server,df472f5944156cc1,False,0,161,True,0.0,0.7950310559006211,3,0.0,0.8012422360248447,3,0.0,0.8385093167701864,3,0.0,0.7950310559006211,3,0.0,0.0,False,1.0,False,False,False,0.0,0.0
rabbitmq/rabbitmq-server,cca168029659c19b,False,0,21,True,0.0,0.8095238095238095,1,0.0,0.8095238095238095,1,0.0,0.8095238095238095,1,0.0,0.8095238095238095,1,0.0,0.0,False,1.0,False,False,False,0.0,0.0
rabbitmq/rabbitmq-server,04de6b58f84b7bc5,False,0,38,True,0.0,0.8421052631578947,2,0.0,0.8421052631578947,1,0.0,0.868421052631579,1,0.0,0.8421052631578947,2,0.0,0.0,False,1.0,False,False,False,0.0,0.0
rabbitmq/rabbitmq-server,79090d3def2c2c8b,False,0,107,True,0.0,0.9252336448598131,3,0.0,0.9252336448598131,4,0.0,0.8785046728971962,6,0.0,0.9345794392523364,3,1.0,1.0,True,1.0,False,False,False,0.0,0.0
rabbitmq/rabbitmq-server,bab7306ca2ebd6d0,False,0,178,True,0.0,0.38764044943820225,8,0.0,0.39325842696629215,9,0.0,0.39325842696629215,9,0.0,0.38764044943820225,8,0.0,0.0,True,1.0,False,False,False,0.0,0.0
rabbitmq/rabbitmq-server,18bfb61a2a0150c4,False,2,97,True,0.0,0.35051546391752575,5,0.0,0.35051546391752575,6,0.0,0.35051546391752575,6,0.0,0.35051546391752575,5,0.0,0.0,False,1.0,False,False,False,0.0,0.0
rabbitmq/rabbitmq-server,e9b3cf362830067a,False,1,259,True,0.0,0.5444015444015444,8,0.0,0.667953667953668,8,0.0,0.7065637065637066,8,0.0,0.5444015444015444,8,0.0,0.0,True,1.0,False,False,False,0.0,0.0
rabbitmq/rabbitmq-server,bb2d31870fd8714f,False,0,54,True,0.0,0.5555555555555556,2,0.0,0.5555555555555556,2,0.0,0.5555555555555556,2,0.0,0.5555555555555556,2,0.0,0.0,False,1.0,False,False,False,0.0,0.0
rabbitmq/rabbitmq-server,4250f15afc7f2bd6,False,0,79,True,0.0,0.8481012658227848,2,0.0,0.8734177215189873,2,0.0,0.5822784810126582,2,0.0,0.8481012658227848,2,0.0,0.0,False,1.0,False,False,False,0.0,0.0
rabbitmq/rabbitmq-server,443b474a34b2ae5f,False,0,90,True,0.0,0.6333333333333333,5,0.0,0.7555555555555555,4,0.0,0.7555555555555555,4,0.0,0.6333333333333333,5,0.0,0.0,False,1.0,False,False,False,0.0,0.0
python-telegram-bot/python-telegram-bot,7967f3c2b2edae95,False,0,67,True,0.0,0.8208955223880597,0,0.0,0.8208955223880597,0,0.0,0.5671641791044776,0,0.0,0.9253731343283582,0,0.0,1.0,True,1.0,False,False,False,0.0,0.0
python-telegram-bot/python-telegram-bot,2a1ef9d60286b6b2,False,0,589,True,1.0,0.5110356536502547,7,1.0,0.5110356536502547,7,1.0,0.5178268251273345,10,1.0,0.47877758913412566,7,1.0,1.0,True,1.0,False,False,False,1.0,1.0
python-telegram-bot/python-telegram-bot,3708f5b283c429d5,False,0,91,True,0.0,0.4725274725274725,0,0.0,0.4725274725274725,0,0.0,0.38461538461538464,4,0.0,0.4725274725274725,1,0.0,0.5,True,1.0,False,False,False,0.0,0.0
python-telegram-bot/python-telegram-bot,17dc0c5c9c2a9a6e,False,0,342,True,0.0,0.347953216374269,1,0.0,0.347953216374269,1,0.5,0.3157894736842105,5,0.0,0.43567251461988304,1,1.0,0.5,True,1.0,False,False,False,0.0,0.0
python-telegram-bot/python-telegram-bot,f8453b73fa501d7c,False,0,807,True,0.0,0.4721189591078067,11,0.0,0.4721189591078067,11,0.0,0.4993804213135068,13,0.0,0.31722428748451054,12,0.0,0.0,True,0.0,False,False,False,0.0,0.0
python-telegram-bot/python-telegram-bot,08a6944653efc734,False,0,166,True,0.0,0.3855421686746988,5,0.0,0.3855421686746988,5,0.0,0.3855421686746988,6,0.0,0.3855421686746988,5,1.0,1.0,True,1.0,False,False,False,0.0,0.0
python-telegram-bot/python-telegram-bot,c531a423f7f37b03,False,0,87,True,1.0,0.896551724137931,2,1.0,0.896551724137931,2,1.0,0.5632183908045977,6,1.0,0.896551724137931,2,1.0,1.0,True,1.0,False,False,False,1.0,1.0
python-telegram-bot/python-telegram-bot,d737b6b4ad04139b,False,0,143,True,0.0,0.6083916083916084,7,0.0,0.6083916083916084,7,0.0,0.6153846153846154,8,0.0,0.6503496503496503,7,0.0,0.0,True,0.0,False,False,False,0.0,0.0
python-telegram-bot/python-telegram-bot,e52e4ddd58b7ef88,False,0,361,True,0.0,0.43213296398891965,8,0.0,0.43213296398891965,8,0.0,0.37119113573407203,10,0.0,0.3739612188365651,8,0.0,0.0,True,0.0,False,False,False,0.0,0.0
python-telegram-bot/python-telegram-bot,de46a47648048e3c,True,0,232,True,0.0,0.2974137931034483,0,0.0,0.2974137931034483,0,0.0,0.29310344827586204,3,0.0,0.30603448275862066,0,0.0,1.0,True,1.0,False,False,True,0.0,0.0
python-telegram-bot/python-telegram-bot,7b3ed02bc73dc06b,False,0,237,True,0.0,0.5864978902953587,12,0.0,0.5864978902953587,12,0.0,0.5738396624472574,13,0.0,0.5889830508474576,12,0.0,0.0,True,0.0,False,False,False,0.0,0.0
python-telegram-bot/python-telegram-bot,a2f4f608d75b2e58,False,0,227,True,1.0,0.7709251101321586,0,1.0,0.748898678414097,0,1.0,0.5859030837004405,3,1.0,0.7709251101321586,0,1.0,1.0,True,1.0,False,False,False,1.0,1.0
python-telegram-bot/python-telegram-bot,058a70d4e1963644,False,0,419,True,1.0,0.9904534606205251,1,1.0,0.9904534606205251,1,1.0,0.7255369928400954,3,1.0,0.9904534606205251,1,1.0,1.0,True,1.0,False,False,False,1.0,1.0
python-telegram-bot/python-telegram-bot,b6583ef1923d31e0,True,0,105,True,1.0,0.3142857142857143,1,1.0,0.3142857142857143,1,1.0,0.3142857142857143,1,0.0,0.4666666666666667,1,1.0,1.0,True,1.0,False,False,False,1.0,0.0
python-telegram-bot/python-telegram-bot,ff883a90f247861d,False,0,72,True,0.0,0.6805555555555556,0,0.0,0.6805555555555556,0,0.0,0.3611111111111111,1,0.0,0.8333333333333334,0,1.0,1.0,True,1.0,False,False,False,0.0,0.0
python-telegram-bot/python-telegram-bot,957868228a6da321,False,0,218,True,0.0,0.3440366972477064,2,0.0,0.3440366972477064,2,1.0,0.3256880733944954,4,0.0,0.41743119266055045,2,0.0,0.3333333333333333,True,1.0,False,False,False,0.0,0.0
python-telegram-bot/python-telegram-bot,85f35f24d7cc70f1,False,0,293,True,0.0,0.3822525597269625,4,0.0,0.3822525597269625,4,0.0,0.3993174061433447,6,0.0,0.3822525597269625,4,0.0,0.0,True,0.0,False,False,False,0.0,0.0
python-telegram-bot/python-telegram-bot,f29562e58493f4f0,False,0,63,True,0.0,0.7619047619047619,0,0.0,0.7619047619047619,0,0.0,0.5238095238095238,0,0.0,0.8095238095238095,0,1.0,1.0,True,1.0,False,False,False,0.0,0.0
python-telegram-bot/python-telegram-bot,147a7a9fa1a056a0,False,0,185,True,0.0,0.5837837837837838,1,0.0,0.5837837837837838,1,0.0,0.43783783783783786,1,0.0,0.7081081081081081,2,0.0,0.5,True,1.0,False,False,False,0.0,0.0
rapid7/metasploit-framework,121c790792a36893,False,0,75,True,0.0,0.49333333333333335,5,0.0,0.6,7,0.0,0.6,7,0.0,0.49333333333333335,4,0.0,0.0,True,0.0,False,False,False,0.0,0.0
rapid7/metasploit-framework,beca04f93c0ed837,False,0,135,True,0.0,0.5259259259259259,9,0.0,0.35555555555555557,10,0.0,0.35555555555555557,10,0.0,0.5634920634920635,10,0.0,0.0,True,0.0,False,False,False,0.0,0.0
rapid7/metasploit-framework,66adb2d2a0b65983,False,0,71,True,0.0,0.4647887323943662,6,0.0,0.5633802816901409,10,0.0,0.5633802816901409,10,0.0,0.4647887323943662,7,0.0,0.0,True,0.0,False,False,False,0.0,0.0
rapid7/metasploit-framework,68857806d08888fd,True,0,364,True,0.0,0.728021978021978,4,0.0,0.9065934065934066,4,0.0,0.9093406593406593,4,0.0,0.8736263736263736,4,0.0,0.0,False,0.0,False,False,False,0.0,0.0
rapid7/metasploit-framework,7dec6e5dd944a45b,True,1,80,True,0.0,0.375,5,0.0,0.575,5,0.0,0.575,7,0.0,0.4875,4,0.0,0.0,True,0.0,False,False,False,0.0,0.0
rapid7/metasploit-framework,68a8637dc9b5869e,True,0,88,True,0.0,0.5681818181818182,5,0.0,0.6704545454545454,6,0.0,0.6704545454545454,6,0.0,0.4675324675324675,5,0.0,0.0,True,0.0,False,False,False,0.0,0.0
rapid7/metasploit-framework,118f7e897a4fd36e,True,0,122,True,0.0,0.5163934426229508,6,0.0,0.7049180327868853,7,0.0,0.7049180327868853,7,0.0,0.4909090909090909,5,0.0,0.0,True,0.0,False,False,False,0.0,0.0
rapid7/metasploit-framework,955f3181d80ffd57,True,0,86,True,0.0,0.45348837209302323,5,0.0,0.6744186046511628,5,0.0,0.6744186046511628,5,0.0,0.5697674418604651,5,0.0,0.0,True,0.0,False,False,False,0.0,0.0
rapid7/metasploit-framework,eeeeb0f888f5843a,False,0,117,True,0.0,0.2905982905982906,5,0.0,0.3333333333333333,7,0.0,0.3333333333333333,7,0.0,0.2905982905982906,5,0.0,0.0,True,0.0,False,False,False,0.0,0.0
rapid7/metasploit-framework,48f2e6167fb6cbd1,True,0,93,True,0.0,0.5591397849462365,5,0.0,0.7311827956989247,4,0.0,0.7311827956989247,4,0.0,0.6559139784946236,5,0.0,0.0,True,0.0,False,False,False,0.0,0.0
scikit-image/scikit-image,78a8a19706dbd2a4,False,0,71,True,0.0,0.49295774647887325,4,0.0,0.49295774647887325,3,0.0,0.49295774647887325,3,0.0,0.49295774647887325,3,0.0,0.0,True,0.0,False,False,False,0.0,0.0
supercollider/supercollider,6fca3896f9cf47fa,False,0,343,True,0.0,0.9008746355685131,0,0.0,1.0,0,0.0,1.0,0,0.0,0.9008746355685131,0,0.0,0.0,False,0.0,False,False,False,0.0,0.0
supercollider/supercollider,8a3593d947fa0644,False,0,158,True,0.0,0.8481012658227848,1,0.0,0.8987341772151899,1,0.0,0.7848101265822784,1,0.0,0.9936708860759493,1,0.0,0.0,False,1.0,False,False,False,0.0,0.0
supercollider/supercollider,4b3d9199b62fd292,True,0,66,True,0.0,0.36363636363636365,5,0.0,0.6666666666666666,6,0.0,0.6666666666666666,6,0.0,0.6610169491525424,4,0.0,0.0,False,0.0,False,False,True,0.0,0.0
supercollider/supercollider,0f4b0b3d5f6c2cb1,False,0,101,True,0.0,0.38613861386138615,2,0.0,0.45544554455445546,3,0.0,0.4752475247524752,3,0.0,0.5346534653465347,3,0.0,0.0,False,0.0,False,False,False,0.0,0.0
supercollider/supercollider,f4b6ed3bfc22c819,False,0,62,True,0.0,0.5967741935483871,2,0.0,0.5967741935483871,2,0.0,0.5967741935483871,2,0.0,0.5967741935483871,2,1.0,0.5,True,0.0,False,False,False,0.0,0.0
supercollider/supercollider,f0c2dd83f3c6ad94,False,0,60,True,0.0,0.6166666666666667,2,0.0,0.9333333333333333,3,0.0,0.9333333333333333,3,0.0,0.9666666666666667,2,0.0,0.0,False,0.0,False,False,False,0.0,0.0
playframework/playframework,624e1b3f6cc61f1a,False,0,237,True,0.0,0.23628691983122363,10,0.0,0.2489451476793249,10,0.0,0.2616033755274262,10,0.0,0.25,9,1.0,0.0,False,1.0,False,False,False,0.0,0.0
playframework/playframework,c42ccd124d27c63e,False,0,28,True,0.0,0.6428571428571429,2,0.0,0.6785714285714286,1,0.0,0.7142857142857143,1,0.0,0.6428571428571429,1,1.0,0.0,False,1.0,False,False,False,0.0,0.0
playframework/playframework,c0ef2b775901f565,False,0,192,True,0.0,0.4322916666666667,4,0.0,0.5,3,0.0,0.5052083333333334,5,0.0,0.45549738219895286,5,0.0,0.0,False,1.0,False,False,False,0.0,0.0
playframework/playframework,c627421b8f848f72,False,0,5,True,1.0,0.8,0,1.0,0.6,0,1.0,0.6,0,1.0,0.6,0,1.0,0.0,False,1.0,False,False,False,1.0,1.0
playframework/playframework,733e28149f16d546,False,0,560,True,1.0,0.16428571428571428,17,0.0,0.2571428571428571,23,0.0,0.18392857142857144,24,1.0,0.1592128801431127,16,1.0,0.0,False,1.0,False,False,False,1.0,1.0
playframework/playframework,bc49ade0b6153d73,True,0,21,True,0.0,0.2857142857142857,2,0.0,0.38095238095238093,1,0.0,0.47619047619047616,1,0.0,0.2857142857142857,1,1.0,0.0,False,1.0,False,False,True,0.0,0.0
playframework/playframework,37879a166011b6aa,False,0,315,True,0.0,0.7555555555555555,10,0.0,0.23174603174603176,7,0.0,0.25396825396825395,13,0.0,0.7555555555555555,10,1.0,0.0,False,1.0,False,False,False,0.0,0.0
github/codeql,e82d3cecd5c4d02f,False,0,77,True,0.0,0.5324675324675324,2,0.0,0.5324675324675324,2,0.0,0.5324675324675324,2,0.0,0.5584415584415584,1,0.0,0.0,True,0.0,False,False,False,0.0,0.0
github/codeql,835ffdd19452da8a,False,1,277,True,0.0,0.5054151624548736,5,0.0,0.5054151624548736,5,0.0,0.48736462093862815,4,0.0,0.5126353790613718,5,0.0,0.0,False,0.0,False,False,False,0.0,0.0
github/codeql,346e2a1f326d5e81,False,0,259,True,0.0,0.7837837837837838,0,0.0,0.7837837837837838,0,0.0,0.7837837837837838,0,0.0,0.7837837837837838,0,1.0,1.0,True,0.0,False,False,False,0.0,0.0
github/codeql,7b881b013923d737,False,1,621,True,0.0,0.5958132045088567,5,0.0,0.5958132045088567,5,0.0,0.6360708534621579,4,0.0,0.5958132045088567,5,0.0,1.0,True,0.0,False,False,False,0.0,0.0
github/codeql,d659cddac7221372,False,0,908,True,0.0,0.43392070484581496,5,0.0,0.43502202643171806,5,0.0,0.43722466960352424,5,0.0,0.43612334801762115,5,0.0,0.0,True,0.0,False,False,False,0.0,0.0
github/codeql,5cc4a171a6fa4f3b,False,0,745,True,0.0,0.4080536912751678,8,0.0,0.40671140939597317,8,0.0,0.3812080536912752,7,0.0,0.41073825503355704,7,0.0,0.0,False,0.0,False,False,False,0.0,0.0
github/codeql,43d183b4c95107d6,False,0,4418,True,0.0,0.20099592575826167,10,0.0,0.1971480307831598,10,0.0,0.2430964237211408,10,0.0,0.20099592575826167,9,1.0,1.0,True,0.0,False,False,False,0.0,0.0
github/codeql,7b9f03744aec849a,False,1,736,True,0.0,0.4008152173913043,8,0.0,0.4048913043478261,9,0.0,0.41032608695652173,10,0.0,0.40896739130434784,7,0.0,0.0,True,0.0,False,False,False,0.0,0.0
github/codeql,9dee3acddeb88440,False,0,155,True,0.0,0.3161290322580645,2,0.0,0.3225806451612903,2,0.0,0.32903225806451614,2,0.0,0.3161290322580645,2,0.0,0.0,False,0.0,False,False,False,0.0,0.0
github/codeql,1ca064aeea151833,False,0,555,True,0.0,0.34054054054054056,4,0.0,0.34594594594594597,4,0.0,0.37117117117117115,4,0.0,0.34054054054054056,3,1.0,1.0,True,0.0,False,False,False,0.0,0.0
prettier/prettier,41538b058182858d,False,0,33,True,0.0,1.0,0,0.0,1.0,0,0.0,1.0,0,0.0,1.0,0,0.0,0.0,False,0.0,False,False,False,0.0,0.0
prettier/prettier,497c2b8db7332ec8,False,0,42,True,0.0,0.4523809523809524,2,0.0,0.4523809523809524,2,0.0,0.38095238095238093,2,0.0,0.4523809523809524,2,0.0,0.0,True,0.0,False,False,False,0.0,0.0
prettier/prettier,c3205c5de7e03ccd,False,0,198,True,0.0,0.398989898989899,3,0.0,0.40404040404040403,2,0.0,0.29292929292929293,1,0.0,0.398989898989899,3,0.0,0.0,True,0.0,False,False,False,0.0,0.0
prettier/prettier,750a9f28796bcafd,False,0,13,True,0.0,1.0,0,0.0,1.0,0,0.0,1.0,0,0.0,1.0,0,0.0,0.0,False,0.0,False,False,False,0.0,0.0
prettier/prettier,8df533848b5f8138,False,0,202,True,0.0,0.44554455445544555,5,0.0,0.44554455445544555,5,0.0,0.4900990099009901,5,0.0,0.44554455445544555,5,0.0,0.0,True,0.0,False,False,False,0.0,0.0
prettier/prettier,1b26663ab8e8d62f,False,0,1447,True,0.0,0.9329647546648238,1,0.0,0.9329647546648238,1,0.0,0.9329647546648238,1,0.0,0.9329647546648238,1,0.0,0.0,True,0.0,False,False,False,0.0,0.0
prettier/prettier,927db60a695bf618,False,0,1,True,1.0,1.0,0,1.0,1.0,0,1.0,1.0,0,1.0,1.0,0,0.0,0.0,False,0.0,False,False,False,1.0,1.0
prettier/prettier,f4ace4f71ae9dec7,False,1,376,True,0.0,0.4228723404255319,1,0.0,0.4228723404255319,1,0.0,0.45478723404255317,1,0.0,0.4228723404255319,1,0.0,0.0,True,0.0,False,False,False,0.0,0.0
prettier/prettier,d06630ac82788878,False,0,13,True,0.0,1.0,0,0.0,1.0,0,0.0,1.0,0,0.0,1.0,0,0.0,0.0,False,0.0,False,False,False,0.0,0.0
prettier/prettier,f6b899824fbb56f7,False,0,1,True,0.0,1.0,0,0.0,1.0,0,0.0,1.0,0,0.0,1.0,0,0.0,0.0,False,1.0,False,False,False,,
prettier/prettier,cdfc58fb31cd672e,False,0,1,True,1.0,1.0,0,1.0,1.0,0,1.0,1.0,0,1.0,1.0,0,0.0,0.0,False,0.0,False,False,False,1.0,1.0
prettier/prettier,74568c41e2a79057,False,0,67,True,0.0,0.6567164179104478,0,0.0,0.6567164179104478,0,0.0,0.7164179104477612,0,0.0,0.6567164179104478,0,1.0,1.0,True,0.0,True,True,False,0.0,0.0
prettier/prettier,2fd85645c00a5be2,False,0,19,True,0.0,0.42105263157894735,0,0.0,0.42105263157894735,0,0.0,0.42105263157894735,0,0.0,0.42105263157894735,0,0.0,0.0,True,0.0,False,False,False,0.0,0.0
prettier/prettier,a34dde4951d7ce4a,False,0,1,True,1.0,1.0,0,1.0,1.0,0,1.0,1.0,0,1.0,1.0,0,0.0,0.0,False,0.0,False,False,False,1.0,1.0
prettier/prettier,cf8523a2bb0e4483,False,0,19,True,0.0,0.42105263157894735,0,0.0,0.42105263157894735,0,0.0,0.42105263157894735,0,0.0,0.42105263157894735,0,0.0,0.0,True,0.0,False,False,False,0.0,0.0
prettier/prettier,512a68953496cf94,False,0,29,True,0.0,1.0,0,0.0,1.0,0,0.0,1.0,0,0.0,1.0,0,0.0,0.0,False,0.0,False,False,False,0.0,0.0
prettier/prettier,b5a3910c81c8e59b,False,0,1,True,1.0,1.0,0,1.0,1.0,0,1.0,1.0,0,1.0,1.0,0,0.0,0.0,False,0.0,False,False,False,1.0,1.0
