path_hash,lines,captured,reattributed,W_recovers,W_uncaptured,W_uncaptured_changed,WMC_recovers,WMC_uncaptured,WMC_uncaptured_changed,dw_tvd,dw_flip,content_checked,content_ws_equal,content_alnum_equal,flip,repo
37d96e0f6dbcb883,403,50,43,42,353,12,38,353,26,0.0030369245583496893,0,37,35,36,0,SixLabors/ImageSharp
96cf2178c51253e9,20,11,10,9,9,0,9,9,0,0.09736842105263156,0,9,6,7,1,SixLabors/ImageSharp
4523e3feaf5e39d9,102,67,45,44,35,0,43,35,0,0.018831294894195286,0,44,31,32,1,SixLabors/ImageSharp
c63f4239a6204aa3,130,83,52,44,47,5,34,47,9,0.005426356589147259,0,46,20,20,1,SixLabors/ImageSharp
5eceb323f975d843,25,16,0,0,9,0,0,9,0,0.0,0,0,0,0,0,SixLabors/ImageSharp
aa8e759e4e2b57a2,397,279,132,105,118,17,74,118,18,0.003555708215657871,0,131,106,107,0,SixLabors/ImageSharp
f7660d5d272231ff,206,76,30,22,130,17,24,130,54,0.006535638171915726,0,30,27,28,0,SixLabors/ImageSharp
b25723a0ece832f8,500,197,114,102,303,9,95,303,82,0.00347494989979964,0,105,68,69,0,SixLabors/ImageSharp
222214a744d27ebb,84,57,56,55,27,0,55,27,0,0.011904761904761883,0,56,54,54,1,SixLabors/ImageSharp
d2d5f20c5e00af27,699,404,258,207,295,39,192,295,77,0.002494353374243184,0,209,142,143,0,SixLabors/ImageSharp
f74d410b0b437962,63,43,35,22,20,2,22,20,2,0.015873015873015872,0,34,14,14,1,SixLabors/ImageSharp
5a0b35146c5a37f0,133,14,7,5,119,19,5,119,32,0.014411027568922312,0,6,2,3,0,SixLabors/ImageSharp
cb178ff61daa618e,38,28,14,10,10,1,10,10,1,0.051920341394025654,0,14,8,9,1,SixLabors/ImageSharp
9cd9c731750948a7,27,18,17,14,9,0,14,9,0,0.07264957264957266,0,16,13,14,1,SixLabors/ImageSharp
e66e25b21703b96d,51,38,21,14,13,4,9,13,3,0.036862745098039225,0,21,15,16,1,SixLabors/ImageSharp
4d86f14560b3bdce,73,49,34,28,24,6,28,24,5,0.013698630136986273,0,30,20,20,1,SixLabors/ImageSharp
9b5b271e056c497e,47,29,0,0,18,0,0,18,0,0.000462534690101735,0,0,0,0,0,SixLabors/ImageSharp
8587fa1231ac2779,216,159,33,29,57,4,29,57,4,0.0009474590869939896,0,27,22,22,0,SixLabors/ImageSharp
fe9e0f7013722342,50,44,36,35,6,0,35,6,0,0.03918367346938776,0,36,35,36,1,SixLabors/ImageSharp
9e839bd9f097aae8,23,12,11,10,11,0,10,11,0,0.08300395256916994,0,11,9,10,1,SixLabors/ImageSharp
44fd4f6e2447ef08,83,50,1,1,33,0,1,33,4,0.0011754334410813971,0,1,1,1,0,SixLabors/ImageSharp
e8d2e332dafa95c6,510,166,129,113,344,15,106,344,60,0.003413074463577189,0,102,57,58,1,SixLabors/ImageSharp
e1fe8dc65e812171,136,63,37,35,73,0,35,73,0,0.01312636165577341,0,30,6,7,1,SixLabors/ImageSharp
2923c28c6e44dd44,41,11,8,7,30,4,7,30,4,0.04756097560975612,0,8,6,7,1,SixLabors/ImageSharp
5eae5ba4d2c848fb,379,244,210,191,135,5,188,135,5,0.0022266895617819283,0,185,124,124,1,SixLabors/ImageSharp
107a7eca731101b9,11,0,0,0,11,0,0,11,0,0.0,0,0,0,0,0,micropython/micropython
4e92dd89a3bba09a,168,1,0,0,167,47,0,167,47,0.005952380952380942,0,0,0,0,0,micropython/micropython
ed3ddf226f497e0f,267,1,1,1,266,0,1,266,0,0.0,0,1,1,1,0,micropython/micropython
8fd7d2e50059c828,78,2,2,0,76,0,0,76,38,0.02564102564102565,0,2,0,0,0,micropython/micropython
d59f646eb1ca1da8,23,1,0,0,22,0,0,22,0,0.043478260869565265,0,0,0,0,0,micropython/micropython
6e803be940eada85,29,5,2,0,24,0,0,24,0,0.17241379310344834,0,2,0,2,0,micropython/micropython
c7aae01977dda762,91,1,1,0,90,0,0,90,0,0.010989010989011026,0,1,0,0,0,micropython/micropython
871bb0f37d65b26e,177,12,11,2,165,1,2,165,6,0.050847457627118633,0,11,2,2,0,micropython/micropython
35e7995c27e80ea0,332,1,1,0,331,0,0,331,0,0.0030120481927711036,0,1,0,0,0,micropython/micropython
aedcdf326b9297dc,47,1,0,0,46,0,0,46,0,0.0,0,0,0,0,0,micropython/micropython
2df39859edf4ce31,32,9,9,7,23,0,7,23,0,0.0625,0,9,7,9,0,micropython/micropython
6b0d59006c1916be,6,3,1,0,3,0,0,3,0,0.5,1,1,0,1,1,micropython/micropython
4a2ddf402ea108f2,12,3,1,1,9,0,1,9,0,0.16666666666666663,0,1,1,1,0,micropython/micropython
a62439db7f2d6cbe,228,20,13,0,208,1,0,208,23,0.04824561403508772,0,13,0,0,0,micropython/micropython
3f4051c80418d063,195,195,0,0,0,0,0,0,0,0.0,0,0,0,0,0,micropython/micropython
5cf36def7d18ed82,1552,41,32,6,1511,77,5,1511,148,0.016752577319587625,0,32,6,6,0,micropython/micropython
ad13c581ff043893,5,1,1,0,4,0,0,4,0,0.20000000000000004,0,1,0,0,0,micropython/micropython
fe5d7510800e7c0b,978,69,69,0,909,94,0,909,159,0.07055214723926381,0,69,0,0,0,micropython/micropython
e0a2e086e6e936de,25,1,0,0,24,0,0,24,0,0.0,0,0,0,0,0,micropython/micropython
05d0b59e4616695a,152,12,12,12,140,0,12,140,0,0.0,0,12,12,12,0,micropython/micropython
30f6d484e1423009,99,12,11,1,87,2,1,87,2,0.1212121212121212,0,9,1,4,0,micropython/micropython
8f9e4e55abdbcdef,121,11,7,5,110,0,5,110,0,0.04958677685950416,0,7,5,7,0,micropython/micropython
0275aedbdf234efa,364,18,15,0,346,16,0,346,53,0.041208791208791215,0,15,0,0,0,micropython/micropython
6203ce873df538c6,45,1,1,0,44,1,0,44,25,0.022222222222222223,0,1,0,0,0,micropython/micropython
6e84ce44b73d2c59,22,4,1,1,18,0,1,18,0,0.13636363636363635,0,1,1,1,0,micropython/micropython
11d3f86dbdfaeb17,151,2,0,0,149,0,0,149,0,0.0025778923507711743,0,0,0,0,0,gitkraken/vscode-gitlens
1729a7306b709d2d,297,2,0,0,295,0,0,295,0,0.0,0,0,0,0,0,gitkraken/vscode-gitlens
60535e9278b0881c,491,6,3,0,485,68,0,485,102,0.01174418216420157,0,2,0,0,0,gitkraken/vscode-gitlens
e549ccb77973418c,797,36,0,0,761,0,0,761,0,7.585119260193791e-05,0,0,0,0,0,gitkraken/vscode-gitlens
3777f7173ed9d433,657,9,0,0,648,0,0,648,1,0.0003067377740597582,0,0,0,0,0,gitkraken/vscode-gitlens
2ae275e5b3370f40,261,35,14,6,226,6,6,226,32,0.029339817270851727,0,9,5,9,0,gitkraken/vscode-gitlens
43b15f79a2abbfd6,231,0,0,0,231,0,0,231,0,0.0,0,0,0,0,0,gitkraken/vscode-gitlens
e50dcf7c3601c13c,241,14,0,0,227,1,0,227,1,0.0,0,0,0,0,0,gitkraken/vscode-gitlens
724fe4ae21f95e91,844,4,0,0,840,7,0,840,9,0.0009027307605506841,0,0,0,0,0,gitkraken/vscode-gitlens
afb006843edc4a27,439,10,0,0,429,0,0,429,3,0.006212466349140605,0,0,0,0,0,gitkraken/vscode-gitlens
249533c0e3fcf053,746,1,0,0,745,1,0,745,2,0.0,0,0,0,0,0,gitkraken/vscode-gitlens
416e9daf0f92b2d5,1428,31,8,4,1397,60,4,1397,90,0.0163167758206485,0,3,0,1,0,gitkraken/vscode-gitlens
a7d821c0a176368d,93,0,0,0,93,0,0,93,0,0.0,0,0,0,0,0,gitkraken/vscode-gitlens
0d80d199f4ddb1df,197,1,0,0,196,0,0,196,0,0.0022531855381746624,0,0,0,0,0,gitkraken/vscode-gitlens
d933088ec54ce5e7,118,1,0,0,117,0,0,117,0,0.0,0,0,0,0,0,gitkraken/vscode-gitlens
b054be1818f678f5,15,0,0,0,15,0,0,15,0,0.0,0,0,0,0,0,gitkraken/vscode-gitlens
84bcba7cb02e4d55,110,0,0,0,110,0,0,110,9,0.0,0,0,0,0,0,gitkraken/vscode-gitlens
c957d371f5ab0755,3486,7,2,0,3479,69,0,3479,187,0.0010404815387457533,0,0,0,0,0,gitkraken/vscode-gitlens
efac460480f9ae43,121,0,0,0,121,0,0,121,0,0.0,0,0,0,0,0,gitkraken/vscode-gitlens
89c15a4f01bfacb0,207,6,6,2,201,0,2,201,15,0.01932367149758453,0,4,2,4,0,gitkraken/vscode-gitlens
5cc82294f5e02921,871,9,0,0,862,0,0,862,5,0.00046750008657406306,0,0,0,0,0,gitkraken/vscode-gitlens
becd1c64436c4e06,301,38,0,0,263,0,0,263,0,0.0,0,0,0,0,0,gitkraken/vscode-gitlens
214d44a43ebeda39,377,1,0,0,376,0,0,376,6,0.0010158586827699028,0,0,0,0,0,gitkraken/vscode-gitlens
1f8ad14497754b0c,341,0,0,0,341,0,0,341,0,0.0,0,0,0,0,0,gitkraken/vscode-gitlens
9d711a68c601753e,209,83,0,0,126,0,0,126,0,0.0,0,0,0,0,0,gitkraken/vscode-gitlens
d81c271d4bce23a1,31,2,0,0,29,1,0,29,1,0.060066740823136816,0,0,0,0,0,hashicorp/nomad
d5d225296cdc4050,104,1,0,0,103,2,0,103,24,0.009522031366691532,0,0,0,0,0,hashicorp/nomad
4d664871467d0e56,39,1,0,0,38,0,0,38,0,0.02496626180836702,0,0,0,0,0,hashicorp/nomad
313b8a991a19bfd3,638,1,0,0,637,8,0,637,211,0.001562476931935066,0,0,0,0,0,hashicorp/nomad
31676f1e48eebf61,76,1,0,0,75,0,0,75,0,0.012982456140350873,0,0,0,0,0,hashicorp/nomad
b75f93c1490b5165,69,3,0,0,66,0,0,66,0,0.04216073781291174,0,0,0,0,0,hashicorp/nomad
68cda115a795cfcb,11,3,0,0,8,0,0,8,0,0.23863636363636365,0,0,0,0,0,hashicorp/nomad
9324c2d53e768ef5,184,3,0,0,181,31,0,181,44,0.016124189286572194,0,0,0,0,0,hashicorp/nomad
6520ad69469a3675,105,1,0,0,104,14,0,104,14,0.00943223443223442,0,0,0,0,0,hashicorp/nomad
7e13d0dc3fc2ecf7,44,1,0,0,43,2,0,43,2,0.022198731501057098,0,0,0,0,0,hashicorp/nomad
46fa44a869bf0756,19,1,0,0,18,3,0,18,3,0.049707602339181284,0,0,0,0,0,hashicorp/nomad
991f12640996bc46,118,3,0,0,115,7,0,115,19,0.024981577008106083,0,0,0,0,0,hashicorp/nomad
7ca3d693a380fcdc,72,1,0,0,71,0,0,71,5,0.01369327073552427,0,0,0,0,0,hashicorp/nomad
4180857b835102c6,82,1,0,0,81,0,0,81,4,0.012044564890093283,0,0,0,0,0,hashicorp/nomad
99961440d333eaa4,27,1,0,0,26,1,0,26,1,0.03561253561253565,0,0,0,0,0,hashicorp/nomad
d9efa8b042f3c8db,222,3,0,0,219,0,0,219,0,0.013390102431198316,0,0,0,0,0,hashicorp/nomad
d51ad13228611273,141,1,0,0,140,3,0,140,21,0.006990881458966548,0,0,0,0,0,hashicorp/nomad
9f4e34859a41528e,14,1,0,0,13,0,0,13,0,0.06593406593406594,0,0,0,0,0,hashicorp/nomad
ffc781ee6d2c0b50,29,3,0,0,26,0,0,26,0,0.09549071618037133,0,0,0,0,0,hashicorp/nomad
742c7568443220de,17,3,0,0,14,0,0,14,0,0.1638655462184874,0,0,0,0,0,hashicorp/nomad
678815895aebf838,6,2,0,0,4,0,0,4,0,0.25,1,0,0,0,1,hashicorp/nomad
b3970385589a44ec,147,1,0,0,146,0,0,146,0,0.006756127108377598,0,0,0,0,0,hashicorp/nomad
25979a0adb76fadc,128,1,0,0,127,5,0,127,12,0.007750984251968504,0,0,0,0,0,hashicorp/nomad
b73b750fb0907f15,426,1,0,0,425,0,0,425,15,0.002341894504280561,0,0,0,0,0,hashicorp/nomad
417e34ecb2a98ba7,293,1,0,0,292,13,0,292,16,0.003401281032306328,0,0,0,0,0,hashicorp/nomad
d1f224f0f2a28ceb,726,438,389,112,288,41,109,288,41,0.028925619834710724,0,352,335,339,1,blender/blender
3b1c11382eb73bae,5,1,1,0,4,0,0,4,0,0.2,0,1,0,0,0,blender/blender
3cc159e93556c92e,655,45,14,1,610,41,1,610,124,0.019847328244274834,0,9,1,6,0,blender/blender
9e2dd54bc59133a2,36,3,3,0,33,0,0,33,0,0.08333333333333334,0,3,0,0,0,blender/blender
a280943aa0c3bd8a,2133,8,8,0,2125,235,0,2125,312,0.0037505860290670346,0,4,0,4,0,blender/blender
c5badb1d8a4ce6c6,820,94,24,20,726,4,20,726,29,0.006097560975609759,0,23,19,19,0,blender/blender
2720ab0a8ae93a85,1851,2,2,0,1849,72,0,1849,151,0.0010804970286331858,0,0,0,0,0,blender/blender
782d379805f072ce,24,2,2,1,22,1,1,22,1,0.04166666666666666,0,2,1,1,0,blender/blender
acac086e326510fb,323,65,65,65,258,0,65,258,2,0.0,0,65,65,65,0,blender/blender
719f9da76f44e415,2775,602,351,318,2173,224,294,2173,363,0.014054054054054048,0,257,236,238,1,blender/blender
6b4efc36710238ba,1123,558,510,296,565,59,283,565,77,0.007123775601068576,0,424,418,418,1,blender/blender
c5ba948007ec04e3,1096,9,2,2,1087,194,2,1087,188,0.0,0,2,2,2,0,blender/blender
6b6563a191617729,19,4,1,1,15,0,1,15,0,0.0,0,0,0,0,1,blender/blender
5a9abc19a3a454a7,378,1,0,0,377,0,0,377,0,0.0,0,0,0,0,0,blender/blender
5ddd10aaa9b94033,852,0,0,0,852,122,0,852,252,0.0,0,0,0,0,0,blender/blender
ab65d5bee3cc0466,24,1,1,0,23,6,0,23,6,0.0416666666666667,0,1,0,0,0,blender/blender
87842a786685ae54,64,0,0,0,64,20,0,64,20,0.0,0,0,0,0,0,blender/blender
dd55af1dd593c0e4,920,108,3,0,812,16,0,812,20,0.003260869565217382,0,0,0,0,0,blender/blender
3a404b3e6e820114,465,133,93,65,332,54,65,332,66,0.06236559139784947,0,83,63,63,1,blender/blender
5771c310ff24cb63,292,2,2,0,290,0,0,290,0,0.006849315068493164,0,1,0,1,0,blender/blender
b9dfba6cb067a1c0,194,56,46,46,138,0,46,138,5,0.0,0,40,40,40,0,blender/blender
4f82c3a76083b7cd,337,0,0,0,337,32,0,337,45,0.0,0,0,0,0,0,blender/blender
96dc5211c665c6f0,142,47,22,21,95,1,21,95,14,0.007042253521126756,0,22,21,21,0,blender/blender
87e46fdf49e566a8,328,2,2,0,326,26,0,326,35,0.006097560975609759,0,0,0,0,0,blender/blender
26148b70543b8661,862,2,2,0,860,150,0,860,200,0.002320185614849167,0,2,0,2,0,blender/blender
4ab0a3a99b2f00ed,191,37,0,0,154,2,0,154,6,0.00019289060347203952,0,0,0,0,0,robotframework/robotframework
f46ecd58c68fdd13,102,20,4,1,82,2,1,82,8,0.03743315508021387,0,4,1,4,0,robotframework/robotframework
3eed87a28e332423,20,1,0,0,19,0,0,19,0,0.0,0,0,0,0,0,robotframework/robotframework
0b8ac4a2170af1f0,603,194,0,0,409,17,0,409,18,0.0033167495854062945,0,0,0,0,0,robotframework/robotframework
8e209f41af7f9e9a,153,31,5,0,122,0,0,122,16,0.03366873065015477,0,3,0,0,0,robotframework/robotframework
8f13a8c18dd2041f,61,28,11,0,33,0,0,33,1,0.16393442622950818,0,11,1,10,0,robotframework/robotframework
10f2ddab061c4c38,168,29,0,0,139,0,0,139,0,0.0,0,0,0,0,0,robotframework/robotframework
012b142497e820c2,264,49,27,0,215,1,0,215,1,0.10076914179967614,0,25,0,11,0,robotframework/robotframework
2f54dc277d54b978,4,2,0,0,2,0,0,2,0,0.0,0,0,0,0,0,robotframework/robotframework
47fd2e834dd7f7cf,248,48,0,0,200,0,0,200,0,0.00011427452004705158,0,0,0,0,0,robotframework/robotframework
fab7da8412fcedbd,255,25,25,0,230,4,0,230,8,0.11764705882352942,0,23,0,15,0,robotframework/robotframework
579ecfae2eded456,22,3,0,0,19,0,0,19,0,0.0,0,0,0,0,0,robotframework/robotframework
2c7a7dd80cc0cbb4,209,0,0,0,209,0,0,209,0,0.0,0,0,0,0,0,robotframework/robotframework
393ad25dc276a45b,198,9,2,0,189,0,0,189,0,0.010101010101010123,0,2,0,1,0,robotframework/robotframework
fe970fda97dd89a5,448,180,96,0,268,3,0,268,7,0.21498981303930967,0,88,0,4,0,robotframework/robotframework
1be753d30ccf2268,209,41,1,0,168,1,0,168,20,0.004784688995215324,0,1,0,0,0,robotframework/robotframework
6eb73aa41ffcacb5,29,18,2,0,11,0,0,11,0,0.06896551724137932,0,2,0,2,0,robotframework/robotframework
8b256c36941523ce,64,23,3,0,41,8,0,41,8,0.05984669811320754,0,3,0,3,0,robotframework/robotframework
da36da8337e38728,977,141,0,0,836,2,0,836,7,0.001111814022307749,0,0,0,0,0,robotframework/robotframework
d5f1ddacdb9c0cb3,94,19,0,0,75,0,0,75,15,0.0,0,0,0,0,0,robotframework/robotframework
f87cc41f98c58cdc,108,0,0,0,108,12,0,108,13,0.0,0,0,0,0,0,robotframework/robotframework
2f0d97db69ecb2bf,3,0,0,0,3,0,0,3,0,0.0,0,0,0,0,0,robotframework/robotframework
7e9a5adce52445c1,10,4,0,0,6,0,0,6,0,0.0,0,0,0,0,0,robotframework/robotframework
f882f45513fe1ad7,150,31,0,0,119,0,0,119,1,0.0,0,0,0,0,0,robotframework/robotframework
244c6da6ac0e1c26,109,3,2,0,106,0,0,106,27,0.01834862385321101,0,2,0,0,0,robotframework/robotframework
fd09fd6579e14fd8,125,39,39,29,86,0,29,86,21,0.08000000000000003,0,39,29,39,0,falcosecurity/falco
1f9b6b1328d5ac16,58,29,26,24,29,0,24,29,3,0.051724137931034475,0,20,18,20,1,falcosecurity/falco
08be2a108478346a,151,2,2,0,149,3,0,149,28,0.013245033112582781,0,2,0,2,0,falcosecurity/falco
69bbf4e23bd10336,124,14,14,0,110,0,0,110,0,0.10483870967741934,1,14,1,5,1,falcosecurity/falco
6420afb10b38ae59,111,23,23,19,88,3,19,88,17,0.036036036036036015,0,23,19,21,0,falcosecurity/falco
a603cb74437ffa00,74,24,24,10,50,8,10,50,8,0.1891891891891892,1,24,10,15,1,falcosecurity/falco
89db816bd929dbde,104,2,2,0,102,63,0,102,77,0.17307692307692307,0,2,0,2,0,falcosecurity/falco
18986c8c23ea20f6,546,429,358,207,117,9,204,117,25,0.11538461538461536,0,345,89,93,1,falcosecurity/falco
9e9ff986fc7a268d,82,15,15,9,67,2,9,67,2,0.048780487804878016,0,15,11,14,0,falcosecurity/falco
11000c7d1795f9d1,56,37,32,14,19,0,14,19,0,0.3392857142857143,0,29,14,15,1,falcosecurity/falco
5de570de08f71b57,46,11,11,0,35,0,0,35,16,0.2391304347826087,0,11,0,3,0,falcosecurity/falco
82fbaeb92c189c39,226,52,52,2,174,14,2,174,15,0.23893805309734514,0,52,2,18,0,falcosecurity/falco
be9c46debe213d91,1026,381,374,35,645,33,36,645,68,0.3274853801169591,1,361,39,119,1,falcosecurity/falco
e54102f7fb4b5efa,82,34,33,18,48,0,16,48,3,0.1707317073170732,0,30,16,22,1,falcosecurity/falco
aee00ce632a29056,29,15,14,0,14,0,0,14,5,0.3103448275862069,0,14,6,6,1,falcosecurity/falco
e5c7b0e6581df793,50,26,26,14,24,1,14,24,3,0.18,0,26,17,17,1,falcosecurity/falco
ce60a036201b81e7,28,14,14,6,14,0,6,14,0,0.2857142857142857,0,13,5,5,1,falcosecurity/falco
99cd496847d5b5d6,169,43,42,5,126,13,5,126,13,0.22485207100591714,0,41,4,21,0,falcosecurity/falco
6984a738d1f652b7,129,35,35,2,94,0,1,94,28,0.2558139534883721,0,34,1,25,0,falcosecurity/falco
d342b3b1a97d12a5,67,10,10,8,57,0,8,57,14,0.029850746268656705,0,10,8,10,0,falcosecurity/falco
75cbae8d4cda66ab,290,91,91,10,199,13,10,199,30,0.3,1,89,8,38,1,falcosecurity/falco
32375f1efbf084fe,30,1,1,0,29,3,0,29,17,0.033333333333333326,0,1,0,1,0,falcosecurity/falco
fe002f20bcb80931,56,36,36,0,20,0,0,20,0,0.6428571428571429,1,30,0,0,1,falcosecurity/falco
38d315df2897b3f8,40,4,4,0,36,0,0,36,18,0.09999999999999999,0,4,0,4,0,falcosecurity/falco
ee352230c69dd304,34,2,2,2,32,1,2,32,1,0.0,0,2,2,2,1,falcosecurity/falco
d73abdd16ec910cc,290,190,146,123,100,5,121,100,7,0.1826259946949602,0,136,109,121,1,OpenVPN/openvpn
452c81511e7f0b7b,1157,97,54,31,1060,69,34,1060,245,0.05499884474186399,0,53,33,33,0,OpenVPN/openvpn
a4add24505562087,99,42,39,28,57,2,28,57,2,0.09977324263038548,0,36,26,29,0,OpenVPN/openvpn
aee9c41401276e7d,63,1,1,0,62,0,0,62,0,0.0158730158730159,0,1,0,0,0,OpenVPN/openvpn
50575d2dabf45749,97,6,6,2,91,0,2,91,10,0.04123711340206185,0,4,2,4,0,OpenVPN/openvpn
ea660d32b64a96d1,80,14,14,13,66,0,13,66,0,0.012500000000000032,0,14,13,13,0,OpenVPN/openvpn
077d6f16fe0a45ba,392,245,188,179,147,7,179,147,7,0.14391633846521062,0,149,142,146,1,OpenVPN/openvpn
ec8fae867273c3fb,148,74,66,24,74,46,24,74,46,0.13397683397683396,0,59,53,54,0,OpenVPN/openvpn
4ab6a40e5f6e46b2,76,22,16,13,54,1,5,54,35,0.11278195488721807,0,13,11,12,0,OpenVPN/openvpn
cc0893109510bfe7,86,8,8,3,78,0,3,78,24,0.058139534883720895,0,8,3,3,0,OpenVPN/openvpn
24d5bf0ce0a0642a,4486,1648,1368,1095,2838,440,1071,2838,622,0.09125892627119818,0,1119,878,887,1,OpenVPN/openvpn
d2ee4d275a93b5d7,191,70,70,16,121,0,16,121,0,0.28272251308900526,0,66,14,15,0,OpenVPN/openvpn
ea3208608bfbe328,419,274,227,189,145,5,189,145,5,0.157005170024843,0,194,155,156,1,OpenVPN/openvpn
c5861d64982a3162,147,25,23,16,122,1,14,122,20,0.06632653061224489,0,21,16,18,0,OpenVPN/openvpn
a23b6c50511bde5d,627,31,27,12,596,1,12,596,43,0.023923444976076548,0,26,12,13,1,OpenVPN/openvpn
6a2006381f5eb1fa,196,90,90,50,106,0,49,106,25,0.20408163265306123,0,71,50,70,1,OpenVPN/openvpn
895fd63b3fc96c37,4469,1325,1042,757,3144,518,750,3144,630,0.0929480007573541,0,895,689,701,0,OpenVPN/openvpn
5427daaddcb962fa,231,29,28,14,202,0,14,202,17,0.060606060606060594,0,28,14,14,0,OpenVPN/openvpn
4bff43ece4c440d9,1579,577,477,358,1002,49,357,1002,69,0.09725376590857313,0,441,336,345,1,OpenVPN/openvpn
66f5c3e31ae299ea,863,268,230,187,595,9,170,595,25,0.05965495653320006,0,192,158,160,0,OpenVPN/openvpn
4b35021514329cbd,57,4,4,4,53,0,4,53,0,0.0,0,4,4,4,0,OpenVPN/openvpn
de834e5107d24b61,75,1,1,1,74,0,1,74,26,0.0,0,1,1,1,0,OpenVPN/openvpn
d54b0bff7358e517,625,95,93,32,530,6,32,530,22,0.09907652733118971,0,77,30,38,0,OpenVPN/openvpn
b955244e0fcf190f,411,29,26,23,382,3,20,382,56,0.014294403892944016,0,26,23,23,0,OpenVPN/openvpn
56a343af9d1cad37,286,72,67,55,214,2,55,214,9,0.04855707672609081,0,58,48,50,1,OpenVPN/openvpn
35c1964b44d201a9,40,0,0,0,40,1,0,40,2,0.0,0,0,0,0,0,compiler-explorer/compiler-explorer
55e77c5880490192,36,3,3,0,33,0,0,33,1,0.0833333333333333,0,2,0,0,0,compiler-explorer/compiler-explorer
9844e9a26318d4ef,162,3,3,0,159,0,0,159,23,0.018518518518518504,0,3,0,3,0,compiler-explorer/compiler-explorer
24507cdc5d5d3d5d,33,11,7,2,22,1,2,22,1,0.26854754440961337,0,6,2,4,0,compiler-explorer/compiler-explorer
c6b098646bf32c64,41,5,5,0,36,0,0,36,0,0.12195121951219512,0,5,0,2,0,compiler-explorer/compiler-explorer
8d43e19e19ad1b23,91,55,53,0,36,0,0,36,0,0.6039017162612668,1,53,0,31,1,compiler-explorer/compiler-explorer
4bbb24bb522bea8b,34,0,0,0,34,0,0,34,0,0.0,0,0,0,0,0,compiler-explorer/compiler-explorer
b57590968a12cee8,553,52,46,1,501,0,1,501,55,0.09031691767532107,0,46,1,9,0,compiler-explorer/compiler-explorer
eca12c0a30e25b4b,83,45,39,0,38,0,0,38,3,0.5271475512439368,1,39,0,3,1,compiler-explorer/compiler-explorer
2c93d6d713eea58e,88,50,35,18,38,1,18,38,1,0.26781705948372614,0,34,18,22,1,compiler-explorer/compiler-explorer
ffdbe3a1e7ee93ca,63,32,32,0,31,0,0,31,0,0.5079365079365079,1,32,0,8,1,compiler-explorer/compiler-explorer
4849121d3eb5d2ba,77,39,29,15,38,0,15,38,0,0.2845512696258965,1,29,15,15,1,compiler-explorer/compiler-explorer
d66164bc028da3cf,354,42,17,1,312,21,1,312,21,0.07767161217009969,0,17,1,3,0,compiler-explorer/compiler-explorer
a22c263686553013,526,0,0,0,526,3,0,526,41,0.0,0,0,0,0,0,compiler-explorer/compiler-explorer
e23d173ec00788d7,127,28,25,1,99,1,1,99,1,0.21240792481584958,0,25,1,10,0,compiler-explorer/compiler-explorer
1f6f0344ad507391,104,1,0,0,103,0,0,103,0,0.0,0,0,0,0,0,compiler-explorer/compiler-explorer
10c0cd6a4f95e78d,16,1,0,0,15,2,0,15,2,0.0625,0,0,0,0,0,compiler-explorer/compiler-explorer
d37d7bb4af1f2aa1,23,18,0,0,5,0,0,5,0,0.0,0,0,0,0,0,compiler-explorer/compiler-explorer
b335630551682c19,178,43,31,2,135,0,2,135,11,0.16723798641528598,0,31,2,3,0,compiler-explorer/compiler-explorer
3bfa7c860870fa6d,25,21,13,0,4,0,0,4,0,0.52,1,13,0,3,1,compiler-explorer/compiler-explorer
6cb6764c65a7ba73,93,43,39,1,50,0,1,50,0,0.44871330192098585,1,39,1,1,1,compiler-explorer/compiler-explorer
919bbcfad71edde9,10,8,2,0,2,0,0,2,0,0.19999999999999998,0,2,0,0,0,compiler-explorer/compiler-explorer
725d864c63859f8d,87,37,27,1,50,0,1,50,0,0.38614869780299726,0,27,1,1,0,compiler-explorer/compiler-explorer
db1b9440a6f30527,36,3,3,0,33,0,0,33,1,0.0833333333333333,0,2,0,0,0,compiler-explorer/compiler-explorer
a973a30fad79da41,93,0,0,0,93,10,0,93,33,0.0,0,0,0,0,0,compiler-explorer/compiler-explorer
ff68c6bd3fac9bfa,840,23,12,9,817,62,9,817,68,0.007142857142857161,0,12,10,10,0,swig/swig
4fa4fb452e86fdc9,1420,506,130,119,914,118,113,914,163,0.002816901408450701,0,111,107,107,0,swig/swig
3c5deb68749e6b9e,126,21,5,5,105,8,5,105,11,0.0,0,3,3,3,0,swig/swig
d9d3b4501dbdfa6a,342,43,15,15,299,13,15,299,15,0.0,0,14,14,14,0,swig/swig
8c6d7ebf2c04afc5,135,64,14,8,71,1,8,71,1,0.04444444444444442,0,14,8,8,1,swig/swig
2325600d87fa688a,96,32,5,5,64,3,5,64,3,0.0,0,4,4,4,0,swig/swig
90feb28bde36c599,619,251,189,175,368,47,175,368,47,0.009693053311793213,0,162,155,158,1,swig/swig
422e9c61fedea6bd,1451,161,94,79,1290,47,76,1290,119,0.00964851826326673,0,86,72,75,0,swig/swig
89e1a397aac7ecab,169,2,1,1,167,6,1,167,6,0.0,0,1,1,1,0,swig/swig
719e1cb2695b066d,214,70,2,2,144,0,2,144,16,0.0,0,2,2,2,0,swig/swig
4b3b18fe915b28b3,289,43,3,3,246,115,3,246,117,0.00692041522491349,0,2,2,2,0,swig/swig
24fa834cde4397d9,1417,422,238,211,995,136,195,995,153,0.01058574453069866,0,216,204,204,0,swig/swig
f4973432e0a4e55a,66,1,0,0,65,8,0,65,8,0.0,0,0,0,0,0,swig/swig
f24bfdea632437ab,41,16,3,3,25,4,3,25,4,0.0,0,3,3,3,0,swig/swig
db8c883bb5ef64a0,144,50,0,0,94,0,0,94,24,0.0,0,0,0,0,0,swig/swig
002108c92ec8bd2a,2338,412,265,217,1926,232,217,1926,270,0.0012831479897348133,0,217,216,216,1,swig/swig
29ee932d4adc6746,682,77,20,19,605,98,19,605,92,0.0,0,16,16,16,0,swig/swig
5a44507637c139ef,372,7,6,6,365,15,4,365,76,0.0,0,3,3,3,0,swig/swig
017fd9db319bf9ef,104,9,7,7,95,30,7,95,30,0.0,0,1,1,1,0,swig/swig
bc236d0e14f969ad,511,138,87,86,373,52,83,373,53,0.0,0,79,79,79,1,swig/swig
d4cb704e1d576a10,186,97,64,0,89,0,0,89,6,0.34408602150537637,1,50,0,1,1,swig/swig
44e79c00840757bc,107,6,4,4,101,0,4,101,22,0.0,0,4,4,4,0,swig/swig
1a19a3dbb00bbb45,117,99,96,96,18,0,96,18,0,0.0,0,95,95,95,1,swig/swig
27485a1f1e1d8222,1610,71,25,25,1539,98,25,1539,146,0.0,0,17,17,17,0,swig/swig
1217dec219259b1a,31,16,15,15,15,0,13,15,0,0.0,0,14,14,14,1,swig/swig
f8fbbf1bc2d81882,182,13,2,0,169,2,0,169,2,0.010989010989010974,0,2,0,2,0,highlightjs/highlight.js
88b7c1e5fb50c0e1,95,18,1,1,77,0,1,77,0,0.0,0,1,1,1,0,highlightjs/highlight.js
bfdd23828a0adea3,124,1,1,0,123,5,0,123,21,0.008064516129032261,0,1,0,1,0,highlightjs/highlight.js
3478391f072e92c0,106,29,21,0,77,1,0,77,1,0.19811320754716982,1,21,0,21,1,highlightjs/highlight.js
9bbf87cbb0e52f51,432,29,0,0,403,1,0,403,1,0.0,0,0,0,0,0,highlightjs/highlight.js
b056c5a26741799f,633,95,80,50,538,14,40,538,25,0.04739336492890994,0,52,30,32,0,highlightjs/highlight.js
a41fc98727e809a0,174,1,1,0,173,10,0,173,10,0.005747126436781578,0,1,0,1,0,highlightjs/highlight.js
6db3268ae8266337,256,22,15,7,234,16,7,234,18,0.03125,0,14,7,8,0,highlightjs/highlight.js
399a9267359fefb0,31,4,4,0,27,0,0,27,0,0.12903225806451613,0,3,0,0,0,highlightjs/highlight.js
fef6698b0631962c,440,52,49,1,388,14,1,388,15,0.10909090909090906,0,36,1,1,0,highlightjs/highlight.js
0cdb6fb0b61e8cc6,264,6,0,0,258,121,0,258,121,0.0,0,0,0,0,0,highlightjs/highlight.js
5973a45f23803845,137,70,68,7,67,4,8,67,6,0.4452554744525548,1,60,7,9,1,highlightjs/highlight.js
4c72a75f22732690,169,34,30,4,135,0,4,135,0,0.15384615384615385,0,29,4,29,0,highlightjs/highlight.js
04e3d380349ef1af,218,4,3,2,214,7,2,214,7,0.004587155963302739,0,3,2,3,0,highlightjs/highlight.js
a19e91d4b819823a,291,12,8,1,279,2,1,279,2,0.02847834100286569,0,4,0,3,0,highlightjs/highlight.js
f235b93226f96a79,102,34,19,0,68,3,0,68,3,0.20588235294117652,0,18,0,18,1,highlightjs/highlight.js
cd7ae21470c749f6,73,6,2,0,67,4,0,67,4,0.0136986301369863,0,2,1,2,0,highlightjs/highlight.js
b112d5c14a961705,31,2,0,0,29,13,0,29,13,0.0,0,0,0,0,0,highlightjs/highlight.js
65bbb50837844285,589,1,1,0,588,42,0,588,42,0.0016977928692699503,0,1,0,1,0,highlightjs/highlight.js
ec770ac812eb90b1,144,27,19,0,117,22,0,117,24,0.18055555555555552,1,19,0,19,1,highlightjs/highlight.js
ac8621f1242f5e20,127,29,6,3,98,3,3,98,5,0.023622047244094446,0,3,1,3,0,highlightjs/highlight.js
acf0030489ef9b08,182,51,23,10,131,4,10,131,4,0.1923076923076923,0,18,10,12,0,highlightjs/highlight.js
9befc793973267a6,251,4,3,0,247,21,0,247,24,0.011952191235059757,0,3,0,2,0,highlightjs/highlight.js
fdaec82ea4aaa1ee,25,11,11,0,14,2,0,14,2,0.44000000000000006,1,11,0,10,1,highlightjs/highlight.js
a4f1275b9f92ba19,155,7,1,1,148,0,1,148,0,0.0,0,1,1,1,0,highlightjs/highlight.js
c744d782ef972fd3,50,9,8,8,41,2,8,41,5,0.02000000000000003,0,8,8,8,0,tianocore/edk2
6a8ceaac0f2490fe,55,4,2,1,51,1,1,51,4,0.03636363636363637,0,2,2,2,0,tianocore/edk2
2841d0a0e1d16596,69,3,3,3,66,0,3,66,0,0.0,0,3,3,3,0,tianocore/edk2
3d2c659230f7df27,147,17,17,17,130,0,17,130,0,0.0,0,17,17,17,0,tianocore/edk2
879aa3642667a6f6,895,121,120,42,774,247,32,774,415,0.0,0,120,120,120,0,tianocore/edk2
7b54744c644715e9,274,20,20,19,254,10,19,254,10,0.0,0,20,20,20,0,tianocore/edk2
8b415f9177b4094e,30,1,1,1,29,4,1,29,4,0.0,0,1,1,1,0,tianocore/edk2
c28491580fcfe218,801,38,33,22,763,11,19,763,48,0.018726591760299588,0,30,23,30,0,tianocore/edk2
e73cf70daf22eeb6,58,18,18,17,40,4,16,40,8,0.0,0,18,18,18,1,tianocore/edk2
3862c33b39816505,253,44,44,44,209,0,44,209,1,0.0,0,44,44,44,0,tianocore/edk2
ac67315851c632a7,46,6,6,6,40,0,6,40,0,0.0,0,6,6,6,0,tianocore/edk2
773cda4b78c8f4b5,82,12,12,12,70,0,12,70,0,0.0,0,12,12,12,0,tianocore/edk2
53c17121e1de145b,61,1,1,1,60,1,1,60,3,0.0,0,1,1,1,0,tianocore/edk2
9a657b1bb6ca4239,129,8,8,8,121,0,8,121,14,0.0,0,8,8,8,0,tianocore/edk2
5fcd302905beb5b3,215,3,3,3,212,0,3,212,9,0.0,0,3,3,3,0,tianocore/edk2
b4d78b5c0e6869c1,1746,76,75,72,1670,289,60,1670,376,0.0005724094697006985,0,75,75,75,0,tianocore/edk2
cc105655b332690e,21,1,1,1,20,0,1,20,0,0.0,0,1,1,1,0,tianocore/edk2
b79cca8a46d6a769,238,38,34,34,200,64,34,200,112,0.0166999002991027,0,34,34,34,0,tianocore/edk2
90dba492e8fc894d,456,72,65,63,384,0,63,384,0,0.019736842105263146,0,63,62,63,0,tianocore/edk2
b1cb5979ec0901c7,33,4,4,4,29,0,4,29,0,0.0,0,4,4,4,0,tianocore/edk2
d3e46074e636c17e,593,51,51,50,542,104,50,542,107,0.0,0,51,51,51,0,tianocore/edk2
e629594c98e540ab,151,21,21,21,130,2,21,130,3,0.0,0,19,19,19,0,tianocore/edk2
92c6cb2687db5190,30,1,1,1,29,0,1,29,0,0.0,0,1,1,1,0,tianocore/edk2
388a1b18d1580cb6,172,22,22,22,150,0,22,150,0,0.0,0,22,22,22,0,tianocore/edk2
ef59d4de02785990,897,178,159,104,719,113,102,719,129,0.06020066889632108,0,146,119,138,0,tianocore/edk2
c85fc754b70c8118,40,24,22,16,16,0,16,16,0,0.15000000000000002,0,22,16,18,1,mhammond/pywin32
c22bd4940cd4138e,46,25,23,17,21,0,17,21,0,0.13043478260869568,0,23,15,17,1,mhammond/pywin32
22fe3052757e03c6,46,36,36,36,10,0,36,10,0,0.0,0,35,35,35,1,mhammond/pywin32
a63166f4aeb6b19a,192,143,137,108,49,0,108,49,0,0.16145833333333334,0,136,107,113,1,mhammond/pywin32
e505abbd41871873,31,16,16,13,15,0,13,15,0,0.09677419354838711,0,16,13,15,1,mhammond/pywin32
4db0f66d4f72483f,262,194,173,150,68,2,150,68,2,0.08778625954198471,0,157,134,145,1,mhammond/pywin32
fb990e42a8c0eaee,31,18,16,13,13,0,13,13,0,0.09677419354838711,0,16,13,15,1,mhammond/pywin32
b77311a1fd4e2ccb,34,20,18,14,14,0,14,14,0,0.11764705882352942,0,18,14,16,1,mhammond/pywin32
82862a604fb7f92c,23,14,14,13,9,0,13,9,0,0.0434782608695652,0,14,13,14,1,mhammond/pywin32
5b411456d0daf07f,449,169,163,152,280,164,152,280,164,0.046770601336302925,0,146,137,139,1,mhammond/pywin32
87a164d341240f27,348,264,216,194,84,5,194,84,5,0.06609195402298851,0,209,187,194,1,mhammond/pywin32
7f4242ff5dd2b5eb,39,21,19,14,18,0,14,18,0,0.1282051282051282,0,19,13,15,1,mhammond/pywin32
e8208d5ebb06801b,235,173,144,87,62,11,87,62,11,0.3003833620854897,0,133,86,110,1,mhammond/pywin32
b90c789cd72a2fee,263,138,87,10,125,6,10,125,7,0.2895078412509353,0,67,10,14,1,mhammond/pywin32
19a6c935b552fa0a,108,100,86,74,8,0,74,8,0,0.11111111111111113,0,59,47,50,1,mhammond/pywin32
d5a266901c76fccd,17,14,14,13,3,0,13,3,0,0.05882352941176471,0,14,13,14,1,mhammond/pywin32
231c306551793738,340,273,272,207,67,0,209,67,0,0.1941176470588235,0,263,199,205,1,mhammond/pywin32
58e591ef7e075816,98,30,0,0,68,0,0,68,1,0.005486065393899502,0,0,0,0,0,mhammond/pywin32
c233f9baa1ac971e,1153,426,382,145,727,38,145,727,39,0.24709175815526874,0,352,145,196,0,mhammond/pywin32
26d20ec190cda065,30,8,8,2,22,0,2,22,0,0.20000000000000004,0,7,2,5,0,mhammond/pywin32
7d7e3139f193bbe0,30,14,14,13,16,0,13,16,0,0.033333333333333326,0,14,13,14,1,mhammond/pywin32
9177610711bd4aef,40,24,22,16,16,0,16,16,0,0.15000000000000002,0,22,16,18,1,mhammond/pywin32
e878b1096621c0a7,36,20,20,15,16,1,15,16,1,0.13888888888888887,0,20,15,18,1,mhammond/pywin32
b33b4f21105e17d9,209,150,139,86,59,0,86,59,0,0.2966507177033493,0,129,85,88,1,mhammond/pywin32
41726b9249cccc9c,319,187,187,175,132,0,175,132,0,0.03761755485893416,0,187,175,175,1,mhammond/pywin32
ea763fdb2cbd2223,3762,2,2,2,3760,64,2,3760,108,0.0,0,2,2,2,0,macvim-dev/macvim
a3ba5fb329c14069,3546,1,1,1,3545,139,1,3545,207,0.0,0,1,1,1,0,macvim-dev/macvim
d5920a54fc6fff9b,4336,0,0,0,4336,208,0,4336,227,0.0,0,0,0,0,0,macvim-dev/macvim
8cb1e0bcf7fdc663,4721,8,8,8,4713,146,3,4713,1589,0.0,0,8,8,8,0,macvim-dev/macvim
652732b65cd75921,3401,3,3,1,3398,116,1,3398,118,0.0005880623346074885,0,2,1,2,0,macvim-dev/macvim
867b39b172892a0c,2274,9,9,0,2265,63,0,2265,68,0.003957783641160951,0,4,0,4,0,macvim-dev/macvim
cd16a44020ec2a52,1293,131,126,98,1162,51,88,1162,64,0.0,0,82,82,82,0,macvim-dev/macvim
bdbc2955a3e93588,1448,2,2,2,1446,130,2,1446,150,0.0,0,2,2,2,0,macvim-dev/macvim
4516b9bd86fff36e,4458,1,1,1,4457,75,1,4457,101,0.0,0,1,1,1,0,macvim-dev/macvim
e839d5afaa153b26,3408,12,12,12,3396,67,12,3396,149,0.0,0,12,12,12,0,macvim-dev/macvim
340ac6bc5c3f06af,2501,47,44,28,2454,319,15,2454,260,0.0,0,38,38,38,0,macvim-dev/macvim
350d2274a72ac84c,3009,13,13,13,2996,66,13,2996,74,0.0,0,13,13,13,0,macvim-dev/macvim
02f14cec58c0040e,1052,3,3,3,1049,28,3,1049,28,0.0,0,3,3,3,0,macvim-dev/macvim
ddb623c7d8d649ef,3371,2,2,0,3369,121,0,3369,175,0.0005932957579353304,0,1,0,1,0,macvim-dev/macvim
a6dcb0608cf96888,2982,217,213,175,2765,1215,175,2765,1220,0.0318578135479544,0,204,167,172,0,macvim-dev/macvim
7d80d5c7ed23fc27,634,2,2,0,632,1,0,632,1,0.0031545741324921035,0,1,0,1,0,macvim-dev/macvim
d66efb720268762c,3808,0,0,0,3808,210,0,3808,243,0.0,0,0,0,0,0,macvim-dev/macvim
4d23e811c234b1ba,3910,1,1,1,3909,184,1,3909,186,0.0,0,1,1,1,0,macvim-dev/macvim
4ec0c852d2522fd6,1460,7,7,7,1453,0,7,1453,0,0.0,0,7,7,7,0,macvim-dev/macvim
d8a7b8c4e1c9f1a2,428,1,1,1,427,12,1,427,12,0.0,0,1,1,1,0,macvim-dev/macvim
f4ef62406769e02b,2195,4,4,1,2191,144,1,2191,148,0.0013667425968109216,0,4,1,1,0,macvim-dev/macvim
40e056371fe28c3c,231,20,10,0,211,0,0,211,3,0.08658008658008658,0,10,0,0,0,macvim-dev/macvim
2beee4147fc290ab,523,76,76,67,447,121,61,447,146,0.04015296367112811,0,74,69,71,0,macvim-dev/macvim
cbf91a87d3f07d2a,4667,4,4,4,4663,303,4,4663,321,0.0,0,4,4,4,0,macvim-dev/macvim
336fe0683677213d,4338,17,17,14,4321,91,14,4321,90,0.0004610419548178885,0,14,13,14,0,macvim-dev/macvim
43c09f33b5588996,37,1,1,0,36,0,0,36,0,0.027027027027027056,0,1,0,0,0,ppy/osu
0fbb032b09769557,139,64,7,6,75,2,5,75,6,0.007194244604316552,0,6,5,5,0,ppy/osu
de8f394aef3d338f,165,23,0,0,142,0,0,142,4,0.0,0,0,0,0,0,ppy/osu
0e0ceb2859680857,589,15,2,0,574,3,0,574,49,0.0033955857385399003,0,2,0,0,0,ppy/osu
ececa2a1ba5a3a5a,100,1,0,0,99,0,0,99,0,0.0,0,0,0,0,0,ppy/osu
16af065a673759e0,524,68,36,33,456,14,33,456,46,0.0019083969465648748,0,26,25,26,0,ppy/osu
82e9be3a7a996ef2,844,7,2,0,837,162,0,837,186,0.002369668246445482,0,2,0,0,0,ppy/osu
f95339b689a4420c,132,0,0,0,132,1,0,132,1,0.0,0,0,0,0,0,ppy/osu
a9cc47750bb3ec12,206,1,1,0,205,0,0,205,9,0.004854368932038834,0,1,0,0,0,ppy/osu
3c447ba08e5043b7,156,1,0,0,155,1,0,155,6,0.0,0,0,0,0,0,ppy/osu
3dc8ae6aaa321e40,132,1,0,0,131,0,0,131,5,0.0,0,0,0,0,0,ppy/osu
1d37ccab414c6d91,71,1,1,0,70,0,0,70,9,0.014084507042253513,0,1,0,0,0,ppy/osu
539d30aa25cfd882,49,2,2,0,47,0,0,47,8,0.04081632653061221,0,2,0,0,0,ppy/osu
6fdab0d2518ea716,45,15,8,8,30,1,8,30,1,0.0,0,2,2,2,0,ppy/osu
dc8af6b5447403dc,47,26,18,18,21,0,18,21,0,0.0,0,6,6,6,1,ppy/osu
b4a14d9196b3a962,103,0,0,0,103,0,0,103,7,0.0,0,0,0,0,0,ppy/osu
547af7988bbb84e1,43,1,1,0,42,0,0,42,0,0.023255813953488393,0,1,0,0,0,ppy/osu
cbe436a54bc51b29,352,1,1,0,351,0,0,351,0,0.0028409090909090754,0,1,0,0,0,ppy/osu
01173b532d49ce53,20,1,0,0,19,0,0,19,2,0.0,0,0,0,0,0,ppy/osu
65fef0435f5f722e,241,1,1,0,240,0,0,240,12,0.004149377593360988,0,1,0,0,0,ppy/osu
b11bea3d2e00df2c,35,0,0,0,35,0,0,35,0,0.0,0,0,0,0,0,ppy/osu
21ab77985b262a8a,39,17,3,2,22,0,2,22,0,0.0,0,2,2,2,0,ppy/osu
34ab29a0fd92cdff,231,139,23,15,92,10,15,92,12,0.0,0,14,14,14,0,ppy/osu
02f15b70b1ec6ef9,55,1,1,0,54,0,0,54,0,0.018181818181818184,0,1,0,0,0,ppy/osu
f004cb1e73e69bbe,124,32,7,6,92,0,5,92,1,0.008064516129032258,0,5,4,4,0,ppy/osu
932465830842270f,5,1,0,0,4,0,0,4,0,0.19999999999999998,0,0,0,0,0,mamba-org/mamba
323eb1cd52c4608d,4,1,1,1,3,0,1,3,0,0.0,0,1,1,1,0,mamba-org/mamba
41e947908ac31fad,74,1,0,0,73,0,0,73,5,0.0,0,0,0,0,0,mamba-org/mamba
2206b9ebebb0fb2c,51,1,1,0,50,0,0,50,0,0.019607843137254923,0,1,0,0,0,mamba-org/mamba
fb864845b10172b4,215,16,13,0,199,78,0,199,83,0.0,0,13,13,13,0,mamba-org/mamba
9c5e75ba4fffa7f1,1107,4,2,0,1103,0,0,1103,219,0.0018066847335140024,0,2,1,1,0,mamba-org/mamba
07f2852e0a3c86fa,2166,338,66,16,1828,58,15,1828,905,0.1145066613903179,0,55,16,21,0,mamba-org/mamba
ee6d5b193d29cfb6,726,34,10,2,692,129,2,692,150,0.044759953850862934,0,8,2,4,0,mamba-org/mamba
780681ac02a086e3,770,91,74,0,679,32,14,679,42,0.09090909090909091,0,74,38,38,0,mamba-org/mamba
59bce3c62c3eda54,10,10,10,10,0,0,10,0,0,0.0,0,10,10,10,1,mamba-org/mamba
9c359d1c5cc1eca5,30,3,1,0,27,0,0,27,6,0.08095238095238093,0,1,1,1,0,mamba-org/mamba
5994ba695ea66f85,134,0,0,0,134,0,0,134,9,0.0,0,0,0,0,0,mamba-org/mamba
7b3f6d24884e8d3e,1340,20,19,0,1320,132,0,1320,163,0.014179104477611943,0,16,4,5,0,mamba-org/mamba
779332a67e436913,28,0,0,0,28,0,0,28,6,0.0,0,0,0,0,0,mamba-org/mamba
c9726d95383b5ed3,311,6,6,0,305,0,0,305,15,0.01929260450160775,0,6,0,0,0,mamba-org/mamba
b63ef3a8d6b2e8e8,1515,85,64,11,1430,153,11,1430,326,0.03835254878272975,0,51,12,17,0,mamba-org/mamba
87d24dd551cd3761,63,3,3,0,60,0,0,60,0,0.047619047619047644,0,3,0,0,0,mamba-org/mamba
e261857ce41bbe1e,5,1,1,0,4,0,0,4,0,0.19999999999999998,0,1,0,0,0,mamba-org/mamba
1386009d69f8ac85,423,46,32,3,377,9,5,377,10,0.10036010103637423,0,29,8,9,0,mamba-org/mamba
d04845251710041b,1753,263,32,0,1490,14,0,1490,22,0.017042621746781336,0,32,4,4,0,mamba-org/mamba
6bebaa00e13d38ac,239,14,6,1,225,10,1,225,18,0.05439330543933056,0,4,1,1,0,mamba-org/mamba
f040b404180ea599,446,1,0,0,445,1,0,445,24,0.0,0,0,0,0,0,mamba-org/mamba
a949531d8e11cae3,37,2,2,0,35,0,0,35,0,0.05405405405405406,0,2,0,0,0,mamba-org/mamba
0c960919cd7e3a16,99,33,0,0,66,0,0,66,0,0.0,0,0,0,0,0,mamba-org/mamba
135896ade71342a3,163,5,5,0,158,64,0,158,67,0.0,0,5,5,5,0,mamba-org/mamba
fc6fb456da8b0333,325,0,0,0,325,1,0,325,21,0.0,0,0,0,0,0,py-pdf/pypdf
9256e36226058b32,113,1,0,0,112,0,0,112,0,0.0,0,0,0,0,0,py-pdf/pypdf
7c8c1979f5deef5b,52,1,0,0,51,0,0,51,0,0.0,0,0,0,0,0,py-pdf/pypdf
3dcacfecbac262f5,106,1,0,0,105,1,0,105,2,0.0,0,0,0,0,0,py-pdf/pypdf
63a9c44a44acf85f,40,0,0,0,40,0,0,40,0,0.0,0,0,0,0,0,py-pdf/pypdf
0a65befa2e410a73,179,1,0,0,178,7,0,178,7,0.0,0,0,0,0,0,py-pdf/pypdf
e9349fad824a042e,22,2,0,0,20,0,0,20,0,0.004329004329004307,0,0,0,0,0,py-pdf/pypdf
05e6e31b7a98f5c2,59,0,0,0,59,0,0,59,0,0.0,0,0,0,0,0,py-pdf/pypdf
5870a741e2fa8d0b,41,1,0,0,40,0,0,40,0,0.0,0,0,0,0,0,py-pdf/pypdf
2376a2cb969cf3bd,120,0,0,0,120,1,0,120,8,0.0,0,0,0,0,0,py-pdf/pypdf
1102636ac9e880a7,359,1,0,0,358,1,0,358,43,0.0,0,0,0,0,0,py-pdf/pypdf
72b0f041b590242f,67,5,3,2,62,0,3,62,0,0.04477611940298511,0,3,3,3,0,scala/scala3
d6659339115b7f52,306,43,42,18,263,4,19,263,4,0.08488132094943239,0,39,18,23,0,scala/scala3
54118d50d54be176,705,3,3,0,702,0,1,702,0,0.004255319148936173,0,3,1,3,0,scala/scala3
a9e3e98f1f73547a,286,8,8,1,278,86,6,278,58,0.013986013986014005,0,8,6,6,0,scala/scala3
3eba97b8602f33dd,28,14,13,1,14,0,2,14,0,0.4642857142857143,0,13,2,4,1,scala/scala3
7581e5d8aeec8dc6,1202,42,41,3,1160,25,9,1160,34,0.03161397670549085,0,37,3,37,0,scala/scala3
66159442805eb9ec,167,17,16,3,150,0,10,150,1,0.08383233532934128,0,16,7,8,0,scala/scala3
a889a1033e0eee03,323,23,22,1,300,0,3,300,0,0.06811145510835918,0,19,3,4,0,scala/scala3
f6f86fd73f528fd4,48,0,0,0,48,0,0,48,2,0.0,0,0,0,0,0,scala/scala3
221e039b84d3b79f,133,13,10,1,120,0,4,120,1,0.09022556390977446,0,10,6,6,0,scala/scala3
c20f217dfbbd91b2,51,7,7,3,44,0,4,44,1,0.07843137254901958,0,7,5,7,0,scala/scala3
6d5e94d4f1f49221,135,14,14,3,121,0,4,121,0,0.08148148148148153,0,13,3,6,0,scala/scala3
4f110521c17599c0,58,5,5,0,53,0,1,53,0,0.08620689655172412,0,5,1,4,0,scala/scala3
1e1e3f935b204cba,395,8,8,2,387,1,2,387,1,0.015189873417721496,0,6,0,6,0,scala/scala3
f931127b4146e536,11,0,0,0,11,0,0,11,0,0.0,0,0,0,0,0,scala/scala3
6c75fcd96f86a35b,189,21,21,13,168,2,13,168,3,0.042328042328042326,0,21,13,15,0,scala/scala3
b84ba1c637b88c6c,539,0,0,0,539,0,0,539,0,0.0,0,0,0,0,0,scala/scala3
88adef9b969d41ed,40,40,0,0,0,0,0,0,0,0.0,0,0,0,0,0,scala/scala3
63c967a46293baf9,85,1,1,0,84,0,0,84,0,0.01176470588235292,0,1,0,0,0,scala/scala3
cbf52be2197b0d6a,298,0,0,0,298,0,0,298,0,0.0,0,0,0,0,0,scala/scala3
7c4540c0d0e894a4,49,1,1,0,48,0,1,48,0,0.02040816326530613,0,1,1,1,0,scala/scala3
6b894080c2bac933,28,1,1,0,27,0,1,27,0,0.03571428571428576,0,1,1,1,0,scala/scala3
d572e9cb357aa561,172,9,7,0,163,0,5,163,0,0.052325581395348875,0,7,5,7,0,scala/scala3
dd9442469b449217,311,29,28,15,282,0,15,282,7,0.04501607717041801,0,26,14,15,0,scala/scala3
41b1c9492ddfaf81,325,9,9,1,316,0,1,316,19,0.02461538461538459,0,8,0,8,0,scala/scala3
72637eb75c249175,106,2,0,0,104,1,0,104,2,0.01705370101596515,0,0,0,0,0,python-pillow/Pillow
c14dc7d9af4fe076,841,104,98,8,737,191,6,737,246,0.07966706302021404,0,97,33,33,0,python-pillow/Pillow
fc378e0ec0e94001,112,11,7,0,101,0,0,101,0,0.09755291005291004,0,7,0,7,0,python-pillow/Pillow
856b43942a18512b,87,1,0,0,86,2,0,86,2,0.01082598235765839,0,0,0,0,0,python-pillow/Pillow
ca0004fe9b4a14bc,1518,682,667,373,836,1,392,836,1,0.19367588932806323,0,647,334,348,0,python-pillow/Pillow
7c230737c47583f8,277,91,80,61,186,10,61,186,11,0.04693140794223827,0,80,59,66,0,python-pillow/Pillow
f6e081867d895de4,171,6,2,1,165,1,1,165,1,0.016713381085850756,0,2,1,2,0,python-pillow/Pillow
fe159a71de7b4141,370,187,155,5,183,91,4,183,94,0.059459459459459435,0,153,90,93,1,python-pillow/Pillow
5d5eca107f9d554e,788,166,145,74,622,14,69,622,60,0.0859424445563865,0,143,77,79,0,python-pillow/Pillow
3d90eac56774ae7c,139,95,78,64,44,1,64,44,1,0.07194244604316548,0,67,57,57,1,python-pillow/Pillow
a2b888a5d286c366,344,55,55,44,289,1,44,289,1,0.031976744186046485,0,49,38,42,0,python-pillow/Pillow
465b1d2b8365d07f,134,1,0,0,133,7,0,133,15,0.0072943552912130855,0,0,0,0,0,python-pillow/Pillow
26ad12b92d3f7c5c,122,6,5,0,116,1,1,116,4,0.04884162037664273,0,5,1,5,0,python-pillow/Pillow
72d5564434f2b0f0,90,9,0,0,81,14,0,81,14,0.02222222222222224,0,0,0,0,0,python-pillow/Pillow
70f484ff223cd661,145,18,18,4,127,0,4,127,0,0.09655172413793102,0,18,4,5,0,python-pillow/Pillow
eaf78be8ba4b940d,9,2,1,0,7,1,0,7,1,0.2222222222222222,0,1,0,0,0,python-pillow/Pillow
aef2fd0fe63776f9,1171,290,255,120,881,148,115,881,170,0.09222886421861655,0,246,152,178,1,python-pillow/Pillow
a592fb63b483610c,966,222,191,95,744,34,95,744,36,0.10041407867494823,0,191,92,113,1,python-pillow/Pillow
bd1e1b1de6e5b72a,1069,36,12,0,1033,39,0,1033,62,0.015045506657194911,0,12,0,2,0,python-pillow/Pillow
e515c654cff3147b,229,10,10,0,219,20,0,219,23,0.04366812227074238,0,9,0,6,0,python-pillow/Pillow
b6ad5a2d90789eef,637,0,0,0,637,12,0,637,15,0.0,0,0,0,0,0,python-pillow/Pillow
74993c6ec05bc7a8,956,133,131,87,823,72,79,823,96,0.03451882845188285,0,131,98,121,0,python-pillow/Pillow
87e8618eb5993c26,68,3,2,0,65,0,0,65,1,0.0430201931518876,0,2,0,2,0,python-pillow/Pillow
49a5fe48aab54279,61,2,2,1,59,3,1,59,6,0.016393442622950824,0,2,1,1,0,python-pillow/Pillow
bb9af648f9d6055f,406,49,39,0,357,12,0,357,12,0.11960046538109265,0,36,0,18,0,python-pillow/Pillow
2aa1f2f5278c3570,127,82,5,5,45,2,5,45,2,0.0,0,5,5,5,0,postgresml/postgresml
d256cf82c30f4330,46,14,0,0,32,0,0,32,0,0.0,0,0,0,0,0,postgresml/postgresml
5f2568529b4163e1,83,62,0,0,21,0,0,21,0,0.0,0,0,0,0,0,postgresml/postgresml
e7e474139b888049,20,18,0,0,2,0,0,2,0,0.0,0,0,0,0,0,postgresml/postgresml
a946c2ff59f24951,105,54,0,0,51,0,0,51,3,0.0,0,0,0,0,0,postgresml/postgresml
9ca35bfffc22ffd5,997,26,3,0,971,29,0,971,55,0.0030090270812437314,0,2,0,0,0,rtk-ai/rtk
cf8599d45bffd48b,1463,3,3,0,1460,67,0,1460,102,0.0020505809979494164,0,2,0,0,0,rtk-ai/rtk
42afc13831fa59ae,60,1,1,0,59,0,0,59,0,0.01666666666666669,0,1,0,0,0,rtk-ai/rtk
2f53ee0a40abbd81,1782,13,13,1,1769,83,1,1769,143,0.006734006734006733,0,9,1,2,0,rtk-ai/rtk
51b6b3c2ba51a97d,1614,6,6,0,1608,34,0,1608,53,0.0037174721189591085,0,4,0,0,0,rtk-ai/rtk
faa5d80d0e341a27,603,1,1,0,602,25,1,602,25,0.0016583747927031468,0,1,1,1,0,rtk-ai/rtk
48e43efd39d6b413,474,2,2,0,472,13,0,472,28,0.0042194092827004225,0,2,0,0,0,rtk-ai/rtk
07d76734c2dc92e3,121,1,1,0,120,0,0,120,0,0.008264462809917397,0,1,0,0,0,rtk-ai/rtk
03de36b8897118ec,879,17,17,3,862,25,3,862,58,0.015927189988623427,0,14,3,6,0,rtk-ai/rtk
cc4737b2b9f981bf,1850,29,18,0,1821,5,0,1821,38,0.009729729729729741,0,17,0,0,0,rtk-ai/rtk
a27e260ac6acead7,51,2,2,0,49,0,0,49,0,0.039215686274509845,0,2,0,0,0,rtk-ai/rtk
9cdecec754632dd7,1460,79,79,0,1381,8,1,1381,8,0.05410958904109586,0,60,0,0,0,rtk-ai/rtk
6f402c71f8205ec4,226,6,0,0,220,2,0,220,3,0.0,0,0,0,0,0,rtk-ai/rtk
938c323348e5585d,930,20,13,0,910,24,0,910,39,0.013978494623655914,0,10,0,0,0,rtk-ai/rtk
a4c5b12bcbb206b5,392,2,2,0,390,8,0,390,44,0.005102040816326522,0,2,0,0,0,rtk-ai/rtk
5a4dc5c84cb02d19,1157,3,3,0,1154,16,0,1154,16,0.0025929127052722713,0,2,0,0,0,rtk-ai/rtk
a947c9d2523f34e5,6,1,0,0,5,0,0,5,0,0.0,0,0,0,0,0,rtk-ai/rtk
fe43bb09b8e87733,286,9,9,0,277,2,0,277,5,0.031468531468531465,0,7,0,0,0,rtk-ai/rtk
0442326e3d50cf84,679,2,2,0,677,0,0,677,51,0.002945508100147265,0,2,0,0,0,rtk-ai/rtk
16fe7deebe2afe31,189,1,1,0,188,11,0,188,16,0.0052910052910053185,0,1,0,0,0,rtk-ai/rtk
c6bf73413043175e,324,19,11,0,305,0,0,305,0,0.033950617283950615,0,9,0,0,0,rtk-ai/rtk
ea5415f92a3ac840,1842,1,1,0,1841,28,0,1841,90,0.0005428881650380024,0,1,0,0,0,rtk-ai/rtk
31574763ae062771,845,26,26,0,819,21,0,819,22,0.03076923076923077,0,22,0,0,0,rtk-ai/rtk
1ddb4602ecdebaa5,478,8,2,0,470,3,0,470,9,0.004184100418410067,0,2,0,0,0,rtk-ai/rtk
cd556a85d99bcc10,386,18,18,0,368,3,0,368,3,0.046632124352331605,0,14,0,0,0,rtk-ai/rtk
bbb3aa16ac494221,49,1,1,0,48,0,0,48,8,0.020408163265306124,0,1,0,1,0,cakephp/cakephp
da258fe6643446d8,4,1,1,1,3,0,1,3,0,0.0,0,1,1,1,0,cakephp/cakephp
e1cbcd5b413da800,42,14,12,7,28,0,7,28,2,0.14285714285714285,0,7,4,5,1,cakephp/cakephp
ca4202911678fead,289,168,142,126,121,1,117,121,8,0.05536332179930798,0,84,81,82,1,cakephp/cakephp
152d9fcd96d65904,30,2,2,0,28,1,0,28,5,0.06666666666666665,0,2,0,0,0,cakephp/cakephp
6666147533c35d51,381,62,51,39,319,2,39,319,106,0.01837270341207349,0,32,12,12,0,cakephp/cakephp
a967b0276badc786,171,91,70,64,80,11,64,80,11,0.03508771929824561,0,46,43,44,1,cakephp/cakephp
d6b907955a11e233,997,261,206,157,736,28,130,736,82,0.05015045135406218,0,94,73,92,0,cakephp/cakephp
1ed4ebb6ad96648e,129,2,2,0,127,1,0,127,2,0.015503875968992262,0,2,0,0,0,cakephp/cakephp
ccd2900890a384e8,33,8,8,4,25,0,4,25,4,0.12121212121212122,0,4,1,2,0,cakephp/cakephp
39843deab73fc2fe,32,2,2,0,30,0,0,30,2,0.0625,0,2,0,0,0,cakephp/cakephp
3ef113758974a9a3,28,3,3,0,25,1,0,25,5,0.07142857142857145,0,2,0,0,0,cakephp/cakephp
e14f3bfc89e86b2f,87,10,7,1,77,1,1,77,5,0.045977011494252866,0,4,1,2,0,cakephp/cakephp
ea382e624e2d3c7d,203,128,115,105,75,3,105,75,4,0.0443349753694581,0,56,53,54,1,cakephp/cakephp
e295f75a5a13236d,211,3,3,0,208,2,0,208,12,0.014218009478672976,0,3,0,1,0,cakephp/cakephp
e62fc3496e441ef4,735,5,5,0,730,63,0,730,186,0.006802721088435375,0,5,0,3,0,cakephp/cakephp
2221681270832ef8,96,2,2,0,94,2,0,94,21,0.02083333333333335,0,2,0,2,0,cakephp/cakephp
4e856985766af48e,61,9,4,0,52,4,0,52,10,0.08196721311475408,0,3,0,1,0,cakephp/cakephp
c534cbee6899ce91,873,185,150,129,688,132,129,688,163,0.024054982817869427,0,89,83,87,0,cakephp/cakephp
6d4f969ee8bdc8db,22,0,0,0,22,0,0,22,0,0.0,0,0,0,0,0,cakephp/cakephp
49643f8562f53878,30,3,3,0,27,0,0,27,5,0.09999999999999998,0,2,0,0,0,cakephp/cakephp
2c553a2f3ad7f4d7,178,30,18,8,148,9,8,148,18,0.028089887640449437,0,7,3,3,0,cakephp/cakephp
215eacc4f8b4fed7,1114,273,219,195,841,5,193,841,169,0.02154398563734291,0,148,141,146,1,cakephp/cakephp
3868e15e32f1efbb,42,10,10,5,32,2,5,32,2,0.11904761904761903,0,5,2,3,1,cakephp/cakephp
4594bf303af2e7d5,37,9,9,4,28,0,4,28,0,0.10810810810810811,0,5,2,3,0,cakephp/cakephp
91c5b46dc84a9460,383,3,3,3,380,0,3,380,63,0.0,0,3,3,3,0,libusb/libusb
10087d4120d578ed,34,1,0,0,33,0,0,33,0,0.0,0,0,0,0,0,libusb/libusb
6ee3c185e1c0ad9f,137,1,1,1,136,0,1,136,4,0.0,0,1,1,1,0,libusb/libusb
8e524be3a14b3a0e,26,4,4,4,22,0,4,22,0,0.0,0,4,4,4,0,libusb/libusb
c1f9bc250077d414,3126,165,165,165,2961,78,165,2961,404,0.0,0,159,159,159,0,libusb/libusb
ddd5e25c9a184229,51,1,1,1,50,0,1,50,0,0.0,0,0,0,0,0,libusb/libusb
dff66f5e90189616,509,47,38,38,462,21,38,462,64,0.0,0,33,33,33,0,libusb/libusb
d8e84524f8ee7812,2874,13,13,13,2861,63,12,2861,142,0.0,0,13,13,13,0,libusb/libusb
2e77073ab610bd4b,1178,6,6,6,1172,0,6,1172,0,0.0,0,6,6,6,0,libusb/libusb
6eb633311f223c63,1718,15,15,15,1703,29,15,1703,138,0.0,0,15,15,15,0,libusb/libusb
21364b2e6fae1f28,162,1,1,1,161,0,1,161,9,0.0,0,1,1,1,0,libusb/libusb
400d38e5cfee1812,504,1,0,0,503,0,0,503,0,0.0,0,0,0,0,0,libusb/libusb
ac52d89176c92629,3742,7,5,5,3735,227,5,3735,551,0.0,0,5,5,5,0,libusb/libusb
1955e2663745ef5f,1087,12,12,12,1075,57,1,1075,243,0.0,0,12,12,12,0,libusb/libusb
338cbc8c1656d5b7,2508,12,11,11,2496,49,9,2496,225,0.0,0,10,10,10,0,libusb/libusb
034277d8f5e2181c,112,1,1,1,111,1,1,111,1,0.0,0,1,1,1,0,libusb/libusb
3028762307576a19,3055,1,1,1,3054,254,1,3054,425,0.0,0,1,1,1,0,libusb/libusb
5d67621ce4dd1bf8,847,2,0,0,845,0,0,845,20,0.0,0,0,0,0,0,libusb/libusb
ae8733e38db60713,123,1,1,1,122,8,1,122,8,0.0,0,1,1,1,0,libusb/libusb
013a6032d7dbb7f5,1937,6,6,6,1931,35,6,1931,226,0.0,0,2,2,2,0,libusb/libusb
22e7fcf11c5d2ef3,114,3,3,3,111,0,3,111,15,0.0,0,3,3,3,0,libusb/libusb
862ad4fef92c4e30,461,65,53,36,396,33,36,396,42,0.041214750542299346,0,45,30,30,1,official-stockfish/Stockfish
da313937d54e9247,426,158,131,99,268,16,87,268,41,0.05868544600938965,0,121,81,87,1,official-stockfish/Stockfish
bdbac1bdb96d38f9,324,10,7,2,314,37,2,314,89,0.015432098765432105,0,7,2,2,1,official-stockfish/Stockfish
33f501b6f63de230,167,48,39,23,119,10,21,119,29,0.09580838323353294,0,34,18,19,1,official-stockfish/Stockfish
cf6d8ad100302e2a,100,1,1,0,99,5,0,99,39,0.009999999999999998,0,1,0,0,0,official-stockfish/Stockfish
13450af1dbc886a4,351,182,140,96,169,15,90,169,44,0.10826210826210825,0,116,75,76,1,official-stockfish/Stockfish
412155a7598e7717,498,146,137,79,352,31,79,352,52,0.10843373493975902,0,137,83,83,1,official-stockfish/Stockfish
1d066214056be2b8,1674,617,504,463,1057,59,450,1057,84,0.00776583034647548,0,421,380,381,1,official-stockfish/Stockfish
e294775b282b6c90,106,3,0,0,103,0,0,103,38,0.000907111756168393,0,0,0,0,0,official-stockfish/Stockfish
eca12c0a30e25b4b,96,2,0,0,94,4,0,94,4,0.0,0,0,0,0,0,official-stockfish/Stockfish
aeb482d3eecf1ef6,641,198,171,130,443,15,130,443,18,0.05304212168486738,0,167,127,129,1,official-stockfish/Stockfish
ad3091633ed47f72,171,9,9,0,162,0,0,162,28,0.05263157894736839,0,9,0,0,0,official-stockfish/Stockfish
2ff86e98337d3109,261,21,21,0,240,2,0,240,43,0.08045977011494249,0,21,0,0,0,official-stockfish/Stockfish
4b4f6c1b9d116396,178,42,33,14,136,15,14,136,43,0.10674157303370786,0,31,15,18,1,official-stockfish/Stockfish
3d8d4950551437b1,407,18,3,0,389,1,0,389,110,0.007371007371007385,0,3,0,0,0,official-stockfish/Stockfish
deb2dd9a115612d5,44,9,9,9,35,0,9,35,0,0.0,0,7,7,7,0,official-stockfish/Stockfish
382624cc48a73122,142,9,6,2,133,5,2,133,24,0.014084507042253516,0,6,4,4,0,official-stockfish/Stockfish
be0fd4507d007645,528,42,42,38,486,6,37,486,7,0.007575757575757603,0,36,32,32,0,official-stockfish/Stockfish
e428c7a719856e30,602,79,74,14,523,3,15,523,22,0.10733345576164321,0,69,14,16,0,official-stockfish/Stockfish
de4f1a4d659b771f,73,17,17,12,56,2,12,56,2,0.0821917808219178,0,17,12,12,0,official-stockfish/Stockfish
7a959c09aa2825de,55,6,6,6,49,1,6,49,1,0.0,0,6,6,6,0,official-stockfish/Stockfish
0fef4bf9fcd523df,405,8,7,3,397,7,3,397,40,0.009876543209876548,0,7,3,3,0,official-stockfish/Stockfish
08b55362e9fd4848,85,12,12,8,73,2,8,73,3,0.0,0,12,12,12,1,official-stockfish/Stockfish
1026e0038b722990,44,42,0,0,2,0,0,2,0,0.0,0,0,0,0,0,official-stockfish/Stockfish
d9c39a0f4329ea10,73,9,6,5,64,1,5,64,18,0.0136986301369863,0,6,5,5,1,official-stockfish/Stockfish
873ee8998d83587a,107,52,0,0,55,0,0,55,11,0.0,0,0,0,0,0,Portkey-AI/gateway
39b2554fd18da165,117,72,15,4,45,1,4,45,1,0.1025641025641026,0,12,2,5,0,Portkey-AI/gateway
2dfa97d1e19d3bf7,235,17,1,0,218,14,0,218,41,0.012765957446808508,0,0,0,0,0,Portkey-AI/gateway
3ff4fda722a15549,221,112,0,0,109,0,0,109,4,0.0004958780140085373,0,0,0,0,0,Portkey-AI/gateway
3c3e62ce2c2f013e,21,10,10,0,11,0,0,11,0,0.47619047619047616,0,9,0,4,0,Portkey-AI/gateway
cc19f4021377e44c,23,11,0,0,12,0,0,12,0,0.0,0,0,0,0,0,Portkey-AI/gateway
0e9e1810d097bec9,18,12,0,0,6,0,0,6,0,0.0,0,0,0,0,0,Portkey-AI/gateway
2e381b4559b382a3,832,36,15,0,796,192,0,796,235,0.024829124189063936,0,12,0,7,0,Portkey-AI/gateway
1044a892d3be8445,60,47,0,0,13,0,0,13,0,0.0,0,0,0,0,0,Portkey-AI/gateway
e826eaba16776ca5,18,10,0,0,8,0,0,8,0,0.0,0,0,0,0,0,Portkey-AI/gateway
50f7870adae73cfc,73,45,9,4,28,0,4,28,4,0.16438356164383564,1,7,2,7,0,Portkey-AI/gateway
a5a0b57c924b21ab,89,60,0,0,29,0,0,29,4,0.0,0,0,0,0,0,Portkey-AI/gateway
c8290490fabda4ec,32,16,0,0,16,0,0,16,0,0.0,0,0,0,0,0,Portkey-AI/gateway
6814bf77564b4f1c,22,2,0,0,20,0,0,20,0,0.0,0,0,0,0,0,Portkey-AI/gateway
b12b95877e563659,40,10,4,0,30,0,0,30,0,0.1,1,4,0,4,1,Portkey-AI/gateway
c9736df98f8531a5,215,4,1,0,211,0,0,211,2,0.0046511627906976605,0,1,0,1,0,Portkey-AI/gateway
853303787dde553c,144,88,0,0,56,8,0,56,15,0.0,0,0,0,0,0,Portkey-AI/gateway
88a4b0c302227647,113,90,0,0,23,0,0,23,0,0.0,0,0,0,0,0,Portkey-AI/gateway
cc25267dcfeef012,106,15,15,0,91,0,0,91,1,0.14150943396226418,0,14,0,3,0,Portkey-AI/gateway
39d86035be5ce330,106,52,31,1,54,1,1,54,1,0.2893980233602875,1,20,0,16,1,Portkey-AI/gateway
a2a171449d862fe2,298,26,9,0,272,3,0,272,13,0.030201342281879213,0,9,0,9,0,Portkey-AI/gateway
406c3e643cc97602,56,33,0,0,23,0,0,23,0,0.0,0,0,0,0,0,Portkey-AI/gateway
3140740d54b47f0e,494,194,41,24,300,26,26,300,39,0.030364372469635602,0,36,23,26,0,Portkey-AI/gateway
8a14046536495e64,257,114,0,0,143,0,0,143,6,0.0008055690661478432,0,0,0,0,0,Portkey-AI/gateway
47cd0738cdca14e2,16,7,7,0,9,0,0,9,0,0.4375,1,6,0,2,1,Portkey-AI/gateway
edb15e7584eeacc1,443,14,14,2,429,17,2,429,46,0.02708803611738151,0,11,2,2,0,neovim/neovim
488a766e8d95d94e,172,0,0,0,172,0,0,172,0,0.0,0,0,0,0,0,neovim/neovim
60d603c83c4273f1,459,3,3,0,456,14,0,456,41,0.00871459694989107,0,2,0,2,0,neovim/neovim
ce598923a17cbb41,860,6,4,3,854,39,2,854,329,0.001162790697674429,0,4,4,4,0,neovim/neovim
d79627248fb7bb18,112,5,4,0,107,0,0,107,0,0.04456241956241959,0,4,0,1,0,neovim/neovim
fdf457f95ca96b64,1,1,1,0,0,0,0,0,0,1.0,1,1,0,1,1,neovim/neovim
9312f7b6cad6dde4,15,0,0,0,15,2,0,15,2,0.0,0,0,0,0,0,neovim/neovim
426069b23c4f4629,94,1,1,0,93,3,0,93,5,0.010638297872340427,0,1,0,1,0,neovim/neovim
38a0d49764f898d4,716,12,12,0,704,1,0,704,6,0.016759776536312852,0,6,0,0,0,neovim/neovim
4aba186da302e885,1210,13,12,12,1197,14,12,1197,185,0.0007806465284471517,0,12,12,12,0,neovim/neovim
20672b5afb64a676,726,5,5,1,721,29,2,721,51,0.005509641873278237,0,5,3,3,0,neovim/neovim
a1f766f55b782e94,93,4,4,0,89,0,0,89,8,0.04301075268817208,0,4,0,4,0,neovim/neovim
3acac82a60edfa7c,3169,406,326,60,2763,190,60,2763,276,0.0980944602517561,0,326,86,285,1,neovim/neovim
e188d857a4a8daa3,143,2,2,2,141,7,2,141,44,0.0,0,2,2,2,0,neovim/neovim
9fe3a490a29baced,346,9,9,1,337,88,1,337,90,0.026011560693641585,0,9,1,7,0,neovim/neovim
8ac0203a602e29ff,58,0,0,0,58,1,0,58,15,0.0,0,0,0,0,0,neovim/neovim
83366765e04f87e4,17,0,0,0,17,2,0,17,2,0.0,0,0,0,0,0,neovim/neovim
8d689a2df317b1cb,1,1,1,0,0,0,0,0,0,1.0,1,1,0,1,1,neovim/neovim
58caa8e601836226,8,0,0,0,8,1,0,8,1,0.0,0,0,0,0,0,neovim/neovim
525e3279170ba9f4,1022,48,46,23,974,28,18,974,166,0.02735888876098387,0,45,28,44,0,neovim/neovim
23468d92a00f5092,879,15,15,9,864,51,11,864,93,0.0068259385665528985,0,12,10,10,0,neovim/neovim
7a1cb0b83a6104fd,118,6,6,0,112,3,0,112,3,0.05084745762711865,0,4,0,0,0,neovim/neovim
44c69252c203cb53,2025,35,35,3,1990,189,3,1990,467,0.017280283583913952,0,28,0,24,0,neovim/neovim
b7af4c1b1f5321e9,1,1,1,0,0,0,0,0,0,1.0,1,1,0,1,1,neovim/neovim
ec23b6a1ee522503,93,1,1,0,92,3,0,92,11,0.010752688172043008,0,1,0,1,0,neovim/neovim
12703e71314501ca,502,102,98,0,400,0,4,400,0,0.20318725099601595,0,89,0,0,0,bilawalsidhu/gods-eye-view
94ec922950e1b4f2,129,27,26,0,102,0,0,102,0,0.2093023255813954,0,25,0,0,0,bilawalsidhu/gods-eye-view
053dd506b7b6e2a2,111,10,9,0,101,0,0,101,0,0.0900900900900901,0,8,0,1,0,bilawalsidhu/gods-eye-view
98322a475d07c687,94,5,5,0,89,0,0,89,0,0.053191489361702135,0,5,0,1,0,bilawalsidhu/gods-eye-view
bc4532c236c19c95,844,186,184,0,658,0,6,658,0,0.2203791469194313,0,157,0,15,0,bilawalsidhu/gods-eye-view
a38cbc602782c69c,572,65,64,0,507,0,0,507,0,0.11363636363636366,0,57,0,1,0,bilawalsidhu/gods-eye-view
d4cec7c6930e12d2,85,3,3,0,82,0,0,82,0,0.035294117647058816,0,3,0,1,0,bilawalsidhu/gods-eye-view
be4e5c8cef545d1b,154,52,0,0,102,0,0,102,93,0.0,0,0,0,0,0,bilawalsidhu/gods-eye-view
1a4b88e7491114a5,274,7,7,0,267,0,0,267,0,0.025547445255474407,0,7,0,0,0,bilawalsidhu/gods-eye-view
3c653f79d43d2c1b,112,12,12,2,100,0,2,100,3,0.0892857142857143,0,10,1,6,0,bilawalsidhu/gods-eye-view
69acd551828eab16,162,10,10,0,152,0,0,152,0,0.061728395061728364,0,9,0,0,0,bilawalsidhu/gods-eye-view
b09cb588c31dfed6,437,125,124,6,312,0,6,312,0,0.2723112128146453,0,102,6,44,0,bilawalsidhu/gods-eye-view
d66411f85ee12690,257,66,66,0,191,0,0,191,0,0.25680933852140075,0,59,0,1,0,bilawalsidhu/gods-eye-view
7b782ef6dd36de18,468,7,7,4,461,0,4,461,0,0.006410256410256399,0,7,4,4,0,bilawalsidhu/gods-eye-view
addd57b1ed2816da,51,11,11,0,40,0,0,40,0,0.21568627450980393,0,11,0,1,0,bilawalsidhu/gods-eye-view
d9b2293eab8710f0,117,44,43,2,73,0,2,73,0,0.3589743589743589,0,40,2,2,0,bilawalsidhu/gods-eye-view
5b6b8700f789127e,1770,425,418,50,1345,1,62,1345,28,0.21124813225854028,0,351,46,54,0,bilawalsidhu/gods-eye-view
5d725d1f8db8a36a,881,254,253,13,627,0,13,627,0,0.2735527809307605,0,211,12,13,0,bilawalsidhu/gods-eye-view
29152ed4a0924a65,576,114,113,10,462,0,10,462,0,0.18055555555555558,0,100,10,22,0,bilawalsidhu/gods-eye-view
ac3e176f978140cd,141,14,14,4,127,0,4,127,0,0.07092198581560283,0,10,3,3,0,bilawalsidhu/gods-eye-view
afe0369f78db508c,267,15,15,0,252,0,0,252,0,0.05617977528089886,0,13,0,4,0,bilawalsidhu/gods-eye-view
d068729c6b1defb0,307,55,47,5,252,0,5,252,0,0.13680781758957652,0,39,5,5,0,bilawalsidhu/gods-eye-view
6b6daf098964d398,184,15,15,0,169,0,1,169,0,0.08152173913043474,0,13,0,0,0,bilawalsidhu/gods-eye-view
47d133dc652e4695,17,3,3,0,14,0,0,14,0,0.17647058823529416,0,2,0,0,0,bilawalsidhu/gods-eye-view
2967d245253ac603,1549,10,0,0,1539,24,0,1539,24,0.0,0,0,0,0,0,bilawalsidhu/gods-eye-view
134bd96851578cfb,69,3,3,3,66,0,3,66,1,0.0,0,2,2,2,0,NixOS/nix
43e7652e90ba27f4,81,9,9,4,72,0,4,72,0,0.06172839506172842,0,5,2,4,0,NixOS/nix
02c1402bb581372d,21,3,3,1,18,0,1,18,0,0.09523809523809523,0,3,1,1,0,NixOS/nix
10e630cafe45c797,285,44,44,18,241,12,18,241,19,0.09122807017543862,0,41,18,29,0,NixOS/nix
459d93d42d35721f,41,6,6,0,35,0,0,35,0,0.1463414634146341,0,6,0,0,0,NixOS/nix
e1908a516feca7b1,77,4,4,1,73,5,1,73,5,0.038961038961038974,0,4,1,1,0,NixOS/nix
c4252205039dea70,372,31,31,6,341,35,7,341,40,0.06451612903225806,0,18,6,17,0,NixOS/nix
bb77269c9f1ff95f,162,43,35,2,119,3,2,119,3,0.2530864197530865,1,22,2,5,1,NixOS/nix
cbc58204097dee06,129,3,3,0,126,0,0,126,0,0.023255813953488337,0,1,0,0,0,NixOS/nix
bfcbf53cc872cfd4,313,30,28,7,283,0,7,283,30,0.0670926517571885,0,22,5,8,0,NixOS/nix
b9eef3ed174d8a22,171,2,1,0,169,0,0,169,11,0.011695906432748551,0,1,0,0,0,NixOS/nix
f7ba83a57eb68f3f,61,13,12,7,48,0,7,48,0,0.09836065573770489,0,9,4,4,0,NixOS/nix
6471128899ab58b8,263,14,14,1,249,0,1,249,0,0.049429657794676854,0,14,1,1,0,NixOS/nix
06029c2e4010114a,41,10,10,0,31,0,0,31,0,0.24390243902439024,0,8,0,2,0,NixOS/nix
bcd8877679d6f178,622,49,44,11,573,1,11,573,22,0.06109324758842445,0,27,10,16,0,NixOS/nix
5cf49b51ca428444,78,3,3,0,75,23,0,75,18,0.038461538461538464,0,3,0,0,1,NixOS/nix
89f54c37a5b89a0f,135,14,14,0,121,1,1,121,31,0.10370370370370371,0,14,0,0,0,NixOS/nix
7aa1af68ce6cbc22,98,3,3,0,95,10,0,95,14,0.03061224489795916,0,3,0,0,1,NixOS/nix
91ceddb305f9ecbd,66,1,1,0,65,2,0,65,11,0.015151515151515145,0,1,0,0,0,NixOS/nix
e23eedbf9fd66095,156,23,23,4,133,5,4,133,5,0.1346153846153846,0,23,4,4,0,NixOS/nix
7a5f04d76d63b517,33,4,4,2,29,0,2,29,0,0.060606060606060635,0,4,2,2,0,NixOS/nix
e4d62b6d5484d592,134,1,1,0,133,0,0,133,5,0.00746268656716419,0,1,0,0,0,NixOS/nix
30e50407ff60b71b,265,25,25,7,240,30,7,240,32,0.056603773584905655,0,24,9,9,0,NixOS/nix
0f478817f9d6ddec,18,4,4,4,14,0,4,14,0,0.0,0,4,4,4,0,NixOS/nix
15d76b605a901f10,44,3,3,1,41,3,1,41,3,0.04545454545454545,0,3,1,1,0,NixOS/nix
48f65d0b248e64f1,81,11,9,4,70,0,4,70,0,0.08516955774339742,0,9,4,5,0,alshedivat/al-folio
f4594992f4599bbb,48,0,0,0,48,0,0,48,11,0.0,0,0,0,0,0,alshedivat/al-folio
868de1bb8db54b4c,34,2,1,1,32,0,1,32,0,0.0,0,1,1,1,0,alshedivat/al-folio
156b002eb316c8ca,33,3,0,0,30,0,0,30,0,0.09090909090909091,0,0,0,0,0,alshedivat/al-folio
b7d5c9c3ac96103e,50,24,19,17,26,0,17,26,0,0.039999999999999966,0,19,17,19,1,alshedivat/al-folio
61b81774423b52f0,12,1,0,0,11,0,0,11,0,0.0606060606060606,0,0,0,0,0,alshedivat/al-folio
bec7bacbae3b5b45,65,30,25,0,35,14,0,35,14,0.46153846153846156,1,25,0,21,1,alshedivat/al-folio
ecec67b0e1d7e17a,713,29,22,18,684,16,18,684,26,0.004207573632538569,0,22,20,21,0,alshedivat/al-folio
fe42e3b43c3888cc,53,24,20,20,29,1,20,29,1,0.0,0,20,20,20,1,alshedivat/al-folio
cb22095514d0cab1,44,5,5,0,39,0,0,39,0,0.11363636363636365,0,5,0,0,0,alshedivat/al-folio
9aabf83c67f2b12f,33,7,6,2,26,0,2,26,0,0.1515151515151515,0,6,2,2,0,alshedivat/al-folio
1d29e6238db41ed3,20,1,0,0,19,0,0,19,0,0.049999999999999975,0,0,0,0,0,alshedivat/al-folio
fad81a2877385fbd,98,8,4,2,90,1,2,90,18,0.06079027355623097,0,3,2,3,0,alshedivat/al-folio
cd0e17226bc3f821,36,4,2,2,32,0,2,32,0,0.05555555555555555,0,2,2,2,0,alshedivat/al-folio
aac3216e488c1ed2,27,2,2,1,25,0,1,25,0,0.03703703703703701,0,2,1,1,0,alshedivat/al-folio
3686bef26de2a70a,131,20,19,1,111,0,1,111,0,0.14497944803288315,0,19,1,1,0,alshedivat/al-folio
89273fcd5a1692cc,12,1,0,0,11,0,0,11,0,0.015151515151515152,0,0,0,0,0,alshedivat/al-folio
28802fbf11c83a2e,108,19,12,12,89,0,12,89,0,0.0,0,12,12,12,0,alshedivat/al-folio
426b46184d7fce2a,196,48,36,23,148,13,23,148,27,0.11240947992100067,0,36,23,35,1,alshedivat/al-folio
b335630551682c19,332,0,0,0,332,4,0,332,35,0.0,0,0,0,0,0,alshedivat/al-folio
4112e74eb69fb1ea,81,11,9,4,70,0,4,70,0,0.08548210657915298,0,9,4,5,0,alshedivat/al-folio
ca05ce590e78867e,80,11,9,4,69,0,4,69,0,0.08685897435897437,0,9,4,5,0,alshedivat/al-folio
25b0ef0a7f03b444,1505,37,16,4,1468,44,4,1468,44,0.01572299109918813,0,14,4,13,0,alshedivat/al-folio
ec9f535a93ea6b6c,13,4,4,4,9,1,4,9,1,0.0,0,3,3,3,1,alshedivat/al-folio
bd909a20aa0ec3e6,128,127,127,127,1,0,127,1,0,0.0,0,84,84,84,1,alshedivat/al-folio
73428b4294eda963,3,0,0,0,3,0,0,3,0,0.0,0,0,0,0,0,janestreet/magic-trace
0d4460c25a1ed888,97,4,4,4,93,0,4,93,0,0.0,0,4,4,4,0,janestreet/magic-trace
f196b260e693c715,17,5,5,0,12,0,0,12,0,0.29411764705882354,0,5,0,0,0,janestreet/magic-trace
cd35f2fd1f239c4c,656,119,119,105,537,44,102,537,58,0.0015243902439024397,0,116,115,115,0,janestreet/magic-trace
61f52b0c75b1f84f,104,20,20,18,84,1,18,84,1,0.0,0,20,20,20,0,janestreet/magic-trace
256c7f813e969b7f,852,160,151,108,692,66,105,692,85,0.009389671361502344,0,148,141,141,1,janestreet/magic-trace
e8e82f497a0dcfe3,13,4,4,0,9,1,0,9,1,0.3076923076923077,0,4,0,0,0,janestreet/magic-trace
eebea78fcffa7894,141,20,20,20,121,0,20,121,0,0.0,0,19,19,19,0,janestreet/magic-trace
6b8629aab5d27d37,763,67,67,67,696,211,64,696,339,0.0,0,67,67,67,0,janestreet/magic-trace
3186fc9cd9f20948,228,6,6,6,222,0,6,222,0,0.0,0,6,6,6,0,janestreet/magic-trace
cddbfaf2731a27be,138,21,0,0,117,0,0,117,0,0.00031735956839097634,0,0,0,0,0,janestreet/magic-trace
7b48cb140154ad52,122,19,9,9,103,5,9,103,5,0.0,0,9,9,9,0,janestreet/magic-trace
f73c63bfeb97a41d,33,3,3,3,30,0,3,30,0,0.0,0,3,3,3,0,janestreet/magic-trace
055f8e32ad9d695a,6,5,5,0,1,0,0,1,0,0.8333333333333334,1,5,0,0,1,janestreet/magic-trace
06c1212f7810f8e9,8,1,1,1,7,0,1,7,0,0.0,0,1,1,1,0,janestreet/magic-trace
ad2efa498b9dca21,10,7,6,0,3,0,0,3,0,0.6,1,6,0,0,1,janestreet/magic-trace
baf44cf9de100eff,31,8,8,8,23,0,8,23,0,0.0,0,8,8,8,0,janestreet/magic-trace
65b9ea6b03beea2b,5,4,4,0,1,0,0,1,0,0.8,1,4,0,0,1,janestreet/magic-trace
09a9b3cb6ee01e4b,1237,216,210,174,1021,169,166,1021,196,0.004042037186742105,0,204,199,199,0,janestreet/magic-trace
da85d056c20b6c98,37,5,4,0,32,0,0,32,0,0.10810810810810811,0,4,0,0,0,janestreet/magic-trace
0f8ddec814c35ed6,12,4,4,0,8,0,0,8,0,0.3333333333333333,0,4,0,0,0,janestreet/magic-trace
b1e28eb42efabc98,852,9,9,9,843,66,9,843,152,0.0,0,9,9,9,0,janestreet/magic-trace
89dcf9a56d39ea34,53,7,5,0,46,0,0,46,0,0.1313355530891602,0,5,0,0,0,janestreet/magic-trace
1fb9d92d4f0b89e8,1,0,0,0,1,0,0,1,0,0.0,0,0,0,0,0,janestreet/magic-trace
eb4fa601cb3fb6c2,57,4,4,0,53,2,0,53,2,0.07017543859649122,1,4,0,0,1,janestreet/magic-trace
1248805f9a3a8560,1115,202,194,8,913,4,8,913,133,0.17391325482761552,0,157,8,27,0,dlt-hub/dlt
faa364a3f623fcf3,298,2,1,0,296,1,0,296,10,0.0066888120579395895,0,1,0,0,0,dlt-hub/dlt
7294f80d28c5d1db,1054,74,48,8,980,0,8,980,26,0.04437636039719522,0,38,8,11,0,dlt-hub/dlt
ef4333c4bfd002ad,327,31,29,10,296,0,10,296,3,0.06412608797929897,0,25,9,13,0,dlt-hub/dlt
f168fe27113b3149,665,1,0,0,664,14,0,664,68,0.00036688105806689103,0,0,0,0,0,dlt-hub/dlt
1d845b73866c2f22,3,1,1,1,2,0,1,2,0,0.0,0,1,1,1,0,dlt-hub/dlt
5010d8bf15d6b4b8,2180,65,49,0,2115,70,0,2115,293,0.029920477980802655,0,41,0,3,0,dlt-hub/dlt
dc3617beada3abe9,965,41,0,0,924,0,0,924,90,0.0007514028336163849,0,0,0,0,0,dlt-hub/dlt
d4ee648f9b5c8436,8,2,0,0,6,0,0,6,0,0.25,0,0,0,0,0,dlt-hub/dlt
bdc5bfdc66be13c5,89,6,6,1,83,0,0,83,9,0.05617977528089889,0,5,1,1,0,dlt-hub/dlt
86a95a9f1b3eb99e,129,8,8,0,121,0,0,121,0,0.06201550387596899,0,7,0,0,0,dlt-hub/dlt
ed6a641530b28f71,392,14,0,0,378,0,0,378,6,0.006551335187031084,0,0,0,0,0,dlt-hub/dlt
b0399b6f69b65bb5,188,26,18,1,162,3,1,162,3,0.13297872340425534,0,17,1,1,0,dlt-hub/dlt
8f8341e7bd32b4a4,217,23,20,0,194,1,0,194,2,0.10599078341013826,0,18,0,0,0,dlt-hub/dlt
5cd3f77d90bc3b48,224,27,20,0,197,0,0,197,11,0.08928571428571429,0,17,0,1,0,dlt-hub/dlt
a332f5673103ba04,252,9,8,1,243,0,1,243,1,0.031746031746031765,0,6,1,1,0,dlt-hub/dlt
98180ff2a3c97251,853,52,47,24,801,0,24,801,31,0.029893110819943447,0,45,24,24,0,dlt-hub/dlt
bc102fab9ab9b6c5,214,8,7,0,206,0,0,206,2,0.03637400728357684,0,7,0,1,0,dlt-hub/dlt
5ff8ab8c7da0879e,323,15,11,2,308,0,2,308,34,0.04001475198229762,0,11,2,11,0,dlt-hub/dlt
0705c3fdb2d8f7ae,96,9,8,0,87,5,0,87,5,0.0932017543859649,0,8,0,0,0,dlt-hub/dlt
4cbab08bb147adf9,104,9,9,0,95,5,0,95,7,0.08653846153846155,0,8,0,0,0,dlt-hub/dlt
a5f55cd397bdf6d6,2,1,1,1,1,0,1,1,0,0.0,0,1,1,1,1,dlt-hub/dlt
07a3763f6dab446a,16,7,7,0,9,0,0,9,0,0.4375,1,7,0,0,1,dlt-hub/dlt
6dc812c10e4882ab,155,0,0,0,155,0,0,155,0,0.0,0,0,0,0,0,dlt-hub/dlt
b29b3dc0d50202f0,146,22,21,1,124,0,1,124,2,0.14383561643835613,0,20,1,1,0,dlt-hub/dlt
4085ac38de4d172e,23,1,1,1,22,0,1,22,7,0.0,0,1,1,1,0,openssl/openssl
99a858db9ba31957,79,26,26,14,53,5,13,53,8,0.0379746835443038,0,26,23,23,1,openssl/openssl
3500c85bb1fb6e47,521,51,51,50,470,8,48,470,45,0.0,0,51,51,51,0,openssl/openssl
8880a9a9d4f53112,24,2,2,2,22,0,2,22,7,0.0,0,2,2,2,0,openssl/openssl
c86bcfbc302f2ae9,451,87,87,79,364,5,77,364,28,0.008869179600886897,0,71,67,68,0,openssl/openssl
7c059873d9932d5f,4080,34,34,34,4046,14,32,4046,266,0.0,0,34,34,34,0,openssl/openssl
d91e71fd803783cc,1077,613,609,546,464,16,520,464,33,0.05199628597957288,0,608,558,558,1,openssl/openssl
34428ab4c0e8ec6a,253,12,12,12,241,10,12,241,32,0.0,0,12,12,12,0,openssl/openssl
839e9d6a1fc44dba,795,50,50,38,745,1,35,745,61,0.002515723270440251,0,50,48,48,0,openssl/openssl
bd62ce4909e83239,20,1,1,1,19,0,1,19,0,0.0,0,1,1,1,0,openssl/openssl
fd959030dfd074dc,299,155,139,131,144,2,129,144,7,0.020066889632107017,0,115,110,112,1,openssl/openssl
5384287b08f2d9f9,447,15,15,15,432,0,15,432,22,0.0,0,15,15,15,0,openssl/openssl
a51706e78d3ce5a1,118,59,59,52,59,0,52,59,7,0.0,0,51,51,51,1,openssl/openssl
b4221fa35acc6d9d,115,8,8,2,107,1,2,107,1,0.05217391304347828,0,6,2,2,0,openssl/openssl
39de285396fc5fb6,373,176,174,147,197,0,125,197,3,0.06702412868632707,0,173,148,148,1,openssl/openssl
0d7d645ea9dfc258,485,59,59,59,426,5,59,426,5,0.0,0,59,59,59,0,openssl/openssl
b2873725a9d5eb93,954,325,297,290,629,6,286,629,42,0.024673268210000453,0,288,283,284,1,openssl/openssl
93895d8e94ff6772,158,72,67,37,86,7,37,86,7,0.11392405063291138,0,39,28,32,1,openssl/openssl
69f1e81c0a3e6686,116,3,3,3,113,0,3,113,7,0.0,0,3,3,3,0,openssl/openssl
fa265500f3e0b674,380,10,10,9,370,2,9,370,10,0.0,0,10,10,10,0,openssl/openssl
e5f2a294a7435808,613,316,300,199,297,14,192,297,18,0.037520391517128895,0,292,278,281,1,openssl/openssl
01bac36ee4b6cc34,664,24,24,10,640,0,10,640,0,0.02108433734939761,0,24,10,22,0,openssl/openssl
1c980fd978527969,487,110,110,105,377,4,72,377,119,0.004106776180698127,0,110,108,108,0,openssl/openssl
c9a071f0b4ec0965,735,54,54,41,681,3,41,681,3,0.013605442176870739,0,54,44,50,0,openssl/openssl
7d973f8123293d4f,932,129,128,109,803,2,106,803,26,0.019313304721030086,0,120,102,104,0,openssl/openssl
7263aa939f02bacc,123,3,0,0,120,0,0,120,7,0.007796881247501001,0,0,0,0,0,discourse/discourse
97f2d8f25eec43d2,147,6,6,0,141,2,0,141,9,0.040816326530612235,0,5,0,3,0,discourse/discourse
01ba9c554be6172b,84,7,1,0,77,43,0,77,51,0.27380952380952384,1,1,0,0,0,discourse/discourse
bd413a614a6ab022,153,20,12,7,133,1,7,133,3,0.032679738562091505,0,11,6,10,0,discourse/discourse
494598ca5a7517f0,40,5,5,0,35,0,0,35,0,0.125,0,5,0,2,0,discourse/discourse
cd43bda7fcd024f0,14,2,2,0,12,0,0,12,0,0.14285714285714282,0,2,0,0,0,discourse/discourse
980104b217bf95d9,3,3,1,0,0,0,0,0,0,1.0,1,1,0,0,1,discourse/discourse
16ead35b248c2f26,249,170,119,11,79,22,10,79,30,0.34434092645887193,1,117,45,45,1,discourse/discourse
0de1d38fc5805f89,267,50,42,16,217,26,16,217,74,0.1235955056179775,0,41,16,19,0,discourse/discourse
053a027d9ca75059,70,12,12,8,58,0,4,58,0,0.05714285714285715,0,11,8,9,0,discourse/discourse
4148fc2c8b814f4c,124,15,15,3,109,4,2,109,11,0.07258064516129031,0,15,4,5,0,discourse/discourse
ee7e86fb80dde96b,321,64,59,16,257,28,14,257,36,0.14330218068535824,0,52,14,24,0,discourse/discourse
eca49e9483722006,47,14,14,2,33,0,2,33,0,0.25531914893617014,0,14,2,4,0,discourse/discourse
a6115355298f3395,162,4,4,4,158,0,4,158,5,0.0,0,4,4,4,0,discourse/discourse
c93aa657a0584cdd,24,13,13,12,11,0,12,11,4,0.0416666666666667,0,9,8,8,1,discourse/discourse
ea46edd517de319e,17,1,1,0,16,1,0,16,1,0.058823529411764656,0,1,0,0,0,discourse/discourse
d28e052493152a59,14,0,0,0,14,0,0,14,0,0.0,0,0,0,0,0,discourse/discourse
2ee0fa67703c8e13,11,3,3,0,8,0,0,8,0,0.27272727272727276,0,3,0,1,0,discourse/discourse
9621604cddf9e895,80,15,10,0,65,7,0,65,9,0.12499999999999999,0,8,0,2,0,discourse/discourse
594a846104057d17,14,1,1,0,13,0,0,13,0,0.07142857142857141,0,1,0,0,0,discourse/discourse
5a0fd12d1f5e5461,1,1,0,0,0,0,0,0,0,0.5,1,0,0,0,1,discourse/discourse
641b5d6a3c8b97ce,62,4,4,0,58,0,0,58,13,0.06451612903225805,0,2,0,0,0,discourse/discourse
2ff516dbf46cde31,88,1,1,0,87,0,0,87,0,0.011363636363636359,0,1,0,0,0,discourse/discourse
b24296d52ce47845,17,1,1,0,16,0,0,16,0,0.05882352941176471,0,1,0,0,0,discourse/discourse
89d96b9fe7cb3ec3,60,3,3,0,57,0,0,57,0,0.049999999999999996,0,3,0,2,0,discourse/discourse
a2d0091264c1e470,6,0,0,0,6,0,0,6,0,0.0,0,0,0,0,0,pyinfra-dev/pyinfra
ccebe3f33a669c02,107,1,1,0,106,0,0,106,0,0.009345794392523366,0,1,0,0,0,pyinfra-dev/pyinfra
28cf27a5cbf4cb8c,934,28,9,0,906,91,0,906,153,0.013128569358544702,0,8,0,6,0,pyinfra-dev/pyinfra
44a476d81b8d0e7a,123,53,51,0,70,0,0,70,0,0.41463414634146345,1,45,0,45,1,pyinfra-dev/pyinfra
d293800ed80c0101,1416,54,23,0,1362,21,0,1362,276,0.028248587570621486,0,23,0,20,0,pyinfra-dev/pyinfra
10aa29f7d4119a2a,232,52,48,0,180,0,0,180,24,0.2068965517241379,0,48,0,28,0,pyinfra-dev/pyinfra
581c2a38ae7c1ca7,176,47,42,0,129,0,0,129,53,0.23863636363636367,0,42,0,27,0,pyinfra-dev/pyinfra
4ef1211a16d5a6e2,209,31,21,3,178,0,3,178,0,0.09847123351616292,0,19,3,12,0,pyinfra-dev/pyinfra
24e57d9fd815bd80,58,2,0,0,56,0,0,56,7,0.006773399014778282,0,0,0,0,0,pyinfra-dev/pyinfra
3fd62c19166a7ed0,49,8,1,0,41,0,0,41,0,0.039965986394557826,0,1,0,1,0,pyinfra-dev/pyinfra
f60873b64b1a543b,17,2,0,0,15,0,0,15,0,0.0,0,0,0,0,0,pyinfra-dev/pyinfra
50f14dcd80d4286b,1007,0,0,0,1007,29,0,1007,57,0.0,0,0,0,0,0,pyinfra-dev/pyinfra
485a0e70e768ef70,355,72,47,0,283,24,0,283,64,0.076056338028169,0,47,0,19,0,pyinfra-dev/pyinfra
6fb1066c2d14e52d,80,7,4,0,73,0,0,73,2,0.03750000000000001,0,4,0,4,0,pyinfra-dev/pyinfra
19657d6b8abe85c3,379,73,45,0,306,0,0,306,1,0.12280677197427267,1,39,0,25,1,pyinfra-dev/pyinfra
0e219925fe64a2da,70,1,1,0,69,0,0,69,0,0.014285714285714263,0,1,0,0,0,pyinfra-dev/pyinfra
8e4b67cf3fd5366f,721,51,24,0,670,18,0,670,93,0.04291630699397691,0,22,0,18,0,pyinfra-dev/pyinfra
98a4ab4c8b1764a4,325,56,48,0,269,2,0,269,2,0.16441765131420305,0,48,0,41,0,pyinfra-dev/pyinfra
7408015b55a3effc,207,6,5,0,201,78,0,201,80,0.07100980254209466,0,3,0,2,0,pyinfra-dev/pyinfra
ad8e5fdc3d4fcc6a,611,78,33,10,533,21,10,533,28,0.052595590900603055,1,30,10,19,1,pyinfra-dev/pyinfra
0b4cd7d825207df7,1406,90,31,0,1316,20,1,1316,66,0.036750719507757455,1,28,0,16,1,pyinfra-dev/pyinfra
780b99b012f874a0,57,0,0,0,57,2,0,57,2,0.0,0,0,0,0,0,pyinfra-dev/pyinfra
950ce7c432af71fd,86,8,0,0,78,0,0,78,0,0.0,0,0,0,0,0,pyinfra-dev/pyinfra
9778fe812560f072,445,0,0,0,445,1,0,445,1,0.0,0,0,0,0,0,pyinfra-dev/pyinfra
3fd3639b9838ea5b,328,24,23,0,304,0,0,304,73,0.0701219512195122,0,22,0,8,0,pyinfra-dev/pyinfra
8a781dc6af1e02b9,6,1,1,0,5,0,0,5,0,0.16666666666666663,0,1,0,0,0,getsentry/sentry-javascript
6b16a273184f7500,108,0,0,0,108,0,0,108,0,0.0,0,0,0,0,0,getsentry/sentry-javascript
9e011e7f04184e92,24,1,1,0,23,0,0,23,0,0.041666666666666644,0,1,0,0,0,getsentry/sentry-javascript
51c2b4f0fbc588ad,65,0,0,0,65,0,0,65,0,0.0,0,0,0,0,0,getsentry/sentry-javascript
ab0f225ee0d336ab,37,0,0,0,37,0,0,37,1,0.0,0,0,0,0,0,getsentry/sentry-javascript
076d64a20a10b8bf,171,0,0,0,171,3,0,171,5,0.0,0,0,0,0,0,getsentry/sentry-javascript
efdc26fa422432a9,40,0,0,0,40,16,0,40,16,0.0,0,0,0,0,0,getsentry/sentry-javascript
2a8127283e05d03a,12,1,1,0,11,0,0,11,0,0.08333333333333334,0,1,0,0,0,getsentry/sentry-javascript
d6da3c22311a15c7,110,0,0,0,110,0,0,110,0,0.0,0,0,0,0,0,getsentry/sentry-javascript
bd28a63c007bde7b,199,6,6,0,193,6,0,193,49,0.0301507537688442,0,6,0,0,0,getsentry/sentry-javascript
6d7a84fb139786f7,4,0,0,0,4,0,0,4,0,0.0,0,0,0,0,0,getsentry/sentry-javascript
561d1ed24da30d37,216,0,0,0,216,7,0,216,15,0.0,0,0,0,0,0,getsentry/sentry-javascript
882a615911ed6ff5,17,0,0,0,17,0,0,17,0,0.0,0,0,0,0,0,getsentry/sentry-javascript
1c10bd65f8689c67,128,0,0,0,128,4,0,128,36,0.0,0,0,0,0,0,getsentry/sentry-javascript
9e31c9b342e5e2c3,9,1,1,0,8,0,0,8,0,0.11111111111111113,0,1,0,0,0,getsentry/sentry-javascript
ebf895a53b356b12,8,0,0,0,8,0,0,8,0,0.0,0,0,0,0,0,getsentry/sentry-javascript
ba57b0d347a949c8,3,0,0,0,3,0,0,3,0,0.0,0,0,0,0,0,getsentry/sentry-javascript
0325f105855212c5,187,0,0,0,187,9,0,187,21,0.0,0,0,0,0,0,getsentry/sentry-javascript
f85c8607cd30a247,268,0,0,0,268,0,0,268,17,0.0,0,0,0,0,0,getsentry/sentry-javascript
3c912ddc9e675b04,16,1,1,0,15,0,0,15,0,0.0625,0,1,0,1,0,getsentry/sentry-javascript
2a4159af64e643ea,5,5,5,0,0,0,0,0,0,1.0,1,4,0,1,1,getsentry/sentry-javascript
e74d4cd97df04153,24,1,1,0,23,0,0,23,0,0.041666666666666644,0,1,0,0,0,getsentry/sentry-javascript
fbb212ff47273be3,378,64,40,2,314,216,0,314,244,0.15873015873015875,0,40,19,19,0,getsentry/sentry-javascript
cefe911ed4749590,7,0,0,0,7,0,0,7,0,0.0,0,0,0,0,0,getsentry/sentry-javascript
0decb498e647a075,47,1,1,0,46,0,0,46,0,0.021276595744680868,0,1,0,0,0,getsentry/sentry-javascript
667dda9bb559ae55,25,21,19,5,4,1,5,4,1,0.23999999999999994,0,16,8,9,1,RSS-Bridge/rss-bridge
8533eb7fb7327ba9,133,45,36,24,88,20,24,88,20,0.17281754003328936,1,28,2,2,0,RSS-Bridge/rss-bridge
c1c80e50f35b224d,811,695,579,503,116,12,503,116,12,0.12065596800215937,0,552,179,185,1,RSS-Bridge/rss-bridge
3da312a1e0652777,375,344,284,222,31,1,222,31,1,0.1642173913043478,0,227,189,203,1,RSS-Bridge/rss-bridge
89d6ca7570d2edc7,110,75,52,40,35,4,40,35,4,0.14408233276157806,0,51,30,30,1,RSS-Bridge/rss-bridge
fb1129a36b0565f4,67,17,12,8,50,0,8,50,2,0.06739032112166443,0,2,1,1,0,RSS-Bridge/rss-bridge
9441fb36f8d1c264,532,527,408,282,5,2,284,5,2,0.24615384615384617,0,393,176,182,1,RSS-Bridge/rss-bridge
4bc9281f8eb02c8c,59,38,29,22,21,1,22,21,6,0.14124293785310732,0,24,19,22,1,RSS-Bridge/rss-bridge
ff8d278c8118a2e9,268,124,121,77,144,1,78,144,1,0.0970009503046565,0,93,79,82,0,RSS-Bridge/rss-bridge
af25c9657f1c1325,61,58,49,40,3,0,40,3,0,0.14754098360655735,0,41,36,38,1,RSS-Bridge/rss-bridge
0f2b291a47b1a1ac,129,119,87,69,10,0,69,10,0,0.22219994653835873,0,73,60,68,1,RSS-Bridge/rss-bridge
809e3d7a658cd6b5,228,140,112,79,88,7,79,88,7,0.15350877192982454,0,77,59,69,1,RSS-Bridge/rss-bridge
50c4b79635b3d5f4,53,34,32,11,19,0,11,19,0,0.23640399556048838,0,26,19,21,1,RSS-Bridge/rss-bridge
ba6ed31eb2addc1e,138,119,109,91,19,0,91,19,0,0.14460547504025764,0,84,57,62,1,RSS-Bridge/rss-bridge
82828c4a5ff2ed5f,694,653,626,588,41,1,588,41,1,0.07194587144468116,0,608,381,383,1,RSS-Bridge/rss-bridge
64cc3684bf1215b8,62,59,43,26,3,0,26,3,0,0.3353726362625139,0,33,23,27,1,RSS-Bridge/rss-bridge
17c9ff38a6c3652d,211,208,157,104,3,0,87,3,0,0.293502056920153,0,126,90,109,1,RSS-Bridge/rss-bridge
2f8a26f72626cd8f,142,132,128,89,10,0,89,10,0,0.2816901408450704,0,107,67,69,1,RSS-Bridge/rss-bridge
72ecd5aaa0696faf,233,229,194,165,4,0,165,4,0,0.16291768853464134,0,168,147,150,1,RSS-Bridge/rss-bridge
7f0b0e1e05abb665,371,33,21,12,338,52,12,338,117,0.05213368678205728,0,8,7,8,0,RSS-Bridge/rss-bridge
93a23812cfc2983f,134,87,79,59,47,0,59,47,9,0.16400820325851653,0,59,47,53,1,RSS-Bridge/rss-bridge
cb9e74660429444b,68,65,55,39,3,0,39,3,0,0.24978050921861283,0,48,36,41,1,RSS-Bridge/rss-bridge
b53bada48633f4a9,18,9,9,5,9,1,5,9,1,0.2222222222222222,0,6,4,6,1,RSS-Bridge/rss-bridge
439401c40d537241,85,74,73,47,11,1,47,11,1,0.08235294117647059,0,61,57,59,1,RSS-Bridge/rss-bridge
83b7c53a82f2bd48,81,53,52,52,28,0,52,28,0,0.012345679012345706,0,38,38,38,1,RSS-Bridge/rss-bridge
01142328c67f917d,121,6,6,4,115,0,4,115,0,0.01652892561983471,0,6,4,4,0,valhalla/valhalla
e56b4fe6c78fef62,356,69,57,5,287,14,5,287,19,0.17977528089887637,1,57,7,7,1,valhalla/valhalla
c9c1dcf9497892f0,4958,422,419,74,4536,120,95,4536,700,0.07422347720855184,0,419,74,93,0,valhalla/valhalla
4236508e5d8d7210,436,6,5,1,430,15,1,430,58,0.02522408520510388,0,5,1,3,0,valhalla/valhalla
b21e09757f82a2a4,496,50,50,32,446,19,38,446,22,0.040322580645161296,0,50,35,35,1,valhalla/valhalla
5f80055fc323d135,469,46,46,25,423,4,26,423,28,0.04477611940298506,0,42,26,28,0,valhalla/valhalla
659dc6694dcc2a84,131,12,12,11,119,1,11,119,1,0.007633587786259548,0,11,10,11,0,valhalla/valhalla
3d7b8ddedc0319cc,132,17,17,4,115,0,5,115,4,0.0984848484848485,0,16,3,3,0,valhalla/valhalla
f99795c134b85952,307,6,6,2,301,19,2,301,50,0.013029315960912054,0,6,2,2,0,valhalla/valhalla
f5a931603509e151,587,21,20,6,566,3,6,566,42,0.023850085178875637,0,20,6,6,0,valhalla/valhalla
4970ce791563c878,783,42,26,18,741,39,19,741,70,0.01148442872580802,0,23,12,13,0,valhalla/valhalla
6d421db1f355fad8,215,12,11,3,203,1,3,203,3,0.037209302325581416,0,10,5,5,0,valhalla/valhalla
8d44e19cb28f78a6,747,180,91,83,567,2,38,567,30,0.08423095077806407,0,88,44,47,1,valhalla/valhalla
6ca34c1fd5edd518,159,18,18,6,141,0,6,141,1,0.07547169811320753,0,18,6,6,0,valhalla/valhalla
350a1ba466a3c94b,144,23,19,5,121,4,6,121,5,0.11805555555555554,0,19,6,14,0,valhalla/valhalla
1db8e276f71e8d10,336,35,31,12,301,2,16,301,49,0.05952380952380953,0,31,13,13,0,valhalla/valhalla
59cb6b57c239e977,90,15,15,6,75,0,6,75,0,0.09999999999999996,0,15,6,6,0,valhalla/valhalla
c63ca520f797cad8,45,10,10,4,35,0,6,35,4,0.11111111111111112,1,10,7,7,1,valhalla/valhalla
2f0db056e2ecf516,139,8,8,6,131,1,6,131,12,0.014388489208633105,0,7,4,4,0,valhalla/valhalla
edf2da3017b4644b,218,12,12,1,206,1,1,206,4,0.05045871559633029,0,12,1,1,0,valhalla/valhalla
16985b4d9bc67f92,396,96,71,59,300,3,50,300,17,0.02272727272727274,0,71,63,64,0,valhalla/valhalla
c592e04e8c0e104d,74,9,9,3,65,3,3,65,3,0.08108108108108109,0,9,3,3,0,valhalla/valhalla
329cd9c70d020c19,300,20,18,5,280,11,5,280,13,0.053333333333333316,0,18,5,6,0,valhalla/valhalla
2f02e914e18bd984,22,4,4,1,18,0,1,18,0,0.13636363636363635,0,4,1,1,0,valhalla/valhalla
ade55e358b2b4118,62,3,3,1,59,0,1,59,4,0.03225806451612907,0,3,1,1,0,valhalla/valhalla
48e4d5937fc9f015,1041,500,416,330,541,15,332,541,39,0.11527377521613834,0,393,299,334,1,tensorflow/tensorboard
3ac49e8f36044a75,539,2,2,0,537,0,0,537,9,0.003710575139146545,0,1,0,1,0,tensorflow/tensorboard
1f9627b227ea84ed,242,138,109,84,104,10,84,104,13,0.14049586776859505,0,95,73,86,1,tensorflow/tensorboard
56d085841859783d,46,17,14,14,29,0,14,29,13,0.0,0,13,13,13,0,tensorflow/tensorboard
09a95fca87e862f1,151,49,44,17,102,5,17,102,6,0.17880794701986752,0,36,15,24,1,tensorflow/tensorboard
3e1e984827c7f444,37,0,0,0,37,23,0,37,23,0.0,0,0,0,0,0,tensorflow/tensorboard
ef8525c91474af9c,61,26,24,21,35,0,21,35,1,0.08196721311475409,0,22,19,21,0,tensorflow/tensorboard
804d205a526ea047,79,54,42,23,25,0,23,25,0,0.25316455696202533,0,40,23,34,1,tensorflow/tensorboard
443f495a510cb7ea,80,5,4,0,75,3,0,75,15,0.08750000000000001,0,3,0,1,0,tensorflow/tensorboard
2cf8f80dc5b0df17,155,5,1,0,150,112,0,150,112,0.2516129032258065,0,0,0,0,0,tensorflow/tensorboard
189d0574628e7547,123,80,63,22,43,5,22,43,18,0.36585365853658536,0,50,20,33,1,tensorflow/tensorboard
4cf2973d66c9dfef,267,203,146,130,64,27,129,64,41,0.07865168539325838,0,144,79,82,1,tensorflow/tensorboard
ffd2074ee76fa7fa,368,2,2,0,366,0,0,366,1,0.005434782608695664,0,1,0,1,0,tensorflow/tensorboard
1ab8c973e7e019c8,101,54,51,27,47,0,27,47,14,0.24752475247524752,1,46,12,16,1,tensorflow/tensorboard
4d7c7e69d91fad77,73,14,14,14,59,4,14,59,4,0.0,0,10,10,10,0,tensorflow/tensorboard
a279658de92cf36c,300,1,1,0,299,0,0,299,160,0.0033333333333333166,0,1,0,0,0,tensorflow/tensorboard
65f6808e40d63410,337,167,138,60,170,19,59,170,45,0.258160237388724,0,116,62,93,1,tensorflow/tensorboard
965f53e58dd4606a,24,0,0,0,24,2,0,24,2,0.0,0,0,0,0,0,tensorflow/tensorboard
dae8fd70aaace15d,166,125,122,96,41,1,98,41,14,0.17469879518072287,0,112,95,102,1,tensorflow/tensorboard
f3fd8d2764669bdd,720,33,22,6,687,507,6,687,512,0.22916666666666666,0,8,0,1,0,tensorflow/tensorboard
31e4de5f0f60e2d6,130,33,33,33,97,0,33,97,12,0.0,0,30,30,30,0,tensorflow/tensorboard
8dc35923a51afe87,78,1,1,0,77,0,0,77,49,0.012820512820512798,0,1,0,0,0,tensorflow/tensorboard
8923f316c27f25c3,600,3,3,0,597,2,0,597,6,0.005000000000000003,0,3,0,1,0,tensorflow/tensorboard
6703fb88080d281f,287,25,22,0,262,3,0,262,3,0.08710801393728225,0,17,0,6,0,tensorflow/tensorboard
974c28e650b85909,538,1,1,1,537,9,1,537,28,0.0,0,1,1,1,0,tensorflow/tensorboard
d6c581e27c81aad8,51,36,35,27,15,0,27,15,0,0.1568627450980392,0,32,24,30,1,rime/weasel
eaf1ba77dba8f940,13,9,9,6,4,0,6,4,0,0.23076923076923075,0,9,6,7,1,rime/weasel
332393ecf682bdfe,78,62,62,46,16,0,43,16,0,0.19230769230769232,0,60,45,48,1,rime/weasel
1d2d25bfccd25162,78,45,45,18,33,0,10,33,6,0.34615384615384615,0,45,18,23,1,rime/weasel
6441ae117b9d8870,30,19,18,6,11,0,6,11,0,0.43333333333333335,1,18,6,8,1,rime/weasel
bb1d049133fe8e8e,46,26,26,17,20,0,17,20,0,0.19565217391304346,0,22,13,19,1,rime/weasel
b2712283a2906696,127,88,67,38,39,1,38,39,1,0.2047244094488189,0,59,32,46,1,rime/weasel
096b74261ca8c429,450,318,299,208,132,7,207,132,10,0.20222222222222225,0,265,175,236,1,rime/weasel
c74cc3ba2909455b,51,45,35,28,6,0,28,6,0,0.13725490196078427,0,31,24,30,1,rime/weasel
0c8615f5117410f8,152,106,94,66,46,3,66,46,6,0.20394736842105265,0,94,66,70,1,rime/weasel
586bbd5352a4f250,131,77,73,57,54,3,57,54,3,0.14503816793893132,0,63,45,60,1,rime/weasel
100687ea972c4b94,79,50,48,38,29,0,38,29,0,0.12658227848101267,0,43,33,35,1,rime/weasel
5ba8dce9e3f915bf,37,30,24,24,7,0,24,7,0,0.0,0,24,24,24,1,rime/weasel
945bca5609cecc0a,74,7,7,2,67,0,2,67,0,0.06756756756756756,0,6,2,2,0,rime/weasel
98f6bec1374576d8,321,63,63,36,258,1,35,258,15,0.0809968847352025,0,61,35,37,0,rime/weasel
7307e33118bf9517,96,78,78,69,18,0,69,18,0,0.09374999999999997,0,78,69,77,1,rime/weasel
44f2c837bb923bd7,69,52,48,30,17,0,30,17,0,0.23188405797101447,0,46,24,28,1,rime/weasel
e46552bcf621dfac,75,51,51,32,24,0,32,24,0,0.2533333333333333,0,45,26,31,1,rime/weasel
61c32beb3c984328,65,40,40,0,25,0,0,25,0,0.6153846153846154,1,40,0,8,1,rime/weasel
0d4de76e8e718797,168,147,104,66,21,0,66,21,0,0.255952380952381,0,97,59,63,1,rime/weasel
1d7727facafa5206,13,9,9,6,4,0,6,4,0,0.23076923076923075,0,9,6,7,1,rime/weasel
ae04916ec6907b89,42,34,28,28,8,0,28,8,0,0.0,0,28,28,28,1,rime/weasel
7b43a2a97986b6b3,273,110,108,92,163,0,92,163,0,0.0586080586080586,0,94,78,84,0,rime/weasel
a1830acd52879291,14,9,8,7,5,0,7,5,0,0.07142857142857141,0,8,7,8,1,rime/weasel
a43c451fdcebed07,155,128,115,75,27,0,70,27,0,0.2580645161290323,0,107,67,89,1,rime/weasel
9cfbfa8b42e048bb,42,3,3,0,39,0,0,39,27,0.07142857142857144,0,2,0,0,0,brndnmtthws/conky
4eb1e5b27e76483f,53,11,11,10,42,0,10,42,23,0.01886792452830189,0,10,10,10,0,brndnmtthws/conky
1b5dfa282da3ccf2,32,2,2,1,30,0,1,30,15,0.03125,0,1,1,1,0,brndnmtthws/conky
7b9337fcff314173,451,10,10,0,441,1,0,441,214,0.022172949002217293,0,10,0,0,0,brndnmtthws/conky
9606febb9446995c,2,2,0,0,0,0,0,0,0,0.0,0,0,0,0,0,brndnmtthws/conky
3f724ca313d7ee47,46,1,1,0,45,0,0,45,1,0.021739130434782608,0,0,0,0,0,brndnmtthws/conky
833523f831fb4c9d,61,0,0,0,61,15,0,61,15,0.0,0,0,0,0,0,brndnmtthws/conky
5f5063df917531ba,236,181,152,103,55,3,104,55,3,0.21387854374097437,0,140,102,114,1,brndnmtthws/conky
bafb4e31cb8bc87a,81,40,40,28,41,0,28,41,26,0.12345679012345676,0,35,25,26,1,brndnmtthws/conky
ab6af77435f58cc0,374,0,0,0,374,1,0,374,1,0.0,0,0,0,0,0,brndnmtthws/conky
1f279434453b1e27,106,20,19,10,86,1,10,86,24,0.07376460017969454,0,17,9,11,0,brndnmtthws/conky
318f554f65e6306b,324,213,202,149,111,10,147,111,37,0.15993788819875776,1,185,132,135,1,brndnmtthws/conky
88e70389e7adb237,54,2,2,0,52,0,0,52,26,0.03703703703703708,0,1,0,0,0,brndnmtthws/conky
a1496f9c5b869e8b,262,128,86,48,134,3,49,134,19,0.1477557251908397,0,84,26,30,1,brndnmtthws/conky
b861012a5dd72b8a,73,17,0,0,56,0,0,56,0,0.0,0,0,0,0,0,brndnmtthws/conky
a47f74a006f7c155,36,1,1,0,35,0,0,35,26,0.027777777777777783,0,1,0,0,0,brndnmtthws/conky
cb11311f67a1f002,27,10,0,0,17,0,0,17,0,0.0,0,0,0,0,0,brndnmtthws/conky
dd2c0eb6ea5cfc6c,152,5,3,0,147,0,0,147,3,0.025263157894736855,0,3,0,0,0,brndnmtthws/conky
fb512f8d60011789,1015,416,360,263,599,94,263,599,94,0.11330049261083744,0,302,206,209,1,brndnmtthws/conky
579e511aa97d4224,7,5,0,0,2,0,0,2,0,0.0,0,0,0,0,0,brndnmtthws/conky
928411db3422e21a,10,6,0,0,4,0,0,4,0,0.0,0,0,0,0,0,brndnmtthws/conky
ce64b588d8c987a9,139,6,6,0,133,14,0,133,42,0.04316546762589933,0,5,0,1,0,brndnmtthws/conky
5b0a9603c53b6017,30,1,1,0,29,0,0,29,17,0.033333333333333326,0,0,0,0,0,brndnmtthws/conky
acc7477ca31c5c46,659,288,243,160,371,4,148,371,48,0.13388117193883503,0,215,137,147,1,brndnmtthws/conky
030d2866455b2275,43,1,1,0,42,4,0,42,31,0.023255813953488393,0,1,0,0,0,brndnmtthws/conky
2faf5af7dafedcd2,215,74,73,0,141,0,1,141,0,0.3441860465116279,0,67,1,58,0,fonttools/fonttools
5c657a74390cdcc7,300,156,141,105,144,0,105,144,8,0.11666666666666667,0,132,105,120,1,fonttools/fonttools
2f22afc037cee694,129,86,84,70,43,17,69,43,17,0.11627906976744184,0,82,70,76,1,fonttools/fonttools
35112c28e603dcdf,5,2,2,1,3,0,1,3,0,0.19999999999999998,0,2,1,2,0,fonttools/fonttools
60263fceda38c070,35,31,24,20,4,0,20,4,0,0.14285714285714285,0,22,18,22,1,fonttools/fonttools
1edde1a90871ffae,167,15,14,0,152,0,0,152,15,0.08383233532934134,0,12,0,6,0,fonttools/fonttools
65f2084b3ee09fca,33,21,21,8,12,0,8,12,0,0.3939393939393939,0,16,8,10,1,fonttools/fonttools
671425b07f81d2c1,245,208,190,144,37,3,144,37,3,0.02040816326530609,0,185,184,185,1,fonttools/fonttools
2e8d2866b1d90b78,14,1,1,1,13,0,1,13,0,0.0,0,1,1,1,0,fonttools/fonttools
4ec4186183fb0f79,367,166,165,0,201,0,0,201,0,0.4523160762942779,1,164,0,143,1,fonttools/fonttools
f1a28788da0fd903,542,497,443,419,45,2,412,45,2,0.05535055350553506,0,428,408,418,1,fonttools/fonttools
dd89a0402844d9bd,297,94,92,4,203,0,4,203,3,0.30303030303030304,1,70,4,21,1,fonttools/fonttools
f16b87a8f5db7a72,566,56,55,0,510,0,0,510,16,0.09893992932862189,0,32,0,12,0,fonttools/fonttools
cceb376e8890e7f0,15,4,3,3,11,0,3,11,0,0.06666666666666668,0,3,3,3,0,fonttools/fonttools
695d15bdb32f77ed,416,245,214,191,171,3,190,171,14,0.06462378640776699,0,208,180,186,1,fonttools/fonttools
fdf62a734d7fe02e,13,1,1,1,12,0,1,12,0,0.0,0,1,1,1,0,fonttools/fonttools
47a9ba68256fc705,13,1,1,1,12,0,1,12,0,0.0,0,1,1,1,0,fonttools/fonttools
423f7e5e6b212317,58,35,35,34,23,4,35,23,5,0.01724137931034479,0,35,35,35,1,fonttools/fonttools
be7bcfab7fd75b4d,223,1,1,0,222,0,0,222,9,0.004484304932735404,0,1,0,0,0,fonttools/fonttools
fd658d9bc628a668,15,2,0,0,13,0,0,13,0,0.13333333333333336,0,0,0,0,0,fonttools/fonttools
5cd817dde9c4d4ff,879,849,679,435,30,3,435,30,3,0.46643913538111487,0,658,194,200,1,fonttools/fonttools
70b5b4ed014f17b2,13,2,1,1,11,1,1,11,1,0.07692307692307687,0,1,1,1,0,fonttools/fonttools
31a79bc6d1fc30cf,159,142,119,70,17,0,71,17,2,0.3270440251572327,1,105,71,78,1,fonttools/fonttools
ce77546cd1a62204,1241,902,819,396,339,0,384,339,1,0.34232447649047165,1,783,385,729,1,fonttools/fonttools
8fe262ad1c4bcb2b,528,455,418,269,73,3,206,73,12,0.2443181818181818,0,399,290,346,1,fonttools/fonttools
c817905baf4f25b7,113,25,15,15,88,0,15,88,4,0.0,0,8,8,8,0,dolphin-emu/dolphin
1f124097d3bfc867,78,6,5,3,72,2,3,72,4,0.012820512820512825,0,1,1,1,0,dolphin-emu/dolphin
b169685fc157776a,23,21,15,15,2,0,15,2,0,0.0,0,14,14,14,1,dolphin-emu/dolphin
f35d1387ce75cbd2,87,49,37,32,38,0,32,38,2,0.0,0,24,24,24,1,dolphin-emu/dolphin
6d744d976bad860e,33,8,2,0,25,4,0,25,4,0.0,0,2,2,2,0,dolphin-emu/dolphin
a13852f46859e703,384,188,149,136,196,2,127,196,13,0.007812499999999995,0,94,92,92,1,dolphin-emu/dolphin
a60d95208ddf9b68,60,5,5,5,55,0,5,55,2,0.0,0,5,5,5,0,dolphin-emu/dolphin
4358d28ea1d04136,124,72,43,20,52,1,20,52,6,0.016129032258064502,0,25,23,23,1,dolphin-emu/dolphin
f27a002265976792,93,61,0,0,32,0,0,32,0,0.0,0,0,0,0,0,dolphin-emu/dolphin
1ca0c25d8536b2c0,179,52,35,28,127,0,28,127,1,0.02793296089385475,0,15,10,10,0,dolphin-emu/dolphin
ec71df96156a83cb,106,15,13,12,91,14,12,91,17,0.0,0,10,10,10,0,dolphin-emu/dolphin
c052b5feec7a5eea,216,86,0,0,130,0,0,130,1,0.0,0,0,0,0,0,dolphin-emu/dolphin
cfb64fbc33b98f37,245,75,56,42,170,9,42,170,11,0.02040816326530612,1,35,33,33,1,dolphin-emu/dolphin
625168438593412b,68,10,5,5,58,0,5,58,0,0.0,0,3,3,3,0,dolphin-emu/dolphin
1ddf5c0a4cff9aaa,919,0,0,0,919,23,0,919,34,0.0,0,0,0,0,0,dolphin-emu/dolphin
c68306c9d7e19ff8,360,66,55,48,294,14,51,294,20,0.01666666666666667,0,27,27,27,0,dolphin-emu/dolphin
1122d4e97e495b50,220,3,1,1,217,0,1,217,17,0.0,0,1,1,1,0,dolphin-emu/dolphin
f25cfc751a151999,126,72,8,6,54,5,7,54,5,0.007936507936507922,0,4,4,4,0,dolphin-emu/dolphin
33a48fe8c9e4440b,329,30,16,16,299,0,16,299,2,0.0,0,14,14,14,0,dolphin-emu/dolphin
e22f0e741db7b7e7,365,157,155,137,208,13,133,208,32,0.049315068493150684,0,142,124,124,1,dolphin-emu/dolphin
1b3123bc2fbfdc2b,54,26,21,21,28,0,21,28,0,0.0,0,21,21,21,1,dolphin-emu/dolphin
ea9bd4648af0193c,357,67,41,36,290,1,35,290,13,0.0,0,17,17,17,0,dolphin-emu/dolphin
a17b97c7f379116f,1110,2,2,0,1108,29,0,1108,53,0.0018018018018017994,0,2,0,0,0,dolphin-emu/dolphin
8593592714785491,146,71,33,30,75,0,30,75,2,0.032724505327245065,0,23,20,20,1,dolphin-emu/dolphin
3ed12902ab3ed6ff,220,130,119,105,90,14,106,90,15,0.036363636363636355,0,99,92,92,1,dolphin-emu/dolphin
895abac1600a8996,768,130,117,98,638,21,98,638,24,0.03491518633202957,0,93,80,85,0,oxc-project/oxc
f0e77e0a71201bbf,101,4,4,4,97,10,4,97,17,0.0,0,4,4,4,0,oxc-project/oxc
c2daad8b0bffb9bd,928,203,183,28,725,62,0,725,107,0.2295258620689655,0,180,0,174,0,oxc-project/oxc
b5755063dd277995,36,3,3,0,33,0,0,33,0,0.08333333333333334,0,3,0,3,0,oxc-project/oxc
f9c278e8a839adf7,491,18,18,0,473,5,0,473,8,0.03869653767820777,0,17,0,13,0,oxc-project/oxc
fcf731cb64c7b79f,189,15,15,9,174,18,9,174,25,0.031746031746031744,0,13,8,10,0,oxc-project/oxc
6002dd1d98f6e3d2,61,7,7,0,54,0,0,54,0,0.11475409836065575,0,7,0,7,0,oxc-project/oxc
1edcca5dca85a37a,132,1,0,0,131,1,0,131,6,0.0,0,0,0,0,0,oxc-project/oxc
b94ed279fca8ed29,25,4,4,0,21,0,0,21,0,0.16000000000000003,0,4,0,4,0,oxc-project/oxc
82b93aa47804573e,365,26,26,0,339,7,0,339,11,0.07123287671232878,0,25,0,22,0,oxc-project/oxc
0f3768b85bcbeef3,1014,0,0,0,1014,192,0,1014,191,0.0,0,0,0,0,0,oxc-project/oxc
d4e08bd52e86e515,107,0,0,0,107,0,0,107,0,0.0,0,0,0,0,0,oxc-project/oxc
2be2ab4665a8853b,19,3,3,0,16,0,0,16,0,0.15789473684210528,0,3,0,3,0,oxc-project/oxc
da622713373db018,115,2,2,0,113,0,0,113,1,0.017391304347826098,0,2,0,2,0,oxc-project/oxc
3d2b98c57de1fe19,215,44,44,0,171,0,12,171,0,0.20465116279069764,0,36,0,12,0,oxc-project/oxc
afd3c770044bd3b1,212,25,24,9,187,1,9,187,1,0.07075471698113207,0,21,8,19,0,oxc-project/oxc
b24ee29ac912b2fa,32,3,3,0,29,0,0,29,3,0.09375,0,3,0,3,0,oxc-project/oxc
84cb2cbd3bb7e77d,47,3,3,0,44,0,0,44,0,0.06382978723404253,0,3,0,3,0,oxc-project/oxc
2dc1012f3a889bb7,370,67,46,0,303,0,0,303,39,0.12432432432432433,0,46,0,42,0,oxc-project/oxc
7514c898d2ab72e9,158,5,5,0,153,7,0,153,10,0.044303797468354424,0,5,0,5,0,oxc-project/oxc
99706b852c9509d7,495,0,0,0,495,21,0,495,22,0.0,0,0,0,0,0,oxc-project/oxc
d008f80282550e22,25,1,1,0,24,0,0,24,0,0.039999999999999966,0,1,0,1,0,oxc-project/oxc
bf3640d149037468,31,2,2,0,29,0,0,29,0,0.06451612903225809,0,2,0,2,0,oxc-project/oxc
b7b09543f0f55374,70,4,4,0,66,0,0,66,0,0.05714285714285715,1,4,0,4,1,oxc-project/oxc
cc4ee85f44e0c20e,435,11,7,0,424,55,0,424,64,0.011494252873563267,0,5,0,0,0,oxc-project/oxc
0931cf958317ce57,439,17,0,0,422,1,0,422,36,0.0,0,0,0,0,0,TypeStrong/ts-node
a09d27902acf99a9,1,1,0,0,0,0,0,0,0,0.0,0,0,0,0,0,TypeStrong/ts-node
5f74e7a7c884ffc6,3,2,2,0,1,0,0,1,0,0.6666666666666667,1,2,0,2,1,TypeStrong/ts-node
a20c0c225f4817a8,3,2,0,0,1,0,0,1,0,0.0,0,0,0,0,0,TypeStrong/ts-node
487642663920a426,5,3,3,1,2,0,1,2,0,0.4,0,3,1,3,1,TypeStrong/ts-node
a0490c603ca3f6d6,13,9,0,0,4,0,0,4,0,0.0,0,0,0,0,0,TypeStrong/ts-node
5e79d901348b5e60,40,5,0,0,35,0,0,35,10,0.0,0,0,0,0,0,TypeStrong/ts-node
bd3f2dbbf6f6d04a,48,1,0,0,47,10,0,47,10,0.0,0,0,0,0,0,TypeStrong/ts-node
199bd1187a2313df,110,0,0,0,110,0,0,110,8,0.0,0,0,0,0,0,TypeStrong/ts-node
95351e892dcebabe,3,2,2,1,1,0,1,1,0,0.33333333333333337,0,2,1,2,1,TypeStrong/ts-node
633879d9f0285b2d,1,1,1,0,0,0,0,0,0,1.0,1,1,0,1,1,TypeStrong/ts-node
ab264451c6e60517,1,1,0,0,0,0,0,0,0,0.0,0,0,0,0,0,TypeStrong/ts-node
84dec4e725cc753f,21,4,0,0,17,0,0,17,0,0.0,0,0,0,0,0,TypeStrong/ts-node
67cbe44d354ac04c,80,18,0,0,62,0,0,62,0,0.0,0,0,0,0,0,TypeStrong/ts-node
f3b545aebd00b378,37,1,0,0,36,0,0,36,0,0.0,0,0,0,0,0,TypeStrong/ts-node
012605aff7f65416,13,8,0,0,5,0,0,5,0,0.0,0,0,0,0,0,TypeStrong/ts-node
3f8b7183b6922494,22,3,3,1,19,0,1,19,0,0.09090909090909093,0,2,1,1,0,TypeStrong/ts-node
ce2439faaeb8c7f5,44,15,0,0,29,0,0,29,6,0.0,0,0,0,0,0,TypeStrong/ts-node
1b71016f3e1a499c,23,1,0,0,22,0,0,22,0,0.0,0,0,0,0,0,TypeStrong/ts-node
523f33a8dbad2031,20,1,0,0,19,0,0,19,0,0.0,0,0,0,0,0,TypeStrong/ts-node
d653aa9752422bed,99,4,0,0,95,0,0,95,16,0.0,0,0,0,0,0,TypeStrong/ts-node
6ba0e250c441f81c,5,1,0,0,4,0,0,4,0,0.0,0,0,0,0,0,TypeStrong/ts-node
376ccd5a1f6ee587,5,1,1,0,4,0,0,4,0,0.20000000000000004,0,1,0,1,0,TypeStrong/ts-node
5d95186bb8ad577a,12,6,6,0,6,0,0,6,0,0.5,1,5,0,5,1,TypeStrong/ts-node
9f5e2e8ee9ae83e1,10,3,0,0,7,0,0,7,0,0.0,0,0,0,0,0,TypeStrong/ts-node
8fc2f417fc88c9ab,521,25,7,4,496,254,4,496,256,0.0038387715930902067,0,7,4,6,0,RfidResearchGroup/proxmark3
ee29112d8d1815b4,1339,3,3,3,1336,404,3,1336,385,0.0,0,3,3,3,0,RfidResearchGroup/proxmark3
7ab0f2c9c7810c19,535,25,16,0,510,0,0,510,0,0.02990654205607478,0,16,0,0,0,RfidResearchGroup/proxmark3
d6e9205f299df787,92,1,1,1,91,12,1,91,12,0.0,0,1,1,1,0,RfidResearchGroup/proxmark3
e96abac6038f6745,109,1,0,0,108,1,0,108,8,0.0,0,0,0,0,0,RfidResearchGroup/proxmark3
7fc60ec88b5ba90e,107,1,0,0,106,0,0,106,22,0.0,0,0,0,0,0,RfidResearchGroup/proxmark3
028fc01238af33a7,937,20,1,1,917,121,1,917,137,0.0,0,1,1,1,0,RfidResearchGroup/proxmark3
5b3cdae30206bf83,176,18,1,1,158,0,1,158,0,0.0,0,1,1,1,0,RfidResearchGroup/proxmark3
6acfaf86cb9a1dad,975,0,0,0,975,106,0,975,144,0.0,0,0,0,0,0,RfidResearchGroup/proxmark3
27eb45074e39213e,47,1,1,0,46,1,0,46,1,0.042553191489361736,0,1,0,0,0,RfidResearchGroup/proxmark3
f9f793e2072b508d,75,0,0,0,75,0,0,75,0,0.0,0,0,0,0,0,RfidResearchGroup/proxmark3
b8dbbb5f7b5d4f25,380,3,2,0,377,0,1,377,28,0.0052631578947368585,0,2,1,1,0,RfidResearchGroup/proxmark3
90c39a84c9493e68,439,0,0,0,439,131,0,439,137,0.0,0,0,0,0,0,RfidResearchGroup/proxmark3
9e7f7b9bb0f8109a,2643,0,0,0,2643,746,0,2643,852,0.004540295119182747,0,0,0,0,0,RfidResearchGroup/proxmark3
bc020f3ca1b410d9,253,5,0,0,248,3,0,248,56,0.0,0,0,0,0,0,RfidResearchGroup/proxmark3
a4aa2d96c05ac59a,37,2,2,1,35,3,1,35,3,0.02702702702702703,0,2,1,1,0,RfidResearchGroup/proxmark3
cd4984342604e247,249,27,4,2,222,119,2,222,119,0.0401606425702811,0,4,2,2,0,RfidResearchGroup/proxmark3
9829ca673d9c3b1c,116,1,1,1,115,1,1,115,1,0.0,0,1,1,1,0,RfidResearchGroup/proxmark3
8f1f4b41e8b90d8a,370,0,0,0,370,41,0,370,46,0.0,0,0,0,0,0,RfidResearchGroup/proxmark3
2bf959b513e08bf7,83,4,3,0,79,12,0,79,12,0.03614457831325302,0,3,0,0,0,RfidResearchGroup/proxmark3
069ded4292dbe2f2,98,7,6,0,91,0,0,91,4,0.05102040816326528,0,6,0,0,0,RfidResearchGroup/proxmark3
3342660ffa503459,121,13,11,11,108,0,11,108,0,0.0,0,10,10,10,0,RfidResearchGroup/proxmark3
53cac815a07a859e,327,7,3,1,320,2,1,320,2,0.006116207951070318,0,3,1,3,0,RfidResearchGroup/proxmark3
67bb12f42782b45e,683,47,11,9,636,165,9,636,175,0.008784773060029283,0,11,9,9,0,RfidResearchGroup/proxmark3
ed8d65a186aaabab,506,25,4,3,481,109,4,481,132,0.0,0,3,3,3,0,RfidResearchGroup/proxmark3
62587c1d23d007a9,173,15,0,0,158,12,0,158,65,0.08670520231213871,0,0,0,0,0,discordjs/discord.js
294a8b034d842f95,115,9,0,0,106,7,0,106,15,0.07826086956521737,0,0,0,0,0,discordjs/discord.js
0bfc52035c6f81bc,25,1,0,0,24,0,0,24,3,0.04000000000000002,0,0,0,0,0,discordjs/discord.js
4c566bf06a1765b2,21,1,0,0,20,0,0,20,8,0.04761904761904762,0,0,0,0,0,discordjs/discord.js
ad558bfd699876e0,33,3,1,0,30,0,1,30,4,0.09090909090909091,0,1,1,1,0,discordjs/discord.js
601b8954b3afea4b,622,52,13,0,570,5,1,570,86,0.08360128617363344,0,13,1,4,0,discordjs/discord.js
e8d00e10251adfbd,22,2,0,0,20,0,0,20,0,0.09090909090909093,0,0,0,0,0,discordjs/discord.js
2de26cf536b2016c,31,2,1,0,29,0,1,29,0,0.06451612903225809,0,1,1,1,0,discordjs/discord.js
b14bfccf6e93f986,22,2,0,0,20,0,0,20,8,0.0909090909090909,0,0,0,0,0,discordjs/discord.js
ee3be03d535ce146,46,9,6,0,37,0,0,37,0,0.19565217391304346,0,5,0,4,0,discordjs/discord.js
cbcdad45825f1f1c,54,5,0,0,49,0,0,49,0,0.09259259259259259,0,0,0,0,0,discordjs/discord.js
12ef718b998fec6a,21,1,0,0,20,0,0,20,12,0.047619047619047665,0,0,0,0,0,discordjs/discord.js
ae9977412e5513b1,106,2,2,0,104,0,0,104,15,0.018867924528301883,0,2,0,0,0,discordjs/discord.js
7219d4b6a97e06c1,27,3,1,0,24,0,1,24,5,0.11111111111111116,0,1,1,1,0,discordjs/discord.js
f49337beed71dcec,89,6,2,0,83,5,1,83,5,0.06371447455386652,1,2,1,1,0,discordjs/discord.js
689b484e25cdeb4d,111,10,0,0,101,12,0,101,24,0.09009009009009006,0,0,0,0,0,discordjs/discord.js
efb9bd4173ddd1d4,107,10,0,0,97,16,0,97,16,0.09345794392523364,0,0,0,0,0,discordjs/discord.js
f9b29cb3a7d9cc7d,31,3,0,0,28,0,0,28,0,0.0967741935483871,0,0,0,0,0,discordjs/discord.js
1b3657fd9fd8fbf5,34,2,1,0,32,0,1,32,0,0.057932263814616775,0,1,1,1,0,discordjs/discord.js
ad9fe436b71d3412,12,1,0,0,11,0,0,11,0,0.08333333333333334,0,0,0,0,0,discordjs/discord.js
dcf09ce6bba8c40a,17,1,0,0,16,0,0,16,0,0.058823529411764705,0,0,0,0,0,discordjs/discord.js
4c1b553248984807,36,3,0,0,33,0,0,33,0,0.0833333333333333,0,0,0,0,0,discordjs/discord.js
864049f53e0885bf,17,1,0,0,16,0,0,16,0,0.058823529411764726,0,0,0,0,0,discordjs/discord.js
b7baceac6bd57e31,134,16,3,0,118,0,0,118,12,0.11940298507462688,0,3,0,0,0,discordjs/discord.js
a1fe1ee3e94cac34,5,1,0,0,4,0,0,4,0,0.0,0,0,0,0,0,discordjs/discord.js
98f469a29bf17eec,125,37,37,0,88,0,0,88,27,0.296,0,34,0,22,0,django-oscar/django-oscar
8cc5480eb820d588,1,1,1,0,0,0,0,0,0,1.0,1,1,0,0,1,django-oscar/django-oscar
6bf550bbb7d0c1da,42,13,12,0,29,0,0,29,2,0.30952380952380953,1,11,0,7,1,django-oscar/django-oscar
30714cf0c64ede00,83,55,53,0,28,0,0,28,2,0.6626506024096386,1,46,0,13,1,django-oscar/django-oscar
8d8c3d0f90d202ed,41,17,13,0,24,8,0,24,9,0.41463414634146345,0,12,0,8,1,django-oscar/django-oscar
db577778a306a007,2,2,2,0,0,0,0,0,0,1.0,1,2,0,0,1,django-oscar/django-oscar
c3001594e771c32f,79,28,28,0,51,0,0,51,3,0.35443037974683544,0,23,0,18,0,django-oscar/django-oscar
9e2635d173507dad,46,23,23,2,23,2,2,23,6,0.4565217391304348,1,20,2,14,1,django-oscar/django-oscar
61d33bd5407ab219,100,47,45,2,53,0,2,53,2,0.45,1,42,2,31,1,django-oscar/django-oscar
83d13341d5dd4f35,140,42,39,0,98,0,0,98,0,0.3,0,37,0,25,0,django-oscar/django-oscar
a2a5a60ee50b29e8,81,33,26,0,48,2,0,48,3,0.40740740740740744,1,24,0,9,1,django-oscar/django-oscar
364440842d954a4d,161,2,2,0,159,0,0,159,2,0.012422360248447216,0,2,0,1,0,django-oscar/django-oscar
bd1e0a16a381a397,33,12,12,0,21,0,0,21,0,0.36363636363636365,1,11,0,6,1,django-oscar/django-oscar
68eef0b21842f888,136,36,36,1,100,4,1,100,6,0.25735294117647056,0,33,1,22,0,django-oscar/django-oscar
220e64aea3239281,100,20,20,0,80,0,0,80,8,0.20000000000000004,0,20,0,15,0,django-oscar/django-oscar
00b7843260270f21,27,5,5,0,22,0,0,22,1,0.18518518518518517,0,5,0,4,0,django-oscar/django-oscar
cdcdbec77875dc0f,14,0,0,0,14,0,0,14,6,0.0,0,0,0,0,0,django-oscar/django-oscar
91f1244cea2c21fe,334,133,123,1,201,0,1,201,13,0.39520958083832336,1,113,1,37,1,django-oscar/django-oscar
6114b8268f78e5db,11,4,4,0,7,0,0,7,0,0.36363636363636365,0,4,0,4,0,django-oscar/django-oscar
b662b93cabec1122,71,48,48,0,23,0,0,23,0,0.676056338028169,1,48,0,48,1,django-oscar/django-oscar
118262477b183ec9,74,17,17,0,57,0,0,57,3,0.22972972972972971,1,16,0,13,1,django-oscar/django-oscar
81964b4c4fe8a3ef,38,19,16,0,19,0,0,19,0,0.5,1,12,0,5,1,django-oscar/django-oscar
26e24e95fc6722f3,293,82,75,1,211,1,2,211,4,0.27986348122866894,0,69,0,47,0,django-oscar/django-oscar
20eab63ed232b8f3,37,9,7,0,28,2,0,28,13,0.2432432432432432,0,6,0,3,0,django-oscar/django-oscar
d2144bde8f904cd1,177,56,56,0,121,0,0,121,0,0.3163841807909605,1,51,0,20,1,django-oscar/django-oscar
fa043ed17de16571,788,1,0,0,787,672,0,787,618,0.0012690355329949398,0,0,0,0,0,Rapptz/discord.py
9f568208bab2f51b,324,1,0,0,323,0,0,323,33,0.0,0,0,0,0,0,Rapptz/discord.py
2a95accb1c93fac9,610,3,3,0,607,16,0,607,16,0.001639344262295072,0,3,0,3,0,Rapptz/discord.py
c0ea7ce8bd0d8f83,2519,2,2,0,2517,12,0,2517,544,0.0007939658594680217,0,2,0,2,0,Rapptz/discord.py
34e2659134fc8d99,99,1,0,0,98,4,0,98,4,0.010101010101010107,0,0,0,0,0,Rapptz/discord.py
6171fcd96dbdacdf,784,1,0,0,783,13,0,783,47,0.0,0,0,0,0,0,Rapptz/discord.py
329b580b225fcf80,689,1,1,0,688,3,0,688,12,0.0014513788098693588,0,1,0,1,0,Rapptz/discord.py
33a7b4593fc4fdba,108,3,3,0,105,0,0,105,24,0.027777777777777783,0,3,0,3,0,Rapptz/discord.py
7799b6015d3d7d9e,285,2,0,0,283,3,0,283,9,0.0,0,0,0,0,0,Rapptz/discord.py
d0d006ce09c02402,365,2,0,0,363,4,0,363,4,0.000526870389884086,0,0,0,0,0,Rapptz/discord.py
74a820e223504888,1253,7,5,0,1246,1,0,1246,285,0.003990422984836393,0,5,0,5,0,Rapptz/discord.py
659ccb74f6f7982d,898,8,3,0,890,15,0,890,78,0.00410301102660939,0,3,0,3,0,Rapptz/discord.py
edc6201f259e5025,2907,14,10,0,2893,22,0,2893,167,0.0035304108482479904,0,10,0,9,0,Rapptz/discord.py
5e27222ae11079e1,1372,6,4,0,1366,3,0,1366,167,0.0029154518950437816,0,4,0,4,0,Rapptz/discord.py
2463bfde6d608b8b,107,2,1,0,105,4,0,105,6,0.01745723858226065,0,1,0,1,0,Rapptz/discord.py
5b34989fd2527410,358,0,0,0,358,0,0,358,94,0.0,0,0,0,0,0,Rapptz/discord.py
715b918bcfc75e2f,1109,4,2,0,1105,16,0,1105,28,0.0018034265103697503,0,2,0,2,0,Rapptz/discord.py
ef8d020939d9ff4e,98,1,0,0,97,0,0,97,0,0.0,0,0,0,0,0,Rapptz/discord.py
031099ee7806c680,66,1,1,0,65,0,0,65,24,0.015151515151515145,0,1,0,1,0,Rapptz/discord.py
acabd29a9fa764cb,677,5,5,0,672,10,0,672,68,0.0073855243722304245,0,5,0,5,0,Rapptz/discord.py
d1995bb4562e3a5f,273,0,0,0,273,3,0,273,45,0.0,0,0,0,0,0,Rapptz/discord.py
604f03d956ed3e34,69,1,0,0,68,4,0,68,4,0.013640238704177333,0,0,0,0,0,Rapptz/discord.py
98c3111f0e1f1387,813,1,0,0,812,3,0,812,35,0.0003832427486836379,0,0,0,0,0,Rapptz/discord.py
4bc9e339977c36d8,3076,24,24,0,3052,194,0,3052,1263,0.0078023407022106694,0,24,0,21,0,Rapptz/discord.py
c4d5d087adf557b8,1116,3,1,0,1113,11,0,1113,141,0.0008960573476702698,0,1,0,1,0,Rapptz/discord.py
e19205c5f3fe6422,5,0,0,0,5,0,0,5,0,0.0,0,0,0,0,0,Stirling-Tools/Stirling-PDF
76056236de051551,520,1,1,1,519,45,1,519,71,0.0,0,1,1,1,0,Stirling-Tools/Stirling-PDF
49a96e7eea8a94af,843,0,0,0,843,31,0,843,88,0.0,0,0,0,0,0,Stirling-Tools/Stirling-PDF
33fbd7a182c49672,82,57,39,39,25,0,39,25,0,0.0,0,39,39,39,1,Stirling-Tools/Stirling-PDF
ef9ea6b8ad024d71,100,1,1,1,99,1,1,99,2,0.0,0,1,1,1,0,Stirling-Tools/Stirling-PDF
fd60dc2adec58c10,79,2,1,1,77,10,1,77,11,0.0,0,1,1,1,0,Stirling-Tools/Stirling-PDF
bc37d034bad56458,321,115,90,90,206,4,90,206,4,0.0,0,90,90,90,1,Stirling-Tools/Stirling-PDF
c56ccc8364483899,23,1,0,0,22,1,0,22,1,0.0,0,0,0,0,0,Stirling-Tools/Stirling-PDF
36efe3d86e11022d,112,15,11,8,97,11,8,97,26,0.08035714285714284,0,11,8,8,0,pwr-Solaar/Solaar
8a72a772c3133508,80,5,5,5,75,0,5,75,0,0.0,0,4,2,2,0,pwr-Solaar/Solaar
aa7cd97ff1e4df5b,287,20,12,5,267,99,11,267,106,0.010452961672473879,0,12,12,12,0,pwr-Solaar/Solaar
4dab330bf711d7e2,246,0,0,0,246,3,0,246,4,0.0,0,0,0,0,0,pwr-Solaar/Solaar
b4d68dc855d0f947,170,1,1,1,169,1,1,169,4,0.0,0,1,1,1,0,pwr-Solaar/Solaar
368949b4c3fe4cd3,4737,24,4,3,4713,98,4,4713,398,0.0031665611146295056,0,4,4,4,0,pwr-Solaar/Solaar
8e4db60bf53a5c3f,2428,48,32,24,2380,240,29,2380,303,0.0016469369384670461,0,31,31,31,0,pwr-Solaar/Solaar
45e5189e8752054c,471,24,14,6,447,5,6,447,5,0.025441336261178355,0,13,6,6,0,pwr-Solaar/Solaar
aff15ced1fe37506,211,1,1,1,210,0,1,210,0,0.0,0,1,1,1,0,pwr-Solaar/Solaar
72376d0b487d7231,183,0,0,0,183,3,0,183,4,0.0,0,0,0,0,0,pwr-Solaar/Solaar
92578d439fe847e5,571,55,43,41,516,3,42,516,50,0.006992898995234077,0,43,43,43,0,pwr-Solaar/Solaar
0410ee313c5b7933,486,250,203,195,236,10,196,236,18,0.020438383525319858,0,203,191,191,1,pwr-Solaar/Solaar
6f6d8fb5b49af5d5,279,28,20,17,251,7,18,251,53,0.00716845878136201,0,20,20,20,0,pwr-Solaar/Solaar
9c150cbd3345abc0,365,2,2,2,363,9,2,363,11,0.0,0,2,2,2,0,pwr-Solaar/Solaar
3afff2710714b20e,42,8,7,7,34,0,7,34,0,0.0,0,7,7,7,0,pwr-Solaar/Solaar
14713d840b67d1aa,349,30,20,19,319,10,19,319,23,0.0028653295128939797,0,19,19,19,0,pwr-Solaar/Solaar
6b7b4d8c128a3fd6,61,21,19,18,40,0,18,40,0,0.04918032786885245,0,19,18,18,0,pwr-Solaar/Solaar
16c78a6249f5f17a,635,132,97,85,503,25,89,503,76,0.003149606299212598,0,96,96,96,0,pwr-Solaar/Solaar
cf7cae40c5c3b78d,23,7,7,7,16,0,7,16,0,0.0,0,7,7,7,0,pwr-Solaar/Solaar
5eee2dc52b379579,90,8,8,8,82,0,7,82,0,0.0,0,8,8,8,0,pwr-Solaar/Solaar
2bb839dc9764c761,140,32,23,21,108,18,23,108,23,0.0,0,23,23,23,0,pwr-Solaar/Solaar
c006ba4591a59df2,502,100,75,65,402,23,69,402,35,0.02178331209574657,0,75,73,73,0,pwr-Solaar/Solaar
8b042e3f94ca5c59,142,0,0,0,142,0,0,142,5,0.0,0,0,0,0,0,pwr-Solaar/Solaar
ecde2d5532d89062,238,1,1,1,237,17,1,237,18,0.0,0,1,1,1,0,pwr-Solaar/Solaar
c582a5cf080c1973,249,66,41,33,183,4,33,183,10,0.055833088451366475,0,40,34,34,1,pwr-Solaar/Solaar
eac2775df608eb23,89,0,0,0,89,0,0,89,0,0.0,0,0,0,0,0,ZoneMinder/zoneminder
810f714dfab8d194,78,5,5,2,73,0,2,73,3,0.02564102564102565,0,5,3,3,0,ZoneMinder/zoneminder
1e7de1ae2d059d21,1113,320,310,214,793,34,205,793,44,0.07906558849955078,0,310,229,230,1,ZoneMinder/zoneminder
c49cf629bd096210,5,0,0,0,5,0,0,5,0,0.0,0,0,0,0,0,ZoneMinder/zoneminder
835c5b5f142fcc79,43,4,3,2,39,0,2,39,0,0.0465116279069767,0,3,2,2,0,ZoneMinder/zoneminder
d5e1b1e4baa62946,4,0,0,0,4,0,0,4,0,0.0,0,0,0,0,0,ZoneMinder/zoneminder
68129959ea1d08af,19,5,5,4,14,0,4,14,0,0.052631578947368446,0,5,4,4,0,ZoneMinder/zoneminder
1fa114fd37754ac3,68,10,7,4,58,1,4,58,1,0.07352941176470588,0,7,4,4,1,ZoneMinder/zoneminder
12a294110595b397,5,0,0,0,5,0,0,5,0,0.0,0,0,0,0,0,ZoneMinder/zoneminder
148715d6ea0c0ea0,289,55,52,52,234,7,52,234,18,0.00692041522491349,0,52,52,52,1,ZoneMinder/zoneminder
1d159b81d52c7e33,89,1,1,0,88,0,0,88,0,0.011235955056179789,0,1,0,0,0,ansible/awx
4fddb98e9456b361,223,1,1,0,222,0,0,222,0,0.004484304932735432,0,1,0,1,0,ansible/awx
e7dbe44bafe6517b,2213,1,1,0,2212,96,0,2212,226,0.00045187528242206373,0,1,0,0,0,ansible/awx
4517deae8b37015e,312,5,5,0,307,0,0,307,23,0.016025641025641052,0,4,0,0,0,ansible/awx
01fdc963c4c42152,410,2,2,0,408,10,0,408,52,0.0048780487804878075,0,2,0,0,0,ansible/awx
30abacdd4173234a,35,1,1,0,34,0,0,34,2,0.02857142857142857,0,1,0,0,0,ansible/awx
dfb78a0ad664b75d,21,0,0,0,21,0,0,21,0,0.0,0,0,0,0,0,ansible/awx
5f1e6b19266492d3,224,39,39,0,185,22,0,185,23,0.17410714285714288,0,39,0,0,0,ansible/awx
dc3dc46735418f10,79,1,1,0,78,0,0,78,21,0.012658227848101243,0,1,0,0,0,ansible/awx
4e2b0c51faca14c3,367,1,1,0,366,35,0,366,42,0.002724795640326975,0,1,0,0,0,ansible/awx
b6d7e90632977220,1247,2,2,0,1245,145,0,1245,454,0.0016038492381716118,0,2,0,0,0,ansible/awx
adb0d9c5dc8ef4cb,124,8,8,0,116,0,0,116,0,0.06451612903225806,0,6,0,0,0,ansible/awx
6d77bf9d3d48f5ac,253,1,1,0,252,2,0,252,3,0.0039525691699604905,0,1,0,0,0,ansible/awx
5afd9ea995240ada,960,2,2,0,958,10,0,958,386,0.0020833333333333294,0,2,0,0,0,ansible/awx
dabc9e9eb1d4f8ba,152,3,3,0,149,1,0,149,3,0.019736842105263174,0,2,0,0,0,ansible/awx
5f00955464954e59,309,20,20,0,289,0,0,289,20,0.06472491909385114,0,19,0,1,0,ansible/awx
aca2aab934da1b0d,147,6,6,0,141,0,0,141,4,0.04081632653061226,0,4,0,0,0,ansible/awx
f8e6df3026c72a6a,271,1,1,0,270,0,0,270,46,0.003690036900368979,0,1,0,0,0,ansible/awx
cc8b4f2872295546,1413,5,5,0,1408,72,0,1408,654,0.0035385704175513134,0,4,0,1,0,ansible/awx
9e488bdf10e5084d,70,1,1,0,69,0,0,69,21,0.01428571428571426,0,1,0,0,0,ansible/awx
bc19f44962d08900,228,3,3,2,225,1,2,225,4,0.0043859649122807084,0,3,2,2,0,ansible/awx
4bce185ffcffedfd,395,1,1,0,394,2,0,394,13,0.0025316455696202528,0,1,0,1,0,ansible/awx
ed2d6b9b53927120,14,1,1,0,13,0,0,13,0,0.07142857142857141,0,1,0,0,0,ansible/awx
a5b09c8e4cc5fe83,159,1,1,0,158,42,0,158,52,0.006289308176100628,0,1,0,1,0,ansible/awx
df176cf442df1657,270,3,3,0,267,0,0,267,3,0.011111111111111092,0,2,0,1,0,ansible/awx
63e58f63641ea478,699,266,5,3,433,77,4,433,130,0.0,0,5,5,5,0,11ty/buildawesome
b6f7e74c49d587c9,797,422,12,10,375,51,10,375,59,0.0,0,6,6,6,1,11ty/buildawesome
a50af6e2ac9b458d,89,44,0,0,45,2,0,45,2,0.0,0,0,0,0,0,11ty/buildawesome
8a19bdb1a05e4391,206,129,11,11,77,3,11,77,4,0.0,0,6,6,6,0,11ty/buildawesome
64ba0ee590fb6340,201,172,2,2,29,0,2,29,0,0.0,0,2,2,2,0,11ty/buildawesome
a6976922b8388121,17,13,0,0,4,0,0,4,0,0.0,0,0,0,0,0,11ty/buildawesome
02a85a8026166061,14,0,0,0,14,0,0,14,0,0.0,0,0,0,0,0,11ty/buildawesome
36f7575047042a15,19,9,0,0,10,0,0,10,0,0.0,0,0,0,0,0,11ty/buildawesome
bc549b31b5c8a91d,47,33,0,0,14,0,0,14,0,0.0,0,0,0,0,0,11ty/buildawesome
777121b910c495d5,166,66,0,0,100,12,0,100,12,0.0,0,0,0,0,0,11ty/buildawesome
d7feed6b3cff9c2c,35,23,0,0,12,0,0,12,0,0.0,0,0,0,0,0,11ty/buildawesome
8cf8fddaef720340,125,74,0,0,51,0,0,51,0,0.0,0,0,0,0,0,11ty/buildawesome
4b4cf806a0050fd4,10,3,0,0,7,0,0,7,0,0.0,0,0,0,0,0,11ty/buildawesome
d380b200a3fd5e91,296,227,6,6,69,0,5,69,6,0.003378378378378389,0,4,4,4,0,11ty/buildawesome
8688d5d98526e783,393,184,29,27,209,6,27,209,14,0.0025445292620865263,0,19,19,19,1,11ty/buildawesome
8d870b043397b876,111,11,0,0,100,13,0,100,15,0.0,0,0,0,0,0,11ty/buildawesome
47cebd0572acff7e,68,3,0,0,65,4,0,65,6,0.0,0,0,0,0,0,11ty/buildawesome
989f22fcb33d0810,216,36,0,0,180,43,0,180,44,0.0,0,0,0,0,0,11ty/buildawesome
f95a786b12fbf6d0,21,11,1,1,10,0,1,10,0,0.0,0,1,1,1,0,11ty/buildawesome
0947e2727d6bad8c,18,1,0,0,17,1,0,17,3,0.0,0,0,0,0,0,11ty/buildawesome
40f317beea36b51b,344,219,16,16,125,0,16,125,4,0.0,0,8,8,8,0,11ty/buildawesome
e8162577b66789df,52,2,0,0,50,1,0,50,1,0.0,0,0,0,0,0,11ty/buildawesome
22c940a04d7fd184,57,45,10,10,12,0,10,12,0,0.0,0,8,8,8,0,11ty/buildawesome
ef495efa0b1aa477,1327,434,29,26,893,36,26,893,153,0.0,0,22,22,22,0,11ty/buildawesome
aac97e425d46aafe,135,73,0,0,62,0,0,62,4,0.0,0,0,0,0,0,11ty/buildawesome
d6a39f9c2ac5e4f8,71,4,4,0,67,0,0,67,1,0.056338028169014086,0,4,0,4,0,solidusio/solidus
b62d60d1aa0a28e8,51,10,10,0,41,0,0,41,15,0.19607843137254904,0,10,0,10,0,solidusio/solidus
68c3bcc1c1735d76,114,22,20,5,92,6,5,92,11,0.13972431077694236,1,20,6,20,1,solidusio/solidus
2eb5cf6060d343b6,17,1,1,0,16,0,0,16,0,0.058823529411764705,0,1,0,1,0,solidusio/solidus
ba00af2796652ca0,30,1,1,1,29,0,1,29,0,0.0,0,1,1,1,0,solidusio/solidus
f02d323d23d4cc20,1131,175,169,9,956,44,9,956,96,0.1317418213969938,0,166,6,150,0,solidusio/solidus
35831870dbacaeda,147,20,20,1,127,0,1,127,0,0.12925170068027214,0,18,1,18,0,solidusio/solidus
36c4881e6e3b48e3,12,1,1,1,11,0,0,11,3,0.0,0,1,1,1,0,solidusio/solidus
d7e58c6268c99334,6,2,2,0,4,0,0,4,0,0.3333333333333333,1,2,0,0,1,solidusio/solidus
28324ecd51370226,23,3,3,0,20,0,0,20,0,0.13043478260869568,0,3,0,2,0,solidusio/solidus
3c91bd72f8d80ea6,100,23,23,0,77,12,0,77,16,0.23,0,23,0,19,0,solidusio/solidus
5464678245cb0aeb,57,18,17,1,39,0,1,39,0,0.2982456140350877,0,14,1,2,0,solidusio/solidus
9ce48908ab5bf20e,83,6,6,1,77,12,1,77,12,0.06024096385542166,0,6,1,6,0,solidusio/solidus
e267a09d4108f60c,32,12,12,1,20,0,1,20,1,0.34375,0,12,1,12,0,solidusio/solidus
6af21dab9b57e43b,140,17,17,8,123,0,8,123,0,0.06428571428571428,0,17,8,17,0,solidusio/solidus
ff197812dc5e5898,48,10,10,3,38,0,3,38,1,0.14583333333333331,0,10,3,10,0,solidusio/solidus
e4811c4f979654c0,44,3,3,0,41,1,0,41,4,0.06818181818181816,0,3,0,3,0,solidusio/solidus
02e6b4becd044c29,5,1,1,0,4,0,0,4,0,0.19999999999999998,1,1,0,0,1,solidusio/solidus
e77a95f0ed2f1faf,53,1,1,0,52,0,0,52,0,0.018867924528301883,0,1,0,1,0,solidusio/solidus
ab6bb87d2ccc0eb4,25,2,2,2,23,0,2,23,0,0.0,0,2,2,2,0,solidusio/solidus
a28a75c540a924ad,7,1,1,0,6,0,0,6,0,0.14285714285714285,0,1,0,1,0,solidusio/solidus
db0c457f58654eb1,75,13,11,6,62,4,6,62,4,0.05297297297297299,0,11,5,6,0,solidusio/solidus
0aead91e5940eb6e,64,2,2,0,62,0,0,62,0,0.03125,0,2,0,2,0,solidusio/solidus
4d4b7fa987da690d,14,5,5,0,9,0,0,9,0,0.35714285714285715,0,5,0,5,0,solidusio/solidus
81ca7e6890f2e8c3,73,4,4,2,69,0,2,69,0,0.0273972602739726,0,4,2,2,0,solidusio/solidus
578ee5ed9c84b849,23,13,13,7,10,0,7,10,0,0.21739130434782605,0,12,7,10,1,zeek/zeek
e45f96a7ccdabf7f,151,143,117,87,8,0,84,8,0,0.16556291390728478,0,102,83,99,1,zeek/zeek
df418cb5e6f0ab26,75,55,53,34,20,2,35,20,2,0.18666666666666668,0,42,29,40,1,zeek/zeek
487664ce2531a408,23,13,12,7,10,0,7,10,0,0.21739130434782608,1,11,10,11,1,zeek/zeek
a3830846e5f24aa5,89,27,24,18,62,0,18,62,0,0.06741573033707865,0,21,16,17,0,zeek/zeek
29f98c973c538f18,163,123,76,43,40,1,43,40,1,0.1656441717791411,0,73,43,51,1,zeek/zeek
44fd82ba17ab3458,903,691,554,460,212,2,460,212,12,0.09745293466223699,0,478,389,453,1,zeek/zeek
6d34c44c62d2f761,25,14,13,6,11,0,6,11,2,0.31499999999999995,0,12,7,9,1,zeek/zeek
bf5a2361894720b7,117,2,2,2,115,0,2,115,4,0.0,0,2,2,2,0,zeek/zeek
61851b17dc50398c,233,177,139,113,56,1,109,56,2,0.09012875536480683,0,123,107,113,1,zeek/zeek
e491f0efeb8c0aa2,250,80,59,47,170,0,49,170,10,0.04791967871485939,0,48,37,45,1,zeek/zeek
7b9337fcff314173,128,66,64,47,62,2,47,62,2,0.1328125,1,56,40,49,1,zeek/zeek
c9555f7b4a79469e,21,12,11,7,9,0,7,9,0,0.1904761904761905,0,10,9,10,1,zeek/zeek
56a5561c98d9af27,285,238,177,132,47,0,122,47,0,0.12625401531999011,0,146,111,141,1,zeek/zeek
da21eefb2fdbe851,369,317,269,260,52,0,251,52,1,0.01626016260162605,0,184,180,181,1,zeek/zeek
e4e7d43d26127304,71,11,10,8,60,1,8,60,2,0.02816901408450704,0,9,8,9,0,zeek/zeek
c0972796cbfa3863,738,3,3,3,735,96,3,735,118,0.0,0,0,0,0,0,zeek/zeek
11884cea6a2e2741,28,20,13,3,8,0,3,8,0,0.25,0,11,5,7,1,zeek/zeek
5845122eabde459d,55,20,17,12,35,3,12,35,5,0.09090909090909093,1,13,10,11,0,zeek/zeek
b13e94ed6e8fd5dc,47,42,26,14,5,0,14,5,0,0.25531914893617025,0,22,11,15,1,zeek/zeek
3944cf26837d665e,61,33,28,23,28,0,23,28,1,0.08196721311475408,0,24,19,24,1,zeek/zeek
7b1d693024302c91,785,677,482,307,108,3,321,108,3,0.13885350318471337,0,436,330,401,1,zeek/zeek
1886c61b665b7b56,50,0,0,0,50,0,0,50,4,0.0,0,0,0,0,0,zeek/zeek
39f498797b1fb6b3,46,0,0,0,46,0,0,46,1,0.0,0,0,0,0,0,zeek/zeek
0a2d58d3a430871f,328,224,187,178,104,0,160,104,17,0.027439024390243913,0,133,122,125,1,zeek/zeek
2eb52510e9c8bff7,343,121,103,16,222,38,16,222,41,0.3002915451895044,1,90,17,61,1,saltstack/salt
91e171b49169b340,158,36,30,0,122,0,0,122,5,0.22784810126582278,0,27,0,19,0,saltstack/salt
f5308b4e55c11c84,900,651,547,6,249,7,6,249,7,0.7233333333333333,1,322,0,278,1,saltstack/salt
5f06807fe234db5d,676,93,48,0,583,36,1,583,145,0.143491124260355,0,46,2,41,0,saltstack/salt
5e02d2d431fb9376,3,2,0,0,1,0,0,1,0,0.6666666666666667,1,0,0,0,1,saltstack/salt
04ca5e7d9f980a65,280,111,88,0,169,14,1,169,21,0.40714285714285714,1,80,2,43,1,saltstack/salt
f5522aab89c593a6,3761,582,465,20,3179,1467,18,3179,1559,0.15501196490295135,0,434,27,321,0,saltstack/salt
99916fd02888a008,37,14,5,0,23,0,0,23,0,0.37837837837837834,1,5,0,3,1,saltstack/salt
e5aa981c5f85cbc2,359,81,57,2,278,20,4,278,52,0.2395543175487465,1,51,3,48,1,saltstack/salt
2510844168c78d76,77,36,30,1,41,0,1,41,0,0.45454545454545453,0,28,0,20,1,saltstack/salt
2e9f162d7502dc70,146,66,53,0,80,3,0,80,3,0.4520547945205479,1,51,1,38,1,saltstack/salt
84f3b9c26c715879,31,8,3,0,23,0,0,23,0,0.25806451612903225,0,3,0,3,0,saltstack/salt
c63b97c7b8d6e4d7,234,68,45,0,166,5,0,166,6,0.2948717948717949,1,44,1,37,1,saltstack/salt
24260fda5658143a,92,12,11,7,80,5,7,80,5,0.04347826086956519,0,10,7,9,0,saltstack/salt
7ebd604ffb0e3daf,227,112,100,0,115,12,0,115,13,0.49339207048458145,1,90,0,66,1,saltstack/salt
c8da4f125ad9c842,8,1,1,0,7,0,0,7,0,0.125,0,1,0,1,0,saltstack/salt
4b5c1bf0ad569dda,395,62,18,0,333,0,0,333,30,0.15696202531645573,0,18,0,18,0,saltstack/salt
60c90317a9c363ca,925,180,133,8,745,62,5,745,184,0.19783783783783784,1,122,9,83,1,saltstack/salt
f0daa6e29e8b787e,2315,379,308,35,1936,164,31,1936,313,0.14600431965442764,1,274,47,174,1,saltstack/salt
2a4f556b731b49df,168,17,8,0,151,9,0,151,12,0.125,0,8,0,6,0,saltstack/salt
745b4117be58e1b1,679,44,24,0,635,52,0,635,63,0.06480117820324005,0,23,1,17,0,saltstack/salt
aa8b6a6934954591,509,130,90,1,379,37,2,379,36,0.2612966601178782,0,88,3,66,0,saltstack/salt
0ef802fe28e1eba5,647,112,52,0,535,38,1,535,39,0.17310664605873258,0,46,2,35,0,saltstack/salt
eab335215d3624b3,12,3,1,0,9,0,0,9,0,0.24999999999999997,0,1,0,1,0,saltstack/salt
b54932576a43d717,774,223,178,19,551,13,19,551,42,0.272609819121447,1,157,19,129,1,saltstack/salt
a334b7f7cff74b90,57,34,32,27,23,4,27,23,4,0.10526315789473684,0,31,26,27,1,FEX-Emu/FEX
ee25749314c0b391,190,9,9,8,181,0,8,181,0,0.005263157894736794,0,9,8,8,0,FEX-Emu/FEX
a36daded718f1a68,13,5,5,4,8,0,4,8,0,0.0769230769230769,0,5,4,4,0,FEX-Emu/FEX
e6e4f63cc3c81301,29,2,2,1,27,0,1,27,0,0.03448275862068966,0,2,1,1,0,FEX-Emu/FEX
7cc7b51cbb4bd379,89,13,13,5,76,1,5,76,1,0.08988764044943821,0,13,5,5,0,FEX-Emu/FEX
c23c5e45fcd19898,53,25,25,20,28,0,20,28,0,0.09433962264150943,0,23,18,18,0,FEX-Emu/FEX
e8cbf2c53c49e65e,83,5,5,3,78,1,3,78,1,0.02409638554216866,0,4,3,4,0,FEX-Emu/FEX
19aaafd972a2b47b,872,163,152,40,709,0,48,709,3,0.13876146788990823,0,151,39,75,0,FEX-Emu/FEX
b0a427d19f91648b,36,6,6,5,30,0,5,30,0,0.027777777777777783,0,6,5,5,0,FEX-Emu/FEX
2c739e71d3dc385f,75,37,35,31,38,2,31,38,2,0.026666666666666696,0,34,32,33,1,FEX-Emu/FEX
592b0853bcefbdf7,133,24,17,10,109,2,10,109,3,0.03007518796992481,0,17,10,11,1,FEX-Emu/FEX
bc1bba3b21dde054,108,28,19,9,80,3,9,80,4,0.12037037037037035,0,17,7,8,0,FEX-Emu/FEX
dc6b390b40e90289,12,5,5,4,7,0,4,7,0,0.08333333333333329,0,5,4,4,0,FEX-Emu/FEX
012b1f0695cd675a,845,674,561,502,171,3,502,171,4,0.06508875739644973,0,529,214,215,1,FEX-Emu/FEX
6c600743c8bdf359,143,101,101,92,42,0,92,42,0,0.0,0,101,101,101,1,FEX-Emu/FEX
7da982eda2467b16,131,17,17,12,114,1,10,114,30,0.03816793893129769,0,15,11,12,0,FEX-Emu/FEX
3cd35e80ea3d3a40,791,213,168,160,578,4,160,578,27,0.011378002528445008,0,155,73,76,0,FEX-Emu/FEX
322c81466bc51374,22,4,4,2,18,0,2,18,0,0.09090909090909093,0,4,2,2,0,FEX-Emu/FEX
4d11a0ab158192b2,25,2,2,2,23,0,2,23,0,0.0,0,2,2,2,0,FEX-Emu/FEX
c4873160f2a3bd4f,55,6,6,2,49,8,2,49,8,0.1090909090909091,0,6,2,2,0,FEX-Emu/FEX
1d98ea36ef325a0c,101,1,1,0,100,7,0,100,13,0.009900990099009906,0,1,0,0,0,FEX-Emu/FEX
762e236d830328c0,108,13,13,12,95,0,12,95,3,0.00925925925925928,0,13,12,12,0,FEX-Emu/FEX
4a9a6db2d2884b91,109,1,1,1,108,0,1,108,0,0.0,0,1,1,1,0,FEX-Emu/FEX
6bab7cc04165a66b,87,8,8,6,79,0,6,79,0,0.022988505747126423,0,7,6,7,0,FEX-Emu/FEX
c0c7cffe2d0c88df,218,60,60,34,158,21,34,158,22,0.12844036697247707,0,58,32,35,0,FEX-Emu/FEX
b0153026c5ecdbd8,383,1,0,0,382,15,0,382,25,0.0,0,0,0,0,0,BLAKE3-team/BLAKE3
cba5126fbbd4be8b,111,10,8,1,101,0,1,101,0,0.08108108108108106,0,8,1,4,0,GetStream/Vision-Agents
bd7bd861a67222fa,245,14,12,6,231,30,6,231,46,0.020408163265306103,0,10,6,8,0,GetStream/Vision-Agents
fa85e98f71a2a4d9,42,3,3,1,39,0,1,39,0,0.047619047619047644,0,3,1,1,0,GetStream/Vision-Agents
17a9b99a7b95f217,513,5,0,0,508,205,0,508,263,0.008737530099759219,0,0,0,0,0,GetStream/Vision-Agents
77176c45bd2c4249,223,5,4,2,218,0,2,218,0,0.010261382458691909,0,3,2,2,0,GetStream/Vision-Agents
6138d0c60bc58ff1,5,0,0,0,5,0,0,5,0,0.0,0,0,0,0,0,GetStream/Vision-Agents
375d0ed1968243de,118,0,0,0,118,0,0,118,109,0.0,0,0,0,0,0,GetStream/Vision-Agents
cb74535605a382ec,324,13,5,0,311,8,0,311,26,0.021183191473046512,0,4,0,0,0,GetStream/Vision-Agents
821c342da160a568,115,1,1,0,114,0,0,114,15,0.008695652173913021,0,1,0,0,0,GetStream/Vision-Agents
747c7f900fc24209,342,38,31,9,304,0,9,304,1,0.07260777312011588,0,27,9,9,0,GetStream/Vision-Agents
c1cb8bb19a3cd423,287,82,25,0,205,0,0,205,3,0.10444281870373358,0,21,0,0,0,GetStream/Vision-Agents
0b62a3e32a6051fb,337,0,0,0,337,12,0,337,21,0.0,0,0,0,0,0,GetStream/Vision-Agents
2b19cb959d9cc5f2,93,7,0,0,86,5,0,86,5,0.030271154745208043,0,0,0,0,0,GetStream/Vision-Agents
b7eca8def2bc192a,47,0,0,0,47,0,0,47,1,0.0,0,0,0,0,0,GetStream/Vision-Agents
0d2f0e77f70dbbb3,251,34,8,0,217,1,1,217,3,0.039456631306100914,0,7,0,0,0,GetStream/Vision-Agents
4a15626d5480d6bd,39,1,0,0,38,1,0,38,3,0.0,0,0,0,0,0,GetStream/Vision-Agents
cb72a7c86c3a2875,34,0,0,0,34,0,0,34,1,0.0,0,0,0,0,0,GetStream/Vision-Agents
e42998d51257e6f8,372,1,0,0,371,5,0,371,5,0.00207952931629133,0,0,0,0,0,GetStream/Vision-Agents
f34125705ad9e4db,47,1,0,0,46,0,0,46,0,0.0,0,0,0,0,0,GetStream/Vision-Agents
66efe3bafa01538d,101,28,12,0,73,0,0,73,0,0.12871287128712872,0,11,0,4,0,GetStream/Vision-Agents
673b0ede3052d550,56,5,3,0,51,0,1,51,0,0.05357142857142856,0,2,0,0,0,GetStream/Vision-Agents
3f31e3eaa3c675a1,357,26,24,8,331,28,8,331,44,0.05602240896358548,0,20,8,9,0,GetStream/Vision-Agents
dd8df9e15f3abb8e,63,2,0,0,61,0,0,61,0,0.0,0,0,0,0,0,GetStream/Vision-Agents
126d407c2a636658,4,0,0,0,4,0,0,4,0,0.0,0,0,0,0,0,GetStream/Vision-Agents
375120f1d4bf8a5d,3,0,0,0,3,0,0,3,0,0.0,0,0,0,0,0,GetStream/Vision-Agents
65e69a62cb5f5cba,13,1,0,0,12,2,0,12,4,0.051282051282051266,0,0,0,0,1,pbek/QOwnNotes
1d85b0a9def7f2c3,35,8,0,0,27,0,0,27,0,0.0,0,0,0,0,0,pbek/QOwnNotes
9a8eeb61a6b81dc8,30,0,0,0,30,0,0,30,0,0.0,0,0,0,0,0,pbek/QOwnNotes
59517bb335db65ea,193,26,0,0,167,0,0,167,0,0.0,0,0,0,0,0,pbek/QOwnNotes
310fb4e4c98f5ac7,243,28,0,0,215,0,0,215,0,0.0,0,0,0,0,0,pbek/QOwnNotes
586f38664bb9ff4d,421,93,47,4,328,0,4,328,7,0.009779631544852202,0,47,16,16,0,pbek/QOwnNotes
317608d553d21b23,133,20,3,0,113,0,0,113,0,0.006600470642254521,0,3,2,2,0,pbek/QOwnNotes
09d20117e3ed4a9f,41,4,0,0,37,0,0,37,0,0.0,0,0,0,0,0,pbek/QOwnNotes
30fdc7cd2d937acb,107,4,4,2,103,0,2,103,0,0.01869158878504673,0,4,2,3,0,pbek/QOwnNotes
c1ae504e7bf5af98,18,2,0,0,16,0,0,16,0,0.0,0,0,0,0,0,pbek/QOwnNotes
c74b1561b5bba7db,15,0,0,0,15,0,0,15,0,0.0,0,0,0,0,0,pbek/QOwnNotes
5ee8d2267a42c730,188,27,2,2,161,0,2,161,0,0.0,0,2,2,2,0,pbek/QOwnNotes
b0ab8c60dfb5f610,12,0,0,0,12,0,0,12,0,0.0,0,0,0,0,0,pbek/QOwnNotes
dcc671b5d7d2ed6a,27,0,0,0,27,0,0,27,0,0.0,0,0,0,0,0,pbek/QOwnNotes
074d6edd538e2fb7,83,2,0,0,81,0,0,81,0,0.0,0,0,0,0,0,pbek/QOwnNotes
020d0077d443d868,196,27,0,0,169,0,0,169,0,0.0,0,0,0,0,0,pbek/QOwnNotes
89bfeeb00f3cb44d,1923,245,0,0,1678,0,0,1678,0,0.0,0,0,0,0,0,pbek/QOwnNotes
c1b639a150412d5d,280,23,13,3,257,0,3,257,1,0.034979370809695716,0,13,3,3,0,pbek/QOwnNotes
61246fe5c6426453,159,24,21,6,135,0,6,135,0,0.11320754716981131,0,20,5,9,0,pbek/QOwnNotes
6aa1a7a068783012,15,8,7,4,7,0,4,7,0,0.19999999999999998,0,6,3,5,1,pbek/QOwnNotes
3ed498ba0ebce8b2,40,0,0,0,40,0,0,40,0,0.0,0,0,0,0,0,pbek/QOwnNotes
197da684f74697c7,73,5,1,1,68,0,1,68,1,0.00532724505327245,0,1,1,1,0,pbek/QOwnNotes
80821c644d33d3a7,5,0,0,0,5,0,0,5,0,0.0,0,0,0,0,0,pbek/QOwnNotes
eb6b3c97265b9365,231,12,0,0,219,0,0,219,1,0.0,0,0,0,0,0,pbek/QOwnNotes
d2709428a46788c8,387,4,4,0,383,1,1,383,9,0.010335917312661487,0,4,3,3,0,pbek/QOwnNotes
48c30fb85b2b21b0,8,2,1,1,6,0,1,6,0,0.12499999999999997,0,1,1,1,0,App-vNext/Polly
0da1f8a2160d66c2,95,45,43,41,50,1,41,50,18,0.010526315789473661,0,40,37,37,1,App-vNext/Polly
82b94106e88f5f93,56,29,0,0,27,0,0,27,0,0.00584415584415586,0,0,0,0,0,App-vNext/Polly
cf111bce215b81e4,282,160,154,99,122,1,112,122,1,0.0035460992907801413,0,153,132,134,1,App-vNext/Polly
793d43c73952e16a,42,31,30,30,11,0,24,11,0,0.023228803716608633,0,29,28,28,1,App-vNext/Polly
bbce37c22d08a775,49,26,18,15,23,4,15,23,4,0.017006802721088413,0,18,13,13,1,App-vNext/Polly
3d8949b1eb6e96ef,53,33,18,15,20,5,15,20,5,0.03737300435413642,0,17,15,16,1,App-vNext/Polly
a2283bcc281ada7c,30,16,15,15,14,0,11,14,0,0.03333333333333333,0,13,8,8,1,App-vNext/Polly
115e4e3429026d4f,15,7,5,5,8,0,5,8,0,0.061904761904761935,0,5,4,4,1,App-vNext/Polly
2c54179fd3d8fe9d,17,11,0,0,6,0,0,6,1,0.011029411764705864,0,0,0,0,0,App-vNext/Polly
bb90b97c9b5c9efc,31,8,5,4,23,1,4,23,1,0.02150537634408606,0,5,3,3,0,App-vNext/Polly
30fa8423a192a832,109,43,0,0,66,0,0,66,15,0.004332313965341478,0,0,0,0,0,App-vNext/Polly
b06dd5ef482afb11,126,41,35,35,85,3,35,85,4,0.007492063492063508,0,28,28,28,1,App-vNext/Polly
0c1027b6ddf542af,33,15,13,13,18,0,13,18,0,0.03030303030303029,0,12,9,9,1,App-vNext/Polly
263996be0e1bbf78,110,57,48,45,53,4,43,53,12,0.008924103419516303,0,48,9,9,1,App-vNext/Polly
3e646ac5bd4d9756,666,424,354,107,242,16,116,242,21,0.0014631172525909463,0,336,214,221,1,App-vNext/Polly
a7a63833095bef6d,151,75,67,67,76,15,13,76,26,0.006534216335540828,0,66,25,25,1,App-vNext/Polly
9256c5ba03a2f5c5,89,37,29,27,52,12,26,52,16,0.010725229826353419,0,29,28,28,1,App-vNext/Polly
6a781bf185be8483,76,15,8,8,61,32,6,61,32,0.013157894736842098,0,8,7,7,0,App-vNext/Polly
9a648757faa7a7df,57,11,10,10,46,1,10,46,1,0.017543859649122823,0,10,10,10,0,App-vNext/Polly
238da6ac5b9b43cb,120,82,81,80,38,0,19,38,14,0.008263305322128905,0,81,76,76,1,App-vNext/Polly
6fc064f726bceaf6,45,22,19,16,23,0,16,23,0,0.04444444444444445,0,19,15,16,1,App-vNext/Polly
4a25e2c4e64a2fad,26,15,13,11,11,3,8,11,4,0.03846153846153845,0,12,10,10,1,App-vNext/Polly
3ee2b0aa4ee40f83,231,132,111,84,99,3,85,99,10,0.004272539055147773,0,101,73,73,1,App-vNext/Polly
95b99476fcb8dde3,11,6,5,5,5,0,5,5,0,0.0909090909090909,0,5,4,4,1,App-vNext/Polly
e5e70a20f3b049ac,34,1,1,0,33,0,0,33,0,0.029411764705882356,0,1,0,0,0,matplotlib/matplotlib
0463a29ec8272d33,907,2,2,0,905,79,0,905,105,0.002205071664829109,0,2,0,0,0,matplotlib/matplotlib
fa505ffb361f16a5,498,2,2,0,496,2,0,496,107,0.00401606425702811,0,2,0,0,0,matplotlib/matplotlib
7c50aec0865ef6fc,1968,1,1,0,1967,7,0,1967,57,0.0005081300813008179,0,1,0,0,0,matplotlib/matplotlib
e134b8521a4edab0,1227,1,1,0,1226,80,0,1226,80,0.0008149959250204045,0,1,0,1,0,matplotlib/matplotlib
732128c2653eae0f,1161,1,1,0,1160,59,0,1160,92,0.0008613264427217884,0,1,0,0,0,matplotlib/matplotlib
73802da496d433b9,143,1,1,0,142,0,0,142,1,0.006993006993006985,0,1,0,0,0,matplotlib/matplotlib
35afbf0e26422afd,698,0,0,0,698,93,0,698,127,0.0,0,0,0,0,0,matplotlib/matplotlib
6c3612be4fca30f3,1204,1,1,0,1203,39,0,1203,386,0.0008305647840531172,0,1,0,0,0,matplotlib/matplotlib
47339c58ad4d3bf3,1585,7,7,0,1578,156,0,1578,179,0.004416403785488968,0,7,0,0,0,matplotlib/matplotlib
03b74bfefbb7d4ec,4907,2,2,0,4905,699,0,4905,1001,0.0004075810067250787,0,2,0,0,0,matplotlib/matplotlib
ee149baa90264a26,286,1,1,0,285,1,0,285,236,0.0034965034965034926,0,1,0,0,0,matplotlib/matplotlib
3c08c967cdebbe05,4282,4,4,0,4278,181,0,4278,459,0.0009341429238673489,0,4,0,1,0,matplotlib/matplotlib
cff37d122f87390f,511,1,1,0,510,18,0,510,32,0.0019569471624266144,0,1,0,0,0,matplotlib/matplotlib
6cf79220a70d9b61,12,1,1,0,11,0,0,11,5,0.08333333333333334,0,1,0,0,0,matplotlib/matplotlib
eab89a9ae59404ef,97,0,0,0,97,12,0,97,15,0.0,0,0,0,0,0,matplotlib/matplotlib
fcefe3b281df4f88,308,3,3,0,305,20,0,305,20,0.009740259740259728,0,3,0,0,0,matplotlib/matplotlib
305d738d17620dbd,1384,5,5,0,1379,31,0,1379,55,0.003612716763005783,0,5,0,3,0,matplotlib/matplotlib
dcfcfd775990ced1,375,1,1,0,374,19,0,374,19,0.002666666666666686,0,1,0,0,0,matplotlib/matplotlib
c36934cc92e95fef,29,0,0,0,29,0,0,29,0,0.0,0,0,0,0,0,matplotlib/matplotlib
fd30ddb745e32855,546,9,9,0,537,67,0,537,83,0.016483516483516487,0,9,0,0,0,matplotlib/matplotlib
c687917fdb360a5f,82,0,0,0,82,0,0,82,0,0.0,0,0,0,0,0,matplotlib/matplotlib
b82974fdd131ae34,598,1,1,0,597,16,0,597,40,0.0016722408026755846,0,1,0,0,1,matplotlib/matplotlib
e7a00bb4a353fa62,1429,6,6,0,1423,99,0,1423,224,0.004198740377886633,0,6,0,0,0,matplotlib/matplotlib
5fe0a531eb6f4d8e,807,2,2,0,805,34,0,805,103,0.0024783147459727386,0,2,0,0,0,matplotlib/matplotlib
0c342158529b6197,70,13,13,13,57,0,13,57,17,0.0,0,13,13,13,0,WebAssembly/wabt
648aebbb6279e196,1834,3,3,3,1831,92,0,1831,170,0.0,0,3,3,3,0,WebAssembly/wabt
43422debed85ab40,516,0,0,0,516,3,0,516,27,0.0,0,0,0,0,0,WebAssembly/wabt
cfee9ac518f95654,459,8,8,2,451,10,2,451,53,0.010893246187363839,0,7,2,2,0,WebAssembly/wabt
ad87ae29deef55c1,763,25,25,10,738,0,10,738,22,0.019659239842726092,0,25,10,10,0,WebAssembly/wabt
0c51f225e5f7ab2c,717,2,2,1,715,11,0,715,67,0.0013947001394700159,0,2,1,1,0,WebAssembly/wabt
a4aca0a125246424,1224,9,9,0,1215,61,0,1215,178,0.007352941176470591,0,9,0,0,0,WebAssembly/wabt
6332c020eebe46d9,146,2,2,2,144,0,2,144,18,0.0,0,2,2,2,0,WebAssembly/wabt
22cb3114ee311b8b,152,1,1,1,151,4,1,151,5,0.0,0,1,1,1,0,WebAssembly/wabt
7e6cd0a1746011a0,2561,7,7,0,2554,83,2,2554,222,0.0027333073018352178,0,7,0,0,0,WebAssembly/wabt
d40ac00d7b4e5dd5,298,34,34,29,264,0,29,264,106,0.016778523489932903,0,34,29,29,0,WebAssembly/wabt
d8fc6ebe56b6f5bd,1054,2,2,1,1052,24,1,1052,60,0.0009487666034155729,0,2,1,1,0,WebAssembly/wabt
3f4ddf4e887671e3,1015,1,1,1,1014,135,1,1014,308,0.0,0,1,1,1,0,WebAssembly/wabt
dd676fdb10cbb75c,1516,3,3,3,1513,21,3,1513,80,0.0,0,3,3,3,0,WebAssembly/wabt
fd7749ba50b6074c,768,62,62,62,706,22,62,706,21,0.0,0,62,62,62,0,WebAssembly/wabt
6c78a513d91fbb67,162,1,1,1,161,10,1,161,11,0.0,0,1,1,1,0,WebAssembly/wabt
adba86c2aa791928,323,3,2,0,320,5,0,320,26,0.009287925696594396,0,2,0,0,0,WebAssembly/wabt
401450da8c2aba28,180,0,0,0,180,0,0,180,13,0.0,0,0,0,0,0,WebAssembly/wabt
95125931506f3cc3,4283,6,6,3,4277,157,3,4277,448,0.0007004436142890491,0,6,3,4,0,WebAssembly/wabt
17c77b6256c86425,173,2,2,1,171,21,1,171,25,0.005780346820809275,0,2,2,2,0,WebAssembly/wabt
7a9b30d63184b1ee,872,272,272,271,600,2,271,600,23,0.0011467889908256916,0,272,271,271,0,WebAssembly/wabt
5afc4146c4f79893,155,2,2,1,153,16,1,153,20,0.006451612903225814,0,2,2,2,0,WebAssembly/wabt
2fb23ba89ca9c362,1917,40,40,6,1877,58,4,1877,163,0.017736045905059984,0,40,6,6,0,WebAssembly/wabt
44c74140970210b7,2164,31,31,8,2133,137,8,2133,414,0.0073937153419593536,0,30,14,14,0,WebAssembly/wabt
63bc2cece1571ce6,447,2,2,0,445,21,0,445,25,0.004474272930648768,0,2,0,0,0,WebAssembly/wabt
47767e084c9ddf3f,459,153,7,1,306,4,4,306,18,0.013071895424836591,0,7,3,3,0,EsotericSoftware/spine-runtimes
b0e00e89914bbd41,279,22,21,7,257,43,9,257,48,0.02824528595917098,0,21,9,10,1,EsotericSoftware/spine-runtimes
81926fdbca90a7c6,163,57,6,0,106,0,4,106,0,0.036809815950920234,0,6,2,2,0,EsotericSoftware/spine-runtimes
c97d0e373dc69666,66,6,6,0,60,0,4,60,0,0.09090909090909093,0,6,0,0,0,EsotericSoftware/spine-runtimes
9f6efa8043587031,70,14,6,1,56,0,1,56,15,0.07142857142857141,0,6,1,1,0,EsotericSoftware/spine-runtimes
243a976caba119d5,118,7,7,0,111,89,4,111,89,0.07082324455205813,0,7,5,5,0,EsotericSoftware/spine-runtimes
531edfa789773eca,41,0,0,0,41,0,0,41,0,0.0,0,0,0,0,0,EsotericSoftware/spine-runtimes
292eff7a78d11272,295,17,15,2,278,172,3,278,179,0.022610640301318274,0,15,4,4,0,EsotericSoftware/spine-runtimes
832fcf216be28cb3,134,31,24,0,103,0,3,103,9,0.17164179104477617,0,24,3,3,0,EsotericSoftware/spine-runtimes
6ed20daaf9a6ebae,45,14,13,0,31,6,2,31,6,0.3249249249249249,1,13,2,2,0,EsotericSoftware/spine-runtimes
65d2ae149548ed43,61,0,0,0,61,0,0,61,0,0.0,0,0,0,0,0,EsotericSoftware/spine-runtimes
b452ab51dcbbecb6,779,6,6,0,773,5,4,773,7,0.007702182284980754,0,6,4,4,0,EsotericSoftware/spine-runtimes
910821a80d0b4d27,87,8,6,0,79,0,4,79,2,0.06896551724137932,0,6,4,4,0,EsotericSoftware/spine-runtimes
1a558c1f03d29aa6,67,17,6,0,50,0,4,50,1,0.08955223880597013,0,6,2,2,0,EsotericSoftware/spine-runtimes
5485179e2f8877d0,74,6,6,0,68,0,0,68,18,0.08108108108108109,0,6,0,0,0,EsotericSoftware/spine-runtimes
831479ed914ab101,61,0,0,0,61,1,0,61,1,0.0,0,0,0,0,0,EsotericSoftware/spine-runtimes
30194bce9e13ef98,76,0,0,0,76,0,0,76,0,0.0,0,0,0,0,0,EsotericSoftware/spine-runtimes
b59d86228ebf6ce6,124,21,20,3,103,31,7,103,32,0.1001835824809861,0,16,4,4,0,EsotericSoftware/spine-runtimes
c1afa0b0cef2138a,56,0,0,0,56,0,0,56,0,0.0,0,0,0,0,0,EsotericSoftware/spine-runtimes
f47af9e4effce3ce,165,6,6,0,159,0,4,159,0,0.03636363636363631,0,6,4,4,0,EsotericSoftware/spine-runtimes
f3c08e5d902e63c9,229,12,12,1,217,0,3,217,34,0.03493449781659387,0,12,7,11,0,EsotericSoftware/spine-runtimes
1625a1e3def62004,61,0,0,0,61,3,0,61,3,0.0,0,0,0,0,0,EsotericSoftware/spine-runtimes
da1c43292b2801a3,102,6,6,0,96,34,0,96,36,0.05882352941176471,0,6,0,0,0,EsotericSoftware/spine-runtimes
cdc813d451daf881,50,6,6,0,44,0,4,44,0,0.12,0,6,4,4,0,EsotericSoftware/spine-runtimes
c819f5f0493789db,112,0,0,0,112,1,0,112,1,0.0,0,0,0,0,0,EsotericSoftware/spine-runtimes
bde0fb7a1abc796f,288,6,6,0,282,0,0,282,0,0.02083333333333335,0,4,0,0,0,andrewyng/aisuite
6e1f6f3c19a4752e,157,1,1,0,156,0,0,156,0,0.006369426751592356,0,1,0,1,0,andrewyng/aisuite
77333328def0314c,207,3,3,0,204,0,0,204,0,0.014492753623188383,0,3,0,3,0,andrewyng/aisuite
356a08c1a3c8430a,30,0,0,0,30,0,0,30,0,0.0,0,0,0,0,0,andrewyng/aisuite
a6b6b58b4bacd6d9,132,127,0,0,5,0,0,5,0,0.0,0,0,0,0,0,andrewyng/aisuite
def2cd28eeb74b14,198,2,0,0,196,0,0,196,5,0.0,0,0,0,0,0,andrewyng/aisuite
aba2dede16b7a093,182,5,4,0,177,0,0,177,0,0.02747252747252748,0,4,0,0,0,andrewyng/aisuite
a9c2585ca191dbbf,1678,34,31,0,1644,0,0,1644,0,0.0202622169249106,0,27,0,0,0,andrewyng/aisuite
6ff12d9ec7256cbe,291,1,1,0,290,0,0,290,0,0.003436426116838482,0,1,0,1,0,andrewyng/aisuite
6854443e4f8f3bf6,667,0,0,0,667,89,0,667,90,0.0,0,0,0,0,0,andrewyng/aisuite
fa27e5903eda8c54,227,3,3,0,224,0,0,224,0,0.013215859030837,0,2,0,0,0,andrewyng/aisuite
98070baa39beebf9,379,6,6,0,373,0,0,373,0,0.0158311345646438,0,4,0,0,0,andrewyng/aisuite
0011066fa6b0470b,779,1,1,0,778,16,0,778,75,0.0012836970474967742,0,1,0,0,0,andrewyng/aisuite
625886dc299bafab,241,12,11,0,229,0,0,229,0,0.04979253112033197,0,11,0,9,0,andrewyng/aisuite
cffa4a9b1deef92e,166,3,3,0,163,0,0,163,0,0.01807228915662651,0,2,0,0,0,andrewyng/aisuite
65c7e9ef82392c85,106,3,3,0,103,0,0,103,0,0.028301886792452827,0,2,0,0,0,andrewyng/aisuite
b74c91f56e7a99a3,218,2,2,0,216,0,0,216,0,0.009174311926605477,0,2,0,0,0,andrewyng/aisuite
512a74fd557cb279,74,0,0,0,74,4,0,74,7,0.0,0,0,0,0,0,andrewyng/aisuite
64e1a1e508a1b986,285,5,5,0,280,0,0,280,0,0.017543859649122834,0,4,0,0,0,andrewyng/aisuite
12ef1fd1ee39f083,590,7,7,3,583,5,3,583,15,0.00677966101694915,0,5,2,3,0,andrewyng/aisuite
6dd3c9c03e2f1451,190,4,4,0,186,0,0,186,0,0.021052631578947344,0,3,0,0,0,andrewyng/aisuite
ecbf717164a4f18b,835,7,7,0,828,0,0,828,0,0.008383233532934131,0,6,0,0,0,andrewyng/aisuite
089846a7323b6786,143,4,3,0,139,0,0,139,0,0.027972027972027996,0,3,0,0,0,andrewyng/aisuite
2085fff18285683a,146,9,8,0,137,0,0,137,0,0.06164383561643837,0,7,0,0,0,andrewyng/aisuite
77267de6a640def8,197,31,0,0,166,0,0,166,0,0.0,0,0,0,0,0,andrewyng/aisuite
4f016f7657353551,326,91,91,46,235,8,47,235,13,0.10736196319018407,0,89,58,58,0,OpenMW/openmw
28151490539a9a77,133,39,32,16,94,39,16,94,35,0.022556390977443608,0,23,1,1,1,OpenMW/openmw
b3d1bffefc368037,95,37,36,25,58,4,25,58,4,0.010526315789473644,0,36,14,14,0,OpenMW/openmw
078a8273fdebdb43,650,364,330,218,286,25,190,286,54,0.13076923076923078,0,303,184,184,1,OpenMW/openmw
a9085c7c017e5288,66,6,6,6,60,7,5,60,8,0.0,0,6,6,6,0,OpenMW/openmw
5971a77ed5b4d6fc,80,11,9,7,69,0,7,69,0,0.05000000000000002,0,9,8,8,0,OpenMW/openmw
4a16bf2e6ab80ff9,89,36,27,27,53,0,27,53,0,0.0,0,23,23,23,1,OpenMW/openmw
faa264a0606c61eb,206,150,103,74,56,8,76,56,8,0.0970873786407767,0,99,73,77,1,OpenMW/openmw
514b1fb5d2aaf937,421,34,32,10,387,0,13,387,7,0.05225653206650829,0,30,12,14,0,OpenMW/openmw
92e509e555e5e3f5,170,62,61,44,108,8,46,108,8,0.02352941176470587,0,61,30,30,1,OpenMW/openmw
66326edfdc13182b,30,2,2,2,28,0,2,28,0,0.0,0,2,2,2,0,OpenMW/openmw
e339ec9abd18f29a,23,7,7,7,16,0,7,16,0,0.0,0,7,7,7,0,OpenMW/openmw
89dd31cff5999726,70,9,9,6,61,0,6,61,0,0.04285714285714284,0,7,4,4,0,OpenMW/openmw
e7a772f5d650de1d,109,2,1,1,107,32,1,107,38,0.1926605504587156,0,1,1,1,0,OpenMW/openmw
21e22ebf0de8133f,294,28,28,9,266,3,12,266,8,0.06462585034013606,0,28,13,15,0,OpenMW/openmw
f098ed0193ddccb5,119,25,24,19,94,0,19,94,0,0.04201680672268907,0,22,18,18,0,OpenMW/openmw
29d0429d399e5cc2,42,11,11,10,31,0,10,31,0,0.0,0,11,9,9,0,OpenMW/openmw
0664fb66b5e716d5,65,18,18,14,47,3,14,47,3,0.0,0,17,7,7,0,OpenMW/openmw
b48d9d8d610197b1,346,46,46,7,300,2,7,300,5,0.11271676300578036,0,44,6,6,1,OpenMW/openmw
025f7cadaf850319,112,64,53,46,48,0,46,48,1,0.062499999999999986,0,49,43,43,1,OpenMW/openmw
aae5f50b2e0fec59,459,12,12,1,447,13,1,447,29,0.023965141612200442,0,11,2,4,0,OpenMW/openmw
d882cdc2e01d428f,39,8,8,0,31,0,0,31,0,0.2051282051282051,0,8,0,0,0,OpenMW/openmw
248ef2cba5f43459,523,30,28,8,493,31,9,493,55,0.04206500956022945,0,28,9,14,0,OpenMW/openmw
74fa8a2b532462f8,141,4,4,4,137,10,4,137,12,0.0,0,4,4,4,0,OpenMW/openmw
8ef0eea40c9c9d25,28,1,1,1,27,0,1,27,0,0.0,0,1,1,1,0,OpenMW/openmw
4832097ebdb8ccf5,34,2,2,0,32,0,1,32,2,0.0588235294117647,0,2,2,2,0,typescript-eslint/typescript-eslint
cfa85d3f647b3bc7,197,6,6,0,191,0,0,191,0,0.030456852791878167,0,6,0,0,0,typescript-eslint/typescript-eslint
8acd4f7407b8d303,2058,0,0,0,2058,777,0,2058,1186,0.017978620019436346,0,0,0,0,0,typescript-eslint/typescript-eslint
c37bfc6082d9695b,88,6,2,0,82,1,2,82,25,0.023249738766980183,0,2,2,2,0,typescript-eslint/typescript-eslint
6bd9ee7be3875201,2660,124,99,0,2536,138,63,2536,680,0.04621664175613543,0,99,92,92,0,typescript-eslint/typescript-eslint
6da0dd30153fbd79,25,1,0,0,24,0,0,24,0,0.036666666666666674,0,0,0,0,0,typescript-eslint/typescript-eslint
21ebc763b12be10b,983,5,5,0,978,150,0,978,177,0.005086469989827062,0,5,5,5,0,typescript-eslint/typescript-eslint
00bdf428dc9d8fc6,8,1,1,0,7,0,0,7,0,0.125,0,1,1,1,0,typescript-eslint/typescript-eslint
67bc171ef05f0097,10,2,2,0,8,0,1,8,2,0.19999999999999998,0,2,2,2,0,typescript-eslint/typescript-eslint
50018265850b74ed,17,1,1,0,16,0,1,16,0,0.05882352941176471,0,1,1,1,0,typescript-eslint/typescript-eslint
2cb498aee2246e02,10,2,2,0,8,0,2,8,2,0.19999999999999998,0,2,2,2,0,typescript-eslint/typescript-eslint
8fc8c4a38f630543,33,6,4,0,27,0,2,27,0,0.1212121212121212,0,4,3,3,0,typescript-eslint/typescript-eslint
b9fa6ebfc56ec337,215,54,40,0,161,0,20,161,4,0.2508388291102626,0,40,40,40,0,typescript-eslint/typescript-eslint
f83d228e3d7c46a8,171,1,0,0,170,28,0,170,44,0.004609563123495055,0,0,0,0,0,typescript-eslint/typescript-eslint
cbd0b8a1f7a7c4db,76,4,4,0,72,0,0,72,10,0.05263157894736843,0,4,4,4,0,typescript-eslint/typescript-eslint
19ea5f5bf83afae6,448,24,22,0,424,0,17,424,11,0.05339125560538116,0,22,6,6,0,typescript-eslint/typescript-eslint
57d22a396b83ef3e,150,1,0,0,149,0,0,149,3,0.006442953020134239,0,0,0,0,0,typescript-eslint/typescript-eslint
845671de0e9f24cd,21,3,2,0,18,0,2,18,1,0.1380952380952381,0,2,2,2,0,typescript-eslint/typescript-eslint
7b9bf9719c933ad7,3474,233,144,0,3241,38,67,3241,442,0.06611604754968116,0,144,144,144,0,typescript-eslint/typescript-eslint
d3d860af63482eb7,499,90,54,0,409,2,40,409,102,0.13494204904654666,0,54,45,45,0,typescript-eslint/typescript-eslint
bdb5527aff14dea4,735,132,0,0,603,0,0,603,18,0.0010157487652595449,0,0,0,0,0,typescript-eslint/typescript-eslint
8d72f81b13ec3ddb,354,3,2,0,351,5,1,351,104,0.008354539780093139,0,2,1,1,0,typescript-eslint/typescript-eslint
70208240ea60b349,1132,29,13,0,1103,47,2,1103,130,0.025618374558303878,0,13,11,11,0,typescript-eslint/typescript-eslint
a0997bb21a068d00,243,11,8,0,232,20,4,232,42,0.044650205761316834,0,8,7,7,0,typescript-eslint/typescript-eslint
1d3480d1197849fb,13,1,0,0,12,0,0,12,0,0.07692307692307691,0,0,0,0,0,typescript-eslint/typescript-eslint
87a4709a929e4db1,189,6,5,0,183,75,1,183,84,0.03174603174603176,0,5,2,2,0,akka/akka-core
c81089f4951ab361,46,4,3,0,42,0,3,42,0,0.08695652173913043,0,3,1,1,0,akka/akka-core
927e7377ea72a871,24,0,0,0,24,0,0,24,0,0.0,0,0,0,0,0,akka/akka-core
4c27e66d9d716f0d,104,4,4,0,100,0,4,100,0,0.03846153846153845,0,4,4,4,0,akka/akka-core
4db9fe0a3ce60883,70,3,2,0,67,8,2,67,8,0.04285714285714283,0,2,2,2,0,akka/akka-core
e94ea9da704975b6,222,11,10,0,211,10,9,211,34,0.04954954954954957,0,10,7,7,0,akka/akka-core
528855ecc1b56f7e,217,0,0,0,217,0,0,217,0,0.0,0,0,0,0,0,akka/akka-core
fb1bb3c0c1bfd980,119,0,0,0,119,18,0,119,23,0.0,0,0,0,0,0,akka/akka-core
1f9775154becf853,36,0,0,0,36,0,0,36,0,0.0,0,0,0,0,0,akka/akka-core
7d48a487efd105c1,131,0,0,0,131,9,0,131,14,0.0,0,0,0,0,0,akka/akka-core
c8e636dfe9ca0052,41,2,1,0,39,0,1,39,12,0.04878048780487807,0,1,1,1,0,akka/akka-core
31a6856e17507ecb,61,1,1,0,60,13,1,60,31,0.01639344262295083,0,1,1,1,0,akka/akka-core
3122a8e49f75be68,24,0,0,0,24,0,0,24,0,0.0,0,0,0,0,0,akka/akka-core
c75007bb56956d1e,119,7,7,0,112,54,4,112,54,0.0588235294117647,0,7,4,4,0,akka/akka-core
519e3a10049628a2,74,3,3,0,71,13,3,71,13,0.04054054054054056,0,3,3,3,0,akka/akka-core
08bc8c6eda31cf50,72,4,3,0,68,0,3,68,5,0.05555555555555556,0,3,3,3,0,akka/akka-core
7fd59e819863e203,101,2,2,0,99,12,2,99,14,0.019801980198019806,0,2,2,2,0,akka/akka-core
80c26089df436f55,43,0,0,0,43,0,0,43,0,0.0,0,0,0,0,0,akka/akka-core
c796673e5fd63da3,134,8,7,0,126,0,6,126,8,0.05970149253731339,0,7,3,3,0,akka/akka-core
9d17ba6412a09011,19,1,1,0,18,8,1,18,8,0.05263157894736839,0,1,1,1,1,akka/akka-core
f1a45b3b5cad3781,85,3,2,0,82,14,1,82,14,0.035294117647058816,0,2,1,1,0,akka/akka-core
99d8f9ac0d5c7031,85,3,3,0,82,7,0,82,25,0.035294117647058816,0,3,3,3,0,akka/akka-core
d7b1540d6d5d95d1,404,5,4,0,399,54,2,399,67,0.012376237623762403,0,4,1,1,0,akka/akka-core
d12cb3382695f44d,74,1,0,0,73,9,0,73,12,0.013513513513513487,0,0,0,0,0,akka/akka-core
23375f8fe062417e,62,5,5,0,57,6,4,57,10,0.08064516129032256,0,5,4,4,0,akka/akka-core
b3105d20baa70b10,86,15,15,12,71,0,12,71,0,0.03488372093023254,0,15,12,15,0,observablehq/plot
66bcb33c22db6a2c,189,60,10,4,129,20,4,129,20,0.018759018759018753,0,10,7,8,0,observablehq/plot
71048ee89a54e8a3,19,5,5,0,14,0,0,14,0,0.26315789473684215,0,5,0,2,0,observablehq/plot
e5143d05e3534b51,40,1,1,0,39,0,0,39,0,0.02500000000000001,0,1,0,1,0,observablehq/plot
36d1176d0643cf72,154,15,13,0,139,2,0,139,3,0.09706306765130292,0,13,0,4,0,observablehq/plot
10b017b99f93772f,143,19,6,0,124,4,0,124,7,0.04195804195804198,0,6,0,4,0,observablehq/plot
a376dffc7b64d2f0,422,52,43,0,370,4,0,370,1,0.1018957345971564,0,41,0,7,0,observablehq/plot
dc3a2f47eb300d43,9,0,0,0,9,0,0,9,0,0.0,0,0,0,0,0,observablehq/plot
3bbab862616157c6,126,19,15,0,107,0,0,107,0,0.14793130366900858,0,11,0,0,0,observablehq/plot
24a0f3972c6c5a89,534,120,108,2,414,2,2,414,2,0.19975968126146254,1,107,2,4,1,observablehq/plot
c2ca0def8befba46,141,40,34,2,101,0,2,101,0,0.25407671998757575,0,34,2,12,0,observablehq/plot
1cfd13c8abe6c11a,202,77,69,43,125,0,43,125,5,0.13272745184966256,0,68,38,46,1,observablehq/plot
0db06d482bd01fd7,6,0,0,0,6,0,0,6,0,0.0,0,0,0,0,0,observablehq/plot
9fda28694d42d6e1,182,36,35,6,146,0,6,146,0,0.1647744520672698,0,34,6,17,0,observablehq/plot
c3c2a0ebbad31b69,154,2,2,0,152,0,0,152,1,0.012987012987012964,0,2,0,0,0,observablehq/plot
b3c78ec4a30606d2,662,57,49,7,605,11,7,605,22,0.06344410876132926,0,44,7,13,0,observablehq/plot
048f21e54308dc21,167,14,6,1,153,0,1,153,0,0.03567563667845032,0,6,1,3,0,observablehq/plot
3d3ce44b89e382aa,93,34,34,17,59,0,24,59,1,0.18279569892473121,1,32,17,17,1,observablehq/plot
1ffd1c0c03947ed4,135,13,12,5,122,6,5,122,6,0.05185185185185183,0,9,5,5,0,observablehq/plot
179c39723f6dacfa,109,11,8,2,98,0,2,98,0,0.09491554488553547,0,8,2,3,0,observablehq/plot
b82b5de1752405cd,128,31,25,0,97,0,0,97,0,0.24180327868852458,0,19,0,0,0,observablehq/plot
050d4142c3661452,184,27,19,11,157,40,11,157,40,0.06331670230458536,0,15,10,11,0,observablehq/plot
8f62f80a02a317ce,145,16,13,2,129,0,2,129,16,0.08926935133831684,0,13,2,7,0,observablehq/plot
2443057797761053,96,11,11,0,85,1,0,85,3,0.125,0,11,0,1,0,observablehq/plot
68edde3adfd39e57,75,11,11,0,64,0,0,64,0,0.1466666666666666,0,9,0,0,0,observablehq/plot
1b47b4d60d8374ab,88,16,16,16,72,0,16,72,3,0.0,0,10,10,10,0,binwiederhier/ntfy
b861012a5dd72b8a,64,3,1,0,61,0,0,61,0,0.04586693548387096,0,1,0,0,0,binwiederhier/ntfy
fdc85dfef16bc6cf,50,18,18,14,32,23,14,32,23,0.24,0,13,10,11,0,binwiederhier/ntfy
fbaf0852f862b271,233,141,141,94,92,0,102,92,1,0.2017167381974249,0,117,88,102,1,binwiederhier/ntfy
123bf3568b38095f,5,2,1,1,3,0,1,3,0,0.2,0,1,1,1,1,binwiederhier/ntfy
4aac8acf5aff5acc,674,419,373,211,255,0,220,255,56,0.28317996834229126,0,312,190,228,1,binwiederhier/ntfy
f00e10c31ce55926,439,352,288,164,87,1,170,87,24,0.35009877868882366,0,262,142,167,1,binwiederhier/ntfy
575fbbc42f3d8987,48,37,35,18,11,0,18,11,0,0.375,0,30,15,18,1,binwiederhier/ntfy
a1ee8bb8ed1585db,296,105,83,77,191,8,77,191,9,0.020270270270270264,0,53,50,51,0,binwiederhier/ntfy
12a65ed4fef2211f,167,29,17,16,138,4,16,138,13,0.0059880239520958,0,16,7,7,0,binwiederhier/ntfy
d85963df7572b3c2,1447,902,717,473,545,102,455,545,181,0.16910902935981098,0,636,423,457,1,binwiederhier/ntfy
238ae68038261538,400,220,211,118,180,14,121,180,18,0.245,0,184,122,134,1,binwiederhier/ntfy
17dd552ead486855,9,2,2,1,7,0,1,7,0,0.11111111111111113,0,2,1,1,0,binwiederhier/ntfy
6a9fd715898db4c1,105,28,20,18,77,7,19,77,7,0.009523809523809535,0,19,14,14,0,binwiederhier/ntfy
be863061ae6506eb,46,23,21,19,23,1,19,23,1,0.0434782608695652,0,19,19,19,1,binwiederhier/ntfy
1939c8dcd4a80d06,172,105,83,62,67,24,68,67,26,0.17441860465116277,0,80,65,73,1,binwiederhier/ntfy
5898f29e10643ce8,387,73,60,48,314,8,48,314,38,0.03238007256563706,0,51,36,38,0,binwiederhier/ntfy
6fef71b9e64bc521,60,2,1,0,58,2,0,58,2,0.15000000000000002,0,1,0,0,0,binwiederhier/ntfy
a2c0aa5798b2c624,11,5,5,3,6,0,3,6,0,0.1818181818181818,0,5,3,3,0,binwiederhier/ntfy
69cd588041586b05,206,54,48,32,152,39,33,152,41,0.13528297418896523,0,40,29,36,1,binwiederhier/ntfy
f611a90f8a8d1d8d,980,786,656,414,194,18,422,194,29,0.2568916797488226,0,586,242,273,1,binwiederhier/ntfy
bf7efaeb9ea20c76,23,7,7,7,16,0,7,16,0,0.0,0,7,7,7,0,binwiederhier/ntfy
a7a15e45d2521858,342,231,215,134,111,12,137,111,19,0.23391812865497075,0,179,128,143,1,binwiederhier/ntfy
448c6231cf1e3b40,120,83,68,53,37,0,53,37,5,0.13333333333333336,0,66,40,41,1,binwiederhier/ntfy
7c87ce4a687ab406,544,371,276,224,173,0,219,173,17,0.09191176470588236,0,268,170,183,1,binwiederhier/ntfy
8b7923bfc5cc442a,41,10,10,10,31,0,10,31,17,0.0,0,9,9,9,0,apple/foundationdb
ad91f6bb8a2973cb,1833,231,227,107,1602,105,107,1602,169,0.06601200218221494,0,226,113,126,0,apple/foundationdb
4554f9569b205204,57,1,1,1,56,3,1,56,3,0.0,0,1,1,1,0,apple/foundationdb
1da82661fcb24e49,73,1,1,0,72,3,0,72,3,0.0136986301369863,0,1,0,1,0,apple/foundationdb
f434fd804b4932bc,129,46,44,44,83,0,44,83,0,0.0,0,40,40,40,0,apple/foundationdb
d74f6dbf30aa1a9f,119,2,1,0,117,4,0,117,4,0.0084033613445378,0,1,0,1,0,apple/foundationdb
e63712b601bb4662,172,134,110,77,38,3,64,38,3,0.15116279069767444,1,101,75,75,1,apple/foundationdb
796f6faa0fe7cfbe,869,189,177,76,680,8,76,680,14,0.1162255466052934,0,171,74,86,0,apple/foundationdb
1dd1c2bac685a3b3,74,0,0,0,74,0,0,74,21,0.0,0,0,0,0,0,apple/foundationdb
99e412d81728c9da,80,20,20,8,60,6,8,60,8,0.17500000000000002,0,19,7,7,0,apple/foundationdb
ad724f1e7aba36c8,187,4,4,2,183,0,2,183,0,0.010695187165775423,0,4,2,2,0,apple/foundationdb
34d13bfec19bc760,123,31,31,21,92,3,21,92,4,0.08130081300813005,0,31,21,30,0,apple/foundationdb
6e0c4715a3ebb739,959,110,110,56,849,97,55,849,151,0.054223149113660066,0,106,54,56,0,apple/foundationdb
ba2dd88b3a3e3eda,143,34,34,29,109,4,28,109,4,0.02797202797202794,0,34,30,32,0,apple/foundationdb
4798751151426f61,44,1,0,0,43,0,0,43,17,0.022727272727272735,0,0,0,0,0,apple/foundationdb
d3246cda06f4710f,136,83,62,37,53,7,37,53,8,0.21323529411764708,0,62,26,26,1,apple/foundationdb
d6076117c9c97e8b,892,349,347,251,543,0,255,543,0,0.10874439461883409,0,341,245,245,0,apple/foundationdb
dead675ae5c066de,585,96,94,52,489,8,52,489,67,0.07350427350427353,0,93,51,51,0,apple/foundationdb
52644ba4ee60189f,34,20,20,18,14,0,18,14,0,0.05882352941176471,0,18,16,18,1,apple/foundationdb
b611e2ec9bf9b44a,745,218,214,173,527,0,175,527,7,0.055033557046979875,0,208,163,198,0,apple/foundationdb
48d9eb52a8b2837c,2073,125,123,99,1948,22,95,1948,200,0.011577424023154852,0,123,99,99,0,apple/foundationdb
b735fd56d1ee7599,334,0,0,0,334,0,0,334,90,0.0,0,0,0,0,0,apple/foundationdb
f6ca8c19c788fc06,576,6,6,6,570,41,5,570,57,0.0,0,6,6,6,0,apple/foundationdb
7e55d1465150f239,790,77,77,63,713,21,58,713,63,0.029113924050632907,0,63,52,55,0,apple/foundationdb
1ad64550ca4a167c,195,85,85,42,110,3,42,110,3,0.2205128205128205,0,85,42,43,0,apple/foundationdb
63a9c44a44acf85f,48,5,0,0,43,0,0,43,0,0.03894927536231881,0,0,0,0,0,Giskard-AI/giskard-oss
7fc9a7a650fc7ec2,17,13,13,10,4,0,10,4,0,0.17647058823529416,0,11,9,11,1,highlight/highlight
5bc8ad4d81c7188c,93,63,63,38,30,1,36,30,3,0.27956989247311825,0,46,30,45,1,highlight/highlight
408144e6f9f897fd,5,3,3,3,2,0,3,2,0,0.0,0,3,3,3,1,highlight/highlight
45707e3ef16d6941,15,5,5,3,10,0,3,10,0,0.13333333333333333,0,5,3,5,0,highlight/highlight
6e6ebf84b12e6095,23,19,19,16,4,0,16,4,0,0.13043478260869568,0,16,14,16,1,highlight/highlight
00232a9c1483c6ec,1373,34,12,1,1339,59,1,1339,129,0.011653313911143482,0,5,1,5,0,highlight/highlight
06cc086023351e22,24,20,20,17,4,0,17,4,0,0.125,0,17,15,17,1,highlight/highlight
a2ccc9cf006e9bc1,211,23,23,11,188,0,11,188,11,0.056872037914691975,0,18,8,18,0,highlight/highlight
dfc6f2aa7699771d,105,81,81,55,24,0,46,24,1,0.24761904761904763,0,65,47,65,1,highlight/highlight
2585beba167ecc45,20,16,16,13,4,0,13,4,0,0.15000000000000002,0,13,11,13,1,highlight/highlight
f7fbcab176e2fba8,24,20,20,17,4,0,17,4,0,0.125,0,17,15,17,1,highlight/highlight
1caead4db1783f72,78,54,54,41,24,0,42,24,0,0.16666666666666663,0,45,35,45,1,highlight/highlight
b2f622ba48f28737,21,11,11,6,10,0,6,10,0,0.2380952380952381,0,8,5,8,1,highlight/highlight
b4f344cc0785bdf5,18,14,14,11,4,0,11,4,0,0.16666666666666663,0,12,10,12,1,highlight/highlight
4898ae44d0a390af,23,19,19,16,4,0,16,4,0,0.13043478260869568,0,16,14,16,1,highlight/highlight
bf65c7dcf84e03b2,363,181,181,149,182,8,148,182,28,0.08539944903581266,0,116,103,116,1,highlight/highlight
4b332a07ae2e8960,23,19,19,16,4,0,16,4,0,0.13043478260869568,0,16,14,16,1,highlight/highlight
be7d4976c273ba0b,23,19,19,16,4,0,16,4,0,0.13043478260869568,0,16,14,16,1,highlight/highlight
959d2d12cfc4362e,23,19,19,16,4,0,16,4,0,0.13043478260869568,0,16,14,16,1,highlight/highlight
aae848f24543d3d9,4,4,4,0,0,0,0,0,0,1.0,1,4,0,4,1,highlight/highlight
709a7b94e769deb7,81,64,64,41,17,0,41,17,0,0.28395061728395066,0,41,34,39,1,highlight/highlight
a10c85444394763c,732,13,13,2,719,80,3,719,201,0.008196721311475412,0,12,5,12,0,highlight/highlight
65786a52ab48e61b,1142,1142,1026,0,0,0,0,0,0,1.0,1,871,0,0,1,highlight/highlight
3d28b4b7921fdcb9,16,11,11,4,5,0,4,5,0,0.4375,0,7,2,7,1,highlight/highlight
13cf22bec5c4a0c9,31,27,27,24,4,0,24,4,0,0.09677419354838711,0,23,21,23,1,highlight/highlight
a68f10f1535de233,274,21,10,10,253,12,10,253,16,0.0,0,9,9,9,0,ruby/ruby
c4e6d2fd9bead014,966,42,42,0,924,0,0,924,2,0.0434782608695652,0,40,0,0,0,ruby/ruby
b73d6389cd517f95,250,6,6,0,244,20,0,244,27,0.03200000000000001,0,6,0,6,0,ruby/ruby
61c2962ec38ee3b3,36,8,5,5,28,0,5,28,0,0.0,0,4,4,4,0,ruby/ruby
705e52950e7ef09d,1034,84,84,0,950,2,0,950,238,0.08123791102514506,0,84,0,84,0,ruby/ruby
5f02bf6844672142,850,6,6,6,844,5,6,844,22,0.0,0,6,6,6,0,ruby/ruby
6a762e461316dc48,86,59,0,0,27,0,0,27,1,0.0,0,0,0,0,0,ruby/ruby
ed95c65d6877268e,324,92,76,75,232,33,73,232,36,0.0,0,68,68,68,1,ruby/ruby
9ca5dd0a9a25e0e3,411,18,18,0,393,31,0,393,60,0.0437956204379562,0,18,0,18,0,ruby/ruby
4a1314d353225e3f,121,2,2,2,119,1,2,119,18,0.0,0,2,2,2,0,ruby/ruby
f1fb49dfa91694c9,912,13,6,0,899,15,2,899,29,0.014254385964912263,0,6,3,3,0,ruby/ruby
8c9cdb401f90c2fa,237,0,0,0,237,0,0,237,0,0.0,0,0,0,0,0,ruby/ruby
51920e95310ebfbc,718,5,3,0,713,4,0,713,18,0.006730365229299263,0,3,0,0,0,ruby/ruby
7834f1ef260db4b1,5,1,1,0,4,0,0,4,0,0.19999999999999998,1,1,0,1,1,ruby/ruby
137f9495b323c310,136,1,1,0,135,47,0,135,47,0.01470588235294115,0,1,0,1,0,ruby/ruby
b0cc67fe5e7cbd52,299,18,18,0,281,14,0,281,54,0.060200668896321065,0,18,0,18,1,ruby/ruby
0dcf71673a6bc572,94,24,23,23,70,0,23,70,31,0.0,0,23,23,23,0,ruby/ruby
7689fe09cfdda729,48,2,2,0,46,0,0,46,0,0.041666666666666644,0,2,0,2,0,ruby/ruby
3a6811b74628a1ec,507,8,8,0,499,12,0,499,56,0.015779092702169636,0,8,0,8,0,ruby/ruby
29c0cf1e29af21c7,911,11,11,0,900,22,0,900,49,0.012074643249176734,0,11,0,11,0,ruby/ruby
7af55662ed92320c,44,1,1,0,43,0,0,43,7,0.022727272727272728,0,1,0,1,0,ruby/ruby
3cd50befd4877100,446,19,19,19,427,2,19,427,2,0.0,0,19,19,19,0,ruby/ruby
b21b5040c577c463,94,9,9,0,85,0,0,85,4,0.09574468085106386,0,9,0,9,0,ruby/ruby
88c71e1f5d02eb1e,499,37,37,0,462,13,0,462,20,0.07414829659318639,0,36,0,36,0,ruby/ruby
9da68cba59557d8d,1219,205,204,195,1014,64,195,1014,114,0.0,0,162,162,162,0,ruby/ruby
0cf636be5e637680,127,0,0,0,127,4,0,127,23,0.0,0,0,0,0,0,spring-projects/spring-boot
64664155ca2f5aad,111,0,0,0,111,3,0,111,17,0.0,0,0,0,0,0,spring-projects/spring-boot
02c348f83658eaa5,61,8,0,0,53,2,0,53,15,0.03278688524590165,0,0,0,0,0,spring-projects/spring-boot
a9ad0f5ba9941234,135,3,3,1,132,5,1,132,20,0.014814814814814826,0,3,1,1,0,spring-projects/spring-boot
e920dce307948736,46,0,0,0,46,1,0,46,14,0.0,0,0,0,0,0,spring-projects/spring-boot
fdc092a12acaf3b5,235,3,2,0,232,0,0,232,14,0.008510638297872346,0,2,0,0,0,spring-projects/spring-boot
460e7a4c95eec97a,76,0,0,0,76,10,0,76,24,0.02631578947368421,0,0,0,0,0,spring-projects/spring-boot
1ac23c1f92db6364,196,24,24,0,172,0,0,172,13,0.12244897959183676,0,24,0,0,0,spring-projects/spring-boot
2cc2132a9fa3f137,151,0,0,0,151,0,0,151,17,0.0,0,0,0,0,0,spring-projects/spring-boot
7e9a452f819f868d,151,0,0,0,151,0,0,151,46,0.0,0,0,0,0,0,spring-projects/spring-boot
aeea92abe38bcb90,842,0,0,0,842,0,0,842,36,0.0,0,0,0,0,0,spring-projects/spring-boot
fb52794c432dbd3f,142,18,18,3,124,0,3,124,16,0.10563380281690145,0,17,2,2,0,spring-projects/spring-boot
2d32cc6e9433a439,100,5,5,2,95,2,2,95,16,0.029999999999999957,0,5,2,2,0,spring-projects/spring-boot
998acf92017e4fe5,190,64,64,17,126,0,15,126,13,0.24736842105263157,1,64,17,17,1,spring-projects/spring-boot
d81e051f441ca1ab,738,3,2,2,735,4,2,735,43,0.0,0,2,2,2,0,spring-projects/spring-boot
06d556cdacae547b,170,9,0,0,161,9,0,161,25,0.0,0,0,0,0,0,spring-projects/spring-boot
861131d917ee952e,161,4,4,1,157,0,1,157,16,0.018633540372670825,0,4,1,1,0,spring-projects/spring-boot
2dd610416ef221c6,77,0,0,0,77,0,0,77,16,0.0,0,0,0,0,0,spring-projects/spring-boot
b25ab810e03286f3,355,5,5,1,350,16,0,350,93,0.011267605633802809,0,5,1,1,0,spring-projects/spring-boot
47cd88bdbe645d7e,240,14,14,6,226,15,6,226,59,0.03333333333333331,0,14,6,6,0,spring-projects/spring-boot
f2f32d54d79a016f,104,5,5,0,99,0,0,99,17,0.0480769230769231,0,5,0,0,0,spring-projects/spring-boot
4b0b1c107441d1eb,85,2,2,0,83,0,0,83,13,0.023529411764705896,0,2,0,0,0,spring-projects/spring-boot
e0364f6078ca9e4d,92,7,7,0,85,0,0,85,15,0.07608695652173914,0,7,0,0,0,spring-projects/spring-boot
0f602bc70f9d23ff,140,7,7,2,133,0,2,133,16,0.028571428571428588,0,7,2,2,0,spring-projects/spring-boot
c9b6809c3b713bca,61,9,9,3,52,0,3,52,13,0.09836065573770492,0,9,3,3,0,spring-projects/spring-boot
56c83e4e3e69e032,167,10,5,5,157,23,5,157,22,0.0,0,1,1,1,0,chocolatey/choco
cda307a9ce497d99,637,3,1,0,634,165,0,634,167,0.0015698587127158554,0,1,0,0,0,chocolatey/choco
9bdeb93f6f304a26,239,1,1,0,238,8,0,238,25,0.00418410041841002,0,1,0,0,0,chocolatey/choco
984151b259077b31,56,1,1,0,55,9,0,55,22,0.01785714285714282,0,1,0,0,0,chocolatey/choco
feceacbb01ebec71,276,2,1,0,274,15,0,274,15,0.003623188405797096,0,1,0,0,0,chocolatey/choco
0a263891ba637c30,340,5,5,4,335,15,4,335,13,0.002941176470588225,0,1,0,0,0,chocolatey/choco
9176070f9ccf41f7,44,5,5,4,39,4,4,39,2,0.022727272727272717,0,1,0,0,0,chocolatey/choco
6bcb5c78683cef49,59,10,10,9,49,0,9,49,0,0.016949152542372857,0,6,5,5,0,chocolatey/choco
f894a496636a3056,493,4,1,0,489,135,0,489,135,0.002028397565922928,0,1,0,0,0,chocolatey/choco
9b417fbbaaebd2b4,124,5,5,4,119,5,4,119,3,0.008064516129032254,0,1,0,0,0,chocolatey/choco
95bc1b07f222b265,53,1,1,0,52,0,0,52,15,0.018867924528301883,0,1,0,0,0,chocolatey/choco
72a1080044af05b0,129,9,5,4,120,4,4,120,10,0.007751937984496131,0,1,0,0,0,chocolatey/choco
28a954f186f5a6ed,51,6,5,4,45,4,4,45,2,0.019607843137254923,0,1,0,0,0,chocolatey/choco
81872fde6f22a6a2,148,10,8,8,138,7,8,138,5,0.0,0,0,0,0,0,chocolatey/choco
cf273625cacace2c,166,1,1,0,165,0,0,165,17,0.00602409638554215,0,1,0,0,0,chocolatey/choco
a514b2a5551af013,61,7,6,5,54,12,5,54,10,0.01639344262295083,0,1,0,0,1,chocolatey/choco
7126ff1c8a11342c,32,6,5,4,26,5,4,26,4,0.03125,0,1,0,0,0,chocolatey/choco
7b2b61e6ebc6ad07,30,6,5,4,24,0,4,24,0,0.033333333333333326,0,1,0,0,0,chocolatey/choco
47734391c29ebb60,45,7,5,4,38,2,4,38,0,0.022222222222222213,0,1,0,0,0,chocolatey/choco
830af9a765610724,279,16,1,0,263,17,0,263,17,0.016700145732403828,0,1,0,0,0,chocolatey/choco
e6bbd2aa07af4aff,304,4,1,0,300,20,0,300,21,0.003289473684210508,0,1,0,0,0,chocolatey/choco
b261b79308c284f2,59,8,5,4,51,0,4,51,0,0.016949152542372857,0,1,0,0,0,chocolatey/choco
1b0abeebbfca62e9,302,2,1,0,300,33,0,300,33,0.003311258278145676,0,1,0,0,0,chocolatey/choco
edb6f77ded012db1,63,2,0,0,61,8,0,61,6,0.0,0,0,0,0,0,chocolatey/choco
ddbecd1af8cc9163,325,7,5,5,318,45,5,318,52,0.0,0,0,0,0,0,chocolatey/choco
3bf0ad1b84a0981f,302,56,53,10,246,6,10,246,19,0.1390728476821192,0,47,12,15,0,apple/swift-nio
fcd70323c7dc3d56,103,3,2,0,100,0,0,100,13,0.02912621359223297,0,2,0,2,0,apple/swift-nio
70ff5daeb84f631d,613,116,116,94,497,0,94,497,71,0.03588907014681897,0,114,94,94,0,apple/swift-nio
71eb0fc5ee1478d8,1292,67,48,7,1225,69,8,1225,116,0.0324717681112153,0,39,6,9,0,apple/swift-nio
b9243d6a43a5f8d1,108,8,8,0,100,3,0,100,18,0.07407407407407407,0,8,0,0,0,apple/swift-nio
203a827f6bd38568,60,2,0,0,58,0,0,58,13,0.0,0,0,0,0,0,apple/swift-nio
127b1896e1bf8db8,109,4,1,0,105,0,0,105,18,0.009174311926605505,0,1,0,0,0,apple/swift-nio
2891f228befeb67c,122,1,0,0,121,34,0,121,48,0.00819672131147543,0,0,0,0,0,apple/swift-nio
a884fc6c29be812b,158,13,13,2,145,2,2,145,20,0.06962025316455699,0,10,2,5,0,apple/swift-nio
b42c8db68af6540d,36,1,1,0,35,0,0,35,13,0.027777777777777783,0,1,0,0,0,apple/swift-nio
050b5fc6497aca6f,142,23,22,2,119,7,2,119,20,0.14788732394366197,0,19,2,3,0,apple/swift-nio
02d6c521a846052d,336,28,27,10,308,14,0,308,82,0.05356254442075336,0,22,10,13,0,apple/swift-nio
a5323d809a13e767,309,39,34,4,270,16,5,270,85,0.13268608414239483,0,34,5,9,0,apple/swift-nio
f2d61d7524d42635,720,23,22,5,697,15,5,697,73,0.025000000000000022,0,18,5,8,0,apple/swift-nio
898168873c9fa78e,107,12,11,1,95,6,1,95,19,0.09345794392523363,0,11,1,1,0,apple/swift-nio
f137a80092088baf,733,27,26,4,706,23,3,706,186,0.034106412005457054,0,25,4,5,0,apple/swift-nio
8e2cdad378afd386,498,3,3,0,495,16,0,495,164,0.00602409638554216,0,2,0,0,0,apple/swift-nio
15082b9a1ab37db8,40,0,0,0,40,0,0,40,12,0.0,0,0,0,0,0,apple/swift-nio
b0d163b9b1f93456,90,10,8,4,80,4,4,80,17,0.044444444444444446,0,8,4,4,0,apple/swift-nio
5a220571d42f9f1d,65,10,9,1,55,0,1,55,13,0.13846153846153844,0,7,2,3,0,apple/swift-nio
e86303836b5823b9,71,5,5,0,66,0,0,66,0,0.07042253521126762,0,5,0,0,0,apple/swift-nio
a1b8da5a989c9bba,857,265,261,32,592,1,32,592,35,0.2718786464410735,0,234,32,57,0,apple/swift-nio
d903750200063ca7,120,13,9,2,107,2,2,107,5,0.06666666666666667,0,8,2,6,0,apple/swift-nio
96267d97e015e824,1165,195,146,19,970,11,19,970,79,0.1296137339055794,0,130,19,38,0,apple/swift-nio
de179adbbfacb89c,1276,54,50,29,1222,17,29,1222,31,0.02107861123355342,0,45,31,36,0,apple/swift-nio
bfefa0adbe3e1198,102,1,1,0,101,0,1,101,0,0.00980392156862745,0,1,1,1,0,getsops/sops
ffefc0fd8980b445,309,11,0,0,298,1,0,298,1,0.0,0,0,0,0,0,getsops/sops
eedd9a6d2f399b6b,102,1,1,0,101,0,0,101,0,0.009803921568627486,0,1,0,0,0,getsops/sops
db1f911b9c253dbd,1608,31,31,27,1577,165,20,1577,528,0.002487562189054722,0,31,27,30,0,getsops/sops
f13c61794e7141eb,260,0,0,0,260,0,0,260,17,0.0,0,0,0,0,0,getsops/sops
774985986bb4d9a6,2628,3,2,2,2625,129,2,2625,1007,0.0,0,2,2,2,0,getsops/sops
373f5578b8f362a3,921,15,0,0,906,11,0,906,111,0.0,0,0,0,0,0,getsops/sops
f9a3b0a0e898a607,11,2,2,0,9,0,0,9,0,0.18181818181818182,0,2,0,0,0,serenity-rs/serenity
14f7cfb0aa7375bf,1222,61,20,9,1161,30,11,1161,201,0.008183306055646484,0,18,10,10,0,serenity-rs/serenity
12040de259b37c6b,79,3,3,0,76,6,0,76,15,0.03797468354430379,0,2,1,1,1,serenity-rs/serenity
850855a0a75ce3b6,1038,58,37,7,980,36,8,980,118,0.03027002876211219,0,31,19,19,0,serenity-rs/serenity
e299b00498a49d57,320,12,0,0,308,0,0,308,0,0.00018612852664578062,0,0,0,0,0,serenity-rs/serenity
05e1614c39d33d48,33,9,8,4,24,0,5,24,0,0.12121212121212122,0,8,5,5,0,serenity-rs/serenity
2db0d11ecc9a1b26,59,5,5,0,54,0,0,54,2,0.0847457627118644,0,5,0,0,0,serenity-rs/serenity
86e9ff4f81f5ffcd,56,1,0,0,55,0,0,55,6,0.0,0,0,0,0,0,serenity-rs/serenity
069b21d8349d187c,418,22,20,10,396,6,11,396,10,0.023923444976076548,0,18,15,15,0,serenity-rs/serenity
5ad154ed1e6261a7,341,0,0,0,341,6,0,341,28,0.0,0,0,0,0,0,serenity-rs/serenity
7d3a540aff7ac11d,229,1,0,0,228,7,0,228,25,0.004175285375009578,0,0,0,0,0,serenity-rs/serenity
69e68375b4c44ef8,1289,63,26,3,1226,16,3,1226,152,0.019195957908137905,0,22,8,8,0,serenity-rs/serenity
5ec084d3411c3b7e,60,4,4,0,56,2,0,56,4,0.06666666666666667,0,4,0,0,0,serenity-rs/serenity
599113f2a7165eb2,28,4,2,0,24,0,1,24,4,0.12362637362637363,0,2,2,2,0,serenity-rs/serenity
950a37ba03388dff,487,2,1,1,485,95,1,485,96,0.0020533880903490865,0,1,1,1,0,serenity-rs/serenity
b30b06ca3ca5d9e0,275,0,0,0,275,4,0,275,20,0.0,0,0,0,0,0,serenity-rs/serenity
1d92763a6d3327be,645,33,4,0,612,0,0,612,18,0.00607838875606753,0,4,0,0,0,serenity-rs/serenity
9e1a072132b1793b,95,6,6,0,89,0,0,89,1,0.06315789473684212,0,6,0,0,0,serenity-rs/serenity
cea4d5eeec44bdf5,74,2,2,0,72,0,0,72,0,0.027027027027027056,0,2,0,0,0,serenity-rs/serenity
c4ef9ee49c4c8507,1449,59,55,5,1390,29,6,1390,176,0.033054802511924795,0,48,6,7,0,serenity-rs/serenity
a465f407901bc501,137,1,0,0,136,1,0,136,6,0.0,0,0,0,0,0,serenity-rs/serenity
d0d98998092552a1,16,6,6,0,10,0,0,10,0,0.375,1,4,0,1,1,serenity-rs/serenity
b4956da9c6c27f42,510,5,0,0,505,53,0,505,60,0.0013405755229400087,0,0,0,0,0,serenity-rs/serenity
897410fb5c877cd1,97,5,4,0,92,0,0,92,0,0.05100945017182127,0,4,0,0,0,serenity-rs/serenity
3255a1e95b413477,149,13,11,0,136,4,0,136,8,0.08044621803011065,0,11,0,0,0,serenity-rs/serenity
a2939ac4e39258a3,54,2,2,0,52,0,0,52,0,0.03703703703703705,0,2,0,1,0,getsentry/sentry
1c406ae3dfcbf680,213,5,5,0,208,8,0,208,21,0.02347417840375587,0,5,0,0,0,getsentry/sentry
e2896cf2a2ae8a46,46,5,5,0,41,0,0,41,3,0.10869565217391303,1,5,0,5,1,getsentry/sentry
98bc7bf645cf69d2,338,7,7,0,331,12,0,331,136,0.02071005917159764,0,7,0,3,0,getsentry/sentry
6698f14e3fda9b59,65,1,1,0,64,3,0,64,3,0.015384615384615358,0,1,0,0,0,getsentry/sentry
646b1545fad095dd,76,1,1,0,75,0,0,75,13,0.01315789473684207,0,1,0,0,0,getsentry/sentry
a8e70751ba58a391,542,4,4,0,538,0,0,538,139,0.007380073800738022,0,4,0,2,0,getsentry/sentry
fbfe1be9324702d5,160,1,1,0,159,0,0,159,24,0.006250000000000045,0,1,0,0,0,getsentry/sentry
a196059cdd00f877,51,1,1,0,50,0,0,50,0,0.0196078431372549,0,1,0,0,0,getsentry/sentry
c427eb2a3ce3b0ff,46,16,16,0,30,0,0,30,3,0.3478260869565218,0,15,0,13,0,getsentry/sentry
25e58a29a334d99b,129,0,0,0,129,13,0,129,15,0.0,0,0,0,0,0,getsentry/sentry
167ffb3fca200042,8,0,0,0,8,0,0,8,0,0.0,0,0,0,0,0,getsentry/sentry
76a9bd5f407d7148,24,2,1,0,22,0,0,22,0,0.08333333333333331,0,1,0,0,0,getsentry/sentry
c6c17c63976e222c,35,7,7,0,28,0,0,28,1,0.19999999999999998,1,7,0,7,1,getsentry/sentry
a9b3b963fec1791e,822,10,10,0,812,27,1,812,82,0.012165450121654497,0,10,3,3,0,getsentry/sentry
af2070468e27d7c5,265,20,17,0,245,49,0,245,66,0.07440992897625366,0,17,0,7,0,getsentry/sentry
03258cfeabdccf1c,432,6,5,0,426,3,0,426,29,0.011574074074074072,0,4,0,4,0,getsentry/sentry
b570863414d1f1a6,440,2,2,0,438,16,0,438,57,0.004545454545454574,0,2,0,0,0,getsentry/sentry
f23d7d0214ee7ff7,172,1,1,0,171,0,0,171,1,0.005813953488372098,0,1,0,0,0,getsentry/sentry
67adf8b2380bce56,134,0,0,0,134,1,0,134,1,0.0,0,0,0,0,0,getsentry/sentry
835aa5c904437170,207,6,6,0,201,0,0,201,12,0.028985507246376822,0,4,0,2,0,getsentry/sentry
0cfa60fb7985af16,1716,0,0,0,1716,0,0,1716,284,0.0,0,0,0,0,0,getsentry/sentry
d2b3b67581838319,200,1,1,0,199,3,0,199,23,0.0050000000000000044,0,1,0,0,0,getsentry/sentry
90f196bb56c5cdd0,21,0,0,0,21,0,0,21,0,0.0,0,0,0,0,0,getsentry/sentry
7c23eafd3e4e9e42,626,25,23,0,601,7,0,601,32,0.03820319488817891,0,23,0,9,0,getsentry/sentry
48287f760c88a153,9,3,0,0,6,0,0,6,0,0.0,0,0,0,0,0,NVIDIA/apex
629320e9919dacb7,207,4,4,0,203,0,0,203,1,0.019323671497584544,0,3,0,0,0,NVIDIA/apex
71b2301524669bda,248,49,0,0,199,23,0,199,23,0.0,0,0,0,0,0,NVIDIA/apex
424c6716b25abf43,7,0,0,0,7,0,0,7,0,0.0,0,0,0,0,0,NVIDIA/apex
edb1be624f468a25,78,21,0,0,57,0,0,57,0,0.0001665001665001921,0,0,0,0,0,NVIDIA/apex
e823b14cccb0dc0d,168,67,60,17,101,1,17,101,2,0.2976190476190476,0,50,17,23,0,NVIDIA/apex
89bdcf033f227add,256,116,111,15,140,0,16,140,21,0.390625,0,101,16,57,1,NVIDIA/apex
26480fa6231324bd,10,1,1,0,9,0,1,9,0,0.09999999999999999,0,1,1,1,0,NVIDIA/apex
1371da28c3a1e1f7,455,208,192,69,247,1,66,247,5,0.30329670329670333,0,163,67,85,1,NVIDIA/apex
c8536e59f94d5a2c,204,32,30,25,172,8,27,172,8,0.039215686274509824,0,30,27,27,0,NVIDIA/apex
e604fad7cc39b20c,144,1,1,0,143,0,0,143,0,0.006944444444444432,0,1,0,0,0,NVIDIA/apex
aaf5d1fc2171be8f,343,261,97,68,82,4,34,82,27,0.09037900874635565,0,87,58,80,0,NVIDIA/apex
b82a826b0a69f524,2583,2035,1731,1613,548,93,1564,548,103,0.048006194347657766,0,1671,888,892,1,NVIDIA/apex
fe6f34523dea6871,293,112,99,19,181,1,21,181,6,0.30375426621160406,0,87,18,54,0,NVIDIA/apex
4c8caf6d22e55be9,724,595,171,152,129,27,85,129,31,0.019776407387878916,0,171,117,118,0,NVIDIA/apex
4cc4201baabfcab4,26,11,10,0,15,0,0,15,0,0.42307692307692313,0,8,0,0,0,NVIDIA/apex
b3c79bd4ba168409,123,101,69,13,22,0,7,22,0,0.4454884712781554,0,69,14,14,0,NVIDIA/apex
182a88cce4923852,49,39,32,9,10,1,10,10,1,0.5252883762200533,1,31,9,9,1,NVIDIA/apex
d14f24d89c2bed2c,89,37,23,3,52,0,4,52,0,0.2247191011235955,0,23,4,4,0,NVIDIA/apex
30113b879f71b95b,591,227,224,135,364,0,136,364,0,0.1522842639593909,0,219,133,144,0,NVIDIA/apex
02901420488a9fab,10,1,1,0,9,0,1,9,0,0.09999999999999999,0,1,1,1,0,NVIDIA/apex
663bbbbaf082428c,318,177,155,22,141,0,22,141,1,0.48742138364779874,0,144,22,24,1,NVIDIA/apex
46537e060e705ebd,123,53,45,6,70,0,6,70,1,0.3821138211382114,0,35,6,17,0,NVIDIA/apex
f047ff477f615605,356,167,164,24,189,6,15,189,6,0.34831460674157305,1,148,43,95,1,NVIDIA/apex
4f405ac9f02588f8,174,68,66,60,106,7,60,106,7,0.06896551724137931,0,66,62,64,0,NVIDIA/apex
c9572ff7187754d8,16,1,0,0,15,0,0,15,0,0.0625,0,0,0,0,0,vyperlang/vyper
bbaaca716faab356,252,1,1,0,251,5,0,251,10,0.003968253968253975,0,1,0,0,0,vyperlang/vyper
36ec2f15e5149a58,2376,178,178,0,2198,0,0,2198,14,0.07491582491582494,0,89,0,78,0,vyperlang/vyper
bd3d9e6f2767b8ca,61,0,0,0,61,0,0,61,0,0.0,0,0,0,0,0,vyperlang/vyper
b3f0ae401927674e,2468,1,1,0,2467,6,0,2467,39,0.0004051863857374438,0,1,0,1,0,vyperlang/vyper
cf6c513712013074,194,24,24,0,170,0,0,170,0,0.12371134020618557,0,24,0,0,0,vyperlang/vyper
3b17fbb4b1997c72,315,2,2,0,313,1,0,313,1,0.006349206349206352,0,1,0,1,0,vyperlang/vyper
afe58abb1bcf46c0,34,4,4,0,30,0,0,30,0,0.11764705882352942,0,2,0,0,0,vyperlang/vyper
fe02a1324bfd2934,195,1,0,0,194,11,0,194,11,0.005128205128205119,0,0,0,0,0,vyperlang/vyper
6a364b23f9526107,2542,1,0,0,2541,43,0,2541,117,0.0003909139521756491,0,0,0,0,0,vyperlang/vyper
9229cb1d82972216,17,1,0,0,16,0,0,16,0,0.058823529411764705,0,0,0,0,0,vyperlang/vyper
1810184b5f8706db,1127,6,5,1,1121,59,1,1121,172,0.0040409707786118725,0,5,1,1,0,vyperlang/vyper
7c8a5e91eb7414c5,145,1,0,0,144,1,0,144,1,0.006896551724137941,0,0,0,0,0,vyperlang/vyper
ac97c6e1d3fd9f8c,67,1,0,0,66,0,0,66,0,0.01492537313432838,0,0,0,0,0,vyperlang/vyper
9934014fa84f8f9e,639,1,0,0,638,1,0,638,16,0.0015649452269170692,0,0,0,0,0,vyperlang/vyper
452732981c7a1a92,842,4,4,0,838,30,0,838,49,0.0047505938242280365,0,3,0,0,0,vyperlang/vyper
fa451f6806d59fd4,81,1,0,0,80,3,0,80,14,0.012345679012345678,0,0,0,0,0,vyperlang/vyper
60989a1638f0dcf0,583,14,14,0,569,0,0,569,0,0.024013722126929718,0,7,0,7,0,vyperlang/vyper
b6cf83a15b6074f5,67,1,0,0,66,0,0,66,4,0.01492537313432836,0,0,0,0,0,vyperlang/vyper
2e41fa70b254deb0,60,1,0,0,59,0,0,59,0,0.01666666666666667,0,0,0,0,0,vyperlang/vyper
5fb34490c256ff8b,55,1,0,0,54,0,0,54,4,0.018181818181818177,0,0,0,0,0,vyperlang/vyper
5f4df93bf92a797f,488,6,6,0,482,12,0,482,50,0.012295081967213121,0,3,0,3,1,vyperlang/vyper
8d78851a569865cd,713,1,1,0,712,23,0,712,74,0.001402524544179523,0,1,0,0,0,vyperlang/vyper
8624cd58d069764f,186,1,0,0,185,0,0,185,0,0.005376344086021503,0,0,0,0,0,vyperlang/vyper
ba031637a8c6bb7c,17,2,2,0,15,0,0,15,0,0.11764705882352942,0,1,0,1,0,vyperlang/vyper
8415ae2b401b7e55,38,5,5,5,33,0,5,33,0,0.0,0,5,5,5,0,esp8266/Arduino
27c310e0cd2a3e9c,1002,521,503,353,481,1,342,481,11,0.15069860279441116,0,445,444,444,1,esp8266/Arduino
b8f8516065a5b75f,769,67,67,28,702,0,28,702,0,0.050715214564369324,0,65,28,29,0,esp8266/Arduino
c2f661fa8d7f715a,85,11,11,11,74,0,11,74,0,0.0,0,11,11,11,0,esp8266/Arduino
5dabbddd9f7affa7,107,85,80,61,22,0,61,22,0,0.17757009345794394,0,71,69,69,1,esp8266/Arduino
fc6f5acc8e0a17c9,60,0,0,0,60,0,0,60,0,0.0,0,0,0,0,0,esp8266/Arduino
841f59cd32e95e16,234,130,101,87,104,0,76,104,0,0.0641025641025641,0,96,77,77,1,esp8266/Arduino
d467e6228dea7081,397,45,45,33,352,4,22,352,57,0.03022670025188917,0,45,45,45,0,esp8266/Arduino
90de2f86671cd742,282,0,0,0,282,10,0,282,14,0.0,0,0,0,0,0,esp8266/Arduino
fb3fa8b80447cfbe,109,2,2,0,107,0,0,107,21,0.01834862385321101,0,2,0,0,0,esp8266/Arduino
53e84ea1229263e9,402,28,28,19,374,0,22,374,18,0.02238805970149251,0,28,19,19,0,esp8266/Arduino
39c516458a40519e,28,7,7,0,21,5,0,21,5,0.03571428571428571,0,7,6,7,0,esp8266/Arduino
d5bf4542909b1fd8,70,4,4,3,66,0,3,66,15,0.01428571428571426,0,4,3,3,0,esp8266/Arduino
7593a98c5f3a820b,58,13,10,4,45,0,4,45,3,0.15517241379310345,0,8,8,8,1,esp8266/Arduino
10f26e5b56cfadab,695,93,89,50,602,12,50,602,26,0.030215827338129497,0,84,84,84,0,esp8266/Arduino
39734751675d5a2b,82,29,25,5,53,0,5,53,7,0.29268292682926833,1,22,22,22,1,esp8266/Arduino
f1b2b8666ec5b84b,95,8,8,2,87,34,2,87,34,0.13684210526315788,1,8,8,8,0,esp8266/Arduino
eca5ed4da60a2ba1,16,6,6,6,10,0,6,10,0,0.0,0,6,6,6,0,esp8266/Arduino
31b016f2c813b214,58,34,30,17,24,3,17,24,3,0.017241379310344845,0,29,27,27,1,esp8266/Arduino
949e032b4d785a83,518,363,328,202,155,11,195,155,13,0.11776061776061775,0,311,298,298,1,esp8266/Arduino
9d6c43809584ec89,117,4,4,1,113,10,1,113,10,0.02564102564102565,0,4,1,1,0,esp8266/Arduino
f9f9417c8783bd25,75,6,6,4,69,0,4,69,0,0.026666666666666644,0,6,4,4,0,esp8266/Arduino
a6b365488ecd775a,55,2,2,2,53,0,2,53,0,0.0,0,2,2,2,0,esp8266/Arduino
99c76d11052fc8c7,177,9,9,4,168,0,4,168,0,0.02824858757062145,0,8,3,3,0,esp8266/Arduino
e4471d7f72f93d99,27,14,14,14,13,0,2,13,4,0.0,0,14,14,14,1,esp8266/Arduino
a6176afc41cca139,19,5,4,0,14,0,0,14,0,0.2573099415204678,0,3,0,0,0,alicevision/Meshroom
b7f8906e71803973,79,2,0,0,77,0,0,77,0,0.0006491398896462143,0,0,0,0,0,alicevision/Meshroom
3a2b5c4d47b20b02,60,2,1,0,58,0,0,58,4,0.03079096045197738,0,1,0,0,0,alicevision/Meshroom
9782c3ebc424a7cb,314,11,8,0,303,31,1,303,41,0.02547770700636942,0,8,3,3,0,alicevision/Meshroom
465f2ff9a4f677e9,116,6,4,1,110,0,1,110,0,0.042649727767695086,0,4,1,2,0,alicevision/Meshroom
386b03f057883d9f,54,5,1,0,49,5,0,49,5,0.09259259259259259,0,1,0,0,0,alicevision/Meshroom
025cd9b48496d72a,914,3,2,2,911,15,2,911,74,0.0,0,2,2,2,0,alicevision/Meshroom
489864e19bf415fd,158,27,26,3,131,1,3,131,5,0.1576598506978254,0,25,2,21,0,alicevision/Meshroom
6f0b9f698005d21a,67,10,9,3,57,0,3,57,0,0.10402532790592496,0,9,3,5,0,alicevision/Meshroom
26e0295ba2233404,144,1,0,0,143,1,0,143,1,0.0,0,0,0,0,0,alicevision/Meshroom
6fe5d4ebf1a37a66,102,13,10,8,89,0,8,89,0,0.04901960784313726,0,10,8,8,0,alicevision/Meshroom
1c6cf2036730bb28,37,4,3,2,33,0,2,33,0,0.05105105105105106,0,3,2,3,0,alicevision/Meshroom
72ff7f3720e165b5,269,40,39,2,229,0,2,229,0,0.14125006935582313,0,39,2,2,0,alicevision/Meshroom
5164f23078b4b5d3,34,0,0,0,34,0,0,34,0,0.0,0,0,0,0,0,alicevision/Meshroom
0b817e745ca2cd94,188,11,9,4,177,0,4,177,1,0.03709181931960402,0,9,4,8,0,alicevision/Meshroom
23a8bb836f55d5ae,23,1,0,0,22,0,0,22,0,0.03952569169960474,0,0,0,0,0,alicevision/Meshroom
55fad422631cc388,47,3,3,1,44,0,2,44,0,0.04255319148936168,0,2,0,0,0,alicevision/Meshroom
790eccefab06b0d2,121,6,4,1,115,0,1,115,0,0.0322314049586777,0,4,1,3,0,alicevision/Meshroom
de0b74227dd02d1d,412,83,82,16,329,66,16,329,66,0.1356329577398247,0,80,27,71,1,alicevision/Meshroom
027db42442b19beb,349,8,2,2,341,7,2,341,7,0.008074266690958468,0,2,2,2,0,alicevision/Meshroom
fb4bb8846fd875e9,462,1,0,0,461,2,0,461,8,0.0,0,0,0,0,0,alicevision/Meshroom
e5893c0ab2b286bb,122,1,0,0,121,9,0,121,9,0.007790272320823754,0,0,0,0,0,alicevision/Meshroom
5783e55721413d9e,119,17,16,3,102,3,3,102,9,0.11729098419028627,0,14,3,13,1,alicevision/Meshroom
9c819495aa076ae5,123,1,1,1,122,0,1,122,0,0.0,0,1,1,1,0,alicevision/Meshroom
cc436c096f67b3a2,391,17,17,9,374,0,9,374,0,0.020460358056265993,0,15,9,11,0,alicevision/Meshroom
0fcf2d8e691bd6aa,58,4,0,0,54,0,0,54,0,0.0,0,0,0,0,0,NVIDIA/DALI
e80d6c6980156415,214,3,3,0,211,1,0,211,48,0.01401869158878502,0,3,0,0,0,NVIDIA/DALI
3d5918dd79944192,380,218,212,19,162,3,19,162,17,0.531578947368421,1,171,15,23,1,NVIDIA/DALI
964c4b389dfdbf15,48,19,0,0,29,0,0,29,0,0.0,0,0,0,0,0,NVIDIA/DALI
7c6a0e1654a7ed52,260,18,18,0,242,13,0,242,13,0.06923076923076926,0,16,0,0,0,NVIDIA/DALI
21e2130a6a99f50e,250,64,53,11,186,0,14,186,13,0.21166666666666667,0,49,14,23,0,NVIDIA/DALI
77a67599708b6849,102,13,13,0,89,0,0,89,0,0.12745098039215685,0,12,0,2,0,NVIDIA/DALI
2c673541b03d6c26,61,30,1,1,31,0,1,31,0,0.0,0,1,1,1,0,NVIDIA/DALI
8164ebf528921350,43,7,7,0,36,0,0,36,13,0.1627906976744186,0,6,0,2,0,NVIDIA/DALI
fc7b1f6911292abc,214,95,88,1,119,2,5,119,26,0.4392523364485981,1,75,1,9,1,NVIDIA/DALI
9b3ef12d88b63095,165,19,19,0,146,0,0,146,12,0.11515151515151516,0,17,0,5,0,NVIDIA/DALI
e4a865b04fe8239f,355,93,73,17,262,1,17,262,2,0.192114313789715,0,58,17,31,0,NVIDIA/DALI
2a9a19bf5a23745c,23,6,5,0,17,0,0,17,13,0.2608695652173913,0,5,0,0,0,NVIDIA/DALI
b39f0f70e48a0a80,173,38,10,9,135,1,1,135,78,0.023121387283237045,0,10,9,10,0,NVIDIA/DALI
1bd601567e00f797,667,227,213,3,440,0,16,440,13,0.3357356543780177,0,173,8,31,0,NVIDIA/DALI
d6e5b5be4745ac35,178,121,0,0,57,0,0,57,0,0.0,0,0,0,0,0,NVIDIA/DALI
9c84895f217db268,78,16,14,0,62,0,0,62,13,0.2051282051282051,0,12,1,6,0,NVIDIA/DALI
91f8f218cf23266b,911,213,194,106,698,3,106,698,25,0.11012030637665358,0,151,83,91,0,NVIDIA/DALI
f89c1965d19a2355,493,39,39,12,454,27,12,454,82,0.054766734279918856,0,39,14,14,0,NVIDIA/DALI
0db1d3b31b2bfccf,509,24,23,0,485,0,0,485,0,0.04715127701375245,0,23,0,0,0,NVIDIA/DALI
6fc254583d87a4a3,835,220,192,11,615,1,17,615,16,0.225979034666744,0,170,11,63,0,NVIDIA/DALI
f356b6859e878172,130,27,22,4,103,0,5,103,13,0.1769230769230769,0,18,4,4,0,NVIDIA/DALI
1dda4d8f0bcafc7d,583,232,209,2,351,18,2,351,22,0.3818860651316148,0,186,2,58,0,NVIDIA/DALI
940d8dff2481e93c,573,160,137,25,413,6,32,413,12,0.20716360413081952,0,115,25,46,0,NVIDIA/DALI
2d2b171da8f2e4ce,104,11,8,0,93,0,0,93,13,0.07682972367438388,0,6,0,0,0,NVIDIA/DALI
50f887a6d2bd5293,609,3,2,0,606,0,0,606,50,0.004772167487684732,0,2,0,0,0,docling-project/docling
0becd3e12da3f356,573,3,2,0,570,0,0,570,4,0.005098304836524751,0,2,0,0,0,docling-project/docling
3ef4ea8976db968e,92,3,1,0,89,0,0,89,7,0.03260869565217393,0,1,0,0,0,docling-project/docling
7278744f671a1dcb,2,2,0,0,0,0,0,0,0,0.5,1,0,0,0,1,docling-project/docling
89b02e23dc73fe5a,9,3,0,0,6,0,0,6,0,0.33333333333333337,0,0,0,0,0,docling-project/docling
8400f2adaa9c82f0,1111,3,2,0,1108,0,0,1108,97,0.002696215567502695,0,2,0,0,0,docling-project/docling
a5a68f04715a290e,129,3,2,0,126,0,0,126,3,0.023255813953488337,0,2,0,0,0,docling-project/docling
8ce708e4073c093d,99,3,1,0,96,0,0,96,9,0.030094762053524914,0,1,0,0,0,docling-project/docling
1425e41ca2baf2af,131,3,0,0,128,0,0,128,0,0.0,0,0,0,0,0,docling-project/docling
3ac6e7f74e257bb1,348,3,2,0,345,0,0,345,11,0.008620689655172415,0,2,0,0,0,docling-project/docling
a123ee5b160a77c6,465,3,2,0,462,0,0,462,3,0.006451612903225788,0,2,0,0,0,docling-project/docling
dc138e9496298a31,178,3,2,0,175,3,0,175,11,0.016853932584269635,0,2,0,0,0,docling-project/docling
74460a2f509e071d,63,3,1,0,60,0,0,60,2,0.047619047619047644,0,1,0,0,0,docling-project/docling
ffe3745f36f933dc,73,3,1,0,70,0,0,70,0,0.04109589041095893,0,1,0,0,0,docling-project/docling
13b3b719c5033b2a,99,3,1,0,96,0,0,96,0,0.029261689055503456,0,1,0,0,0,docling-project/docling
1d041945b6dd65dd,491,3,2,0,488,0,0,488,3,0.0061016667359407835,0,2,0,0,0,docling-project/docling
99e565155db9cbb8,141,3,2,0,138,0,0,138,9,0.021276595744680868,0,2,0,0,0,docling-project/docling
494c58febb19728a,66,3,1,0,63,0,0,63,5,0.04545454545454548,0,1,0,0,0,docling-project/docling
2ca8f456b4095500,2,2,0,0,0,0,0,0,0,0.5,1,0,0,0,1,docling-project/docling
9c4e89ca36956904,85,3,1,0,82,2,0,82,2,0.035294117647058816,0,1,0,0,0,docling-project/docling
675fdbad76d05a5c,766,3,1,0,763,0,0,763,23,0.0024573798187682277,0,1,0,0,0,docling-project/docling
f8d03544095421a8,1181,3,2,0,1178,53,0,1178,82,0.0023880939737941013,0,2,0,0,0,docling-project/docling
fe07557ea070948d,125,3,2,0,122,0,0,122,7,0.023999999999999983,0,2,0,0,0,docling-project/docling
f35fa7e4f33d3312,6,3,0,0,3,0,0,3,0,0.0,0,0,0,0,0,docling-project/docling
fef917f4782ec663,264,3,2,0,261,0,0,261,0,0.011363636363636359,0,2,0,0,0,docling-project/docling
ed3317332b532476,120,2,1,0,118,0,1,118,9,0.01666666666666665,0,1,1,1,0,cloudflare/workerd
953f4bfa927af015,65,38,37,0,27,0,0,27,0,0.5846153846153845,1,35,0,1,1,cloudflare/workerd
5d5a27d02f34ecae,503,106,102,18,397,20,21,397,51,0.17493436176528004,0,80,18,18,0,cloudflare/workerd
8d8070ed9d628ee6,85,25,25,5,60,0,5,60,3,0.23529411764705882,0,24,5,5,0,cloudflare/workerd
4e2699e03d914d23,1601,51,49,10,1550,37,11,1550,109,0.025608994378513418,0,43,8,10,0,cloudflare/workerd
00b40f7a3a6ce857,42,4,4,0,38,0,0,38,15,0.09523809523809523,0,4,0,0,0,cloudflare/workerd
5e69509d4dc5fab0,37,2,2,2,35,0,2,35,3,0.0,0,2,2,2,0,cloudflare/workerd
b4e6ba00996f471e,609,56,54,4,553,28,5,553,58,0.09031198686371102,0,54,4,5,0,cloudflare/workerd
7e1c4d8646b117e8,487,20,20,1,467,0,1,467,17,0.039014373716632425,0,19,1,13,0,cloudflare/workerd
8852b14e0fa3e8c9,146,12,11,2,134,5,5,134,21,0.0616438356164384,0,10,6,6,0,cloudflare/workerd
987766a99cde04de,76,41,41,25,35,3,25,35,9,0.21052631578947367,0,35,21,24,1,cloudflare/workerd
850d8360a44a3e81,123,13,12,0,110,25,4,110,25,0.08943089430894309,0,12,8,9,0,cloudflare/workerd
28de83e5ef06801a,559,108,106,66,451,3,69,451,6,0.07511489804504709,0,91,54,56,0,cloudflare/workerd
387b1f3d05905627,1542,21,20,3,1521,154,6,1521,244,0.018792436060267093,0,16,7,7,0,cloudflare/workerd
7ec8d016e9301017,395,43,42,10,352,7,12,352,21,0.0834736233374028,0,41,14,14,0,cloudflare/workerd
7fc57714ef13c332,165,9,9,0,156,1,0,156,18,0.060606060606060615,0,7,0,0,0,cloudflare/workerd
d4648b0ac431b025,1533,123,119,18,1410,13,25,1410,68,0.0676258139547782,0,116,24,28,0,cloudflare/workerd
989cb42659122823,1213,243,237,9,970,2,13,970,57,0.19388331704547318,0,180,8,128,0,cloudflare/workerd
2744ce48ec92af3b,110,1,1,0,109,0,0,109,3,0.009090909090909092,0,1,0,0,0,cloudflare/workerd
ec39be67afbb402a,128,13,12,0,115,35,0,115,37,0.10156249999999997,0,9,0,1,0,cloudflare/workerd
b01ebc5c8fc09939,97,9,7,1,88,2,1,88,7,0.08247422680412372,0,7,3,3,0,cloudflare/workerd
5649fb602c40660d,856,39,36,4,817,17,8,817,24,0.040887850467289696,0,32,7,7,0,cloudflare/workerd
329eb55a0ca6b822,259,30,30,3,229,0,3,229,10,0.10424710424710423,1,22,3,22,1,cloudflare/workerd
50a6bfe91cd35cfb,2073,3,3,0,2070,3,0,2070,13,0.0014471780028943852,0,3,0,0,0,cloudflare/workerd
d0f47586d2dc4ffb,49,1,1,0,48,2,0,48,2,0.02040816326530613,0,1,0,0,0,cloudflare/workerd
a8a939ef5549e150,727,2,1,0,725,46,0,725,52,0.0013755158184319202,0,1,0,0,0,wxWidgets/wxWidgets
447e065501b1f830,370,1,1,0,369,0,0,369,6,0.002702702702702689,0,1,0,0,0,wxWidgets/wxWidgets
25203b9ef15ec6bb,46,0,0,0,46,2,0,46,2,0.0,0,0,0,0,0,wxWidgets/wxWidgets
4ddac4744618f422,219,0,0,0,219,68,0,219,68,0.0,0,0,0,0,0,wxWidgets/wxWidgets
4fa281fbb60a3733,162,0,0,0,162,7,0,162,11,0.0,0,0,0,0,0,wxWidgets/wxWidgets
70a654c3c4e4c738,2103,169,154,0,1934,106,0,1934,146,0.07322781557046741,0,154,0,0,0,wxWidgets/wxWidgets
dfce9cc44b45df2e,592,15,4,3,577,1,3,577,9,0.001689189189189172,0,4,3,3,0,wxWidgets/wxWidgets
627dd8c47de74365,346,2,0,0,344,0,0,344,15,0.0,0,0,0,0,0,wxWidgets/wxWidgets
9d7839b18250cd58,111,4,1,1,107,0,1,107,0,0.0,0,1,1,1,0,wxWidgets/wxWidgets
801a4d717880eb4a,467,9,8,2,458,24,2,458,46,0.012847965738758014,0,8,2,2,0,wxWidgets/wxWidgets
505319fb690b1b0e,70,0,0,0,70,0,0,70,0,0.0,0,0,0,0,0,wxWidgets/wxWidgets
c65670dede788bee,938,24,24,0,914,92,0,914,102,0.02558635394456289,0,24,0,0,0,wxWidgets/wxWidgets
54efc4a87a74904d,106,0,0,0,106,100,0,106,101,0.0,0,0,0,0,0,wxWidgets/wxWidgets
19a884ddaa1a6f41,155,3,0,0,152,3,0,152,3,0.0,0,0,0,0,0,wxWidgets/wxWidgets
1c11e2cc970f9f67,141,2,0,0,139,0,0,139,17,0.0,0,0,0,0,0,wxWidgets/wxWidgets
485e821c8b13e2e4,233,3,2,0,230,11,0,230,11,0.008583690987124498,0,2,0,0,0,wxWidgets/wxWidgets
3a13f046fb1d5609,103,7,0,0,96,0,0,96,15,0.0,0,0,0,0,0,wxWidgets/wxWidgets
302f4a1075a8ddc9,1059,33,33,0,1026,13,0,1026,22,0.029272898961284224,0,33,0,0,0,wxWidgets/wxWidgets
6368099c8cc70b08,79,0,0,0,79,22,0,79,22,0.0,0,0,0,0,0,wxWidgets/wxWidgets
2b869de03abc4cb8,270,1,0,0,269,10,0,269,14,0.0,0,0,0,0,0,wxWidgets/wxWidgets
4cd823c193396031,128,0,0,0,128,0,0,128,4,0.0,0,0,0,0,0,wxWidgets/wxWidgets
36851f35e932ad3f,717,7,5,0,710,68,0,710,79,0.0069735006973500515,0,5,0,0,0,wxWidgets/wxWidgets
93277abe6f9da0dd,26,0,0,0,26,0,0,26,1,0.0,0,0,0,0,0,wxWidgets/wxWidgets
20e395ef9850b050,854,5,2,0,849,57,0,849,108,0.0035128805620608912,0,2,0,0,0,wxWidgets/wxWidgets
2578f0274221f8b8,168,1,0,0,167,0,0,167,3,0.0,0,0,0,0,0,wxWidgets/wxWidgets
2a5720dacf4ee036,44,0,0,0,44,0,0,44,0,0.0,0,0,0,0,0,DefinitelyTyped/DefinitelyTyped
0242c3ce1b31e3d3,13,2,2,0,11,0,0,11,0,0.15384615384615385,0,2,0,2,0,DefinitelyTyped/DefinitelyTyped
e8bed318f9c305ad,45,1,1,0,44,0,0,44,0,0.02222222222222224,0,1,0,1,0,DefinitelyTyped/DefinitelyTyped
8d37fe6d7e618a97,1,1,1,0,0,0,0,0,0,1.0,1,1,0,1,1,DefinitelyTyped/DefinitelyTyped
ae2062e0cb0abfed,15,11,10,3,4,0,3,4,0,0.4666666666666667,1,10,3,4,1,DefinitelyTyped/DefinitelyTyped
a1128a8d063d0f01,96,6,6,3,90,0,3,90,0,0.03125,0,5,2,5,0,DefinitelyTyped/DefinitelyTyped
b4130c8c9b3b8f80,38,10,10,0,28,0,0,28,0,0.26315789473684204,0,10,0,10,0,DefinitelyTyped/DefinitelyTyped
314a0ca6a1f1c820,36,11,11,2,25,0,2,25,0,0.25,0,10,2,10,0,DefinitelyTyped/DefinitelyTyped
903c25fdd260fef0,3,1,1,0,2,0,0,2,0,0.33333333333333337,0,1,0,1,0,DefinitelyTyped/DefinitelyTyped
6ab49260475e2b7b,65,12,12,0,53,0,0,53,1,0.18461538461538463,0,12,0,12,0,DefinitelyTyped/DefinitelyTyped
5e23f666c98763bb,166,0,0,0,166,107,0,166,107,0.0,0,0,0,0,0,DefinitelyTyped/DefinitelyTyped
3a51e6ff8ea6420b,58,12,12,4,46,1,4,46,3,0.13793103448275862,1,12,4,7,1,DefinitelyTyped/DefinitelyTyped
4e6d3a7bffc3b990,7,1,1,0,6,0,0,6,0,0.14285714285714288,0,1,0,1,0,DefinitelyTyped/DefinitelyTyped
f51a9083df2cb923,35,4,4,0,31,0,0,31,0,0.1142857142857143,0,4,0,4,0,DefinitelyTyped/DefinitelyTyped
fb53b1aa2515dc49,55,2,2,0,53,0,0,53,42,0.03636363636363637,0,2,0,2,0,DefinitelyTyped/DefinitelyTyped
84bf3518f183fdc0,160,40,40,0,120,1,3,120,1,0.25,1,40,5,40,1,DefinitelyTyped/DefinitelyTyped
e8061e4835882365,16,0,0,0,16,6,0,16,6,0.0,0,0,0,0,0,DefinitelyTyped/DefinitelyTyped
74be7887ade2b5aa,88,14,14,0,74,11,0,74,11,0.1590909090909091,1,14,0,14,1,DefinitelyTyped/DefinitelyTyped
a23ea522dc68eead,67,33,33,0,34,0,0,34,0,0.49253731343283585,1,33,0,33,1,DefinitelyTyped/DefinitelyTyped
f55e628afb5cbfc1,175,7,7,0,168,0,0,168,28,0.039999999999999994,0,7,0,7,0,DefinitelyTyped/DefinitelyTyped
0bc2522c11abb577,8,1,1,0,7,0,0,7,0,0.125,0,1,0,1,0,DefinitelyTyped/DefinitelyTyped
3e8631bc098da456,55,10,10,0,45,15,0,45,15,0.18181818181818182,0,10,0,4,0,DefinitelyTyped/DefinitelyTyped
f42d33f55b2e9b7d,39,1,1,0,38,0,0,38,7,0.025641025641025595,0,1,0,1,0,DefinitelyTyped/DefinitelyTyped
9f859253473d0730,91,28,28,20,63,0,20,63,0,0.08791208791208795,0,28,20,24,0,DefinitelyTyped/DefinitelyTyped
d62f23f081729575,17,3,3,0,14,0,0,14,0,0.17647058823529416,0,3,0,3,0,DefinitelyTyped/DefinitelyTyped
d539d1f50b23ef1d,110,4,4,0,106,0,0,106,4,0.03636363636363637,0,4,0,0,0,mongodb/mongo
1d3e53075739aca1,53,0,0,0,53,0,0,53,0,0.0,0,0,0,0,0,mongodb/mongo
55ad61974c0c53eb,343,3,3,0,340,3,0,340,48,0.00874635568513119,0,2,0,0,0,mongodb/mongo
eddf0c674720a075,128,69,49,44,59,8,44,59,14,0.0546875,0,48,33,33,1,mongodb/mongo
c928b73f0f9c7b8f,21,1,1,0,20,6,0,20,6,0.047619047619047644,0,1,0,0,1,mongodb/mongo
0e2e16c8c7f51137,639,0,0,0,639,118,0,639,162,0.0,0,0,0,0,0,mongodb/mongo
ee2119b40e4a55ac,559,26,14,4,533,70,4,533,122,0.016100178890876567,0,9,1,1,0,mongodb/mongo
6a89116344db710b,393,146,114,73,247,11,73,247,27,0.020356234096692093,0,110,18,18,1,mongodb/mongo
c1a11160aad67f91,51,1,1,0,50,11,0,50,14,0.019607843137254867,0,1,0,0,0,mongodb/mongo
189ff0c49ab727a6,234,148,116,109,86,2,108,86,8,0.03418803418803415,0,115,36,37,1,mongodb/mongo
18fb5c280d541734,73,2,2,0,71,5,0,71,6,0.0273972602739726,0,2,0,0,0,mongodb/mongo
0522a2bb72b196f3,51,6,6,5,45,2,5,45,18,0.0196078431372549,0,6,5,5,0,mongodb/mongo
f2715ed04275832d,818,4,4,2,814,190,2,814,193,0.0036674816625916814,0,3,1,1,0,mongodb/mongo
aa2ae2674b2cdb3b,81,9,5,5,72,5,5,72,11,0.0,0,4,2,2,0,mongodb/mongo
a143a067eecacbfb,286,110,52,32,176,3,32,176,11,0.01748251748251748,0,43,24,24,0,mongodb/mongo
b7b7f0ef298c309a,75,1,1,0,74,1,0,74,6,0.013333333333333336,0,1,0,1,0,mongodb/mongo
8d25f4d11da56282,64,0,0,0,64,1,0,64,3,0.0,0,0,0,0,0,mongodb/mongo
57eba07e1c65cb5f,47,21,21,20,26,1,20,26,1,0.021276595744680812,0,21,20,20,1,mongodb/mongo
dc34d6986ee0328e,141,1,1,0,140,22,0,140,22,0.007092198581560261,0,1,0,0,0,mongodb/mongo
42199402befcd29f,204,13,4,0,191,25,0,191,33,0.0,0,2,0,0,0,mongodb/mongo
d9c95dda52c84be1,895,241,195,188,654,55,188,654,66,0.006703910614525136,0,160,129,129,0,mongodb/mongo
6737f7396babf05b,184,0,0,0,184,9,0,184,15,0.0,0,0,0,0,0,mongodb/mongo
60b19a561cb9d81c,19,3,1,1,16,0,1,16,2,0.0,0,1,1,1,0,mongodb/mongo
984c8d7fcd1d798a,84,5,4,0,79,0,0,79,2,0.05923694779116468,0,4,0,0,0,mongodb/mongo
5d52ec6422440b96,49,13,7,6,36,2,6,36,4,0.02040816326530613,0,6,4,5,1,mongodb/mongo
5278bd22bb86f582,404,0,0,0,404,293,0,404,295,0.03217821782178219,0,0,0,0,0,modelcontextprotocol/python-sdk
e9da357dd9e1fbd6,522,15,15,0,507,4,0,507,43,0.028735632183908053,0,15,0,0,0,modelcontextprotocol/python-sdk
cbe797d477654047,449,9,9,0,440,6,0,440,26,0.02004454342984409,0,9,0,0,0,modelcontextprotocol/python-sdk
b7aaf2062da175ce,793,11,11,0,782,39,0,782,54,0.013871374527112228,0,11,0,0,0,modelcontextprotocol/python-sdk
d73e532773442934,120,1,1,0,119,0,0,119,1,0.008333333333333318,0,1,0,0,0,modelcontextprotocol/python-sdk
8c7bb1142c1c9cb4,268,1,1,0,267,24,0,267,77,0.0037313432835820726,0,1,0,0,0,modelcontextprotocol/python-sdk
56bd9bb95f99c6e4,87,3,3,0,84,0,0,84,8,0.034482758620689634,0,3,0,0,0,modelcontextprotocol/python-sdk
ed6a22760239e765,486,12,12,0,474,0,0,474,0,0.024691358024691357,0,12,0,0,0,modelcontextprotocol/python-sdk
d6a45a1ed1f4ebc1,44,0,0,0,44,23,0,44,23,0.0,0,0,0,0,0,modelcontextprotocol/python-sdk
d66be9fe425fabad,135,5,5,0,130,7,0,130,8,0.037037037037037014,0,5,0,0,0,modelcontextprotocol/python-sdk
d46a33f06c2ab296,128,4,4,0,124,0,0,124,3,0.03125,0,4,0,0,0,modelcontextprotocol/python-sdk
1071ee05567116cb,427,1,1,0,426,37,0,426,49,0.004683840749414522,0,1,0,0,0,modelcontextprotocol/python-sdk
623490a9c2dd576c,2063,17,17,0,2046,55,0,2046,309,0.011633543383422226,0,17,0,0,0,modelcontextprotocol/python-sdk
0b11aaab79fc19c5,165,3,3,0,162,0,0,162,0,0.018181818181818167,0,3,0,0,0,modelcontextprotocol/python-sdk
41ed2e8548ae2238,171,0,0,0,171,54,0,171,55,0.07602339181286549,0,0,0,0,0,modelcontextprotocol/python-sdk
41747b6c65d5442f,119,0,0,0,119,51,0,119,51,0.03361344537815125,0,0,0,0,0,modelcontextprotocol/python-sdk
c17c97ac87513551,183,0,0,0,183,2,0,183,62,0.0,0,0,0,0,0,modelcontextprotocol/python-sdk
0741a50beca4b08d,143,1,1,0,142,0,0,142,1,0.006993006993006992,0,1,0,0,0,modelcontextprotocol/python-sdk
abcde01e384b945f,126,0,0,0,126,9,0,126,10,0.0,0,0,0,0,0,modelcontextprotocol/python-sdk
f430026c587e8173,6,1,1,0,5,0,0,5,0,0.16666666666666669,0,1,0,0,0,modelcontextprotocol/python-sdk
9f5bf8bd9599ca94,33,2,2,0,31,9,0,31,9,0.060606060606060635,0,2,0,0,1,modelcontextprotocol/python-sdk
d6f6fc5668f272ed,162,0,0,0,162,0,0,162,0,0.0,0,0,0,0,0,modelcontextprotocol/python-sdk
a2934f5f6ec610df,525,1,1,0,524,45,0,524,80,0.0038095238095238043,0,1,0,0,0,modelcontextprotocol/python-sdk
ed22c8fef52dc8c1,305,0,0,0,305,28,0,305,36,0.0,0,0,0,0,0,modelcontextprotocol/python-sdk
ec9e76cf64548fe5,5,1,1,0,4,0,0,4,0,0.19999999999999998,0,1,0,0,0,modelcontextprotocol/python-sdk
53595af45baf676c,32,5,3,0,27,0,0,27,0,0.15625,0,3,0,3,0,ansible/ansible
e4ce1f4cfd4f8832,95,6,3,0,89,0,0,89,0,0.06281464530892446,0,3,0,3,0,ansible/ansible
4b49198a05ef7edf,114,4,1,0,110,6,0,110,6,0.026002506265664152,0,1,0,1,0,ansible/ansible
0ec54905a2f9d294,1162,15,3,0,1147,106,0,1147,250,0.012890817930105488,0,3,0,3,0,ansible/ansible
3774cbc3d1043af1,81,4,2,0,77,0,0,77,0,0.049070167213627114,0,2,0,2,0,ansible/ansible
9c124a6cda9c3011,966,4,2,0,962,68,0,962,107,0.004138639038512757,0,2,0,2,0,ansible/ansible
973c9732f90eb181,15,1,1,0,14,0,0,14,0,0.06666666666666665,0,1,0,1,0,ansible/ansible
58d0df9b9d1ab1e1,151,3,2,0,148,9,0,148,34,0.019779249448123606,0,2,0,2,0,ansible/ansible
555aabb1deb80bb2,64,2,0,0,62,0,0,62,0,0.030745967741935484,0,0,0,0,0,ansible/ansible
0d3b984243e1eb60,1533,13,10,0,1520,92,0,1520,150,0.008469871967051679,0,10,0,10,0,ansible/ansible
90a77cc12dc07c1a,34,6,0,0,28,0,0,28,0,0.0,0,0,0,0,0,ansible/ansible
f96e5f56a541e8bd,612,2,2,0,610,162,0,610,157,0.003267973856209144,0,2,0,2,0,ansible/ansible
5bbd7d1ac954e894,72,1,1,0,71,0,0,71,15,0.013888888888888864,0,1,0,1,0,ansible/ansible
b2b60725a2a003e1,419,4,2,0,415,51,0,415,86,0.009523645999668057,0,2,0,2,0,ansible/ansible
1abf61bd87fa6be4,184,1,1,0,183,7,0,183,24,0.00543478260869565,0,1,0,1,0,ansible/ansible
ace3c9b6d39655cf,277,1,1,0,276,7,0,276,13,0.003610108303249109,0,1,0,1,0,ansible/ansible
e4ea2a39da7978e7,167,7,3,0,160,0,0,160,2,0.0413283861724404,0,3,0,3,0,ansible/ansible
0a13b3dbbe65089c,32,2,1,0,30,0,0,30,14,0.06149193548387098,0,1,0,1,0,ansible/ansible
455776c96408127a,1612,5,3,0,1607,210,0,1607,271,0.0030986545011790385,0,3,0,3,0,ansible/ansible
b21df604f7e804b3,891,4,2,0,887,47,0,887,238,0.004272193248571195,0,2,0,2,1,ansible/ansible
2c9d5c9ca441d201,16,1,1,0,15,0,0,15,0,0.0625,0,1,0,1,0,ansible/ansible
14b3a5bb5647a974,56,2,0,0,54,0,0,54,14,0.03505291005291003,0,0,0,0,0,ansible/ansible
9a3ac37ae20fb592,196,6,3,0,190,3,0,190,3,0.030532938564026654,0,3,0,3,0,ansible/ansible
8c4c52ab13221e55,673,10,3,0,663,55,0,663,63,0.014780754008094265,0,3,0,3,0,ansible/ansible
ec2a452ec2b05ebe,8,1,1,0,7,0,0,7,0,0.125,0,1,0,1,0,ansible/ansible
e46a761bfff9d447,346,193,183,183,153,3,160,153,10,0.0,0,174,174,174,1,zed-industries/zed
02eb6d331ad6b120,9,5,4,0,4,0,0,4,0,0.5555555555555556,1,4,0,0,1,zed-industries/zed
68029dd4f75bad5f,8,1,0,0,7,1,0,7,1,0.125,0,0,0,0,0,zed-industries/zed
526743e3077b88ac,294,135,135,134,159,0,131,159,1,0.003401360544217689,0,133,133,133,0,zed-industries/zed
4af60e0676e16bc5,11,11,9,0,0,0,0,0,0,1.0,1,3,0,3,1,zed-industries/zed
e266ad13004c849f,446,222,217,214,224,0,132,224,87,0.006726457399103093,0,209,209,209,1,zed-industries/zed
7874b17de742b8c2,30,15,15,15,15,0,15,15,0,0.0,0,15,15,15,1,zed-industries/zed
7b9d47269c168331,71,33,33,33,38,0,29,38,2,0.0,0,33,33,33,1,zed-industries/zed
c0d7b29f214b669b,170,0,0,0,170,3,0,170,3,0.0,0,0,0,0,0,zed-industries/zed
7145c9b07d735fa9,9,5,5,5,4,0,2,4,0,0.0,0,5,5,5,1,zed-industries/zed
68f780616aa78e99,553,323,316,316,230,0,166,230,109,0.0,0,313,313,313,1,zed-industries/zed
ac2b80d8d0a847b1,102,38,38,37,64,1,18,64,29,0.009803921568627447,0,38,37,38,1,zed-industries/zed
9e91d29d5ba471d3,129,10,3,1,119,0,1,119,1,0.040411742279832255,0,3,1,3,0,zed-industries/zed
778de9f130d9b3e8,622,418,386,368,204,11,366,204,14,0.0,0,385,363,363,1,zed-industries/zed
02c4633f17b03921,19,12,12,12,7,0,12,7,0,0.0,0,12,12,12,1,zed-industries/zed
9ed6d3c8f52cf7b6,46,4,4,0,42,8,0,42,9,0.0,0,4,4,4,0,zed-industries/zed
c05023f09cc67d0c,36,16,16,16,20,0,16,20,0,0.0,0,15,15,15,0,zed-industries/zed
9d4d86c9145be3b7,15,1,0,0,14,0,0,14,0,0.06666666666666671,0,0,0,0,0,zed-industries/zed
970b7c42d1bc6633,17,0,0,0,17,0,0,17,2,0.0,0,0,0,0,0,zed-industries/zed
68fe26d5c6ba3421,264,0,0,0,264,0,0,264,10,0.0,0,0,0,0,0,zed-industries/zed
ec23cc102a508779,22,11,9,5,11,0,5,11,0,0.2727272727272727,0,7,3,3,1,zed-industries/zed
90c0cb07588e2f30,689,0,0,0,689,59,0,689,83,0.0,0,0,0,0,0,zed-industries/zed
7b7dabbece7a54e0,1301,34,27,19,1267,15,19,1267,189,0.0023059185242121404,0,22,14,15,0,zed-industries/zed
c87606fb81efbf28,162,49,25,9,113,0,9,113,0,0.24691358024691357,0,25,9,10,0,zed-industries/zed
a020f7e19035b013,37,14,14,14,23,0,14,23,0,0.0,0,14,14,14,0,zed-industries/zed
1cc7e191b2feaf5e,503,7,6,0,496,17,0,496,22,0.013916500994035777,0,6,0,0,0,pytorch/vision
b51c4641325213af,232,5,4,0,227,4,0,227,17,0.021551724137931026,0,4,0,1,0,pytorch/vision
024db9da11fda456,2163,162,128,14,2001,32,14,2001,259,0.056226367734938915,0,125,14,37,0,pytorch/vision
2e00751f903804ec,9,1,1,0,8,0,0,8,0,0.11111111111111113,1,1,0,1,1,pytorch/vision
7f351c791879fdcc,1235,121,121,17,1114,100,17,1114,144,0.08421052631578947,0,96,18,49,0,pytorch/vision
f6a7300885c521cc,336,72,71,0,264,0,3,264,3,0.21427683013503912,0,62,5,30,0,pytorch/vision
835bb02966865311,381,121,117,0,260,1,2,260,1,0.31496062992125984,0,116,5,62,0,pytorch/vision
250a5139d0d5b18f,106,8,7,0,98,0,0,98,27,0.07547169811320756,0,7,0,0,0,pytorch/vision
d896bc3d2e7b97c4,23,1,1,0,22,0,0,22,2,0.043478260869565216,0,1,0,0,0,pytorch/vision
e506926f27cfc4a6,646,14,13,0,632,0,0,632,0,0.021671826625386963,0,13,0,0,0,pytorch/vision
d10eb02f932ba7dc,24,2,2,0,22,0,0,22,0,0.08333333333333329,0,2,0,0,0,pytorch/vision
62577d15011d9987,1571,65,64,0,1506,80,0,1506,348,0.04137451499511449,0,53,0,0,0,pytorch/vision
7a0d62b4d6c69f2c,66,4,3,0,62,0,0,62,0,0.06060606060606065,0,3,0,1,0,pytorch/vision
c5d99dd50d7b031f,321,35,33,0,286,3,0,286,62,0.10887801638687881,0,31,0,1,0,pytorch/vision
6972b76da668feef,223,14,12,0,209,4,0,209,21,0.06278026905829596,0,11,0,3,0,pytorch/vision
33049ab75c969280,3624,44,39,0,3580,22,0,3580,290,0.010538675228521312,0,39,1,29,0,pytorch/vision
6d53c8daad4e7fb7,277,7,7,0,270,0,0,270,1,0.025270758122743677,0,7,0,0,0,pytorch/vision
25801f156b17b201,560,117,91,2,443,9,4,443,54,0.1671879080699922,0,81,4,33,0,pytorch/vision
08555dfcf6fa7366,690,2,2,0,688,17,0,688,116,0.0028985507246376517,0,2,0,0,0,pytorch/vision
91ad84288a4471c5,98,3,3,0,95,0,0,95,5,0.03061224489795919,0,3,0,0,0,pytorch/vision
5890cedfd36fb34e,105,2,2,0,103,0,0,103,1,0.019047619047619042,0,2,0,0,0,pytorch/vision
83a0c15e99c9e86e,310,12,12,0,298,0,0,298,0,0.038709677419354854,0,12,0,1,0,pytorch/vision
529b9d26a99a0cfb,187,27,25,0,160,0,4,160,11,0.14438502673796794,0,22,4,13,0,pytorch/vision
732522b37678423c,260,39,35,4,221,4,1,221,121,0.13455528846153847,0,28,4,8,0,pytorch/vision
c890d856930189a6,53,4,4,0,49,0,0,49,0,0.07547169811320753,0,4,0,0,0,pytorch/vision
06495a3f889d48c5,92,7,5,0,85,0,0,85,6,0.06258958432871478,1,5,0,4,1,PHP-CS-Fixer/PHP-CS-Fixer
81e20c61e8d887c6,104,2,1,0,102,0,0,102,7,0.01857729648991787,0,1,0,0,0,PHP-CS-Fixer/PHP-CS-Fixer
93608b79111b40f8,28,6,4,0,22,0,0,22,16,0.2142857142857143,0,4,0,0,0,PHP-CS-Fixer/PHP-CS-Fixer
95450c9a3fb76c40,130,2,1,0,128,0,0,128,7,0.013893858079904592,0,1,0,0,0,PHP-CS-Fixer/PHP-CS-Fixer
8e3bdc0c416bfca4,133,11,5,0,122,5,2,122,22,0.03036437246963565,0,5,2,5,0,PHP-CS-Fixer/PHP-CS-Fixer
12f87de82fdd522c,24,2,0,0,22,0,0,22,0,0.0,0,0,0,0,0,PHP-CS-Fixer/PHP-CS-Fixer
84768085c1806691,25,2,1,0,23,0,0,23,10,0.07499999999999998,0,1,0,0,0,PHP-CS-Fixer/PHP-CS-Fixer
8ec5bae185dc9af5,120,35,4,0,85,0,0,85,15,0.16564625850340134,0,4,0,0,0,PHP-CS-Fixer/PHP-CS-Fixer
4dcfa529cee9ae4b,266,40,27,14,226,4,14,226,21,0.07771381578947369,0,24,13,22,0,PHP-CS-Fixer/PHP-CS-Fixer
a627e1360da28903,197,4,3,0,193,29,0,193,40,0.03019786594840982,0,3,0,2,0,PHP-CS-Fixer/PHP-CS-Fixer
701449e7b838e6a3,44,4,0,0,40,0,0,40,5,0.0,0,0,0,0,0,PHP-CS-Fixer/PHP-CS-Fixer
504c07db635b9584,1413,16,11,0,1397,698,1,1397,744,0.00908692845567358,0,11,1,1,0,PHP-CS-Fixer/PHP-CS-Fixer
6760fa569ce6fb16,226,15,8,0,211,48,2,211,58,0.04349715549936788,0,7,1,1,0,PHP-CS-Fixer/PHP-CS-Fixer
78f66c35b20fe4df,34,2,1,0,32,0,0,32,16,0.058823529411764705,0,1,0,0,0,PHP-CS-Fixer/PHP-CS-Fixer
c9134dd6b37657fb,1240,22,16,0,1218,338,2,1218,432,0.014371514930428925,0,16,1,1,0,PHP-CS-Fixer/PHP-CS-Fixer
b20bcc68bc2e279e,139,10,7,0,129,0,2,129,46,0.0631612357173085,0,6,2,5,0,PHP-CS-Fixer/PHP-CS-Fixer
b86125c21bbd1d04,28,6,1,0,22,0,0,22,16,0.09340659340659341,0,1,0,0,0,PHP-CS-Fixer/PHP-CS-Fixer
8c9aec69a9ae10f8,103,4,3,0,99,0,0,99,10,0.03807348181991245,1,3,0,0,1,PHP-CS-Fixer/PHP-CS-Fixer
5002334f3ea877de,196,16,9,0,180,16,1,180,49,0.05365032610982537,0,9,1,1,0,PHP-CS-Fixer/PHP-CS-Fixer
0f999c0f180e390d,119,6,5,0,113,0,0,113,14,0.05042016806722685,0,5,0,2,0,PHP-CS-Fixer/PHP-CS-Fixer
0c30d0b4680ffdfb,46,2,1,0,44,0,0,44,16,0.04154589371980676,0,1,0,0,0,PHP-CS-Fixer/PHP-CS-Fixer
c3161949b1e6a9be,250,5,2,0,245,1,0,245,10,0.00989558232931728,0,2,0,1,0,PHP-CS-Fixer/PHP-CS-Fixer
bf986fcb0bfd4f53,148,16,14,0,132,0,0,132,2,0.10093767236624376,0,14,0,13,0,PHP-CS-Fixer/PHP-CS-Fixer
74b5c781c19ede29,332,11,6,0,321,136,1,321,135,0.023731288791529765,0,6,1,1,0,PHP-CS-Fixer/PHP-CS-Fixer
54b599bb266b1a57,66,5,4,0,61,0,0,61,5,0.07226107226107228,0,4,0,1,0,PHP-CS-Fixer/PHP-CS-Fixer
b0fa6dbfd013789f,7,0,0,0,7,0,0,7,0,0.0,0,0,0,0,0,dendronhq/dendron
1db010338542a171,476,0,0,0,476,14,0,476,42,0.00420168067226891,0,0,0,0,0,dendronhq/dendron
fd5f6dcf41167cb4,1,1,1,0,0,0,0,0,0,1.0,1,0,0,0,1,dendronhq/dendron
cec4c08adf0c7e99,196,1,0,0,195,17,0,195,20,0.0,0,0,0,0,0,dendronhq/dendron
21d220c743fd089e,165,2,2,0,163,9,0,163,9,0.012121212121212106,0,2,0,1,0,dendronhq/dendron
bd63ed05d1fab8a0,15,8,8,7,7,0,7,7,0,0.06666666666666665,0,7,6,7,1,dendronhq/dendron
aa8c779224c4be97,310,0,0,0,310,26,0,310,32,0.0,0,0,0,0,0,dendronhq/dendron
0808e36fafe63624,115,0,0,0,115,0,0,115,10,0.0,0,0,0,0,0,dendronhq/dendron
49b25d244d800a61,4,0,0,0,4,0,0,4,0,0.0,0,0,0,0,0,dendronhq/dendron
eca12c0a30e25b4b,15,0,0,0,15,0,0,15,0,0.0,0,0,0,0,0,dendronhq/dendron
0d940874d3fd0ac3,13,0,0,0,13,0,0,13,0,0.0,0,0,0,0,0,dendronhq/dendron
790046fdaf9c855f,22,0,0,0,22,0,0,22,0,0.0,0,0,0,0,0,dendronhq/dendron
ffcd7caabff840f1,5,2,2,0,3,0,0,3,0,0.4,0,2,0,0,0,dendronhq/dendron
43732b383d08d3c2,583,1,1,0,582,91,0,582,166,0.0,0,0,0,0,0,dendronhq/dendron
f53e6af0ad40fc70,162,1,1,0,161,7,0,161,7,0.006172839506172853,0,1,0,1,0,dendronhq/dendron
27437d8db320dc71,27,2,0,0,25,0,0,25,0,0.0,0,0,0,0,0,dendronhq/dendron
600c9dd4f2a7796d,4,0,0,0,4,0,0,4,0,0.0,0,0,0,0,0,dendronhq/dendron
e85616e9d608d499,29,0,0,0,29,0,0,29,0,0.0,0,0,0,0,0,dendronhq/dendron
2d72bdead8afa079,17,0,0,0,17,0,0,17,0,0.0,0,0,0,0,0,dendronhq/dendron
3a200b10f658ba3d,83,0,0,0,83,0,0,83,0,0.0,0,0,0,0,0,dendronhq/dendron
f593c98cb3bfe3bf,238,0,0,0,238,13,0,238,17,0.0,0,0,0,0,0,dendronhq/dendron
57eb995805aa1ea6,3,2,2,2,1,0,2,1,0,0.0,0,1,1,1,1,dendronhq/dendron
4a5a96972d7346d1,13,3,3,3,10,0,3,10,4,0.0,0,3,3,3,1,dendronhq/dendron
af753bd3ffc94432,72,0,0,0,72,0,0,72,0,0.0,0,0,0,0,0,dendronhq/dendron
0b4b4db0fd627b4d,11,9,0,0,2,0,0,2,0,0.0,0,0,0,0,0,dendronhq/dendron
8acb5f8970f4c580,28,0,0,0,28,0,0,28,0,0.0,0,0,0,0,0,secdev/scapy
bac3172376d0bfc0,275,0,0,0,275,23,0,275,23,0.0,0,0,0,0,0,secdev/scapy
24bcc95afc36e0b2,844,23,23,0,821,0,0,821,8,0.02725118483412322,0,23,0,23,0,secdev/scapy
f4cdbd08e6b78571,54,1,1,0,53,0,0,53,0,0.01851851851851856,0,1,0,1,0,secdev/scapy
99262f1640e33535,679,1,1,0,678,93,0,678,127,0.001472754050073648,0,1,0,1,0,secdev/scapy
c1c1903c67fbc913,86,9,9,0,77,0,0,77,0,0.10465116279069768,0,9,0,9,0,secdev/scapy
8cb6d98d57a7b4ea,744,1,1,0,743,41,0,743,68,0.0013440860215053758,0,1,0,1,0,secdev/scapy
ffa302f2eb9ddc46,676,0,0,0,676,38,0,676,79,0.0,0,0,0,0,0,secdev/scapy
1caa9207a4490d1b,1006,0,0,0,1006,153,0,1006,158,0.0,0,0,0,0,0,secdev/scapy
23e256a738e890dc,146,0,0,0,146,20,0,146,27,0.006849315068493164,0,0,0,0,0,secdev/scapy
9fc61904ee6d5d97,114,2,2,0,112,0,0,112,0,0.017543859649122834,0,2,0,2,0,secdev/scapy
0711ac2ef3b1c98e,580,2,2,0,578,0,0,578,36,0.003448275862068969,0,2,0,2,0,secdev/scapy
c803c2c1b7c9e0c6,228,83,83,0,145,0,0,145,0,0.3640350877192982,0,83,0,83,0,secdev/scapy
cc172dbe6b732023,915,7,7,0,908,27,0,908,27,0.007650273224043743,0,7,0,0,0,secdev/scapy
9440ada593bfed86,1322,0,0,0,1322,84,0,1322,125,0.0,0,0,0,0,0,secdev/scapy
356b37a71385d3f6,115,48,48,0,67,0,0,67,5,0.41739130434782606,1,48,0,48,1,secdev/scapy
c96a68db255f9040,1424,0,0,0,1424,42,0,1424,93,0.0,0,0,0,0,0,secdev/scapy
6684f6adc0bd8f3f,1756,0,0,0,1756,55,0,1756,98,0.0,0,0,0,0,0,secdev/scapy
6f9b788559793a6a,1189,0,0,0,1189,1,0,1189,3,0.0,0,0,0,0,0,secdev/scapy
fc7c0c611bb3745a,374,74,74,0,300,0,0,300,0,0.19786096256684493,0,74,0,74,0,secdev/scapy
17c706fcc6a63fa4,690,74,0,0,616,1,0,616,247,0.0,0,0,0,0,0,secdev/scapy
cd75a14a55c0b70a,859,15,15,0,844,0,0,844,68,0.01746216530849825,0,15,0,15,0,secdev/scapy
c520ac2ca84b765c,64,3,3,0,61,0,0,61,0,0.046875,0,3,0,3,0,secdev/scapy
cc685855293d5624,458,91,91,0,367,0,0,367,0,0.1986899563318777,0,91,0,91,0,secdev/scapy
ebcdb99fd0a2a524,64,22,22,0,42,0,0,42,0,0.34375,0,22,0,22,0,secdev/scapy
7c04c876eb66fc86,136,126,123,122,10,1,105,10,1,0.014705882352941183,0,109,108,109,1,gitextensions/gitextensions
035a17421ad73c41,6,4,3,2,2,0,2,2,0,0.33333333333333337,0,3,2,3,1,gitextensions/gitextensions
50047c91da550c04,302,200,162,93,102,52,75,102,51,0.006622516556291412,0,137,96,97,1,gitextensions/gitextensions
edaa32fc63676583,769,553,418,72,216,177,66,216,177,0.01169335175552668,0,385,168,170,1,gitextensions/gitextensions
34559166178bab62,210,146,111,66,64,31,68,64,30,0.028457507404875827,0,95,61,62,1,gitextensions/gitextensions
4bfa92ae957f5026,177,125,89,32,52,34,32,52,34,0.0168528505392912,0,84,67,68,1,gitextensions/gitextensions
7c7b64a8b3df3cb9,77,51,18,0,26,10,0,26,20,0.021701982228298014,0,16,12,13,0,gitextensions/gitextensions
574725306c7d0d35,96,86,83,82,10,0,67,10,3,0.0208333333333333,0,71,70,71,1,gitextensions/gitextensions
2da48a2133ef24d7,247,165,131,45,82,31,38,82,32,0.02011125374411639,0,107,25,27,1,gitextensions/gitextensions
1fa10565e4381a53,25,17,14,12,8,0,12,8,0,0.07999999999999997,0,13,11,12,1,gitextensions/gitextensions
d6f3aefeb801d62c,45,29,28,18,16,1,14,16,4,0.2434343434343435,0,26,16,18,1,gitextensions/gitextensions
5635f057374cd5a0,26,14,10,9,12,0,5,12,4,0.07692307692307696,0,9,7,8,1,gitextensions/gitextensions
a130ac6e5a645098,372,362,361,359,10,0,345,10,3,0.005376344086021527,0,313,311,312,1,gitextensions/gitextensions
3ff8aef4e3a407ab,58,43,34,25,15,1,25,15,1,0.05172413793103445,0,32,10,11,1,gitextensions/gitextensions
ea6d54c6603c7f6f,43,33,32,28,10,0,24,10,0,0.04651162790697675,0,28,24,25,1,gitextensions/gitextensions
5cf73ac03cae2cb1,170,110,93,82,60,7,82,60,11,0.011764705882352938,0,85,75,76,1,gitextensions/gitextensions
72d6fdb681df2fd4,28,19,18,16,9,1,16,9,1,0.07142857142857142,0,17,14,15,1,gitextensions/gitextensions
106bf8790520136a,39,22,20,16,17,0,16,17,0,0.0512820512820513,0,20,8,9,1,gitextensions/gitextensions
e18eff94a6016692,59,32,22,20,27,0,20,27,0,0.03389830508474577,0,16,11,13,1,gitextensions/gitextensions
8e3ca224bb9b0fe9,145,101,71,41,44,20,39,44,20,0.027490421455938677,0,64,35,36,1,gitextensions/gitextensions
bd110d42a8c82c17,157,86,84,59,71,2,59,71,2,0.07643312101910828,0,64,50,52,1,gitextensions/gitextensions
e719ae24b2da0408,456,4,2,0,452,275,0,452,293,0.03502988239830343,0,1,0,1,0,gitextensions/gitextensions
73750d0342975acb,104,85,66,50,19,1,48,19,1,0.028099327856609374,0,65,39,40,1,gitextensions/gitextensions
d3d52eb17c889160,56,18,17,15,38,0,15,38,0,0.05357142857142856,0,17,13,14,1,gitextensions/gitextensions
a96de226ae9a73ce,69,52,44,35,17,1,35,17,1,0.043478260869565244,0,40,18,19,1,gitextensions/gitextensions
fe9a7c352a3b388f,299,1,0,0,298,0,0,298,0,0.0,0,0,0,0,0,a2aproject/A2A
919442c27bcecf95,93,0,0,0,93,0,0,93,0,0.0,0,0,0,0,0,a2aproject/A2A
41930f85b7e8deb7,399,37,0,0,362,0,0,362,0,0.06327282294133121,0,0,0,0,0,a2aproject/A2A
84450a4f94bee4f9,449,0,0,0,449,0,0,449,29,0.0,0,0,0,0,0,astral-sh/ruff
4485a07b21958d48,115,0,0,0,115,0,0,115,0,0.0,0,0,0,0,0,astral-sh/ruff
aea66844b3875893,573,0,0,0,573,9,0,573,99,0.0,0,0,0,0,0,astral-sh/ruff
c077a2eb809e80f0,325,9,9,0,316,0,0,316,22,0.027692307692307683,0,9,0,0,0,astral-sh/ruff
07751c4a28eaf5cd,211,0,0,0,211,18,0,211,18,0.0,0,0,0,0,0,astral-sh/ruff
e0470bc4c4b5e82c,164,0,0,0,164,67,0,164,69,0.0,0,0,0,0,0,astral-sh/ruff
4d769c34388fdd90,1497,0,0,0,1497,0,0,1497,100,0.0,0,0,0,0,0,astral-sh/ruff
f1d6143bfcfd6696,21,0,0,0,21,0,0,21,0,0.0,0,0,0,0,0,astral-sh/ruff
79f2153a134b3b75,1423,725,0,0,698,15,0,698,47,0.0,0,0,0,0,0,astral-sh/ruff
d7b8747bac90ab34,135,1,1,0,134,0,0,134,65,0.007407407407407363,0,1,0,0,0,astral-sh/ruff
2e9d962a08321605,394,4,2,0,390,1,0,390,8,0.005076142131979689,0,2,0,0,0,astral-sh/ruff
9be2521ff3914d27,1,0,0,0,1,0,0,1,0,0.0,0,0,0,0,0,astral-sh/ruff
85a873688ec133f9,51,2,1,0,49,0,0,49,4,0.019607843137254923,0,1,0,0,0,astral-sh/ruff
7fa3d041f0d5cebb,93,0,0,0,93,0,0,93,2,0.0,0,0,0,0,0,astral-sh/ruff
ceaf65c358113fc0,264,0,0,0,264,18,0,264,19,0.0,0,0,0,0,0,astral-sh/ruff
be0c7f11f9a2dc13,2482,6,3,0,2476,41,0,2476,149,0.001208702659145855,0,3,0,0,0,astral-sh/ruff
8c9ae4384d5808e4,238,0,0,0,238,1,0,238,19,0.0,0,0,0,0,0,astral-sh/ruff
e8ab7c46b6854e94,181,6,5,0,175,0,0,175,34,0.027624309392265213,0,5,0,0,0,astral-sh/ruff
c4fab4ef75e069f9,1223,595,0,0,628,41,0,628,75,0.0,0,0,0,0,0,astral-sh/ruff
c27bad2a00501f96,1260,7,6,0,1253,0,0,1253,30,0.00454442301146034,0,6,0,0,0,astral-sh/ruff
e82248aaf9765035,2142,0,0,0,2142,9,0,2142,257,0.0,0,0,0,0,0,astral-sh/ruff
b7f33a4b40e9786b,48,2,2,0,46,0,0,46,4,0.0416666666666667,0,2,0,0,0,astral-sh/ruff
c7b1f8843bf9da43,24,6,5,0,18,0,0,18,0,0.20833333333333334,0,2,0,0,0,astral-sh/ruff
de0307f7750c8996,571,3,1,0,568,1,0,568,29,0.001751313485113825,0,1,0,0,0,astral-sh/ruff
552e6539124cde6d,1390,3,3,0,1387,0,0,1387,40,0.002158273381294974,0,3,0,0,0,astral-sh/ruff
4dd5d4de69fda4b9,310,2,2,0,308,0,0,308,8,0.0,0,2,2,2,0,babel/babel
fa542183df064922,78,10,10,4,68,4,4,68,4,0.0,0,10,10,10,0,babel/babel
1b59011b4a2ad76e,365,2,2,2,363,0,2,363,26,0.0,0,2,2,2,0,babel/babel
fd49ebca4f5f873c,32,1,1,1,31,0,1,31,0,0.0,0,1,1,1,1,babel/babel
a902fe64f4dc0e81,517,20,20,20,497,38,20,497,153,0.0,0,20,20,20,0,babel/babel
02ec9c7ada7cedda,1696,25,25,17,1671,92,17,1671,151,0.0,0,25,25,25,0,babel/babel
87b32e2da20ab847,502,42,42,41,460,0,41,460,8,0.0,0,42,42,42,0,babel/babel
85f87f3acb9a9470,67,2,2,2,65,0,2,65,0,0.0,0,2,2,2,0,babel/babel
468ef2c5f9549450,435,6,6,2,429,0,2,429,2,0.0022988505747126436,0,6,5,5,0,babel/babel
b315a1d9c8715c42,231,17,17,17,214,0,17,214,2,0.0,0,17,17,17,0,babel/babel
f93c8ff0b9dba272,340,2,2,2,338,6,0,338,91,0.0,0,2,2,2,0,babel/babel
392c82ef9eeec1c3,355,13,13,11,342,13,11,342,26,0.0,0,13,13,13,0,babel/babel
7c4f00c38f1f3e82,46,0,0,0,46,0,0,46,0,0.0,0,0,0,0,0,babel/babel
8b3f4cfc81f8774a,633,8,8,7,625,4,6,625,22,0.0,0,8,8,8,0,babel/babel
820de982eb575ffe,97,3,3,0,94,1,0,94,1,0.0,0,3,3,3,0,babel/babel
74e366292c6bc22f,63,2,2,2,61,3,2,61,3,0.0,0,2,2,2,0,babel/babel
d4be547b05a42f90,523,37,33,1,486,16,1,486,48,0.049713193116634795,0,30,11,11,0,babel/babel
a8a7abd73c11bbcd,253,1,1,0,252,13,0,252,19,0.0,0,1,1,1,0,babel/babel
e8a219ea05aed506,76,4,4,4,72,0,4,72,1,0.0,0,4,4,4,0,babel/babel
f7a647772cf84aec,272,38,38,6,234,26,6,234,31,0.0,0,38,38,38,1,babel/babel
6bae30d6340639f0,441,70,70,65,371,15,65,371,80,0.0,0,70,70,70,0,babel/babel
1e18518c9a665efd,27,2,2,2,25,10,2,25,10,0.0,0,2,2,2,0,babel/babel
a09099225b4dd21e,31,5,5,5,26,0,5,26,0,0.0,0,5,5,5,0,babel/babel
e420c6e47c0307b7,17,0,0,0,17,0,0,17,0,0.0,0,0,0,0,0,babel/babel
a06285c650e7fd44,131,1,1,0,130,3,0,130,13,0.00763358778625952,0,1,0,0,0,babel/babel
f7b30601465f5a98,59,6,6,0,53,0,0,53,0,0.10169491525423734,0,6,0,0,0,qtile/qtile
f901748ce3ed69b3,1977,94,67,7,1883,90,7,1883,186,0.03331099050119317,0,60,17,36,0,qtile/qtile
8697b5024f561cd8,157,21,14,0,136,11,0,136,29,0.10443378277773181,1,13,0,5,1,qtile/qtile
3261373220362327,173,11,10,0,162,0,2,162,6,0.06314692835058475,0,10,0,7,0,qtile/qtile
36907586dbf2d17f,159,7,2,0,152,1,0,152,3,0.030599903241412704,0,2,0,2,0,qtile/qtile
e60fa531e87d7bed,373,58,51,0,315,19,0,315,26,0.14413275500047226,0,51,0,35,0,qtile/qtile
2e06d7542c261b71,191,59,50,1,132,1,1,132,1,0.2674448545189254,1,42,0,21,1,qtile/qtile
9770de8166881b5a,93,3,3,2,90,0,2,90,0,0.010752688172043006,0,3,2,3,0,qtile/qtile
d26e62fa4a5f4176,73,11,11,0,62,0,0,62,0,0.15068493150684928,0,9,0,2,0,qtile/qtile
ef50ba1060adf5c0,93,9,7,0,84,5,0,84,6,0.09677419354838711,0,7,0,4,1,qtile/qtile
f0b49d07aa7c17f6,732,18,15,0,714,43,0,714,50,0.024399019541703197,0,15,0,1,0,qtile/qtile
b582b50791858ef1,430,25,23,3,405,7,3,405,17,0.050434688111280185,0,18,3,5,0,qtile/qtile
dd56cfa3b82aaaca,100,4,2,0,96,3,0,96,17,0.02000000000000001,0,2,0,1,0,qtile/qtile
d6640054a5aaadd3,91,34,33,0,57,0,0,57,0,0.37362637362637363,0,32,0,30,0,qtile/qtile
3ccd47cdf2a2beb4,30,2,1,0,28,0,0,28,0,0.06666666666666667,0,1,0,0,0,qtile/qtile
cc7362fa8a1aa964,50,1,1,0,49,1,0,49,1,0.02000000000000001,0,1,0,1,0,qtile/qtile
6a825c18fbe9fe0f,96,16,15,1,80,1,1,80,4,0.15624999999999997,0,11,1,3,0,qtile/qtile
342b6c3acf7272a3,376,126,40,4,250,9,4,250,38,0.11170212765957449,0,40,4,38,0,qtile/qtile
9da0c875c0714689,90,12,10,0,78,0,0,78,0,0.11111111111111113,0,10,0,0,0,qtile/qtile
112092491c04f485,670,75,68,24,595,11,25,595,26,0.06363839485208687,0,65,26,45,0,qtile/qtile
f447a8a6521b73f9,101,4,4,0,97,0,0,97,14,0.039603960396039625,0,4,0,4,0,qtile/qtile
f6414425f8413756,223,4,1,0,219,2,0,219,22,0.004484304932735439,0,1,0,1,0,qtile/qtile
281e13bee03c6ba3,112,10,9,0,102,0,0,102,0,0.08904440154440155,0,9,0,8,0,qtile/qtile
3801376f3a05e481,31,1,1,0,30,0,0,30,0,0.03225806451612907,0,1,0,0,0,qtile/qtile
fe6361c2932b6b76,94,1,1,0,93,0,0,93,0,0.010638297872340434,0,1,0,1,0,qtile/qtile
8a219dc4c5fdf565,1198,77,77,0,1121,17,0,1121,25,0.06427378964941569,0,50,0,25,0,HKUDS/LightRAG
986f616160ba99b7,233,15,0,0,218,0,0,218,0,0.0,0,0,0,0,0,HKUDS/LightRAG
777ae5fa3b8676ad,1961,6,0,0,1955,0,0,1955,6,0.0,0,0,0,0,0,HKUDS/LightRAG
7c8ffc81fc42d2b1,668,9,0,0,659,0,0,659,49,0.0,0,0,0,0,0,HKUDS/LightRAG
ee833834d2e65d62,175,1,0,0,174,0,0,174,0,0.0,0,0,0,0,0,HKUDS/LightRAG
621fd1d33eb36f61,844,6,0,0,838,0,0,838,89,0.0,0,0,0,0,0,HKUDS/LightRAG
f755d171457ffa23,760,3,0,0,757,0,0,757,27,0.0,0,0,0,0,0,HKUDS/LightRAG
e3b725e6552a8e58,887,3,0,0,884,0,0,884,15,0.0,0,0,0,0,0,HKUDS/LightRAG
7828b28633c5fa5c,288,3,0,0,285,11,0,285,40,0.0,0,0,0,0,0,HKUDS/LightRAG
4f64296de2ecb495,2415,9,0,0,2406,0,0,2406,163,0.0,0,0,0,0,0,HKUDS/LightRAG
e964573eaabf8291,1574,1,0,0,1573,4,0,1573,55,0.0,0,0,0,0,0,HKUDS/LightRAG
26e8778dc1af18c6,104,1,0,0,103,0,0,103,0,0.0,0,0,0,0,0,HKUDS/LightRAG
b00f93fd2d500200,1035,3,0,0,1032,0,0,1032,98,0.0,0,0,0,0,0,HKUDS/LightRAG
f96820e81fc2449a,220,3,3,0,217,25,0,217,27,0.0136363636363636,0,2,0,1,0,HKUDS/LightRAG
370bdc41e222beb4,223,12,0,0,211,0,0,211,10,0.0,0,0,0,0,0,HKUDS/LightRAG
c1a30ff602c64e4e,194,12,0,0,182,0,0,182,0,0.0,0,0,0,0,0,HKUDS/LightRAG
3766a0588b81eeff,122,3,3,0,119,0,0,119,1,0.0245901639344262,0,2,0,1,0,HKUDS/LightRAG
1b400079fc4ac98e,1907,232,42,0,1675,19,0,1675,13,0.023572761563985814,0,42,0,0,0,HKUDS/LightRAG
794fc2d629e22fe6,1351,22,22,0,1329,8,1,1329,93,0.016284233900814238,0,15,0,7,0,HKUDS/LightRAG
d774eb9f77bfae0c,874,9,0,0,865,4,0,865,85,0.0,0,0,0,0,0,HKUDS/LightRAG
8be89cc0fa01348c,490,27,0,0,463,0,0,463,0,0.0,0,0,0,0,0,HKUDS/LightRAG
163031c9e6fb5326,165,3,0,0,162,0,0,162,0,0.0,0,0,0,0,0,HKUDS/LightRAG
7a3837b38c3de358,366,12,0,0,354,0,0,354,48,0.0,0,0,0,0,0,HKUDS/LightRAG
68d0de7ec5e794db,2044,7,0,0,2037,12,0,2037,86,0.0,0,0,0,0,0,HKUDS/LightRAG
0a6f480bc0010285,3735,2,2,0,3733,263,0,3733,679,0.00053547523427043,0,2,0,0,0,HKUDS/LightRAG
759ccdeb969ab61d,346,158,152,3,188,0,52,188,0,0.44797687861271673,1,139,3,3,1,bitsandbytes-foundation/bitsandbytes
e0aa2b260ab4cbc4,841,374,218,31,467,12,31,467,98,0.271038727174561,1,163,31,41,1,bitsandbytes-foundation/bitsandbytes
fc64450ab825d838,382,1,1,1,381,0,1,381,0,0.0,0,1,1,1,0,bitsandbytes-foundation/bitsandbytes
2a1d213c7d2f72e5,208,12,10,3,196,0,3,196,1,0.03846153846153844,0,10,3,7,0,bitsandbytes-foundation/bitsandbytes
c622bc9c277bd454,122,37,33,14,85,0,14,85,2,0.1885245901639344,0,32,13,30,0,bitsandbytes-foundation/bitsandbytes
0bba49c1e13e1ca3,151,77,58,18,74,3,18,74,10,0.29597205842329677,0,51,19,26,1,bitsandbytes-foundation/bitsandbytes
fc63576a4b4960de,59,2,1,0,57,1,0,57,1,0.033898305084745735,0,1,0,1,0,bitsandbytes-foundation/bitsandbytes
4c8960e94fb9801d,134,0,0,0,134,18,0,134,27,0.00746268656716419,0,0,0,0,0,bitsandbytes-foundation/bitsandbytes
04e03c4f77999384,193,1,1,0,192,10,0,192,45,0.005181347150259077,0,0,0,0,0,bitsandbytes-foundation/bitsandbytes
601777b097497017,259,116,112,7,143,0,7,143,0,0.42084942084942084,1,103,7,17,1,bitsandbytes-foundation/bitsandbytes
d726872461c805b5,232,29,29,2,203,46,7,203,49,0.146551724137931,0,25,4,5,0,bitsandbytes-foundation/bitsandbytes
8384af03566f84c3,22,3,3,3,19,1,3,19,6,0.0,0,2,2,2,0,bitsandbytes-foundation/bitsandbytes
4e9f141c2db9b714,266,135,131,0,131,0,0,131,4,0.5075187969924813,1,119,0,0,1,bitsandbytes-foundation/bitsandbytes
d520439f768db162,337,154,149,3,183,0,4,183,0,0.44807121661721067,1,136,3,3,1,bitsandbytes-foundation/bitsandbytes
06572a96a58dc510,551,269,194,22,282,3,122,282,3,0.3898904887815558,1,194,75,77,1,bitsandbytes-foundation/bitsandbytes
6bb333e4e3004a2e,21,5,5,3,16,0,3,16,1,0.09523809523809523,0,5,3,5,0,bitsandbytes-foundation/bitsandbytes
8b66ef591719b9f2,19,3,3,0,16,1,0,16,1,0.21052631578947367,0,3,0,2,0,bitsandbytes-foundation/bitsandbytes
7967f3c2b2edae95,494,58,49,4,436,11,4,436,17,0.10931174089068825,0,46,3,10,0,bitsandbytes-foundation/bitsandbytes
7844061fbb0838a5,78,13,13,3,65,1,3,65,1,0.11538461538461539,0,10,3,5,0,bitsandbytes-foundation/bitsandbytes
210bc0a57b3e411b,366,13,13,0,353,1,1,353,27,0.03551912568306011,0,12,0,0,0,bitsandbytes-foundation/bitsandbytes
208eb304b17a40a9,614,5,4,0,609,2,0,609,80,0.008143322475570031,0,4,0,0,0,bitsandbytes-foundation/bitsandbytes
3533ab3a2b3f86d7,105,20,0,0,85,0,0,85,1,0.0,0,0,0,0,0,bitsandbytes-foundation/bitsandbytes
7cdc90c3071b2346,1863,1119,778,495,744,21,497,744,55,0.1369311340325833,0,736,432,496,1,bitsandbytes-foundation/bitsandbytes
f3adc74b0c698cf6,491,26,22,2,465,10,5,465,60,0.04887983706720977,0,19,2,3,0,bitsandbytes-foundation/bitsandbytes
17616ba224ba64c8,743,93,84,6,650,6,7,650,48,0.12247644683714672,0,71,10,27,0,bitsandbytes-foundation/bitsandbytes
5c3fa597431eda03,79,7,7,7,72,0,7,72,0,0.0,0,7,7,7,0,element-hq/element-web
0578eed850531ff4,152,11,8,8,141,3,8,141,9,0.0,0,8,8,8,0,element-hq/element-web
e003a7ce3ddcdf21,53,4,4,2,49,0,2,49,0,0.037735849056603765,0,4,2,4,0,element-hq/element-web
84309970d63eeec6,71,3,3,0,68,0,0,68,0,0.042253521126760535,0,3,0,3,0,element-hq/element-web
eca12c0a30e25b4b,220,18,0,0,202,22,0,202,22,0.011502347417840389,0,0,0,0,0,element-hq/element-web
94de63c1ef0361a1,61,14,11,5,47,1,5,47,1,0.1475409836065574,0,11,4,9,0,element-hq/element-web
1df22205e4eae123,142,112,112,111,30,2,67,30,4,0.0,0,96,96,96,1,element-hq/element-web
e2d34cb86c423f1d,80,0,0,0,80,10,0,80,10,0.08750000000000001,0,0,0,0,0,element-hq/element-web
77b3519370ff48f6,632,135,135,130,497,34,121,497,34,0.03164556962025319,0,89,84,88,0,element-hq/element-web
5685a5a448d1480b,84,78,78,75,6,0,66,6,0,0.023809523809523822,0,78,76,78,1,element-hq/element-web
2a9bbe4b321735e4,108,3,0,0,105,9,0,105,9,0.10185185185185187,0,0,0,0,0,element-hq/element-web
61f82e6506f7519d,120,0,0,0,120,46,0,120,46,0.25833333333333336,0,0,0,0,0,element-hq/element-web
3f3359d31af69c91,62,6,6,0,56,0,0,56,0,0.09677419354838708,0,6,0,6,0,element-hq/element-web
f82f7d36a61d22f6,81,1,1,1,80,0,1,80,0,0.0,0,1,1,1,0,element-hq/element-web
18813c86948efc57,12,0,0,0,12,1,0,12,1,0.0,0,0,0,0,0,element-hq/element-web
b335630551682c19,117,7,7,0,110,22,0,110,22,0.11965811965811966,0,7,0,7,0,element-hq/element-web
b211afdde182fecd,94,2,1,0,92,12,0,92,12,0.04255319148936172,1,1,0,1,0,element-hq/element-web
e81f3d7c4e0f4df3,21,7,7,7,14,0,7,14,0,0.0,0,7,7,7,1,element-hq/element-web
06572a96a58dc510,2177,0,0,0,2177,0,0,2177,0,0.0,0,0,0,0,0,element-hq/element-web
1c0d972ee49103af,8,3,3,3,5,0,3,5,0,0.0,0,3,3,3,1,element-hq/element-web
92115b4cbfc15726,60,3,3,3,57,3,3,57,10,0.0,0,2,2,2,0,element-hq/element-web
f5ff6e10f4627d4e,59,3,2,0,56,0,0,56,0,0.03389830508474577,0,1,0,1,0,element-hq/element-web
9be982a31ff6843a,110,13,8,5,97,23,5,97,27,0.13636363636363633,0,6,3,6,0,element-hq/element-web
66a00defa284dd98,157,135,109,109,22,0,109,22,0,0.0,0,95,95,95,1,element-hq/element-web
080bca32171bc67e,491,17,0,0,474,2,0,474,2,0.014183881291824265,0,0,0,0,0,element-hq/element-web
05180dda5cdc530f,3094,912,728,8,2182,91,12,2182,247,0.24535223567314368,0,658,12,554,0,psf/requests
6a13393ada4132be,23,0,0,0,23,2,0,23,9,0.0,0,0,0,0,0,psf/requests
e52e4ddd58b7ef88,67,6,5,1,61,0,1,61,1,0.07259158751696068,0,5,1,3,0,psf/requests
f19a61b3baa79f0a,428,61,18,3,367,3,3,367,72,0.040228994109049086,0,17,4,8,0,psf/requests
33c13e0b177bacd2,1013,465,403,12,548,13,12,548,90,0.4215273829053739,1,315,1,227,1,psf/requests
9e08e8c7769db7b5,17,0,0,0,17,0,0,17,2,0.0,0,0,0,0,0,psf/requests
50c86b7ed8ac2cf9,125,4,0,0,121,0,0,121,1,0.0,0,0,0,0,0,psf/requests
06673dfe1f4e8c8e,176,22,21,2,154,3,2,154,14,0.11360389610389608,0,19,4,6,0,psf/requests
001e61d97d9dee27,14,0,0,0,14,4,0,14,4,0.07142857142857147,0,0,0,0,0,psf/requests
c25d576890a32eb1,28,1,1,1,27,0,1,27,0,0.0,0,1,1,1,0,psf/requests
63a9c44a44acf85f,21,10,0,0,11,0,0,11,0,0.0,0,0,0,0,0,psf/requests
c9fdd3d9ff2ae2d7,165,21,17,0,144,8,0,144,11,0.1090909090909091,0,16,3,11,0,psf/requests
6a17d5bcb7c3e4c3,22,7,7,0,15,0,0,15,0,0.31818181818181823,0,5,0,5,0,psf/requests
834e9b406d74791f,2,1,1,1,1,0,1,1,0,0.0,0,1,1,1,1,psf/requests
74adcd7e630252cf,91,20,19,0,71,0,0,71,0,0.21794871794871795,0,14,0,10,0,psf/requests
63bd641104d10e25,74,1,1,1,73,0,1,73,0,0.0,0,1,1,1,0,psf/requests
81a05ffa79062e44,27,2,1,0,25,0,0,25,0,0.11111111111111116,1,1,0,0,0,psf/requests
b423d06524f8dec6,165,15,10,0,150,1,0,150,1,0.08409561453039714,0,9,0,0,0,psf/requests
60f61ab7a8d1910d,9,1,0,0,8,0,0,8,1,0.04166666666666666,0,0,0,0,0,psf/requests
cb11ff1bf642ed93,39,9,9,0,30,0,0,30,2,0.23076923076923075,0,9,1,3,0,vuejs/core
8289bd9c3790d712,255,56,56,0,199,0,0,199,0,0.2196078431372549,0,33,1,32,0,vuejs/core
bcb89d357a44ab07,96,15,15,0,81,0,0,81,0,0.15624999999999997,0,13,3,9,0,vuejs/core
be2481af67e874f0,67,12,12,0,55,0,0,55,0,0.17910447761194026,0,12,0,10,0,vuejs/core
9f7a554cf4125e12,582,1,1,0,581,42,0,581,49,0.0017182130584192414,0,1,0,1,0,vuejs/core
a2a50542bbbe4452,264,14,13,0,250,25,0,250,31,0.052987095287475514,0,13,4,10,0,vuejs/core
83a6d65dd8c42f42,1096,75,72,1,1021,1,1,1021,228,0.06843065693430657,0,55,0,50,0,vuejs/core
98de8645382ca150,51,3,3,0,48,4,0,48,4,0.05882352941176471,0,3,0,0,0,vuejs/core
79b6eda32aef4cf9,18,2,2,0,16,0,0,16,0,0.11111111111111113,0,1,0,0,0,vuejs/core
13673a7cfecd27f9,76,7,7,0,69,0,0,69,5,0.09210526315789477,0,6,0,4,0,vuejs/core
de79ef6c20993d7c,885,5,4,0,880,0,0,880,101,0.005649717514124278,0,4,1,3,0,vuejs/core
ebfa682bc50e4b43,82,2,2,0,80,0,0,80,0,0.024390243902439032,0,2,0,1,0,vuejs/core
7ce3563a21e50f47,883,1,1,0,882,0,0,882,17,0.0011325028312570745,0,1,0,0,0,vuejs/core
e4fc6a992c2f4ced,126,3,3,0,123,5,0,123,5,0.023809523809523822,0,3,0,2,0,vuejs/core
25ca5a044c54b773,1197,20,20,0,1177,5,0,1177,6,0.01670843776106934,0,20,1,18,0,vuejs/core
26d284526e65ace9,97,5,5,0,92,0,0,92,0,0.05154639175257736,0,5,0,5,0,vuejs/core
79faa8e5e474c93a,4150,167,163,3,3983,66,5,3983,555,0.040722891566265046,0,109,4,100,0,vuejs/core
5f78abffa9a1e79e,137,3,3,0,134,1,1,134,2,0.021897810218978096,0,3,1,3,0,vuejs/core
c41a74d6901bf5ae,28,6,4,0,22,0,0,22,0,0.14285714285714285,0,4,0,4,0,vuejs/core
a3009201b631bc28,911,91,87,2,820,3,2,820,63,0.09876224608234409,0,61,2,57,0,vuejs/core
559861ade9caade3,281,18,17,0,263,70,1,263,65,0.0711743772241993,0,16,2,11,0,vuejs/core
941beb1407cae619,70,9,9,0,61,4,1,61,4,0.12857142857142856,0,7,0,2,0,vuejs/core
0414fef1f14e742b,132,2,2,0,130,0,0,130,0,0.015151515151515197,0,2,0,2,0,vuejs/core
6cc6b2c4c6b781ff,115,21,21,0,94,2,0,94,2,0.18260869565217389,0,18,0,16,0,vuejs/core
982b4abb909299d8,191,18,17,0,173,2,0,173,14,0.0942408376963351,0,13,0,12,0,vuejs/core
2ee773050bf40847,604,2,2,0,602,0,0,602,18,0.003311258278145702,0,2,0,2,0,MaaAssistantArknights/MaaAssistantArknights
8066fdf85d055737,907,6,5,0,901,55,0,901,143,0.005512679162072764,0,5,0,5,0,MaaAssistantArknights/MaaAssistantArknights
28cfce8a9b376424,366,6,1,0,360,1,0,360,60,0.002732240437158473,0,1,0,1,0,MaaAssistantArknights/MaaAssistantArknights
03c254ca06c714c6,78,1,1,0,77,0,0,77,21,0.012820512820512803,0,1,0,1,0,MaaAssistantArknights/MaaAssistantArknights
ed96729a7e9cfb27,2518,13,13,0,2505,906,0,2505,986,0.0019857029388403447,0,13,0,13,0,MaaAssistantArknights/MaaAssistantArknights
c9eed76ad40a5cb1,745,4,1,0,741,14,0,741,83,0.0013422818791946761,0,1,0,1,0,MaaAssistantArknights/MaaAssistantArknights
d1e9f60301c9ea0a,431,1,1,0,430,28,0,430,69,0.0023201856148491948,0,1,0,1,0,MaaAssistantArknights/MaaAssistantArknights
3650bc6495557a03,3959,31,31,4,3928,1439,4,3928,1509,0.002020712301086143,0,18,9,18,0,MaaAssistantArknights/MaaAssistantArknights
e9f83c4ae8571e39,367,5,1,0,362,3,0,362,51,0.002724795640326988,0,1,0,1,0,MaaAssistantArknights/MaaAssistantArknights
eb9e9666856065ba,1870,14,0,0,1856,9,0,1856,129,0.0,0,0,0,0,0,MaaAssistantArknights/MaaAssistantArknights
2c0bf5b53ad187a0,149,1,0,0,148,0,0,148,55,0.0,0,0,0,0,0,MaaAssistantArknights/MaaAssistantArknights
cbe6c8a6d25a90be,497,6,0,0,491,25,0,491,169,0.0,0,0,0,0,0,MaaAssistantArknights/MaaAssistantArknights
f1da02a3ad81a0d8,95,2,2,0,93,2,0,93,11,0.021052631578947406,0,2,0,2,0,MaaAssistantArknights/MaaAssistantArknights
f427c4af5a2e5abe,264,4,4,0,260,46,0,260,61,0.00757575757575763,0,4,0,4,0,MaaAssistantArknights/MaaAssistantArknights
39a156d679aee53b,2788,7,7,0,2781,821,0,2781,888,0.002869440459110459,0,7,0,7,0,MaaAssistantArknights/MaaAssistantArknights
082c105226c0a270,596,9,1,0,587,11,0,587,197,0.0016778523489933013,0,1,0,1,0,MaaAssistantArknights/MaaAssistantArknights
91a5c2fe558d86d8,668,4,4,0,664,61,0,664,64,0.004491017964071885,0,4,0,4,0,MaaAssistantArknights/MaaAssistantArknights
109354fe548e878f,240,1,0,0,239,16,0,239,31,0.0,0,0,0,0,0,MaaAssistantArknights/MaaAssistantArknights
f06c07bb9340a501,3408,15,15,0,3393,363,0,3393,419,0.004107981220657281,0,15,0,15,0,MaaAssistantArknights/MaaAssistantArknights
2df6848711fcfcdc,1611,16,4,0,1595,38,0,1595,200,0.0024829298572315315,0,4,0,3,0,MaaAssistantArknights/MaaAssistantArknights
e83c061c54f36ae3,626,7,7,0,619,21,0,619,50,0.011182108626198062,0,7,0,7,0,MaaAssistantArknights/MaaAssistantArknights
480d9e3c30c1a39f,51,7,0,0,44,0,0,44,0,0.0061274509803921455,0,0,0,0,0,MaaAssistantArknights/MaaAssistantArknights
b587251b2b62e07e,77,1,0,0,76,0,0,76,18,0.0,0,0,0,0,0,MaaAssistantArknights/MaaAssistantArknights
36c75f83140bc44d,1441,9,9,0,1432,328,0,1432,375,0.0034698126301179466,0,9,0,9,0,MaaAssistantArknights/MaaAssistantArknights
eeffcc6762055d56,225,16,13,1,209,1,1,209,5,0.07111111111111111,0,13,1,1,0,MaaAssistantArknights/MaaAssistantArknights
706470a5f61dcac8,168,71,59,0,97,0,0,97,0,0.3032128514056225,0,51,5,7,0,electron/forge
5fa0284b5749fcac,101,32,30,0,69,25,0,69,25,0.2960396039603961,0,24,0,1,0,electron/forge
65b0534fcd146985,5,1,1,0,4,0,0,4,0,0.19999999999999998,0,1,0,0,0,electron/forge
e7a3eb9e63a853fc,480,87,85,5,393,84,14,393,101,0.14504009762900974,1,61,14,18,1,electron/forge
74518fcf1c9ced07,80,4,4,0,76,0,0,76,0,0.050000000000000024,0,2,0,0,0,electron/forge
c1c8b797e6f40fae,90,9,7,0,81,0,0,81,0,0.07777777777777779,0,5,0,0,0,electron/forge
140b2effab138d31,329,14,12,0,315,14,0,315,16,0.03343465045592704,0,10,0,1,0,electron/forge
a0fb101bf93a09e3,49,7,7,0,42,0,0,42,0,0.14285714285714282,0,7,0,0,0,electron/forge
26d3325ca3522fff,42,0,0,0,42,1,0,42,1,0.0,0,0,0,0,0,electron/forge
9092eebdfbe6eebd,27,0,0,0,27,1,0,27,1,0.0,0,0,0,0,0,electron/forge
fdc3dda0266592ae,26,3,3,2,23,0,2,23,0,0.03846153846153845,0,3,2,3,0,electron/forge
9dcb69ad6057c23b,52,1,1,0,51,0,0,51,3,0.019230769230769246,1,0,0,0,1,electron/forge
acb89b83cfb1af8c,8,3,3,0,5,0,0,5,0,0.375,0,3,0,0,0,electron/forge
90bbd2a09ff3dfd3,64,3,2,0,61,15,0,61,15,0.0625,0,2,0,0,1,electron/forge
87ec15c38a801a26,302,46,39,0,256,11,0,256,24,0.1291390728476821,0,33,0,0,0,electron/forge
ca99b82a3ce832e5,799,1,0,0,798,4,0,798,7,0.0012374490669728438,0,0,0,0,0,electron/forge
c6b098646bf32c64,43,1,0,0,42,0,0,42,0,0.0,0,0,0,0,0,electron/forge
72cdbef9cad3c383,37,2,2,0,35,0,0,35,6,0.05405405405405406,0,2,0,0,0,electron/forge
ac56fd72dae12935,89,21,0,0,68,7,0,68,8,0.00319203268641469,0,0,0,0,0,electron/forge
d1d8524b16d69b5d,583,38,18,0,545,34,0,545,53,0.03087478559176672,0,16,0,0,0,electron/forge
533c84083a8d7991,17,9,6,0,8,0,0,8,0,0.3529411764705882,0,6,0,1,0,electron/forge
1014b057066a5eca,12,3,3,0,9,0,0,9,0,0.25,0,3,0,2,0,electron/forge
4a00d9202d757301,65,17,3,0,48,0,0,48,0,0.046153846153846156,0,3,0,0,0,electron/forge
1ac7d7934bfa2cb5,76,9,9,0,67,0,0,67,2,0.11842105263157895,0,8,0,1,0,electron/forge
0c92a7907653b369,30,0,0,0,30,1,0,30,1,0.0,0,0,0,0,0,electron/forge
0e1b168a924f206d,41,5,2,0,36,0,0,36,12,0.12195121951219515,0,2,0,0,0,jupyterlab/jupyterlab
9283aeb197f5f492,1707,4,4,0,1703,64,0,1703,332,0.0023432923257176268,0,4,0,3,0,jupyterlab/jupyterlab
b96a2f80e6403f19,721,1,1,0,720,1,0,720,80,0.0013869625520110955,0,1,0,0,0,jupyterlab/jupyterlab
ce2c054e2a377c8e,59,1,0,0,58,0,0,58,10,0.0,0,0,0,0,0,jupyterlab/jupyterlab
320236aabb476e6d,1573,3,3,1,1570,33,1,1570,86,0.0012714558169103565,0,2,1,1,0,jupyterlab/jupyterlab
89c5e1995fe55278,54,0,0,0,54,2,0,54,2,0.0,0,0,0,0,0,jupyterlab/jupyterlab
eced23cf23b339d5,54,0,0,0,54,24,0,54,24,0.05555555555555555,0,0,0,0,0,jupyterlab/jupyterlab
f43d4bd188b08878,1512,5,5,0,1507,90,0,1507,170,0.00330687830687831,0,4,1,2,0,jupyterlab/jupyterlab
3089c21006973f15,174,0,0,0,174,5,0,174,10,0.0,0,0,0,0,0,jupyterlab/jupyterlab
de4589525ee57270,145,0,0,0,145,4,0,145,6,0.0,0,0,0,0,0,jupyterlab/jupyterlab
5776c4630e5b1c53,465,5,2,0,460,36,0,460,81,0.009202625331657588,0,2,0,0,0,jupyterlab/jupyterlab
a05e6e7e60f1adc4,859,0,0,0,859,11,0,859,64,0.0,0,0,0,0,0,jupyterlab/jupyterlab
4dda226fba437055,6,5,2,0,1,0,0,1,0,0.6666666666666667,1,2,0,0,1,jupyterlab/jupyterlab
7ba9715db4f6ece1,108,1,1,0,107,2,1,107,5,0.009259259259259259,0,1,1,1,0,jupyterlab/jupyterlab
bb9b50052db64d0c,16,5,1,0,11,0,0,11,0,0.3125,0,1,0,0,0,jupyterlab/jupyterlab
62ca1ab4d2b7d380,30,0,0,0,30,0,0,30,11,0.0,0,0,0,0,0,jupyterlab/jupyterlab
240b55cf20da3eac,50,5,0,0,45,0,0,45,0,0.001276595744680857,0,0,0,0,0,jupyterlab/jupyterlab
eea408ce91821b1d,6,5,2,0,1,0,0,1,0,0.6666666666666667,1,2,0,0,1,jupyterlab/jupyterlab
cd6a4c6645f0972e,7,5,2,0,2,0,0,2,0,0.6071428571428572,1,2,0,0,1,jupyterlab/jupyterlab
68ede09999bb79f9,355,0,0,0,355,10,0,355,39,0.0,0,0,0,0,0,jupyterlab/jupyterlab
862b04f3bd7adf2c,203,1,1,0,202,18,0,202,22,0.004926108374384234,0,1,0,0,0,jupyterlab/jupyterlab
bff6d360acd5837c,7,5,2,0,2,0,0,2,0,0.6071428571428572,1,2,0,0,1,jupyterlab/jupyterlab
96b2ac31c6de27c6,3313,0,0,0,3313,4,0,3313,494,0.0,0,0,0,0,0,jupyterlab/jupyterlab
1ae01669dbfa3d9f,118,5,0,0,113,0,0,113,1,0.0019896831245394073,0,0,0,0,0,jupyterlab/jupyterlab
32e20e6a0cfef2ab,255,7,7,0,248,30,0,248,31,0.027450980392156862,0,7,0,0,0,jupyterlab/jupyterlab
214c585e7776fb39,46,16,0,0,30,0,0,30,0,0.0,0,0,0,0,0,baserow/baserow
e4ff7891ba5749cc,1638,50,2,0,1588,17,0,1588,139,0.0016715111400511678,0,2,0,1,0,baserow/baserow
69d680e2962a9102,1484,16,0,0,1468,24,0,1468,167,0.0,0,0,0,0,0,baserow/baserow
b545fe322b833330,240,3,0,0,237,0,0,237,14,0.0,0,0,0,0,0,baserow/baserow
f15081a32caf8ca8,913,3,0,0,910,32,0,910,75,0.0,0,0,0,0,0,baserow/baserow
67e0ec77586cbd3d,115,3,0,0,112,0,0,112,15,0.0,0,0,0,0,0,baserow/baserow
7ce8a33c0602c7bf,220,42,0,0,178,0,0,178,1,0.0,0,0,0,0,0,baserow/baserow
3f775d4f0c870337,1480,200,36,0,1280,48,0,1280,231,0.02432432432432434,0,31,0,17,0,baserow/baserow
1f2b49edef9bbeec,39,1,0,0,38,0,0,38,0,0.0,0,0,0,0,0,baserow/baserow
33846e5441b9235d,6,2,0,0,4,0,0,4,0,0.0,0,0,0,0,0,baserow/baserow
70db090c0a243767,32,1,0,0,31,0,0,31,0,0.0,0,0,0,0,0,baserow/baserow
c1d832f353df0bbe,82,13,0,0,69,0,0,69,1,0.0,0,0,0,0,0,baserow/baserow
d921532996b26dd2,162,17,1,0,145,0,0,145,4,0.006172839506172825,0,1,0,1,0,baserow/baserow
99535fd1afc10bf8,853,103,0,0,750,1,0,750,104,0.0,0,0,0,0,0,baserow/baserow
8ff1b4b5569071fb,29,1,0,0,28,0,0,28,1,0.0,0,0,0,0,0,baserow/baserow
6ea15583e59485cd,141,3,1,0,138,0,0,138,3,0.007092198581560289,0,1,0,1,0,baserow/baserow
b88de16d0d526371,916,85,0,0,831,5,0,831,152,0.0022168866015869985,0,0,0,0,0,baserow/baserow
b1a4350a85e86475,211,22,0,0,189,0,0,189,13,0.0,0,0,0,0,0,baserow/baserow
ef8188d527005507,62,36,0,0,26,0,0,26,0,0.0,0,0,0,0,0,baserow/baserow
4a68f4912019be6f,662,23,0,0,639,5,0,639,42,0.0012591925627653728,0,0,0,0,0,baserow/baserow
fae273afd9fb7f52,259,57,0,0,202,0,0,202,8,0.0009876986621172468,0,0,0,0,0,baserow/baserow
ab2e65433887b1d4,987,30,10,0,957,9,0,957,133,0.010131712259371822,0,10,0,10,0,baserow/baserow
5c1845cd6f2ca247,120,6,0,0,114,0,0,114,42,0.0,0,0,0,0,0,baserow/baserow
fcb8979f9b496f35,1102,33,3,0,1069,13,0,1069,89,0.003629764065335761,0,3,0,1,0,baserow/baserow
9d8eed608294f932,682,68,0,0,614,9,0,614,77,0.0,0,0,0,0,0,baserow/baserow
f1471af481bc827a,202,20,0,0,182,2,0,182,10,0.0,0,0,0,0,0,borgbackup/borg
d2c44773b517b442,256,9,4,0,247,5,0,247,25,0.019904755976095638,0,4,0,3,0,borgbackup/borg
f03e26b1664ec4c0,371,6,1,0,365,6,0,365,13,0.002695417789757408,0,1,0,1,0,borgbackup/borg
6fd1b9c692b99897,330,15,9,0,315,1,0,315,7,0.029582409460458235,0,9,0,9,0,borgbackup/borg
d5eac3ca1cb75869,1711,124,18,0,1587,0,0,1587,208,0.011555491150439481,0,17,0,17,0,borgbackup/borg
89bfc1a67f4e576e,132,5,0,0,127,1,0,127,12,0.0,0,0,0,0,0,borgbackup/borg
e0556c19c9c787ef,494,37,11,0,457,17,0,457,37,0.025696108402875305,0,11,0,7,0,borgbackup/borg
016fac44fa43a08c,66,4,0,0,62,0,0,62,0,0.0,0,0,0,0,0,borgbackup/borg
1731f6c6e0e5ecea,87,9,6,1,78,0,1,78,2,0.05747126436781605,0,5,1,1,0,borgbackup/borg
59e3b0d071b9369d,421,27,18,0,394,7,0,394,244,0.05890506289073059,0,18,0,17,0,borgbackup/borg
322ad4677166154d,252,14,14,0,238,3,0,238,3,0.059523809523809534,0,14,0,13,0,borgbackup/borg
326ce950616000ae,1544,29,7,0,1515,29,0,1515,76,0.0045336787564766905,0,7,0,7,0,borgbackup/borg
6eb4dc3c0dae6083,63,1,1,0,62,0,0,62,0,0.0158730158730159,0,1,0,1,0,borgbackup/borg
f6bfbe19a29b1709,3183,221,98,3,2962,172,1,2962,235,0.033050106098858084,0,88,2,39,0,borgbackup/borg
1edbeb7cc497d347,228,1,0,0,227,0,0,227,0,0.0,0,0,0,0,0,borgbackup/borg
8dc41137b4e630c1,17,4,3,0,13,0,0,13,0,0.2058823529411765,1,3,0,3,1,borgbackup/borg
eacc264570f3a432,25,4,4,0,21,0,0,21,0,0.16,0,4,0,4,0,borgbackup/borg
211c558e961fdfc6,65,8,0,0,57,0,0,57,0,0.00024038461538464229,0,0,0,0,0,borgbackup/borg
0071495c2f67ea25,55,5,1,0,50,1,0,50,1,0.018181818181818188,0,1,0,1,0,borgbackup/borg
85933aa74a2d66c3,250,62,44,20,188,1,20,188,2,0.10649392712550607,0,44,20,40,0,borgbackup/borg
7cc33dce56838fe1,260,2,0,0,258,0,0,258,24,0.000357781753130601,0,0,0,0,0,borgbackup/borg
ad3d8c5ea304cd9a,390,7,5,0,383,13,0,383,7,0.02051282051282053,0,5,0,4,0,borgbackup/borg
2a1d9e4a6bbf5262,1382,27,18,0,1355,28,0,1355,81,0.013190173441297097,0,16,0,12,0,borgbackup/borg
57498cd583e81bed,792,21,2,0,771,8,0,771,23,0.003776648312861807,0,2,0,2,0,borgbackup/borg
9e6aa0990628a381,299,12,3,0,287,0,0,287,4,0.010033444816053507,0,3,0,3,0,borgbackup/borg
767205efd9359a8e,135,0,0,0,135,0,0,135,0,0.0,0,0,0,0,0,biomejs/biome
e404e05fb50f8b62,626,1,1,0,625,43,0,625,62,0.001597444089456869,0,1,0,0,0,biomejs/biome
b27023214cbbcb53,1170,2,2,0,1168,0,0,1168,146,0.0017094017094017068,0,2,0,0,0,biomejs/biome
5e2e70597dab256a,106,2,2,0,104,1,0,104,1,0.018867924528301883,0,2,0,0,0,biomejs/biome
f3ee0ff67315f6e4,186,3,3,0,183,30,1,183,36,0.016129032258064516,0,3,1,1,0,biomejs/biome
a3bb9eab25d2387f,680,1,1,0,679,0,0,679,167,0.001470588235294116,0,1,0,0,0,biomejs/biome
f3d59078a9634344,129,2,2,1,127,2,2,127,8,0.007751937984496124,0,1,1,1,0,biomejs/biome
b48c0ca7f640e2af,121,1,1,0,120,0,0,120,12,0.008264462809917342,0,1,0,0,0,biomejs/biome
71a649ed3cf56570,261,136,118,117,125,1,112,125,8,0.0038314176245210886,0,93,93,93,1,biomejs/biome
0706d1907163a030,43,1,1,0,42,0,0,42,0,0.023255813953488393,0,1,0,0,0,biomejs/biome
0932c1c78906ad1e,237,1,1,0,236,0,0,236,0,0.004219409282700452,0,1,0,0,0,biomejs/biome
2adc32b0c6c6fb92,77,1,1,0,76,1,0,76,3,0.01298701298701299,0,1,0,0,0,biomejs/biome
7170a592d8503a21,128,0,0,0,128,12,0,128,20,0.0,0,0,0,0,0,biomejs/biome
39210bdc4f1d9b58,187,2,2,0,185,5,0,185,39,0.010695187165775402,0,2,0,0,0,biomejs/biome
bab010b328a264dd,459,2,2,0,457,8,0,457,8,0.004357298474945549,0,2,0,0,0,biomejs/biome
b76f8c9ff9fea7f9,252,2,2,0,250,0,1,250,37,0.007936507936507943,0,2,1,1,0,biomejs/biome
399fbf23df85b03c,36,0,0,0,36,5,0,36,5,0.0,0,0,0,0,0,biomejs/biome
d5306e97cc658277,129,1,1,0,128,7,0,128,10,0.007751937984496124,0,1,0,0,0,biomejs/biome
62c04c9489fc41a7,1487,1,1,0,1486,0,0,1486,337,0.0006724949562878259,0,1,0,0,0,biomejs/biome
c79be98d5c81041e,825,17,15,0,808,1,3,808,23,0.020585441290180088,0,12,1,1,0,biomejs/biome
53cb209be78eb474,40,0,0,0,40,0,0,40,0,0.0,0,0,0,0,0,biomejs/biome
955e8b5416e6569c,27,1,1,0,26,0,1,26,0,0.037037037037037035,0,1,1,1,0,biomejs/biome
db7a036b91755ed8,40,3,3,0,37,0,0,37,0,0.07499999999999998,0,3,0,0,0,biomejs/biome
7c5ae376fa189325,66,1,1,0,65,0,1,65,0,0.015151515151515145,0,1,1,1,0,biomejs/biome
45aa0e9ae1e7b476,111,1,1,0,110,0,0,110,0,0.009009009009009018,0,1,0,0,0,biomejs/biome
e8d4f3135ba3e7fa,104,7,7,0,97,1,0,97,17,0.0673076923076923,0,7,0,5,0,apache/airflow
9a1373e3dbd1a2b8,64,4,1,0,60,0,0,60,16,0.01562500000000002,0,1,0,1,0,apache/airflow
35352e5b76d4175d,634,8,4,0,626,3,0,626,36,0.006309148264984225,0,4,0,4,0,apache/airflow
09e16c6e281ccdcd,57,16,15,0,41,9,0,41,25,0.26315789473684215,0,15,0,15,0,apache/airflow
b832a112f499071b,117,3,0,0,114,0,0,114,21,0.0,0,0,0,0,0,apache/airflow
94d41e6faf6c8f9c,2004,1,0,0,2003,0,0,2003,31,0.0004950159590952916,0,0,0,0,0,apache/airflow
2a913fa0101fb726,117,2,1,0,115,2,0,115,2,0.01657824933687,0,1,0,0,0,apache/airflow
cc693724b0a5c153,197,0,0,0,197,0,0,197,0,0.0,0,0,0,0,0,apache/airflow
c3cfdecea722cd31,762,36,31,0,726,14,0,726,60,0.040682414698162715,0,31,0,31,0,apache/airflow
69897bbd8d832490,80,1,0,0,79,9,0,79,25,0.11250000000000002,0,0,0,0,0,apache/airflow
548d89ef9cd2af3d,633,2,0,0,631,0,0,631,45,0.0,0,0,0,0,0,apache/airflow
53562a358309fcb9,273,2,2,0,271,0,0,271,33,0.007326007326007327,0,2,0,1,0,apache/airflow
c1249dab92dd9a97,37,1,0,0,36,0,0,36,18,0.0,0,0,0,0,0,apache/airflow
fa6b8f614a6deb05,117,14,14,0,103,3,0,103,19,0.11965811965811966,0,14,0,13,0,apache/airflow
98b44b2ed7d69c1f,114,8,4,0,106,2,0,106,2,0.07017543859649125,0,4,0,1,0,apache/airflow
271863c95cd9464c,501,24,10,0,477,7,0,477,27,0.019960079840319403,0,10,0,10,0,apache/airflow
7eb21969067f9577,72,1,0,0,71,23,0,71,26,0.0,0,0,0,0,0,apache/airflow
ec0edb35ebfa2f51,3152,85,57,0,3067,102,0,3067,366,0.021573604060913708,0,57,0,57,0,apache/airflow
7ee177fbd0b3e924,98,6,4,0,92,0,0,92,18,0.040816326530612256,0,4,0,4,0,apache/airflow
e44bd19408591592,87,3,0,0,84,0,0,84,16,0.0,0,0,0,0,0,apache/airflow
a1b70eed65bd7a0c,673,8,4,0,665,8,0,665,27,0.0074117050464698915,0,4,0,4,0,apache/airflow
c1192beed34d45e8,57,3,1,0,54,0,0,54,21,0.017543859649122834,0,1,0,1,0,apache/airflow
57fd80b88ab4c15f,4272,10,0,0,4262,17,0,4262,295,0.0,0,0,0,0,0,apache/airflow
72198fb834112500,309,14,8,0,295,21,0,295,65,0.02851480556170477,0,8,0,7,0,apache/airflow
034074019ec46aa5,117,7,1,0,110,1,0,110,45,0.017094017094017134,0,1,0,1,0,apache/airflow
969187b3e6882d94,34,1,1,0,33,0,0,33,0,0.029411764705882356,0,1,0,0,0,portainer/portainer
f1eef3962665e03e,505,15,15,0,490,22,0,490,46,0.03960396039603961,0,13,0,0,0,portainer/portainer
db9fcc3d6ed24039,203,81,57,45,122,7,45,122,11,0.05911330049261082,0,55,43,43,1,portainer/portainer
986abdb749e3c73a,45,32,31,24,13,0,24,13,0,0.15555555555555559,0,23,18,18,1,portainer/portainer
2d639af91fb6fbf8,7,1,0,0,6,0,0,6,0,0.0,0,0,0,0,0,portainer/portainer
e729fd8cef6c7fcb,92,27,27,1,65,0,1,65,0,0.28260869565217395,0,24,1,1,0,portainer/portainer
713000403230b29e,154,11,4,2,143,20,2,143,20,0.020753756047873675,0,2,1,2,0,portainer/portainer
71a4c32ea9d0b1f7,5,1,1,0,4,0,0,4,0,0.19999999999999998,1,1,0,0,1,portainer/portainer
9308c495b9633d11,19,18,18,5,1,0,5,1,0,0.6842105263157894,1,12,5,6,1,portainer/portainer
0a704588a10f7ced,15,2,0,0,13,0,0,13,0,0.0,0,0,0,0,0,portainer/portainer
17137e809a062330,113,9,9,0,104,18,0,104,21,0.1946902654867257,0,7,0,0,0,portainer/portainer
5fb067b537a51395,184,0,0,0,184,8,0,184,14,0.0,0,0,0,0,0,portainer/portainer
11bff1ff931530a7,109,26,26,16,83,6,16,83,8,0.09174311926605505,0,19,11,12,1,portainer/portainer
aab3a9499f06c9d7,253,5,1,0,248,67,0,248,71,0.007905138339920927,0,0,0,0,0,portainer/portainer
d1b43d4a99b569ba,9,0,0,0,9,0,0,9,0,0.11111111111111113,0,0,0,0,0,portainer/portainer
a0bc6555e338f9bb,8,2,0,0,6,0,0,6,0,0.0,0,0,0,0,0,portainer/portainer
483c1d40336b4f62,36,25,25,20,11,3,20,11,3,0.19444444444444448,0,16,14,14,1,portainer/portainer
7df2fa7503e728f8,19,2,2,0,17,0,0,17,0,0.10526315789473684,0,2,0,2,0,portainer/portainer
a2815c31bea1598d,27,6,0,0,21,13,0,21,13,0.0,0,0,0,0,0,portainer/portainer
c4984e41f0d4b5cf,211,1,1,0,210,0,0,210,1,0.0047393364928910164,0,1,0,0,0,portainer/portainer
1f54d85bacce6ba9,6,2,0,0,4,0,0,4,0,0.0,0,0,0,0,0,portainer/portainer
e1b6b4e5cb8a5e45,57,0,0,0,57,5,0,57,7,0.0,0,0,0,0,0,portainer/portainer
c3461f76bcbabd42,24,7,7,3,17,0,3,17,0,0.16666666666666663,0,6,3,4,0,portainer/portainer
bfafce029248edbe,79,1,1,1,78,5,1,78,5,0.0,0,0,0,0,0,portainer/portainer
c948df4fb49b4a51,135,65,61,44,70,2,44,70,3,0.13095632946379213,1,42,25,27,1,portainer/portainer
d1b003739fa9bb14,14,8,7,6,6,0,6,6,0,0.14285714285714288,0,5,3,4,1,bitwarden/server
ac49883cae63fa83,43,23,14,13,20,0,13,20,0,0.046511627906976744,0,14,10,11,1,bitwarden/server
eda9c0212ea5867d,25,16,13,10,9,0,10,9,0,0.07,0,12,9,11,1,bitwarden/server
efddc519d09291aa,20,10,7,6,10,0,6,10,0,0.08947368421052634,0,7,3,4,1,bitwarden/server
1168304a0f4c3d24,26,12,10,9,14,0,9,14,3,0.07692307692307693,0,10,5,6,0,bitwarden/server
3e1998e05b86a6d2,30,17,14,12,13,0,12,13,1,0.062068965517241406,0,14,11,12,1,bitwarden/server
e66617b0f60a503e,79,22,15,14,57,0,14,57,1,0.02320675105485233,0,13,7,8,1,bitwarden/server
2dea72dc7e99eadd,73,49,33,32,24,0,31,24,2,0.02663622526636223,0,31,3,4,1,bitwarden/server
deede5f3ef56370f,26,19,14,11,7,0,11,7,0,0.07692307692307693,0,13,8,9,1,bitwarden/server
14dd7662c8a1cc30,13,8,7,5,5,0,5,5,0,0.23076923076923075,0,7,5,7,1,bitwarden/server
222708ee173480f3,25,17,10,9,8,0,9,8,0,0.08000000000000002,0,9,2,3,1,bitwarden/server
5c3fa597431eda03,701,0,0,0,701,14,0,701,88,0.0,0,0,0,0,0,bitwarden/server
7e15a03e63e7ff0d,16,8,7,6,8,0,6,8,0,0.10833333333333331,0,6,4,5,1,bitwarden/server
5b3bfdfc49d31a5d,9,6,5,3,3,0,3,3,0,0.33333333333333337,0,5,3,5,1,bitwarden/server
cc46e64d94c816a8,10,4,3,3,6,0,3,6,0,0.05555555555555558,1,3,2,2,1,bitwarden/server
6bf9d2680ab0d9f8,6,4,3,2,2,0,2,2,0,0.26666666666666666,1,2,1,2,1,bitwarden/server
c3e62416d7229bd7,86,63,61,60,23,0,60,23,3,0.02325581395348837,0,49,44,45,1,bitwarden/server
e2450641facde832,13,7,6,5,6,0,5,6,0,0.051282051282051266,0,6,5,5,1,bitwarden/server
7d5f85cc01d9c450,28,21,16,14,7,0,14,7,2,0.07142857142857142,0,14,4,5,1,bitwarden/server
9ffd5bacea4a711f,76,59,40,31,17,1,31,17,1,0.025964912280701743,0,38,18,19,1,bitwarden/server
c1e43142751d36f5,15,9,8,5,6,0,5,6,0,0.1285714285714286,0,7,2,3,1,bitwarden/server
2c357886ee7e7780,18,11,8,4,7,0,4,7,1,0.11111111111111108,0,8,3,4,1,bitwarden/server
253ab0e0b090a49e,22,12,9,8,10,0,8,10,0,0.08874458874458871,0,9,4,5,1,bitwarden/server
13b1eecf941a1b03,27,21,12,11,6,0,11,6,0,0.07407407407407407,0,12,5,6,1,bitwarden/server
aea3fd2d8d075a02,38,27,19,18,11,0,18,11,0,0.052631578947368474,0,17,7,8,1,bitwarden/server
892d7a86fb3fc304,1122,3,3,0,1119,198,0,1119,250,0.002673796791443842,0,3,0,1,0,guardian/frontend
1c40851eb6c52944,147,2,2,0,145,14,0,145,19,0.013605442176870748,0,2,0,0,0,guardian/frontend
5634c415cd8c8504,282,1,1,0,281,89,0,281,113,0.0035460992907801418,0,1,0,1,0,guardian/frontend
7095e52695748427,185,2,2,0,183,1,0,183,16,0.010810810810810784,0,2,0,2,0,rust-lang/book
3a5194f67f2adad0,249,9,1,0,240,0,0,240,7,0.004016064257028135,0,1,0,1,0,rust-lang/book
a87888eefb37b243,30,2,0,0,28,0,0,28,0,0.0,0,0,0,0,0,rust-lang/book
5931178cde7da036,218,5,5,0,213,0,0,213,2,0.02293577981651375,0,5,0,4,0,rust-lang/book
b8df9c44cb7a1ffc,112,7,7,0,105,0,0,105,0,0.0625,0,7,0,7,0,rust-lang/book
3d26acef03fb9149,238,5,5,0,233,0,0,233,2,0.02100840336134452,0,5,0,5,0,rust-lang/book
937f1b4bf60eaf5f,236,7,7,0,229,0,0,229,0,0.029661016949152505,0,7,0,7,0,rust-lang/book
7ce31a5a658d809c,952,33,32,0,919,3,0,919,18,0.03463404289160462,0,32,0,32,0,rust-lang/book
adb8bcaa431bc6d5,316,6,6,0,310,0,0,310,8,0.01898734177215189,0,6,0,6,0,rust-lang/book
51192d0a355944a2,546,6,5,0,540,0,0,540,8,0.0107470511140236,0,5,0,5,0,rust-lang/book
a890b27d369680a6,421,7,3,0,414,1,0,414,3,0.007125890736342011,0,3,0,3,0,rust-lang/book
a2f22bfff0d8be2e,151,23,23,22,128,0,22,128,1,0.006622516556291411,0,23,22,22,0,rust-lang/book
1aefa077be3d7b29,21,1,0,0,20,0,0,20,0,0.0,0,0,0,0,0,rust-lang/book
eca12c0a30e25b4b,101,1,1,0,100,0,0,100,1,0.009900990099009882,0,1,0,0,0,rust-lang/book
394b360d0326aeed,391,29,29,0,362,0,0,362,8,0.0741687979539642,0,29,0,29,0,rust-lang/book
bdecf5ad0024085b,260,0,0,0,260,0,0,260,7,0.0,0,0,0,0,0,rust-lang/book
5f2303d0135aa212,147,0,0,0,147,0,0,147,0,0.0,0,0,0,0,0,rust-lang/book
b8cf2426db5008e0,728,19,14,0,709,0,0,709,5,0.022635467980295594,0,14,0,14,0,rust-lang/book
babf686b8b57cc7d,192,11,11,0,181,0,0,181,0,0.05729166666666667,0,11,0,9,0,rust-lang/book
9265187dd16378f1,146,3,3,0,143,0,0,143,0,0.020547945205479437,0,3,0,3,0,rust-lang/book
ff3dc85a75d80a07,201,4,4,0,197,1,0,197,63,0.019900497512437797,1,3,0,3,1,rust-lang/book
3f9e5c769aed19b0,293,6,6,0,287,0,0,287,2,0.02047781569965869,0,6,0,6,0,rust-lang/book
46ca81169c85fc94,252,5,5,0,247,0,0,247,0,0.019841269841269833,0,5,0,5,0,rust-lang/book
c20c169d6adc9538,404,6,5,0,398,1,0,398,5,0.014642655332530768,0,5,0,5,0,rust-lang/book
210fb477d899716c,14,1,1,0,13,0,0,13,0,0.07142857142857144,0,1,0,0,0,rust-lang/book
604e1d53a9e413da,23,11,11,3,12,0,3,12,0,0.34782608695652173,0,7,3,7,1,frappe/erpnext
9ec3afd48406b243,76,16,14,0,60,0,1,60,7,0.20412517780938833,1,11,1,3,1,frappe/erpnext
a6c297be693ea38b,91,14,9,1,77,2,1,77,2,0.14285714285714282,0,7,0,3,0,frappe/erpnext
2d8c25dacaea2e0d,31,15,15,6,16,2,6,16,2,0.2903225806451613,1,12,6,12,1,frappe/erpnext
9f62d5f92f2aba7d,24,2,0,0,22,0,0,22,0,0.0833333333333333,0,0,0,0,0,frappe/erpnext
fac0eb76ff2bec5e,11,3,2,2,8,0,2,8,0,0.09090909090909093,0,2,2,2,0,frappe/erpnext
4cd766311aa51572,6,1,1,0,5,0,0,5,0,0.16666666666666663,0,1,0,1,0,frappe/erpnext
155ad416ffc8b258,1252,155,130,6,1097,66,7,1097,94,0.11945707714562236,1,105,7,36,1,frappe/erpnext
7672202e98cc2f85,21,14,14,0,7,0,0,7,0,0.6666666666666666,1,11,0,11,1,frappe/erpnext
230b3059a1af6683,15,6,4,2,9,1,2,9,1,0.2666666666666667,0,4,2,2,0,frappe/erpnext
77e4495374bfda2e,21,7,5,0,14,0,0,14,2,0.2857142857142857,0,4,0,2,0,frappe/erpnext
54198fcbede3fc2b,118,25,20,7,93,1,1,93,20,0.1269725306838106,0,14,8,10,0,frappe/erpnext
abbd448216144b1e,97,50,50,0,47,1,12,47,1,0.5154639175257731,1,46,0,46,1,frappe/erpnext
4c2eb4e772b1ebf2,36,1,1,0,35,0,0,35,0,0.027777777777777783,0,1,0,1,0,frappe/erpnext
60b39bdc6be708dc,123,29,25,2,94,4,2,94,8,0.21951219512195122,1,16,2,5,1,frappe/erpnext
6c8cd9b18a3e0c8f,8,1,0,0,7,0,0,7,0,0.12499999999999997,0,0,0,0,0,frappe/erpnext
d5108f1ac6b2a32e,7,1,1,1,6,0,1,6,0,0.0,0,1,1,1,0,frappe/erpnext
4b3d1b41d9da3ac2,93,7,7,1,86,10,1,86,11,0.05376344086021506,0,5,0,1,0,frappe/erpnext
b0aa900b2adc4178,458,35,23,4,423,2,7,423,4,0.06609943799322458,0,20,9,14,0,frappe/erpnext
85e0746a2a1c78cd,306,24,22,0,282,12,0,282,19,0.07832387340901271,0,18,0,1,0,frappe/erpnext
ca16a616c83f6a23,25,21,20,10,4,0,10,4,0,0.44,0,18,10,10,1,frappe/erpnext
6417bf1e3ca03bad,77,1,1,1,76,25,1,76,25,0.0,0,1,1,1,0,frappe/erpnext
0c8ea787ef64a51b,24,2,0,0,22,0,0,22,0,0.08333333333333331,0,0,0,0,0,frappe/erpnext
abb44ea02d5ca244,31,21,21,0,10,0,0,10,0,0.6774193548387096,1,19,0,19,1,frappe/erpnext
aad33b51476912f0,8,5,5,2,3,0,2,3,0,0.375,0,3,1,3,1,frappe/erpnext
e3b9783b80abb6f7,316,4,3,0,312,9,0,312,16,0.012658227848101299,0,3,0,3,0,paramiko/paramiko
f3ee199434d4bfaa,1014,38,35,0,976,10,0,976,20,0.03747534516765282,0,35,0,33,0,paramiko/paramiko
fa401348aa2cdc4a,215,10,8,0,205,2,0,205,15,0.04651162790697674,0,7,0,2,0,paramiko/paramiko
2021114857edecda,254,14,10,9,240,12,9,240,12,0.01968503937007879,0,10,9,10,0,paramiko/paramiko
91c5884f250f9759,148,17,15,2,131,1,2,131,13,0.10135135135135132,0,13,2,10,0,paramiko/paramiko
59ec8035ffb77f4e,239,27,27,0,212,5,0,212,5,0.11297071129707112,0,24,0,24,0,paramiko/paramiko
5c9efb90c8debfd8,224,83,80,1,141,4,1,141,6,0.36607142857142855,0,79,1,49,0,paramiko/paramiko
929c25b662493f1b,658,21,19,1,637,32,1,637,57,0.03039513677811549,0,15,1,6,0,paramiko/paramiko
f5b85bb6c14d37d4,196,6,5,1,190,8,1,190,8,0.02551020408163264,0,5,1,5,0,paramiko/paramiko
233366241d2fa84d,245,91,86,3,154,9,3,154,12,0.35918367346938773,1,84,3,53,1,paramiko/paramiko
4f6ad982b8cc5534,590,75,71,4,515,3,4,515,132,0.11864406779661016,0,57,4,26,0,paramiko/paramiko
7977fe29caae80e2,965,104,98,0,861,68,0,861,87,0.1077720207253886,0,95,0,55,0,paramiko/paramiko
ad12ce4be6dc236f,528,28,28,1,500,20,1,500,22,0.05113636363636362,0,28,1,17,0,paramiko/paramiko
b86e328b7c198b67,119,20,20,0,99,0,0,99,6,0.1680672268907563,0,20,0,0,0,paramiko/paramiko
e4c3f1d7e005cbed,330,29,26,0,301,10,0,301,27,0.09696969696969697,0,22,0,9,0,paramiko/paramiko
11c5e8d37adaf374,318,9,9,0,309,24,0,309,28,0.028301886792452827,0,9,0,9,0,paramiko/paramiko
6ff887a65aabad36,600,77,76,0,523,2,0,523,72,0.1283333333333333,0,71,0,62,0,paramiko/paramiko
5af8e7cab4b95ee0,383,21,20,2,362,35,2,362,81,0.04960835509138381,0,20,2,14,0,paramiko/paramiko
37da7019025c60a9,226,66,64,2,160,3,2,160,5,0.2831858407079646,0,62,2,57,0,paramiko/paramiko
b769d0fa8d612682,696,13,13,1,683,15,1,683,45,0.020114942528735642,0,12,0,11,0,paramiko/paramiko
5cdccce6b82d19a4,148,12,9,0,136,9,0,136,10,0.08108108108108106,0,9,0,6,0,paramiko/paramiko
72e655d21d87a96d,40,0,0,0,40,0,0,40,0,0.0,0,0,0,0,0,paramiko/paramiko
6f8d19089abc567a,696,48,48,1,648,38,1,648,60,0.07183908045977012,0,40,1,14,0,paramiko/paramiko
913983e4c5c030e3,413,79,73,1,334,2,1,334,2,0.18886198547215494,0,65,1,43,0,paramiko/paramiko
6c101b7a4f41c9f4,280,40,37,0,240,1,0,240,2,0.14285714285714288,0,32,0,10,0,paramiko/paramiko
a7444559ff67c16b,98,0,0,0,98,0,0,98,7,0.0,0,0,0,0,0,zeromq/libzmq
3a0e57b99860ec04,55,17,13,7,38,6,7,38,13,0.0,0,12,3,3,1,zeromq/libzmq
e90172d393038af5,42,12,9,9,30,1,9,30,1,0.0,0,7,7,7,1,zeromq/libzmq
c22762577f1021f4,91,0,0,0,91,0,0,91,3,0.0,0,0,0,0,0,zeromq/libzmq
58086c6463970676,59,3,3,3,56,0,3,56,0,0.0,0,3,3,3,0,zeromq/libzmq
7de53ac451370607,203,21,21,19,182,0,19,182,0,0.009852216748768475,0,20,18,18,0,zeromq/libzmq
862ad4fef92c4e30,384,48,48,21,336,36,21,336,57,0.07291666666666666,0,45,20,23,0,zeromq/libzmq
a9cde7f4435bb81a,343,11,7,3,332,0,3,332,6,0.011661807580174889,0,7,3,4,0,zeromq/libzmq
a5ce858b32f60319,167,8,8,8,159,4,8,159,14,0.0,0,8,8,8,1,zeromq/libzmq
697fe50361cee3a0,143,2,2,2,141,19,2,141,16,0.0,0,2,2,2,0,zeromq/libzmq
a4329b88c956acd4,67,29,14,14,38,0,14,38,0,0.01289009497964725,0,14,14,14,1,zeromq/libzmq
3a54bbcb7d3c73b4,79,1,1,1,78,3,1,78,10,0.0,0,1,1,1,0,zeromq/libzmq
1cbb2af8ae432aec,134,1,0,0,133,0,0,133,8,0.0,0,0,0,0,0,zeromq/libzmq
c08d754d8c7a6cf4,195,5,5,5,190,0,5,190,3,0.0,0,5,5,5,0,zeromq/libzmq
9101b2ea289ce024,29,7,6,6,22,0,6,22,3,0.0,0,4,4,4,0,zeromq/libzmq
e180438303545c5f,44,0,0,0,44,0,0,44,0,0.0,0,0,0,0,0,zeromq/libzmq
000ae6f50a036f02,36,12,12,1,24,0,1,24,0,0.3055555555555556,1,6,1,1,1,zeromq/libzmq
28b21a0c273e8dca,755,3,0,0,752,2,0,752,72,0.0,0,0,0,0,0,zeromq/libzmq
9475173eb7b2f4e0,63,27,21,7,36,4,7,36,4,0.1111111111111111,0,20,3,3,1,zeromq/libzmq
061be5e1a2b15643,226,42,39,37,184,0,37,184,0,0.0088495575221239,0,39,37,37,0,zeromq/libzmq
ecb801f54a977d51,41,14,13,10,27,0,10,27,0,0.0,0,12,5,5,0,zeromq/libzmq
e5fc1a7a13313797,346,32,32,3,314,3,3,314,31,0.0838150289017341,0,20,3,7,0,zeromq/libzmq
2104c09d0ce0872b,599,14,14,14,585,31,14,585,63,0.0,0,14,14,14,0,zeromq/libzmq
4d17223789e8767f,206,6,0,0,200,1,0,200,5,0.0,0,0,0,0,0,zeromq/libzmq
570167005c979157,61,0,0,0,61,0,0,61,2,0.0,0,0,0,0,0,zeromq/libzmq
2526100bdb158053,473,9,9,2,464,111,2,464,128,0.010570824524312898,0,9,4,4,0,redpanda-data/redpanda
4b513b8b31b21cfa,416,9,9,0,407,9,0,407,9,0.014423076923076898,0,9,3,3,0,redpanda-data/redpanda
fd22159b0dbb5597,100,1,1,0,99,0,0,99,0,0.010000000000000005,0,1,0,0,0,redpanda-data/redpanda
b148bab17dc8c549,347,102,91,9,245,1,14,245,6,0.26504416832707656,0,73,12,36,0,redpanda-data/redpanda
1f2cfbb63aa2c4b5,710,173,164,24,537,11,33,537,38,0.2084507042253521,0,119,27,58,0,redpanda-data/redpanda
383a91db3ec05d4e,136,5,5,3,131,0,3,131,0,0.014705882352941175,0,5,3,3,0,redpanda-data/redpanda
f0b5cdd44f708920,292,0,0,0,292,0,0,292,5,0.0,0,0,0,0,0,redpanda-data/redpanda
1fc2eb387bc559d8,191,101,91,26,90,0,26,90,0,0.3926701570680628,0,78,25,33,1,redpanda-data/redpanda
4cf7944938229736,574,3,3,1,571,12,1,571,25,0.0034843205574912888,0,3,1,1,0,redpanda-data/redpanda
88b9cd1af838464c,336,113,109,26,223,0,28,223,0,0.25595238095238093,0,87,27,53,0,redpanda-data/redpanda
0879970555c08129,688,212,199,14,476,0,13,476,66,0.2688953488372093,1,153,16,64,1,redpanda-data/redpanda
4b6fe56c11b4422e,545,1,1,0,544,0,0,544,12,0.0018348623853210733,0,1,0,0,0,redpanda-data/redpanda
33109cb177f42ebb,507,0,0,0,507,63,0,507,69,0.0,0,0,0,0,0,redpanda-data/redpanda
c36f62fdfc8b5a0c,274,70,64,12,204,0,15,204,5,0.21167883211678834,0,59,12,32,0,redpanda-data/redpanda
3b733b9bf3e246b4,1031,20,20,14,1011,61,14,1011,117,0.005819592628516003,0,18,12,12,0,redpanda-data/redpanda
1f3aaa3fef1ce318,41,1,1,0,40,0,0,40,0,0.02439024390243898,0,1,0,0,0,redpanda-data/redpanda
888285d204af8db5,168,12,12,8,156,0,8,156,17,0.023809523809523808,0,10,6,6,0,redpanda-data/redpanda
b250b89c2821c44a,141,0,0,0,141,0,0,141,7,0.0,0,0,0,0,0,redpanda-data/redpanda
9b1a090e34f38456,91,8,8,0,83,0,0,83,0,0.08791208791208792,0,8,0,0,0,redpanda-data/redpanda
18cfcc6ee969aa00,211,1,1,0,210,2,0,210,5,0.004739336492890992,0,1,0,0,0,redpanda-data/redpanda
d85ead61fc376475,1236,24,24,12,1212,0,12,1212,6,0.009708737864077667,0,24,12,12,0,redpanda-data/redpanda
0760ddf109d65e81,241,6,6,2,235,0,2,235,0,0.016597510373443952,0,6,2,2,0,redpanda-data/redpanda
9e770f7e943f2084,75,3,3,1,72,0,1,72,0,0.026666666666666665,0,3,1,1,0,redpanda-data/redpanda
02e901f2aaf57024,705,14,14,4,691,2,4,691,20,0.014184397163120577,0,14,4,4,0,redpanda-data/redpanda
cea9b8f4b38c3433,80,7,7,5,73,0,5,73,0,0.025000000000000012,0,6,4,4,0,redpanda-data/redpanda
778de472fcb2cb7e,331,11,11,0,320,7,0,320,14,0.03323262839879154,0,7,0,5,0,home-assistant/core
96a4691015edc367,713,83,82,2,630,28,2,630,96,0.11360448807854137,0,67,1,30,0,home-assistant/core
f73df2eb187aafc0,313,7,6,0,306,25,0,306,25,0.021749815679528148,0,5,0,4,1,home-assistant/core
896239d3d6d425ee,74,0,0,0,74,0,0,74,4,0.0,0,0,0,0,0,home-assistant/core
f14aaaf7b963f7af,63,16,11,0,47,1,0,47,5,0.253968253968254,0,9,0,9,0,home-assistant/core
021a1d55c28ad250,300,17,12,0,283,0,0,283,0,0.05666666666666667,0,11,0,9,0,home-assistant/core
cfee868914f425bb,305,5,4,0,300,4,0,300,10,0.022950819672131154,0,0,0,0,0,home-assistant/core
ef6d275b3019ed13,27,26,26,26,1,0,26,1,0,0.0,0,15,15,15,1,home-assistant/core
564ffbd5b953110c,603,18,18,0,585,5,0,585,63,0.03316749585406303,0,17,0,14,0,home-assistant/core
c2c59b21473f3935,11,1,1,0,10,0,0,10,1,0.0909090909090909,0,1,0,1,0,home-assistant/core
040b8a8b4c29dc2a,234,10,10,0,224,2,0,224,8,0.04700854700854701,0,6,0,0,0,home-assistant/core
e1fb30bfe3b0491a,91,1,1,0,90,0,0,90,4,0.010989010989010999,0,0,0,0,0,home-assistant/core
acb2eee875f8e691,338,0,0,0,338,0,0,338,14,0.0,0,0,0,0,0,home-assistant/core
e201aece9cec3142,441,1,0,0,440,30,0,440,32,0.020408163265306103,0,0,0,0,0,home-assistant/core
056c2c369b840367,83,14,12,0,69,0,0,69,4,0.1686746987951807,0,7,0,1,0,home-assistant/core
18667e018705fd48,459,153,123,0,306,1,0,306,112,0.3253069914834621,1,102,0,32,1,home-assistant/core
63d2c72f85484b36,157,5,5,0,152,26,0,152,41,0.06369426751592355,0,5,0,5,0,home-assistant/core
96276f025188181a,72,14,14,0,58,0,0,58,2,0.19263285024154586,0,11,0,11,0,home-assistant/core
b4952157a06b6b08,38,34,34,34,4,0,34,4,0,0.0,0,33,33,33,1,home-assistant/core
c16d1f006451b4be,123,6,6,1,117,2,1,117,8,0.04065040650406504,0,4,1,2,0,home-assistant/core
37b02c980d1ccc74,634,3,3,0,631,57,0,631,70,0.0047318611987381696,0,1,0,1,0,home-assistant/core
0d92acadc405c0e5,32,0,0,0,32,0,0,32,0,0.0,0,0,0,0,0,home-assistant/core
ef4709c0a20edd33,304,13,13,0,291,29,0,291,42,0.04934210526315789,0,10,0,1,1,home-assistant/core
11d9a7f67865e206,311,10,10,4,301,0,4,301,14,0.019292604501607743,0,8,4,5,0,home-assistant/core
b4669d202d4aecf3,273,271,271,243,2,0,243,2,0,0.10256410256410255,0,185,157,157,1,home-assistant/core
95f92f2939923942,49,2,0,0,47,1,0,47,1,0.0,0,0,0,0,0,apache/maven
f35103f068e191d5,97,1,0,0,96,0,0,96,29,0.0,0,0,0,0,0,apache/maven
2327ca226e67b8dc,30,3,0,0,27,1,0,27,1,0.0,0,0,0,0,0,apache/maven
3a24930eeed589a2,70,5,0,0,65,0,0,65,19,0.0,0,0,0,0,0,apache/maven
1013c9e3e307b55b,35,4,0,0,31,1,0,31,1,0.0,0,0,0,0,0,apache/maven
a451a8c5a29d22dd,78,5,0,0,73,0,0,73,17,0.0,0,0,0,0,0,apache/maven
78adf05a88238b91,58,3,0,0,55,1,0,55,1,0.0,0,0,0,0,0,apache/maven
2f8b005e94a0aa63,331,29,0,0,302,0,0,302,19,8.239494644326356e-05,0,0,0,0,0,apache/maven
438b01c48e748755,163,10,0,0,153,0,0,153,18,0.0,0,0,0,0,0,apache/maven
5e32d3e141f6d87a,426,5,0,0,421,0,0,421,17,0.0,0,0,0,0,0,apache/maven
0a8faff21b73470a,86,3,0,0,83,0,0,83,17,0.0,0,0,0,0,0,apache/maven
48fe2672cc89f4b4,51,2,0,0,49,1,0,49,1,0.0,0,0,0,0,0,apache/maven
dc9365d50b47c1e1,58,8,0,0,50,0,0,50,17,0.0,0,0,0,0,0,apache/maven
b398f1e02fcebedc,80,4,1,1,76,1,1,76,2,0.0,0,1,1,1,1,apache/maven
1842108781ab611c,879,18,0,0,861,0,0,861,37,0.0,0,0,0,0,0,apache/maven
5e5890b2aad718a4,40,1,0,0,39,0,0,39,26,0.0,0,0,0,0,0,apache/maven
dd7938dd7bdf6f9f,79,3,0,0,76,0,0,76,18,0.0,0,0,0,0,0,apache/maven
83a00f67e80db114,265,23,0,0,242,0,0,242,22,0.0,0,0,0,0,0,apache/maven
a7b792ee90023016,251,14,0,0,237,0,0,237,17,0.00030278884462147174,0,0,0,0,0,apache/maven
18bfd7266673d63f,60,4,0,0,56,1,0,56,1,0.0,0,0,0,0,0,apache/maven
26a36359e05c3a86,50,7,0,0,43,0,0,43,17,0.0,0,0,0,0,0,apache/maven
96755a1553dbb283,231,48,0,0,183,0,0,183,18,9.41087897609336e-05,0,0,0,0,0,apache/maven
32f9c4414fc7b3e6,38,5,0,0,33,1,0,33,1,0.0,0,0,0,0,0,apache/maven
fb4eef58e7edb0f2,43,3,0,0,40,1,0,40,1,0.0,0,0,0,0,0,apache/maven
c7088c18c59164d4,57,4,0,0,53,0,0,53,17,0.0,0,0,0,0,0,apache/maven
692fbc9b6a373f0d,302,302,253,253,0,0,253,0,0,0.0,0,234,234,234,1,headroomlabs-ai/headroom
c60010e0605b222f,148,105,91,91,43,0,91,43,0,0.0,0,72,72,72,1,headroomlabs-ai/headroom
c6fdfe847156e385,25,25,21,21,0,0,21,0,0,0.0,0,18,18,18,1,headroomlabs-ai/headroom
849940c98086d1e3,176,169,140,140,7,0,140,7,0,0.0,0,130,130,130,1,headroomlabs-ai/headroom
cc0fa62b43424890,362,295,255,255,67,0,255,67,4,0.0,0,217,217,217,1,headroomlabs-ai/headroom
e5563681566458e1,537,143,125,125,394,0,125,394,21,0.0,0,108,108,108,0,headroomlabs-ai/headroom
68557f4f738a466e,1743,57,36,36,1686,35,36,1686,96,0.0,0,33,33,33,0,headroomlabs-ai/headroom
21366b599c57ca8a,85,50,37,37,35,0,37,35,0,0.0,0,35,35,35,1,headroomlabs-ai/headroom
fff3f544d5101d53,486,241,191,191,245,0,191,245,11,0.0,0,178,178,178,0,headroomlabs-ai/headroom
a9748772fe512286,2745,270,237,237,2475,0,237,2475,359,0.0,0,206,206,206,1,headroomlabs-ai/headroom
e92cd053e05d1ff6,140,140,109,109,0,0,109,0,0,0.0,0,105,105,105,1,headroomlabs-ai/headroom
2bc365b14e2781d4,26,26,19,19,0,0,19,0,0,0.0,0,18,18,18,1,headroomlabs-ai/headroom
6866dfda0c5983eb,51,33,25,25,18,0,25,18,0,0.0,0,23,23,23,1,headroomlabs-ai/headroom
b2d0a10417a81b8f,200,181,145,144,19,12,144,19,12,0.0,0,138,138,138,1,headroomlabs-ai/headroom
f355336ae31bb94b,186,185,141,141,1,0,141,1,0,0.0,0,126,126,126,1,headroomlabs-ai/headroom
40d0501b0b4aeb89,73,57,46,46,16,0,46,16,0,0.0,0,45,45,45,1,headroomlabs-ai/headroom
adb11326646ddb9d,179,179,147,147,0,0,147,0,0,0.0,0,129,129,129,1,headroomlabs-ai/headroom
f46006e3f43ffb1d,40,40,34,34,0,0,34,0,0,0.0,0,32,32,32,1,headroomlabs-ai/headroom
b37da5b8dbc44104,961,456,398,398,505,1,398,505,121,0.0,0,366,366,366,1,headroomlabs-ai/headroom
82b8c751c003a1de,143,130,110,110,13,0,110,13,0,0.0,0,94,94,94,1,headroomlabs-ai/headroom
223c4971ee75fd78,153,132,107,107,21,0,107,21,1,0.0,0,98,98,98,1,headroomlabs-ai/headroom
b4daa0a4406d8a4b,283,194,148,148,89,0,148,89,6,0.0,0,136,136,136,1,headroomlabs-ai/headroom
a5e97eb67a6a11f9,887,341,295,295,546,0,295,546,84,0.0,0,216,216,216,1,headroomlabs-ai/headroom
ffff2b0f403265b3,511,251,201,201,260,4,201,260,5,0.0,0,191,191,191,1,headroomlabs-ai/headroom
8926406f4a2677f2,93,68,54,54,25,0,54,25,0,0.0,0,46,46,46,1,headroomlabs-ai/headroom
3ee78d5438cf9e45,43,19,19,18,24,0,18,24,0,0.023255813953488393,0,19,18,19,0,emscripten-core/emscripten
5190f55f449246db,55,0,0,0,55,0,0,55,35,0.0,0,0,0,0,0,emscripten-core/emscripten
f0c5407cc2a8e1f8,28,5,5,4,23,0,4,23,0,0.035714285714285705,0,5,4,5,0,emscripten-core/emscripten
2b65e4c5dfe8f153,13,0,0,0,13,0,0,13,4,0.0,0,0,0,0,0,emscripten-core/emscripten
04f56015e5f01d47,141,1,1,0,140,0,0,140,18,0.007092198581560233,0,1,1,1,0,emscripten-core/emscripten
c08101d27dfedd07,3061,656,654,621,2405,4,621,2405,407,0.011107481215289136,0,572,539,572,0,emscripten-core/emscripten
42294290097bf943,569,0,0,0,569,9,0,569,11,0.0,0,0,0,0,0,emscripten-core/emscripten
9610193a256ebc41,91,2,2,0,89,0,0,89,0,0.02197802197802194,0,2,1,1,0,emscripten-core/emscripten
598d3a6c1ecc0665,316,1,1,0,315,0,0,315,2,0.0031645569620253108,0,1,1,1,0,emscripten-core/emscripten
2fbeb17c39017cc9,66,1,1,0,65,0,0,65,0,0.015151515151515145,0,1,1,1,0,emscripten-core/emscripten
69ac4fabcec899d9,499,27,26,24,472,0,24,472,1,0.006012024048096184,0,26,24,24,0,emscripten-core/emscripten
4f17b70f0c608229,1356,256,233,82,1100,30,82,1100,51,0.11503878914122394,0,221,61,61,0,emscripten-core/emscripten
04a3e8efd9d8047e,439,0,0,0,439,59,0,439,66,0.0,0,0,0,0,0,emscripten-core/emscripten
822a9a2a182867bb,901,523,260,242,378,1,242,378,21,0.01997780244173136,0,258,218,218,1,emscripten-core/emscripten
2963d75b4d65463f,1901,9,6,0,1892,42,0,1892,157,0.003156233561283521,0,6,0,0,0,emscripten-core/emscripten
e874b8e3fe2a7d01,418,5,5,0,413,2,0,413,6,0.011961722488038274,0,5,1,1,0,emscripten-core/emscripten
35815902f11e4f61,70,3,3,3,67,0,3,67,0,0.0,0,3,3,3,0,emscripten-core/emscripten
a4d0f5b7399c8f2c,920,402,276,179,518,20,172,518,36,0.009640057020670015,0,226,130,130,1,emscripten-core/emscripten
e3b65f99ed64c1d0,43,20,20,19,23,0,19,23,0,0.023255813953488393,0,20,19,20,0,emscripten-core/emscripten
73ab65808e3030c7,249,3,1,0,246,20,0,246,34,0.004016064257028136,0,1,0,0,0,emscripten-core/emscripten
9e4cc1973ede37b9,692,369,266,167,323,25,163,323,109,0.014324658606153921,0,246,122,127,1,emscripten-core/emscripten
bcf4e5db7b9154b3,186,1,1,0,185,0,0,185,4,0.005376344086021503,0,1,0,1,0,emscripten-core/emscripten
faaab610d1a4c3c3,2079,1488,1135,791,591,88,686,591,112,0.018000221208777374,0,1053,628,631,1,emscripten-core/emscripten
f6802b0878404027,345,14,1,0,331,8,0,331,22,0.002898550724637682,0,0,0,0,0,emscripten-core/emscripten
f63c441972f704a6,11,0,0,0,11,0,0,11,5,0.0,0,0,0,0,0,emscripten-core/emscripten
7e35d779f2e58be8,48,35,35,35,13,0,35,13,0,0.0,0,29,29,29,1,withastro/starlight
cec586fe882ffb07,132,5,5,5,127,1,5,127,4,0.0,0,3,3,3,0,withastro/starlight
b21420a04fa3a4e0,474,72,67,47,402,33,48,402,42,0.044303797468354424,0,50,30,50,0,withastro/starlight
3cea567050916c34,165,10,10,6,155,74,6,155,74,0.024242424242424267,0,10,6,6,0,withastro/starlight
2a8d5f4505e52a40,27,13,13,8,14,1,8,14,1,0.1851851851851852,0,13,8,8,1,withastro/starlight
ae669176eb85e8e0,163,16,16,16,147,1,16,147,1,0.0,0,16,16,16,0,withastro/starlight
b16471b56d16c3fb,17,4,4,4,13,0,4,13,0,0.0,0,4,4,4,0,withastro/starlight
ebd74cebc0603c20,93,36,36,36,57,0,36,57,0,0.0,0,31,31,31,1,withastro/starlight
faf09da7ab3b4f69,465,1,1,1,464,1,1,464,3,0.0,0,1,1,1,0,withastro/starlight
c2037955ec42b7cd,128,0,0,0,128,0,0,128,0,0.0,0,0,0,0,0,withastro/starlight
925195cff697e1a5,10,6,6,6,4,0,6,4,0,0.0,0,5,5,5,1,withastro/starlight
c7fa55e31555eccd,59,14,14,14,45,0,14,45,0,0.0,0,8,8,8,0,withastro/starlight
0a0f2f00c89e2bad,466,3,2,2,463,1,2,463,3,0.002145922746781144,0,2,2,2,0,withastro/starlight
590ae065a366fcc6,14,1,1,1,13,0,1,13,0,0.0,0,0,0,0,0,withastro/starlight
0d163f26f08460bf,152,12,12,12,140,0,12,140,0,0.0,0,12,12,12,0,withastro/starlight
72285cb7f6e2e9d2,130,6,6,6,124,0,6,124,3,0.0,0,4,4,4,0,withastro/starlight
f64a99ba470f402d,72,38,38,38,34,0,38,34,3,0.0,0,33,33,33,1,withastro/starlight
0937f3bfc59436f8,14,3,0,0,11,0,0,11,0,0.0,0,0,0,0,0,withastro/starlight
637ce5b8867d0d6b,160,10,10,10,150,1,10,150,1,0.0,0,10,10,10,0,withastro/starlight
3570b6adfc135852,56,19,19,19,37,0,19,37,2,0.0,0,11,11,11,1,withastro/starlight
9bce8cf483ea1243,141,0,0,0,141,12,0,141,12,0.0,0,0,0,0,0,withastro/starlight
3e4f9a348b4af375,46,0,0,0,46,0,0,46,0,0.0,0,0,0,0,0,withastro/starlight
cab79b9089707c78,319,7,7,7,312,0,7,312,3,0.0,0,5,5,5,0,withastro/starlight
e663254104ee2d7d,27,7,7,7,20,0,7,20,0,0.0,0,7,7,7,0,withastro/starlight
5f302ab0595cc147,157,0,0,0,157,2,0,157,4,0.0,0,0,0,0,0,withastro/starlight
8a16e324ed6701ec,74,39,37,0,35,0,2,35,0,0.5270270270270271,1,31,2,6,1,NVIDIA/cuml
f57a5162366be8dc,89,9,9,7,80,0,7,80,0,0.022471910112359578,0,9,7,7,0,NVIDIA/cuml
c69875896378546b,37,9,8,0,28,0,1,28,0,0.24324324324324323,1,8,2,2,1,NVIDIA/cuml
45f055cf242fd61e,253,2,2,0,251,115,0,251,118,0.007905138339920938,0,2,0,0,0,NVIDIA/cuml
379023a359626a1a,9,3,2,0,6,2,0,6,3,0.33333333333333337,1,2,0,0,1,NVIDIA/cuml
19691a2ba2920ece,46,2,2,0,44,4,0,44,4,0.04347826086956521,0,2,0,0,0,NVIDIA/cuml
dcea6c7381b07e1b,176,1,1,0,175,89,0,175,93,0.005681818181818179,1,1,0,0,0,NVIDIA/cuml
11d73b94ef244a5c,71,16,15,1,55,3,1,55,5,0.2112676056338028,1,13,3,8,1,NVIDIA/cuml
4dd1a6b0fcb7ca71,89,2,2,0,87,20,0,87,24,0.02247191011235955,0,2,0,0,0,NVIDIA/cuml
0d6a1baa576d4068,69,2,2,0,67,0,0,67,5,0.02898550724637685,0,2,0,0,0,NVIDIA/cuml
604469313b35dc12,276,24,18,0,252,35,0,252,43,0.07246376811594206,0,10,3,3,0,NVIDIA/cuml
707bbf4bad4194f1,14,4,3,0,10,0,0,10,0,0.2857142857142857,0,3,0,0,0,NVIDIA/cuml
5fc61ce2fafcc562,20,4,3,0,16,0,0,16,0,0.19999999999999996,0,3,0,0,0,NVIDIA/cuml
f5ed6dd7556558f0,613,109,105,24,504,34,21,504,66,0.1335356884978472,0,83,29,39,0,NVIDIA/cuml
ea6888485eb0ff67,1006,236,221,6,770,13,6,770,33,0.22459220580133657,0,178,11,66,0,NVIDIA/cuml
5bdb04a212dce68f,514,9,9,8,505,0,8,505,0,0.0019455252918287903,0,9,8,8,0,NVIDIA/cuml
aaebe218a1eed283,85,1,1,0,84,2,0,84,6,0.011764705882352941,0,1,0,0,0,NVIDIA/cuml
4de8179b1be45fde,240,1,1,0,239,5,0,239,5,0.004166666666666659,0,1,0,0,0,NVIDIA/cuml
ae07adcf47b0d87c,32,10,9,0,22,0,0,22,0,0.3125,0,9,2,6,0,NVIDIA/cuml
9226c88dd2a360b2,42,16,15,0,26,0,2,26,0,0.38095238095238093,0,15,2,10,0,NVIDIA/cuml
22f91c5bda393744,10,7,6,0,3,0,0,3,0,0.7,1,6,0,2,1,NVIDIA/cuml
eced23cf23b339d5,39,3,2,0,36,0,0,36,0,0.0769230769230769,0,2,0,0,0,NVIDIA/cuml
78e95bd14de3c237,576,2,2,0,574,0,0,574,2,0.0034722222222221917,0,2,0,0,0,NVIDIA/cuml
a312882339462626,36,1,0,0,35,0,0,35,3,0.027777777777777762,0,0,0,0,0,NVIDIA/cuml
bdb131143a86073b,19,3,2,0,16,3,0,16,3,0.15789473684210525,0,2,0,0,0,NVIDIA/cuml
99ce3989de05859c,55,3,3,1,52,0,0,52,41,0.03636363636363637,0,3,1,1,0,NVIDIA/nccl
c7efa7a6d004670e,22,0,0,0,22,1,0,22,1,0.0,0,0,0,0,0,NVIDIA/nccl
2904e4d9a823a346,39,1,1,0,38,0,0,38,7,0.02564102564102565,0,1,0,0,0,NVIDIA/nccl
59659b8041c651be,143,0,0,0,143,5,0,143,14,0.0,0,0,0,0,0,NVIDIA/nccl
007c52ca6a82fbd7,1190,0,0,0,1190,67,0,1190,265,0.0,0,0,0,0,0,NVIDIA/nccl
a8569e7917438759,86,0,0,0,86,0,0,86,6,0.0,0,0,0,0,0,NVIDIA/nccl
698185172e600a30,31,2,2,2,29,0,2,29,11,0.0,0,2,2,2,0,NVIDIA/nccl
d73126c14520d5fb,51,0,0,0,51,10,0,51,10,0.0,0,0,0,0,0,NVIDIA/nccl
dd743c125affc394,227,0,0,0,227,15,0,227,77,0.0,0,0,0,0,0,NVIDIA/nccl
ac1708929b9f5c00,138,0,0,0,138,29,0,138,37,0.0,0,0,0,0,0,NVIDIA/nccl
edcf82b2b639cee5,113,0,0,0,113,1,0,113,6,0.0,0,0,0,0,0,NVIDIA/nccl
ba58c2157a0b01a6,75,0,0,0,75,3,0,75,3,0.0,0,0,0,0,0,NVIDIA/nccl
6db664bf6cb97545,68,12,12,0,56,0,0,56,7,0.17647058823529416,0,9,0,0,0,NVIDIA/nccl
6b3949df7b1d85d5,74,0,0,0,74,1,0,74,4,0.0,0,0,0,0,0,NVIDIA/nccl
4be1332d1d3ffd33,33,0,0,0,33,2,0,33,10,0.0,0,0,0,0,0,NVIDIA/nccl
627d19b8c2a0abe7,34,8,8,4,26,0,4,26,0,0.11764705882352942,0,7,3,3,0,NVIDIA/nccl
f352bf545e25b127,293,0,0,0,293,37,0,293,48,0.0,0,0,0,0,0,NVIDIA/nccl
43424e1041224fcc,245,0,0,0,245,35,0,245,58,0.0,0,0,0,0,0,NVIDIA/nccl
2d7668f047805397,1141,0,0,0,1141,137,0,1141,155,0.0,0,0,0,0,0,NVIDIA/nccl
26f67b426826b4bb,68,8,8,1,60,0,1,60,13,0.10294117647058824,0,8,1,1,0,NVIDIA/nccl
e2cb1f74ca11a783,103,15,15,0,88,0,0,88,0,0.14563106796116507,0,15,0,0,0,NVIDIA/nccl
cafe30817f650839,757,0,0,0,757,454,0,757,454,0.0,0,0,0,0,0,NVIDIA/nccl
2066b0fa1990dea1,702,0,0,0,702,100,0,702,159,0.0,0,0,0,0,0,NVIDIA/nccl
0ff62835e250f27b,1557,0,0,0,1557,159,0,1557,175,0.0,0,0,0,0,0,NVIDIA/nccl
637aca7e97791cbd,46,0,0,0,46,2,0,46,2,0.0,0,0,0,0,0,NVIDIA/nccl
cb5b44799d4a23d3,150,29,16,0,121,1,0,121,1,0.17333333333333328,0,16,0,10,0,obsproject/obs-studio
bf68fe13e5406abc,1109,159,141,36,950,22,31,950,62,0.09467989179440936,0,140,41,41,0,obsproject/obs-studio
3d13f2c4540ae0f7,34,0,0,0,34,0,0,34,0,0.0,0,0,0,0,0,obsproject/obs-studio
1ef904e1ba06460a,346,29,27,1,317,3,1,317,5,0.07514450867052022,0,27,1,1,0,obsproject/obs-studio
561480d9f69e7b80,455,68,40,0,387,4,0,387,100,0.10989010989010989,0,40,0,9,0,obsproject/obs-studio
d08db9b1e21ab91c,47,10,9,1,37,0,1,37,0,0.1914893617021277,0,7,1,2,0,obsproject/obs-studio
935e9256ef98849c,525,81,52,1,444,6,2,444,7,0.13142857142857145,0,52,1,22,0,obsproject/obs-studio
42b1e2a453f8f87d,18,3,2,1,15,0,1,15,0,0.11111111111111116,0,2,1,2,0,obsproject/obs-studio
5dda35cfd7b6e95c,598,64,42,1,534,16,3,534,23,0.08527857362996108,0,42,1,16,0,obsproject/obs-studio
98bf08e809aa0955,1705,182,136,19,1523,138,20,1523,276,0.08777412502262229,0,129,19,55,0,obsproject/obs-studio
c50055515291c60c,824,147,124,23,677,25,24,677,31,0.14168047008185325,0,124,31,61,0,obsproject/obs-studio
a286ef46ff090a72,113,18,12,1,95,1,1,95,23,0.1504424778761062,0,12,3,9,0,obsproject/obs-studio
e8e8f7753b8b7b7c,226,20,20,10,206,0,10,206,4,0.04424778761061945,0,20,10,10,0,obsproject/obs-studio
4f741fca7b3adaec,19,4,0,0,15,0,0,15,0,0.0,0,0,0,0,0,obsproject/obs-studio
d5c53c5b80fc4ad6,58,0,0,0,58,0,0,58,0,0.0,0,0,0,0,0,obsproject/obs-studio
753b5084fade904c,46,7,6,0,39,0,0,39,0,0.15217391304347824,0,6,1,1,0,obsproject/obs-studio
1db2c7d5cbd01d70,62,11,11,11,51,0,11,51,0,0.0,0,11,11,11,0,obsproject/obs-studio
75e9eb48c657fc38,980,177,148,18,803,32,20,803,113,0.15513205282112844,0,148,20,58,0,obsproject/obs-studio
3c3997f4005e84f0,471,9,6,0,462,1,0,462,1,0.012738853503184712,0,6,1,1,0,obsproject/obs-studio
3783fa3741568aff,230,19,8,1,211,0,1,211,0,0.030434782608695678,0,8,1,1,0,obsproject/obs-studio
8306861d867869ff,846,112,79,5,734,34,11,734,84,0.08865248226950352,0,79,6,6,0,obsproject/obs-studio
3f8772c3aa3a02ab,30,1,1,0,29,0,0,29,0,0.033333333333333326,0,1,0,0,0,obsproject/obs-studio
e844fe25ca8e4736,1176,59,58,5,1117,0,2,1117,566,0.04591836734693874,0,58,5,5,0,obsproject/obs-studio
8a85fe3d94ac3ece,107,20,0,0,87,0,0,87,0,0.0,0,0,0,0,0,obsproject/obs-studio
97ec4a7493ac26d5,289,40,40,4,249,0,4,249,0,0.12456747404844291,0,40,4,4,0,obsproject/obs-studio
f25628fd7977653c,70,12,11,6,58,0,6,58,0,0.07142857142857144,0,10,6,6,0,apple/pkl
ff9b83ea4f2a67b4,2244,487,415,279,1757,225,271,1757,312,0.001336898395721927,0,301,285,285,1,apple/pkl
c2efbd76bfd2cd8d,327,46,1,0,281,0,0,281,6,0.0030581039755351765,0,1,0,0,0,apple/pkl
2796e8e46117088c,228,3,1,1,225,0,1,225,2,0.0,0,0,0,0,0,apple/pkl
b651856309f6ff36,141,2,1,1,139,2,1,139,4,0.0,0,0,0,0,0,apple/pkl
97bb381650a7a05f,386,113,103,31,273,2,45,273,3,0.20984455958549222,0,96,32,45,0,apple/pkl
be82d92facf4f654,499,65,48,48,434,0,48,434,13,0.0,0,43,43,43,0,apple/pkl
c9f936c70142033a,274,142,141,141,132,18,124,132,41,0.0,0,99,99,99,1,apple/pkl
0dcacbe1df7bf73b,181,54,43,42,127,10,41,127,29,0.0055248618784530384,0,39,38,38,1,apple/pkl
3649198d6c3de852,2450,490,444,277,1960,376,265,1960,462,0.001224489795918375,0,302,292,293,0,apple/pkl
83d45b7983ee3876,123,5,4,4,118,0,4,118,4,0.0,0,4,4,4,0,apple/pkl
59071ae8893ceeef,73,3,3,2,70,0,2,70,15,0.013698630136986273,0,2,1,1,0,apple/pkl
3c9d2da7524b3788,41,2,0,0,39,4,0,39,5,0.0,0,0,0,0,0,apple/pkl
c94f0fa48b1d87e2,76,17,14,14,59,6,14,59,6,0.0,0,10,10,10,1,apple/pkl
0c661895559cfedb,157,9,8,8,148,2,8,148,3,0.0,0,7,7,7,0,apple/pkl
035e2ae9007e0c44,140,5,4,3,135,28,3,135,33,0.00714285714285714,0,4,3,3,0,apple/pkl
37144b29baadf103,772,110,46,34,662,23,30,662,228,0.0,0,29,29,29,0,apple/pkl
04d0a9df87063cac,458,62,32,32,396,24,30,396,107,0.0,0,25,25,25,0,apple/pkl
443b1e1b4eafa9ef,115,10,4,4,105,0,4,105,1,0.0,0,2,2,2,0,apple/pkl
4c4d01678132d1f4,38,2,2,1,36,0,1,36,0,0.02631578947368421,0,1,0,0,1,apple/pkl
25c2709406bdd8e8,125,21,18,17,104,8,17,104,8,0.0,0,14,14,14,0,apple/pkl
d47655a569abaa65,210,17,12,11,193,1,11,193,5,0.0047619047619047545,0,9,8,8,1,apple/pkl
1fd8378798dbee07,1326,369,315,315,957,0,315,957,20,0.0,0,253,253,253,0,apple/pkl
a1956a566321eb38,275,3,2,2,272,0,2,272,9,0.0,0,0,0,0,0,apple/pkl
fff7163dbad57b5f,80,9,0,0,71,0,0,71,17,0.0,0,0,0,0,0,apple/pkl
510f2a3b94ff5c20,648,6,1,1,642,14,1,642,19,0.0,0,0,0,0,0,libfuse/sshfs
ed95e6d00a56619a,131,1,0,0,130,1,0,130,14,0.0,0,0,0,0,0,libfuse/sshfs
fba2c0611f826bd5,45,8,4,0,37,0,0,37,0,0.17777777777777778,0,4,0,0,0,libfuse/sshfs
f66e47f67e8948a0,4737,20,5,5,4717,184,5,4717,284,0.0,0,4,4,4,0,libfuse/sshfs
0d16353e7f1a8593,329,7,4,4,322,1,4,322,20,0.0,0,4,4,4,0,libfuse/sshfs
d922311d6f623c10,363,8,4,4,355,0,4,355,1,0.0,0,4,4,4,0,libfuse/sshfs
2dff4a611d5cfb5a,8,1,0,0,7,0,0,7,0,0.125,0,0,0,0,0,libfuse/sshfs
73b6b33b6d2c3797,4,4,0,0,0,0,0,0,0,0.0,0,0,0,0,0,libfuse/sshfs
30d8f6be6320feea,72,1,0,0,71,0,0,71,0,0.0,0,0,0,0,0,libfuse/sshfs
6ac3f79fc25d95cd,31,14,5,0,17,0,1,17,0,0.4516129032258065,0,5,1,1,0,libfuse/sshfs
5e819ed747a20793,1100,6,1,1,1094,26,1,1094,129,0.0,0,1,1,1,0,libfuse/sshfs
63a9c44a44acf85f,14,14,0,0,0,0,0,0,0,0.0,0,0,0,0,0,libfuse/sshfs
fb327c87db6b2c02,11,1,1,1,10,0,1,10,0,0.0,0,1,1,1,0,libfuse/sshfs
0dc25ea6fcc93d01,29,0,0,0,29,0,0,29,0,0.0,0,0,0,0,0,libfuse/sshfs
f32b2ebaf233688e,448,181,179,4,267,45,4,267,99,0.390625,1,144,4,4,1,ntop/ntopng
4ec792334987068b,45,3,3,1,42,1,1,42,19,0.04444444444444445,0,2,1,1,0,ntop/ntopng
b61892ee6c0508f0,931,43,37,23,888,75,23,888,102,0.024704618689581067,0,35,25,27,0,ntop/ntopng
57a7ea0b6eaf7af6,52,10,10,1,42,3,1,42,21,0.1923076923076923,0,7,1,1,0,ntop/ntopng
d7308b92f3dc85ea,44,6,6,6,38,0,6,38,0,0.0,0,6,6,6,0,ntop/ntopng
bd64a41315e61f56,43,3,3,1,40,0,1,40,18,0.046511627906976785,0,2,1,1,0,ntop/ntopng
fbd11aa458763e8d,48,7,5,1,41,0,1,41,18,0.08333333333333333,0,4,1,1,0,ntop/ntopng
355c6ddfa8ebf569,66,7,6,1,59,1,2,59,40,0.07575757575757575,0,6,1,1,0,ntop/ntopng
b0e5658a85fd9f65,49,10,10,1,39,2,1,39,20,0.20408163265306123,0,7,1,1,0,ntop/ntopng
cfadc1952e21146a,49,6,5,2,43,0,2,43,23,0.06122448979591837,1,4,2,2,1,ntop/ntopng
d98fece01839e592,494,102,84,31,392,26,31,392,39,0.13157894736842105,0,83,31,34,0,ntop/ntopng
c3edac59c891c4f9,44,2,2,2,42,0,2,42,0,0.0,0,2,2,2,0,ntop/ntopng
efbe5eb63ae7a2fb,46,4,4,3,42,1,3,42,19,0.0,0,4,4,4,0,ntop/ntopng
c8988547354433ff,116,25,18,13,91,4,13,91,4,0.06034482758620688,0,18,13,13,0,ntop/ntopng
1593f0603064c63f,1364,154,125,74,1210,106,75,1210,129,0.0835777126099707,0,116,72,72,0,ntop/ntopng
6aae40d7bbf2bdd1,168,13,12,6,155,20,6,155,42,0.035714285714285705,0,11,5,5,0,ntop/ntopng
b3e2644ddb9d546e,91,11,11,3,80,3,3,80,28,0.10989010989010986,0,11,3,3,0,ntop/ntopng
64d0a9169ec5626a,56,2,2,2,54,4,1,54,29,0.0,0,2,2,2,0,ntop/ntopng
3cad58a4914ae04c,309,157,156,133,152,9,131,152,31,0.03236245954692557,0,155,145,145,1,ntop/ntopng
e27c5dfad208bc1e,50,12,11,0,38,3,0,38,21,0.26,0,8,0,0,0,ntop/ntopng
7f0edff263427636,167,39,35,14,128,2,10,128,54,0.11976047904191618,0,35,15,15,0,ntop/ntopng
7e5c7275ccd910c2,63,2,2,0,61,3,0,61,3,0.031746031746031744,0,2,0,0,0,ntop/ntopng
252ba2e041d46b7b,54,1,1,0,53,5,0,53,23,0.05555555555555551,0,1,0,0,0,ntop/ntopng
c82e81e7351bc8ab,254,46,42,15,208,25,14,208,29,0.11811023622047245,0,36,19,19,0,ntop/ntopng
ef0915eaace43398,606,176,159,80,430,67,68,430,124,0.17491749174917495,0,137,62,62,0,ntop/ntopng
9368925e20393127,67,2,0,0,65,8,0,65,9,0.0,0,0,0,0,0,comet-ml/opik
649443e14b296734,38,0,0,0,38,11,0,38,11,0.0,0,0,0,0,0,comet-ml/opik
d5c0acbcb9c83f66,639,1,0,0,638,2,0,638,49,0.0,0,0,0,0,0,comet-ml/opik
b5189a14b2afb01b,209,0,0,0,209,16,0,209,18,0.0,0,0,0,0,0,comet-ml/opik
88079aa1051398ee,67,1,0,0,66,0,0,66,0,0.0,0,0,0,0,0,comet-ml/opik
862fd6a20cbdf823,327,0,0,0,327,17,0,327,27,0.0,0,0,0,0,0,comet-ml/opik
45ad7c55239bf8ad,116,0,0,0,116,9,0,116,9,0.0,0,0,0,0,0,comet-ml/opik
6b627560307d0a90,133,0,0,0,133,1,0,133,2,0.0,0,0,0,0,0,comet-ml/opik
c709c7f355158375,33,1,0,0,32,0,0,32,0,0.0,0,0,0,0,0,comet-ml/opik
7414c31a0be1cc07,34,3,3,0,31,0,0,31,0,0.08823529411764708,0,3,0,0,0,comet-ml/opik
cfc19928572ddd7e,268,3,0,0,265,0,0,265,19,0.0,0,0,0,0,0,comet-ml/opik
ce653c03c14131ab,47,1,0,0,46,0,0,46,0,0.0,0,0,0,0,0,comet-ml/opik
13a03ef0925b9535,146,1,1,0,145,0,0,145,0,0.006849315068493164,0,1,0,0,0,comet-ml/opik
dd7948f542058cce,79,1,1,0,78,7,0,78,9,0.01265822784810125,0,1,0,0,0,comet-ml/opik
a4f243d09c763f6d,121,0,0,0,121,15,0,121,25,0.0,0,0,0,0,0,comet-ml/opik
5afd92b541588e61,193,0,0,0,193,0,0,193,0,0.0,0,0,0,0,0,comet-ml/opik
62943dcdcd0dfd84,54,1,0,0,53,0,0,53,20,0.0,0,0,0,0,0,comet-ml/opik
a8b10d086d17ae17,47,1,1,0,46,0,0,46,0,0.021276595744680868,0,1,0,0,0,comet-ml/opik
929f72b82d1e8ad8,64,2,1,0,62,0,0,62,0,0.015625,0,1,0,0,0,comet-ml/opik
a28784cf9e3d76c6,29,0,0,0,29,0,0,29,0,0.0,0,0,0,0,0,comet-ml/opik
c615a6612b682aac,66,1,0,0,65,0,0,65,1,0.0,0,0,0,0,0,comet-ml/opik
fafd3f8b41ce9dc8,125,1,1,0,124,0,0,124,0,0.008000000000000004,0,1,0,0,0,comet-ml/opik
c7ecc79d32fa4296,45,1,0,0,44,0,0,44,0,0.0,0,0,0,0,0,comet-ml/opik
40a5847aea155d05,37,2,1,0,35,0,0,35,0,0.027027027027027056,0,1,0,0,0,comet-ml/opik
d9a42384283ec3f2,51,0,0,0,51,0,0,51,4,0.0,0,0,0,0,0,comet-ml/opik
acefc2a59ced2fc1,779,0,0,0,779,91,0,779,106,0.0,0,0,0,0,0,foundry-rs/foundry
aa117de7f92907ec,119,1,1,0,118,0,0,118,8,0.0084033613445378,0,1,0,0,0,foundry-rs/foundry
cf9717b10156f22e,272,2,0,0,270,11,0,270,17,0.002143477317126109,0,0,0,0,0,foundry-rs/foundry
08bf4c751bc3146f,2392,2,1,0,2390,29,0,2390,91,0.0008357707064815397,0,1,0,0,0,foundry-rs/foundry
5560e27eb7ddb2f4,602,3,3,0,599,10,1,599,34,0.004983388704318925,0,2,1,1,0,foundry-rs/foundry
2e9d962a08321605,645,1,1,0,644,1,0,644,8,0.001550387596899204,0,1,0,0,0,foundry-rs/foundry
788dff3c5b7c96d8,360,0,0,0,360,2,0,360,39,0.0,0,0,0,0,0,foundry-rs/foundry
8dc180f487c5695f,110,0,0,0,110,0,0,110,2,0.0,0,0,0,0,0,foundry-rs/foundry
49136da9fe3f5bd6,638,0,0,0,638,5,0,638,38,0.0,0,0,0,0,0,foundry-rs/foundry
8ab2d387d12dd5ad,124,0,0,0,124,0,0,124,0,0.0,0,0,0,0,0,foundry-rs/foundry
9b1e9be6c91db484,204,2,2,0,202,6,0,202,9,0.009803921568627447,0,2,0,0,0,foundry-rs/foundry
776f0cca61b20466,150,1,1,0,149,0,1,149,0,0.006666666666666689,0,1,1,1,0,foundry-rs/foundry
b7606887716b87ae,297,1,0,0,296,0,0,296,17,0.0,0,0,0,0,0,foundry-rs/foundry
e123f33d9f0ffa3c,584,6,6,0,578,20,1,578,75,0.010273972602739712,0,6,1,3,0,foundry-rs/foundry
65ccb400ae131702,123,1,1,0,122,0,0,122,35,0.008130081300813004,0,1,0,0,0,foundry-rs/foundry
87205ada0047dd3b,447,2,2,0,445,18,0,445,85,0.0044742729306487755,0,2,1,1,0,foundry-rs/foundry
b7a7b4e296ec19c9,36,0,0,0,36,0,0,36,1,0.0,0,0,0,0,0,foundry-rs/foundry
7dcb45479a190980,1106,1,0,0,1105,16,0,1105,98,0.0009041591320072297,0,0,0,0,0,foundry-rs/foundry
8a6aeed7a1110a45,4628,4,4,0,4624,180,0,4624,563,0.001080380293863445,0,4,0,2,0,foundry-rs/foundry
14c90cecce80754f,1308,0,0,0,1308,32,0,1308,52,0.0007645259938837944,0,0,0,0,0,foundry-rs/foundry
5f85cb83a78b85f9,566,5,5,1,561,2,1,561,62,0.007067137809187277,0,4,1,2,0,foundry-rs/foundry
dabd4f7cac9d71e9,816,2,2,0,814,165,1,814,171,0.0024509803921568584,0,2,1,1,0,foundry-rs/foundry
e5ae2d5e67a09e01,741,2,2,0,739,9,0,739,158,0.002699055330634291,0,2,0,0,0,foundry-rs/foundry
dd2c0eb6ea5cfc6c,90,1,1,0,89,0,0,89,2,0.0,0,1,1,1,0,foundry-rs/foundry
7c307e0ea051215e,29,1,1,0,28,0,0,28,0,0.034482758620689634,0,1,0,0,0,foundry-rs/foundry
494bf878bb7cd943,47,1,0,0,46,0,0,46,0,0.021276595744680854,0,0,0,0,0,typelevel/cats
cdffbf244bd75074,82,0,0,0,82,0,0,82,0,0.0,0,0,0,0,0,typelevel/cats
ee8f8c28676fb28f,44,1,1,0,43,0,0,43,0,0.022727272727272717,0,1,0,1,0,typelevel/cats
e270c1e57f6373ce,74,2,1,0,72,17,0,72,17,0.027027027027026973,0,1,0,1,0,typelevel/cats
2d4b5d4bbcbd9cdb,458,96,96,0,362,5,0,362,14,0.21179039301310043,1,93,0,81,1,typelevel/cats
387a4f356c26290b,124,2,2,1,122,0,1,122,0,0.0,0,2,2,2,0,typelevel/cats
ae2886c56207543c,771,76,75,2,695,14,2,695,68,0.09986187612646755,1,73,2,41,1,typelevel/cats
0b9162418e740603,38,1,0,0,37,0,0,37,0,0.02631578947368418,0,0,0,0,0,typelevel/cats
8c8b8f4c18ac15f3,77,2,2,2,75,0,2,75,0,0.0,0,1,1,1,0,typelevel/cats
a00fd6c091aa4aa5,68,8,8,3,60,0,3,60,0,0.07352941176470588,0,8,3,6,0,typelevel/cats
bb9d6f0af69eb3db,68,14,14,14,54,10,14,54,10,0.0,0,12,12,12,1,typelevel/cats
f9685ae787b34dc3,43,2,2,2,41,0,2,41,4,0.0,0,1,1,1,0,typelevel/cats
f56ecae46d75f08a,276,20,19,1,256,38,1,256,54,0.0832806324110672,0,19,1,11,0,typelevel/cats
d4b9939552c606d8,66,1,1,1,65,15,1,65,21,0.0,0,1,1,1,0,typelevel/cats
5d5fb8f2bc80e6c0,35,3,3,3,32,0,3,32,0,0.0,0,2,2,2,0,typelevel/cats
3a950dc53ad9dce7,52,2,1,0,50,5,0,50,5,0.03846153846153842,1,1,0,1,0,typelevel/cats
052d7ae676f84aaf,103,0,0,0,103,24,0,103,32,0.058252427184466014,0,0,0,0,0,typelevel/cats
8e6c0e275a71551c,271,17,17,16,254,10,16,254,50,0.0036900369003690066,0,13,12,13,0,typelevel/cats
4c344766840cb537,313,26,25,8,287,4,8,287,4,0.05750798722044728,0,23,7,7,0,typelevel/cats
7e859e15b869674d,42,7,7,5,35,0,5,35,0,0.047619047619047616,1,7,5,7,1,typelevel/cats
542149a90f2137b1,39,0,0,0,39,0,0,39,0,0.0,0,0,0,0,0,typelevel/cats
ce14cd5be1badcbd,122,5,5,0,117,4,0,117,8,0.04098360655737706,0,5,0,3,0,typelevel/cats
7098682b90e505bc,15,0,0,0,15,0,0,15,0,0.0,0,0,0,0,0,typelevel/cats
e179bddf5da7b4b1,408,76,72,31,332,0,27,332,16,0.10049019607843138,0,63,24,31,0,typelevel/cats
609faf5d6a150201,591,8,8,2,583,2,2,583,3,0.010152284263959397,0,7,2,2,0,typelevel/cats
85ad6450f55d7eb3,546,80,79,0,466,0,0,466,24,0.14468864468864473,0,79,5,5,0,XRPLF/rippled
12a9df391674e11e,1326,605,589,132,721,23,133,721,45,0.3460260631658692,0,587,132,133,0,XRPLF/rippled
254e27ed8c5a39fc,185,31,31,7,154,6,7,154,10,0.12972972972972974,0,31,9,9,0,XRPLF/rippled
a1feeac7b4cdb80b,29,15,14,12,14,0,12,14,0,0.06896551724137932,0,14,12,14,1,XRPLF/rippled
6260be928b5bcdda,277,15,15,0,262,0,0,262,3,0.054151624548736454,0,15,0,0,0,XRPLF/rippled
b9779abe650af591,562,33,33,2,529,72,2,529,128,0.058718861209964425,0,33,6,6,0,XRPLF/rippled
5499bfc5835b9b25,469,100,100,34,369,5,34,369,18,0.13859275053304906,0,100,48,48,0,XRPLF/rippled
62464281bc6e81c3,845,152,150,33,693,3,35,693,28,0.1384615384615385,0,147,35,37,0,XRPLF/rippled
b22fafe363a2f70c,21,17,14,7,4,0,7,4,0,0.33333333333333337,0,13,6,6,1,XRPLF/rippled
997b236d5a3893ef,36,10,10,0,26,0,0,26,4,0.2777777777777778,0,10,0,0,0,XRPLF/rippled
882aa9185e9b0496,90,8,8,1,82,0,1,82,9,0.07777777777777778,0,8,1,1,0,XRPLF/rippled
0fc753f8dadb1b72,26,6,6,2,20,0,2,20,0,0.15384615384615385,0,6,2,2,0,XRPLF/rippled
c8f4b8940ded9a44,266,12,12,0,254,0,0,254,0,0.045112781954887216,0,12,0,0,0,XRPLF/rippled
5c13d68debc55430,57,4,4,0,53,0,0,53,12,0.07017543859649122,0,4,0,0,0,XRPLF/rippled
ac75f3df4ab8ebfc,52,4,4,0,48,0,0,48,5,0.0769230769230769,0,4,0,0,0,XRPLF/rippled
c36794e596b249d3,1336,358,353,44,978,0,32,978,233,0.23342343819487807,0,349,106,106,0,XRPLF/rippled
85912a1b13a9718a,650,118,113,22,532,21,26,532,35,0.13846153846153847,0,108,24,27,0,XRPLF/rippled
12392db57e2641e8,418,20,20,0,398,0,0,398,0,0.047846889952153124,0,20,0,0,0,XRPLF/rippled
d0a4ea933c4cf12b,64,8,8,0,56,0,0,56,0,0.125,0,8,0,0,0,XRPLF/rippled
86be5d0f6f232779,194,8,8,0,186,0,0,186,0,0.041237113402061834,0,8,0,0,0,XRPLF/rippled
a899f73bbd030f9d,15,4,4,0,11,0,0,11,0,0.26666666666666666,1,4,0,0,1,XRPLF/rippled
385c474473950af4,2232,435,434,0,1797,0,0,1797,751,0.19444444444444442,0,434,0,2,0,XRPLF/rippled
31dcf83b7da4906c,1982,286,284,13,1696,102,15,1696,159,0.13813615468509519,0,282,29,48,0,XRPLF/rippled
071ca7fb2a855b42,449,92,92,18,357,23,14,357,57,0.16258351893095765,0,90,24,24,1,XRPLF/rippled
ba6105fd26b5b454,685,100,100,0,585,0,0,585,151,0.14598540145985398,0,100,0,0,0,XRPLF/rippled
2a4fc7ae669d9d27,35,11,8,6,24,0,6,24,0,0.0554621848739496,0,8,6,7,0,dotnet/aspnetcore
9753c6f1719935f1,458,312,204,149,146,53,131,146,54,0.0041422606136470065,0,193,121,122,1,dotnet/aspnetcore
efbbf2877c9f6336,88,57,47,30,31,0,31,31,2,0.02259665621734587,0,47,22,23,1,dotnet/aspnetcore
f798dc1244769556,40,25,5,5,15,1,5,15,2,0.00833333333333336,0,3,2,2,0,dotnet/aspnetcore
fa08fb432e20d28b,15,8,6,5,7,1,5,7,1,0.12857142857142856,0,6,4,5,1,dotnet/aspnetcore
3493bdef5922cdea,22,6,5,4,16,0,4,16,3,0.09090909090909088,0,5,3,4,1,dotnet/aspnetcore
c2f61266a5aef73a,43,25,21,19,18,1,19,18,1,0.046511627906976785,0,19,17,18,1,dotnet/aspnetcore
339574826ed13c24,11,7,6,5,4,0,5,4,0,0.18181818181818182,0,5,4,5,1,dotnet/aspnetcore
8dc48dacd850542d,29,17,15,14,12,0,14,12,1,0.06896551724137927,0,11,9,10,1,dotnet/aspnetcore
91a7bde8559339b8,1093,894,560,473,199,13,417,199,49,0.0016186923780702298,0,492,323,326,1,dotnet/aspnetcore
99296d5738bb5595,182,113,81,64,69,10,64,69,12,0.016422803715621395,0,75,31,32,1,dotnet/aspnetcore
e4edc71e338cc9b8,88,65,63,63,23,0,63,23,0,0.011363636363636364,0,49,48,48,1,dotnet/aspnetcore
dc1b649b158fd5ac,51,32,26,24,19,0,24,19,0,0.038039215686274504,0,24,20,21,1,dotnet/aspnetcore
9aa523e5ae6a34e4,28,14,11,10,14,0,10,14,0,0.07142857142857142,0,10,8,9,1,dotnet/aspnetcore
d3063186002bfb05,45,26,18,16,19,0,16,19,0,0.04343434343434341,0,17,9,10,1,dotnet/aspnetcore
be748359b76ab541,152,35,27,26,117,66,26,117,68,0.013157894736842105,0,22,18,19,0,dotnet/aspnetcore
af75b2832c2b8fa6,110,60,43,39,50,1,35,50,18,0.018181818181818216,0,38,33,34,1,dotnet/aspnetcore
73e298616abef858,38,9,4,3,29,0,3,29,0,0.05263157894736843,0,4,3,4,1,dotnet/aspnetcore
f5b778c7d69df8d7,239,199,190,186,40,2,184,40,2,0.008368200836820104,0,154,83,84,1,dotnet/aspnetcore
573b59e43cf6cfab,24,12,10,9,12,0,9,12,0,0.08333333333333334,0,10,6,7,1,dotnet/aspnetcore
62d4dd67f11f8488,134,96,86,84,38,4,84,38,4,0.014925373134328356,0,77,50,51,1,dotnet/aspnetcore
0c2744e5271d5538,17,6,5,4,11,0,4,11,3,0.11764705882352938,0,5,2,3,0,dotnet/aspnetcore
87af789ede3b92fd,37,19,14,13,18,0,13,18,0,0.05405405405405403,0,14,11,12,1,dotnet/aspnetcore
78f4346d41b0e116,37,26,23,22,11,0,22,11,0,0.052552552552552534,0,20,18,19,1,dotnet/aspnetcore
b5170c5f5330c918,350,289,221,103,61,27,97,61,27,0.005223086369218168,0,191,94,97,1,dotnet/aspnetcore
5de213e42d02343e,241,7,7,0,234,0,0,234,4,0.02904564315352695,0,4,0,3,0,vllm-project/vllm
bde8b45ba7922e8b,159,7,7,0,152,1,0,152,3,0.0440251572327044,0,6,0,3,0,vllm-project/vllm
22f2f76bd1b6ea30,141,27,25,0,114,0,0,114,0,0.19138731567937137,0,18,0,2,0,vllm-project/vllm
3f4d4277ba08fcab,99,12,12,1,87,3,1,87,23,0.11111111111111113,0,11,1,2,0,vllm-project/vllm
63df2f537da1da89,449,27,27,4,422,18,4,422,69,0.051224944320712694,0,24,4,5,0,vllm-project/vllm
b29a1643d08abf78,180,4,4,0,176,0,0,176,11,0.02222222222222224,0,3,0,1,0,vllm-project/vllm
a5f12bf1bd01c93d,152,18,15,2,134,2,2,134,3,0.09193098640641337,0,12,2,4,0,vllm-project/vllm
6a978bbb79c8a228,16,5,3,0,11,0,0,11,5,0.24583333333333335,0,3,0,2,0,vllm-project/vllm
6c50e6a90ea9ff73,240,2,2,0,238,4,0,238,14,0.004166666666666666,0,2,2,2,0,vllm-project/vllm
2e606a7aee2ff0ab,121,7,7,0,114,0,0,114,12,0.0578512396694215,0,4,0,1,0,vllm-project/vllm
c8a54e6226d416ba,455,23,22,2,432,15,2,432,42,0.04607639056978265,0,18,2,13,0,vllm-project/vllm
0a1d540c4b8e3832,296,26,26,1,270,1,1,270,33,0.08445945945945946,0,20,1,5,0,vllm-project/vllm
11b09db46f354bfe,10,3,3,0,7,0,0,7,0,0.29999999999999993,0,3,0,3,0,vllm-project/vllm
2b2b863b69a7c683,377,85,81,16,292,2,17,292,6,0.1829954274254912,0,66,16,24,0,vllm-project/vllm
1752a3edce0e5a3c,836,30,27,0,806,10,0,806,47,0.03587224363429582,0,20,0,6,0,vllm-project/vllm
99e3abfed372e806,550,101,96,8,449,19,9,449,68,0.1706959706959707,0,79,8,24,0,vllm-project/vllm
9d1cd5050a7ec1e5,62,3,2,0,59,0,0,59,2,0.04812268640930724,0,2,0,0,0,vllm-project/vllm
5a961cb0c93c2336,47,11,11,0,36,0,4,36,2,0.23404255319148937,0,9,0,1,0,vllm-project/vllm
60dad976f3576604,101,27,25,2,74,0,2,74,7,0.24552455245524554,0,22,0,4,0,vllm-project/vllm
01cc4d3786aafde6,828,97,75,14,731,4,15,731,19,0.07485147994322065,0,62,14,17,0,vllm-project/vllm
6047245d864bf5fd,621,25,25,0,596,24,0,596,107,0.040257648953301126,0,20,1,5,0,vllm-project/vllm
52306c7a5e491ebe,727,57,51,13,670,28,18,670,76,0.06303020617517187,0,45,13,18,0,vllm-project/vllm
f81488a243e5945b,357,81,81,8,276,2,8,276,13,0.20448179271708683,0,62,8,9,0,vllm-project/vllm
e3e4f714f2e4a4b0,54,7,7,0,47,0,0,47,0,0.1296296296296296,0,7,0,0,0,vllm-project/vllm
9c6862ba1ca819a4,156,20,20,0,136,1,0,136,6,0.12820512820512822,0,11,0,0,0,vllm-project/vllm
9eaba4c9b84dbb85,18,1,1,0,17,0,0,17,0,0.055555555555555566,0,1,0,0,0,emacs-lsp/lsp-mode
9e032446f192f5d2,1502,1,1,0,1501,12,0,1501,250,0.0006657789613848156,0,1,0,0,0,emacs-lsp/lsp-mode
d1b3fa4736384067,227,107,89,9,120,0,9,120,16,0.428303437809582,1,89,10,15,1,emacs-lsp/lsp-mode
bd7ba86e18f7c89c,489,9,9,0,480,1,0,480,2,0.01840490797546012,0,9,0,0,0,emacs-lsp/lsp-mode
98d0f806abc9af24,285,2,2,0,283,7,0,283,10,0.007017543859649134,0,2,0,0,0,emacs-lsp/lsp-mode
b30d0528c8ebfa79,965,0,0,0,965,114,0,965,188,0.0,0,0,0,0,0,emacs-lsp/lsp-mode
38ee7c1baa03551f,67,1,1,0,66,6,0,66,6,0.014925373134328353,0,1,0,0,0,emacs-lsp/lsp-mode
399076a2a496cea0,6,0,0,0,6,0,0,6,0,0.0,0,0,0,0,0,emacs-lsp/lsp-mode
d60613dfcaf3abac,1162,9,9,3,1153,14,0,1153,654,0.005163511187607575,0,9,3,3,0,emacs-lsp/lsp-mode
d1c03bcd1ccd0772,575,0,0,0,575,2,0,575,47,0.0,0,0,0,0,0,emacs-lsp/lsp-mode
16d5ab5f7c55ba88,663,3,3,0,660,0,0,660,10,0.004524886877828047,0,3,0,0,0,emacs-lsp/lsp-mode
a8a415fb047cb290,495,0,0,0,495,35,0,495,66,0.0,0,0,0,0,0,emacs-lsp/lsp-mode
64b885f5f187c6bb,357,22,5,1,335,15,1,335,19,0.011204481792717075,0,4,1,2,0,linuxmint/cinnamon
ce633d98ef47ca15,492,58,53,44,434,31,38,434,111,0.0,0,51,51,51,0,linuxmint/cinnamon
64c1010c40df2a89,1148,171,170,97,977,53,94,977,62,0.060975609756097594,0,149,96,114,0,linuxmint/cinnamon
65805fb7edcc71c0,278,43,43,4,235,0,4,235,6,0.14028776978417262,0,36,4,25,0,foliojs/pdfkit
21f87a54096db6e9,21,2,2,0,19,0,0,19,0,0.09523809523809523,0,2,0,2,0,foliojs/pdfkit
8d61b62c8ecd3d81,101,54,51,34,47,0,34,47,0,0.17821782178217818,0,35,25,30,1,foliojs/pdfkit
6080a9ca812e82df,150,3,3,0,147,0,0,147,0,0.02000000000000001,0,3,0,0,0,foliojs/pdfkit
b802f7e8c4e83023,185,56,54,20,129,6,13,129,15,0.16756756756756755,0,50,25,33,0,foliojs/pdfkit
5ae3cb0604bcbb02,27,3,3,0,24,0,0,24,0,0.11111111111111108,0,2,0,2,0,foliojs/pdfkit
0ac0ccbb9bfb7156,306,16,16,0,290,1,0,290,60,0.052287581699346386,0,7,0,7,0,foliojs/pdfkit
4503be0d26352357,81,3,0,0,78,37,0,78,37,0.024691358024691357,0,0,0,0,0,foliojs/pdfkit
111c24be5ed4ceb7,32,21,21,19,11,0,19,11,0,0.0625,0,15,14,15,1,foliojs/pdfkit
16161e7e32bd1838,276,11,11,1,265,0,1,265,0,0.03623188405797104,0,10,1,6,0,foliojs/pdfkit
3781599634d2382f,76,2,2,0,74,0,0,74,0,0.02631578947368425,0,2,0,2,0,foliojs/pdfkit
54925bbdd579b3c9,180,6,6,0,174,1,0,174,5,0.03333333333333331,0,6,0,6,0,foliojs/pdfkit
9d9be1ba4c93f2ae,198,2,2,1,196,8,1,196,17,0.005050505050505069,0,2,1,2,0,foliojs/pdfkit
f7ce9b18887819c1,150,6,6,2,144,24,2,144,24,0.0,0,6,6,6,0,foliojs/pdfkit
9455c2138f9a2b6d,147,12,12,0,135,0,0,135,0,0.08163265306122447,0,12,0,12,0,foliojs/pdfkit
4a6194c013efd91d,428,1,1,0,427,0,0,427,0,0.0023364485981308553,0,1,0,0,0,foliojs/pdfkit
62e7e10db26fabc8,109,94,82,64,15,1,66,15,1,0.07339449541284401,0,75,45,49,1,foliojs/pdfkit
ef8686837e70ea41,516,10,10,1,506,147,1,506,207,0.01744186046511629,0,9,1,7,0,foliojs/pdfkit
cd4f6e6cc73aa364,495,23,23,0,472,4,0,472,7,0.04646464646464643,0,21,0,18,0,foliojs/pdfkit
ef15762d34eb2742,34,4,4,1,30,0,1,30,0,0.08823529411764702,0,3,1,3,0,foliojs/pdfkit
99ddf990752da970,531,20,20,0,511,50,0,511,50,0.03389830508474579,0,19,2,19,1,foliojs/pdfkit
150f54c990258f98,86,1,1,0,85,3,0,85,3,0.011627906976744182,0,1,0,1,0,foliojs/pdfkit
9bae157a90497fcf,65,3,3,0,62,8,0,62,8,0.046153846153846156,0,3,0,3,0,foliojs/pdfkit
2c0f25da85136260,387,256,256,0,131,0,0,131,0,0.6614987080103358,1,256,0,10,1,foliojs/pdfkit
89e097cb8425660e,197,23,23,0,174,1,0,174,1,0.12182741116751271,0,18,0,6,0,foliojs/pdfkit
1f731724938db9aa,53,5,4,4,48,2,4,48,2,0.0,0,4,4,4,0,frappe/frappe
f35012a45ad6e38b,65,15,11,1,50,1,1,50,1,0.1955334987593052,0,10,1,1,0,frappe/frappe
ec195be7c8975d65,897,113,113,3,784,68,3,784,85,0.1426978818283166,0,72,3,27,0,frappe/frappe
7792ccc211c8fbc8,7,1,1,0,6,0,0,6,0,0.14285714285714285,1,1,0,0,1,frappe/frappe
ff8489ce830424bd,121,3,1,0,118,1,0,118,18,0.024793388429752046,0,1,0,1,0,frappe/frappe
8036fdd8e1cda0e1,16,5,5,1,11,0,1,11,0,0.25,0,3,0,3,0,frappe/frappe
6fd95b496462a5b0,85,0,0,0,85,21,0,85,21,0.023529411764705868,0,0,0,0,0,frappe/frappe
fbe212f17dc5db9b,84,1,1,0,83,0,0,83,0,0.011904761904761911,0,1,0,0,0,frappe/frappe
1f0a601bde98d1f4,48,27,26,1,21,0,1,21,0,0.5416666666666666,1,23,0,17,1,frappe/frappe
75af42a7b7882c02,3576,1,1,0,3575,2,0,3575,393,0.00027964205816554885,0,1,0,0,0,frappe/frappe
e1f6d838e1ea7130,166,19,15,0,147,6,0,147,10,0.10999553770638108,0,14,0,6,0,frappe/frappe
3c7591f7afdebac8,118,46,46,3,72,1,2,72,9,0.3559322033898305,0,34,2,11,0,frappe/frappe
3c98f02d2fb424fc,11,4,2,0,7,1,0,7,1,0.36363636363636365,0,2,0,2,1,frappe/frappe
9eb5e625af1fdbec,63,35,29,7,28,0,7,28,0,0.3968253968253968,0,24,7,19,1,frappe/frappe
22639907dfa32ecc,30,7,7,5,23,0,5,23,0,0.06666666666666665,0,6,4,6,0,frappe/frappe
9e2fb619ca4b0a08,285,53,49,5,232,1,5,232,17,0.16722232627832928,0,34,5,14,0,frappe/frappe
e7eaa7ffec62acbb,25,2,1,0,23,0,0,23,0,0.05500000000000001,0,1,0,0,0,frappe/frappe
b2b1f0516d7cff7b,29,2,0,0,27,0,0,27,0,0.03448275862068964,0,0,0,0,0,frappe/frappe
68cf3da0e36e4463,61,17,17,9,44,20,9,44,21,0.2786885245901639,0,14,8,13,1,frappe/frappe
4489578d0e01f8f0,7,1,1,0,6,0,0,6,0,0.14285714285714285,1,1,0,0,1,frappe/frappe
850bdfc6b70106f0,153,52,52,17,101,6,17,101,6,0.23529411764705885,1,43,16,36,1,frappe/frappe
7ea0ae47f1175d45,566,105,87,29,461,15,28,461,31,0.09187279151943463,0,70,33,50,0,frappe/frappe
b92363c73455d686,66,18,18,1,48,4,1,48,4,0.25757575757575757,0,13,0,8,0,frappe/frappe
7a77f6dcd0070dd5,16,3,3,0,13,1,0,13,1,0.1875,0,3,0,1,0,frappe/frappe
1b3cff1a15997c32,8,3,2,0,5,0,0,5,0,0.375,0,2,0,1,0,frappe/frappe
6e0bd66852818b9c,287,6,6,6,281,3,6,281,11,0.0,0,6,6,6,0,dotnet/msbuild
de345d0936734961,119,3,3,3,116,0,3,116,2,0.0,0,3,3,3,0,dotnet/msbuild
0c91217fff65dd0e,395,1,1,1,394,31,1,394,34,0.0,0,1,1,1,0,dotnet/msbuild
0cb7099ed79965ee,15,3,3,3,12,0,3,12,0,0.0,0,3,3,3,0,dotnet/msbuild
18066f74706a6c30,185,2,2,2,183,0,2,183,3,0.0,0,2,2,2,0,dotnet/msbuild
7a1b98cee0457021,160,1,1,1,159,0,1,159,3,0.0,0,1,1,1,0,dotnet/msbuild
be4b6d575cb47597,163,1,1,1,162,1,1,162,3,0.0,0,1,1,1,0,dotnet/msbuild
bc2f7da7bc9cb506,44,1,1,1,43,0,1,43,5,0.0,0,1,1,1,0,dotnet/msbuild
1d4dd9ff4ed70284,646,0,0,0,646,12,0,646,27,0.0,0,0,0,0,0,dotnet/msbuild
9948fa53126f80c1,140,2,2,2,138,1,2,138,4,0.0,0,2,2,2,0,dotnet/msbuild
a23565920319e7fc,279,8,8,8,271,1,8,271,3,0.0,0,8,8,8,0,dotnet/msbuild
5b9a1e0d52952703,1246,1,1,1,1245,17,1,1245,106,0.0,0,1,1,1,0,dotnet/msbuild
05de02b8b1bbd61d,82,1,1,1,81,0,1,81,3,0.0,0,1,1,1,0,dotnet/msbuild
59d5d2eb83cda6fc,64,1,1,1,63,1,1,63,3,0.0,0,1,1,1,0,dotnet/msbuild
048c206fdd08be59,78,5,5,5,73,0,5,73,3,0.0,0,5,5,5,0,dotnet/msbuild
769b09edfeb0051d,406,4,4,4,402,1,4,402,27,0.0,0,4,4,4,0,dotnet/msbuild
a4eacc7b26c6afa7,39,2,2,2,37,0,2,37,2,0.0,0,2,2,2,0,dotnet/msbuild
405584ee4b8311a6,228,1,1,1,227,1,1,227,3,0.0,0,1,1,1,0,dotnet/msbuild
1e62d75add92aafb,188,1,1,1,187,2,1,187,4,0.0,0,1,1,1,0,dotnet/msbuild
60ab6f61c6c214d1,250,1,1,1,249,3,1,249,6,0.0,0,1,1,1,0,dotnet/msbuild
3886929eaed8fda9,612,0,0,0,612,115,0,612,133,0.0,0,0,0,0,0,dotnet/msbuild
5a4a89cfe489848f,49,1,1,1,48,0,1,48,2,0.0,0,1,1,1,0,dotnet/msbuild
a9a9399a771ed504,520,20,20,20,500,46,20,500,54,0.0,0,18,18,18,0,dotnet/msbuild
af8879ecd7fb1a13,1552,8,8,8,1544,3,8,1544,7,0.0,0,7,7,7,0,dotnet/msbuild
74effacb1094d3cc,1398,4,4,4,1394,39,4,1394,48,0.0,0,4,4,4,0,dotnet/msbuild
e6ab903e948b8d06,52,4,4,0,48,0,0,48,5,0.0769230769230769,0,3,0,0,0,PyGithub/PyGithub
09d5fb97ac90387c,116,7,7,0,109,27,0,109,50,0.06896551724137932,0,7,0,3,0,PyGithub/PyGithub
409cbe36c7451264,216,0,0,0,216,0,0,216,6,0.0,0,0,0,0,0,PyGithub/PyGithub
09c0afce56841bbf,934,28,22,0,906,4,5,906,104,0.027745158987819752,0,19,1,4,0,PyGithub/PyGithub
51370b89fd9c7773,51,0,0,0,51,0,0,51,32,0.0,0,0,0,0,0,PyGithub/PyGithub
82d535ce2e29b161,171,2,2,0,169,1,0,169,24,0.011695906432748537,0,2,0,0,0,PyGithub/PyGithub
3dc0d1639f877726,367,52,51,0,315,1,0,315,16,0.14161492532868777,1,39,1,1,1,PyGithub/PyGithub
0b9928287eb8ffb9,96,6,6,1,90,0,1,90,35,0.052083333333333356,1,3,1,3,1,PyGithub/PyGithub
14592a23bb03e8b3,207,0,0,0,207,0,0,207,10,0.0,0,0,0,0,0,PyGithub/PyGithub
5a6f78f23c801338,66,14,0,0,52,0,0,52,24,0.004662004662004705,0,0,0,0,0,PyGithub/PyGithub
28884544854cbbe3,392,3,1,0,389,1,0,389,26,0.0025510204081632543,0,1,0,0,0,PyGithub/PyGithub
784f841318050ae9,101,8,8,3,93,0,3,93,39,0.0495049504950495,0,5,3,5,0,PyGithub/PyGithub
dfe2e775da98fa0b,52,8,8,0,44,0,0,44,5,0.15384615384615385,0,6,0,0,0,PyGithub/PyGithub
b02b3d98a0dd144c,258,3,0,0,255,1,0,255,58,0.0,0,0,0,0,0,PyGithub/PyGithub
cd558fc3c3c4b4dd,1118,59,55,0,1059,6,1,1059,69,0.050890927860170194,0,55,2,24,0,PyGithub/PyGithub
22f5eaf1a1eed6d1,363,6,2,1,357,5,1,357,41,0.016528925619834704,0,2,2,2,0,PyGithub/PyGithub
f104e3dceba846fa,114,9,7,0,105,26,0,105,32,0.07769423558897244,0,5,0,0,0,PyGithub/PyGithub
fcb1ca5ae430d7b1,87,0,0,0,87,0,0,87,14,0.0,0,0,0,0,0,PyGithub/PyGithub
9877ceb15d27d417,64,15,15,0,49,0,0,49,5,0.234375,0,11,0,0,0,PyGithub/PyGithub
01e17a5471e1ecbf,81,0,0,0,81,0,0,81,34,0.0,0,0,0,0,0,PyGithub/PyGithub
007db882e20f1f66,295,1,1,0,294,1,1,294,64,0.0033898305084745766,0,1,1,1,0,PyGithub/PyGithub
261b6677d4275478,200,0,0,0,200,0,0,200,93,0.0,0,0,0,0,0,PyGithub/PyGithub
37107e01185ddc2f,128,6,3,0,122,1,0,122,8,0.045374999999999985,0,3,1,1,0,PyGithub/PyGithub
56820b4b8221e8b1,151,0,0,0,151,0,0,151,63,0.0,0,0,0,0,0,PyGithub/PyGithub
7c3a6b7e92a2c75c,77,0,0,0,77,0,0,77,11,0.0,0,0,0,0,0,PyGithub/PyGithub
bd4b887237166d35,647,73,61,9,574,10,10,574,56,0.09891808346213295,0,53,9,23,0,twisted/twisted
87c8d6e0bcb6070d,15,2,1,0,13,0,0,13,0,0.1333333333333333,0,1,0,1,0,twisted/twisted
567363d70822c374,24,3,1,0,21,0,0,21,3,0.12499999999999994,0,1,0,1,0,twisted/twisted
165b6944312ba217,48,7,5,1,41,0,1,41,1,0.12499999999999996,0,5,1,1,0,twisted/twisted
2a5d095b5fc33621,1759,118,102,1,1641,22,1,1641,41,0.07021099874303059,0,91,0,47,0,twisted/twisted
3ba1e23a010e0b9f,14,4,3,0,10,0,0,10,0,0.28571428571428575,0,3,0,3,0,twisted/twisted
9010cf2d61cb4bff,26,3,2,0,23,1,0,23,2,0.11538461538461536,0,2,0,2,0,twisted/twisted
bdefecee34a6513d,22,9,7,1,13,1,1,13,1,0.36363636363636365,0,6,0,6,0,twisted/twisted
c47a8b5e97b8f867,93,7,7,0,86,0,0,86,4,0.07526881720430109,0,6,0,0,0,twisted/twisted
16506d2180476a6c,932,195,182,7,737,0,7,737,7,0.20171673819742492,0,170,7,120,0,twisted/twisted
47f77b5e34877499,3283,716,628,31,2567,16,42,2567,306,0.2086422348352136,0,542,33,340,0,twisted/twisted
6c8252af78a4a1c3,921,118,112,7,803,27,9,803,37,0.12012958117513038,1,101,8,70,1,twisted/twisted
d11c3b328c13e308,42,0,0,0,42,0,0,42,0,0.0,0,0,0,0,0,twisted/twisted
48b22eddf8cd42d1,113,4,3,0,109,0,0,109,5,0.03539823008849559,0,3,0,0,0,twisted/twisted
0923ff3db530a2e5,50,2,2,1,48,0,2,48,3,0.02000000000000001,0,2,2,2,0,twisted/twisted
ef11051c929a23b4,94,22,22,0,72,7,0,72,11,0.23404255319148937,0,17,0,15,0,twisted/twisted
9c1176370a48d402,169,16,14,0,153,2,0,153,4,0.10650887573964495,0,14,0,14,0,twisted/twisted
c942c794ae44dfc8,391,20,16,0,371,0,0,371,3,0.05115089514066497,0,16,0,5,0,twisted/twisted
dd8bfe6d2f1e482c,390,32,27,1,358,10,1,358,14,0.07435897435897434,0,25,3,8,0,twisted/twisted
8a6bb6a9dcec147d,258,32,27,1,226,14,5,226,26,0.11984863804884031,0,24,4,12,0,twisted/twisted
261d5691c291c3a3,45,3,1,0,42,0,0,42,5,0.06563307493540056,0,1,0,1,0,twisted/twisted
9afc58dcd1bc6439,211,2,1,1,209,0,1,209,6,0.004671631685849696,0,1,1,1,0,twisted/twisted
901df9a0ac63c844,81,15,15,0,66,0,0,66,2,0.18518518518518515,0,15,0,15,0,twisted/twisted
59912f4cc6e3958e,31,0,0,0,31,0,0,31,1,0.0,0,0,0,0,0,twisted/twisted
519d353d172c70e4,219,11,8,1,208,19,0,208,57,0.045662100456621044,0,7,1,4,0,twisted/twisted
6a6e5a26d23e0f3f,216,16,16,0,200,4,0,200,5,0.07407407407407408,0,16,0,0,0,BerriAI/litellm
396b26c566a09239,334,33,29,0,301,18,0,301,58,0.07784431137724548,0,28,4,4,0,BerriAI/litellm
3d26c859a4ee870d,373,1,1,0,372,0,0,372,43,0.002680965147453084,0,1,0,0,0,BerriAI/litellm
6ad0bbabe6345bdd,317,50,50,0,267,0,0,267,2,0.1577287066246057,0,50,0,0,0,BerriAI/litellm
3241d98d6317ce81,41,5,5,0,36,0,0,36,12,0.12195121951219512,0,5,0,0,0,BerriAI/litellm
f5983dc89723fd55,296,43,42,0,253,1,0,253,6,0.14527027027027029,0,42,0,0,0,BerriAI/litellm
64849b31a8325300,270,31,31,0,239,5,0,239,5,0.1148148148148148,0,31,0,0,0,BerriAI/litellm
42e4a9c4e9655b5d,25,4,3,0,21,1,0,21,1,0.16000000000000003,0,3,0,0,0,BerriAI/litellm
8166e9c883128ff3,494,70,70,0,424,2,0,424,2,0.1417004048582996,0,70,0,54,0,BerriAI/litellm
1874e91bbd57b75f,162,20,20,0,142,0,1,142,1,0.12345679012345677,0,20,1,1,0,BerriAI/litellm
d25478b46013dbaa,104,1,1,0,103,13,0,103,15,0.009615384615384599,0,1,0,0,0,BerriAI/litellm
d9bef03949118d55,332,0,0,0,332,24,0,332,24,0.0,0,0,0,0,0,BerriAI/litellm
5340907f012986db,295,43,43,1,252,1,1,252,45,0.14237288135593226,0,43,1,1,0,BerriAI/litellm
917885161a1db272,93,16,15,0,77,1,0,77,2,0.17204301075268819,0,15,0,0,0,BerriAI/litellm
e5d0160f70a8e980,245,27,26,0,218,35,0,218,36,0.11020408163265304,0,26,0,0,0,BerriAI/litellm
8dc12a25b95a7f37,136,20,18,0,116,3,0,116,6,0.13872549019607844,0,18,0,0,0,BerriAI/litellm
5c3f7300ee44effc,36,5,5,0,31,7,0,31,7,0.13888888888888892,0,5,0,0,0,BerriAI/litellm
2fccbb79f2a96a08,165,8,8,0,157,0,0,157,0,0.04848484848484848,0,8,0,0,0,BerriAI/litellm
ea813017416c7511,160,5,0,0,155,0,0,155,56,0.0,0,0,0,0,0,BerriAI/litellm
e8ba6c6ff2406926,333,27,27,0,306,1,0,306,61,0.0810810810810811,0,27,0,0,0,BerriAI/litellm
6814f28646118aae,30,5,5,0,25,0,0,25,0,0.16666666666666663,0,5,0,0,0,BerriAI/litellm
128af0ef333e3757,13,1,1,0,12,0,0,12,0,0.07692307692307696,0,1,0,0,0,BerriAI/litellm
358a0fccec36a5da,418,23,23,0,395,45,0,395,45,0.055023923444976044,0,23,0,0,0,BerriAI/litellm
5b659fd0d8caace1,157,11,11,0,146,0,0,146,3,0.07006369426751598,0,11,0,0,0,BerriAI/litellm
e4f7e2cfdb255560,734,89,89,6,645,15,6,645,90,0.1130790190735695,0,87,7,8,0,BerriAI/litellm
a7b519ccd35983f0,86,75,48,43,11,0,43,11,0,0.0,0,26,26,26,0,rainmeter/rainmeter
e48ebd061117ed5f,1856,1187,436,381,669,28,371,669,38,0.0,0,193,193,193,0,rainmeter/rainmeter
a5dd2ddaa3de47ce,542,501,371,283,41,0,271,41,0,0.0,0,231,231,231,1,rainmeter/rainmeter
bb6e30c24f6341d1,37,37,0,0,0,0,0,0,0,0.0,0,0,0,0,0,rainmeter/rainmeter
8e8d2253b8a90a36,134,123,4,4,11,0,4,11,0,0.0,0,4,4,4,0,rainmeter/rainmeter
c99dbf8a6012bdea,82,60,42,42,22,0,42,22,0,0.0,0,21,21,21,1,rainmeter/rainmeter
8572fc569ef4f827,52,44,0,0,8,0,0,8,0,0.0,0,0,0,0,0,rainmeter/rainmeter
e7e2f07c41b1b4c5,57,56,0,0,1,0,0,1,0,0.0,0,0,0,0,0,rainmeter/rainmeter
e020f6ecdeb05a0d,33,33,0,0,0,0,0,0,0,0.0,0,0,0,0,0,rainmeter/rainmeter
e3c6c3e0102273c9,250,185,0,0,65,0,0,65,0,0.0,0,0,0,0,0,rainmeter/rainmeter
22be06eb00224e31,68,47,29,29,21,0,25,21,0,0.0,0,15,15,15,0,rainmeter/rainmeter
480f6a01471972c6,41,41,17,15,0,0,15,0,0,0.0,0,13,13,13,0,rainmeter/rainmeter
42b670ddfa8ff65f,1051,994,180,153,57,0,135,57,0,0.0,0,122,122,122,0,rainmeter/rainmeter
609f3af5bf72bdbb,87,87,58,58,0,0,58,0,0,0.0,0,54,54,54,1,rainmeter/rainmeter
0c7d31915bbc43dc,72,71,65,64,1,0,64,1,0,0.01388888888888892,0,65,64,64,1,rainmeter/rainmeter
f6fbce259e53167b,49,48,18,18,1,0,18,1,0,0.0,0,16,16,16,1,rainmeter/rainmeter
17b7cf8ba3597946,468,365,37,37,103,0,37,103,0,0.0,0,37,37,37,0,rainmeter/rainmeter
1968f92acfb14405,841,654,351,325,187,14,321,187,17,0.0,0,186,186,186,0,rainmeter/rainmeter
812ae2f414388b78,11,11,4,1,0,0,1,0,0,0.0,0,4,4,4,1,rainmeter/rainmeter
2f7d9f7e5b200e3f,34,34,0,0,0,0,0,0,0,0.0,0,0,0,0,0,rainmeter/rainmeter
33256203bd81fd73,220,107,71,47,113,0,47,113,0,0.0,0,51,51,51,0,rainmeter/rainmeter
31b5a4509c621f9e,57,57,26,26,0,0,26,0,0,0.0,0,26,26,26,0,rainmeter/rainmeter
0c9273a6b9a8bbfa,12,12,5,5,0,0,5,0,0,0.0,0,2,2,2,1,rainmeter/rainmeter
1c840f0763680906,1328,136,93,16,1192,653,16,1192,610,0.0,0,44,44,44,0,rainmeter/rainmeter
f4de72f63e8052ba,34,32,0,0,2,0,0,2,0,0.0,0,0,0,0,0,rainmeter/rainmeter
2e9d962a08321605,97,0,0,0,97,0,0,97,23,0.0,0,0,0,0,0,rust-windowing/winit
51afc5d77bc899fd,11,2,2,0,9,0,2,9,0,0.1818181818181818,0,2,2,2,0,rust-windowing/winit
a947c9d2523f34e5,20,20,10,0,0,0,0,0,0,1.0,1,10,0,0,1,rust-windowing/winit
d6a4dbe826070a68,1223,33,32,0,1190,6,6,1190,54,0.02697948352164528,0,32,7,7,0,rust-windowing/winit
f3dbfb2563c34903,27,0,0,0,27,0,0,27,0,0.0,0,0,0,0,0,rust-windowing/winit
b803fcb7f17ed923,335,14,10,0,321,3,0,321,15,0.03803941019975651,0,10,1,3,0,rust-windowing/winit
1040309c64844eb1,75,1,1,0,74,10,1,74,10,0.013333333333333336,0,1,1,1,0,rust-windowing/winit
9a4f3e4537ebb747,9,1,1,0,8,0,1,8,0,0.11111111111111108,0,1,1,1,0,rust-windowing/winit
3eb64c07e2773151,5,5,0,0,0,0,0,0,0,0.0,0,0,0,0,0,rust-windowing/winit
7fbbc2f36bbcaeaf,46,9,9,0,37,0,5,37,1,0.19565217391304346,0,9,5,5,0,rust-windowing/winit
e1f89aee8992fa70,1008,12,12,12,996,7,12,996,39,0.0,0,12,12,12,0,coder/code-server
4c2458380e50c967,2881,157,135,30,2724,132,30,2724,268,0.03921995595648982,0,130,26,52,0,statelyai/xstate
54f3fe7a0d23f9d1,73,4,4,0,69,0,0,69,0,0.0547945205479452,0,4,0,2,0,statelyai/xstate
a3d30fc16e3fab57,42,5,2,2,37,0,2,37,0,0.07142857142857141,0,2,2,2,0,statelyai/xstate
c7c10d12b295b659,7,4,4,0,3,0,0,3,0,0.5714285714285714,1,3,0,3,1,statelyai/xstate
7cac96f7d792ebda,10,6,6,0,4,0,0,4,0,0.6,1,5,0,5,1,statelyai/xstate
0190c61c6bb30f00,34,11,11,0,23,0,0,23,0,0.32352941176470584,0,10,0,7,0,statelyai/xstate
210f970d0cb27694,71,31,29,11,40,0,11,40,0,0.2676056338028169,0,26,10,16,0,statelyai/xstate
d31c2555c7bf4570,37,1,0,0,36,0,0,36,0,0.027027027027027,0,0,0,0,0,statelyai/xstate
a66f12bb5d1924ad,13,1,1,0,12,0,0,12,0,0.0769230769230769,0,1,0,0,0,statelyai/xstate
34479775666e62be,151,33,27,0,118,0,0,118,29,0.21854304635761584,0,18,0,16,0,statelyai/xstate
ddb89e1f09ce91fc,45,3,3,0,42,0,0,42,0,0.06666666666666665,0,3,0,3,0,statelyai/xstate
53d2bbb7bf8d40f2,107,28,25,0,79,1,0,79,4,0.26168224299065423,1,16,1,10,1,statelyai/xstate
b13c7929a2d17d38,247,7,7,0,240,0,0,240,0,0.028340080971659885,0,7,0,7,0,statelyai/xstate
11f0c769bb1a025b,13,1,1,0,12,0,0,12,0,0.0769230769230769,0,1,0,0,0,statelyai/xstate
04881d8ada8e7599,12,10,10,7,2,0,9,2,0,0.25,0,10,7,9,1,statelyai/xstate
4532b5744ba4b19c,37,3,3,0,34,0,0,34,0,0.08108108108108106,0,3,0,3,0,statelyai/xstate
85c0ea1ef4f5082e,730,10,10,0,720,16,0,720,60,0.013698630136986273,0,10,0,2,0,statelyai/xstate
123f058cdc5aa7dc,13,1,1,0,12,0,0,12,0,0.0769230769230769,0,1,0,0,0,statelyai/xstate
189122ca05a9c2d9,122,2,2,0,120,0,0,120,0,0.01639344262295083,0,2,0,0,0,statelyai/xstate
87e7dc13a09e7a6f,13,1,1,0,12,0,0,12,0,0.0769230769230769,0,1,0,0,0,statelyai/xstate
4ae5fb99e4e77441,170,35,28,0,135,2,0,135,15,0.2058823529411765,0,21,1,19,0,statelyai/xstate
b3fadbb7667b6892,129,9,8,0,120,3,0,120,3,0.06976744186046512,0,8,0,1,0,statelyai/xstate
16b67499f01b48d6,79,64,56,56,15,0,56,15,0,0.0,0,49,25,25,1,statelyai/xstate
64f3ecc60707a797,3,0,0,0,3,0,0,3,0,0.0,0,0,0,0,0,statelyai/xstate
3c643bce2f68c725,34,16,16,11,18,0,11,18,0,0.1470588235294118,0,13,8,12,0,statelyai/xstate
a04811a31319b084,112,4,4,0,108,2,0,108,29,0.035714285714285685,0,4,0,4,0,withastro/astro
99b6edda30839895,49,1,1,0,48,0,0,48,0,0.02040816326530613,0,1,0,1,0,withastro/astro
4e576fe240526419,52,2,2,2,50,1,2,50,4,0.0,0,2,2,2,0,withastro/astro
e3d8fe7c979e2c04,34,14,14,14,20,0,14,20,0,0.0,0,12,12,12,1,withastro/astro
02828388d1b38c1a,77,1,1,0,76,15,0,76,17,0.01298701298701299,0,1,0,1,0,withastro/astro
976c8de545f5072e,273,5,5,0,268,17,0,268,21,0.01831501831501832,0,3,0,3,0,withastro/astro
e0fd2226f1055f44,612,6,6,0,606,33,0,606,34,0.011437908496732015,0,5,0,5,0,withastro/astro
25996b10154f9b35,9,0,0,0,9,1,0,9,0,0.0,0,0,0,0,0,withastro/astro
ffbadb7729d01340,540,3,3,1,537,55,1,537,127,0.007407407407407385,0,1,0,1,0,withastro/astro
14125071bc93c676,29,4,4,0,25,0,0,25,6,0.1379310344827586,0,3,0,0,0,withastro/astro
10f96fde870f2d01,117,1,1,0,116,26,0,116,27,0.008547008547008588,0,1,0,1,0,withastro/astro
63433df00f8d2c5c,74,1,1,0,73,0,0,73,2,0.0135135135135135,0,1,0,1,0,withastro/astro
2761aafa73765fcf,107,0,0,0,107,15,0,107,24,0.0,0,0,0,0,0,withastro/astro
33b2879801a2ed12,722,29,14,0,693,201,0,693,230,0.029085872576177278,0,10,0,1,0,withastro/astro
6c4d878c16f386f5,40,27,26,26,13,0,26,13,1,0.025000000000000012,0,24,24,24,1,withastro/astro
9296d22bc7d396b7,2371,0,0,0,2371,5,0,2371,209,0.0,0,0,0,0,0,withastro/astro
4585793503f675c4,267,10,7,3,257,10,3,257,22,0.0,0,3,3,3,0,withastro/astro
dbb0a8cce1ab57b1,23,1,1,1,22,4,1,22,4,0.0,0,0,0,0,0,withastro/astro
2c158cf00b5e8ab1,125,1,1,0,124,0,0,124,2,0.008000000000000004,0,1,0,1,0,withastro/astro
6bb43a7ed7a3147f,189,167,148,116,22,1,116,22,1,0.1164021164021164,0,107,90,92,1,withastro/astro
4bd9135744289d20,21,9,9,9,12,0,5,12,1,0.0,0,9,9,9,0,withastro/astro
f7e37cfff5d87847,269,0,0,0,269,48,0,269,49,0.0037174721189591068,0,0,0,0,0,withastro/astro
0ef2f432e011e8f8,164,8,8,0,156,11,0,156,10,0.04878048780487807,0,8,0,8,0,withastro/astro
093aef62f10f680a,23,6,6,5,17,0,5,17,1,0.0434782608695652,0,6,5,6,0,withastro/astro
ca21a045f347e195,50,2,2,0,48,0,0,48,16,0.039999999999999966,0,1,0,1,0,withastro/astro
13129f8028de5808,513,73,30,7,440,25,7,440,43,0.0584795321637427,0,30,8,21,0,locustio/locust
2561b85f26b7edcd,69,7,4,0,62,0,0,62,2,0.10144927536231883,0,4,1,1,0,locustio/locust
91b0d2583d7e70bb,46,5,3,0,41,0,0,41,0,0.09486166007905136,0,3,1,1,0,locustio/locust
9412989c76a47e22,77,4,3,0,73,0,0,73,0,0.05194805194805196,0,3,0,0,0,locustio/locust
0d21cf33635780ee,56,6,4,3,50,0,3,50,0,0.035714285714285705,0,4,3,4,0,locustio/locust
169a9ae264f877c0,22,3,0,0,19,2,0,19,4,0.08636363636363636,0,0,0,0,0,locustio/locust
7b49a8ba7d7d293d,48,9,8,0,39,0,0,39,0,0.1875,0,7,0,1,0,locustio/locust
5e6469a21b168ea4,22,2,1,0,20,0,1,20,1,0.0909090909090909,0,1,1,1,0,locustio/locust
07ad537a147554e7,110,8,6,1,102,8,1,102,38,0.05454545454545454,0,6,2,2,0,locustio/locust
d2547a387b16db33,72,6,5,0,66,0,0,66,0,0.08333333333333334,0,5,0,0,0,locustio/locust
6df9bef64b3e413b,35,6,2,0,29,0,0,29,0,0.1142857142857143,0,2,0,0,0,locustio/locust
cd18ea35bfbbd2db,109,6,5,0,103,21,2,103,27,0.055045871559633,0,5,3,3,0,locustio/locust
83cf3fecfbc1881d,72,2,2,0,70,0,0,70,0,0.027777777777777787,0,2,0,0,0,locustio/locust
4168928e61078dfb,20,2,1,0,18,0,0,18,0,0.09999999999999999,0,1,0,0,0,locustio/locust
f57d6f1dddee41ad,20,2,1,0,18,0,0,18,0,0.09999999999999999,0,1,0,0,0,locustio/locust
e5868f2da67c8cea,865,113,35,7,752,5,10,752,82,0.044831310325153015,0,33,10,14,0,locustio/locust
4a6d23a8e4931200,267,4,2,0,263,0,0,263,118,0.014981273408239702,0,2,0,0,0,locustio/locust
4253dad2761f9998,113,13,4,4,100,6,4,100,23,0.013234473411464588,0,4,4,4,0,locustio/locust
b2cbe675a5ba9d95,56,4,2,0,52,0,1,52,0,0.053571428571428575,0,2,2,2,0,locustio/locust
256e31379e1c306e,546,52,23,16,494,21,16,494,40,0.014955578491490111,0,23,16,16,0,locustio/locust
c99316ae57be99d9,78,3,3,0,75,0,0,75,0,0.03846153846153845,0,3,0,0,0,locustio/locust
7d3414330ba01293,165,13,9,0,152,0,0,152,0,0.07878787878787878,0,9,2,2,0,locustio/locust
9d83333857486953,57,1,1,0,56,0,0,56,0,0.017543859649122834,0,1,0,0,0,locustio/locust
49eec6f3210948b6,878,151,25,6,727,112,7,727,137,0.06771625700023846,0,24,9,10,0,locustio/locust
26fe0460a15bff5f,64,4,2,0,60,0,2,60,56,0.06250000000000001,0,2,2,2,0,locustio/locust
75f9ad356692d81c,247,77,65,65,170,3,60,170,44,0.0,0,32,32,32,0,YOURLS/YOURLS
967e247411060e81,116,113,103,103,3,0,103,3,0,0.0,0,80,80,80,1,YOURLS/YOURLS
4536303e5366fa95,49,34,30,30,15,4,30,15,5,0.0,0,25,25,25,1,YOURLS/YOURLS
8e1ae0c3a0419d66,97,46,31,30,51,2,30,51,3,0.0,0,23,23,23,1,YOURLS/YOURLS
d67cba73799c31c0,69,22,14,12,47,19,13,47,22,0.0,0,10,10,10,0,YOURLS/YOURLS
b35647914475d30e,27,8,6,6,19,2,6,19,2,0.0,0,5,5,5,0,YOURLS/YOURLS
7173d8696af8df2a,144,2,1,1,142,11,1,142,13,0.0,0,1,1,1,0,YOURLS/YOURLS
1fc556f95754ee7e,388,290,286,284,98,2,284,98,2,0.0,0,227,227,227,1,YOURLS/YOURLS
7d622a5f79540c1e,64,61,56,56,3,0,56,3,0,0.0,0,43,43,43,1,YOURLS/YOURLS
a45054950cfb66cf,20,1,1,1,19,0,1,19,0,0.0,0,1,1,1,0,YOURLS/YOURLS
8ebd9cb2c0d77559,12,12,9,9,0,0,9,0,0,0.0,0,8,8,8,1,YOURLS/YOURLS
53aca0b5b2f4aab8,53,36,26,24,17,6,24,17,6,0.0,0,19,19,19,1,YOURLS/YOURLS
37b5a4bf6eceb350,8,8,7,7,0,0,7,0,0,0.0,0,7,7,7,1,YOURLS/YOURLS
618cd5b83d62060b,15,1,0,0,14,0,0,14,0,0.0,0,0,0,0,0,YOURLS/YOURLS
b335630551682c19,107,1,0,0,106,3,0,106,3,0.0,0,0,0,0,0,YOURLS/YOURLS
5f7d6d1d7f41d9e0,27,21,17,17,6,4,17,6,4,0.0,0,14,14,14,1,YOURLS/YOURLS
06572a96a58dc510,307,0,0,0,307,117,0,307,167,0.0,0,0,0,0,0,YOURLS/YOURLS
483f34ef5d156969,958,199,162,158,759,196,158,759,210,0.0,0,71,71,71,0,YOURLS/YOURLS
90100c94e9222808,104,40,31,31,64,53,31,64,53,0.0,0,28,28,28,0,YOURLS/YOURLS
3023437263390c8e,48,46,38,38,2,1,38,2,1,0.0,0,32,32,32,1,YOURLS/YOURLS
fb8c5aed6e323640,48,36,28,28,12,9,28,12,9,0.0,0,24,24,24,1,YOURLS/YOURLS
5a5fea86168126d9,13,12,9,9,1,0,9,1,0,0.0,0,5,5,5,1,YOURLS/YOURLS
0b278cbf1cad1dde,48,17,11,11,31,27,10,31,27,0.0,0,10,10,10,0,YOURLS/YOURLS
99082c4e88562668,110,33,15,15,77,44,15,77,44,0.0,0,7,7,7,0,YOURLS/YOURLS
34b917ccee64767d,785,250,218,218,535,1,218,535,1,0.0,0,120,120,120,0,YOURLS/YOURLS
9bf59dfe085be8b6,4994,55,55,4,4939,64,7,4939,292,0.010612735282338828,0,51,4,45,0,growthbook/growthbook
0ac7e189f3f85cb8,95,3,1,0,92,0,0,92,10,0.010526315789473634,0,1,0,1,0,growthbook/growthbook
e2ff21f41beb009e,634,41,41,23,593,183,23,593,202,0.006309148264984223,0,30,25,27,0,growthbook/growthbook
0d441e74095b1f5b,406,1,1,0,405,14,0,405,22,0.002463054187192143,0,1,0,1,0,growthbook/growthbook
c5b0ccaabb2e59d1,395,5,5,0,390,3,0,390,18,0.012658227848101274,0,5,0,3,0,growthbook/growthbook
98c5aac9c8e65f66,33,4,4,0,29,0,0,29,0,0.12121212121212122,0,0,0,0,0,growthbook/growthbook
6d55a15e3d191756,58,2,2,0,56,10,0,56,10,0.034482758620689634,0,2,0,2,0,growthbook/growthbook
acc199be443e5e1f,877,22,22,0,855,77,0,855,130,0.025085518814139143,0,21,0,20,0,growthbook/growthbook
a19756bde6cde93a,188,11,11,2,177,0,2,177,7,0.04787234042553196,0,11,2,8,0,growthbook/growthbook
24363bd88b10446d,198,18,18,0,180,0,0,180,0,0.09090909090909087,0,17,0,16,0,growthbook/growthbook
dd402166c082c052,176,2,2,0,174,6,0,174,10,0.011363636363636385,0,2,0,2,0,growthbook/growthbook
0cd55dcabdf45f19,945,6,1,0,939,32,0,939,63,0.0010582010582010776,0,1,0,1,0,growthbook/growthbook
824a23d48083e08e,43,2,2,0,41,0,0,41,0,0.04651162790697673,0,1,0,1,0,growthbook/growthbook
cab48f0321f1e6d6,414,17,17,0,397,3,0,397,36,0.04106280193236716,0,17,0,17,0,growthbook/growthbook
5954f13c58c45260,2109,20,20,0,2089,6,0,2089,523,0.009483167377904235,0,19,0,19,0,growthbook/growthbook
06d906f62e0629b3,23,1,1,0,22,0,0,22,0,0.0434782608695652,0,1,0,1,0,growthbook/growthbook
b19cfecf19d1d63b,33,1,1,0,32,0,0,32,0,0.03030303030303029,0,1,0,1,0,growthbook/growthbook
66ff64bb431bc8b0,1277,92,92,0,1185,0,4,1185,18,0.07204385277995304,0,85,0,85,0,growthbook/growthbook
bfd0468f8f55a672,614,4,4,0,610,26,0,610,57,0.006514657980456027,0,4,0,0,0,growthbook/growthbook
12e0a4c402a076b5,141,3,1,0,138,67,0,138,67,0.021276595744680864,0,1,0,1,0,growthbook/growthbook
e774e097c7f80301,134,2,2,0,132,0,0,132,3,0.01492537313432838,0,2,0,2,0,growthbook/growthbook
8d6eb7be181ad707,1159,4,4,0,1155,6,0,1155,53,0.00345125107851596,0,2,0,2,0,growthbook/growthbook
08f70a0e9221d5aa,87,22,22,21,65,0,21,65,6,0.011494252873563211,0,15,14,15,0,growthbook/growthbook
641dd2128df440b0,466,8,8,0,458,1,0,458,67,0.017167381974248934,0,7,0,2,0,growthbook/growthbook
91b8067f9854a1fe,33,1,1,0,32,0,0,32,0,0.030303030303030304,0,1,0,1,0,growthbook/growthbook
77179d934b84f1ed,255,19,5,0,236,0,0,236,36,0.029725490196078425,0,5,0,0,0,apache/maka
c80c35dce83051a2,228,19,12,0,209,0,0,209,3,0.08333333333333334,0,12,0,0,0,apache/maka
dec653e241df4c1c,150,19,0,0,131,0,0,131,1,0.00555555555555555,0,0,0,0,0,apache/maka
3b309edf7e1917b1,311,19,14,0,292,0,0,292,0,0.059517054410188515,0,14,0,0,0,apache/maka
908cfdb1b3e82183,959,19,13,0,940,0,0,940,5,0.01981230448383732,0,13,0,0,0,apache/maka
cb8473ab2f3e86e6,70,19,0,0,51,0,0,51,0,0.0,0,0,0,0,0,apache/maka
e95da549e7b669a5,99,19,14,0,80,0,0,80,0,0.1919191919191919,0,14,0,0,0,apache/maka
bd0b947b9922c8bf,79,18,13,0,61,0,0,61,0,0.22784810126582278,0,13,0,0,0,apache/maka
8cb6f673163cb942,140,19,14,0,121,0,0,121,22,0.1357142857142857,0,14,0,0,0,apache/maka
ee7c67791b6b636f,251,19,14,0,232,0,0,232,0,0.07399669614226023,0,14,0,0,0,apache/maka
cf8bc4fa4d8bdad6,2322,19,1,0,2303,76,0,2303,129,0.0012215445363762535,0,1,0,0,0,apache/maka
5a138e3bd351010f,284,19,9,0,265,7,0,265,12,0.05571515737021407,0,9,0,0,0,apache/maka
20835e601dc57e2c,94,19,14,0,75,1,0,75,1,0.19913937365527135,1,14,0,0,1,apache/maka
28e5915a3327ffc4,1458,19,13,0,1439,0,0,1439,0,0.013031550068587121,0,13,0,0,0,apache/maka
e5ff0aa76803d671,108,19,13,0,89,12,0,89,13,0.1394335511982571,0,13,0,0,0,apache/maka
86bd133076a281c3,46,19,12,0,27,0,0,27,0,0.4130434782608696,1,12,0,0,1,apache/maka
fd6e41ac521b768f,127,19,14,0,108,0,0,108,2,0.1496062992125984,0,14,0,0,0,apache/maka
20207563136f5d46,56,19,14,0,37,0,0,37,0,0.3392857142857143,0,14,0,0,0,apache/maka
257bbfd4eb35bbb6,556,19,14,0,537,0,0,537,0,0.034156340988914846,0,14,0,0,0,apache/maka
b1aa45b8ec4817cd,68,19,10,0,49,0,0,49,0,0.27492522432701894,0,10,0,0,0,apache/maka
883d79e3daabf2c2,113,19,0,0,94,4,0,94,4,0.04664626581755024,0,0,0,0,0,apache/maka
4eacf312c288fca7,681,19,9,0,662,0,0,662,0,0.02194811551639749,0,9,0,0,0,apache/maka
98befd6ae4366491,98,19,13,0,79,0,0,79,0,0.19387755102040816,0,13,0,0,0,apache/maka
3a50ae04f3ea8d2c,870,19,4,0,851,0,0,851,181,0.008405172413793117,0,4,0,0,0,apache/maka
21a311633147e249,148,19,13,0,129,0,0,129,0,0.1283783783783784,0,13,0,0,0,apache/maka
a3213d44b73ec3d3,54,28,28,17,26,2,17,26,2,0.0,0,23,23,23,1,enso-org/enso
be419f215b710470,142,106,97,97,36,0,97,36,0,0.0,0,75,75,75,1,enso-org/enso
e1da27e05e0bdaee,130,81,80,49,49,0,49,49,0,0.015384615384615385,0,68,66,68,1,enso-org/enso
ec98ecc1d65705fc,66,36,36,21,30,0,21,30,0,0.0,0,31,31,31,1,enso-org/enso
d91ce350bdabbf85,39,18,18,13,21,0,13,21,0,0.0,0,16,16,16,1,enso-org/enso
2c283d2b06be7aa8,14,5,5,5,9,0,5,9,0,0.0,0,5,5,5,1,enso-org/enso
58e3e817ef4efda3,56,39,35,23,17,0,23,17,0,0.0,0,29,29,29,1,enso-org/enso
7831e52fa6645388,14,2,2,1,12,0,1,12,0,0.0,0,2,2,2,0,enso-org/enso
dd3f0a84c7ac16b3,56,30,30,22,26,0,22,26,0,0.017857142857142853,1,27,26,27,1,enso-org/enso
02b46bdb32de2ef1,43,26,26,17,17,0,17,17,0,0.0,0,21,21,21,1,enso-org/enso
fc43cec5dd835556,16,5,5,5,11,0,5,11,0,0.0,0,5,5,5,0,enso-org/enso
3658ca8ad2a15967,29,0,0,0,29,0,0,29,0,0.0,0,0,0,0,0,enso-org/enso
f8b16bba2832a8ad,64,37,37,27,27,0,27,27,0,0.0,0,32,32,32,1,enso-org/enso
6794524a00f3078d,246,136,121,83,110,7,83,110,7,0.01219512195121949,0,106,101,103,1,enso-org/enso
7328bbedbe933f1f,345,293,278,239,52,3,235,52,4,0.02608695652173911,0,249,210,214,1,enso-org/enso
6d044c32fc7f5a8e,70,49,2,2,21,0,2,21,8,0.0,0,2,2,2,0,enso-org/enso
9865e65b8a3e84bb,213,154,139,111,59,0,99,59,2,0.00938967136150236,0,126,124,124,1,enso-org/enso
30494b981d0c0dfc,86,44,19,0,42,0,0,42,12,0.22093023255813954,0,19,0,2,0,OctoPrint/OctoPrint
b45db1063d468c38,13,10,5,0,3,0,0,3,0,0.3846153846153846,0,5,0,0,0,OctoPrint/OctoPrint
ddf2be40311e58ad,676,24,24,0,652,0,0,652,0,0.03550295857988164,0,18,0,0,0,OctoPrint/OctoPrint
aa40db7185735b1f,464,10,6,0,454,37,0,454,46,0.01175548589341692,0,4,0,0,0,OctoPrint/OctoPrint
8d8262e9c664f37e,95,60,44,0,35,0,0,35,0,0.4631578947368421,1,44,0,2,1,OctoPrint/OctoPrint
17b458c429c739af,27,7,7,0,20,0,0,20,0,0.2592592592592593,0,6,0,2,0,OctoPrint/OctoPrint
2d94f1bf19a87e23,264,209,12,0,55,0,0,55,0,0.03787878787878786,0,12,0,0,0,OctoPrint/OctoPrint
ca20d21b0455b1fc,534,94,32,14,440,0,14,440,3,0.03649040394422225,0,27,14,16,0,OctoPrint/OctoPrint
553aff3989b6f9d1,408,22,3,2,386,0,2,386,0,0.0,0,3,2,2,0,OctoPrint/OctoPrint
9a7cb859878b336a,16,7,0,0,9,0,0,9,1,0.0,0,0,0,0,0,OctoPrint/OctoPrint
d37cf12862fbfa37,24,13,5,0,11,0,0,11,0,0.20833333333333334,1,5,0,2,1,OctoPrint/OctoPrint
3c22b18b4b7154e5,17,12,0,0,5,0,0,5,0,0.0,0,0,0,0,0,OctoPrint/OctoPrint
f6096f2c9388da14,146,90,67,53,56,7,54,56,7,0.2307023265927375,0,48,33,34,1,OctoPrint/OctoPrint
10212ba17036d7ec,39,2,0,0,37,2,0,37,2,0.0,0,0,0,0,0,OctoPrint/OctoPrint
2f1ba0e401777e2c,125,35,0,0,90,0,0,90,0,0.0031475409836065745,0,0,0,0,0,OctoPrint/OctoPrint
5c3fa597431eda03,433,0,0,0,433,0,0,433,2,0.0,0,0,0,0,0,OctoPrint/OctoPrint
6122cf9ada355a2b,15,5,5,5,10,0,5,10,0,0.0,0,5,5,5,0,OctoPrint/OctoPrint
e458387d4b1e26dd,147,113,55,39,34,2,40,34,3,0.12406401409484658,0,53,25,26,1,OctoPrint/OctoPrint
4067a7ed3d99b3c7,12,6,0,0,6,0,0,6,0,0.0,0,0,0,0,0,OctoPrint/OctoPrint
ba2d0999c94b738a,1136,573,191,129,563,42,129,563,96,0.0651687778529746,0,191,115,118,0,OctoPrint/OctoPrint
bb14c88b7c969b20,420,106,2,2,314,2,2,314,7,0.0005085529357373845,0,2,2,2,0,OctoPrint/OctoPrint
4326811195d87607,596,161,58,18,435,49,17,435,57,0.11152501268963963,0,47,18,18,0,OctoPrint/OctoPrint
ebda53251554c174,122,50,26,0,72,7,0,72,23,0.3360655737704918,0,26,0,5,0,OctoPrint/OctoPrint
29c6c87d61effcf8,190,114,79,59,76,9,60,76,15,0.14892678623934139,0,75,59,65,1,OctoPrint/OctoPrint
52fb6c983556536d,22,8,8,0,14,0,0,14,11,0.36363636363636365,0,8,0,0,0,OctoPrint/OctoPrint
8999721ada9dbb72,26,25,0,0,1,0,0,1,0,0.0,0,0,0,0,0,hibernate/hibernate-orm
8a5737bf252d17d4,123,44,0,0,79,18,0,79,25,0.0,0,0,0,0,0,hibernate/hibernate-orm
bdaaf641435dfbb4,26,25,0,0,1,0,0,1,0,0.0,0,0,0,0,0,hibernate/hibernate-orm
5db15703abfe4574,75,73,0,0,2,0,0,2,0,0.0,0,0,0,0,0,hibernate/hibernate-orm
a6b3a97c5fa52ef1,67,66,0,0,1,0,0,1,0,0.0,0,0,0,0,0,hibernate/hibernate-orm
8f997f4eb1d6d3da,345,8,8,0,337,4,0,337,56,0.023188405797101456,0,8,0,0,0,hibernate/hibernate-orm
9c16841342053c3c,130,56,0,0,74,19,0,74,21,0.0,0,0,0,0,0,hibernate/hibernate-orm
91cffbc90e84cf27,75,74,0,0,1,0,0,1,0,0.0,0,0,0,0,0,hibernate/hibernate-orm
a98112daba702b15,25,0,0,0,25,0,0,25,0,0.0,0,0,0,0,0,hibernate/hibernate-orm
15a816ebd91601b8,77,76,0,0,1,0,0,1,0,0.0,0,0,0,0,0,hibernate/hibernate-orm
db36a9a90c01d8a7,74,1,1,0,73,10,0,73,13,0.0135135135135135,0,1,0,0,0,hibernate/hibernate-orm
6ca2620053b47e25,54,53,0,0,1,0,0,1,0,0.0,0,0,0,0,0,hibernate/hibernate-orm
33ae13f580ebb65b,137,1,1,0,136,116,0,136,118,0.0072992700729927,0,1,0,0,0,hibernate/hibernate-orm
467e0a26d16ccf0c,116,43,0,0,73,35,0,73,42,0.0,0,0,0,0,0,hibernate/hibernate-orm
7776c96cdada5890,96,3,3,0,93,0,0,93,19,0.03125,0,3,0,0,0,hibernate/hibernate-orm
741b1bc98994d0f7,30,30,0,0,0,0,0,0,0,0.0,0,0,0,0,0,hibernate/hibernate-orm
275a15421265a29c,183,118,0,0,65,22,0,65,24,0.0,0,0,0,0,0,hibernate/hibernate-orm
73447df641b1534a,51,25,0,0,26,3,0,26,8,0.0,0,0,0,0,0,hibernate/hibernate-orm
b79f7e7b2ff8e9f0,90,89,0,0,1,0,0,1,0,0.0,0,0,0,0,0,hibernate/hibernate-orm
173cacf57aa3434b,47,1,1,0,46,42,0,46,44,0.021276595744680868,0,1,0,0,0,hibernate/hibernate-orm
f8f981b2d42748b7,46,44,0,0,2,0,0,2,0,0.0,0,0,0,0,0,hibernate/hibernate-orm
13141cf49eb5f968,19,18,0,0,1,0,0,1,0,0.0,0,0,0,0,0,hibernate/hibernate-orm
6867d773536a41c5,33,1,1,0,32,18,0,32,20,0.03030303030303029,0,1,0,0,0,hibernate/hibernate-orm
519e6301d7974d94,65,64,0,0,1,0,0,1,0,0.0,0,0,0,0,0,hibernate/hibernate-orm
973b96e1ad6ea6cc,81,1,1,0,80,49,0,80,52,0.012345679012345678,0,1,0,0,0,hibernate/hibernate-orm
b3236d4cb260ca6a,41,2,0,0,39,20,0,39,20,0.012543554006968681,0,0,0,0,0,bentoml/OpenLLM
b335630551682c19,292,0,0,0,292,12,0,292,12,0.0,0,0,0,0,0,bentoml/OpenLLM
42c8dc0bf013ab35,372,0,0,0,372,56,0,372,122,0.0,0,0,0,0,0,bentoml/OpenLLM
50c86b7ed8ac2cf9,116,0,0,0,116,9,0,116,9,0.0,0,0,0,0,0,bentoml/OpenLLM
fc2a310fcfedfefb,113,0,0,0,113,0,0,113,0,0.0,0,0,0,0,0,bentoml/OpenLLM
63a9c44a44acf85f,52,4,1,0,48,0,0,48,0,0.019230769230769253,0,1,0,0,0,bentoml/OpenLLM
a8bd2ce0bbd74d3b,259,1,0,0,258,137,0,258,137,0.0,0,0,0,0,0,ohmybash/oh-my-bash
dfb99e015aabbc0a,45,2,2,2,43,0,2,43,0,0.0,0,2,2,2,0,ohmybash/oh-my-bash
9587f0e4a9256346,145,2,2,2,143,10,2,143,12,0.0,0,2,2,2,0,ohmybash/oh-my-bash
dcb4fb7ebb594535,10,1,1,1,9,0,1,9,0,0.0,0,1,1,1,0,ohmybash/oh-my-bash
341b246721c07eda,101,1,1,1,100,14,1,100,15,0.0,0,0,0,0,0,ohmybash/oh-my-bash
498b2907e8cbdb7e,41,2,0,0,39,0,0,39,0,0.0,0,0,0,0,0,ohmybash/oh-my-bash
5185b7fa1d8c2161,177,20,19,19,157,0,19,157,0,0.0,0,1,1,1,0,ohmybash/oh-my-bash
8ef2b2bc1741a2c2,87,0,0,0,87,19,0,87,19,0.0,0,0,0,0,0,ohmybash/oh-my-bash
04d98473471c1ea1,302,1,0,0,301,90,0,301,160,0.0,0,0,0,0,0,ohmybash/oh-my-bash
fd079fed9e4b4ea9,346,1,0,0,345,109,0,345,109,0.0,0,0,0,0,0,ohmybash/oh-my-bash
bc4502540dd9bd36,59,1,1,1,58,0,1,58,0,0.0,0,1,1,1,0,ohmybash/oh-my-bash
12b11f8947559b35,142,20,5,5,122,0,5,122,0,0.0,0,5,5,5,0,ohmybash/oh-my-bash
95eea3f3742d741b,9,0,0,0,9,0,0,9,0,0.0,0,0,0,0,0,ohmybash/oh-my-bash
c480ca1e3cfc1a4a,107,1,1,1,106,0,1,106,0,0.0,0,1,1,1,0,ohmybash/oh-my-bash
332dcbf3d63beb1e,157,1,1,1,156,0,1,156,1,0.0,0,1,1,1,0,ohmybash/oh-my-bash
8c6ca45eccbe1b5c,25,0,0,0,25,0,0,25,0,0.0,0,0,0,0,0,ohmybash/oh-my-bash
cf0125ba8dcd7add,17,1,1,1,16,0,1,16,0,0.0,0,1,1,1,0,ohmybash/oh-my-bash
c0c14e69fe05d170,197,8,8,8,189,0,8,189,1,0.0,0,7,7,7,0,ohmybash/oh-my-bash
6ccaa099ffc19dc5,101,2,1,1,99,0,1,99,0,0.0,0,1,1,1,0,ohmybash/oh-my-bash
68eafa1d338f68de,97,0,0,0,97,31,0,97,31,0.0,0,0,0,0,0,ohmybash/oh-my-bash
a59b2f7945bca08e,27,1,1,1,26,0,1,26,0,0.0,0,1,1,1,0,ohmybash/oh-my-bash
1b08175b326b096c,22,1,1,1,21,0,1,21,0,0.0,0,1,1,1,0,ohmybash/oh-my-bash
6ae618b89d1f44d9,26,1,0,0,25,1,0,25,1,0.0,0,0,0,0,0,ohmybash/oh-my-bash
e8ce3279415635cd,44,5,5,5,39,0,5,39,0,0.0,0,5,5,5,0,ohmybash/oh-my-bash
5dc310979be51acc,321,1,0,0,320,0,0,320,7,0.0,0,0,0,0,0,ohmybash/oh-my-bash
aad3374c91709637,408,44,39,1,364,7,2,364,35,0.10490560988663455,0,26,3,12,0,neondatabase/neon
5c6e2f8e30ae36cd,59,14,12,0,45,0,0,45,1,0.21800116890707186,0,7,1,7,0,neondatabase/neon
a5bddb4074d1b376,20,7,7,1,13,0,1,13,0,0.19999999999999998,1,6,3,4,1,neondatabase/neon
47aa82f4b862c050,38,1,0,0,37,0,0,37,2,0.024182076813655765,0,0,0,0,0,neondatabase/neon
8ae37ebc59e822cc,136,39,31,12,97,0,12,97,6,0.13970588235294118,0,26,12,16,0,neondatabase/neon
306049e56ae8fe23,769,1,0,0,768,18,0,768,48,0.0010074636974425563,0,0,0,0,0,neondatabase/neon
397c4cb98892ca98,165,45,43,0,120,0,3,120,0,0.2712400074363264,0,38,3,36,0,neondatabase/neon
250b49e092847379,61,21,21,2,40,0,2,40,0,0.3114754098360656,0,17,2,8,0,neondatabase/neon
0fedb3db3ff00a31,58,9,7,0,49,2,0,49,3,0.13581367211131273,1,5,1,5,1,neondatabase/neon
8009b04e1af863e8,58,4,0,0,54,0,0,54,0,0.0,0,0,0,0,0,neondatabase/neon
008603a6c4b410af,56,10,8,0,46,0,0,46,1,0.15876623376623375,0,6,1,6,0,neondatabase/neon
c9c1843fb6caf7f7,83,10,8,0,73,0,0,73,1,0.1186970102632753,0,8,1,8,0,neondatabase/neon
670d67146270588d,35,8,6,0,27,0,0,27,1,0.251948051948052,0,6,0,3,0,neondatabase/neon
815b672ca0737336,207,2,2,0,205,6,2,205,15,0.009661835748792263,0,2,2,2,0,neondatabase/neon
0469d9b8e244cd22,35,3,2,0,32,0,0,32,1,0.08319327731092435,0,2,0,2,0,neondatabase/neon
db1efc0359df7745,571,73,65,12,498,19,18,498,37,0.09005260096214515,1,47,15,28,0,neondatabase/neon
692b22f7eca0e873,64,7,4,0,57,0,0,57,1,0.10706967213114753,0,3,0,2,0,neondatabase/neon
261c82e68f7d2653,71,16,13,0,55,1,0,55,4,0.21665285832642917,1,10,0,8,1,neondatabase/neon
fd63a39b0f904632,83,3,2,0,80,0,0,80,0,0.03599764913311786,0,2,0,2,0,neondatabase/neon
5e67a8c2d8a2a9ac,44,5,4,2,39,2,2,39,2,0.06818181818181819,0,3,1,1,0,neondatabase/neon
2ebfe76f89004d56,254,22,21,2,232,2,2,232,4,0.0944103824966543,0,16,4,10,0,neondatabase/neon
6f4a9d7f67b9fd8e,55,12,12,2,43,1,3,43,1,0.18181818181818182,0,10,4,7,0,neondatabase/neon
1d589ae6a454e306,89,15,15,1,74,0,3,74,1,0.15730337078651688,0,11,3,9,0,neondatabase/neon
0e06f3972dbdcb5c,596,6,6,0,590,1,5,590,1,0.010067114093959752,0,6,5,5,0,neondatabase/neon
55c3d8a6a5addb53,249,36,3,0,213,2,0,213,47,0.02811244979919679,0,3,0,3,0,neondatabase/neon
e870bd50029a4257,20,6,6,1,14,0,1,14,0,0.25,0,5,1,3,0,pypa/pip
eac56dce076aa027,1409,2,2,0,1407,61,0,1407,128,0.0014194464158978036,0,1,0,1,0,pypa/pip
12a8c34c4a7a72a1,10,5,5,1,5,0,1,5,0,0.4,1,4,0,2,1,pypa/pip
788654a2cf48f0d2,24,2,2,0,22,3,0,22,3,0.04166666666666667,0,2,0,2,0,pypa/pip
26615803d2d67bc5,596,117,111,0,479,0,0,479,73,0.18770796909367773,1,107,0,43,1,pypa/pip
56dacb195a0c3e27,77,15,15,0,62,0,0,62,15,0.1948051948051948,0,12,0,10,0,pypa/pip
8f0989d6de8d35cc,111,8,8,0,103,0,0,103,0,0.07207207207207203,0,4,0,0,0,pypa/pip
825418e7a2218a36,107,26,26,0,81,1,0,81,2,0.24299065420560748,0,21,0,17,0,pypa/pip
448eb16f99249c46,15,3,3,1,12,2,1,12,2,0.13333333333333333,0,3,1,3,0,pypa/pip
24ec3e1398a98289,742,43,41,5,699,3,5,699,128,0.04986522911051213,0,38,5,32,0,pypa/pip
2d8b55c561045bc5,82,0,0,0,82,0,0,82,15,0.0,0,0,0,0,0,pypa/pip
db0859d78459e3c6,598,21,20,0,577,12,0,577,128,0.0334448160535117,0,19,0,7,0,pypa/pip
3fefc7b356dcfba5,58,13,10,0,45,0,0,45,2,0.22131661442006273,0,10,0,6,0,pypa/pip
e9f0a8e3da86978e,622,25,22,0,597,42,0,597,100,0.04169967534989204,0,22,0,17,0,pypa/pip
fcf66bd82d0357fe,76,4,4,0,72,0,0,72,3,0.05263157894736842,0,3,0,1,0,pypa/pip
47789c42d35bbbac,664,109,108,7,555,36,6,555,66,0.15480473931926803,0,88,9,33,0,pypa/pip
bca8adfc4ec0ab41,14,5,5,1,9,0,1,9,0,0.2857142857142857,0,4,0,2,0,pypa/pip
e72a219656ade42b,201,1,1,0,200,2,0,200,29,0.004975124378109455,0,1,0,1,0,pypa/pip
5d967edcaa882ad0,163,0,0,0,163,33,0,163,35,0.012269938650306756,0,0,0,0,0,pypa/pip
86d45f59ee800e5d,8,3,3,1,5,0,1,5,0,0.25,0,2,0,0,0,pypa/pip
16cab237920daddb,393,1,1,0,392,24,0,392,21,0.0025445292620864977,0,1,0,1,0,pypa/pip
99244f238fd0c187,118,29,29,0,89,0,1,89,2,0.24576271186440676,1,24,0,22,1,pypa/pip
415a53ad641381f2,52,5,0,0,47,0,0,47,0,0.0,0,0,0,0,0,pypa/pip
76b84b89ebaaaffa,4,2,2,0,2,0,0,2,0,0.5,1,2,0,2,1,pypa/pip
a28b281ee0902c93,1026,315,289,48,711,20,38,711,39,0.25262691922369,0,227,50,176,0,pypa/pip
063c6d6bea841dd5,207,10,10,0,197,0,0,197,46,0.04830917874396139,0,8,1,1,0,quantumlib/Cirq
6b3b62cb41dd4f8c,220,11,10,0,209,0,1,209,0,0.0409090909090909,0,10,1,1,0,quantumlib/Cirq
ffa2d175aa5861b7,1,1,1,1,0,0,1,0,0,0.0,0,1,1,1,1,quantumlib/Cirq
4b7cc24593b0c826,535,112,110,16,423,0,22,423,25,0.17549753642755694,0,91,17,22,0,quantumlib/Cirq
9ccc6c8c4dd6b313,113,2,1,0,111,0,0,111,22,0.016276864728192154,0,1,1,1,0,quantumlib/Cirq
f461f1a78283dbcb,1,1,1,1,0,0,1,0,0,0.0,0,1,1,1,1,quantumlib/Cirq
1f34c81759a0d0a2,26,3,3,0,23,0,0,23,14,0.1153846153846154,0,2,0,1,0,quantumlib/Cirq
d9357d20dc6be086,331,13,13,0,318,2,0,318,41,0.039274924471299086,0,13,0,0,0,quantumlib/Cirq
f3da4f8d0918cb3a,40,7,4,2,33,0,3,33,12,0.125,0,4,2,2,0,quantumlib/Cirq
788da3d2553bfcb0,87,13,13,3,74,4,3,74,16,0.11494252873563215,0,11,3,4,0,quantumlib/Cirq
41b1c15c089b903b,653,1,1,1,652,0,1,652,0,0.0,0,0,0,0,0,quantumlib/Cirq
607e012b56ffde8e,500,69,66,5,431,0,5,431,25,0.12395180722891565,0,55,5,13,0,quantumlib/Cirq
1bad7d98d8c764e3,3,1,1,1,2,0,1,2,0,0.0,0,0,0,0,0,quantumlib/Cirq
403e67bea9ccf674,113,7,5,1,106,3,0,106,29,0.05166228175077736,0,5,2,2,0,quantumlib/Cirq
d2c72a483a3bffb5,4,1,1,1,3,0,1,3,0,0.0,0,0,0,0,0,quantumlib/Cirq
1e2595c9bf9e2acc,78,13,13,0,65,0,1,65,11,0.16666666666666669,0,9,0,2,0,quantumlib/Cirq
9a09483fed610c7b,60,1,1,1,59,0,1,59,0,0.0,0,0,0,0,0,quantumlib/Cirq
5644319dc954f84d,196,1,1,1,195,0,1,195,3,0.0,0,0,0,0,0,quantumlib/Cirq
483a086afcff328d,7,1,1,1,6,0,1,6,0,0.0,0,0,0,0,0,quantumlib/Cirq
2447d311d2318637,284,4,4,0,280,0,3,280,16,0.014084507042253516,0,4,4,4,0,quantumlib/Cirq
3a7d1fbe76555468,19,1,1,0,18,0,0,18,11,0.05263157894736842,0,1,0,0,0,quantumlib/Cirq
75c481d943df4a45,105,1,1,0,104,0,0,104,1,0.009523809523809535,0,1,0,0,0,quantumlib/Cirq
c7d59d367d67fa30,188,22,20,0,166,0,0,166,0,0.11702127659574466,0,19,0,2,0,quantumlib/Cirq
7324830ada5ce665,231,1,1,1,230,0,1,230,0,0.0,0,0,0,0,0,quantumlib/Cirq
0a9b99a425a71518,1318,24,24,3,1294,1,0,1294,11,0.01593323216995447,0,22,1,1,0,quantumlib/Cirq
8205be8c8f457356,119,2,2,0,117,15,0,117,17,0.016806722689075626,0,2,0,0,0,dependabot/dependabot-core
9f109b9d3916a96d,239,13,6,0,226,10,0,226,17,0.028427270489785873,0,5,0,0,0,dependabot/dependabot-core
199a1e82e0f5c755,576,6,6,0,570,13,0,570,21,0.010416666666666671,0,6,0,6,0,dependabot/dependabot-core
3fb32c489d3ded55,84,5,5,0,79,2,0,79,15,0.05952380952380953,0,5,0,0,0,dependabot/dependabot-core
aa5e7945d486247c,171,4,3,0,167,4,0,167,10,0.023391812865497116,0,3,0,1,0,dependabot/dependabot-core
e5210c8bd8ea31d4,407,118,118,0,289,0,0,289,96,0.2899262899262899,0,118,0,118,0,dependabot/dependabot-core
1e4c063689c96536,219,2,2,0,217,0,0,217,16,0.0091324200913242,0,2,0,2,0,dependabot/dependabot-core
c86a953e22a2d746,121,4,4,0,117,0,0,117,0,0.03305785123966942,0,4,0,4,0,dependabot/dependabot-core
0c0b11f5abf9c6f5,924,39,39,0,885,2,0,885,63,0.042207792207792194,0,39,0,39,0,dependabot/dependabot-core
03a563edf477fa4c,157,8,8,4,149,0,4,149,2,0.025477707006369425,0,5,4,5,0,dependabot/dependabot-core
85a4d372a0066dfb,114,1,1,0,113,38,0,113,38,0.008771929824561361,0,1,0,1,0,dependabot/dependabot-core
3dc928bf7b7e7dc1,263,19,19,1,244,7,1,244,9,0.06844106463878333,0,18,1,8,0,dependabot/dependabot-core
7a17114652895a41,1468,0,0,0,1468,39,0,1468,114,0.0,0,0,0,0,0,dependabot/dependabot-core
6e6feb579419ebd7,140,11,11,0,129,0,0,129,13,0.07857142857142857,1,10,0,1,1,dependabot/dependabot-core
d18bc0d8ce14d3ab,144,5,5,1,139,0,1,139,3,0.027777777777777728,0,4,1,2,0,dependabot/dependabot-core
8ee633d168f3e04a,1552,82,81,62,1470,0,62,1470,151,0.012886597938144303,0,64,56,62,0,dependabot/dependabot-core
815abcc94d38c024,510,41,39,12,469,2,12,469,93,0.0568627450980392,0,27,10,15,0,dependabot/dependabot-core
ada829830f82b156,843,171,170,0,672,7,0,672,196,0.2028455662533143,1,170,0,168,1,dependabot/dependabot-core
102314708b3f52c3,295,22,20,8,273,18,6,273,19,0.046416382252559715,0,19,8,13,0,dependabot/dependabot-core
a9db6afb1cf37d1a,373,31,31,15,342,3,13,342,35,0.042895442359249344,0,23,13,23,0,dependabot/dependabot-core
ec04a82afb633478,285,17,17,8,268,5,2,268,19,0.03157894736842106,0,13,8,9,0,dependabot/dependabot-core
2fb2e9e8ec14c47b,803,16,14,0,787,40,0,787,51,0.019922170761019473,0,11,0,5,0,dependabot/dependabot-core
3f300bbee66d5aa0,629,10,10,4,619,5,4,619,160,0.0095389507154213,0,7,4,7,0,dependabot/dependabot-core
3a6c375913dcefaf,234,5,5,0,229,0,0,229,4,0.02136752136752137,0,5,0,0,0,dependabot/dependabot-core
2e50764d206ad65e,292,57,57,0,235,3,0,235,10,0.1952054794520548,0,57,0,57,0,dependabot/dependabot-core
25a9fdc184bca1e2,39,4,4,0,35,0,0,35,0,0.10256410256410255,0,4,0,0,0,ArduPilot/ardupilot
9f305e24fc00dfcb,117,2,2,0,115,0,0,115,0,0.01709401709401712,0,2,0,0,0,ArduPilot/ardupilot
f9089339dbe4d119,55,1,1,0,54,0,0,54,0,0.018181818181818184,0,1,0,0,0,ArduPilot/ardupilot
24210f5c7be44d91,35,1,1,0,34,0,0,34,0,0.028571428571428574,0,1,0,0,0,ArduPilot/ardupilot
df1d07961ab85fd9,100,3,3,0,97,0,0,97,0,0.030000000000000013,0,3,0,0,0,ArduPilot/ardupilot
20aff4d69a6c5d5d,69,1,1,0,68,0,0,68,1,0.014492753623188383,0,1,0,0,0,ArduPilot/ardupilot
c40cd7a052b74e9e,102,2,2,0,100,0,0,100,1,0.019607843137254923,0,2,0,0,0,ArduPilot/ardupilot
a0c3b19a9ceafc1f,683,6,6,0,677,13,0,677,19,0.00878477306002931,0,6,0,0,0,ArduPilot/ardupilot
31dd47ad3ea2964b,85,2,0,0,83,0,0,83,0,0.0,0,0,0,0,0,jupytext/jupytext
47d4995b5627a5d1,341,17,1,0,324,6,0,324,12,0.008797653958944275,0,1,0,0,0,jupytext/jupytext
e4600a44548dca1c,187,13,0,0,174,0,0,174,0,0.0,0,0,0,0,0,jupytext/jupytext
bb3a4a2d2dc48b87,418,7,2,0,411,0,0,411,16,0.0047846889952153256,0,2,0,0,0,jupytext/jupytext
e5c92aba8a2e9b3b,45,1,0,0,44,0,0,44,0,0.0,0,0,0,0,0,jupytext/jupytext
58990228679ebdec,191,3,0,0,188,0,0,188,0,0.0,0,0,0,0,0,jupytext/jupytext
f8aa1a8e18d1d1a6,1537,25,0,0,1512,0,0,1512,11,0.0,0,0,0,0,0,jupytext/jupytext
633f1ed5319375fa,300,1,0,0,299,0,0,299,0,0.0,0,0,0,0,0,jupytext/jupytext
593ed9af8811ed44,264,5,0,0,259,0,0,259,23,0.0,0,0,0,0,0,jupytext/jupytext
162475032f089d17,56,3,0,0,53,0,0,53,0,0.0,0,0,0,0,0,jupytext/jupytext
9fdf391fe9623989,224,3,0,0,221,0,0,221,0,0.0,0,0,0,0,0,jupytext/jupytext
8a00e324ea4c9379,96,5,2,0,91,0,0,91,0,0.020833333333333356,0,2,0,0,0,jupytext/jupytext
4b68c34fc2debbca,13,1,1,1,12,0,1,12,0,0.0,0,1,1,1,0,jupytext/jupytext
7f66ced8b453dd76,300,3,0,0,297,0,0,297,0,0.0,0,0,0,0,0,jupytext/jupytext
d40194ec6999869e,300,7,0,0,293,0,0,293,0,0.0,0,0,0,0,0,jupytext/jupytext
b00ab36fc509811b,55,2,0,0,53,0,0,53,0,0.0,0,0,0,0,0,jupytext/jupytext
ef7c637df609f4b8,56,2,0,0,54,0,0,54,0,0.0,0,0,0,0,0,jupytext/jupytext
66cc379825b310fd,687,37,0,0,650,1,0,650,1,1.0609359152291531e-05,0,0,0,0,0,jupytext/jupytext
19b381a56234eefd,259,3,0,0,256,1,0,256,11,0.0,0,0,0,0,0,jupytext/jupytext
409508479efbaf5e,177,13,0,0,164,0,0,164,0,6.456820016142529e-05,0,0,0,0,0,jupytext/jupytext
b96eff31eaf88497,117,1,0,0,116,0,0,116,1,0.0,0,0,0,0,0,jupytext/jupytext
beb6ecb13a25b7d5,75,2,0,0,73,1,0,73,44,0.0,0,0,0,0,0,jupytext/jupytext
7f67e591d212344b,256,11,3,0,245,6,0,245,12,0.01171875,0,3,0,0,0,jupytext/jupytext
d78fc85ef8438f98,389,6,0,0,383,0,0,383,2,0.0,0,0,0,0,0,jupytext/jupytext
8d8bcea106b9f0ba,421,6,0,0,415,0,0,415,0,0.0,0,0,0,0,0,jupytext/jupytext
c8000673ff5e9eb4,908,111,96,37,797,7,28,797,86,0.06699827872917699,0,75,33,58,0,rust-lang/cargo
b8c3473966602566,2277,7,1,0,2270,0,0,2270,506,0.00043917435221782833,0,1,0,0,0,rust-lang/cargo
8b7fb6a3cba7416c,1310,29,29,29,1281,1,29,1281,451,0.0,0,24,24,24,0,rust-lang/cargo
e786286dcbda294c,36,1,1,0,35,0,0,35,0,0.027777777777777783,0,1,0,0,0,rust-lang/cargo
bfb4f999cd4d85ce,24,1,1,0,23,0,0,23,0,0.0416666666666667,0,1,0,0,0,rust-lang/cargo
271560bfc4cad2ff,39,1,1,0,38,0,1,38,8,0.02564102564102565,0,1,1,1,0,rust-lang/cargo
b3b647eeb6f6648f,32,1,1,0,31,0,0,31,0,0.03125,0,1,0,0,0,rust-lang/cargo
a880dc86dd34018e,29,1,1,0,28,0,1,28,0,0.03448275862068969,0,1,1,1,0,rust-lang/cargo
e67e51993f44ae83,35,1,1,0,34,0,1,34,12,0.028571428571428574,0,1,1,1,0,rust-lang/cargo
21d0e56d1214b110,39,1,1,0,38,0,1,38,0,0.025641025641025595,0,1,1,1,0,rust-lang/cargo
becd9a0dbb0cdb2d,2991,929,763,460,2062,12,456,2062,242,0.1024036934925379,0,590,403,495,0,rust-lang/cargo
2a9ce3848c568c70,1106,25,8,0,1081,45,0,1081,101,0.004147676597415962,0,6,4,5,0,rust-lang/cargo
793ee3c2c27933ae,580,161,108,66,419,1,62,419,32,0.07647676161919043,0,87,62,76,0,rust-lang/cargo
628f1eb22dd84c81,613,1,1,0,612,0,0,612,111,0.0016313213703099594,0,1,0,0,0,rust-lang/cargo
a49b7159959c49c9,785,1,1,0,784,1,0,784,172,0.0012738853503184715,0,1,0,0,0,rust-lang/cargo
f52b0949194d74c4,37,1,1,0,36,0,0,36,0,0.027027027027027056,0,1,0,0,0,rust-lang/cargo
9eb1b64be39fe8fd,24,1,1,0,23,0,1,23,0,0.0416666666666667,0,1,1,1,0,rust-lang/cargo
fb226a815d4f27a6,37,1,1,0,36,0,1,36,8,0.02702702702702703,0,1,1,1,0,rust-lang/cargo
7237dcb79ebc3b42,220,0,0,0,220,2,0,220,3,0.0,0,0,0,0,0,rust-lang/cargo
6d52c77664e62d79,798,9,9,0,789,3,0,789,3,0.015037593984962405,0,5,0,5,0,rust-lang/cargo
50e4704485301ce5,120,7,6,0,113,0,0,113,10,0.05826330532212888,0,5,0,0,0,rust-lang/cargo
cfbe1e3749ebe72c,38,1,1,0,37,0,1,37,3,0.026315789473684223,0,1,1,1,0,rust-lang/cargo
252e465b38b5138c,36,1,1,0,35,0,1,35,0,0.027777777777777728,0,1,1,1,0,rust-lang/cargo
e9fde42b5ea022fa,37,1,1,0,36,0,1,36,0,0.02702702702702703,0,1,1,1,0,rust-lang/cargo
2286e29ba4d51d89,39,1,1,0,38,0,1,38,3,0.025641025641025623,0,1,1,1,0,rust-lang/cargo
55d80136cb227ae2,171,1,0,0,170,0,0,170,29,0.0,0,0,0,0,0,ray-project/ray
77f6a66645a80caa,13,8,7,0,5,0,0,5,0,0.6153846153846154,1,7,0,3,1,ray-project/ray
98c48ecc7b0ddc05,87,8,8,0,79,0,0,79,6,0.09195402298850569,0,8,0,0,0,ray-project/ray
d353ab9847b52368,80,6,6,0,74,0,0,74,1,0.07499999999999998,0,5,0,1,0,ray-project/ray
875a3652edf70595,69,2,2,0,67,1,0,67,1,0.014492753623188411,0,2,1,2,0,ray-project/ray
35aaecb6fd30f9ea,651,40,40,0,611,42,1,611,82,0.09831029185867896,0,16,0,11,0,ray-project/ray
4dac919502a451f6,116,0,0,0,116,0,0,116,19,0.0,0,0,0,0,0,ray-project/ray
15b2fb983deb109a,3025,501,485,21,2524,140,26,2524,415,0.16859504132231404,1,311,21,140,1,ray-project/ray
19e1a80c099aec23,26,11,11,7,15,1,7,15,1,0.15384615384615385,0,8,7,8,1,ray-project/ray
d1aea18fb64c969b,39,7,6,0,32,0,1,32,2,0.17948717948717946,0,6,0,2,0,ray-project/ray
2cc60e6c76a4ae84,1169,117,102,4,1052,19,4,1052,151,0.10008554319931566,0,70,4,37,0,ray-project/ray
c184c102021bda1f,296,6,6,3,290,1,3,290,6,0.010135135135135111,0,5,3,5,0,ray-project/ray
1dc353522cd53caf,294,73,62,2,221,4,2,221,28,0.2414965986394558,0,47,2,14,0,ray-project/ray
341ccd8ac89ea337,75,6,6,0,69,13,0,69,13,0.07999999999999997,0,3,0,2,0,ray-project/ray
98abb79e26cc9023,13,0,0,0,13,3,0,13,4,0.07692307692307693,0,0,0,0,0,ray-project/ray
4e7ddf800a6a9d50,190,39,37,11,151,1,11,151,3,0.1526315789473684,0,33,11,16,0,ray-project/ray
99733ada115b99a5,52,1,0,0,51,0,0,51,2,0.019230769230769253,0,0,0,0,0,ray-project/ray
a263aa55b77bd186,302,32,30,3,270,38,3,270,50,0.11258278145695365,0,19,3,8,0,ray-project/ray
a27194c98b88beb6,246,47,47,5,199,13,5,199,18,0.17886178861788615,0,37,5,12,0,ray-project/ray
2542141629d1fd39,266,16,14,2,250,1,0,250,153,0.052631578947368425,0,8,2,4,0,ray-project/ray
b9676e48123401fa,1631,194,184,62,1437,37,53,1437,114,0.08093194359288781,0,152,62,82,0,ray-project/ray
ac749c4ff37016af,59,0,0,0,59,2,0,59,2,0.0,0,0,0,0,0,ray-project/ray
2621f2e80d527118,124,18,18,4,106,1,4,106,2,0.11290322580645157,0,15,3,5,0,ray-project/ray
58277a8e90d32db4,489,23,22,0,466,2,0,466,6,0.04703476482617585,0,17,0,0,0,ray-project/ray
f5f1cc8a74c07169,321,29,25,0,292,7,0,292,11,0.09034267912772588,0,22,0,0,0,ray-project/ray
3794ceb765fded69,796,22,3,0,774,57,0,774,77,0.009776385094037984,0,3,0,1,0,quarto-dev/quarto-cli
14aee09d08bd4cff,308,0,0,0,308,17,0,308,49,0.0,0,0,0,0,0,quarto-dev/quarto-cli
98e46fab0e0c817d,307,6,0,0,301,21,0,301,21,0.004955411972019036,0,0,0,0,0,quarto-dev/quarto-cli
8db8cafc98f0d728,1211,45,8,0,1166,146,0,1166,214,0.020229142558873595,0,8,0,2,0,quarto-dev/quarto-cli
c632736038491b59,56,1,1,0,55,0,0,55,0,0.01785714285714288,0,0,0,0,0,instantdb/instant
2f34a4066a8570b8,569,1,1,1,568,7,0,568,125,0.0,0,0,0,0,0,instantdb/instant
107f37e22b215fe8,522,51,51,1,471,0,1,471,0,0.09578544061302684,0,43,1,41,0,instantdb/instant
d5b89688bbb98176,199,12,0,0,187,0,0,187,0,0.0,0,0,0,0,0,instantdb/instant
35319dfbdf94b6ab,19,8,8,0,11,0,0,11,0,0.42105263157894735,0,8,0,8,0,instantdb/instant
274ca55d225308bd,119,111,104,88,8,0,88,8,0,0.134453781512605,0,76,68,76,1,instantdb/instant
b07c3511273ccaab,211,31,7,0,180,0,0,180,8,0.03317535545023692,0,7,0,0,0,instantdb/instant
22f8994fcf4dac39,145,2,2,0,143,0,0,143,1,0.013793103448275834,0,2,0,0,0,instantdb/instant
8ff884fe013b7524,221,14,14,0,207,0,0,207,0,0.06334841628959276,0,14,0,0,0,instantdb/instant
405b514a1f0fffd7,195,47,47,10,148,0,10,148,59,0.18974358974358974,0,41,9,30,0,instantdb/instant
61f157c07b242580,23,0,0,0,23,0,0,23,18,0.0,0,0,0,0,0,instantdb/instant
3ef2865297192cda,134,16,16,1,118,0,1,118,0,0.11194029850746272,0,15,1,14,0,instantdb/instant
b43c3c422eeee3f1,403,16,11,0,387,7,1,387,36,0.027295285359801455,0,8,0,4,0,instantdb/instant
8a6be63e3673b133,208,15,14,0,193,0,0,193,11,0.06730769230769233,0,14,0,14,0,instantdb/instant
0d81f460560ab0dc,534,1,1,0,533,22,0,533,22,0.0018726591760299654,0,1,0,0,0,instantdb/instant
86754a07214892f0,28,5,5,0,23,0,0,23,0,0.17857142857142858,0,5,0,5,0,instantdb/instant
48b68466cbaa83ac,260,0,0,0,260,0,0,260,0,0.0,0,0,0,0,0,instantdb/instant
8ddf4229e0ecda8a,111,9,9,0,102,0,0,102,2,0.08108108108108111,0,9,0,6,0,instantdb/instant
4b8b0961a8eb1e8c,176,7,7,0,169,0,0,169,0,0.03977272727272728,0,7,0,0,0,instantdb/instant
86d89be93de63eba,482,8,6,0,474,48,0,474,77,0.012448132780082987,0,6,0,2,0,instantdb/instant
421c41f519d9956f,81,2,0,0,79,0,0,79,0,0.0,0,0,0,0,0,instantdb/instant
8d90f10eee09e56c,104,1,1,0,103,0,0,103,0,0.009615384615384599,0,1,0,0,0,instantdb/instant
f45e8878b4af8569,23,2,2,2,21,0,2,21,0,0.0,0,2,2,2,0,instantdb/instant
af9ea0bbde82edd6,682,0,0,0,682,140,0,682,202,0.002932551319648093,0,0,0,0,0,instantdb/instant
e9e45fc5f99f9088,641,29,29,0,612,0,0,612,0,0.04524180967238689,0,29,0,29,0,instantdb/instant
034e8325a38f2524,110,78,76,43,32,0,43,32,0,0.2818181818181818,1,52,34,42,1,eslint/eslint
f3394860f0ec19ce,210,191,170,82,19,0,82,19,0,0.3476190476190476,1,131,73,80,1,eslint/eslint
75b0289728608aea,133,98,98,77,35,0,77,35,0,0.15789473684210525,0,60,41,60,1,eslint/eslint
7ebc81da2bc4da10,307,282,245,92,25,0,92,25,0,0.23778501628664495,1,171,118,124,1,eslint/eslint
f2694f90206e4305,43,0,0,0,43,9,0,43,9,0.2093023255813954,0,0,0,0,0,eslint/eslint
756862e446ee6fa8,103,88,70,24,15,0,24,15,0,0.1938892061679041,0,45,34,39,1,eslint/eslint
65dc1e906838af82,188,104,83,29,84,0,29,84,0,0.30319148936170215,1,58,29,30,1,eslint/eslint
6804fc7af7ee56c9,414,286,257,158,128,0,158,128,0,0.30193236714975846,0,119,82,109,1,eslint/eslint
b0e6fa1d4b6be042,138,117,100,53,21,0,52,21,0,0.2246376811594203,0,73,54,57,1,eslint/eslint
1c142119e11fc70b,1550,970,860,708,580,0,709,580,11,0.09161290322580644,0,688,541,544,1,eslint/eslint
e3e563ba4e073209,169,149,129,42,20,0,42,20,0,0.20118343195266272,0,97,72,77,1,eslint/eslint
4c402e340d465b70,687,665,599,294,22,0,288,22,0,0.43377001455604075,1,386,220,221,1,eslint/eslint
d80584cc0a19c32c,234,177,151,113,57,0,113,57,0,0.16239316239316243,0,119,85,90,1,eslint/eslint
9f19803b5a78c626,652,613,541,238,39,0,213,39,0,0.4807229640322387,1,335,150,200,1,eslint/eslint
8897b1f620c418c5,777,755,682,295,22,0,279,22,0,0.592020592020592,1,390,293,359,1,eslint/eslint
9ff9ff7ae030df34,49,28,25,13,21,0,13,21,0,0.30612244897959184,0,12,8,11,1,eslint/eslint
5bae461d15457335,50,40,40,29,10,0,29,10,0,0.21999999999999997,0,27,22,27,1,eslint/eslint
7ec0db1086e11d75,139,25,25,21,114,0,21,114,0,0.028776978417266175,0,13,11,13,0,eslint/eslint
0a3017d7e43eab13,278,256,238,159,22,0,161,22,0,0.3489208633093525,1,132,93,132,1,eslint/eslint
b3c15030d3ff7172,1,1,1,0,0,0,0,0,0,1.0,1,1,0,0,1,eslint/eslint
b53cad6d07720c2c,990,966,858,143,24,0,140,24,0,0.7858585858585858,1,639,121,121,1,eslint/eslint
907d01a1e53c7706,584,556,530,312,28,0,327,28,0,0.4058219178082192,1,331,176,223,1,eslint/eslint
1fd59fab01f3a67c,207,163,146,125,44,1,115,44,4,0.09178743961352659,0,129,110,110,1,eslint/eslint
77df43f548bf5b46,39,18,18,13,21,0,13,21,0,0.12820512820512822,0,12,9,12,1,eslint/eslint
d5567b08f42c3f30,1,1,1,0,0,0,0,0,0,1.0,1,1,0,0,1,eslint/eslint
362e762d8b52142b,268,101,97,15,167,13,15,167,21,0.298437587344178,1,95,17,95,1,AUTOMATIC1111/stable-diffusion-webui
18be4c015525ceca,62,58,46,12,4,0,12,4,0,0.5483870967741935,1,39,9,39,1,AUTOMATIC1111/stable-diffusion-webui
c766c825471943c0,712,127,94,56,585,42,56,585,53,0.05337078651685391,0,73,41,70,1,AUTOMATIC1111/stable-diffusion-webui
856997acd716f8f4,215,72,66,23,143,8,23,143,14,0.19993479678330797,0,62,23,62,0,AUTOMATIC1111/stable-diffusion-webui
479163685bafaa4c,156,82,60,50,74,23,46,74,23,0.03846153846153848,0,49,43,49,1,AUTOMATIC1111/stable-diffusion-webui
b67641cf8802a9b9,18,18,7,2,0,0,2,0,0,0.2777777777777778,1,5,0,5,1,AUTOMATIC1111/stable-diffusion-webui
ddc07d50fa3b0439,203,3,2,1,200,16,1,200,16,0.0049261083743842304,0,1,1,1,0,AUTOMATIC1111/stable-diffusion-webui
0b54aae751401ae8,43,9,7,7,34,2,7,34,2,0.0,0,7,7,7,0,AUTOMATIC1111/stable-diffusion-webui
af5cef44524d25c0,35,23,20,12,12,1,12,12,1,0.28225108225108225,0,15,7,15,1,AUTOMATIC1111/stable-diffusion-webui
fe2129c140fc5cff,436,118,106,43,318,3,41,318,6,0.14421069281872823,0,98,44,98,0,AUTOMATIC1111/stable-diffusion-webui
b4b7969eb6a34dc0,17,16,9,3,1,0,3,1,0,0.3529411764705882,0,7,2,7,1,AUTOMATIC1111/stable-diffusion-webui
6b4ebcade51d2d3d,156,21,19,16,135,13,16,135,21,0.019230769230769225,0,16,15,16,0,AUTOMATIC1111/stable-diffusion-webui
ed3ee7e0beea2498,214,0,0,0,214,108,0,214,111,0.014018691588785048,0,0,0,0,0,AUTOMATIC1111/stable-diffusion-webui
c47505ac02dfa18a,95,71,47,25,24,0,24,24,0,0.2610983981693364,1,35,18,35,1,AUTOMATIC1111/stable-diffusion-webui
e9a27408b64265e3,53,5,5,4,48,0,4,48,0,0.01886792452830189,0,5,4,5,0,AUTOMATIC1111/stable-diffusion-webui
3ab0330b32fb1aab,63,1,1,0,62,21,0,62,21,0.015873015873015844,0,1,0,1,0,AUTOMATIC1111/stable-diffusion-webui
c888caf5f8628b5c,113,104,70,47,9,2,47,9,2,0.1227085967130215,0,55,43,53,1,AUTOMATIC1111/stable-diffusion-webui
7c061f70b595941b,42,25,0,0,17,2,0,17,2,0.023809523809523822,0,0,0,0,0,AUTOMATIC1111/stable-diffusion-webui
6b040102aa8f0e3a,205,155,78,54,50,4,63,50,5,0.0966523194643711,0,58,45,58,1,AUTOMATIC1111/stable-diffusion-webui
57519d79eb8fca0c,163,129,96,51,34,8,51,34,8,0.2999233128834356,0,71,36,66,1,AUTOMATIC1111/stable-diffusion-webui
7580fd8ad6cc632a,776,152,152,89,624,13,89,624,18,0.08762886597938144,0,152,89,90,0,valkey-io/valkey
58d8f8ccac6ac517,431,34,34,15,397,4,9,397,123,0.048723897911832924,0,34,16,17,0,valkey-io/valkey
962cc15ef1f146d2,1313,181,178,146,1132,75,145,1132,91,0.023610053313023613,0,166,142,143,0,valkey-io/valkey
2b9201f4b1912c6c,177,14,14,9,163,8,9,163,8,0.05084745762711869,0,14,9,9,0,valkey-io/valkey
678038b2c26e76e4,161,55,55,35,106,0,35,106,1,0.12422360248447206,0,55,35,35,0,valkey-io/valkey
5085da291f9e5b59,580,60,59,46,520,36,45,520,90,0.022413793103448258,0,53,41,42,0,valkey-io/valkey
d9c010ad7226e897,17,4,0,0,13,0,0,13,0,0.23529411764705882,0,0,0,0,0,valkey-io/valkey
0ae7aa2e13ffeaa1,298,0,0,0,298,3,0,298,3,0.0,0,0,0,0,0,valkey-io/valkey
46da724226abf213,188,9,9,2,179,8,2,179,5,0.037234042553191495,0,9,2,3,0,valkey-io/valkey
6fdd1aca0070b1fa,61,3,3,3,58,0,3,58,0,0.0,0,3,3,3,0,valkey-io/valkey
dd9a6c95849b3649,2981,66,62,0,2915,97,0,2915,156,0.021469305602146944,0,62,0,0,0,valkey-io/valkey
5ef8e746bffc4320,680,93,93,84,587,32,84,587,34,0.0044117647058823485,0,93,90,90,0,valkey-io/valkey
55c2de0fa49d05f6,1844,211,211,134,1633,9,23,1633,819,0.04175704989154014,0,211,134,137,0,valkey-io/valkey
14d4391345129ebf,1332,165,165,105,1167,87,93,1167,179,0.0367867867867868,0,165,118,118,0,valkey-io/valkey
a5deb5bfe15717e9,163,12,12,2,151,8,2,151,22,0.061349693251533756,0,12,2,2,0,valkey-io/valkey
701347dfdfb17f76,585,1,1,0,584,76,0,584,76,0.0017094017094017033,0,1,0,0,0,valkey-io/valkey
3ae6ff83070c3e25,98,6,6,0,92,0,0,92,5,0.061224489795918366,0,6,0,0,0,valkey-io/valkey
66801c1dc81b98da,296,25,25,7,271,1,7,271,1,0.06081081081081078,0,25,7,7,0,valkey-io/valkey
118d38f26f7a1641,193,20,20,16,173,1,16,173,3,0.025906735751295363,0,20,16,17,0,valkey-io/valkey
e32fb7f71d7cb6c0,302,13,13,2,289,0,2,289,27,0.03642384105960263,0,13,2,2,0,valkey-io/valkey
2a05ab307f9432d9,3912,436,435,247,3476,129,223,3476,379,0.04447852760736197,0,434,262,267,0,valkey-io/valkey
2fc173fcec3e134f,1210,72,72,55,1138,48,54,1138,154,0.01404958677685951,0,71,56,57,0,valkey-io/valkey
a215154273cb4933,60,15,15,3,45,0,3,45,0,0.19999999999999998,0,12,3,6,0,valkey-io/valkey
9b0a23e99a85a122,227,14,14,12,213,13,12,213,40,0.008810572687224703,0,13,11,11,0,valkey-io/valkey
f25bcee16d82adf7,1257,149,149,121,1108,46,118,1108,131,0.015115354017502008,0,149,130,132,0,valkey-io/valkey
c1c3372d4bd36c8a,40,3,3,0,37,0,0,37,0,0.07499999999999998,0,3,0,0,0,readthedocs/readthedocs.org
d0019d8c9ad4e2b2,47,17,17,0,30,0,4,30,0,0.36170212765957444,0,17,0,17,0,readthedocs/readthedocs.org
f90c0720fdd625e4,18,5,1,0,13,0,0,13,0,0.055555555555555566,0,1,0,0,0,readthedocs/readthedocs.org
4ef0b4fbd06aad2a,23,8,7,0,15,0,0,15,0,0.3458498023715415,0,7,0,5,0,readthedocs/readthedocs.org
4a5182f47f025406,260,260,0,0,0,0,0,0,0,0.0,0,0,0,0,0,readthedocs/readthedocs.org
9258a57a5e5a15c4,98,98,0,0,0,0,0,0,0,0.0,0,0,0,0,0,readthedocs/readthedocs.org
8ec56eeab47aa0a2,70,70,0,0,0,0,0,0,0,0.0,0,0,0,0,0,readthedocs/readthedocs.org
9444ba8ed70ab62b,26,2,2,0,24,0,0,24,0,0.07692307692307694,0,2,0,2,0,readthedocs/readthedocs.org
e85026068284cac1,263,26,26,0,237,0,0,237,0,0.09885931558935361,0,26,0,25,0,readthedocs/readthedocs.org
115000b10423e6a7,157,10,10,0,147,0,0,147,0,0.06369426751592355,0,9,0,0,0,readthedocs/readthedocs.org
339aa8b60faf3cce,30,2,2,0,28,0,0,28,0,0.06666666666666665,0,2,0,0,0,readthedocs/readthedocs.org
2e2923cbfdbb63f4,136,136,0,0,0,0,0,0,0,0.0,0,0,0,0,0,readthedocs/readthedocs.org
7e56de7aa41c934e,30,0,0,0,30,0,0,30,0,0.0,0,0,0,0,0,readthedocs/readthedocs.org
a85b79440fc5f697,206,206,0,0,0,0,0,0,0,0.0,0,0,0,0,0,readthedocs/readthedocs.org
1e79c55681c50f3d,124,56,46,0,68,0,1,68,0,0.4516129032258065,0,46,5,6,0,readthedocs/readthedocs.org
81619b530412f364,431,403,296,0,28,0,0,28,0,0.9350348027842228,1,296,67,67,1,readthedocs/readthedocs.org
62362be41696a7e2,454,358,267,0,96,0,7,96,0,0.788546255506608,1,267,66,68,1,readthedocs/readthedocs.org
db9ce4b29f1488d7,81,2,2,0,79,0,0,79,0,0.024691358024691357,0,2,0,0,0,readthedocs/readthedocs.org
9d912130911b293a,17,4,4,0,13,0,0,13,0,0.2352941176470588,0,4,0,3,0,readthedocs/readthedocs.org
c5312d6b640bfcea,32,7,7,0,25,0,0,25,0,0.21875,0,7,0,1,0,readthedocs/readthedocs.org
6e3efde71ba40d4f,407,407,0,0,0,0,0,0,0,0.0,0,0,0,0,0,readthedocs/readthedocs.org
12edd53a59d4da0d,967,17,16,0,950,33,0,950,102,0.017580144777662853,0,16,0,0,0,readthedocs/readthedocs.org
6639140c2e33682f,19,0,0,0,19,1,0,19,9,0.0,0,0,0,0,0,readthedocs/readthedocs.org
46031944f2737746,70,2,2,0,68,0,0,68,0,0.028571428571428574,0,2,0,0,0,readthedocs/readthedocs.org
6ac539eef0f58865,377,0,0,0,377,0,0,377,6,0.0,0,0,0,0,0,readthedocs/readthedocs.org
b29631b6bd94d282,72,8,1,1,64,0,1,64,19,0.0,0,1,1,1,0,icsharpcode/ILSpy
885d82528cf6e59b,126,15,13,0,111,6,0,111,12,0.1111111111111111,0,5,0,5,0,icsharpcode/ILSpy
51722c14f0a2875b,89,0,0,0,89,0,0,89,0,0.0,0,0,0,0,0,icsharpcode/ILSpy
31ddd5c2b77d2c7f,303,78,76,0,225,0,0,225,2,0.2541254125412542,0,30,0,30,0,icsharpcode/ILSpy
580578320c9a6160,96,0,0,0,96,0,0,96,0,0.0,0,0,0,0,0,icsharpcode/ILSpy
ec7adb6c5ae1f39a,808,4,2,2,804,0,2,804,62,0.002475247524752485,0,2,2,2,0,icsharpcode/ILSpy
efddf6b607a8e32f,277,17,11,0,260,30,0,260,30,0.057761732851985555,0,4,0,4,0,icsharpcode/ILSpy
0fce4bb6fc11ee2e,191,4,2,0,187,0,0,187,13,0.015706806282722544,0,1,0,1,0,icsharpcode/ILSpy
44ef69d0a492b93b,673,40,39,0,633,1,0,633,29,0.06092124814264488,0,17,0,17,0,icsharpcode/ILSpy
cca31046941c0939,382,2,2,0,380,0,0,380,118,0.005235602094240813,0,1,0,1,0,icsharpcode/ILSpy
49fb6bf2d525afb9,1530,103,92,1,1427,16,2,1427,68,0.061437908496732016,0,48,1,32,0,icsharpcode/ILSpy
c50178e100c84dee,460,33,23,0,427,24,0,427,30,0.06956521739130433,0,9,0,9,0,icsharpcode/ILSpy
9c549de2e60e841f,208,36,35,0,172,0,2,172,31,0.17307692307692307,0,17,2,17,0,icsharpcode/ILSpy
15905e7788133b8a,1072,118,114,0,954,0,0,954,373,0.10634328358208955,0,57,0,57,0,icsharpcode/ILSpy
02c9b7f4ab6916ff,1115,14,11,0,1101,14,0,1101,155,0.011659192825112106,0,5,0,5,0,icsharpcode/ILSpy
e8bed21eb640736d,141,23,18,18,118,0,18,118,9,0.0,0,18,18,18,0,icsharpcode/ILSpy
6bcb892380932861,61,3,0,0,58,0,0,58,1,0.0,0,0,0,0,0,icsharpcode/ILSpy
adaa54a470e661c2,544,88,82,5,456,15,3,456,38,0.14705882352941174,0,39,5,37,0,icsharpcode/ILSpy
765f9540888ea647,1232,40,39,3,1192,6,4,1192,32,0.03246753246753248,0,13,0,11,0,icsharpcode/ILSpy
3d7111978f5b45c9,126,0,0,0,126,0,0,126,0,0.0,0,0,0,0,0,icsharpcode/ILSpy
8e792650f01218f3,42,1,0,0,41,0,0,41,1,0.0,0,0,0,0,0,icsharpcode/ILSpy
66c2cd18dc1b4bc2,120,4,1,0,116,2,1,116,24,0.008333333333333331,0,1,1,1,0,icsharpcode/ILSpy
79cc4cdf052c43fc,650,26,23,1,624,9,2,624,17,0.04153846153846154,0,11,0,9,0,icsharpcode/ILSpy
83f93d9d89a5ca14,78,0,0,0,78,0,0,78,0,0.0,0,0,0,0,0,icsharpcode/ILSpy
a059abbe2c6fb64f,86,11,4,0,75,0,0,75,19,0.046511627906976764,0,2,0,2,0,icsharpcode/ILSpy
8d08cc3782fd95b7,367,6,0,0,361,0,0,361,83,0.001030196707849663,0,0,0,0,0,questdb/questdb
e0c3947f7b9c7262,185,10,5,0,175,7,1,175,30,0.045303867403314886,1,5,5,5,0,questdb/questdb
c380f6fe0d97676c,172,4,2,0,168,0,2,168,10,0.011627906976744193,0,2,0,0,0,questdb/questdb
b00dc1df027c93fc,166,1,1,0,165,17,1,165,23,0.006024096385542188,0,1,1,1,0,questdb/questdb
a75b187e35ef0a21,46,1,1,0,45,0,1,45,17,0.0217391304347826,0,1,1,1,0,questdb/questdb
1d6687cb2047d28b,471,15,11,0,456,1,7,456,37,0.030901494382993035,0,11,2,2,0,questdb/questdb
8fef6bec03276a84,646,131,80,0,515,4,49,515,52,0.17735261073576436,0,80,46,46,0,questdb/questdb
8f5a14387c5a0442,1498,448,91,1,1050,55,63,1050,282,0.10419020232104341,0,89,19,19,0,questdb/questdb
d111c8f2b15041b3,304,43,13,2,261,3,2,261,45,0.052789835413275435,0,13,3,3,0,questdb/questdb
162bd38c5645c71b,70,1,1,0,69,0,1,69,28,0.014285714285714315,0,1,1,1,0,questdb/questdb
3a9c946de546b5b5,283,18,0,0,265,2,0,265,37,0.017719808771565176,0,0,0,0,0,questdb/questdb
a4148e70a9eebd11,253,64,0,0,189,0,0,189,39,0.013868663754247246,0,0,0,0,0,questdb/questdb
8c866bfac063c62a,43,6,6,0,37,0,0,37,0,0.1395348837209302,0,6,0,0,0,questdb/questdb
1da6da54db6b01d1,151,4,2,0,147,0,1,147,24,0.013245033112582787,0,2,0,0,0,questdb/questdb
87d5a07058cd03dc,58,4,4,0,54,0,4,54,0,0.06896551724137927,0,4,0,0,0,questdb/questdb
9309cfa18f101a64,132,23,15,0,109,18,13,109,48,0.17179863147605087,0,15,15,15,0,questdb/questdb
0078a509d49f4778,1189,90,42,0,1099,24,30,1099,122,0.042813292044476155,0,42,16,16,0,questdb/questdb
b1412b2fbed6fddf,88,5,3,0,83,0,3,83,17,0.05655391120507397,0,3,3,3,0,questdb/questdb
e9db44ccbe3b502a,149,3,0,0,146,0,0,146,10,0.012692325252248567,0,0,0,0,0,questdb/questdb
c26d6dc06dca0f12,314,13,9,1,301,0,9,301,24,0.03805218820628729,0,9,9,9,0,questdb/questdb
6c67cb525dda44a7,83,5,2,0,78,0,2,78,0,0.04713855421686746,0,2,2,2,0,questdb/questdb
32dd9a60645e790a,58,0,0,0,58,0,0,58,1,0.0,0,0,0,0,0,questdb/questdb
5e87a9b057cc49fb,275,12,2,0,263,2,1,263,15,0.027211895910780694,1,2,1,1,1,questdb/questdb
18a74cfb75363845,76,6,0,0,70,0,0,70,4,0.029740447007930798,0,0,0,0,0,questdb/questdb
d9b6b87decbc90ca,36,2,0,0,34,0,0,34,0,0.0,0,0,0,0,0,questdb/questdb
04a1b33fb8350812,77,2,2,0,75,0,0,75,0,0.02597402597402598,0,1,0,0,0,antiwork/shortest
689d1c2c9efa5231,29,2,2,0,27,0,0,27,2,0.06896551724137927,0,1,0,0,0,antiwork/shortest
6e8858465e57fb0f,137,2,2,0,135,15,0,135,18,0.01459854014598539,0,2,0,2,0,antiwork/shortest
7ab478d8968ac357,63,9,9,0,54,0,0,54,6,0.14285714285714282,0,4,0,0,0,antiwork/shortest
d5d2101fb8ffc6e8,144,5,5,0,139,51,0,139,52,0.03472222222222222,0,4,0,1,0,antiwork/shortest
a24651b361334125,96,2,0,0,94,0,0,94,0,0.0,0,0,0,0,0,antiwork/shortest
99b798dd61b44ec9,63,2,1,0,61,1,0,61,3,0.015873015873015872,0,0,0,0,0,antiwork/shortest
47356838aea90260,377,0,0,0,377,0,0,377,18,0.0,0,0,0,0,0,antiwork/shortest
f0d5bf68719b50e6,49,1,1,0,48,7,0,48,7,0.02040816326530613,0,0,0,0,0,antiwork/shortest
080c1fea579c88b6,31,2,2,0,29,7,0,29,7,0.06451612903225809,0,1,0,0,0,antiwork/shortest
bdee8e342c708df7,102,2,1,0,100,10,0,100,10,0.009803921568627472,0,0,0,0,0,antiwork/shortest
83c120825e505f3b,40,0,0,0,40,2,0,40,2,0.0,0,0,0,0,0,antiwork/shortest
ade6e0fde7e9878e,262,6,6,0,256,18,0,256,19,0.019083969465648856,0,3,0,1,0,antiwork/shortest
b5c83bb8bf7e7e66,51,4,4,0,47,0,0,47,0,0.07843137254901959,0,2,0,0,0,antiwork/shortest
a457114e2540c998,170,4,0,0,166,0,0,166,8,0.0,0,0,0,0,0,antiwork/shortest
809ed15cfc242ecb,588,3,3,0,585,62,0,585,102,0.005102040816326533,0,2,0,1,0,antiwork/shortest
d82964d925364bb2,76,2,1,0,74,2,0,74,4,0.013157894736842125,0,0,0,0,0,antiwork/shortest
e62ce56f3f8a6b4a,111,1,0,0,110,13,0,110,20,0.0,0,0,0,0,0,antiwork/shortest
6e96dfc70d97fc43,46,5,0,0,41,0,0,41,0,0.0,0,0,0,0,0,antiwork/shortest
8f0ad2361988c1f2,48,2,2,0,46,0,0,46,0,0.041666666666666644,0,1,0,0,0,antiwork/shortest
f8920d47967e62f2,23,2,2,0,21,1,0,21,3,0.0869565217391304,0,1,0,0,0,antiwork/shortest
8dfd9fbd94113030,53,0,0,0,53,0,0,53,0,0.0,0,0,0,0,0,antiwork/shortest
ff50bcd8bd373cca,23,3,3,0,20,0,0,20,0,0.13043478260869562,0,2,0,0,0,antiwork/shortest
34b9e00c7083704a,71,1,1,0,70,1,0,70,2,0.014084507042253572,0,0,0,0,0,antiwork/shortest
9e9354b09eeb107d,2,2,2,0,0,0,0,0,0,1.0,1,2,0,0,1,antiwork/shortest
38caf60a98cd0944,7,0,0,0,7,0,0,7,0,0.0,0,0,0,0,0,hylang/hy
55ce87014e86b396,2135,419,311,46,1716,124,33,1716,420,0.1798594847775176,0,261,48,90,0,hylang/hy
485cc1d29b5d7196,6,1,1,0,5,0,0,5,0,0.16666666666666669,0,1,1,1,0,hylang/hy
ddb2a5c238098dd8,187,45,13,1,142,0,3,142,0,0.23529411764705885,0,12,3,5,0,hylang/hy
32295c7c05f771b6,68,12,9,6,56,0,6,56,0,0.08823529411764708,0,8,6,8,0,hylang/hy
05fa606cd507e053,300,43,41,0,257,14,1,257,14,0.14333333333333334,0,33,0,12,0,hylang/hy
59d6251c848838d5,516,74,69,1,442,34,1,442,56,0.1395348837209302,0,61,0,33,0,hylang/hy
057df51a2b93b648,297,57,53,1,240,2,2,240,8,0.18855218855218858,0,49,3,40,0,hylang/hy
fb00e09095b6e3b3,698,73,40,7,625,2,9,625,21,0.09598853868194841,0,34,9,14,0,hylang/hy
cc302114b6327f0d,428,5,5,0,423,2,0,423,11,0.01168224299065422,0,4,0,0,0,hylang/hy
4ab40e5ae6a60e29,665,63,58,2,602,12,2,602,14,0.08421052631578949,0,50,8,40,0,hylang/hy
a628be4d38d66544,1,1,1,0,0,0,0,0,0,1.0,1,1,0,1,1,hylang/hy
b5b4b7f565aca650,63,18,16,9,45,1,10,45,1,0.14285714285714288,0,15,10,11,1,hylang/hy
85933aa74a2d66c3,51,0,0,0,51,0,0,51,0,0.0,0,0,0,0,0,hylang/hy
359f330c6c6c7e7a,201,17,12,0,184,28,1,184,28,0.0845771144278607,0,12,1,7,0,hylang/hy
f51b487fd4248fbf,90,12,12,1,78,23,1,78,23,0.12222222222222223,0,11,2,5,0,hylang/hy
e95d5d64e8c0b04b,1,1,1,0,0,0,0,0,0,1.0,1,1,0,1,1,hylang/hy
a31c7ed5d35f5ed8,18,4,3,0,14,0,0,14,0,0.22222222222222224,0,2,0,0,0,hylang/hy
ea1374035d86aa0e,715,41,35,4,674,3,4,674,11,0.05174825174825175,0,29,5,24,0,hylang/hy
bdb66cf521542fd4,150,8,5,0,142,19,0,142,24,0.05333333333333333,0,5,1,3,0,hylang/hy
d468ae23efbc3d20,181,17,12,0,164,0,0,164,0,0.09392265193370165,0,12,0,1,0,hylang/hy
65bca16790c99c8e,445,35,28,1,410,48,1,410,76,0.09213483146067411,0,26,4,8,0,hylang/hy
0adb667cd397bd56,276,58,52,5,218,0,5,218,3,0.19202898550724637,0,43,5,15,0,hylang/hy
2025bb8dc4f3bd2a,924,145,113,11,779,32,16,779,61,0.14393939393939392,0,97,10,32,0,hylang/hy
975883a2f2d61a74,60,5,2,0,55,3,0,55,3,0.08333333333333331,0,1,0,0,0,hylang/hy
248656b3fe1860e4,213,68,61,0,145,0,0,145,12,0.295774647887324,0,60,0,0,0,google/gson
4e87b7aafdf65c84,1112,629,532,303,483,72,296,483,138,0.1708426267265856,0,463,251,256,1,google/gson
5d603ee899e8d028,143,4,4,0,139,13,0,139,16,0.027972027972027958,0,4,0,2,0,google/gson
908f3c5d9e5c9a79,86,10,6,0,76,3,0,76,19,0.06976744186046513,0,6,0,0,0,google/gson
f4d65f1657b0d869,640,191,169,81,449,2,83,449,21,0.14195937990580845,0,149,61,63,0,google/gson
69bda3229e0c6a6b,65,10,6,0,55,0,0,55,14,0.11623931623931621,0,6,0,0,0,google/gson
ba88d09fb5b037d6,151,34,29,23,117,0,23,117,2,0.03973509933774832,0,27,21,22,0,google/gson
75c7eb1b101123cb,119,48,44,35,71,5,35,71,10,0.07563025210084032,0,35,26,26,1,google/gson
bab1f0b23240800b,213,70,62,0,143,8,0,143,10,0.3286384976525822,1,62,0,1,1,google/gson
539b0c7995111f08,972,62,33,3,910,29,3,910,56,0.0308641975308642,0,33,3,3,0,google/gson
cc0118d5699b92e1,104,47,43,21,57,8,21,57,8,0.1153846153846154,0,37,25,25,1,google/gson
d0340c8651039add,209,55,50,1,154,0,1,154,16,0.2532150776053215,0,50,1,2,0,google/gson
6e32869a1dd11748,19,1,1,0,18,0,0,18,0,0.05263157894736842,0,1,0,1,0,google/gson
db8967537af437fe,452,93,90,1,359,4,2,359,14,0.2035398230088496,0,90,1,6,0,google/gson
31d3e24753e8d6d6,85,2,2,0,83,0,0,83,2,0.023529411764705896,0,2,0,0,0,google/gson
6950f72498123047,323,78,71,22,245,19,22,245,69,0.16718266253869965,0,70,21,23,0,google/gson
10159fbb35c9a89b,112,22,20,9,90,8,9,90,22,0.09821428571428573,0,17,6,6,0,google/gson
9bb73ac0bcacb697,532,177,168,61,355,56,63,355,70,0.22282980177717018,0,139,32,35,0,google/gson
b5027136f913d07d,358,18,18,5,340,1,5,340,33,0.03631284916201116,0,18,5,11,0,google/gson
46a00fec0fc95996,173,55,53,33,118,1,33,118,1,0.12527465098198295,0,53,33,33,1,google/gson
8a9139e060e1a656,396,15,15,0,381,15,0,381,43,0.037878787878787894,0,15,0,0,0,google/gson
0278323fb6071d70,415,337,193,193,78,0,193,78,0,0.0,0,171,171,171,1,google/gson
c4a7b2364a6b009b,98,22,22,6,76,0,7,76,0,0.16326530612244894,0,18,4,5,0,google/gson
925cdeedc560bb3d,694,135,130,2,559,30,2,559,68,0.1916321946771623,0,128,3,6,0,google/gson
b483e4e8b68beed8,171,111,91,61,60,0,61,60,1,0.19883040935672516,0,85,44,44,1,google/gson
5c6dddc0c85981eb,270,2,0,0,268,0,0,268,0,0.0,0,0,0,0,0,simonw/datasette
29c93c7c1984a571,1416,51,0,0,1365,0,0,1365,10,0.0,0,0,0,0,0,simonw/datasette
98a905cde294e8bc,307,10,10,0,297,0,0,297,25,0.032573289902280145,0,7,0,0,0,simonw/datasette
d38f148b058caf2f,1452,0,0,0,1452,3,0,1452,10,0.0,0,0,0,0,0,simonw/datasette
3451cc474d569822,1155,35,0,0,1120,17,0,1120,29,0.000271829933581879,0,0,0,0,0,simonw/datasette
a0773d3b66660065,2120,4,0,0,2116,0,0,2116,12,0.0,0,0,0,0,0,simonw/datasette
400f17d3526d3c74,338,8,0,0,330,0,0,330,19,0.0,0,0,0,0,0,simonw/datasette
e52e4ddd58b7ef88,438,2,0,0,436,0,0,436,16,0.0009425662938293139,0,0,0,0,0,simonw/datasette
8789098ed2a3a26e,326,4,0,0,322,0,0,322,3,0.0,0,0,0,0,0,simonw/datasette
a404bcd8a87f87a1,2551,10,0,0,2541,22,0,2541,60,0.00014777162242453497,0,0,0,0,0,simonw/datasette
4ccde2f5cf4fc8ce,16,2,2,2,14,0,2,14,0,0.0,0,2,2,2,0,simonw/datasette
33c13e0b177bacd2,967,131,42,1,836,1,0,836,27,0.04293180673545806,0,27,1,18,0,simonw/datasette
a65e663100a647fe,928,100,79,2,828,32,2,828,48,0.09150805785899212,0,72,5,21,0,simonw/datasette
c66d64310c3a2a02,400,0,0,0,400,19,0,400,48,0.013153266331658267,0,0,0,0,0,simonw/datasette
7e121b0bd3a0c254,104,6,6,0,98,0,0,98,29,0.05769230769230772,0,5,0,1,0,simonw/datasette
5dbc88d6e5c3615c,491,28,2,0,463,2,0,463,41,0.009655276457720456,0,2,0,1,0,simonw/datasette
891587ca9b63bd45,469,87,0,0,382,0,0,382,3,0.0011271521561481861,0,0,0,0,0,simonw/datasette
c874b0b095156b80,2,0,0,0,2,0,0,2,0,0.0,0,0,0,0,0,simonw/datasette
5c9ef29c33ed0fde,123,0,0,0,123,3,0,123,44,0.0,0,0,0,0,0,simonw/datasette
43f019e7aa05f397,185,0,0,0,185,8,0,185,10,0.005405405405405378,0,0,0,0,0,simonw/datasette
8c3bbe16eac9998c,573,24,0,0,549,0,0,549,0,3.6612602057596155e-05,0,0,0,0,0,simonw/datasette
3f6bf963ebd2fc1c,98,45,40,31,53,0,22,53,2,0.11543367346938774,0,32,26,27,1,simonw/datasette
bbe9eade93466fc3,191,10,1,0,181,2,0,181,2,0.0055387158996968375,0,1,0,1,0,simonw/datasette
c42c96171310ba36,167,32,0,0,135,0,0,135,2,0.0,0,0,0,0,0,simonw/datasette
9480d31bdde3d9fc,1262,3,0,0,1259,9,0,1259,25,3.5217467864058515e-05,0,0,0,0,0,simonw/datasette
18065b96b2a2f3d5,85,82,73,56,3,3,56,3,3,0.0,0,64,64,64,1,dahlbyk/posh-git
cfb01399616be5ef,24,4,3,3,20,0,3,20,0,0.0,0,0,0,0,0,dahlbyk/posh-git
d0ed4cc3fb70489f,7,6,0,0,1,0,0,1,0,0.0,0,0,0,0,0,dahlbyk/posh-git
50d51a233d8ff488,6,4,2,2,2,0,1,2,0,0.0,0,2,2,2,1,dahlbyk/posh-git
af3cd6b1ad1a760a,582,178,157,157,404,0,157,404,28,0.0,0,123,123,123,1,dahlbyk/posh-git
e5aa817955e06f89,23,21,15,15,2,0,15,2,0,0.0,0,11,11,11,1,dahlbyk/posh-git
a5de3e5871ffcc38,23,2,2,2,21,0,2,21,0,0.0,0,0,0,0,0,dahlbyk/posh-git
54cde84efc67f5b6,215,152,150,150,63,0,150,63,0,0.0,0,128,128,128,1,dahlbyk/posh-git
c81cf0251793f319,42,42,35,35,0,0,35,0,0,0.0,0,35,35,35,1,dahlbyk/posh-git
264227ca7eae4776,946,50,15,8,896,44,7,896,72,0.0,0,3,3,3,0,dahlbyk/posh-git
99708d40557a138c,21,17,11,11,4,0,11,4,0,0.0,0,8,8,8,1,dahlbyk/posh-git
618cd5b83d62060b,2,2,1,0,0,0,0,0,0,0.5,1,1,0,0,1,dahlbyk/posh-git
b335630551682c19,567,50,25,25,517,28,25,517,29,0.0,0,24,24,24,0,dahlbyk/posh-git
06572a96a58dc510,719,8,6,6,711,1,6,711,23,0.0,0,6,6,6,0,dahlbyk/posh-git
8e5b31e2538f0c84,154,15,13,13,139,1,13,139,1,0.0,0,8,8,8,0,dahlbyk/posh-git
295b472aa06867f4,43,42,0,0,1,0,0,1,0,0.0,0,0,0,0,0,dahlbyk/posh-git
b9a7e286f66ddb81,10,5,4,4,5,0,4,5,0,0.0,0,2,2,2,1,dahlbyk/posh-git
7d76d7533653c23b,58,16,14,14,42,0,14,42,4,0.0,0,7,7,7,0,dahlbyk/posh-git
902c242df5674a32,636,243,137,125,393,32,125,393,33,0.0,0,92,92,92,1,dahlbyk/posh-git
f60816fe89ae1554,32,31,27,27,1,0,27,1,0,0.0,0,24,24,24,1,dahlbyk/posh-git
db13baa403675e8b,53,30,9,8,23,13,8,23,13,0.0,0,4,4,4,1,dahlbyk/posh-git
d97267794e76694f,80,43,28,26,37,0,26,37,2,0.0,0,25,25,25,1,dahlbyk/posh-git
20d53b930a01fd2e,499,231,169,166,268,5,156,268,92,0.0,0,135,135,135,1,dahlbyk/posh-git
399775fd0c824430,248,111,87,87,137,0,87,137,21,0.0,0,61,61,61,1,dahlbyk/posh-git
ba785c1aa48679cf,614,328,151,132,286,13,130,286,29,0.0,0,115,115,115,1,dahlbyk/posh-git
40c874139c1a50f7,1067,97,85,1,970,19,1,970,372,0.0899321716200975,0,74,0,15,0,networkx/networkx
3c7e7daebc9f8f27,21,1,1,1,20,0,1,20,9,0.0,0,1,1,1,0,networkx/networkx
b99ecca7f7c0ba0b,174,2,1,0,172,13,0,172,19,0.011128828649259145,0,1,0,0,0,networkx/networkx
9c9879c37bf4afed,25,1,0,0,24,11,0,24,11,0.03833333333333333,0,0,0,0,0,networkx/networkx
19bb94a98d9c176c,466,21,19,5,445,61,5,445,62,0.034090174904241065,0,19,5,16,0,networkx/networkx
49c35c352adbfcb3,338,17,16,7,321,11,7,321,23,0.029559461310203178,0,14,7,8,0,networkx/networkx
365692655b5aa88f,182,3,2,0,179,25,0,179,31,0.02713860724910451,0,2,1,2,0,networkx/networkx
1815076af3f093f3,280,8,7,1,272,25,1,272,68,0.02844295991778003,0,6,1,3,0,networkx/networkx
2daeb2d179a5fc78,115,9,8,1,106,1,1,106,52,0.0693363844393593,0,7,0,5,0,networkx/networkx
64ce259876297c32,219,2,1,1,217,0,0,217,195,0.004566210045662086,0,1,1,1,0,networkx/networkx
a55e0d3bf1c6fac1,55,1,0,0,54,0,0,54,3,0.003367003367003407,0,0,0,0,0,networkx/networkx
9de750ac1fda774c,362,4,4,0,358,9,0,358,9,0.011049723756906063,0,4,0,0,0,networkx/networkx
e8d7292d8ded12e7,130,1,1,0,129,0,0,129,0,0.007692307692307679,0,1,0,1,0,networkx/networkx
f79b059c20c8d471,982,27,23,1,955,37,1,955,39,0.024340163764080002,0,21,1,2,0,networkx/networkx
ba84bbcd2e6642eb,107,16,15,0,91,0,0,91,0,0.14944454240874627,0,15,0,0,0,networkx/networkx
81a5df80f8865ecb,26,1,0,0,25,2,0,25,3,0.03846153846153845,0,0,0,0,0,networkx/networkx
f67f6ca0f5a68c99,136,0,0,0,136,20,0,136,21,0.0,0,0,0,0,0,networkx/networkx
0e1cec84a2ebfbae,739,54,40,0,685,80,0,685,98,0.09196404940038842,0,34,1,3,0,networkx/networkx
614d36cd37b286f3,112,8,7,0,104,30,0,104,30,0.07142857142857145,0,5,0,2,0,networkx/networkx
d3a366d47a52fc23,261,49,47,0,212,0,1,212,22,0.187680291128567,0,45,2,21,0,networkx/networkx
3eeeefc0d0e2423c,147,38,5,1,109,44,1,109,44,0.2485827664399093,0,5,1,2,0,networkx/networkx
4cf3b309278a3d38,167,9,8,0,158,1,0,158,1,0.053892215568862284,0,7,0,6,0,networkx/networkx
ff27a4de85df4a54,894,100,55,1,794,33,2,794,84,0.0922335773845841,1,50,2,2,0,networkx/networkx
fee2b95d98d24a32,10,1,1,1,9,0,1,9,0,0.0,0,1,1,1,0,networkx/networkx
c2bbf133a5b161a2,55,1,1,0,54,0,0,54,0,0.018181818181818184,0,1,0,1,0,networkx/networkx
efcfcfee1258963b,135,92,88,21,43,0,20,43,9,0.05185185185185187,0,69,66,69,1,timber/timber
ced268363ec496f6,95,2,2,1,93,9,1,93,43,0.010526315789473703,0,2,1,1,0,timber/timber
53c6362e295e4ab5,48,34,34,31,14,0,30,14,0,0.0625,0,21,19,20,1,timber/timber
ae310e922c856568,84,0,0,0,84,0,0,84,0,0.0,0,0,0,0,0,timber/timber
cc4f5a130f9633d9,85,56,56,13,29,0,9,29,6,0.0823529411764706,0,39,36,39,1,timber/timber
450e7544a8649011,231,0,0,0,231,45,0,231,48,0.0,0,0,0,0,0,timber/timber
d2ab9925cad7eac5,188,0,0,0,188,164,0,188,164,0.005319148936170175,0,0,0,0,0,timber/timber
17bda340313d8316,41,17,14,4,24,2,4,24,2,0.12195121951219515,0,6,3,4,1,timber/timber
f33ad98927f59381,80,56,56,45,24,0,45,24,0,0.11249999999999999,1,31,25,27,1,timber/timber
13689b6545d3fa43,705,486,438,362,219,1,359,219,1,0.07375886524822696,0,277,249,272,1,timber/timber
eca12c0a30e25b4b,334,0,0,0,334,6,0,334,6,0.0,0,0,0,0,0,timber/timber
6e6d1489c50381d1,30,14,14,1,16,3,1,16,3,0.09999999999999998,0,6,5,6,1,timber/timber
a50d96874ab48792,215,141,126,110,74,0,110,74,0,0.05116279069767441,0,78,72,77,1,timber/timber
5115a341bdfccc40,8,3,3,0,5,1,0,5,1,0.25,0,2,1,2,0,timber/timber
40e7eb04902050c0,24,14,13,2,10,0,2,10,0,0.3677536231884058,1,8,2,5,1,timber/timber
1314d7908e6167b9,878,516,441,375,362,55,340,362,93,0.062303550298942384,0,255,224,240,1,timber/timber
38f5b4a704353156,160,63,63,55,97,0,55,97,13,0.049999999999999996,0,47,43,47,0,timber/timber
239dff02a86ee8e2,49,7,0,0,42,0,0,42,0,0.0004251700680272183,0,0,0,0,0,timber/timber
c1d9dddf84cc29c6,62,43,43,6,19,0,5,19,10,0.2096774193548387,0,24,15,18,1,timber/timber
da30e531afb36705,101,71,12,6,30,1,6,30,1,0.029702970297029715,0,5,4,5,0,timber/timber
2512c4f1f8a3ea22,266,222,43,36,44,0,36,44,5,0.007518796992481175,0,16,15,16,0,timber/timber
beeca9ba5fadcc90,146,114,111,96,32,1,97,32,1,0.10273972602739724,0,66,59,65,1,timber/timber
17b493db933fb0d4,269,212,181,124,57,1,113,57,1,0.19098513011152418,1,131,97,104,1,timber/timber
bbc38939aca39773,221,5,0,0,216,0,0,216,95,0.000871767196645749,0,0,0,0,0,timber/timber
70bc959684966646,100,39,35,27,61,2,27,61,2,0.05000000000000002,0,19,16,18,1,timber/timber
552fa42ec5d2428a,23,1,0,0,22,0,0,22,0,0.04150197628458498,0,0,0,0,0,rails/rails
e949e25d7014ce18,45,3,3,1,42,7,1,42,7,0.04444444444444445,0,3,1,3,0,rails/rails
b703318694fa943e,221,10,9,7,211,1,7,211,59,0.009049773755656108,0,9,7,9,0,rails/rails
e4ffab3bec7ccfa0,47,2,0,0,45,32,0,45,32,0.10592044403330247,0,0,0,0,0,rails/rails
b8e41fdeaa926810,230,1,1,0,229,11,0,229,49,0.004347826086956519,0,1,0,1,0,rails/rails
c7b7116fd8cd8e4a,443,5,5,0,438,2,0,438,62,0.01128668171557563,0,5,0,0,0,rails/rails
d56b21fe7fd43ad8,672,25,25,1,647,36,1,647,82,0.03720238095238096,1,25,2,25,0,rails/rails
5d77d7e8a69b3569,422,10,10,9,412,27,9,412,81,0.0,0,2,2,2,0,rails/rails
4aa98aae8e37603e,81,2,2,0,79,0,0,79,1,0.024691358024691357,0,2,0,2,0,rails/rails
47e51010a424dc98,462,53,53,1,409,6,1,409,62,0.1168831168831169,0,53,1,46,0,rails/rails
0c189c4a2e57f619,47,0,0,0,47,5,0,47,5,0.0,0,0,0,0,0,rails/rails
50c71357d4233e5b,76,2,2,0,74,0,0,74,1,0.026315789473684223,1,2,0,2,1,rails/rails
540d0d48006f7d24,31,0,0,0,31,0,0,31,5,0.0,0,0,0,0,0,rails/rails
36b50bd43c9a8c65,18,0,0,0,18,2,0,18,2,0.0,0,0,0,0,0,rails/rails
e327ced4cfc95891,428,20,20,8,408,14,8,408,52,0.030373831775700934,0,19,8,19,0,rails/rails
45eb2d7a314c76d4,8,1,1,1,7,0,0,7,2,0.0,0,1,1,1,1,rails/rails
dfd0d4f2590c6bf2,32,3,3,0,29,2,0,29,2,0.09375,0,3,0,3,0,rails/rails
21e1adc2de7509c7,51,0,0,0,51,0,0,51,2,0.0,0,0,0,0,0,rails/rails
34cbfdce7729b656,150,9,7,6,141,10,6,141,18,0.0,0,7,7,7,0,rails/rails
4bdd2555bbfe5ef1,43,1,1,0,42,0,0,42,0,0.02325581395348838,0,1,0,1,0,rails/rails
330c8bf93ecf86ef,5,1,1,1,4,0,1,4,0,0.0,0,1,1,1,1,rails/rails
76ccd61fe42910ac,5,1,1,0,4,0,0,4,0,0.19999999999999998,1,1,0,1,1,rails/rails
f9a6ee982b38d931,77,12,12,0,65,1,0,65,13,0.15584415584415584,0,12,0,12,0,rails/rails
91a602ccf231e332,1155,77,77,0,1078,25,0,1078,333,0.06666666666666667,0,77,0,74,0,rails/rails
190eead7679815b3,41,1,1,1,40,0,1,40,3,0.0,0,1,1,1,0,rails/rails
c698cda202a83686,3,1,0,0,2,0,0,2,0,0.0,0,0,0,0,0,Choices-js/Choices
d1a508cfe6cb61e8,108,0,0,0,108,5,0,108,6,0.0,0,0,0,0,0,Choices-js/Choices
bc0be08a0cd7a73f,417,10,5,0,407,10,0,407,28,0.016306954436450874,0,5,0,0,0,Choices-js/Choices
bfbd7ced775ac42d,34,2,1,0,32,0,0,32,0,0.02941176470588236,0,1,0,0,0,Choices-js/Choices
4ead2dbcfd0aa20f,165,0,0,0,165,0,0,165,1,0.0,0,0,0,0,0,Choices-js/Choices
96e85f8a9658498f,17,0,0,0,17,0,0,17,0,0.0,0,0,0,0,0,Choices-js/Choices
be2ea7fced5bbfa3,637,1,0,0,636,0,0,636,419,0.0,0,0,0,0,0,Choices-js/Choices
d9ed3534e681797b,86,0,0,0,86,5,0,86,5,0.0,0,0,0,0,0,Choices-js/Choices
b2e844953f0752f8,341,24,24,0,317,0,0,317,0,0.07038123167155427,0,24,0,0,0,Choices-js/Choices
5c0375d2548eca82,7,4,0,0,3,0,0,3,0,0.0,0,0,0,0,0,Choices-js/Choices
744636913ffeee1b,166,0,0,0,166,0,0,166,6,0.0,0,0,0,0,0,Choices-js/Choices
166d0d0d5fc85500,336,1,0,0,335,7,0,335,54,0.0,0,0,0,0,0,Choices-js/Choices
b96a435d106082a4,1,0,0,0,1,0,0,1,0,0.0,0,0,0,0,0,Choices-js/Choices
28a6dc493991a0b2,2420,132,50,0,2288,231,2,2288,357,0.023533895234775015,0,50,0,3,0,Choices-js/Choices
8621b8181feddee7,23,3,2,0,20,0,0,20,1,0.08695652173913047,0,2,0,0,0,Choices-js/Choices
6699adbe920e8509,32,1,1,0,31,2,0,31,2,0.03125,0,1,0,0,0,Choices-js/Choices
636d364a64892acb,33,0,0,0,33,0,0,33,3,0.0,0,0,0,0,0,Choices-js/Choices
528119d81e5a1073,7,1,1,0,6,0,0,6,0,0.14285714285714288,0,1,0,0,0,Choices-js/Choices
cba56aa7c3055509,89,1,0,0,88,0,0,88,0,0.0,0,0,0,0,0,Choices-js/Choices
9fec9c348fdaba3d,2410,25,11,0,2385,87,0,2385,202,0.00497925311203324,0,11,0,1,0,Choices-js/Choices
170562ac3c224039,59,1,0,0,58,0,0,58,3,0.0,0,0,0,0,0,Choices-js/Choices
75826191b24c871d,187,2,0,0,185,38,0,185,40,0.0,0,0,0,0,0,Choices-js/Choices
35557aee93f59f84,66,4,0,0,62,0,0,62,6,0.0,0,0,0,0,0,Choices-js/Choices
b6a0f1ab945650cb,85,1,0,0,84,0,0,84,0,0.0,0,0,0,0,0,Choices-js/Choices
3c073c0788f3d4b3,42,1,0,0,41,0,0,41,0,0.0,0,0,0,0,0,Choices-js/Choices
33c052a0e38dc6b9,1,1,0,0,0,0,0,0,0,0.0,0,0,0,0,0,godotengine/godot
f3f737df6fbf33a2,1,1,0,0,0,0,0,0,0,0.0,0,0,0,0,0,godotengine/godot
fb9b9c63abe7a879,66,33,30,22,33,0,22,33,0,0.13446969696969696,0,23,19,19,1,godotengine/godot
f6d97f4b5b12895d,1,1,0,0,0,0,0,0,0,0.0,0,0,0,0,0,godotengine/godot
b30c1b1a1f9ca648,49,29,29,23,20,0,23,20,1,0.12244897959183676,0,22,20,20,1,godotengine/godot
f94cd5be526d3d95,583,73,67,42,510,6,42,510,34,0.04240255515466964,0,60,41,41,0,godotengine/godot
620b639db0b2a911,122,30,30,23,92,0,1,92,0,0.05737704918032787,0,23,20,20,1,godotengine/godot
feeb65307321a559,123,31,1,1,92,6,1,92,11,0.0059976009596161735,0,1,1,1,0,godotengine/godot
2ebd53d4f4690ff9,45,4,2,0,41,0,0,41,28,0.0888888888888889,0,2,0,0,0,godotengine/godot
af1f87b7133ac23b,331,59,58,50,272,8,50,272,16,0.02697976746315115,0,51,47,47,0,godotengine/godot
83b06a55da6482e3,2757,30,1,0,2727,409,0,2727,706,0.00036271309394269105,0,1,0,0,0,godotengine/godot
0f301c2c2afcf056,76,30,1,0,46,0,0,46,0,0.013157894736842098,0,1,0,0,0,godotengine/godot
d1c7bc964fa43fea,79,30,30,23,49,0,3,49,0,0.08860759493670887,0,23,20,20,0,godotengine/godot
188382b16da7d61a,60,29,1,0,31,4,0,31,4,0.016666666666666663,0,1,0,0,0,godotengine/godot
36b84781d6065e44,36,1,0,0,35,0,0,35,0,0.0,0,0,0,0,0,godotengine/godot
099bb54babaa37b3,63,4,4,0,59,2,0,59,2,0.06349206349206352,0,4,0,0,0,godotengine/godot
b949f756499872ff,97,33,32,23,64,0,23,64,0,0.09256872852233677,0,25,20,20,1,godotengine/godot
4854c0360de8212d,188,1,1,0,187,9,0,187,39,0.005319148936170231,0,0,0,0,0,godotengine/godot
4cff1f8e1b99043c,1,1,0,0,0,0,0,0,0,0.0,0,0,0,0,0,godotengine/godot
7d9ed9f495ac8e01,54,31,1,0,23,0,0,23,0,0.018518518518518524,0,1,0,0,0,godotengine/godot
f9f8dffb752c0985,1,1,0,0,0,0,0,0,0,0.0,0,0,0,0,0,godotengine/godot
4d5744a7510ae340,2393,54,19,8,2339,24,8,2339,103,0.004984926772204894,0,17,7,7,0,godotengine/godot
30afd9ad0e04db51,1,0,0,0,1,0,0,1,0,0.0,0,0,0,0,0,godotengine/godot
3502bbe3e716a495,46,32,30,23,14,0,1,14,0,0.15217391304347827,0,23,20,20,1,godotengine/godot
adc1a2ebe3ee2e8e,205,37,34,21,168,0,21,168,3,0.06737955064279705,0,27,18,18,0,godotengine/godot
fea6509701fee5dc,76,22,20,3,54,0,3,54,2,0.22368421052631576,0,17,3,12,0,spack/spack
751ae3f6692a00d6,1978,66,53,3,1912,85,2,1912,202,0.02596510987956125,0,48,3,36,0,spack/spack
c220d21ad23dfb8e,395,56,53,0,339,7,0,339,16,0.1366767332776457,0,50,0,43,0,spack/spack
fb40d4b967f8ab67,317,102,0,0,215,0,0,215,0,0.0,0,0,0,0,0,spack/spack
7b54326e2d75277f,706,75,4,0,631,47,0,631,71,0.008116692866928274,0,4,0,1,0,spack/spack
d885b2104d1987b7,50,5,4,0,45,24,0,45,23,0.39916666666666667,1,4,0,4,0,spack/spack
57926affbcfd6b67,305,76,53,0,229,4,0,229,6,0.17604616048317517,1,53,0,0,1,spack/spack
071c3026f8b4a7e3,225,40,37,1,185,5,1,185,5,0.17297297297297295,0,35,1,21,0,spack/spack
e1c187f47da5b029,222,13,13,1,209,73,1,209,73,0.040540540540540515,0,11,1,7,0,spack/spack
db96c9b9ea2e6ebd,65,5,5,1,60,0,1,60,0,0.06153846153846154,0,5,1,5,0,spack/spack
2352f14b968128f2,71,0,0,0,71,0,0,71,0,0.0,0,0,0,0,0,spack/spack
b9568c62d282b9c5,342,38,25,9,304,19,8,304,28,0.04093567251461988,0,21,9,15,0,spack/spack
4263fa30f75b764a,617,0,0,0,617,28,0,617,69,0.0,0,0,0,0,0,spack/spack
2b016ae1ad8669c1,776,173,132,1,603,1,1,603,5,0.1938185348245782,1,131,1,78,1,spack/spack
2f260ea196ce4126,413,100,87,0,313,52,0,313,57,0.21450179674041098,1,78,0,36,1,spack/spack
8b01a417d7fb1b94,83,6,4,0,77,21,0,77,22,0.060240963855421686,0,3,0,1,0,spack/spack
db4a0161d8171b49,143,16,15,1,127,0,0,127,34,0.10484585836698514,1,15,1,4,1,spack/spack
231dba80574f0089,150,4,4,1,146,53,1,146,57,0.006666666666666661,0,4,1,2,0,spack/spack
06715ab65cd9a70f,234,20,20,0,214,1,0,214,1,0.0854700854700855,0,15,0,2,0,spack/spack
db3d37f3d1ba90fd,53,10,9,0,43,7,0,43,7,0.3018867924528302,1,7,0,7,0,spack/spack
4b27bfb6c7b9566c,150,0,0,0,150,0,0,150,0,0.0,0,0,0,0,0,spack/spack
0a5b0af09250777a,180,14,0,0,166,2,0,166,2,0.0,0,0,0,0,0,spack/spack
c29e1af728239171,261,23,21,0,238,3,0,238,8,0.08806343289101909,0,20,0,19,0,spack/spack
37d3c92cdb69eb73,220,33,1,0,187,11,0,187,13,0.007409713574097132,0,1,0,1,0,spack/spack
c5ac13276f68a088,210,39,29,0,171,19,0,171,22,0.13809523809523808,1,18,0,4,0,spack/spack
bb4af7eecfa3569d,66,1,1,0,65,0,0,65,1,0.015151515151515152,0,1,0,0,0,hashicorp/terraform
bf77e99f8768829d,432,1,1,0,431,0,0,431,0,0.0023148148148148147,0,1,0,0,0,hashicorp/terraform
15982fcd9e86f8b7,97,1,1,0,96,0,0,96,0,0.010309278350515465,0,1,0,0,0,hashicorp/terraform
b3a4a8e1fee20bea,202,1,1,0,201,0,0,201,0,0.00495049504950495,0,1,0,0,0,hashicorp/terraform
d51ad13228611273,97,1,1,0,96,5,0,96,5,0.010309278350515465,0,1,0,0,0,hashicorp/terraform
9bd1f31b9f62dc3b,954,1,1,0,953,12,0,953,114,0.0010482180293501049,0,1,0,0,0,hashicorp/terraform
3ba5dd60df97b7e1,70,1,1,0,69,0,0,69,7,0.01428571428571426,0,1,0,0,0,hashicorp/terraform
8f4be9dae4b865ef,20,1,1,0,19,0,0,19,0,0.049999999999999996,0,1,0,0,0,hashicorp/terraform
c3bc08e40e2f1c70,192,1,1,0,191,0,0,191,55,0.005208333333333334,0,1,0,0,0,hashicorp/terraform
e86f45f71fff0be4,42,1,1,0,41,0,0,41,0,0.023809523809523808,0,1,0,0,0,hashicorp/terraform
49a94eebc4322fbc,479,1,1,0,478,3,0,478,45,0.0020876826722338207,0,1,0,0,0,hashicorp/terraform
2e8f0f2488aa28f0,49,1,1,0,48,0,0,48,0,0.020408163265306124,0,1,0,0,0,hashicorp/terraform
67570b93ada79d48,154,1,1,0,153,0,0,153,7,0.006493506493506467,0,1,0,0,0,hashicorp/terraform
2c6dd04333a3da8b,149,1,1,0,148,0,0,148,0,0.006711409395973153,0,1,0,0,0,hashicorp/terraform
5c5b5ae504fabf75,278,1,1,0,277,6,0,277,31,0.0035971223021582736,0,1,0,0,0,hashicorp/terraform
2bb7b1fc4d2e0800,53,1,1,0,52,0,0,52,0,0.018867924528301883,0,1,0,0,0,hashicorp/terraform
eb892d17460c0078,96,1,1,0,95,0,0,95,0,0.010416666666666647,0,1,0,0,0,hashicorp/terraform
0ed583201d50086d,19,1,1,0,18,0,0,18,0,0.05263157894736842,0,1,0,0,0,hashicorp/terraform
d560aea75a5bf096,317,1,1,0,316,6,0,316,170,0.003154574132492114,0,1,0,0,0,hashicorp/terraform
062f015c19fea260,1806,1,1,0,1805,0,0,1805,146,0.0005537098560354299,0,1,0,0,0,hashicorp/terraform
9ede0826a8358e92,70,1,1,0,69,0,0,69,0,0.014285714285714287,0,1,0,0,0,hashicorp/terraform
0ea30f1d8c20f3bd,91,1,1,0,90,0,0,90,0,0.01098901098901097,0,1,0,0,0,hashicorp/terraform
64814a1168b8f90e,257,1,1,0,256,3,0,256,4,0.0038910505836575876,0,1,0,0,0,hashicorp/terraform
ca5adb218f4e8e2a,190,1,1,0,189,0,0,189,3,0.005263157894736843,0,1,0,0,0,hashicorp/terraform
cad390169b4e36fd,75,1,1,0,74,0,0,74,7,0.013333333333333332,0,1,0,0,0,hashicorp/terraform
19c81cd6a819ae6b,265,145,145,0,120,0,0,120,17,0.5471698113207547,1,145,0,145,1,apify/apify-mcp-server
14bf572dea4082a8,35,7,7,0,28,0,1,28,0,0.19999999999999998,0,7,0,7,0,apify/apify-mcp-server
aff75d1f90d1a67d,616,4,4,0,612,2,0,612,26,0.006493506493506495,0,3,0,0,0,apify/apify-mcp-server
c59ea703089b7f7e,62,1,1,0,61,0,0,61,0,0.01612903225806451,0,1,0,1,0,apify/apify-mcp-server
650caa403c2392f2,254,12,12,1,242,0,1,242,9,0.04330708661417319,0,7,1,5,0,apify/apify-mcp-server
5345470488b5e8d3,519,36,36,4,483,29,4,483,47,0.06165703275529866,0,31,3,9,0,apify/apify-mcp-server
a77956dbae5e90aa,264,35,31,0,229,3,0,229,5,0.13257575757575754,0,25,0,8,0,apify/apify-mcp-server
d5e8aa88b6218f39,205,50,46,2,155,8,2,155,9,0.23414634146341465,0,46,2,41,0,apify/apify-mcp-server
835a0364241b832c,214,5,5,0,209,2,2,209,24,0.023364485981308414,0,4,0,0,0,apify/apify-mcp-server
1f8aaff1f3959b7c,33,0,0,0,33,0,0,33,1,0.0,0,0,0,0,0,apify/apify-mcp-server
4fe9e6d71ebda8da,350,12,12,5,338,3,6,338,23,0.02000000000000004,0,12,6,6,0,apify/apify-mcp-server
6ad197086dd60af2,25,3,3,0,22,0,0,22,0,0.12,0,3,0,0,0,apify/apify-mcp-server
ab976f9b0dc34da0,210,20,18,5,190,3,5,190,4,0.07142857142857142,0,15,5,9,0,apify/apify-mcp-server
849b024626d3fb98,86,41,41,9,45,0,9,45,0,0.37209302325581395,1,33,9,17,1,apify/apify-mcp-server
8b6a4bb37fc2c7a3,240,22,22,12,218,17,12,218,38,0.03749999999999998,0,17,11,13,1,apify/apify-mcp-server
75bf9c57ff48a802,1167,20,20,0,1147,0,0,1147,1,0.017137960582690685,0,17,0,0,0,apify/apify-mcp-server
29270b32a07cbd40,196,11,10,4,185,0,4,185,27,0.030612244897959173,0,8,4,5,0,apify/apify-mcp-server
00cae652e7d19383,3,1,1,0,2,0,0,2,0,0.3333333333333333,1,1,0,1,1,apify/apify-mcp-server
7ef605f631b90ce7,341,25,25,0,316,13,0,316,42,0.07331378299120236,0,22,0,2,0,apify/apify-mcp-server
d9111fa2044e7097,235,0,0,0,235,3,0,235,18,0.0,0,0,0,0,0,apify/apify-mcp-server
d8244330092c191e,6,0,0,0,6,0,0,6,0,0.0,0,0,0,0,0,apify/apify-mcp-server
0e07a00003db43dc,226,2,2,0,224,0,1,224,4,0.0088495575221239,0,2,0,2,0,apify/apify-mcp-server
bfde56e8873825b8,282,31,31,3,251,0,3,251,9,0.09929078014184399,0,22,3,6,0,apify/apify-mcp-server
f88a3b255914ee13,79,0,0,0,79,0,0,79,2,0.0,0,0,0,0,0,apify/apify-mcp-server
34eac15cf8f72e33,282,3,3,0,279,0,0,279,1,0.010638297872340406,0,3,0,0,0,apify/apify-mcp-server
dd7d42533af3ca3c,68,1,1,0,67,1,0,67,5,0.014705882352941178,0,1,0,0,0,microsoft/vscode
dfbdbca161af3342,22,6,6,0,16,0,0,16,5,0.2727272727272727,0,6,0,0,0,microsoft/vscode
6aae6fd0d18985da,98,11,6,0,87,1,0,87,21,0.06122448979591834,0,6,0,0,0,microsoft/vscode
c40f7d23878df727,1052,53,50,0,999,33,0,999,123,0.04657794676806083,0,50,0,2,0,microsoft/vscode
cbb3dd6553f20644,20,3,3,0,17,0,0,17,5,0.15000000000000002,0,3,0,0,0,microsoft/vscode
b96fd96b0a90d00c,265,1,1,0,264,2,0,264,108,0.003773584905660377,0,1,0,0,0,microsoft/vscode
18a4e5a0fb7a9056,120,12,12,0,108,0,0,108,11,0.09999999999999999,0,12,0,0,0,microsoft/vscode
608c2c37f947e5a9,100,10,10,0,90,0,0,90,4,0.09999999999999999,0,10,0,0,0,microsoft/vscode
62ecd01fbb592fce,409,9,9,0,400,21,0,400,25,0.02200488997555014,0,9,0,0,0,microsoft/vscode
93ab40d265241e21,45,3,3,0,42,0,0,42,5,0.06666666666666665,0,3,0,0,0,microsoft/vscode
f5e94cfcbee1f398,120,10,10,0,110,0,0,110,5,0.08333333333333334,0,10,0,0,0,microsoft/vscode
a2f1d08e0ef7af02,207,5,5,0,202,1,0,202,8,0.024154589371980707,0,5,0,0,0,microsoft/vscode
78e7aa3d77e7c4ab,80,5,5,0,75,0,0,75,11,0.0625,0,5,0,0,0,microsoft/vscode
1af9cb0acf01e8e5,50,14,14,0,36,0,0,36,9,0.28,1,14,0,0,1,microsoft/vscode
efc1ddf731547003,180,4,4,0,176,1,0,176,67,0.022222222222222254,0,4,0,0,0,microsoft/vscode
d4e8ffdc667ca4b4,1092,12,12,0,1080,1,0,1080,107,0.01098901098901098,0,12,0,0,0,microsoft/vscode
9236e0cc9d030495,27,2,2,0,25,0,0,25,7,0.07407407407407407,0,2,0,0,0,microsoft/vscode
8aa9b8febd8098ff,1763,29,29,0,1734,248,0,1734,353,0.016449234259784434,0,29,0,1,0,microsoft/vscode
5771da9af392f991,55,9,9,0,46,0,0,46,5,0.1636363636363636,0,9,0,0,0,microsoft/vscode
27027650ae824e4a,155,7,7,0,148,0,0,148,5,0.045161290322580594,0,7,0,0,0,microsoft/vscode
bb39d7c36591ac93,1249,47,44,0,1202,7,0,1202,13,0.03522818254603678,0,44,0,0,0,microsoft/vscode
ae76ebd95c0adc98,78,6,6,0,72,0,0,72,5,0.0769230769230769,0,6,0,0,0,microsoft/vscode
5036b236ac6427d9,118,9,9,0,109,5,0,109,10,0.07627118644067796,0,9,0,0,0,microsoft/vscode
764023a6c786c2cb,436,23,23,0,413,7,0,413,31,0.05275229357798167,0,23,0,0,0,microsoft/vscode
6ac3db9fb2418177,1167,18,18,0,1149,14,0,1149,60,0.015424164524421646,0,18,0,0,0,microsoft/vscode
8af86619a7eb8378,90,1,0,0,89,0,0,89,0,0.0,0,0,0,0,0,clash-verge-rev/clash-verge-rev
442bf566a4887bab,52,20,19,0,32,9,0,32,9,0.3846153846153846,1,17,0,17,1,clash-verge-rev/clash-verge-rev
37d740d776df00b2,61,28,27,0,33,0,0,33,0,0.4426229508196721,0,23,0,21,0,clash-verge-rev/clash-verge-rev
2e9d962a08321605,170,0,0,0,170,9,0,170,40,0.0,0,0,0,0,0,clash-verge-rev/clash-verge-rev
b4e629f2e1ea76fd,94,36,0,0,58,0,0,58,1,0.0,0,0,0,0,0,clash-verge-rev/clash-verge-rev
208cbfdc94ac34ca,210,0,0,0,210,11,0,210,11,0.0,0,0,0,0,0,clash-verge-rev/clash-verge-rev
fd77230f9d98ab3e,552,3,1,0,549,25,0,549,43,0.001811594202898545,0,1,0,0,0,clash-verge-rev/clash-verge-rev
9528d6593eb4fc16,184,69,60,0,115,1,0,115,1,0.34719553206822,0,54,0,52,0,clash-verge-rev/clash-verge-rev
53996121d123dc41,20,12,10,0,8,0,0,8,0,0.5,1,10,0,6,1,clash-verge-rev/clash-verge-rev
8188119a0e031bfb,11,6,0,0,5,0,0,5,0,0.0,0,0,0,0,0,clash-verge-rev/clash-verge-rev
d1a53814c0374efa,132,40,33,2,92,3,2,92,3,0.2646888734674994,0,28,2,27,0,clash-verge-rev/clash-verge-rev
aecb1f3b195d78a5,41,15,12,0,26,0,0,26,0,0.2926829268292683,1,11,0,11,1,clash-verge-rev/clash-verge-rev
391abef8fd7d5db3,36,15,12,0,21,0,0,21,0,0.41414141414141414,0,10,0,8,0,clash-verge-rev/clash-verge-rev
86854c343a7aeea5,114,40,24,0,74,0,0,74,6,0.2168141592920354,1,23,0,23,1,clash-verge-rev/clash-verge-rev
7e72fe986e151954,442,94,39,0,348,32,0,348,60,0.10754631019808028,0,29,0,29,1,clash-verge-rev/clash-verge-rev
0431c27bc495b3a2,17,2,0,0,15,0,0,15,0,0.0,0,0,0,0,0,clash-verge-rev/clash-verge-rev
faf2d1c478f9976f,92,8,7,0,84,8,0,84,8,0.10845676063067371,0,3,0,3,0,clash-verge-rev/clash-verge-rev
c0e52a8c3d65bcf0,178,56,39,0,122,6,0,122,12,0.21830762394464545,1,33,0,32,1,clash-verge-rev/clash-verge-rev
40b422c105ba87e1,67,1,1,0,66,0,0,66,0,0.01492537313432838,0,1,0,1,0,clash-verge-rev/clash-verge-rev
285cd6f5339ac49e,184,25,24,0,159,15,0,159,15,0.14130434782608695,0,18,0,18,0,clash-verge-rev/clash-verge-rev
c6b098646bf32c64,47,3,3,0,44,2,0,44,4,0.06382978723404258,0,3,0,3,0,clash-verge-rev/clash-verge-rev
499004bb3b7801f5,2,1,0,0,1,0,0,1,0,0.0,0,0,0,0,0,clash-verge-rev/clash-verge-rev
3fcb0eada27f73e6,33,6,4,0,27,0,0,27,0,0.15056818181818182,0,2,0,1,0,clash-verge-rev/clash-verge-rev
598b8c90b61f067d,159,2,0,0,157,24,0,157,38,0.0,0,0,0,0,0,clash-verge-rev/clash-verge-rev
4592ade15c251ce2,478,122,0,0,356,16,0,356,24,0.0,0,0,0,0,0,clash-verge-rev/clash-verge-rev
23ca8cac8d8b5460,113,17,13,6,96,0,6,96,23,0.09734513274336284,0,12,6,8,0,apache/iotdb
415a969c7116bca3,872,1,0,0,871,88,0,871,217,0.0011467889908256795,0,0,0,0,0,apache/iotdb
72bbe36b0ca0388c,613,39,39,0,574,4,0,574,280,0.0636215334420881,0,13,0,13,0,apache/iotdb
52fdea420bc9ceda,92,0,0,0,92,0,0,92,40,0.0,0,0,0,0,0,apache/iotdb
566146cbc2c72d60,1695,23,22,0,1672,86,0,1672,186,0.015339233038348075,0,16,3,12,0,apache/iotdb
7868c86aa79d64be,710,8,5,0,702,49,1,702,133,0.011267605633802821,0,5,3,3,0,apache/iotdb
175fa5c96a32fdbe,1850,8,0,0,1842,0,0,1842,23,0.004324324324324325,0,0,0,0,0,apache/iotdb
420f0bd8ab763aa8,805,4,3,0,801,19,1,801,81,0.004968944099378857,0,3,0,0,0,apache/iotdb
71e5bb9a2035f7b5,1790,1,0,0,1789,93,0,1789,321,0.0005586592178770933,0,0,0,0,0,apache/iotdb
02e3d826ce7b4830,112,1,0,0,111,0,0,111,19,0.00892857142857144,0,0,0,0,0,apache/iotdb
870f92ab039e4d38,133,5,5,0,128,10,0,128,42,0.03759398496240604,0,5,0,0,0,apache/iotdb
f67518e347ec07f7,128,9,7,1,119,9,1,119,28,0.06249999999999997,0,5,4,5,0,apache/iotdb
198ebcec5f879fd6,216,0,0,0,216,1,0,216,64,0.0,0,0,0,0,0,apache/iotdb
bec37b7cedffe096,521,1,0,0,520,6,0,520,39,0.0019193857965451105,0,0,0,0,0,apache/iotdb
6d67d9b5800b70e9,62,0,0,0,62,0,0,62,19,0.0,0,0,0,0,0,apache/iotdb
047bbac3af6c2e97,95,1,0,0,94,0,0,94,22,0.010526315789473658,0,0,0,0,0,apache/iotdb
50390139f571d98a,543,10,9,0,533,75,0,533,136,0.018416206261510117,0,3,0,3,0,apache/iotdb
ed96fadbf5536b38,4344,1,0,0,4343,189,0,4343,1048,0.00023020257826887494,0,0,0,0,0,apache/iotdb
1b30f03a9766fec3,226,5,0,0,221,5,0,221,45,0.022123893805309748,0,0,0,0,0,apache/iotdb
8136f2eb29476282,87,6,6,0,81,0,0,81,24,0.06896551724137931,0,2,0,2,0,apache/iotdb
3a3fa624df531223,892,44,41,6,848,64,7,848,272,0.04371440677538627,0,41,11,11,0,apache/iotdb
d01578ad7c80941a,2803,77,68,1,2726,231,13,2726,560,0.03531930074919727,0,67,9,10,0,apache/iotdb
77bf95b27e1b4fcf,53,0,0,0,53,0,0,53,19,0.0,0,0,0,0,0,apache/iotdb
d647077d98b0e599,1678,6,6,0,1672,27,0,1672,283,0.003575685339690106,0,2,0,2,0,apache/iotdb
00c39ecc4c5b4a6d,100,6,6,0,94,0,0,94,18,0.05999999999999997,0,2,0,2,0,apache/iotdb
4e04a3900904dcb8,540,2,0,0,538,0,0,538,20,0.0,0,0,0,0,0,navidrome/navidrome
6a294ff9722e5161,81,1,1,0,80,4,0,80,4,0.01234567901234565,0,1,0,0,0,navidrome/navidrome
d938f4d56aabfc7f,153,3,2,0,150,3,0,150,9,0.013071895424836576,0,2,0,0,0,navidrome/navidrome
94ae85393464d718,27,1,0,0,26,0,0,26,0,0.0,0,0,0,0,0,navidrome/navidrome
784ceab9109e5a1c,51,1,1,0,50,0,0,50,0,0.019607843137254916,0,1,0,0,0,navidrome/navidrome
e114fcd9a3dc7492,52,6,0,0,46,0,0,46,0,0.0,0,0,0,0,0,navidrome/navidrome
96e0c02483eb592b,142,1,0,0,141,5,0,141,5,0.0,0,0,0,0,0,navidrome/navidrome
d157948e9342afa4,145,5,2,0,140,9,0,140,33,0.01379310344827582,0,2,0,0,0,navidrome/navidrome
6ee552b8dd5adaef,132,3,0,0,129,0,0,129,0,0.0,0,0,0,0,0,navidrome/navidrome
5b7f9f2790a5795a,1219,2,2,0,1217,78,0,1217,84,0.0016406890894175297,0,2,0,0,0,navidrome/navidrome
fe09d07f1ad1891e,34,1,1,0,33,0,0,33,0,0.02941176470588233,0,1,0,0,0,navidrome/navidrome
640d0be84ccc7509,209,1,1,0,208,3,0,208,3,0.004784688995215336,0,1,0,0,0,navidrome/navidrome
128ccc8a7b93e700,177,1,1,0,176,6,0,176,7,0.005649717514124256,0,1,0,0,0,navidrome/navidrome
288a290b700bd5d9,397,6,4,0,391,8,0,391,25,0.01007556675062972,0,4,0,0,0,navidrome/navidrome
17857c15e7a4e252,122,3,0,0,119,0,0,119,0,0.0,0,0,0,0,0,navidrome/navidrome
45eecc1da12d9f72,205,4,4,0,201,8,0,201,12,0.019512195121951223,0,4,0,0,0,navidrome/navidrome
a1c2aced02807804,849,2,2,0,847,5,0,847,64,0.002355712603062436,0,2,0,0,0,navidrome/navidrome
b9cc76e7edde7094,17,2,0,0,15,0,0,15,0,0.0,0,0,0,0,0,navidrome/navidrome
7d1df5e49f35d124,412,2,2,0,410,13,0,410,13,0.004854368932038833,0,2,0,0,0,navidrome/navidrome
a2974d46fa71102e,231,1,1,0,230,2,0,230,2,0.004329004329004377,0,1,0,0,0,navidrome/navidrome
ccf297247334fe62,326,2,2,0,324,12,0,324,24,0.006134969325153353,0,2,0,0,0,navidrome/navidrome
64c2ee98c36cb026,290,3,2,0,287,2,0,287,20,0.006896551724137945,0,2,0,0,0,navidrome/navidrome
955b5e696759031f,36,2,2,0,34,0,0,34,0,0.05555555555555558,0,2,0,0,0,navidrome/navidrome
eee54c0bc5cb99bb,279,3,3,0,276,3,0,276,4,0.010752688172043015,0,3,0,0,0,navidrome/navidrome
fa8ad1ee0c15e27b,480,4,4,0,476,10,0,476,48,0.008333333333333325,0,4,0,0,0,navidrome/navidrome
045f82700b08ffcf,509,390,347,333,119,0,287,119,0,0.0,0,335,335,335,1,spyder-ide/spyder
f257ab0b0c1d1c85,918,531,441,441,387,33,439,387,55,0.0,0,374,374,374,1,spyder-ide/spyder
4637abb85bcc2f09,111,111,97,97,0,0,94,0,0,0.0,0,70,70,70,1,spyder-ide/spyder
fed7c6948ba1623e,258,163,129,125,95,0,109,95,0,0.0,0,110,110,110,1,spyder-ide/spyder
bbe876186a64fb9b,136,123,99,96,13,0,95,13,0,0.0,0,81,81,81,1,spyder-ide/spyder
e2f0758506e5d2e5,39,7,0,0,32,0,0,32,0,0.02051282051282048,0,0,0,0,0,spyder-ide/spyder
cb36e0801554ef23,2040,1717,1474,1414,323,7,1207,323,16,0.0,0,1347,1347,1347,1,spyder-ide/spyder
ea6f97263869ea39,247,245,204,40,2,1,40,2,1,0.0,0,192,192,192,1,spyder-ide/spyder
25e5ce9bd262d234,61,61,54,50,0,0,48,0,0,0.0,0,45,45,45,1,spyder-ide/spyder
357dc3518e852ba4,35,31,24,24,4,0,24,4,0,0.0,0,19,19,19,1,spyder-ide/spyder
8ba299e686529e87,249,209,173,169,40,0,156,40,3,0.0,0,145,145,145,1,spyder-ide/spyder
fe1e50e47a69986c,1048,983,821,799,65,11,752,65,12,0.0,0,797,797,797,1,spyder-ide/spyder
40f3480e2f40b185,233,232,210,208,1,0,203,1,0,0.0,0,210,210,210,1,spyder-ide/spyder
0442d6ee8ba30561,686,530,425,417,156,3,410,156,5,0.0,0,387,387,387,1,spyder-ide/spyder
97f7e57fefbd2a6c,1221,435,348,328,786,29,298,786,82,0.0,0,326,326,326,1,spyder-ide/spyder
caadc07a1a174b1d,1293,641,542,484,652,28,450,652,61,0.0,0,528,528,528,1,spyder-ide/spyder
91f500392bbe721a,451,280,225,220,171,24,198,171,29,0.0,0,189,189,189,1,spyder-ide/spyder
288610346a909266,327,259,220,215,68,2,201,68,5,0.0,0,211,211,211,1,spyder-ide/spyder
1b64c2ef3c48f8ab,375,307,245,245,68,0,112,68,2,0.0,0,237,237,237,1,spyder-ide/spyder
90ea36c2834517f5,18,18,14,14,0,0,7,0,0,0.0,0,11,11,11,1,spyder-ide/spyder
dd74635af790d42f,910,425,345,336,485,10,270,485,24,0.0,0,340,340,340,1,spyder-ide/spyder
51413a9091f4c572,925,704,567,533,221,1,505,221,7,0.0,0,546,546,546,1,spyder-ide/spyder
c092dc78390bc3cf,9,9,8,8,0,0,3,0,0,0.0,0,7,7,7,1,spyder-ide/spyder
5b56e7d9aebd29ec,179,93,71,70,86,0,66,86,1,0.0,0,70,70,70,1,spyder-ide/spyder
bbd9b2f80f39ed23,279,196,156,156,83,2,139,83,3,0.0,0,132,132,132,1,spyder-ide/spyder
5a45e05cf532f1e4,280,219,171,139,61,0,139,61,22,0.11428571428571425,0,136,106,109,1,apache/flink
d63fbf9e1f00565e,589,328,245,95,261,18,96,261,45,0.15619694397283532,0,230,44,59,1,apache/flink
0a680642014cb9be,48,14,14,8,34,0,8,34,0,0.125,0,12,6,6,0,apache/flink
5afc58bb956f357b,566,387,319,130,179,31,130,179,52,0.3745583038869258,0,307,111,115,1,apache/flink
a1b0d82fac37cf40,75,30,30,30,45,0,29,45,20,0.0,0,21,21,21,0,apache/flink
05b3f777873e475d,134,105,82,79,29,0,79,29,5,0.022388059701492567,0,63,61,63,1,apache/flink
a81faa292ceeeddd,55,9,9,2,46,0,2,46,17,0.12727272727272723,0,7,0,1,0,apache/flink
a4a26308affa04b2,52,14,14,7,38,0,7,38,19,0.13461538461538458,0,11,4,5,0,apache/flink
482f22a986d55e2f,360,38,37,1,322,0,2,322,21,0.10277777777777779,0,32,2,19,0,apache/flink
b0739f46666cc195,51,18,18,17,33,0,17,33,18,0.019607843137254923,0,14,13,14,0,apache/flink
71a7e434eb8d2a4f,466,250,197,101,216,6,84,216,59,0.1630901287553648,0,166,97,102,1,apache/flink
286e55ccbbd03a1a,153,121,98,84,32,1,83,32,19,0.09803921568627447,0,69,57,58,1,apache/flink
3d3c26639dfd1075,54,21,21,21,33,0,10,33,18,0.0,0,14,14,14,0,apache/flink
d39e6f1326897409,56,17,17,12,39,0,12,39,10,0.0892857142857143,0,14,9,9,0,apache/flink
77eef36528817b99,147,113,90,83,34,0,82,34,20,0.047619047619047644,0,70,63,64,1,apache/flink
a2d3047aee103a1e,64,27,27,23,37,0,23,37,0,0.0625,0,17,13,13,0,apache/flink
3da5f5ac70c18ea8,111,18,15,14,93,1,14,93,21,0.00900900900900899,0,5,4,4,0,apache/flink
4d311561bb8519f4,104,68,53,45,36,1,43,36,21,0.0769230769230769,0,43,35,35,1,apache/flink
34f7f5462a4e5d23,39,11,11,11,28,0,10,28,20,0.0,0,7,7,7,0,apache/flink
dbb8aa562bb7e054,236,10,9,7,226,3,8,226,58,0.012711864406779672,0,8,7,7,0,apache/flink
d51217c4feab6418,322,115,114,63,207,0,63,207,23,0.15838509316770188,0,108,59,74,1,apache/flink
63b427dc4bebddf1,62,26,23,16,36,0,15,36,23,0.11290322580645162,0,14,7,8,0,apache/flink
f8a0e490a4d76892,935,298,271,126,637,8,122,637,234,0.15614973262032086,1,253,113,165,1,apache/flink
79370e58a2cce8c1,63,31,28,21,32,0,21,32,17,0.11111111111111108,0,22,15,15,1,apache/flink
8e430f64b71fdee3,287,161,127,109,126,0,110,126,19,0.06271777003484322,0,101,83,92,1,apache/flink
fd45ce0061f97712,78,2,1,0,76,0,0,76,13,0.012820512820512853,0,1,0,1,0,symfony/symfony
94e8195be76c6e3b,258,1,0,0,257,0,0,257,32,0.0,0,0,0,0,0,symfony/symfony
d32ca101221ab040,75,3,3,0,72,1,0,72,12,0.040000000000000036,0,3,0,3,0,symfony/symfony
c709e231b099f7d7,2676,0,0,0,2676,21,0,2676,372,0.0,0,0,0,0,0,symfony/symfony
6f3ed9629adec15a,456,3,3,0,453,14,0,453,107,0.006578947368421063,0,3,0,3,0,symfony/symfony
b8fdab49473bab5e,570,2,2,0,568,17,0,568,135,0.0035087719298245606,0,2,0,2,0,symfony/symfony
13d79224800df14d,431,7,6,0,424,26,0,424,43,0.013921113689095127,0,6,0,6,0,symfony/symfony
b6063177bd467157,316,9,9,0,307,5,0,307,31,0.028481012658227868,0,9,0,9,0,symfony/symfony
3414168554538248,133,1,1,0,132,0,0,132,14,0.00751879699248123,0,1,0,1,0,symfony/symfony
9a00032135cae30e,29,1,0,0,28,0,0,28,0,0.0,0,0,0,0,0,symfony/symfony
e54a455fec8ccc29,199,3,1,0,196,0,0,196,1,0.005025125628140715,0,1,0,1,0,symfony/symfony
6b83126909d72ca6,98,3,3,0,95,0,0,95,15,0.030612244897959173,0,3,0,3,0,symfony/symfony
8ec5bae185dc9af5,126,1,1,0,125,7,0,125,16,0.007936507936507922,0,0,0,0,0,symfony/symfony
48af5e26fa9979e5,274,2,2,0,272,2,0,272,18,0.007299270072992702,0,2,0,2,0,symfony/symfony
a2242ce1ec920f85,155,1,1,0,154,6,0,154,9,0.012903225806451616,0,1,0,1,0,symfony/symfony
7db3dc018d81b1e9,191,1,1,0,190,0,0,190,0,0.005235602094240841,0,1,0,1,0,symfony/symfony
ade6b5f540d66656,51,1,0,0,50,2,0,50,2,0.0,0,0,0,0,0,symfony/symfony
a2ab8f3453e58112,263,1,1,0,262,74,0,262,86,0.0038022813688212915,0,1,0,1,0,symfony/symfony
0f4455419d7d5f79,282,0,0,0,282,0,0,282,84,0.0,0,0,0,0,0,symfony/symfony
7daae967be9e83a2,189,1,1,0,188,7,0,188,8,0.005291005291005291,0,1,0,1,0,symfony/symfony
ba8822764444a76c,344,1,1,0,343,14,0,343,120,0.002906976744186049,0,1,0,1,0,symfony/symfony
3eef022209e9268d,42,2,2,0,40,0,0,40,11,0.023809523809523808,0,2,0,2,0,symfony/symfony
b82e01ecaca0d892,109,2,2,0,107,2,0,107,4,0.018348623853210982,0,2,0,2,0,symfony/symfony
733061b59d82ecb3,162,2,2,0,160,0,0,160,10,0.01234567901234565,0,2,0,2,0,symfony/symfony
9ddb769a97eed794,35,1,1,0,34,0,0,34,14,0.028571428571428574,0,1,0,1,0,symfony/symfony
f005ce6ac10f0540,26,2,2,0,24,0,0,24,1,0.0769230769230769,0,2,1,1,0,timescale/timescaledb
71d08f863b5c1c9d,14,0,0,0,14,0,0,14,3,0.0,0,0,0,0,0,timescale/timescaledb
fae5df6ed629a1c0,387,1,1,1,386,6,0,386,37,0.0,0,1,1,1,0,timescale/timescaledb
0965ace1983a9d26,423,22,2,0,401,0,2,401,6,0.004258838850465499,0,2,2,2,0,timescale/timescaledb
b66f1b6b7abb9012,369,0,0,0,369,0,0,369,0,0.0,0,0,0,0,0,timescale/timescaledb
058fd4bfcc027978,176,0,0,0,176,0,0,176,0,0.0,0,0,0,0,0,timescale/timescaledb
d548737b57d37fff,186,2,2,0,184,0,0,184,7,0.010752688172043006,0,2,0,0,0,timescale/timescaledb
f3ae2e9ee5e0a5f1,13,1,1,0,12,0,0,12,2,0.0769230769230769,0,1,0,0,0,timescale/timescaledb
2ce39a53d2d90e7e,1096,10,9,6,1086,13,6,1086,59,0.002737226277372269,0,9,6,6,0,timescale/timescaledb
c3a2319fbc39dba3,457,10,10,0,447,16,0,447,28,0.021881838074398252,0,10,0,5,0,timescale/timescaledb
5337bd57d32a4e41,68,4,0,0,64,0,0,64,6,0.05882352941176471,0,0,0,0,0,timescale/timescaledb
bea53ab5c46b8ce4,1262,3,2,0,1259,80,0,1259,110,0.0015847860538827016,0,2,0,1,0,timescale/timescaledb
af14a1554ff9e64b,1679,0,0,0,1679,16,0,1679,262,0.0,0,0,0,0,0,timescale/timescaledb
c6a671d6df2b9145,154,0,0,0,154,5,0,154,8,0.0,0,0,0,0,0,timescale/timescaledb
4af502726c0eeb5c,35,6,3,0,29,0,0,29,3,0.08571428571428572,0,3,0,0,0,timescale/timescaledb
efdc73ef3426766f,1264,0,0,0,1264,7,0,1264,76,0.0,0,0,0,0,0,timescale/timescaledb
7479113b62e026dd,414,16,6,0,398,14,2,398,103,0.031400966183574866,0,6,3,3,0,timescale/timescaledb
b4e5dd55f4fe6f9a,333,0,0,0,333,0,0,333,0,0.0,0,0,0,0,0,timescale/timescaledb
40c65ea22e904853,965,0,0,0,965,18,0,965,31,0.0,0,0,0,0,0,timescale/timescaledb
ea763fdb2cbd2223,282,47,19,15,235,1,16,235,19,0.11308426872172891,0,19,19,19,0,timescale/timescaledb
5c325cb7fe6945c5,174,7,5,0,167,23,3,167,40,0.028735632183908028,0,5,5,5,0,timescale/timescaledb
9e34280d60525c9c,243,0,0,0,243,0,0,243,0,0.0,0,0,0,0,0,timescale/timescaledb
0966a5287c3b51b7,208,13,13,13,195,1,13,195,9,0.0,0,13,13,13,0,timescale/timescaledb
518202ffbffa3a35,12,0,0,0,12,2,0,12,2,0.0,0,0,0,0,0,timescale/timescaledb
c7e12ab5653bddc7,227,22,2,1,205,27,1,205,52,0.020920171470338388,0,2,1,1,0,timescale/timescaledb
90683b77bc7d1883,407,69,67,1,338,17,2,338,36,0.17444717444717442,1,67,1,6,1,jemalloc/jemalloc
49eaa642d54dc5cf,33,9,8,6,24,2,6,24,5,0.060606060606060594,0,8,7,8,0,joomla/joomla-cms
10e3b5201e33b83c,165,10,9,2,155,82,3,155,92,0.01814486326681447,0,9,7,7,0,joomla/joomla-cms
cea971a923461c08,40,9,8,8,31,2,8,31,6,0.022435897435897426,0,2,2,2,1,joomla/joomla-cms
828e3e83422fb8ad,51,11,10,9,40,3,9,40,8,0.0376470588235294,0,4,3,4,0,joomla/joomla-cms
b67b6faa32a1fde2,71,26,25,24,45,0,24,45,8,0.027565392354124765,0,12,11,12,1,joomla/joomla-cms
5ce7c95f426f056d,547,476,441,423,71,0,414,71,7,0.021924449712383894,0,244,233,238,1,joomla/joomla-cms
b2b46d5ab70f3e71,36,14,13,13,22,0,13,22,2,0.024603174603174627,0,7,7,7,1,joomla/joomla-cms
f8f1b5c313e3c1fb,75,8,7,4,67,9,4,67,9,0.05297297297297296,0,6,4,5,0,joomla/joomla-cms
d207dfdd813e761b,52,24,19,15,28,0,14,28,5,0.019230769230769197,0,19,19,19,1,joomla/joomla-cms
d4e812bf02abb754,64,35,30,29,29,0,29,29,0,0.030257936507936484,0,15,14,15,1,joomla/joomla-cms
8e704e2cb5fb3707,53,25,21,20,28,0,13,28,6,0.036284470246734424,0,12,11,12,1,joomla/joomla-cms
42fe6ed4a8b22b36,55,26,25,21,29,0,20,29,6,0.08956228956228954,0,15,11,15,1,joomla/joomla-cms
ebae79f2a177debf,49,23,22,12,26,2,11,26,9,0.020408163265306138,0,22,22,22,1,joomla/joomla-cms
535534f1663f3dac,46,1,1,0,45,0,0,45,1,0.0217391304347826,0,1,0,1,0,joomla/joomla-cms
5468d1f2dc0633e1,61,15,14,5,46,4,5,46,7,0.0655737704918033,0,14,11,14,0,joomla/joomla-cms
74b48b746e4d2152,439,370,300,252,69,9,193,69,9,0.07743314506818108,0,217,144,168,1,joomla/joomla-cms
3db46b49c343a2e7,49,19,18,17,30,0,17,30,7,0.039540816326530594,0,10,9,10,0,joomla/joomla-cms
a48032981a78eaa2,39,15,14,14,24,0,14,24,0,0.02361673414304992,0,7,7,7,1,joomla/joomla-cms
ee2caf44de35989e,159,35,34,28,124,3,28,124,5,0.03761643181275376,0,18,15,18,0,joomla/joomla-cms
004254eeec79978a,267,222,185,159,45,1,144,45,10,0.08222804201515023,0,113,93,105,1,joomla/joomla-cms
38b8beb54aa84776,562,516,420,367,46,1,324,46,4,0.08536167621367538,0,330,285,328,1,joomla/joomla-cms
8ec5bae185dc9af5,106,19,7,0,87,33,0,87,36,0.19411092052601486,0,7,0,0,1,joomla/joomla-cms
5f547cc06632a55a,48,26,24,21,22,0,21,22,3,0.08333333333333336,0,14,11,14,1,joomla/joomla-cms
d357b2aedce3341d,53,26,22,17,27,0,17,27,3,0.11175616835994193,0,13,9,11,1,joomla/joomla-cms
c9f190967fe3fc0f,70,47,46,35,23,5,34,23,8,0.014285714285714263,0,46,46,46,1,joomla/joomla-cms
b4d68dc855d0f947,89,0,0,0,89,4,0,89,5,0.0,0,0,0,0,0,SWE-agent/SWE-agent
0c76c033dbce3470,131,9,7,0,122,0,0,122,4,0.06751878809397005,1,7,0,0,1,SWE-agent/SWE-agent
53d8c3d9277e3afd,903,7,2,0,896,14,1,896,29,0.003362909692940489,0,1,1,1,0,SWE-agent/SWE-agent
bcc8bf4beca3fddb,72,0,0,0,72,0,0,72,0,0.0,0,0,0,0,0,SWE-agent/SWE-agent
e52e4ddd58b7ef88,138,10,0,0,128,0,0,128,3,0.0042819499341238704,0,0,0,0,0,SWE-agent/SWE-agent
b335630551682c19,145,0,0,0,145,7,0,145,8,0.0,0,0,0,0,0,SWE-agent/SWE-agent
7fa08302646647af,18,1,0,0,17,0,0,17,0,0.0,0,0,0,0,0,SWE-agent/SWE-agent
a1cb745138d2fa30,80,2,0,0,78,0,0,78,0,0.004430379746835467,0,0,0,0,0,SWE-agent/SWE-agent
4b7652aa53703b28,399,10,7,0,389,11,0,389,19,0.0178902028941701,0,7,0,6,0,SWE-agent/SWE-agent
98d0f806abc9af24,182,2,0,0,180,2,0,180,3,0.0,0,0,0,0,0,SWE-agent/SWE-agent
6ea34892ba951169,114,3,1,0,111,0,0,111,0,0.009555137844611506,0,1,0,0,0,SWE-agent/SWE-agent
33c13e0b177bacd2,15,3,0,0,12,0,0,12,0,0.0,0,0,0,0,0,SWE-agent/SWE-agent
1e0de8e69119fdf3,15,0,0,0,15,0,0,15,0,0.0,0,0,0,0,0,SWE-agent/SWE-agent
39c17d5569ca052c,41,0,0,0,41,2,0,41,5,0.0,0,0,0,0,0,SWE-agent/SWE-agent
9c1f7363b681d68a,147,1,0,0,146,0,0,146,0,0.0,0,0,0,0,0,SWE-agent/SWE-agent
15c410571e14efe1,46,0,0,0,46,0,0,46,0,0.0,0,0,0,0,0,SWE-agent/SWE-agent
50c86b7ed8ac2cf9,264,4,0,0,260,1,0,260,1,0.0022264631043257105,0,0,0,0,0,SWE-agent/SWE-agent
fdfcd5f2f4243e85,66,6,0,0,60,0,0,60,0,0.0028860028860029086,0,0,0,0,0,SWE-agent/SWE-agent
637f7b97bba458ba,72,1,0,0,71,6,0,71,4,0.0,0,0,0,0,0,SWE-agent/SWE-agent
696274777d5a9143,7,3,2,1,4,0,1,4,0,0.2857142857142857,0,2,1,1,0,SWE-agent/SWE-agent
fb79e259f0892658,94,3,0,0,91,0,0,91,0,0.0,0,0,0,0,0,SWE-agent/SWE-agent
63a9c44a44acf85f,39,2,0,0,37,0,0,37,0,0.007422402159244262,0,0,0,0,0,SWE-agent/SWE-agent
0adb667cd397bd56,106,4,0,0,102,0,0,102,15,0.024729803993405346,0,0,0,0,0,SWE-agent/SWE-agent
8cbcb8437ba7ecf9,1294,9,3,0,1285,25,1,1285,48,0.0032815461218254306,0,3,1,1,0,SWE-agent/SWE-agent
d55ef2d8c9c75285,276,1,0,0,275,2,0,275,4,0.0005138339920948986,0,0,0,0,0,SWE-agent/SWE-agent
583e09cb341da8df,289,0,0,0,289,0,0,289,36,0.0,0,0,0,0,0,changesets/changesets
917af16cbc2b6837,1546,26,26,0,1520,381,0,1520,784,0.02328589909443723,0,20,0,20,0,changesets/changesets
ce359bfcf97628bf,148,3,3,0,145,0,0,145,3,0.020270270270270237,0,2,0,2,0,changesets/changesets
e1c4f59a18d722b2,31,0,0,0,31,0,0,31,5,0.0,0,0,0,0,0,changesets/changesets
2001f694dfcb4b5e,492,28,28,0,464,1,0,464,31,0.056910569105691054,0,11,0,11,0,changesets/changesets
b24496b550631c19,132,0,0,0,132,11,0,132,11,0.0,0,0,0,0,0,changesets/changesets
4a12bd2dbb6e3156,37,0,0,0,37,0,0,37,5,0.0,0,0,0,0,0,changesets/changesets
d045a6c36b9b35c5,55,1,1,0,54,0,0,54,0,0.018181818181818184,0,0,0,0,0,changesets/changesets
3fbc4ed82afab7f2,73,5,5,0,68,0,0,68,5,0.06849315068493148,0,4,0,4,0,changesets/changesets
96587dd134519840,115,2,2,0,113,0,0,113,2,0.017391304347826094,0,2,0,2,0,changesets/changesets
21dff33a4b7d67ff,52,1,1,0,51,0,0,51,4,0.01923076923076919,0,1,0,1,0,changesets/changesets
2eafc75a9015704b,2,0,0,0,2,0,0,2,0,0.0,0,0,0,0,0,changesets/changesets
bc83e21a29c754b5,97,2,2,0,95,11,0,95,11,0.020618556701030945,0,2,0,2,0,changesets/changesets
c404b9d2cea6c144,270,0,0,0,270,0,0,270,15,0.0,0,0,0,0,0,changesets/changesets
157dff36f28fa569,28,0,0,0,28,1,0,28,6,0.0,0,0,0,0,0,changesets/changesets
73bc94618d4ce1bc,163,2,2,0,161,8,0,161,15,0.012269938650306749,0,0,0,0,0,changesets/changesets
aae99cf0cc673c13,47,1,1,0,46,0,0,46,4,0.021276595744680868,0,1,0,1,0,changesets/changesets
168decea0c60633b,26,1,1,0,25,0,0,25,1,0.03846153846153845,0,1,0,1,0,changesets/changesets
50349105ca3a25f2,34,1,1,0,33,0,0,33,3,0.02941176470588236,0,1,0,1,0,changesets/changesets
77afe35db02ed4a3,87,6,6,0,81,0,0,81,0,0.06896551724137928,0,6,0,6,0,changesets/changesets
aa81ee3e3f75081b,83,1,1,0,82,0,0,82,2,0.012048192771084357,0,0,0,0,0,changesets/changesets
4e0bd1024b6adb72,587,15,15,0,572,27,0,572,68,0.025553662691652483,0,15,0,15,0,changesets/changesets
9816585d4f6aa370,157,3,3,0,154,0,0,154,6,0.01910828025477707,0,2,0,2,0,changesets/changesets
4f1b09248d429976,41,1,1,0,40,4,0,40,4,0.02439024390243902,0,1,0,1,1,changesets/changesets
57654c3e07c8a670,56,3,3,0,53,1,0,53,1,0.053571428571428534,0,3,0,3,0,changesets/changesets
e6cf8f7e5e6c5a57,171,9,6,0,162,5,1,162,14,0.023391812865497085,0,6,1,3,0,yugabyte/yugabyte-db
f3a55e252ec41970,48,5,5,0,43,0,0,43,0,0.10416666666666671,0,5,0,2,0,yugabyte/yugabyte-db
9f0e992cfe2f857d,589,124,117,12,465,2,12,465,37,0.1765704584040747,1,117,13,53,1,yugabyte/yugabyte-db
8edc5bb83e5228e0,55,45,45,23,10,2,23,10,2,0.4,0,27,23,27,1,yugabyte/yugabyte-db
33046d64ad7b7832,181,17,16,0,164,0,8,164,11,0.09392265193370165,0,16,8,8,0,yugabyte/yugabyte-db
77e52f034be927e7,67,2,2,0,65,2,1,65,20,0.029850746268656712,0,2,2,2,0,yugabyte/yugabyte-db
52ac678281aec595,19,1,1,1,18,0,1,18,0,0.0,0,1,1,1,0,yugabyte/yugabyte-db
7311bdc2c3c3df90,26,3,2,0,23,0,0,23,0,0.11230769230769229,0,2,0,0,0,yugabyte/yugabyte-db
0451b5c4455af55e,2791,14,10,5,2777,62,5,2777,109,0.003209223557652463,0,8,5,5,0,yugabyte/yugabyte-db
a2b7a712acfc440e,68,9,9,8,59,0,8,59,0,0.0,0,9,9,9,0,yugabyte/yugabyte-db
9976e2546a4105f9,18,7,7,4,11,0,4,11,0,0.16666666666666663,0,7,4,4,0,yugabyte/yugabyte-db
870526803c2c72c4,66,9,9,2,57,0,3,57,1,0.10606060606060608,0,7,3,3,0,yugabyte/yugabyte-db
9d0e6cee391e5362,3771,54,34,18,3717,36,17,3717,61,0.008683745382102443,0,34,18,22,0,yugabyte/yugabyte-db
cdffd129df1de77d,48,3,3,0,45,0,0,45,1,0.0625,0,3,1,1,0,yugabyte/yugabyte-db
c7de5231a8a649e2,419,20,19,4,399,2,4,399,72,0.026252983293556083,0,19,7,7,0,yugabyte/yugabyte-db
5719449832b92682,318,0,0,0,318,28,0,318,47,0.0,0,0,0,0,0,yugabyte/yugabyte-db
404e2cf70b6d07d0,889,396,288,185,493,12,180,493,66,0.1606185781399174,0,274,150,160,1,yugabyte/yugabyte-db
dd622460267e8a9b,3,0,0,0,3,0,0,3,0,0.0,0,0,0,0,0,yugabyte/yugabyte-db
f69610964c20fb45,4639,1,1,1,4638,8,1,4638,13,0.0,0,1,1,1,0,yugabyte/yugabyte-db
991d40290391785a,70,0,0,0,70,4,0,70,25,0.0,0,0,0,0,0,yugabyte/yugabyte-db
2cd5501c3c336843,970,45,34,14,925,93,18,925,205,0.020618556701030927,0,33,14,14,0,yugabyte/yugabyte-db
5af74b751610936f,14,1,1,0,13,0,0,13,0,0.07142857142857141,0,0,0,0,0,yugabyte/yugabyte-db
e070adaddf7fc9dd,193,2,2,1,191,0,1,191,0,0.005181347150259068,0,2,1,1,0,yugabyte/yugabyte-db
1d0c9806a223cfcf,522,13,9,4,509,20,4,509,91,0.014672336278874048,0,9,4,6,0,yugabyte/yugabyte-db
c5ff447045fd87bd,147,8,8,0,139,0,0,139,3,0.054421768707483005,0,7,0,1,0,yugabyte/yugabyte-db
bc5402121fb214a4,839,0,0,0,839,3,0,839,254,0.0,0,0,0,0,0,ManimCommunity/manim
fa8fe466fb7275e6,3692,1,1,1,3691,75,1,3691,298,0.0,0,1,1,1,0,ManimCommunity/manim
cef1840c6fcabaaf,342,3,3,0,339,16,0,339,178,0.008771929824561417,0,2,0,0,0,ManimCommunity/manim
8cf05d12c38d38c8,1814,2,2,0,1812,35,0,1812,470,0.0011025358324145474,0,2,0,0,0,ManimCommunity/manim
a14537404665ccfc,48,0,0,0,48,0,0,48,0,0.0,0,0,0,0,0,ManimCommunity/manim
52cbc4745d366cda,243,1,0,0,242,34,0,242,34,0.0,0,0,0,0,0,ManimCommunity/manim
1a4d3d0a888b8883,990,0,0,0,990,30,0,990,44,0.0,0,0,0,0,0,ManimCommunity/manim
a6ebf16eee7f8434,679,0,0,0,679,0,0,679,9,0.0,0,0,0,0,0,ManimCommunity/manim
5f9e6dec4c165d78,909,1,1,1,908,22,1,908,40,0.0,0,1,1,1,0,ManimCommunity/manim
dbbe1b3b616cac00,533,1,0,0,532,0,0,532,0,0.0018691193273991835,0,0,0,0,0,ManimCommunity/manim
fc1153b28d4ad6fa,1581,13,13,0,1568,32,0,1568,195,0.00822264389626818,0,12,0,0,0,ManimCommunity/manim
b16c1f514d2b8686,1661,0,0,0,1661,24,0,1661,61,0.0,0,0,0,0,0,ManimCommunity/manim
63a9c44a44acf85f,45,3,3,0,42,0,0,42,6,0.06666666666666665,0,3,0,0,0,ManimCommunity/manim
b2a9bbdd948ff6b8,1966,1,1,0,1965,69,0,1965,196,0.0005086469989827045,0,1,0,0,0,ManimCommunity/manim
609da84e0b1851ce,181,1,1,0,180,8,0,180,11,0.005524861878453045,0,1,0,1,0,ManimCommunity/manim
1488a151ee1066e1,88,0,0,0,88,0,0,88,2,0.0,0,0,0,0,0,ManimCommunity/manim
39f574b5093d3e05,48,0,0,0,48,0,0,48,0,0.0,0,0,0,0,0,ManimCommunity/manim
c75d304e0719818d,3512,12,12,0,3500,43,0,3500,488,0.003416856492027333,0,11,0,0,0,ManimCommunity/manim
3f967d53f766c19d,3047,13,13,3,3034,69,3,3034,275,0.003281916639317363,0,13,3,9,0,ManimCommunity/manim
8aaebaeb7e333907,711,4,4,4,707,10,4,707,69,0.0,0,4,4,4,0,ManimCommunity/manim
63e2ac1dab8802e5,67,3,3,0,64,0,0,64,0,0.04477611940298508,0,3,0,0,0,ManimCommunity/manim
9ef4cc50a9bbc144,535,38,19,3,497,2,3,497,13,0.0671520683909295,0,13,3,5,0,ManimCommunity/manim
373d481035edba14,62,1,0,0,61,0,0,61,0,0.016129032258064495,0,0,0,0,0,pydantic/pydantic
06dbaa0a16810a6d,1351,1,1,0,1350,0,0,1350,183,0.0007401924500369944,0,1,0,1,0,pydantic/pydantic
419d79ae7d440d49,281,11,9,0,270,5,0,270,8,0.039145907473309614,0,9,0,8,0,pydantic/pydantic
0c13db05731a4021,113,1,0,0,112,0,0,112,0,0.004819848293299631,0,0,0,0,0,pydantic/pydantic
8708af8d26c26644,1942,6,4,0,1936,150,0,1936,411,0.0018960466617958865,0,4,0,2,0,pydantic/pydantic
a61d25fd27b9213b,1295,22,19,1,1273,74,1,1273,329,0.015304971564631559,0,19,0,0,0,pydantic/pydantic
a466a2a8a83413f4,1464,6,5,0,1458,0,0,1458,123,0.0040059164304203174,0,5,0,5,0,pydantic/pydantic
6f2c2ee7a088cc3d,343,1,0,0,342,2,0,342,42,0.0029154518950437556,0,0,0,0,0,pydantic/pydantic
2ee16ba2b0a76663,64,11,11,11,53,0,11,53,0,0.0,0,11,11,11,0,pydantic/pydantic
f36e63ffa40b3485,289,3,3,0,286,0,0,286,3,0.010380622837370238,0,3,0,0,0,pydantic/pydantic
b4d68dc855d0f947,161,8,8,0,153,3,0,153,10,0.04968944099378879,0,8,0,7,0,pydantic/pydantic
7705cf87d2049328,418,9,8,0,409,54,0,409,81,0.019138755980861278,0,8,0,0,0,pydantic/pydantic
8dfc253df3265628,122,2,1,0,120,2,0,120,8,0.014903129657228016,0,1,0,1,0,pydantic/pydantic
a2d0c920bfe5b342,8,7,0,0,1,0,0,1,0,0.0,0,0,0,0,0,pydantic/pydantic
938a32ed1ccdea06,118,5,0,0,113,3,0,113,11,0.0423728813559322,0,0,0,0,0,pydantic/pydantic
5b852a658564cc84,203,3,2,0,200,70,0,200,78,0.014753938448031986,0,2,0,0,0,pydantic/pydantic
39aecbc26791dd03,34,34,0,0,0,0,0,0,0,0.0,0,0,0,0,0,pydantic/pydantic
748dfa470546a2c5,214,4,3,0,210,1,0,210,7,0.014018691588785076,0,3,0,0,0,pydantic/pydantic
6ab916975a15e776,3256,4,4,0,3252,147,0,3252,556,0.0012285012285012335,0,4,0,4,0,pydantic/pydantic
86a65771e6ad3cc8,401,2,2,0,399,14,0,399,29,0.00498753117206981,0,2,0,0,0,pydantic/pydantic
c6e2380322d816d6,5,1,0,0,4,0,0,4,0,0.19999999999999998,0,0,0,0,0,pydantic/pydantic
065dec37f7034bff,174,9,8,0,165,1,0,165,48,0.051558036010896285,0,8,0,8,0,pydantic/pydantic
a0773d3b66660065,540,0,0,0,540,2,0,540,81,0.0,0,0,0,0,0,pydantic/pydantic
7185d89439637e12,358,1,0,0,357,11,0,357,26,0.0008998012612866368,0,0,0,0,0,pydantic/pydantic
fbe31c45747e9b94,2456,99,98,0,2357,0,0,2357,256,0.03990228013029314,0,98,0,0,0,pydantic/pydantic
a66501c18d15c736,21,2,2,0,19,1,0,19,1,0.0952380952380952,0,2,0,0,0,software-mansion/react-native-reanimated
bc1368d4dc968029,169,11,10,1,158,20,0,158,14,0.05917159763313612,0,10,0,0,0,software-mansion/react-native-reanimated
7ab9ffd2f17b4abd,80,0,0,0,80,0,0,80,6,0.0,0,0,0,0,0,software-mansion/react-native-reanimated
8b8905ac16fc8ef3,76,0,0,0,76,0,0,76,0,0.0,0,0,0,0,0,software-mansion/react-native-reanimated
fbb2d10814ec2c96,64,7,7,0,57,0,0,57,0,0.109375,0,7,0,0,0,software-mansion/react-native-reanimated
ef4ed5eb32bbe13d,48,4,3,0,44,0,0,44,0,0.08333333333333337,0,3,0,0,0,software-mansion/react-native-reanimated
e459f10ee6001dac,77,1,1,0,76,0,0,76,1,0.012987012987012934,0,1,0,0,0,software-mansion/react-native-reanimated
780e538c6aa91b15,15,0,0,0,15,0,0,15,0,0.0,0,0,0,0,0,software-mansion/react-native-reanimated
f4e74a7acc2a52d0,83,1,1,0,82,0,0,82,0,0.012048192771084357,0,1,0,0,0,software-mansion/react-native-reanimated
1b9111e79261bdb2,177,4,3,0,173,16,0,173,29,0.016949152542372885,1,3,0,1,1,software-mansion/react-native-reanimated
c8a8d0f5c76b9b19,239,3,2,0,236,7,0,236,20,0.012253436939629382,0,2,0,0,0,software-mansion/react-native-reanimated
15e45d5bd454bfb9,96,7,7,0,89,0,0,89,12,0.0729166666666667,0,7,0,0,0,software-mansion/react-native-reanimated
df07a79080fa65be,100,10,9,0,90,0,0,90,2,0.09999999999999999,0,9,0,0,0,software-mansion/react-native-reanimated
40f78504d61a7279,82,6,5,0,76,6,0,76,10,0.07061126166817225,0,5,0,0,0,software-mansion/react-native-reanimated
f4bb0f7747398935,66,2,2,0,64,0,0,64,0,0.03030303030303029,0,2,0,0,0,software-mansion/react-native-reanimated
35f67ec3e24c2d8b,41,11,10,1,30,0,1,30,0,0.24390243902439024,0,9,0,0,0,software-mansion/react-native-reanimated
43afa3f9d570b5e0,119,12,11,0,107,0,0,107,0,0.10076912120780518,0,11,0,0,0,software-mansion/react-native-reanimated
2e7b33c42112d920,34,2,2,0,32,0,0,32,21,0.05882352941176471,0,2,0,0,0,software-mansion/react-native-reanimated
91ad33c8949a4af1,204,14,14,1,190,0,2,190,1,0.06372549019607843,0,14,1,1,0,software-mansion/react-native-reanimated
762d5e0c64e0b71c,126,12,11,0,114,0,0,114,0,0.09523809523809526,0,11,0,0,0,software-mansion/react-native-reanimated
a51f4022e5bb70c2,77,3,3,0,74,0,0,74,1,0.03896103896103897,0,3,0,0,0,software-mansion/react-native-reanimated
b657173b4753fd18,35,1,1,0,34,0,0,34,6,0.028571428571428564,0,1,0,0,0,software-mansion/react-native-reanimated
0d8e0a12e3bbc55e,30,4,4,0,26,0,0,26,0,0.1333333333333333,0,4,0,0,0,software-mansion/react-native-reanimated
1ae7290d49209258,92,1,0,0,91,4,0,91,4,0.021380793119923566,0,0,0,0,0,software-mansion/react-native-reanimated
6886da7214673148,52,3,3,0,49,0,0,49,0,0.0576923076923077,0,3,0,0,0,software-mansion/react-native-reanimated
db2c2da807d2c894,44,23,20,20,21,0,20,21,0,0.0,0,19,19,19,1,aseprite/aseprite
ad6c6a89e3add7f7,49,3,3,1,46,0,1,46,0,0.04081632653061226,0,3,1,1,0,aseprite/aseprite
bd5ee103540f36fa,39,14,14,14,25,0,14,25,0,0.0,0,13,13,13,0,aseprite/aseprite
09af0f56f8a2a974,49,25,20,19,24,0,19,24,0,0.02040816326530613,0,19,18,18,1,aseprite/aseprite
c8bfd57ad9f98acb,78,52,27,16,26,0,16,26,4,0.02564102564102566,0,27,13,13,1,aseprite/aseprite
d442a7de81efaa95,47,7,0,0,40,0,0,40,0,0.0,0,0,0,0,0,aseprite/aseprite
6bf60bb4f1ad3e3a,37,12,12,12,25,0,12,25,0,0.0,0,11,11,11,0,aseprite/aseprite
94e990a2497d61b8,1405,360,330,117,1045,24,117,1045,69,0.1516014234875445,0,286,115,155,0,aseprite/aseprite
e5b67cce841a5f2f,3,3,2,2,0,0,2,0,0,0.0,0,2,2,2,1,aseprite/aseprite
d3303be8f85c5186,33,17,14,13,16,0,13,16,0,0.03030303030303029,0,13,12,13,1,aseprite/aseprite
d696c287bd9a6c81,146,111,85,74,35,2,74,35,2,0.0136986301369863,0,85,51,53,1,aseprite/aseprite
614e3dbb6ae35b08,33,4,4,2,29,1,2,29,1,0.060606060606060635,0,4,2,2,0,aseprite/aseprite
980f23d31a5d1c70,42,22,14,11,20,0,11,20,0,0.07142857142857141,0,14,7,7,1,aseprite/aseprite
8692268b29fa0bee,111,83,64,61,28,0,61,28,0,0.018018018018018035,0,64,57,57,1,aseprite/aseprite
032bac576e2ec43f,57,2,2,1,55,1,1,55,1,0.01754385964912278,0,2,1,1,0,aseprite/aseprite
9d1fce469f186ff4,266,13,12,1,253,16,1,253,14,0.037593984962406,0,12,2,3,0,aseprite/aseprite
4756d46e4709bc78,59,4,4,3,55,0,3,55,0,0.016949152542372857,0,4,3,3,0,aseprite/aseprite
79ecbdfc15933fec,94,10,10,3,84,0,3,84,1,0.07446808510638295,0,10,3,3,0,aseprite/aseprite
d4f1f37df8a53f2d,609,17,17,6,592,0,6,592,87,0.018062397372742182,0,15,4,5,0,aseprite/aseprite
c6a78b7097b3769c,25,6,6,6,19,0,6,19,0,0.0,0,6,6,6,0,aseprite/aseprite
1741d854f563c960,138,12,12,1,126,0,1,126,0,0.07971014492753625,0,12,1,2,0,aseprite/aseprite
ece43ba66d6d4a3d,27,27,23,23,0,0,23,0,0,0.0,0,23,23,23,1,aseprite/aseprite
d3899fa3c4a7c631,24,1,1,0,23,0,0,23,0,0.041666666666666644,0,1,0,0,0,aseprite/aseprite
70d48f6abaaa608d,106,77,59,54,29,0,54,29,0,0.04716981132075471,0,58,53,54,1,aseprite/aseprite
fe43cdfb72e3315c,51,4,4,1,47,0,0,47,7,0.05882352941176471,0,4,1,1,0,aseprite/aseprite
00e31e7d6f3e1aa6,27,4,4,0,23,0,0,23,0,0.14814814814814814,0,3,0,1,0,nix-community/home-manager
2a1cc6ba9cbe9d27,27,8,8,0,19,0,0,19,0,0.2962962962962963,0,4,0,1,0,nix-community/home-manager
9f8a77e003fca0a4,36,2,2,0,34,26,0,34,26,0.05555555555555556,0,2,0,0,0,nix-community/home-manager
a624ac599efd79be,72,13,12,0,59,0,0,59,0,0.16666666666666669,0,8,0,1,0,nix-community/home-manager
b260420c941af9a8,43,18,18,1,25,1,1,25,1,0.39534883720930236,1,13,0,1,1,nix-community/home-manager
9d2de0336e2d438c,80,24,24,0,56,25,0,56,25,0.30000000000000004,0,18,0,0,0,nix-community/home-manager
53240fb868b30e7d,45,16,15,0,29,0,0,29,0,0.35555555555555557,0,12,0,0,0,nix-community/home-manager
b16e717b343cb40f,129,1,1,0,128,8,0,128,8,0.007751937984496131,0,1,0,0,0,nix-community/home-manager
216f6e71c3a4dcc0,31,7,7,0,24,0,0,24,0,0.22580645161290325,0,3,0,0,0,nix-community/home-manager
72b274f5b08eee1a,41,16,16,0,25,0,0,25,4,0.2682926829268293,0,8,5,6,0,nix-community/home-manager
7899a4897bc352ca,33,21,20,10,12,0,10,12,0,0.3030303030303031,0,14,9,10,1,nix-community/home-manager
32f2e2f19318ab35,19,1,1,0,18,11,0,18,11,0.052631578947368446,0,1,0,0,0,nix-community/home-manager
ca4210654047de8c,28,2,2,0,26,18,0,26,18,0.07142857142857142,0,2,0,0,0,nix-community/home-manager
05c921da333575cc,19,3,3,1,16,0,1,16,0,0.10526315789473684,0,2,1,2,0,nix-community/home-manager
a5b02761d8b5ec73,31,3,3,0,28,0,0,28,0,0.09677419354838711,0,2,0,1,0,nix-community/home-manager
3708cb2b222cf259,72,35,33,5,37,0,5,37,0,0.38888888888888884,0,26,3,5,1,nix-community/home-manager
6b6b3a4b2f43ea24,93,16,15,0,77,0,0,77,0,0.16129032258064513,1,9,0,1,1,nix-community/home-manager
b4475940374353af,58,14,13,0,44,0,0,44,0,0.2241379310344828,0,9,0,1,0,nix-community/home-manager
26071ea639e1f732,47,4,4,0,43,18,0,43,18,0.08510638297872339,0,2,0,1,0,nix-community/home-manager
e08e97993f76ccd6,27,12,9,7,15,0,7,15,0,0.14814814814814814,0,9,7,7,0,nix-community/home-manager
5d54768a584d2d34,876,186,143,34,690,94,34,690,152,0.1084135293564465,0,123,47,53,1,nix-community/home-manager
a6b12680234f68a1,25,4,4,0,21,0,0,21,0,0.16,0,3,0,1,0,nix-community/home-manager
dccb3b40f6d1b90f,55,1,1,1,54,2,1,54,5,0.054545454545454564,0,0,0,0,1,nix-community/home-manager
299a02da08782272,92,22,18,12,70,0,12,70,0,0.08695652173913046,0,17,11,13,0,nix-community/home-manager
8533a177f7345123,127,30,26,23,97,0,23,97,1,0.023622047244094467,0,24,21,24,0,nix-community/home-manager
14fdb6448f197192,339,1,1,0,338,6,0,338,15,0.002949852507374638,0,1,0,0,0,semantic-release/semantic-release
e22ae310989b7f58,85,2,1,0,83,5,0,83,16,0.01176470588235292,0,1,0,0,0,v8/v8
df1f952495f55051,9,4,0,0,5,0,0,5,0,0.0,0,0,0,0,0,v8/v8
8c97c15fb8dcf210,114,2,2,0,112,0,0,112,8,0.017543859649122764,0,2,0,0,0,v8/v8
2226282bc8770b8c,552,8,8,0,544,47,0,544,277,0.021739130434782625,0,8,0,3,0,v8/v8
fc2cd6c620ba033e,49,5,5,0,44,0,0,44,9,0.10204081632653061,0,5,0,1,0,v8/v8
e00961b9dda876f6,198,1,1,0,197,1,0,197,7,0.005050505050505051,0,1,0,0,0,v8/v8
21d2a9d20a9a347a,695,5,5,0,690,0,0,690,432,0.00719424460431658,0,5,0,0,0,v8/v8
4d231e6e47bba9f5,207,3,3,0,204,0,0,204,26,0.014492753623188371,0,3,0,0,0,v8/v8
6a966ac1472f2ea6,34,0,0,0,34,0,0,34,4,0.0,0,0,0,0,0,v8/v8
79fc5026ce254fb9,962,5,4,0,957,38,0,957,248,0.004158004158004158,0,4,0,0,0,v8/v8
6d535632c6718fb8,3417,24,18,2,3393,214,1,3393,403,0.005779002130040236,0,18,11,17,0,v8/v8
d71f798f2d62c4bb,43,0,0,0,43,0,0,43,7,0.0,0,0,0,0,0,v8/v8
4efc0631f4da24fd,171,5,1,0,166,0,0,166,14,0.01169590643274854,0,1,0,0,0,v8/v8
b657be7d4ae72dbb,93,2,2,0,91,0,0,91,22,0.02150537634408602,0,2,0,0,0,v8/v8
8bdb2573298854ab,164,5,5,0,159,5,0,159,19,0.03048780487804878,0,5,0,0,1,v8/v8
26733112cec1a37a,4271,0,0,0,4271,158,0,4271,331,0.0,0,0,0,0,0,v8/v8
11cf24bd0df9c2cc,15,1,1,0,14,0,0,14,5,0.06666666666666665,0,1,0,0,0,v8/v8
52f5d15e193b0eb9,41,2,1,0,39,0,0,39,3,0.048780487804878016,0,1,0,0,0,v8/v8
652bdc9aaef70c43,823,11,11,0,812,32,1,812,76,0.013365735115431338,0,11,4,7,0,v8/v8
9901c21150975383,98,3,3,0,95,0,0,95,2,0.030612244897959183,0,3,0,0,0,v8/v8
abf2f65eefff40b6,364,0,0,0,364,11,0,364,76,0.0,0,0,0,0,0,v8/v8
b55fd6d937379f01,104,0,0,0,104,0,0,104,17,0.0,0,0,0,0,0,v8/v8
82eef4bef934d929,267,2,2,0,265,0,0,265,10,0.007490636704119848,0,2,0,0,0,v8/v8
548f59f03d34d537,193,4,4,0,189,14,0,189,14,0.02072538860103627,0,4,0,0,0,v8/v8
78606fdbc0ee8d3c,65,0,0,0,65,0,0,65,3,0.0,0,0,0,0,0,v8/v8
f78124fbf01e7a1e,70,0,0,0,70,0,0,70,5,0.0,0,0,0,0,0,inventree/InvenTree
4212bcc524a72d8f,448,0,0,0,448,12,0,448,17,0.0,0,0,0,0,0,inventree/InvenTree
4defc0fc274eaed7,17,0,0,0,17,0,0,17,0,0.0,0,0,0,0,0,inventree/InvenTree
6e086b41f1202ca2,66,0,0,0,66,4,0,66,6,0.0,0,0,0,0,0,inventree/InvenTree
9604f7f3f255de96,7,0,0,0,7,0,0,7,0,0.0,0,0,0,0,0,inventree/InvenTree
1ac2322b17f57156,12,0,0,0,12,2,0,12,2,0.0,0,0,0,0,0,inventree/InvenTree
6425b0d5676673a5,906,0,0,0,906,35,0,906,56,0.0,0,0,0,0,0,inventree/InvenTree
c5bcfa70cc6dae50,56,0,0,0,56,0,0,56,3,0.0,0,0,0,0,0,inventree/InvenTree
804f9ad1d2afffc2,19,0,0,0,19,0,0,19,1,0.0,0,0,0,0,0,inventree/InvenTree
9d3beeddd814e48c,19,0,0,0,19,0,0,19,0,0.0,0,0,0,0,0,inventree/InvenTree
fac213b2ac861327,27,0,0,0,27,0,0,27,0,0.0,0,0,0,0,0,inventree/InvenTree
e71c766c3bddf2f9,57,0,0,0,57,0,0,57,0,0.0,0,0,0,0,0,inventree/InvenTree
ef350fe9b05d0d84,11,0,0,0,11,0,0,11,0,0.0,0,0,0,0,0,inventree/InvenTree
2e6499649193b522,112,0,0,0,112,0,0,112,1,0.0,0,0,0,0,0,inventree/InvenTree
b8cc8167f3798a8d,20,0,0,0,20,0,0,20,0,0.0,0,0,0,0,0,inventree/InvenTree
6ff92a9c1137588b,423,0,0,0,423,38,0,423,116,0.0,0,0,0,0,0,inventree/InvenTree
8b0bd462fdded006,129,0,0,0,129,0,0,129,0,0.0,0,0,0,0,0,inventree/InvenTree
63bdcd2c0e962701,18,0,0,0,18,0,0,18,0,0.0,0,0,0,0,0,inventree/InvenTree
e92911984ef2922c,35,0,0,0,35,0,0,35,0,0.0,0,0,0,0,0,inventree/InvenTree
af15d89807c2e15c,839,0,0,0,839,8,0,839,24,0.0,0,0,0,0,0,inventree/InvenTree
5ba6fbbb25891724,9,0,0,0,9,0,0,9,0,0.0,0,0,0,0,0,inventree/InvenTree
2a49eec19e44d960,2466,149,0,0,2317,0,0,2317,13,0.0,0,0,0,0,0,inventree/InvenTree
89bf6e66a91942b3,44,0,0,0,44,0,0,44,1,0.0,0,0,0,0,0,inventree/InvenTree
49477a6f5c60c36b,1,0,0,0,1,0,0,1,0,0.0,0,0,0,0,0,inventree/InvenTree
3d36a1bf06148bc6,15,10,0,0,5,0,0,5,0,0.0,0,0,0,0,0,inventree/InvenTree
ada0991ad2cd0749,127,1,1,0,126,1,0,126,8,0.007874015748031496,0,1,0,0,0,openscad/openscad
94feca642eecc9f7,2291,571,557,412,1720,7,400,1720,59,0.06460003926509464,0,524,376,385,0,openscad/openscad
63e6de5672f99c1b,250,178,163,136,72,5,28,72,25,0.10399999999999998,0,135,115,123,1,openscad/openscad
f29700ce7e4cb87d,155,6,6,2,149,0,0,149,64,0.0258064516129032,0,5,2,2,0,openscad/openscad
74a411625047f274,10,2,2,0,8,0,0,8,0,0.2,0,1,0,1,0,openscad/openscad
ae63b1e0a4bbfd8f,21,2,2,1,19,0,1,19,0,0.04761904761904759,0,2,1,1,0,openscad/openscad
3241046f406c6ac2,100,28,28,21,72,8,21,72,14,0.050000000000000024,0,27,23,24,0,openscad/openscad
54c2e8ce063c7633,590,162,102,29,428,7,29,428,44,0.12372881355932207,0,93,28,32,0,openscad/openscad
077171e5c6e3d326,50,20,11,3,30,0,3,30,0,0.15999999999999998,1,9,3,3,0,openscad/openscad
38f52d09f47920b8,152,62,52,35,90,0,34,90,12,0.09868421052631579,0,46,34,35,0,openscad/openscad
2cbe61536403d0a8,107,8,8,1,99,0,1,99,5,0.06542056074766356,0,8,1,1,0,openscad/openscad
2ac2b003e2871832,62,15,13,2,47,1,2,47,1,0.16129032258064513,0,12,2,3,0,openscad/openscad
3a52459c6bcb0c01,47,3,3,0,44,0,0,44,24,0.06382978723404253,0,3,0,0,0,openscad/openscad
55577370640e027d,64,24,22,8,40,0,8,40,0,0.24899193548387097,0,15,8,11,0,openscad/openscad
f9ca66d54cb8933d,107,45,45,37,62,0,37,62,26,0.07476635514018692,0,38,30,30,0,openscad/openscad
72047422e48bc819,100,31,22,16,69,1,16,69,3,0.039999999999999994,0,19,15,15,0,openscad/openscad
c082b4face613385,43,15,15,15,28,0,15,28,1,0.0,0,15,15,15,0,openscad/openscad
25390f14ca47fa21,11,5,5,5,6,0,5,6,0,0.0,0,5,5,5,0,openscad/openscad
c158d39aa75d9775,213,112,100,78,101,1,78,101,28,0.07981220657276994,0,86,66,69,1,openscad/openscad
33836b74e20f2105,55,1,1,1,54,0,1,54,4,0.0,0,1,1,1,0,openscad/openscad
579ca1b08dc4e231,54,7,5,1,47,0,1,47,0,0.07407407407407407,0,5,1,1,0,openscad/openscad
0b570e39f8196851,1688,932,878,87,756,81,76,756,109,0.11137440758293839,0,819,618,641,1,openscad/openscad
ee5dd2ec3c4b7e89,84,31,31,24,53,0,24,53,26,0.08333333333333334,0,26,19,21,0,openscad/openscad
fb726e643f863f35,456,192,57,21,264,13,21,264,55,0.08991228070175437,0,51,20,25,0,openscad/openscad
42a26f0dbf085190,44,2,2,2,42,0,2,42,26,0.0,0,2,2,2,0,openscad/openscad
b9bb5ae8ff77c3fc,1,0,0,0,1,0,0,1,0,0.0,0,0,0,0,0,pytorch/pytorch
b6bb6e41a0e0c3ea,38,11,11,3,27,0,3,27,0,0.21052631578947367,0,11,3,3,0,pytorch/pytorch
0a3485d9b89d624d,84,2,2,2,82,0,2,82,0,0.0,0,2,2,2,0,pytorch/pytorch
97399fb479033ee6,549,0,0,0,549,19,0,549,67,0.0,0,0,0,0,0,pytorch/pytorch
33ddddac9ca6076b,193,1,0,0,192,8,0,192,8,0.005181347150259051,0,0,0,0,0,pytorch/pytorch
d512869862014837,12,2,1,1,10,0,1,10,0,0.08333333333333337,0,1,1,1,0,pytorch/pytorch
8ffd46e43564a380,775,2,2,2,773,1,2,773,9,0.0,0,2,2,2,0,pytorch/pytorch
8d5392b492b4aed3,297,144,142,0,153,0,0,153,3,0.48484848484848486,1,98,2,8,1,pytorch/pytorch
c89166c7a3b9c2b8,405,150,148,43,255,14,39,255,24,0.254320987654321,0,148,47,59,1,pytorch/pytorch
39a2b39a335f1cac,1949,3,1,0,1946,36,0,1946,268,0.0015381967969561676,0,1,1,1,0,pytorch/pytorch
a10d7d09bbcb09fd,152,1,0,0,151,0,0,151,4,0.006448239804810052,0,0,0,0,0,pytorch/pytorch
96580e865bb37e13,26,3,3,3,23,0,3,23,0,0.0,0,3,3,3,0,pytorch/pytorch
b7eea7526299cb2a,334,5,2,0,329,0,2,329,0,0.014942923820033677,0,2,1,1,0,pytorch/pytorch
a86f2020a1581f2e,72,31,31,16,41,0,16,41,0,0.20833333333333337,0,26,13,15,1,pytorch/pytorch
dae402810cda909f,41,7,4,4,34,0,4,34,0,0.07124518613607189,0,4,4,4,0,pytorch/pytorch
0efe168d4a680ae7,164,86,82,6,78,9,6,78,9,0.4878048780487804,1,76,8,44,1,pytorch/pytorch
20c2dda2cf916e9c,28,0,0,0,28,0,0,28,0,0.0,0,0,0,0,0,pytorch/pytorch
9682e35e20a26315,584,4,4,0,580,5,0,580,80,0.00684931506849315,0,4,0,0,0,pytorch/pytorch
17410eed42f11ab5,169,20,17,5,149,0,4,149,3,0.08206073060978633,0,17,5,5,0,pytorch/pytorch
540be8414ec060be,13,6,6,6,7,0,6,7,0,0.0,0,6,6,6,1,pytorch/pytorch
1565f0556396894c,229,137,99,64,92,5,65,92,8,0.1353711790393013,0,97,52,52,1,pytorch/pytorch
39767898b59404d2,168,0,0,0,168,18,0,168,20,0.0,0,0,0,0,0,pytorch/pytorch
28d21789eb778c8f,31,1,1,0,30,0,0,30,0,0.03225806451612902,0,1,0,0,0,pytorch/pytorch
50cb948c72c5adca,41,1,0,0,40,0,0,40,0,0.024390243902439008,0,0,0,0,0,pytorch/pytorch
349028fbe8291a96,104,46,46,0,58,0,0,58,1,0.44230769230769235,1,46,0,0,1,pytorch/pytorch
e8a7a7bd360d78e9,2913,1969,1721,1708,944,0,1524,944,57,0.0,0,1361,1361,1361,1,vosen/ZLUDA
a5cd637371d88ae5,965,905,763,762,60,0,763,60,0,0.0,0,604,604,604,1,vosen/ZLUDA
8c765322402bb338,66,1,0,0,65,0,0,65,35,0.0,0,0,0,0,0,vosen/ZLUDA
6a49b1ff1c2bdd67,154,5,5,4,149,0,4,149,0,0.0064935064935065165,0,3,3,3,0,vosen/ZLUDA
d4de5cb1f07ffd2a,1556,1010,941,939,546,1,939,546,7,0.0012853470437018334,0,764,762,762,1,vosen/ZLUDA
c2937f0ceb036043,219,0,0,0,219,2,0,219,2,0.0,0,0,0,0,0,vosen/ZLUDA
22a08c027071de6f,75,3,0,0,72,0,0,72,0,0.0,0,0,0,0,0,vosen/ZLUDA
f7e387dc0f5ae532,140,2,2,0,138,0,0,138,0,0.014285714285714315,0,1,0,0,0,vosen/ZLUDA
973ee3cd33434fdd,77,0,0,0,77,1,0,77,6,0.0,0,0,0,0,0,vosen/ZLUDA
135281cebc079081,386,1,0,0,385,0,0,385,3,0.0,0,0,0,0,0,vosen/ZLUDA
adc3754a262f6847,199,1,1,0,198,0,0,198,0,0.005025125628140701,0,1,0,0,0,vosen/ZLUDA
15cdcb291297acd8,1152,904,775,773,248,8,775,248,20,0.0,0,615,615,615,1,vosen/ZLUDA
48a5291125cbae82,3,0,0,0,3,0,0,3,0,0.0,0,0,0,0,0,vosen/ZLUDA
6098a964878fe6bd,4899,1,0,0,4898,224,0,4898,278,0.0,0,0,0,0,0,vosen/ZLUDA
e107e7d448341f82,1,1,0,0,0,0,0,0,0,0.0,0,0,0,0,0,vosen/ZLUDA
28b12a1c5810a76b,935,881,831,830,54,0,830,54,3,0.0010695187165775527,0,637,636,637,1,vosen/ZLUDA
e77b561edfdd7040,441,1,0,0,440,8,0,440,13,0.0,0,0,0,0,0,vosen/ZLUDA
0934c6b2aaaea06c,312,13,13,6,299,5,5,299,71,0.022435897435897446,0,10,5,5,0,vosen/ZLUDA
6b97b4d5bac4a088,217,38,35,31,179,1,31,179,3,0.018433179723502318,0,33,31,32,0,vosen/ZLUDA
d27e175f12592953,162,6,5,4,156,0,4,156,6,0.006172839506172853,0,3,3,3,0,vosen/ZLUDA
2896987e4415296e,1,1,0,0,0,0,0,0,0,0.0,0,0,0,0,0,vosen/ZLUDA
626198e07b1d8ead,582,9,7,0,573,125,0,573,129,0.010309278350515462,0,6,0,0,0,vosen/ZLUDA
5aeea6cf15dade0c,7,0,0,0,7,0,0,7,0,0.0,0,0,0,0,0,vosen/ZLUDA
5f1fc9d3a30b2e0e,1,1,0,0,0,0,0,0,0,0.0,0,0,0,0,0,vosen/ZLUDA
93ea4cba66cec549,173,0,0,0,173,0,0,173,8,0.0,0,0,0,0,0,vosen/ZLUDA
957449fcbc672b16,63,63,52,52,0,0,50,0,0,0.0,0,52,52,52,1,pythonnet/pythonnet
f4b34e6bf123c03a,50,50,40,40,0,0,38,0,0,0.0,0,26,26,26,1,pythonnet/pythonnet
79cc86197925ed9e,52,48,38,38,4,0,36,4,0,0.0,0,24,24,24,1,pythonnet/pythonnet
492a21d74d467c94,6,1,1,0,5,0,0,5,0,0.16666666666666663,0,1,0,1,0,pythonnet/pythonnet
d58d8cd7c770f855,55,55,45,45,0,0,43,0,0,0.0,0,29,29,29,1,pythonnet/pythonnet
78324810b35fc8c6,196,1,1,0,195,0,0,195,0,0.005102040816326505,0,1,0,1,0,pythonnet/pythonnet
16c8bbcf8ddc8075,353,9,6,0,344,45,0,344,49,0.022363415621206,0,6,0,0,0,scipy/scipy
166b0df4e7377286,915,14,14,1,901,72,1,901,243,0.014207650273224052,0,13,1,3,0,scipy/scipy
20845ab2ead231a2,456,4,4,1,452,43,1,452,58,0.006578947368421052,0,4,1,4,0,scipy/scipy
6702c5a633fa6d73,479,2,2,0,477,7,0,477,8,0.004175365344467624,0,2,0,0,0,scipy/scipy
1f123d25a2667010,316,3,3,0,313,7,0,313,7,0.00949367088607591,0,3,0,0,0,scipy/scipy
5c9e089c634f6e1f,642,11,10,0,631,10,0,631,70,0.01713395638629286,0,10,0,0,0,scipy/scipy
bfd19b0dbbdad6d9,136,5,5,0,131,25,0,131,25,0.036764705882352935,0,5,0,0,0,scipy/scipy
a30c887751460d87,100,0,0,0,100,0,0,100,0,0.0,0,0,0,0,0,scipy/scipy
a661334004a3e389,44,1,1,0,43,0,0,43,0,0.022727272727272728,0,1,0,0,0,scipy/scipy
3b9d5945dccca9a6,88,2,2,0,86,1,0,86,1,0.022727272727272717,0,2,0,0,0,scipy/scipy
65a061134f30a64d,1242,0,0,0,1242,0,0,1242,0,0.0,0,0,0,0,0,scipy/scipy
23f4b481ad113820,1,0,0,0,1,0,0,1,0,0.0,0,0,0,0,0,scipy/scipy
86ae9576dc3ca27d,614,1,1,0,613,27,0,613,225,0.0016286644951140064,0,1,0,1,0,scipy/scipy
7079afc316f436b8,145,1,0,0,144,0,0,144,3,0.0,0,0,0,0,0,scipy/scipy
fa9475e16871b50a,725,4,4,2,721,0,2,721,0,0.002758620689655164,0,4,2,4,0,scipy/scipy
71591ddb084bf377,195,3,3,0,192,2,0,192,5,0.015384615384615385,0,2,0,0,0,scipy/scipy
e82b4536762705a0,3222,4,4,1,3218,108,1,3218,161,0.0009310986964618264,0,3,1,1,0,scipy/scipy
b65f85e6dd5881e4,1058,8,8,7,1050,115,7,1050,223,0.000945179584120984,0,8,7,7,0,scipy/scipy
e9712df463b5f79b,198,1,0,0,197,1,0,197,1,0.0011280315848843686,0,0,0,0,0,scipy/scipy
616027735837d1e8,1002,4,4,0,998,36,0,998,36,0.003992015968063871,0,4,0,0,0,scipy/scipy
550de5d74a083ef2,454,5,5,0,449,3,0,449,5,0.011013215859030864,0,5,0,2,0,scipy/scipy
364b284e93cab553,1014,7,6,6,1007,117,6,1007,158,0.0,0,2,2,2,0,scipy/scipy
181a561ce603cd7c,1741,1,1,0,1740,200,0,1740,333,0.0005743825387708058,0,1,0,0,0,scipy/scipy
771f65b1a0657821,153,1,1,0,152,3,1,152,36,0.00653594771241829,0,1,0,0,0,scipy/scipy
2e7fd7668600b32f,373,0,0,0,373,6,0,373,19,0.0,0,0,0,0,0,scipy/scipy
89c7e7a9ece66e05,573,1,1,0,572,12,0,572,73,0.0017452006980802708,0,1,0,0,0,triton-lang/triton
b64c944fca55aae2,148,6,6,0,142,45,1,142,42,0.06081081081081081,1,6,1,4,0,triton-lang/triton
aed11edc08eb4334,149,1,1,0,148,7,0,148,17,0.00671140939597315,0,1,0,0,0,triton-lang/triton
520fd74743366c64,1546,40,40,0,1506,0,0,1506,77,0.025873221216041405,0,40,0,40,0,triton-lang/triton
f0e7e61833e691ba,795,65,64,8,730,136,8,730,205,0.08427672955974841,0,61,7,51,0,triton-lang/triton
1e6a363bbde51673,321,25,3,1,296,15,1,296,65,0.012461059190031182,0,3,1,3,0,triton-lang/triton
453f967d05bb3512,761,0,0,0,761,0,0,761,76,0.0,0,0,0,0,0,triton-lang/triton
a5f52a5e84371a0f,1746,2,2,0,1744,30,0,1744,315,0.0011454753722794954,0,2,0,0,0,triton-lang/triton
1d96a0ed47356918,3899,40,11,1,3859,82,1,3859,410,0.00777990503434018,0,11,1,1,0,triton-lang/triton
8aa2ceb7e2211c1e,29,0,0,0,29,0,0,29,2,0.0,0,0,0,0,0,triton-lang/triton
34ef7ab73ab845a5,57,1,1,1,56,2,1,56,2,0.0,0,0,0,0,0,triton-lang/triton
89726cb6a44ae01f,175,10,10,6,165,15,4,165,19,0.022857142857142826,0,9,5,7,0,triton-lang/triton
c8636c7e4e8a1713,916,1,1,0,915,36,0,915,75,0.0010917030567685602,0,1,0,0,0,triton-lang/triton
52d9c9f79e62dcf4,442,45,45,9,397,23,9,397,37,0.08597285067873305,0,45,9,21,0,triton-lang/triton
a28ba3a22fe48841,2044,10,0,0,2034,884,0,2034,930,0.004834754152511304,0,0,0,0,0,triton-lang/triton
9df95854a7077fa3,4,1,1,1,3,0,1,3,0,0.0,0,1,1,1,1,triton-lang/triton
593c444c9fdaf7a4,794,0,0,0,794,0,0,794,107,0.0,0,0,0,0,0,triton-lang/triton
ccf93245d00f2a24,169,6,6,0,163,2,0,163,10,0.03550295857988164,0,6,0,0,0,triton-lang/triton
6f55a62fcb89f319,768,0,0,0,768,14,0,768,432,0.0,0,0,0,0,0,triton-lang/triton
00e5b15068049beb,1659,12,11,0,1647,133,1,1647,203,0.008416278209074155,0,11,1,1,0,triton-lang/triton
c693279643b8cd5d,23,15,15,15,8,1,15,8,1,0.0,0,11,11,11,1,triton-lang/triton
d8e14ece0db2bfee,231,25,25,0,206,2,0,206,4,0.11255411255411257,0,25,0,0,0,triton-lang/triton
eca12c0a30e25b4b,72,0,0,0,72,0,0,72,0,0.0,0,0,0,0,0,triton-lang/triton
7024778cd3cdb351,14,0,0,0,14,0,0,14,1,0.0,0,0,0,0,0,triton-lang/triton
bd47de59d0ee3c63,367,1,1,0,366,0,0,366,34,0.0027247956403269762,0,1,0,1,0,triton-lang/triton
14e3151c3a80877e,21,13,1,1,8,1,1,8,1,0.0,0,1,1,1,0,web-infra-dev/rspack
5f5bb1aeb2a977ff,1007,655,603,399,352,12,394,352,24,0.169811320754717,0,488,325,485,1,web-infra-dev/rspack
81d2c1c7ff7508da,1,1,1,0,0,0,0,0,0,1.0,1,1,0,1,1,web-infra-dev/rspack
02ed8f924cfa616b,3,1,1,0,2,0,0,2,0,0.3333333333333333,1,1,0,1,1,web-infra-dev/rspack
2f1abdd18c031375,14,10,10,5,4,0,5,4,0,0.3571428571428571,0,8,4,8,1,web-infra-dev/rspack
68f9eb14e3c80f79,35,30,30,22,5,0,22,5,0,0.2,0,22,15,22,1,web-infra-dev/rspack
55e0fbd74437dff4,1462,820,759,421,642,57,390,642,106,0.2352603632906372,0,587,279,583,1,web-infra-dev/rspack
ad5f808e961b59ef,1,1,1,0,0,0,0,0,0,1.0,1,1,0,1,1,web-infra-dev/rspack
f1052557174ed746,26,15,0,0,11,0,0,11,0,0.0,0,0,0,0,0,web-infra-dev/rspack
6e63fc8b55d49de9,3,2,0,0,1,1,0,1,1,0.6666666666666667,1,0,0,0,0,web-infra-dev/rspack
6c7dfded2d3ca5b1,1,1,1,0,0,0,0,0,0,1.0,1,1,0,1,1,web-infra-dev/rspack
a06022fb45b4c11e,29,23,23,16,6,0,13,6,0,0.24137931034482762,0,19,12,19,1,web-infra-dev/rspack
2368b775a438d2b7,25,10,10,3,15,1,3,15,1,0.28,0,10,3,10,1,web-infra-dev/rspack
2e9d962a08321605,634,1,1,0,633,58,0,633,57,0.0015772870662460517,0,1,0,0,0,web-infra-dev/rspack
2f6d1eaf77027fb4,12,9,9,9,3,0,9,3,0,0.0,0,9,9,9,1,web-infra-dev/rspack
79259c077781949a,174,6,6,0,168,0,0,168,58,0.03448275862068969,0,6,0,6,0,web-infra-dev/rspack
73cccae2d16ab668,1,1,0,0,0,0,0,0,0,0.0,0,0,0,0,0,web-infra-dev/rspack
49e4012d1efd271e,10,4,0,0,6,0,0,6,0,0.0,0,0,0,0,0,web-infra-dev/rspack
26ffad65f34ba37b,19,11,11,7,8,0,7,8,0,0.2105263157894737,0,10,7,10,1,web-infra-dev/rspack
38d93be90842a004,1,1,0,0,0,0,0,0,0,0.0,0,0,0,0,0,web-infra-dev/rspack
47d72e50b0a0c7c1,1,1,1,0,0,0,0,0,0,1.0,1,1,0,1,1,web-infra-dev/rspack
f4d3fa8648584ab3,8,4,4,1,4,0,1,4,0,0.375,0,4,1,4,1,web-infra-dev/rspack
bc1f37c8c35f8ac3,1,1,1,0,0,0,0,0,0,1.0,1,1,0,1,1,web-infra-dev/rspack
97ee623d26a7ee2e,26,7,7,6,19,0,6,19,0,0.038461538461538505,0,6,5,6,0,web-infra-dev/rspack
0d19fff72d18d878,13,8,8,1,5,0,1,5,0,0.5384615384615384,1,7,1,7,1,web-infra-dev/rspack
e4ff2ffe0dfdb318,4,1,1,0,3,0,0,3,0,0.25,0,1,0,0,0,MaartenGr/BERTopic
1f9d8ef436373f56,82,5,4,4,77,0,4,77,0,0.0,0,4,4,4,0,MaartenGr/BERTopic
e9f5039d9cd883e0,3,1,1,1,2,0,1,2,0,0.0,0,1,1,1,0,MaartenGr/BERTopic
bcb4d780e197f55f,59,6,6,6,53,0,6,53,3,0.0,0,6,6,6,0,MaartenGr/BERTopic
f6287038145b3323,72,16,14,14,56,1,14,56,1,0.0,0,14,14,14,0,MaartenGr/BERTopic
ad107c75279b70c8,60,14,13,13,46,0,13,46,0,0.0,0,12,12,12,0,MaartenGr/BERTopic
db42751fcca9f0af,619,35,34,34,584,0,34,584,1,0.0,0,34,34,34,0,MaartenGr/BERTopic
7f672eb154214b40,22,12,11,0,10,0,0,10,0,0.5454545454545454,1,9,1,6,1,MaartenGr/BERTopic
40f238ce0bf63148,28,0,0,0,28,0,0,28,2,0.0,0,0,0,0,0,MaartenGr/BERTopic
a346c20b0ae16a1a,360,20,19,19,340,0,19,340,27,0.0,0,19,19,19,0,MaartenGr/BERTopic
7942670b059cde6b,188,19,15,8,169,14,6,169,27,0.08475948196114706,0,15,12,12,0,MaartenGr/BERTopic
8f1c3244e1a416cd,140,13,11,11,127,1,11,127,1,0.0,0,11,11,11,0,MaartenGr/BERTopic
034971b2c4dae906,34,17,14,0,17,0,0,17,0,0.47058823529411764,0,12,5,9,0,MaartenGr/BERTopic
1a257c6da8805341,88,12,12,12,76,0,12,76,0,0.0,0,11,11,11,0,MaartenGr/BERTopic
31631c456b588f22,144,7,6,6,137,0,4,137,1,0.0,0,6,6,6,0,MaartenGr/BERTopic
7fd404969c13c932,107,17,12,12,90,0,12,90,0,0.0,0,12,12,12,0,MaartenGr/BERTopic
a95596ac7adbae19,330,113,106,33,217,3,33,217,3,0.24183319260718641,0,99,43,59,0,MaartenGr/BERTopic
b4d68dc855d0f947,275,22,20,20,253,2,19,253,16,0.0,0,20,20,20,0,MaartenGr/BERTopic
db3a1907e809bfb4,46,18,17,17,28,0,17,28,0,0.0,0,17,17,17,0,MaartenGr/BERTopic
c693279643b8cd5d,21,1,1,1,20,0,1,20,0,0.0,0,1,1,1,0,MaartenGr/BERTopic
205e60e9e382162f,3,1,1,1,2,0,1,2,0,0.0,0,1,1,1,1,MaartenGr/BERTopic
eca12c0a30e25b4b,64,18,13,7,46,0,7,46,0,0.17187500000000003,0,13,7,7,0,MaartenGr/BERTopic
09288eef2fd8df84,89,3,3,3,86,0,3,86,0,0.0,0,3,3,3,0,MaartenGr/BERTopic
dd64def377767199,78,12,11,3,66,0,3,66,0,0.11538461538461538,0,10,4,7,0,MaartenGr/BERTopic
020eae0e40f94f24,40,19,17,1,21,0,1,21,0,0.44999999999999996,0,13,1,7,0,MaartenGr/BERTopic
c6f3f9828f4520e9,48,10,8,0,38,0,0,38,0,0.20833333333333331,0,7,0,7,0,grpc/grpc
342113b27ff189bb,76,23,20,0,53,0,0,53,0,0.3026315789473684,0,16,0,7,0,grpc/grpc
56c18e918fe09b61,19,1,1,0,18,0,0,18,12,0.052631578947368446,0,1,0,1,0,grpc/grpc
0293416f8a21f623,111,24,22,0,87,9,0,87,16,0.21621621621621626,0,16,0,10,0,grpc/grpc
d69a1fd5a7d71c28,71,11,11,0,60,0,0,60,0,0.1549295774647887,0,9,0,4,0,grpc/grpc
748470446e8b6017,98,34,34,26,64,15,26,64,15,0.08163265306122448,0,28,23,23,1,grpc/grpc
b5f8acdc0e580578,110,40,34,2,70,1,2,70,1,0.3181818181818182,0,28,7,17,0,grpc/grpc
cfe9c7188879e15c,72,15,15,0,57,14,0,57,14,0.2083333333333333,0,15,0,10,0,grpc/grpc
8ab29fc4c6dc983a,47,8,8,0,39,0,0,39,0,0.17021276595744683,0,8,0,4,0,grpc/grpc
655fbbccbc6c6e08,46,18,17,4,28,4,4,28,4,0.3043478260869565,0,16,3,16,1,grpc/grpc
dd0f18ac07600328,95,9,9,0,86,0,0,86,26,0.09473684210526315,0,9,0,9,0,grpc/grpc
3fb08b8cbf0eddf0,2361,311,256,56,2050,565,48,2050,718,0.10927573062261754,0,209,56,113,0,grpc/grpc
9326a8f1bb9442fb,85,18,16,7,67,0,7,67,4,0.12941176470588237,0,12,7,10,0,grpc/grpc
fb331e9c10594130,520,173,139,0,347,0,1,347,17,0.3147282358360203,0,110,0,51,0,grpc/grpc
8a73926f31576969,162,59,46,4,103,17,4,103,20,0.3271604938271605,0,42,10,31,1,grpc/grpc
4e2cf0fbc3c600de,75,10,10,0,65,0,0,65,12,0.1333333333333333,0,8,0,5,0,grpc/grpc
a404193b361ae0eb,21,2,2,0,19,0,0,19,0,0.09523809523809523,0,2,0,2,0,grpc/grpc
4f51b68397d5aa1a,392,106,93,0,286,0,0,286,14,0.27040816326530615,0,75,0,33,0,grpc/grpc
37e538879b60f6f1,39,4,4,0,35,0,0,35,0,0.10256410256410255,0,4,0,0,0,grpc/grpc
7c094e26f12eb913,52,7,7,0,45,0,0,45,0,0.13461538461538458,0,5,0,3,0,grpc/grpc
fe9bd9f6eec3c8ce,205,15,15,0,190,32,0,190,36,0.07317073170731708,0,15,0,15,0,grpc/grpc
780a183115fe36a0,67,11,11,0,56,0,0,56,14,0.16417910447761197,0,9,0,7,0,grpc/grpc
0d0516dd6e8def81,79,23,21,2,56,7,2,56,7,0.31645569620253167,0,19,3,12,0,grpc/grpc
e08e84c84dd0cf35,129,25,25,0,104,0,0,104,0,0.19379844961240306,0,22,0,2,0,grpc/grpc
8b6c4a07685227ab,402,153,147,8,249,177,8,249,177,0.3582089552238806,0,93,5,50,0,grpc/grpc
1c626b558c18600e,22,5,0,0,17,0,0,17,0,0.0,0,0,0,0,0,grokability/snipe-it
38d5856d47f9d72d,10,7,0,0,3,0,0,3,0,0.0,0,0,0,0,0,grokability/snipe-it
2afa2cb9b36b31af,465,48,0,0,417,0,0,417,0,0.0,0,0,0,0,0,grokability/snipe-it
b9054b7d1772f7a9,9,5,0,0,4,0,0,4,0,0.0,0,0,0,0,0,grokability/snipe-it
2905d009b5cddc83,19,14,0,0,5,0,0,5,0,0.0,0,0,0,0,0,grokability/snipe-it
6dee55498840676d,661,329,0,0,332,0,0,332,21,0.0,0,0,0,0,0,grokability/snipe-it
ccad8b4ee6013765,125,0,0,0,125,2,0,125,14,0.0,0,0,0,0,0,grokability/snipe-it
e452dd3b606af3cd,32,3,1,1,29,1,1,29,1,0.0,0,1,1,1,0,grokability/snipe-it
2ef81389dfdc7f52,92,42,0,0,50,0,0,50,0,0.0,0,0,0,0,0,grokability/snipe-it
6e7846dfb0d17a1d,16,13,0,0,3,0,0,3,0,0.0,0,0,0,0,0,grokability/snipe-it
41d2413d00b9d07e,44,37,0,0,7,0,0,7,0,0.0,0,0,0,0,0,grokability/snipe-it
b148f0263836f436,45,21,0,0,24,0,0,24,0,0.0,0,0,0,0,0,grokability/snipe-it
3a2470ffaf50df2d,36,24,0,0,12,0,0,12,0,0.0,0,0,0,0,0,grokability/snipe-it
145b9e902203abf8,36,1,0,0,35,0,0,35,1,0.0,0,0,0,0,0,grokability/snipe-it
34f084ac50ee99cd,24,15,0,0,9,0,0,9,0,0.0,0,0,0,0,0,grokability/snipe-it
67780fed8928d139,92,42,0,0,50,0,0,50,0,0.0,0,0,0,0,0,grokability/snipe-it
5264360ed5d8c74d,26,22,0,0,4,0,0,4,0,0.0,0,0,0,0,0,grokability/snipe-it
e4dd35059f3159b7,9,7,0,0,2,0,0,2,0,0.0,0,0,0,0,0,grokability/snipe-it
d13a4279321cf7f9,18,14,0,0,4,0,0,4,0,0.0,0,0,0,0,0,grokability/snipe-it
fa9ea4162a6e4fa9,33,1,0,0,32,0,0,32,0,0.0,0,0,0,0,0,grokability/snipe-it
15821376637e12f0,68,4,4,0,64,0,0,64,0,0.05882352941176471,0,4,0,0,0,grokability/snipe-it
3ff17ba47f984985,11,8,0,0,3,0,0,3,0,0.0,0,0,0,0,0,grokability/snipe-it
45a94dfa98b0643c,27,15,0,0,12,0,0,12,0,0.0,0,0,0,0,0,grokability/snipe-it
55d9fa12bb9b56cd,35,16,0,0,19,0,0,19,0,0.0,0,0,0,0,0,grokability/snipe-it
f1a91be181c464e3,135,7,2,2,128,8,2,128,10,0.0,0,2,2,2,0,grokability/snipe-it
477731d4b7c7ee69,141,10,0,0,131,6,0,131,6,0.03546099290780143,0,0,0,0,0,Kong/insomnia
263c43b949febd05,64,2,2,0,62,2,0,62,4,0.03125,0,2,0,2,0,Kong/insomnia
c3a5c1a571c77a8b,32,2,2,2,30,0,2,30,0,0.0,0,2,2,2,0,Kong/insomnia
8888271f91b24bbc,188,164,163,160,24,0,160,24,0,0.015957446808510634,0,144,142,142,1,Kong/insomnia
69e2851c46bc0000,48,3,3,0,45,1,0,45,1,0.0625,0,3,0,0,0,Kong/insomnia
730fe77823ab6558,91,1,1,0,90,0,0,90,1,0.010989010989010992,0,1,0,0,0,Kong/insomnia
24f63701b6c107ef,264,5,2,0,259,1,0,259,11,0.0075757575757575725,0,2,0,0,0,Kong/insomnia
2a4733759fd7125e,21,1,0,0,20,4,0,20,4,0.0,0,0,0,0,0,Kong/insomnia
8c272a8e20b5db06,99,30,13,12,69,20,12,69,20,0.010101010101010076,0,10,9,10,0,Kong/insomnia
726d428071c9ccd3,46,3,3,0,43,0,0,43,0,0.06521739130434787,0,0,0,0,0,Kong/insomnia
51d128990555fbc4,30,1,0,0,29,0,0,29,0,0.0,0,0,0,0,0,Kong/insomnia
10165b03887d502a,251,0,0,0,251,0,0,251,34,0.0,0,0,0,0,0,Kong/insomnia
f4d907244f2ed08c,80,26,26,14,54,18,14,54,18,0.09999999999999998,0,17,13,14,0,Kong/insomnia
0fc789e9f1623dbb,111,87,86,1,24,0,1,24,0,0.7747747747747747,1,61,1,1,1,Kong/insomnia
f5d97e56c8804468,37,1,1,0,36,0,0,36,0,0.027027027027027056,0,1,0,0,0,Kong/insomnia
c6d47dacf31662f6,362,0,0,0,362,3,0,362,58,0.0,0,0,0,0,0,Kong/insomnia
db8f19b2163bf7e2,71,10,6,0,61,0,0,61,0,0.08450704225352108,0,4,0,0,0,Kong/insomnia
c8e08c23e069db04,276,52,52,10,224,2,17,224,3,0.14855072463768115,0,44,9,26,0,Kong/insomnia
4126a02a5c455662,152,17,15,0,135,14,0,135,30,0.09210526315789472,0,8,0,5,0,Kong/insomnia
d1900121e68f4502,72,2,2,0,70,0,0,70,0,0.027777777777777783,0,2,0,1,0,Kong/insomnia
24cc51d90ffe4ee0,106,1,1,0,105,0,0,105,0,0.009433962264150941,0,1,0,1,0,Kong/insomnia
bc6449752d0c6f8c,161,57,48,42,104,0,30,104,10,0.0372670807453416,0,39,35,37,1,Kong/insomnia
190346f7edbf5a9f,466,207,198,2,259,0,4,259,0,0.43991416309012876,0,145,2,12,0,Kong/insomnia
8218bb1e8dac71f0,87,1,1,0,86,7,0,86,10,0.011494252873563218,0,0,0,0,0,Kong/insomnia
4541d2a58366e87d,736,2,0,0,734,25,0,734,67,0.0,0,0,0,0,0,Kong/insomnia
1b995c55c487d04d,193,2,2,2,191,0,2,191,142,0.0,0,2,2,2,0,OSGeo/gdal
b93718525fb0c120,775,3,3,2,772,32,2,772,86,0.0,0,3,3,3,0,OSGeo/gdal
04698cbe568e37da,67,1,1,1,66,0,1,66,0,0.0,0,1,1,1,0,OSGeo/gdal
cb7037d0443d387c,3127,1045,1001,383,2082,38,397,2082,80,0.1918071120801175,0,985,404,412,0,OSGeo/gdal
984ad17b20c9f46a,2661,748,747,336,1913,15,339,1913,45,0.16009019165727167,0,743,328,328,0,OSGeo/gdal
46b2478bd1ba92c9,241,65,61,48,176,4,47,176,7,0.04564315352697093,0,61,50,52,0,OSGeo/gdal
ec927dabf2a4067a,880,1,1,1,879,0,1,879,32,0.0,0,1,1,1,0,OSGeo/gdal
5fe2c79d0c7a7793,157,1,1,1,156,0,1,156,7,0.0,0,1,1,1,0,OSGeo/gdal
3718f3ab37a88da8,31,4,4,4,27,0,4,27,2,0.0,0,4,4,4,0,OSGeo/gdal
bfbaf8cd6eb7c6eb,2562,10,10,10,2552,0,10,2552,0,0.0,0,10,10,10,0,OSGeo/gdal
2fd8f3dff7faa140,247,57,57,11,190,0,11,190,0,0.18623481781376516,0,46,11,22,0,OSGeo/gdal
7770bfe76672b7bf,1092,785,609,352,307,30,358,307,34,0.18131868131868134,0,583,137,139,1,OSGeo/gdal
09cfaa68ffc3fe81,117,3,3,3,114,0,3,114,52,0.0,0,3,3,3,0,OSGeo/gdal
79dbf202641ecc8d,4027,1359,1354,651,2668,51,676,2668,85,0.17233672709212813,0,1337,659,707,0,OSGeo/gdal
e885e357ab795db5,598,135,135,94,463,2,93,463,2,0.03846153846153846,0,129,106,110,0,OSGeo/gdal
c55cb88bdf9bb077,1329,50,50,34,1279,2,34,1279,12,0.013544018058690755,0,48,34,34,0,OSGeo/gdal
c4d470afa032f50f,729,196,177,87,533,103,86,533,106,0.06858710562414264,1,173,98,98,1,OSGeo/gdal
86f35511587120a6,64,20,20,14,44,0,14,44,0,0.09375,0,20,14,14,0,OSGeo/gdal
27baa0a764375b0c,830,738,664,361,92,4,361,92,4,0.4590361445783132,0,489,292,387,1,OSGeo/gdal
74ab0085a8c9c7f0,319,65,64,48,254,1,48,254,4,0.053291536050156754,0,64,48,49,0,OSGeo/gdal
a7b36ef90ef32b1a,134,82,73,50,52,5,50,52,5,0.052238805970149245,0,70,23,23,1,OSGeo/gdal
b5927e7257c3c122,1739,6,6,6,1733,0,6,1733,388,0.0,0,6,6,6,0,OSGeo/gdal
1d960fcf46345b7e,1165,167,167,130,998,72,127,998,171,0.027467811158798296,0,163,133,134,0,OSGeo/gdal
cad56eb43908ce8c,161,3,3,3,158,0,3,158,79,0.0,0,3,3,3,0,OSGeo/gdal
b3de9acf42ee038f,507,210,205,84,297,17,84,297,18,0.23989396951623587,0,196,86,100,0,OSGeo/gdal
33d12132e82ba6fa,16,2,2,1,14,1,1,14,2,0.125,0,1,0,0,0,matomo-org/matomo
9a5deeb72183f285,176,1,1,0,175,32,0,175,71,0.011363636363636367,0,1,0,0,0,matomo-org/matomo
faa0262bac42a3d7,250,0,0,0,250,1,0,250,4,0.0,0,0,0,0,0,matomo-org/matomo
fbb93622d2c01534,27,1,1,0,26,1,0,26,2,0.07407407407407407,0,1,0,0,0,matomo-org/matomo
7a52d13935fb74f5,263,9,8,6,254,0,6,254,9,0.007604562737642553,0,7,5,5,0,matomo-org/matomo
2005dd8ebf0343c1,1165,14,14,2,1151,18,2,1151,31,0.010286418005103016,0,13,2,2,0,matomo-org/matomo
783509f06c0033f4,118,1,1,0,117,2,0,117,11,0.016949152542372888,0,1,0,0,0,matomo-org/matomo
b9d6ee18270f080e,47,1,0,0,46,1,0,46,4,0.0,0,0,0,0,0,matomo-org/matomo
dd2372872486bc8f,439,1,1,0,438,4,0,438,6,0.004555808656036443,0,1,0,0,0,matomo-org/matomo
732c8b0c81b3c11b,1205,24,24,2,1181,44,2,1181,104,0.019087136929460582,0,22,2,2,0,matomo-org/matomo
be5f1822d5e70506,159,2,2,1,157,1,1,157,30,0.012578616352201255,0,1,0,0,0,matomo-org/matomo
8b4e659267ff90af,145,1,1,0,144,1,0,144,2,0.013793103448275876,0,1,0,0,0,matomo-org/matomo
c7490692c211ff90,37,1,1,1,36,1,1,36,1,0.0,0,0,0,0,0,matomo-org/matomo
a12106634d627463,24,5,1,0,19,1,0,19,2,0.08333333333333334,0,1,0,0,0,matomo-org/matomo
8bc027ec67f2cce4,394,15,15,9,379,9,8,379,102,0.017766497461928953,0,10,6,7,0,matomo-org/matomo
6a0e7bd7fe237c50,161,3,0,0,158,2,0,158,7,0.0,0,0,0,0,0,matomo-org/matomo
9fe037decc1ea1ed,121,3,3,0,118,1,0,118,4,0.03305785123966942,0,3,0,0,0,matomo-org/matomo
8baf5b788cc4aaa0,846,3,2,0,843,102,0,843,125,0.002364066193853415,0,2,1,1,0,matomo-org/matomo
7454a01b95e4d5ca,48,1,1,0,47,1,0,47,2,0.04166666666666667,0,1,0,0,0,matomo-org/matomo
3765eb1a7a8b2bf8,610,13,13,0,597,4,0,597,38,0.022950819672131122,0,12,0,1,0,matomo-org/matomo
2dec83e8bbd968c8,28,1,1,0,27,1,0,27,2,0.07142857142857141,0,1,0,0,0,matomo-org/matomo
f9cc6ed08019f171,23,2,2,1,21,1,1,21,2,0.08695652173913046,0,1,0,0,0,matomo-org/matomo
d02656b19e48479c,59,0,0,0,59,1,0,59,18,0.0,0,0,0,0,0,matomo-org/matomo
fcc7abbb1db287bf,51,3,3,1,48,0,1,48,1,0.039215686274509845,0,2,0,0,0,matomo-org/matomo
537defbec68cd1b4,68,2,2,0,66,0,0,66,0,0.029411764705882356,0,2,0,0,0,youki-dev/youki
bcb8b6ad74a920cb,335,4,4,0,331,24,2,331,24,0.011940298507462685,0,4,2,2,0,youki-dev/youki
0a7380156b3abb44,94,6,4,0,88,1,0,88,1,0.06382978723404252,0,4,0,0,0,youki-dev/youki
44e0aa663f1a8c2d,153,4,2,0,149,9,1,149,12,0.02614379084967321,0,2,0,0,0,youki-dev/youki
bfaed4cc9be70801,27,1,1,0,26,0,0,26,0,0.037037037037037035,0,1,0,0,0,youki-dev/youki
e9df5147f604f36c,39,3,2,0,36,0,0,36,22,0.07692307692307693,0,2,0,0,0,youki-dev/youki
6ecb1ff3546dc331,20,2,1,0,18,2,1,18,2,0.09999999999999995,0,1,1,1,0,youki-dev/youki
9dd1e88399355d1a,124,0,0,0,124,5,0,124,6,0.0,0,0,0,0,0,youki-dev/youki
11d5a973c904e379,742,9,6,0,733,38,3,733,45,0.012129380053908359,0,6,4,4,1,youki-dev/youki
e435445ee9224c84,47,2,2,0,45,13,0,45,13,0.04255319148936171,0,2,0,0,1,youki-dev/youki
637b8eb700e7a79b,220,5,4,0,215,25,3,215,25,0.0227272727272727,0,4,0,0,0,youki-dev/youki
cbe35d8b2497816b,109,2,1,0,107,0,1,107,22,0.01834862385321103,0,1,1,1,0,youki-dev/youki
f6115bc0c89935c3,190,5,3,0,185,15,0,185,22,0.02631578947368421,0,3,2,2,1,youki-dev/youki
6a9f219d8249a3b9,115,0,0,0,115,0,0,115,0,0.0,0,0,0,0,0,youki-dev/youki
2663faa18f7cf7cd,77,3,2,0,74,0,1,74,0,0.03896103896103898,0,2,1,1,0,youki-dev/youki
c4e9f9e5c96d2e06,13,4,2,0,9,0,0,9,0,0.30769230769230765,0,2,2,2,0,youki-dev/youki
fcbb7289bcda24cf,967,5,4,0,962,37,0,962,47,0.005170630816959674,0,4,2,2,0,youki-dev/youki
b7916a1b6e425d09,1109,9,8,0,1100,22,3,1100,63,0.008095887601605494,0,8,4,4,0,youki-dev/youki
d45900789a82e787,90,6,4,0,84,3,2,84,3,0.06666666666666668,0,4,3,3,0,youki-dev/youki
e7d6fcde5e4639a8,196,2,2,0,194,3,1,194,3,0.010204081632653059,0,2,2,2,0,youki-dev/youki
00c61a3b999b3f0f,15,1,0,0,14,0,0,14,1,0.06666666666666662,0,0,0,0,0,youki-dev/youki
53304acee0f58a72,61,3,3,0,58,35,1,58,36,0.049180327868852486,0,3,1,1,0,youki-dev/youki
5ba8367d8dc1aa8f,276,12,8,0,264,6,2,264,31,0.04347826086956521,0,8,2,2,0,youki-dev/youki
c5357ffc4b3f5031,32,5,3,0,27,0,2,27,0,0.15625,0,3,3,3,0,youki-dev/youki
a2fc26829f86e45b,895,4,2,0,891,8,1,891,53,0.0044692737430167715,0,2,1,1,0,youki-dev/youki
e2737b845aedd431,65,5,5,0,60,0,0,60,1,0.0769230769230769,0,5,0,4,0,lightgbm-org/LightGBM
faa65c8eca939706,101,18,18,0,83,0,0,83,0,0.17821782178217818,0,18,0,13,0,lightgbm-org/LightGBM
c4e8c1b08d9e25ea,229,24,0,0,205,0,0,205,0,0.011237530547654384,0,0,0,0,0,lightgbm-org/LightGBM
86097d7f49a0a06f,220,84,82,15,136,0,12,136,5,0.30892486508924866,0,77,15,60,1,lightgbm-org/LightGBM
da8bd23ee10ae633,313,22,21,0,291,2,0,291,88,0.0670926517571885,0,19,0,14,0,lightgbm-org/LightGBM
25c5c42e96fce8e0,1975,345,287,2,1630,380,2,1630,462,0.11608431950757817,0,275,2,190,0,lightgbm-org/LightGBM
9bd633ead0bdfe95,885,121,80,16,764,11,16,764,65,0.07763149427950017,0,72,16,45,0,lightgbm-org/LightGBM
eca12c0a30e25b4b,28,21,9,0,7,0,0,7,0,0.5892857142857143,1,9,0,0,1,lightgbm-org/LightGBM
720aa7738f87b7c0,1077,948,801,519,129,48,511,129,61,0.0,0,798,370,372,1,lightgbm-org/LightGBM
ac01365ef00b72e1,746,5,5,0,741,0,0,741,471,0.0067024128686327105,0,4,0,0,0,lightgbm-org/LightGBM
fb2881336e1c5c1a,35,0,0,0,35,0,0,35,0,0.0,0,0,0,0,0,lightgbm-org/LightGBM
5c247cff55bdfed6,49,12,9,0,37,0,0,37,2,0.18367346938775514,0,9,0,7,0,lightgbm-org/LightGBM
09fdb074097879f4,110,16,16,0,94,0,0,94,0,0.14545454545454545,0,16,0,15,0,lightgbm-org/LightGBM
1f8604865fbe213c,196,47,46,0,149,0,0,149,0,0.23469387755102042,0,46,0,44,0,lightgbm-org/LightGBM
98ca62132fa18e4a,2522,492,457,0,2030,381,0,2030,458,0.1835893519742317,0,431,4,286,1,lightgbm-org/LightGBM
4e93d670293def4f,631,188,183,1,443,26,1,443,62,0.2943145167415179,1,175,2,133,1,lightgbm-org/LightGBM
2a9aba66ba187e7c,50,6,3,0,44,0,0,44,0,0.05999999999999997,0,3,0,3,0,lightgbm-org/LightGBM
5324c373acdf3a75,432,60,59,7,372,0,4,372,134,0.12265296038497897,0,58,7,28,0,lightgbm-org/LightGBM
58213d9b70c6bf8b,849,128,108,0,721,4,0,721,55,0.12720848056537104,1,104,0,82,1,lightgbm-org/LightGBM
c9c0ce9e5f9886ff,266,50,44,0,216,11,0,216,13,0.16863384877287563,0,35,0,32,0,lightgbm-org/LightGBM
c51664f5025334e5,80,19,18,0,61,0,0,61,3,0.23718354430379748,0,18,0,16,0,lightgbm-org/LightGBM
a8daf43ecfcb2d3e,37,1,1,0,36,0,0,36,0,0.02702702702702703,0,1,0,1,0,lightgbm-org/LightGBM
16790b3fd460df6a,515,1,1,0,514,1,0,514,18,0.0019417475728155283,0,1,0,0,0,lightgbm-org/LightGBM
85933aa74a2d66c3,334,56,53,0,278,8,0,278,12,0.16743090395785004,0,50,0,47,0,lightgbm-org/LightGBM
dd558233c7063d57,52,21,21,0,31,0,0,31,0,0.40384615384615385,1,20,0,18,1,lightgbm-org/LightGBM
8f82af8343c10d89,69,1,1,0,68,0,0,68,5,0.014492753623188387,0,1,0,0,0,rust-lang/mdBook
46230eb6eb9a3792,36,0,0,0,36,3,0,36,3,0.0,0,0,0,0,0,rust-lang/mdBook
f78c46d2c27cad4c,11,1,0,0,10,0,0,10,5,0.0,0,0,0,0,0,rust-lang/mdBook
2ccccad6cf02ed5f,590,0,0,0,590,0,0,590,0,0.0,0,0,0,0,0,rust-lang/mdBook
a947c9d2523f34e5,1,0,0,0,1,0,0,1,0,0.0,0,0,0,0,0,rust-lang/mdBook
3248627473f9a968,73,0,0,0,73,0,0,73,2,0.0,0,0,0,0,0,rust-lang/mdBook
80991873b023d575,164,2,2,0,162,1,0,162,2,0.012195121951219518,0,1,0,1,0,rust-lang/mdBook
5663b7948fed1ad1,79,0,0,0,79,3,0,79,5,0.0,0,0,0,0,0,rust-lang/mdBook
05643f021a24da1c,189,5,3,0,184,8,1,184,14,0.015873015873015872,0,2,2,2,0,rust-lang/mdBook
c596e725ef459dd5,52,3,3,0,49,6,0,49,6,0.0576923076923077,0,3,0,0,0,rust-lang/mdBook
a5924475392649a2,136,3,0,0,133,0,0,133,44,0.0,0,0,0,0,0,rust-lang/mdBook
068b6d508d3dd736,114,0,0,0,114,7,0,114,7,0.0,0,0,0,0,0,rust-lang/mdBook
d97a27b442016db4,121,1,1,0,120,6,0,120,13,0.008264462809917356,0,1,0,0,0,rust-lang/mdBook
947b4a7e074c8d6c,98,2,2,0,96,0,0,96,19,0.02040816326530613,0,2,0,0,0,wandb/wandb
a27f5f14ca758dd8,63,1,1,0,62,0,0,62,4,0.015873015873015872,0,1,0,0,0,wandb/wandb
775667ab9d0a0e88,27,0,0,0,27,1,0,27,11,0.0,0,0,0,0,0,wandb/wandb
eb82ee2552eea731,384,0,0,0,384,8,0,384,33,0.0,0,0,0,0,0,wandb/wandb
6e075c361f8ff51f,594,3,0,0,591,41,0,591,56,0.004452306482763275,0,0,0,0,0,wandb/wandb
846f61cf07e03e04,8,1,1,0,7,0,0,7,0,0.125,0,1,0,1,0,wandb/wandb
ccc1db602ebe3f9d,66,1,1,0,65,23,0,65,23,0.015151515151515145,0,0,0,0,0,wandb/wandb
b02f01ca5a53c211,855,4,4,0,851,128,0,851,128,0.008187134502923972,0,4,0,0,0,wandb/wandb
c2323fe861741853,105,2,2,0,103,0,0,103,21,0.01904761904761904,0,2,0,0,0,wandb/wandb
72c0d74c9e2f496e,377,1,1,0,376,11,0,376,19,0.0026525198938992045,0,1,0,0,0,wandb/wandb
266727d9e31ef4ab,142,3,3,0,139,8,0,139,8,0.021126760563380267,0,3,0,0,0,wandb/wandb
d67f961834769672,300,3,3,1,297,58,1,297,47,0.0033333333333333444,0,2,0,0,0,wandb/wandb
6b2aa9060721869e,66,1,1,0,65,22,0,65,22,0.015151515151515145,0,0,0,0,0,wandb/wandb
eca12c0a30e25b4b,426,1,0,0,425,72,0,425,73,0.0,0,0,0,0,0,wandb/wandb
1b9224bdfd3b943c,143,1,1,0,142,3,0,142,2,0.006993006993007006,0,1,0,0,0,wandb/wandb
b0a40e74f956d3be,58,1,1,0,57,4,0,57,4,0.017241379310344817,0,1,0,0,0,wandb/wandb
8af34d3b585feb5a,57,2,2,0,55,0,0,55,22,0.03508771929824561,0,2,0,0,0,wandb/wandb
1d160634e762eaf2,533,73,7,0,460,0,0,460,34,0.013133208255159465,0,6,0,3,0,wandb/wandb
9a9e11a7efe515a3,59,0,0,0,59,0,0,59,0,0.0,0,0,0,0,0,wandb/wandb
f774d8877628596a,75,1,1,0,74,29,0,74,29,0.013333333333333336,0,0,0,0,0,wandb/wandb
7c79960cdaa941de,251,4,4,0,247,11,0,247,94,0.01593625498007973,0,4,0,0,0,wandb/wandb
2025882e57767165,151,1,1,0,150,1,0,150,1,0.006622516556291407,0,1,0,0,0,wandb/wandb
0cb4762f86f688d1,725,4,4,0,721,11,0,721,19,0.005517241379310329,0,4,0,0,0,wandb/wandb
89dca8299b74591c,558,1,1,0,557,3,0,557,7,0.00179211469534051,0,1,0,1,0,wandb/wandb
5d3b5da9d2db6b57,11,2,0,0,9,0,0,9,0,0.1616161616161616,0,0,0,0,0,wandb/wandb
05f00748acdd407c,346,57,0,0,289,0,0,289,1,0.0003024600080655769,0,0,0,0,0,sqlalchemy/sqlalchemy
4388819a7e029a42,107,17,14,0,90,1,0,90,10,0.1534867002156722,0,13,0,3,0,sqlalchemy/sqlalchemy
b9357182233e9de0,234,0,0,0,234,0,0,234,128,0.0,0,0,0,0,0,sqlalchemy/sqlalchemy
65826502f6ce4649,1338,775,594,14,563,58,13,563,56,0.406723338299899,0,499,47,157,1,sqlalchemy/sqlalchemy
600aa65f614dbc7e,110,0,0,0,110,0,0,110,6,0.0,0,0,0,0,0,sqlalchemy/sqlalchemy
1bee33b662869a28,2803,166,35,0,2637,31,0,2637,161,0.0068078712414074765,0,27,1,22,0,sqlalchemy/sqlalchemy
2ec609f439a913e4,2295,1,0,0,2294,143,0,2294,255,0.00040267971956777524,0,0,0,0,0,sqlalchemy/sqlalchemy
000cf04a12f00584,1226,61,0,0,1165,11,0,1165,40,0.0005711628876392478,0,0,0,0,0,sqlalchemy/sqlalchemy
b57a9d7abdb987a7,551,61,2,0,490,2,0,490,2,0.004007312517387082,0,2,0,0,0,sqlalchemy/sqlalchemy
63b94db1794199dd,198,24,7,0,174,0,0,174,5,0.01556805165052587,0,4,0,3,0,sqlalchemy/sqlalchemy
681aa4c4a18d036f,4134,856,47,0,3278,99,0,3278,107,0.014600539218908349,0,35,0,14,0,sqlalchemy/sqlalchemy
cd789017abeacb49,8,1,0,0,7,1,0,7,1,0.0,0,0,0,0,0,sqlalchemy/sqlalchemy
853ee2cd985f3320,450,0,0,0,450,21,0,450,23,0.0,0,0,0,0,0,sqlalchemy/sqlalchemy
af14231908d940e7,400,0,0,0,400,1,0,400,4,0.0,0,0,0,0,0,sqlalchemy/sqlalchemy
3021d57f758a64ce,3426,0,0,0,3426,0,0,3426,50,0.0,0,0,0,0,0,sqlalchemy/sqlalchemy
30bf327a6867e807,259,102,70,0,157,15,0,157,15,0.22729760131334933,0,54,0,13,0,sqlalchemy/sqlalchemy
7c11a8f00679f812,176,2,0,0,174,1,0,174,1,0.0002922077922077617,0,0,0,0,0,sqlalchemy/sqlalchemy
59cd911bb0035c82,2012,23,16,0,1989,4,0,1989,32,0.007669124694066676,0,16,0,13,0,sqlalchemy/sqlalchemy
d08a8852909dd0fb,1560,58,19,0,1502,22,0,1502,53,0.0038667127185408362,0,11,0,7,0,sqlalchemy/sqlalchemy
c9383b5331a4f18f,125,13,4,0,112,36,0,112,36,0.04601652892561982,0,3,0,0,0,sqlalchemy/sqlalchemy
dca8758878ba08c9,1905,45,10,0,1860,29,0,1860,85,0.002193673159276122,0,6,0,3,0,sqlalchemy/sqlalchemy
61f2e252ef189ef5,129,30,4,0,99,2,0,99,2,0.0,0,2,0,0,0,sqlalchemy/sqlalchemy
d4f8f8bc316473c3,1766,134,45,5,1632,181,5,1632,309,0.021398359970514903,0,34,0,11,0,sqlalchemy/sqlalchemy
5a8692ec652cd634,294,20,1,0,274,3,0,274,3,0.004292751583392011,0,1,0,0,0,sqlalchemy/sqlalchemy
b5aad5e22eadd5ad,699,121,15,3,578,5,3,578,22,0.018185438102803125,0,12,3,5,0,sqlalchemy/sqlalchemy
5f7bfcbe98cb3061,108,0,0,0,108,0,0,108,18,0.0,0,0,0,0,0,WordPress/gutenberg
42b6579a2c56a5b9,24,0,0,0,24,1,0,24,1,0.0,0,0,0,0,0,WordPress/gutenberg
68902db0bb0e7b42,159,1,1,1,158,0,1,158,0,0.0,0,0,0,0,0,WordPress/gutenberg
e48def1d42656e86,131,0,0,0,131,0,0,131,5,0.0,0,0,0,0,0,WordPress/gutenberg
a1f8882a425f92ab,26,0,0,0,26,0,0,26,0,0.0,0,0,0,0,0,WordPress/gutenberg
12c99d63f2f74d46,14,0,0,0,14,0,0,14,0,0.0,0,0,0,0,0,WordPress/gutenberg
11deb410b02077cf,23,0,0,0,23,12,0,23,12,0.0,0,0,0,0,0,WordPress/gutenberg
d53acbbc4bcb5077,52,0,0,0,52,0,0,52,50,0.0,0,0,0,0,0,WordPress/gutenberg
ca8cafb61bfbf1e0,35,0,0,0,35,0,0,35,1,0.0,0,0,0,0,0,WordPress/gutenberg
70b5134111147c61,269,10,10,4,259,0,4,259,43,0.022304832713754684,0,7,5,5,0,WordPress/gutenberg
7fcbeabc5b5e4aac,293,20,13,0,273,32,0,273,35,0.07167235494880544,0,12,0,0,0,WordPress/gutenberg
8706a3e1380f08c5,44,0,0,0,44,0,0,44,0,0.0,0,0,0,0,0,WordPress/gutenberg
0c282ec008f67585,260,2,2,2,258,19,2,258,70,0.0,0,0,0,0,0,WordPress/gutenberg
e2c89c62c764db57,47,0,0,0,47,0,0,47,0,0.0,0,0,0,0,0,WordPress/gutenberg
590e8f5bdc12d33c,340,0,0,0,340,0,0,340,1,0.0,0,0,0,0,0,WordPress/gutenberg
d0e299ae999a25a4,195,1,1,1,194,0,1,194,0,0.0,0,0,0,0,0,WordPress/gutenberg
d4495fec2e031d9b,55,0,0,0,55,0,0,55,2,0.0,0,0,0,0,0,WordPress/gutenberg
46ebc9a96e999c89,749,3,0,0,746,107,0,746,141,0.0013351134846462153,0,0,0,0,0,WordPress/gutenberg
aeb40aac483af708,440,0,0,0,440,0,0,440,0,0.0,0,0,0,0,0,WordPress/gutenberg
029a4634e76fe946,94,0,0,0,94,0,0,94,0,0.0,0,0,0,0,0,WordPress/gutenberg
9d917c5191fb5cb3,93,0,0,0,93,0,0,93,0,0.0,0,0,0,0,0,WordPress/gutenberg
d46972506dce4469,24,0,0,0,24,1,0,24,1,0.0,0,0,0,0,0,WordPress/gutenberg
592a33853df5367e,65,0,0,0,65,0,0,65,0,0.0,0,0,0,0,0,WordPress/gutenberg
22791145d11626fe,106,0,0,0,106,9,0,106,11,0.0,0,0,0,0,0,WordPress/gutenberg
9c030e95fc42fc04,45,0,0,0,45,0,0,45,38,0.0,0,0,0,0,0,WordPress/gutenberg
8d9ebca802ecfbc3,269,77,62,40,192,0,39,192,25,0.08178438661710033,0,53,40,53,1,vuejs/vue
a2ec7fd6607f938d,237,92,8,4,145,0,4,145,7,0.01687763713080169,0,6,3,4,0,vuejs/vue
df92ed18ace536f2,275,44,39,8,231,1,8,231,1,0.11272727272727275,0,37,8,12,0,vuejs/vue
27d05516ce5de5f0,170,20,16,7,150,1,7,150,0,0.05294117647058823,0,16,9,9,0,vuejs/vue
b1cab48d0e978b88,185,8,2,2,177,0,2,177,14,0.0,0,2,2,2,0,vuejs/vue
b7613142cd8e37bf,150,19,18,9,131,1,9,131,21,0.06666666666666665,0,10,8,10,1,vuejs/vue
9fcda906d70e70ad,97,41,22,6,56,0,6,56,2,0.1649484536082474,0,15,6,13,0,vuejs/vue
599073ae8927c0d0,30,8,6,1,22,0,1,22,0,0.16428571428571428,0,6,1,2,0,vuejs/vue
98653393a8a87f48,47,7,7,2,40,0,2,40,8,0.10638297872340421,0,6,2,2,0,vuejs/vue
666e82de9ce3eb2b,93,19,19,5,74,0,5,74,0,0.1505376344086021,0,19,5,9,0,vuejs/vue
2c35c6315dc5c9af,187,18,0,0,169,0,0,169,0,0.0,0,0,0,0,0,vuejs/vue
889ee28d85e3b6e1,203,54,32,9,149,0,9,149,3,0.11330049261083744,0,23,9,17,0,vuejs/vue
cf5e0648346a0026,54,10,10,4,44,0,4,44,2,0.11111111111111113,0,8,4,4,1,vuejs/vue
d2b65f825dad47a0,26,8,0,0,18,1,0,18,1,0.0,0,0,0,0,0,vuejs/vue
75f405ffac45e937,213,26,0,0,187,0,0,187,3,0.0,0,0,0,0,0,vuejs/vue
ca0273187453629c,81,5,4,4,76,13,4,76,13,0.0,0,4,4,4,0,vuejs/vue
9e5ae606e27a1e20,96,8,0,0,88,0,0,88,2,0.0,0,0,0,0,0,vuejs/vue
b90dc9e4bfe60aa3,21,1,1,1,20,0,1,20,0,0.0,0,1,1,1,0,vuejs/vue
6c93d405485eff17,19,6,6,1,13,0,1,13,0,0.26315789473684215,0,5,1,1,0,vuejs/vue
b9b6f9eda4dcabad,8,1,1,1,7,0,1,7,0,0.0,0,1,1,1,0,vuejs/vue
9428f9f4d24bf49a,118,9,0,0,109,0,0,109,0,0.0,0,0,0,0,0,vuejs/vue
6ff30d6b0519216b,413,58,13,3,355,0,3,355,4,0.024213075060532704,0,11,3,3,0,vuejs/vue
041c08ae45759d77,75,4,0,0,71,18,0,71,16,0.0,0,0,0,0,0,vuejs/vue
e638ed355642aaed,31,1,1,1,30,0,1,30,0,0.0,0,1,1,1,0,vuejs/vue
994f30c0f5b110df,92,49,47,17,43,0,17,43,0,0.32608695652173914,1,33,17,27,1,vuejs/vue
e6ffa5dc854b843b,239,82,70,1,157,34,1,157,46,0.016736401673640156,0,37,34,37,1,jenkinsci/docker
2f55fc8a392b4734,9,1,1,0,8,0,0,8,3,0.1111111111111111,0,1,0,1,0,wagtail/wagtail
29a8b9371adbaecf,20,6,6,0,14,0,0,14,0,0.30000000000000004,0,5,0,2,0,wagtail/wagtail
5f6146072f76b540,18,3,3,0,15,0,0,15,0,0.16666666666666663,0,3,0,3,0,wagtail/wagtail
60f1a7eb9e00ace7,17,0,0,0,17,0,0,17,0,0.0,0,0,0,0,0,wagtail/wagtail
eb05bc5734921a23,24,0,0,0,24,2,0,24,2,0.0,0,0,0,0,0,wagtail/wagtail
18bdc251b146c6aa,376,44,43,4,332,0,4,332,47,0.10633333333333338,0,28,3,3,0,wagtail/wagtail
a1afb82083d526ca,33,4,4,0,29,0,0,29,1,0.12121212121212122,0,3,0,0,0,wagtail/wagtail
81f4caa2e15b8d4b,346,3,3,2,343,41,2,343,41,0.002890173410404582,0,3,2,3,0,wagtail/wagtail
5fc6b9f5c3e692ad,14,8,8,8,6,0,3,6,1,0.0,0,7,7,7,1,wagtail/wagtail
f36a4ba0fdf7ecff,2463,572,536,1,1891,65,44,1891,565,0.2450764373959084,1,456,1,214,1,wagtail/wagtail
297d676cca3cf601,6,4,4,4,2,0,4,2,0,0.0,0,4,4,4,1,wagtail/wagtail
1f38fa0c4f34806b,101,0,0,0,101,99,0,101,99,0.09900990099009901,0,0,0,0,0,wagtail/wagtail
21744fa6f77e6199,18,3,3,0,15,0,0,15,0,0.16666666666666669,0,3,0,3,0,wagtail/wagtail
f55c61a0345d226d,26,8,7,0,18,0,0,18,0,0.30769230769230765,0,6,0,4,0,wagtail/wagtail
1430fbb992574512,13,2,2,0,11,0,0,11,0,0.15384615384615385,1,2,0,2,1,wagtail/wagtail
ed7a827e531b82c7,37,9,9,0,28,0,0,28,0,0.24324324324324323,0,8,0,3,0,wagtail/wagtail
0e8f7f8818d35e32,36,1,1,0,35,0,0,35,14,0.027777777777777783,0,1,0,1,0,wagtail/wagtail
f793bd6e7865451e,170,54,52,0,116,45,0,116,45,0.31757703081232497,1,44,0,44,0,wagtail/wagtail
f78a7a54a2eb11cb,120,4,2,0,116,12,0,116,12,0.033333333333333354,0,2,0,2,0,wagtail/wagtail
668c24087577df05,30,7,7,0,23,0,0,23,3,0.2333333333333333,0,5,0,3,0,wagtail/wagtail
a4a407d7d8e87d99,395,29,29,0,366,57,0,366,126,0.210126582278481,0,21,0,5,0,wagtail/wagtail
dfbabba1e092e043,46,19,19,11,27,0,11,27,0,0.0,0,19,19,19,1,wagtail/wagtail
ce2fed5ca878643d,758,62,61,0,696,0,0,696,196,0.08178025325632705,0,37,0,1,0,wagtail/wagtail
68488efa05703f50,1,0,0,0,1,0,0,1,0,0.0,0,0,0,0,0,wagtail/wagtail
3b2e79f79666ef26,27,0,0,0,27,0,0,27,0,0.0,0,0,0,0,0,wagtail/wagtail
beea32a63d720467,37,7,7,0,30,1,0,30,1,0.1891891891891892,0,7,0,3,0,onnx/onnx
36e393d08be1a9db,36,4,4,0,32,0,0,32,3,0.1111111111111111,1,4,0,4,1,onnx/onnx
d5a75d294f8661b8,264,113,112,0,151,0,0,151,0,0.4279870952874755,0,104,0,19,0,onnx/onnx
ad51838b156107fd,209,62,61,0,147,2,1,147,40,0.2965587044534413,0,53,1,12,0,onnx/onnx
387bfdfa0c865b2c,54,0,0,0,54,12,0,54,12,0.0,0,0,0,0,0,onnx/onnx
95a205243c1dc76c,92,8,8,0,84,0,0,84,13,0.08695652173913043,0,8,0,6,0,onnx/onnx
d6b1eecfa8350d4f,47,19,14,0,28,0,0,28,0,0.3966565349544073,1,14,0,9,1,onnx/onnx
bbffbbf385b13817,40,0,0,0,40,1,0,40,2,0.0,0,0,0,0,0,onnx/onnx
9a0b626a3e6841ee,60,40,34,5,20,0,5,20,0,0.5777777777777777,1,26,5,8,1,onnx/onnx
ea2dae79936bb99b,47,10,10,0,37,0,1,37,0,0.21276595744680848,0,10,1,5,0,onnx/onnx
b27511ba6b80430d,28,5,5,0,23,0,0,23,0,0.17857142857142858,0,5,0,3,0,onnx/onnx
759f870f0988128b,186,44,43,0,142,0,0,142,48,0.23647195582679456,1,39,0,14,1,onnx/onnx
ece0a3b35e8afdae,249,166,166,40,83,13,40,83,13,0.0,0,166,166,166,1,onnx/onnx
599c7957c8ce1153,508,46,46,3,462,92,3,462,133,0.08070866141732284,0,45,4,4,0,onnx/onnx
524dbc75b6c37df7,59,0,0,0,59,0,0,59,2,0.0,0,0,0,0,0,onnx/onnx
fdcedd0e9578ef7b,30,7,5,4,23,2,4,23,7,0.09999999999999999,0,4,3,3,0,onnx/onnx
2886929cc479d388,28,5,5,0,23,0,0,23,0,0.17857142857142858,0,5,0,3,0,onnx/onnx
b8d7ad4589cbb7b4,158,2,2,0,156,0,0,156,5,0.012658227848101274,0,2,0,2,0,onnx/onnx
8d7b707ef220cf65,114,67,52,32,47,0,31,47,3,0.08771929824561404,0,51,35,35,1,onnx/onnx
7b974bf4f349c580,475,322,308,55,153,0,55,153,24,0.5619275461380725,1,253,44,89,1,onnx/onnx
43220c5608a9f56d,316,88,76,65,228,0,64,228,21,0.034810126582278486,0,71,60,60,0,onnx/onnx
801ecec15297cdaa,75,30,29,0,45,0,0,45,0,0.39891891891891895,1,25,0,10,1,onnx/onnx
3f0599fcf88a5990,73,10,10,0,63,1,0,63,8,0.136986301369863,1,10,0,6,1,onnx/onnx
fe04de73f50360eb,27,5,5,0,22,0,0,22,0,0.18518518518518515,0,5,0,4,0,onnx/onnx
230b83ce05b64f89,90,0,0,0,90,0,0,90,0,0.0,0,0,0,0,0,onnx/onnx
dc96cbfd22ba0581,48,16,16,16,32,0,16,32,0,0.0,0,14,14,14,1,software-mansion/react-native-svg
478360aa26a523f4,826,485,335,320,341,43,254,341,79,0.026634382566585922,0,322,165,165,1,software-mansion/react-native-svg
81209cb8d4dfe8e8,18,4,4,4,14,0,4,14,0,0.0,0,4,4,4,0,software-mansion/react-native-svg
884c3bdd85dff51e,43,5,5,5,38,0,5,38,8,0.0,0,5,5,5,0,software-mansion/react-native-svg
4d4febacc93cb5d3,51,1,1,0,50,0,0,50,0,0.019607843137254923,0,1,1,1,0,software-mansion/react-native-svg
535f4dcc66f76647,203,76,0,0,127,0,0,127,60,0.0,0,0,0,0,0,software-mansion/react-native-svg
92b7c4ff8e87ac36,41,17,17,17,24,0,17,24,1,0.0,0,13,13,13,1,software-mansion/react-native-svg
fae5b77abe8fb222,297,132,106,97,165,0,69,165,36,0.030303030303030304,0,89,82,83,1,software-mansion/react-native-svg
faf2062134c5f4d9,115,74,66,64,41,0,64,41,1,0.01739130434782609,0,57,53,53,1,software-mansion/react-native-svg
d685be7e05059125,116,6,6,6,110,0,6,110,0,0.0,0,6,6,6,0,software-mansion/react-native-svg
48d0dd00d0fc3ea0,84,9,0,0,75,0,0,75,22,0.0,0,0,0,0,0,software-mansion/react-native-svg
fee99cd01fb730b2,227,147,125,108,80,3,105,80,6,0.0748898678414097,0,117,93,100,1,software-mansion/react-native-svg
78f29a4f4b970434,318,165,136,114,153,8,109,153,14,0.012578616352201255,0,120,97,98,1,software-mansion/react-native-svg
557c688997941a7b,19,3,3,3,16,0,3,16,0,0.0,0,3,3,3,0,software-mansion/react-native-svg
4c5ffadbdf601647,5,5,0,0,0,0,0,0,0,0.0,0,0,0,0,0,software-mansion/react-native-svg
028f2c537fd443c4,9,8,0,0,1,0,0,1,0,0.0,0,0,0,0,0,software-mansion/react-native-svg
789c61b5790a2fb5,39,2,2,1,37,0,1,37,0,0.02564102564102565,0,2,2,2,0,software-mansion/react-native-svg
83dd7b8333d91cdd,540,192,145,124,348,17,116,348,30,0.01296296296296298,0,127,122,124,1,software-mansion/react-native-svg
75f12870e7a4ee6e,47,36,28,28,11,0,28,11,2,0.0,0,26,24,24,1,software-mansion/react-native-svg
d237ac24a19765c6,268,141,120,90,127,1,87,127,4,0.1112389181909999,0,110,87,87,1,software-mansion/react-native-svg
eee0fcc1180c2ef3,44,19,17,14,25,2,15,25,2,0.06818181818181815,0,15,14,14,0,software-mansion/react-native-svg
70a65c5076464b32,196,131,113,86,65,0,86,65,0,0.13265306122448978,0,99,57,64,1,software-mansion/react-native-svg
f51f75320a483ccd,18,4,4,4,14,0,4,14,0,0.0,0,4,4,4,0,software-mansion/react-native-svg
0094c59d1f731958,21,3,3,2,18,0,2,18,0,0.047619047619047644,0,3,2,2,0,software-mansion/react-native-svg
e0d22137c3685e32,86,52,42,33,34,0,32,34,0,0.12790697674418605,0,36,24,24,1,software-mansion/react-native-svg
96c0d682a8e0c44b,54,51,44,32,3,0,32,3,0,0.2222222222222222,0,33,24,24,1,TryGhost/Ghost
6b96203dbe09f554,60,13,13,0,47,0,3,47,1,0.2166666666666667,1,11,3,3,1,TryGhost/Ghost
e27d5636853181a8,25,8,8,8,17,5,8,17,5,0.0,0,8,8,8,1,TryGhost/Ghost
dcb04b5f9232b3a2,13,10,0,0,3,0,0,3,0,0.0,0,0,0,0,0,TryGhost/Ghost
f3c7c1b71b9650e8,341,100,81,67,241,4,67,241,4,0.02932551319648098,0,73,21,21,0,TryGhost/Ghost
cd46deafc5756431,35,26,26,24,9,1,23,9,1,0.028571428571428574,0,23,22,23,1,TryGhost/Ghost
cbe4a4aaf671011c,1140,1074,743,467,66,42,268,66,45,0.1570175438596491,1,701,437,498,1,TryGhost/Ghost
67e724dfcffab692,338,281,214,71,57,6,72,57,7,0.28933506575597423,1,195,43,52,1,TryGhost/Ghost
85bc00bf317915d2,6,2,2,1,4,0,1,4,0,0.16666666666666666,0,2,1,2,0,TryGhost/Ghost
250eef6b237e1614,215,198,167,91,17,0,91,17,0,0.07441860465116279,0,149,90,95,1,TryGhost/Ghost
4a060a918c486f60,137,115,1,1,22,0,0,22,0,0.0003268329883429873,0,1,1,1,0,TryGhost/Ghost
2e97110f95100425,128,110,47,23,18,1,23,18,1,0.1953125,0,38,15,26,0,TryGhost/Ghost
b145073109221663,32,18,18,18,14,0,18,14,0,0.0,0,15,15,15,1,TryGhost/Ghost
d515f3e05a78598f,45,37,29,17,8,0,17,8,0,0.2666666666666666,0,23,12,20,1,TryGhost/Ghost
00702e73cb1d29bc,3114,2741,1909,889,373,77,677,373,85,0.22307950071207172,1,1729,691,861,1,TryGhost/Ghost
dbc14d50fc5cc9e9,85,75,52,26,10,0,26,10,0,0.3411764705882353,0,50,22,24,1,TryGhost/Ghost
8a84ddc7a9f8a2d4,50,21,15,15,29,0,15,29,0,0.0,0,10,10,10,0,TryGhost/Ghost
81ab66cdfa06a3bf,72,48,47,38,24,0,38,24,0,0.125,0,37,29,33,1,TryGhost/Ghost
963c52b2974807e4,436,336,312,227,100,2,223,100,2,0.17889908256880735,0,283,197,216,1,TryGhost/Ghost
cbd944f20c18c41f,38,21,21,10,17,0,10,17,0,0.2894736842105263,0,21,10,11,1,TryGhost/Ghost
e0ecacd47e13300c,74,57,56,49,17,0,33,17,4,0.10810810810810807,0,49,43,47,1,TryGhost/Ghost
5e1f71dfb04a429a,32,0,0,0,32,0,0,32,0,0.0,0,0,0,0,0,TryGhost/Ghost
d7166d3a4e057eeb,37,5,3,3,32,0,3,32,0,0.024774774774774765,0,3,3,3,0,TryGhost/Ghost
85eb735d69471e4c,64,37,34,21,27,0,21,27,0,0.234375,0,24,17,23,1,TryGhost/Ghost
12342782daa20483,72,60,60,41,12,0,40,12,0,0.26388888888888895,0,48,30,36,1,TryGhost/Ghost
dee50933e51ae370,2124,814,151,55,1310,1,55,1310,254,0.061676082862523525,0,125,51,66,0,XAMPPRocky/tokei
1f2f09d4e28ad398,1987,2,0,0,1985,2,0,1985,41,0.0,0,0,0,0,0,dbcli/mycli
1a90753e0b206fe7,117,0,0,0,117,0,0,117,1,0.0,0,0,0,0,0,dbcli/mycli
fe45ed619ecc1a0f,202,0,0,0,202,0,0,202,1,0.0,0,0,0,0,0,dbcli/mycli
61ac1cbb6c491e04,23,0,0,0,23,0,0,23,0,0.0,0,0,0,0,0,dbcli/mycli
3bd14d078188074c,3126,2,1,0,3124,21,0,3124,54,0.000319897632757523,0,1,0,0,0,dbcli/mycli
2dd115d0b651bba5,2028,0,0,0,2028,10,0,2028,26,0.0,0,0,0,0,0,dbcli/mycli
d67519d667f4000a,800,0,0,0,800,0,0,800,3,0.0,0,0,0,0,0,dbcli/mycli
80a76b105b9f7295,2650,4,4,0,2646,7,0,2646,402,0.0015094339622641869,0,4,0,0,0,dbcli/mycli
0da979a8ffa8fd30,1649,0,0,0,1649,46,0,1649,170,0.0,0,0,0,0,0,dbcli/mycli
9984a4e0e3fc8a17,143,0,0,0,143,0,0,143,4,0.0,0,0,0,0,0,dbcli/mycli
5daba37299117398,186,1,0,0,185,0,0,185,23,0.0,0,0,0,0,0,dbcli/mycli
e3deef9769e72843,2180,0,0,0,2180,83,0,2180,158,0.0,0,0,0,0,0,dbcli/mycli
ef2803eab78e0292,36,0,0,0,36,0,0,36,0,0.0,0,0,0,0,0,dbcli/mycli
aafd483bbdbecee8,397,1,1,0,396,1,0,396,1,0.002518891687657475,0,1,0,1,0,dbcli/mycli
dd549d4c0aa16691,349,1,0,0,348,10,0,348,31,0.0,0,0,0,0,0,dbcli/mycli
da8fc4b1e0d88d59,198,0,0,0,198,0,0,198,1,0.0,0,0,0,0,0,dbcli/mycli
8e9c55cacc296c33,514,0,0,0,514,4,0,514,9,0.0,0,0,0,0,0,dbcli/mycli
7580fd8ad6cc632a,775,160,160,94,615,14,93,615,26,0.09290322580645162,0,160,94,94,0,dicedb/dicedb
58d8f8ccac6ac517,374,40,40,18,334,0,12,334,119,0.05882352941176475,0,40,18,19,0,dicedb/dicedb
962cc15ef1f146d2,1275,230,227,180,1045,9,178,1045,30,0.03058823529411762,0,215,178,180,0,dicedb/dicedb
2b9201f4b1912c6c,148,23,23,13,125,0,13,125,0,0.06756756756756761,0,23,13,16,0,dicedb/dicedb
678038b2c26e76e4,160,58,58,38,102,0,38,102,0,0.125,0,58,38,38,0,dicedb/dicedb
5085da291f9e5b59,582,69,68,51,513,34,49,513,89,0.0292096219931271,0,61,45,46,0,dicedb/dicedb
d9c010ad7226e897,16,4,0,0,12,0,0,12,0,0.25,0,0,0,0,0,dicedb/dicedb
0ae7aa2e13ffeaa1,253,28,28,20,225,3,20,225,3,0.03162055335968379,0,28,20,20,0,dicedb/dicedb
46da724226abf213,186,9,9,2,177,8,2,177,5,0.037634408602150546,0,9,2,3,0,dicedb/dicedb
6fdd1aca0070b1fa,59,4,4,4,55,0,4,55,1,0.0,0,4,4,4,0,dicedb/dicedb
dd9a6c95849b3649,2401,71,67,0,2330,29,0,2330,47,0.027905039566847152,0,67,0,0,0,dicedb/dicedb
5ef8e746bffc4320,661,110,110,92,551,35,91,551,38,0.015128593040847231,0,110,100,100,0,dicedb/dicedb
55c2de0fa49d05f6,1486,264,263,166,1222,6,39,1222,799,0.06594885598923286,0,263,166,172,0,dicedb/dicedb
14d4391345129ebf,1334,205,205,127,1129,77,116,1129,174,0.04572713643178409,0,205,144,146,0,dicedb/dicedb
a5deb5bfe15717e9,131,18,18,4,113,3,4,113,14,0.08396946564885496,0,18,7,7,0,dicedb/dicedb
701347dfdfb17f76,585,1,1,0,584,76,0,584,76,0.0017094017094017033,0,1,0,0,0,dicedb/dicedb
3ae6ff83070c3e25,79,6,6,0,73,0,0,73,5,0.0759493670886076,0,6,0,0,0,dicedb/dicedb
66801c1dc81b98da,299,32,32,11,267,2,11,267,2,0.07023411371237456,0,32,11,11,0,dicedb/dicedb
118d38f26f7a1641,195,27,27,23,168,1,23,168,3,0.025641025641025668,0,27,23,24,0,dicedb/dicedb
4e23efaccac807ac,195,30,30,17,165,5,17,165,7,0.06666666666666668,0,30,17,18,0,dicedb/dicedb
e32fb7f71d7cb6c0,297,16,16,3,281,0,3,281,27,0.04377104377104378,0,16,3,3,0,dicedb/dicedb
2a05ab307f9432d9,4363,645,644,393,3718,159,352,3718,466,0.05157002062800824,0,641,416,426,0,dicedb/dicedb
2fc173fcec3e134f,1127,79,79,54,1048,46,43,1048,130,0.02129547471162381,0,78,55,57,0,dicedb/dicedb
a215154273cb4933,60,15,15,3,45,0,3,45,0,0.19999999999999998,0,12,3,6,0,dicedb/dicedb
9b0a23e99a85a122,230,30,30,28,200,13,27,200,44,0.008695652173913073,0,29,27,27,0,dicedb/dicedb
19c3dc72ac51cec0,242,36,24,0,206,0,0,206,5,0.1487603305785124,0,20,0,0,0,Flagsmith/flagsmith
659d5ff1c0e9fc56,49,0,0,0,49,0,0,49,0,0.0,0,0,0,0,0,Flagsmith/flagsmith
b785d7e861e1ffc1,144,1,0,0,143,0,0,143,0,0.0,0,0,0,0,0,Flagsmith/flagsmith
b696442e63e1d90d,35,3,0,0,32,0,0,32,0,0.0,0,0,0,0,0,Flagsmith/flagsmith
ead8d3c394e0bfa9,87,2,2,0,85,0,0,85,0,0.022988505747126423,0,2,0,0,0,Flagsmith/flagsmith
38988f4e904842d3,43,1,1,0,42,0,0,42,0,0.023255813953488393,0,1,0,0,0,Flagsmith/flagsmith
336ea06257fde76e,53,3,3,0,50,0,0,50,3,0.056603773584905655,0,3,0,0,0,Flagsmith/flagsmith
54283b9f8f6b7478,61,2,2,0,59,0,0,59,1,0.03278688524590164,0,2,0,0,0,Flagsmith/flagsmith
5790db124fc09751,277,16,16,0,261,14,0,261,35,0.057761732851985555,0,16,0,0,0,Flagsmith/flagsmith
47c3475f05ad0d86,392,17,17,0,375,2,0,375,39,0.0433673469387755,0,17,0,0,0,Flagsmith/flagsmith
a7710da686e0cf93,96,4,4,0,92,0,0,92,1,0.041666666666666644,0,4,0,0,0,Flagsmith/flagsmith
0f26526c530b80c0,37,1,1,0,36,0,0,36,5,0.027027027027027,0,1,0,0,0,Flagsmith/flagsmith
ad23b97910226cae,37,3,3,0,34,0,0,34,1,0.08108108108108109,0,3,0,0,0,Flagsmith/flagsmith
16d15d2c57a12b40,65,1,1,0,64,0,0,64,0,0.015384615384615358,0,1,0,0,0,Flagsmith/flagsmith
ce816284add5ebdd,31,4,4,0,27,0,0,27,0,0.12903225806451613,0,4,0,0,0,Flagsmith/flagsmith
230b89f36dace75a,29,7,7,0,22,0,0,22,0,0.24137931034482762,0,7,0,0,0,Flagsmith/flagsmith
9a4d991aa7d7c0a8,2825,57,54,0,2768,51,2,2768,938,0.020024585588580255,0,48,0,2,0,Flagsmith/flagsmith
22d46fff489e041e,44,3,3,0,41,0,0,41,0,0.0681818181818182,0,3,0,0,0,Flagsmith/flagsmith
da6e94c4a526ac83,37,1,1,0,36,0,0,36,0,0.027027027027027,0,1,0,0,0,Flagsmith/flagsmith
74d021cd3bb95d7c,9,2,2,0,7,0,0,7,0,0.22222222222222224,0,2,0,0,0,Flagsmith/flagsmith
5cd668e5609d5359,15,2,2,0,13,0,0,13,0,0.1333333333333333,0,2,0,0,0,Flagsmith/flagsmith
bb6fbcfa2961d48f,336,2,2,0,334,63,0,334,69,0.005952380952380931,0,2,0,0,0,Flagsmith/flagsmith
80d1e09f1f05195f,33,5,5,0,28,0,1,28,0,0.1515151515151515,0,4,1,1,0,Flagsmith/flagsmith
01661eeb526f42f3,29,2,2,0,27,0,0,27,0,0.06896551724137932,0,2,0,0,0,Flagsmith/flagsmith
83010beac9e61f84,37,6,5,0,31,3,0,31,1,0.15915915915915915,1,5,0,0,1,Flagsmith/flagsmith
83adf85c3bcf9564,375,31,29,1,344,0,3,344,14,0.07991420911528148,0,27,3,18,0,scikit-learn/scikit-learn
54f1f33fb83821d8,778,58,55,5,720,8,11,720,78,0.06789451861680074,1,48,10,20,1,scikit-learn/scikit-learn
78bfcffbb880b53b,434,90,88,1,344,11,4,344,17,0.2050477897252091,0,83,6,53,0,scikit-learn/scikit-learn
6c91010353890fba,249,12,12,0,237,0,1,237,6,0.04819277108433733,0,11,1,9,0,scikit-learn/scikit-learn
dec5f8e0a26a0b2f,1174,214,196,10,960,42,11,960,102,0.16576808709852384,0,172,12,39,1,scikit-learn/scikit-learn
26b3b3a7383ffcc7,49,42,39,0,7,0,0,7,0,0.5661047027506655,1,38,0,16,1,scikit-learn/scikit-learn
8f5a063ac739a687,910,6,6,0,904,0,2,904,19,0.006593406593406638,0,6,2,2,0,scikit-learn/scikit-learn
4ff5307ada416b42,169,37,36,1,132,0,4,132,0,0.2129120879120879,0,31,5,9,0,scikit-learn/scikit-learn
d2a096c6662ab7ce,692,124,118,1,568,8,6,568,55,0.17720217732014357,1,99,6,15,1,scikit-learn/scikit-learn
d6ffd0947e0ae3e7,878,151,140,6,727,95,7,727,121,0.17071714712120023,0,123,9,33,1,scikit-learn/scikit-learn
0da84652991851a8,214,3,1,0,211,12,0,211,12,0.013974607652971233,0,1,0,0,0,scikit-learn/scikit-learn
aeeba6d4c94551b5,97,31,28,6,66,0,7,66,0,0.25674490019741175,0,27,7,14,0,scikit-learn/scikit-learn
8045d030b0801784,62,4,3,0,58,11,3,58,11,0.06425171866737177,0,3,3,3,0,scikit-learn/scikit-learn
7a7f5d7231b7b349,700,89,76,1,611,25,1,611,57,0.12430858806404659,0,64,1,11,0,scikit-learn/scikit-learn
02eef8935158b1da,37,13,13,0,24,0,0,24,0,0.35135135135135137,0,13,5,6,0,scikit-learn/scikit-learn
4342c7f037479aa8,80,14,13,3,66,0,3,66,1,0.13702531645569618,0,12,3,8,0,scikit-learn/scikit-learn
1536fcc443eff510,2413,299,280,42,2114,2,50,2114,45,0.10556328038558378,0,240,46,91,0,scikit-learn/scikit-learn
1609827d4385bc10,242,14,10,0,228,0,6,228,2,0.057781790402111226,0,10,8,8,0,scikit-learn/scikit-learn
94aea273d6f0e245,111,47,44,1,64,0,3,64,0,0.4144144144144144,0,38,2,13,0,scikit-learn/scikit-learn
2c6845b9ea0cf07f,1016,195,190,21,821,12,18,821,153,0.15415274500183024,0,164,24,37,0,scikit-learn/scikit-learn
87736603e7d86e52,113,32,29,0,81,0,0,81,0,0.2831858407079646,0,28,1,20,0,scikit-learn/scikit-learn
7d87201202046018,613,86,83,11,527,67,12,527,72,0.12207632444575188,0,68,16,26,1,scikit-learn/scikit-learn
6b3d057d0741f26f,241,5,5,0,236,6,1,236,9,0.02074688796680498,0,2,0,0,0,scikit-learn/scikit-learn
6d2bbd0a70b39c8b,73,4,3,0,69,0,0,69,0,0.05441400304414004,0,3,0,0,0,scikit-learn/scikit-learn
33f77c2ec3ce2ab8,1080,293,247,29,787,31,32,787,105,0.2188457254246728,1,197,29,50,1,scikit-learn/scikit-learn
c40f556f3c6323f0,135,8,8,0,127,0,0,127,2,0.05925925925925926,0,8,0,8,0,asdf-vm/asdf
670c88a0e0a30940,374,64,64,0,310,3,0,310,47,0.1711229946524064,0,64,0,62,0,asdf-vm/asdf
8fe1bf99b80bbf90,49,13,12,0,36,4,0,36,4,0.2653061224489796,0,12,0,12,0,asdf-vm/asdf
5f073b7057d5d080,111,0,0,0,111,0,0,111,0,0.0,0,0,0,0,0,asdf-vm/asdf
f8479e74b5851526,72,2,2,0,70,0,0,70,4,0.02777777777777781,0,2,0,2,0,asdf-vm/asdf
a239b9ceb0047186,486,76,76,0,410,1,0,410,31,0.15637860082304528,1,76,0,62,1,asdf-vm/asdf
bbd4ebe3c9130b67,473,100,100,0,373,0,0,373,15,0.2114164904862579,0,100,0,99,0,asdf-vm/asdf
bdb4b7b60ff14436,108,29,29,0,79,1,0,79,4,0.26851851851851855,1,29,0,28,1,asdf-vm/asdf
8a288dd54e094533,85,18,17,0,67,0,0,67,3,0.211624649859944,0,17,0,5,0,asdf-vm/asdf
6931b8bbad28c980,275,18,0,0,257,0,0,257,0,0.0,0,0,0,0,0,asdf-vm/asdf
29f2d3d46ec9d4e9,120,17,16,0,103,0,0,103,21,0.14166666666666664,0,16,0,13,0,asdf-vm/asdf
eee516fd1a4ee32c,29,5,5,5,24,1,5,24,1,0.0,0,5,5,5,1,asdf-vm/asdf
bd67f33f59516bbb,107,22,22,0,85,0,0,85,0,0.20560747663551399,0,22,0,21,0,asdf-vm/asdf
a245d1d240fff6c9,235,8,8,0,227,0,0,227,0,0.034042553191489355,0,8,0,8,0,asdf-vm/asdf
14b135c2430498d9,181,3,3,0,178,3,0,178,20,0.01657458563535913,0,3,0,2,0,asdf-vm/asdf
00f86b38079ed637,101,2,2,0,99,57,0,99,62,0.019801980198019806,0,2,0,2,0,asdf-vm/asdf
2ff42778dced753e,136,1,0,0,135,0,0,135,6,0.0,0,0,0,0,0,asdf-vm/asdf
3ca4d4d81ddee181,139,3,3,0,136,0,0,136,13,0.021582733812949673,0,3,0,1,0,asdf-vm/asdf
814b7479e1f38b69,176,26,18,0,150,3,0,150,13,0.14123376623376624,1,18,0,4,1,asdf-vm/asdf
e54fd940da76a719,4,1,1,0,3,0,0,3,0,0.25,1,1,0,0,1,asdf-vm/asdf
afdab73a1be7d04c,127,53,33,0,74,1,0,74,2,0.3329681615884971,1,33,0,11,1,asdf-vm/asdf
ed438b2cd8d63876,111,6,6,0,105,0,0,105,2,0.05405405405405404,0,6,0,3,0,asdf-vm/asdf
909c7729dadc7c2e,176,9,9,0,167,0,0,167,7,0.05113636363636366,0,9,0,8,0,asdf-vm/asdf
1b23f5f094932d28,91,27,18,0,64,5,0,64,9,0.2846421870812115,0,18,0,7,0,asdf-vm/asdf
ffa327aeb34d25a9,74,10,10,0,64,2,0,64,18,0.13513513513513514,1,10,0,9,1,asdf-vm/asdf
a57f57c3897b4870,43,1,0,0,42,0,0,42,0,0.023255813953488365,0,0,0,0,0,yiisoft/yii2
27e34ee0138beb41,296,100,95,73,196,1,73,196,26,0.08326367604718123,0,80,59,60,0,yiisoft/yii2
264dd0c5b98ddb1f,306,204,157,131,102,0,112,102,7,0.08762931221053542,0,108,85,85,1,yiisoft/yii2
eeee8573b0fd1637,206,88,78,69,118,10,69,118,10,0.03850180849038644,0,44,33,33,1,yiisoft/yii2
9b0b421de41c9ea4,75,5,1,1,70,0,1,70,0,0.04957746478873237,0,0,0,0,0,yiisoft/yii2
33a152c9eef8f887,28,8,7,3,20,0,3,20,0,0.17592592592592587,0,5,3,3,0,yiisoft/yii2
a54630307e84f9b3,128,29,24,21,99,0,21,99,4,0.042174796747967445,0,20,17,19,0,yiisoft/yii2
569713e17dd895c7,582,162,157,3,420,5,3,420,87,0.27319587628865977,0,137,2,29,0,yiisoft/yii2
17a67ee593a865ff,26,3,2,0,23,0,0,23,7,0.1076923076923077,0,2,0,0,0,yiisoft/yii2
a743b192780013bf,76,40,38,38,36,0,38,36,0,0.013157894736842118,0,20,20,20,1,yiisoft/yii2
2d4f0b445dca6dce,174,31,24,1,143,1,5,143,5,0.16666666666666663,0,24,1,3,0,yiisoft/yii2
ab97b7e84f13f206,93,55,54,49,38,0,49,38,0,0.06451612903225809,0,48,43,43,1,yiisoft/yii2
1562acd9c6c78add,110,25,21,0,85,0,0,85,4,0.22727272727272724,0,17,0,6,0,yiisoft/yii2
20798cea58b52921,266,11,5,0,255,30,0,255,125,0.026086207886127533,0,5,0,0,1,yiisoft/yii2
0173d6f829bf2a25,196,33,25,25,163,11,25,163,11,0.010204081632653052,0,15,12,12,0,yiisoft/yii2
c17d45ece6d0de3e,126,20,17,4,106,2,2,106,19,0.12601626016260165,0,17,4,9,0,yiisoft/yii2
bec14177fc9657e0,110,50,49,49,60,2,20,60,9,0.00909090909090911,0,29,29,29,1,yiisoft/yii2
fe31444fa871fba8,610,66,61,7,544,2,7,544,111,0.09664002167727952,0,55,6,40,0,yiisoft/yii2
152b1a2506fda1dd,133,24,22,14,109,2,14,109,2,0.06732740943267262,0,19,12,15,0,yiisoft/yii2
574568211bcdbdf6,28,8,7,3,20,0,3,20,0,0.17857142857142855,0,5,3,3,0,yiisoft/yii2
fee6753da94cbfde,245,170,155,122,75,1,122,75,4,0.1346269655403145,0,109,86,91,1,yiisoft/yii2
b048bd82d4a68260,48,1,1,0,47,0,0,47,0,0.020833333333333294,0,1,0,0,0,yiisoft/yii2
a651862a982cd621,666,353,324,245,313,24,216,313,26,0.026369834880473165,0,267,218,219,1,yiisoft/yii2
74986560d7c09d51,32,5,0,0,27,0,0,27,0,0.1446759259259259,0,0,0,0,0,yiisoft/yii2
ad915e059da0cb46,173,4,1,0,169,0,0,169,0,0.023121387283237007,0,1,1,1,0,yiisoft/yii2
33767304521bc72e,285,53,49,1,232,11,1,232,24,0.18922394955359928,0,47,1,11,0,python/mypy
7bcda4a513b461a5,695,117,111,24,578,0,24,578,29,0.13381294964028778,0,107,24,31,0,python/mypy
f0d6f8b211d20d12,545,109,107,0,436,8,0,436,107,0.20178079645868177,0,95,2,25,0,python/mypy
358456e557f2d896,255,26,26,0,229,1,0,229,90,0.10196078431372547,0,25,0,1,0,python/mypy
3641fc675bdf772e,2622,199,187,30,2423,153,22,2423,333,0.06900065780726247,0,163,29,44,0,python/mypy
a75c7d5ed7bf8e0b,820,201,186,16,619,53,19,619,66,0.21458869868201785,0,171,25,36,0,python/mypy
c5edcfc3c53fb5ca,1055,163,155,6,892,15,8,892,66,0.14402513161051436,0,145,9,81,0,python/mypy
e5c360b6994ccd09,1023,325,303,21,698,18,20,698,69,0.30009775171065495,0,279,21,184,0,python/mypy
b428e72ad628e4d9,12,0,0,0,12,0,0,12,0,0.0,0,0,0,0,0,python/mypy
da645cc563f3d349,52,1,1,0,51,0,0,51,6,0.019230769230769232,0,1,0,1,0,python/mypy
9b749fa9a782a893,32,1,1,0,31,0,0,31,0,0.03125,0,1,0,0,0,python/mypy
0fd2f4c093c7c91f,327,73,71,0,254,0,0,254,44,0.21990119971771346,0,70,0,15,0,python/mypy
1f210cb586f15c8a,112,33,33,0,79,3,1,79,3,0.29464285714285715,0,33,1,24,0,python/mypy
bd7b342526d73693,1078,114,106,15,964,40,19,964,107,0.08893979125423658,0,96,20,43,0,python/mypy
394c559f7d080876,176,2,2,0,174,5,1,174,5,0.011363636363636371,0,2,1,1,0,python/mypy
80ac0f76c35467fe,1720,219,211,4,1501,64,11,1501,179,0.13488372093023257,1,185,8,100,0,python/mypy
485dffe97d3d37f9,106,6,5,0,100,0,1,100,1,0.05642407906558852,0,5,1,1,0,python/mypy
f21840eef6cfbf04,234,19,13,1,215,0,0,215,63,0.07264957264957264,0,13,1,2,0,python/mypy
5dfc51256023717a,235,67,67,1,168,2,2,168,2,0.2808510638297872,0,62,2,30,0,python/mypy
e643c82d5da52ce7,278,8,6,0,270,6,0,270,3,0.02872484620998856,0,5,1,5,0,python/mypy
ca223e4e9a150dd7,126,83,83,0,43,0,0,43,0,0.6587301587301587,1,66,0,55,1,python/mypy
58a92d29af3cb15e,95,26,23,1,69,0,1,69,0,0.2621281464530892,0,21,1,10,0,python/mypy
7429309503aa0398,193,38,38,0,155,0,0,155,14,0.19689119170984457,0,32,0,17,0,python/mypy
e16f8ea19e0dad7b,174,32,31,1,142,15,1,142,23,0.1954022988505747,0,30,2,19,0,python/mypy
ba7fe6b916b9acf4,154,30,25,1,124,4,1,124,12,0.155589508530685,0,25,2,5,0,python/mypy
a7053da362f67dca,1753,102,15,0,1651,82,0,1651,270,0.01974380390881289,0,14,0,6,0,aio-libs/aiohttp
a44a43c14da3603e,480,65,35,2,415,4,2,415,99,0.06654411764705881,0,27,0,23,0,aio-libs/aiohttp
0fdb71b538dcf0f3,161,28,19,0,133,0,1,133,14,0.12360248447204968,0,18,0,1,0,aio-libs/aiohttp
8d8821e084bea8fa,132,29,20,5,103,10,5,103,11,0.1818181818181818,0,19,5,18,0,aio-libs/aiohttp
2d154fed60de8ab1,224,46,1,0,178,0,0,178,64,0.006233912483912478,0,1,0,1,0,aio-libs/aiohttp
95f2e54142ed9873,156,8,4,0,148,2,0,148,9,0.02564102564102565,0,3,0,0,0,aio-libs/aiohttp
42a93ebbf3395f9b,1679,156,57,0,1523,55,0,1523,177,0.038642048838594414,0,56,0,45,0,aio-libs/aiohttp
b1d0f62a3842e01f,321,61,8,0,260,0,0,260,12,0.024922118380062305,0,8,0,8,0,aio-libs/aiohttp
08f8deb1f171e873,1566,263,229,0,1303,29,0,1303,137,0.1508421008653253,0,181,0,46,0,aio-libs/aiohttp
2ca49683ab9bee03,142,20,1,0,122,4,0,122,11,0.007042253521126756,0,1,0,1,0,aio-libs/aiohttp
4cbff640f1fc708f,761,18,5,0,743,14,0,743,84,0.013054153122622612,0,5,0,5,0,aio-libs/aiohttp
dc548c73af748ff0,26,1,0,0,25,0,0,25,0,0.0,0,0,0,0,0,aio-libs/aiohttp
dee5c5266d56f6e6,578,221,145,6,357,31,7,357,41,0.2568398392128484,0,139,6,122,0,aio-libs/aiohttp
b1a7426fc602189c,39,1,1,1,38,0,1,38,0,0.0,0,1,1,1,0,aio-libs/aiohttp
7a1e052ace20f2c0,12,0,0,0,12,0,0,12,1,0.0,0,0,0,0,0,aio-libs/aiohttp
c84f87a2adc085f4,43,0,0,0,43,1,0,43,2,0.0,0,0,0,0,0,aio-libs/aiohttp
22848154bfa9e1b2,263,7,4,0,256,25,0,256,39,0.022813688212927757,0,2,0,2,0,aio-libs/aiohttp
f0522042d8961e40,878,295,0,0,583,0,0,583,45,0.0,0,0,0,0,0,aio-libs/aiohttp
c6a4a229325a0b3c,199,9,9,0,190,1,0,190,12,0.04522613065326633,0,9,0,5,0,aio-libs/aiohttp
ffe45e5e9ca19ae2,1467,387,132,1,1080,29,1,1080,76,0.10558456849589028,0,121,1,87,0,aio-libs/aiohttp
a846b848e67b2475,2138,116,67,0,2022,14,0,2022,434,0.031337698783910184,0,66,0,60,0,aio-libs/aiohttp
d27ac86e4ca4f9aa,745,71,35,2,674,35,2,674,59,0.04563758389261745,0,30,2,22,0,aio-libs/aiohttp
596bafab6c87517a,325,20,0,0,305,10,0,305,20,0.008221153846153849,0,0,0,0,0,aio-libs/aiohttp
b339a535b59b2708,63,9,2,0,54,4,0,54,4,0.031746031746031744,0,2,0,2,0,aio-libs/aiohttp
f6f586b9b1a764ad,1124,94,72,9,1030,21,9,1030,43,0.057738786229470755,0,70,9,24,0,aio-libs/aiohttp
4c4927e9c36e53b8,727,1,1,1,726,0,1,726,0,0.0,0,1,1,1,0,sgl-project/sglang
3df42a6ab2736972,157,6,6,0,151,0,0,151,5,0.03821656050955413,0,4,0,2,0,sgl-project/sglang
12e00cdee86f615b,570,0,0,0,570,36,0,570,275,0.0,0,0,0,0,0,sgl-project/sglang
61c23749c1fda703,553,0,0,0,553,0,0,553,1,0.0,0,0,0,0,0,sgl-project/sglang
159808915e66ad30,455,3,3,0,452,10,0,452,147,0.006593406593406582,0,2,0,1,0,sgl-project/sglang
3cd825f809496590,304,18,15,11,286,2,11,286,3,0.023026315789473725,0,15,11,13,0,sgl-project/sglang
fc78e37046bcd436,139,1,0,0,138,0,0,138,0,0.007194244604316558,0,0,0,0,0,sgl-project/sglang
7c2e0549c9015a27,157,0,0,0,157,0,0,157,13,0.0,0,0,0,0,0,sgl-project/sglang
acdc6965809f2123,279,56,50,25,223,1,25,223,2,0.1111111111111111,0,44,25,30,0,sgl-project/sglang
08148774b2902d57,77,0,0,0,77,0,0,77,12,0.0,0,0,0,0,0,sgl-project/sglang
3e8c53e0cf6e4fee,1222,2,2,0,1220,0,0,1220,43,0.0016366612111292944,0,2,0,0,0,sgl-project/sglang
8870645056cc2164,938,3,3,0,935,12,0,935,686,0.003198294243070375,0,2,0,1,0,sgl-project/sglang
ed0ff3aaa9e8db61,182,6,6,0,176,0,0,176,11,0.03296703296703296,0,4,0,2,0,sgl-project/sglang
57791ed3448eeb21,328,0,0,0,328,6,0,328,51,0.0,0,0,0,0,0,sgl-project/sglang
4e3cbfe80f89e7cc,776,3,3,1,773,1,1,773,12,0.003865979381443292,0,3,0,0,0,sgl-project/sglang
a60a1b2ec7949dba,497,3,3,0,494,0,0,494,24,0.006036217303822902,0,2,0,1,0,sgl-project/sglang
293d58759ae96330,486,18,18,0,468,4,0,468,20,0.037037037037037035,0,12,0,6,0,sgl-project/sglang
ad91b3e79adeddf0,840,3,3,0,837,0,0,837,6,0.003571428571428565,0,2,0,1,0,sgl-project/sglang
90560551916f71e8,88,0,0,0,88,7,0,88,20,0.0,0,0,0,0,0,sgl-project/sglang
6c40838e288620bd,964,0,0,0,964,3,0,964,117,0.0,0,0,0,0,0,sgl-project/sglang
961d42852189d897,650,1,1,1,649,0,1,649,51,0.0,0,1,1,1,0,sgl-project/sglang
16f76ebb35e32ccf,286,9,9,0,277,0,0,277,0,0.031468531468531465,0,6,0,3,0,sgl-project/sglang
890be78d33f20431,941,3,2,0,938,24,0,938,335,0.0031880977683315676,0,2,0,1,0,sgl-project/sglang
accee45a8d1f90a5,224,0,0,0,224,0,0,224,4,0.0,0,0,0,0,0,sgl-project/sglang
96d694a98f768189,284,0,0,0,284,4,0,284,10,0.0,0,0,0,0,0,sgl-project/sglang
03af2a407a81a9bd,7,0,0,0,7,0,0,7,0,0.0,0,0,0,0,0,electron/electron
72e802c21aaff4fe,1400,2,2,0,1398,19,0,1398,498,0.0014285714285714286,0,2,0,0,0,electron/electron
ea8bbe25ce72d619,48,2,2,0,46,2,0,46,7,0.04166666666666667,0,2,0,0,0,electron/electron
97a5cee6b2097f3c,28,2,2,0,26,0,0,26,0,0.07142857142857141,0,2,0,0,0,electron/electron
e13f7112093384b4,158,3,3,0,155,2,0,155,19,0.012658227848101243,0,3,0,0,0,electron/electron
afa04155a1a635d0,175,0,0,0,175,3,0,175,10,0.0,0,0,0,0,0,electron/electron
fda64ee43fd5423d,341,54,54,0,287,29,0,287,33,0.15835777126099707,1,51,0,51,1,electron/electron
2fa5dbc7196ffe76,394,1,1,0,393,16,0,393,51,0.002538071065989852,0,1,0,0,0,electron/electron
db0c528a7109ba82,49,2,2,0,47,0,0,47,0,0.040816326530612235,0,2,0,0,0,electron/electron
57100037f946a7d2,341,2,2,0,339,1,0,339,40,0.005865102639296189,0,2,0,0,0,electron/electron
3a2d8fa6d1ef8bbf,5,3,3,0,2,0,0,2,0,0.6,1,2,0,2,1,electron/electron
a2900eb03bb1f210,19,4,4,0,15,0,0,15,0,0.21052631578947367,0,3,0,3,0,electron/electron
9ab7fbea21df0aef,459,10,10,0,449,13,0,449,58,0.015250544662309363,1,10,0,0,0,electron/electron
0de15cdfca5cee42,70,12,12,1,58,0,1,58,9,0.14285714285714285,0,12,1,1,0,electron/electron
e5f2aebea0c6fd26,24,10,10,0,14,0,0,14,0,0.41666666666666663,1,7,0,7,1,electron/electron
3b0d4dfb2e160ee2,21,2,2,0,19,0,0,19,4,0.09523809523809526,0,2,0,0,0,electron/electron
4e10b5a402710ceb,91,3,3,0,88,4,0,88,4,0.032967032967032954,0,3,0,0,0,electron/electron
66a2db9d25208b57,4,3,3,0,1,0,0,1,0,0.75,1,2,0,2,1,electron/electron
552d7dbb0a00f995,399,0,0,0,399,5,0,399,8,0.0,0,0,0,0,0,electron/electron
aaa10535b05dec71,787,22,20,0,765,8,0,765,58,0.022871664548919958,0,20,0,0,0,electron/electron
c38866af1e203788,141,0,0,0,141,9,0,141,18,0.0,0,0,0,0,0,electron/electron
1d9cae0c24a9144d,89,3,3,0,86,1,0,86,13,0.0449438202247191,0,3,0,0,0,electron/electron
39e7b1f852230ae7,23,2,2,0,21,0,0,21,0,0.08695652173913046,0,2,0,0,0,electron/electron
8c5cc572368ff75a,60,2,2,0,58,0,0,58,1,0.03333333333333334,0,2,0,0,0,electron/electron
84bd12c2afa997c9,55,0,0,0,55,33,0,55,33,0.0,0,0,0,0,0,electron/electron
7cab305a6a785401,421,24,24,4,397,32,4,397,57,0.04750593824228028,0,19,4,13,0,scrapy/scrapy
cfe89c5d0d9c22f5,52,4,4,0,48,0,0,48,4,0.07692307692307691,0,4,0,4,0,scrapy/scrapy
92153dfedb83b99d,80,12,10,0,68,3,0,68,4,0.1625,0,8,0,7,0,scrapy/scrapy
40e0a6f5eb1ada16,292,27,21,0,265,14,0,265,17,0.10616438356164386,0,17,0,13,0,scrapy/scrapy
fd1e33b42ed31c5e,401,24,24,0,377,0,0,377,8,0.05985037406483791,0,24,0,24,0,scrapy/scrapy
25371bb540268d21,23,0,0,0,23,0,0,23,0,0.0,0,0,0,0,0,scrapy/scrapy
5ab88c3ee6249d63,36,7,7,0,29,0,0,29,0,0.19444444444444442,0,6,0,1,0,scrapy/scrapy
37cc30ccb4f56589,396,11,8,1,385,8,1,385,25,0.025252525252525245,0,6,1,4,0,scrapy/scrapy
a80bbeaa99c988e4,24,6,6,1,18,0,1,18,0,0.20833333333333331,0,4,1,2,0,scrapy/scrapy
13ebea37fdced4a9,148,20,20,0,128,1,0,128,11,0.14189189189189189,0,20,0,18,0,scrapy/scrapy
81290eed4e87d359,106,21,21,0,85,2,0,85,3,0.18867924528301888,0,20,1,19,0,scrapy/scrapy
cd6cb1b98a83af09,24,6,6,1,18,0,1,18,1,0.20833333333333337,0,4,1,2,0,scrapy/scrapy
50c2f96e4c50b03f,16,0,0,0,16,0,0,16,2,0.0,0,0,0,0,0,scrapy/scrapy
b09e1bc6ffb8a500,27,6,6,1,21,0,1,21,0,0.1851851851851852,0,4,1,2,0,scrapy/scrapy
77a61ccb539e718b,157,9,9,0,148,0,0,148,5,0.05732484076433121,0,9,0,9,0,scrapy/scrapy
452cf09004f0c6d9,244,57,51,1,187,6,0,187,9,0.22017495522799282,0,44,3,20,0,scrapy/scrapy
1fd0499985e76a4a,325,48,46,3,277,17,3,277,24,0.13538461538461538,0,41,5,28,1,scrapy/scrapy
02c8259b82451cda,800,117,111,2,683,102,2,683,134,0.18125,0,104,1,91,0,scrapy/scrapy
67882d4bd0f27f41,88,2,2,0,86,0,0,86,0,0.022727272727272724,0,2,0,2,0,scrapy/scrapy
822e0002c1eef992,2,0,0,0,2,0,0,2,0,0.0,0,0,0,0,0,scrapy/scrapy
3d8b6a1806592222,364,16,16,0,348,10,0,348,33,0.043956043956043946,0,14,0,3,0,scrapy/scrapy
faa74b47c361edbb,141,20,20,0,121,0,0,121,2,0.14184397163120566,0,17,0,10,0,scrapy/scrapy
80b077dff4bc0522,28,4,3,0,24,0,0,24,0,0.14285714285714285,0,3,0,1,0,scrapy/scrapy
cd75df902af53f96,753,75,73,0,678,49,0,678,95,0.09960159362549799,0,72,0,64,0,scrapy/scrapy
d500a3fa9c7c1d79,120,7,7,0,113,0,0,113,2,0.05833333333333333,0,5,0,1,0,scrapy/scrapy
97e213a382d2bc6e,186,28,11,0,158,3,0,158,47,0.11698183166481277,0,11,1,1,0,rust-lang/rust-analyzer
882934bc18c4d44d,454,0,0,0,454,1,0,454,3,0.0,0,0,0,0,0,rust-lang/rust-analyzer
ade67d9754113692,1491,0,0,0,1491,27,0,1491,215,0.0,0,0,0,0,0,rust-lang/rust-analyzer
756b83b5cb12211d,263,0,0,0,263,56,0,263,63,0.0,0,0,0,0,0,rust-lang/rust-analyzer
00784dde03b1be15,4047,0,0,0,4047,1271,0,4047,1637,0.0,0,0,0,0,0,rust-lang/rust-analyzer
7ba01491b5b202fa,580,0,0,0,580,28,0,580,72,0.0,0,0,0,0,0,rust-lang/rust-analyzer
ce9c501d734c30f2,610,0,0,0,610,5,0,610,12,0.0,0,0,0,0,0,rust-lang/rust-analyzer
220d78f4eba02054,146,64,64,0,82,0,0,82,0,0.4383561643835616,1,57,0,9,1,rust-lang/rust-analyzer
c0e8add90d61a412,15,0,0,0,15,0,0,15,2,0.0,0,0,0,0,0,rust-lang/rust-analyzer
eccc54c790b27e0b,183,0,0,0,183,7,0,183,23,0.0,0,0,0,0,0,rust-lang/rust-analyzer
f23c65fbce9f0e85,823,0,0,0,823,48,0,823,109,0.0,0,0,0,0,0,rust-lang/rust-analyzer
2e9d962a08321605,228,0,0,0,228,13,0,228,15,0.0,0,0,0,0,0,rust-lang/rust-analyzer
1b5eb04bd5de198b,404,0,0,0,404,2,0,404,50,0.0,0,0,0,0,0,rust-lang/rust-analyzer
a03e066ac1dd4916,778,0,0,0,778,107,0,778,311,0.0,0,0,0,0,0,rust-lang/rust-analyzer
42c8b42af7e4a7fb,3180,0,0,0,3180,139,0,3180,261,0.0,0,0,0,0,0,rust-lang/rust-analyzer
f22ecfff3ee89f13,449,0,0,0,449,7,0,449,30,0.0,0,0,0,0,0,rust-lang/rust-analyzer
e961d53a7c523388,43,0,0,0,43,1,0,43,1,0.0,0,0,0,0,0,rust-lang/rust-analyzer
70726e07aa3330dd,91,0,0,0,91,0,0,91,0,0.0,0,0,0,0,0,rust-lang/rust-analyzer
779cb31c0defa063,4494,0,0,0,4494,290,0,4494,810,0.0,0,0,0,0,0,rust-lang/rust-analyzer
448a87505dae9d1d,1648,156,151,20,1492,22,19,1492,252,0.08069835039985836,0,112,16,54,0,rust-lang/rust-analyzer
125be045a4f4a9ca,11,7,7,7,4,0,7,4,0,0.0,0,6,6,6,1,rust-lang/rust-analyzer
ad429593ea684ade,592,0,0,0,592,43,0,592,63,0.0,0,0,0,0,0,rust-lang/rust-analyzer
cbd4896885c91341,321,0,0,0,321,4,0,321,8,0.0,0,0,0,0,0,rust-lang/rust-analyzer
48b04d43d10995f4,98,0,0,0,98,0,0,98,1,0.0,0,0,0,0,0,rust-lang/rust-analyzer
fb8a841df7205796,1726,0,0,0,1726,139,0,1726,149,0.0,0,0,0,0,0,rust-lang/rust-analyzer
e89c314ef5dd72c6,52,3,2,2,49,2,2,49,15,0.018853695324283597,0,2,2,2,0,google/flax
f025750faae1b209,1391,47,40,20,1344,168,16,1344,304,0.07655869215975833,0,27,20,21,0,google/flax
ffc73f4960d444a4,627,11,8,0,616,71,0,616,147,0.02851643970065024,0,3,0,0,0,google/flax
94886438e3331793,2176,88,53,1,2088,328,1,2088,574,0.08411104826546002,1,26,2,2,0,google/flax
b1dc74ab3bc67ed0,13,0,0,0,13,0,0,13,13,0.0,0,0,0,0,0,google/flax
f548a6287aa4da1e,557,88,85,2,469,132,2,469,172,0.2926391382405745,0,78,1,1,0,google/flax
c6a5e4721bf40b21,249,6,6,0,243,16,0,243,29,0.03212851405622487,0,4,0,1,0,google/flax
90d348f39e59ace8,65,1,1,0,64,0,0,64,17,0.015384615384615413,0,0,0,0,0,google/flax
5cbdcf481d87f3c6,176,16,14,0,160,39,0,160,59,0.23262800417972831,0,7,0,0,0,google/flax
aef95c959719d226,65,8,0,0,57,0,0,57,13,0.12307692307692308,0,0,0,0,0,google/flax
451d0c1624a801bd,440,38,0,0,402,37,0,402,53,0.002374811949280029,0,0,0,0,0,google/flax
fb13759bbda785c2,409,41,40,1,368,1,5,368,3,0.09774557744858331,0,31,1,12,0,google/flax
21c1942185685ecc,60,5,4,0,55,0,0,55,18,0.08220338983050848,0,2,0,2,0,google/flax
32512a9b0d5285a5,1344,43,23,5,1301,123,5,1301,333,0.034832368806487324,0,16,6,6,0,google/flax
e145d98343cec00f,93,8,7,2,85,1,2,85,23,0.06428237494156147,0,5,2,5,0,google/flax
dc074086a73bdea1,399,74,70,13,325,19,8,325,79,0.14285714285714288,0,46,11,29,0,google/flax
9401b9f921c0646d,107,9,5,3,98,10,3,98,26,0.026626697231528842,0,5,3,3,0,google/flax
36b66d65d1e9b078,16,0,0,0,16,0,0,16,13,0.0,0,0,0,0,0,google/flax
b8be9898074bd93b,262,33,32,7,229,1,7,229,13,0.09923664122137409,0,20,7,14,0,google/flax
39328a853a03d932,352,38,19,0,314,69,0,314,97,0.12369071146245061,0,11,2,3,0,google/flax
b10e85f4a47dbde4,74,0,0,0,74,0,0,74,1,0.0,0,0,0,0,0,google/flax
7290476ebbd55c00,219,43,40,7,176,1,7,176,15,0.15499863224123062,0,32,8,15,0,google/flax
26197cf921542318,253,0,0,0,253,25,0,253,48,0.007905138339920927,0,0,0,0,0,google/flax
fb698a48493d9787,135,10,8,1,125,1,1,125,20,0.06666666666666664,0,6,1,1,0,google/flax
164e37a52c5eeb58,205,14,13,0,191,37,0,191,52,0.1609756097560976,0,8,0,1,0,google/flax
680f83ce992a9798,102,0,0,0,102,0,0,102,10,0.0,0,0,0,0,0,crablang/crab
c5556385284ab4f6,48,0,0,0,48,0,0,48,0,0.0,0,0,0,0,0,crablang/crab
4a2662e456504545,72,0,0,0,72,0,0,72,0,0.0,0,0,0,0,0,crablang/crab
5e45ae7cf4c1e594,38,0,0,0,38,0,0,38,0,0.0,0,0,0,0,0,crablang/crab
4840c53e809f4514,20,0,0,0,20,1,0,20,1,0.0,0,0,0,0,0,crablang/crab
7dc9c37b4d5c5933,23,0,0,0,23,0,0,23,0,0.0,0,0,0,0,0,crablang/crab
c0bf1bb113f003a4,8,0,0,0,8,0,0,8,0,0.0,0,0,0,0,0,crablang/crab
3bc2547de9210861,33,0,0,0,33,0,0,33,0,0.0,0,0,0,0,0,crablang/crab
c2878c463219440b,1,0,0,0,1,0,0,1,0,0.0,0,0,0,0,0,crablang/crab
d31e135f5486b9f2,12,0,0,0,12,0,0,12,0,0.0,0,0,0,0,0,crablang/crab
d3a44ba9818d3944,11,0,0,0,11,0,0,11,0,0.0,0,0,0,0,0,crablang/crab
ccae702a5fc08884,14,0,0,0,14,0,0,14,0,0.0,0,0,0,0,0,crablang/crab
e766af6fd4bc38d1,7,0,0,0,7,0,0,7,0,0.0,0,0,0,0,0,crablang/crab
81e70ca489883065,20,0,0,0,20,0,0,20,0,0.0,0,0,0,0,0,crablang/crab
2ce5be35abe99204,293,0,0,0,293,0,0,293,0,0.0,0,0,0,0,0,crablang/crab
9ac7216cc37a958e,13,0,0,0,13,0,0,13,0,0.0,0,0,0,0,0,crablang/crab
7cec0d2b12acf993,109,0,0,0,109,0,0,109,0,0.0,0,0,0,0,0,crablang/crab
211aca76b5be9241,20,0,0,0,20,0,0,20,0,0.0,0,0,0,0,0,crablang/crab
b8b40a5f9d654feb,6,0,0,0,6,0,0,6,0,0.0,0,0,0,0,0,crablang/crab
87ebd0902bfd022d,35,0,0,0,35,0,0,35,0,0.0,0,0,0,0,0,crablang/crab
7ffd5ee7a4bb446b,20,0,0,0,20,0,0,20,0,0.0,0,0,0,0,0,crablang/crab
b71aa9f3d7a2ffdf,22,0,0,0,22,0,0,22,0,0.0,0,0,0,0,0,crablang/crab
3447473a36f6bc5c,58,0,0,0,58,0,0,58,0,0.0,0,0,0,0,0,crablang/crab
4e43d7c76423138c,17,0,0,0,17,0,0,17,0,0.0,0,0,0,0,0,crablang/crab
68ade2133ff2d2dc,27,0,0,0,27,0,0,27,0,0.0,0,0,0,0,0,crablang/crab
acfa305c21b850bf,31,1,1,0,30,1,0,30,1,0.03225806451612903,0,1,0,1,0,bitwarden/clients
8ab173d1f329d82f,44,0,0,0,44,2,0,44,2,0.0,0,0,0,0,0,bitwarden/clients
cd92ae2bb6529ba6,588,28,18,9,560,5,9,560,63,0.017006802721088437,0,16,6,10,0,bitwarden/clients
59ef11fdbab346c7,192,0,0,0,192,155,0,192,155,0.0,0,0,0,0,0,bitwarden/clients
2d61a012e9796456,47,4,4,0,43,0,0,43,2,0.08510638297872342,0,3,0,0,0,bitwarden/clients
055cb647ce2a7e50,189,0,0,0,189,37,0,189,37,0.0,0,0,0,0,0,bitwarden/clients
d4287bf866806ed4,191,0,0,0,191,35,0,191,139,0.0,0,0,0,0,0,bitwarden/clients
25e2f2eb679b8963,192,0,0,0,192,35,0,192,35,0.0,0,0,0,0,0,bitwarden/clients
f9295e420e2e4edc,131,1,1,1,130,11,1,130,11,0.0,0,1,1,1,0,bitwarden/clients
7000050e09c5e3f1,8,4,4,0,4,0,0,4,0,0.5,1,3,0,0,1,bitwarden/clients
72a5a3b566793723,148,0,0,0,148,5,0,148,12,0.0,0,0,0,0,0,bitwarden/clients
89debf1d6eaa83a1,8,2,2,2,6,0,2,6,0,0.0,0,2,2,2,0,bitwarden/clients
654e648abf0940b1,249,14,14,0,235,2,0,235,21,0.060240963855421686,0,13,0,13,0,bitwarden/clients
6971618389a76483,11,1,1,0,10,0,0,10,0,0.09090909090909093,0,1,0,1,0,bitwarden/clients
057c36901d3b421a,288,142,106,85,146,3,85,146,6,0.04166666666666668,0,102,62,64,1,bitwarden/clients
7ca7e8942a09fe2f,9,0,0,0,9,0,0,9,0,0.0,0,0,0,0,0,bitwarden/clients
6c1edfbcdbb3fb62,253,10,10,0,243,1,0,243,11,0.03952569169960474,0,5,0,5,0,bitwarden/clients
594d35e655f8dfc8,58,7,3,0,51,6,0,51,6,0.15517241379310348,0,3,1,1,0,bitwarden/clients
713148e3e6b43e59,161,0,0,0,161,9,0,161,15,0.0,0,0,0,0,0,bitwarden/clients
d87b707c4d4ae0d7,43,1,1,0,42,0,0,42,1,0.023255813953488337,0,1,0,1,0,bitwarden/clients
b1983732becf0b25,518,312,257,71,206,31,54,206,51,0.09845559845559843,0,234,113,122,1,bitwarden/clients
1980aac42358cf38,68,1,1,0,67,0,0,67,2,0.014705882352941178,0,1,0,1,0,bitwarden/clients
89d26ce7982af49a,109,3,3,0,106,0,0,106,24,0.027522935779816515,0,2,0,0,0,bitwarden/clients
2502db9ec554bdfd,896,79,66,26,817,64,26,817,184,0.04352678571428571,0,49,13,36,0,bitwarden/clients
ae52a142d552fcdf,157,56,56,51,101,0,51,101,4,0.031847133757961776,0,51,47,51,0,bitwarden/clients
616593d1b85c7e6f,228,0,0,0,228,9,0,228,11,0.0,0,0,0,0,0,microsoft/terminal
3b95011c0e230026,404,0,0,0,404,2,0,404,13,0.0,0,0,0,0,0,microsoft/terminal
045bfd7a4d143806,24,0,0,0,24,0,0,24,0,0.0,0,0,0,0,0,microsoft/terminal
f2a87a70c01ab7cf,110,1,1,0,109,0,0,109,2,0.009090909090909064,0,1,0,1,0,microsoft/terminal
ab23d412ceb99e66,140,1,1,0,139,0,0,139,0,0.007142857142857131,0,1,0,1,0,microsoft/terminal
f5f0617a68bf2392,36,1,1,0,35,0,0,35,0,0.02777777777777779,0,1,0,1,0,microsoft/terminal
4b4134d1e26c89d7,103,1,1,0,102,6,0,102,25,0.009708737864077667,0,1,0,1,0,microsoft/terminal
3897c3b032328457,16,1,1,0,15,0,0,15,0,0.0625,0,1,0,1,0,microsoft/terminal
0cb57b080270f914,51,0,0,0,51,0,0,51,0,0.0,0,0,0,0,0,microsoft/terminal
584b80993e9cca37,532,5,5,3,527,0,3,527,0,0.003759398496240615,0,5,3,3,0,microsoft/terminal
c9f3a536591f9719,256,2,2,1,254,1,1,254,2,0.00390625,0,2,1,1,0,microsoft/terminal
5f4b3840b1547fb1,61,1,0,0,60,0,0,60,0,0.01639344262295083,0,0,0,0,0,microsoft/terminal
c451b74cfae387fe,63,1,1,0,62,2,0,62,4,0.0158730158730159,0,1,0,1,0,microsoft/terminal
16b9ee5c0b69fbb0,121,1,1,0,120,0,0,120,0,0.008264462809917342,0,1,0,1,0,microsoft/terminal
7e1aea71617ea491,27,1,1,0,26,0,0,26,0,0.03703703703703701,0,1,0,0,0,microsoft/terminal
3a10751896ef5982,64,1,1,1,63,0,1,63,1,0.0,0,1,1,1,0,microsoft/terminal
a63a7d0e63aeb90e,145,0,0,0,145,0,0,145,0,0.0,0,0,0,0,0,microsoft/terminal
ca42e8aea142c903,128,1,1,0,127,0,0,127,18,0.0078125,0,1,0,0,0,microsoft/terminal
3c07149e21b26d5f,57,1,1,0,56,0,0,56,0,0.017543859649122834,0,0,0,0,0,microsoft/terminal
c72509af023eadc8,43,1,1,1,42,0,1,42,0,0.0,0,1,1,1,0,microsoft/terminal
04b587b545f84d50,75,1,1,0,74,4,0,74,4,0.01333333333333335,0,1,0,1,0,microsoft/terminal
dd3146be9cb7f696,326,1,1,0,325,10,0,325,53,0.003067484662576678,1,1,0,0,0,microsoft/terminal
3bd7e72a6c897a4e,100,1,0,0,99,0,0,99,0,0.0,0,0,0,0,0,microsoft/terminal
1a806a350fd15d67,144,13,12,3,131,0,3,131,0,0.0625,0,12,3,3,0,microsoft/terminal
cfcc50073f5efd09,34,0,0,0,34,0,0,34,0,0.0,0,0,0,0,0,microsoft/terminal
597ae14ad568756a,35,10,0,0,25,0,0,25,1,0.0,0,0,0,0,0,quartznet/quartznet
3d4388c7049c9423,58,15,0,0,43,0,0,43,0,0.0,0,0,0,0,0,quartznet/quartznet
8cf6f238607d988d,54,35,0,0,19,0,0,19,0,0.0,0,0,0,0,0,quartznet/quartznet
1effd5100879c104,360,171,41,38,189,1,38,189,1,0.0005029402661714671,0,41,41,41,0,quartznet/quartznet
eeb588cc8465c5fb,102,30,4,3,72,0,3,72,0,0.010192195690157266,0,4,3,4,0,quartznet/quartznet
78bb8be852b4dc17,688,560,3,2,128,0,2,128,0,4.231407196759757e-06,0,3,2,2,0,quartznet/quartznet
bee513e9a79ff5fc,195,56,4,4,139,0,4,139,0,0.00015860428231562196,0,4,4,4,0,quartznet/quartznet
ca9db98afeb10137,88,48,0,0,40,0,0,40,0,0.0,0,0,0,0,0,quartznet/quartznet
ea826491a9a76351,1016,680,562,561,336,0,243,336,128,0.0018259571001900538,0,500,295,296,1,quartznet/quartznet
167daa5810136059,159,94,81,79,65,6,78,65,8,0.018390255552901854,0,64,60,61,1,quartznet/quartznet
304b1a7bbb1de30a,129,8,0,0,121,1,0,121,1,6.056201550386914e-05,0,0,0,0,0,quartznet/quartznet
88c7fa3100946e09,729,33,24,23,696,5,23,696,9,0.0014772607365199954,0,17,3,4,0,quartznet/quartznet
161307d6ba2e61f0,238,83,5,5,155,0,5,155,0,8.864305215753546e-05,0,5,5,5,0,quartznet/quartznet
6477a12e61484ff4,25,12,0,0,13,2,0,13,2,0.0050000000000000044,0,0,0,0,0,quartznet/quartznet
21c0703f7a04ec4b,37,8,0,0,29,1,0,29,1,0.0,0,0,0,0,0,quartznet/quartznet
a62018e5c01c354d,47,15,5,0,32,0,0,32,0,0.0,0,5,5,5,0,quartznet/quartznet
4e0b0177d331b3a6,100,30,0,0,70,2,0,70,2,0.002626262626262643,0,0,0,0,0,quartznet/quartznet
67350d049a854cd2,136,40,1,1,96,0,1,96,0,5.446623093683777e-05,0,1,1,1,0,quartznet/quartznet
6f2f7bb646cb2dc5,336,123,2,2,213,0,1,213,0,1.776830135037698e-05,0,2,2,2,0,quartznet/quartznet
05b921c31e0dcfa2,86,58,15,6,28,0,6,28,0,0.0019151846785225822,0,15,4,4,0,quartznet/quartznet
048298a07b8264f8,23,5,0,0,18,0,0,18,0,0.0,0,0,0,0,0,quartznet/quartznet
856d846f539f2c64,123,20,0,0,103,0,0,103,1,0.00013328002132482336,0,0,0,0,0,quartznet/quartznet
945b71400be35752,36,9,2,1,27,0,1,27,0,0.030158730158730163,0,2,1,2,0,quartznet/quartznet
3f8e24c81f0371e5,153,65,4,3,88,0,3,88,0,0.006707946336429273,0,4,3,4,0,quartznet/quartznet
23888833df43e6bb,134,43,3,3,91,0,3,91,0,0.000617214678487279,0,3,3,3,0,quartznet/quartznet
46b6d485e641f336,595,162,154,136,433,0,136,433,1,0.030252100840336138,0,141,124,141,0,libvips/libvips
9a43a4ede53549a0,284,103,69,53,181,0,53,181,0,0.05633802816901411,0,66,50,66,0,libvips/libvips
d6d0f796fd50a988,620,212,203,194,408,0,194,408,0,0.014516129032258067,0,203,194,201,0,libvips/libvips
4c6d45c9bc937e4e,2000,737,455,307,1263,12,307,1263,12,0.07399999999999998,0,451,303,435,0,libvips/libvips
b7ef5a8180d80235,580,166,166,166,414,0,166,414,3,0.0,0,158,158,158,1,libvips/libvips
3524d39327b0450b,231,65,54,41,166,31,37,166,48,0.025974025974025976,0,54,48,54,0,libvips/libvips
2baf8e81180c5ec9,4173,2312,463,186,1861,6,186,1861,122,0.1593577761802061,1,463,186,427,0,libvips/libvips
68d89a61394624d3,148,41,38,36,107,0,34,107,0,0.013513513513513556,0,38,36,38,0,libvips/libvips
0d8e75f27593962e,73,24,23,23,49,0,23,49,0,0.0,0,23,18,18,0,libvips/libvips
cfa165e8e4cfe98d,52,18,15,15,34,0,15,34,0,0.0,0,15,15,15,0,libvips/libvips
fded31cd5d3786d8,1082,426,409,352,656,0,352,656,4,0.05268022181146025,0,406,349,404,0,libvips/libvips
67acff0c6e63a102,350,175,144,132,175,1,132,175,1,0.03142857142857139,0,143,81,92,1,libvips/libvips
1ee7c1a0df83fc7d,276,97,96,85,179,0,83,179,0,0.03985507246376815,0,96,80,87,0,libvips/libvips
b60f0e3c490536f5,259,108,104,85,151,0,83,151,0,0.07335907335907335,0,104,85,98,0,libvips/libvips
085260e812c694be,481,158,154,123,323,0,121,323,1,0.06444906444906448,0,154,123,152,0,libvips/libvips
80682f5bf709526a,170,54,50,43,116,0,41,116,0,0.04117647058823527,0,50,43,49,0,libvips/libvips
9fed4a060ae26751,160,73,72,70,87,0,70,87,0,0.012499999999999976,0,71,69,71,0,libvips/libvips
a8af6c46bd08a887,306,119,116,104,187,2,102,187,2,0.03921568627450979,0,116,99,111,0,libvips/libvips
b0e9dbab0ba7bb57,244,78,75,62,166,0,62,166,0,0.05327868852459016,0,75,62,67,0,libvips/libvips
b7886d1c286432cd,326,92,90,75,234,0,73,234,1,0.04601226993865034,0,89,69,84,0,libvips/libvips
a27b3cbfff72f256,137,52,49,46,85,0,46,85,0,0.02189781021897809,0,48,45,48,0,libvips/libvips
a4e9f310d45d0377,239,70,58,53,169,0,51,169,0,0.025104602510460226,0,58,53,58,0,libvips/libvips
10290f6eac26fa86,221,83,71,59,138,2,59,138,2,0.022624434389140288,0,71,61,66,0,libvips/libvips
bd99d908c7022fbb,184,61,60,53,123,0,51,123,0,0.038043478260869595,0,59,47,54,0,libvips/libvips
db2ec18e1ee17045,105,32,32,30,73,0,28,73,0,0.01904761904761907,0,32,30,32,0,libvips/libvips
0980f5ede1eb64f8,585,2,2,0,583,2,0,583,11,0.0034188034188034205,0,2,0,0,0,marimo-team/marimo
229d8f4ef27b1016,228,3,0,0,225,2,0,225,12,0.0012752144678877947,0,0,0,0,0,marimo-team/marimo
a7fd7ef151ad3d08,251,1,0,0,250,16,0,250,25,0.0,0,0,0,0,0,marimo-team/marimo
4be5c3bdbc728b76,1242,0,0,0,1242,60,0,1242,83,0.0,0,0,0,0,0,marimo-team/marimo
d0f49ca4613665b3,366,4,4,0,362,0,0,362,5,0.010928961748633878,0,4,0,0,0,marimo-team/marimo
bb451ef0535e82fb,660,3,0,0,657,8,0,657,46,0.0004897227203752089,0,0,0,0,0,marimo-team/marimo
b01ce67efc973006,252,3,0,0,249,34,0,249,38,0.0,0,0,0,0,0,marimo-team/marimo
584a8b9666a20feb,475,6,3,0,469,35,0,469,45,0.006315789473684216,0,3,0,0,0,marimo-team/marimo
4c8ba68933f3cba0,181,1,0,0,180,3,0,180,3,0.0,0,0,0,0,0,marimo-team/marimo
642fbc9a3085a850,974,4,0,0,970,45,0,970,65,0.0,0,0,0,0,0,marimo-team/marimo
707157011427a8d7,313,4,0,0,309,0,0,309,16,0.0,0,0,0,0,0,marimo-team/marimo
e10a54bed935d9ed,207,0,0,0,207,0,0,207,4,0.0,0,0,0,0,0,marimo-team/marimo
f9e493674b7603ba,519,0,0,0,519,82,0,519,104,0.0,0,0,0,0,0,marimo-team/marimo
7bc29364fca1715d,618,3,0,0,615,63,0,615,79,0.0,0,0,0,0,0,marimo-team/marimo
b17cf4d454a1e8d0,894,2,0,0,892,1,0,892,32,0.0006738966508088055,0,0,0,0,0,marimo-team/marimo
5028052363e22432,246,3,0,0,243,0,0,243,26,0.00013328002132482336,0,0,0,0,0,marimo-team/marimo
be4e7aa72bae2707,193,3,1,0,190,2,0,190,15,0.015489786506795486,0,1,0,0,0,marimo-team/marimo
20e1caeaae7b94a6,274,4,0,0,270,0,0,270,7,0.0,0,0,0,0,0,marimo-team/marimo
5d09fc6610b40c9f,1653,11,5,0,1642,226,0,1642,280,0.003024803387779787,1,5,0,0,0,marimo-team/marimo
c5245b2c9e856636,113,2,0,0,111,14,0,111,16,0.0031890297377023015,0,0,0,0,0,marimo-team/marimo
89863ce7509355ff,465,2,0,0,463,0,0,463,7,0.004078125362874204,0,0,0,0,0,marimo-team/marimo
748800475c61d5b0,357,0,0,0,357,2,0,357,3,0.0,0,0,0,0,0,marimo-team/marimo
0f1dffdb87d1f03e,172,1,1,0,171,12,0,171,12,0.005813953488372098,0,1,0,0,0,marimo-team/marimo
1c84776028e6b163,190,1,0,0,189,2,0,189,2,0.0,0,0,0,0,0,marimo-team/marimo
9ebc5a5eb2656ffd,84,2,0,0,82,0,0,82,0,0.0,0,0,0,0,0,marimo-team/marimo
790db5ef206d02c8,77,0,0,0,77,18,0,77,18,0.0,0,0,0,0,0,reduxjs/redux
d38d020775e46c32,931,9,1,0,922,0,0,922,0,0.0,0,0,0,0,0,reduxjs/redux
60aaf2a23eb67730,108,3,0,0,105,9,0,105,14,0.0,0,0,0,0,0,reduxjs/redux
263251b8ec97f0b9,385,15,0,0,370,35,0,370,45,0.0,0,0,0,0,0,reduxjs/redux
6931782a027ea4bd,938,20,0,0,918,88,0,918,151,0.0,0,0,0,0,0,reduxjs/redux
b82b4eff691487ba,883,4,0,0,879,1,0,879,2,0.0,0,0,0,0,0,reduxjs/redux
ed04192f936877a6,63,4,0,0,59,1,0,59,1,0.0,0,0,0,0,0,reduxjs/redux
74e6311b2472c242,9,0,0,0,9,1,0,9,1,0.0,0,0,0,0,0,reduxjs/redux
b8db7dfcd7d4b359,152,4,0,0,148,32,0,148,33,0.0,0,0,0,0,0,reduxjs/redux
d4a8547cf3611664,489,1,0,0,488,5,0,488,65,0.0,0,0,0,0,0,reduxjs/redux
9043fd343dba2fc6,61,5,0,0,56,3,0,56,3,0.015300546448087426,0,0,0,0,0,reduxjs/redux
406aff0f0a15ef94,1636,2,0,0,1634,17,0,1634,29,0.0,0,0,0,0,0,reduxjs/redux
7bedab2c6b2ad136,261,32,28,0,229,14,0,229,21,0.157088122605364,0,26,0,17,1,getmoto/moto
80513c8e74e96667,8,0,0,0,8,0,0,8,0,0.0,0,0,0,0,0,getmoto/moto
ac5b7d7401fbffb4,910,1,0,0,909,0,0,909,72,0.0010989010989010842,0,0,0,0,0,getmoto/moto
193c91fa6c61bf0b,17,1,0,0,16,0,0,16,0,0.05882352941176471,0,0,0,0,0,getmoto/moto
492a2d3b91b3037f,53,0,0,0,53,0,0,53,0,0.0,0,0,0,0,0,getmoto/moto
2068a409aa20bc93,135,1,0,0,134,0,0,134,1,0.0,0,0,0,0,0,getmoto/moto
9f777a9f07ab4a19,333,0,0,0,333,0,0,333,0,0.0,0,0,0,0,0,getmoto/moto
d89cc7b3e92a6365,1225,196,196,0,1029,9,0,1029,44,0.16,0,181,0,164,0,getmoto/moto
cc977c9aa99b9f5f,883,160,150,16,723,23,14,723,138,0.16761041902604756,0,129,15,89,0,getmoto/moto
283656b9b531861f,23,5,5,0,18,0,0,18,0,0.21739130434782608,1,5,0,5,1,getmoto/moto
4c52c0f6857a6fa8,530,11,11,1,519,4,1,519,25,0.024528301886792454,0,11,1,11,0,getmoto/moto
a8190c9a622c0565,10,1,0,0,9,0,0,9,0,0.09999999999999999,0,0,0,0,0,getmoto/moto
9ab163f314ba2c9f,1231,7,0,0,1224,2,0,1224,387,0.0,0,0,0,0,0,getmoto/moto
19473cec2a823372,261,1,1,0,260,0,0,260,6,0.0038314176245210774,0,1,0,0,0,getmoto/moto
dfb9fe2f4a30eaad,793,1,0,0,792,0,0,792,48,0.0,0,0,0,0,0,getmoto/moto
d7bb6ca0f9f5695b,1,0,0,0,1,0,0,1,0,0.0,0,0,0,0,0,getmoto/moto
dca14ce9be69e6c7,16,1,0,0,15,0,0,15,0,0.0625,0,0,0,0,0,getmoto/moto
91ee84e316c26701,162,38,38,1,124,0,1,124,1,0.22839506172839508,0,30,1,8,0,getmoto/moto
164eec3d7aa2bcfc,219,79,66,20,140,5,27,140,7,0.26940639269406397,0,50,19,34,1,getmoto/moto
9c7effccb26243df,5,1,1,0,4,0,0,4,0,0.2,0,1,0,0,0,getmoto/moto
ef57e8c713b40451,132,6,6,0,126,0,0,126,5,0.045454545454545456,0,5,0,5,0,getmoto/moto
36b9203d0fa8c040,655,5,5,0,650,1,0,650,292,0.007633587786259555,0,5,0,4,0,getmoto/moto
d7c2215a0efff284,23,0,0,0,23,0,0,23,0,0.0,0,0,0,0,0,getmoto/moto
7ac5beae61550925,54,4,4,0,50,9,0,50,9,0.18518518518518517,1,2,0,2,0,getmoto/moto
4d312819bd9917f5,1369,17,11,0,1352,0,0,1352,1,0.012411392177805718,0,11,0,6,0,getmoto/moto
7a1b2b397745e1d3,214,3,3,3,211,2,3,211,31,0.0,0,3,3,3,0,Qiskit/qiskit
45347f53b1379239,370,35,33,2,335,5,2,335,11,0.08914512338425382,0,26,2,16,0,Qiskit/qiskit
7a9fa2b387d1c322,861,10,9,0,851,13,5,851,14,0.017414850228236516,0,5,0,0,0,Qiskit/qiskit
9278f20b48977904,320,23,23,0,297,0,0,297,69,0.07187500000000001,0,20,0,14,0,Qiskit/qiskit
566d4707859f3f1b,35,0,0,0,35,0,0,35,0,0.0,0,0,0,0,0,Qiskit/qiskit
ae62ea43f453c8b7,250,23,23,0,227,0,0,227,4,0.092,0,22,0,20,0,Qiskit/qiskit
649655a633d7463c,90,8,8,0,82,3,0,82,46,0.09999999999999999,0,7,0,6,0,Qiskit/qiskit
5fd80c35713f1aad,187,1,1,0,186,1,0,186,33,0.005347593582887698,0,1,0,1,0,Qiskit/qiskit
5d954a14715fd55f,146,0,0,0,146,1,0,146,20,0.0,0,0,0,0,0,Qiskit/qiskit
106c4513818b31b8,136,5,4,0,131,2,0,131,17,0.03627450980392158,0,3,0,1,0,Qiskit/qiskit
c1e484709bee8274,1525,90,90,4,1435,76,4,1435,133,0.08655737704918032,0,87,2,59,0,Qiskit/qiskit
4a9b947a3c85ed88,62,5,5,1,57,0,1,57,8,0.06451612903225803,0,5,1,5,0,Qiskit/qiskit
9cbfe3c13ba234dd,392,16,7,0,376,15,0,376,134,0.02445978391356544,0,7,0,5,0,Qiskit/qiskit
a4c425c5c3bcb2ef,288,17,17,2,271,0,2,271,12,0.052083333333333356,0,16,2,8,0,Qiskit/qiskit
982c6dfea7ac141e,1246,295,287,10,951,0,10,951,27,0.22871119731768477,0,283,10,104,0,Qiskit/qiskit
83057a188fa322ef,316,12,11,4,304,7,4,304,28,0.022041390395820735,0,11,4,8,0,Qiskit/qiskit
336487aeda6bd753,107,12,8,1,95,4,1,95,17,0.12004355321658651,0,7,1,3,0,Qiskit/qiskit
2062ddd909151267,409,1,1,0,408,8,0,408,17,0.0024449877750611026,0,0,0,0,0,Qiskit/qiskit
620acf20d5a8ad30,442,2,0,0,440,0,0,440,58,0.0039798436857260335,0,0,0,0,0,Qiskit/qiskit
2e248e0ef74d4e95,297,4,2,0,293,4,0,293,62,0.006734006734006731,0,2,0,0,0,Qiskit/qiskit
c43e40f0781914fd,201,2,2,1,199,1,1,199,8,0.019900497512437818,0,2,1,2,0,Qiskit/qiskit
6378b1a4f57ac6ba,117,29,29,0,88,0,0,88,9,0.2478632478632479,0,26,0,19,0,Qiskit/qiskit
32e43f83eec9b203,252,18,18,0,234,0,0,234,9,0.07142857142857141,0,18,0,18,0,Qiskit/qiskit
cd0bbdd2d4a1201a,367,14,14,5,353,2,5,353,27,0.02452316076294274,0,13,5,10,0,Qiskit/qiskit
15f34bb87ae2dd6a,110,5,4,0,105,0,0,105,0,0.04520433694745626,0,4,0,0,0,Qiskit/qiskit
d6c67d0d2dd14bc2,9,1,1,0,8,0,0,8,0,0.11111111111111113,0,1,0,1,0,beeware/toga
07733c55ab3f62fd,4,1,1,0,3,0,0,3,0,0.25,0,1,0,1,0,beeware/toga
480282abf38a8cc7,4,1,0,0,3,0,0,3,0,0.0,0,0,0,0,0,beeware/toga
5eb3ba25c0b2379d,10,1,0,0,9,0,0,9,0,0.0,0,0,0,0,0,beeware/toga
19993b6cc0ff7cfc,9,1,1,0,8,0,0,8,0,0.11111111111111113,0,1,0,1,0,beeware/toga
6cc42800b5ea4e86,4,1,1,0,3,0,0,3,0,0.25,0,1,0,1,0,beeware/toga
0fddda2a0ba1458d,174,51,5,0,123,2,0,123,9,0.035188546077838265,0,3,0,0,0,beeware/toga
35d8258c63f04061,107,3,2,0,104,8,0,104,16,0.02803738317757009,0,1,0,1,0,beeware/toga
1294f728ef8c6e19,9,1,0,0,8,0,0,8,0,0.0,0,0,0,0,0,beeware/toga
028146669df390c1,4,1,1,0,3,0,0,3,0,0.25,0,1,0,1,0,beeware/toga
b3fad179b0174cad,188,16,14,0,172,6,0,172,8,0.07446808510638298,0,10,0,4,1,beeware/toga
a546daea1f942747,4,1,0,0,3,0,0,3,0,0.0,0,0,0,0,0,beeware/toga
fe89df60396ea053,4,1,0,0,3,0,0,3,0,0.0,0,0,0,0,0,beeware/toga
0fcf2a406bbd4666,4,1,1,0,3,0,0,3,0,0.25,0,1,0,1,0,beeware/toga
cd05786c9899df62,626,24,20,0,602,18,0,602,31,0.03346198083067091,0,13,0,9,0,beeware/toga
e515a4d71b1ff48b,82,0,0,0,82,0,0,82,1,0.0,0,0,0,0,0,beeware/toga
2956b63196437b18,9,1,1,0,8,0,0,8,0,0.11111111111111113,0,1,0,1,0,beeware/toga
e44734ca983f0518,9,1,1,0,8,0,0,8,0,0.11111111111111113,0,1,0,1,0,beeware/toga
3bfc4de2530084ed,4,1,1,0,3,0,0,3,0,0.25,0,1,0,1,0,beeware/toga
11d7e51c8eca75d5,150,13,12,0,137,0,0,137,0,0.08000000000000002,0,10,0,7,0,beeware/toga
75b7602fce143f00,214,1,0,0,213,8,0,213,34,0.0,0,0,0,0,0,beeware/toga
b3f3c4eb58624fde,150,13,8,0,137,9,0,137,14,0.06180180180180184,0,6,0,1,0,beeware/toga
c65c7c91d894ae67,4,1,1,0,3,0,0,3,0,0.25,0,1,0,1,0,beeware/toga
c3c7d02984b4aabb,4,1,0,0,3,0,0,3,0,0.0,0,0,0,0,0,beeware/toga
a48075ef6ec88b9a,4,1,0,0,3,0,0,3,0,0.0,0,0,0,0,0,beeware/toga
d705d9ef7a5c61b9,98,2,2,0,96,0,0,96,13,0.020408163265306076,0,2,0,0,0,WebAssembly/binaryen
ff6bb3ab3f2fa3b9,114,2,2,0,112,0,0,112,20,0.01754385964912278,0,2,0,0,0,WebAssembly/binaryen
b169e0beedc5b68d,1196,3,3,1,1193,0,1,1193,3,0.0016722408026755846,0,3,1,1,0,WebAssembly/binaryen
8d95dc7cb4da80fb,59,1,1,0,58,0,0,58,0,0.016949152542372874,0,1,0,0,0,WebAssembly/binaryen
1c30366cb5e99666,179,16,14,10,163,0,10,163,1,0.03314080106050566,0,14,10,10,0,WebAssembly/binaryen
d7a703bc377066c7,221,30,30,2,191,0,2,191,13,0.12669683257918554,0,30,6,6,0,WebAssembly/binaryen
dcd7077f6aa3090d,297,45,42,21,252,7,21,252,44,0.07819693533979248,1,35,18,21,1,WebAssembly/binaryen
f01fe9f423824240,1681,34,34,13,1647,88,17,1647,162,0.01487209994051162,0,28,17,17,0,WebAssembly/binaryen
865a925a57f1aba7,257,16,16,3,241,0,8,241,13,0.050583657587548604,0,16,9,9,0,WebAssembly/binaryen
7e1689129177dd9c,29,2,2,2,27,0,2,27,14,0.0,0,2,2,2,0,WebAssembly/binaryen
76d832786b2637e3,239,16,16,0,223,28,1,223,42,0.07531380753138073,0,16,1,1,0,WebAssembly/binaryen
fab621de282d440a,50,4,4,0,46,0,0,46,15,0.07999999999999999,0,4,1,1,0,WebAssembly/binaryen
a5594d8c25512208,4076,799,798,0,3277,596,1,3277,772,0.2062980065865127,1,798,3,3,0,WebAssembly/binaryen
6024835db74ef3f4,1436,0,0,0,1436,35,0,1436,84,0.0,0,0,0,0,0,WebAssembly/binaryen
257a21513183f344,88,2,2,2,86,0,2,86,16,0.0,0,2,2,2,0,WebAssembly/binaryen
591dd1af9b5a0dfb,444,17,16,0,427,4,1,427,24,0.03603603603603603,0,16,5,5,0,WebAssembly/binaryen
8e011d40bd99e388,578,28,28,3,550,4,4,550,31,0.04325259515570935,1,28,5,5,1,WebAssembly/binaryen
5c83336f7baf6c0f,114,1,1,0,113,10,0,113,29,0.00877192982456139,0,1,0,1,0,WebAssembly/binaryen
0ca0a97968b92c77,601,21,21,0,580,2,0,580,23,0.03494176372712146,1,21,0,0,1,WebAssembly/binaryen
165f6ebfeb79957a,314,46,46,2,268,5,4,268,5,0.14012738853503182,0,46,4,4,0,WebAssembly/binaryen
e447954a4cd92380,424,20,19,0,404,11,2,404,28,0.046996966858468284,0,19,3,3,0,WebAssembly/binaryen
6d664c1e025a7140,110,24,24,5,86,1,5,86,15,0.17272727272727278,0,24,8,8,0,WebAssembly/binaryen
de551e8781331c29,86,2,2,2,84,0,2,84,0,0.0,0,2,2,2,0,WebAssembly/binaryen
c5ef9dac18a703eb,2083,214,212,25,1869,67,25,1869,116,0.09249157098565164,1,209,23,26,1,WebAssembly/binaryen
fcdd09c8eed51cd9,34,0,0,0,34,0,0,34,14,0.0,0,0,0,0,0,WebAssembly/binaryen
bc014b16375d3625,329,78,19,3,251,6,3,251,6,0.048632218844984754,0,17,2,3,0,nix-darwin/nix-darwin
dacc83b5a475ec0a,55,3,3,0,52,0,0,52,0,0.05454545454545455,0,3,0,3,0,react/react
c6aef029dd77a222,16,1,1,0,15,0,0,15,0,0.0625,0,1,0,1,0,react/react
acc49e39aea63497,115,3,3,2,112,0,2,112,0,0.008695652173913018,0,3,2,3,0,react/react
e4b8151ef032be84,4,1,1,0,3,0,0,3,0,0.25,0,1,0,1,0,react/react
ed44d66633c96e21,79,3,3,1,76,1,1,76,2,0.02531645569620257,0,3,1,3,0,react/react
6e6bbd46bd9e302d,44,3,3,1,41,0,1,41,1,0.04545454545454545,0,3,1,3,0,react/react
8f52d2aa8cf09f75,55,1,1,0,54,1,0,54,1,0.018181818181818184,0,1,0,1,0,react/react
edfed3bb234041c0,955,62,62,8,893,40,8,893,91,0.05654450261780108,0,59,8,59,0,react/react
ccce24470acb3340,37,1,1,0,36,1,0,36,6,0.02702702702702703,0,1,0,1,0,react/react
1987306533357c85,20,3,3,1,17,0,1,17,12,0.09999999999999999,0,3,1,3,0,react/react
4348cb0e08b2d829,14,1,1,0,13,0,0,13,0,0.07142857142857141,0,1,0,1,0,react/react
0daa0e699e1cf159,93,8,8,8,85,2,8,85,2,0.0,0,8,8,8,0,react/react
066deb3feecda92d,16,1,1,0,15,0,0,15,0,0.0625,0,1,0,1,0,react/react
d51254516f1a2b27,9,3,3,0,6,0,0,6,0,0.33333333333333337,0,3,0,3,0,react/react
76aab72567a44cf7,14,2,2,0,12,0,0,12,0,0.14285714285714285,0,2,0,2,0,react/react
346c1e33ce859550,21,1,1,0,20,0,0,20,0,0.047619047619047644,0,1,0,1,0,react/react
a074905985fc3635,67,1,1,1,66,0,1,66,0,0.0,0,1,1,1,0,react/react
fc500230513a06f1,4579,752,736,69,3827,376,76,3827,675,0.15134308801048266,0,727,72,727,0,react/react
6d927970974787d2,29,4,4,3,25,0,3,25,0,0.034482758620689634,0,4,3,4,0,react/react
ed15e9230d61ac27,15,3,3,0,12,0,0,12,0,0.19999999999999998,0,3,0,3,0,react/react
7264732cf5f64266,104,7,7,4,97,1,4,97,1,0.02884615384615385,0,7,4,7,0,react/react
0b640476221d23a6,12,2,2,0,10,0,0,10,0,0.16666666666666669,1,2,0,2,1,react/react
0b10b6dd1b02fef0,11,3,3,1,8,0,1,8,0,0.1818181818181818,1,3,1,3,1,react/react
d6567b9d3713bb48,39,3,3,2,36,0,2,36,0,0.02564102564102565,0,3,2,3,0,react/react
9087747bdc8a7724,17,4,4,2,13,0,2,13,0,0.11764705882352942,0,4,2,4,0,react/react
9b66951a2a2e1e0d,177,13,13,0,164,0,0,164,16,0.07344632768361584,0,13,0,11,0,ibis-project/ibis
c0017b75d059bdf5,146,8,8,0,138,0,0,138,9,0.0547945205479452,0,8,0,8,0,ibis-project/ibis
1794d32f8c32342a,92,1,1,0,91,0,0,91,1,0.010869565217391304,0,1,0,1,0,ibis-project/ibis
cf89fd4f197f0f44,480,40,40,0,440,0,1,440,25,0.060416666666666646,0,40,0,11,0,ibis-project/ibis
4cce3683e93dfce6,265,6,6,0,259,19,0,259,34,0.02264150943396226,0,6,0,6,0,ibis-project/ibis
7741b9bb82410d26,304,3,3,0,301,22,0,301,32,0.009868421052631552,0,3,0,3,0,ibis-project/ibis
336602d1853476c0,149,5,5,0,144,0,0,144,13,0.03355704697986575,0,5,0,5,0,ibis-project/ibis
185a9070d34ea803,2207,205,204,0,2002,294,10,2002,389,0.08971454463072043,0,204,0,191,1,ibis-project/ibis
dfb8dbfcf8f1b4e4,534,9,9,0,525,4,0,525,20,0.01872659176029959,0,9,0,9,0,ibis-project/ibis
1180575904518436,309,13,11,0,296,0,0,296,4,0.03559870550161813,0,11,0,11,0,ibis-project/ibis
a87d0374de794280,1684,35,35,0,1649,11,0,1649,71,0.02078384798099762,1,35,0,35,1,ibis-project/ibis
8947a4e3742259c1,341,16,16,0,325,14,6,325,23,0.029325513196480975,1,16,0,7,0,ibis-project/ibis
6c319857188e86c4,1760,8,6,0,1752,13,0,1752,178,0.0034090909090909133,0,6,0,1,0,ibis-project/ibis
ed581e6446b8c2f2,54,3,3,0,51,0,0,51,0,0.05555555555555554,0,3,0,3,0,ibis-project/ibis
2501111444c017dc,229,34,34,0,195,42,0,195,64,0.148471615720524,0,34,0,31,0,ibis-project/ibis
dbf6752c42b2b7c3,392,28,23,0,364,0,0,364,0,0.058673469387755084,0,23,0,0,0,ibis-project/ibis
7bcade65f671f472,284,10,10,0,274,0,0,274,34,0.03521126760563381,0,10,0,10,0,ibis-project/ibis
ec07a229092a7601,989,6,5,0,983,2,0,983,187,0.005055611729019219,0,5,0,5,0,ibis-project/ibis
1c5f217d76d330d8,1790,0,0,0,1790,23,0,1790,233,0.0,0,0,0,0,0,ibis-project/ibis
00dade990ef4586e,1191,0,0,0,1191,8,0,1191,69,0.0,0,0,0,0,0,ibis-project/ibis
f46b4d0c50442bf2,480,9,7,0,471,9,0,471,14,0.016666666666666705,0,7,0,7,0,ibis-project/ibis
58602885988bf9a3,1059,0,0,0,1059,1,0,1059,21,0.0,0,0,0,0,0,ibis-project/ibis
e61b8e67c8b1e840,89,9,5,0,80,0,0,80,2,0.05617977528089889,0,5,0,2,0,ibis-project/ibis
d407873a71ae64d1,577,45,45,0,532,3,0,532,24,0.07452339688041595,0,45,0,41,0,ibis-project/ibis
912bf5e0f6938fb9,156,2,2,0,154,2,0,154,15,0.012820512820512794,0,2,0,1,0,ibis-project/ibis
b44969bfba3abad3,95,1,0,0,94,0,0,94,27,0.010526315789473713,0,0,0,0,0,apache/cassandra
f26b373f41d2bad3,158,2,1,0,156,43,1,156,68,0.012658227848101243,0,1,1,1,0,apache/cassandra
4cb7ef7fcba7d957,141,1,0,0,140,0,0,140,27,0.006940222897669754,0,0,0,0,0,apache/cassandra
04b7727b3575a963,1044,10,6,0,1034,0,3,1034,91,0.00957854406130268,0,6,6,6,0,apache/cassandra
ca194f9054d70904,183,4,2,0,179,0,1,179,21,0.02185792349726777,0,2,2,2,0,apache/cassandra
23ecd67febe68ce5,73,3,2,0,70,0,2,70,26,0.041095890410958916,0,2,2,2,0,apache/cassandra
f516ad8b2d22468b,309,1,0,0,308,0,0,308,19,0.0032362459546925373,0,0,0,0,0,apache/cassandra
86656cecdc365c9b,35,1,0,0,34,3,0,34,21,0.0,0,0,0,0,0,apache/cassandra
6bcf3e883313b6a4,153,3,2,0,150,0,2,150,23,0.019607843137254923,0,2,2,2,0,apache/cassandra
6bb31048f3684b1d,192,3,2,0,189,0,2,189,25,0.015625000000000028,0,2,2,2,0,apache/cassandra
b1163d380bc90160,183,1,0,0,182,0,0,182,35,0.005464480874316944,0,0,0,0,0,apache/cassandra
b8851b870d41d454,469,1,0,0,468,1,0,468,45,0.0021321961620468757,0,0,0,0,0,apache/cassandra
9e82aad980330673,241,1,1,0,240,0,1,240,1,0.004149377593360988,0,1,1,1,0,apache/cassandra
68b427b453862ecb,36,1,0,0,35,0,0,35,17,0.026190476190476198,0,0,0,0,0,apache/cassandra
af8f81b337d8a6cc,157,6,5,0,151,0,2,151,26,0.03821656050955411,0,5,5,5,0,apache/cassandra
bac90cc39170798f,132,1,0,0,131,1,0,131,20,0.004973398103169132,0,0,0,0,0,apache/cassandra
37ce3028cdbd11da,108,1,0,0,107,0,0,107,17,0.007961232260297671,0,0,0,0,0,apache/cassandra
5de01475c637d62c,159,14,13,0,145,0,3,145,24,0.08805031446540879,0,13,13,13,0,apache/cassandra
d19fb1f63342fa30,37,1,0,0,36,1,0,36,26,0.025525525525525478,0,0,0,0,0,apache/cassandra
111183a947b19b5b,1146,12,12,0,1134,0,0,1134,29,0.010471204188481681,0,12,0,0,0,apache/cassandra
041442c27aef77b2,535,33,31,0,502,27,6,502,67,0.06168224299065422,0,31,2,2,0,apache/cassandra
07218adefdd7c1fc,577,14,13,0,563,8,1,563,37,0.02426343154246102,0,13,0,0,0,apache/cassandra
f57518f964c71328,2264,3,1,0,2261,264,1,2261,433,0.0013250883392226073,0,1,1,1,0,apache/cassandra
d13b3a89bb2489ff,1105,2,2,0,1103,41,2,1103,90,0.001809954751131222,0,2,2,2,0,apache/cassandra
0a4c6244c4468d0c,201,2,1,0,199,0,1,199,51,0.009950248756218876,0,1,1,1,0,apache/cassandra
e109d9098b677f95,109,21,19,0,88,0,0,88,0,0.19266055045871558,0,18,3,15,0,verl-project/verl
a1f890100402cd53,38,1,1,0,37,0,0,37,0,0.026315789473684195,0,1,0,0,0,verl-project/verl
ddeb065d504b1e52,116,13,13,0,103,0,0,103,0,0.11206896551724141,0,11,1,6,0,verl-project/verl
b6333ce957c75b28,117,9,7,0,108,0,0,108,12,0.0767744332961724,0,6,0,0,0,verl-project/verl
7880b8c880eafa61,410,62,60,0,348,1,0,348,33,0.15120755619320903,0,46,0,0,0,verl-project/verl
409cb95d67838319,81,0,0,0,81,10,0,81,26,0.0,0,0,0,0,0,verl-project/verl
97547d0add24c845,67,0,0,0,67,2,0,67,17,0.0,0,0,0,0,0,verl-project/verl
3d988d923c86bb66,177,20,18,0,157,12,2,157,20,0.12422921711057304,0,16,1,13,0,verl-project/verl
b3d7855ca3d4ca1e,154,26,2,0,128,0,0,128,49,0.019222499354949685,0,2,0,0,0,verl-project/verl
7d8baa13741a3ba9,1295,2,2,0,1293,83,0,1293,174,0.0015444015444015485,0,1,0,0,0,verl-project/verl
d496c41ac3874e83,32,16,15,0,16,0,0,16,0,0.5,1,14,0,0,1,verl-project/verl
a579ef05ae064230,135,7,5,0,128,11,0,128,11,0.0518518518518518,0,5,0,3,0,verl-project/verl
fe622888784778cf,873,34,32,12,839,10,13,839,163,0.024053669199323235,0,30,12,14,0,verl-project/verl
8355e1e4d22f1cc5,422,45,39,0,377,1,1,377,62,0.09944123335859469,0,38,0,0,0,verl-project/verl
8922f977d529e472,596,11,10,0,585,26,0,585,66,0.020120128588348076,0,9,1,6,0,verl-project/verl
25157fd1cdb544df,518,0,0,0,518,46,0,518,80,0.0019305019305019286,0,0,0,0,0,verl-project/verl
1274a584cf58617b,203,2,2,0,201,29,0,201,62,0.009852216748768468,1,1,0,0,0,verl-project/verl
eac5d4c750df952d,128,21,19,3,107,0,4,107,23,0.140625,0,18,4,16,0,verl-project/verl
3649b76524ff9944,200,9,9,0,191,0,0,191,40,0.044999999999999964,0,6,0,0,0,verl-project/verl
c847f9b550e2838c,348,30,25,0,318,5,0,318,5,0.08324955598002748,0,24,0,9,0,verl-project/verl
23ecfcdeee600a72,676,57,50,2,619,30,2,619,33,0.08125259815497826,0,46,2,24,0,verl-project/verl
2b42b7a994a3182a,108,19,17,0,89,1,0,89,1,0.17592592592592593,0,17,0,14,0,verl-project/verl
c2ed2977957dfdff,484,48,45,0,436,9,0,436,160,0.0970218845712917,0,36,0,1,0,verl-project/verl
bd3282ec14566c9b,217,5,4,0,212,23,0,212,48,0.023041474654377864,0,3,0,0,0,verl-project/verl
cdbe94fef3f9e2b2,239,94,91,16,145,0,16,145,13,0.3221757322175732,0,85,16,23,1,verl-project/verl
033f04c6386e72ab,41,7,6,0,34,0,0,34,0,0.16585365853658535,0,5,0,1,0,beetbox/beets
6756be0f347ac6e8,72,7,6,0,65,12,0,65,12,0.0942879499217528,0,6,0,0,0,beetbox/beets
cf470ad5d3e5cafd,71,29,26,0,42,0,0,42,0,0.4084507042253521,1,24,0,4,1,beetbox/beets
bb9415ebeb75a7b1,267,51,16,0,216,5,0,216,9,0.07137629687029147,0,15,0,0,0,beetbox/beets
943769bec5d00418,18,1,0,0,17,0,0,17,4,0.05228758169934642,0,0,0,0,0,beetbox/beets
8a4864e00812b1c0,124,5,4,0,119,3,0,119,41,0.032258064516129024,0,4,0,0,0,beetbox/beets
81abf71ae549e268,141,3,3,0,138,0,0,138,0,0.021276595744680868,0,2,0,0,0,beetbox/beets
1e126026cd0c6a59,89,1,1,0,88,0,0,88,0,0.011235955056179789,0,1,0,0,0,beetbox/beets
3aa9cc4d4612d198,69,69,11,0,0,0,0,0,0,0.2028985507246377,0,0,0,0,0,beetbox/beets
79343d662e965646,142,51,44,0,91,0,0,91,0,0.35878977569118414,1,38,1,6,1,beetbox/beets
4210083910f605b2,48,13,10,0,35,0,1,35,0,0.20833333333333334,1,10,0,0,1,beetbox/beets
ea6c0d7bbacd2acb,368,4,4,0,364,0,0,364,8,0.010869565217391328,0,4,0,0,0,beetbox/beets
cfcaae5866be6ed1,318,77,76,0,241,11,3,241,34,0.24480685673471816,1,76,2,11,1,beetbox/beets
c1d679a506e5f395,43,15,15,0,28,0,0,28,0,0.3488372093023256,0,12,0,0,0,beetbox/beets
0b73870a2e6c32c5,505,161,154,12,344,13,15,344,27,0.2888243315349499,0,142,13,55,0,beetbox/beets
5c75463ae73b82a9,68,17,14,0,51,1,0,51,1,0.2404977375565611,1,11,0,3,0,beetbox/beets
ef13071cb49155b4,59,23,23,1,36,0,1,36,1,0.37288135593220334,0,19,0,17,0,beetbox/beets
00a4c9946ee8f554,60,7,6,0,53,0,0,53,0,0.1155367231638418,0,5,0,0,0,beetbox/beets
ae31dbadd02e6cc7,746,134,114,2,612,30,3,612,76,0.1616421367474604,0,107,8,58,0,beetbox/beets
e3c0d980ed0944b6,127,46,1,0,81,0,0,81,0,0.02078223828578804,0,0,0,0,0,beetbox/beets
dfaed869e6400562,83,29,26,0,54,0,0,54,8,0.34804216867469884,1,22,1,4,1,beetbox/beets
1268671ce42e92b3,439,217,165,1,222,27,2,222,32,0.4715320068802008,1,155,5,60,1,beetbox/beets
a44be21bb6456ea2,251,82,76,0,169,1,0,169,3,0.3277502235954143,0,69,0,23,0,beetbox/beets
56d429e4fede94a7,158,72,62,0,86,29,1,86,33,0.4548409168662333,1,57,1,31,1,beetbox/beets
d4196fe955ac8919,56,17,17,0,39,0,0,39,0,0.3035714285714286,0,17,0,4,0,beetbox/beets
b4f6eeb9ed9b7452,57,5,4,2,52,7,4,52,7,0.03508771929824561,0,4,4,4,0,refined-github/refined-github
7b768bc050b390d9,115,3,3,0,112,2,1,112,5,0.01739130434782609,0,3,0,0,0,refined-github/refined-github
35b85bc3f2718c00,44,5,3,0,39,2,2,39,2,0.045454545454545456,0,3,1,1,0,refined-github/refined-github
f3b72fca6ee38f6b,29,4,4,0,25,14,0,25,14,0.0,0,3,3,3,0,refined-github/refined-github
7be7f1e477cbaa15,55,0,0,0,55,0,0,55,0,0.0,0,0,0,0,0,refined-github/refined-github
d5424365adccb881,20,1,0,0,19,0,0,19,0,0.0,0,0,0,0,0,refined-github/refined-github
0bec1a64457360fe,36,1,1,0,35,0,1,35,0,0.027777777777777783,0,1,1,1,0,refined-github/refined-github
0ed674285b9bd6ff,40,1,1,0,39,0,1,39,0,0.02499999999999996,0,1,1,1,0,refined-github/refined-github
21dc5a65fdcdd423,249,74,52,0,175,0,2,175,18,0.21958855831489218,0,37,2,2,0,refined-github/refined-github
0a2ae7dcab15e412,56,0,0,0,56,0,0,56,13,0.0,0,0,0,0,0,refined-github/refined-github
fe668b2054c90009,41,2,1,0,39,0,0,39,4,0.024390243902439036,0,1,0,0,0,refined-github/refined-github
06fa9fd96839b8d3,102,12,8,0,90,7,4,90,7,0.0882352941176471,0,8,6,6,0,refined-github/refined-github
ead3284a61345df6,75,11,10,3,64,2,5,64,11,0.07999999999999999,0,7,4,6,0,refined-github/refined-github
0f928e01cfab4850,96,7,6,0,89,10,2,89,8,0.05208333333333335,0,5,2,2,0,refined-github/refined-github
9996b7a069fd2574,86,15,5,0,71,1,3,71,1,0.05813953488372091,0,5,3,3,0,refined-github/refined-github
8691b532251d48f6,29,2,1,0,27,1,0,27,1,0.034482758620689655,0,1,0,0,0,refined-github/refined-github
2c749bad9edfd496,27,1,1,0,26,6,0,26,6,0.03703703703703706,0,1,0,0,0,refined-github/refined-github
b9fe3ca60def242a,151,10,8,0,141,8,4,141,10,0.03311258278145693,0,8,3,3,0,refined-github/refined-github
4f091437818663a7,223,142,124,0,81,0,0,81,1,0.5560538116591929,0,124,0,0,0,refined-github/refined-github
a24f014d7cd2bf18,94,3,2,0,91,19,1,91,19,0.010638297872340425,0,2,0,0,0,refined-github/refined-github
9525861c29764041,9,2,2,0,7,0,0,7,0,0.1111111111111111,0,2,0,0,0,refined-github/refined-github
2932ee419fbaa47c,29,0,0,0,29,2,0,29,2,0.0,0,0,0,0,0,refined-github/refined-github
202161af6e371a1a,61,20,16,0,41,0,0,41,1,0.2622950819672131,0,13,0,2,0,refined-github/refined-github
56f537b5107d435a,24,3,2,0,21,0,1,21,0,0.08333333333333334,0,2,1,1,0,refined-github/refined-github
fc9c0517dc4370a4,15,1,1,0,14,0,0,14,0,0.06666666666666671,0,1,0,0,0,refined-github/refined-github
2bf1533512765e9a,3002,41,37,0,2961,80,0,2961,339,0.014295339686817616,0,32,0,10,0,geopandas/geopandas
f9b483ede23781fb,263,9,0,0,254,1,0,254,121,0.001660766574887465,0,0,0,0,0,geopandas/geopandas
fa9c9849125b2fcb,184,0,0,0,184,0,0,184,0,0.0,0,0,0,0,0,geopandas/geopandas
c30704341b40871d,756,17,17,1,739,5,2,739,42,0.023809523809523808,0,12,2,7,0,geopandas/geopandas
3781ef5c6cd4514c,306,81,65,14,225,47,19,225,49,0.3104575163398693,0,57,16,33,0,geopandas/geopandas
563232722dc1816d,457,22,22,1,435,0,1,435,132,0.04595185995623631,0,22,1,4,0,geopandas/geopandas
04e847f5065b7f37,468,2,0,0,466,114,0,466,88,0.0405982905982906,0,0,0,0,0,geopandas/geopandas
eca12c0a30e25b4b,380,7,1,0,373,0,0,373,42,0.01842105263157894,0,1,0,0,0,geopandas/geopandas
512ec3ec275984fd,605,0,0,0,605,95,0,605,223,0.0,0,0,0,0,0,geopandas/geopandas
e05c6680e60e4182,607,57,12,0,550,32,0,550,138,0.011907906381472336,0,11,0,0,0,geopandas/geopandas
29684d3fc06c473d,181,5,3,0,176,12,1,176,14,0.027130466989721908,0,3,1,3,0,geopandas/geopandas
8d5154d86d429cea,24,4,3,0,20,0,0,20,1,0.16666666666666663,0,3,0,0,0,geopandas/geopandas
54dbc922ec93a15e,233,19,0,0,214,0,0,214,19,0.0,0,0,0,0,0,geopandas/geopandas
6de54d344de070ef,454,29,27,0,425,67,0,425,88,0.08149779735682822,1,21,0,12,0,geopandas/geopandas
c36d3bb87e16d2a2,243,12,9,1,231,1,1,231,142,0.03292181069958852,0,9,1,5,0,geopandas/geopandas
a0b5bbb0d800c4ba,884,33,8,0,851,0,0,851,183,0.010142518545879886,0,7,0,0,0,geopandas/geopandas
4876881e324ea582,147,73,58,0,74,0,0,74,0,0.49505256648113793,1,50,0,6,1,geopandas/geopandas
4a5bf9c0c3c07295,71,32,27,0,39,0,0,39,0,0.45070422535211263,1,22,0,10,1,geopandas/geopandas
88683843e9e78c85,147,47,40,4,100,8,5,100,8,0.2925170068027211,1,33,5,20,1,geopandas/geopandas
3c62e599669a7f1a,2726,130,120,3,2596,40,3,2596,252,0.04694187921974925,0,98,4,34,0,geopandas/geopandas
68eec38a4ee07b52,1053,3,3,0,1050,9,0,1050,172,0.008547008547008546,0,3,1,3,0,geopandas/geopandas
3b382c13e42cb1c9,72,6,6,1,66,0,0,66,21,0.06944444444444449,0,6,1,6,0,geopandas/geopandas
947e136b2848c1c1,741,3,2,0,738,21,0,738,48,0.00404858299595141,0,1,0,0,0,geopandas/geopandas
bb7a412c96ab8a10,73,0,0,0,73,0,0,73,0,0.0,0,0,0,0,0,geopandas/geopandas
f66be483d5a33e3e,896,46,42,0,850,34,2,850,52,0.0513392857142857,0,38,1,24,0,geopandas/geopandas
eceb919773021af8,9,0,0,0,9,0,0,9,0,0.0,0,0,0,0,0,bpftrace/bpftrace
f6bea5bb780ac5ca,1606,35,29,0,1571,174,0,1571,233,0.019302615193026153,0,27,1,24,0,bpftrace/bpftrace
cc2f54c5b22e2ca9,9,0,0,0,9,0,0,9,0,0.0,0,0,0,0,0,bpftrace/bpftrace
ae6bbf344c49d483,233,9,3,0,224,4,0,224,14,0.012875536480686685,0,3,0,3,0,bpftrace/bpftrace
eda2af09c6bb253f,1409,17,17,0,1392,165,0,1392,240,0.015613910574875805,0,17,0,17,0,bpftrace/bpftrace
41acb2645f4dd0c6,58,1,1,0,57,0,0,57,0,0.017241379310344848,0,1,0,1,0,bpftrace/bpftrace
c2d8e60adbfb627e,31,1,1,0,30,0,0,30,0,0.03225806451612902,0,1,0,1,0,bpftrace/bpftrace
0fb35589916c1214,58,0,0,0,58,2,0,58,9,0.0,0,0,0,0,0,bpftrace/bpftrace
bb28421aa9b564b9,235,0,0,0,235,1,0,235,1,0.0,0,0,0,0,0,bpftrace/bpftrace
7a55a0a3f807d601,18,1,0,0,17,0,0,17,0,0.0,0,0,0,0,0,bpftrace/bpftrace
2aa71460eb0ef32f,117,1,1,0,116,17,0,116,17,0.008547008547008572,0,1,0,1,0,bpftrace/bpftrace
abf032c79c03fb4b,37,3,3,0,34,0,0,34,0,0.08108108108108106,0,3,0,3,0,bpftrace/bpftrace
412155a7598e7717,696,10,10,0,686,14,0,686,18,0.014367816091954009,0,9,0,9,0,bpftrace/bpftrace
fc4b09451f5ba972,132,0,0,0,132,18,0,132,28,0.0,0,0,0,0,0,bpftrace/bpftrace
56517a16b9be93b8,12,1,0,0,11,0,0,11,0,0.0,0,0,0,0,0,bpftrace/bpftrace
10ed27dee88d3dd3,41,5,5,0,36,0,0,36,0,0.1219512195121951,0,5,0,5,0,bpftrace/bpftrace
f141339ea47051cb,21,1,0,0,20,0,0,20,0,0.0,0,0,0,0,0,bpftrace/bpftrace
3ff2155657c597cf,1462,3,3,0,1459,74,0,1459,90,0.002051983584131327,0,3,0,2,0,bpftrace/bpftrace
f38b31ef7da21a69,407,3,3,0,404,0,0,404,65,0.007371007371007367,0,2,0,2,0,bpftrace/bpftrace
d8ec89130c0ee0f9,187,0,0,0,187,1,0,187,1,0.0,0,0,0,0,0,bpftrace/bpftrace
3d80d60dba9cfc34,2545,32,32,3,2513,107,3,2513,283,0.012573673870333988,0,32,3,17,0,bpftrace/bpftrace
bebaa6c49773b4cf,29,1,1,0,28,0,0,28,0,0.03448275862068964,0,1,0,1,0,bpftrace/bpftrace
dabc151217fd7418,247,0,0,0,247,8,0,247,8,0.0,0,0,0,0,0,bpftrace/bpftrace
f06a5271579e2630,33,3,3,0,30,0,0,30,0,0.0909090909090909,0,2,1,1,0,bpftrace/bpftrace
83bdf4d6386ee04b,92,0,0,0,92,0,0,92,0,0.0,0,0,0,0,0,bpftrace/bpftrace
ea763fdb2cbd2223,3760,2,2,2,3758,35,2,3758,55,0.0,0,2,2,2,0,vim/vim
a3ba5fb329c14069,3546,1,1,1,3545,139,1,3545,207,0.0,0,1,1,1,0,vim/vim
d5920a54fc6fff9b,4321,0,0,0,4321,135,0,4321,148,0.0,0,0,0,0,0,vim/vim
8cb1e0bcf7fdc663,4721,8,8,8,4713,146,3,4713,1589,0.0,0,8,8,8,0,vim/vim
652732b65cd75921,3401,3,3,1,3398,116,1,3398,118,0.0005880623346074885,0,2,1,2,0,vim/vim
867b39b172892a0c,2304,9,9,0,2295,63,0,2295,68,0.00390625,0,4,0,4,0,vim/vim
cd16a44020ec2a52,1293,131,126,98,1162,51,88,1162,64,0.0,0,82,82,82,0,vim/vim
bdbc2955a3e93588,1448,2,2,2,1446,130,2,1446,150,0.0,0,2,2,2,0,vim/vim
4516b9bd86fff36e,4445,1,1,1,4444,69,1,4444,82,0.0,0,1,1,1,0,vim/vim
e839d5afaa153b26,3408,12,12,12,3396,67,12,3396,149,0.0,0,12,12,12,0,vim/vim
340ac6bc5c3f06af,2528,47,44,28,2481,319,15,2481,260,0.0,0,38,38,38,0,vim/vim
350d2274a72ac84c,3009,13,13,13,2996,66,13,2996,74,0.0,0,13,13,13,0,vim/vim
02f14cec58c0040e,1052,3,3,3,1049,28,3,1049,28,0.0,0,3,3,3,0,vim/vim
ddb623c7d8d649ef,3371,2,2,0,3369,121,0,3369,175,0.0005932957579353304,0,1,0,1,0,vim/vim
a6dcb0608cf96888,2982,217,213,175,2765,1215,175,2765,1220,0.0318578135479544,0,204,167,172,0,vim/vim
7d80d5c7ed23fc27,634,2,2,0,632,1,0,632,1,0.0031545741324921035,0,1,0,1,0,vim/vim
d66efb720268762c,3796,0,0,0,3796,219,0,3796,252,0.0,0,0,0,0,0,vim/vim
4d23e811c234b1ba,3910,1,1,1,3909,184,1,3909,186,0.0,0,1,1,1,0,vim/vim
4ec0c852d2522fd6,1460,7,7,7,1453,0,7,1453,0,0.0,0,7,7,7,0,vim/vim
d8a7b8c4e1c9f1a2,428,1,1,1,427,12,1,427,12,0.0,0,1,1,1,0,vim/vim
f4ef62406769e02b,2198,4,4,1,2194,106,1,2194,112,0.0013648771610554966,0,4,1,1,0,vim/vim
40e056371fe28c3c,231,20,10,0,211,0,0,211,3,0.08658008658008658,0,10,0,0,0,vim/vim
2beee4147fc290ab,523,76,76,67,447,121,61,447,146,0.04015296367112811,0,74,69,71,0,vim/vim
cbf91a87d3f07d2a,4667,4,4,4,4663,246,4,4663,260,0.0,0,4,4,4,0,vim/vim
336fe0683677213d,4338,17,17,14,4321,91,14,4321,90,0.0004610419548178885,0,14,13,14,0,vim/vim
e99c611c5d5e2a73,263,7,1,1,256,0,1,256,0,0.0,0,1,1,1,0,renpy/renpy
cd1a9b58afa50715,2811,141,13,8,2670,22,1,2670,141,0.002366766658906556,0,13,9,9,0,renpy/renpy
0fa685576768730a,15,1,0,0,14,0,0,14,0,0.0,0,0,0,0,0,renpy/renpy
3539fb1f282a0adf,904,44,1,0,860,81,0,860,83,0.0,0,1,1,1,0,renpy/renpy
a2bd2deb02e19516,504,48,6,5,456,0,5,456,7,0.00026876620502121976,0,6,6,6,0,renpy/renpy
1ac96ecc109267c2,298,53,0,0,245,10,0,245,10,0.0,0,0,0,0,0,renpy/renpy
6e590c5f66858d1f,441,5,0,0,436,0,0,436,59,0.00013429821435028766,0,0,0,0,0,renpy/renpy
1b010fc16655c241,208,2,0,0,206,0,0,206,15,0.0,0,0,0,0,0,renpy/renpy
ad38122dabbfe81b,91,1,0,0,90,0,0,90,0,0.0,0,0,0,0,0,renpy/renpy
28f15154dd8d91fd,107,9,0,0,98,0,0,98,0,0.0,0,0,0,0,0,renpy/renpy
b5b3d9c74887c52c,1573,50,0,0,1523,9,0,1523,110,4.130206793784795e-05,0,0,0,0,0,renpy/renpy
7fc9b29afcbc8d68,88,5,0,0,83,0,0,83,5,0.0,0,0,0,0,0,renpy/renpy
95e775af16812a94,734,131,4,0,603,38,0,603,38,7.4346402192063815e-06,0,4,2,2,0,renpy/renpy
9c341eebc74dbd20,857,53,22,20,804,52,20,804,65,0.0023816005285758083,0,22,22,22,0,renpy/renpy
5061088c6e29319d,1038,117,6,2,921,20,2,921,26,0.004167835830667619,0,6,2,2,0,renpy/renpy
b866b3df68e0059e,639,76,11,2,563,25,2,563,33,0.015916817519537246,0,10,2,9,0,renpy/renpy
d7c09e739a2ccc09,161,4,0,0,157,0,0,157,0,0.0,0,0,0,0,0,renpy/renpy
065cad057b8ba2b4,546,10,0,0,536,0,0,536,1,0.0,0,0,0,0,0,renpy/renpy
0b52a67ccb3e5839,187,26,0,0,161,0,0,161,0,0.0,0,0,0,0,0,renpy/renpy
6ebb885c47f6928e,906,2,0,0,904,9,0,904,38,0.0,0,0,0,0,0,renpy/renpy
5ae3e012a9bbd4b6,358,34,0,0,324,0,0,324,0,0.0,0,0,0,0,0,renpy/renpy
e4e7c5b4d349f189,993,136,14,1,857,121,1,857,121,0.005266939210192838,0,14,1,1,0,renpy/renpy
7758a1147dc8782e,62,2,0,0,60,1,0,60,1,0.0,0,0,0,0,0,renpy/renpy
ef8b03198cc0b220,141,3,0,0,138,0,0,138,0,0.0,0,0,0,0,0,renpy/renpy
65d77c643e0cace2,223,6,0,0,217,0,0,217,5,0.0,0,0,0,0,0,renpy/renpy
52d75492ba307920,586,68,57,3,518,284,9,518,283,0.26597391516333496,0,43,8,20,0,payloadcms/payload
6579c0b215c348a1,324,2,2,0,322,30,0,322,34,0.006172839506172867,0,2,0,0,0,payloadcms/payload
817e0d46f8b24cbd,213,1,0,0,212,11,0,212,12,0.0,0,0,0,0,0,payloadcms/payload
cbf314a6f4d560a6,649,28,2,0,621,33,0,621,57,0.01178029604104415,0,0,0,0,0,payloadcms/payload
1f0a3353bd5fe68b,56,9,7,0,47,0,0,47,0,0.16005291005291003,0,5,4,5,0,payloadcms/payload
821e5da5dc181c5b,343,3,3,0,340,42,0,340,82,0.008746355685131197,0,2,0,2,0,payloadcms/payload
3d4497f36f519b21,30,9,7,0,21,0,0,21,0,0.2976190476190476,1,4,1,2,1,payloadcms/payload
101bcce7fc9ab38c,739,18,1,0,721,376,1,721,375,0.024357239512855226,0,1,1,1,0,payloadcms/payload
9e0a77f40d83c053,462,0,0,0,462,178,0,462,179,0.0,0,0,0,0,0,payloadcms/payload
c83c09dd71c37fbc,25,2,1,0,23,0,0,23,0,0.07999999999999996,0,1,1,1,0,payloadcms/payload
24697e36b257f304,1249,10,7,1,1239,108,1,1239,200,0.0072057646116893805,0,4,2,4,0,payloadcms/payload
5c9a7dbf0f39483f,367,0,0,0,367,0,0,367,0,0.0,0,0,0,0,0,payloadcms/payload
a030e4c858c422ea,236,0,0,0,236,0,0,236,49,0.0,0,0,0,0,0,payloadcms/payload
16093d4fe8971239,45,0,0,0,45,0,0,45,0,0.0,0,0,0,0,0,payloadcms/payload
2e3af926ff30b6fd,261,41,34,0,220,2,0,220,27,0.15316655397791298,0,31,5,26,0,payloadcms/payload
8b1c7d9a3fa7c8b0,13,2,0,0,11,0,0,11,0,0.0,0,0,0,0,0,payloadcms/payload
a97fae8b5a6f71b1,113,2,0,0,111,0,0,111,3,0.0,0,0,0,0,0,payloadcms/payload
9a24bd9fc1ccacb8,92,1,1,0,91,0,0,91,5,0.0,0,0,0,0,0,payloadcms/payload
1f9d818483deb8c5,44,17,12,0,27,1,0,27,3,0.3776223776223776,0,11,1,8,0,payloadcms/payload
6033a77469dc2f5f,130,27,20,11,103,0,11,103,0,0.0843672456575682,1,17,11,12,1,payloadcms/payload
bf427b92ec58f05e,138,36,23,0,102,0,6,102,6,0.17892156862745098,1,22,5,7,1,payloadcms/payload
7c5e8ce1599e505e,33,5,5,0,28,0,0,28,0,0.15151515151515152,1,3,0,3,1,payloadcms/payload
bb53f1b1091c9ed3,97,2,2,0,95,4,0,95,5,0.02061855670103089,0,2,0,0,0,payloadcms/payload
1dca495899d57d04,166,1,0,0,165,7,0,165,43,0.006024096385542126,0,0,0,0,0,payloadcms/payload
28bd203fc7b08388,59,12,8,0,47,6,0,47,7,0.21417565485362097,1,5,1,4,1,payloadcms/payload
f59a8d50c8dd837c,76,1,1,1,75,0,1,75,29,0.0,0,1,1,1,0,CherryHQ/cherry-studio
622305f818c39f35,71,2,1,1,69,1,1,69,1,0.0,0,1,1,1,0,CherryHQ/cherry-studio
9601a8f6c734c200,1246,0,0,0,1246,30,0,1246,76,0.0,0,0,0,0,0,CherryHQ/cherry-studio
618cd5b83d62060b,4,1,0,0,3,0,0,3,0,0.24999999999999997,0,0,0,0,0,CherryHQ/cherry-studio
0947e2727d6bad8c,9,9,8,8,0,0,8,0,0,0.0,0,7,7,7,1,CherryHQ/cherry-studio
284621e02c5f1058,39,12,9,9,27,0,9,27,2,0.0,0,5,5,5,0,CherryHQ/cherry-studio
186d30fad0a6fdb4,28,20,17,17,8,0,17,8,1,0.0,0,11,11,11,1,CherryHQ/cherry-studio
87db21a973eed4fe,530,1,1,0,529,0,0,529,3,0.0,0,1,1,1,0,CherryHQ/cherry-studio
1ce912a528e75292,69,14,14,10,55,0,10,55,0,0.057971014492753645,0,13,9,9,0,awsdocs/aws-doc-sdk-examples
a7b5216ee19068ed,30,2,2,0,28,0,0,28,3,0.06666666666666665,0,2,0,2,0,awsdocs/aws-doc-sdk-examples
97047cbb777f8058,46,46,38,6,0,0,6,0,0,0.13043478260869565,0,29,27,27,1,awsdocs/aws-doc-sdk-examples
39dfcf1ed17aa08d,39,11,10,3,28,0,3,28,0,0.20512820512820515,0,9,3,9,0,awsdocs/aws-doc-sdk-examples
6a3caa790beefd8f,109,0,0,0,109,8,0,109,8,0.07339449541284404,0,0,0,0,0,awsdocs/aws-doc-sdk-examples
2fd6c0bfe4116c5d,49,7,6,0,42,42,0,42,42,0.12244897959183677,0,6,1,1,0,awsdocs/aws-doc-sdk-examples
d28e749a28b97db5,85,2,2,2,83,0,2,83,0,0.0,0,2,2,2,0,awsdocs/aws-doc-sdk-examples
1d791bd080fa97d2,354,2,2,0,352,72,0,352,66,0.0056497175141242695,0,2,0,0,0,awsdocs/aws-doc-sdk-examples
7668523bfef6d21a,50,0,0,0,50,4,0,50,5,0.0,0,0,0,0,0,awsdocs/aws-doc-sdk-examples
05a087985a8eb43d,73,2,2,0,71,0,0,71,0,0.0273972602739726,0,2,0,2,0,awsdocs/aws-doc-sdk-examples
9f7838ea8786e164,111,3,2,0,108,0,0,108,1,0.027027027027027035,0,2,0,2,0,awsdocs/aws-doc-sdk-examples
4899333722b7d73c,28,8,8,0,20,16,0,20,16,0.2142857142857143,0,8,2,6,0,awsdocs/aws-doc-sdk-examples
af6a7770150957cb,114,2,2,0,112,0,0,112,0,0.017543859649122834,0,2,0,2,0,awsdocs/aws-doc-sdk-examples
1bc97e639548daab,44,44,36,7,0,0,7,0,0,0.1590909090909091,0,30,27,27,1,awsdocs/aws-doc-sdk-examples
53c62b209e7557f4,79,2,2,0,77,0,0,77,5,0.025316455696202528,0,2,0,2,0,awsdocs/aws-doc-sdk-examples
23e07de18703586d,35,27,19,16,8,0,16,8,0,0.12142857142857143,0,16,14,14,1,awsdocs/aws-doc-sdk-examples
693ec890d2a13940,178,2,1,0,176,4,0,176,5,0.00853805624325522,0,1,0,0,0,awsdocs/aws-doc-sdk-examples
854dd0e51cf732a1,14,2,2,0,12,0,0,12,0,0.14285714285714288,0,2,0,2,0,awsdocs/aws-doc-sdk-examples
246f20ce694c3d81,55,2,2,0,53,0,0,53,0,0.03636363636363637,0,2,0,2,0,awsdocs/aws-doc-sdk-examples
b274e31386568979,92,25,24,0,67,66,0,67,66,0.09782608695652174,0,24,16,18,0,awsdocs/aws-doc-sdk-examples
686bb4a629b9f362,9,2,2,0,7,0,0,7,0,0.2222222222222222,0,2,0,2,0,awsdocs/aws-doc-sdk-examples
ec7542b8f2a39c7d,26,11,11,0,15,11,0,15,11,0.42307692307692313,1,10,0,2,1,awsdocs/aws-doc-sdk-examples
8b1072036f90a889,52,10,9,0,42,42,0,42,42,0.09615384615384617,0,9,5,5,0,awsdocs/aws-doc-sdk-examples
c7e0a31609d26dd5,492,2,2,0,490,13,0,490,20,0.004065040650406502,0,2,0,2,0,awsdocs/aws-doc-sdk-examples
9fb8bf3045bd605b,39,2,2,0,37,0,0,37,0,0.0512820512820513,0,2,0,2,0,awsdocs/aws-doc-sdk-examples
92947afa1a453086,132,2,2,0,130,0,0,130,20,0.015151515151515173,0,2,0,0,0,cvxpy/cvxpy
4fd2a5a80de13d02,488,7,5,2,481,34,2,481,48,0.004098360655737723,0,5,3,3,0,cvxpy/cvxpy
fdeb1339ebb125f7,47,0,0,0,47,1,0,47,18,0.0,0,0,0,0,0,cvxpy/cvxpy
c4c9ca49d94adafa,27,23,0,0,4,0,0,4,0,0.0,0,0,0,0,0,cvxpy/cvxpy
473769730e534877,384,1,1,0,383,6,0,383,30,0.0026041666666666782,0,1,0,0,0,cvxpy/cvxpy
5fa05fa64515be53,187,12,8,8,175,8,8,175,18,0.0,0,8,8,8,1,cvxpy/cvxpy
62cd8979e4d42023,42,1,1,1,41,1,1,41,9,0.0,0,1,1,1,0,cvxpy/cvxpy
374cacac9c2fc577,478,3,2,1,475,23,1,475,132,0.00209205020920501,0,2,1,1,0,cvxpy/cvxpy
d2adb2d291684fae,309,1,1,1,308,0,1,308,17,0.0,0,1,1,1,0,cvxpy/cvxpy
fcc8d91c69425d61,133,1,0,0,132,0,0,132,38,0.0,0,0,0,0,0,cvxpy/cvxpy
7352fa2c7c45ff3a,102,4,1,1,98,0,1,98,17,0.0,0,1,1,1,0,cvxpy/cvxpy
0912a384440e6cc0,238,4,1,1,234,0,1,234,17,0.0,0,1,1,1,0,cvxpy/cvxpy
cebfc224a00822a3,153,3,3,0,150,4,0,150,21,0.019607843137254898,0,3,0,0,0,cvxpy/cvxpy
03c4cd6a958418ef,318,4,4,0,314,6,0,314,28,0.012578616352201255,0,4,0,0,0,cvxpy/cvxpy
2e293d055691572f,325,27,26,12,298,6,12,298,26,0.04307692307692312,0,24,10,12,0,cvxpy/cvxpy
ab15dfdb611b3b0b,99,4,3,0,95,1,0,95,11,0.030303030303030307,0,3,0,0,0,cvxpy/cvxpy
6ddef4d285be75a4,207,4,3,1,203,6,1,203,26,0.009661835748792263,0,3,1,1,0,cvxpy/cvxpy
18e8ffdeb33b0b17,77,2,0,0,75,0,0,75,17,0.0,0,0,0,0,0,cvxpy/cvxpy
c0de7d3d5fc23120,832,17,16,0,815,1,0,815,38,0.01923076923076923,0,16,0,0,0,cvxpy/cvxpy
e634c095bec4b1a2,55,1,1,0,54,0,0,54,14,0.018181818181818184,0,1,0,0,0,cvxpy/cvxpy
d8a5e55cf404a6b6,40,1,0,0,39,1,0,39,9,0.0,0,0,0,0,0,cvxpy/cvxpy
bcb3000ea0b72a77,189,6,2,2,183,1,2,183,17,0.0,0,2,2,2,0,cvxpy/cvxpy
64b83db71701ebf2,120,5,4,0,115,1,0,115,11,0.03333333333333333,0,4,0,0,0,cvxpy/cvxpy
9a113ae99de71564,191,11,9,0,180,0,0,180,107,0.04712041884816753,0,9,0,0,0,cvxpy/cvxpy
235edc09c2241520,204,6,5,4,198,1,4,198,7,0.004901960784313717,0,5,4,4,0,cvxpy/cvxpy
776d8acae1dbb42e,915,70,51,12,845,83,9,845,130,0.06368338834284601,1,38,2,15,0,ipython/ipython
03d7c23413373cdc,73,6,6,0,67,5,0,67,24,0.0821917808219178,1,6,0,4,0,instructure/canvas-lms
3611c308c3d1530b,11,1,1,0,10,0,0,10,0,0.09090909090909091,0,1,0,1,0,instructure/canvas-lms
7c7bc0616235446f,1006,2,2,0,1004,853,0,1004,838,0.011928429423459251,0,2,0,2,0,instructure/canvas-lms
cd84461a1203d51a,258,1,1,0,257,0,0,257,21,0.003875968992248069,0,1,0,1,0,instructure/canvas-lms
12a74f897de83382,38,6,6,3,32,1,3,32,1,0.07894736842105264,1,6,3,6,1,instructure/canvas-lms
a7e1c9fb8592c50d,20,6,6,1,14,0,1,14,0,0.25,0,6,1,5,1,instructure/canvas-lms
6c492667ee6d8b1c,386,42,39,6,344,32,6,344,55,0.08808290155440412,1,37,6,33,0,instructure/canvas-lms
151ff9861651f7f0,64,7,7,4,57,1,4,57,1,0.046875,0,7,4,7,0,instructure/canvas-lms
d7c96a91eee2db94,6,1,1,1,5,0,1,5,0,0.0,0,0,0,0,1,instructure/canvas-lms
f8d56270df7686c9,3,1,1,1,2,0,1,2,0,0.0,0,0,0,0,0,instructure/canvas-lms
fcdf7378dd7a2b1e,100,18,13,5,82,0,5,82,16,0.08,0,12,4,12,0,instructure/canvas-lms
bd721bf11cf280d0,119,3,3,0,116,6,0,116,22,0.025210084033613443,0,2,0,2,0,instructure/canvas-lms
79d501ce57b87912,270,17,17,0,253,11,2,253,67,0.06296296296296294,0,17,0,17,0,instructure/canvas-lms
e66f1692e09f5073,37,2,2,1,35,0,1,35,14,0.027027027027027,0,2,1,2,0,instructure/canvas-lms
d417bc9bbb64b3bd,36,0,0,0,36,0,0,36,16,0.0,0,0,0,0,0,instructure/canvas-lms
198966a62a9ad514,114,1,1,0,113,0,0,113,16,0.008771929824561417,0,1,0,1,0,instructure/canvas-lms
7c4536f5d8a47c84,56,52,34,0,4,0,0,4,0,0.9285714285714286,1,32,0,28,1,instructure/canvas-lms
067668747c1a08f0,272,12,12,0,260,1,0,260,18,0.04411764705882351,0,12,0,9,0,instructure/canvas-lms
1d34903893e723bd,104,15,14,0,89,0,0,89,15,0.13461538461538458,0,14,0,14,0,instructure/canvas-lms
19cfab84503522f4,106,4,2,0,102,0,0,102,0,0.037735849056603765,0,2,0,2,0,instructure/canvas-lms
bbf2e7d0f04b73aa,436,85,83,43,351,108,43,351,124,0.08027522935779816,0,64,38,57,0,instructure/canvas-lms
f67b43e351386021,633,6,5,0,627,131,0,627,151,0.033140360349551055,0,5,0,5,0,instructure/canvas-lms
dc59b48ffcc89680,131,17,6,1,114,0,1,114,18,0.038167938931297725,0,6,1,6,0,instructure/canvas-lms
e2718d76662f212a,84,4,4,0,80,22,0,80,38,0.03571428571428573,0,1,1,1,0,instructure/canvas-lms
511616982b80643d,3,1,1,1,2,0,1,2,0,0.0,0,0,0,0,0,instructure/canvas-lms
7855c7c95608fdca,19,2,2,0,17,0,0,17,0,0.10526315789473684,0,2,0,0,0,otter-sec/anchor
e60ebe70beb553a9,402,7,7,0,395,0,0,395,0,0.017412935323383047,0,7,0,0,0,otter-sec/anchor
410477068487ddc0,350,16,10,0,334,0,0,334,147,0.038810900082576365,0,9,0,0,0,otter-sec/anchor
33c079aba1838f75,412,1,1,0,411,2,0,411,14,0.002427184466019417,0,1,0,0,0,otter-sec/anchor
992d8a9fb04f0a4f,36,8,7,0,28,0,0,28,0,0.22142857142857147,0,6,0,0,0,otter-sec/anchor
89145d245c510330,19,2,2,0,17,0,0,17,0,0.10526315789473684,0,2,0,0,0,otter-sec/anchor
addf72a57f0d1fad,87,4,4,0,83,0,0,83,0,0.04597701149425291,0,3,0,0,0,otter-sec/anchor
97d9ec147238537d,33,0,0,0,33,0,0,33,1,0.0,0,0,0,0,0,otter-sec/anchor
29af3a635eded6b7,526,6,0,0,520,109,0,520,120,0.0,0,0,0,0,0,otter-sec/anchor
d87c80b7a889509d,46,0,0,0,46,0,0,46,5,0.0,0,0,0,0,0,otter-sec/anchor
6744b8e27b330588,39,0,0,0,39,0,0,39,0,0.0,0,0,0,0,0,otter-sec/anchor
7608c0ba16b3e959,351,4,4,0,347,1,0,347,7,0.011396011396011384,0,4,0,0,0,otter-sec/anchor
4900ccacc4b915d2,1682,1,1,0,1681,0,0,1681,38,0.0005945303210463835,0,1,0,0,0,otter-sec/anchor
716c5008a2123e84,120,5,0,0,115,0,0,115,0,0.0,0,0,0,0,0,otter-sec/anchor
cb0a00d79d93a584,383,1,1,0,382,4,0,382,15,0.0026109660574412546,0,1,0,0,0,otter-sec/anchor
b3143451a343fd95,22,2,2,0,20,0,0,20,0,0.09090909090909091,0,2,0,0,0,otter-sec/anchor
8ea738d1b4278435,19,2,2,0,17,0,0,17,0,0.10526315789473684,0,2,0,0,0,otter-sec/anchor
3d5f748320b6fba2,12,0,0,0,12,0,0,12,0,0.0,0,0,0,0,0,otter-sec/anchor
332fdb610fa6dd1a,158,1,1,0,157,0,0,157,7,0.006329113924050633,0,1,0,0,0,otter-sec/anchor
926969bda38da460,19,2,2,0,17,0,0,17,0,0.10526315789473684,0,2,0,0,0,otter-sec/anchor
dda73ecab9f47591,45,0,0,0,45,0,0,45,5,0.0,0,0,0,0,0,otter-sec/anchor
749072ccd31d768e,34,0,0,0,34,0,0,34,1,0.0,0,0,0,0,0,otter-sec/anchor
b2b15082a2605b45,449,1,1,0,448,3,0,448,13,0.002227171492204909,0,1,0,0,0,otter-sec/anchor
bda10c80c9fcec42,313,4,0,0,309,4,0,309,4,0.0,0,0,0,0,0,otter-sec/anchor
509f960e443c0e9a,79,1,1,0,78,2,0,78,2,0.025316455696202535,0,0,0,0,0,otter-sec/anchor
1119f8f95b579027,274,51,50,0,223,4,0,223,5,0.1861313868613139,0,50,0,1,0,firecracker-microvm/firecracker
8c0154ad5bb0f0f3,212,47,45,0,165,4,1,165,2,0.22084456424079066,0,45,0,37,0,firecracker-microvm/firecracker
7ddc0d1fb1cd484a,289,228,228,0,61,0,0,61,0,0.7889273356401384,1,228,0,226,1,firecracker-microvm/firecracker
68c79a586e0c1371,326,81,81,5,245,3,5,245,3,0.23006134969325154,1,80,5,5,1,firecracker-microvm/firecracker
9edfef24c46bf780,57,0,0,0,57,1,0,57,1,0.0,0,0,0,0,0,firecracker-microvm/firecracker
412cc8fa9338aebd,386,3,2,0,383,12,0,383,23,0.008203799654576844,0,2,0,2,0,firecracker-microvm/firecracker
9444f398b5dba8b0,59,31,31,3,28,0,3,28,0,0.4745762711864407,1,30,3,5,1,firecracker-microvm/firecracker
345364d9ccbcefb1,85,1,0,0,84,4,0,84,4,0.011204481792717068,0,0,0,0,0,firecracker-microvm/firecracker
142768394cb563e2,843,4,3,0,839,53,2,839,75,0.004587168888400488,0,3,2,2,0,firecracker-microvm/firecracker
2616b02ae508aaff,135,4,2,0,131,3,1,131,4,0.024282929546087424,0,2,1,1,0,firecracker-microvm/firecracker
b6344df7d0b2061c,22,0,0,0,22,0,0,22,2,0.0,0,0,0,0,0,firecracker-microvm/firecracker
645802e2faaec9db,363,3,3,0,360,26,1,360,40,0.008264462809917356,0,3,1,1,0,firecracker-microvm/firecracker
8c4908a6303a7121,1355,13,11,0,1342,48,0,1342,201,0.009487185780948735,0,10,2,2,0,firecracker-microvm/firecracker
58497b264df840df,112,0,0,0,112,5,0,112,5,0.0,0,0,0,0,0,firecracker-microvm/firecracker
cbf08f6002d40cd0,238,64,64,0,174,0,0,174,5,0.26890756302521013,0,64,0,0,0,firecracker-microvm/firecracker
759a82004546f367,66,9,9,0,57,0,0,57,0,0.13636363636363635,0,9,0,0,0,firecracker-microvm/firecracker
4fe19a5aa6df7475,276,38,38,0,238,0,0,238,0,0.13768115942028988,0,38,0,0,0,firecracker-microvm/firecracker
2ef21ae51780c9c5,247,36,35,0,211,9,0,211,15,0.1494355024521905,0,25,0,5,0,firecracker-microvm/firecracker
a537539146446b9b,267,140,140,12,127,0,14,127,0,0.47940074906367036,0,140,12,64,1,firecracker-microvm/firecracker
3b5414638e6ba27d,91,3,1,0,88,0,0,88,1,0.032226200765526625,0,1,1,1,0,firecracker-microvm/firecracker
017197eb0a38c232,279,109,99,0,170,0,0,170,0,0.3905477608559513,1,99,0,3,1,firecracker-microvm/firecracker
71b7e9cfa12a121f,864,134,126,1,730,44,1,730,157,0.1670199805068226,0,119,1,74,0,firecracker-microvm/firecracker
582bbb144dc948e3,918,2,1,0,916,34,0,916,141,0.0021453874170533254,0,1,1,1,0,firecracker-microvm/firecracker
eca12c0a30e25b4b,230,32,15,0,198,3,0,198,3,0.09584890812512298,1,15,0,0,1,firecracker-microvm/firecracker
e521a4fd2f3b2dab,149,44,44,2,105,3,2,105,5,0.2684563758389262,1,43,4,14,1,firecracker-microvm/firecracker
394a7984e2094690,44,25,0,0,19,0,0,19,0,0.0,0,0,0,0,0,xbmc/xbmc
0afc6b6fc8ed0fcd,58,2,0,0,56,0,0,56,4,0.0,0,0,0,0,0,xbmc/xbmc
be796662c4238e3e,22,0,0,0,22,2,0,22,2,0.0,0,0,0,0,0,xbmc/xbmc
9bad52baf024fe98,97,4,2,2,93,1,2,93,1,0.0,0,2,2,2,0,xbmc/xbmc
da626f5e8be997b6,65,1,0,0,64,0,0,64,1,0.0,0,0,0,0,0,xbmc/xbmc
9af1e4238486240a,277,84,22,4,193,0,4,193,3,0.06498194945848378,0,22,4,4,0,xbmc/xbmc
8ae9878c1d7af965,44,20,16,14,24,0,14,24,14,0.0454545454545455,0,14,12,12,1,xbmc/xbmc
8aa3841e49ca4d3f,87,6,0,0,81,0,0,81,1,0.0,0,0,0,0,0,xbmc/xbmc
40129efcd8fffcd8,48,23,0,0,25,0,0,25,0,0.0,0,0,0,0,0,xbmc/xbmc
87c36d9636549fb3,330,14,0,0,316,2,0,316,4,0.0,0,0,0,0,0,xbmc/xbmc
25f377d68b084274,72,5,0,0,67,0,0,67,2,0.0,0,0,0,0,0,xbmc/xbmc
3c06db710d9139e8,110,11,0,0,99,0,0,99,0,0.0,0,0,0,0,0,xbmc/xbmc
7b448e5f8f929078,404,95,0,0,309,2,0,309,28,0.0,0,0,0,0,0,xbmc/xbmc
98f8d5e54006a79d,201,165,60,46,36,2,46,36,3,0.004975124378109458,0,55,33,33,1,xbmc/xbmc
d2144d9bbd601b85,73,33,9,8,40,0,7,40,0,0.0,0,9,9,9,0,xbmc/xbmc
64d8496bf256fb23,32,14,0,0,18,0,0,18,0,0.0,0,0,0,0,0,xbmc/xbmc
8fe6e6d668ba692e,50,18,0,0,32,0,0,32,0,0.0,0,0,0,0,0,xbmc/xbmc
6090c429a681900b,172,0,0,0,172,0,0,172,3,0.0,0,0,0,0,0,xbmc/xbmc
886275cb9f790a43,51,14,0,0,37,0,0,37,0,0.0,0,0,0,0,0,xbmc/xbmc
be267f3ccf6ed6ab,112,12,0,0,100,1,0,100,1,0.0,0,0,0,0,0,xbmc/xbmc
5b68e5442d04ca5b,44,25,0,0,19,0,0,19,0,0.0,0,0,0,0,0,xbmc/xbmc
6c6321b6a3c326e0,89,38,26,25,51,1,25,51,6,0.011235955056179747,0,14,10,10,1,xbmc/xbmc
13df79e1ff5018f6,540,49,10,9,491,10,9,491,25,0.0018518518518518129,0,10,9,10,0,xbmc/xbmc
626dbf49295b6b98,98,6,0,0,92,0,0,92,0,0.0,0,0,0,0,0,xbmc/xbmc
f04d137952934cc4,67,45,17,16,22,0,16,22,1,0.014925373134328346,0,13,12,12,0,xbmc/xbmc
b497919a5b489596,10,2,2,0,8,0,0,8,0,0.2,0,2,0,0,0,vitejs/vite
a8343f157b2a9273,116,3,3,0,113,23,1,113,23,0.02586206896551724,0,2,1,2,0,vitejs/vite
abb3345b6e3b2ec6,1507,68,50,0,1439,79,19,1439,153,0.03222569316611075,0,49,19,33,0,vitejs/vite
ef3df1febe2edf81,209,1,0,0,208,0,0,208,0,0.0,0,0,0,0,0,vitejs/vite
84ac590eb680dc47,15,1,1,0,14,0,0,14,0,0.06666666666666665,0,1,0,0,0,vitejs/vite
1c723426e8efff8a,489,10,10,0,479,34,0,479,60,0.030674846625766864,0,9,0,9,0,vitejs/vite
ef907f12f6f3b27a,10,1,1,0,9,0,0,9,0,0.09999999999999999,0,1,0,0,0,vitejs/vite
a8a3566225105b1f,298,14,14,0,284,0,0,284,25,0.04697986577181207,0,14,0,14,0,vitejs/vite
35ba301b85014a4b,328,29,23,0,299,14,7,299,44,0.07278846871037518,0,23,7,14,0,vitejs/vite
00039b783552b3f2,800,18,13,0,782,163,5,782,214,0.018612327909887354,0,12,6,11,0,vitejs/vite
c70fdc889831be71,196,1,1,0,195,0,1,195,19,0.005102040816326533,0,1,1,1,0,vitejs/vite
fe0fc610f6ca84b4,95,1,1,0,94,3,1,94,3,0.0105263157894737,0,1,1,1,0,vitejs/vite
8ff2c95ceb1f69cc,492,17,17,0,475,2,0,475,116,0.03455284552845528,0,6,0,6,0,vitejs/vite
689c23ac1a5eea4a,12,1,1,0,11,0,0,11,0,0.08333333333333334,0,1,0,0,0,vitejs/vite
1f402ac9ae2d1108,5,1,1,0,4,0,0,4,0,0.2,0,1,0,0,0,vitejs/vite
0dd2933d7934e794,46,8,8,0,38,0,7,38,0,0.17391304347826086,0,8,5,5,0,vitejs/vite
521535e0f564be87,61,5,5,1,56,1,1,56,1,0.08032786885245903,0,4,0,2,0,vitejs/vite
4bf9f4fcd005adc3,5,1,1,0,4,0,0,4,0,0.19999999999999998,1,1,0,0,1,vitejs/vite
f3ef2c5d21218589,35,3,2,0,32,0,0,32,0,0.05714285714285715,0,2,0,0,0,vitejs/vite
e408e0e59388ef20,143,3,3,0,140,18,1,140,19,0.041958041958041946,0,2,2,2,0,vitejs/vite
b6035929674d98d4,255,0,0,0,255,0,0,255,0,0.0,0,0,0,0,0,vitejs/vite
f1d2aae7c246a673,15,2,2,0,13,0,0,13,0,0.1333333333333333,0,2,0,0,0,vitejs/vite
75c0d6f210bc9800,74,0,0,0,74,0,0,74,3,0.0,0,0,0,0,0,vitejs/vite
d7d8c6ce41487962,130,1,0,0,129,56,0,129,57,0.0,0,0,0,0,0,vitejs/vite
0eed153a3abdf47c,7,2,2,0,5,0,1,5,0,0.2857142857142857,0,2,1,2,0,vitejs/vite
e136d0e72253802e,149,21,20,3,128,0,3,128,19,0.12066932704516597,0,18,2,4,0,apache/hbase
af7c2e75aa273775,597,58,50,16,539,33,16,539,71,0.05527638190954777,0,47,17,18,0,apache/hbase
2e97195cdefa4149,124,13,13,0,111,0,0,111,20,0.10483870967741937,0,12,0,1,0,apache/hbase
2b9d3b5311d5e746,107,5,4,0,102,91,0,102,94,0.037383177570093455,0,4,0,0,0,apache/hbase
c8791f8ad02ec445,138,8,8,0,130,0,0,130,25,0.057971014492753645,0,7,0,0,0,apache/hbase
6e967ab23140ca35,649,32,2,2,617,5,2,617,45,0.0004937341086787781,0,2,2,2,0,apache/hbase
ee9b21023dc5485b,83,6,6,2,77,5,1,77,40,0.08433734939759036,0,6,2,3,0,apache/hbase
18558aaee6848a07,430,27,22,9,403,15,8,403,38,0.030232558139534876,0,21,9,9,0,apache/hbase
b8a243d8cd2258a9,76,4,4,1,72,0,2,72,19,0.039473684210526355,0,3,2,2,0,apache/hbase
a748845bfff3b71e,135,15,14,1,120,0,1,120,17,0.10370370370370366,0,13,1,2,0,apache/hbase
1737c29c7c145af0,189,23,22,7,166,12,7,166,40,0.07936507936507936,0,22,7,7,0,apache/hbase
7c4996941e0e9b2b,305,46,46,15,259,20,14,259,27,0.10163934426229508,0,46,15,17,0,apache/hbase
9a822d3ef5e6e046,100,1,1,0,99,10,0,99,29,0.010000000000000004,0,0,0,0,0,apache/hbase
de494985080eed01,37,2,1,0,35,2,0,35,20,0.05405405405405405,0,0,0,0,0,apache/hbase
2129473c6caec52b,131,6,6,1,125,0,1,125,34,0.038167938931297704,0,5,1,1,0,apache/hbase
f3579b3c98e4d3d9,127,11,10,3,116,0,4,116,19,0.06299212598425193,0,8,4,5,0,apache/hbase
b03802c354aaf8f0,147,6,6,2,141,19,5,141,66,0.0272108843537415,0,5,5,5,0,apache/hbase
2e6e1c3392323cee,318,37,37,14,281,0,14,281,1,0.07232704402515722,0,36,14,22,0,apache/hbase
f314de9e0c0149bf,127,9,8,1,118,1,2,118,18,0.055118110236220486,0,8,1,1,0,apache/hbase
57dacf8d9f80ff8d,65,1,1,0,64,6,0,64,26,0.015384615384615413,0,0,0,0,0,apache/hbase
25b5a634c5e36357,81,4,3,0,77,0,0,77,17,0.04938271604938277,0,3,0,0,0,apache/hbase
0cde3e88280819a9,68,1,0,0,67,0,0,67,23,0.0,0,0,0,0,0,apache/hbase
48560dec83dba7bf,57,13,13,0,44,0,0,44,23,0.2280701754385965,0,12,0,0,0,apache/hbase
c385e0f21a31e261,40,1,0,0,39,0,0,39,29,0.0,0,0,0,0,0,apache/hbase
eaa94a95dbbf7747,124,1,0,0,123,0,0,123,28,0.0,0,0,0,0,0,apache/hbase
be8b930bd31334aa,85,10,0,0,75,7,0,75,27,0.0,0,0,0,0,0,libp2p/rust-libp2p
1ed1a31c63b1ebc7,213,7,7,0,206,9,0,206,29,0.03286384976525818,0,6,0,3,0,libp2p/rust-libp2p
162a7c65177c7ffe,396,75,71,0,321,17,5,321,51,0.21194175255088962,0,62,0,16,0,libp2p/rust-libp2p
ff54769698a221e4,533,9,9,7,524,39,5,524,104,0.005423972689697977,0,9,8,8,0,libp2p/rust-libp2p
4abd4eeb846b532f,214,8,8,1,206,10,1,206,29,0.04672897196261683,0,6,1,2,0,libp2p/rust-libp2p
472f894f237c5c13,270,12,12,4,258,0,4,258,19,0.025925925925925936,0,11,4,8,0,libp2p/rust-libp2p
801fcfed15123401,542,47,47,6,495,52,6,495,59,0.07749077490774907,0,37,6,7,0,libp2p/rust-libp2p
beee2ef3474a27b7,57,0,0,0,57,0,0,57,0,0.0,0,0,0,0,0,libp2p/rust-libp2p
be41a405133666f8,861,73,70,9,788,21,10,788,80,0.07660096890341928,0,59,8,21,0,libp2p/rust-libp2p
07202c545896ae86,604,13,13,2,591,17,2,591,40,0.015310416620523175,0,10,2,3,0,libp2p/rust-libp2p
05a8e1a9bb48ca8d,143,1,1,0,142,5,0,142,25,0.006993006993006986,0,1,0,1,0,libp2p/rust-libp2p
5d0101b73c0389d5,1414,168,165,11,1246,7,14,1246,36,0.11032331480821087,0,128,12,62,0,libp2p/rust-libp2p
edb3edd0f42d5259,247,34,34,1,213,0,1,213,20,0.13360323886639677,0,31,1,19,0,libp2p/rust-libp2p
11caf55365d701cd,100,1,1,0,99,0,0,99,20,0.010000000000000005,0,1,1,1,0,libp2p/rust-libp2p
1781d8abf80ed407,1073,62,57,6,1011,15,7,1011,133,0.05285705692144196,1,50,4,26,1,libp2p/rust-libp2p
806b5f75af5d12ae,92,8,4,0,84,0,0,84,22,0.08695652173913042,0,4,0,4,0,libp2p/rust-libp2p
15bd834e90f0ac8a,530,7,7,0,523,5,1,523,39,0.013207547169811318,0,5,0,1,0,libp2p/rust-libp2p
faa878844109fb18,932,0,0,0,932,75,0,932,289,0.0,0,0,0,0,0,libp2p/rust-libp2p
04532ee291681fc4,78,2,2,0,76,0,0,76,24,0.02564102564102565,0,2,0,2,0,libp2p/rust-libp2p
51ea339d5e40e4b8,127,6,6,0,121,25,0,121,27,0.04724409448818899,0,5,0,2,0,libp2p/rust-libp2p
12d1e5b80a6faaea,547,38,25,1,509,39,1,509,74,0.04570383912248625,0,24,1,21,0,libp2p/rust-libp2p
e7dfff79cb9ff100,126,5,5,0,121,33,0,121,52,0.05555555555555555,0,5,0,0,0,libp2p/rust-libp2p
bae87fc6351259c1,228,6,6,0,222,13,1,222,42,0.02631578947368421,0,5,1,2,0,libp2p/rust-libp2p
527519b4c522777b,106,1,1,0,105,2,0,105,21,0.009433962264150941,0,1,0,1,0,libp2p/rust-libp2p
f18b39d31ea096e0,419,135,133,14,284,10,18,284,14,0.27207637231503584,1,106,13,14,1,libp2p/rust-libp2p
b60a45c851704df6,534,476,301,200,58,1,188,58,23,0.1161048689138577,0,261,143,143,1,libgdx/libgdx
d1a6290a7013d120,58,58,50,47,0,0,32,0,0,0.05172413793103446,0,42,40,42,1,libgdx/libgdx
ed7e13fa5371aaa8,11,1,0,0,10,0,0,10,0,0.09090909090909093,0,0,0,0,0,libgdx/libgdx
9322b5e268891e1b,698,657,578,577,41,0,555,41,5,0.0,0,467,467,467,1,libgdx/libgdx
88aaf0a08f6e1d1a,116,2,2,0,114,79,0,114,79,0.01724137931034483,0,1,0,1,0,libgdx/libgdx
d46f14706262c228,241,175,147,136,66,0,134,66,24,0.04979253112033197,0,106,89,89,1,libgdx/libgdx
5f812a4315aa2ee3,526,117,93,65,409,27,59,409,63,0.0532319391634981,0,89,61,66,0,libgdx/libgdx
00b6c61c403f0734,113,58,54,27,55,38,25,55,38,0.08849557522123892,0,41,31,31,1,libgdx/libgdx
82f729c312f3549c,60,60,52,48,0,0,33,0,0,0.06666666666666665,0,39,36,37,1,libgdx/libgdx
de7aac92180aa9df,25,10,10,3,15,13,3,15,13,0.0,0,7,7,7,0,libgdx/libgdx
d92f8187b7865824,191,191,163,162,0,0,161,0,0,0.0,0,130,130,130,1,libgdx/libgdx
ccf3846a5f40dcea,140,78,74,50,62,0,48,62,22,0.1714285714285714,0,56,32,32,1,libgdx/libgdx
3d8dd3aec4364c30,25,10,10,4,15,12,4,15,12,0.0,0,7,7,7,0,libgdx/libgdx
b56b559a02e9c3a2,122,121,103,18,1,0,18,1,0,0.0,0,91,91,91,1,libgdx/libgdx
fbe1138aaef47843,54,54,44,44,0,0,28,0,0,0.01816911250873518,0,31,31,31,1,libgdx/libgdx
d41ec023aed52a4b,77,10,9,9,67,0,8,67,6,0.01298701298701299,0,9,9,9,0,libgdx/libgdx
22772bc56e468cee,107,73,59,4,34,0,3,34,0,0.21495327102803735,0,48,14,19,1,libgdx/libgdx
c35ca53c40db4d84,51,51,41,29,0,0,14,0,0,0.2549019607843137,0,34,23,30,1,libgdx/libgdx
d7d8bc14904fdaf0,51,17,16,8,34,0,8,34,0,0.1764705882352941,1,14,7,12,1,libgdx/libgdx
46f027be976a4764,44,44,40,38,0,0,38,0,0,0.0,0,33,33,33,1,libgdx/libgdx
9b2ff79d354d8760,25,10,10,3,15,13,3,15,13,0.0,0,7,7,7,0,libgdx/libgdx
0c8a015420556896,148,6,2,2,142,2,2,142,2,0.02027027027027028,0,2,2,2,0,libgdx/libgdx
650aabdee8a987df,22,0,0,0,22,0,0,22,13,0.0,0,0,0,0,0,libgdx/libgdx
11f7df81ae03f899,93,50,41,22,43,28,13,43,28,0.17204301075268819,0,35,19,19,1,libgdx/libgdx
227f18e0fb70ee9c,102,88,72,56,14,0,57,14,0,0.1568627450980392,0,53,37,38,1,libgdx/libgdx
4076f5356ea04458,216,88,87,4,128,36,4,128,36,0.3560902451747522,0,68,4,26,0,MetaMask/metamask-extension
f00d137193e42415,236,12,12,12,224,0,12,224,0,0.0,0,11,11,11,0,MetaMask/metamask-extension
0bb69967fed05e42,5,3,0,0,2,0,0,2,0,0.0,0,0,0,0,0,MetaMask/metamask-extension
e8e756a00734041c,518,3,3,0,515,0,0,515,0,0.005791505791505785,0,2,0,0,0,MetaMask/metamask-extension
26a837d3351d4234,14,0,0,0,14,0,0,14,3,0.0,0,0,0,0,0,MetaMask/metamask-extension
c29bdd7860d570c7,101,1,0,0,100,4,0,100,15,0.0,0,0,0,0,0,MetaMask/metamask-extension
4f3ee33c90019d45,102,5,4,0,97,16,0,97,19,0.0392156862745098,0,4,0,3,0,MetaMask/metamask-extension
aea1bd4c8a360463,265,0,0,0,265,129,0,265,144,0.0,0,0,0,0,0,MetaMask/metamask-extension
a78dd2a1e7d46bab,1527,4,4,4,1523,111,0,1523,161,0.0,0,4,4,4,0,MetaMask/metamask-extension
c99d34b0461ac441,97,8,5,1,89,10,1,89,19,0.04123711340206186,0,3,1,2,0,MetaMask/metamask-extension
a7ee54e1bfecf112,7,0,0,0,7,0,0,7,0,0.0,0,0,0,0,0,MetaMask/metamask-extension
b79da7eab3aff78b,62,0,0,0,62,0,0,62,0,0.0,0,0,0,0,0,MetaMask/metamask-extension
a61fa55db756dd2e,42,42,0,0,0,0,0,0,0,0.0,0,0,0,0,0,MetaMask/metamask-extension
b85371f1c531722d,100,100,64,64,0,0,64,0,0,0.0,0,64,64,64,1,MetaMask/metamask-extension
0f21b37b46cf12b1,38,0,0,0,38,0,0,38,0,0.0,0,0,0,0,0,MetaMask/metamask-extension
18c2247e86261c65,63,0,0,0,63,0,0,63,0,0.0,0,0,0,0,0,MetaMask/metamask-extension
0a57b7f66d2fe9e0,288,46,46,2,242,45,2,242,53,0.2082847707847708,1,34,2,33,0,MetaMask/metamask-extension
3a986f0e3630f7cf,1390,7,5,0,1383,1,0,1383,3,0.004944747372131093,0,4,0,0,0,MetaMask/metamask-extension
18f28d96b6eb521f,85,0,0,0,85,8,0,85,11,0.0,0,0,0,0,0,MetaMask/metamask-extension
cafe2123a72c4ce3,179,7,7,0,172,8,0,172,12,0.0335195530726257,0,5,0,4,0,MetaMask/metamask-extension
aa6f4e62b97c2049,94,2,2,0,92,0,0,92,0,0.021276595744680868,0,1,0,1,0,MetaMask/metamask-extension
72be1b673f4be1b6,23,0,0,0,23,0,0,23,0,0.0,0,0,0,0,0,MetaMask/metamask-extension
3e878d9bdc47f29a,18,2,2,0,16,0,0,16,0,0.11111111111111113,0,2,0,0,0,MetaMask/metamask-extension
3a3284697e681d67,42,4,4,0,38,0,0,38,0,0.09523809523809523,0,2,0,2,0,MetaMask/metamask-extension
8a7cf11fefc183e2,11,3,3,1,8,0,1,8,0,0.1818181818181818,0,2,1,2,0,MetaMask/metamask-extension
a3dfd3c8d3ed8553,90,67,62,62,23,0,62,23,0,0.0,0,55,55,55,1,KevinMusgrave/pytorch-metric-learning
13301a9a734c3dc4,56,53,47,47,3,0,47,3,0,0.0,0,41,41,41,1,KevinMusgrave/pytorch-metric-learning
f767bb9cc2e93981,135,103,90,90,32,0,90,32,0,0.0,0,81,81,81,1,KevinMusgrave/pytorch-metric-learning
8233944398b76b33,72,70,57,57,2,0,57,2,0,0.0,0,54,54,54,1,KevinMusgrave/pytorch-metric-learning
994ff60fcd52e387,41,21,21,21,20,1,20,20,3,0.0,0,21,21,21,1,KevinMusgrave/pytorch-metric-learning
e6f070765a4f41a6,53,48,42,42,5,0,42,5,0,0.0,0,38,38,38,1,KevinMusgrave/pytorch-metric-learning
5e7d3a8822bb2a08,431,385,340,339,46,0,338,46,5,0.0,0,286,286,286,1,KevinMusgrave/pytorch-metric-learning
5b0324e6ac02d980,50,47,41,41,3,0,41,3,0,0.0,0,36,36,36,1,KevinMusgrave/pytorch-metric-learning
d715a76311764872,62,56,49,49,6,0,49,6,0,0.0,0,43,43,43,1,KevinMusgrave/pytorch-metric-learning
5148b1b4158ce92e,15,14,11,11,1,0,11,1,0,0.0,0,9,9,9,1,KevinMusgrave/pytorch-metric-learning
bdf59a364f6df29d,149,95,0,0,54,0,0,54,0,0.0,0,0,0,0,0,KevinMusgrave/pytorch-metric-learning
605d2ada8ff8d2bd,6,4,4,3,2,0,3,2,0,0.0,0,4,4,4,1,KevinMusgrave/pytorch-metric-learning
f44800e697ac7065,108,99,0,0,9,0,0,9,0,0.0,0,0,0,0,0,KevinMusgrave/pytorch-metric-learning
99d6225cd62e25ad,4,2,2,2,2,0,2,2,1,0.0,0,2,2,2,1,KevinMusgrave/pytorch-metric-learning
8b55e2d5dca1572a,97,80,64,64,17,0,64,17,0,0.0,0,58,58,58,1,KevinMusgrave/pytorch-metric-learning
deaf4c36790d0eda,12,11,8,8,1,0,8,1,0,0.0,0,8,8,8,1,KevinMusgrave/pytorch-metric-learning
6f64f0cf12e585aa,52,34,29,29,18,0,29,18,0,0.0,0,26,26,26,1,KevinMusgrave/pytorch-metric-learning
d51e5482aaaca4f0,944,78,0,0,866,14,0,866,16,0.0,0,0,0,0,0,KevinMusgrave/pytorch-metric-learning
6babfe8a436bcbd3,63,61,56,56,2,0,56,2,0,0.0,0,52,52,52,1,KevinMusgrave/pytorch-metric-learning
1ea736fb8c611fd1,36,28,25,25,8,0,25,8,0,0.0,0,22,22,22,1,KevinMusgrave/pytorch-metric-learning
e7d96f61ae41fde8,66,48,43,43,18,0,42,18,1,0.0,0,38,38,38,1,KevinMusgrave/pytorch-metric-learning
612b34248ed74090,14,14,11,11,0,0,11,0,0,0.0,0,10,10,10,1,KevinMusgrave/pytorch-metric-learning
728f1acfab272056,535,370,282,281,165,0,281,165,4,0.0,0,260,260,260,1,KevinMusgrave/pytorch-metric-learning
4bcc306d56dd4a9a,4,3,3,3,1,0,3,1,0,0.0,0,3,3,3,1,KevinMusgrave/pytorch-metric-learning
73e9388e547d8b1b,25,21,17,17,4,0,17,4,0,0.0,0,15,15,15,1,KevinMusgrave/pytorch-metric-learning
4de7c842a0f87642,642,67,61,6,575,57,6,575,62,0.009022512196555596,0,32,32,32,1,mruby/mruby
73ed8f61828db4cd,1429,2,2,2,1427,19,2,1427,36,0.0,0,2,2,2,0,mruby/mruby
316bcde97f9803bc,2619,0,0,0,2619,34,0,2619,90,0.0,0,0,0,0,0,mruby/mruby
9a66270d3c199171,80,69,58,58,11,0,58,11,0,0.0,0,58,47,47,1,mruby/mruby
4c3ecc809498c838,854,45,41,41,809,44,41,809,44,0.004088717454194787,0,21,21,21,0,mruby/mruby
7ee30d3208b9f6bc,2144,20,19,10,2124,108,10,2124,160,0.0,0,18,18,18,0,mruby/mruby
eeed022a8ef9e75d,22,2,0,0,20,1,0,20,1,0.07727272727272728,0,0,0,0,0,tmuxinator/tmuxinator
f03e5db90888cf27,33,2,0,0,31,0,0,31,0,0.060606060606060635,0,0,0,0,0,tmuxinator/tmuxinator
83b334b691b76a3d,5,2,0,0,3,0,0,3,0,0.2666666666666666,1,0,0,0,1,tmuxinator/tmuxinator
9174e6fd40534cab,245,11,2,0,234,4,0,234,4,0.04069526115530957,0,2,0,0,0,tmuxinator/tmuxinator
23e028df143136c9,65,2,0,0,63,0,0,63,0,0.03076923076923077,0,0,0,0,0,tmuxinator/tmuxinator
147630296f4b6df9,126,2,1,0,124,0,0,124,33,0.01587301587301591,0,1,0,0,0,tmuxinator/tmuxinator
aea72dc5052262b4,55,2,1,0,53,1,0,53,1,0.03468013468013467,0,1,0,0,0,tmuxinator/tmuxinator
fbd9c132e29b06f5,46,2,0,0,44,0,0,44,0,0.0434782608695652,0,0,0,0,0,tmuxinator/tmuxinator
2be4a70206f0ccdd,19,2,0,0,17,0,0,17,6,0.10526315789473684,0,0,0,0,0,tmuxinator/tmuxinator
e013992ae474239a,502,8,6,0,494,27,0,494,33,0.015832669322709166,0,6,0,0,0,tmuxinator/tmuxinator
8a01b5bbcf37b837,854,3,2,0,851,29,0,851,49,0.003470325150797153,0,2,0,0,0,tmuxinator/tmuxinator
0d7660d20e3ef1e7,79,6,4,0,73,0,0,73,0,0.07562058194969588,0,4,0,0,0,tmuxinator/tmuxinator
d09ea66f8227784f,6,2,0,0,4,0,0,4,0,0.3333333333333333,0,0,0,0,0,tmuxinator/tmuxinator
a265d104bbcf383e,53,3,1,0,50,0,0,50,0,0.052904180540140594,0,1,0,0,0,tmuxinator/tmuxinator
90a3e7de92857a08,16,2,0,0,14,4,0,14,4,0.12499999999999999,0,0,0,0,0,tmuxinator/tmuxinator
f6bf20d8d244dd4a,25,2,0,0,23,0,0,23,0,0.07999999999999999,0,0,0,0,0,tmuxinator/tmuxinator
89eebfcbc0f14b6d,70,3,1,0,67,10,0,67,10,0.03865546218487398,0,1,0,0,0,tmuxinator/tmuxinator
ce42698129e69553,496,2,0,0,494,12,0,494,43,0.0038853336815985497,0,0,0,0,0,tmuxinator/tmuxinator
ece4ce5486ec47f3,1251,4,3,0,1247,108,0,1247,301,0.003109192645883311,0,3,0,0,0,tmuxinator/tmuxinator
ee98e028c59b193d,20,2,0,0,18,0,0,18,0,0.03333333333333331,0,0,0,0,0,tmuxinator/tmuxinator
a7fd12219496b927,47,2,0,0,45,0,0,45,0,0.004728132387706863,0,0,0,0,0,tmuxinator/tmuxinator
c94dbad39af5ac4c,524,20,18,17,504,13,17,504,45,0.0055350823316077345,0,18,17,17,0,tmuxinator/tmuxinator
00a90502f0218f0c,29,2,0,0,27,0,0,27,0,0.0689655172413793,0,0,0,0,0,tmuxinator/tmuxinator
ca83b46c481c5d03,183,2,0,0,181,10,0,181,10,0.01050629471968119,0,0,0,0,0,tmuxinator/tmuxinator
204830690bb577c0,71,2,0,0,69,0,0,69,44,0.028169014084506998,0,0,0,0,0,tmuxinator/tmuxinator
e69ec58309123d13,16,0,0,0,16,0,0,16,0,0.0,0,0,0,0,0,GothenburgBitFactory/taskwarrior
086940363ce1a1a8,105,7,4,0,98,0,0,98,13,0.0666666666666666,0,4,0,1,0,GothenburgBitFactory/taskwarrior
e3aa8d87fe81ea93,41,6,5,3,35,0,3,35,6,0.07317073170731705,0,5,4,5,0,GothenburgBitFactory/taskwarrior
c14d2d0e39146250,56,2,0,0,54,0,0,54,0,0.035714285714285726,0,0,0,0,0,GothenburgBitFactory/taskwarrior
d243f6afa80c246c,48,6,6,3,42,0,3,42,0,0.0625,0,6,3,5,0,GothenburgBitFactory/taskwarrior
abbfd57852edb990,75,34,33,29,41,0,29,41,9,0.06666666666666662,0,31,29,31,1,GothenburgBitFactory/taskwarrior
6360225fad047f25,17,1,1,0,16,0,0,16,0,0.0,0,1,1,1,0,GothenburgBitFactory/taskwarrior
10cc69a2062c78c4,99,8,6,6,91,0,6,91,0,0.020202020202020193,0,6,6,6,0,GothenburgBitFactory/taskwarrior
06581c2bfa08b1d8,134,49,48,30,85,4,30,85,4,0.1342161373583212,0,48,33,41,1,GothenburgBitFactory/taskwarrior
b63c6c6b3e6cdc6b,162,10,7,0,152,0,0,152,10,0.06172839506172839,0,5,0,0,0,GothenburgBitFactory/taskwarrior
e794e4eeb49d3b9a,223,0,0,0,223,0,0,223,0,0.0,0,0,0,0,0,GothenburgBitFactory/taskwarrior
682bfd04295bd688,290,121,108,43,169,5,45,169,14,0.2275623433957762,0,108,49,68,1,GothenburgBitFactory/taskwarrior
9305686153c39710,145,2,0,0,143,0,0,143,3,0.013793103448275907,0,0,0,0,0,GothenburgBitFactory/taskwarrior
d914afbb9884df38,589,260,252,140,329,16,137,329,27,0.16468013351350724,0,252,161,206,1,GothenburgBitFactory/taskwarrior
3c9d6563e8f566c7,95,35,35,29,60,0,28,60,16,0.0631578947368421,0,35,31,35,0,GothenburgBitFactory/taskwarrior
d94ef214715dbddc,32,0,0,0,32,0,0,32,0,0.0,0,0,0,0,0,GothenburgBitFactory/taskwarrior
af297a682b378cd3,183,83,80,44,100,2,44,100,2,0.1911967813607158,0,79,46,62,1,GothenburgBitFactory/taskwarrior
c26ab332e3b8354e,55,10,10,5,45,0,5,45,6,0.09090909090909091,0,10,5,7,0,GothenburgBitFactory/taskwarrior
ce5768ceeef80134,418,31,29,13,387,1,13,387,54,0.043062200956937795,0,29,13,28,0,GothenburgBitFactory/taskwarrior
026f2e9c260919a2,79,2,0,0,77,0,0,77,0,0.025316455696202507,0,0,0,0,0,GothenburgBitFactory/taskwarrior
e317df9ff01d503b,578,93,90,14,485,0,14,485,13,0.1366782006920416,0,75,14,44,0,GothenburgBitFactory/taskwarrior
3b56373aeff6d7dd,98,0,0,0,98,0,0,98,0,0.0,0,0,0,0,0,GothenburgBitFactory/taskwarrior
ab7d24e77a103a4f,327,176,175,29,151,0,31,151,2,0.4495225230295867,1,175,35,61,1,GothenburgBitFactory/taskwarrior
80b3059ffe80eb6c,119,42,41,26,77,2,26,77,2,0.12590799031476999,0,41,28,36,0,GothenburgBitFactory/taskwarrior
91d6d97d676955fd,41,6,5,3,35,0,3,35,6,0.07317073170731705,0,5,4,5,0,GothenburgBitFactory/taskwarrior
8c05500cd3af6ea9,47,0,0,0,47,0,0,47,16,0.0,0,0,0,0,0,elastic/elasticsearch
d71209c2b5739892,228,12,12,0,216,0,3,216,14,0.0526315789473684,0,10,5,5,0,elastic/elasticsearch
dbeb63dd4c6a88f1,65,4,4,0,61,0,0,61,13,0.06153846153846154,0,3,0,0,0,elastic/elasticsearch
776efdca948c0850,303,47,44,8,256,43,9,256,50,0.1549154915491549,0,39,8,11,0,elastic/elasticsearch
9a460a82be30ed6d,60,5,5,0,55,0,0,55,3,0.08333333333333329,0,4,0,1,0,elastic/elasticsearch
fc892eee86782cac,72,0,0,0,72,10,0,72,13,0.0,0,0,0,0,0,elastic/elasticsearch
a28bb02b5356eb6e,164,160,0,0,4,0,0,4,0,0.0,0,0,0,0,0,elastic/elasticsearch
8de430cabd04ded1,101,0,0,0,101,5,0,101,17,0.0,0,0,0,0,0,elastic/elasticsearch
e31fb7fe54d9c2f4,333,3,2,1,330,1,1,330,6,0.003003003003002997,0,2,1,1,0,elastic/elasticsearch
e022c7f0ecbca9fa,56,9,9,0,47,0,0,47,12,0.1607142857142857,0,8,0,1,0,elastic/elasticsearch
b763f088c6bf519f,24,0,0,0,24,0,0,24,1,0.0,0,0,0,0,0,elastic/elasticsearch
51d3ccf92d030cda,468,148,143,6,320,12,15,320,41,0.2990068486828746,1,128,9,12,1,elastic/elasticsearch
c4fcadefd6cf472c,450,77,77,0,373,8,0,373,68,0.1711111111111111,0,64,0,5,0,elastic/elasticsearch
df4fda95983dcd24,99,14,14,1,85,6,1,85,13,0.13131313131313127,0,11,1,4,0,elastic/elasticsearch
6bd066e940a478f2,102,0,0,0,102,0,0,102,1,0.0,0,0,0,0,0,elastic/elasticsearch
c84fdd672ddcb72f,1353,280,274,34,1073,23,35,1073,133,0.18032353644280977,0,222,36,68,0,elastic/elasticsearch
2e297972d7c283be,464,39,39,0,425,12,4,425,72,0.0883341401653385,0,35,4,5,0,elastic/elasticsearch
2d3663fadb7e7ad5,263,32,32,1,231,3,1,231,23,0.11787072243346008,0,26,1,5,0,elastic/elasticsearch
80a561dd3a211805,96,29,29,2,67,0,3,67,6,0.19758771929824562,0,21,9,11,1,elastic/elasticsearch
883eb3d5d38ab477,100,8,8,6,92,0,0,92,28,0.0,0,8,8,8,0,elastic/elasticsearch
d2cf64ad17abdbec,175,26,26,0,149,3,0,149,23,0.14857142857142858,0,23,0,0,0,elastic/elasticsearch
93c87b703ebad3b4,134,27,26,6,107,1,6,107,12,0.06699584782852652,0,24,18,20,0,elastic/elasticsearch
164773f09433b4fe,218,7,7,0,211,44,2,211,53,0.032110091743119254,0,6,2,3,0,elastic/elasticsearch
4ca5b550de0d479d,818,50,47,3,768,10,6,768,43,0.056225729900762265,0,42,5,7,0,elastic/elasticsearch
def265b5e9e24a62,78,14,14,0,64,0,1,64,6,0.17948717948717952,0,12,1,3,0,elastic/elasticsearch
5821e556ac1a77a9,183,168,146,98,15,3,86,15,3,0.0,0,145,145,145,1,getpelican/pelican
e9dc0accc7d640c3,108,85,85,85,23,1,85,23,1,0.0,0,84,84,84,1,getpelican/pelican
9893147518b9aa64,205,83,83,83,122,0,83,122,0,0.0,0,83,83,83,0,getpelican/pelican
e5dd20c2f4751455,19,6,6,5,13,1,4,13,1,0.0,0,6,6,6,1,getpelican/pelican
c394d8ca65458f45,117,19,18,0,98,0,0,98,1,0.16239316239316243,0,14,0,6,0,getpelican/pelican
2e7a1aa66382a36f,53,36,36,17,17,3,16,17,3,0.0,0,35,35,35,1,getpelican/pelican
a472ef780667ae76,126,102,102,70,24,4,69,24,4,0.0,0,100,100,100,1,getpelican/pelican
f3a63ab9f96845c1,72,70,0,0,2,0,0,2,0,0.0,0,0,0,0,0,getpelican/pelican
0ea6289b64e5db86,198,182,159,154,16,1,154,16,1,0.0,0,158,158,158,1,getpelican/pelican
c551234a2a25eb8a,494,200,186,186,294,18,186,294,20,0.0,0,173,173,173,1,getpelican/pelican
9ec09b5c8ae5c81b,12,3,3,0,9,2,0,9,2,0.0,0,3,3,3,1,getpelican/pelican
468bac8553a5e7f2,83,30,30,30,53,27,30,53,27,0.0,0,30,30,30,0,getpelican/pelican
5e21feb2b53fd1f5,67,54,54,46,13,3,46,13,3,0.0,0,54,54,54,1,getpelican/pelican
211306d4da1b42c2,687,323,268,1,364,45,2,364,52,0.46691657859929675,1,234,1,95,1,getpelican/pelican
0d0bb0fb2a154979,61,25,25,2,36,0,2,36,0,0.3770491803278689,0,23,0,21,0,getpelican/pelican
4af15d5375f18277,17,7,7,7,10,0,7,10,0,0.0,0,7,7,7,0,getpelican/pelican
55afeec1b8fd07d1,113,89,89,56,24,2,56,24,2,0.0,0,88,88,88,1,getpelican/pelican
ecaa93862dcd03f8,126,102,102,70,24,4,69,24,4,0.0,0,100,100,100,1,getpelican/pelican
e6bfb4690b551a78,16,11,11,10,5,0,8,5,0,0.0,0,11,11,11,1,getpelican/pelican
1f5f30bb1e61ba1d,122,99,99,97,23,1,97,23,1,0.0,0,0,0,0,1,getpelican/pelican
aa6bf8f33825e366,89,69,69,68,20,2,68,20,2,0.0,0,68,68,68,1,getpelican/pelican
7fb42a8e5a370281,494,200,186,32,294,196,32,294,198,0.0,0,173,173,173,1,getpelican/pelican
8bd1c454ae6dac87,108,85,85,83,23,1,83,23,1,0.0,0,84,84,84,1,getpelican/pelican
112d5e349d3f81f0,94,77,77,63,17,6,61,17,6,0.0,0,77,77,77,1,getpelican/pelican
02e76581861c8a17,12,8,8,8,4,0,8,4,0,0.0,0,8,8,8,1,getpelican/pelican
7c1b8c5172fe7687,291,59,58,0,232,8,0,232,13,0.20272544140300985,1,58,0,0,1,markbates/goth
9f03284123322ece,178,0,0,0,178,2,0,178,11,0.0,0,0,0,0,0,oven-sh/bun
21be9dfd777c6d8a,2731,0,0,0,2731,163,0,2731,246,0.0,0,0,0,0,0,oven-sh/bun
9810baf0cdf092b0,1284,0,0,0,1284,3,0,1284,13,0.0,0,0,0,0,0,oven-sh/bun
a95194691b01ae70,420,0,0,0,420,11,0,420,8,0.0,0,0,0,0,0,oven-sh/bun
eedd2f852fb92a88,153,0,0,0,153,2,0,153,5,0.0,0,0,0,0,0,oven-sh/bun
0b53167bb04c9e36,58,56,55,0,2,0,0,2,0,0.9655172413793104,1,28,0,0,1,pmndrs/react-spring
e53563e71729b3f0,94,26,0,0,68,0,0,68,0,0.0,0,0,0,0,0,pmndrs/react-spring
9f802650e3122469,105,6,0,0,99,0,0,99,0,0.0,0,0,0,0,0,pmndrs/react-spring
657b09cd6d67d250,61,9,9,0,52,0,0,52,1,0.14754098360655743,1,7,0,0,1,pmndrs/react-spring
8290c6b6526363c2,168,63,0,0,105,0,0,105,0,0.0,0,0,0,0,0,pmndrs/react-spring
f4657b78d677618a,22,3,3,0,19,0,0,19,2,0.13636363636363635,0,3,0,0,0,pmndrs/react-spring
9b240770d356ae1b,53,11,0,0,42,0,0,42,0,0.0,0,0,0,0,0,pmndrs/react-spring
a21190031b61d904,76,22,22,0,54,0,0,54,0,0.2894736842105263,0,17,0,0,0,pmndrs/react-spring
c63f758ecd6fec7f,23,3,0,0,20,0,0,20,0,0.0,0,0,0,0,0,pmndrs/react-spring
b9505b16fc466e1c,105,37,0,0,68,0,0,68,0,0.0,0,0,0,0,0,pmndrs/react-spring
94266e6e7306127d,58,24,0,0,34,0,0,34,0,0.0,0,0,0,0,0,pmndrs/react-spring
bc8b19f51c47bacc,52,19,19,0,33,0,0,33,0,0.3653846153846154,0,15,0,0,0,pmndrs/react-spring
e5903c14074f7c04,139,9,0,0,130,0,0,130,0,0.0,0,0,0,0,0,pmndrs/react-spring
9ab40db1fb822371,93,6,0,0,87,17,0,87,17,0.06451612903225809,0,0,0,0,0,pmndrs/react-spring
9339bb24a93897a3,138,97,0,0,41,0,0,41,0,0.0,0,0,0,0,0,pmndrs/react-spring
075f51bfc1a1349f,100,2,2,0,98,0,0,98,0,0.02000000000000001,0,2,0,0,0,pmndrs/react-spring
e639715225c8eef0,102,16,0,0,86,0,0,86,0,0.0,0,0,0,0,0,pmndrs/react-spring
daf6b01258b4bd11,23,7,0,0,16,0,0,16,0,0.0,0,0,0,0,0,pmndrs/react-spring
486f16d823e1d719,73,24,19,2,49,2,2,49,2,0.26027397260273977,1,17,2,2,1,pmndrs/react-spring
74f5b0ffbf0f4625,70,8,8,0,62,7,0,62,7,0.11428571428571427,0,6,0,0,1,pmndrs/react-spring
922e05278d8d019f,108,7,0,0,101,0,0,101,0,0.0,0,0,0,0,0,pmndrs/react-spring
364305483d0a26b5,87,26,19,15,61,0,15,61,0,0.045977011494252845,0,16,14,14,1,pmndrs/react-spring
8d29fbee08982ea2,66,19,17,0,47,0,0,47,0,0.28125,1,15,0,0,1,pmndrs/react-spring
f96f1b26a3427f2e,10,4,0,0,6,0,0,6,0,0.0,0,0,0,0,0,pmndrs/react-spring
6697ff8b9d0551ca,19,5,5,0,14,0,0,14,0,0.26315789473684215,1,4,0,0,1,pmndrs/react-spring
680f83ce992a9798,102,0,0,0,102,0,0,102,12,0.0,0,0,0,0,0,rust-lang/rust
1dcf2adac82283eb,24,2,2,0,22,0,0,22,0,0.08333333333333334,0,2,0,2,0,rust-lang/rust
2d090f16ef87fdef,19,1,1,0,18,0,0,18,0,0.052631578947368446,0,1,0,1,0,rust-lang/rust
c5556385284ab4f6,55,1,1,0,54,0,0,54,0,0.018181818181818184,0,1,0,1,0,rust-lang/rust
4a2662e456504545,71,2,2,0,69,0,0,69,0,0.028169014084507026,0,2,0,2,0,rust-lang/rust
5e45ae7cf4c1e594,39,0,0,0,39,0,0,39,0,0.0,0,0,0,0,0,rust-lang/rust
6fb9f55d99c90dce,17,1,1,0,16,0,0,16,0,0.05882352941176471,0,1,0,1,0,rust-lang/rust
4840c53e809f4514,20,0,0,0,20,1,0,20,1,0.0,0,0,0,0,0,rust-lang/rust
7dc9c37b4d5c5933,23,1,1,0,22,0,0,22,0,0.0434782608695652,0,1,0,1,0,rust-lang/rust
c0bf1bb113f003a4,12,0,0,0,12,0,0,12,1,0.0,0,0,0,0,0,rust-lang/rust
3bc2547de9210861,33,1,1,0,32,0,0,32,0,0.030303030303030346,0,1,0,1,0,rust-lang/rust
d31e135f5486b9f2,12,0,0,0,12,0,0,12,0,0.0,0,0,0,0,0,rust-lang/rust
d3a44ba9818d3944,15,0,0,0,15,0,0,15,0,0.0,0,0,0,0,0,rust-lang/rust
e766af6fd4bc38d1,7,0,0,0,7,0,0,7,0,0.0,0,0,0,0,0,rust-lang/rust
81e70ca489883065,20,1,1,0,19,0,0,19,0,0.05,0,1,0,1,0,rust-lang/rust
9ac7216cc37a958e,13,0,0,0,13,0,0,13,0,0.0,0,0,0,0,0,rust-lang/rust
7cec0d2b12acf993,109,1,1,0,108,0,0,108,0,0.009174311926605505,0,1,0,1,0,rust-lang/rust
211aca76b5be9241,20,0,0,0,20,0,0,20,0,0.0,0,0,0,0,0,rust-lang/rust
b8b40a5f9d654feb,6,0,0,0,6,0,0,6,0,0.0,0,0,0,0,0,rust-lang/rust
7ffd5ee7a4bb446b,20,0,0,0,20,0,0,20,0,0.0,0,0,0,0,0,rust-lang/rust
3447473a36f6bc5c,49,2,2,0,47,0,0,47,0,0.0408163265306122,0,2,0,2,0,rust-lang/rust
4e43d7c76423138c,18,0,0,0,18,0,0,18,0,0.0,0,0,0,0,0,rust-lang/rust
68ade2133ff2d2dc,27,2,2,0,25,0,0,25,0,0.07407407407407404,0,2,0,2,0,rust-lang/rust
52f97af58656a1e1,9,2,2,0,7,0,0,7,0,0.2222222222222222,0,2,0,2,0,rust-lang/rust
a2279e77a14f99f4,25,0,0,0,25,0,0,25,0,0.0,0,0,0,0,0,rust-lang/rust
0b3e53bb3fb8854f,37,25,16,14,12,0,15,12,0,0.05405405405405406,0,16,15,16,0,PrismLauncher/PrismLauncher
1967e305a3efbff7,55,9,9,5,46,0,6,46,17,0.07272727272727274,0,9,6,8,0,PrismLauncher/PrismLauncher
43f5c72f102a9948,26,4,4,4,22,0,4,22,0,0.0,0,4,4,4,0,PrismLauncher/PrismLauncher
859d64b067781ef6,40,3,3,0,37,2,0,37,3,0.07499999999999998,0,3,0,2,0,PrismLauncher/PrismLauncher
f53e993889fb14b1,65,46,29,22,19,0,22,19,0,0.10769230769230767,0,29,22,22,0,PrismLauncher/PrismLauncher
cfef9a3b24eff9df,65,4,4,2,61,0,2,61,12,0.03076923076923077,0,3,2,2,0,PrismLauncher/PrismLauncher
2a1f4563807db80d,114,10,1,0,104,26,0,104,59,0.017543859649122827,0,1,1,1,0,PrismLauncher/PrismLauncher
6ae396ffe3387a41,206,17,2,1,189,24,1,189,25,0.0048543689320388345,0,2,1,1,0,PrismLauncher/PrismLauncher
f89394e44ddce807,56,0,0,0,56,1,0,56,14,0.0,0,0,0,0,0,PrismLauncher/PrismLauncher
cd4fd69c2d31ada5,549,69,23,21,480,23,22,480,71,0.0,0,17,17,17,0,PrismLauncher/PrismLauncher
d2453a50339c26a5,130,14,8,6,116,17,6,116,21,0.007692307692307665,0,8,7,7,0,PrismLauncher/PrismLauncher
57c44009018af6ce,130,53,20,13,77,21,14,77,22,0.05384615384615381,0,20,14,15,0,PrismLauncher/PrismLauncher
ab16e2408dd8a33b,34,13,13,10,21,0,10,21,0,0.08823529411764701,0,13,10,12,0,PrismLauncher/PrismLauncher
d82dafb0d1c29a68,108,18,0,0,90,31,0,90,46,0.0,0,0,0,0,0,PrismLauncher/PrismLauncher
b5e1b53bfef61475,641,78,0,0,563,27,0,563,53,0.0,0,0,0,0,0,PrismLauncher/PrismLauncher
0f27df22154b310d,103,19,11,7,84,0,7,84,14,0.03883495145631066,1,11,7,8,1,PrismLauncher/PrismLauncher
1f1a7b69bf83c798,60,1,1,0,59,0,0,59,0,0.01666666666666669,0,1,0,0,0,PrismLauncher/PrismLauncher
a5dd697c2c100de7,235,52,17,2,183,2,2,183,27,0.06382978723404255,0,17,2,16,0,PrismLauncher/PrismLauncher
8656e2f9ddbce60d,297,36,34,9,261,18,10,261,24,0.08417508417508415,0,25,11,24,0,PrismLauncher/PrismLauncher
d9169e074bcabf58,70,0,0,0,70,0,0,70,10,0.0,0,0,0,0,0,PrismLauncher/PrismLauncher
2514317908bbbd35,593,151,56,24,442,27,28,442,55,0.052276559865092755,0,55,33,50,0,PrismLauncher/PrismLauncher
31cf6be605ea4a91,23,6,6,3,17,0,3,17,0,0.13043478260869568,0,5,3,3,0,PrismLauncher/PrismLauncher
c0796e769c72c23f,32,4,4,4,28,0,4,28,0,0.0,0,4,4,4,0,PrismLauncher/PrismLauncher
c284300aedc56b8a,103,7,7,6,96,15,6,96,18,0.009708737864077666,0,7,6,7,1,PrismLauncher/PrismLauncher
c749e819b7da7abf,243,69,0,0,174,5,0,174,7,0.0,0,0,0,0,0,PrismLauncher/PrismLauncher
4bbc3627a06bbb5d,6,2,2,0,4,0,0,4,0,0.33333333333333337,0,2,0,1,0,phoenixframework/phoenix_live_view
320b34cf7e2d9798,468,310,0,0,158,0,0,158,0,0.0,0,0,0,0,0,phoenixframework/phoenix_live_view
9bc68cbbfa50af11,124,94,0,0,30,0,0,30,0,0.0,0,0,0,0,0,phoenixframework/phoenix_live_view
ce5e3a9b7be88c36,30,24,4,0,6,0,0,6,0,0.23333333333333336,0,3,0,3,0,phoenixframework/phoenix_live_view
e03dd94875462f13,34,26,0,0,8,0,0,8,0,0.0,0,0,0,0,0,phoenixframework/phoenix_live_view
43467db61adceab2,23,16,0,0,7,0,0,7,0,0.0,0,0,0,0,0,phoenixframework/phoenix_live_view
9f139357c1e65102,550,152,142,28,398,38,24,398,44,0.26696686491079014,0,131,27,76,0,phoenixframework/phoenix_live_view
471d2f11c4d1c1a4,25,19,0,0,6,0,0,6,0,0.0,0,0,0,0,0,phoenixframework/phoenix_live_view
7f7731baf6b300c9,39,22,0,0,17,0,0,17,0,0.0,0,0,0,0,0,phoenixframework/phoenix_live_view
98cfe013da928106,316,178,19,16,138,0,16,138,0,0.13139745153286517,1,19,16,19,0,phoenixframework/phoenix_live_view
0e95a961d88e07be,2623,1552,0,0,1071,4,0,1071,47,0.0,0,0,0,0,0,phoenixframework/phoenix_live_view
38ef32716123bc59,30,21,0,0,9,0,0,9,0,0.0,0,0,0,0,0,phoenixframework/phoenix_live_view
c07eb4055ac54ab3,71,71,0,0,0,0,0,0,0,0.0,0,0,0,0,0,phoenixframework/phoenix_live_view
5d24b30c0b5cf8dc,21,16,0,0,5,0,0,5,0,0.0,0,0,0,0,0,phoenixframework/phoenix_live_view
b6bca9d497d1bf34,1623,1292,0,0,331,0,0,331,14,0.0,0,0,0,0,0,phoenixframework/phoenix_live_view
5415c459205b3c24,24,24,0,0,0,0,0,0,0,0.0,0,0,0,0,0,phoenixframework/phoenix_live_view
25dcec946efc933e,402,371,0,0,31,0,0,31,0,0.0,0,0,0,0,0,phoenixframework/phoenix_live_view
b55cdbef4907b704,26,17,0,0,9,0,0,9,0,0.0,0,0,0,0,0,phoenixframework/phoenix_live_view
0f4059b6e88a71d5,489,475,0,0,14,0,0,14,0,0.0,0,0,0,0,0,phoenixframework/phoenix_live_view
91249f654549896f,103,40,0,0,63,0,0,63,0,0.0,0,0,0,0,0,phoenixframework/phoenix_live_view
e9d1cfa1fd39ece8,19,14,0,0,5,0,0,5,0,0.0,0,0,0,0,0,phoenixframework/phoenix_live_view
0dc48132c978c98f,50,44,0,0,6,0,0,6,0,0.0,0,0,0,0,0,phoenixframework/phoenix_live_view
8e0c3bc885010e12,40,31,0,0,9,0,0,9,0,0.0,0,0,0,0,0,phoenixframework/phoenix_live_view
be0b63446e39435a,61,50,0,0,11,0,0,11,0,0.0,0,0,0,0,0,phoenixframework/phoenix_live_view
729ec5dbbdedff9f,1,1,0,0,0,0,0,0,0,0.0,0,0,0,0,0,phoenixframework/phoenix_live_view
420178e3de9bbe8d,111,3,3,3,108,0,3,108,0,0.0,0,3,3,3,0,rocketride-org/rocketride-server
67443838a77b0d4a,256,12,12,12,244,0,12,244,0,0.0,0,12,12,12,0,rocketride-org/rocketride-server
fa8defa43d577438,356,13,13,13,343,0,13,343,0,0.0,0,13,13,13,0,rocketride-org/rocketride-server
7e8ffdb14a260148,390,4,3,0,386,124,0,386,133,0.010256410256410227,0,3,0,0,0,rocketride-org/rocketride-server
15d1e471bd9b7728,166,1,1,1,165,0,1,165,3,0.0,0,1,1,1,0,rocketride-org/rocketride-server
ae1bf9c0e775b6d7,132,6,6,2,126,0,2,126,0,0.03030303030303029,0,6,2,2,0,rocketride-org/rocketride-server
40c1cb02c2e1b3ad,47,2,2,2,45,0,2,45,0,0.0,0,2,2,2,0,rocketride-org/rocketride-server
1781e91001784157,82,4,4,0,78,0,0,78,8,0.04878048780487807,0,3,0,0,0,rocketride-org/rocketride-server
f92ffd61b46a602f,163,9,8,0,154,0,0,154,7,0.05521472392638035,0,6,0,0,0,rocketride-org/rocketride-server
94da7353f4b0e959,48,5,5,5,43,0,5,43,0,0.0,0,5,5,5,0,rocketride-org/rocketride-server
155672db3ca8c5b0,580,18,0,0,562,14,0,562,12,0.0,0,0,0,0,0,rocketride-org/rocketride-server
9d046c352c613e5b,33,0,0,0,33,0,0,33,20,0.0,0,0,0,0,0,rocketride-org/rocketride-server
4d285bb3962a89ef,294,14,14,14,280,0,14,280,0,0.0,0,14,14,14,0,rocketride-org/rocketride-server
48dea8892bec3d4d,2045,16,12,0,2029,15,0,2029,43,0.006090938234154273,0,11,0,0,0,rocketride-org/rocketride-server
28072c9b37515569,198,23,23,23,175,0,23,175,0,0.0,0,23,23,23,0,rocketride-org/rocketride-server
54a64aca23d76457,209,8,8,8,201,0,8,201,0,0.0,0,8,8,8,0,rocketride-org/rocketride-server
d1ff261c72737c1a,243,8,8,8,235,0,8,235,0,0.0,0,8,8,8,0,rocketride-org/rocketride-server
bc05a2d62757a857,499,15,15,15,484,0,15,484,0,0.0,0,15,15,15,0,rocketride-org/rocketride-server
1dd917e287fcd8ed,111,0,0,0,111,0,0,111,0,0.0,0,0,0,0,0,rocketride-org/rocketride-server
e1322c7851bfff14,323,23,23,23,300,0,23,300,0,0.0,0,23,23,23,0,rocketride-org/rocketride-server
22977d2b14e6812f,80,6,6,6,74,0,6,74,0,0.0,0,6,6,6,0,rocketride-org/rocketride-server
f48d2a2afd7676ed,378,59,0,0,319,0,0,319,20,0.004125190565868557,0,0,0,0,0,rocketride-org/rocketride-server
3330884965d51d84,163,7,7,5,156,0,5,156,0,0.012269938650306768,0,7,5,7,0,rocketride-org/rocketride-server
bddaa4d17ecebe6a,288,11,11,11,277,0,11,277,0,0.0,0,11,11,11,0,rocketride-org/rocketride-server
7a24fadb69ab15ab,94,2,2,2,92,0,2,92,0,0.0,0,2,2,2,0,rocketride-org/rocketride-server
7212a6eb59958652,47,35,0,0,12,0,0,12,0,0.0,0,0,0,0,0,graphql-dotnet/graphql-dotnet
b72b20c69336e55d,18,12,0,0,6,0,0,6,0,0.0,0,0,0,0,0,graphql-dotnet/graphql-dotnet
118f793bc33b1bc9,46,24,8,6,22,4,6,22,4,0.03333333333333334,0,8,5,6,0,graphql-dotnet/graphql-dotnet
237ca24208859f43,51,34,7,1,17,0,1,17,9,0.0015686274509803463,0,7,0,0,0,graphql-dotnet/graphql-dotnet
48cb7a4ccbf7e8f4,76,53,32,28,23,5,28,23,5,0.022807017543859682,0,25,22,23,1,graphql-dotnet/graphql-dotnet
708782c8cc4e53b7,22,13,8,6,9,0,6,9,0,0.07575757575757575,1,8,5,6,1,graphql-dotnet/graphql-dotnet
39f133063efbf6a4,53,39,33,29,14,0,20,14,4,0.03664731494920176,0,31,12,13,1,graphql-dotnet/graphql-dotnet
db0ca97631fc3262,26,20,15,13,6,0,9,6,3,0.07230769230769231,0,15,11,12,1,graphql-dotnet/graphql-dotnet
c5354f4f05e587f0,586,338,127,89,248,49,92,248,77,0.002348239549604726,0,119,72,73,0,graphql-dotnet/graphql-dotnet
9150932e956f1d09,22,13,10,6,9,0,6,9,0,0.08008658008658011,0,10,6,7,1,graphql-dotnet/graphql-dotnet
9db44d4a0166e050,22,9,2,0,13,0,0,13,0,0.05411255411255411,0,2,0,1,0,graphql-dotnet/graphql-dotnet
f4753c05edcb79df,32,20,5,3,12,0,3,12,0,0.04133064516129034,0,5,3,4,0,graphql-dotnet/graphql-dotnet
449715430c9c45d6,29,19,2,2,10,0,2,10,2,0.003694581280788159,0,2,2,2,0,graphql-dotnet/graphql-dotnet
638ba36a670e44b9,36,18,9,6,18,0,6,18,0,0.00555555555555555,0,9,1,1,0,graphql-dotnet/graphql-dotnet
56c06ff46abf4805,16,10,9,8,6,0,5,6,0,0.125,0,9,3,4,1,graphql-dotnet/graphql-dotnet
f4a29656e8af8665,232,0,0,0,232,0,0,232,1,0.0,0,0,0,0,0,graphql-dotnet/graphql-dotnet
b68e5548ebe3abee,90,79,33,29,11,0,29,11,0,0.020349563046192273,0,33,18,19,1,graphql-dotnet/graphql-dotnet
0b4e9aa6ef332709,23,14,13,12,9,0,2,9,7,0.08695652173913046,0,12,5,6,1,graphql-dotnet/graphql-dotnet
a2e1279fb0de3ee1,20,13,0,0,7,0,0,7,1,0.005263157894736845,0,0,0,0,0,graphql-dotnet/graphql-dotnet
95833c8f703f51f0,104,71,22,21,33,0,19,33,0,0.013349514563106816,0,22,21,22,0,graphql-dotnet/graphql-dotnet
a206e4f5cdd588d8,133,82,22,16,51,5,17,51,5,0.024493050808840268,0,19,15,16,0,graphql-dotnet/graphql-dotnet
08c9c0f0393f0164,46,32,0,0,14,0,0,14,0,0.0,0,0,0,0,0,graphql-dotnet/graphql-dotnet
111754fd8b099770,57,33,14,10,24,6,10,24,6,0.026629072681704277,0,13,10,11,0,graphql-dotnet/graphql-dotnet
849f832ece3ea3a1,185,143,45,27,42,16,26,42,16,0.008254994124559347,0,44,23,24,0,graphql-dotnet/graphql-dotnet
50ffe11fcab896fe,50,41,26,25,9,0,25,9,0,0.03877551020408165,0,26,20,21,1,graphql-dotnet/graphql-dotnet
df9ab782852d2267,26,1,1,1,25,0,1,25,12,0.0,0,1,1,1,0,rust-lang/futures-rs
9b46934401551fb0,114,17,17,8,97,10,7,97,17,0.07894736842105264,0,17,8,8,0,rust-lang/futures-rs
a005f515df3d5f33,535,17,17,8,518,9,6,518,80,0.01682242990654206,0,17,8,8,0,rust-lang/futures-rs
01675723622fa1e9,159,33,33,17,126,5,15,126,17,0.10062893081761005,0,30,17,17,0,rust-lang/futures-rs
3b377a499ac9ba31,438,6,6,0,432,53,0,432,88,0.0136986301369863,0,6,0,1,1,rust-lang/futures-rs
4e1debf859193b43,77,7,7,3,70,0,3,70,11,0.0519480519480519,0,7,3,3,0,rust-lang/futures-rs
3dadd30f2a1a7344,94,1,1,0,93,3,0,93,13,0.010638297872340425,0,1,0,0,0,rust-lang/futures-rs
a4ff824496c0521b,219,0,0,0,219,0,0,219,32,0.0,0,0,0,0,0,rust-lang/futures-rs
0ec6070a1396370e,106,3,3,0,103,17,0,103,18,0.02830188679245283,0,3,1,2,0,rust-lang/futures-rs
9fcd902e208244f8,38,0,0,0,38,4,0,38,6,0.0,0,0,0,0,0,rust-lang/futures-rs
c6c2ade9c2e3dcfa,396,2,2,0,394,10,0,394,25,0.005050505050505047,0,2,0,0,0,rust-lang/futures-rs
4b17ce2426f6545d,46,2,2,0,44,0,0,44,7,0.0434782608695652,0,2,0,0,0,rust-lang/futures-rs
dd03b534a872e582,336,13,13,1,323,0,1,323,7,0.03571428571428571,0,12,1,3,0,rust-lang/futures-rs
972fc591218dcbad,121,10,10,0,111,10,0,111,27,0.08264462809917357,0,10,0,3,0,rust-lang/futures-rs
0de58c0039ec063e,115,4,4,0,111,1,0,111,13,0.034782608695652154,0,4,1,1,0,rust-lang/futures-rs
77b2e298b341626a,278,2,2,0,276,10,0,276,63,0.007194244604316545,0,2,0,0,0,rust-lang/futures-rs
39075294d4f0db7e,43,1,1,0,42,0,0,42,14,0.023255813953488393,0,0,0,0,0,rust-lang/futures-rs
dcf168c1a6dfb072,127,5,5,0,122,6,0,122,6,0.04724409448818899,0,2,0,0,0,rust-lang/futures-rs
194b51bafacf71c7,138,10,10,6,128,10,6,128,10,0.02898550724637678,0,9,6,6,0,rust-lang/futures-rs
372b7ca0ca5b955b,707,10,10,5,697,50,4,697,185,0.007072135785007097,0,9,5,8,0,rust-lang/futures-rs
8140b12b02a38b37,49,2,2,0,47,1,0,47,2,0.04081632653061226,0,2,0,0,0,rust-lang/futures-rs
8640d1051982c762,371,37,37,10,334,0,10,334,0,0.07277628032345015,0,30,10,15,0,rust-lang/futures-rs
649d84f019564154,266,3,3,0,263,3,1,263,4,0.015037593984962364,0,3,0,0,0,rust-lang/futures-rs
ae71d380a9946d27,104,1,1,0,103,0,0,103,0,0.009615384615384654,0,1,0,0,0,rust-lang/futures-rs
e7c8a210f3d1b5c0,146,28,28,12,118,10,14,118,16,0.1095890410958904,0,28,12,13,0,rust-lang/futures-rs
db35c9e1fffc8a83,256,0,0,0,256,3,0,256,5,0.0,0,0,0,0,0,huggingface/sentence-transformers
d70a36307854203f,2049,0,0,0,2049,90,0,2049,89,0.0,0,0,0,0,0,huggingface/sentence-transformers
97854e7789cb1a24,81,0,0,0,81,0,0,81,0,0.0,0,0,0,0,0,huggingface/sentence-transformers
4c54eb8049e08a98,207,0,0,0,207,0,0,207,10,0.0,0,0,0,0,0,huggingface/sentence-transformers
31439aa347adacc2,1183,0,0,0,1183,3,0,1183,155,0.0,0,0,0,0,0,huggingface/sentence-transformers
1bdc273bed8cd259,1,1,0,0,0,0,0,0,0,0.0,0,0,0,0,0,huggingface/sentence-transformers
5757948a880899c5,221,0,0,0,221,0,0,221,0,0.0,0,0,0,0,0,huggingface/sentence-transformers
ceb4ee12c532cd3d,210,1,1,0,209,10,0,209,14,0.004761904761904752,0,1,0,0,0,huggingface/sentence-transformers
fcd13745a769c866,137,0,0,0,137,0,0,137,0,0.0,0,0,0,0,0,huggingface/sentence-transformers
f4898404f95edd30,103,0,0,0,103,0,0,103,6,0.0,0,0,0,0,0,huggingface/sentence-transformers
6766e77137551f35,756,2,0,0,754,6,0,754,50,0.0,0,0,0,0,0,huggingface/sentence-transformers
f499967cb9dd01f2,77,1,0,0,76,0,0,76,2,0.0,0,0,0,0,0,huggingface/sentence-transformers
5a12e543ce3523aa,573,5,0,0,568,0,0,568,369,0.0,0,0,0,0,0,huggingface/sentence-transformers
a721b77aa7bf9469,209,1,0,0,208,3,0,208,10,0.0,0,0,0,0,0,huggingface/sentence-transformers
f4f5b446966a0c22,106,0,0,0,106,4,0,106,4,0.0,0,0,0,0,0,huggingface/sentence-transformers
a16c579f2d7ec008,114,1,0,0,113,3,0,113,3,0.0,0,0,0,0,0,huggingface/sentence-transformers
2895b3351b9dd154,197,0,0,0,197,0,0,197,5,0.0,0,0,0,0,0,huggingface/sentence-transformers
d60c60a0182064cc,90,1,1,0,89,2,0,89,14,0.0111111111111111,0,1,0,0,0,huggingface/sentence-transformers
ed4a96a80ae0af8e,31,0,0,0,31,1,0,31,1,0.0,0,0,0,0,0,huggingface/sentence-transformers
4678adf591693806,286,0,0,0,286,10,0,286,42,0.0,0,0,0,0,0,huggingface/sentence-transformers
738735e903582d96,139,0,0,0,139,0,0,139,3,0.0,0,0,0,0,0,huggingface/sentence-transformers
5f4f41618f6fb7c8,103,0,0,0,103,3,0,103,8,0.0,0,0,0,0,0,huggingface/sentence-transformers
cd6a13c5e4bf1b53,183,0,0,0,183,0,0,183,16,0.0,0,0,0,0,0,huggingface/sentence-transformers
371a7f1697e363fb,13,3,3,0,10,0,0,10,0,0.2307692307692308,0,3,0,0,0,huggingface/sentence-transformers
97c6af9cafdbffbf,102,0,0,0,102,8,0,102,10,0.0,0,0,0,0,0,huggingface/sentence-transformers
0b887189ef879222,82,19,0,0,63,1,0,63,1,0.0,0,0,0,0,0,PostgresApp/PostgresApp
8841044e0e03c24e,1207,16,0,0,1191,0,0,1191,0,0.0,0,0,0,0,0,PostgresApp/PostgresApp
4f0208cc523c52a0,45,8,0,0,37,0,0,37,0,0.0,0,0,0,0,0,PostgresApp/PostgresApp
30d604bfc0f73787,50,6,2,2,44,2,2,44,2,0.0,0,2,2,2,0,PostgresApp/PostgresApp
e9b744e577b5c097,793,11,0,0,782,0,0,782,0,0.0,0,0,0,0,0,PostgresApp/PostgresApp
e7ed160fb9607236,614,1,1,1,613,0,1,613,0,0.0,0,0,0,0,0,PostgresApp/PostgresApp
4def42543803a131,121,14,0,0,107,2,0,107,4,0.0,0,0,0,0,0,PostgresApp/PostgresApp
fb5b04f205a35c12,54,21,0,0,33,0,0,33,0,0.0,0,0,0,0,0,PostgresApp/PostgresApp
481bde0618b40a67,146,67,0,0,79,6,0,79,4,0.0,0,0,0,0,1,PostgresApp/PostgresApp
adb1380952a19d96,36,18,0,0,18,0,0,18,0,0.0,0,0,0,0,0,PostgresApp/PostgresApp
0c160811beb33fe8,1091,15,0,0,1076,0,0,1076,0,0.0,0,0,0,0,0,PostgresApp/PostgresApp
98ac8ab7f83fae32,1116,15,0,0,1101,0,0,1101,0,0.0,0,0,0,0,0,PostgresApp/PostgresApp
906871a810937753,95,9,0,0,86,2,0,86,2,0.0,0,0,0,0,0,PostgresApp/PostgresApp
eaaf4a2bffaba17f,1318,15,0,0,1303,0,0,1303,0,0.0,0,0,0,0,0,PostgresApp/PostgresApp
c22574e3c0981958,1280,153,21,21,1127,3,21,1127,46,0.0,0,19,19,19,0,PostgresApp/PostgresApp
5e33359db8e6b709,72,27,0,0,45,0,0,45,0,0.0,0,0,0,0,0,PostgresApp/PostgresApp
ed796b27100137ce,75,1,1,0,74,0,0,74,10,0.013333333333333322,0,1,0,1,0,CesiumGS/cesium
72107d56fa53a60a,511,479,332,113,32,6,111,32,6,0.31289624335349236,0,313,82,88,1,CesiumGS/cesium
cfffb47aefe8dbf1,491,19,19,0,472,0,0,472,35,0.038696537678207715,0,19,0,17,0,CesiumGS/cesium
98cfbdf968833faa,173,108,97,63,65,0,51,65,13,0.2079916655464444,0,93,61,71,1,CesiumGS/cesium
6606b67ee05e5b78,54,45,30,29,9,0,29,9,0,0.018518518518518517,0,21,15,15,1,CesiumGS/cesium
6e2c59c549e4e2cb,237,11,11,0,226,12,0,226,51,0.04641350210970464,0,11,0,11,0,CesiumGS/cesium
6598fb103fc435b9,661,520,419,168,141,15,113,141,59,0.3086187136111493,0,388,111,124,1,CesiumGS/cesium
e2b9307358a5ebb5,107,95,75,52,12,0,52,12,0,0.21495327102803738,0,58,37,38,1,CesiumGS/cesium
0d89535f1a8123f1,178,4,4,0,174,0,0,174,12,0.022471910112359578,0,4,0,4,0,CesiumGS/cesium
f922f3855c326d06,385,166,126,22,219,51,24,219,80,0.28823030755145634,1,113,12,21,0,CesiumGS/cesium
e577b2177d63c3d3,545,39,39,0,506,16,0,506,42,0.07155963302752291,0,39,0,21,0,CesiumGS/cesium
55b0da69634f18b3,918,81,79,1,837,629,1,837,650,0.12091503267973852,0,65,41,61,0,CesiumGS/cesium
d0fe8f1c22b5f71d,7,6,6,5,1,0,5,1,0,0.14285714285714282,0,5,4,4,1,CesiumGS/cesium
1ae73a97a1d5bd2e,303,23,23,0,280,0,2,280,16,0.07590759075907592,0,23,0,23,0,CesiumGS/cesium
072c15478ffb4426,136,15,15,0,121,0,0,121,13,0.11029411764705885,0,13,0,1,0,CesiumGS/cesium
941aca5988979a62,278,115,68,16,163,20,17,163,31,0.14356024205906032,0,64,9,34,0,CesiumGS/cesium
a8713d145dcce7ca,172,147,119,74,25,0,61,25,0,0.2731538147694818,0,90,45,61,1,CesiumGS/cesium
f54d6dfa5762d344,602,83,83,6,519,8,5,519,24,0.12789590254706537,0,78,5,18,0,CesiumGS/cesium
5258c3e239714b51,126,1,1,0,125,0,0,125,98,0.007936507936507922,0,1,0,1,0,CesiumGS/cesium
27c035261584ae7f,125,10,10,0,115,0,0,115,0,0.07999999999999997,0,9,0,0,0,CesiumGS/cesium
0507a472cd951e3f,557,52,52,4,505,33,4,505,45,0.07001795332136448,0,48,3,17,0,CesiumGS/cesium
ff9b4d9930be0931,110,74,68,52,36,0,49,36,1,0.17247706422018352,0,68,52,61,1,CesiumGS/cesium
8171b776ea67535a,880,814,280,59,66,7,52,66,11,0.17840909090909093,0,265,64,66,0,CesiumGS/cesium
8ba26d8d5125baec,774,329,208,88,445,8,90,445,18,0.14857881136950907,0,189,42,42,0,CesiumGS/cesium
bf223e301cc91c7d,250,145,114,42,105,20,42,105,23,0.328,1,105,35,62,1,CesiumGS/cesium
604c83676402aa20,310,8,0,0,302,4,0,302,9,0.0011385199240987087,0,0,0,0,0,streamlink/streamlink
be0d9142939c0c43,15,6,0,0,9,3,0,9,3,0.4,1,0,0,0,0,streamlink/streamlink
686c6dc64f2bca40,171,53,22,1,118,11,1,118,9,0.09695837226201598,0,15,5,10,0,streamlink/streamlink
b68c8dfc6bc3c54a,15,1,0,0,14,7,0,14,7,0.06666666666666665,1,0,0,0,0,streamlink/streamlink
c10d0d449b76099a,2106,170,0,0,1936,2,0,1936,10,1.263816219455375e-05,0,0,0,0,0,streamlink/streamlink
dad9150fa9c2963f,15,6,0,0,9,3,0,9,3,0.39999999999999997,1,0,0,0,0,streamlink/streamlink
c32d4a8b19da1f8e,24,0,0,0,24,0,0,24,0,0.0,0,0,0,0,0,streamlink/streamlink
ee1b719f52c4c8c3,19,0,0,0,19,1,0,19,1,0.0,0,0,0,0,0,streamlink/streamlink
1cbfdda2e9ef2930,4,1,0,0,3,0,0,3,0,0.25,0,0,0,0,0,streamlink/streamlink
cb834c886b1951a7,148,34,0,0,114,3,0,114,4,0.0034948741845293313,0,0,0,0,0,streamlink/streamlink
6cb992f26d94f746,778,53,0,0,725,0,0,725,0,0.0,0,0,0,0,0,streamlink/streamlink
3940131767f966e2,335,9,0,0,326,0,0,326,0,3.585675227467519e-05,0,0,0,0,0,streamlink/streamlink
115abb6e3518d5de,141,36,0,0,105,0,0,105,0,0.0,0,0,0,0,0,streamlink/streamlink
38caf60a98cd0944,37,2,1,0,35,0,0,35,2,0.027027027027027056,0,1,0,1,0,streamlink/streamlink
1567cb86ff2f5461,62,6,3,0,56,3,0,56,3,0.04838709677419358,0,1,0,0,0,streamlink/streamlink
e322da2d6b43c455,110,8,0,0,102,11,0,102,11,0.0,0,0,0,0,0,streamlink/streamlink
7a07ab2b2caee2b3,632,197,0,0,435,0,0,435,1,0.0,0,0,0,0,0,streamlink/streamlink
a0d48c28e8d84cb5,408,9,0,0,399,0,0,399,28,0.0,0,0,0,0,0,streamlink/streamlink
433e68d849009af3,4,1,0,0,3,0,0,3,0,0.24999999999999997,0,0,0,0,0,streamlink/streamlink
344ff1d0ef675154,42,0,0,0,42,0,0,42,1,0.0,0,0,0,0,0,streamlink/streamlink
2ecf2de0ca094dc6,53,5,0,0,48,0,0,48,16,0.0,0,0,0,0,0,streamlink/streamlink
21b3fee02461d2dc,16,0,0,0,16,0,0,16,0,0.0,0,0,0,0,0,streamlink/streamlink
25c2b85db437d034,50,20,0,0,30,4,0,30,4,0.006938775510204123,0,0,0,0,0,streamlink/streamlink
62f6c22852f838a3,44,0,0,0,44,3,0,44,3,0.0,0,0,0,0,0,streamlink/streamlink
5eaee2f3c7f2063c,202,3,1,0,199,0,0,199,6,0.004950495049504955,0,1,0,0,0,streamlink/streamlink
8a67bcf43c4af736,385,176,91,91,209,0,91,209,1,0.0,0,91,91,91,1,Bash-it/bash-it
cb8304bc21d95b96,12,5,5,5,7,0,5,7,0,0.0,0,5,5,5,1,Bash-it/bash-it
544c8981a997d35b,13,4,2,2,9,0,2,9,0,0.0,0,2,2,2,0,Bash-it/bash-it
49e27ffacd1cd8c9,17,0,0,0,17,13,0,17,13,0.0,0,0,0,0,0,Bash-it/bash-it
4b3043a5f552db52,42,1,0,0,41,0,0,41,0,0.021486643437862964,0,0,0,0,0,Bash-it/bash-it
5ff3216fa55b9ea5,100,34,34,28,66,1,28,66,1,0.0,0,22,22,22,0,Bash-it/bash-it
c0702658bab40ff9,148,42,11,11,106,30,11,106,33,0.0,0,11,11,11,0,Bash-it/bash-it
520120faf56a45b9,44,20,20,13,24,0,12,24,0,0.0,0,17,17,17,1,Bash-it/bash-it
6cb3ad4eae580b96,43,21,9,9,22,0,9,22,0,0.0,0,9,9,9,1,Bash-it/bash-it
e60230c15079cc2b,1302,616,297,235,686,36,226,686,45,0.029953917050691246,1,287,226,228,0,Bash-it/bash-it
c7d6cbd23f7d3a7f,44,2,0,0,42,10,0,42,10,0.0,0,0,0,0,0,Bash-it/bash-it
4a46a119d7d0eafd,23,2,2,2,21,0,2,21,0,0.0,0,2,2,2,0,Bash-it/bash-it
aa57f91a88a2f8fb,363,146,81,81,217,1,81,217,1,0.0,0,81,81,81,1,Bash-it/bash-it
ad8fb803829661a5,84,38,15,15,46,0,15,46,0,0.0,0,15,15,15,1,Bash-it/bash-it
f54c63fde94c7fad,32,16,4,4,16,0,4,16,0,0.0,0,4,4,4,0,Bash-it/bash-it
91ade87665bb4ab7,28,2,1,0,26,0,0,26,0,0.035714285714285705,0,1,0,1,0,Bash-it/bash-it
d2a1ccb49e29ca15,98,49,8,8,49,17,8,49,18,0.0,0,8,8,8,0,Bash-it/bash-it
0d1dec743886c365,73,36,22,22,37,0,22,37,0,0.0,0,22,22,22,1,Bash-it/bash-it
b072cd254c8393a5,82,45,24,24,37,0,24,37,0,0.0,0,24,24,24,1,Bash-it/bash-it
574885fda076ff0d,387,249,165,165,138,0,165,138,0,0.0,0,165,165,165,1,Bash-it/bash-it
5e64a150a922d404,153,89,89,89,64,0,89,64,0,0.0,0,89,89,89,1,Bash-it/bash-it
63a9c44a44acf85f,52,0,0,0,52,0,0,52,0,0.0,0,0,0,0,0,Bash-it/bash-it
d008e1016f48d534,30,12,5,5,18,0,5,18,0,0.0,0,5,5,5,1,Bash-it/bash-it
681fcd671c896da6,17,11,11,11,6,0,11,6,0,0.0,0,9,9,9,1,Bash-it/bash-it
6b2ab8485dfaf08c,23,11,10,9,12,0,9,12,0,0.04347826086956526,0,10,9,10,1,Bash-it/bash-it
9248aa49fcca637e,158,7,7,0,151,9,0,151,26,0.044303797468354424,0,6,1,1,0,risingwavelabs/risingwave
3b540db5fef5cb46,505,4,4,0,501,1,2,501,12,0.007920792079207924,0,4,2,2,0,risingwavelabs/risingwave
a642e311dc3fbad8,112,3,3,0,109,1,0,109,7,0.026785714285714284,0,3,0,0,0,risingwavelabs/risingwave
6539f11f463e25ce,445,0,0,0,445,14,0,445,61,0.0,0,0,0,0,0,risingwavelabs/risingwave
427ec069d0b7eaa2,677,2,2,0,675,10,0,675,71,0.002954209748892163,0,2,1,1,0,risingwavelabs/risingwave
48d9952bb9dca858,133,1,1,0,132,2,0,132,36,0.007518796992481203,0,1,0,0,0,risingwavelabs/risingwave
76db75b55e994745,151,4,4,0,147,1,2,147,19,0.026490066225165577,0,4,2,2,0,risingwavelabs/risingwave
ae3b19aee894056f,394,2,2,0,392,0,0,392,13,0.005076142131979704,0,2,0,0,0,risingwavelabs/risingwave
f95273071f3fc953,254,1,0,0,253,0,0,253,15,0.0,0,0,0,0,0,risingwavelabs/risingwave
810e5a1978c48970,216,1,1,0,215,3,0,215,5,0.00462962962962964,0,1,0,0,0,risingwavelabs/risingwave
edbcd299a6a1e6d6,199,3,3,0,196,0,0,196,116,0.015075376884422087,0,3,0,0,0,risingwavelabs/risingwave
8e353f95f89d91d1,246,3,1,0,243,1,0,243,23,0.004065040650406498,0,1,0,0,0,risingwavelabs/risingwave
16a0c76532fcc23d,246,1,1,0,245,0,0,245,12,0.0040650406504065435,0,1,0,0,0,risingwavelabs/risingwave
5d729e3f873152a4,106,2,2,0,104,1,0,104,14,0.018867924528301883,0,2,0,0,0,risingwavelabs/risingwave
96258bd4d546ac6c,6,0,0,0,6,0,0,6,0,0.0,0,0,0,0,0,risingwavelabs/risingwave
b4ad2aa5d942cd06,178,1,1,0,177,4,0,177,6,0.005617977528089894,0,1,0,0,0,risingwavelabs/risingwave
7e9664c6068e07d6,51,1,1,1,50,1,1,50,1,0.0,0,1,1,1,0,risingwavelabs/risingwave
a6c263a47b721cb5,152,3,3,0,149,2,2,149,17,0.019736842105263178,0,3,2,2,0,risingwavelabs/risingwave
7098154571b42896,231,1,1,0,230,2,1,230,16,0.0043290043290043385,0,1,1,1,0,risingwavelabs/risingwave
005e3d0621132d06,179,0,0,0,179,3,0,179,27,0.0,0,0,0,0,0,risingwavelabs/risingwave
e47fdd4fb7e46c96,196,3,3,0,193,7,0,193,12,0.015306122448979591,0,3,0,0,0,risingwavelabs/risingwave
bbaf5a4ad76e5954,342,1,1,0,341,0,0,341,14,0.0029239766081871343,0,1,0,0,0,risingwavelabs/risingwave
2dfeca7c13a80d5c,68,2,0,0,66,3,0,66,7,0.0,0,0,0,0,0,risingwavelabs/risingwave
95d268ac7817c6b0,1174,23,23,6,1151,12,9,1151,120,0.01448040885860307,0,19,7,11,0,risingwavelabs/risingwave
427e33838ffd3500,52,45,0,0,7,0,0,7,5,0.0,0,0,0,0,0,risingwavelabs/risingwave
419d79ae7d440d49,141,5,0,0,136,0,0,136,3,0.00010131712259368267,0,0,0,0,0,TagStudioDev/TagStudio
d261898b4e775ec7,325,10,0,0,315,0,0,315,0,1.8993352326687925e-05,0,0,0,0,0,TagStudioDev/TagStudio
4ab4438dd3ea2ed6,86,1,0,0,85,0,0,85,0,0.0002735978112175033,0,0,0,0,0,TagStudioDev/TagStudio
c6b098646bf32c64,41,2,2,0,39,0,0,39,0,0.04878048780487807,0,2,0,2,0,TagStudioDev/TagStudio
b4d68dc855d0f947,112,18,0,0,94,2,0,94,2,0.0012065637065636998,0,0,0,0,0,TagStudioDev/TagStudio
ac3b88d9e3276b5f,62,1,0,0,61,0,0,61,0,0.003437334743521935,0,0,0,0,0,TagStudioDev/TagStudio
e367d91bc273f41e,270,1,0,0,269,0,0,269,0,0.0,0,0,0,0,0,TagStudioDev/TagStudio
9282a1b3562cbaa3,248,4,3,3,244,0,0,244,105,0.002709938618257822,0,3,3,3,0,TagStudioDev/TagStudio
72376d0b487d7231,141,1,0,0,140,2,0,140,7,0.0015704154002026383,0,0,0,0,0,TagStudioDev/TagStudio
ad3e2211fa547f98,7,1,1,0,6,0,0,6,0,0.14285714285714288,0,1,0,0,0,TagStudioDev/TagStudio
f6452d31d288bd43,213,2,0,0,211,0,0,211,14,0.00017800324855924907,0,0,0,0,0,TagStudioDev/TagStudio
800400b65b3ab1b1,129,27,0,0,102,0,0,102,0,0.00036337209302327034,0,0,0,0,0,TagStudioDev/TagStudio
18813c86948efc57,31,12,0,0,19,0,0,19,0,0.0,0,0,0,0,0,TagStudioDev/TagStudio
ca2437908fa989e5,220,1,0,0,219,4,0,219,8,0.0005188875051888942,0,0,0,0,0,TagStudioDev/TagStudio
b335630551682c19,235,54,0,0,181,0,0,181,10,0.0013275140934715197,0,0,0,0,0,TagStudioDev/TagStudio
b824472323236840,58,28,2,2,30,0,2,30,0,0.0036297640653357548,0,2,2,2,0,TagStudioDev/TagStudio
b640b344ee7f3f03,5,5,0,0,0,0,0,0,0,0.0,0,0,0,0,0,TagStudioDev/TagStudio
24bbbd015cea752a,54,1,0,0,53,0,0,53,14,0.014675052410901437,0,0,0,0,0,TagStudioDev/TagStudio
07985fdcade0e64d,2,0,0,0,2,0,0,2,0,0.0,0,0,0,0,0,TagStudioDev/TagStudio
77f023b99d3d5800,1371,289,0,0,1082,0,0,1082,166,1.0648096386706163e-06,0,0,0,0,0,TagStudioDev/TagStudio
50c86b7ed8ac2cf9,136,1,0,0,135,0,0,135,16,0.004520697167756006,0,0,0,0,0,TagStudioDev/TagStudio
e8a8cc16a632e234,169,2,1,0,167,3,0,167,3,0.006480698788391084,0,0,0,0,0,TagStudioDev/TagStudio
4999f3a1af803bee,61,1,0,0,60,2,0,60,2,0.009289617486338806,0,0,0,0,1,TagStudioDev/TagStudio
162b45a313f5f057,259,19,15,14,240,3,14,240,13,0.006839064978599853,0,14,14,14,0,TagStudioDev/TagStudio
6a17656d764b8e19,288,125,0,0,163,1,0,163,1,0.0001330816879597579,0,0,0,0,0,TagStudioDev/TagStudio
33c052a0e38dc6b9,1,1,0,0,0,0,0,0,0,0.0,0,0,0,0,0,Redot-Engine/redot-engine
f3f737df6fbf33a2,1,1,0,0,0,0,0,0,0,0.0,0,0,0,0,0,Redot-Engine/redot-engine
fb9b9c63abe7a879,74,35,32,21,39,0,21,39,0,0.16066066066066062,0,25,18,18,1,Redot-Engine/redot-engine
f6d97f4b5b12895d,1,1,0,0,0,0,0,0,0,0.0,0,0,0,0,0,Redot-Engine/redot-engine
b30c1b1a1f9ca648,57,31,31,21,26,0,21,26,1,0.17543859649122806,0,24,18,18,1,Redot-Engine/redot-engine
f94cd5be526d3d95,586,64,58,34,522,7,34,522,40,0.04407003904717859,0,51,31,31,0,Redot-Engine/redot-engine
620b639db0b2a911,121,32,32,21,89,0,2,89,0,0.0909090909090909,0,25,18,18,1,Redot-Engine/redot-engine
feeb65307321a559,129,33,5,1,96,6,1,96,11,0.031007751937984503,0,5,1,1,0,Redot-Engine/redot-engine
2ebd53d4f4690ff9,43,4,4,0,39,0,0,39,23,0.09302325581395351,0,4,0,0,0,Redot-Engine/redot-engine
0f301c2c2afcf056,84,32,5,0,52,0,0,52,0,0.05952380952380953,0,5,0,0,0,Redot-Engine/redot-engine
d1c7bc964fa43fea,86,32,32,21,54,0,2,54,0,0.12790697674418605,0,25,18,18,0,Redot-Engine/redot-engine
188382b16da7d61a,68,31,5,0,37,4,0,37,4,0.07352941176470587,0,5,0,0,0,Redot-Engine/redot-engine
b949f756499872ff,107,35,34,22,72,0,22,72,0,0.11197319696702525,0,27,19,19,1,Redot-Engine/redot-engine
4854c0360de8212d,196,5,5,0,191,9,0,191,34,0.025510204081632695,0,4,0,0,0,Redot-Engine/redot-engine
4cff1f8e1b99043c,1,1,0,0,0,0,0,0,0,0.0,0,0,0,0,0,Redot-Engine/redot-engine
7d9ed9f495ac8e01,62,33,5,0,29,0,0,29,0,0.08064516129032262,0,5,0,0,0,Redot-Engine/redot-engine
f9f8dffb752c0985,1,1,0,0,0,0,0,0,0,0.0,0,0,0,0,0,Redot-Engine/redot-engine
4d5744a7510ae340,2390,45,12,6,2345,24,6,2345,72,0.0025018783791120607,0,10,5,5,0,Redot-Engine/redot-engine
30afd9ad0e04db51,1,1,0,0,0,0,0,0,0,0.0,0,0,0,0,0,Redot-Engine/redot-engine
3502bbe3e716a495,48,32,30,21,16,0,2,16,0,0.14583333333333334,0,23,18,18,1,Redot-Engine/redot-engine
adc1a2ebe3ee2e8e,214,34,31,20,180,0,20,180,3,0.05523717157467821,0,24,17,17,0,Redot-Engine/redot-engine
4b09852c1e80b23d,1,1,0,0,0,0,0,0,0,0.0,0,0,0,0,0,Redot-Engine/redot-engine
1d8a92d3913391b7,1,1,0,0,0,0,0,0,0,0.0,0,0,0,0,0,Redot-Engine/redot-engine
98ae49b43f623c9f,3514,31,31,21,3483,97,21,3483,332,0.002845759817871379,0,24,18,18,0,Redot-Engine/redot-engine
952976235704ca68,307,32,32,21,275,68,2,275,103,0.03583061889250815,0,25,18,18,1,Redot-Engine/redot-engine
0480d52499c980b9,97,33,0,0,64,0,0,64,52,0.0,0,0,0,0,0,ankidroid/Anki-Android
fec57eb0cac75fc1,109,89,69,8,20,1,11,20,1,0.7369343366663231,1,61,8,16,1,ankidroid/Anki-Android
27e5bf0c0c19cf4a,137,64,61,1,73,0,1,73,1,0.4565856847151106,1,59,1,28,0,ankidroid/Anki-Android
23ff31c8ee374b67,65,40,36,2,25,0,2,25,0,0.5655086848635236,1,34,0,18,1,ankidroid/Anki-Android
d9a76041ba0946e9,96,9,9,2,87,1,2,87,3,0.07291666666666667,0,7,1,2,0,ankidroid/Anki-Android
cc27f1d786602cbf,98,0,0,0,98,0,0,98,0,0.0,0,0,0,0,0,ankidroid/Anki-Android
e259b6573aa2a518,132,11,11,5,121,8,5,121,10,0.053030303030303004,0,9,5,6,1,ankidroid/Anki-Android
757eb097080f1c12,30,4,4,0,26,0,0,26,0,0.13333333333333336,1,4,0,0,1,ankidroid/Anki-Android
eefada7be5283e1f,75,6,6,0,69,1,0,69,1,0.08000000000000002,0,5,0,3,0,ankidroid/Anki-Android
5ed86e29a1ef8308,75,16,16,0,59,9,0,59,9,0.22666666666666663,1,10,0,10,1,ankidroid/Anki-Android
34a3ca1fcabaf84a,57,20,19,0,37,0,0,37,1,0.3333333333333333,0,16,0,3,0,ankidroid/Anki-Android
386833afa70cf813,106,3,0,0,103,0,0,103,2,0.0,0,0,0,0,0,ankidroid/Anki-Android
259dd79e3df23388,25,12,12,9,13,0,1,13,1,0.12,0,11,9,9,1,ankidroid/Anki-Android
9e1369fb10e5dda0,68,8,8,0,60,0,0,60,14,0.11764705882352942,0,7,0,1,0,ankidroid/Anki-Android
0a6e7548e23b9467,21,0,0,0,21,0,0,21,2,0.0,0,0,0,0,0,ankidroid/Anki-Android
e37aa37efd73a2f6,696,178,150,5,518,8,5,518,46,0.21298418709720288,0,142,0,12,0,ankidroid/Anki-Android
7cc4bfb99cd1069d,92,73,67,5,19,1,5,19,1,0.7360970677451972,1,57,2,20,1,ankidroid/Anki-Android
defadb4b9f86633b,117,41,38,0,76,3,0,76,5,0.35698496905393456,1,38,0,20,1,ankidroid/Anki-Android
6d27b6a54b50b4dc,388,100,69,9,288,17,12,288,43,0.19789934597051326,0,65,9,17,0,ankidroid/Anki-Android
a92f06e8d2b0f0e9,37,16,16,0,21,0,0,21,0,0.43243243243243246,0,11,0,10,0,ankidroid/Anki-Android
5bd163c30eb78dce,22,2,1,0,20,0,0,20,0,0.07142857142857145,1,1,0,0,1,ankidroid/Anki-Android
ac70fd8f3e884644,145,2,2,0,143,0,0,143,11,0.013793103448275876,0,2,0,2,0,ankidroid/Anki-Android
076259289cf6a090,90,30,1,0,60,0,0,60,0,0.011111111111111092,0,1,0,0,0,ankidroid/Anki-Android
a934dd6f4209a300,79,16,15,0,63,31,0,63,28,0.24050632911392406,0,10,0,10,0,ankidroid/Anki-Android
1473c4b548099b46,84,15,0,0,69,0,0,69,51,0.0,0,0,0,0,0,ankidroid/Anki-Android
54e0a98a9b82d858,278,2,1,0,276,57,0,276,67,0.003597122302158265,0,1,0,0,0,immutable-js/immutable-js
dca503cd5115e067,59,14,4,0,45,2,1,45,2,0.09396372286648824,0,4,1,4,0,immutable-js/immutable-js
f0866c322565da3f,110,1,1,0,109,5,0,109,6,0.009090909090909092,0,1,1,1,0,immutable-js/immutable-js
604e394f9ecdc02c,282,1,1,0,281,1,0,281,1,0.0035460992907801747,0,1,0,1,0,immutable-js/immutable-js
cd7e1756efd74c9a,31,2,2,0,29,0,2,29,2,0.06451612903225809,0,2,2,2,0,immutable-js/immutable-js
e321b7ed6cbb9db3,243,8,8,0,235,31,0,235,31,0.03292181069958849,0,8,1,8,0,immutable-js/immutable-js
c30a2ab73664d634,70,7,5,0,63,0,1,63,7,0.07142857142857142,0,5,1,5,0,immutable-js/immutable-js
7ecfd185d7085e35,23,1,0,0,22,0,0,22,0,0.0,0,0,0,0,0,immutable-js/immutable-js
fcdb7cadb7fcd21d,226,2,1,0,224,50,1,224,52,0.004424778761061954,0,1,1,1,0,immutable-js/immutable-js
07e8e9b29d156cbf,33,1,1,0,32,0,0,32,0,0.03030303030303029,0,1,0,0,0,immutable-js/immutable-js
9297816195f6af34,2414,60,60,0,2354,306,21,2354,514,0.024855012427506217,0,60,0,60,0,immutable-js/immutable-js
96b7b9f42d240f83,49,3,3,0,46,0,0,46,0,0.06122448979591835,0,3,0,3,0,immutable-js/immutable-js
0e91066755c70dee,301,0,0,0,301,0,0,301,8,0.0,0,0,0,0,0,immutable-js/immutable-js
33cde40ef32354b7,81,2,1,0,79,0,0,79,0,0.012345679012345706,0,1,0,0,0,immutable-js/immutable-js
420073f44afc5f73,198,7,2,0,191,7,0,191,14,0.010101010101010138,0,2,0,2,0,immutable-js/immutable-js
66b7a8aedb7b2329,28,1,1,0,27,0,1,27,0,0.03571428571428572,0,1,1,1,0,immutable-js/immutable-js
162f118099cead77,153,2,0,0,151,3,0,151,3,0.0,0,0,0,0,0,immutable-js/immutable-js
8d344e07340b05e6,37,3,3,0,34,0,2,34,0,0.08108108108108106,0,3,1,1,0,immutable-js/immutable-js
6dbaf797381813e6,61,3,0,0,58,0,0,58,0,0.013661202185792344,0,0,0,0,0,immutable-js/immutable-js
6054a73f8304a0b3,71,2,1,0,69,3,1,69,3,0.014084507042253513,0,1,1,1,0,immutable-js/immutable-js
de50d704863dc331,104,1,1,0,103,12,0,103,12,0.009615384615384654,0,1,0,0,0,immutable-js/immutable-js
f350c8fcc9b6af8c,18,2,2,0,16,0,1,16,0,0.11111111111111113,0,2,1,1,0,immutable-js/immutable-js
f0db8eab60036e10,174,5,1,0,169,0,1,169,0,0.02738336713995944,0,1,1,1,0,immutable-js/immutable-js
b86aa09285a1089e,70,1,1,0,69,9,0,69,17,0.01428571428571429,1,1,0,1,0,immutable-js/immutable-js
e1cc6cb4049d31db,137,3,3,0,134,0,1,134,0,0.02189781021897809,0,3,1,1,0,immutable-js/immutable-js
c32700f128f1a20b,9,5,4,3,4,1,3,4,1,0.2222222222222222,0,4,2,3,1,OrchardCMS/OrchardCore
412c431b979a2322,21,11,9,7,10,0,7,10,0,0.09285714285714286,0,7,5,6,1,OrchardCMS/OrchardCore
c455bc23ffe6091f,217,143,83,36,74,26,40,74,27,0.009088581669226827,0,75,18,19,1,OrchardCMS/OrchardCore
af706b99a1cf2089,18,9,8,7,9,1,7,9,1,0.11111111111111113,0,8,5,6,1,OrchardCMS/OrchardCore
4f7044cfe250a882,63,46,42,41,17,0,41,17,0,0.031233998975934478,0,34,31,32,1,OrchardCMS/OrchardCore
80a219da12c81450,33,20,14,9,13,4,9,13,4,0.0596590909090909,0,12,6,7,1,OrchardCMS/OrchardCore
86c0423521224552,26,18,17,16,8,0,16,8,2,0.07538461538461534,0,13,12,13,1,OrchardCMS/OrchardCore
7648153f906fa2cb,3,2,1,0,1,0,0,1,0,0.6666666666666666,1,1,0,1,1,OrchardCMS/OrchardCore
1bcb269545cc97d9,7,5,2,2,2,0,2,2,0,0.11904761904761905,0,2,2,2,1,OrchardCMS/OrchardCore
65e1d6ed5fcfbca3,26,17,13,7,9,3,7,9,3,0.07692307692307691,0,13,7,8,1,OrchardCMS/OrchardCore
17ccb111a6536d60,415,115,69,33,300,96,43,300,112,0.004801815959490106,0,56,23,24,0,OrchardCMS/OrchardCore
eeecf6769ad62b4e,49,34,28,26,15,0,24,15,0,0.039965986394557784,0,24,20,21,1,OrchardCMS/OrchardCore
44920f1cd9f40de9,19,11,9,8,8,0,8,8,0,0.10526315789473682,0,9,7,8,1,OrchardCMS/OrchardCore
35482fe08ca34543,57,25,22,19,32,2,19,32,2,0.03477443609022557,0,17,15,16,1,OrchardCMS/OrchardCore
315d615b3db74a95,70,40,10,3,30,5,2,30,10,0.022774327122153236,0,9,1,2,1,OrchardCMS/OrchardCore
d17675f211df5ede,19,9,7,4,10,0,4,10,0,0.10233918128654972,0,5,3,4,0,OrchardCMS/OrchardCore
b95ca14b2d15e148,932,741,647,523,191,9,490,191,23,0.0021136532317918995,0,568,415,416,1,OrchardCMS/OrchardCore
82838e5f2ae29d7a,21,11,9,8,10,0,8,10,0,0.09285714285714283,0,7,5,6,1,OrchardCMS/OrchardCore
c737aa6739c22db7,134,83,60,33,51,14,31,51,19,0.013803164627987852,0,58,19,20,1,OrchardCMS/OrchardCore
eecd0d4953f1354d,64,44,42,39,20,0,32,20,1,0.0310019841269841,0,38,35,36,1,OrchardCMS/OrchardCore
11bfd8da4fa832df,77,39,35,17,38,3,16,38,3,0.020334928229665074,0,25,23,24,1,OrchardCMS/OrchardCore
2e8ae4309ceb32d0,36,18,13,9,18,0,8,18,0,0.05476190476190472,0,12,3,4,1,OrchardCMS/OrchardCore
92e693b09e036194,24,16,15,14,8,0,14,8,0,0.08333333333333334,0,15,13,14,1,OrchardCMS/OrchardCore
5541f71fed05da5b,45,30,23,19,15,0,19,15,0,0.04444444444444444,0,22,15,16,1,OrchardCMS/OrchardCore
eac33391272ec108,131,87,65,46,44,4,46,44,4,0.015149735760422832,0,57,17,20,1,OrchardCMS/OrchardCore
ede9f4aa851956ba,34,2,2,2,32,0,2,32,13,0.0,0,2,2,2,0,phpDocumentor/TypeResolver
cff57adcfa992667,32,5,3,1,27,0,1,27,0,0.11875000000000002,0,3,1,1,0,phpDocumentor/TypeResolver
49ae4ee3759339bf,61,5,3,1,56,0,1,56,0,0.06390664073353708,0,3,1,1,0,phpDocumentor/TypeResolver
22a37f4694fc1237,69,10,7,2,59,3,2,59,3,0.09842093878433915,0,7,2,3,0,phpDocumentor/TypeResolver
df3277f250b866e2,44,6,4,0,38,1,0,38,16,0.13636363636363633,0,3,0,0,0,phpDocumentor/TypeResolver
abd9e15f0e9c3945,32,5,3,1,27,0,1,27,0,0.11875000000000002,0,3,1,1,0,phpDocumentor/TypeResolver
73c8f06a6dda58b2,39,2,2,2,37,0,1,37,17,0.0,0,2,2,2,0,phpDocumentor/TypeResolver
7242d81248792a82,34,2,2,2,32,0,2,32,13,0.0,0,2,2,2,0,phpDocumentor/TypeResolver
54ea2dbc09cf5271,80,5,3,1,75,2,1,75,2,0.04166666666666667,1,3,1,1,1,phpDocumentor/TypeResolver
7e9cc31682bf519e,39,2,2,2,37,0,1,37,17,0.0,0,2,2,2,0,phpDocumentor/TypeResolver
6ec203b5b566a71b,32,5,3,1,27,0,1,27,0,0.11875000000000002,0,3,1,1,0,phpDocumentor/TypeResolver
bf13ce586c6118e2,80,13,8,3,67,0,3,67,0,0.08365384615384613,0,8,2,4,0,phpDocumentor/TypeResolver
7edd98ba3bcf3e59,51,2,2,2,49,0,0,49,25,0.0,0,2,2,2,0,phpDocumentor/TypeResolver
05ae9cddcaec1e84,35,5,0,0,30,0,0,30,0,0.058928571428571455,0,0,0,0,0,phpDocumentor/TypeResolver
336cbf59f6882311,35,5,3,1,30,0,1,30,0,0.10735930735930732,0,3,1,1,0,phpDocumentor/TypeResolver
a1307b501798954e,39,2,2,2,37,0,1,37,17,0.0,0,2,2,2,0,phpDocumentor/TypeResolver
a6f22442ed35ad58,32,5,3,1,27,0,1,27,0,0.11875000000000002,0,3,1,1,0,phpDocumentor/TypeResolver
71b619c52c11e511,286,14,12,0,272,12,0,272,98,0.048360090613611725,0,12,0,0,0,phpDocumentor/TypeResolver
b4f072e910fd496b,125,6,6,6,119,0,4,119,83,0.0,0,6,6,6,0,phpDocumentor/TypeResolver
6a7436b546c5b637,35,5,3,1,30,0,1,30,0,0.10909090909090909,0,3,1,1,0,phpDocumentor/TypeResolver
b8738faf915070eb,34,5,3,1,29,0,1,29,6,0.0625,0,3,1,1,0,phpDocumentor/TypeResolver
46832540d37ff7ab,32,5,3,1,27,0,1,27,0,0.11249999999999998,0,3,1,1,0,phpDocumentor/TypeResolver
33566e6a352ba534,36,2,2,2,34,0,2,34,0,0.0,0,2,2,2,0,phpDocumentor/TypeResolver
05daf2b5da37e797,696,30,19,8,666,72,8,666,93,0.019952523738130952,0,19,7,14,0,phpDocumentor/TypeResolver
d8bbbbfc21e780a8,1401,42,31,4,1359,11,4,1359,191,0.019847870772869154,0,31,4,4,0,phpDocumentor/TypeResolver
01e8aa4a1dd3fb86,81,34,31,24,47,11,24,47,11,0.02083333333333334,0,25,22,23,0,domaindrivendev/Swashbuckle.AspNetCore
a16059974790a567,35,25,24,21,10,0,18,10,0,0.05462184873949583,0,21,17,18,1,domaindrivendev/Swashbuckle.AspNetCore
ff9a3e3d604c466c,9,5,2,2,4,0,2,4,0,0.09722222222222221,0,2,1,1,1,domaindrivendev/Swashbuckle.AspNetCore
9a268f44881c9c3c,17,10,9,8,7,0,7,7,1,0.11764705882352942,0,8,6,7,1,domaindrivendev/Swashbuckle.AspNetCore
86b3ef0d66c95f4c,13,4,3,1,9,1,2,9,1,0.12820512820512822,0,3,1,2,1,domaindrivendev/Swashbuckle.AspNetCore
f6e0b27546e3ec20,13,12,11,9,1,0,9,1,0,0.23076923076923075,0,11,9,11,1,domaindrivendev/Swashbuckle.AspNetCore
825604dd242ef8dc,68,47,45,44,21,0,39,21,2,0.02831431079894646,0,40,38,39,1,domaindrivendev/Swashbuckle.AspNetCore
7c8fc8ff82b9ce05,10,5,4,3,5,1,3,5,1,0.18888888888888888,0,4,0,1,1,domaindrivendev/Swashbuckle.AspNetCore
a6185ecd818aeec3,8,6,5,4,2,0,4,2,0,0.25,0,5,4,5,1,domaindrivendev/Swashbuckle.AspNetCore
3d4dfc201af13d55,69,45,18,14,24,3,6,24,5,0.026001705029838007,0,18,10,11,0,domaindrivendev/Swashbuckle.AspNetCore
b63d1625aab50484,843,99,82,80,744,6,77,744,92,0.0015314043555563158,0,68,60,61,0,domaindrivendev/Swashbuckle.AspNetCore
3469c7fa8292c166,313,209,147,102,104,20,81,104,34,0.00605185549275008,0,122,73,74,1,domaindrivendev/Swashbuckle.AspNetCore
2ce90ad888a583cf,22,10,9,8,12,0,8,12,0,0.0909090909090909,1,8,7,8,1,domaindrivendev/Swashbuckle.AspNetCore
5069fdc51d73740d,386,137,71,50,249,12,45,249,31,0.003505820604266207,0,64,34,35,0,domaindrivendev/Swashbuckle.AspNetCore
b120e10afa02dd9c,27,21,15,15,6,0,10,6,0,0.032763532763532735,0,15,8,8,1,domaindrivendev/Swashbuckle.AspNetCore
c37d7dc21d600ee8,25,13,8,7,12,1,7,12,1,0.06999999999999998,0,8,7,8,1,domaindrivendev/Swashbuckle.AspNetCore
d57d6f838c2578cd,18,10,8,7,8,0,7,8,0,0.11111111111111113,0,8,4,5,1,domaindrivendev/Swashbuckle.AspNetCore
6a4303ec8e2ebf3d,23,17,14,14,6,0,14,6,0,0.035573122529644244,0,13,13,13,1,domaindrivendev/Swashbuckle.AspNetCore
0faeafbe739a38ec,7,4,1,1,3,0,1,3,0,0.09523809523809523,0,1,0,0,1,domaindrivendev/Swashbuckle.AspNetCore
fe8ede3214176760,110,110,0,0,0,0,0,0,0,0.0,0,0,0,0,0,domaindrivendev/Swashbuckle.AspNetCore
b823b42dd9e64adc,13,12,0,0,1,0,0,1,0,0.0,0,0,0,0,0,domaindrivendev/Swashbuckle.AspNetCore
8f0410d957e089e2,22,14,13,12,8,0,12,8,0,0.08874458874458871,0,9,7,8,1,domaindrivendev/Swashbuckle.AspNetCore
d32a81c318259391,25,15,13,11,10,0,11,10,0,0.07333333333333333,0,11,7,8,1,domaindrivendev/Swashbuckle.AspNetCore
aa8f85b9a10dec6c,98,49,48,47,49,1,37,49,10,0.02040816326530613,0,46,45,46,1,domaindrivendev/Swashbuckle.AspNetCore
c47c566af9a06ab5,104,68,53,44,36,4,44,36,4,0.018483943241224814,0,46,27,28,1,domaindrivendev/Swashbuckle.AspNetCore
437df2aca46c6db9,75,1,1,0,74,0,0,74,19,0.013333333333333336,0,1,0,1,0,TeamAmaze/AmazeFileManager
31842d44210cd026,56,7,6,0,49,0,0,49,16,0.125,0,5,0,0,0,TeamAmaze/AmazeFileManager
e2f8c27a851f0852,240,48,48,11,192,0,11,192,22,0.15416666666666667,0,40,7,19,0,TeamAmaze/AmazeFileManager
a8490863bc3e1cd9,78,8,8,2,70,0,2,70,20,0.0769230769230769,0,7,1,1,0,TeamAmaze/AmazeFileManager
3587ac60985f0110,81,10,10,3,71,0,4,71,20,0.08641975308641978,0,8,1,4,0,TeamAmaze/AmazeFileManager
7bf0fdd8891cc62c,76,4,4,0,72,0,0,72,20,0.05263157894736839,0,3,0,0,0,TeamAmaze/AmazeFileManager
0827b8b544cd4300,87,4,4,0,83,0,0,83,20,0.045977011494252845,0,4,0,4,0,TeamAmaze/AmazeFileManager
259bbdbb6cd3ffb4,40,5,5,0,35,1,0,35,2,0.125,0,5,0,1,0,TeamAmaze/AmazeFileManager
060bea63b0a7cdc4,363,69,68,20,294,0,22,294,20,0.13498622589531684,0,55,13,37,0,TeamAmaze/AmazeFileManager
e3136376653c9e05,151,20,16,3,131,6,5,131,28,0.09933774834437087,0,16,5,12,0,TeamAmaze/AmazeFileManager
d37bbfa4554a9369,95,0,0,0,95,0,0,95,17,0.0,0,0,0,0,0,TeamAmaze/AmazeFileManager
e71e1690b7ff6d48,45,1,1,0,44,0,0,44,1,0.022222222222222227,0,1,0,1,0,TeamAmaze/AmazeFileManager
1d00f5c69a79231b,33,0,0,0,33,0,0,33,1,0.0,0,0,0,0,0,TeamAmaze/AmazeFileManager
63c36f9d18b3c941,200,47,47,22,153,0,22,153,19,0.12499999999999999,0,41,20,25,0,TeamAmaze/AmazeFileManager
ec567794521c74d4,188,8,8,0,180,0,0,180,19,0.04255319148936168,0,8,0,8,0,TeamAmaze/AmazeFileManager
c30401347521d9eb,34,0,0,0,34,0,0,34,1,0.0,0,0,0,0,0,TeamAmaze/AmazeFileManager
7e5b607cf2997fdb,128,8,8,0,120,0,0,120,20,0.0625,0,7,0,4,0,TeamAmaze/AmazeFileManager
61c34189de81f36d,35,4,4,1,31,1,1,31,2,0.08571428571428573,0,3,0,1,0,TeamAmaze/AmazeFileManager
78e9b40c7bb4c711,37,1,1,0,36,0,0,36,1,0.027027027027027,0,1,0,1,0,TeamAmaze/AmazeFileManager
45a15fa454e827c4,53,5,5,0,48,4,0,48,43,0.09433962264150943,0,5,0,1,0,TeamAmaze/AmazeFileManager
6ca78aa26000a097,67,0,0,0,67,4,0,67,9,0.0,0,0,0,0,0,TeamAmaze/AmazeFileManager
4e3b0f989a958052,153,23,22,3,130,0,3,130,25,0.13015995872033026,0,20,1,3,0,TeamAmaze/AmazeFileManager
31ed14a8e4bdef3f,484,120,116,46,364,9,51,364,11,0.1425619834710744,0,100,37,67,0,TeamAmaze/AmazeFileManager
22a66833bb93f3a5,44,4,4,0,40,0,0,40,18,0.09090909090909094,0,3,0,0,0,TeamAmaze/AmazeFileManager
ee399bd314ee2882,281,84,83,32,197,0,27,197,23,0.18505338078291816,0,72,23,48,0,TeamAmaze/AmazeFileManager
70f130c819f7e733,182,17,17,7,165,2,9,165,3,0.05494505494505496,0,16,8,8,0,halide/Halide
5ff4af41582148f7,74,7,5,5,67,0,5,67,0,0.012217697149203954,0,5,5,5,0,halide/Halide
0760ac7f2ac0051b,101,2,2,0,99,0,0,99,7,0.019801980198019806,0,2,0,0,0,halide/Halide
4b47e09cf0b017b1,56,8,8,5,48,4,5,48,4,0.05357142857142859,0,8,6,8,0,halide/Halide
4b98b7310b548710,37,4,4,1,33,1,1,33,1,0.08108108108108111,0,4,2,4,0,halide/Halide
7e3d243d02a1cd87,43,1,0,0,42,0,0,42,0,0.0,0,0,0,0,0,halide/Halide
efc020c5148a0d4a,26,2,2,0,24,0,0,24,0,0.07692307692307696,0,2,0,2,0,halide/Halide
c368c43d1dd09fa8,70,3,3,1,67,23,1,67,23,0.028571428571428577,0,3,1,3,0,halide/Halide
66edb1f928bdc249,67,3,2,0,64,0,0,64,0,0.029850746268656754,0,2,0,1,0,halide/Halide
4e2864c7c72dd41e,14,0,0,0,14,0,0,14,0,0.0,0,0,0,0,0,halide/Halide
c227ba8fb1a13314,444,32,32,10,412,34,10,412,55,0.0427927927927928,0,32,14,32,0,halide/Halide
19363af0b7b09eea,269,1,0,0,268,13,0,268,13,0.0,0,0,0,0,0,halide/Halide
77603c0256651a7d,98,1,0,0,97,0,0,97,0,0.0,0,0,0,0,0,halide/Halide
1f75a08b764bd4f9,287,33,10,0,254,26,0,254,70,0.008016373870032446,0,10,0,0,0,halide/Halide
02bb9b9a0a29db9d,54,6,6,4,48,0,4,48,1,0.03703703703703706,0,6,4,6,0,halide/Halide
63d16c23a74fde78,229,10,9,0,219,0,0,219,4,0.04366812227074235,0,9,0,9,0,halide/Halide
fb168bc738035a85,406,0,0,0,406,1,0,406,2,0.0,0,0,0,0,0,halide/Halide
3b743e26c35496db,43,5,5,2,38,2,2,38,2,0.06976744186046513,0,5,3,5,0,halide/Halide
ec741053b36552f2,70,40,40,30,30,0,30,30,0,0.14285714285714288,0,40,30,40,1,halide/Halide
ba026947a4e8e02f,73,35,32,25,38,3,25,38,4,0.041095890410958874,0,30,26,30,1,halide/Halide
19b70363059187ff,78,7,7,1,71,20,0,71,31,0.05128205128205127,0,7,2,7,0,halide/Halide
10a4fb0d3648866e,66,2,0,0,64,0,0,64,0,0.0,0,0,0,0,0,halide/Halide
4564f2b647fd729b,133,3,3,3,130,0,3,130,26,0.0,0,3,3,3,0,halide/Halide
4a3faed2388e9ace,41,1,1,1,40,3,1,40,3,0.0,0,1,1,1,0,halide/Halide
1a25dc04fb434db8,164,5,5,5,159,0,5,159,0,0.0,0,3,3,3,0,halide/Halide
97b4948e23a1ef7e,597,118,109,77,479,33,76,479,45,0.04690117252931325,0,94,69,72,0,gitbucket/gitbucket
68a3dae7506ae469,833,91,83,60,742,75,51,742,148,0.024009603841536584,0,79,59,59,0,gitbucket/gitbucket
649aceb1f882896b,32,2,2,0,30,6,0,30,6,0.0625,0,2,0,0,0,gitbucket/gitbucket
c3b8dbab4ad3d5fc,289,22,22,0,267,6,10,267,12,0.006920415224913492,0,19,17,17,0,gitbucket/gitbucket
7d8c7f7ed065069c,171,18,18,13,153,9,7,153,26,0.029239766081871343,0,17,12,12,0,gitbucket/gitbucket
a610e0fde55578aa,76,10,10,0,66,1,0,66,1,0.13157894736842107,0,10,0,0,0,gitbucket/gitbucket
7d442c7a1e4640d2,187,3,3,1,184,79,0,184,81,0.010695187165775395,0,3,1,1,0,gitbucket/gitbucket
102b7123d769aa63,173,14,14,13,159,3,13,159,7,0.00578034682080922,0,12,11,11,0,gitbucket/gitbucket
59cceaf9e8774ca3,149,57,47,38,92,4,24,92,19,0.026845637583892613,0,41,28,28,1,gitbucket/gitbucket
88adef9b969d41ed,24,4,2,0,20,0,0,20,0,0.125,0,2,0,0,0,gitbucket/gitbucket
7228c216480bee46,62,1,1,0,61,7,0,61,9,0.0,0,1,1,1,0,gitbucket/gitbucket
c341afdd035e6307,108,2,2,2,106,7,2,106,7,0.0,0,2,2,2,0,gitbucket/gitbucket
35dc0a24ef18ed57,304,13,13,0,291,22,4,291,23,0.042763157894736815,0,13,0,0,0,gitbucket/gitbucket
c9846eef29535abb,46,10,10,0,36,0,0,36,1,0.2173913043478261,1,10,0,0,1,gitbucket/gitbucket
5c49f3e04d75d194,46,2,2,0,44,5,0,44,5,0.0434782608695652,0,2,0,0,0,gitbucket/gitbucket
7b0e8633982b7a11,252,2,2,0,250,25,0,250,26,0.007936507936507929,0,2,0,0,0,gitbucket/gitbucket
a9917f80555994ba,242,16,15,13,226,7,13,226,7,0.008264462809917342,0,14,12,12,0,gitbucket/gitbucket
f399ce6d8c1e859d,130,16,16,14,114,20,14,114,21,0.015384615384615358,0,14,13,14,0,gitbucket/gitbucket
a9ef640cf22c5bd0,106,5,4,1,101,0,1,101,0,0.0376460017969452,0,4,1,2,0,gitbucket/gitbucket
58ca7d1b013666aa,55,6,6,6,49,0,6,49,0,0.0,0,6,6,6,0,gitbucket/gitbucket
ef9c1ea7c3f461bf,59,2,2,1,57,2,1,57,2,0.016949152542372885,0,2,1,1,0,gitbucket/gitbucket
dc4ce69ddf773082,88,17,17,9,71,0,9,71,0,0.09090909090909093,0,15,8,9,0,gitbucket/gitbucket
d74a58960b309d11,238,65,49,35,173,16,34,173,16,0.0420168067226891,0,46,22,22,0,gitbucket/gitbucket
88d78c4156b4c051,23,1,1,0,22,2,0,22,10,0.0,0,1,1,1,1,gitbucket/gitbucket
57820c2fe3629509,152,13,13,0,139,38,3,139,38,0.08552631578947369,0,13,0,0,0,gitbucket/gitbucket
979d66f400d914f1,97,53,53,53,44,0,53,44,1,0.0,0,41,41,41,1,coder/coder
1eb5e59a28972d32,174,16,10,5,158,20,5,158,45,0.028735632183908046,0,7,4,7,0,coder/coder
78ac33edb5e692e4,81,59,59,59,22,0,59,22,0,0.0,0,43,43,43,1,coder/coder
f1630bea32bc43bd,63,40,36,36,23,0,36,23,0,0.0,0,30,30,30,1,coder/coder
927a66d12710477a,87,28,28,18,59,2,22,59,2,0.011494252873563218,0,23,23,23,1,coder/coder
dc3a1b4d78cd48e3,50,21,20,20,29,0,20,29,12,0.0,0,17,17,17,1,coder/coder
8919e53da91911dd,341,56,54,37,285,0,35,285,105,0.0498533724340176,0,36,27,36,0,coder/coder
2b2a77bdc2f63594,26,14,9,2,12,2,3,12,1,0.07692307692307694,0,6,4,6,1,coder/coder
f837f540179eeb15,2659,0,0,0,2659,1172,0,2659,1701,0.0,0,0,0,0,0,coder/coder
645844a776afaa7b,80,28,19,18,52,1,18,52,1,0.012500000000000011,0,16,15,16,1,coder/coder
cb17a4fa29c90cc3,47,8,8,8,39,0,8,39,0,0.0,0,7,7,7,0,coder/coder
5432e968c8662169,18,6,0,0,12,0,0,12,0,0.0,0,0,0,0,0,coder/coder
20266c9472420043,17,5,4,4,12,0,4,12,0,0.0,0,3,3,3,0,coder/coder
0d71e099f59ce515,46,23,23,23,23,0,23,23,1,0.0,0,15,15,15,1,coder/coder
e7db34e91046b46b,42,25,25,23,17,7,23,17,7,0.07142857142857141,0,20,19,20,1,coder/coder
dc0b4ea671553af0,69,39,33,20,30,3,21,30,2,0.15674470457079157,0,22,17,22,1,coder/coder
c52b39bbf8117084,37,23,21,13,14,1,13,14,1,0.05405405405405406,1,13,13,13,1,coder/coder
c4a1e8e56555b11a,52,22,22,15,30,0,15,30,0,0.13461538461538464,1,14,10,14,1,coder/coder
76244a17eb14fa8f,255,46,45,31,209,105,31,209,127,0.01568627450980392,0,37,35,37,1,coder/coder
5f36bb248e27b26d,48,26,23,12,22,4,12,22,4,0.22916666666666663,0,17,9,17,1,coder/coder
8dfeb94197d567f7,76,51,19,8,25,1,8,25,1,0.14473684210526316,0,13,6,13,0,coder/coder
a661b49f48b25403,5,4,4,0,1,0,0,1,0,0.8,1,3,0,3,1,coder/coder
ba1ef29a865089f8,139,86,69,67,53,0,64,53,8,0.014388489208633046,0,60,60,60,1,coder/coder
eef9559fb43c68f0,39,18,0,0,21,5,0,21,5,0.0,0,0,0,0,0,coder/coder
adcd44797a107183,24,4,0,0,20,0,0,20,0,0.0,0,0,0,0,0,coder/coder
51bb201e040b1647,586,1,1,0,585,12,0,585,32,0.0017064846416382242,0,1,0,0,0,Eventual-Inc/Daft
d10ec0b7c3bca7ff,28,3,1,0,25,0,0,25,0,0.060439560439560454,0,1,0,0,0,Eventual-Inc/Daft
2f7c338d651a2652,394,2,2,0,392,4,0,392,9,0.005076142131979676,0,2,0,0,0,Eventual-Inc/Daft
2e9d962a08321605,498,3,1,0,495,0,0,495,12,0.005149630781189279,0,1,0,0,0,Eventual-Inc/Daft
3bcb9f5547e27c9b,731,5,5,0,726,8,0,726,35,0.0068399452804377495,0,5,0,0,0,Eventual-Inc/Daft
a6b438ade652027a,259,1,1,0,258,9,0,258,34,0.003861003861003857,0,1,0,0,0,Eventual-Inc/Daft
208bd85e854ac6de,23,1,1,0,22,0,1,22,1,0.0434782608695652,0,1,0,0,0,Eventual-Inc/Daft
0e12a825b54e3d35,32,3,1,0,29,0,0,29,3,0.08958333333333332,0,1,0,0,0,Eventual-Inc/Daft
4c426a3bd7d3861d,229,13,13,0,216,0,0,216,18,0.05676855895196506,0,13,0,0,0,Eventual-Inc/Daft
1e2981f3b71ba2d4,130,0,0,0,130,0,0,130,45,0.0,0,0,0,0,0,Eventual-Inc/Daft
b7f077bd4caabcc6,90,2,2,0,88,42,0,88,46,0.0,0,2,0,0,0,Eventual-Inc/Daft
710768e09629e578,1185,6,6,0,1179,39,0,1179,99,0.0050632911392405056,0,6,0,0,0,Eventual-Inc/Daft
cd4665e7f56d1f03,416,8,8,0,408,11,0,408,36,0.019230769230769218,0,8,0,0,0,Eventual-Inc/Daft
836f689854201c4f,49,3,1,0,46,0,0,46,3,0.06122448979591837,0,1,0,0,0,Eventual-Inc/Daft
b008864a46511fc8,151,26,26,0,125,0,0,125,1,0.1721854304635762,0,26,0,0,0,Eventual-Inc/Daft
efb6a232f9cecf0d,70,3,1,0,67,0,0,67,1,0.04159663865546222,0,1,0,0,0,Eventual-Inc/Daft
53434754daaf188f,528,7,7,0,521,2,0,521,27,0.013257575757575751,0,7,0,0,0,Eventual-Inc/Daft
755b4c18a3d84571,70,2,2,0,68,7,0,68,9,0.028571428571428577,0,2,0,0,0,Eventual-Inc/Daft
88b133ce7a6e7a29,799,21,21,0,778,6,0,778,36,0.026282853566958697,0,21,0,0,0,Eventual-Inc/Daft
85134a85035655bb,55,0,0,0,55,3,0,55,9,0.0,0,0,0,0,0,Eventual-Inc/Daft
1d03b58906d515cc,898,1,1,0,897,104,0,897,168,0.0011135857461024544,0,1,0,0,0,Eventual-Inc/Daft
81a4b7ca7e3ff02c,79,2,2,0,77,1,0,77,4,0.025316455696202486,0,2,0,0,0,Eventual-Inc/Daft
145fc1602ee41230,53,3,1,0,50,0,0,50,1,0.05586385497595266,0,1,0,0,0,Eventual-Inc/Daft
434630430330b393,50,3,1,0,47,0,0,47,0,0.06,0,1,0,0,0,Eventual-Inc/Daft
487924f6573a12b4,69,3,3,0,66,0,0,66,0,0.0434782608695652,0,3,0,0,0,Eventual-Inc/Daft
83ba4f513f316e2b,79,1,1,0,78,4,0,78,5,0.012658227848101299,0,1,0,0,0,openjdk/jdk
c62bfbe40bdc0ee5,143,7,7,0,136,0,0,136,0,0.04895104895104896,0,7,0,0,0,openjdk/jdk
e5065f0c7757db91,247,3,3,0,244,3,0,244,10,0.012145748987854268,0,3,0,0,0,openjdk/jdk
114b1f7561299354,181,14,14,0,167,9,0,167,9,0.07734806629834257,0,14,0,0,0,openjdk/jdk
18bde1288eaaf1d8,323,25,25,0,298,9,0,298,34,0.07739938080495357,0,25,0,0,0,openjdk/jdk
d45204b36b4d0aa5,136,2,2,0,134,0,0,134,19,0.014705882352941178,0,2,0,0,0,openjdk/jdk
07a580e5554dcbc3,162,1,1,0,161,2,0,161,32,0.006172839506172839,0,1,0,0,0,openjdk/jdk
dea448ffb7231a5d,534,10,10,0,524,0,0,524,0,0.01872659176029958,0,10,0,0,0,openjdk/jdk
ead9081ba6fbdaf8,138,0,0,0,138,8,0,138,59,0.0,0,0,0,0,0,openjdk/jdk
fc8dd085fae99bda,282,5,5,0,277,4,0,277,47,0.017730496453900714,0,5,0,0,0,openjdk/jdk
4b68aa19401286b5,71,5,5,0,66,0,0,66,36,0.07042253521126761,0,5,0,0,0,openjdk/jdk
2f6f5376d5991e05,283,16,16,0,267,0,0,267,31,0.05653710247349821,0,16,0,0,0,openjdk/jdk
c3adabf38f256db1,130,1,1,0,129,3,0,129,3,0.007692307692307679,0,1,0,0,0,openjdk/jdk
f8afd65c0dc6abeb,1187,11,11,0,1176,12,0,1176,57,0.009267059814658791,0,11,0,0,0,openjdk/jdk
3b09be911e1a8430,293,11,11,0,282,5,0,282,9,0.03754266211604093,0,11,0,0,0,openjdk/jdk
59a50aa2754c60e8,571,24,24,0,547,16,0,547,50,0.04203152364273205,0,24,0,0,0,openjdk/jdk
efff565d5c0b7e1a,259,12,12,0,247,0,0,247,22,0.04633204633204634,0,12,0,0,0,openjdk/jdk
8eec9d45150b405f,286,3,3,0,283,1,0,283,2,0.010489510489510483,0,3,0,0,0,openjdk/jdk
b9eb01f105ae7ba7,543,13,13,6,530,14,3,530,34,0.012891344383057087,0,11,4,4,0,openjdk/jdk
810ea508a8b69c83,1914,52,52,0,1862,62,0,1862,639,0.02716823406478579,0,52,0,0,0,openjdk/jdk
7a1135aaf14de32a,492,28,28,0,464,41,0,464,80,0.056910569105691075,0,28,0,0,0,openjdk/jdk
d87ebe5001eebf2f,499,7,7,0,492,110,0,492,346,0.014028056112224456,0,7,0,0,0,openjdk/jdk
c08c150d94800664,127,4,4,0,123,0,0,123,0,0.03149606299212601,0,4,0,0,0,openjdk/jdk
08413a7407ebe728,509,15,15,0,494,14,0,494,29,0.02750491159135561,0,15,0,0,0,openjdk/jdk
c8f814cf0e9ac439,856,8,8,0,848,49,0,848,105,0.009345794392523366,0,8,0,0,0,openjdk/jdk
88fb44fd4aa1e187,525,6,6,4,519,7,4,519,26,0.003809523809523814,0,6,4,4,0,postgres/postgres
d0f5697378a2dc14,2255,19,11,1,2236,318,8,2236,390,0.000880419671304712,0,11,8,8,0,postgres/postgres
b465f4149d6828d0,291,0,0,0,291,2,0,291,2,0.0,0,0,0,0,0,postgres/postgres
5e13a3683ef3aaed,55,4,0,0,51,0,0,51,26,0.0,0,0,0,0,0,postgres/postgres
d57c460fc6529280,18,5,5,0,13,0,0,13,0,0.2777777777777778,0,5,0,0,0,postgres/postgres
06be5815df8cb868,25,1,1,1,24,0,1,24,2,0.0,0,1,1,1,0,postgres/postgres
64e13875944b3021,79,17,15,11,62,0,11,62,2,0.042413282919612064,0,14,11,12,1,postgres/postgres
0bef910d8379d932,832,36,21,8,796,21,8,796,46,0.03363177902269092,0,21,8,8,0,postgres/postgres
4057676bfd084226,650,143,42,30,507,25,30,507,58,0.015384615384615382,0,41,30,30,0,postgres/postgres
9db23d6ebd2aa72d,120,1,1,1,119,1,1,119,5,0.0,0,1,1,1,0,postgres/postgres
78efee464c63c8ff,184,0,0,0,184,13,0,184,13,0.0,0,0,0,0,0,postgres/postgres
cbae3ad103427f4e,43,2,2,2,41,0,1,41,10,0.0,0,2,2,2,0,postgres/postgres
247f7d514e8f08f3,368,16,9,5,352,2,5,352,9,0.00543478260869565,0,9,5,5,0,postgres/postgres
62403d4c20d40047,907,153,153,30,754,0,30,754,63,0.1345093715545755,0,129,30,53,0,postgres/postgres
26da4869e945a5f6,181,1,1,1,180,0,1,180,4,0.0,0,1,1,1,0,postgres/postgres
314181e929ceabb3,168,62,25,24,106,1,23,106,2,0.011762189905902514,0,25,25,25,0,postgres/postgres
08f5475cd413ceab,507,30,24,7,477,20,7,477,43,0.029585798816568056,0,23,6,6,0,postgres/postgres
479b84b27050950a,3500,230,203,73,3270,68,69,3270,374,0.03156096763648252,0,192,71,74,0,postgres/postgres
90b33381e81fd37b,24,1,0,0,23,0,0,23,8,0.0,0,0,0,0,0,postgres/postgres
7d5340df2c814a42,2166,143,130,102,2023,63,102,2023,161,0.019354639953378414,0,125,106,106,0,postgres/postgres
a01bd25b49e9e744,71,2,0,0,69,0,0,69,2,0.013883299798792745,0,0,0,0,0,postgres/postgres
e6bb904ece9e64b6,101,5,3,1,96,0,1,96,8,0.019801980198019795,0,3,1,1,0,postgres/postgres
7f5c9732f293b806,277,2,2,2,275,0,2,275,0,0.0,0,2,2,2,0,postgres/postgres
13da13e26b6ae490,236,17,17,14,219,5,14,219,16,0.012711864406779672,0,17,14,14,0,postgres/postgres
0b42f45eb1f0bd96,77,15,15,7,62,0,7,62,0,0.1038961038961039,0,13,7,13,0,postgres/postgres
0b08e9ebe4d4659f,59,19,0,0,40,0,0,40,0,0.0,0,0,0,0,0,mermaid-js/mermaid-live-editor
6985c3050c025b7b,40,20,0,0,20,0,0,20,0,0.0,0,0,0,0,0,mermaid-js/mermaid-live-editor
0df4b1aebb21bfe5,132,34,0,0,98,0,0,98,0,0.0,0,0,0,0,0,mermaid-js/mermaid-live-editor
58e6f63d87181b1c,56,11,0,0,45,0,0,45,0,0.0,0,0,0,0,0,mermaid-js/mermaid-live-editor
b55cdbef4907b704,19,11,0,0,8,0,0,8,0,0.0,0,0,0,0,0,mermaid-js/mermaid-live-editor
858566d2d4cf0657,1,0,0,0,1,0,0,1,0,0.0,0,0,0,0,0,mermaid-js/mermaid-live-editor
a5de3e5871ffcc38,59,4,0,0,55,0,0,55,0,0.0,0,0,0,0,0,mermaid-js/mermaid-live-editor
832091c18ac568a0,45,28,3,3,17,1,3,17,1,0.0,0,3,3,3,0,mermaid-js/mermaid-live-editor
be70594efece9936,47,0,0,0,47,0,0,47,0,0.0,0,0,0,0,0,mermaid-js/mermaid-live-editor
0aa31fe1428edcf5,108,4,0,0,104,0,0,104,0,0.0,0,0,0,0,0,mermaid-js/mermaid-live-editor
4a7b05cd6cc30011,9,2,0,0,7,0,0,7,0,0.0,0,0,0,0,0,mermaid-js/mermaid-live-editor
a51cb5912f1d7079,136,12,0,0,124,0,0,124,0,0.0,0,0,0,0,0,mermaid-js/mermaid-live-editor
cb314a9ecd9a41c8,14,0,0,0,14,0,0,14,4,0.0,0,0,0,0,0,mermaid-js/mermaid-live-editor
663ade211b3a1552,9,4,1,1,5,0,1,5,0,0.0,0,1,1,1,0,mermaid-js/mermaid-live-editor
6171211e1bf8e3b4,17,2,0,0,15,0,0,15,0,0.0,0,0,0,0,0,mermaid-js/mermaid-live-editor
acd81c08bd9e1a75,53,18,0,0,35,0,0,35,0,0.0,0,0,0,0,0,mermaid-js/mermaid-live-editor
6317e218ea40a2a9,24,5,0,0,19,0,0,19,0,0.0,0,0,0,0,0,mermaid-js/mermaid-live-editor
c279397c4feb4b00,21,13,1,1,8,0,1,8,0,0.0,0,1,1,1,0,mermaid-js/mermaid-live-editor
6cd411d81914d439,9,1,0,0,8,0,0,8,0,0.0,0,0,0,0,0,mermaid-js/mermaid-live-editor
7ae45ad102eab3b6,139,20,1,1,119,1,1,119,1,0.0,0,1,1,1,0,mermaid-js/mermaid-live-editor
b88be1d2bb6c22f5,99,33,0,0,66,0,0,66,0,0.0,0,0,0,0,0,mermaid-js/mermaid-live-editor
c68c301940657a80,133,16,0,0,117,0,0,117,2,0.0,0,0,0,0,0,mermaid-js/mermaid-live-editor
f5a7061a43ba08a4,63,39,0,0,24,0,0,24,0,0.0,0,0,0,0,0,mermaid-js/mermaid-live-editor
cc69d6a97e4f6257,12,0,0,0,12,1,0,12,1,0.0,0,0,0,0,0,mermaid-js/mermaid-live-editor
7b5c8955fc544a11,32,21,0,0,11,0,0,11,0,0.0,0,0,0,0,0,mermaid-js/mermaid-live-editor
9a5bddb415785b76,25,7,7,0,18,0,2,18,0,0.28,0,7,2,3,0,unionlabs/union
c0bd5104cf0a5559,31,2,2,1,29,0,1,29,0,0.03225806451612906,0,1,0,0,0,unionlabs/union
7d68b4d3cdb22f7b,83,19,18,0,64,4,1,64,4,0.21686746987951808,0,15,4,6,0,unionlabs/union
f08bcd978a5db446,13,11,0,0,2,0,0,2,0,0.0,0,0,0,0,0,unionlabs/union
b2698e7ae5a08e48,22,9,9,3,13,1,3,13,1,0.2727272727272727,0,8,3,8,1,unionlabs/union
8704c7888386c356,121,12,12,0,109,0,5,109,0,0.09917355371900827,0,10,3,3,0,unionlabs/union
ab6cfa144fadb9f2,1,0,0,0,1,0,0,1,0,0.0,0,0,0,0,0,unionlabs/union
7d9ff231ce460c9d,120,10,9,1,110,0,2,110,0,0.06666666666666665,0,8,1,7,0,unionlabs/union
046bdbee8146f9e8,13,13,12,0,0,0,0,0,0,1.0,1,11,0,0,1,unionlabs/union
4abf0bd21517360d,72,9,9,1,63,0,2,63,2,0.11111111111111113,1,7,3,7,1,unionlabs/union
e27c38093d7ffbb5,52,29,29,14,23,0,16,23,0,0.28846153846153844,0,26,16,16,1,unionlabs/union
2db2ef8536bd4966,31,6,6,1,25,0,3,25,0,0.16129032258064513,0,5,2,4,0,unionlabs/union
264799bebc28fe6b,58,13,10,0,45,0,1,45,0,0.20443349753694584,0,9,0,4,0,unionlabs/union
a08bbcda6ce2fd41,42,10,10,0,32,0,2,32,0,0.2380952380952381,0,9,2,9,0,unionlabs/union
de28a5fa40349afc,39,5,4,0,34,0,0,34,0,0.1282051282051282,0,3,0,1,0,unionlabs/union
0cbc4492aff23419,96,16,16,2,80,0,4,80,0,0.14583333333333331,0,12,4,11,0,unionlabs/union
a6308fcc167cc607,11,1,1,0,10,0,1,10,0,0.09090909090909091,0,1,1,1,0,unionlabs/union
319cd53a82264c6d,45,2,2,0,43,0,0,43,0,0.04444444444444447,0,1,0,1,0,unionlabs/union
99c92a793a86fb48,143,20,15,1,123,0,2,123,0,0.1328671328671329,0,15,2,2,0,unionlabs/union
6e0350f269d13166,66,9,7,2,57,0,2,57,0,0.10558712121212122,0,7,2,3,0,unionlabs/union
fdac34bfde247f9d,30,0,0,0,30,0,0,30,1,0.0,0,0,0,0,0,unionlabs/union
dbf0c5cfcee03b87,26,6,6,0,20,0,0,20,0,0.23076923076923075,0,3,0,0,0,unionlabs/union
fe37b0aa38423290,55,10,10,2,45,0,3,45,10,0.14545454545454545,0,9,4,7,0,unionlabs/union
f043c017adb21a6c,25,3,3,0,22,0,1,22,0,0.12,0,3,1,3,0,unionlabs/union
639841da37d1d0de,48,0,0,0,48,0,0,48,0,0.0,0,0,0,0,0,unionlabs/union
afcd7916daa30cc5,58,11,8,2,47,0,1,47,9,0.10344827586206895,0,8,2,6,0,gabime/spdlog
1d7d4c9d189a244d,26,2,1,1,24,3,1,24,3,0.0,0,1,1,1,0,gabime/spdlog
7183fe8037639fa6,220,99,0,0,121,0,0,121,0,0.0,0,0,0,0,0,gabime/spdlog
309dcf6855b947e5,74,24,10,3,50,16,3,50,16,0.06756756756756761,0,10,5,8,0,gabime/spdlog
a142ee950700d96f,55,9,4,0,46,0,0,46,4,0.07272727272727271,0,4,0,0,0,gabime/spdlog
e36196e094f420a6,48,12,4,0,36,1,0,36,2,0.02083333333333335,0,4,0,1,0,gabime/spdlog
4bc314c1d623622d,33,2,1,0,31,0,0,31,0,0.03030303030303029,0,1,0,1,0,gabime/spdlog
ea41a24452461592,270,47,9,0,223,3,0,223,26,0.03333333333333333,0,9,0,9,0,gabime/spdlog
f6af369a3225a984,99,28,9,0,71,0,0,71,0,0.09090909090909093,0,9,0,0,0,gabime/spdlog
3a43b630c53676a7,11,0,0,0,11,0,0,11,2,0.0,0,0,0,0,0,gabime/spdlog
aacdfa163b80f996,45,0,0,0,45,7,0,45,7,0.0,0,0,0,0,0,gabime/spdlog
68d996c62e3e9a8f,86,8,0,0,78,0,0,78,5,0.0,0,0,0,0,0,gabime/spdlog
711339a954fcb343,45,4,2,0,41,1,1,41,1,0.044444444444444425,0,2,1,2,0,gabime/spdlog
c408785aaeaf7a15,73,8,1,0,65,0,0,65,7,0.013698630136986273,0,1,0,1,0,gabime/spdlog
90607ccff8a79c25,246,49,14,1,197,16,1,197,33,0.06910569105691056,0,14,1,2,0,gabime/spdlog
6b7a0e0510d76cfc,401,70,48,6,331,41,6,331,48,0.1097256857855362,0,46,5,32,1,gabime/spdlog
b5ffc1a3eb11a80e,81,14,7,0,67,19,0,67,20,0.08641975308641978,0,7,0,7,0,gabime/spdlog
ba154f80e294c016,28,6,1,0,22,0,1,22,0,0.035714285714285705,0,1,1,1,0,gabime/spdlog
243b14a2504f5fec,23,0,0,0,23,1,0,23,1,0.0,0,0,0,0,0,gabime/spdlog
e39b685386338d45,127,6,3,0,121,19,1,121,19,0.023622047244094467,0,3,1,1,0,gabime/spdlog
da74a6abd3123453,254,92,61,1,162,7,4,162,17,0.2362204724409449,0,61,8,15,0,gabime/spdlog
f524a5d49a299cc2,83,9,3,0,74,1,0,74,1,0.03614457831325302,0,3,0,0,0,gabime/spdlog
f0bd0475b85b2cff,172,59,7,1,113,44,1,113,41,0.04069767441860464,0,7,1,1,0,gabime/spdlog
2d5b2bd284c4752a,53,9,5,0,44,2,0,44,2,0.09433962264150947,0,5,0,1,0,gabime/spdlog
03dffb086ab54f31,67,11,11,3,56,0,4,56,2,0.11940298507462688,0,10,5,7,0,gabime/spdlog
9d3644c884a79b99,145,2,2,0,143,0,0,143,13,0.013793103448275876,0,2,0,0,0,boto/boto3
2e404c51e6cfc8f9,574,1,0,0,573,4,0,573,13,0.0,0,0,0,0,0,boto/boto3
ea47fc7a905e744e,755,2,1,0,753,7,0,753,34,0.0013245033112582877,0,1,0,0,0,boto/boto3
172db893ca7170a3,322,2,0,0,320,0,0,320,27,0.0,0,0,0,0,0,boto/boto3
f49023d262ec9393,220,8,7,0,212,23,0,212,40,0.02272727272727272,0,7,0,0,1,boto/boto3
33bf386039cd2d50,516,1,0,0,515,2,0,515,14,0.0015729660570482481,0,0,0,0,0,boto/boto3
3f1dbc438edab200,214,6,0,0,208,0,0,208,12,0.0,0,0,0,0,0,boto/boto3
e24d8a9f6c966213,316,1,0,0,315,0,0,315,1,0.0,0,0,0,0,0,boto/boto3
bd46df2fa770cf78,630,1,0,0,629,0,0,629,3,0.0,0,0,0,0,0,boto/boto3
fd3d1bbdd7c226a6,354,3,0,0,351,6,0,351,21,0.0,0,0,0,0,0,boto/boto3
5876201e636dd58a,130,2,0,0,128,0,0,128,12,0.0,0,0,0,0,0,boto/boto3
e586845cfe93d300,845,1,0,0,844,43,0,844,54,0.0,0,0,0,0,0,boto/boto3
0d59a73e1c905ad1,290,5,1,0,285,0,0,285,15,0.0034482758620689724,0,1,0,0,0,boto/boto3
09cb97e1de676ac4,566,6,0,0,560,2,0,560,6,0.0,0,0,0,0,0,boto/boto3
df8767708c0c5b50,608,4,0,0,604,7,0,604,32,0.0,0,0,0,0,0,boto/boto3
674a25994f44ac7d,220,1,0,0,219,0,0,219,11,0.0,0,0,0,0,0,boto/boto3
fc0b367d98056883,77,2,0,0,75,1,0,75,11,0.0,0,0,0,0,0,boto/boto3
46657e4bc618150a,223,2,0,0,221,0,0,221,1,0.00371672120551045,0,0,0,0,0,boto/boto3
c26b3e6cb3f3edea,98,4,4,0,94,4,0,94,15,0.04081632653061226,0,4,0,0,0,boto/boto3
4d0a4971b82f143c,24,1,1,0,23,0,0,23,10,0.0416666666666667,0,1,0,0,0,boto/boto3
c9553e86709ba80a,149,1,0,0,148,1,0,148,3,0.0,0,0,0,0,0,boto/boto3
60f61ab7a8d1910d,60,1,0,0,59,0,0,59,4,0.01412429378531073,0,0,0,0,0,boto/boto3
e26a1e7140392f96,44,15,15,14,29,0,14,29,20,0.022727272727272773,0,11,10,11,0,nasa/openmct
ec491da0dbb77ccb,80,0,0,0,80,0,0,80,62,0.0,0,0,0,0,0,nasa/openmct
eee711b6cf950ef0,263,211,179,118,52,8,117,52,8,0.053231939163498075,0,157,99,103,1,nasa/openmct
31a8dcd568f83bb4,186,69,52,41,117,0,41,117,10,0.05376344086021508,0,47,16,21,1,nasa/openmct
528f2b8a4e37f7df,56,21,21,14,35,10,14,35,10,0.0,0,14,14,14,1,nasa/openmct
ea069dcd12a2bc38,319,220,203,174,99,1,169,99,21,0.09404388714733537,0,183,144,154,1,nasa/openmct
a41dd2e10d7e670d,33,23,23,23,10,0,23,10,0,0.0,0,17,17,17,1,nasa/openmct
f64f272794018fd3,153,5,4,4,148,114,4,148,114,0.15668728341448432,0,0,0,0,0,nasa/openmct
f1961669c161a712,21,0,0,0,21,1,0,21,1,0.0,0,0,0,0,0,nasa/openmct
a33d6286c1f3be3a,79,0,0,0,79,12,0,79,32,0.025316455696202535,0,0,0,0,0,nasa/openmct
201d20e8b788a7ac,91,31,25,20,60,9,13,60,33,0.06593406593406594,0,21,10,11,1,nasa/openmct
5c8417c55e841fe7,207,21,19,9,186,0,9,186,1,0.0,0,15,15,15,0,nasa/openmct
991629f1ca27c564,107,58,42,40,49,4,40,49,22,0.01869158878504673,0,33,31,31,1,nasa/openmct
ca2b47308a6034d5,66,25,25,15,41,0,15,41,19,0.1515151515151515,0,23,13,23,0,nasa/openmct
9d36715847a20b37,247,38,29,19,209,0,19,209,21,0.04048582995951419,0,26,17,17,1,nasa/openmct
ace02758a834bd7c,210,178,118,111,32,1,113,32,21,0.014285714285714318,0,114,80,80,1,nasa/openmct
8d81e47800a148b4,14,8,8,8,6,0,8,6,0,0.0,0,5,5,5,1,nasa/openmct
b776011b62b14183,268,211,181,157,57,0,156,57,0,0.10447761194029855,0,158,92,93,1,nasa/openmct
2d95fbca5011b3ff,104,58,43,32,46,0,32,46,18,0.125,0,43,27,28,1,nasa/openmct
3f42f4c5d4a4a5cc,539,189,122,66,350,17,64,350,83,0.0705009276437848,1,118,61,61,1,nasa/openmct
c3f78cf9a8deea67,198,10,2,1,188,175,1,188,175,0.010101010101010064,0,0,0,0,0,nasa/openmct
516f9d0448dadba0,952,776,585,390,176,17,387,176,38,0.2247899159663866,0,482,218,313,1,nasa/openmct
0247bf7dac136b75,26,4,4,3,22,0,3,22,0,0.03846153846153845,0,4,3,4,0,nasa/openmct
3af589f00f024229,84,15,12,10,69,16,10,69,37,0.023809523809523794,0,9,4,4,0,nasa/openmct
2d2049ca9739f628,68,2,1,1,66,42,1,66,42,0.0,0,0,0,0,0,nasa/openmct
61d9e385fdde6724,47,1,1,0,46,0,0,46,10,0.021276595744680868,0,1,0,0,0,invoke-ai/InvokeAI
c213b6af43feab03,292,0,0,0,292,9,0,292,13,0.0,0,0,0,0,0,invoke-ai/InvokeAI
3fbad6dcd705dea7,469,0,0,0,469,0,0,469,48,0.0,0,0,0,0,0,invoke-ai/InvokeAI
80ea71c361780e7b,1007,1,1,0,1006,2,0,1006,66,0.0009930486593843087,0,1,0,0,0,invoke-ai/InvokeAI
09307ee37390745a,334,0,0,0,334,3,0,334,6,0.0,0,0,0,0,0,invoke-ai/InvokeAI
40a46140cd4f5def,188,1,1,0,187,1,0,187,1,0.005319148936170231,0,1,0,0,0,invoke-ai/InvokeAI
d88ee2540ebadb71,49,5,3,0,44,0,0,44,1,0.08035714285714286,0,3,0,2,0,invoke-ai/InvokeAI
32cf7d988fc20c19,433,16,15,9,417,36,9,417,37,0.01844367462150372,0,15,9,11,0,invoke-ai/InvokeAI
745a95176c622ceb,68,1,1,0,67,0,0,67,1,0.014705882352941178,0,1,0,0,0,invoke-ai/InvokeAI
a4b3c263dd99c045,1021,0,0,0,1021,3,0,1021,34,0.0,0,0,0,0,0,invoke-ai/InvokeAI
283fe5b893bc1d07,2844,1,1,0,2843,69,0,2843,146,0.0003516174402250354,0,1,0,0,0,invoke-ai/InvokeAI
a83c91664325cdd0,39,1,1,0,38,0,0,38,0,0.02564102564102565,0,1,0,0,0,invoke-ai/InvokeAI
1ee2545500908ca1,270,1,1,0,269,0,0,269,203,0.0037037037037036787,0,1,0,0,0,invoke-ai/InvokeAI
ba838f1601a468be,750,0,0,0,750,8,0,750,58,0.0,0,0,0,0,0,invoke-ai/InvokeAI
8071ec3a77aeea3e,74,6,3,1,68,0,1,68,1,0.06642558051008754,0,3,1,2,0,invoke-ai/InvokeAI
5652cc18e0dcf350,1186,1,1,0,1185,135,0,1185,230,0.0008431703204047421,0,1,0,0,0,invoke-ai/InvokeAI
1a556f1aac61a495,1950,7,6,0,1943,18,3,1943,273,0.0035897435897435524,0,6,5,5,0,invoke-ai/InvokeAI
5439c19cea876137,114,0,0,0,114,16,0,114,16,0.0,0,0,0,0,0,invoke-ai/InvokeAI
2e5074ad4ba27343,1452,3,3,0,1449,0,0,1449,0,0.002066115702479363,0,3,0,0,0,invoke-ai/InvokeAI
b7bc9647aab51754,54,1,1,0,53,5,0,53,11,0.018518518518518517,0,1,0,0,0,invoke-ai/InvokeAI
5b104e31eac2e777,122,1,1,0,121,0,0,121,7,0.008196721311475415,0,1,0,0,0,invoke-ai/InvokeAI
c5794c16fad92218,136,1,1,0,135,0,0,135,1,0.007352941176470575,0,1,0,0,0,invoke-ai/InvokeAI
0622bd1ac6290ae3,12,0,0,0,12,0,0,12,1,0.0,0,0,0,0,0,invoke-ai/InvokeAI
b1f63eeb9f3a8d6b,359,1,0,0,358,0,0,358,21,0.002785515320334246,0,0,0,0,0,invoke-ai/InvokeAI
cbab31161be13858,2622,0,0,0,2622,233,0,2622,485,0.0,0,0,0,0,0,invoke-ai/InvokeAI
0534891fbc8b89b4,137,70,0,0,67,0,0,67,0,0.0034194778720326446,0,0,0,0,0,xournalpp/xournalpp
6d9fcf6c7b24e3f4,133,51,49,31,82,2,32,82,5,0.13528138528138528,0,44,29,35,1,xournalpp/xournalpp
532f6c8a0e933359,174,108,89,50,66,12,39,66,7,0.14351205899940206,0,72,49,64,1,xournalpp/xournalpp
0798d40520682169,62,1,1,0,61,0,0,61,0,0.01612903225806451,0,1,1,1,0,xournalpp/xournalpp
00a66edce54b9ad9,201,61,56,2,140,3,2,140,5,0.1193532338308458,0,46,25,39,1,xournalpp/xournalpp
c8805004e1769ec9,529,6,3,1,523,25,1,523,75,0.005233461150787553,0,0,0,0,0,xournalpp/xournalpp
12fa97bf3e3fda35,26,4,4,2,22,0,2,22,0,0.07692307692307693,0,3,1,1,0,xournalpp/xournalpp
20c58d9db8679981,21,3,2,0,18,4,0,18,4,0.09285714285714287,0,2,0,0,0,xournalpp/xournalpp
db634e3952c6c711,13,6,6,3,7,0,3,7,0,0.2307692307692308,0,6,3,3,1,xournalpp/xournalpp
b694a2beb45bd134,71,19,13,8,52,1,6,52,5,0.09124311083894673,0,12,7,8,0,xournalpp/xournalpp
d2b4b64684b38769,107,77,49,35,30,0,35,30,0,0.12149532710280374,0,46,17,20,1,xournalpp/xournalpp
9c1efc651fd4bbe1,78,26,25,17,52,0,17,52,2,0.10256410256410253,0,24,21,23,1,xournalpp/xournalpp
c27b60680326600a,79,12,11,1,67,3,1,67,3,0.08828302499188574,0,8,4,6,0,xournalpp/xournalpp
e0e4d4debfc22fde,222,32,23,17,190,3,16,190,13,0.027027027027027025,0,19,13,16,0,xournalpp/xournalpp
ab5e6fb07a065cde,68,33,28,18,35,0,18,35,0,0.17239819004524887,0,27,20,25,1,xournalpp/xournalpp
f5707c983e086803,13,2,2,0,11,0,0,11,0,0.15384615384615385,1,2,0,0,1,xournalpp/xournalpp
f9d73b074faec14c,9,0,0,0,9,0,0,9,0,0.0,0,0,0,0,0,xournalpp/xournalpp
cda428ed6e081c64,11,2,2,2,9,0,2,9,0,0.0,0,2,2,2,0,xournalpp/xournalpp
754f780910f546b6,9,2,2,1,7,0,1,7,0,0.1111111111111111,0,2,1,1,0,xournalpp/xournalpp
65577377628a5009,24,1,0,0,23,0,0,23,0,0.0,0,0,0,0,0,xournalpp/xournalpp
895033d57a4fb7a1,50,4,3,0,46,0,0,46,17,0.07551020408163261,0,3,0,1,0,sphinx-doc/sphinx
1d1ec5feec7a453c,32,2,1,0,30,0,0,30,0,0.05342741935483872,0,1,0,0,0,sphinx-doc/sphinx
b0f7e7cc0e181118,21,5,2,0,16,0,0,16,0,0.11278195488721807,0,2,0,0,0,sphinx-doc/sphinx
4460376fdfaa63fd,63,0,0,0,63,0,0,63,0,0.0,0,0,0,0,0,sphinx-doc/sphinx
a323edf4d9ae15b1,15,0,0,0,15,1,0,15,2,0.0,0,0,0,0,0,sphinx-doc/sphinx
a00408d73754dd42,861,9,7,0,852,141,0,852,209,0.007602031169813337,0,7,0,1,0,sphinx-doc/sphinx
b9fcfd9a73c15e27,649,23,17,0,626,12,0,626,81,0.0321054233483612,0,17,0,1,0,sphinx-doc/sphinx
2425dbb597df9c07,14,0,0,0,14,0,0,14,0,0.0,0,0,0,0,0,sphinx-doc/sphinx
4f4fb0ccea67f36e,17,2,1,0,15,0,0,15,0,0.08823529411764708,1,1,0,0,1,sphinx-doc/sphinx
840fd9b5798eefe6,62,0,0,0,62,0,0,62,0,0.0,0,0,0,0,0,sphinx-doc/sphinx
6a68650d5fb140af,1893,24,15,1,1869,46,1,1869,129,0.0055153236491814785,0,15,1,2,0,sphinx-doc/sphinx
17a9b99a7b95f217,66,1,1,0,65,3,0,65,11,0.015151515151515166,0,1,0,1,0,sphinx-doc/sphinx
aac57cd08727d745,102,8,4,0,94,4,0,94,7,0.041592394533571005,0,4,0,1,0,sphinx-doc/sphinx
8a06a6233264b57f,951,24,8,0,927,12,0,927,38,0.014177873706347925,0,8,0,1,0,sphinx-doc/sphinx
287abf5df42cd262,60,0,0,0,60,0,0,60,0,0.0,0,0,0,0,0,sphinx-doc/sphinx
f0e7463a0fe4c88a,929,55,51,0,874,56,0,874,88,0.02332179577595486,0,43,20,21,0,sphinx-doc/sphinx
8da24745400c3290,163,7,5,0,156,0,0,156,3,0.034992047261985904,0,5,0,1,0,sphinx-doc/sphinx
87e42f3ef0cadaec,178,0,0,0,178,0,0,178,6,0.0,0,0,0,0,0,sphinx-doc/sphinx
57cca5193ad03672,364,20,15,0,344,8,0,344,15,0.03895619615841222,0,15,0,1,0,sphinx-doc/sphinx
e8caa2b990f8f558,63,0,0,0,63,0,0,63,0,0.0,0,0,0,0,0,sphinx-doc/sphinx
f2b81eb446ad4546,88,6,4,0,82,2,0,82,2,0.055512016718913273,0,4,0,1,0,sphinx-doc/sphinx
693761973149d0ea,128,5,2,0,123,4,0,123,7,0.01919291338582675,0,2,0,1,0,sphinx-doc/sphinx
e15b957c70a3ae1d,64,0,0,0,64,0,0,64,0,0.0,0,0,0,0,0,sphinx-doc/sphinx
e011ad5f26781220,63,0,0,0,63,0,0,63,0,0.0,0,0,0,0,0,sphinx-doc/sphinx
2d10b2e51c39176a,10,0,0,0,10,5,0,10,5,0.0,0,0,0,0,0,sphinx-doc/sphinx
9b3b105ec0db5a87,138,0,0,0,138,22,0,138,22,0.0,0,0,0,0,0,jupyter/notebook
5a1b054b0308e572,40,1,0,0,39,2,0,39,2,0.005769230769230749,0,0,0,0,0,jupyter/notebook
0aae9537b516d136,376,11,11,0,365,5,0,365,18,0.029255319148936185,0,11,0,8,0,jupyter/notebook
4864764f0b773fdd,7,1,1,0,6,0,0,6,0,0.0,0,1,1,1,0,jupyter/notebook
5053c0bda6e3ba2f,14,1,0,0,13,0,0,13,0,0.0,0,0,0,0,0,jupyter/notebook
008dcb3426febd76,406,87,82,41,319,0,41,319,0,0.10098522167487685,0,78,42,66,0,jupyter/notebook
63a9c44a44acf85f,86,7,0,0,79,0,0,79,0,0.0,0,0,0,0,0,jupyter/notebook
04389dd8dd41b3b3,6,1,1,1,5,0,1,5,0,0.0,0,1,1,1,0,jupyter/notebook
60f61ab7a8d1910d,3,0,0,0,3,0,0,3,0,0.0,0,0,0,0,0,jupyter/notebook
e5af2de6c3d30f96,44,6,6,0,38,0,0,38,2,0.13636363636363635,0,4,0,4,0,jd-opensource/nutui
f7268c5cbd46444c,32,1,1,0,31,0,0,31,23,0.03125,0,1,0,1,0,jd-opensource/nutui
c4fc4419f41759af,27,4,0,0,23,0,0,23,10,0.0,0,0,0,0,0,jd-opensource/nutui
85b680ccce237688,27,9,0,0,18,0,0,18,3,0.0,0,0,0,0,0,jd-opensource/nutui
7ad60e1f7b957ab8,13,8,8,0,5,0,0,5,0,0.6153846153846154,1,8,0,8,1,jd-opensource/nutui
23640715755656f9,13,8,0,0,5,0,0,5,0,0.0,0,0,0,0,0,jd-opensource/nutui
dd82cf2db58e7274,5,3,3,0,2,0,0,2,0,0.6,1,3,0,3,1,jd-opensource/nutui
ff73044a3479f9e2,19,3,0,0,16,0,0,16,0,0.0,0,0,0,0,0,jd-opensource/nutui
60ded48b35472840,60,12,11,1,48,3,1,48,3,0.19858757062146895,0,7,0,7,0,jd-opensource/nutui
dc4363ab1b4e58cf,114,4,4,0,110,5,0,110,17,0.03508771929824561,0,4,0,4,0,jd-opensource/nutui
a4d8016c30154d58,1,1,0,0,0,0,0,0,0,0.0,0,0,0,0,0,jd-opensource/nutui
d903dbce6d142266,447,125,111,7,322,9,7,322,11,0.26005559565678127,0,77,0,77,0,jd-opensource/nutui
3f140305bf0356eb,121,4,4,0,117,40,0,117,40,0.03305785123966941,0,4,0,4,0,jd-opensource/nutui
330bcd886a387889,50,8,0,0,42,0,0,42,0,0.0,0,0,0,0,0,jd-opensource/nutui
8210ad6ee8f14167,23,9,0,0,14,0,0,14,1,0.0,0,0,0,0,0,jd-opensource/nutui
54c634baa06d265d,15,7,0,0,8,0,0,8,0,0.0,0,0,0,0,0,jd-opensource/nutui
a5b43a2955e09b58,132,64,60,4,68,7,4,68,7,0.4667143879742305,1,50,0,50,1,jd-opensource/nutui
c95895329935eb70,48,10,8,0,38,0,0,38,0,0.16666666666666663,0,5,0,5,0,jd-opensource/nutui
14c99aace8d21ad2,114,6,5,0,108,36,0,108,36,0.04385964912280704,0,5,0,5,0,jd-opensource/nutui
072ba99978c66591,59,7,0,0,52,0,0,52,27,0.0,0,0,0,0,0,jd-opensource/nutui
5bf1ccecfb587a5d,93,25,1,0,68,37,0,68,37,0.16684390877939267,1,1,0,1,0,jd-opensource/nutui
b58897c759c75573,101,19,12,1,82,1,1,82,1,0.11693069306930692,0,7,0,7,0,jd-opensource/nutui
8cea7765be9a5754,39,6,0,0,33,0,0,33,8,0.0,0,0,0,0,0,jd-opensource/nutui
52eb35db743205e1,77,24,0,0,53,0,0,53,8,0.0,0,0,0,0,0,jd-opensource/nutui
ddec24bb71f212ab,50,4,4,0,46,13,0,46,13,0.07999999999999996,0,4,0,4,1,jd-opensource/nutui
cf23da10e9371420,76,75,0,0,1,0,0,1,0,0.0,0,0,0,0,0,cmderdev/cmder
f5f47d4a2d211425,54,5,0,0,49,0,0,49,0,0.0,0,0,0,0,0,cmderdev/cmder
06572a96a58dc510,1270,7,6,6,1263,31,6,1263,43,0.0,0,6,6,6,0,cmderdev/cmder
0d182cdeff4cdb49,181,179,0,0,2,0,0,2,0,0.022099447513812154,0,0,0,0,0,cmderdev/cmder
af99a1d7989c8505,109,5,0,0,104,0,0,104,0,0.0,0,0,0,0,0,cmderdev/cmder
8438fcdb1b6525ad,494,250,0,0,244,34,0,244,47,0.0,0,0,0,0,0,cmderdev/cmder
48f1905c8ce7c081,352,14,0,0,338,7,0,338,13,0.0,0,0,0,0,0,cmderdev/cmder
a8bb8d2e8dae7bfb,796,2,1,1,794,73,1,794,107,0.0,0,1,1,1,0,cmderdev/cmder
41457efdc3d31c19,12,1,0,0,11,0,0,11,0,0.0,0,0,0,0,0,cmderdev/cmder
c5bcec1789982f28,49,10,0,0,39,0,0,39,0,0.0,0,0,0,0,0,qpdf/qpdf
a1771a2ff0f36969,205,12,2,0,193,0,0,193,3,0.009756097560975643,0,2,0,0,0,qpdf/qpdf
511454459f13ac65,411,185,128,0,226,0,0,226,0,0.3228842957288429,0,128,0,0,0,qpdf/qpdf
a5daeb664cb71f32,58,6,0,0,52,15,0,52,11,0.0,0,0,0,0,0,qpdf/qpdf
13bc07aa0314e50f,43,13,12,0,30,0,0,30,0,0.2790697674418605,0,12,0,0,0,qpdf/qpdf
e184c7a6e17bb1a0,44,13,11,4,31,0,4,31,0,0.15909090909090906,0,11,5,8,0,qpdf/qpdf
62c687031e54b7e6,83,22,0,0,61,0,0,61,0,0.0,0,0,0,0,0,qpdf/qpdf
6e9f6ebfc7aeaab0,652,69,16,0,583,2,0,583,2,0.02760736196319016,0,16,0,0,0,qpdf/qpdf
b763ef6ca86e3203,512,168,134,0,344,0,0,344,0,0.25390625,0,134,2,2,0,qpdf/qpdf
3aa944456f99a34b,105,36,32,0,69,0,0,69,0,0.3047619047619048,0,32,0,0,0,qpdf/qpdf
5f46a03fae394795,111,5,0,0,106,0,0,106,0,0.0,0,0,0,0,0,qpdf/qpdf
7cbb8072c2ed533b,76,21,10,0,55,0,0,55,0,0.13157894736842105,0,10,0,0,0,qpdf/qpdf
84809e06883f9be7,113,10,0,0,103,0,0,103,0,0.0,0,0,0,0,0,qpdf/qpdf
f5b1e7a93b65f167,28,2,2,0,26,0,0,26,0,0.07142857142857147,0,2,0,0,0,qpdf/qpdf
34f3370467810d04,234,93,88,0,141,5,0,141,17,0.3974358974358974,0,88,0,0,0,qpdf/qpdf
67f954bac00bacb5,57,17,13,0,40,0,0,40,0,0.2280701754385965,0,13,0,0,0,qpdf/qpdf
141bed9fb0539680,5,1,1,0,4,0,0,4,0,0.19999999999999998,0,1,1,1,0,qpdf/qpdf
06a0bc292c877ea0,302,0,0,0,302,2,0,302,23,0.0,0,0,0,0,0,qpdf/qpdf
a35b13fa7bd44c24,989,82,15,0,907,72,0,907,65,0.017189079878665338,0,15,0,0,0,qpdf/qpdf
f5d4b20a879ff052,292,0,0,0,292,86,0,292,87,0.0,0,0,0,0,0,qpdf/qpdf
f365612e4268c6d5,155,22,12,0,133,0,0,133,0,0.07741935483870972,0,12,0,0,0,qpdf/qpdf
29a3b9822b06c7ec,3741,609,41,33,3132,0,33,3132,9,0.002452945893674258,0,41,34,34,0,qpdf/qpdf
7b8222e2977cb538,42,4,0,0,38,0,0,38,0,0.0,0,0,0,0,0,qpdf/qpdf
581eccf64936e756,43,2,0,0,41,18,0,41,14,0.0,0,0,0,0,0,qpdf/qpdf
873a1acc66acc214,87,23,9,0,64,0,0,64,0,0.10344827586206896,0,9,0,0,0,qpdf/qpdf
82da1cccb3232c69,86,9,9,0,77,0,0,77,5,0.10465116279069767,0,9,0,4,0,taichi-dev/taichi
1ec5a0a07c3fdca3,60,16,16,0,44,0,0,44,0,0.2666666666666667,0,16,0,13,0,taichi-dev/taichi
d2572e3acfa01c9e,575,0,0,0,575,13,0,575,35,0.0,0,0,0,0,0,taichi-dev/taichi
696040d692e4581c,50,2,0,0,48,5,0,48,5,0.0,0,0,0,0,0,taichi-dev/taichi
fa83b5cb7437573b,436,34,26,1,402,3,1,402,20,0.06097535196381007,0,25,1,18,0,taichi-dev/taichi
61484fa2a50e3094,669,0,0,0,669,13,0,669,45,0.0,0,0,0,0,0,taichi-dev/taichi
5e84531df5a17e68,148,54,52,0,94,0,0,94,1,0.3648648648648648,0,46,0,22,0,taichi-dev/taichi
529c94b3ac3ea6af,17,3,2,1,14,1,1,14,1,0.11029411764705882,0,2,1,2,0,taichi-dev/taichi
d0efa9f549b6b6ae,33,4,0,0,29,12,0,29,12,0.09090909090909088,0,0,0,0,0,taichi-dev/taichi
e20d32f51ba7e68f,285,163,147,125,122,4,125,122,7,0.0912280701754386,0,147,104,121,1,taichi-dev/taichi
3509125c0fe3c95d,453,383,383,0,70,0,0,70,0,0.8454746136865342,1,383,0,39,1,taichi-dev/taichi
8a2b9de100d7af3b,1016,131,124,9,885,58,0,885,633,0.11811023622047245,0,120,9,53,0,taichi-dev/taichi
4bdbef8b06be92bb,1039,15,15,6,1024,0,6,1024,33,0.008662175168431178,0,15,6,8,0,taichi-dev/taichi
26846f7368a78c1c,69,18,18,9,51,20,9,51,20,0.13043478260869562,0,18,9,18,0,taichi-dev/taichi
b7c83b9857bb62af,184,16,16,16,168,0,16,168,20,0.0,0,16,16,16,0,taichi-dev/taichi
eec87fffe7adadad,47,7,7,2,40,0,2,40,0,0.10638297872340427,0,7,2,7,0,taichi-dev/taichi
c6fef5298947d51a,107,54,0,0,53,0,0,53,0,0.00026450361488273254,0,0,0,0,0,taichi-dev/taichi
76018fe26d398960,267,2,1,0,265,15,0,265,19,0.007490636704119824,0,1,0,1,0,taichi-dev/taichi
62447582a6863aa5,28,9,9,0,19,0,0,19,0,0.3214285714285714,0,9,0,9,0,taichi-dev/taichi
2c1518a0acb48f40,177,47,0,0,130,0,0,130,1,0.0003918879200549099,0,0,0,0,0,taichi-dev/taichi
3154e0533b9fd63e,852,88,85,18,764,7,13,764,78,0.07862190812720848,0,80,21,37,0,taichi-dev/taichi
b2b340803f06d433,243,47,45,1,196,0,1,196,0,0.18497681929468146,0,37,1,9,0,taichi-dev/taichi
2982864514c1482f,34,1,1,0,33,0,0,33,23,0.029411764705882356,0,1,0,1,0,taichi-dev/taichi
9698a8af86cabba1,105,4,4,1,101,0,1,101,0,0.028571428571428574,0,4,2,3,0,taichi-dev/taichi
1e49de07f02af55b,186,60,53,49,126,0,49,126,20,0.021505376344086016,0,53,49,50,1,taichi-dev/taichi
e2dca94969ec2958,102,2,2,0,100,0,0,100,0,0.019607843137254923,0,2,0,2,0,mui/material-ui
740f598a3693ecec,58,5,0,0,53,4,0,53,4,0.0,0,0,0,0,0,mui/material-ui
90658ca6aa8a2e52,118,0,0,0,118,0,0,118,0,0.0,0,0,0,0,0,mui/material-ui
f2aed10d7465fb6e,57,1,1,0,56,0,0,56,0,0.017543859649122834,0,1,0,1,0,mui/material-ui
44477571c6df7782,125,0,0,0,125,16,0,125,19,0.0,0,0,0,0,0,mui/material-ui
616c906e68f833ee,46,0,0,0,46,5,0,46,5,0.0,0,0,0,0,0,mui/material-ui
fba143deddb4d131,50,1,1,0,49,0,0,49,0,0.02000000000000001,0,1,0,1,0,mui/material-ui
b009093ec9895704,82,5,0,0,77,0,0,77,1,0.0,0,0,0,0,0,mui/material-ui
9f9c8550c5f053f4,106,6,6,5,100,0,5,100,0,0.009433962264150941,0,6,5,6,0,mui/material-ui
2d4150e58a951b70,11,0,0,0,11,3,0,11,3,0.0,0,0,0,0,0,mui/material-ui
97d5197ae5e20957,39,3,3,2,36,0,2,36,0,0.02564102564102565,0,3,2,3,0,mui/material-ui
be6f79ccda39c76d,53,0,0,0,53,4,0,53,28,0.0,0,0,0,0,0,mui/material-ui
509163e387632195,158,1,1,0,157,53,0,157,75,0.006329113924050594,0,1,0,1,0,mui/material-ui
2ae56f3025136b47,126,5,5,0,121,9,0,121,12,0.039682539682539666,0,4,0,0,0,mui/material-ui
c218ae061a790077,93,6,6,0,87,1,0,87,2,0.06451612903225803,0,5,0,1,0,mui/material-ui
8e0aa27a7d3a02ec,129,1,1,0,128,0,0,128,100,0.007751937984496131,0,1,0,0,0,mui/material-ui
00ba5e23ae028bd3,45,1,1,0,44,0,0,44,0,0.02222222222222224,0,1,0,1,0,mui/material-ui
bc6eac7586670f2a,337,27,19,3,310,0,4,310,0,0.07121661721068248,0,18,5,11,0,mui/material-ui
4d2c300b90c75d33,53,0,0,0,53,1,0,53,1,0.0,0,0,0,0,0,mui/material-ui
7ccf250460b1353d,99,9,9,0,90,3,0,90,19,0.09090909090909093,1,7,0,1,1,mui/material-ui
58ac4903364e3d28,517,0,0,0,517,85,0,517,86,0.0,0,0,0,0,0,mui/material-ui
7ce07ba095f7eee4,32,1,1,0,31,0,0,31,0,0.03125,0,1,0,0,0,mui/material-ui
6958c7441af86664,58,5,5,0,53,4,0,53,4,0.08620689655172417,0,4,0,0,0,mui/material-ui
ce8cc7c5e11c55a9,15,0,0,0,15,0,0,15,0,0.0,0,0,0,0,0,mui/material-ui
9d896bfd7153dfc8,39,3,3,2,36,0,2,36,0,0.02564102564102565,0,3,2,3,0,mui/material-ui
3ad26c2f7d9400a0,137,1,1,0,136,22,0,136,39,0.007299270072992696,0,1,0,0,0,angular/angular
dcaabb61283eec31,68,9,9,5,59,0,5,59,2,0.05882352941176472,0,8,5,5,0,angular/angular
e6bf7bc40e6144ce,885,31,31,0,854,7,0,854,28,0.03954802259887004,0,23,0,23,0,angular/angular
40cf5035fd3f0fd7,75,2,2,2,73,0,2,73,0,0.0,0,2,2,2,0,angular/angular
2c9fccbbe741c8ab,30,15,15,0,15,0,0,15,0,0.5,1,10,0,4,1,angular/angular
1555705cda128743,46,24,22,12,22,0,12,22,2,0.25988142292490124,0,17,10,13,1,angular/angular
4291481fbcf67662,396,51,51,2,345,0,4,345,10,0.12373737373737374,0,40,2,12,0,angular/angular
c34cc3bcbe8c26c7,43,11,10,0,32,1,0,32,3,0.25470653377630126,0,8,0,4,0,angular/angular
66eaac7825449c32,192,42,40,17,150,3,17,150,5,0.08854166666666666,0,37,21,34,0,angular/angular
1190715f132e558c,586,273,273,73,313,1,73,313,3,0.3412969283276451,0,269,73,77,0,angular/angular
48d0cb4a9236c44f,20,1,1,0,19,0,0,19,0,0.050000000000000024,0,1,0,0,0,angular/angular
4cfb128d70e2614a,134,7,7,2,127,5,2,127,12,0.03731343283582089,0,7,2,2,0,angular/angular
8ec3c9711e1a1ebc,57,10,10,6,47,0,6,47,5,0.07017543859649122,0,2,2,2,0,angular/angular
03cb1ea13f0b5890,736,88,87,7,648,50,5,648,55,0.11141304347826088,0,77,7,15,0,angular/angular
ed89d6542aa1b389,185,28,28,3,157,6,4,157,9,0.13513513513513517,0,22,3,4,0,angular/angular
43eb431676e0f3e3,26,3,3,3,23,0,3,23,13,0.0,0,3,3,3,0,angular/angular
b626f2230b6498ab,133,26,26,6,107,0,7,107,0,0.15037593984962405,0,24,6,8,0,angular/angular
71d060be6ea7b005,1298,40,39,8,1258,0,9,1258,201,0.023882896764252697,0,31,7,10,0,angular/angular
c414f4ce43a48c7f,63,0,0,0,63,0,0,63,20,0.0,0,0,0,0,0,angular/angular
83b44a29b6f59c49,156,41,41,15,115,1,15,115,9,0.10897435897435898,0,34,22,25,1,angular/angular
146634e059150264,799,93,93,17,706,1,17,706,4,0.09386733416770962,0,83,18,31,0,angular/angular
c4a2f89fbeb92872,232,22,22,0,210,0,0,210,0,0.09482758620689652,0,18,0,6,0,angular/angular
f8ad8f217f81fd21,158,46,45,8,112,0,8,112,5,0.24038539063129888,1,30,7,12,1,angular/angular
2505d49c61f18891,98,21,21,1,77,0,1,77,34,0.20408163265306123,0,16,1,2,0,angular/angular
9b26deccefd60a31,25,1,1,1,24,0,1,24,6,0.0,0,1,1,1,0,angular/angular
c7ecb566fc342180,188,1,1,0,187,2,0,187,20,0.005319148936170202,0,0,0,0,0,google/perfetto
3c136660a0b1f057,53,5,5,1,48,0,1,48,14,0.07547169811320753,0,4,1,2,0,google/perfetto
d3b841051ee12dc1,136,4,4,0,132,5,0,132,39,0.029411764705882353,0,2,0,2,0,google/perfetto
fbc6078e0f7288b9,153,9,9,5,144,1,5,144,17,0.02614379084967321,0,7,5,7,0,google/perfetto
a20ac1320f05ef50,15,1,0,0,14,0,0,14,14,0.0,0,0,0,0,0,google/perfetto
d451c35511bf7682,538,30,28,10,508,7,10,508,22,0.036016478943572114,0,23,10,13,0,google/perfetto
6aedb9f46dff8097,38,5,0,0,33,0,0,33,13,0.0,0,0,0,0,0,google/perfetto
b3563b65b08bbf5a,194,25,23,6,169,14,6,169,27,0.09278350515463916,0,19,6,10,0,google/perfetto
1acc586167b2c6f6,65,0,0,0,65,0,0,65,28,0.0,0,0,0,0,0,google/perfetto
432af3798817e477,643,85,84,33,558,48,35,558,87,0.0853984680455226,0,66,32,40,0,google/perfetto
aa0ee05180a820de,662,33,27,8,629,0,8,629,32,0.028700906344410915,0,18,8,11,0,google/perfetto
fef41ec7e81f232b,23,0,0,0,23,0,0,23,13,0.0,0,0,0,0,0,google/perfetto
59d5f7985c0ba6ee,78,20,20,13,58,0,13,58,13,0.08974358974358976,0,15,11,13,0,google/perfetto
54364158d96bbd1e,277,85,15,5,192,0,5,192,22,0.03693820959556325,0,12,3,4,0,google/perfetto
d4d6f7018220d27e,211,10,0,0,201,0,0,201,13,0.0,0,0,0,0,0,google/perfetto
3f6b64f5d4e59d29,178,13,4,0,165,0,0,165,62,0.022471910112359578,0,4,0,4,0,google/perfetto
172f715b441a6cd9,153,2,0,0,151,0,0,151,15,0.0,0,0,0,0,0,google/perfetto
18b06fc811e6c8db,240,7,0,0,233,0,0,233,13,0.0,0,0,0,0,0,google/perfetto
d171d0cb31afbd52,94,8,8,2,86,0,2,86,14,0.06382978723404256,0,8,2,2,0,google/perfetto
8e95bf2dc53a3bad,122,9,5,0,113,2,0,113,19,0.03975409836065577,0,1,0,0,0,google/perfetto
b493160bd1af906c,38,0,0,0,38,0,0,38,1,0.0,0,0,0,0,0,google/perfetto
5b5d3acd68089734,353,15,9,4,338,9,4,338,15,0.01738346639196498,0,2,1,1,0,google/perfetto
d7744df48f2c724c,79,1,0,0,78,1,0,78,10,0.0,0,0,0,0,0,google/perfetto
d9d79e4796721780,162,1,1,1,161,4,1,161,6,0.0,0,1,1,1,0,google/perfetto
79d8e578e295cbd4,186,12,12,2,174,3,2,174,3,0.0698924731182796,0,10,2,4,0,google/perfetto
1d731ed91f192c52,31,1,1,0,30,0,0,30,0,0.03225806451612903,0,1,0,1,0,cloud-custodian/cloud-custodian
473d3ab3628619c9,204,36,36,0,168,4,0,168,10,0.17647058823529416,0,35,0,32,0,cloud-custodian/cloud-custodian
a2b92091c3205dd7,743,5,5,0,738,26,0,738,168,0.0067294751009421274,0,4,0,0,0,cloud-custodian/cloud-custodian
83036deb1ccf9f96,263,59,59,0,204,0,0,204,3,0.2243346007604563,0,55,0,39,0,cloud-custodian/cloud-custodian
4434d820daae3f19,108,30,26,1,78,0,1,78,0,0.25925925925925924,0,20,1,14,0,cloud-custodian/cloud-custodian
5477648b86b5fcfd,213,1,1,0,212,0,0,212,0,0.004694835680751152,0,1,0,0,0,cloud-custodian/cloud-custodian
e13bfa23f6a36a06,21,3,3,0,18,0,0,18,0,0.14285714285714288,0,2,0,1,0,cloud-custodian/cloud-custodian
e09221d6422c2007,644,5,5,0,639,0,0,639,1,0.007763975155279497,0,5,0,0,0,cloud-custodian/cloud-custodian
5242c6fe44289100,133,1,1,0,132,0,0,132,0,0.007518796992481175,0,1,0,0,0,cloud-custodian/cloud-custodian
85df23a739e31ddc,34,6,6,0,28,1,0,28,6,0.1764705882352941,0,6,0,6,0,cloud-custodian/cloud-custodian
494bd8c4ed523ca4,22,5,3,0,17,1,0,17,1,0.22727272727272727,0,3,0,3,0,cloud-custodian/cloud-custodian
3f8338e06975f843,127,48,0,0,79,76,0,79,76,0.37738125476250955,0,0,0,0,0,cloud-custodian/cloud-custodian
3866c2df15af7d0d,271,99,90,3,172,25,3,172,26,0.357640053673264,1,88,7,54,1,cloud-custodian/cloud-custodian
63b8fccbb87398e2,16,4,4,0,12,7,0,12,7,0.25,0,3,0,1,0,cloud-custodian/cloud-custodian
e4a9b3d7b55422f1,256,131,130,0,125,11,0,125,12,0.511703431372549,1,112,0,52,1,cloud-custodian/cloud-custodian
13e91bf3364c5009,251,1,1,0,250,0,0,250,2,0.0039840637450199185,0,1,0,0,0,cloud-custodian/cloud-custodian
6232db25f88c80a8,270,81,80,0,189,10,0,189,11,0.30216396171452353,1,70,0,55,1,cloud-custodian/cloud-custodian
9dd711af173fe3f1,425,3,3,0,422,0,0,422,0,0.007058823529411719,0,3,0,0,0,cloud-custodian/cloud-custodian
0ff0fcd33aaaca52,324,10,5,0,314,4,0,314,11,0.03086419753086421,0,5,0,5,0,cloud-custodian/cloud-custodian
99e691e560dcddc0,418,9,9,0,409,0,0,409,27,0.021531100478468908,0,8,0,6,0,cloud-custodian/cloud-custodian
648480a28b3a94b9,484,253,242,1,231,1,1,231,26,0.520398515198207,1,221,1,192,1,cloud-custodian/cloud-custodian
8f74f1fd13a6e8c6,187,8,8,0,179,0,0,179,30,0.04278074866310158,0,6,0,6,0,cloud-custodian/cloud-custodian
50c86b7ed8ac2cf9,141,1,1,0,140,0,0,140,0,0.007092198581560289,0,1,1,1,0,cloud-custodian/cloud-custodian
493cbf196d45ba9c,72,13,11,0,59,0,0,59,33,0.18015873015873018,0,10,0,4,0,cloud-custodian/cloud-custodian
bc37d034bad56458,64,2,2,0,62,4,0,62,4,0.03125,0,2,0,0,0,cloud-custodian/cloud-custodian
bc37d034bad56458,59,1,0,0,58,0,0,58,0,0.016949152542372857,0,0,0,0,0,linera-io/linera-protocol
3df273085821b0d2,94,0,0,0,94,7,0,94,7,0.0,0,0,0,0,0,laramies/theHarvester
28228c2c77e6bf23,350,3,1,0,347,0,1,347,10,0.008571428571428518,0,1,0,0,0,laramies/theHarvester
87584c18a04957fb,141,15,9,0,126,2,0,126,3,0.10575256107170998,0,7,0,0,0,laramies/theHarvester
2827cd0b6aa67e85,54,0,0,0,54,0,0,54,0,0.0,0,0,0,0,0,laramies/theHarvester
779d0fed51035cab,528,4,4,0,524,13,0,524,18,0.007575757575757576,0,3,0,0,0,laramies/theHarvester
465a74e440c5bf9b,139,9,4,0,130,0,0,130,1,0.06421131751315362,0,3,0,0,0,laramies/theHarvester
7caef6d82fdb49d8,87,5,3,0,82,4,2,82,4,0.057200811359026334,0,3,3,3,0,laramies/theHarvester
8ec0b2e5751e9792,129,0,0,0,129,8,0,129,8,0.0,0,0,0,0,0,laramies/theHarvester
b71b16e59ee54a46,76,7,6,0,69,1,1,69,1,0.09210526315789476,0,5,1,1,0,laramies/theHarvester
ebe089fa4ebec1b6,74,1,0,0,73,4,0,73,4,0.013513513513513487,0,0,0,0,0,laramies/theHarvester
ff6284b7a476aaaa,123,0,0,0,123,1,0,123,3,0.0,0,0,0,0,0,laramies/theHarvester
5eba21841a385ec5,133,1,0,0,132,0,0,132,0,0.0074618364092048535,0,0,0,0,0,laramies/theHarvester
d377f8d2036a2d04,120,0,0,0,120,4,0,120,5,0.0,0,0,0,0,0,laramies/theHarvester
7192026d96d7270b,99,1,0,0,98,0,0,98,0,0.010101010101010138,0,0,0,0,0,laramies/theHarvester
2d2bdfaafff9d1df,341,7,6,0,334,29,1,334,31,0.032249439365188905,0,5,1,1,0,laramies/theHarvester
d502fcd5da1598c3,324,4,3,0,320,11,2,320,12,0.01234567901234566,0,3,3,3,0,laramies/theHarvester
aec5667b62aee55f,227,2,1,0,225,0,1,225,8,0.008810572687224655,0,1,0,0,0,laramies/theHarvester
3de36e2b39f7b845,1,0,0,0,1,0,0,1,0,0.0,0,0,0,0,0,laramies/theHarvester
71d7d8a4a89ac5a6,102,1,0,0,101,0,0,101,0,0.009803921568627472,0,0,0,0,0,laramies/theHarvester
f72f149179e8254b,174,2,1,0,172,15,0,172,15,0.011494252873563175,0,1,1,1,0,laramies/theHarvester
3c53bb1be4e2c962,247,5,3,0,242,7,0,242,8,0.020242914979757096,0,3,0,0,0,laramies/theHarvester
bcd7e2d1b6ce5af2,138,3,2,1,135,5,1,135,6,0.014439860361789892,0,1,1,1,0,laramies/theHarvester
1afb2dabe68289ad,31,0,0,0,31,4,0,31,4,0.0,0,0,0,0,0,laramies/theHarvester
0f0ea695fd9aacd9,111,3,1,0,108,2,1,108,2,0.04504504504504507,0,1,1,1,0,laramies/theHarvester
e026ff479beedd53,2232,45,41,0,2187,82,0,2187,149,0.02060127539365389,0,30,2,2,0,laramies/theHarvester
ea57993d5d195f4e,4,3,3,1,1,0,1,1,0,0.5,1,3,1,1,1,jenkinsci/jenkins
981cdf1aff5a771d,231,13,10,10,218,3,10,218,7,0.008431161269589205,0,10,10,10,0,jenkinsci/jenkins
e2c50d0e58dbbf1e,56,1,1,1,55,0,1,55,20,0.0,0,1,1,1,0,jenkinsci/jenkins
6aa6497bcd2927be,157,6,5,5,151,0,5,151,5,0.006287767434264287,0,1,1,1,0,jenkinsci/jenkins
671deeb1b4f1ec11,808,87,62,54,721,77,58,721,86,0.009405940594059407,0,54,54,54,0,jenkinsci/jenkins
f588f96db8d41dae,49,1,0,0,48,0,0,48,16,0.0,0,0,0,0,0,jenkinsci/jenkins
d8fc75202128edbe,728,45,41,41,683,4,38,683,41,0.004857021431607087,0,41,41,41,0,jenkinsci/jenkins
61f550d2a433298e,45,32,21,1,13,1,1,13,1,0.6,1,21,1,1,1,jenkinsci/jenkins
48962a1b6e5820a9,115,6,0,0,109,0,0,109,27,0.05217391304347828,0,0,0,0,0,jenkinsci/jenkins
53347b312010256f,79,5,5,5,74,0,5,74,3,0.0,0,5,5,5,0,jenkinsci/jenkins
f066923c3f9c6958,11,8,7,3,3,0,3,3,0,0.4545454545454546,0,3,1,3,1,jenkinsci/jenkins
570faaf6bb210a1b,75,1,0,0,74,1,0,74,5,0.012252252252252255,0,0,0,0,0,jenkinsci/jenkins
3596e9e45ce8e5e9,77,1,0,0,76,0,0,76,25,0.012645249487354772,0,0,0,0,0,jenkinsci/jenkins
c72fe0ddbf259b51,176,3,0,0,173,27,0,173,32,0.005454545454545486,0,0,0,0,0,jenkinsci/jenkins
16c02363b9991055,13,9,8,0,4,1,0,4,1,0.6923076923076923,1,8,0,0,1,jenkinsci/jenkins
b0ebcc44fa2f2ed5,7,6,6,4,1,0,4,1,0,0.2857142857142857,0,4,3,4,1,jenkinsci/jenkins
65730680bea875f9,54,3,2,2,51,0,2,51,20,0.014325646401118095,0,1,1,1,0,jenkinsci/jenkins
fc6f81558fea7faa,10,5,4,0,5,1,0,5,1,0.5,1,4,0,0,1,jenkinsci/jenkins
f7342d7bda750712,42,39,38,11,3,0,11,3,0,0.6666666666666666,1,20,7,12,1,jenkinsci/jenkins
8b7ca807a3033561,291,11,10,10,280,9,10,280,33,0.002630643441166024,0,10,10,10,0,jenkinsci/jenkins
46677703ac2ce602,341,4,2,2,337,0,2,337,23,0.005813199076116556,0,2,2,2,0,jenkinsci/jenkins
cf6f0091b30707b6,158,33,0,0,125,0,0,125,0,0.0,0,0,0,0,0,jenkinsci/jenkins
e5f8ceb771dd649d,203,1,0,0,202,86,0,202,105,0.0047554016485392096,0,0,0,0,0,jenkinsci/jenkins
a49c56f098e4523c,75,7,6,6,68,0,6,68,0,0.013333333333333326,0,2,2,2,0,jenkinsci/jenkins
83d7a9405bfbe87e,400,5,3,3,395,14,3,395,45,0.004811557788944749,0,3,3,3,0,jenkinsci/jenkins
cde9ee49a0a06de6,1751,256,241,13,1495,40,13,1495,141,0.13778326193733526,1,77,14,39,0,pytest-dev/pytest
8262f7e892d370ea,26,1,0,0,25,0,0,25,0,0.038461538461538436,0,0,0,0,0,pytest-dev/pytest
2b3245b80cf7c872,378,6,4,0,372,11,0,372,20,0.020084656084656087,0,4,2,4,0,pytest-dev/pytest
6e6cdc831391231f,5,1,1,0,4,0,0,4,0,0.2,0,1,0,0,0,pytest-dev/pytest
38ce29d1a9bd4d3f,465,67,63,0,398,3,0,398,27,0.14401138245515824,0,14,1,3,0,pytest-dev/pytest
9567fac850dea447,31,1,0,0,30,0,0,30,0,0.032258064516129045,0,0,0,0,0,pytest-dev/pytest
def42763679b0d50,227,31,17,0,196,3,0,196,7,0.11512889541523902,0,17,1,12,0,pytest-dev/pytest
1416ad9754806206,17,5,4,0,12,0,0,12,0,0.28308823529411764,1,4,0,4,1,pytest-dev/pytest
8fcbff8c2cca9760,1772,241,217,33,1531,81,34,1531,137,0.11333570767878691,1,114,35,75,1,pytest-dev/pytest
d79328ededef8540,26,2,0,0,24,0,0,24,2,0.06410256410256412,0,0,0,0,0,pytest-dev/pytest
c78ae1631a744ff8,651,24,19,0,627,33,0,627,47,0.03646212304955937,0,15,0,4,0,pytest-dev/pytest
10ee70cc91700b16,346,4,3,0,342,20,0,342,30,0.01146854318505488,0,3,2,2,0,pytest-dev/pytest
20ae7ea3a4fcc90d,41,9,0,0,32,0,0,32,0,0.20579268292682926,0,0,0,0,0,pytest-dev/pytest
351b791015528a51,3578,426,386,56,3152,56,56,3152,396,0.09767826580939905,0,197,61,135,0,pytest-dev/pytest
bcc86359702cf251,50,3,3,0,47,0,0,47,0,0.06000000000000001,0,3,1,1,0,pytest-dev/pytest
c56b97a85117944c,191,14,7,0,177,7,0,177,8,0.04020391292367042,0,7,1,7,0,pytest-dev/pytest
daf6183b4d7b07f3,1857,78,70,3,1779,56,6,1779,165,0.03248085872031689,0,59,15,22,0,pytest-dev/pytest
26c1fd7d3bde7a51,1791,3,3,0,1788,6,1,1788,134,0.001675041876046916,0,3,3,3,0,pytest-dev/pytest
358af99cf7daac08,22,2,0,0,20,4,0,20,4,0.04545454545454542,0,0,0,0,0,pytest-dev/pytest
92e37f9ac8790b36,229,3,2,0,226,1,0,226,2,0.013004673255190368,0,2,2,2,0,pytest-dev/pytest
0e43a7f1313ac690,277,7,3,0,270,10,0,270,13,0.02474180452519803,0,3,0,2,0,pytest-dev/pytest
6b2ebd562ed70581,231,9,6,0,222,0,0,222,1,0.02597402597402597,0,6,1,1,0,pytest-dev/pytest
f1d27932fbd95300,501,2,2,0,499,73,0,499,104,0.003992015968063842,0,2,1,1,0,pytest-dev/pytest
0fd7ff97e4acc661,119,2,0,0,117,10,0,117,10,0.015370250664368356,0,0,0,0,0,pytest-dev/pytest
444e9f8995583941,655,46,39,0,609,74,0,609,142,0.07152483272076146,0,28,2,9,0,pytest-dev/pytest
28fa260be525a19e,15,7,7,0,8,0,0,8,0,0.4666666666666667,1,7,0,7,1,meteor/meteor
300129e4bed26d77,48,9,9,0,39,0,0,39,0,0.1875,0,8,0,8,0,meteor/meteor
21d632673ec1e9af,339,181,169,68,158,1,68,158,1,0.2094395280235988,0,153,84,115,1,meteor/meteor
60ceff4b5ad2c480,116,0,0,0,116,2,0,116,2,0.0,0,0,0,0,0,meteor/meteor
c5875dbe59d69468,344,57,57,9,287,0,5,287,54,0.13953488372093023,0,52,9,10,0,meteor/meteor
21267298ab72859d,5,3,3,3,2,0,3,2,0,0.0,0,3,3,3,1,meteor/meteor
6854392b90e86d9f,104,0,0,0,104,7,0,104,13,0.0,0,0,0,0,0,meteor/meteor
b6d03ce5f98b6b4d,15,7,7,0,8,0,0,8,0,0.4666666666666667,1,7,0,7,1,meteor/meteor
aaaba0913169c448,66,0,0,0,66,0,0,66,25,0.0,0,0,0,0,0,meteor/meteor
06901b83a1e5e073,70,0,0,0,70,0,0,70,0,0.0,0,0,0,0,0,meteor/meteor
4fc821db7d60c51e,260,23,23,1,237,13,1,237,13,0.07307692307692308,0,21,4,17,0,meteor/meteor
6d94577a10778cd6,33,0,0,0,33,0,0,33,0,0.0,0,0,0,0,0,meteor/meteor
8167be493792cec3,19,0,0,0,19,0,0,19,8,0.0,0,0,0,0,0,meteor/meteor
0bd63837d8b48261,13,3,3,1,10,0,1,10,0,0.15384615384615388,0,3,1,3,0,meteor/meteor
d05e8b92466e0b98,26,0,0,0,26,0,0,26,6,0.0,0,0,0,0,0,meteor/meteor
7eeb1baaeaa8ba5e,232,24,23,1,208,9,1,208,9,0.07758620689655171,0,22,5,17,0,meteor/meteor
afc1545860e5fc86,16,5,5,0,11,0,0,11,0,0.3125,1,5,0,5,1,meteor/meteor
d83c497565e3eea3,339,115,109,15,224,16,15,224,24,0.22713864306784662,0,97,27,64,1,meteor/meteor
6a5832d40a610c3d,8,0,0,0,8,0,0,8,0,0.0,0,0,0,0,0,meteor/meteor
9f9377a5065eab66,180,0,0,0,180,33,0,180,40,0.0,0,0,0,0,0,meteor/meteor
7f9e80ea3888cc17,6,0,0,0,6,0,0,6,0,0.0,0,0,0,0,0,meteor/meteor
2f5ccf363d074ba9,112,69,60,17,43,12,17,43,12,0.24107142857142855,0,56,23,42,1,meteor/meteor
179b2262bd27aa9e,31,0,0,0,31,0,0,31,22,0.0,0,0,0,0,0,meteor/meteor
2d0ef53ad1e7cfc4,37,0,0,0,37,0,0,37,22,0.0,0,0,0,0,0,meteor/meteor
f9cbe6bfd2064f94,97,0,0,0,97,0,0,97,0,0.0,0,0,0,0,0,meteor/meteor
f8cd0fc9fbbb8070,61,4,4,0,57,0,0,57,1,0.06557377049180328,0,4,1,1,0,EFForg/rayhunter
abdde50129192bbc,315,0,0,0,315,9,0,315,20,0.003174603174603176,0,0,0,0,0,EFForg/rayhunter
d3a256e7abf16a03,12,2,2,0,10,0,2,10,0,0.16666666666666669,1,2,2,2,1,EFForg/rayhunter
05628a575a926e3a,165,59,52,1,106,4,1,106,7,0.3515151515151515,0,48,1,3,0,EFForg/rayhunter
5a4c030749608304,750,6,6,0,744,10,0,744,38,0.008000000000000004,0,5,1,1,0,EFForg/rayhunter
d1c2185f122d71ad,526,356,344,206,170,1,206,170,1,0.26615969581749055,0,306,202,204,1,EFForg/rayhunter
228bd8715023db25,105,10,8,0,95,0,1,95,1,0.09523809523809522,0,6,2,2,0,EFForg/rayhunter
da4ee170bb582567,55,5,4,0,50,10,0,50,13,0.0909090909090909,0,4,0,1,0,EFForg/rayhunter
e58dc9b1d824ea03,33,11,11,1,22,8,3,22,8,0.15151515151515152,0,8,6,7,1,EFForg/rayhunter
6239915357f99c5d,17,2,2,1,15,0,2,15,0,0.05882352941176471,0,2,2,2,0,EFForg/rayhunter
622fd265ab6fbc5a,393,17,17,0,376,6,0,376,9,0.05597964376590328,0,12,0,1,0,EFForg/rayhunter
3894b6cfd95b8170,373,36,35,0,337,16,0,337,23,0.10700798524027785,0,28,1,4,0,EFForg/rayhunter
61798fba9ba44992,109,15,13,0,94,0,0,94,0,0.13744319643316472,0,11,1,1,0,EFForg/rayhunter
1e194ed25a7289cf,183,27,27,3,156,8,3,156,11,0.15300546448087435,0,17,0,0,0,EFForg/rayhunter
7a43029538a60c97,115,0,0,0,115,0,0,115,0,0.0,0,0,0,0,0,EFForg/rayhunter
06bed7db2b61ad28,169,25,20,2,144,7,4,144,8,0.10650887573964497,0,18,5,5,0,EFForg/rayhunter
8f99d8793a7cf91a,1,0,0,0,1,0,0,1,0,0.0,0,0,0,0,0,EFForg/rayhunter
93e247b01232cfd2,18,3,3,0,15,0,0,15,0,0.16666666666666663,0,3,0,0,0,EFForg/rayhunter
41804119acdb1842,16,13,13,13,3,0,13,3,0,0.0,0,13,13,13,1,musescore/MuseScore
993bdbc0d091582b,333,240,175,175,93,0,145,93,1,0.0,0,152,152,152,1,musescore/MuseScore
c6b098646bf32c64,46,44,28,28,2,0,28,2,0,0.0,0,28,28,28,1,musescore/MuseScore
7daf644488d49cf2,1033,0,0,0,1033,4,0,1033,82,0.0,0,0,0,0,0,musescore/MuseScore
3255679bae302db8,2891,1969,1669,1350,922,44,1347,922,68,0.09218859534059579,0,1404,1083,1162,1,musescore/MuseScore
aad69a27cabbdd7f,64,54,48,48,10,0,33,10,0,0.0,0,37,37,37,1,musescore/MuseScore
3c3b5f51688296fa,144,141,112,112,3,0,99,3,0,0.0,0,91,91,91,1,musescore/MuseScore
253a20967e3a3255,57,57,44,44,0,0,44,0,0,0.0,0,44,44,44,1,musescore/MuseScore
ebc2e207d007b8d1,1776,858,667,522,918,28,457,918,46,0.09050212749192343,0,571,427,494,1,musescore/MuseScore
b7e03729e5b7776b,107,17,17,17,90,0,17,90,0,0.0,0,8,8,8,0,musescore/MuseScore
80ddbf4eb8600d5f,2988,1686,1307,785,1302,72,766,1302,137,0.09104328795125174,0,1133,591,643,1,musescore/MuseScore
a2a3e89330e9b9b1,27,27,6,6,0,0,6,0,0,0.0,0,6,6,6,0,musescore/MuseScore
3bddd89986fabb4d,2328,1943,1764,605,385,1,597,385,1,0.00042955326460484416,0,1745,1745,1745,1,musescore/MuseScore
35adc886b1314ad3,92,92,62,62,0,0,62,0,0,0.0,0,59,59,59,1,musescore/MuseScore
c1f4c031316d867a,649,649,638,638,0,0,638,0,0,0.0,0,638,638,638,1,musescore/MuseScore
6c998ecfa87e6452,1250,1249,1241,1241,1,0,902,1,0,0.0,0,1220,1220,1220,1,musescore/MuseScore
d9a186cba3be594a,567,274,220,190,293,15,190,293,21,0.07127785794452463,0,178,145,159,1,musescore/MuseScore
fef85e5e5da30eb7,69,63,41,34,6,0,26,6,0,0.08695652173913043,0,41,34,41,1,musescore/MuseScore
97c3a5ed8e8315d2,81,58,38,34,23,6,25,23,8,0.0,0,27,27,27,1,musescore/MuseScore
2fab1db3cdc9caab,192,192,169,169,0,0,169,0,0,0.0,0,168,168,168,1,musescore/MuseScore
3c50a91c95145de0,1935,1793,1509,1503,142,1,1423,142,1,0.0,0,1125,1125,1125,1,musescore/MuseScore
0ca5f83a5081b0fd,436,436,293,284,0,0,284,0,0,0.0,0,291,291,291,1,musescore/MuseScore
292d078bf25fb1c3,559,544,421,421,15,0,406,15,0,0.0,0,269,269,269,1,musescore/MuseScore
dcbf17d1aae09146,66,58,42,42,8,0,26,8,0,0.0,0,33,33,33,1,musescore/MuseScore
4ecac27fe7872a83,92,92,62,19,0,0,60,0,0,0.0,0,59,59,59,1,musescore/MuseScore
89feb48483e76d16,18,1,0,0,17,0,0,17,0,0.0,0,0,0,0,0,jart/cosmopolitan
a1d7e9945b8533ca,34,1,1,0,33,0,0,33,0,0.029411764705882356,0,1,0,0,0,jart/cosmopolitan
ac4afb803363fa34,42,1,1,0,41,0,0,41,0,0.023809523809523822,0,1,0,0,0,jart/cosmopolitan
09c87cb1980d6c32,18,1,0,0,17,0,0,17,0,0.0,0,0,0,0,0,jart/cosmopolitan
980f971ba13ddfbb,37,1,1,0,36,0,0,36,0,0.027027027027027,0,1,0,0,0,jart/cosmopolitan
33f9db9289856fdf,42,1,1,0,41,0,0,41,0,0.023809523809523822,0,1,0,0,0,jart/cosmopolitan
2c35b45a96d91146,12,0,0,0,12,0,0,12,0,0.0,0,0,0,0,0,jart/cosmopolitan
b0dbda326b7e115f,85,3,1,0,82,0,0,82,0,0.01176470588235292,0,1,0,0,0,jart/cosmopolitan
66741434287810c5,45,1,1,0,44,0,0,44,0,0.02222222222222224,0,1,0,0,0,jart/cosmopolitan
73e3b24e9992026e,47,1,1,0,46,0,0,46,26,0.021276595744680868,0,1,0,0,0,jart/cosmopolitan
49f8172f670ae889,32,1,1,0,31,0,0,31,0,0.03125,0,1,0,0,0,jart/cosmopolitan
49e90beb7a7e96ae,260,1,0,0,259,0,0,259,0,0.0,0,0,0,0,0,jart/cosmopolitan
2aa2d3a98a032f7a,26,1,1,0,25,0,0,25,0,0.03846153846153845,0,1,0,0,0,jart/cosmopolitan
4fa68e932d13fd62,33,2,1,0,31,0,0,31,0,0.03030303030303029,0,1,0,0,0,jart/cosmopolitan
32c254c364531efa,28,1,1,0,27,0,0,27,0,0.035714285714285705,0,1,0,0,0,jart/cosmopolitan
aa2ddf12596c0299,57,1,1,0,56,0,0,56,0,0.017543859649122834,0,1,0,0,0,jart/cosmopolitan
628cc9da29c5ae60,28,1,1,0,27,0,0,27,0,0.035714285714285705,0,1,0,0,0,jart/cosmopolitan
37f20391905d1fd5,28,1,1,0,27,0,0,27,0,0.035714285714285705,0,1,0,0,0,jart/cosmopolitan
2e4a7bcee71ef32b,92,1,1,0,91,0,0,91,0,0.010869565217391328,0,1,0,0,0,jart/cosmopolitan
c784667066ab3607,43,1,1,0,42,0,0,42,0,0.023255813953488393,0,1,0,0,0,jart/cosmopolitan
67a200803c55e70d,103,0,0,0,103,0,0,103,0,0.0,0,0,0,0,0,jart/cosmopolitan
72434063a688a69b,89,4,3,0,85,0,0,85,0,0.03370786516853931,0,3,0,0,0,jart/cosmopolitan
688622ef54183b71,41,1,1,0,40,0,0,40,0,0.024390243902439036,0,1,0,0,0,jart/cosmopolitan
e09d9d409b96b9f0,10,4,4,4,6,0,4,6,0,0.0,0,4,4,4,0,jart/cosmopolitan
3f15514c8ace5aac,42,1,1,0,41,1,0,41,1,0.047619047619047644,0,1,0,0,0,jart/cosmopolitan
d92cc5f676af2a55,827,46,43,7,781,14,7,781,28,0.048367593712212775,0,39,7,13,0,angr/angr
e98dab03e52b4b26,2613,0,0,0,2613,6,0,2613,14,0.0,0,0,0,0,0,angr/angr
ed53386aca3aa836,31,1,1,0,30,0,0,30,0,0.032258064516129045,0,1,0,0,0,angr/angr
7fa2e2d6d340a631,49,0,0,0,49,0,0,49,1,0.0,0,0,0,0,0,angr/angr
819303ceed3e6d2c,243,12,12,3,231,2,1,231,82,0.037037037037037035,0,10,2,2,0,angr/angr
7757dde7cb130ace,132,15,15,4,117,2,2,117,4,0.08333333333333336,0,13,4,6,0,angr/angr
426ea5b9e7e162db,311,19,16,0,292,34,2,292,110,0.06109324758842441,0,16,0,7,0,angr/angr
27ce6a8ea560b189,86,12,12,5,74,0,5,74,1,0.08139534883720931,0,12,5,11,0,angr/angr
6148322a7f619156,55,14,11,0,41,0,0,41,0,0.2545454545454546,0,9,0,1,0,angr/angr
3af6568f157866c6,14,2,1,1,12,0,1,12,0,0.07142857142857147,0,1,1,1,0,angr/angr
699781abdd032f49,554,215,146,4,339,1,6,339,2,0.38086642599277976,0,141,4,35,0,angr/angr
445b23565fab4b6d,142,37,33,0,105,18,0,105,39,0.34507042253521125,0,24,0,0,0,angr/angr
42350922dd070a45,91,12,10,1,79,0,1,79,1,0.12087912087912087,0,8,1,1,0,angr/angr
8ec1d4f7888f45a4,106,15,11,2,91,0,2,91,0,0.12264150943396224,0,11,2,9,0,angr/angr
b6087b0ddc2695a8,24,2,1,1,22,0,1,22,0,0.0,0,1,1,1,0,angr/angr
240aa8ed39b200ce,25,4,3,1,21,3,0,21,3,0.24,0,3,1,3,0,angr/angr
daf659022658dc4a,58,7,5,1,51,0,1,51,0,0.10344827586206892,0,4,1,2,0,angr/angr
26a696474322cd18,95,5,5,4,90,0,4,90,1,0.0105263157894737,0,5,4,5,0,angr/angr
aca93030584193ed,18,0,0,0,18,0,0,18,0,0.0,0,0,0,0,0,angr/angr
e38a888f3ff5f7a9,19,3,2,1,16,0,1,16,0,0.10526315789473685,1,2,1,2,0,angr/angr
dce516094bb5145a,51,1,1,1,50,16,1,50,16,0.17647058823529416,0,1,1,1,0,angr/angr
9e9bb0e51492d9d3,104,2,2,1,102,1,1,102,16,0.009615384615384616,0,2,1,1,0,angr/angr
94f37e2f54321430,49,6,6,1,43,0,1,43,0,0.10204081632653061,0,6,1,1,0,angr/angr
16465e3eb94416a7,74,6,3,1,68,9,1,68,9,0.06756756756756753,0,3,1,2,0,angr/angr
67829f478061a572,12,2,1,1,10,0,1,10,0,0.08333333333333337,0,1,1,1,0,angr/angr
cb81210c4fb4f07d,163,43,43,43,120,0,35,120,0,0.0,0,43,43,43,0,espressif/esptool
251a29a3a68cbb56,9,9,0,0,0,0,0,0,0,0.0,0,0,0,0,0,espressif/esptool
cee5917338ad4800,307,9,3,0,298,72,1,298,73,0.017272415566603822,0,3,1,1,0,espressif/esptool
901928c284677fae,402,15,14,14,387,0,14,387,0,0.0,0,9,9,9,0,espressif/esptool
2001e8e8812f6813,175,67,61,61,108,0,61,108,0,0.0,0,61,61,61,0,espressif/esptool
4289fa9a1b9f5c2b,96,0,0,0,96,0,0,96,0,0.0,0,0,0,0,0,espressif/esptool
f36a4285d116d01c,308,10,7,0,298,0,4,298,4,0.032467532467532444,0,7,4,4,0,espressif/esptool
90c58c9570d7eb1c,469,0,0,0,469,1,0,469,8,0.0,0,0,0,0,0,espressif/esptool
8364a20be329dfec,304,25,18,2,279,0,4,279,4,0.07236842105263158,0,18,4,4,0,espressif/esptool
cd802b2592848f9e,154,3,2,0,151,0,0,151,5,0.019480519480519452,0,2,0,0,0,espressif/esptool
6bbcbc99c9f147d5,231,2,2,0,229,0,2,229,4,0.008658008658008635,0,2,2,2,0,espressif/esptool
d5b85ebeca85840f,37,1,1,1,36,0,1,36,12,0.0,0,0,0,0,0,espressif/esptool
704ab04a81ce2592,67,15,15,15,52,0,14,52,0,0.0,0,15,15,15,0,espressif/esptool
c75f588ecdaa8bbe,18,1,1,1,17,0,1,17,0,0.0,0,1,1,1,0,espressif/esptool
61eac7351f282651,5,0,0,0,5,0,0,5,0,0.0,0,0,0,0,0,espressif/esptool
6a101ef328b795f2,91,13,0,0,78,0,0,78,0,0.0,0,0,0,0,0,espressif/esptool
d96254d5b6691d30,304,10,5,0,294,70,3,294,74,0.021004546249344322,0,5,3,3,0,espressif/esptool
84f505da6ee5792a,90,16,16,16,74,0,13,74,0,0.0,0,16,16,16,0,espressif/esptool
e3ee3c7a742c2bae,319,38,27,1,281,6,3,281,10,0.1158755038065383,0,26,2,2,0,espressif/esptool
5c9ba3cd3f65eb3f,167,1,1,0,166,0,1,166,4,0.0059880239520958035,0,1,1,1,0,espressif/esptool
5bc9c04d104a1b14,37,7,5,0,30,0,0,30,0,0.13513513513513517,0,5,0,1,0,espressif/esptool
ffe56390bdf1cb2f,175,18,18,18,157,0,18,157,0,0.0,0,14,14,14,0,espressif/esptool
c4167e66783418a3,190,3,1,0,187,1,1,187,1,0.014277715565509524,0,1,1,1,0,espressif/esptool
a8d8a380d5c3a827,317,37,31,2,280,1,4,280,4,0.11034923468611485,0,29,4,4,0,espressif/esptool
b2d0cd795d3bf0e5,128,0,0,0,128,0,0,128,0,0.0,0,0,0,0,0,espressif/esptool
f791b9a1fff39254,3,0,0,0,3,0,0,3,0,0.0,0,0,0,0,0,eza-community/eza
2e9d962a08321605,164,1,0,0,163,2,0,163,11,0.006022744276522506,0,0,0,0,0,eza-community/eza
1877896ccd06efdc,10,0,0,0,10,0,0,10,0,0.0,0,0,0,0,0,eza-community/eza
e1ae6c9ff85d38e3,2,2,0,0,0,0,0,0,0,0.0,0,0,0,0,0,eza-community/eza
30fd984dfba3b0e1,2,2,0,0,0,0,0,0,0,0.0,0,0,0,0,0,eza-community/eza
da08e1d9cf4734a4,10,9,0,0,1,0,0,1,0,0.0,0,0,0,0,0,eza-community/eza
a525ee9daa6d9f3d,2,2,0,0,0,0,0,0,0,0.0,0,0,0,0,0,eza-community/eza
c32157b5d1b6f7ef,10,0,0,0,10,0,0,10,0,0.0,0,0,0,0,0,eza-community/eza
7f50963b8074d6bc,11,0,0,0,11,0,0,11,0,0.0,0,0,0,0,0,eza-community/eza
f1358db07661813c,2,2,0,0,0,0,0,0,0,0.0,0,0,0,0,0,eza-community/eza
1f251c58341812a8,4213,0,0,0,4213,0,0,4213,9,0.0,0,0,0,0,0,eza-community/eza
af6239e5611b1a57,2,2,0,0,0,0,0,0,0,0.0,0,0,0,0,0,eza-community/eza
4ae09f0449300789,2,2,0,0,0,0,0,0,0,0.0,0,0,0,0,0,eza-community/eza
9d93cbd26d76ff37,37,0,0,0,37,14,0,37,14,0.0,0,0,0,0,0,eza-community/eza
604b95a350cf62e4,2,2,0,0,0,0,0,0,0,0.0,0,0,0,0,0,eza-community/eza
fe00fc54d9d899eb,2,2,0,0,0,0,0,0,0,0.0,0,0,0,0,0,eza-community/eza
78f98376abb52cf6,10,9,0,0,1,0,0,1,0,0.0,0,0,0,0,0,eza-community/eza
1220207ba0c1a5bd,2164,10,0,0,2154,2146,0,2154,2146,0.0,0,0,0,0,0,eza-community/eza
4a03e1b7ecedae07,34,6,3,0,28,0,0,28,0,0.1764705882352941,0,3,1,1,0,eza-community/eza
b3bd4d459ace56d6,4213,0,0,0,4213,0,0,4213,9,0.0,0,0,0,0,0,eza-community/eza
52c0f3d0f35fd80a,2,2,0,0,0,0,0,0,0,0.0,0,0,0,0,0,eza-community/eza
f0efb6ffd3c741b6,2,2,0,0,0,0,0,0,0,0.0,0,0,0,0,0,eza-community/eza
347f2a3560360135,2,2,0,0,0,0,0,0,0,0.0,0,0,0,0,0,eza-community/eza
9f7d446bea00fa2a,2,2,0,0,0,0,0,0,0,0.0,0,0,0,0,0,eza-community/eza
a116f55e86dea96d,2,2,0,0,0,0,0,0,0,0.0,0,0,0,0,0,eza-community/eza
0a438830247e2e92,20,7,7,6,13,0,6,13,2,0.05,0,6,5,5,1,orhun/git-cliff
34ba675ac6afd7a4,50,36,36,35,14,0,35,14,0,0.02000000000000001,0,23,22,22,1,orhun/git-cliff
4079b32a57bc47b5,78,60,59,57,18,0,57,18,0,0.02564102564102562,0,50,48,48,1,orhun/git-cliff
a947c9d2523f34e5,16,4,2,0,12,0,1,12,0,0.1708333333333333,0,2,1,1,0,orhun/git-cliff
bbedcd3b835e2aa3,363,225,224,215,138,32,191,138,35,0.0,0,188,188,188,1,orhun/git-cliff
fb8ea8d3a2eea059,1621,876,808,752,745,45,588,745,250,0.014186106731860363,0,644,625,625,1,orhun/git-cliff
3f80abb814a55760,47,33,33,33,14,0,33,14,0,0.0,0,26,26,26,1,orhun/git-cliff
d6715128f2b8aa1f,825,412,374,358,413,6,351,413,36,0.006060606060606064,0,320,315,315,1,orhun/git-cliff
1e999f899193674d,26,8,8,7,18,1,7,18,3,0.03846153846153845,0,8,7,7,1,orhun/git-cliff
26d62ab23081d155,424,129,117,112,295,3,112,295,16,0.0047169811320754715,0,95,93,93,1,orhun/git-cliff
cf8bc31787ec4662,992,578,526,444,414,15,388,414,19,0.010080645161290303,0,416,406,406,1,orhun/git-cliff
f704310aeff09609,97,30,30,30,67,1,30,67,9,0.0,0,21,21,21,0,orhun/git-cliff
289f0398791db3a8,1424,820,703,584,604,23,575,604,108,0.025976730597645412,0,563,433,435,1,orhun/git-cliff
12f64353fb3d8cb4,688,242,236,196,446,4,198,446,21,0.02470930232558138,0,176,163,164,1,orhun/git-cliff
b803fcb7f17ed923,275,1,1,0,274,0,0,274,20,0.0036363636363636203,0,1,0,0,0,orhun/git-cliff
56d2e9b48d9c6d1f,2609,1478,1467,1399,1131,36,912,1131,328,0.00881563817554618,0,1137,1108,1108,1,orhun/git-cliff
df567e9f31214fa9,299,30,29,28,269,12,28,269,25,0.0,0,18,18,18,0,orhun/git-cliff
f30ef6c50ba991a3,34,13,13,13,21,0,0,21,8,0.0,0,12,12,12,1,orhun/git-cliff
9d830e0be5fc2013,284,156,155,146,128,0,137,128,6,0.03169014084507041,0,128,119,119,1,orhun/git-cliff
7e2e8b05deae8a95,288,79,74,70,209,0,69,209,17,0.006944444444444444,0,58,56,56,1,orhun/git-cliff
9485ca7c1f87a0d5,209,24,18,18,185,6,18,185,6,0.004784688995215311,0,13,13,13,0,orhun/git-cliff
2b1bde2cf3a858b7,2,2,0,0,0,0,0,0,0,0.0,0,0,0,0,0,orhun/git-cliff
804180bd3aa987c3,301,237,237,230,64,0,212,64,2,0.023255813953488393,0,194,187,187,1,orhun/git-cliff
a9ca597c71fe138c,309,91,84,81,218,2,77,218,17,0.006472491909385113,0,66,64,64,1,orhun/git-cliff
1c527f230d9fe61c,2072,981,909,829,1091,111,759,1091,217,0.013513513513513525,0,743,716,718,1,orhun/git-cliff
ab60e5bb48010338,257,4,0,0,253,39,0,253,54,0.0,0,0,0,0,0,mozilla/pdf.js
d74fb28b745d1c5b,368,12,11,2,356,32,1,356,46,0.05706521739130436,0,10,1,10,0,mozilla/pdf.js
6a6274d99060a7de,557,132,0,0,425,0,0,425,59,0.0,0,0,0,0,0,mozilla/pdf.js
8bc40768251053ea,1356,95,90,0,1261,324,0,1261,392,0.10518272092303804,1,84,2,15,0,mozilla/pdf.js
a28a041ef19e03ee,2035,77,0,0,1958,145,0,1958,480,0.027128254561882916,0,0,0,0,0,mozilla/pdf.js
b3ccd24f3392344e,497,7,0,0,490,38,0,490,65,0.0,0,0,0,0,0,mozilla/pdf.js
148dd18f1e2ce2f7,857,29,25,15,828,22,15,828,93,0.02533560889431728,0,21,11,21,0,mozilla/pdf.js
6dd37f6e29a40152,686,82,0,0,604,0,0,604,77,0.00082994615990299,0,0,0,0,0,mozilla/pdf.js
e19e84a4a59becba,324,0,0,0,324,8,0,324,23,0.0,0,0,0,0,0,mozilla/pdf.js
4748c83592581d85,471,0,0,0,471,151,0,471,170,0.0,0,0,0,0,0,mozilla/pdf.js
cd7fa352e8735817,401,39,2,0,362,132,0,362,151,0.0748129675810474,0,2,0,1,0,mozilla/pdf.js
b64f884eb3a112be,301,242,7,0,59,12,0,59,26,0.8039867109634551,1,6,0,6,0,mozilla/pdf.js
3c77ad41c8378e1b,46,2,0,0,44,0,0,44,13,0.0,0,0,0,0,0,mozilla/pdf.js
bbfa425a29357467,556,54,48,0,502,78,0,502,118,0.08273381294964027,0,44,0,2,0,mozilla/pdf.js
e8e0de1ac5c3df26,93,2,2,0,91,5,0,91,24,0.021505376344086016,0,1,0,1,0,mozilla/pdf.js
2954b14926a0f825,3057,3,3,0,3054,0,0,3054,0,0.0032711808963035967,0,3,0,3,0,mozilla/pdf.js
d1047e1376717fbe,1832,6,5,0,1826,110,0,1826,368,0.002729257641921403,0,5,0,0,0,mozilla/pdf.js
23ad6aff14f33e5d,797,49,12,0,748,34,0,748,146,0.024600732646923414,0,9,0,4,0,mozilla/pdf.js
5c5dda3e32d41ee2,202,4,0,0,198,0,0,198,18,0.0,0,0,0,0,0,mozilla/pdf.js
e2d40a65b0f10151,460,39,14,3,421,164,3,421,191,0.0782608695652174,0,11,3,6,0,mozilla/pdf.js
1ca289b298a64ee4,87,5,1,0,82,2,0,82,18,0.011494252873563211,0,1,0,1,0,mozilla/pdf.js
73a7d133cef0fa46,385,15,3,0,370,75,0,370,97,0.01558441558441559,0,2,0,1,0,mozilla/pdf.js
b166eae766e0c30a,363,6,0,0,357,16,0,357,50,0.0,0,0,0,0,0,mozilla/pdf.js
97c3578d396496bd,90,4,0,0,86,0,0,86,15,0.0,0,0,0,0,0,mozilla/pdf.js
a56e7f1db8c5807a,550,29,2,0,521,85,0,521,103,0.05454545454545456,0,1,0,0,0,mozilla/pdf.js
158d9911a9efb320,46,1,1,0,45,14,0,45,14,0.15217391304347827,0,1,0,1,0,ApeWorX/web3.py
b581e1e3d3d316d0,629,37,35,0,592,20,0,592,159,0.060124295418413076,0,34,0,11,0,ApeWorX/web3.py
a3910a8277da7279,92,1,0,0,91,11,0,91,11,0.03260869565217392,0,0,0,0,0,ApeWorX/web3.py
0402be2c0881395d,227,27,26,0,200,0,0,200,8,0.11876729952048656,0,24,0,13,0,ApeWorX/web3.py
e194878341b46ecf,22,1,1,0,21,0,0,21,0,0.04545454545454544,1,1,0,1,1,ApeWorX/web3.py
df2930613522998b,410,44,44,0,366,0,0,366,16,0.10731707317073169,0,39,0,7,0,ApeWorX/web3.py
c684b214ca53fc68,933,86,46,5,847,19,5,847,51,0.05317993903202907,1,42,5,28,1,ApeWorX/web3.py
77ddad41ed3f9b91,46,10,10,2,36,0,2,36,0,0.17391304347826086,1,4,2,4,1,ApeWorX/web3.py
8e1d890183ccec5d,230,47,47,0,183,0,0,183,4,0.20434782608695654,0,42,0,33,0,ApeWorX/web3.py
a74c99eb651b5511,164,40,17,0,124,0,0,124,12,0.10653897950022449,0,16,0,11,0,ApeWorX/web3.py
f15b145cdf70ebb9,9,0,0,0,9,0,0,9,1,0.0,0,0,0,0,0,ApeWorX/web3.py
534097282fe9ae31,590,67,51,0,523,7,0,523,14,0.09300126830393175,0,44,0,31,0,ApeWorX/web3.py
1d14ff5deb66bba8,80,4,4,1,76,1,1,76,7,0.04636075949367091,0,3,0,2,0,ApeWorX/web3.py
186466ddd5b87ff2,216,8,8,0,208,19,0,208,26,0.037037037037037035,0,8,0,5,0,ApeWorX/web3.py
c473cbb4ff9e3ac6,189,14,1,0,175,11,0,175,16,0.04579755399427533,0,1,0,0,0,ApeWorX/web3.py
423ed03a4242619f,273,25,22,8,248,2,8,248,31,0.05128205128205128,0,19,8,16,0,ApeWorX/web3.py
1403dbb9e1b1a589,44,20,0,0,24,0,0,24,0,0.0,0,0,0,0,0,ApeWorX/web3.py
613e9c60982fdf1c,247,72,68,0,175,2,2,175,61,0.2892987454390963,1,46,0,15,1,ApeWorX/web3.py
763caa2ae61dbdf6,642,239,222,11,403,0,16,403,129,0.3330704828660436,1,164,11,52,1,ApeWorX/web3.py
fbea856129aed810,233,50,47,1,183,1,1,183,5,0.21326294200311444,0,38,0,14,0,ApeWorX/web3.py
7b57d7605f6aa53c,69,5,5,0,64,0,0,64,0,0.07246376811594199,0,2,0,0,0,ApeWorX/web3.py
87c770fac0d711b2,169,24,9,0,145,7,0,145,14,0.062183325656379546,0,8,0,8,0,ApeWorX/web3.py
f34808aecc10cea4,372,6,2,0,366,18,0,366,53,0.005376344086021503,0,1,0,0,0,ApeWorX/web3.py
e71d109dbf212067,288,21,17,0,267,23,0,267,56,0.08329703832752612,0,16,0,13,0,ApeWorX/web3.py
8a8629f1f476cdd3,291,17,15,0,274,5,0,274,16,0.057919832578270866,0,15,0,11,0,ApeWorX/web3.py
3ed839a0023e93c7,56,17,11,9,39,4,9,39,4,0.01590909090909092,0,3,1,1,1,OpenRCT2/OpenRCT2
cd89c155fd68024d,37,11,4,3,26,1,3,26,1,0.01801801801801802,0,3,2,2,0,OpenRCT2/OpenRCT2
43d385046c80b031,108,71,55,44,37,0,42,37,1,0.017739702319141574,0,52,46,46,1,OpenRCT2/OpenRCT2
b06a60e1ed910c5e,470,0,0,0,470,106,0,470,120,0.0,0,0,0,0,0,OpenRCT2/OpenRCT2
8044a42a6b287fae,254,0,0,0,254,0,0,254,14,0.0,0,0,0,0,0,OpenRCT2/OpenRCT2
4730257e2a4c48f8,259,0,0,0,259,13,0,259,20,0.0,0,0,0,0,0,OpenRCT2/OpenRCT2
35640eeaaddfe5ad,307,2,2,0,305,152,0,305,161,0.006514657980456029,0,2,0,0,0,OpenRCT2/OpenRCT2
f5b401e372006027,80,11,8,7,69,9,7,69,9,0.020512820512820502,0,7,6,6,0,OpenRCT2/OpenRCT2
49f8954509b3f209,1768,136,127,44,1632,187,44,1632,269,0.0022624434389140234,0,65,5,5,0,OpenRCT2/OpenRCT2
a06e1f83f326da58,220,91,53,34,129,25,33,129,25,0.00888335408883352,0,52,26,26,1,OpenRCT2/OpenRCT2
d9c4f73f27560743,633,2,2,0,631,367,0,631,377,0.003159557661927326,0,2,0,0,0,OpenRCT2/OpenRCT2
e7ca73d15778d5b9,4409,2279,1450,761,2130,689,754,2130,714,0.006896913649295921,0,1230,549,550,0,OpenRCT2/OpenRCT2
271b7b1b7b1eb525,897,1,1,0,896,721,0,896,773,0.0011148272017837255,0,1,1,1,0,OpenRCT2/OpenRCT2
cb6f36429662a3b3,479,2,2,0,477,251,0,477,249,0.004175365344467656,0,2,0,0,0,OpenRCT2/OpenRCT2
30c406165e183bf1,58,0,0,0,58,0,0,58,9,0.0,0,0,0,0,0,OpenRCT2/OpenRCT2
95095852d8e57b8c,65,2,1,0,63,0,0,63,1,0.030288461538461514,0,1,0,0,0,OpenRCT2/OpenRCT2
f91f1ea7bcb03f96,306,60,23,13,246,49,13,246,54,0.006375227686703103,0,15,7,7,0,OpenRCT2/OpenRCT2
c409adac12655fbd,36,14,12,10,22,2,10,22,2,0.08253968253968255,0,9,7,7,1,OpenRCT2/OpenRCT2
c249868ba24638ae,311,198,124,71,113,12,72,113,14,0.022435432009127686,0,112,41,41,1,OpenRCT2/OpenRCT2
3125c331e50f419b,1289,4,4,0,1285,620,0,1285,620,0.0031031807602792906,0,4,0,0,0,OpenRCT2/OpenRCT2
babcb439d64f738c,195,18,5,4,177,41,4,177,47,0.005128205128205147,0,2,2,2,0,OpenRCT2/OpenRCT2
4d011ab8c9ee9c5c,416,1,1,0,415,221,0,415,235,0.0024038461538461566,0,1,0,0,0,OpenRCT2/OpenRCT2
c42deb62ae69bc48,239,5,2,1,234,0,1,234,3,0.01609814906744201,0,2,1,1,0,OpenRCT2/OpenRCT2
547cebe219ef124f,207,0,0,0,207,2,0,207,14,0.0,0,0,0,0,0,OpenRCT2/OpenRCT2
ef88396a5925c0b1,68,0,0,0,68,7,0,68,10,0.0,0,0,0,0,0,OpenRCT2/OpenRCT2
5de213e42d02343e,657,3,3,0,654,25,1,654,41,0.0045662100456621,0,3,1,1,0,mlflow/mlflow
ac90aa262e8ef372,2240,5,4,0,2235,127,0,2235,321,0.0022291520449180292,0,4,1,1,0,mlflow/mlflow
4a5ced1d3d8ee6a1,99,7,6,0,92,3,4,92,8,0.0701917130488559,0,6,5,6,0,mlflow/mlflow
8f967346baa895e2,533,30,24,0,503,80,1,503,122,0.20398561838791832,0,22,2,2,0,mlflow/mlflow
40fcc3a9741a085c,1780,44,37,0,1736,141,3,1736,344,0.021161259336964874,0,32,9,15,0,mlflow/mlflow
5e72f29b7d4bc3e2,1053,102,96,7,951,23,19,951,161,0.08530759481329823,1,59,16,36,1,mlflow/mlflow
ee45120ef991391d,1405,42,42,0,1363,1,6,1363,167,0.03060498220640569,0,26,0,9,0,mlflow/mlflow
0d1f62efc65b619d,90,3,0,0,87,0,0,87,3,0.009090909090909077,0,0,0,0,0,mlflow/mlflow
c1f9b46054d84dce,1036,9,4,0,1027,129,2,1027,157,0.005744785028424916,0,4,4,4,0,mlflow/mlflow
4567db0b778cbe5e,35,1,0,0,34,0,0,34,0,0.02857142857142856,0,0,0,0,0,mlflow/mlflow
746fba7ff6468236,373,49,41,2,324,0,7,324,61,0.11858339847031579,1,29,3,6,1,mlflow/mlflow
d4d4c212087e05fa,430,3,1,0,427,0,0,427,28,0.004634899983737195,0,1,1,1,0,mlflow/mlflow
bf08db6c114a9704,725,3,2,0,722,1,0,722,55,0.004130310535340107,0,2,0,0,0,mlflow/mlflow
03536a6a796b2943,193,16,16,0,177,4,2,177,5,0.09326424870466321,0,14,2,2,0,mlflow/mlflow
347b287b64db3565,187,9,0,0,178,0,0,178,0,0.004162451221274793,0,0,0,0,0,mlflow/mlflow
ff72ba38cc9d4a57,142,9,8,0,133,17,1,133,20,0.15492957746478872,1,8,2,6,1,mlflow/mlflow
e1c1efc04fca475a,447,3,1,0,444,174,0,444,181,0.003701808769976208,1,1,1,1,0,mlflow/mlflow
c4e2fbe43b932bb5,243,37,31,0,206,0,0,206,151,0.14771587647404638,0,29,0,17,0,mlflow/mlflow
03a1238975448d2c,150,1,0,0,149,2,0,149,7,0.0,0,0,0,0,0,mlflow/mlflow
c1674bcf418f1cc5,154,0,0,0,154,12,0,154,13,0.0,0,0,0,0,0,mlflow/mlflow
d4696925439c1ea9,37,0,0,0,37,14,0,37,14,0.0,0,0,0,0,0,mlflow/mlflow
b1a67aa2bfb05459,202,2,2,0,200,0,0,200,44,0.009900990099009905,0,2,2,2,0,mlflow/mlflow
a29556c8963ea1b6,145,20,17,2,125,1,2,125,9,0.1021369596891695,0,13,5,6,0,mlflow/mlflow
5bf4b1bc0b3499b5,711,12,11,0,699,48,3,699,88,0.01671916166478479,0,11,4,8,1,mlflow/mlflow
f5b3e3e32b8b9b79,117,1,0,0,116,0,0,116,3,0.0,0,0,0,0,0,mlflow/mlflow
cb6903fe425d9cbc,171,49,48,2,122,5,2,122,6,0.2748538011695907,0,45,2,9,0,frappe/hrms
4fd01f25d7dce232,63,20,16,1,43,0,1,43,0,0.3005111649179446,0,12,0,2,0,frappe/hrms
a19d1a59f23f7937,3641,420,392,49,3221,69,47,3221,683,0.09901190607355771,0,309,57,117,0,frappe/hrms
912d84b4a404f354,7,1,1,0,6,0,0,6,0,0.14285714285714288,0,1,0,1,0,frappe/hrms
1b09e0cdce8a9896,26,15,14,1,11,0,1,11,0,0.5384615384615384,1,10,1,1,1,frappe/hrms
34f9ba276f3de616,11,6,6,1,5,0,1,5,0,0.4545454545454546,0,5,1,5,1,frappe/hrms
08bef502d8d33bea,24,0,0,0,24,0,0,24,0,0.0,0,0,0,0,0,frappe/hrms
881c172bd384640c,133,19,15,0,114,0,0,114,0,0.14285714285714285,1,12,0,7,1,frappe/hrms
7d4e9f31885979f0,117,0,0,0,117,1,0,117,5,0.0,0,0,0,0,0,frappe/hrms
9bd0b328592c83a0,51,23,23,0,28,0,12,28,0,0.45098039215686275,1,22,0,22,1,frappe/hrms
941a2ac7025ee333,71,24,23,0,47,0,0,47,6,0.323943661971831,0,20,0,19,0,frappe/hrms
4201c395ab7acbce,84,1,1,0,83,0,0,83,0,0.011904761904761883,0,1,0,0,0,frappe/hrms
471dd817fb33e43c,413,2,2,0,411,1,0,411,2,0.004842615012106494,0,2,0,0,0,frappe/hrms
f3cae1605db8274b,45,18,17,0,27,1,0,27,1,0.4,1,13,0,7,1,frappe/hrms
aed225bf05198377,19,13,13,5,6,0,5,6,0,0.42105263157894735,0,8,4,5,1,frappe/hrms
607eae098f0f1a91,6,2,2,0,4,0,0,4,0,0.33333333333333337,0,2,0,2,0,frappe/hrms
6c2ce71416bf931a,384,33,28,4,351,30,4,351,56,0.07812500000000001,0,23,4,8,0,frappe/hrms
d7d37eda0990aeef,281,36,22,3,245,37,4,245,52,0.05693950177935944,0,17,7,10,1,frappe/hrms
0733841e10272a15,332,6,5,0,326,0,0,326,8,0.014523350198376618,0,5,0,0,0,frappe/hrms
c2041ce6c2b604d7,118,27,27,11,91,1,10,91,18,0.14406779661016947,0,22,11,18,0,frappe/hrms
f01215959c371f9e,281,9,9,2,272,1,2,272,1,0.028469750889679703,0,5,1,4,0,frappe/hrms
4661b1a6a0b854cb,157,26,26,12,131,2,12,131,4,0.089171974522293,0,18,12,18,0,frappe/hrms
11550c2fe55d0b3d,454,57,50,8,397,18,9,397,33,0.10792951541850221,0,37,6,22,0,frappe/hrms
e014a3118a415f29,21,11,10,4,10,1,4,10,1,0.3333333333333333,1,8,4,8,1,frappe/hrms
801c58458dbf1e11,264,3,1,0,261,0,0,261,0,0.003773476206936281,0,1,0,0,0,frappe/hrms
0abb5852f8365e72,104,2,1,0,102,2,0,102,2,0.019230769230769232,0,1,0,0,0,curl/curl
3d78a8055593c62f,37,2,1,0,35,1,0,35,12,0.054054054054054015,0,1,0,0,0,curl/curl
25add644c48a9162,169,2,1,0,167,29,0,167,30,0.011834319526627191,0,1,0,0,0,curl/curl
8ec08c6b29897dd6,92,2,1,0,90,2,0,90,3,0.021739130434782594,0,1,0,0,0,curl/curl
fbf532d10d5e5418,46,2,1,0,44,2,0,44,13,0.04347826086956519,0,1,0,0,0,curl/curl
67c15a9684a0d3aa,377,2,1,0,375,4,0,375,10,0.005305039787798405,0,1,0,0,0,curl/curl
03ed439c27ef6162,97,2,1,0,95,1,0,95,4,0.020618556701030945,0,1,0,0,0,curl/curl
438c74a07816281f,472,2,1,0,470,47,0,470,58,0.004237288135593244,0,1,0,0,0,curl/curl
42b8d0a8b396feb8,73,2,1,0,71,0,0,71,0,0.027397260273972615,0,1,0,0,0,curl/curl
64a0a0820a314fc2,114,2,1,0,112,2,0,112,2,0.017543859649122813,0,1,0,0,0,curl/curl
0eefc6dce89ac73d,97,2,1,0,95,3,0,95,3,0.02061855670103095,0,1,0,0,0,curl/curl
8766c448e4b46317,131,2,1,0,129,2,0,129,2,0.015267175572519123,0,1,0,0,0,curl/curl
0ccff0f35a07b7c4,153,2,1,0,151,48,0,151,51,0.01307189542483657,0,1,0,0,0,curl/curl
3aa3e2c9ac5903df,172,2,1,0,170,9,0,170,18,0.011627906976744151,0,1,0,0,0,curl/curl
744d164dedf553a0,107,2,1,0,105,1,0,105,1,0.018691588785046745,0,1,0,0,0,curl/curl
95d44175af0354ad,41,2,1,0,39,0,0,39,0,0.04878048780487806,0,1,0,0,0,curl/curl
20248d6b25a04aad,59,2,1,0,57,0,0,57,0,0.03389830508474573,0,1,0,0,0,curl/curl
d8a455ef3bbbfa30,74,2,1,0,72,0,0,72,0,0.02702702702702703,0,1,0,0,0,curl/curl
77e6ce543f15ec64,72,2,1,0,70,0,0,70,0,0.02777777777777781,0,1,0,0,0,curl/curl
84a778a89cff2b0b,76,2,1,0,74,1,0,74,1,0.02631578947368423,0,1,0,0,0,curl/curl
46a15cd5e1ed3bea,73,2,1,0,71,6,0,71,24,0.027397260273972626,0,1,0,0,0,curl/curl
93c165955bbea3be,1059,2,1,0,1057,52,0,1057,202,0.0018885741265344867,0,1,0,0,0,curl/curl
8c945c0cba4d0451,64,2,1,0,62,1,0,62,3,0.031249999999999972,0,1,0,0,0,curl/curl
e26231cfa5e7468c,146,2,1,0,144,2,0,144,3,0.013698630136986321,0,1,0,0,0,curl/curl
66b92174a9a85440,76,2,1,0,74,1,0,74,4,0.026315789473684237,0,1,0,0,0,curl/curl
e38f3fec8ffb5268,180,13,12,0,167,0,0,167,3,0.07197392923649903,0,12,1,1,0,python-trio/trio
d75a589c43d48041,113,5,5,0,108,0,0,108,0,0.044247787610619475,0,4,0,0,0,python-trio/trio
d58d423a647bacc4,186,9,9,0,177,1,1,177,3,0.04838709677419354,0,7,1,2,0,python-trio/trio
dec295f89f184bf7,1253,21,17,0,1232,47,0,1232,59,0.014967116490367178,0,16,1,1,0,python-trio/trio
e4332a1e61993fb4,1372,56,55,0,1316,19,5,1316,45,0.03420020712254892,0,52,3,5,0,python-trio/trio
bcc7d49f6de99796,22,0,0,0,22,9,0,22,8,0.18181818181818182,0,0,0,0,0,python-trio/trio
ceb04c6be95d11d1,197,7,6,0,190,19,0,190,22,0.03545529887081738,0,6,2,6,0,python-trio/trio
9691b2b5fd7bb639,633,8,8,0,625,4,0,625,10,0.012638230647709284,0,8,0,6,0,python-trio/trio
826412081ab7326a,317,20,7,0,297,0,0,297,32,0.022082018927444803,0,7,0,1,0,python-trio/trio
5266a5dbbff7d609,570,7,7,0,563,2,0,563,5,0.012280701754385965,0,7,0,0,0,python-trio/trio
00180c17feb38e02,1128,9,9,0,1119,18,0,1119,48,0.007978723404255317,0,8,0,2,0,python-trio/trio
00e4133823bf6920,1326,85,80,0,1241,60,6,1241,104,0.06106719030137456,0,80,1,6,1,python-trio/trio
11f0c5aa069b7fc1,1015,20,20,0,995,12,0,995,33,0.021674876847290626,0,19,0,9,0,python-trio/trio
be5a638535daddaa,952,34,23,2,918,21,5,918,20,0.0258793390774031,0,15,5,6,0,python-trio/trio
00d997f218e94e61,225,15,13,0,210,0,0,210,4,0.06212301587301589,0,13,0,0,0,python-trio/trio
33c4c0f74804aea1,103,2,2,0,101,0,0,101,62,0.019417475728155335,0,2,0,0,0,python-trio/trio
577eb26efa2d1664,706,365,364,0,341,9,293,341,19,0.5183854700339541,1,363,335,335,1,python-trio/trio
893bee84fada7e88,682,10,10,0,672,4,1,672,13,0.014662756598240472,0,9,1,1,0,python-trio/trio
d73935401bba044c,419,27,24,0,392,4,5,392,13,0.05940893674846693,0,20,3,5,0,python-trio/trio
2cc7e509555417c6,75,2,2,0,73,4,0,73,4,0.026666666666666644,0,2,1,2,0,python-trio/trio
007ae9dec81f4d83,204,0,0,0,204,6,0,204,82,0.0,0,0,0,0,0,python-trio/trio
725372af96c0246c,389,12,10,0,377,0,0,377,13,0.025706940874035987,0,10,0,0,0,python-trio/trio
cf1beeab63e58e15,64,6,6,0,58,0,0,58,0,0.09375,0,6,0,0,0,python-trio/trio
23cab7fb6cfd7ea0,140,2,2,0,138,4,0,138,4,0.014285714285714261,0,2,0,0,0,python-trio/trio
f0ea005bede4b503,732,7,7,0,725,3,3,725,44,0.00956284153005462,0,7,2,2,0,python-trio/trio
60c437209280b44e,238,50,0,0,188,0,0,188,1,0.0,0,0,0,0,0,GoogleCloudPlatform/generative-ai
75a8e9b39ce3508a,82,7,7,6,75,0,6,75,0,0.012195121951219518,0,7,6,6,0,GoogleCloudPlatform/generative-ai
fe9a7c352a3b388f,323,68,0,0,255,0,0,255,0,0.006573646040968658,0,0,0,0,0,GoogleCloudPlatform/generative-ai
5c11c4e05b0e6812,861,25,13,0,836,0,0,836,0,0.02898675629865835,0,13,0,0,0,GoogleCloudPlatform/generative-ai
ca9871aefbf05179,784,778,736,734,6,0,734,6,0,0.002551020408163308,0,582,397,398,1,GoogleCloudPlatform/generative-ai
4fbfcae6954900f7,106,19,19,19,87,0,19,87,0,0.0,0,19,19,19,0,GoogleCloudPlatform/generative-ai
fc0fd63b34e3482b,851,769,578,539,82,0,540,82,1,0.05595216534907976,0,538,279,291,1,GoogleCloudPlatform/generative-ai
0bc7cf3c9b21ba34,1356,664,3,0,692,2,0,692,13,6.724587782769103e-05,0,3,0,0,0,GoogleCloudPlatform/generative-ai
ace48707e3d4ee2c,121,1,1,0,120,0,0,120,0,0.008264462809917342,0,1,0,0,0,GoogleCloudPlatform/generative-ai
eb6e521321d9edb8,21,1,1,0,20,0,0,20,0,0.047619047619047644,0,1,0,0,0,GoogleCloudPlatform/generative-ai
56afdcb39da06245,122,80,80,80,42,0,80,42,0,0.0,0,80,80,80,1,GoogleCloudPlatform/generative-ai
464aa78810e0f822,1229,954,741,605,275,8,616,275,11,0.051929105772374445,0,657,299,312,1,GoogleCloudPlatform/generative-ai
ca6340dfc51fdeaa,1155,23,12,0,1132,0,0,1132,0,0.0199050949050949,0,12,0,0,0,GoogleCloudPlatform/generative-ai
1f06f4669f3b8e9e,28,6,6,0,22,0,0,22,0,0.2142857142857143,1,5,0,5,1,GoogleCloudPlatform/generative-ai
7d3fe6fdd9b9b377,685,7,6,0,678,0,1,678,0,0.010218978102189764,0,5,1,2,0,GoogleCloudPlatform/generative-ai
1cab53446b27fbe8,740,29,17,0,711,680,0,711,680,0.04302049302049304,0,17,3,4,0,GoogleCloudPlatform/generative-ai
5a58f3b1807617a4,930,369,247,215,561,15,218,561,133,0.031070471644026376,0,217,90,95,0,GoogleCloudPlatform/generative-ai
79bbbe4166b6b6bf,1645,1598,1488,1486,47,0,1279,47,1,0.0012158054711245813,0,1208,844,848,1,GoogleCloudPlatform/generative-ai
919442c27bcecf95,122,19,1,0,103,0,0,103,0,0.008196721311475415,0,1,0,0,0,GoogleCloudPlatform/generative-ai
673387bd523a5b33,20,18,16,16,2,0,16,2,0,0.0,0,13,13,13,1,GoogleCloudPlatform/generative-ai
402618e2bf8d99bd,246,1,1,0,245,88,0,245,88,0.004065040650406498,0,1,0,0,0,GoogleCloudPlatform/generative-ai
8e57a7af06dbc565,1183,41,25,0,1142,1,2,1142,12,0.03426360733064308,0,25,0,5,0,GoogleCloudPlatform/generative-ai
cbb78a24ef6fdbc1,1304,27,15,0,1277,12,0,1277,12,0.020612927121122903,0,15,1,2,0,GoogleCloudPlatform/generative-ai
41930f85b7e8deb7,2444,249,14,0,2195,1,1,2195,16,0.0745464359090434,0,14,12,12,0,GoogleCloudPlatform/generative-ai
3a5ff2c9e067c48e,991,36,25,0,955,0,0,955,5,0.03528491113902676,0,25,0,0,0,GoogleCloudPlatform/generative-ai
7400addaba258d69,62,0,0,0,62,8,0,62,8,0.0,0,0,0,0,0,Bogdanp/dramatiq
ec84174468528471,113,2,2,0,111,12,0,111,12,0.0176991150442478,0,2,0,2,0,Bogdanp/dramatiq
37babb8434413ef5,102,9,9,0,93,0,0,93,0,0.08823529411764705,0,9,0,9,0,Bogdanp/dramatiq
8ffa1c194fde9a50,102,35,35,0,67,0,0,67,0,0.3431372549019608,0,35,0,0,0,Bogdanp/dramatiq
b12dcb0bc0b2ce97,202,8,7,0,194,0,0,194,0,0.039431555095808056,0,6,0,6,0,Bogdanp/dramatiq
326231c0350b870a,248,2,2,0,246,20,0,246,20,0.008064516129032254,0,2,0,2,0,Bogdanp/dramatiq
3d5a83ca24aaf0a0,68,3,3,0,65,0,0,65,0,0.044117647058823525,0,3,0,0,0,Bogdanp/dramatiq
fa8c74141a8f15f9,83,2,2,1,81,0,1,81,16,0.012048192771084357,0,2,1,2,0,Bogdanp/dramatiq
7bc0fe5a9d87fcca,641,29,29,0,612,13,1,612,24,0.04524180967238691,0,26,0,11,0,Bogdanp/dramatiq
a2798f47d0695ac2,42,4,4,0,38,0,0,38,0,0.09523809523809522,0,4,0,4,0,Bogdanp/dramatiq
9440fd3d739d265b,49,1,1,0,48,0,0,48,14,0.020408163265306117,0,0,0,0,0,Bogdanp/dramatiq
53eb316ef7b18ba4,58,6,6,0,52,0,0,52,5,0.10344827586206895,0,5,0,1,0,Bogdanp/dramatiq
73d6042b9e890bf5,117,1,1,0,116,4,0,116,9,0.008547008547008548,0,1,0,0,0,Bogdanp/dramatiq
bc45e2bc213ca122,47,1,0,0,46,0,0,46,0,0.021276595744680868,0,0,0,0,0,Bogdanp/dramatiq
e3776edfa3bb6ca7,176,54,54,4,122,1,4,122,30,0.28409090909090906,0,36,4,13,0,Bogdanp/dramatiq
73ebb8c3b1b4e359,708,63,61,1,645,46,1,645,290,0.09604319996164264,0,58,1,3,0,Bogdanp/dramatiq
1e5955d621b5c3b7,253,59,59,2,194,1,2,194,17,0.22529644268774707,0,40,2,9,0,Bogdanp/dramatiq
2f2a8fb86cc20bd4,30,2,1,0,28,0,0,28,0,0.06666666666666668,0,1,0,0,0,Bogdanp/dramatiq
e750eae3fa57543e,91,1,1,0,90,0,0,90,0,0.01098901098901097,0,1,0,1,0,Bogdanp/dramatiq
ae29cd0ed5c82d90,35,7,7,0,28,0,0,28,0,0.2,0,7,0,0,0,Bogdanp/dramatiq
876c3702c39a169d,70,1,0,0,69,0,0,69,0,0.01428571428571426,0,0,0,0,0,Bogdanp/dramatiq
07cd628283ad4036,51,1,1,1,50,0,1,50,0,0.0,0,1,1,1,0,Bogdanp/dramatiq
8baafe6a89af128a,69,1,0,0,68,0,0,68,1,0.014492753623188415,0,0,0,0,0,Bogdanp/dramatiq
a29718cea2a429da,156,16,16,0,140,0,0,140,0,0.10256410256410255,0,16,0,0,0,Bogdanp/dramatiq
2b437750034e698a,59,7,7,2,52,0,2,52,0,0.08474576271186442,0,4,2,2,0,Bogdanp/dramatiq
bd87e54068100b18,2000,0,0,0,2000,1,0,2000,44,0.0,0,0,0,0,0,Cog-Creators/Red-DiscordBot
b1eaf285ff457cba,59,0,0,0,59,0,0,59,0,0.0,0,0,0,0,0,Cog-Creators/Red-DiscordBot
6580c74256bd99a9,8,0,0,0,8,0,0,8,0,0.0,0,0,0,0,0,Cog-Creators/Red-DiscordBot
db4a774b60b4d113,89,1,0,0,88,2,0,88,8,0.0,0,0,0,0,0,Cog-Creators/Red-DiscordBot
b21f34b5854fda4e,967,10,6,0,957,21,0,957,45,0.009976149592846406,0,6,0,0,0,Cog-Creators/Red-DiscordBot
d2582df09be88aa5,88,0,0,0,88,0,0,88,4,0.0,0,0,0,0,0,Cog-Creators/Red-DiscordBot
55b263cf7fa7f8de,574,18,16,2,556,18,2,556,52,0.02771009478326551,0,11,2,3,0,Cog-Creators/Red-DiscordBot
e664f343472dba30,411,1,1,1,410,0,1,410,82,0.0,0,1,1,1,0,Cog-Creators/Red-DiscordBot
3d30ca9d3eb38ad3,271,15,15,1,256,3,1,256,12,0.05166051660516603,0,13,1,10,0,Cog-Creators/Red-DiscordBot
e9c14139daf4f42f,950,5,5,1,945,18,1,945,28,0.00421052631578947,0,5,1,1,0,Cog-Creators/Red-DiscordBot
c5eb8fc57db48a8a,39,0,0,0,39,0,0,39,0,0.0,0,0,0,0,0,Cog-Creators/Red-DiscordBot
88eba23ced14048e,578,0,0,0,578,110,0,578,166,0.0,0,0,0,0,0,Cog-Creators/Red-DiscordBot
e18f6f01825052c2,775,56,26,2,719,40,2,719,81,0.03847110215053762,0,21,2,13,0,Cog-Creators/Red-DiscordBot
2b30f92df82d8809,539,6,5,0,533,7,0,533,46,0.009276437847866418,0,4,0,2,0,Cog-Creators/Red-DiscordBot
40c38630d4d11bf0,733,0,0,0,733,0,0,733,15,0.0,0,0,0,0,0,Cog-Creators/Red-DiscordBot
4b596822f2aa7959,335,3,3,1,332,3,1,332,11,0.0059701492537313355,0,3,1,1,0,Cog-Creators/Red-DiscordBot
73e698e444bfce89,368,1,1,0,367,19,0,367,33,0.002717391304347826,0,0,0,0,0,Cog-Creators/Red-DiscordBot
6c0ed3ec28e352c8,1543,33,30,5,1510,12,5,1510,93,0.017326678506198918,0,25,5,11,0,Cog-Creators/Red-DiscordBot
515d0f81c0f4ca8b,260,0,0,0,260,0,0,260,0,0.0,0,0,0,0,0,Cog-Creators/Red-DiscordBot
b0214c752c83d02d,796,3,2,1,793,8,1,793,64,0.003768844221105517,0,2,1,1,0,Cog-Creators/Red-DiscordBot
42635903383e7810,494,0,0,0,494,1,0,494,16,0.0,0,0,0,0,0,Cog-Creators/Red-DiscordBot
c94dd9447cf834de,26,0,0,0,26,2,0,26,2,0.0,0,0,0,0,0,Cog-Creators/Red-DiscordBot
0aaa273516473810,650,0,0,0,650,0,0,650,0,0.0,0,0,0,0,0,Cog-Creators/Red-DiscordBot
e52e4ddd58b7ef88,36,0,0,0,36,1,0,36,1,0.0,0,0,0,0,0,Cog-Creators/Red-DiscordBot
0f08aaff2f30e8eb,1087,33,33,8,1054,30,8,1054,96,0.02299908003679852,0,32,8,13,0,Cog-Creators/Red-DiscordBot
6edb821009dddaeb,197,7,7,0,190,1,0,190,21,0.035532994923857864,0,5,0,1,0,astropy/astropy
a744db7b4eeb46fb,379,29,29,2,350,2,2,350,9,0.0712401055408971,0,25,2,6,0,astropy/astropy
c5887ff4e8af8c0d,88,15,15,0,73,0,0,73,0,0.17045454545454547,0,14,0,6,0,astropy/astropy
34b19f28be7b28a8,8,4,4,0,4,0,0,4,0,0.5,1,2,0,0,1,astropy/astropy
e465713d5a18a4d7,128,22,19,0,106,0,0,106,2,0.171875,0,18,0,15,0,astropy/astropy
c3dcbd7fe04757b4,53,3,3,0,50,0,0,50,2,0.05660377358490571,0,3,0,3,0,astropy/astropy
8ef6b88674b4d4a0,21,4,4,0,17,0,0,17,1,0.19047619047619047,0,2,0,1,0,astropy/astropy
ad430aaa7590c7f7,1198,257,246,23,941,19,25,941,30,0.19860532027803507,0,221,23,55,0,astropy/astropy
873fbd0bfbb93c71,1132,477,455,48,655,5,43,655,34,0.3769822750088101,1,386,48,122,1,astropy/astropy
d2bbd0fe201bb2a1,140,5,5,5,135,1,5,135,8,0.0,0,5,5,5,0,astropy/astropy
50188be62028b458,1061,131,127,5,930,22,6,930,97,0.12723845428840716,0,104,5,50,0,astropy/astropy
1152baeb0eb5937f,64,0,0,0,64,2,0,64,3,0.0,0,0,0,0,0,astropy/astropy
a65029e433c7acb0,1157,308,295,88,849,18,82,849,97,0.1873300239380597,0,270,88,157,1,astropy/astropy
c936f41eb58ce4b4,1561,221,194,5,1340,12,5,1340,24,0.1381473280842438,0,191,5,163,0,astropy/astropy
f9997e44a23ff5c6,263,95,89,47,168,0,47,168,0,0.18250950570342206,0,80,45,46,0,astropy/astropy
38b9d13b3aa13235,1644,300,91,2,1344,2,2,1344,21,0.0566834176134104,0,80,8,26,0,astropy/astropy
07fd86cc35a90905,116,10,10,1,106,0,1,106,1,0.07758620689655171,0,8,1,1,0,astropy/astropy
755d7a34d47aa25d,287,39,36,3,248,7,3,248,12,0.12888305442410555,0,30,3,10,0,astropy/astropy
59b423039f16d0bc,81,41,38,1,40,3,1,40,6,0.49382716049382713,1,33,1,5,1,astropy/astropy
202444c7f515d776,489,74,65,28,415,3,26,415,17,0.09029907975460118,0,62,29,32,0,astropy/astropy
da6f19f110a8530c,304,61,59,5,243,8,5,243,29,0.18421052631578946,1,48,5,19,0,astropy/astropy
29dc7b73b0f695ea,936,417,372,31,519,93,31,519,112,0.38296063309784495,1,305,40,79,1,astropy/astropy
279960800ff2c4b5,503,113,109,0,390,20,1,390,46,0.2186403491402184,0,98,0,65,0,astropy/astropy
0e8e95539bc764da,24,1,1,0,23,1,0,23,2,0.04166666666666667,0,1,0,1,0,astropy/astropy
685038e2ba3584bc,24,2,1,0,22,0,0,22,1,0.08333333333333329,0,1,0,0,0,astropy/astropy
362e762d8b52142b,268,100,97,15,168,13,15,168,21,0.2984515624126558,1,95,17,95,1,lllyasviel/stable-diffusion-webui-forge
18be4c015525ceca,68,54,42,12,14,0,12,14,0,0.4411764705882353,1,35,9,35,1,lllyasviel/stable-diffusion-webui-forge
c766c825471943c0,763,127,94,56,636,37,56,636,53,0.04718217562254259,0,73,41,70,0,lllyasviel/stable-diffusion-webui-forge
856997acd716f8f4,215,72,66,23,143,8,23,143,14,0.19993479678330797,0,62,23,62,0,lllyasviel/stable-diffusion-webui-forge
479163685bafaa4c,156,82,60,50,74,23,46,74,23,0.03846153846153848,0,49,43,49,1,lllyasviel/stable-diffusion-webui-forge
b67641cf8802a9b9,18,18,7,2,0,0,2,0,0,0.2777777777777778,1,5,0,5,1,lllyasviel/stable-diffusion-webui-forge
ddc07d50fa3b0439,203,3,2,1,200,16,1,200,16,0.0049261083743842304,0,1,1,1,0,lllyasviel/stable-diffusion-webui-forge
0b54aae751401ae8,43,9,7,7,34,2,7,34,2,0.0,0,7,7,7,0,lllyasviel/stable-diffusion-webui-forge
af5cef44524d25c0,35,23,20,12,12,1,12,12,1,0.28225108225108225,0,15,7,15,1,lllyasviel/stable-diffusion-webui-forge
fe2129c140fc5cff,442,108,96,40,334,3,38,334,6,0.12869250264208246,0,88,40,88,0,lllyasviel/stable-diffusion-webui-forge
b4b7969eb6a34dc0,17,16,9,3,1,0,3,1,0,0.3529411764705882,0,7,2,7,1,lllyasviel/stable-diffusion-webui-forge
6b4ebcade51d2d3d,137,14,12,10,123,10,10,123,19,0.014598540145985392,0,11,10,11,1,lllyasviel/stable-diffusion-webui-forge
ed3ee7e0beea2498,214,0,0,0,214,108,0,214,111,0.014018691588785048,0,0,0,0,0,lllyasviel/stable-diffusion-webui-forge
c47505ac02dfa18a,95,71,47,25,24,0,24,24,0,0.2610983981693364,1,35,18,35,1,lllyasviel/stable-diffusion-webui-forge
e9a27408b64265e3,53,5,5,4,48,0,4,48,0,0.01886792452830189,0,5,4,5,0,lllyasviel/stable-diffusion-webui-forge
3ab0330b32fb1aab,63,1,1,0,62,21,0,62,21,0.015873015873015844,0,1,0,1,0,lllyasviel/stable-diffusion-webui-forge
c888caf5f8628b5c,107,80,59,39,27,2,39,27,2,0.1116205254805149,0,44,34,42,1,lllyasviel/stable-diffusion-webui-forge
7c061f70b595941b,42,25,0,0,17,2,0,17,2,0.023809523809523822,0,0,0,0,0,lllyasviel/stable-diffusion-webui-forge
6b040102aa8f0e3a,205,155,78,54,50,4,63,50,5,0.0966523194643711,0,58,45,58,1,lllyasviel/stable-diffusion-webui-forge
57519d79eb8fca0c,183,106,74,37,77,14,37,77,17,0.23442622950819672,0,52,24,47,1,lllyasviel/stable-diffusion-webui-forge
13aa461b24539a0e,122,0,0,0,122,0,0,122,0,0.0,0,0,0,0,0,fivetran/great_expectations
7f0f4e427075e3fe,633,30,29,0,603,8,0,603,35,0.045813586097946286,0,29,0,0,0,fivetran/great_expectations
cc43c9a78fb89aff,124,1,0,0,123,0,0,123,0,0.007998950957251484,0,0,0,0,0,fivetran/great_expectations
817b4d68ce6f78cb,56,3,2,0,53,0,0,53,1,0.035714285714285705,0,2,0,0,0,fivetran/great_expectations
317870a159501597,89,0,0,0,89,7,0,89,11,0.0,0,0,0,0,0,fivetran/great_expectations
c6cb52136a7b48be,393,0,0,0,393,0,0,393,1,0.0,0,0,0,0,0,fivetran/great_expectations
3e3ab211a8362c1c,1098,47,47,27,1051,39,15,1051,223,0.0182149362477231,0,47,27,27,0,fivetran/great_expectations
75701c3e86fffd9a,458,4,4,0,454,95,0,454,108,0.013100436681222693,0,4,0,0,0,fivetran/great_expectations
d1439daa893846a6,77,3,3,3,74,1,3,74,1,0.0,0,3,3,3,0,fivetran/great_expectations
672110473453bdf5,101,0,0,0,101,0,0,101,0,0.0,0,0,0,0,0,fivetran/great_expectations
d6236e1ec53a8e30,152,4,1,0,148,0,0,148,5,0.013157894736842118,0,1,1,1,0,fivetran/great_expectations
12c4aaadfe0f7fb4,32,0,0,0,32,0,0,32,6,0.0,0,0,0,0,0,fivetran/great_expectations
c84ce6ae973dca71,652,25,24,0,627,0,0,627,514,0.036776832244871015,0,24,0,0,0,fivetran/great_expectations
22ef6fff14e8162e,120,0,0,0,120,0,0,120,0,0.0,0,0,0,0,0,fivetran/great_expectations
c9369021ef935d87,892,79,75,8,813,75,9,813,117,0.056955464647636504,0,70,6,7,0,fivetran/great_expectations
c6a7a9c54e06ed73,130,7,5,1,123,4,0,123,4,0.05354800238521167,0,5,2,2,0,fivetran/great_expectations
0c47cf61898c5aae,192,11,11,0,181,10,0,181,16,0.057291666666666685,0,11,0,0,0,fivetran/great_expectations
bfb21f3a353538a9,84,3,3,3,81,0,3,81,2,0.0,0,3,3,3,0,fivetran/great_expectations
6a44436703490bb4,172,13,10,0,159,6,0,159,43,0.05813953488372094,0,10,0,0,0,fivetran/great_expectations
084ee6708c1fb58f,103,1,0,0,102,0,0,102,0,0.009708737864077683,0,0,0,0,0,fivetran/great_expectations
722c86105ef4d186,73,73,0,0,0,0,0,0,0,0.0,0,0,0,0,0,fivetran/great_expectations
70d287661e8e223c,139,0,0,0,139,0,0,139,0,0.0,0,0,0,0,0,fivetran/great_expectations
acd711d9b67aa74a,267,18,17,0,249,0,0,249,15,0.05992509363295884,0,17,0,0,0,fivetran/great_expectations
466d871447704764,312,6,6,0,306,0,0,306,0,0.019230769230769197,0,6,0,0,0,fivetran/great_expectations
97961c40032bec00,165,0,0,0,165,0,0,165,0,0.0,0,0,0,0,0,fivetran/great_expectations
13c67e86426c8265,418,13,11,0,405,2,0,405,172,0.031100478468899507,0,11,0,0,0,onyx-dot-app/onyx
853cb4d3201e444f,147,1,1,0,146,0,0,146,0,0.006802721088435378,0,1,0,0,0,onyx-dot-app/onyx
309035d3c73627c2,34,4,4,0,30,0,0,30,0,0.11764705882352942,0,3,0,0,0,onyx-dot-app/onyx
060e92e06258b7db,223,14,12,0,209,0,0,209,18,0.06278026905829598,0,12,0,0,0,onyx-dot-app/onyx
180f5e613523d2e0,218,9,8,0,209,1,0,209,39,0.04126326470215196,0,8,0,0,0,onyx-dot-app/onyx
01affa2193f902dd,106,3,3,0,103,0,0,103,0,0.028301886792452827,0,3,0,0,0,onyx-dot-app/onyx
bbfabe5e0506d72e,379,4,3,0,375,0,0,375,0,0.010554089709762566,0,3,0,0,0,onyx-dot-app/onyx
0c207235806f37f5,158,6,5,0,152,0,0,152,3,0.03765218092396999,0,5,0,0,0,onyx-dot-app/onyx
f7ac8af3e3f5871a,650,33,29,0,617,4,1,617,26,0.05073112645868066,0,29,0,0,0,onyx-dot-app/onyx
8a9eeb4897da2e7a,47,5,4,0,42,0,0,42,0,0.10638297872340427,0,4,0,0,0,onyx-dot-app/onyx
eebb62fb40ed362a,96,5,4,0,91,0,0,91,24,0.052083333333333356,0,4,0,0,0,onyx-dot-app/onyx
d7537a8e205d69d3,258,7,6,0,251,0,0,251,22,0.027131782945736396,0,6,0,0,0,onyx-dot-app/onyx
000766f71ca56ccc,130,1,1,0,129,46,0,129,49,0.007692307692307679,0,1,0,0,0,onyx-dot-app/onyx
d1bcb5853b6017c6,326,17,13,0,309,2,1,309,52,0.04285040113260973,0,13,1,1,0,onyx-dot-app/onyx
22e4c9b932489c46,198,8,7,0,190,0,0,190,0,0.04040404040404043,0,7,0,0,0,onyx-dot-app/onyx
b9db49875a1ffff6,71,0,0,0,71,0,0,71,5,0.0,0,0,0,0,0,onyx-dot-app/onyx
c078c3ae22c9c686,268,0,0,0,268,0,0,268,0,0.0,0,0,0,0,0,onyx-dot-app/onyx
3f1ebebb104376b9,147,2,2,0,145,0,0,145,0,0.013605442176870756,0,2,0,0,0,onyx-dot-app/onyx
e1bc772e39c19a8c,339,1,1,0,338,0,0,338,5,0.002949852507374652,0,1,0,0,0,onyx-dot-app/onyx
6a4a3bbf7a836678,156,2,2,0,154,0,0,154,6,0.012820512820512853,0,2,0,0,0,onyx-dot-app/onyx
a9d9aba50128e77a,67,0,0,0,67,0,0,67,0,0.0,0,0,0,0,0,onyx-dot-app/onyx
d82449acefcbb10a,49,4,3,0,45,0,0,45,0,0.08163265306122447,0,3,0,0,0,onyx-dot-app/onyx
6f90f0e9a3dada82,98,1,1,0,97,0,0,97,0,0.010204081632653066,0,1,0,0,0,onyx-dot-app/onyx
79abe00b9d0a949c,490,1,1,0,489,0,0,489,4,0.0020408163265306246,0,1,0,0,0,onyx-dot-app/onyx
19fae3b1a32ff543,274,11,10,0,263,0,0,263,22,0.03997219325686477,0,10,0,0,0,onyx-dot-app/onyx
b7c696a1b450c0a4,30,8,8,8,22,0,8,22,1,0.0,0,4,4,4,1,CapSoftware/Cap
79491cd3ef548924,153,79,79,76,74,2,76,74,4,0.019607843137254923,0,68,65,68,1,CapSoftware/Cap
9558dd170f359c6d,41,16,16,12,25,0,12,25,0,0.09756097560975609,0,10,9,10,1,CapSoftware/Cap
e14b96ecf6693b14,263,58,58,51,205,2,51,205,9,0.026615969581749055,0,42,37,42,1,CapSoftware/Cap
9afe2b208c95c84d,57,12,12,11,45,5,12,45,6,0.052631578947368446,0,9,9,9,0,CapSoftware/Cap
404fda4c1c591b7f,100,54,45,41,46,0,44,46,1,0.04000000000000001,0,36,35,35,1,CapSoftware/Cap
66adc8d1969e469f,113,49,49,48,64,0,49,64,0,0.0088495575221239,0,43,43,43,1,CapSoftware/Cap
7daaa870e612909b,59,45,45,32,14,0,33,14,0,0.22033898305084743,0,40,28,31,1,CapSoftware/Cap
c3a382d7f1447903,148,105,105,96,43,1,95,43,1,0.060810810810810835,0,93,88,88,1,CapSoftware/Cap
35a3d7fa24d9816a,62,46,46,44,16,0,44,16,2,0.03225806451612903,0,33,31,32,1,CapSoftware/Cap
6d626d888c708a2a,61,30,29,27,31,2,27,31,2,0.016393442622950775,0,23,22,22,1,CapSoftware/Cap
a2e9c5e427633532,188,107,99,88,81,4,88,81,5,0.03191489361702128,0,85,82,85,1,CapSoftware/Cap
703fad70a5753394,34,23,23,22,11,0,23,11,1,0.029411764705882356,0,20,20,20,1,CapSoftware/Cap
f10b21f0f43bd7ea,303,203,154,107,100,4,107,100,6,0.039603960396039584,0,138,86,87,1,CapSoftware/Cap
d5b94c6fb476484d,29,5,5,4,24,3,4,24,3,0.03448275862068964,0,4,3,3,0,CapSoftware/Cap
38c40e70bf4a2aa4,30,14,14,12,16,0,13,16,1,0.06666666666666665,0,12,11,12,1,CapSoftware/Cap
a801a3ed3ccbc2c4,507,233,203,192,274,75,194,274,81,0.017751479289940846,0,165,161,161,1,CapSoftware/Cap
d5cd5012e92cfe37,302,60,60,53,242,13,53,242,15,0.02317880794701987,0,47,42,47,0,CapSoftware/Cap
1095587bfd262988,217,195,164,154,22,0,155,22,0,0.06912442396313362,0,133,123,127,1,CapSoftware/Cap
b40d7c8850db3ab9,119,97,97,94,22,0,90,22,4,0.0252100840336134,0,82,82,82,1,CapSoftware/Cap
4248f4c8632f1ff3,35,15,15,15,20,0,15,20,0,0.0,0,14,14,14,1,CapSoftware/Cap
681dd4a88aeae0df,5,2,2,2,3,0,2,3,0,0.0,0,2,2,2,1,CapSoftware/Cap
30fb7c2f1d106c05,30,14,14,13,16,0,13,16,0,0.033333333333333326,0,14,13,14,1,CapSoftware/Cap
3e4e675e2dc7c630,2,2,2,0,0,0,0,0,0,1.0,1,2,0,2,1,CapSoftware/Cap
9af34d024f3600e0,649,122,104,99,527,22,73,527,39,0.004622496147919876,0,79,79,79,0,CapSoftware/Cap
c693279643b8cd5d,32,1,0,0,31,0,0,31,0,0.0,0,0,0,0,0,enyo/dropzone
185833cb26d7ac66,33,8,0,0,25,0,0,25,0,0.0,0,0,0,0,0,enyo/dropzone
ffdbe3a1e7ee93ca,76,13,0,0,63,0,0,63,0,0.0,0,0,0,0,0,enyo/dropzone
07985fdcade0e64d,12,1,0,0,11,0,0,11,0,0.0,0,0,0,0,0,enyo/dropzone
7ae45ad102eab3b6,43,8,0,0,35,0,0,35,0,0.0,0,0,0,0,0,enyo/dropzone
148870715557a131,9,3,0,0,6,0,0,6,0,0.0,0,0,0,0,0,enyo/dropzone
a1fc3d96d9306f6b,77,49,44,44,28,0,44,28,3,0.025281385281385314,0,40,40,40,1,grpc-ecosystem/grpc-gateway
19161cb7b1c5c2f9,82,53,4,4,29,0,4,29,0,0.0015243902439024126,0,4,4,4,0,grpc-ecosystem/grpc-gateway
d1f861ec3f058714,965,6,1,0,959,43,0,959,67,0.0010362694300517818,0,1,0,0,0,grpc-ecosystem/grpc-gateway
897f299135d10a90,15,4,1,1,11,0,1,11,0,0.11282051282051284,0,1,1,1,0,grpc-ecosystem/grpc-gateway
ab29419944ad9f3b,65,30,27,25,35,0,21,35,0,0.030528846153846156,0,23,23,23,1,grpc-ecosystem/grpc-gateway
320bc5bec9361fac,175,1,1,1,174,4,1,174,8,0.0,0,1,1,1,0,grpc-ecosystem/grpc-gateway
c255ac405628aada,762,2,0,0,760,17,0,760,39,0.0012347339631166218,0,0,0,0,0,grpc-ecosystem/grpc-gateway
9e00def2c1e176db,21,10,6,6,11,0,6,11,0,0.08020050125313283,0,4,4,4,1,grpc-ecosystem/grpc-gateway
f1e157236816fdee,36,16,0,0,20,0,0,20,0,0.0,0,0,0,0,0,grpc-ecosystem/grpc-gateway
08a6e121e817debe,72,3,2,0,69,0,1,69,0,0.029733959311424096,0,2,1,1,0,grpc-ecosystem/grpc-gateway
050dd68add910843,16,4,1,1,12,0,1,12,0,0.10714285714285715,0,1,1,1,0,grpc-ecosystem/grpc-gateway
272b2870183bbe20,85,45,43,11,40,4,6,40,4,0.011484593837534994,0,32,32,32,1,grpc-ecosystem/grpc-gateway
70304970d74748a4,91,79,76,15,12,0,16,12,0,0.032473144832695394,0,54,54,54,1,grpc-ecosystem/grpc-gateway
edcd7513f48d12c8,51,18,17,16,33,0,17,33,0,0.03921568627450979,0,17,17,17,0,grpc-ecosystem/grpc-gateway
fd8fde893e1fcf9f,42,3,1,1,39,0,1,39,0,0.022067363530778157,0,1,1,1,0,grpc-ecosystem/grpc-gateway
e8521d8be3671a78,3309,0,0,0,3309,128,0,3309,745,0.0,0,0,0,0,0,grpc-ecosystem/grpc-gateway
cc5dba844cf4f624,45,19,13,13,26,0,3,26,0,0.033074935400516786,0,7,7,7,1,grpc-ecosystem/grpc-gateway
005d0d82a8c98d3c,146,99,96,96,47,0,96,47,0,0.011986301369863051,0,72,72,72,1,grpc-ecosystem/grpc-gateway
494f8a7b6881e2d2,218,11,0,0,207,3,0,207,5,0.0,0,0,0,0,0,grpc-ecosystem/grpc-gateway
ada14736b250cb65,51,2,0,0,49,0,0,49,7,0.018431372549019602,0,0,0,0,0,grpc-ecosystem/grpc-gateway
2919b738e91bb561,131,53,51,51,78,0,51,78,0,0.007105108631826231,0,39,39,39,1,grpc-ecosystem/grpc-gateway
83f42520181de088,35,11,8,8,24,0,8,24,0,0.05367965367965368,0,7,7,7,1,grpc-ecosystem/grpc-gateway
90690598e966411e,44,20,19,18,24,4,19,24,4,0.045454545454545435,0,13,13,13,1,grpc-ecosystem/grpc-gateway
411aaf1bcbdb81d6,138,13,7,0,125,0,1,125,65,0.05349531116794546,0,2,1,1,0,grpc-ecosystem/grpc-gateway
a0daa399998e2ff0,1503,8,3,0,1495,20,0,1495,245,0.001996007984031961,0,3,0,0,0,grpc-ecosystem/grpc-gateway
4d6552deb78196d7,253,218,0,0,35,0,0,35,0,0.0,0,0,0,0,0,naudio/NAudio
0cb74f89ce98a729,25,20,3,2,5,0,1,5,0,0.051666666666666666,0,3,2,3,0,naudio/NAudio
62aa8227216435d6,186,150,0,0,36,0,0,36,0,0.0,0,0,0,0,0,naudio/NAudio
e5107d8130e2a323,29,20,0,0,9,0,0,9,0,0.0,0,0,0,0,0,naudio/NAudio
b75e2230f9402b86,276,225,0,0,51,0,0,51,0,0.0,0,0,0,0,0,naudio/NAudio
cea0cb70acc06e26,25,14,0,0,11,0,0,11,0,0.0,0,0,0,0,0,naudio/NAudio
f5fa503fe4cc2a0c,420,292,0,0,128,0,0,128,0,3.4094783498132396e-05,0,0,0,0,0,naudio/NAudio
31eaddffa86dcae9,38,24,0,0,14,0,0,14,0,0.0,0,0,0,0,0,naudio/NAudio
f2fa82069d05883a,146,119,0,0,27,0,0,27,0,0.0,0,0,0,0,0,naudio/NAudio
52c19a893ab25297,419,414,0,0,5,0,0,5,0,0.0,0,0,0,0,0,naudio/NAudio
c8a000d383989017,32,20,0,0,12,0,0,12,0,0.0,0,0,0,0,0,naudio/NAudio
c2dc8b6dd30f927a,106,86,0,0,20,0,0,20,0,0.0,0,0,0,0,0,naudio/NAudio
5c7483daedd881db,129,1,0,0,128,0,0,128,0,0.0,0,0,0,0,0,naudio/NAudio
e97971f38adbfe80,95,0,0,0,95,0,0,95,0,0.0,0,0,0,0,0,naudio/NAudio
2d8e50e287496717,135,109,0,0,26,0,0,26,0,0.0,0,0,0,0,0,naudio/NAudio
0c87df0d7317e0df,121,95,0,0,26,0,0,26,0,0.0,0,0,0,0,0,naudio/NAudio
5373f1e6f7a7ae05,54,41,0,0,13,0,0,13,0,0.0,0,0,0,0,0,naudio/NAudio
13f9bcc89840a75b,13,6,0,0,7,0,0,7,0,0.0,0,0,0,0,0,naudio/NAudio
dd797b6c28ea064e,22,15,0,0,7,0,0,7,0,0.0,0,0,0,0,0,naudio/NAudio
f7fc03ad2914900e,131,93,0,0,38,0,0,38,0,0.0,0,0,0,0,0,naudio/NAudio
520de07351cb8750,117,78,0,0,39,0,0,39,0,0.0,0,0,0,0,0,naudio/NAudio
1d06f36b7260d258,434,368,0,0,66,0,0,66,0,0.0,0,0,0,0,0,naudio/NAudio
b83532b8b0a3e667,262,156,0,0,106,0,0,106,0,0.0,0,0,0,0,0,naudio/NAudio
aae0b8439ddd4b3b,204,1,0,0,203,0,0,203,0,0.0,0,0,0,0,0,naudio/NAudio
06bd347d2e6f2bee,318,229,127,100,89,3,101,89,2,0.04335059421066209,0,111,61,65,1,naudio/NAudio
0360835ee328be12,31,1,1,1,30,0,1,30,0,0.0,0,1,1,1,0,JuliaLang/julia
829029ba7e34234a,1855,4,0,0,1851,66,0,1851,70,0.0,0,0,0,0,0,JuliaLang/julia
a793cc0e967ca6d4,322,1,1,0,321,15,0,321,39,0.0031055900621117932,0,1,0,1,0,JuliaLang/julia
e624d42e424a1d49,626,1,1,1,625,45,1,625,217,0.0,0,1,1,1,0,JuliaLang/julia
9dbae2301ca8a2ca,1,1,1,1,0,0,1,0,0,0.0,0,1,1,1,1,JuliaLang/julia
06f68f9bfb181dd0,407,2,2,2,405,25,2,405,25,0.0,0,2,2,2,0,JuliaLang/julia
a60fd8fcc968f85d,31,3,3,3,28,0,3,28,0,0.0,0,3,3,3,0,JuliaLang/julia
ac882da1937def88,76,1,1,1,75,28,1,75,29,0.0,0,1,1,1,0,JuliaLang/julia
885de7c820e61b10,785,6,6,1,779,279,1,779,284,0.006369426751592357,0,6,1,6,0,JuliaLang/julia
eca12c0a30e25b4b,105,0,0,0,105,0,0,105,17,0.0,0,0,0,0,0,JuliaLang/julia
cf149540756c7456,141,5,5,5,136,37,5,136,37,0.0,0,5,5,5,0,JuliaLang/julia
d072377df287a018,1796,0,0,0,1796,255,0,1796,280,0.0,0,0,0,0,0,JuliaLang/julia
5ba4406a4d21eacf,126,3,3,3,123,14,3,123,23,0.0,0,3,3,3,0,JuliaLang/julia
33b6d5bb34c62b8e,1148,0,0,0,1148,246,0,1148,395,0.0026132404181184628,0,0,0,0,0,JuliaLang/julia
8bda77d98d22d54b,566,1,1,1,565,0,1,565,13,0.0,0,1,1,1,0,JuliaLang/julia
7070a425be1a39a7,1264,6,6,6,1258,188,6,1258,197,0.0,0,6,6,6,0,JuliaLang/julia
96d89ecd4aa4f0de,1,1,1,1,0,0,1,0,0,0.0,0,1,1,1,1,JuliaLang/julia
7b1f31c37e72373f,1520,1,0,0,1519,48,0,1519,134,0.0,0,0,0,0,0,JuliaLang/julia
4af504692ece5850,118,1,1,1,117,39,1,117,39,0.0,0,1,1,1,0,JuliaLang/julia
7432628795d8af39,254,1,1,1,253,74,1,253,74,0.0,0,1,1,1,0,JuliaLang/julia
cf6e417d01a6e25b,584,0,0,0,584,0,0,584,9,0.0,0,0,0,0,0,JuliaLang/julia
66ec5bb493a88379,26,7,7,7,19,0,7,19,0,0.0,0,7,7,7,0,JuliaLang/julia
1cd14ebfeeefa446,10,1,1,1,9,0,1,9,0,0.0,0,1,1,1,0,JuliaLang/julia
e568f2934b4f08f5,715,5,0,0,710,59,0,710,87,0.0,0,0,0,0,0,JuliaLang/julia
73992b6002335eff,326,8,8,8,318,0,8,318,0,0.0,0,8,8,8,0,JuliaLang/julia
fb89c447dab741fd,7,1,1,0,6,0,0,6,0,0.14285714285714285,1,1,0,1,1,django/django
b810dd553e390191,24,5,4,0,19,0,0,19,0,0.20833333333333334,0,2,0,0,0,django/django
abf8ecb6fd337571,177,61,61,0,116,43,0,116,43,0.2768361581920904,1,53,11,19,1,django/django
8d416ad7910ff7da,94,17,16,0,77,0,0,77,1,0.18085106382978725,0,13,0,2,0,django/django
0402354da38d06ae,5,1,1,0,4,0,0,4,0,0.2,0,1,0,1,0,django/django
ea213b7321d45a46,21,6,5,0,15,0,0,15,0,0.2857142857142857,0,3,0,1,0,django/django
7c96f6a857715566,105,2,2,0,103,1,0,103,1,0.019047619047619053,0,2,0,0,0,django/django
c73ba0b9aebeaea8,23,3,3,0,20,0,0,20,0,0.13043478260869562,0,3,0,3,0,django/django
1104b6a4cce91bf2,73,10,7,0,63,1,0,63,2,0.13698630136986303,0,7,0,7,0,django/django
87556435c07ed88b,208,19,16,0,189,0,0,189,68,0.09134615384615383,0,16,0,8,0,django/django
3f3237b7a3e252b3,86,14,10,1,72,9,1,72,23,0.15116279069767444,0,10,1,5,0,django/django
558997e987b8e755,8,2,2,0,6,0,0,6,0,0.25,0,2,0,2,0,django/django
d80e33def1185b52,79,4,4,0,75,1,0,75,1,0.050632911392405056,1,4,0,4,1,django/django
98feb9ff7d47a5e3,1412,498,463,3,914,77,9,914,93,0.3668555240793201,0,393,5,201,0,django/django
42cf5772a9ebfbe2,480,197,190,0,283,19,0,283,53,0.40625,1,162,0,62,1,django/django
3734c03764f5e215,297,20,20,0,277,0,0,277,1,0.06734006734006738,0,20,0,0,0,django/django
9fd4ea0cfe5a4eab,54,7,6,0,47,2,0,47,2,0.12962962962962965,0,6,0,0,0,django/django
381eeeef732bdcef,56,15,15,0,41,2,0,41,2,0.2678571428571429,0,14,0,12,0,django/django
56374f35499bd669,624,108,104,2,516,51,2,516,75,0.1778846153846154,0,97,2,73,0,django/django
d206aa43e7bfadbf,160,10,7,0,150,17,0,150,21,0.062380573248407636,0,7,0,3,0,django/django
135176ce19fc31f5,22,11,10,0,11,0,0,11,0,0.5,1,8,0,2,1,django/django
0e842fa4e4a689b1,133,10,9,0,123,0,0,123,11,0.07518796992481205,0,8,0,4,0,django/django
a86b48acdb9f5043,246,2,1,0,244,1,0,244,5,0.00813008130081299,0,1,0,1,0,django/django
2d9d4cd8d52772e0,142,22,22,0,120,0,0,120,5,0.15492957746478875,0,14,0,14,0,django/django
008fad28cbf57009,321,118,113,1,203,27,0,203,47,0.36438739697937617,1,94,1,43,1,django/django
1dfe18e479081228,172,35,34,26,137,4,26,137,4,0.02906976744186046,0,28,22,22,1,Automattic/wp-calypso
6304cf8b6c45ad53,14,0,0,0,14,0,0,14,0,0.0,0,0,0,0,0,Automattic/wp-calypso
3da9b3269659bc5b,32,1,1,1,31,0,1,31,0,0.0,0,1,1,1,0,Automattic/wp-calypso
5024be472e494c80,1,1,1,0,0,0,0,0,0,1.0,1,1,0,1,1,Automattic/wp-calypso
ec676a769a8b6d4c,25,1,1,0,24,2,0,24,7,0.039999999999999994,0,1,0,1,0,Automattic/wp-calypso
b1589eef8ca0722b,45,5,5,0,40,0,0,40,0,0.11111111111111113,0,5,0,1,0,Automattic/wp-calypso
9bad2aaa4c6c712a,27,5,5,0,22,0,0,22,1,0.18518518518518517,0,5,3,3,0,Automattic/wp-calypso
c603c3675ef8dc61,85,4,4,0,81,0,0,81,1,0.047058823529411736,0,4,0,4,0,Automattic/wp-calypso
756c6ffb6eecc8ea,1596,1,1,0,1595,157,0,1595,361,0.0012531328320801866,0,1,0,1,0,Automattic/wp-calypso
689ae596cbdc0334,35,2,2,0,33,0,0,33,0,0.05714285714285715,0,2,0,0,0,Automattic/wp-calypso
623ae5199bacb23b,139,3,3,3,136,3,3,136,7,0.0,0,3,3,3,0,Automattic/wp-calypso
dd422779106340a4,19,3,3,0,16,2,0,16,3,0.15789473684210525,0,3,0,0,0,Automattic/wp-calypso
d65dbffbc230e8d7,598,0,0,0,598,88,0,598,135,0.0,0,0,0,0,0,Automattic/wp-calypso
d91efe545ca5e65a,117,2,2,1,115,17,1,115,28,0.008547008547008548,0,2,1,2,0,Automattic/wp-calypso
cf8394400c2f111e,58,2,2,2,56,1,2,56,5,0.017241379310344827,0,2,2,2,0,Automattic/wp-calypso
3db045b32786f2c4,36,1,1,0,35,0,0,35,1,0.027777777777777783,0,1,0,1,0,Automattic/wp-calypso
b748a3a84a945e3e,278,1,1,0,277,37,0,277,55,0.003597122302158289,0,1,0,1,0,Automattic/wp-calypso
420d02c535165fdc,12,2,2,0,10,0,0,10,0,0.16666666666666669,0,2,0,0,0,Automattic/wp-calypso
d42b28c2aaac892b,187,11,11,3,176,1,3,176,2,0.04278074866310161,0,7,3,3,0,Automattic/wp-calypso
64bbf3a78d598d3e,79,1,1,0,78,0,0,78,1,0.012658227848101264,0,1,0,1,0,Automattic/wp-calypso
d055660fe32f0e5e,129,0,0,0,129,21,0,129,22,0.0,0,0,0,0,0,Automattic/wp-calypso
3b79aceba694ede7,85,0,0,0,85,12,0,85,15,0.0,0,0,0,0,0,Automattic/wp-calypso
71e9a204a637b410,629,0,0,0,629,186,0,629,261,0.04292527821939586,1,0,0,0,0,Automattic/wp-calypso
1399ac681bc61a5a,105,11,11,3,94,20,3,94,27,0.12380952380952381,0,9,4,7,0,Automattic/wp-calypso
b564cfd65ddb7bc0,345,11,11,2,334,10,2,334,71,0.026086956521739132,0,9,2,7,0,Automattic/wp-calypso
64e9769483ebf74f,567,1,1,0,566,19,0,566,31,0.0017636684303351247,0,1,0,0,0,treeverse/dvc
3a5baee112c6b281,372,11,11,0,361,0,2,361,32,0.029569892473118253,1,11,0,1,1,treeverse/dvc
49c034c1b431e8df,228,2,2,0,226,0,0,226,3,0.008771929824561403,0,2,0,1,0,treeverse/dvc
9ebf228ef7c1669c,384,3,3,0,381,7,0,381,56,0.007812499999999986,0,3,0,0,0,treeverse/dvc
b415cc11c4691f87,341,32,31,3,309,0,7,309,35,0.084267724685182,0,30,3,9,0,treeverse/dvc
2e14d2072f2acf5a,84,0,0,0,84,1,0,84,4,0.0,0,0,0,0,0,treeverse/dvc
8fcb1ab46069f8c6,76,4,4,0,72,0,0,72,6,0.05263157894736839,0,3,0,0,0,treeverse/dvc
f32b71b65be67b73,680,4,3,0,676,25,0,676,42,0.004411764705882344,0,3,0,0,0,treeverse/dvc
a1829567d9057845,373,0,0,0,373,29,0,373,52,0.0,0,0,0,0,0,treeverse/dvc
8b16d0373c9b0c13,347,2,2,0,345,23,0,345,29,0.00576368876080691,0,2,0,0,0,treeverse/dvc
c01a92bf7adbf2b0,400,8,8,0,392,0,0,392,101,0.01999999999999999,0,8,0,0,0,treeverse/dvc
8b6267ffcb280533,168,4,4,0,164,5,0,164,14,0.023809523809523826,0,4,0,0,0,treeverse/dvc
d7dcd6f62c68ec2f,303,3,3,0,300,24,0,300,44,0.013201320132013195,0,3,0,0,0,treeverse/dvc
26d742db3f778f8b,837,17,14,7,820,53,7,820,87,0.011582132143747353,0,11,7,10,0,treeverse/dvc
b24f1032354eac3f,88,4,4,0,84,3,0,84,13,0.045454545454545456,0,3,0,1,0,treeverse/dvc
4b8b1fa4eeeade31,769,4,4,0,765,63,0,765,87,0.0052015604681404665,0,4,0,0,0,treeverse/dvc
8f869a417e238763,201,1,1,0,200,0,0,200,13,0.00497512437810943,0,1,0,0,0,treeverse/dvc
c35561e9d3e33790,169,0,0,0,169,12,0,169,19,0.0,0,0,0,0,0,treeverse/dvc
bd5e89d326d6b4e6,68,0,0,0,68,0,0,68,3,0.0,0,0,0,0,0,treeverse/dvc
edaf1099fa637344,129,3,3,0,126,0,0,126,0,0.0232558139534884,0,3,0,0,0,treeverse/dvc
023c6e8b9f90897b,140,3,3,0,137,0,0,137,1,0.02142857142857142,0,3,0,0,0,treeverse/dvc
da743c964013608c,333,3,3,0,330,9,0,330,172,0.009009009009009018,0,3,0,0,0,treeverse/dvc
4d7c69f7e6f08345,394,11,11,1,383,18,1,383,36,0.02538071065989847,0,11,1,1,0,treeverse/dvc
bdf6796d1039c75a,121,0,0,0,121,0,0,121,67,0.0,0,0,0,0,0,treeverse/dvc
09f598c277953983,123,0,0,0,123,2,0,123,2,0.00813008130081301,0,0,0,0,0,treeverse/dvc
22edc9dc4f63e77e,207,5,5,5,202,2,5,202,49,0.0,0,5,5,5,0,qemu/qemu
ab8a1b72871a66fc,1819,899,894,894,920,7,893,920,10,0.0,0,894,894,894,1,qemu/qemu
caeb373a66fa26ce,157,4,4,4,153,2,4,153,2,0.0,0,4,4,4,0,qemu/qemu
5d290a12d4e787c4,379,1,1,1,378,0,1,378,3,0.0,0,1,1,1,0,qemu/qemu
28f12f673dc164b1,154,33,33,33,121,0,33,121,0,0.0,0,25,25,25,0,qemu/qemu
cf4d1d33b1a87f45,148,22,22,22,126,0,7,126,10,0.0,0,16,16,16,0,qemu/qemu
dc3d25f3129fdf54,154,1,1,1,153,1,1,153,1,0.0,0,1,1,1,0,qemu/qemu
d3a2b6dc2d537ae1,210,2,2,2,208,7,2,208,41,0.0,0,2,2,2,0,qemu/qemu
d85e0dc06065007e,502,33,33,27,469,5,27,469,10,0.0,0,33,33,33,0,qemu/qemu
0dee70dce36badd3,1767,10,10,7,1757,91,7,1757,138,0.0,0,10,10,10,0,qemu/qemu
8ca8fc5bb91ba96a,994,33,33,33,961,55,33,961,99,0.0,0,33,33,33,0,qemu/qemu
8f8ccdeeaa1d3511,382,2,2,2,380,3,0,380,114,0.0,0,2,2,2,0,qemu/qemu
00ed47d70388c21b,50,8,8,8,42,0,8,42,0,0.0,0,8,8,8,0,qemu/qemu
7cdccb4a717202c3,2525,0,0,0,2525,72,0,2525,113,0.0,0,0,0,0,0,qemu/qemu
6fd0f44245c4504c,641,12,12,12,629,58,12,629,77,0.0,0,12,12,12,0,qemu/qemu
130d137ca900ef2b,708,1,1,1,707,9,1,707,37,0.0,0,1,1,1,0,qemu/qemu
f5898583c5dbefad,289,26,26,26,263,6,26,263,6,0.0,0,26,26,26,0,qemu/qemu
304d6d2634adf758,2057,2,2,2,2055,56,2,2055,191,0.0,0,2,2,2,0,qemu/qemu
968d8e3099e2cc9d,1942,21,21,21,1921,112,21,1921,164,0.0,0,21,21,21,0,qemu/qemu
39b4a13bdcfc0b88,174,89,79,77,85,2,77,85,2,0.0,0,69,69,69,1,qemu/qemu
d0a205fbbacbede5,40,4,4,4,36,0,4,36,0,0.0,0,4,4,4,0,qemu/qemu
e90f7f7336bf4885,3318,50,50,36,3268,88,36,3268,370,0.0,0,50,50,50,0,qemu/qemu
8eb9f0a59d0fc735,226,131,125,123,95,0,112,95,17,0.0,0,122,122,122,1,qemu/qemu
54be9dac6600d4bd,238,0,0,0,238,22,0,238,22,0.0,0,0,0,0,0,qemu/qemu
898fdd782455a0f2,267,1,1,1,266,9,1,266,18,0.0,0,1,1,1,0,qemu/qemu
8d37b6ddb7a5efc9,21,1,1,0,20,0,0,20,11,0.047619047619047616,0,1,0,0,0,Lightning-AI/pytorch-lightning
f26e163128a2ad53,34,1,1,0,33,0,0,33,13,0.02941176470588236,0,1,0,0,0,Lightning-AI/pytorch-lightning
c7729da4ca6f935e,421,1,1,0,420,60,0,420,109,0.0023752969121140187,0,1,0,0,0,Lightning-AI/pytorch-lightning
d1fe7f37fa756bad,89,1,1,0,88,0,0,88,26,0.011235955056179761,0,1,0,0,0,Lightning-AI/pytorch-lightning
906d85ea98452a42,102,1,1,0,101,9,0,101,9,0.009803921568627447,0,1,0,0,0,Lightning-AI/pytorch-lightning
1dbd92a882f69122,164,1,1,0,163,0,0,163,30,0.006097560975609744,1,1,0,0,1,Lightning-AI/pytorch-lightning
a32fe1859787ceb6,109,1,1,0,108,1,0,108,13,0.009174311926605505,0,1,0,0,0,Lightning-AI/pytorch-lightning
053702ae37c4dde0,249,1,1,0,248,16,0,248,28,0.004016064257028083,0,1,0,0,0,Lightning-AI/pytorch-lightning
b9d6467d22bbebf9,232,1,1,0,231,1,0,231,2,0.004310344827586205,0,1,0,0,0,Lightning-AI/pytorch-lightning
bca6cb311767a882,100,1,1,0,99,0,0,99,2,0.010000000000000005,0,1,0,0,0,Lightning-AI/pytorch-lightning
cea111bd9a95f99c,323,1,1,0,322,11,0,322,34,0.0030959752321981296,0,1,0,0,0,Lightning-AI/pytorch-lightning
3e882417737cc37d,486,1,1,0,485,0,0,485,34,0.002057613168724247,0,1,0,0,0,Lightning-AI/pytorch-lightning
092f8fcfded5ca85,510,1,1,0,509,8,0,509,273,0.0019607843137255387,0,1,0,0,0,Lightning-AI/pytorch-lightning
7cf8c282d7fd9f34,416,1,1,0,415,3,0,415,17,0.0024038461538461453,0,1,0,0,0,Lightning-AI/pytorch-lightning
fefaefea7073b082,125,14,10,0,111,5,0,111,5,0.11067768595041319,1,10,0,0,1,Lightning-AI/pytorch-lightning
462e99dd34c14fa9,162,1,1,0,161,0,0,161,12,0.006172839506172853,0,1,0,0,0,Lightning-AI/pytorch-lightning
e4d81327a21fe563,21,1,1,0,20,0,0,20,12,0.047619047619047644,0,1,0,0,0,Lightning-AI/pytorch-lightning
2aee67f024f74476,90,1,1,0,89,3,0,89,3,0.011111111111111106,0,1,0,0,0,Lightning-AI/pytorch-lightning
eddfe8c09673a068,421,13,10,0,408,8,0,408,13,0.028094420893520784,0,10,0,0,0,Lightning-AI/pytorch-lightning
6f0e31119043b830,419,1,1,0,418,5,0,418,110,0.002386634844868743,0,1,0,0,0,Lightning-AI/pytorch-lightning
8086c60183778b79,104,1,1,0,103,0,0,103,13,0.009615384615384658,0,1,0,0,0,Lightning-AI/pytorch-lightning
425828c919d5a68d,203,1,1,0,202,0,0,202,3,0.004926108374384241,0,1,0,0,0,Lightning-AI/pytorch-lightning
2978a5ebd5b73039,17,1,1,0,16,0,0,16,12,0.05882352941176471,0,1,0,0,0,Lightning-AI/pytorch-lightning
002e31e4e2f3a11f,74,1,1,0,73,0,0,73,22,0.0135135135135135,0,1,0,0,0,Lightning-AI/pytorch-lightning
a9693a58c2c0b664,246,1,1,0,245,0,0,245,15,0.0040650406504065435,0,1,0,0,0,Lightning-AI/pytorch-lightning
1fb0b6b26b157f57,48,41,25,0,7,0,0,7,0,0.6416666666666666,1,25,0,0,1,NicolasHug/Surprise
ae9b32230ef9684a,48,21,21,0,27,0,2,27,0,0.4375,1,20,0,1,1,NicolasHug/Surprise
a55bd2291f433c08,292,51,46,0,241,1,0,241,1,0.16047639222332064,0,42,0,25,0,NicolasHug/Surprise
21aad076b9a07d51,71,26,17,0,45,0,0,45,0,0.23943661971830987,0,16,0,11,0,NicolasHug/Surprise
f1dbe79adfb6e39e,49,27,0,0,22,0,0,22,1,0.0,0,0,0,0,0,NicolasHug/Surprise
28cba38a897ca965,37,6,6,0,31,0,0,31,0,0.16216216216216217,0,6,0,5,0,NicolasHug/Surprise
0289456dd6ceb6fe,24,2,2,0,22,0,0,22,0,0.08333333333333336,0,2,0,1,0,NicolasHug/Surprise
3c37feacdddfd144,774,24,24,0,750,8,0,750,16,0.031007751937984517,0,24,0,24,0,NicolasHug/Surprise
c789c7fc92f556c4,92,17,16,2,75,0,2,75,8,0.15217391304347827,0,14,2,4,0,NicolasHug/Surprise
6cc0462952dd5fc8,126,41,31,1,85,3,1,85,5,0.26099401509237574,1,30,1,8,1,NicolasHug/Surprise
2022cc426cdfb92c,24,3,0,0,21,0,0,21,2,0.0,0,0,0,0,0,NicolasHug/Surprise
995a3ff389c7887f,30,4,0,0,26,0,0,26,0,0.0,0,0,0,0,0,NicolasHug/Surprise
5617f4de87e0ee01,124,74,0,0,50,0,0,50,0,0.0016942260775277863,0,0,0,0,0,NicolasHug/Surprise
bff95dcc18d0ccac,280,41,35,5,239,0,5,239,4,0.1133864337101747,0,30,8,16,0,NicolasHug/Surprise
b158b85e51bb5d4e,312,22,0,0,290,0,0,290,4,0.0,0,0,0,0,0,NicolasHug/Surprise
c092d50284df9321,226,157,134,18,69,1,19,69,1,0.5376508447304907,1,120,12,67,1,NicolasHug/Surprise
aac65cb9fc88e406,73,25,1,0,48,0,0,48,5,0.01678564537912402,0,1,1,1,0,NicolasHug/Surprise
ac30e62b4c474051,179,23,16,0,156,0,0,156,16,0.10271711528694767,0,15,0,7,0,NicolasHug/Surprise
107e910e9f2ebfb9,33,29,0,0,4,0,0,4,0,0.0,0,0,0,0,0,NicolasHug/Surprise
e52e4ddd58b7ef88,53,12,0,0,41,0,0,41,0,0.0,0,0,0,0,0,NicolasHug/Surprise
3846ae933e25924b,38,3,3,0,35,0,0,35,0,0.07894736842105259,0,3,0,1,0,NicolasHug/Surprise
b9ccd3e1852652bb,417,52,46,0,365,1,1,365,46,0.11696729572863447,0,44,1,32,0,NicolasHug/Surprise
00baedd1ded47767,57,14,12,0,43,0,0,43,0,0.21052631578947367,0,11,0,5,0,NicolasHug/Surprise
b2b39744f27d1915,36,20,0,0,16,0,0,16,0,0.0,0,0,0,0,0,NicolasHug/Surprise
b295306ac86ce67a,244,79,3,0,165,0,0,165,16,0.012723780780574795,0,3,0,1,0,NicolasHug/Surprise
b237894d35d8ff98,161,24,23,1,137,2,1,137,3,0.14285714285714285,0,19,1,5,0,conda/conda
ade4c48ccdde7569,216,2,2,1,214,0,1,214,0,0.00462962962962964,0,2,1,1,0,conda/conda
a21e2376c9e0c26c,4446,1565,1425,47,2881,642,47,2881,939,0.4384521482361286,1,1313,39,848,1,conda/conda
68cc63c694632f5b,80,0,0,0,80,3,0,80,6,0.02499999999999996,0,0,0,0,0,conda/conda
897f690c201bb65e,48,1,0,0,47,0,0,47,2,0.015957446808510658,0,0,0,0,0,conda/conda
9c0df5f9d4615f3a,17,1,0,0,16,0,0,16,6,0.0477941176470588,0,0,0,0,0,conda/conda
651500b4d6e321e1,658,60,56,0,598,29,2,598,73,0.09189432129883608,0,50,2,30,0,conda/conda
f5c41f7e31bcc7ac,708,20,17,0,688,67,0,688,74,0.029264334655607665,0,16,0,0,0,conda/conda
6be1cb27050c4e3e,32,4,3,0,28,0,0,28,0,0.125,0,3,0,0,0,conda/conda
9c4468df9faf5d1b,781,48,34,2,733,0,0,733,205,0.05803411198493555,0,27,3,10,0,conda/conda
330f063a12422416,304,47,44,2,257,1,3,257,12,0.14491169784927435,0,43,3,39,0,conda/conda
25b734985701e3f1,33,7,6,0,26,0,1,26,1,0.20265151515151514,1,6,1,4,1,conda/conda
e3e902a85b6d7a36,1827,271,234,5,1556,14,6,1556,152,0.13819164620955735,0,190,8,55,0,conda/conda
4a36fb4583a895cd,1177,6,4,0,1171,215,3,1171,296,0.07495386699595104,0,4,3,3,0,conda/conda
d880228e954d9907,1696,389,360,7,1307,107,7,1307,137,0.22305505782470578,1,298,6,94,1,conda/conda
f3725a55bf339595,110,0,0,0,110,0,0,110,0,0.0,0,0,0,0,0,conda/conda
54eebab3b20edeed,268,5,5,0,263,15,0,263,67,0.04669070378444855,0,3,0,1,0,conda/conda
8d6a438e044bfa91,209,15,14,0,194,8,1,194,24,0.07156330511593666,0,14,1,13,0,conda/conda
1d0c31b7d8fba203,182,10,9,0,172,0,0,172,6,0.05436828365005159,0,9,0,8,0,conda/conda
6fdb9b9eee632cce,161,3,1,0,158,5,1,158,48,0.018633540372670825,0,1,1,1,0,conda/conda
98cf1a335442610f,127,6,1,0,121,14,0,121,29,0.020459532722344135,0,1,0,1,0,conda/conda
ff8022ba5d08310a,879,44,41,0,835,15,0,835,37,0.04964389795377684,0,35,0,0,0,conda/conda
3dda1c9a9e79ff4f,2367,636,556,26,1731,147,24,1731,435,0.25977587980339956,0,407,11,288,1,conda/conda
6ccaf8e62ac7700e,161,80,79,0,81,0,0,81,2,0.496583850931677,1,78,0,72,1,conda/conda
27c5febcc9ce93e8,21,0,0,0,21,1,0,21,1,0.0,0,0,0,0,0,conda/conda
bb59704bc839318c,67,5,3,0,62,0,0,62,18,0.044776119402985065,0,3,1,1,0,javaparser/javaparser
bafcbfbfa705d9d2,51,7,7,0,44,0,0,44,19,0.13725490196078435,0,7,0,0,0,javaparser/javaparser
0b5535170323e22d,90,4,3,0,86,0,1,86,12,0.044444444444444405,0,3,1,1,0,javaparser/javaparser
40c4b02907f7e836,144,3,2,0,141,43,0,141,51,0.020833333333333356,0,2,1,1,0,javaparser/javaparser
087ab8da21bc92a8,78,10,7,1,68,0,1,68,21,0.08974358974358973,0,7,1,1,0,javaparser/javaparser
5ffae24aee7dd96f,53,7,7,0,46,0,0,46,19,0.13207547169811318,0,7,0,0,0,javaparser/javaparser
a767dcfd26b814c3,63,2,1,0,61,0,1,61,13,0.03174603174603172,0,1,1,1,0,javaparser/javaparser
6c591591b9364f49,209,34,33,17,175,0,20,175,5,0.06698564593301434,0,28,16,16,0,javaparser/javaparser
1b47edfa85ef6a57,179,19,17,2,160,7,4,160,19,0.08938547486033518,0,17,3,3,0,javaparser/javaparser
ada50f4d2e949ae9,74,73,67,65,1,0,48,1,0,0.027027027027027,0,58,56,56,1,javaparser/javaparser
7eb673e89d516422,108,3,2,0,105,0,0,105,23,0.027777777777777776,0,2,1,1,0,javaparser/javaparser
5ac3f5f198c436e4,314,11,10,0,303,9,0,303,29,0.03503184713375795,0,10,2,2,0,javaparser/javaparser
b4aa77590ab6261e,313,22,21,0,291,62,0,291,81,0.07028753993610225,0,21,1,1,0,javaparser/javaparser
d0ddb4deb691dcc7,158,53,52,0,105,0,2,105,18,0.3354430379746836,0,52,1,1,0,javaparser/javaparser
3cce7b2fce923208,70,0,0,0,70,0,0,70,29,0.0,0,0,0,0,0,javaparser/javaparser
1d9c3bdc57ce71d7,44,11,9,9,33,0,9,33,19,0.0,0,8,3,3,0,javaparser/javaparser
2c15894d4c982c23,254,2,2,0,252,12,0,252,27,0.007874015748031496,0,2,0,0,0,javaparser/javaparser
8ba0871dc9820eaf,213,3,2,0,210,44,0,210,57,0.014084507042253544,0,2,1,1,0,javaparser/javaparser
1dcd128a5041595d,48,2,1,0,46,1,1,46,19,0.041666666666666644,0,1,1,1,0,javaparser/javaparser
7662bd30d03c7ade,219,3,0,0,216,0,0,216,25,0.0009635122114699801,0,0,0,0,0,javaparser/javaparser
a29064f494d54708,54,17,15,5,37,0,6,37,17,0.2037037037037037,0,15,6,6,0,javaparser/javaparser
ea5239ee65677d1f,60,4,4,0,56,0,3,56,18,0.06666666666666664,0,4,1,1,0,javaparser/javaparser
95de8730080b6d1b,87,3,3,0,84,0,0,84,18,0.034482758620689634,0,3,0,0,0,javaparser/javaparser
2d4b88ae59536004,147,116,94,83,31,1,83,31,1,0.027210884353741503,0,71,67,67,1,javaparser/javaparser
d2b42a07cb853957,104,4,4,0,100,0,2,100,18,0.03846153846153843,0,4,1,1,0,javaparser/javaparser
d7dd1a8e8abe5e47,17,7,5,1,10,0,1,10,0,0.2352941176470588,0,5,1,1,0,lichess-org/lila
5618f221fc26bbe3,75,3,2,0,72,0,0,72,0,0.0266666666666667,0,2,0,1,0,lichess-org/lila
7139fef4db6dcc87,95,0,0,0,95,2,0,95,2,0.0,0,0,0,0,0,lichess-org/lila
0616e0b38d3ae83b,100,12,7,4,88,0,4,88,1,0.030000000000000013,0,7,4,5,0,lichess-org/lila
54ee8ea09899fb48,49,4,1,0,45,1,0,45,2,0.020408163265306135,0,1,0,1,0,lichess-org/lila
7859330973a88543,93,12,9,3,81,0,4,81,0,0.08602150537634408,0,9,4,6,0,lichess-org/lila
347ce3037b735aba,21,2,2,0,19,1,0,19,1,0.09523809523809526,0,2,0,0,0,lichess-org/lila
958fc4ca94872f3b,74,8,8,7,66,0,7,66,4,0.013513513513513556,0,8,7,8,0,lichess-org/lila
d70f4a58289a0065,8,0,0,0,8,0,0,8,0,0.0,0,0,0,0,0,lichess-org/lila
fe606338f51c7640,500,7,5,2,493,119,2,493,131,0.013999999999999999,0,3,2,3,0,lichess-org/lila
3717b5e5aa223cc9,77,2,1,0,75,0,0,75,2,0.02597402597402598,0,1,0,1,0,lichess-org/lila
de26833b66f8c4b1,309,1,1,0,308,2,0,308,8,0.0032362459546925737,0,1,0,1,0,lichess-org/lila
1aed3a759e2d8956,11,6,6,0,5,0,0,5,0,0.5454545454545454,1,5,0,1,1,lichess-org/lila
45ac49c4db95e451,49,2,1,0,47,1,1,47,1,0.020408163265306076,0,1,1,1,0,lichess-org/lila
aa6a26ef4d7a1718,11,1,0,0,10,0,0,10,0,0.0,0,0,0,0,0,lichess-org/lila
7e2257115387bb65,14,1,1,0,13,0,0,13,0,0.07142857142857141,0,0,0,0,0,lichess-org/lila
b63d0783a08fc4f2,112,8,8,6,104,0,6,104,2,0.01785714285714283,0,6,4,6,0,lichess-org/lila
4ba6ddd23d3d03ff,227,0,0,0,227,14,0,227,20,0.0,0,0,0,0,0,lichess-org/lila
2fa0eae35bfde1c0,26,2,2,0,24,20,0,24,20,0.07692307692307696,0,2,0,0,0,lichess-org/lila
72ee530fdd66b3e1,144,21,4,0,123,0,0,123,0,0.027777777777777783,0,4,0,0,0,lichess-org/lila
3f3d2f6510ecea58,190,23,15,7,167,34,7,167,35,0.05789473684210527,0,15,7,12,0,lichess-org/lila
d1b2c89ecd8fba25,86,4,4,0,82,2,0,82,6,0.04651162790697673,0,3,0,0,0,lichess-org/lila
fafd7d109b436ee1,11,1,0,0,10,1,0,10,1,0.0,0,0,0,0,0,lichess-org/lila
e303a91742bcc822,122,12,7,2,110,10,3,110,10,0.024590163934426187,0,7,6,7,0,lichess-org/lila
d1c192229017a46e,614,3,3,1,611,0,1,611,0,0.0032573289902280136,0,3,1,3,0,lichess-org/lila
d445826c6a9fb5de,143,20,0,0,123,0,0,123,0,0.0,0,0,0,0,0,wkentaro/labelme
7df5c051911e1926,35,6,0,0,29,0,0,29,0,0.0,0,0,0,0,0,wkentaro/labelme
b084bdaec18bd8d3,16,0,0,0,16,0,0,16,0,0.0,0,0,0,0,0,wkentaro/labelme
50c86b7ed8ac2cf9,134,0,0,0,134,0,0,134,0,0.0,0,0,0,0,0,wkentaro/labelme
c29d43c632d9da4d,415,29,2,0,386,19,0,386,22,0.004819277108433754,0,2,0,2,0,wkentaro/labelme
5450d4456f664ff9,171,5,0,0,166,0,0,166,0,0.0,0,0,0,0,0,wkentaro/labelme
ee84a1fce4f0ce85,1,0,0,0,1,0,0,1,0,0.0,0,0,0,0,0,wkentaro/labelme
74fbed6d6d92355c,229,39,4,4,190,1,2,190,1,0.0004057657379140222,0,4,4,4,0,wkentaro/labelme
106db89bdfe06f7d,10,1,0,0,9,0,0,9,0,0.011111111111111141,0,0,0,0,0,storybookjs/storybook
0ac59910eeeec1f2,118,0,0,0,118,0,0,118,0,0.0,0,0,0,0,0,storybookjs/storybook
9f6b37d4ab374cab,62,0,0,0,62,3,0,62,3,0.0,0,0,0,0,0,storybookjs/storybook
1adde6cdd4026b18,1304,1,0,0,1303,54,0,1303,114,0.0006061990027732135,0,0,0,0,0,storybookjs/storybook
080668e127e1b009,102,2,0,0,100,0,0,100,2,0.009607843137254928,0,0,0,0,0,storybookjs/storybook
0156a452bad5dc66,35,3,1,0,32,0,1,32,3,0.08571428571428572,0,1,1,1,0,storybookjs/storybook
3d5bcac4d1cfe5dc,87,0,0,0,87,0,0,87,12,0.0,0,0,0,0,0,storybookjs/storybook
ed0221f2d120139d,8,3,0,0,5,0,0,5,0,0.0,0,0,0,0,0,storybookjs/storybook
ab2f87d3c191c5ac,78,0,0,0,78,4,0,78,5,0.0,0,0,0,0,0,storybookjs/storybook
8a6ed54f8ba493f1,18,1,0,0,17,0,0,17,0,0.055555555555555566,0,0,0,0,0,storybookjs/storybook
626cf8b430301851,365,4,2,0,361,109,2,361,113,0.010083399373561298,1,2,2,2,0,storybookjs/storybook
82017854f689783e,362,2,1,0,360,0,0,360,0,0.005517209715186527,0,1,0,0,0,storybookjs/storybook
0ecd7a17c77a97b0,19,0,0,0,19,0,0,19,8,0.0,0,0,0,0,0,storybookjs/storybook
b4576c9f61ab4dc9,30,2,0,0,28,0,0,28,1,0.06666666666666665,0,0,0,0,0,storybookjs/storybook
1ff6332340851102,1157,1,0,0,1156,75,0,1156,137,0.000864304235090785,0,0,0,0,0,storybookjs/storybook
2959ab50ae9a0c45,35,21,0,0,14,0,0,14,0,0.0,0,0,0,0,0,storybookjs/storybook
ca10328a475378fd,18,2,1,0,16,0,0,16,0,0.11111111111111116,0,1,0,0,0,storybookjs/storybook
ed5da5bac9a0d4fb,150,0,0,0,150,0,0,150,0,0.0,0,0,0,0,0,storybookjs/storybook
a69675f9c7583c9b,10,4,0,0,6,0,0,6,0,0.0,0,0,0,0,0,storybookjs/storybook
47529eedc356720f,155,3,0,0,152,4,0,152,12,0.004074702886247885,0,0,0,0,0,storybookjs/storybook
2bc1786d44bd936d,16,1,0,0,15,0,0,15,2,0.05833333333333334,0,0,0,0,0,storybookjs/storybook
cd638fb3a9c34a58,146,6,2,0,140,0,1,140,7,0.027924130663856683,0,2,1,1,0,storybookjs/storybook
817f0bffc773434d,424,1,0,0,423,43,0,423,58,0.00233061242695929,0,0,0,0,0,storybookjs/storybook
3cd0c7ceca99072b,42,3,2,0,39,0,1,39,0,0.06736353077816495,0,2,2,2,0,storybookjs/storybook
e6614e6c81521e93,8,0,0,0,8,4,0,8,4,0.0,0,0,0,0,0,storybookjs/storybook
d32040a5862e059e,1598,941,775,15,657,202,135,657,217,0.5268909210904678,1,763,186,186,1,dotnet/runtime
7a62d9973691c15d,2799,1987,1530,32,812,412,352,812,389,0.6186356501333707,1,1487,322,324,1,dotnet/runtime
3d181d5f3d212e5e,2683,1901,1540,25,782,321,291,782,334,0.6323510202891525,1,1507,350,350,1,dotnet/runtime
3c3eb52f1062f824,941,681,529,6,260,211,72,260,218,0.6055478658456135,1,511,108,108,1,dotnet/runtime
1dc3792de14ac8de,3971,3051,2501,32,920,516,537,920,513,0.6780144246376197,1,2445,553,553,1,dotnet/runtime
941a701bc31f559b,614,471,360,7,143,76,53,143,76,0.6158840028954035,1,353,76,77,1,dotnet/runtime
07ccac1294a869a1,4582,3498,2729,42,1084,632,506,1084,626,0.6541301389909505,1,2663,529,531,1,dotnet/runtime
9d5d9cf350092f33,496,329,277,5,167,72,34,167,72,0.6069929888789114,1,270,38,38,1,dotnet/runtime
a19b35307205e149,504,333,278,6,171,70,78,171,70,0.5851431228000266,1,274,41,42,1,dotnet/runtime
6e9cc5d41e959905,712,521,432,11,191,65,93,191,72,0.6496935648621042,1,418,84,85,1,dotnet/runtime
d87dc7760a6a72cd,1734,1345,1060,11,389,158,257,389,153,0.6746742131341247,1,1042,262,264,1,dotnet/runtime
f839f331c4ea135c,4855,1246,1003,17,3609,1642,188,3609,2213,0.37986021272016113,1,982,206,208,0,dotnet/runtime
b5406f6d4d01de79,2310,1659,1264,17,651,387,257,651,394,0.6288688566335625,1,1236,216,220,1,dotnet/runtime
c3fd227395165443,1549,1133,969,8,416,182,197,416,182,0.6818828278513644,1,945,209,209,1,dotnet/runtime
f5c85134c768a9ba,1797,1380,1086,18,417,153,229,417,151,0.6572873623099177,1,1063,298,301,1,dotnet/runtime
92371b28d356fb53,1918,1436,1183,13,482,231,175,482,232,0.6493722956163327,1,1162,194,196,1,dotnet/runtime
3bcdfdbdbab53ba6,2296,1682,1327,13,614,305,234,614,305,0.6417839063835382,1,1308,303,305,1,dotnet/runtime
9e65065e5a5f0f4c,516,333,290,1,183,119,61,183,119,0.5753028349489837,1,287,59,60,1,dotnet/runtime
63ae926a41cc991b,18,9,9,0,9,0,0,9,0,0.5,1,9,0,0,1,teambit/bit
a71bc45b38ac752e,223,4,3,0,219,0,0,219,1,0.013452914798206275,0,3,0,3,0,teambit/bit
da3e766d1592814c,19,9,9,7,10,0,7,10,0,0.10526315789473684,0,5,5,5,1,teambit/bit
ee9a4cf2c71fdd17,132,0,0,0,132,17,0,132,22,0.0,0,0,0,0,0,teambit/bit
fb0d56eedd43a709,25,1,1,0,24,0,0,24,0,0.040000000000000015,0,1,0,1,0,teambit/bit
638dbf9e4f7701e0,20,3,3,1,17,0,1,17,0,0.09999999999999999,0,1,1,1,0,teambit/bit
a9319f2dd86cd695,52,0,0,0,52,0,0,52,0,0.0,0,0,0,0,0,teambit/bit
2cfc65eb78fda740,13,7,7,0,6,0,0,6,0,0.5384615384615384,1,7,0,0,1,teambit/bit
d7396fda11040cbe,8,0,0,0,8,0,0,8,0,0.0,0,0,0,0,0,teambit/bit
d4eb50e857fd25fd,169,12,12,0,157,6,0,157,11,0.1005917159763314,0,10,0,0,0,teambit/bit
c4b2137da4b6ba39,51,1,1,0,50,0,0,50,1,0.0196078431372549,0,1,0,1,0,teambit/bit
f807e4f0ae7c32f8,5,4,4,4,1,0,4,1,0,0.0,0,2,2,2,1,teambit/bit
fe4b2f0dd29b65e9,244,2,2,2,242,16,2,242,23,0.0,0,2,2,2,0,teambit/bit
3480bea17d48ad3c,64,0,0,0,64,0,0,64,3,0.0,0,0,0,0,0,teambit/bit
e1e13d5f5042f658,122,2,2,0,120,0,0,120,0,0.016393442622950755,0,2,0,2,0,teambit/bit
e9a4eaca556da7c7,7,5,5,0,2,0,3,2,0,0.7142857142857143,1,5,0,0,1,teambit/bit
fb35e09292112e49,60,4,4,0,56,0,0,56,6,0.06666666666666665,0,2,0,2,0,teambit/bit
3a6a4ef770440de1,208,0,0,0,208,5,0,208,20,0.004807692307692353,0,0,0,0,0,teambit/bit
1ec2cc6307eb50e5,61,11,0,0,50,2,0,50,2,0.0008196721311475343,0,0,0,0,0,teambit/bit
a1d259d8fc4998d9,6,2,2,1,4,0,1,4,0,0.16666666666666663,0,1,0,1,0,teambit/bit
2060db3c3bbc5cd3,241,1,1,0,240,0,0,240,1,0.0041493775933610436,0,1,0,1,0,teambit/bit
9b81b0c6f3786c96,123,0,0,0,123,0,0,123,4,0.0,0,0,0,0,0,teambit/bit
42a51a7c9dae30c4,50,0,0,0,50,0,0,50,24,0.0,0,0,0,0,0,teambit/bit
1844ef4f8c8f69da,12,8,8,0,4,0,3,4,0,0.6666666666666666,1,8,0,0,1,teambit/bit
1408c006689bf6e3,13,11,11,0,2,0,0,2,0,0.8461538461538463,1,11,0,0,1,teambit/bit
a9a64b6c011cc15c,576,23,23,0,553,14,0,553,47,0.03645833333333334,0,23,1,8,0,pylint-dev/pylint
a84ec5bad144927c,140,1,0,0,139,6,0,139,7,0.007142857142857123,0,0,0,0,0,pylint-dev/pylint
ec2e2d9eac8d6b92,170,6,6,0,164,0,0,164,147,0.035294117647058816,0,3,0,3,0,pylint-dev/pylint
76025f0bc82e83cb,301,38,33,0,263,9,0,263,33,0.12274461111670415,0,32,0,31,0,pylint-dev/pylint
1a4f96972f776fae,255,2,2,0,253,5,0,253,29,0.00784313725490196,0,2,0,2,0,pylint-dev/pylint
25ea2b750b0e57f4,49,2,1,0,47,6,0,47,11,0.03954081632653061,0,1,0,1,0,pylint-dev/pylint
fde4ca9997ca45a2,88,22,21,2,66,0,2,66,8,0.22727272727272724,0,16,2,5,0,pylint-dev/pylint
35d3c5349e5876e9,151,2,2,0,149,0,0,149,1,0.01324503311258276,0,1,0,1,0,pylint-dev/pylint
af386e94f0d0f2fc,47,2,2,0,45,0,0,45,0,0.04255319148936171,0,1,0,1,0,pylint-dev/pylint
88d4719748807657,2437,195,132,2,2242,130,2,2242,268,0.06065129216538102,1,127,2,28,0,pylint-dev/pylint
cd805241ac333b6e,269,29,19,1,240,4,1,240,5,0.09972833857592223,0,19,1,13,0,pylint-dev/pylint
b86afce3805dc329,226,21,20,0,205,12,0,205,15,0.09274336283185843,0,15,0,11,0,pylint-dev/pylint
0228810a23bfd655,109,4,3,0,105,12,0,105,14,0.03652735304111448,0,3,0,3,0,pylint-dev/pylint
64da06ebc16b9171,47,0,0,0,47,1,0,47,2,0.0,0,0,0,0,0,pylint-dev/pylint
1c142afc02e8b8c4,3566,274,180,5,3292,281,5,3292,557,0.05558165275290636,1,136,3,67,1,pylint-dev/pylint
1fc8e30254a5d218,709,160,122,1,549,75,1,549,91,0.2663497235867257,1,84,1,35,1,pylint-dev/pylint
a5110b52cac9b8b5,108,12,8,0,96,0,0,96,0,0.08350803633822504,0,8,0,8,0,pylint-dev/pylint
70923534ba3d3f39,65,23,0,0,42,0,0,42,5,0.017866004962779125,0,0,0,0,0,pylint-dev/pylint
40ae82bda0ba756c,140,1,0,0,139,3,0,139,3,0.007040082219938324,0,0,0,0,0,pylint-dev/pylint
d68f9eb5792cdb17,1124,98,42,2,1026,218,2,1026,234,0.07535563336609008,0,34,4,20,0,pylint-dev/pylint
bf82dca27a644ecc,779,195,179,3,584,104,3,584,112,0.2415056301746345,1,140,3,67,1,pylint-dev/pylint
b6fcc07dde118fad,1354,175,169,0,1179,93,0,1179,172,0.12021117128945787,0,157,0,144,1,pylint-dev/pylint
6ac1203c1590b8a6,119,5,0,0,114,3,0,114,4,0.03943682736252395,0,0,0,0,0,pylint-dev/pylint
94b93503528cbab1,303,8,5,1,295,8,1,295,13,0.019141914191419154,0,4,2,4,0,pylint-dev/pylint
42422e4db6e9c3ed,292,1,1,0,291,2,0,291,136,0.003424657534246582,0,1,0,0,0,pylint-dev/pylint
02531423b0112fee,179,42,40,4,137,0,4,137,0,0.21222737745794276,0,34,4,15,0,dask/dask
5599d810c9b68c5a,725,118,98,1,607,0,1,607,28,0.16090975788701398,0,86,3,48,0,dask/dask
fec9e4eca8d9878b,649,75,65,7,574,25,2,574,273,0.12011256031308548,0,62,8,35,0,dask/dask
465ee5ac151dc9b2,296,12,10,5,284,0,5,284,0,0.02364864864864862,0,10,5,8,0,dask/dask
f9bcf3f90b954648,44,10,10,0,34,0,0,34,0,0.2272727272727273,0,10,0,9,0,dask/dask
7f08628a92dd3add,541,19,17,4,522,9,2,522,22,0.025878003696857672,0,15,5,9,0,dask/dask
326932480b756e6f,990,137,129,6,853,22,5,853,127,0.13229031660803553,1,117,6,68,1,dask/dask
7f78812e6cc32396,132,26,24,0,106,3,0,106,5,0.196969696969697,0,17,0,7,0,dask/dask
f4a5f5e0931e735a,420,5,5,0,415,8,0,415,11,0.011904761904761911,0,5,0,0,0,dask/dask
78e4c5027854202a,3,1,1,0,2,0,0,2,0,0.3333333333333333,0,1,0,0,0,dask/dask
4f525b2cdbc35ea4,547,28,25,10,519,11,10,519,37,0.03269504785460801,0,25,15,17,0,dask/dask
7cd4c58914fc9efc,1094,25,20,2,1069,44,3,1069,178,0.025466682320581014,0,20,3,16,0,dask/dask
b9651821e5898a5c,69,3,2,1,66,2,1,66,2,0.028985507246376833,0,2,1,1,0,dask/dask
e417090a76d08168,1901,524,495,61,1377,112,64,1377,422,0.2388216728037875,1,436,64,266,1,dask/dask
df68bfa1a5c4aa32,153,47,44,4,106,4,6,106,8,0.2797385620915033,1,40,6,21,1,dask/dask
65ba8f119e3a1734,3266,534,500,9,2732,116,11,2732,424,0.16628332779933816,1,404,9,213,1,dask/dask
52a994051b98f820,66,6,5,1,60,3,3,60,3,0.07575757575757575,0,5,3,4,0,dask/dask
feff374beebbd4b2,84,23,21,7,61,2,7,61,10,0.1901858304297329,1,18,9,14,1,dask/dask
210fcbf0cc58dd45,592,18,17,7,574,4,7,574,26,0.018581081081081127,0,17,7,9,0,dask/dask
a31a4643eaa35203,886,209,173,2,677,16,3,677,16,0.23467013976386827,0,118,4,50,0,dask/dask
f46395de3e3f3fb5,519,146,134,0,373,2,0,373,12,0.2813102119460501,1,115,0,67,1,dask/dask
75cda666a3b92d41,252,16,14,0,236,1,0,236,33,0.06342857142857142,0,12,1,5,0,dask/dask
3e92a704ffd9fcbd,115,5,5,3,110,2,2,110,31,0.01739130434782609,0,5,4,4,0,dask/dask
ac03942171562257,349,67,64,3,282,4,4,282,5,0.18275999138744883,0,54,4,17,0,dask/dask
3d66d0a7bf84c7b5,48,5,4,0,43,0,0,43,1,0.10416666666666663,0,4,1,4,0,dask/dask
aab40ce3a0ebbc6d,508,297,0,0,211,0,0,211,0,0.0,0,0,0,0,0,zeux/meshoptimizer
5c3fa597431eda03,241,107,3,3,134,0,3,134,0,0.0,0,3,3,3,0,zeux/meshoptimizer
a09935c52184bca6,519,477,0,0,42,0,0,42,0,0.0,0,0,0,0,0,zeux/meshoptimizer
840fa93661302ba9,1102,41,0,0,1061,0,0,1061,0,0.0,0,0,0,0,0,zeux/meshoptimizer
0e3d89a486fe645f,150,23,0,0,127,0,0,127,0,0.0,0,0,0,0,0,zeux/meshoptimizer
b18ccd15ec95e2a9,148,30,0,0,118,0,0,118,0,0.0,0,0,0,0,0,zeux/meshoptimizer
3f689a613b621305,5,0,0,0,5,0,0,5,0,0.0,0,0,0,0,0,zeux/meshoptimizer
2e4fd1da7e2dc73f,333,299,0,0,34,0,0,34,0,0.0,0,0,0,0,0,zeux/meshoptimizer
5fc71c5e5530da93,472,74,0,0,398,0,0,398,0,0.0,0,0,0,0,0,zeux/meshoptimizer
1e7de1ae2d059d21,227,15,0,0,212,28,0,212,34,0.0,0,0,0,0,0,zeux/meshoptimizer
62a71deb3a532aad,243,37,0,0,206,0,0,206,0,0.0,0,0,0,0,0,zeux/meshoptimizer
cb0618c14c125bb7,33,18,18,18,15,0,18,15,0,0.0,0,18,18,18,1,zeux/meshoptimizer
c739dfcc33465422,296,231,0,0,65,0,0,65,0,0.0,0,0,0,0,0,zeux/meshoptimizer
7b3cadacd2b23326,467,373,0,0,94,0,0,94,0,0.0,0,0,0,0,0,zeux/meshoptimizer
281e38a36526f925,221,27,0,0,194,0,0,194,0,0.0,0,0,0,0,0,zeux/meshoptimizer
f5dc26b41da74151,203,40,0,0,163,0,0,163,0,0.0001243966761208335,0,0,0,0,0,zeux/meshoptimizer
33e0bb0f7fb5cff6,71,63,0,0,8,0,0,8,0,0.0,0,0,0,0,0,zeux/meshoptimizer
87db21a973eed4fe,92,30,0,0,62,0,0,62,0,0.0,0,0,0,0,0,zeux/meshoptimizer
8a3fe5e089258a87,2,2,0,0,0,0,0,0,0,0.0,0,0,0,0,0,zeux/meshoptimizer
8b2f26316c40d666,676,118,28,0,558,0,0,558,2,0.057692307692307696,0,26,0,0,0,zeux/meshoptimizer
4dafd05605d62a05,2947,584,0,0,2363,0,0,2363,0,0.0,0,0,0,0,0,zeux/meshoptimizer
7c0fe739f6a91d2c,356,84,0,0,272,0,0,272,0,0.0,0,0,0,0,0,zeux/meshoptimizer
716fdf2371cd0eb5,355,28,0,0,327,0,0,327,0,0.0,0,0,0,0,0,zeux/meshoptimizer
1585840da6764cb8,25,0,0,0,25,0,0,25,0,0.0,0,0,0,0,0,zeux/meshoptimizer
1b673b124e01b2d5,49,1,1,0,48,0,0,48,0,0.02040816326530613,0,1,1,1,0,netblue30/firejail
83b2b67969545ae0,54,2,2,0,52,0,0,52,2,0.03703703703703701,0,2,2,2,0,netblue30/firejail
2878db8fea24bd19,15,2,2,0,13,0,0,13,1,0.1333333333333333,0,2,2,2,0,netblue30/firejail
f807866601f98839,67,6,6,0,61,0,0,61,0,0.08955223880597013,0,6,6,6,0,netblue30/firejail
79e66e10c6beffe0,19,1,1,0,18,0,0,18,5,0.052631578947368446,0,1,1,1,0,netblue30/firejail
b7c29f592b0439ee,61,10,10,0,51,0,0,51,0,0.16393442622950818,0,10,10,10,0,netblue30/firejail
d4ed209319bfacc5,26,3,3,0,23,0,0,23,0,0.11538461538461535,0,3,3,3,0,netblue30/firejail
8996df6fb6e6c0e6,75,2,2,0,73,0,0,73,3,0.02666666666666666,0,2,2,2,0,netblue30/firejail
0ba91ba2233ddbf7,71,1,1,0,70,0,0,70,0,0.01408450704225352,0,1,1,1,0,netblue30/firejail
dd5ee11c44d8533a,36,1,1,0,35,0,0,35,0,0.027777777777777776,0,1,1,1,0,netblue30/firejail
52b7cb70c5f3da2b,51,2,2,0,49,0,0,49,0,0.03921568627450979,0,2,2,2,0,netblue30/firejail
7a8db26baec0dfe3,36,1,1,0,35,3,0,35,3,0.027777777777777776,0,1,1,1,0,netblue30/firejail
cafe0388116576e0,20,4,4,0,16,1,0,16,1,0.20000000000000004,0,4,4,4,0,netblue30/firejail
d736e47f7ed41638,37,3,3,0,34,0,0,34,0,0.08108108108108106,0,3,3,3,0,netblue30/firejail
ff42566ea2277257,38,1,1,0,37,0,0,37,0,0.02631578947368421,0,1,1,1,0,netblue30/firejail
4ddff5899879c311,66,4,4,0,62,0,0,62,5,0.060606060606060635,0,4,4,4,0,netblue30/firejail
1a68f888c04ea8ce,15,2,2,0,13,0,0,13,1,0.1333333333333333,0,2,2,2,0,netblue30/firejail
e50f66313a7b1f11,54,10,10,0,44,1,0,44,4,0.18518518518518517,1,10,10,10,1,netblue30/firejail
2e15bb395cf537fe,44,3,3,0,41,1,0,41,1,0.0681818181818182,0,3,3,3,0,netblue30/firejail
e195ad3670ce7b55,15,2,2,0,13,0,0,13,1,0.1333333333333333,0,2,2,2,0,netblue30/firejail
fd0caab8c4456de5,36,1,1,0,35,0,0,35,0,0.02777777777777777,0,1,1,1,0,netblue30/firejail
3716ca743a2dab9b,51,3,3,0,48,0,0,48,0,0.05882352941176471,0,3,3,3,0,netblue30/firejail
2d66c0d9a53610dc,48,2,2,0,46,0,0,46,8,0.0416666666666667,0,2,2,2,0,netblue30/firejail
8fb0c650f74513d3,15,2,2,0,13,0,0,13,2,0.13333333333333333,1,2,2,2,1,netblue30/firejail
792f3bce8c4381be,53,3,3,0,50,0,0,50,24,0.056603773584905655,0,3,3,3,0,netblue30/firejail
d8a7ec455c40ca08,121,0,0,0,121,0,0,121,77,0.0,0,0,0,0,0,n8n-io/n8n
480c02f2a97f1780,514,0,0,0,514,22,0,514,91,0.0,0,0,0,0,0,n8n-io/n8n
2bfa9a4d757fd413,37,1,0,0,36,0,0,36,15,0.0,0,0,0,0,0,n8n-io/n8n
097addfbd5172106,168,0,0,0,168,0,0,168,1,0.0,0,0,0,0,0,n8n-io/n8n
139f4a8ce24e8001,61,1,0,0,60,0,0,60,1,0.0,0,0,0,0,0,n8n-io/n8n
83b8297ea69d26f3,148,1,1,0,147,0,1,147,3,0.006756756756756778,0,1,0,0,0,n8n-io/n8n
7c9cf175960e30a6,104,1,1,0,103,0,1,103,2,0.009615384615384654,0,1,1,1,0,n8n-io/n8n
3f76ccb23694d0a1,315,0,0,0,315,0,0,315,15,0.0,0,0,0,0,0,n8n-io/n8n
3adc74be812723f5,76,0,0,0,76,0,0,76,15,0.0,0,0,0,0,0,n8n-io/n8n
03db9a0058489ff3,61,1,0,0,60,0,0,60,2,0.0,0,0,0,0,0,n8n-io/n8n
d25cd884abf3f802,32,6,6,0,26,0,0,26,0,0.1875,0,6,0,0,0,n8n-io/n8n
2c08fcc0aedfb2a1,30,0,0,0,30,0,0,30,1,0.0,0,0,0,0,0,n8n-io/n8n
ac907c4c69fc13c9,65,1,1,0,64,0,1,64,2,0.015384615384615358,0,1,1,1,0,n8n-io/n8n
e17d399a1cb64a05,315,0,0,0,315,17,0,315,15,0.0,0,0,0,0,0,n8n-io/n8n
a770addacdc3df6b,290,0,0,0,290,0,0,290,106,0.0,0,0,0,0,0,n8n-io/n8n
f4767b28d3f33b2f,290,1,1,0,289,0,0,289,6,0.003448275862068969,0,1,0,0,0,n8n-io/n8n
29126a1d00cbc889,2205,0,0,0,2205,317,0,2205,398,0.0,0,0,0,0,0,n8n-io/n8n
622d805e5f6aefea,1496,1,1,0,1495,295,1,1495,371,0.0006684491978609583,0,1,1,1,0,n8n-io/n8n
4c457259ba248f25,1108,1,0,0,1107,18,0,1107,53,0.0,0,0,0,0,0,n8n-io/n8n
2d8235108ae17036,235,0,0,0,235,0,0,235,93,0.0,0,0,0,0,0,n8n-io/n8n
9e1b71f2bb907d3d,538,0,0,0,538,210,0,538,216,0.0,0,0,0,0,0,n8n-io/n8n
5f7b1da6b3c3f4f0,19,0,0,0,19,0,0,19,0,0.0,0,0,0,0,0,n8n-io/n8n
8766c9927cb49e88,90,1,1,0,89,0,0,89,1,0.011111111111111092,0,1,1,1,0,n8n-io/n8n
326e9029a356f468,356,1,1,0,355,6,0,355,108,0.0028089887640449195,0,1,1,1,0,n8n-io/n8n
a62034d6bc6ce7d0,26,0,0,0,26,9,0,26,8,0.0,0,0,0,0,0,n8n-io/n8n
ed55888e6665791f,4652,2287,1665,10,2365,392,622,2365,596,0.4434419425750478,1,1654,649,650,1,huggingface/transformers
c00c267388c04e9a,1097,43,43,14,1054,356,14,1054,403,0.0799908842297174,0,27,8,11,0,apollographql/apollo-client
c466aa8265d71059,135,26,25,6,109,4,6,109,19,0.14814814814814814,0,17,3,9,0,apollographql/apollo-client
31327b96e9fb29a9,554,72,72,0,482,0,0,482,1,0.12996389891696755,0,72,0,72,0,apollographql/apollo-client
c4c335cde2dc6a59,1281,157,156,36,1124,12,36,1124,47,0.0951075819672131,0,136,35,78,0,apollographql/apollo-client
81b574d9509af127,98,29,29,0,69,1,0,69,1,0.29591836734693877,0,29,0,29,0,apollographql/apollo-client
9fdf28807c6f66ba,277,10,10,0,267,51,0,267,68,0.07581227436823104,1,9,0,9,0,apollographql/apollo-client
13c989ab2d3b7b86,3659,247,246,4,3412,1703,4,3412,2019,0.07099557985275935,1,207,7,199,0,apollographql/apollo-client
af3709e2a9d1713f,41,6,0,0,35,0,0,35,2,0.0,0,0,0,0,0,apollographql/apollo-client
897e82ecae3f6167,438,12,11,0,426,204,0,426,242,0.038812785388127866,0,11,0,11,0,apollographql/apollo-client
118cdc507c6ef277,906,49,45,2,857,156,2,857,170,0.08388520971302427,0,29,0,21,0,apollographql/apollo-client
59d38a11f324ca5a,50,3,3,0,47,0,0,47,0,0.060000000000000026,0,3,0,3,0,apollographql/apollo-client
d12689c83adda5bd,154,81,74,67,73,0,67,73,17,0.04545454545454549,0,66,56,57,1,apollographql/apollo-client
b1101d5af58e7c6e,84,1,1,0,83,3,0,83,3,0.011904761904761883,0,1,0,1,1,apollographql/apollo-client
008dace7d030ac82,4,2,0,0,2,0,0,2,0,0.0,0,0,0,0,0,apollographql/apollo-client
548fc0514175b23e,69,12,12,0,57,0,0,57,4,0.17391304347826086,0,12,0,11,0,apollographql/apollo-client
3f4cae3b4f6fa375,448,4,4,0,444,16,0,444,195,0.008928571428571423,0,3,0,1,0,apollographql/apollo-client
8cd6db8be83f377d,9,0,0,0,9,0,0,9,0,0.0,0,0,0,0,0,apollographql/apollo-client
1aea40d739922c45,8,0,0,0,8,0,0,8,2,0.0,0,0,0,0,0,apollographql/apollo-client
5fb8ad16cfbcb51b,1904,89,76,10,1815,231,10,1815,286,0.037057531893472044,0,60,10,28,0,apollographql/apollo-client
fd23a38b5b2c73be,379,138,133,49,241,16,27,241,43,0.24467897977132808,0,106,47,93,1,apollographql/apollo-client
a670b7b9cd132734,63,3,0,0,60,0,0,60,0,0.0,0,0,0,0,0,apollographql/apollo-client
0e643001e633e510,277,3,3,0,274,55,0,274,57,0.014440433212996442,0,3,0,3,0,apollographql/apollo-client
071b418954bbdfcd,24,2,0,0,22,0,0,22,0,0.0,0,0,0,0,0,apollographql/apollo-client
92320573e6e6ab20,123,21,21,3,102,0,3,102,1,0.1463414634146342,0,15,3,11,0,apollographql/apollo-client
cf9b0e9cce2e11f3,39,2,0,0,37,8,0,37,9,0.02564102564102566,0,0,0,0,0,apollographql/apollo-client
bc76b6ebacb0ac89,32,5,5,0,27,0,0,27,0,0.15625,0,5,0,0,0,openbao/openbao
915a5f04e7a7eeaf,29,6,6,1,23,0,1,23,0,0.17241379310344826,0,6,1,1,0,openbao/openbao
cedd24e28c92d004,270,1,1,0,269,31,0,269,32,0.0037037037037036787,0,1,0,0,0,openbao/openbao
2d1e4dc408b39f07,727,23,23,0,704,9,0,704,18,0.03163686382393398,0,23,0,0,0,openbao/openbao
d5a6704378a07957,151,2,2,0,149,0,0,149,0,0.013245033112582759,0,2,0,0,0,openbao/openbao
889d56e01fce2567,138,1,1,0,137,23,0,137,23,0.0072463768115942195,0,1,0,0,0,openbao/openbao
18290d9145464190,103,11,11,0,92,4,0,92,26,0.10679611650485436,0,11,0,0,0,openbao/openbao
0dbc10249a363699,49,3,3,0,46,0,0,46,1,0.061224489795918345,0,3,0,0,0,openbao/openbao
8bb3c211cffb0943,62,1,1,0,61,0,0,61,12,0.01612903225806451,0,1,0,0,0,openbao/openbao
94cd84d3b4e085f6,874,7,7,0,867,2,0,867,4,0.008009153318077819,0,7,0,0,0,openbao/openbao
0274b48aff4a4a95,392,3,3,0,389,4,0,389,9,0.007653061224489783,0,3,0,0,0,openbao/openbao
37f36a9193335dd7,262,4,4,0,258,0,0,258,0,0.015267175572519097,0,4,0,0,0,openbao/openbao
02cbc4b1c641ede1,46,2,2,0,44,0,0,44,27,0.0434782608695652,0,2,0,0,0,openbao/openbao
844e7ba8e3ac8696,132,7,7,0,125,0,0,125,0,0.053030303030303066,0,7,0,0,0,openbao/openbao
d66d3cda6116fcec,3226,8,8,0,3218,326,0,3218,716,0.002479851208927464,0,8,0,0,0,openbao/openbao
6acf14d22ab935d3,586,21,21,0,565,36,0,565,62,0.03583617747440275,1,21,0,0,1,openbao/openbao
cd2e733855f394b0,186,11,11,0,175,0,0,175,4,0.05913978494623655,0,11,0,0,0,openbao/openbao
fcd7f595ccd39bf8,856,19,19,0,837,1,0,837,5,0.022196261682242986,0,19,0,0,0,openbao/openbao
5ef93aec0cad6bbc,609,104,104,0,505,38,0,505,221,0.17077175697865352,0,104,0,0,0,openbao/openbao
2b9031e4e3ed5cc8,163,3,3,0,160,12,0,160,41,0.0184049079754601,0,3,0,0,0,openbao/openbao
e58fdaa23667e3ea,1236,52,52,0,1184,10,0,1184,44,0.04207119741100323,0,52,0,0,0,openbao/openbao
1ebbdf9bfa88eb28,116,1,1,0,115,3,0,115,3,0.00862068965517245,0,1,0,0,0,openbao/openbao
1ebe705c95637cdb,1559,1,1,0,1558,0,0,1558,1426,0.000641436818473388,0,1,0,0,0,openbao/openbao
a3395db658737b82,394,2,2,0,392,0,0,392,22,0.005076142131979676,0,2,0,0,0,openbao/openbao
f10c45bcf5a0b325,1051,14,14,0,1037,3,0,1037,48,0.01332064700285442,0,14,0,0,0,openbao/openbao
158a9e3e54038656,591,30,27,9,561,11,9,561,100,0.03804525509765121,0,22,9,10,0,unit8co/darts
73461fd9cefde985,247,1,1,0,246,0,0,246,2,0.004048582995951436,0,1,0,0,0,unit8co/darts
2f18ee91eecd9c8a,489,2,2,0,487,6,0,487,21,0.00408997955010219,0,2,0,0,0,unit8co/darts
d0fdfb79f22d09e9,779,7,6,0,772,28,1,772,36,0.008500780448204957,0,6,4,4,0,unit8co/darts
4329384f0c593ea0,858,13,13,1,845,9,1,845,89,0.013986013986013972,0,13,1,1,0,unit8co/darts
1666cf11d490eb56,714,26,12,0,688,1,0,688,143,0.016806722689075605,0,12,0,2,0,unit8co/darts
a3d33ddc2b4a3e11,3651,0,0,0,3651,1,0,3651,1,0.0,0,0,0,0,0,unit8co/darts
4cb13c55415a8e79,644,24,21,21,620,60,21,620,111,0.0,0,21,21,21,0,unit8co/darts
cfc2aab615304810,4470,66,65,0,4404,0,4,4404,0,0.014765050612146396,0,65,6,9,0,unit8co/darts
48dde5b2ee899bb0,122,3,0,0,119,4,0,119,6,0.0,0,0,0,0,0,unit8co/darts
fa10235d0b5015bb,373,8,4,1,365,10,1,365,17,0.012031824718354164,0,4,2,2,0,unit8co/darts
fc10dc4b1a3c7b61,4997,33,32,0,4964,604,0,4964,991,0.006003602161296806,0,22,0,10,0,unit8co/darts
24e991dee0548145,122,4,4,0,118,0,0,118,0,0.032786885245901655,0,4,0,0,0,unit8co/darts
61d92b1bddcd03f1,109,0,0,0,109,0,0,109,0,0.0,0,0,0,0,0,unit8co/darts
de811fca9f7d7383,1301,165,154,44,1136,4,48,1136,179,0.0930053804765565,0,148,46,66,1,unit8co/darts
68f6d0b085026aea,616,4,3,0,612,2,0,612,25,0.006382641748495394,0,3,0,0,0,unit8co/darts
81b188f3b6ce8829,114,5,4,0,109,2,0,109,2,0.06140350877192984,0,3,0,0,0,unit8co/darts
dc1f0538462ec99c,170,1,0,0,169,0,0,169,4,0.0,0,0,0,0,0,unit8co/darts
9bd8611580f44154,120,3,0,0,117,0,0,117,17,0.0,0,0,0,0,0,unit8co/darts
28129c4c04908187,727,47,45,16,680,0,19,680,0,0.042640990371389256,0,45,19,31,0,unit8co/darts
dd257f1ae675cec6,1206,7,7,0,1199,182,0,1199,199,0.005804311774460991,0,7,0,0,0,unit8co/darts
b994013776bf240d,180,1,1,0,179,16,0,179,22,0.005555555555555545,0,1,0,0,0,unit8co/darts
b7fe96fb3cf77cb8,143,7,6,0,136,1,0,136,11,0.048951048951048924,0,6,0,0,0,unit8co/darts
a1f56bcce4377eaf,769,14,13,0,755,19,0,755,69,0.01690507152145644,0,13,0,0,0,unit8co/darts
384e829b0bd79f3f,336,0,0,0,336,17,0,336,41,0.0,0,0,0,0,0,unit8co/darts
9f0c6436c1f69ab6,447,0,0,0,447,0,0,447,2,0.0,0,0,0,0,0,guidance-ai/guidance
c40172f50afbb828,147,17,4,1,130,0,1,130,0,0.10884353741496597,0,4,1,3,0,guidance-ai/guidance
3ae6e58f4fd1bf8e,192,37,24,8,155,29,8,155,31,0.11458333333333334,0,23,10,10,0,guidance-ai/guidance
df4797c2c9b2c5e1,278,26,19,1,252,0,2,252,0,0.07194244604316546,0,19,1,8,0,guidance-ai/guidance
73c9483428c54bd1,155,5,1,0,150,0,0,150,129,0.008361629881154513,0,1,1,1,0,guidance-ai/guidance
8c4720e6844323e6,129,26,11,5,103,1,5,103,1,0.11627906976744184,0,10,5,6,0,guidance-ai/guidance
94e1ef416522bf5a,56,10,3,2,46,0,2,46,0,0.14285714285714282,0,3,2,2,0,guidance-ai/guidance
b961b0752c06edc5,138,26,16,1,112,2,1,112,5,0.100438153016515,1,16,3,11,1,guidance-ai/guidance
517244dac4f7d1f9,624,53,38,9,571,11,12,571,49,0.0493072787427626,0,37,14,18,0,guidance-ai/guidance
6a01b0dcd4608515,58,6,2,1,52,0,1,52,0,0.08492975734355043,0,2,1,2,0,guidance-ai/guidance
2c8250076f49673a,56,7,7,1,49,1,2,49,12,0.10714285714285715,0,7,2,5,0,guidance-ai/guidance
8509873c7f7f23ff,134,0,0,0,134,0,0,134,0,0.0,0,0,0,0,0,guidance-ai/guidance
7156cbfc6c6b68c8,233,17,12,3,216,12,4,216,9,0.055419157748749004,0,12,5,5,0,guidance-ai/guidance
7ec71c0dc5fbc513,400,10,3,0,390,29,0,390,78,0.0144035532994924,0,3,0,0,0,guidance-ai/guidance
ca4e7fcae648970d,60,7,0,0,53,0,0,53,10,0.0,0,0,0,0,0,guidance-ai/guidance
cae569d31e8d397a,262,25,15,7,237,1,7,237,13,0.038167938931297704,0,14,7,7,0,guidance-ai/guidance
0c95f5085ac9a8a3,87,1,1,0,86,0,1,86,21,0.011494252873563211,0,1,1,1,0,guidance-ai/guidance
7917b136460de785,213,50,44,2,163,0,2,163,0,0.22535211267605637,0,42,2,38,0,guidance-ai/guidance
5e98c75ac9af1e97,31,1,1,0,30,0,0,30,0,0.03225806451612902,0,1,0,0,0,guidance-ai/guidance
5abc3fa7e122d2a7,48,3,3,0,45,0,2,45,2,0.0625,0,3,0,0,0,guidance-ai/guidance
5dd890c335fe8f03,82,13,9,1,69,0,2,69,0,0.1097560975609756,0,9,2,6,0,guidance-ai/guidance
ddca04260dc4bd02,236,25,14,3,211,1,4,211,5,0.08748312584370782,0,12,5,6,0,guidance-ai/guidance
49a4a5dba864359a,5,1,1,1,4,1,1,4,1,0.2,0,1,1,1,0,guidance-ai/guidance
e60c651b7b6a67e1,62,1,0,0,61,6,0,61,6,0.006345848757271292,0,0,0,0,0,guidance-ai/guidance
6ff49e426709e60a,18,1,1,0,17,0,0,17,0,0.055555555555555566,0,1,1,1,0,guidance-ai/guidance
dca450785b79dc41,612,180,137,49,432,1,51,432,1,0.17958598266697734,0,134,55,77,0,shap/shap
dfa97cc2c7afcd56,256,79,75,29,177,19,29,177,24,0.1912202380952381,0,74,32,49,0,shap/shap
ada26b677624f9fb,19,2,2,2,17,0,2,17,0,0.0,0,2,2,2,0,shap/shap
eced23cf23b339d5,281,281,245,245,0,0,245,0,0,0.0,0,216,216,216,1,shap/shap
92112161a838cf0e,147,144,117,99,3,0,100,3,0,0.19047619047619047,0,113,99,111,1,shap/shap
de35faf1a5a99b48,35,4,3,0,31,0,0,31,0,0.11428571428571428,1,3,0,3,1,shap/shap
60e13e011cb4b95f,74,18,17,3,56,0,3,56,0,0.20159200296186594,0,14,3,10,0,shap/shap
a01d858f9e913b36,790,2,0,0,788,4,0,788,4,0.0,0,0,0,0,0,shap/shap
6adb73f48f48b176,420,211,151,16,209,10,16,209,25,0.3422561257512714,1,139,15,56,1,shap/shap
ba28b4e435a6c1c3,112,4,1,0,108,0,0,108,22,0.020779220779220803,0,1,0,1,0,shap/shap
39c14720e89383ca,54,5,4,0,49,4,0,49,12,0.09224318658280925,0,4,0,4,0,shap/shap
57a4103fe9f78acd,53,5,4,0,48,4,0,48,4,0.09325108853410742,0,4,0,3,0,shap/shap
6bf73334728331f4,666,3,0,0,663,8,0,663,57,0.0,0,0,0,0,0,shap/shap
332356ffebbad3e4,229,1,1,1,228,0,1,228,0,0.0,0,1,1,1,0,shap/shap
c86cebfe05ef354f,3,1,1,1,2,0,1,2,0,0.0,0,1,1,1,0,shap/shap
11ce77c23ef0df8e,118,14,9,4,104,1,4,104,7,0.084370781460927,0,9,4,9,0,shap/shap
fe1fc456e240ccaa,547,99,86,37,448,17,37,448,20,0.11320146389482452,0,82,39,60,0,shap/shap
2ae9583b23fe7989,1705,16,1,0,1689,25,0,1689,73,0.0005865102639296153,0,1,0,0,0,shap/shap
e0f780bd4ef73d19,225,1,0,0,224,2,0,224,2,0.0,0,0,0,0,0,shap/shap
f8e9c645d8ba8bad,20,1,1,1,19,0,1,19,0,0.0,0,1,1,1,0,shap/shap
0cf51ba7e4634fb7,90,12,9,0,78,6,0,78,12,0.1298850574712644,0,8,1,6,0,shap/shap
36ebf767f427499a,1694,5,1,1,1689,698,1,1689,1107,0.0,0,0,0,0,0,shap/shap
cc5636295d4672e4,53,1,1,1,52,0,1,52,0,0.0,0,1,1,1,0,shap/shap
c671af8467149a10,530,159,147,27,371,1,27,371,3,0.25087820953898526,0,146,27,31,0,shap/shap
169996d46a0441ff,467,2,0,0,465,2,0,465,2,0.0,0,0,0,0,0,shap/shap
bb4c142487f44113,375,0,0,0,375,25,0,375,105,0.0,0,0,0,0,0,rabbitmq/rabbitmq-server
4f7fc2448150e3ef,144,0,0,0,144,28,0,144,34,0.0,0,0,0,0,0,rabbitmq/rabbitmq-server
67c66a0d6988ec0e,114,0,0,0,114,0,0,114,0,0.0,0,0,0,0,0,rabbitmq/rabbitmq-server
6838bcaea118922e,66,0,0,0,66,0,0,66,5,0.0,0,0,0,0,0,rabbitmq/rabbitmq-server
015446b6b30882c4,149,51,51,11,98,1,12,98,1,0.24161073825503357,0,47,15,31,1,rabbitmq/rabbitmq-server
c04dd26b336ed9f4,95,0,0,0,95,0,0,95,55,0.0,0,0,0,0,0,rabbitmq/rabbitmq-server
b3c9daa18333038c,128,78,78,52,50,1,52,50,1,0.1875,0,75,51,55,1,rabbitmq/rabbitmq-server
d60bb84354fb423c,647,32,8,8,615,0,8,615,23,0.0,0,8,8,8,0,rabbitmq/rabbitmq-server
77a2c059cfe743d6,23,0,0,0,23,1,0,23,1,0.0,0,0,0,0,0,rabbitmq/rabbitmq-server
70d080bf59f09d12,65,0,0,0,65,3,0,65,3,0.0,0,0,0,0,0,rabbitmq/rabbitmq-server
17a49e53c79dc3c4,143,0,0,0,143,0,0,143,25,0.0,0,0,0,0,0,rabbitmq/rabbitmq-server
a2fc784ae1d5844f,725,0,0,0,725,1,0,725,237,0.0,0,0,0,0,0,rabbitmq/rabbitmq-server
77dfe1cb741c86c2,92,0,0,0,92,0,0,92,58,0.0,0,0,0,0,0,rabbitmq/rabbitmq-server
ce8cb44198cdda0f,49,0,0,0,49,0,0,49,6,0.0,0,0,0,0,0,rabbitmq/rabbitmq-server
bdc437d227c61790,88,0,0,0,88,12,0,88,12,0.0,0,0,0,0,0,rabbitmq/rabbitmq-server
719c3bc8804cd9ba,23,1,1,0,22,0,0,22,4,0.043478260869565216,0,1,0,0,0,rabbitmq/rabbitmq-server
572838e5c1246abd,212,0,0,0,212,1,0,212,3,0.0,0,0,0,0,0,rabbitmq/rabbitmq-server
4bd0be990d06d6d4,41,0,0,0,41,0,0,41,23,0.0,0,0,0,0,0,rabbitmq/rabbitmq-server
0c38bae65c90f43c,73,0,0,0,73,3,0,73,3,0.0,0,0,0,0,0,rabbitmq/rabbitmq-server
74b50a048a6cae9e,87,0,0,0,87,0,0,87,0,0.0,0,0,0,0,0,rabbitmq/rabbitmq-server
e984a931bfa37b55,205,0,0,0,205,2,0,205,63,0.0,0,0,0,0,0,rabbitmq/rabbitmq-server
f802f783c0184977,63,0,0,0,63,10,0,63,19,0.0,0,0,0,0,0,rabbitmq/rabbitmq-server
59c21aa9f23f9ca9,64,0,0,0,64,1,0,64,1,0.0,0,0,0,0,0,rabbitmq/rabbitmq-server
e9f11b7ac21322cb,179,0,0,0,179,18,0,179,18,0.0,0,0,0,0,0,rabbitmq/rabbitmq-server
64ec9ddc8502a45e,244,2,0,0,242,6,0,242,65,0.0,0,0,0,0,0,rabbitmq/rabbitmq-server
3f4af5f531020f9f,148,7,5,0,141,1,0,141,2,0.04035668321382604,0,2,0,0,0,python-telegram-bot/python-telegram-bot
18dffba149eeb45a,721,1,1,0,720,47,0,720,104,0.001386962552011095,0,1,0,1,0,python-telegram-bot/python-telegram-bot
3bee8a2f98a3158e,70,14,10,0,56,2,0,56,3,0.15279503105590064,0,7,0,3,0,python-telegram-bot/python-telegram-bot
147a7a9fa1a056a0,190,23,23,0,167,0,0,167,27,0.12105263157894738,0,23,0,23,0,python-telegram-bot/python-telegram-bot
afba6af956d11820,1738,250,176,0,1488,20,0,1488,331,0.10126582278481013,0,176,0,176,0,python-telegram-bot/python-telegram-bot
cf3753a8563b5d28,177,47,40,0,130,0,0,130,0,0.2306432973805855,0,30,0,4,0,python-telegram-bot/python-telegram-bot
66c2d9230b0ba040,97,12,7,0,85,4,0,85,5,0.09420925641588067,0,3,0,1,0,python-telegram-bot/python-telegram-bot
de1bde3644c1a098,74,10,10,0,64,0,0,64,23,0.13513513513513514,0,10,0,10,0,python-telegram-bot/python-telegram-bot
1903e7f64ae5d8a6,1042,49,39,1,993,0,1,993,161,0.034548944337811895,0,37,0,33,0,python-telegram-bot/python-telegram-bot
599eff7bf4bd9d4c,198,26,4,0,172,0,0,172,40,0.02020202020202016,0,4,0,4,0,python-telegram-bot/python-telegram-bot
aa57560853f73b47,484,64,59,9,420,1,9,420,43,0.10330578512396695,0,54,9,29,0,python-telegram-bot/python-telegram-bot
1ac77f3d4c07144d,202,41,10,0,161,0,0,161,4,0.048741441308309964,0,10,0,7,0,python-telegram-bot/python-telegram-bot
73cd9a201a4a7583,127,31,29,0,96,16,0,96,16,0.2440944881889764,1,28,0,27,1,python-telegram-bot/python-telegram-bot
c531a423f7f37b03,87,5,0,0,82,0,0,82,30,0.0,0,0,0,0,0,python-telegram-bot/python-telegram-bot
4b58a4a008d1095c,167,28,28,0,139,0,4,139,6,0.16167664670658682,0,24,0,6,0,python-telegram-bot/python-telegram-bot
3c81da73ec895a37,389,105,46,0,284,0,0,284,2,0.11238965737680393,0,45,0,40,0,python-telegram-bot/python-telegram-bot
e52e4ddd58b7ef88,309,28,25,0,281,2,0,281,58,0.07443365695792879,0,24,0,22,0,python-telegram-bot/python-telegram-bot
08a6944653efc734,166,17,8,0,149,1,0,149,17,0.04819277108433735,0,8,0,8,0,python-telegram-bot/python-telegram-bot
3708f5b283c429d5,91,1,1,0,90,0,0,90,23,0.010989010989010988,0,1,0,1,0,python-telegram-bot/python-telegram-bot
2a1ef9d60286b6b2,871,19,19,0,852,0,0,852,53,0.021814006888633778,0,19,0,19,0,python-telegram-bot/python-telegram-bot
d737b6b4ad04139b,142,9,6,0,133,0,0,133,1,0.04225352112676059,0,6,0,6,0,python-telegram-bot/python-telegram-bot
ff883a90f247861d,72,12,12,0,60,0,0,60,23,0.16666666666666669,0,12,0,12,0,python-telegram-bot/python-telegram-bot
b6e66a0f7a93fe83,97,14,14,0,83,0,0,83,23,0.14432989690721654,0,14,0,14,0,python-telegram-bot/python-telegram-bot
2e795022d81e5f9e,297,2,1,0,295,27,0,295,41,0.006608881608881567,0,1,0,0,0,python-telegram-bot/python-telegram-bot
8518ebe82d689ce9,79,8,8,0,71,0,0,71,32,0.10126582278481014,0,8,0,8,0,python-telegram-bot/python-telegram-bot
7dec6e5dd944a45b,80,29,29,29,51,9,29,51,12,0.0,0,24,24,24,1,rapid7/metasploit-framework
6bee7a6d0abc5312,101,21,19,13,80,0,13,80,0,0.06920792079207919,0,17,12,14,0,rapid7/metasploit-framework
21cf779b6563659b,279,109,90,90,170,51,90,170,52,0.0,0,90,90,90,1,rapid7/metasploit-framework
ce37f07db681963f,43,14,12,0,29,14,0,29,14,0.2087486157253599,0,9,3,6,1,rapid7/metasploit-framework
b5cd8b52416017ef,110,59,45,41,51,18,41,51,18,0.0,0,39,39,39,1,rapid7/metasploit-framework
d4f2c755dc61f43f,111,37,37,36,74,27,36,74,27,0.0,0,35,35,35,0,rapid7/metasploit-framework
4434dbb7f10f6782,371,198,157,157,173,27,157,173,27,0.0,0,151,151,151,1,rapid7/metasploit-framework
30ae7de89b7b62d4,101,53,42,42,48,22,42,48,22,0.0,0,36,36,36,1,rapid7/metasploit-framework
20332bdc5186203e,161,82,64,63,79,28,63,79,28,0.0,0,55,55,55,1,rapid7/metasploit-framework
fb6adbdd6200a419,84,47,36,34,37,7,34,37,7,0.0,0,35,35,35,1,rapid7/metasploit-framework
3971e14d22bf8ac6,40,9,9,9,31,10,9,31,10,0.0,0,9,9,9,0,rapid7/metasploit-framework
6b03e79c12971cdf,173,104,100,96,69,12,96,69,12,0.0,0,91,91,91,1,rapid7/metasploit-framework
6ed9d09ed95683e4,111,61,50,50,50,29,50,50,29,0.0,0,43,43,43,1,rapid7/metasploit-framework
202139a00df9fa36,80,35,35,35,45,11,35,45,11,0.0,0,30,30,30,1,rapid7/metasploit-framework
97829495fb7cfea7,117,41,28,26,76,38,26,76,38,0.0,0,24,24,24,0,rapid7/metasploit-framework
1f34eac0d64dcabb,163,106,77,72,57,23,72,57,23,0.0,0,77,77,77,1,rapid7/metasploit-framework
3a1845f32d1bdd09,88,41,41,41,47,14,41,47,14,0.0,0,35,35,35,1,rapid7/metasploit-framework
8b8494ebb3761552,151,66,50,45,85,12,45,85,12,0.0,0,42,42,42,1,rapid7/metasploit-framework
9eb0cd71d85328d7,132,87,66,63,45,22,63,45,22,0.0,0,61,61,61,1,rapid7/metasploit-framework
225b3d730bc7ca6c,217,133,107,107,84,37,107,84,37,0.0,0,102,102,102,1,rapid7/metasploit-framework
d24cf64a296cd99b,61,19,16,15,42,3,15,42,5,0.0,0,10,10,10,1,rapid7/metasploit-framework
1a63ba0b1a21ce10,71,29,29,1,42,18,1,42,18,0.0,0,23,23,23,1,rapid7/metasploit-framework
ea3302d3aa884011,134,72,59,58,62,31,58,62,31,0.0,0,54,54,54,1,rapid7/metasploit-framework
d859252450073bb2,93,43,43,43,50,18,42,50,19,0.0,0,39,39,39,1,rapid7/metasploit-framework
5b6f863f5ef1ce99,126,62,50,50,64,18,50,64,18,0.0,0,34,34,34,1,rapid7/metasploit-framework
30af5cbeb566936b,69,4,4,0,65,22,0,65,22,0.05797101449275356,0,4,0,4,0,gristlabs/grist-core
b9089d1e7347599d,186,49,48,0,137,0,0,137,6,0.26344086021505375,0,48,0,48,0,gristlabs/grist-core
321d57c09d850607,20,1,1,0,19,0,0,19,0,0.049999999999999975,0,1,0,1,0,gristlabs/grist-core
d3900beec8645511,928,347,338,10,581,44,10,581,44,0.3554824234750875,0,336,8,336,0,gristlabs/grist-core
d0c8989b1e79627d,152,4,3,0,148,4,0,148,22,0.03289473684210525,0,1,0,1,0,gristlabs/grist-core
d75e7c0fde906647,399,81,79,6,318,25,7,318,32,0.19028632186526925,0,73,3,73,0,gristlabs/grist-core
dc1af667a0590e20,27,1,1,0,26,0,0,26,0,0.037037037037037035,0,1,0,1,0,gristlabs/grist-core
381a9404c6e15422,327,55,55,9,272,0,9,272,22,0.1406727828746177,0,55,9,55,0,gristlabs/grist-core
4bc7adeaeba43979,94,41,40,0,53,1,0,53,1,0.43617021276595747,0,40,0,40,0,gristlabs/grist-core
29dbe48334da3b4c,347,118,101,3,229,2,3,229,10,0.3253880073608555,1,101,3,98,1,gristlabs/grist-core
16f2e4c6d632822f,164,35,32,5,129,0,5,129,0,0.182699590971065,0,32,5,32,0,gristlabs/grist-core
02879f0a6f7bcc45,235,28,26,6,207,0,6,207,0,0.08510638297872339,0,26,6,26,0,gristlabs/grist-core
36f03d2244136edb,132,66,65,8,66,0,8,66,0,0.4393361091834374,0,63,6,63,1,gristlabs/grist-core
c67858adf9fc91b5,95,3,3,0,92,0,0,92,0,0.03157894736842105,0,3,0,3,0,gristlabs/grist-core
8a1fe83a1c86fe3a,42,4,3,0,38,0,0,38,0,0.09523809523809523,0,3,0,3,0,gristlabs/grist-core
90d4306d3c38f06a,117,11,8,2,106,0,2,106,7,0.06807878112225936,1,8,2,8,1,gristlabs/grist-core
bdbdf5afc0bfe148,37,1,1,0,36,0,0,36,0,0.02702702702702703,0,1,0,1,0,gristlabs/grist-core
4078d5df8565b02b,1050,138,133,44,912,17,46,912,34,0.08474736459469287,0,127,45,127,0,gristlabs/grist-core
971c29ad5fce4377,257,68,67,0,189,6,1,189,11,0.26433304961089493,0,67,0,67,0,gristlabs/grist-core
aab2beebb2e6d4b2,47,10,8,3,37,0,4,37,0,0.14893617021276595,0,8,4,8,0,gristlabs/grist-core
5618f21b731ecd00,21,3,3,0,18,0,0,18,0,0.14285714285714288,0,3,0,3,0,gristlabs/grist-core
add00256bc4f1f6b,171,13,13,2,158,6,2,158,6,0.06432748538011696,0,13,2,13,0,gristlabs/grist-core
b36cfee42a5d564c,86,38,28,1,48,1,1,48,1,0.33258615858783974,0,26,0,24,0,gristlabs/grist-core
8344a47d5ee4ae60,240,27,26,3,213,0,3,213,7,0.10000000000000002,0,26,3,26,0,gristlabs/grist-core
ad80d291027de3bf,40,7,6,1,33,0,1,33,0,0.15000000000000002,0,5,0,5,0,gristlabs/grist-core
c27bbdb8753faa2b,113,4,2,1,109,5,1,109,8,0.035238778601610454,0,1,0,0,1,scikit-image/scikit-image
a030e3185a5d351f,67,2,2,2,65,0,2,65,0,0.0,0,2,2,2,0,scikit-image/scikit-image
747c6c4901c3f413,77,2,2,0,75,0,0,75,2,0.025974025974025976,0,2,0,0,0,scikit-image/scikit-image
e050028ca4141df6,35,0,0,0,35,0,0,35,0,0.0,0,0,0,0,0,scikit-image/scikit-image
2eb322372e9d740e,75,0,0,0,75,0,0,75,1,0.0,0,0,0,0,0,scikit-image/scikit-image
41b96ce726a3304d,226,8,8,3,218,0,4,218,0,0.022123893805309696,0,8,3,7,0,scikit-image/scikit-image
7a6d5e624bc8d450,72,1,1,0,71,2,0,71,2,0.013888888888888888,0,1,0,0,0,scikit-image/scikit-image
821d57b291fd4a65,112,8,8,0,104,5,0,104,6,0.07142857142857142,0,7,0,0,0,scikit-image/scikit-image
fe680feacc5b8461,41,5,5,0,36,0,0,36,0,0.12195121951219515,0,4,0,0,0,scikit-image/scikit-image
7c7a169252a47fce,72,1,1,0,71,0,0,71,0,0.01388888888888892,0,1,0,0,0,scikit-image/scikit-image
8b9d9ad2c5f850f8,64,12,12,10,52,0,10,52,0,0.03125,0,11,9,9,0,scikit-image/scikit-image
c8071e8c098ff9c5,84,12,9,2,72,0,2,72,0,0.08333333333333336,0,8,2,3,0,scikit-image/scikit-image
85f7dd804e0075c1,89,1,1,0,88,2,0,88,2,0.011235955056179775,0,1,0,0,0,scikit-image/scikit-image
2890bcaff3da65e9,97,4,3,0,93,0,0,93,0,0.041237113402061897,0,3,0,1,0,scikit-image/scikit-image
ff15326a8788f6e2,86,4,4,0,82,0,0,82,0,0.046511627906976744,0,1,0,1,0,scikit-image/scikit-image
136ae70cdbb1c269,19,1,0,0,18,0,0,18,3,0.05263157894736842,0,0,0,0,0,scikit-image/scikit-image
0fdc5ab94f41d361,123,28,27,6,95,22,6,95,22,0.17886178861788615,0,24,6,8,0,scikit-image/scikit-image
538a9353605033e5,77,10,9,0,67,0,0,67,0,0.12987012987012989,0,6,0,2,0,scikit-image/scikit-image
bd564713c5800d59,69,13,13,4,56,0,4,56,0,0.1159420289855073,0,11,5,7,0,scikit-image/scikit-image
432f3f255959e606,151,5,1,0,146,0,0,146,11,0.03311258278145693,0,1,0,0,0,scikit-image/scikit-image
384bdfe752ca31a7,67,1,1,0,66,0,0,66,0,0.014925373134328353,0,1,0,0,0,scikit-image/scikit-image
6f7b4fc9afd769fd,107,1,1,0,106,0,0,106,0,0.009345794392523366,0,1,0,0,0,scikit-image/scikit-image
a848a58a703dc595,76,14,13,4,62,0,4,62,1,0.13157894736842107,0,11,4,6,0,scikit-image/scikit-image
a74eee20d9347873,149,8,8,1,141,0,1,141,0,0.04697986577181208,0,6,1,1,0,scikit-image/scikit-image
4e83a386afe0dd8d,16,0,0,0,16,0,0,16,0,0.0,0,0,0,0,0,scikit-image/scikit-image
e0b3bddc0dbf895f,46,0,0,0,46,3,0,46,3,0.0,0,0,0,0,0,supercollider/supercollider
2434fbe71d1b45cc,46,0,0,0,46,1,0,46,1,0.0,0,0,0,0,0,supercollider/supercollider
44aaf66e55c07c2b,33,1,1,1,32,0,1,32,19,0.0,0,1,1,1,0,supercollider/supercollider
2b6aa21a843452a1,57,0,0,0,57,1,0,57,1,0.0,0,0,0,0,0,supercollider/supercollider
7c8e849ab2d18435,51,7,7,6,44,0,6,44,18,0.019607843137254867,0,7,6,7,0,supercollider/supercollider
4fcb53da659385e3,24,4,4,4,20,0,4,20,0,0.0,0,4,4,4,0,supercollider/supercollider
e1306a296ac1783c,84,0,0,0,84,9,0,84,9,0.0,0,0,0,0,0,supercollider/supercollider
363f340ac0c30eef,53,0,0,0,53,3,0,53,3,0.0,0,0,0,0,0,supercollider/supercollider
8b80596b45f7c9be,34,0,0,0,34,2,0,34,2,0.0,0,0,0,0,0,supercollider/supercollider
15976d726fc2cc73,47,7,7,2,40,0,2,40,0,0.10638297872340421,0,7,2,7,0,supercollider/supercollider
58472b9c3c8cf0e0,368,0,0,0,368,35,0,368,38,0.0,0,0,0,0,0,supercollider/supercollider
fa88a6c2e3b2fee4,82,54,52,47,28,0,47,28,0,0.06097560975609759,0,44,37,39,1,supercollider/supercollider
2b0225f7675f2e05,78,0,0,0,78,18,0,78,18,0.0,0,0,0,0,0,supercollider/supercollider
08cd07f3a095cef3,262,0,0,0,262,13,0,262,13,0.0,0,0,0,0,0,supercollider/supercollider
cf78f8d1d1fe11f4,27,5,5,5,22,0,5,22,0,0.0,0,5,5,5,0,supercollider/supercollider
7f5bbe427c4292be,94,0,0,0,94,15,0,94,13,0.0,0,0,0,0,0,supercollider/supercollider
bd307f6436d3bf74,460,1,1,0,459,0,0,459,25,0.0021739130434782544,0,1,0,0,0,supercollider/supercollider
d581f83014a62834,295,187,155,143,108,0,142,108,3,0.03728813559322032,0,134,123,131,1,supercollider/supercollider
415ff587daaccc76,514,463,460,30,51,0,30,51,0,0.8365758754863812,1,457,27,28,1,supercollider/supercollider
31c2e356c371367b,411,31,14,14,380,33,13,380,77,0.0,0,12,12,12,0,supercollider/supercollider
cc2a838eaed04440,33,7,7,6,26,0,6,26,0,0.030303030303030304,0,7,6,6,0,supercollider/supercollider
39effd23d04168a5,90,21,21,17,69,0,17,69,18,0.04444444444444444,0,21,17,20,0,supercollider/supercollider
0fb76579293aaf9c,371,120,116,79,251,0,79,251,0,0.09973045822102425,0,106,68,88,0,supercollider/supercollider
23cb1d20834d6196,203,0,0,0,203,24,0,203,24,0.0,0,0,0,0,0,supercollider/supercollider
b9920c4ff09f62b9,101,0,0,0,101,22,0,101,22,0.0,0,0,0,0,0,supercollider/supercollider
ebb1d4bc0b17e9aa,75,4,3,1,71,8,1,71,8,0.03999999999999999,0,3,3,3,0,playframework/playframework
36ece1487245288c,68,1,1,0,67,47,0,67,47,0.014705882352941206,0,1,1,1,0,playframework/playframework
a65ace464cd0a2f8,38,2,2,0,36,4,2,36,4,0.052631578947368446,0,2,2,2,0,playframework/playframework
576702357a59295a,370,5,5,1,365,50,1,365,60,0.010810810810810811,0,4,2,3,0,playframework/playframework
3615f36511b2a04d,416,29,29,22,387,23,22,387,35,0.012019230769230766,0,24,20,20,0,playframework/playframework
1258fb77dfa0a309,36,2,0,0,34,11,0,34,11,0.0,0,0,0,0,0,playframework/playframework
5f92f13968cdfe73,286,1,1,0,285,130,1,285,138,0.0034965034965034926,0,1,1,1,0,playframework/playframework
7f35e0a90e2988ee,128,11,10,8,117,19,8,117,26,0.02343750000000002,0,10,8,8,0,playframework/playframework
e1baeb4918b57b21,84,6,6,0,78,2,1,78,2,0.07142857142857144,0,6,1,2,0,playframework/playframework
89c256de133685bf,60,3,3,0,57,17,0,57,17,0.04999999999999999,0,1,0,1,0,playframework/playframework
01f058e34a922271,45,6,3,2,39,5,2,39,7,0.04444444444444445,0,3,3,3,1,playframework/playframework
e6579288a2bc6529,170,4,4,0,166,13,0,166,13,0.023529411764705896,0,4,0,1,0,playframework/playframework
b74ca09f68b6e6e9,63,1,1,0,62,23,1,62,26,0.0158730158730159,0,1,1,1,1,playframework/playframework
f0c4c5f83617e8dd,6,0,0,0,6,0,0,6,0,0.0,0,0,0,0,0,playframework/playframework
e2839fb4d2457aeb,424,1,1,0,423,236,0,423,247,0.0023584905660377353,0,1,1,1,0,playframework/playframework
ff5261a2b387acce,116,21,19,0,95,27,2,95,29,0.07758620689655174,0,16,11,15,1,playframework/playframework
f9a7274b359ade59,55,16,16,5,39,0,5,39,0,0.20000000000000004,0,15,5,5,0,playframework/playframework
82f19bf7c9f7eb39,59,2,2,0,57,13,2,57,14,0.03389830508474574,0,2,2,2,0,playframework/playframework
408af09cbf2bf264,354,4,4,1,350,29,2,350,70,0.0028248587570621616,0,4,4,4,0,playframework/playframework
73780f7f09cad813,281,9,8,6,272,1,8,272,1,0.010676156583629897,0,2,2,2,0,playframework/playframework
1bd91721cc4d3d50,463,16,13,5,447,61,7,447,100,0.012958963282937365,0,13,11,13,0,playframework/playframework
1c5ad67d68023b2a,44,1,1,0,43,24,1,43,24,0.02272727272727273,0,1,1,1,0,playframework/playframework
bf649485f6dd203d,106,6,3,0,100,44,3,100,49,0.028301886792452824,0,3,3,3,0,playframework/playframework
bc49ade0b6153d73,19,4,4,4,15,2,4,15,5,0.0,0,4,4,4,1,playframework/playframework
d15a8ed131227c46,18,2,2,0,16,6,2,16,6,0.11111111111111113,0,2,2,2,1,playframework/playframework
c70a93caad7218ea,120,1,0,0,119,1,0,119,1,0.0,0,0,0,0,0,godotengine/godot-docs
d91b88bfd0fc3c52,99,1,1,1,98,21,1,98,21,0.0,0,1,1,1,0,godotengine/godot-docs
26d15ad2c9df8191,585,13,2,2,572,35,2,572,75,0.0,0,2,2,2,0,godotengine/godot-docs
7856d9695f9b91dd,312,1,1,1,311,2,1,311,137,0.0,0,1,1,1,0,godotengine/godot-docs
6c9bd5c1ebc51773,128,4,4,4,124,8,4,124,33,0.0,0,4,4,4,0,godotengine/godot-docs
58a2ab93855a1b68,85,1,1,1,84,0,1,84,0,0.0,0,1,1,1,0,godotengine/godot-docs
c32baa8cae65a7cf,793,2,0,0,791,106,0,791,191,0.0,0,0,0,0,0,godotengine/godot-docs
c7a5a1b1df3e1864,192,2,1,1,190,0,1,190,0,0.0,0,1,1,1,0,godotengine/godot-docs
35bbb4b921274dd3,149,1,1,1,148,3,1,148,3,0.0,0,1,1,1,0,godotengine/godot-docs
72f86ff9e21d819f,537,2,2,2,535,19,2,535,19,0.0,0,2,2,2,0,godotengine/godot-docs
26cc8917eedb7082,275,5,5,5,270,0,5,270,0,0.0,0,5,5,5,0,godotengine/godot-docs
e5d330dc2ed176d6,329,0,0,0,329,7,0,329,27,0.0,0,0,0,0,0,godotengine/godot-docs
2853cad2ae1b40f9,312,96,93,93,216,1,93,216,1,0.0,0,93,93,93,0,godotengine/godot-docs
9a49ddb6cce947a4,305,7,0,0,298,8,0,298,8,0.0,0,0,0,0,0,godotengine/godot-docs
5160cc55a0b4aec6,92,2,2,2,90,0,2,90,0,0.0,0,2,2,2,0,godotengine/godot-docs
0263e0a2429c0a32,113,1,1,1,112,17,1,112,17,0.0,0,1,1,1,0,godotengine/godot-docs
89deb2892ce396ad,194,6,6,6,188,0,6,188,9,0.0,0,6,6,6,0,godotengine/godot-docs
d946aa32f343bd13,318,4,4,4,314,6,4,314,6,0.0,0,4,4,4,0,godotengine/godot-docs
2a85930654cf2295,594,1,1,1,593,5,1,593,267,0.0,0,1,1,1,0,godotengine/godot-docs
dbf259965bbe809e,134,20,19,19,114,3,19,114,3,0.0,0,19,19,19,0,godotengine/godot-docs
0ff9ffff2a0b83cc,218,2,2,2,216,23,2,216,26,0.0,0,2,2,2,0,godotengine/godot-docs
1c2a6148f84965a3,120,1,1,1,119,0,1,119,4,0.0,0,1,1,1,0,godotengine/godot-docs
f1ac82dcb4619691,210,1,1,1,209,0,1,209,73,0.0,0,1,1,1,0,godotengine/godot-docs
50c2cd477d1eca4f,376,1,1,1,375,0,1,375,0,0.0,0,1,1,1,0,godotengine/godot-docs
1e2712ae508f39c1,94,1,0,0,93,0,0,93,1,0.0,0,0,0,0,0,godotengine/godot-docs
61b857bacad8e26e,57,0,0,0,57,0,0,57,19,0.0,0,0,0,0,0,github/codeql
7eb672282f72b4ca,119,0,0,0,119,4,0,119,9,0.0,0,0,0,0,0,github/codeql
d76ad9878497cb62,674,8,8,0,666,1,0,666,38,0.011869436201780416,0,4,0,4,0,github/codeql
f9e2c08321ff1e59,393,10,10,0,383,0,0,383,12,0.025445292620865104,0,5,0,5,0,github/codeql
2bd28e4622d4a9da,45,2,2,0,43,0,0,43,6,0.04444444444444448,0,1,0,1,0,github/codeql
5cc88c8fe9a79133,35,0,0,0,35,0,0,35,0,0.0,0,0,0,0,0,github/codeql
b562c4cfc9e3eb35,140,0,0,0,140,0,0,140,35,0.0,0,0,0,0,0,github/codeql
43d183b4c95107d6,4467,6,6,0,4461,244,0,4461,759,0.0013431833445265273,0,3,0,3,0,github/codeql
71cc2e8166f8b6c2,711,13,13,0,698,20,0,698,87,0.018284106891701804,0,4,0,4,0,github/codeql
0ed957c0943d7da3,120,2,2,0,118,0,0,118,4,0.016666666666666663,0,1,0,1,0,github/codeql
1f64a02693122d1f,653,6,6,0,647,48,0,647,56,0.009188361408882092,0,3,0,3,0,github/codeql
50b79649c81ae449,43,2,2,0,41,0,0,41,0,0.04651162790697673,0,1,0,1,0,github/codeql
9271dc1b53dcfa6b,182,6,6,0,176,2,0,176,2,0.032967032967032975,0,3,0,3,0,github/codeql
7b0bc02874400efd,1044,2,2,0,1042,0,0,1042,7,0.0019157088122605374,0,1,0,1,0,github/codeql
f3f4f60feeade25f,625,5,5,0,620,7,0,620,8,0.007999999999999969,0,2,0,2,0,github/codeql
4ba1c8571c898745,209,2,2,0,207,1,0,207,14,0.009569377990430648,0,1,0,1,0,github/codeql
7577613c4a9f7b3f,109,0,0,0,109,6,0,109,6,0.0,0,0,0,0,0,github/codeql
ee92193d44233b48,763,8,8,0,755,16,0,755,41,0.010484927916120617,0,4,0,4,0,github/codeql
7a083dab08e128cf,138,6,6,0,132,0,0,132,0,0.043478260869565216,0,3,0,3,0,github/codeql
17d90118f6a21cc6,64,2,0,0,62,0,0,62,4,0.0,0,0,0,0,0,github/codeql
e82d3cecd5c4d02f,81,2,2,0,79,0,0,79,5,0.024691358024691357,0,1,0,1,0,github/codeql
8001f35b4e151003,173,4,4,0,169,0,0,169,0,0.023121387283236986,0,2,0,2,0,github/codeql
7f0fe85af8857a53,25,1,1,0,24,0,0,24,0,0.04000000000000002,0,0,0,0,0,github/codeql
f41a493d1975a878,25,1,1,0,24,0,0,24,0,0.04000000000000002,0,0,0,0,0,github/codeql
5e4e0f38268251ca,303,2,2,0,301,0,0,301,13,0.006600660066006585,0,1,0,1,0,github/codeql
f66d846b45444404,218,0,0,0,218,0,0,218,2,0.0,0,0,0,0,0,prettier/prettier
a3ae55008d0ed4f5,100,7,7,0,93,11,0,93,18,0.08000000000000002,0,6,0,6,0,prettier/prettier
0413d00f5e28e28c,8,0,0,0,8,0,0,8,0,0.0,0,0,0,0,0,prettier/prettier
26ba0e985cb6edff,21,0,0,0,21,0,0,21,0,0.0,0,0,0,0,0,prettier/prettier
8403c23a541748ed,108,0,0,0,108,0,0,108,0,0.0,0,0,0,0,0,prettier/prettier
393f7b65df19f2f7,5,0,0,0,5,0,0,5,0,0.0,0,0,0,0,0,prettier/prettier
06fb13646b2b6966,19,0,0,0,19,0,0,19,0,0.0,0,0,0,0,0,prettier/prettier
520fe45a17dedecc,22,0,0,0,22,0,0,22,0,0.0,0,0,0,0,0,prettier/prettier
0e36fe6f59cddf17,5,0,0,0,5,0,0,5,0,0.0,0,0,0,0,0,prettier/prettier
c865de5214a94d4d,17,0,0,0,17,0,0,17,0,0.0,0,0,0,0,0,prettier/prettier
85d40b8cf8d4f0bc,1355,0,0,0,1355,4,0,1355,155,0.0,0,0,0,0,0,prettier/prettier
9db492c14189d964,5,0,0,0,5,0,0,5,0,0.0,0,0,0,0,0,prettier/prettier
b8b5b41800db2dde,136,0,0,0,136,1,0,136,2,0.007352941176470575,0,0,0,0,0,prettier/prettier
bd98e5181f59843b,2,0,0,0,2,0,0,2,0,0.0,0,0,0,0,0,prettier/prettier
c7ddbdb1ffac9448,30,0,0,0,30,4,0,30,5,0.0,0,0,0,0,0,prettier/prettier
1b4bf0fed4801a0d,65,3,1,0,62,0,0,62,2,0.015384615384615413,0,1,0,1,0,prettier/prettier
cb70826b362272d2,31,0,0,0,31,0,0,31,0,0.0,0,0,0,0,0,prettier/prettier
056c14b4604a18b5,1,0,0,0,1,0,0,1,0,0.0,0,0,0,0,0,prettier/prettier
f709f39c9d6e9924,1,0,0,0,1,0,0,1,0,0.0,0,0,0,0,0,prettier/prettier
0eb684c3ea7be1b3,80,0,0,0,80,2,0,80,2,0.0,0,0,0,0,0,prettier/prettier
522f383eab633045,1,0,0,0,1,0,0,1,0,0.0,0,0,0,0,0,prettier/prettier
7254fcdcc907380e,1,0,0,0,1,0,0,1,0,0.0,0,0,0,0,0,prettier/prettier
7ee3977ea35811da,1,0,0,0,1,0,0,1,0,0.0,0,0,0,0,0,prettier/prettier
330535540ea26aac,74,3,3,0,71,0,0,71,18,0.04054054054054056,0,1,0,1,0,prettier/prettier
66ad690addd53ffe,877,0,0,0,877,6,0,877,85,0.0,0,0,0,0,0,prettier/prettier
